trace_id,key_id,session_id,plaintext_class,plaintext_hex,ciphertext_hex,global_trigger_sample,sampling_rate_hz,number_of_samples,trace_sha256
0,1,2,random,54fd2c9f990a17e2,988dd40a68e9002f,96,100000000.0,4288,55c3fabb0995fc06264310d7480e2965dc8b18515fbda25d9a0f8d325ba559b1
1,0,1,random,c61c0072c5b857df,d6e31f728318ab40,96,100000000.0,4288,84153415633a416c715bea989a1e33e6a8ac69ab33cc881cee305511c5599411
2,2,0,random,deb8155fe29aef14,18c158a7a1f4f39a,96,100000000.0,4288,8688e47fc487c244902ed1982b87d158b2986169982ed48643f6ee94c01d9a98
3,3,0,random,ebc43a304724c7d9,95c3177fe1709186,96,100000000.0,4288,ce80497b241768f25d22817cf938f89a388231e3e670eafc35fe49632e7c542f
4,3,2,random,bd2a9e1791331b63,845aa287eca8b164,96,100000000.0,4288,b9ba1ec2180d4dae9b45639ca17fd7f512c18b9c0666bedb0a57b7b6e13cb848
5,3,3,random,33c0a988336828d8,4a5c44a7111cf7e8,96,100000000.0,4288,796be1e4e7a7604784e8d2c68b83c53aa0fffabe5cf6fb9c43f079d883bae73f
6,3,3,random,658ca1d427cb6dd8,c6084181df39abdf,96,100000000.0,4288,9beebd400c1d03db6ce3b2c14bb2f6ffb3789b711d0438c20c2160632235aa50
7,2,3,random,6733f1fb7edefaf5,b4d6f4dbb72ddb85,96,100000000.0,4288,3c8efd06ad153140f8b18ed9404587b955592fed6bf0f49e4ddda3b827738c75
8,1,2,random,2ff9f145db155fe3,5900a04f0e5e80ce,96,100000000.0,4288,57dd2baa5de79cd45e146d1b56b2af6499536c7c4a2b5fd0ce403eee0f935a10
9,1,1,random,888b2b73911878b7,84fb8f8d22b4a366,96,100000000.0,4288,21f39d4f7188540aa85fcd2a2f501d6402f6377fa825bd468958e5c3872d8c4b
10,1,2,random,9608060982a47143,4e254fed115328ad,96,100000000.0,4288,2884873d4f81a3dca4cdd70829c899cf2b353c17caafcd8db63bc7b1f7dd08c6
11,1,0,random,58c3f799c2545ac3,8111b0b90db38063,96,100000000.0,4288,7a2af4ede90fea41344ed0cab60e430744902f26e888dc7ecbf7dd503c9047a5
12,2,0,walking_one,0000000000000001,31c87cd2dc1907bd,96,100000000.0,4288,a7bcdb97dc9b9a3253e23e2c6a20f962cd10706048a4b4c74131aab891764c56
13,3,0,walking_zero,fffffffffffffffe,e139dad4861b7529,96,100000000.0,4288,1f680205b877253c6beac0d24a1e66b46244c729442c493b0ef7b43381b4e4bf
14,1,2,repeated_nibble,0000000000000000,7ec99b4d2d6e6447,96,100000000.0,4288,b72b276abf5f8c80886eab1ebe20728289ecf2b1cec7123f8d345d1ce4b8ba7d
15,1,0,counter,454021de755d453b,415b1b062c7ecc06,96,100000000.0,4288,75b90003c636e25ea55fdc93fa8d4963e23c3cadf01088ddd7bed12c41b28614
16,0,0,random,26f9d64c290c99fc,853534861e37ef6c,96,100000000.0,4288,d35c61f8948880848dd8894b6aaf12fed70b7bda0c990138931222b996c4ec8d
17,2,2,random,f2f98b4341e95d77,bf79eee4bc9096c9,96,100000000.0,4288,62f5e3ad7d8bc0ceff6ca6057ae64ce77fda9cdc93990740793fb6327076cf0d
18,3,3,random,33f7435496392594,132b02895e6222e5,96,100000000.0,4288,197d74551de3a00b25f4e68779374bd594fa6671168b9a824027903e211438a3
19,2,0,random,ffcee54bb2bfe82b,2f90087a0fcd4b14,96,100000000.0,4288,7f768ef661aa3cd9932cedfabd66aa38842ef2fa791033431e7a5b63424fd58a
20,2,2,random,1e5faabbee84c7e5,f0d54697cfd2162e,96,100000000.0,4288,71e047826e151ce9203556bb20d773d428181c849096ec0a084ba8e04987d3a3
21,3,1,random,479fa263299c93ae,caebd94ad3ccb0f7,96,100000000.0,4288,8df54de2f2cf83ddcf288367443af2ce0f0d6987abed9ca2d8708ec280eb856b
22,1,3,random,39d37c4aafcfffe1,a873f8252fe400a9,96,100000000.0,4288,fb43b7841cd6e4206624f2506d9b04c579cae4e493edb060dab0ae9a49c43970
23,3,3,random,b378552c60861905,eb9d38cc80bcfd03,96,100000000.0,4288,59377f2a9bda3053e3edf83ce29f857cb3c348ff5e5fff3c1c634d9704b4e6c6
24,0,2,random,8e4f5c086b06dd64,613ebf3acbb5a115,96,100000000.0,4288,feaedc611c0fcc857824afe9c4e379bd5f53b247230318dba9ace9d83e1a9bcc
25,0,1,random,88a22ed8268cbaf9,996556000a4f3199,96,100000000.0,4288,35dd927acc370ba7f02d9ad348988eafbaac2e5091c64d8a86b3aa7de9d07bf7
26,0,3,random,486b11125707eef4,0b8c985317b58031,96,100000000.0,4288,a54285eb9fc0d37d2ddf85f9ce087a445fcd97dc9dffbc6e94771dd4c24bfe7b
27,2,3,random,d193a558465e62b3,893cbc5cd80bc2d3,96,100000000.0,4288,b770c0a1154333f9c7089691ae6b44e069ed9419ef95ecd7188e0f463b67f7c8
28,0,1,walking_one,0000000000000002,e45bc5c348147b04,96,100000000.0,4288,81d47d26cb1e633cf15941458be9a3af961b5a9a49cdabc12050fb3a6dd2c442
29,0,1,walking_zero,fffffffffffffffd,7a6d623cad17d1b5,96,100000000.0,4288,a89cd76da6a42b6982f71036f7171b20f22710957ebb3b0935d7c891acc8f2e8
30,1,1,repeated_nibble,1111111111111111,977b70a90c0c8194,96,100000000.0,4288,23c258650af173659a9a04220ebb1619e89ee62bf9480b9c6e4014b9c4af7957
31,0,1,counter,28b7bd766a05068b,f165fb46e9b67bf2,96,100000000.0,4288,b64f6d5493112c1b7e9ba7dd8a6c50c069dc5974db6bae3fa1a0a386ca03e3c3
32,2,3,random,c955ec03941e3a91,2fa89f106c5ba7a2,96,100000000.0,4288,7540d8991c0d7c7777abad69ec140552a169d114d1cd58efd027f0df016eb3d6
33,0,1,random,917166f576e6c6d0,8a4affb8dd77ddef,96,100000000.0,4288,a304a3cfd14561c5d1e4687035e8442e32db4de687d60dc24b072c76299faf97
34,3,0,random,c9cc1b2155fbfc13,8e34b884a47ed659,96,100000000.0,4288,7906991401cb37f574378c0be03fe00f021df008128b74c5e244d4ab0317c9cc
35,2,0,random,79ece560ee9b7f30,df2da7150dfd4b17,96,100000000.0,4288,2ae4000e982bccca4430ef1dd5d032ab998c749dc9d3f4241c21b8c6e7dc69d7
36,1,0,random,c6563e3e97e65e38,eaf6ba5ac45f745d,96,100000000.0,4288,86113890056b20cda2fe11808e6dbe927f832e8b0d19cde9e5b5a15d42667753
37,2,2,random,87daee678c8e5905,ae0c741e271386ce,96,100000000.0,4288,981d533cdf48d20d7a59434ebe0a9e0eca1c60d26c360b178f15bb6d8324ed37
38,1,0,random,cb54174daee0ddca,72b5d139d1ed48da,96,100000000.0,4288,aab8a5d9fe59d4fff421f269a32358076d74cb24b12b107fb2bf3d01678a1e2e
39,3,0,random,57c3c50383a39549,c516640de6302d9a,96,100000000.0,4288,a7852507d2bd412e6e53524005333b5df5635a6a7977e16cf872f6ab3c55d769
40,3,3,random,44386eea2183f4a1,59e4f13662fcf1ae,96,100000000.0,4288,21207349c2020c0819bf91bb11886f40278073f6078e177772091b3d9252bfc2
41,2,2,random,5907931c2bb02ac1,53ad05a49a48b72e,96,100000000.0,4288,b0085c81a3732704ba84ad6211f1133678f0bcb5158514d7b5552d5564c5e1aa
42,3,0,random,0a17a288336986dd,83d13c87786c2ffa,96,100000000.0,4288,04eba6b6d2c9c4ee92a480d1dbd950f62035302f67bc2dca5dc6308d25e66de2
43,2,2,random,2409732610fb2bd5,c43eabed738dd6c4,96,100000000.0,4288,84f2fe8704aefce384950feb7a9bd6a569d1cf110cad851ed3cd51d6d811cae7
44,1,2,walking_one,0000000000000004,3e444f14dd1c9990,96,100000000.0,4288,73b5769d87707714fe58ccc58df566f605601ffb621e6917d2539e529266c167
45,1,0,walking_zero,fffffffffffffffb,9e96deedbd4d0098,96,100000000.0,4288,a873076e9ca9d97664942a4eca555cfe286288cf14398c58535c97740c436597
46,0,3,repeated_nibble,2222222222222222,4e3b083e3d9c9203,96,100000000.0,4288,be5279e30961710f4231c12dea04f9b568200ece79a0157c673ad5a1ba899889
47,3,3,counter,0c2f590e5eacc7db,cf9b38cf865248f4,96,100000000.0,4288,6e3266353a6b3f39e002b4b5a35e66e559f99aed63d10dae85f83e28979bdd8d
48,3,0,random,38edd138564b9611,95da508cd92fbd72,96,100000000.0,4288,796a8b3d77be0311ea88c6f730f474fe6c796d20e8334d949d329fbb084d81f5
49,1,0,random,cb2e8945186eaef7,102439bcd269d20b,96,100000000.0,4288,3936bf0961d02852526a42aa12939d3a7086d2631e2ffa9bfb49dfdda35bd5ce
50,1,2,random,e700ba993cfc0530,cee726d95d4efcad,96,100000000.0,4288,c329c14f6a06754dc5557e26120e0c0b236bde7ec43789ce8d606c8a1f9f0494
51,0,3,random,8ec50fef24bb99f1,5d023b4e8d0abc6c,96,100000000.0,4288,bee924dab3458cebc7228f018e1cc7d30fdedab23eefa3528f02e810dc97ec02
52,2,0,random,fc383813b874e38f,1abcc5f1350abaff,96,100000000.0,4288,e4290533b2ac901683cf784652101837ffba1402a721b09b63dde4018555dd09
53,3,0,random,ebf000849e1ae8e0,a932c6ec2d3d1dd6,96,100000000.0,4288,2b0962a110ea6adfc3ec9938788480fcbb741ede510ebadcfa24e01c51b6ca4f
54,3,3,random,05bdf34d72ac98e9,f1438a0e690a47e7,96,100000000.0,4288,70212c0d346236e7549d32e2b1493e9aa5fe9205388104d6b618155f73f62b9e
55,0,2,random,7ab9d373a6a4f3fa,79e3acb1f95362b0,96,100000000.0,4288,ab505fe861259ee212bb0caec1ea0635517d00db3eba0fef8ec2b2eb2c20dfe6
56,1,0,random,7884fe8a4cec74a2,c0544166f3de1619,96,100000000.0,4288,b91f9556c0411043a0893a580d2a589e0ce2760de94c97a1fcb052854f869c64
57,3,1,random,5ce2ec6225aa7a90,d1eb20997adc9356,96,100000000.0,4288,e9b2ba1723336c55707938816b0f4922fbebdfc4f96a98d507bb35d9a9b7afa0
58,2,0,random,4f488eea03987284,83033e69f3b0245f,96,100000000.0,4288,578dbec7f3234a6da1f44458e4d24973dc48924fb2c3bf5a42cdab926421b731
59,1,3,random,4a7fe3b42a56d158,fa8a25c9db3e8539,96,100000000.0,4288,90f516e81bb923aa6706bcbb02fc49a6253ca1757f130054bf157bf9dc56c344
60,2,1,walking_one,0000000000000008,ce8be0a3b1fda43a,96,100000000.0,4288,3f899ea0e3471d5da5dbe61b023488fd53ef7d0030eeb114051b1271e53397a8
61,1,2,walking_zero,fffffffffffffff7,23814d54287877b3,96,100000000.0,4288,6fa22bf972dd3ddfc6830a40d57a8809d00bc6c3b252e8dc378042d0e7fef4ce
62,1,2,repeated_nibble,3333333333333333,5a777c568ad9a1d2,96,100000000.0,4288,03563a17d67d7d30388466978938703b4f2e9d9ecaaadab65780ede317baccb2
63,1,3,counter,efa6f4a65354892b,4f4a8481a20b85e7,96,100000000.0,4288,762d9d20e6238f9829ec1c6e28cf4299436e2d403b647a7f2755deabdb1cc428
64,1,1,random,dbed756fa40198e7,3793080b66149980,96,100000000.0,4288,dd8f742737d6d8a65bf3b3a9f977483ea54c3ffc2258229caa2ff81a8fa3edc4
65,3,3,random,e597bc4d9a77bb51,43fb4a18a2e26330,96,100000000.0,4288,7e001af6822d3fc1e1efb51d6cc31e97b3ab3414af70a79e2c468357a6911313
66,1,3,random,e10ce3014e044ad2,5217a81ecebcecbd,96,100000000.0,4288,0c92f7c00f645a57cf0c172762fa11ce19d71d47cb850c128bbaaa0086da58ec
67,2,2,random,d14111c6fa5cfa4a,5b4d44b35b9d109a,96,100000000.0,4288,dcd67c8737e5518c710ea68df52a0492c67cad5c81ce8470f706a82383778dc8
68,3,0,random,4c5ed899c98acea3,bf28c187829fbc72,96,100000000.0,4288,17659da0960f9798e77dcfecbbcd06ba56cf3efa50838693997777532f390bba
69,1,3,random,29af078e5eee3177,825a5ec5a02013db,96,100000000.0,4288,88e7d7c67cfac94a5d96949d645bd8b2b669ab689c4983f93075b520ea34c2bf
70,1,0,random,2d22328c3fa5cb04,e3e3f6ced246ffb5,96,100000000.0,4288,3d397c9cba8bd60a837a1050d3ca689a818442f568ae15cf49fab8fd269bd241
71,1,1,random,a83e9990a684c3ff,76a5f2c17d984b6c,96,100000000.0,4288,650258d61eb94f88370bdba5978e533f3da0f18028759b9f17c2b38d0a0e6e62
72,1,2,random,95e16d8960ed99a2,83eaf5a267a60110,96,100000000.0,4288,b7609454186ff778768cc486abaafa15952359439fe7977fb16bc96fd44d1c4a
73,1,1,random,c1d1d4d0e6e8b117,576dcb122fda31c7,96,100000000.0,4288,891c4daf10cced6d9015799a0209cc14696bfaf8bbd7069361da9297ccb1e703
74,1,1,random,2c3b7f46cf001dce,94164ae175ebf47b,96,100000000.0,4288,6f66a63b77f9d58d321babfc7bd206f0ed5627bbb180ef26da7ce5dfdb1c03cd
75,2,2,random,d4bd5c79dd2f4c64,ea104445e6cfbe7f,96,100000000.0,4288,d5533bae7e2d8d6c1b125c4c14d14ff79a731d6e9e88df55f54ead6419b52c5f
76,2,2,walking_one,0000000000000010,730136a1e693480a,96,100000000.0,4288,f6dd5dc4a5c4c2022831fcb441031ffdb99c977eeffe872c4a40382d615be04a
77,1,2,walking_zero,ffffffffffffffef,4ae337423737ecad,96,100000000.0,4288,c7b6e1ba1aff2e3a5b9076191c40c204cf6414f28b41218bc5420da97d9f0e60
78,0,3,repeated_nibble,4444444444444444,5884a88d302210ed,96,100000000.0,4288,11a2d954bb3fb124b026263e602d29c661fac88fddac037c7a7daa23eca782f9
79,3,2,counter,d31e903e47fc4a7b,447f92050d866254,96,100000000.0,4288,4c86ce8c7bb0fecc27b90b50f4bbb3fbf5c604f140a5d98eb65301feafbc1ced
80,1,0,random,e55950793bce2252,f4d8b723d05f1b3d,96,100000000.0,4288,2f86274c24d49279e13691c38cceec99204c796d8b0bbdac4c8958254ee05ff4
81,2,1,random,27f76f20a797e3a6,9c5a04f5a028ddbc,96,100000000.0,4288,a98438fa312995b1ea3c9034514ff093bf7b1aa4d51c86bf7e732cfc2b7e6390
82,3,0,random,18106a1ed396eb17,be28605d9c2c2817,96,100000000.0,4288,421757413e4f27f275e2c9fc9f025b6c59e7d81e3d5055a10d74b86549d5349e
83,1,1,random,a76fdd5124a1ce09,465b9be192fa224e,96,100000000.0,4288,fddbb3fb5261ff7753298f906f27c53036aed31216307f6632eecfb6c2916056
84,0,2,random,025e05ee01c54cc9,ae81d384cf97429d,96,100000000.0,4288,514a553ff4692f4cd1f4f86c58745be22ddd3d98ca1b93a451ee31afaa39e01b
85,3,0,random,ee1107e5e727336f,2ba9da78cd92081d,96,100000000.0,4288,47cfecd9cec852a319c622be14385338b2a9bbe4ab0dd04b0de437c491fc7cbc
86,2,2,random,e6ba1e3e0b135dca,ba7fefe77383aa48,96,100000000.0,4288,46475dbb515e80a88636b281872532b74345a9e0f46eeecfeb1934086f8d68c0
87,3,3,random,d8c4052e3636952a,aa945e4698c3b5c9,96,100000000.0,4288,b9fe90a9e972eadbbc67cfe037d8834d775c2a10505b89bce799bdbfa878ee3e
88,1,2,random,31c442ddb915af15,f0e3656173ff122c,96,100000000.0,4288,c2629fa01aa9533786b9c80e0f4e51793a09dcaf627e007877b19a2065b5dd20
89,1,3,random,4b9f4d77672d56bd,5c8913fb2eb090da,96,100000000.0,4288,2282ef4bc6b9b68422242c8993d901f28a88876f36482894d554297e3bc07318
90,0,1,random,d56f13c618dae1c2,3a9bbd0a58ff3157,96,100000000.0,4288,bff2751a3f196e6b193f63e56189b05134172d298148454fe2b9b694d995e021
91,3,2,random,aee94e24e7b6db2e,09a28c323d8e5555,96,100000000.0,4288,c3bf4aa5cc970aa9a888e0fa5009a4ada2d48e56e198034e9d2a7b6e201afd56
92,2,0,walking_one,0000000000000020,a7443975a3301c7c,96,100000000.0,4288,2bb40459809d33bb83b861fd3c6c1caafe9e89d3eaae0fead2708bd9c502c46a
93,2,0,walking_zero,ffffffffffffffdf,28cce6299d134679,96,100000000.0,4288,091087d6fbc14975dc68d9c696b01af8103097ad97f80fd057a3f8f838321158
94,0,3,repeated_nibble,5555555555555555,e6ef47f6dd98ab14,96,100000000.0,4288,e513cabbba2255106781f9b9a96aedc8f6f1c948115e2f144a2ad5e65053e8dc
95,0,2,counter,b6962bd63ca40bcb,190c3cdec95d0698,96,100000000.0,4288,727d60b3816b8b11c21e159eaf18badb9a3c854214b73a9a60442553142b6bdc
96,2,3,random,ea8dc3c0e76a45c4,12f957c2f80de233,96,100000000.0,4288,0f8745296c9520735df04fd923b9851d004eedd72bd0ca385ca7a03501e28e38
97,0,0,random,c455c25ff6eeee3a,a5c090e8fd48311c,96,100000000.0,4288,928924842505ab19b0ec4d0068322dfeb76a5f92a0eec633e99ee3a841199724
98,1,0,random,82d272e6892e3ec9,8a4a2ea74d071fab,96,100000000.0,4288,037150d526ae2f3c1c17ae49560b3fd31bffbe9f59221ff8df6ac741f3954686
99,1,0,random,c7980bc0b0bb687b,54c0b128383ea71c,96,100000000.0,4288,3d10aa8bfc352a331acd59af51153973675a544d3513b04906604a229c70dcd7
100,1,1,random,2c08406253bb1ebc,fc931f644a37befb,96,100000000.0,4288,c8e7c3a8c53e499d42b9b79fededf5a3a1e1cadce3f251291ecefb948613298f
101,0,0,random,00abbc2bf25c063d,a0f50ba6eb6b25a4,96,100000000.0,4288,5a3fa3bc35df5d1a710648d58f177e7817536489fd2318e8b8a6d0aa5bedbf7a
102,0,2,random,b3dd64aaa1831a5d,e9b1b84de79de563,96,100000000.0,4288,f5df02a0b5da6f726cce1651c744a3e231815e1000ef369099784839de4b8181
103,2,0,random,fdbb16dffa5ac0c7,831aef40e452205f,96,100000000.0,4288,fed957b6a13fa6a89dd401d3babf97b62269cfb93e1c266543aabcd5dec61d24
104,0,0,random,373f8126fcf9acc1,1437cfce5a52d682,96,100000000.0,4288,0e053ed7fcd7b4deab7f9cdadbe5954bcbb4e31ff0aa5f764594b983cb9aec0d
105,1,3,random,983597220d484740,c5b22f9102c0af83,96,100000000.0,4288,2e85d0691185903749fd80e3389ba6178b7333f90b419acfbc07fa780a0b5c9c
106,0,0,random,27aec791edbd5a69,bc846f67f3b8b22f,96,100000000.0,4288,0cada9a250f48c33586a55edc3f506a33a2332df16d778c5d008bb7b5adf940f
107,2,3,random,31ec0f2a0b587315,f7442ca95ec91cef,96,100000000.0,4288,a2d1a83386dad79659647630573fa2afee1b6651cdbcfe4e3037b518fd5be848
108,2,0,walking_one,0000000000000040,3b0c85a57087f46f,96,100000000.0,4288,2fb769d8bb6c452a3b3b3a7adf56ac99e14b74cdb659a346b5da4a30be99e315
109,0,0,walking_zero,ffffffffffffffbf,52c5e563ebda7457,96,100000000.0,4288,98b84d07ba2fc4d011cb82209e71f4a586acd9827c71c78b57e79091243d1d38
110,0,1,repeated_nibble,6666666666666666,01235f795feadb2c,96,100000000.0,4288,c7a7135c90d849cf8a242cd5d96025564359095d819fb6ef0e22b3c3897753a0
111,1,1,counter,9a0dc76e314bcd1b,2df99fb1507cce7e,96,100000000.0,4288,5eb732d3d40eeb20a0a8d0a7c0ece9e7f722162b2c9948551afff40690ae68e2
112,1,0,random,70bf376c81327988,f5b54db54de13ff0,96,100000000.0,4288,e5cc910c8e76cf40ae8a9dafd2a96567971cc3eaf21aa45d2dfa62d8bcdc90e7
113,0,2,random,1f00e19fa8765ed3,46762bb1970e565e,96,100000000.0,4288,b2926614e9fffe1cac735007a0111f8cfc728e9d284740d03d72c06f28277b90
114,1,3,random,a0db731ea20bd2ad,18dee68d77cfa7a5,96,100000000.0,4288,61d68cbb90dec0cb1fcb1326feb218504b13518b2b0060209f46b9b4279162a2
115,2,0,random,8a6f597aacbcfe2e,45a34e724dfdb328,96,100000000.0,4288,0fe9d1bd826a411bdd713465b001c7b80fdb0f163608df2b954f90401c410aeb
116,0,1,random,782704b3ac694057,4e2b64201357cd50,96,100000000.0,4288,0335910a1a14b66025acea33b1e8b9055665ec8cf398c36e0db8148b1efed129
117,0,1,random,22ef24bb251e731d,31333fda04e0745a,96,100000000.0,4288,f959c50dcd3599f492d094b822dbbfc6c3e11e06208f79f7ba51f8f5313ccbdf
118,1,3,random,8bd091e51952c449,eb49efd2fc8612ee,96,100000000.0,4288,46592621309327be370d34b0c9ea1db3dda9094fc95dccef6a33f46157937ad3
119,2,1,random,51d1c7db937f5808,39079a094541b890,96,100000000.0,4288,be99324ae5e163f4d729e074f29d60270d93cc2fb303c579844d546eb39e7284
120,2,2,random,b3a3cd6148ed596b,3bf9b45968da3d57,96,100000000.0,4288,cefd96f6f44ff5be87830a8b52cc6332bd3641403e03b7c5ea964bd68871bc03
121,1,0,random,5dead8d8568df92e,a324e4b7e6ed3b1f,96,100000000.0,4288,e6d17dd1c20a45956fcf1680a673e39aa0505d5d766ce238423c77f85303f751
122,1,0,random,aea1240fc1ba11f1,e4add0c0e97ed562,96,100000000.0,4288,5d708e65aff758dd6df350f7d75bed502a7ea5e858343691c879b31dd9ffe0c7
123,3,1,random,5e793f6cd942bc60,03232f2cca59ff93,96,100000000.0,4288,11e0cc0f6799e5c9e34833ab6f7eb5098a8b73e5cd77e7bf4630385f79a32e20
124,2,0,walking_one,0000000000000080,9a55763047ffeb6f,96,100000000.0,4288,e99df2a21f8f6a3d9bbc7d6d6a01ca3285d2ef24d2121df6cb2ce91e630e7052
125,3,2,walking_zero,ffffffffffffff7f,ad532b71788d6e0c,96,100000000.0,4288,a27157e73f0a64507931710c579c310176dce055f5d25b40fc9308c773ff1267
126,3,1,repeated_nibble,7777777777777777,86a4758a9436970c,96,100000000.0,4288,27f90d38af7ed571528327e25c253ce9568b3125936ffe80c8003ba78af9b79a
127,2,1,counter,7d85630625f38e6b,aafa535bca1b9949,96,100000000.0,4288,b56dc766d7e912e4315d745b4c11e45156bbe2880e0873e3302a437f6f3a630e
128,0,1,random,d0319c46d4e44596,f2756a6c38fc8c39,96,100000000.0,4288,550e7bce02849dbe98e681557f7a6a9402b25dba475eb3c5139cf3b8d698f85d
129,1,0,random,685db20672229b0f,a76a9a837e4a4d42,96,100000000.0,4288,c482fcbf41a9ed93eccd75d851f52edd8885e53d1a7c95d7692e178a7454256a
130,1,3,random,7ebc96b41545a49b,abd25f2ca6ec2b9c,96,100000000.0,4288,88608e95c8716040e7bb3645365c19df82d217a57f9b80c7233e569feb365558
131,2,3,random,c2142f565e003f66,ca9dc41589235211,96,100000000.0,4288,d629adfb70449fe2d833974decf8f987a5092c6a98e413978f7518c23270f316
132,3,1,random,5d9427c62678dfc9,12b0ea614dbccb48,96,100000000.0,4288,81a01ca43dfd717ecd7cac992b457ef87421e534839c19b4ca654cba8f7e2603
133,2,0,random,11ba81f461c15fe3,5eab94bc58cffa66,96,100000000.0,4288,6d3efb4075b25cb5d1b03c426cfce09a54f8b3d6435973bc2756a02bb7892227
134,0,3,random,d245fc9b6a4fe5f8,e3398bec8277751c,96,100000000.0,4288,dbb1e0e24bf08da00ae31fd9bfc007546f2ae9930cc2764ea25b4cd8e18f6bbe
135,2,0,random,b0b6e87d5ca2883c,844538c7f24188d3,96,100000000.0,4288,844875ba5c01410e29f50596def720fa8dffd094cc1722bc3949b466140d760b
136,0,0,random,6cbd5a3de4811c65,0c5474135d176758,96,100000000.0,4288,f63f732a07fccac0eb52cd10af57cbc66873e503c8931ba342a804c0aae2367b
137,0,3,random,83498fa8e5d5a84c,b7d3386604df49f0,96,100000000.0,4288,e6d0ef4e0c7154ce18174e0da15fa530a41ba787fe00477f3482a5e558cc3ee4
138,2,0,random,ef3f7269f6fb45d3,443f5971fe493af7,96,100000000.0,4288,34a43c5b846f80b316ed32bd1ff35bb5ddf5f630235ce5b9b5be0387f1c767d8
139,0,2,random,b9b3f3ca42843d05,413a426a2d2ee243,96,100000000.0,4288,0e5083f510b55c51d68ebde8d90a015eeec0d8388fe4e1164f9f3fba25db375d
140,0,0,walking_one,0000000000000100,633f0cf70a461d5d,96,100000000.0,4288,cd41adce55ed1b0c8f9b3e183f19b761b33ec1d1f13f3bb8998c484790767d86
141,2,0,walking_zero,fffffffffffffeff,e738f3cd811cc758,96,100000000.0,4288,0395bbb89cc89394524cb73b0f8124b00637873f13157096f4e71363ef18e027
142,2,1,repeated_nibble,8888888888888888,f5d93fc7e4d0ec0c,96,100000000.0,4288,4ca0dd89faacb78a3ffea6b6e86223948196b82b20d0dc5b6cfe65fff154ea8d
143,3,3,counter,60fcfe9e1a9b4fbb,74a23d026bf58d06,96,100000000.0,4288,432c1f8723e2ee1131326e790bd1817999eb59f903105567fc60903a5c8a080a
144,0,1,random,598adbaedb577bc5,e2a9e198980019c3,96,100000000.0,4288,6a1f374ec01040dd47734d487db40b9926bc5238d5825a43d2a201a36fc74b3a
145,2,0,random,36a969cdf2bd2f9a,5d58fb5ae40bc441,96,100000000.0,4288,dfe44673de58d8c2d58d86bcdc516f37327e022abf8364a1ec21504ce653ff57
146,0,2,random,779540c389e1d176,61ab68484505a4a6,96,100000000.0,4288,a288879ec7e110092ce0de4ed7cdb5db7f4f283748510ee05f2c1b2d08e44bc7
147,0,3,random,58f250becb61cc52,da92f3419b7cecd0,96,100000000.0,4288,81564d2350117c4eb46f9af455b96cb9844f6f23fc4a16155cba13898ceaa4a5
148,3,2,random,a1238d47b0a29635,601117aac5184f76,96,100000000.0,4288,24c9d9c877e90cd18c93dfb845cff1a533737bcf319e13940a56069cc7827d4e
149,3,1,random,d1cd170ed1efeb89,9bac52dd2951af65,96,100000000.0,4288,321a4b80a0a4994109608fbbb1bb5fd72d7d16f2211f9c096689a43f0f38d8b0
150,3,2,random,c0a985f004265c79,e0009900ae16d0d9,96,100000000.0,4288,31e4870ce607fe1a3c6f6ab663f7e389d4f3b3c8664eb1d04d8b0c88c4b255a0
151,0,3,random,762aeb181cf81f8c,b5f7a7050efcb8af,96,100000000.0,4288,a78b3b58a67902e6b80344129fc12b3592818cfebdb5d406bdd776a92952444f
152,0,1,random,f8428fa1373f4398,9eef2887c209e5bf,96,100000000.0,4288,a24a50f4cffca848352ba0156cb0b9e12c490548f6636e0b3f18eb71c0e1ca9f
153,2,0,random,76155f5b55c8e8c4,03f2aa1add89486d,96,100000000.0,4288,e40f8d20fad48a6d45be9231bc13249709effa53740a8d2863de45eac57490ae
154,1,2,random,680edd5343a08ac5,628fc164f0029849,96,100000000.0,4288,00a625f2d9a199803feb4ec564fc1bfc8169a6e687364e04fb9190bc5cf7b975
155,1,1,random,6dde81ec0287965c,22c2cff71e28df11,96,100000000.0,4288,968668e647348cd0e982900ab38b4568a9a3f3016013df014215de732f607ab0
156,1,3,walking_one,0000000000000200,c887a9ef18150b48,96,100000000.0,4288,e4fd5d466c4001a9ca91806dbff2a14422e19fda7bcf967930d7baec9507a8a1
157,3,2,walking_zero,fffffffffffffdff,6667146021dde12a,96,100000000.0,4288,a26fab4183e16fc54eb47246626efc86b561637e74e09b9e04df2dec17b90162
158,2,0,repeated_nibble,9999999999999999,6990b19448044553,96,100000000.0,4288,b903bfd67ecb00540b3670e8c1f844fe94e9f267346ef79d2c6f0f6675a99f83
159,0,2,counter,44749a360f43110b,5e767dee9e542a20,96,100000000.0,4288,858d2db7ead5a3d1d07267c5849d1956146b113fb1d4ce0b78018d9a027fb95b
160,3,1,random,f585b57bfd949a7d,8b2863429b41a999,96,100000000.0,4288,bc2f7a8af5f8a0ef5ee142e1f9a23ae4323344e0d026d85e30f36f2e9533df03
161,3,1,random,2f771506afb0dcc0,39a3c50559ea3dcf,96,100000000.0,4288,c242d340840bbcfbd79b0452d43722f7a113002528efbb3128cbd0292d9b0a67
162,2,2,random,5c6a3d8c6b4686e4,30a79424f82554cf,96,100000000.0,4288,e8ddbdd72938d4ed3af697e60a49dd13bc5ee84a1bb3b00a4419ceb29c2a5d5c
163,2,2,random,8f0b9c62898d71e2,ea151e0a49aa4958,96,100000000.0,4288,be8bdf2b605e96d38ffd67421018fc84b0596c7418223f189d1df77b674c02af
164,3,3,random,a592ad6ddd3deaea,14fb8af0e69aff0c,96,100000000.0,4288,ff9f38be763b34478b183325854d1ae1ad4aafd02deedd01e94050c00f189e1f
165,1,0,random,6a788583be382ea8,4865eddbd80019d4,96,100000000.0,4288,5b58bf0171dff6a05d65e1be6da22ca161b9fbffe9d439beff53643f3eb18655
166,2,1,random,da063215d8689647,7267abb0e1de5904,96,100000000.0,4288,61d72c11f9e804fad8eb9ff3757f61773b440c5356b4ed250f00ff165ca14b72
167,1,0,random,0485cff8f46bc36e,045dd5f07a406194,96,100000000.0,4288,009ecbe9cefc30b8a73de55bdb94c1ded7614e673e282ab6b7e61af3c19ace95
168,3,2,random,568b06709d1ddb39,c509e12709793735,96,100000000.0,4288,e3ce84858fe9bfdb4c5dd37a0ed2046b8b8c7794a5594fc3b056c604cf6ac037
169,1,2,random,76aa9854c19160ee,670a09560a2e0f1e,96,100000000.0,4288,84c42176b3a580136ccddebc8f63a6da3e38c12ba48579f0044f4d19b71dcc03
170,2,0,random,4025cdfc434c37a9,385b0a2e80dc2b1b,96,100000000.0,4288,51c2722c294a44e0806538b090cbb9b9c14ff4c6690045af5ba0acf531eb33b4
171,0,3,random,3713969fa7c25dc5,402e8c81b23d8a8e,96,100000000.0,4288,dee2853d933310c44c189119049e2c439f24f32d5e14785f30a4a7c56a898060
172,3,2,walking_one,0000000000000400,f443a4c505cc05d4,96,100000000.0,4288,7151b24d75987581a39079c8f043a3caaa19749300b2e597b5f071e502564c5d
173,3,2,walking_zero,fffffffffffffbff,7e123cd9d9a8aa89,96,100000000.0,4288,9ae06253326cb3ef440756c49c93332fea7881792ec1afcef163cc708a02cc0d
174,1,2,repeated_nibble,aaaaaaaaaaaaaaaa,7a8a21b5e754d899,96,100000000.0,4288,702af70116fbf58e151fbb150c35f7d9d18449e16e29d04f11e35e5cb056cc08
175,0,1,counter,27ec35ce03ead25b,b3d3e2dad8202a55,96,100000000.0,4288,293080b7f5c0f037a005a3ea5ede775aaef7974705e9d05788f932f3ec723ee4
176,0,1,random,03bdbb237140e42b,7bc11b44d8e77664,96,100000000.0,4288,4910c1e70c124cd340028b17070c1e0aede41d8081228e6c67e6a72af91e2173
177,0,0,random,59368219ab690d58,f955b0703d10a4af,96,100000000.0,4288,8729bfb3e8d0bdabc327ff9b66df752f06056d8395a68b00e1d82336b41d0cca
178,3,3,random,99388d4ba8bdd9c9,981304b98477f07e,96,100000000.0,4288,dfb3b502af8840010a920df2bf25eb0e088beed3a12b190aaddfe5dabc74d479
179,2,1,random,92a9971e3dd9aff8,63b7341c223db72b,96,100000000.0,4288,53035b42720b7f04b8b6dc44089cb305b26368957440a63c40a6cd2d104f09d9
180,2,3,random,d50bb246e66403a9,d956f442eb564e2c,96,100000000.0,4288,73a1b5576eddd63b41b42c2c54ae50ea4502ce0afebc68e7fd7deb59794e4196
181,0,1,random,d036022368dc8a65,682c78fe113f8f95,96,100000000.0,4288,d525376fb49d6d83795f1bb7b4ae0bb02b2b36dcf0598ea3893058beab0ff587
182,1,3,random,4979bbfc13c19d22,cf0fe6fe86d27eff,96,100000000.0,4288,03c9e80acac85b3fd51cb2d689cf1fd218790283c00037ea89ae0323a07158ab
183,2,1,random,9d1980aab3da9976,1e88515b9e4e5049,96,100000000.0,4288,caea128c74f50d8757afee616db74d24b459f0c40503317ec94fefe89a08595a
184,0,0,random,1129f07b6850201a,3f93eed0ffbbbc0c,96,100000000.0,4288,38d04f3e98f3cd9de73a2a77493904c2e39722befe2fd15adf8ceaa68f6bb36c
185,2,2,random,7fb4e4ad5baeb8ce,125f37c113d4c2f2,96,100000000.0,4288,c86d74ae2baec2dd31e9ac6c526706d55afd1e2374242a7995caefe00e4bcdb2
186,0,0,random,9cf596d2d6bcbdf4,50f2c34126216c69,96,100000000.0,4288,d09d89022613f153f8cc8be31a56737f41562ccf53274de806c4f80c43bfce18
187,1,2,random,9b3107b273110d70,1a895d0a6c9aae66,96,100000000.0,4288,f0a8c47ff8d58f3ae1b044f720ee95c819748f8e1c44ea7aa3b8c28db8062504
188,0,1,walking_one,0000000000000800,6eb45672ccc558e9,96,100000000.0,4288,361351c3623fc502f14c16d6b1dd510783405167212c5c5dcf882ea874ebe90b
189,3,1,walking_zero,fffffffffffff7ff,99829ac0cef7227c,96,100000000.0,4288,ac79eb002c091e472401fc99005fda1723a8869f21ebc5166567f5fbbf96c676
190,3,3,repeated_nibble,bbbbbbbbbbbbbbbb,9944c2c7ddb4065d,96,100000000.0,4288,c69a04dd9d663bd5a0ed27ad5bfe9b6ddf6dae0d3bebabe47c90354004e2f988
191,0,3,counter,0b63d165f89293ab,5f6fbaebe8988d52,96,100000000.0,4288,25838b63c3fe8e1c6cca79bfa2cc37b1b5d78a3aa2912c94a8ddec2d1d325418
192,3,0,random,319d7aea0f83ee7b,2e506605f566c5c8,96,100000000.0,4288,a827e7295733651adab0d70c9bcc1a586948f7f0bc324085756b8be32e01fe82
193,2,3,random,d0d9d747b7e6604d,64272cfc50e6e6f3,96,100000000.0,4288,e48ff4cad66af32126750e2fab5aec1ce2f2b236afd6e34691efa3ea3bc64037
194,2,0,random,dcb9f00c7205b356,d68c6c78e4e68ce5,96,100000000.0,4288,d4a1328e0888a5f5e13bececf80a9288ad5378119dabe06f0451ab66b7f9ee27
195,1,0,random,e039f3f05f2a6d73,0dbec78ee939ef50,96,100000000.0,4288,509e0e53170021eed520f89fb79abe7fc54ed37f4a86c0406986545ad840ddbd
196,2,3,random,16f79fcaf20909d1,46a51e0b7a22ecf3,96,100000000.0,4288,777fa49a25b7e3bb1f1a64e3e857fbe13e1323ee89a14d759d1dbeb0a1a67864
197,1,0,random,6c031608f43e2565,25153f86155f914e,96,100000000.0,4288,ada8df0328b364432fff75b8a8680af3b08ba687ca75467d241f5ad952cfc7fd
198,1,3,random,c2c4853b9acd95ea,3a14bc358ef833a7,96,100000000.0,4288,0f460f6c25fc084d015485fb976f98904af0b7b6291665c72ad93ac1a16baac0
199,3,2,random,2b3adef3ee16056a,f7466ea2db69bc51,96,100000000.0,4288,dabf1b2a5378ea820bd73519d818c60c82b1e2373fd29a735c2a8e24c68de693
200,0,0,random,64dfe2ca91798fe9,a1b7e24ddfd122d5,96,100000000.0,4288,214a5fb82a4b0c73ea8d192ad0d6e8e8657a581b13ba823fcae3ad4e137f5bc5
201,3,1,random,0006ce304bc38fb2,6419d3466fc3b0d1,96,100000000.0,4288,550cfcdef2514bfc62f082076a2e05885e19c56ce25754af9a6c8f48bb428128
202,3,3,random,00ca9d9b241b3c98,04caa6bad187f734,96,100000000.0,4288,ab72f8edd351a307df3de07222e20dc0ce98dab5d3e53d793aac4a54a400457e
203,3,1,random,06519678441274ac,3a7fd2c4c1d4097b,96,100000000.0,4288,2801049eb9b75926db6debd7b485d505546f41157d7684942e58750a13783360
204,0,2,walking_one,0000000000001000,bb017276129c9206,96,100000000.0,4288,88796b1e1f20c160fe28c13cd3a34c7095a397508b3133410c51805636d1bd7c
205,2,1,walking_zero,ffffffffffffefff,2e00adfb49bcd8a8,96,100000000.0,4288,500dc158d9683459931648b3dd9414d466451e9bf9bc8a7c9bd00ca8146c72e4
206,1,2,repeated_nibble,cccccccccccccccc,bcb68147b064fd0c,96,100000000.0,4288,4387caec9cde1221473137d99ff5d0dc6135985747d1c7b75f83145e8db18717
207,1,0,counter,eedb6cfded3a54fb,460940e0543071ce,96,100000000.0,4288,24de690496b9e9e8bb605afdb95a0e8d37c041dffbf0a0d70e466ee51d73c78f
208,1,0,random,9e41d2c37c4c7c7e,c7e57d22e8594843,96,100000000.0,4288,c295579389028e8dbd638bfdbdd65e27f65e827fdb83039e4672b559e8f5b738
209,1,0,random,8145c59b0f21673f,c008baee6ad2077c,96,100000000.0,4288,0fcc0cd5a5807e9344150165b92a5e9ddeedde3695028743b351f30a3b1b5292
210,0,3,random,91a929b17d78c942,a88f98eb92ae3a8a,96,100000000.0,4288,fbc3bf1175ca0e4ec4612ca907c2add893804a777a3ad9409f68fff24eb669f5
211,2,0,random,78d5e683c7b22f07,5e0a5c5caeca101c,96,100000000.0,4288,3ae1c2a5e18c3ad6ef5888a8fd86d7a77fe6aec08017768957192679ba356171
212,0,3,random,39ebf95086b2a598,7a3182da19b7dc10,96,100000000.0,4288,f058391960f204a8451b57fcb55114c7c5a66e93a68dd2ca7366c290885e1c19
213,3,0,random,4e5c49981361e0f0,35264bf60b2001ce,96,100000000.0,4288,37ccadc0d080c7e03640c5a14b06d5192e430b0b19642fae6c7f78d1438bf825
214,3,1,random,90197b7a735e959a,b0f2320993b143a3,96,100000000.0,4288,dc3700d35dbf0d632f5f9ebeb5bbb0fc8dc5518ed3d2373c7f9c15b32c9495a7
215,2,0,random,43e2c184ee050eb1,e3b424ad92ff7829,96,100000000.0,4288,e227d40f5adbedc83533c7d5f7f4a1bb2065b03be2c47239b76f15a8e192dcd7
216,3,3,random,501d552de7583745,6c5d55366aa8d668,96,100000000.0,4288,d444e92439f3a3e1654d4c97c17469a90f0f5fd908877ebd6705056e9b9d00da
217,1,1,random,2c7deb8c85dd0919,3e454b80d6e42665,96,100000000.0,4288,6d7f199e3652b51ecc58ae81ba89a0154213b6dcad9036441864455420066408
218,1,0,random,4848cda2328934cb,ef7a0ac7bdbb680e,96,100000000.0,4288,5adc24bf6fe999be3460beb580d1ec68b73130c80028bcd9c506847ee4fa8e21
219,2,2,random,c199987d3d3015dd,135e231004b6d2fa,96,100000000.0,4288,9d4bbaf6d3a3c5c7fd0c8de1fa33a8511a34527d0b7406bedce4e5e2ca690069
220,1,2,walking_one,0000000000002000,b8fc0e25e9056fb5,96,100000000.0,4288,7d8973027bb9772a8a8da45c13a293074e36ee329979c9060c987b315abaad32
221,0,3,walking_zero,ffffffffffffdfff,52fee447323e29ac,96,100000000.0,4288,4c9ebadd5eadf85a5dafe1d0a39f3018a3c0ebb7e01eb1e5a1b40f541373c068
222,3,0,repeated_nibble,dddddddddddddddd,d4ad8cd25fdf7330,96,100000000.0,4288,f0e2c11add86bb5dc70b918c7bfc99913f590df87a1b9a4de8355824318c854a
223,3,0,counter,d2530895e1e2164b,60be678f311eb43a,96,100000000.0,4288,21775ed22c6b58367b5daaf4fae80a3181cb1eb8c9e9a901f581f433096b030c
224,0,3,random,9102cdfc4f768f9b,049c7d865eadd267,96,100000000.0,4288,161d14cadbb729ac3e9ae19f8edc37def89fbc222fa4b3241fc1981daebefd53
225,3,0,random,81a0f46571c1ccf8,a4a89a9e138330e5,96,100000000.0,4288,837e75df0245859d4ec5e44245e57565e142cd1c9d0ab135e46b0545ca3ef2e9
226,2,2,random,cf8a95a9db49af3e,6a061d73f7b4547a,96,100000000.0,4288,ac16bd80a2cc53f009db024571f07870766e179648ac198c8b87e1a5ee0b6f50
227,3,3,random,b0cdef22f4efb0d3,6043041544dee705,96,100000000.0,4288,c7220e99168abba0c240b183a4302381d51922202df950c9b1eecbdf1783c09a
228,3,1,random,451f6a631053417d,1ae78c81d9aad76d,96,100000000.0,4288,3a17714c1ff968d53620b952e0c9c1085f9640625f4c9cb023fb6101e61603fb
229,3,2,random,e2430a9c94eb9e67,f19b11ed0a5c8520,96,100000000.0,4288,6e8fb17a685005503a599bccec8706ed7ee9b2d1c5c0b12f3b4ee997f66f606b
230,3,0,random,cacbeb6ece8408d5,4e517282f762e302,96,100000000.0,4288,4c1bfa99744dc71fbcf7cee8d561a7fe1ba3435fd782d67273960fe4b6aa04d6
231,2,2,random,15ab28e3547f678c,faee0a4372190d72,96,100000000.0,4288,2ffd5943cc624b5b72c84c499342dc030a9a03ec656eb4906799b51980fba12f
232,0,1,random,0efe582d41f98040,3734da10b35548f0,96,100000000.0,4288,014f88a0df2739c82b004ec13f5894c08218010ce10470cf3e8689436482da7c
233,2,1,random,693f32c2cf33d441,b776784999e3b258,96,100000000.0,4288,7c28fdbc188cfce5ef4cdff588fbe039774b675e4d58eb59a22ab06d6346a4a6
234,2,0,random,e2afad19f33f130b,6abf0505ac39e023,96,100000000.0,4288,4b04a7876146eb4eafc0c903e0582c7e7b92a19dbead04b06c488537f2b9b480
235,0,1,random,8eb098ca5ecc4b0a,e4a2b3e8d5465edf,96,100000000.0,4288,207244cdd4eb3d86e98dd03c398b6d1586902279bce7ab485db0cf45587986d6
236,0,2,walking_one,0000000000004000,0da46f06cb60bf12,96,100000000.0,4288,da51e8047cabe210240c94057af0188de50abfdfbab9b0c44b0e19a3bc67b5f4
237,2,1,walking_zero,ffffffffffffbfff,b154ecdaaa1624d6,96,100000000.0,4288,42e08eea3ce3acf7bee58672be7889b1b2710b6467d252e9a54e3bf354b31c00
238,2,1,repeated_nibble,eeeeeeeeeeeeeeee,c96e3c0b8b35ce76,96,100000000.0,4288,84e9d7a4535fcd014a7cd445a53d0c12c8deaaaf9b23b0f87f162a54b70c3402
239,0,3,counter,b5caa42dd689d79b,00515523b3ef5fce,96,100000000.0,4288,e113163b94fb1bae239b04530a84bbfbaa3a2b450f407f3ab91d078c850f0d83
240,2,1,random,322c63354dcd4e10,ce8af971780e6b1c,96,100000000.0,4288,184a60deded6d4724518970315456331655a43f4b0aced5ec3ffaa33aa81fe5e
241,1,2,random,818e0f961aa3ba11,8edbc0c0cbf28678,96,100000000.0,4288,76774fe9bbc8e39ae4f4d5bcdc03490c1d97d16756cc6e0307a3c5e820c645f6
242,1,3,random,9360cd75a44aa58a,f5e68367f4a545ef,96,100000000.0,4288,6d63a579742b7116e0e48dfec109e5adee3919e7ef1fd8b6574cac7be6101690
243,2,0,random,9e013749dcbdcfd3,357d726708abb44b,96,100000000.0,4288,de087e48747d9efbc8253ac99d407665fb13e49526ab6db5ce877f9a16654b11
244,2,2,random,1053639ea5c2ef42,573523b52702767c,96,100000000.0,4288,4309b93e4dc224370c403034b0bf8e99931166aad03df61b4a3eeff319bcda38
245,2,1,random,43550490fe6de591,6b3ea0d73c662880,96,100000000.0,4288,e0fab0788d69ed18c3cc3d093afe266c550c133fc6037a08de36e8d668d3c099
246,2,0,random,d8e8ffe63e7fcada,7987498b37a50d4b,96,100000000.0,4288,33bd29003151b809b4c1818a7872de9fe3b869faa117075b2dda55159ccbfa1d
247,0,3,random,bb00c41b0375d947,953837b799e9c258,96,100000000.0,4288,d1345bc26fa6440d2c84eaedc34a8c44079c4a6daae89c60d9c8999e339e154a
248,2,2,random,9d5c6df2956d4ec9,2f02f0253e24963d,96,100000000.0,4288,3ec16e848dd1b2e1c97b784cfd277ff5c93a25b52df0e23b829b75674cfa537e
249,2,1,random,db6707741561f893,5faf1721e21104c2,96,100000000.0,4288,27092e77b10f8f4821bba6ff47e73b95596b564977396ee28af0fcb6c5ed1405
250,1,1,random,68a2f32f76745873,a1964dec49794a14,96,100000000.0,4288,3a53e013d057c0b0cf0bb5d132c99729255c1ec41c4af0419da7ee574849cd2d
251,1,1,random,fe0a380af4de2f66,e178fc1a14295626,96,100000000.0,4288,118722977aa324118b7522ff425d210e6f6e8da1d6fd07f0cc4ea19d7637a072
252,1,3,walking_one,0000000000008000,0bc2655a2bf2b49e,96,100000000.0,4288,f3a38c4859c4557e2efada9f4aaac528c7fbf129eff2a0c18bddf0220ca50884
253,0,1,walking_zero,ffffffffffff7fff,e05921ddcf997800,96,100000000.0,4288,fbbb886cea9d6289bed468ad6cbd74c0d51b0a0a23ac789e4f0f1e609fecd8d1
254,2,1,repeated_nibble,ffffffffffffffff,91cca94e0a4505ff,96,100000000.0,4288,621a7f31d2d785172a99444ec184dfdf2c20c6959aa610ef8960d996b9cc2fbb
255,3,0,counter,99423fc5cb3198eb,70b729799732f509,96,100000000.0,4288,a112bf5c448d3a63e3c783a8f7a31151e773ccc323aa4b2d9ddf32b7d25a7655
256,3,2,random,8ba54c532574a6fe,cd4cc64ee288472b,96,100000000.0,4288,eccd574eea8dcc39bb8c90ba3370168c026921437165519a4f263b891f0262b0
257,1,1,random,065b1e020009d457,53e990e17f7150b7,96,100000000.0,4288,6fee53bef25f2f449a6866d0cb714b2f7c80e06eef0fbdae9b4395a3884627a6
258,3,3,random,6a9a417a33ad66d8,391179839b183571,96,100000000.0,4288,5e55ec976b1755fc87f49b7fcc8b2a2bc4632f7f9bac72772b83b79b3327d974
259,0,2,random,98a1689b5bf4afd0,4705771b25b9ca39,96,100000000.0,4288,d53f2b4db132298d8d24e32c86890da7021d36fe5c664d954c12033db498dfa9
260,3,0,random,657ee16ccd5e049e,1a399468ef8e10b9,96,100000000.0,4288,69dd55bee5fb2f56eca84838072445d754784d9b4ff9493fd6d69c811299cf0a
261,1,3,random,800027791283fccc,f6a2a05b7d233872,96,100000000.0,4288,4cc4436c064c5b570992c75da63e2fabd567e8d91cc83b85ba7c901eb81616a1
262,2,2,random,817df4ccccc62226,4c40982b2ad13dd9,96,100000000.0,4288,1d2b7c3542e5a91ee7c636bab157045b28d2a817320a4f34bb199eb041754582
263,3,1,random,098d2cd0771c552d,91f7596d35189bf3,96,100000000.0,4288,29aa92f7552609d8c3e116be1076d29c2151739c7cc40647ecc5826db870117a
264,2,3,random,a42286db024630e8,fe499e12a77161dd,96,100000000.0,4288,fa479331167b12717c88326fe126414b0b2f2eba1b7a234ac05d3fbf8b383f6b
265,0,3,random,62da729f5b678fce,7f6985054e9ed025,96,100000000.0,4288,f60ddad032434ac61293985d9276a3e46772c9f1337081bab192d7ecb3253fce
266,2,2,random,264aca7242a87592,98620b2fcd35566e,96,100000000.0,4288,75a7b9763c9ce89fe49c49a84cc8a937bab637ba07b3a7929ef5d53b040631fe
267,1,0,random,4b505eae81d03bfd,dea5622ea334b9b8,96,100000000.0,4288,e42608a59ec93793c43633bdcfd44876a23731bfd6b5f9a819a10d3a1fa6e071
268,1,2,walking_one,0000000000010000,682cda1e9d1c9367,96,100000000.0,4288,b06fd4b1122056b2a912a09d19431f5aa7b6d5050aee55a14b10071a19376fe6
269,3,3,walking_zero,fffffffffffeffff,7df05dc83a7b99e6,96,100000000.0,4288,761f542154992bf677d7aa574831288f6ef07c661fff23031afb81b33ad18f95
270,1,2,repeated_nibble,0000000000000000,7ec99b4d2d6e6447,96,100000000.0,4288,9bf155f30f450b2d0308b603a9d33f9bc92672034a8c89ee44e9c170109152f0
271,0,0,counter,7cb9db5dbfd95a3b,60eaf4479f863a09,96,100000000.0,4288,e7618b1150db7f61bcb8a9e549b4e818190f4455bb84fbbe355829528535615c
272,0,3,random,ad7343477b6d395d,8a28d1bc016c16c3,96,100000000.0,4288,8bfcf0abfe12fec365770eb677135459abfd2c74ab19478cc0367c39bce11609
273,0,2,random,4c7c4a725be2c803,5d6f0d9f89c6f4c5,96,100000000.0,4288,997585a70db8d941ce332cbc32fedfd7f4e49d0f4ac0b04a0fe4dbd518b609e6
274,0,2,random,ed9ae197544740da,5448bbc284204d2a,96,100000000.0,4288,08c2c221902a612f22632a0c78c8321d14f262511c61bcb5663777d411006ea1
275,1,1,random,d1d7eca4e09a1240,1c26ba447d65f129,96,100000000.0,4288,e111ac7f7d39cc161beb155bfb2d9e103f6029e0f518e5b81bee2f429211203f
276,3,3,random,a186c1fef8a0dab4,d1b78d34a205db60,96,100000000.0,4288,190e91fbd02a8654080b0c2e67af697e790722619a780c3c5d6ecbd317cc1ddb
277,0,3,random,4e101b17d9b621be,3cd523164e7adc59,96,100000000.0,4288,1de4c10213634fef8d58bcc773aa6fa5fac18b80c545886fa7c5b165d73ec8d4
278,0,1,random,8a036950f15ed0fd,ec7bfabd6dd57895,96,100000000.0,4288,987e1c5c9d769a1011200d0d2be23d08083f31a92e11887f38f01fcc047deb69
279,1,1,random,eb35d20e617824ba,8cff3580ae501b52,96,100000000.0,4288,bc75bbea92dd180ccf7962b52eee6870dad03a64242e8cc9f7d64ef22f702270
280,0,2,random,8a09d92010dbe715,b8cfc1596d57f51e,96,100000000.0,4288,60c8c8319237e460b3432e988d094986153804cb741f5c5a441afe16d067473d
281,3,1,random,da93d3de1d1e78c1,f405bc744f88c743,96,100000000.0,4288,46c55e5da288e965da6c8e49ed8dadd76ca64130a210b3907566ec995261d44b
282,3,3,random,630016acaf85bff9,754bc41486996907,96,100000000.0,4288,f751d9b14fa86cba3149b135776c4e6298e05b991d92c5e3ecf07f4fd41f2668
283,0,0,random,c430ab828567d559,110b7317120aba66,96,100000000.0,4288,6667e0fa524bf73e38eed1797818846a8a1f51491555cea2569041b58df70c12
284,3,2,walking_one,0000000000020000,45c0e9e945e818a6,96,100000000.0,4288,f8e02acc8de76bc6f8da76b33a59ec7cacea3a8f03a08bb21aff282ad5ae28db
285,0,0,walking_zero,fffffffffffdffff,a01bef99033fb389,96,100000000.0,4288,a53ea036df17a3701beef2f5facc78198537e8612b7183aa6b4965c3e078c2f7
286,1,3,repeated_nibble,1111111111111111,977b70a90c0c8194,96,100000000.0,4288,645bfa52514edf3ff3dc814b309905dbdd197dfd31578b929d84252983066daa
287,1,0,counter,603176f5b4811b8b,41a07e05e215677b,96,100000000.0,4288,4fad5bbc0a669080059a11b4e68fb5685ec567388b101be13e0b5cb08e53e9c0
288,0,1,random,99c3766d497578fd,346b64cb1041129d,96,100000000.0,4288,0cbd8786fda404f558069ee8ffcb8230f47576b162b15d3f41e0cda4948e87ca
289,3,1,random,a689e14def23c4f2,6ecdbfe8baba9fa5,96,100000000.0,4288,ae28ca0c4de66a9a32ecbb2f71efd47cbbb4be57c59e770fb595a833c4f583a4
290,3,3,random,6ff01aa59e34bd91,53efc575ad6050c5,96,100000000.0,4288,89b3c08e713664cd21f78e0eb547952076ef924c4f69947bb31e267a99b4a2e8
291,0,3,random,6aeb872d36386da9,0767f6fca8b13409,96,100000000.0,4288,ca3eafc68bc349944c3286e4f613b69a428ed6720ddf42eade8a08206c48bedb
292,3,1,random,1378e65e642ba9d0,2881655259ea3dce,96,100000000.0,4288,78ad18b222b1f23e2fa87815deb21a3fd2942f22d270458b569969c09263eecb
293,1,1,random,e8862178e4ef38a2,064756ae1c9157d3,96,100000000.0,4288,27c8a8b68a7f18b316ead746175f7d1e483c777d2b6e928d1082c6aa345051dd
294,2,3,random,4232919d8f340276,0bbaf2c9dbda9865,96,100000000.0,4288,87710a75a40da01672bd7d3c3ecac4edf9584630f5697f1b1bb406764f07242d
295,1,3,random,5be3df3f380f0f66,c996359100d8b65a,96,100000000.0,4288,12c2c0ed67c429fdf22b361e76e3fbd7239a1649e5aa47d951705f31133e0c6d
296,3,3,random,072189e2b78899cd,9cc992771cdd2746,96,100000000.0,4288,03a891a7ebce01ccd62e0cc16444a20bcbc94906b6e2a6c8bf4cc84140ea28cc
297,0,1,random,dca825e528927278,5c1cf2d7148973df,96,100000000.0,4288,72e4a0c9fbf0a0d03b7ebda32d72fb31705536bbf0803a9d697fcc5d017c5fba
298,2,1,random,ee56a3e0865141b5,2e36ba8d837f52aa,96,100000000.0,4288,2c6f701199e5cc36dc017cf7c19b1c255923f92bd6e2807d46742c76b24be130
299,1,3,random,48871fd4e6378a5d,c067ba8244107f93,96,100000000.0,4288,49ba4038e7db16cf35c0cb7052039ed47c6c0af1acb735018714db884807f022
300,1,1,walking_one,0000000000040000,d9dd607447b9e629,96,100000000.0,4288,3b15b149499863fad6894759c86105c89983dbe005038ffdb92472191fc1548f
301,3,3,walking_zero,fffffffffffbffff,0fa59d6831b388f6,96,100000000.0,4288,325fb569910d347fdf80de53c4062a093139453b594ed837359b4b04c681f8ba
302,3,0,repeated_nibble,2222222222222222,993bb1695b40af18,96,100000000.0,4288,6b4ecdfa400efd9f3dc4fcc2bd556a3af3102936db79f4a804b7c6b429343227
303,2,3,counter,43a9128da928dcdb,32204771880e1782,96,100000000.0,4288,3514aa65a7932d65c60ee715417cc2bc65e53bf8593bf4ad62c22e7e12f2fc8d
304,1,3,random,484820420545cbd4,d434c73a6279119a,96,100000000.0,4288,1bfa6b47b37fd1b59edc78895880a8775cb49d517197d3ab8278015a9c4815fa
305,1,3,random,bddf166b944c4ec3,3010c09779a6b67b,96,100000000.0,4288,0ee285ecf30e95b10abfcee3b7b72092cafecfa513138fd71cb1fe088b1bce44
306,0,1,random,2ff192c4cdf2aa7c,96c19d716adcaa2a,96,100000000.0,4288,8d4425cf3102beb34004e5c21813ae95d7dad946b63162fba6d96e3b3a54f61a
307,3,0,random,e8b6470266959617,f038e73ee32197ad,96,100000000.0,4288,4d51d59953e76c319dd4b9d91ff38067cb54accd30c84355cf46f5ffe4e74594
308,1,1,random,cc679ef92c73702f,0b091db0ec0283e5,96,100000000.0,4288,9a88e132dc3cfee28a637f6412c5182bd3c2af9208c81ef43f8fe77ed489147b
309,1,1,random,5861d5cd7b7956d9,03174b6f1e58fca7,96,100000000.0,4288,454938f49c7c5e4df0518f4ad9e0e2f58bc1da19645e690a9516e74dcdce647e
310,3,1,random,d6745c4c6f8c1429,7058c14af8bfafff,96,100000000.0,4288,098a1e5ebb0430a4c6fa1a0ba4a1f3f451a1339149c77176e66e55966cb6e597
311,3,2,random,4acd525a6554b543,e4535fdb5bec7656,96,100000000.0,4288,48d2a040212a6604faa9bfa8862d0a27e9c9d3af37f29c85df70a1a4cd025427
312,2,3,random,a53272ea0ed6d035,c516ced3f940cace,96,100000000.0,4288,c817229986856b7df3ae0d9427a5a3be8096366e74fb8ec4e69722b8b5c7db1d
313,1,3,random,998672de5265c551,1a22e1a33822427e,96,100000000.0,4288,dddc097210cfc90fd6f5d1e82c9415b1a9ceb7486b140a6fea519836934d0b32
314,3,1,random,805aa0b7896ae3ad,387e7cff4ba105c7,96,100000000.0,4288,d2d0836c4ddd4258837322e9431b67ef0855cee93e132d815e99feb1a7b749e9
315,1,1,random,4a739ea9d5797bf4,27acf080141e6d3b,96,100000000.0,4288,263f6e7896823fbb4522b8020287d65b07b992ecbd3a93a89c9a533edfbcb4dc
316,1,2,walking_one,0000000000080000,7234e6621a57b876,96,100000000.0,4288,d4c996a092ad18b7e5b8de718eb9278f5a23bc3fb01ef090c1c42ff17063fbee
317,2,1,walking_zero,fffffffffff7ffff,77a72cda1677da5a,96,100000000.0,4288,85582005ea8ca1f35e7d5b3f22e25705c4e94308046b6c65139665f8337fac0d
318,0,2,repeated_nibble,3333333333333333,b042bd19b358886d,96,100000000.0,4288,e378502d6daa8c84932a6b141197f3d821f27c7df1669b6d95aca18ca88589a2
319,2,1,counter,2720ae259dd09e2b,3db52b8861eece61,96,100000000.0,4288,b0bd8c6788b2ad93ae89bf05ab5f9ee62ef9fe355a8d25cf6b72f86d7a9b623c
320,0,1,random,a402fba2a562d6ed,14110146680e02cb,96,100000000.0,4288,31ec52be144a865380da667e8fefa5ba38b5bb546173c6f4750a06b040ab5760
321,3,1,random,2cdf7f89ff9552a8,576e17d29986dd0a,96,100000000.0,4288,507d827b108ceedee3813fe8b1e68a142426cdd1563da718894fd2b3a6a891d3
322,2,2,random,a04effd159c33695,173adbaa333f7908,96,100000000.0,4288,12a68545ea122dbad281589810f812dd55570aa110ecc49bca4070d64b998e2a
323,1,2,random,c801e2e8cf877f21,927b218a1e721376,96,100000000.0,4288,638478ee896f32e4936e6ebd41f1eada49b67b7385dae066ec8dd87088466053
324,0,0,random,42b41436a6095a46,5a44c4dce509cc1a,96,100000000.0,4288,e6c9e6631b54067f99637783bff0275f971c9f2ffbd1bad5c5deca349ba5ad2f
325,3,1,random,d036bf3e78d2be3e,c41abeb3b9b99334,96,100000000.0,4288,9260018e29dedbf530189017af70eb4f3c06411964fc2b11b9bcecae3e0233e5
326,0,2,random,c65b561af3488d30,da0caadb1e5a19d6,96,100000000.0,4288,09981544c54f55deafb238d5a49de0cbeb9eb8959c2c38cffd06758dc2f03aef
327,2,2,random,9eda7cc702904177,2f410c38c253d2c5,96,100000000.0,4288,87771624a34265051af40c28a04c5c5001d962a8ab821136d79aff73d37f9b4a
328,2,1,random,18dbd51336faa1a8,b1295b6b00523c26,96,100000000.0,4288,9f32787bba12b23bab3b95e59562c1597ededf9330a6e633f2de26102cfcfa07
329,2,1,random,a75feebe1c51edc2,6746f014cb63d2a5,96,100000000.0,4288,de2821e9cac7a2c3797fd91ce47d48b3f3cee8e4560aa1e21f8cacaf8be44b90
330,2,3,random,acba8d4735be2f72,5f828de37a989e8a,96,100000000.0,4288,9355f8cc3d5616cc3823414a1fcad72556100d8aa4b13663a8addd5515b8a59e
331,0,2,random,5399d01b13967ed2,f735008c9c6e5a7c,96,100000000.0,4288,668565fe0bc4f9622e824fd9a3193ac273f225ae1a0805ae7267747c486dccd6
332,2,3,walking_one,0000000000100000,1c2149bb541050df,96,100000000.0,4288,d1317aa2c342addb2fd80acde2ff127719be0ee3cf4ff88a87d866c22f2c8001
333,0,2,walking_zero,ffffffffffefffff,7a2ab7362458379a,96,100000000.0,4288,e2f2dc970bbc2a8d1bdf250b8e68e1cb6674516c7198c76bd21d4a4b0ffc87cf
334,3,1,repeated_nibble,4444444444444444,3580ce95538f6b12,96,100000000.0,4288,976ebb0ba76a014e412e025ad277bb3a4fde2240e40668635b7fa21a643e901f
335,2,3,counter,0a9849bd92785f7b,dcc7204b3cefd8aa,96,100000000.0,4288,5c14e7bd80cabee63388972e3a368398900cd5e58025366041796bb77b899742
336,3,0,random,ca880df971b6f713,2671c1d377aceabf,96,100000000.0,4288,18580e68a32645d6e9052128c16cdceb457c22e7819166c9607dcb9752a5d52d
337,0,0,random,20f2ac7a1892dfc7,43f5a1e229e94969,96,100000000.0,4288,b076d4dde8fc99cd60d895ddd7ace2433ee9e740b5db5c775b2c835b4a7a063b
338,0,3,random,3d12b3823ea6c40c,e49ae0b75685b7fd,96,100000000.0,4288,1835a7e559ad2018e376f8194625685086032f3b828399247de1036dc6c15cd3
339,3,1,random,967b3e9464815b16,6dbd61af2c4ffd9f,96,100000000.0,4288,ea51e257ae291c8bcb31a656d6c2e4b0a9bd937d74c50e84afde02defd984f8a
340,1,1,random,80f0ec9bbb2fd7d0,0691436cf42af029,96,100000000.0,4288,962c7e50577b2b617c9efb6c1c467fc4f6617ca51adb9b709f1e954ff5447031
341,2,3,random,93b4a2174b7b8694,fd036f61a731c2bd,96,100000000.0,4288,3b2e06c74aee9bc821b2ee5c6c3c24e834605da0b335767e062c723015fc26fc
342,3,2,random,f7fee2296fc46036,4c74121de83f429e,96,100000000.0,4288,428d571f5d8de287b83d2a4579ca52ca037fc6d77c53b442759a7cfcfe0457fa
343,2,2,random,ce503ad9000fb7e5,9b942eaefbd39093,96,100000000.0,4288,2d58ed95796b1e408116da40a0b3a9978b4c3615a1490564165b117dd78f79ca
344,0,1,random,302f7f62ee5d0863,38769c5cf0efcb15,96,100000000.0,4288,2b3810b4060d6aa45c6d9ee772a9d03ce06104d16c6525d50f55bf0a0a9a3168
345,2,2,random,3aed2f304e1e2ecd,a0b01dd06ba55481,96,100000000.0,4288,81a15bfad1be12da66565a221572be49387db2f01da435bf329acf7a531cf913
346,1,2,random,4c21abffb0de578b,709f49b5dbc0bd4d,96,100000000.0,4288,330d2ddc585c4902c0e4a2655a1786aab88b5efa8000e7858f78f00a34a1e5d6
347,1,1,random,ec5694d2e1013691,62ec888b2d47c235,96,100000000.0,4288,4719dc6803071024d00810cc1d95875400ef4589c9f3f721168740f96746fef7
348,0,1,walking_one,0000000000200000,8c48876328e412b4,96,100000000.0,4288,11cf09f9bd5bd2b4567d1cf25bf0da77347ab97be3d5fce099620c6b2bcdc771
349,1,3,walking_zero,ffffffffffdfffff,0394653983337eaa,96,100000000.0,4288,044d541204430a3c573514c4b684dd1390b99312ee6e913625f32d39032bee9e
350,1,2,repeated_nibble,5555555555555555,fb607b86ec237bb3,96,100000000.0,4288,9d63a9d2fb9ccd093e4c9df74807561e8eadf73054ac6188402a8084fcdccb01
351,3,0,counter,ee0fe555872020cb,2e3f6d3451f7ff3a,96,100000000.0,4288,6839e2ca92d73d4fd24bab0f987295b93fc4041ae1f2c3e76954fb720152c6e0
352,2,2,random,8391acf50981ffc8,9b0d9601069473c5,96,100000000.0,4288,3a00cdd4e8d5f8dfb7b2d1745b2e36cd6301029d6a47e101760bc791137dc1f5
353,1,0,random,ecc28cb4c19ac01b,58a9e7eca0d38ca4,96,100000000.0,4288,87d6aaddaa7af24b3a28f583f48b5f91ec4e412453858c856fbac0a9f762d18b
354,3,2,random,0e6b6848f9c0077a,1a501255cb844702,96,100000000.0,4288,eb91c9a678023c0ff70ef5c7ee31d08ac35a0b4c581a164a9467fd184bee190e
355,0,0,random,1378a152d8aae495,d5a1067504337996,96,100000000.0,4288,ae14c7a7a87eaf3ea0af413737414b4d76c8eda60c0889b73dd0b8c71c928356
356,1,2,random,c4d066839abe4d5a,58619f6391adb135,96,100000000.0,4288,9573dc3bfcaeffac87b929a75d274879f624d69a71f29a6d251c03919aef3e57
357,3,2,random,37070582fe22d349,51ea289f0563bccb,96,100000000.0,4288,d3d6e5fb6987dcb8f219b6c5b0fcf71c4f7bc360f10819c063dfd19af1ab61e8
358,0,2,random,bb72e8041622433a,1dd9f44746d38c9d,96,100000000.0,4288,ed764162498257ace5a5149243b9d7e9dd5f811e9a7a712dad7255bbf6bfe2a9
359,3,1,random,b5162dbf16ffc279,0fabe4dcd61043d3,96,100000000.0,4288,c2d70f781e640ce696e8c4611347f06ecdf9c56e361e15cd077674dd38efcc58
360,1,2,random,96bc667b021f10f3,62ad26f70c555304,96,100000000.0,4288,99c6845d77c2e8ba9227d810bf85db1caec3cd607155aeb9bedca94d59345938
361,0,0,random,ebe2502a364c6563,d21cf1b9c3b54d25,96,100000000.0,4288,c2de28d209e2d12c81ee6b8da3f209f31f4a4404e3fde091470ca53723df38f2
362,2,1,random,a59e74d2b12fc984,63c795c37cfe7187,96,100000000.0,4288,446f572e5f23f5131fb758a241d18d6087e855932a1a3d50b5757f307436074d
363,2,1,random,988585ce7bde2647,75bfb0f7d0e6bd7b,96,100000000.0,4288,680aaa0fda1c004b4bf561ea295e2c21f7981e93586d2eb3d360c3ca07641f2f
364,3,0,walking_one,0000000000400000,821e9e00f3f3f8ca,96,100000000.0,4288,72ed1faa5097eab7961b7f4b6c7d846d991723f2982609b546eb038abaa84188
365,0,0,walking_zero,ffffffffffbfffff,e8054538e6ce1aa9,96,100000000.0,4288,29abfa377597e330371a45895bcbd8fda5dc96045ceb4d9cdd91b03238c92907
366,0,3,repeated_nibble,6666666666666666,01235f795feadb2c,96,100000000.0,4288,ff23f31d53fb6ff9841504849bbf7de98078664ff415fdf8ab5c6e36a335cdf2
367,0,2,counter,d18780ed7bc7e21b,274a7045e1c27e66,96,100000000.0,4288,b40e842016b82d5ca8bf821b8e04aa78030d3334d664f5ec5e598e4af2c9b572
368,0,2,random,d8978ac3e55105fa,5afc601fbef8fb7e,96,100000000.0,4288,58d05cc181cb14f1e902da602863325ef237365b0f5964109259ad3415e3fde2
369,3,3,random,277e4f3aad4b6bc0,ea191625df90a54f,96,100000000.0,4288,0bed9b525db22c606e0d098b26264b5a40fbb1565f53213c7c546ab5e6e1eb58
370,0,3,random,032dffc105eb4f7e,0bb4f701a9447df2,96,100000000.0,4288,89055a631398dc5222f22b67ae94ee76e79abd39f01ad0f59aafbf844af75224
371,2,3,random,d4e57e9cdb203907,9281249a0a5538e7,96,100000000.0,4288,22fe78fc4aac0f0ef5af646797e5a52806f81dd4d75975edebe44303130f3c5d
372,0,3,random,0f07b0db9ad549fe,1b8421273ba6d4c0,96,100000000.0,4288,d39c1fc9ce15ea5449ef0257888ffebf33dbef8f61f64d7cce39bc72e0cdbe14
373,1,1,random,60e83a335d5ed405,7f2ace8c4efed358,96,100000000.0,4288,cb4933305cbc57685a27ad067ce5a8e71b74bb9fd9b2f9462fac064f1eb96f8f
374,1,3,random,59b733d491e417e5,ade1b8357a87e6ba,96,100000000.0,4288,13b35eaa73669baa93421350c6f74ed30f69a91f7f9d410fa21d0148a119bf2f
375,2,3,random,93729383fc1330b4,7e1d77ddfd1ae65e,96,100000000.0,4288,b12260b08888d0182f7dc4e73abe0245815a503570be8c80bd77240ce661fedc
376,1,2,random,f11173b22aeed960,80ca2018f1a2854e,96,100000000.0,4288,f27a12a5fc9b5865e80a29b678eb2d67c689dd3d36e33c4d5935e42d7c9a66c3
377,1,0,random,d6c9cba2d907e871,8f0379b769a42357,96,100000000.0,4288,1ea017afe3a66552f0c30912d218194651837a0d04d6de4bad6dcac4bfcaeda0
378,3,2,random,e1d45c6702101db7,788d478c34d1032e,96,100000000.0,4288,c00392e52cda7d0457425652282a5a848409f682d4f6bf559a76b25fd7ee5b73
379,1,1,random,8d9af162410384a4,662b189be58045ae,96,100000000.0,4288,f1961fb6dba53ec63a46ef57029491dd74d7e07025f95e951c88a84d48a4c538
380,2,1,walking_one,0000000000800000,2e3e932b41ac6b07,96,100000000.0,4288,5ab85ebb3cdb05e04393f0e5fd83df712674e965d264545ff58a68f06ffd8719
381,0,0,walking_zero,ffffffffff7fffff,20f44c0a3111a57c,96,100000000.0,4288,d5ba4c8938bec767ff7e51cde8dbb1bdcb1c7118e7de8d5ae6f98e0456752183
382,3,3,repeated_nibble,7777777777777777,86a4758a9436970c,96,100000000.0,4288,f030176183fbd92399203e2f45eb027d4b3dbd7cc1f79f77c8957d23850dfee9
383,2,0,counter,b4ff1c85706fa36b,4392331382c192bf,96,100000000.0,4288,f0fceecc2f3d4cbaddfd33decd19599cb8eb7129c2b5afd6c57e53f57b304e98
384,2,1,random,13f5dc796d05e0ec,4742ecc450959deb,96,100000000.0,4288,fb2a3551d58424680302aeb304744073ec5f81123fff4f2dd62275f3341f0838
385,0,3,random,649ca70391295154,a912c4f7c1a537b8,96,100000000.0,4288,e94ca10594f7dad0fe9fe48d782e272bf719a25871fce40db599b19e2dc9d34a
386,3,1,random,52de86deaf7aadea,0abc0df0266bf763,96,100000000.0,4288,86f6cc3ffa16c4b9ae0b5228e5698ad1519234b107c9c54215891d4ed3f20801
387,2,3,random,c4c44db9264ee7b1,7cfcdb42865c3df9,96,100000000.0,4288,4502b7c830062a500d106239843449e6e3c154f057230c7899583082eca4d8f9
388,2,0,random,2c31ed736a58def8,ff9b06b2cfcd7f8c,96,100000000.0,4288,7341ba1e8395196615b9d73b9c0c8bea5301c75a9aa87b68d13fb270c3a8b599
389,3,3,random,c739090a6cd71e7d,47d3c83b5caf5e33,96,100000000.0,4288,a904f1450d4351968a014ffd14d995074726dbc37c6d840ce9bfa943f64dce9d
390,3,1,random,0635176271afc1c2,96ef9b54ed2fd61e,96,100000000.0,4288,1f83a5af7c4226d49290783b885f0fee0069a7cb0473439d655c9964ea58c722
391,2,2,random,ff285b95377eff1f,a9c8a0e815d69fa0,96,100000000.0,4288,5abf81e2662405881e0849c6b6d831ed222d2d329a49069b8090ced5fe5a44d8
392,1,2,random,d6d4fc9b1aac07b8,ef24b9c22fe7f269,96,100000000.0,4288,bd5d8eed4d407bfd134f1c54077ad87160df3a61ec6874f18f0d2ef62e86029f
393,0,0,random,58c5c3cefabfdbc3,d4ca0e223032a8da,96,100000000.0,4288,f05c6d9d4356e4d3551234f808322dac50d008b14210b64630cec8fcd28c007b
394,1,3,random,ab7cc715a65d22e4,a1b21774bf28a4ba,96,100000000.0,4288,834d0345e66dc31c5797478390fd42eb490ae5a113bdd065ade86058f4e44cdd
395,0,2,random,6220275c4b938cc9,08fe744b5cf2611b,96,100000000.0,4288,1e25a1d0bb641db5ec71027ca1acf006c6095ee97cb2bdbf0138be51048d3382
396,2,2,walking_one,0000000001000000,a94d7a6101710d6c,96,100000000.0,4288,bb128fd072632ae96c7b61f7b9e6c11a9ddfe6b5001f6f80bf4b32be07d44bd7
397,2,2,walking_zero,fffffffffeffffff,9151216bee5ca84f,96,100000000.0,4288,dce636b67fcbfddd8a7f6e2f408348cdbfcfad972c30d002cd15bbea762c5884
398,3,3,repeated_nibble,8888888888888888,250147f1f4bb94df,96,100000000.0,4288,eba7d3e3f9d995fe02d79c2688ea28193ffca81166ef2b14696afa50c16919bb
399,1,3,counter,9876b81d651764bb,28b7be5dc80892d2,96,100000000.0,4288,0ce0733ac2845d7502afffb8314af0795f273c3cde2442f3b48620264aa63094
400,1,0,random,cf53d15c85f572f1,0a6ee688db74fa36,96,100000000.0,4288,b5a77cb5cec16da5a52b6dad9bb1130a8ac96a1c240048e412b9e4cb1255e0c3
401,3,2,random,544519378d4fb9f0,acef2d2258b1e596,96,100000000.0,4288,9d0224b8aca143ccba5b3b910e7ead700e8deca94fd3989e0811ff81be3807fa
402,2,0,random,04bc14836b7a56ef,cf361bace9126d59,96,100000000.0,4288,7a4e24bff8e07a49b99352754f55721e7c3df98b148557e03a05efb858ace85a
403,2,0,random,7ecbd3abae21de3b,95738469ac770512,96,100000000.0,4288,15caad399ee6b844bfb8fc824866a2b8ddcab2b4bd158ee707e1b5c4eaaf7752
404,0,2,random,08ba310661e7ff25,a5c43735f6d66626,96,100000000.0,4288,358a9d0b0452be727092e863ef136615126ddadd84d15a0da5e16dc1ac2e92c3
405,3,2,random,a7f95898927187ef,0c157934113d93a5,96,100000000.0,4288,fb92a8e041fe0dfdd621e4a6c9ed53665ecb373f93a3092361e02978970f6c27
406,3,2,random,ce91bf3a1b7d1291,03f5d7f2f927958d,96,100000000.0,4288,f91b86d4f33fcb715dd025f8ca14a0dad62c60e0407c65cb59dc08a7b9fd8714
407,1,2,random,d2c7366ccafc4c75,9661d356b7ab9776,96,100000000.0,4288,c22c80fe4bfd40f5ed6362e84f5fef653e0e32a1f35b6ab781f56c623656f0d9
408,1,3,random,3791ef7bd01cdb41,8d87f90949f94229,96,100000000.0,4288,6741d5e36ff135f6dd01214062371d63866d19319e3a04eb28066bf1cf033c7d
409,2,1,random,a212cac6703d6f56,92f0cec047452c14,96,100000000.0,4288,92edf130b6a89927171955edd022067455da9051905355e8cd9c7490b1b9f823
410,0,3,random,f77754545e90eaee,b870f8a561ffdcbd,96,100000000.0,4288,2d50a05a457d3d4ce19147d23a0fc6609ce64a814267d4da5cd3f208db97634c
411,3,2,random,245dfa74ef5b70c6,87425323e316b847,96,100000000.0,4288,7b2fd3b8f229cef1fd269ca44d9cf9ef5163431ead8ddf6401eb66ffeabb283e
412,1,1,walking_one,0000000002000000,45da6704b88c3823,96,100000000.0,4288,3a88b310023799293b70933792aa1b2939e292a3b5f84fb19c924e7b90505304
413,3,0,walking_zero,fffffffffdffffff,e4efd64dffdd565f,96,100000000.0,4288,8ad988b2b42a2810e294cb584d3d7a695f5a341d3767e44dc5bab4299053f0f6
414,0,2,repeated_nibble,9999999999999999,bc7edec4bc3886d7,96,100000000.0,4288,b35e7a2e19126010e0af51802e2e06a60f0bcf71fa957c01232e48dd8a20df9f
415,2,2,counter,7bee53b559bf260b,aa78a8033d11ab7f,96,100000000.0,4288,7ade99150c83e3eff58f298ad367c8e4db2138c915ca6a26f2ef6d85fccc4c9c
416,2,3,random,160e952ae5d272bc,f874c6ebd478cfdf,96,100000000.0,4288,b0fbf18a7ecdf5b533fe6d00064d9f1ffb89e748d091146fd7e760e1e836a94b
417,0,0,random,841b509a93b989a4,df3bddafa2bce635,96,100000000.0,4288,13ed39def26df280b5ad42f8d83ab0ad3b773c174958986f1101024dc5f07ef8
418,1,1,random,fb89a1625785bd32,4128a85ac7e730b6,96,100000000.0,4288,a6f37304adf42eef4480722f7a1f4b744a84753875fc495495fab60e6b106590
419,2,3,random,fabe05a901725efb,223044048cae6d86,96,100000000.0,4288,9fc479425c97e985f25e207f162f926b376e08cdf2fd531bf6713bc844a5d6a6
420,3,3,random,6f8b846c55d9ad88,d24eb120341a5fc7,96,100000000.0,4288,6e12e171cd906752f5c9784accef2d60d0d22cd90447ab8c168b03058b340516
421,3,1,random,255c850b0b425733,d41fab554764d6eb,96,100000000.0,4288,209fcab42ae80002dece90efc58dfd676fa4f06d08ef3afcc144656143232c1f
422,3,2,random,b49c2366ac820a47,db47b7696302f6d8,96,100000000.0,4288,9cc6f712365a0a1b8de9b2c148a959678356c62da9b7208eff363b0d7456934b
423,2,1,random,e6444556dcd9e07f,221523566c3f55ea,96,100000000.0,4288,635f62fb9e1a5f82bd0de8601c19cf4f8d0da1e94c35df0a7ff2d15ea5bc926f
424,1,1,random,659f578d3c088345,7175a9c34da485dd,96,100000000.0,4288,d2e7ec2509ba32feb34890f27d4f0ab954b9328ed248561bcd386d91f1f62bac
425,1,0,random,be6aad0a251fc194,ef678ca798cdaa2d,96,100000000.0,4288,6e341a1227b767acfd5d5985907cdad98a37852ebffaf2c653a807a8b8788d92
426,3,0,random,a2d73f592be3fd71,46427d05575d5bd2,96,100000000.0,4288,b7275f647c897c5e56596d9f05c7faf212116f5577ac6f9db52528e84d2bddcf
427,0,3,random,ffd820a802975882,ac88d887a2e8e9ac,96,100000000.0,4288,a711c125eb8954a624815ec21ff3a94971ca3d7cecd7ea5c613d324f35f1efaa
428,0,3,walking_one,0000000004000000,830e36fc9724559a,96,100000000.0,4288,46439e567aae376c3ecfc292bc6466a906d0a0b681e13d35aa0470506538932e
429,3,3,walking_zero,fffffffffbffffff,b1dcc1df9816a658,96,100000000.0,4288,8dc34aacf7a12a32570adcfe034d19a7c3b9042562c23c26bcd2a63c685c3bba
430,2,0,repeated_nibble,aaaaaaaaaaaaaaaa,e84bee555df9d753,96,100000000.0,4288,b37347c814532f7729fef2b36933d875404e3deb8bca9a04b1a159b1911a5a9f
431,3,2,counter,5f65ef4d4e66e75b,e81a10ca550e94dd,96,100000000.0,4288,3bef7c90fe9c1f760f839c8e660ae40a5aca6aadec7b441e7806ad10b91d97af
432,0,0,random,057d107c5fea26ab,d779b0ceb2705de5,96,100000000.0,4288,66c342848f53f1b71933d8807d2bcc1ebebb77941de394de256a631932b76eab
433,0,1,random,7c6c80fe2123d275,51d271ab4947f9ff,96,100000000.0,4288,3e229b387023c4b0ebb52e887e0c831031e55b5cef627ec59aba18d3db90fa0b
434,0,0,random,75d5fc14ec39f5a8,2f39a13e2a98cbde,96,100000000.0,4288,21aaadd1f969b70de33700f449aa1d26d27c8a6329dbb42c51decbacd04a9385
435,0,2,random,ad91b1d0de2081f3,b4beddb82e1c562f,96,100000000.0,4288,220146e49921d665261ce097a4b6c2dd6715c940dcebd43b39d88efa74e6a1cd
436,1,3,random,a024bda32e79a2f4,b0ad31d3aa8a7d1e,96,100000000.0,4288,5bc9b3d209f747291988d967ad5703375437b65388bb033c84f2046d54a3e25a
437,3,3,random,1572880d6c7dd764,c1f5c7239a5f8074,96,100000000.0,4288,95c6335f6a25aab737fc0aaf85927a587955a65d19275369a41b945a43eb9e94
438,3,3,random,5e3d18500167f89d,db354bcb4b2e7186,96,100000000.0,4288,1523627d229c90357b2872d5998406dbc7ee3d0696c1613507190a9f06c9f133
439,0,3,random,8956ec3153cbbdb6,012b7aa1fc502557,96,100000000.0,4288,eead562fbca3cd91196f90f8505f5dbabe8c149cc7817b607a49146d4dc2efe4
440,3,3,random,92169fd7696397dc,bf4eb20c2e45d9bb,96,100000000.0,4288,8c43a3c7624b1720707c93117332e63803a1934cc7dc49b1635ceb3316411c0f
441,0,1,random,96f176566a33ed81,a05357b78a71d017,96,100000000.0,4288,60c3c6e5853a8fcaab6b6e0ea769a49bc9294646b1c82c6ee731a635a5e12e27
442,3,2,random,c2699a1ab8018ea5,5f8b1ad1f68c84d2,96,100000000.0,4288,68316a90eb65f3ad89df5736212ffb3782b13f390318ac6e9ae8a2f14393afbb
443,3,3,random,34a6fae751b1ff54,2a85ace7ad93ed1f,96,100000000.0,4288,0ca2027d43ca27c7f19b89ef636d9f268c6c94e15c3252e5cb14047780f81f30
444,1,1,walking_one,0000000008000000,9191840d7c4abbd6,96,100000000.0,4288,add3e559c55a51a15f02637e92eb3952ef697919ba4502748f0738af8bb530df
445,0,3,walking_zero,fffffffff7ffffff,c9fcd91c7a41a948,96,100000000.0,4288,31512b0b7d3b63e86e3feaf279f09ba6aeb01fdb4ca041267f4d9da68923fbfd
446,1,2,repeated_nibble,bbbbbbbbbbbbbbbb,6e5c1243e633f305,96,100000000.0,4288,8f4a1bb4dbc7ecf4ae79c5882978dc4e9262a70ed38b58c4a72f012e86109a0a
447,3,1,counter,42dd8ae5430ea8ab,5da70b802c8de9e0,96,100000000.0,4288,390e0508a27d62684cff8363fbfe9448450acc42afa1635103349cb130b5dceb
448,0,2,random,d88bea597f613709,cb898a1520d5a1e7,96,100000000.0,4288,e2dec369dd2e62c09fa91059600a494ca8447fbc3611c74f601011e026a57d0f
449,2,3,random,8180c965e5e11bb3,7c4990bd017a0757,96,100000000.0,4288,8df313e55a10cacaad2769a4a745784257d6a4a92a94fabca8ded5207b62e0ec
450,0,2,random,8635f8f8973223d1,6d860a8527568d1b,96,100000000.0,4288,c5c149ce622118d5fb2e640b31fce9eb60ba23cb807f12c8450bb009e68ee6f4
451,3,1,random,2fc7a1acf7512f28,ee3cb63507def85f,96,100000000.0,4288,12a37133fb30597de21dd92e513f84a8403c263403537408a6216414ff9601f0
452,2,3,random,eb8349fe39791b3e,fe12602cf7278737,96,100000000.0,4288,008545cd977596bbf68904c77e391af712506af6419d5f2b18b99bf511814f7d
453,0,3,random,226ad41a202d5d7d,dfece3c1f096169c,96,100000000.0,4288,6eec2abcbfdc521c437630544be7aac4d3d7ffa526fce1aaa8683b12bfb99aa3
454,0,1,random,ba1999c7036054ab,38f1056e3701aa14,96,100000000.0,4288,720a5073971889c4a0b8b29a8cb387de9a400c7a9831853f59224cbfe19c48ae
455,2,1,random,f0a75bc5f6523641,604e6fc9bc0a8945,96,100000000.0,4288,af80993aed883dcb0c78763be3ea27616f6be9fcb29f06930db5c8c0b99df1b1
456,0,2,random,2586f82a851e6573,f231e5e0d87fc3df,96,100000000.0,4288,ccbdab784df6233f0abc8b5261a4167d9ac4b870c775a41bd9620b8b7210cd45
457,2,0,random,341475c2a3fcc417,bcc79a8179bfa344,96,100000000.0,4288,978e8210ca000d2b164b66bce51af8ed8559b4c059ee9093a23026a90836597f
458,0,2,random,a9765613e8a713ad,31947a78449823d3,96,100000000.0,4288,d85cf9afaa4ef089977c5b2e2ae73996e3ad23d3b77db8be9091ec104d4f1851
459,3,1,random,68322b16c83ebac5,0f08aaf6c53bd38a,96,100000000.0,4288,48214e967cf83e369e95895a55d1a5579f8c1ad0a2965762ac9e7ebff7477aa9
460,3,2,walking_one,0000000010000000,ad0770b8b7737870,96,100000000.0,4288,9102961690e72775e13199488f2943d5eb272f47dc9cf419a897d60360029224
461,2,3,walking_zero,ffffffffefffffff,49244f75ecc8e49f,96,100000000.0,4288,1d883cf61499dc451d5a50ec31a53afaf603171bcf56a53c0c45685e2689c121
462,3,0,repeated_nibble,cccccccccccccccc,fd70208e043212ff,96,100000000.0,4288,f646a03c03e7c1a85f64083a0fdbfa44f0e1688b952d2b709dab1b61452dcb25
463,1,1,counter,2655267d37b669fb,37a31b13144b935c,96,100000000.0,4288,5c63dc3a399096d84abf75d7f4b44ab76d4ee08cda1caca7bbcb142ccf424c6b
464,0,3,random,4d78ddaad1735aee,b6d05619f2172f61,96,100000000.0,4288,3057b4da80a5245c7dc44276f8897ad161919d41117a5d496749ec5986e80fd9
465,2,0,random,fb007d9420bc0f65,e3d131af7cccec4f,96,100000000.0,4288,984a2a09db3f2c9540da2884693ce80c5766176a0fd9f645b819cd26d0798d12
466,3,0,random,d0b946ea09a9e84f,ac0d247b4eef3ac5,96,100000000.0,4288,1c344896d7376a92937b6a10ea634a1967a13ee7caf36acfdd8e6f8111335068
467,2,1,random,f578635affc0a065,5d2f15983da72697,96,100000000.0,4288,855775bb7d3097dbd80b585645467df9fb68f8e0ad56421029f6e288033301b5
468,1,3,random,e8dd7818b7124789,49349e05b222e1d7,96,100000000.0,4288,877a26d525109ad6fd6cc13e1f395bb27630af17ce6b45489dea86e64ee5ea77
469,3,0,random,5d17efa9a9a80be0,30b294563bb2fcb2,96,100000000.0,4288,08a603b7e02250f6d46e1d1477b67c88c618a4e23272eb87a4109d10a8ec78ca
470,1,1,random,12e103d0c70947e5,be3c53d042ac82f7,96,100000000.0,4288,1804db2995e949ffa157d581f5546f15392261fc31a64232cf8c17f22150cca8
471,2,0,random,e0ee5131e0433a53,b31f3893024e17b2,96,100000000.0,4288,d356cd662881ae7a283ced27817fd78ac13124571502f4573c73a91f2cb98966
472,3,0,random,1e4766dedf9f615b,15a59d574636f7b9,96,100000000.0,4288,718c5098ee2ac7a8166bdf1aec53ae920dc21c5f7ddbc1e8b3a84a0d564936fe
473,3,1,random,2e2e3c673985817b,dc7b31f791a4a981,96,100000000.0,4288,a73e5fa654ebb69c52813380eb90c7d9eef7a6821c44944bf8de602864208304
474,1,2,random,acdc4a41ff2d763b,aed0a2aff6ede173,96,100000000.0,4288,5d317dfd12ff1679dc6e3f5a887e33dce66e77063dbac93b88385b963f949541
475,2,2,random,cd18f8ad3dae8851,5d74dca66394449f,96,100000000.0,4288,94cad81eb51eebb0f1cc2e8987223087926e35709944743f7f9aab8ec58a416e
476,3,3,walking_one,0000000020000000,5f0bccb46fb695b4,96,100000000.0,4288,0ea388b36dec5d62bc2d50a17ed29b48ce2ca134f4f402ab9f77cf2235c3e259
477,3,3,walking_zero,ffffffffdfffffff,85bc50f3a280ed9f,96,100000000.0,4288,0d1c0bb46f3a317bfbae534c1c9a896fe2452e174bdb77f18c65edbe1bd5918a
478,2,3,repeated_nibble,dddddddddddddddd,db57107f327c9ec7,96,100000000.0,4288,491f57c9555d539430975f7fef8f90d84ff99fae00e62b6848f63ceb789f582c
479,3,3,counter,09ccc2152c5e2b4b,812fe62fafc34a05,96,100000000.0,4288,ce19c195f1f361ef49ab84d8b0af9b147e38fcf137a508abf10a24faf5b880a1
480,1,3,random,09680daded292701,14ebe5ac8b2e85ba,96,100000000.0,4288,07f2612c7e36bbd5ebe2898fbe99cf36c480623c5529384e7660fcb4213e7c65
481,1,0,random,849ee974bbdc5305,9484682ec216bfae,96,100000000.0,4288,a5fa24bcac23449882434a0605f6ea525d19fb30da0f519a35266363090b059e
482,1,0,random,824589c3046de85f,1119955feeb4eebb,96,100000000.0,4288,b1e8676fe6e21904f47e4ebb3bc5f87955bc58a1cccda0c12055eda0e3fcc530
483,2,0,random,723dc5c2df656388,c7a1f7444260dcdf,96,100000000.0,4288,2873bc294aabb685b4a9e6939dd463e3c84f413b12bfe946571aacfcd9f6ba95
484,1,2,random,aeee65f96424967e,14c99ec8c84102eb,96,100000000.0,4288,7c1bebcb2c757b8e4da8ea88873b10199ad752bb396e047833cff5987580c7c5
485,1,3,random,08d27a977d232f4e,b4ddd6395dfd3606,96,100000000.0,4288,b76bde593ef83835dc17d6c1aafdc4853f4cb2f854f5b3060d60bf89c7cc080e
486,1,1,random,e7cef6caae3b2504,b7c598d56cbad7e2,96,100000000.0,4288,6425d870c3087554ef466eaee716559dcc51d2ee30ddd447cd8d66ad9ce74505
487,2,0,random,cc3f1d0f4a42773c,88f710faa5697558,96,100000000.0,4288,5346ec1bd7be113266ec59825877acefd42169bd5689552a3220267d99ffec87
488,0,0,random,1bc206540d9e949a,0c77b85b4b62d2dc,96,100000000.0,4288,3d7975a6c7ba17084add77f45487a8aded9b4a2fb006af26b43a4f1dd9167034
489,3,0,random,401a84c7c30072e2,1be22390ca946428,96,100000000.0,4288,71101ccdc181e81afc224eb20b7e18893876bfe25c5f8d6f2fb3de702e90d2bb
490,2,3,random,900a667c30d156b7,d7008b8ef2be4209,96,100000000.0,4288,fa09ec802d4a9ab218aa71247b004bca7fe7b0d6af11ae2165e8285cb64bd6a2
491,3,2,random,8e4774c0152a6b41,16d1177209ba0154,96,100000000.0,4288,98d1eab6655cc1ec5c1e2ac5269bb462329896b231a65c140c368d3c94d15e3e
492,0,1,walking_one,0000000040000000,4e741b475b2f38e5,96,100000000.0,4288,a33b8b25d060fae204b48c51e76db4078b3c8de7c8d39558d33551d9d28caba3
493,2,1,walking_zero,ffffffffbfffffff,dcfa2af71840da44,96,100000000.0,4288,a8b1f92831af4533360dedfb570051045b5724ca5b54947449722d84b3a489fa
494,3,0,repeated_nibble,eeeeeeeeeeeeeeee,103834b94ecb0796,96,100000000.0,4288,b88de868286469682226600b3407b96ef1d78394bab351e29a7bffda2b62070c
495,1,0,counter,ed445dad2105ec9b,46c6d520ff67ff29,96,100000000.0,4288,1feeda59798c02fcbc37dc10c852b0775f6e5400786240bca848f9ae67a8c466
496,1,1,random,89d1759b661e7a8a,98b51d806187e819,96,100000000.0,4288,7ffa26b57f86d3a1597e0c17f6024d5938fb4d5948d1fe5fb8f74f27f1eaf477
497,3,2,random,da68c6ed5fc091e1,4996ed15eac4b309,96,100000000.0,4288,37a56c1c7f81670331b377740ac18198521c5ea88e73353754fda3c4e7da3dda
498,1,3,random,09c8f2f09464e64b,3fd3e16afc0309ea,96,100000000.0,4288,34a879f275c811cc74336baef84a8871ab68df61c9a66de8307bc8f11140ec38
499,0,3,random,1c0b098778523180,c0cb41adb01cb822,96,100000000.0,4288,2af79bddc6a6bcb08761c231a93e9cac75f0b16d5e447195e0b9a6569b21434e
500,3,0,random,841c67735434d576,b854f4a707833c74,96,100000000.0,4288,cf8025a40e2509bda6fb53ab8714354aed04ecaf429186e1b41cb7277dcff029
501,3,3,random,a09d3141e2dd9883,73b0cf188aae2013,96,100000000.0,4288,dcf7e5ab993cdc1fd8d7fecb73b9bd1fc1ca1e0ad8bb2c20ad92cf04708cf6f9
502,3,2,random,06e283c5c650e53e,c6b0a10775ad751f,96,100000000.0,4288,f67a3b5673becf46a7b896b261c3b92f3d5070e3adf4a802770e538fed6e3d18
503,0,0,random,a3363b76d53176e5,d6dcb0ef24e29979,96,100000000.0,4288,117b6d3b4b4a0525d3dbfdef33c5f93f839177e23c3f3edf2cd5b778c593818b
504,2,3,random,8289e0c79c8e2434,032ee7595b2a7e5f,96,100000000.0,4288,fd9e5458e6087f2be6e026743f719777d344b852f53b9b3ab5eba7d5c764cdab
505,3,1,random,925661897c9c70a5,face504ba55c9e80,96,100000000.0,4288,8bfd413c2b50ef50473fd0af63bfc5b3f9f885049f59f01d8cb99f6455289647
506,1,3,random,e2c7db17a10f9291,cc4be4532624aa90,96,100000000.0,4288,6e1400a91298b3aba10f7b88f6119e648e1b58892d24f137aca532e02a2c27be
507,2,1,random,2feeca27fb694be8,2520229df15cae9b,96,100000000.0,4288,5e28b8f449477224382055dee3b4518136e8b70b4c6c4c01f6b9e31f6e3a9f95
508,0,2,walking_one,0000000080000000,4322e597f7bb35db,96,100000000.0,4288,414bb2d9c828d76e5b643c435b34edd9494bd3f109579921c29f15dc1dc2066a
509,3,1,walking_zero,ffffffff7fffffff,1c4d5dc02e519590,96,100000000.0,4288,6b46d0aa8f3df18f1808fb24c6290a3d8e0b9969f9a4a6f230247c1f5153759c
510,0,2,repeated_nibble,ffffffffffffffff,11152b6ca98393d1,96,100000000.0,4288,904f30c03c90c45919c7ba7374b4013211e95cccc4da5be063251f307fdebd8f
511,2,1,counter,d0bbf94515adadeb,d5aa7601fb4d167c,96,100000000.0,4288,2e482f71b466eb5154b3b79181f0900f650747df61f5d26af913af6dab009b98
512,0,3,random,4e024fcade26383d,de16badd0f608216,96,100000000.0,4288,d34e77757029066411c38bbab315daf0c3682f1ed2d4f82c99a24e4ef4e1787b
513,2,1,random,874f036da3c71d4a,53274c8ee7dcf171,96,100000000.0,4288,ea22ab1c4b468e6f00db0fe1aba98dc56e005a8b7bdca95a8c45311de93a7c6e
514,3,3,random,59912c8905653550,a64f3b76bab2a188,96,100000000.0,4288,822dc404760bc2f0871af5c76051ed1dbe0fd323e67553237db6d32f891909ab
515,2,2,random,dc29bdcf69c25e9f,51648b884d9eee3b,96,100000000.0,4288,57ffc62d7a625616fabefa2b4c424ef485fd815fd3b4c09c82e6b037342e99da
516,3,0,random,8e3da0823eba8b7e,2a0fa2c397a58f96,96,100000000.0,4288,05391dd59287e49a57ad2f6e719ab8524179b54b15ef3d420f443aec683d8c73
517,0,2,random,c49e382a2ecdef19,6223b6bd3c5cffa0,96,100000000.0,4288,31a323fc8949594de2691ca2ddf3845d84f973ec47e487c4462c22946169a4cf
518,1,2,random,43f3d14b8901ca11,df8d35ab309c7253,96,100000000.0,4288,bebf624084c600b768ffcba56d2ff7a2d4b729194ea3697fe71c54440d275035
519,2,2,random,45d99bbb86c5eef4,1764227b945249bb,96,100000000.0,4288,a7648e91a879bc531a2785f2d3b1997e41f28fe5591998870a6f9dfcb9333168
520,3,3,random,52cbb6ecdc1e3e9f,4c0e4774fc21c4f4,96,100000000.0,4288,a168a70d54ab3f1561a73aa3e1aece6caa08acbcb04460758310264178c44fa8
521,0,0,random,fa8134149a469f8d,bc6296f6c3045070,96,100000000.0,4288,4e324318a33aaeac905ad6be1ec135442cc72d8f8092edf5a07e52660cd366fe
522,3,0,random,0be45e8ada39b587,a539d5754bc1ca61,96,100000000.0,4288,92f2a9954d2b529d02db0a991d7bf9d182aacbf44b555f6ab74a7c603eb569b4
523,0,2,random,72ec8dc4c0ae11fa,00af9934d4cf170b,96,100000000.0,4288,255a85ece69f4c3d9e9623ee7b5e04b45d1a8a1cf0d1123b46f786c1f28924a3
524,2,3,walking_one,0000000100000000,e1f18dd77fbd97a0,96,100000000.0,4288,fc5616fca83e6bbf847c5c6839271d23cb43b61294b02f80834a647f77662cc1
525,0,2,walking_zero,fffffffeffffffff,d0626f5d7e4991b0,96,100000000.0,4288,d86eeda4b32e9392529be0f017a79a1d835f0f4cf850a48553bdf76ea9bbdaa6
526,1,3,repeated_nibble,0000000000000000,7ec99b4d2d6e6447,96,100000000.0,4288,402b5db01045c3ac4f8dc01e1f79de4f37867dcbc1554bc6f8d8e80e24858012
527,0,0,counter,b43394dd0a556f3b,f1b254725a7cbd32,96,100000000.0,4288,984c1353b931ea72cc488e44adaeaf96b9b3bafa9d4dae7d24dd256945648b8c
528,1,1,random,a3661c122ee2d943,e895070a19f3ef7b,96,100000000.0,4288,3c4a70da3f2c8883c2617aa952862a49ae12eef6c1d84f09a09dc95e22783848
529,2,2,random,4b1bda052198e038,d73cb63d6f5c6604,96,100000000.0,4288,97704c174261075e1f1d30114c87f9ee9302f153acebdffeea7ea32c6b0ce6b6
530,0,2,random,a843bc9bd89f4608,770f2f28856ddc1c,96,100000000.0,4288,5360bb7b5ed8c9b024a5667d3b86b02aed02947c889668ff1e7a9d73825f1eeb
531,2,0,random,cb8a48482f0f95fd,189f00a4b33b045b,96,100000000.0,4288,0b2888dfc330602d49f03c2a92d5d76e10dc4d30b07544e0ab19568ecac1e098
532,1,3,random,5a79e37487feff76,2fc92943767cff46,96,100000000.0,4288,26a3c30364417a269604b80e59b4f74a108eaf0cda2c9c09583d79c110133d37
533,3,0,random,5f0c25db69954ef8,5001f52ca57916f5,96,100000000.0,4288,7eafe024e6e397046af5d32045f1427f1c7296f8ae9d2dfb907c012f484b739b
534,0,2,random,4f6a6d055b7b758a,52dfd5b78a7440d1,96,100000000.0,4288,c411d2d8ce3c21227e63dd4718bbc0956295500eb5a551d036db056adbefd0e7
535,0,3,random,19aa39e66d6db7e3,9f6e1fc34e45f253,96,100000000.0,4288,5be5942f58c6ddf3d47ea7bbbc8137a9c2e954d93ef1a5b1c09f5f97b64e2f7a
536,0,3,random,8dfc44670a8b79a5,95026069421c4d81,96,100000000.0,4288,25acada86cfbaff340c07840698cbcc71f5be68464d0b8630f40ade920290ca9
537,0,1,random,29814598df2089ef,e1707e6e543df399,96,100000000.0,4288,ec6bf9d3c7835d687a35a7e00acf873f2497927b83ad5b761f51a558a39e900a
538,2,2,random,ae0d3b4a91435ccd,9d447cb43bc0c44b,96,100000000.0,4288,edeaa4c43c940d817dde9c6707f8e6cbce6319c82848507be2e44c2fea978df8
539,2,0,random,2571a7c7ebfcb53c,2d8486219b5d6b27,96,100000000.0,4288,8828529afde4d43abf7c7f5e559e8cf07883a9b00795760385853fdeb2c760d1
540,2,2,walking_one,0000000200000000,33c07e3f99f51f78,96,100000000.0,4288,5f3fec46be62e7b5de1a8e0f0d876558b8539c20ebe433d142aa6549d36612c8
541,2,1,walking_zero,fffffffdffffffff,5ff06bb443b717db,96,100000000.0,4288,ee97bc766c6e936add25b8210ece7dc3f40e3105e5e8d66e93fe5481b7e9739d
542,2,3,repeated_nibble,1111111111111111,b277b404382873f7,96,100000000.0,4288,aa1309a7b57371100d48590f6d587c81a28131b848dfcf88947e259a7f068014
543,0,2,counter,97ab3074fefd308b,a7464ae5fe7902ba,96,100000000.0,4288,81d18846ccbadb100edb5f10a495b5c82328fd33723f4f329546b1836e4b9aea
544,3,1,random,3257ff918a4a6218,3d007b5eb662e84d,96,100000000.0,4288,24d2ba7c8fa4e3d57c17dcbb0488d37f33452879e2f1ab36d8e5a22050d25605
545,0,1,random,b70820483e7dc2bc,f62a8017d7af7ff3,96,100000000.0,4288,1c494410751b3c1349613ade647dde479e4a14c361f02451142cd87a9d505e3b
546,0,3,random,de2dca60c95903e5,170744763ad632a9,96,100000000.0,4288,e6d30005aea6d8041cc293e8a1bea14930c1c5c7ac6d19914e92e08aba08d5ad
547,1,2,random,49d83f264468fdf1,17e59c5b782b840f,96,100000000.0,4288,fdd50c7ad7f3dd7ec74872a15239e5d9af820eadd0bd7b5c04552f9d4deda066
548,0,0,random,923e8306713a0d18,b136b00ffb91723b,96,100000000.0,4288,4175327f11412eca179cbe14761c60f7b836ce9ba62aac45ecbc0048d28d216c
549,0,0,random,81bdf04891151376,ca39d5dc00741b33,96,100000000.0,4288,77c1087e1e8fe236601f0e1655c981f0bf1cd6d1595b90f67de4c9ae672d504a
550,1,3,random,8879bf09035dad51,cf73d1af558cbb79,96,100000000.0,4288,9a7134f680fdd6d06e595dd40a20f1f54db9700fa5f55c6ea4841a6ac94224a6
551,2,0,random,98d4b3f3409859e8,e1eee0024a143a76,96,100000000.0,4288,c6b2e2ee587d12f8c399ec6a5e88c60d43942e6f71e931952269fe75d4a73431
552,0,1,random,cc320f195968b08a,6c156fcccfe0423c,96,100000000.0,4288,3d5be27cbc9079471f8e7d04581cc850f3b02a849514fa69745edd173e080d18
553,3,0,random,830311deb2571ffd,9b475d4d8f6c9912,96,100000000.0,4288,d2280edeb5f4054d7cf2a0c727b45d0a9b407bef4e6c332dcc74682d7f0e8a3c
554,2,3,random,ffff2821c0cf3d15,60ae74fbf05e8d5a,96,100000000.0,4288,6aaf3e9253e5fbcfb8cc199929d1328e7a42c7a6a4e873fd92b78e29aca50c71
555,1,1,random,69479dbc518efed4,c79bcebd68182ff1,96,100000000.0,4288,d3148a88d73f8ba18b639ff1d1d9a4364d6a1b9c0826c5c589a741f27b46308d
556,2,2,walking_one,0000000400000000,652b65dc974f90d4,96,100000000.0,4288,ec8eda5901353a28f14e2603533ce3db2ba755a9480220f9bff6306e8d9063bd
557,0,2,walking_zero,fffffffbffffffff,41a4c089f9259f8f,96,100000000.0,4288,e1c2c6b331ae571e28c33e9171c22d2d84690602124102d2f29a80a5431a336c
558,2,0,repeated_nibble,2222222222222222,0da71028e2cafae8,96,100000000.0,4288,a3f4b2f680dd6185aea74c78be9ba8095252124ab54530639a15d422437ab32e
559,0,1,counter,7b22cc0cf3a4f1db,4828e2a2d10cacb4,96,100000000.0,4288,915f243500d294a1715dee4e011ec5d9ec849342789d7f50149b2b82f94f689f
560,1,3,random,a6877a16dc18409a,fc6313c2323f0e9b,96,100000000.0,4288,23cfce0b0d9f3342cef5eaa77d419a7fda69af60374625427e4fe19f12546225
561,3,2,random,51c4eda918065af6,fed34ab572802333,96,100000000.0,4288,55df0be987789ea0adc713c588e94da87ce62d8152c658721d2df4931dc28c51
562,3,1,random,61436fee0d1a9166,7c578e356aea1c15,96,100000000.0,4288,3d26b1f06e26f5c71a92255d2bff4330ee22e6ef963f2cbab36fdda8388dd7ab
563,2,1,random,a4b3ae11b21561e1,e3667df13fbc4791,96,100000000.0,4288,d2020e05fddc6453b48598cd253d0396fc49ae5333523d3814fdba6609c8b2a2
564,3,3,random,03caa5e289044566,3626633366398e45,96,100000000.0,4288,cfd524c5399a4be1c2d1acddc80f52e5103260a636e4a536887cee3342b2a382
565,0,3,random,0c3fe15b13c8fc2c,fad5a2f915c9dc8a,96,100000000.0,4288,1034d79fe1051f94f1ac63e3eec24e1b6f10a414d6691818dcc764a8b907f768
566,3,2,random,0607b15ba18dd3f1,53d77b5cbbacd0ed,96,100000000.0,4288,fd30bf062f222923842bf1e71bfc3fe2b2b5cd1a4905d8846107893522b4a4bc
567,2,0,random,51081b707562efcf,504918a21d7aa393,96,100000000.0,4288,b3c91f282244288e9849bb505d6e765b83c7dd8efde56a9818808bb0db9e4bbe
568,0,3,random,dadae1a1f0d03bdd,f02c0cb0fd17de4d,96,100000000.0,4288,ecc7815d5432ae18b7860190c117e3db696d7ada09f74418d811be8366c8daf8
569,2,1,random,734c3c82cc4762a3,a72608b0f06ed06d,96,100000000.0,4288,aac0a5655b1df054a60f6312a4ba0a8d992e419054d579d7fd523cbf5592a500
570,0,0,random,de92fbe1d57fef2f,6fbc1704e22c6f7f,96,100000000.0,4288,0d6676d7be3a023e5159e693ecfd4cbb102637147a736acdb610496b3d9fa962
571,2,1,random,1142ad5496ec2974,35d41aae3400d2ab,96,100000000.0,4288,a964de2b6b697c9fc8feaf7010d514d868f175946ec08ce61a3e3c668243a455
572,1,2,walking_one,0000000800000000,45359e33946e7a4d,96,100000000.0,4288,f110d66065fe3b6332260ed9d8138023e644a24a8f97e6e6a0dc524afba83eb2
573,2,3,walking_zero,fffffff7ffffffff,f08740fa364dcaf2,96,100000000.0,4288,22b5a341fa3850d58dd79c6603d42dc500790b29d8a15ef92d411132bab1b34a
574,2,2,repeated_nibble,3333333333333333,f8616ff47e4ed2bc,96,100000000.0,4288,22d199ac82605410bbc50c35686ee5eba6dc43767a9135e24b1609310903a434
575,0,3,counter,5e9a67a4e84cb32b,d79d05fd1c12e311,96,100000000.0,4288,f3aa3a05eba73a3ddf722988525d0e127bc5be4be80fd3dc9d0ca5bee4640927
576,0,1,random,60ac209a839d8ca5,d6f62419c5d39e33,96,100000000.0,4288,6c400197be3af7e02540e5121f91adc46eead63244a4fa56d35e6d2a5bb39ed0
577,2,1,random,7da2f3eb259efa10,c0c1ba18cac7e055,96,100000000.0,4288,e6b372cd88ef96c96b2a0110e9c14c3ec2b56f8fb383d03bf9f22c9d9cfdf6cd
578,0,0,random,fbfed8136c98e482,bdbc20bb38387fc4,96,100000000.0,4288,b83f4fe7ba0e69bda59e6d66c31e6c4fa1f8e79e48ac10401910c3bb10ccd82a
579,0,2,random,1b4c6ef63ad24176,ce9d9afa8e8f0d71,96,100000000.0,4288,ed9d0a46f8d627c891329a68420c8d83fcc15ecb609b4c3b5923554ec2430c16
580,0,0,random,c2d7b5d69c88a805,1862869625b404c3,96,100000000.0,4288,f5e9208d1b9c6793e84c23a48bff13c93d02bbb8ba257eafc39cff255554d809
581,3,1,random,7078be1504a4bcf9,275f0dde07cc3faf,96,100000000.0,4288,2ca0a9dd6c18380c32bd8ebf57c061d65e4fc18c553e33b938970a374bcf2390
582,0,0,random,013db7e26ca9db0e,97cb3ad94349c3e0,96,100000000.0,4288,2e93a409d0f817a1cb88bf4ba489dd528da39e3894bca2bd52d58cf57ab5cc97
583,0,2,random,fcac21b79078de7a,911a192cf2b106f5,96,100000000.0,4288,cb390639204324ce1afbdaad4749e3276479ce7ab9bfaffc14f0839ce5833c42
584,2,0,random,d7c651fa44760848,d1d05809f43c0e93,96,100000000.0,4288,2134cd5db3cfba58ed61bd9edc29c668684355c22a698b644471f96dcf4ab2f9
585,0,3,random,aa1b9d647cd02087,038982875c4d5be8,96,100000000.0,4288,3b6db104f16020050e66eb8d85343bb35049c29972ca848e2b1fa27639879896
586,0,3,random,398dc7da7cd2c807,3337025efe73075d,96,100000000.0,4288,f05b82e1209d62d4b999cf666d3c622790d97886abd37ddc815bc111904c8ae2
587,0,3,random,69231f832b06224e,898803a13bfcf782,96,100000000.0,4288,15cc66de594405b99e2fc921c0afa2ade4e9dd244d3985971b39b3d0863abaf4
588,0,0,walking_one,0000001000000000,18f328d95716fe9b,96,100000000.0,4288,00d6dde127338678ca1a1e0e5ed031af31cdc682b732a09f2ec50595a9d0c158
589,2,3,walking_zero,ffffffefffffffff,f676d19c66ba9dd1,96,100000000.0,4288,0798fc45a5440592be83b384280bdb4691b1e6b5ad8c006dc4a9c300189cdb4e
590,1,0,repeated_nibble,4444444444444444,fd54b8565e794260,96,100000000.0,4288,ec66d318a14569e06feea4502cc9ee8125d755fc8110e9dca893bf9b6ea9e3bf
591,2,0,counter,4212033cdcf4747b,0e7a88424cc3ee7f,96,100000000.0,4288,df54db359f9ee8f5b37f5d675d45c0a591d1c2707a343001be48fd35770b808f
592,3,2,random,37bd011717b71558,a07a89941d3f4b9e,96,100000000.0,4288,554317084ea31150baeda32a023d794841d924dadab92f9518f06f6601e87fa4
593,1,0,random,1f1a1bda6b0833c9,5f33bd927a02549f,96,100000000.0,4288,f4fa4ae77c14ffde379bd9d9ad46a96ddbeffa0239dcc4d8ce08bfe5940663e1
594,3,0,random,c959f90028fe3a4f,b32fe3d2d1528461,96,100000000.0,4288,3f24270e57b0cd86e5328a80097430c4781ff5a5ba055b1cf211c894dc354229
595,1,3,random,256087b368c6660a,ceaf3392d052b174,96,100000000.0,4288,c4540be1ea0781637eeeed365f307d603bfdfe039bb0ec76a770fd6499a6f114
596,1,3,random,c9e88457f56e2968,7254206a60c2149b,96,100000000.0,4288,3c32bf273e9d7dfb2f1700017314720de828d5e98533a2d7a7ee9b6f8070d93d
597,0,3,random,62b0d49668c336ba,dd344bf68ec46b37,96,100000000.0,4288,c87d668bbd0a9324f813bcab0010f30eda8459ca8b16707b592f9f93b333bf66
598,3,1,random,b99964bc5cf82d70,bdc6212d220cd00d,96,100000000.0,4288,0a0c2a62b43ad64d2daaf1328ea8ab2573f039f60640d61e120d62fa0787ae52
599,1,2,random,46d3fba2639caad7,31003acebe2ee275,96,100000000.0,4288,a25aa5b3e3e998bad9e8d90c5b12bfbcfe591a44425bbd6291284c1c1561821c
600,3,2,random,c2253460f9038f92,67df931a83a1e190,96,100000000.0,4288,2a020c32dda7815d20d05ec2eb4f9042740f50b1cf4e218009275fc12714b9d9
601,3,0,random,e3f401eaef644746,8ab50a68a10f56dd,96,100000000.0,4288,e0baa464fcdbed2392efbd4c3a4ade38ea9e09c16af6ceafab601cb5e39b63f4
602,0,0,random,290ef50c849bd999,7df50134ca8f9e09,96,100000000.0,4288,226303a5f5b0404aed4ff3a7c52a0fed346897b54d2deb9f14d420626d00d38b
603,2,2,random,cf93b8d8325b2304,8e4750081b5ea380,96,100000000.0,4288,ec3daba8e2ecd8db66cef9955e5e6edb291143f9ab6d70c5e8ac267efe426dc3
604,2,3,walking_one,0000002000000000,a3e64bdff06497ca,96,100000000.0,4288,b5c40a54e85556f67d9986d64938ad46c3db8eeaa2ea1ba4bf1c20311f89010f
605,0,3,walking_zero,ffffffdfffffffff,b23032e26b8667aa,96,100000000.0,4288,d8ac47a930496042f6fac52da37dd9fa4a08b07cada141f8110d0d8e402f158a
606,1,1,repeated_nibble,5555555555555555,fb607b86ec237bb3,96,100000000.0,4288,d39ac6a91020cae19584b52d5fda70d1ec6e95bb3f8cba02c8a06c79d1132254
607,3,3,counter,25899ed4d19c35cb,6d978eeac1ed0781,96,100000000.0,4288,168b2070463a7abe5e98b211a657897d4e13ca511f72a394e29aa715bc3eda09
608,2,0,random,04d6893e9863b4c4,f71713f801602eb5,96,100000000.0,4288,40c6f68446551454f2aca12723c0705635c93ab25d081a0892f76cc44d3b7af9
609,1,3,random,7d26b93cad431b69,a4ca67648ebe6f36,96,100000000.0,4288,a021f598726e090dd3440f6242dcee3c6049a73214a0cfdd2cc00708558978cb
610,0,1,random,f82b8c82f123afe4,c900873422454c7c,96,100000000.0,4288,0d2f0110ecb46c18a4ac82e92f72d6121439411e7b5daa54d24acbec8d857a7d
611,1,2,random,3b63f2cf0a131b4b,ce785466d300aa5d,96,100000000.0,4288,9c1373213f6a08a5e00766ec23d6a2fb86d736e5682181770392aef564de6df5
612,0,0,random,94ae3b65c7dbc6b2,0013b2946c04ea25,96,100000000.0,4288,1c5b0a5c30e6d849796c292fb071ec2e394f647fbb479bcf8e2b8d25db05e520
613,1,1,random,b2ca0fd067a9bb7c,8e750873d37353ad,96,100000000.0,4288,dae1715037f3586a19f7a4a71ed07e0534be2071a3f08c25301f222ae8610422
614,3,3,random,2c198584e0931c8a,f41e80215ddc1f60,96,100000000.0,4288,2396b3d1a2309af421e760d34151accb2bb105bf88c567b008b3d22d25153531
615,3,2,random,e5d21d6529c41b1e,0c4320ec4f1e4467,96,100000000.0,4288,9a37a0c18fed3297644b288a52b9ff53011de43970638bcda536486510016748
616,1,0,random,53222f814bfecacb,ac91f81dce980d05,96,100000000.0,4288,e6a7167ee1838bcbfcc12dba4b31be3d7a18eb9ec7d732a8586859234ac6f66c
617,1,2,random,484db8453783a2cf,f9443ad1c3f30757,96,100000000.0,4288,199fe702640f43c6559d681a4fa282b4ef627d88586c5ef6842676596e051d84
618,1,2,random,8d04a2747fd545ef,ed92ac85113f12c4,96,100000000.0,4288,2e88cc32cd3e537c3cee8a2b9552ff21708eaec2e1ac40345844495bc14cb7b3
619,3,3,random,4012414412157e76,8f1822df23c0faa4,96,100000000.0,4288,986ff4f9cd5788dbfbc7a3750a23fbcdc88581bdb53139ff6ad32cf76e8af824
620,0,1,walking_one,0000004000000000,29b1c2ee6c77e9f1,96,100000000.0,4288,7212bbf8517fbeeb06dd699fd266ab9d805b95b9761f13eb906f0a90a0d80753
621,1,2,walking_zero,ffffffbfffffffff,f28b4d796c9cbfb3,96,100000000.0,4288,8b7d21f07ea07e366c98638ed0ef0e5b86a67282786e8f0226a70db60caa22f5
622,2,3,repeated_nibble,6666666666666666,812634c22eac38db,96,100000000.0,4288,8ccbecf27c6ad676a9e7b63a94c88102cbedb3360c843eacb4db6b2ca2145580
623,0,1,counter,09013a6cc643f71b,6c76b2a13adda5fd,96,100000000.0,4288,13e5fc36f7ae312bfa2651605ec6dcce1e4e6233e58113379b252ba7a7fec0d7
624,1,0,random,468190bce0bae934,11240257f86a5491,96,100000000.0,4288,dadd754ae93a31badcd073cf1945b13617dca1db0f5a37df734dcb9384581b74
625,3,3,random,3d919c20b924a943,441d79942f1bb975,96,100000000.0,4288,6bde2da3cd87d8d4e02bcde6df58b49bc5c6fd502f7b5698e5a675db3726f6ba
626,0,3,random,9d382c5d556e318b,0e8ed63a9eb76167,96,100000000.0,4288,44be8059c379ba464d03fdf0ef05cc288535975f3700ae50a2037c6e7c97e50b
627,0,0,random,324d2ba1180abc7d,dc21163267a4741b,96,100000000.0,4288,a0800b20dcb413db4f0565d9a20537bcb7db9ec7193de71843ba23de9bf6381c
628,3,1,random,c1ebf01b87bf9fc7,d8a930fd45bc322a,96,100000000.0,4288,a030f0114ebe44df1035341f266ec1d38bb8a92a5e448815a5efd7e683b9f00c
629,1,3,random,6c48ffa769121fe4,8cdce4dcfaf72e58,96,100000000.0,4288,e800068aa6e92083f7e123a55e92eab1f473b88a21aa76e1bbc0f5a8040e7356
630,3,1,random,7faae57e451bd4f2,a4c90c0b207da4ca,96,100000000.0,4288,8fdc0ba3d782924992741d9d94ffb783ea7823a34e11d09a6751db9ee6a47bc8
631,2,0,random,6709d6479b298066,8f85cd2f062d6d9d,96,100000000.0,4288,4ea0c45d334f70da27be405f3d89c84b5df7b70b9a9ce680b84fd7e1e2fedf2b
632,1,0,random,b6d778e9256b462b,8eaf2e2822848287,96,100000000.0,4288,ae3cc840031923ab96cd8f316facfac0433b6a21459fc68b0b5c2d6dff778859
633,2,3,random,9e5bea0e60d58831,4b40fed8af5b40e1,96,100000000.0,4288,51fae553f51a61596347010ad8fd93a3efc175f3d04622213ccaeba28dc9456e
634,1,2,random,8e70bca2c2d035fb,5ae3e7886be3deec,96,100000000.0,4288,f3d67dc155f0dfe7851634bda3301f2e37a9644c03ece84ae5ac0e40b87fc972
635,1,3,random,99af0eba85f74368,1f15fc2a47a022e0,96,100000000.0,4288,7e71889398f731e135c4036c0ebdcf060f6d8dbf13e32a6c5d3aae397d4d52dd
636,2,1,walking_one,0000008000000000,1fd8498315842c80,96,100000000.0,4288,4a908dce155f7a864986eb014db7daed583f35ba7650ce1163737b3f6229976b
637,0,1,walking_zero,ffffff7fffffffff,91a64d43f42c3bbf,96,100000000.0,4288,f961019dfe3f3ea0042f911d8d5e63cc2d9266bef57ed9eef08562d295d5fdfe
638,0,0,repeated_nibble,7777777777777777,459e72827704db4f,96,100000000.0,4288,e4ea0009cff088d3519f76cf8c44760ca0bc4fdff80801d24b43c93ca42c308a
639,0,3,counter,ec78d604baebb86b,e35d0f91834a3d2e,96,100000000.0,4288,15e4ee8b913a01f00358fc69de8e132eff4fcd1e8d60679d288cbba31abf40ca
640,0,3,random,e9046a5900da26dd,dbfff71f1a71b596,96,100000000.0,4288,bb1552fc046c6445c23ad6384b92604018b1329ce216722d6b7cb0001f3bdd0c
641,0,0,random,020612937ecb697f,c7ac259b003437f4,96,100000000.0,4288,b4fe89a56b779c94f79760184ad2e9fd76a3795b7cd23d70b953b75474c2886d
642,2,1,random,0c2a6bd7f85f58c9,b20d671b1d184c51,96,100000000.0,4288,28a73f755f9c93606a037f8deb5d2f387a3f9fb50b030685d586fb819df9c420
643,2,1,random,077cd8b5ac4d75aa,2f528ab1ce3a76f1,96,100000000.0,4288,47604b951a587f3389764c53b59abdda502842ab3ac59c45a7bc3094cad1e87a
644,0,0,random,1914569365f7bbf6,07b85a3ed3d2460d,96,100000000.0,4288,8d62754427378c071bbb95be735c05ff1a037e1ec717e492b4e9d375e8d8e176
645,0,0,random,90b46f8ba1b651da,83ffd55b9f73116a,96,100000000.0,4288,848ac2044af6ec78d7edcb63d0ef27e8f9018755e11c99547986d6b323a26886
646,0,3,random,0ad5a6fc6965d99b,d2d027144b966761,96,100000000.0,4288,27e28cc8ce7e8823c9ac6e9c72776b44ca9346aea128f904074f6a552bef57b5
647,1,1,random,314b1cf820b262f5,7709bacbcf8c367f,96,100000000.0,4288,242e985154eed42eea5d725b56169837cdccdfba5640361eebc1d08546b051dc
648,0,1,random,d5834e501d242d3b,adc8a6aae08d96f6,96,100000000.0,4288,b7da38789dbfc8ac199c3eb754bb3671b970e2835b8380d0f4be3c5202c2b2dd
649,1,3,random,f150deae5b21bafd,929c71d507267a91,96,100000000.0,4288,a0deacf35d407de48f06e6121bf4f31bed19562c96787232d88cbfabf5953673
650,3,2,random,26fcbcea4372272e,3ebde0c732d66f46,96,100000000.0,4288,50d1eba55213cb235b39037dde100e6abdfb955e599c9b88290cf303c6804e92
651,1,3,random,3aff47a00ce779a8,1b666e235d8c67ff,96,100000000.0,4288,ee4bf40c414c355c77e5f7df3bfb3995db411587891c239207b2a83d29e73c7d
652,3,0,walking_one,0000010000000000,51441b07eb563324,96,100000000.0,4288,698c44b0ce49b215c27dd56c8659d410c1647689f654564edf65e2393a955fd8
653,2,2,walking_zero,fffffeffffffffff,c497a986057b1403,96,100000000.0,4288,db48bdf351f64eb9a844fb63eac2f722b2cbfa3b22566f39c78368bae8b56dac
654,0,1,repeated_nibble,8888888888888888,8eed7994beb0a854,96,100000000.0,4288,75caa89f1b5ab046eb1ff676cd25faa6e974895771ab1860cf860dcf88afae30
655,1,0,counter,cff0719caf9379bb,41f742ecb7c476bc,96,100000000.0,4288,e9a20cfbf8e8c273fd325391d4ee3ae17926d737206e02de226e2317bd23fc24
656,3,2,random,3f0ca9aa891e72a6,7e11c3560f04fb3a,96,100000000.0,4288,db6aa6c07188f6c3fc370d40e9d0f2da026fc8576e3bc42421c04bc450ddb1d0
657,0,1,random,bbd5dab7be1a62aa,0da0a6add37e06fd,96,100000000.0,4288,40647ff73cf3d3f2b1eeae764ea4b3165cd7367bf20b413b8b5ac06ad0939dbf
658,2,0,random,3cb5b5eb6c22a808,1ad86f916beca7a7,96,100000000.0,4288,60980ff76f7541e1d4a18acc7475f9a209be2fc99349e740c798bd6a1c3d5b1f
659,1,3,random,bc00a9d3d1500e76,e2d1dac6907e092b,96,100000000.0,4288,30de409c90ec47b0db5fc12784b3ad5d5ff655552a2289764219f671a611d2bd
660,2,3,random,97f55572f8f4bbc7,6b6c5fac21e0077a,96,100000000.0,4288,5e24516a6932e6827c618e854e6e608e13d42c05b4e49164ffbd045245c8e3d6
661,2,3,random,6b36ccd17cd6c9a3,760a54fba54dd822,96,100000000.0,4288,8c90e1dca5a674064c993ac50435bfb7a0943421d38fb9a4692e098176d15c85
662,3,3,random,b0cc23811539d5ed,82911436626f1de1,96,100000000.0,4288,d8123ae86373035978ceb9e392e72c1eada8bdb879ff72922c1e39c3dbe93cb6
663,3,2,random,f71931fb3fe81eb3,05d0b2d20e001084,96,100000000.0,4288,e1bc8bd7f3c361cb400fead135636f50230321dc9dcf2a9bf81a542c421e9674
664,2,1,random,ea7b0baa6589cbf9,775f0f96181a4df4,96,100000000.0,4288,183aebc28481f482dce6d6071c8def3aaa4feb76049e742bed56e830b44298a4
665,2,3,random,e160ca326ddc3c10,cbf59b59f3c9d5ea,96,100000000.0,4288,7912511147f1cc364d475e5d8738fd8b97441b3fe28fdb918cb2229abeb00666
666,2,2,random,9590a607deff204a,f7f60e4ca315294c,96,100000000.0,4288,61937cb19ad802304d1a2f57778737eb3d773e9fcc05f2ed1b56b7c490153056
667,2,0,random,781fa428fb109dd8,9c7ea632d0e3341c,96,100000000.0,4288,a518927c090f57cf866ccf39530f7c802f5954e6302536051611e665904cd625
668,0,2,walking_one,0000020000000000,1ab4a1e15334a080,96,100000000.0,4288,b24cffbafc35e1decee7839558d7b9c55c3e33bacfe3926e72ee943d0898525a
669,0,2,walking_zero,fffffdffffffffff,2979458758c6968b,96,100000000.0,4288,91647cb16485f5d240f4223afb57d8586e0fb2933ccb6c1012d260dfe83d49d5
670,1,0,repeated_nibble,9999999999999999,dcb43447f58774e4,96,100000000.0,4288,6b562d95c10bbd8659ad3cee8abe1b4f5b569a3ac0dd5cb0b2b46d057ec43a85
671,0,1,counter,b3680d34a43b3b0b,7c89d6373fe6f7f5,96,100000000.0,4288,e8782ca7c8d77369b9043711ef4f6ca5d50c3e3f0ee3832d68d699b0d7bf8878
672,0,3,random,14a99d20edf5ab9b,cdc84fd5dffc19d4,96,100000000.0,4288,355e38c04ce58f5d3b6dafc22cffad9099e2b2ee91bf174d827d5a0a5288ab45
673,3,1,random,188f1b9c10ccbbd2,693e6d11ea895350,96,100000000.0,4288,0272ded4f106410c1b852e0037b9eab2901edbd2399c1e32e938bd6b06c20310
674,3,0,random,ef09fc5b179d3acb,a147f1d5d2d6f58f,96,100000000.0,4288,e744c49900629e1f677b770403fe6e79bfc0505c86c30ff30fdd3149d3273bd4
675,2,1,random,e5003c0367d17c59,2dbcd4a591f13f23,96,100000000.0,4288,b8c59151fe6e77c73ecd35c4e98200c10e32163bdc923ac99d72713193a758e5
676,3,2,random,fd975d00b5fe95a0,0f0ea3ef25ef180f,96,100000000.0,4288,86f0e9dc233280bcf91bec06e5e8605619ab217b3480fa227b5ada4a43ebcc57
677,3,0,random,72effb0d001d3896,3c5ef6d7032c26c5,96,100000000.0,4288,caae43e97fc83af164eb3f07704eadf60b1c426ad0e5928831c655acd7527171
678,0,3,random,704480678a2093bf,df9fb70065d7891d,96,100000000.0,4288,1f8e9bc75b00129850a1be8c2291856d5302060827929c6d251aabadf223fd7b
679,3,2,random,02d90facd731fb91,fe0473fff4535524,96,100000000.0,4288,aac489c076e11c8b1f7919d11b99444d598fec3d622f0037cb56ba8f5e825f0d
680,2,1,random,9bd7c17462fa4d13,ffebe4311c170101,96,100000000.0,4288,2fe3810c0125b539db5ca1d8d7ff5bc01e7e1e4cd9f32d941eabb9b95428bd02
681,2,2,random,c90fea87fdf5845e,03b588d93b11a308,96,100000000.0,4288,5e96226080c71a56a55e2df2df5e1eb98631141f9f43f6b2b2c15529cdfac9e7
682,0,0,random,a8ff53df7600b284,920b876024a29d5d,96,100000000.0,4288,21958f4e7e71d4bcf956d190efb7b9f049084bc8d6d13ec8ed2f0f5621c38ed0
683,0,0,random,3f0b739d9bdc6107,321ecff92d338b84,96,100000000.0,4288,322f414e9944730f81ab300b5275910b900322ad4d0b421f665ec4275723a91d
684,3,2,walking_one,0000040000000000,86e108cf6c756997,96,100000000.0,4288,4508cb7e7497210c3f2283cda67cde10b6807d7b6617b4900dd91bbc5c4f32f1
685,1,3,walking_zero,fffffbffffffffff,3de612bad909b3a1,96,100000000.0,4288,918750f5c9ed74ad67ff2c4ae4eaa26c7a3e2e975d4767f3df8876c54584d48b
686,3,0,repeated_nibble,aaaaaaaaaaaaaaaa,920192acdd3269aa,96,100000000.0,4288,0138a86966faad2738bc78246849716d3d31a87189fc2b29447c3ce1e164ea4d
687,0,3,counter,96dfa8cc98e2fc5b,9ad3e477ed243c51,96,100000000.0,4288,ffac2447ef5960ea825168f98848d04cceaade96eb743d357278e991ae10180d
688,1,0,random,df425c89af37d229,fc69ab0c6cc66a87,96,100000000.0,4288,5a27749f0dbd8868a57d91dbcd3db24a4c04993a632e070f28817d0b2ddf44c4
689,1,1,random,ad48fdae41a4b6c7,a0d70f097bc040b3,96,100000000.0,4288,b11815f10aeb447b431a073b12aa7d74a641e441a989174ec03977831ea59296
690,1,0,random,181e93ce83cb45e1,6f0202f8883ecc6b,96,100000000.0,4288,66d585d9613bd4d051856000d2ab7e5c17dd84603cb4134e6f3512ab1683c603
691,2,3,random,d64b6d2a30d81522,4ac4e9caeb7d04eb,96,100000000.0,4288,043b095ddef9082110f13be0769ecaf0707099dfe19aef3c616f2ad788803b14
692,2,1,random,f04043d5adba0cf0,6ea020e56a20b6e8,96,100000000.0,4288,dc678f4d6a332472e2d55abe1d46fe4e066278ef8ef665884582eda047b52e88
693,0,2,random,343dee70c8438b1b,05c318f762a6a7bb,96,100000000.0,4288,41d599bf579684bcb04c4b373fb26d4f081195555c8558e147c8e964c3dafe1b
694,0,1,random,11ac4b0da49011ce,b56b808ebeef5e43,96,100000000.0,4288,5ac7b03646ed0f5e6ee976e1a6ecfe9c6c57d16ea295f08d5d2710a0f7172fde
695,1,2,random,51843852a98540e4,a043b1647bed8aba,96,100000000.0,4288,f83bbf3a88134a7fc972436649d1083d45f49f1005cb56dec7b3cb4b08ed57d0
696,3,3,random,c512ffb072b486c9,ea3fc742b3b910c9,96,100000000.0,4288,59309f318f498b9cf589fb514c7a865d8ce20150c33d8086614b315762c4b184
697,1,0,random,09f2a72bab4a2e1d,12e69b29041f2f00,96,100000000.0,4288,59b5f31e59c2298b424996eb217de931f93f261d254257a181403a0c90a1e00f
698,3,3,random,4d3b1a4dbb4d7eba,6751921dd9e69e82,96,100000000.0,4288,928954c261f5fed94055112965b3a1d27faeb2db237074349441b33393525bd3
699,0,0,random,760b3f7be4cf047f,37925168ccd08245,96,100000000.0,4288,100e4ed234cf13d95966bd6ebdcbc9bdf6abeef7a12addd618d1104b59207830
700,0,0,walking_one,0000080000000000,cafd44c0adc36dab,96,100000000.0,4288,e8b9956e14ef7fc46fca0db0989412a68366d9528aed8d6eb036d7f60244b221
701,1,0,walking_zero,fffff7ffffffffff,0c0dbf4abb302a2b,96,100000000.0,4288,92c89da5364ad9a510ee0041a15633e05ed83349335c4f9e7ae42341a7b4d47d
702,0,1,repeated_nibble,bbbbbbbbbbbbbbbb,689f41c7822da460,96,100000000.0,4288,88bb08db7c4d8560b25d7e5cff4d7463947d1fe5662abe56515f206c99201c31
703,1,2,counter,7a5744648d8abdab,5cd5feff8d3b2cbd,96,100000000.0,4288,739150a72582e0dcb9eb7094a279407a25d98f87c1cb68528c4b69e2a2954388
704,0,2,random,4e5a21d55c0b1f1e,ce361d1050443ea5,96,100000000.0,4288,6c25c5b0a15ad366270fcc7ecf710ea95f50ba5d1ba24ec0d79dd90d63109278
705,1,1,random,237c1e057b8301f8,5c190f8244a0b3b7,96,100000000.0,4288,5db3b01c6c5a133645e995f6dbebe2ae1e5fdd7cc0e1953ef8fe6f3c32a06f95
706,0,3,random,ad1cf4965263e101,0fe3c23bd97d84a4,96,100000000.0,4288,ee66e83e61b22f6d52672ad0eafd9ecda654ad19d97422e888a274a71e7324f3
707,3,0,random,335d0602aaa0a7a2,8627f066091341d0,96,100000000.0,4288,891362bf4629bdd54a814fe8db2c81cdd6ea3cd181b61b242618e2fc68caf938
708,2,3,random,b8fece8eabeb6325,adacbd15a3d23fc4,96,100000000.0,4288,ca06f50a9133ca1840e8cb0a346c5d17886a61ac1d9b3e2f0bde7089abc2d70d
709,2,0,random,ea01e9c3aeb7d37f,68bf262d560f11c7,96,100000000.0,4288,faf7815bf9f76e0166372273b4438705cdd321b5c1aa84600393e04789c8538e
710,1,0,random,4d454bf0dabe79a8,673430b99b466eef,96,100000000.0,4288,6e54c41e756647796eddf7dd1567aefda1b41b52f6dc5a62ecf5e75ee84421ba
711,0,2,random,acfc8b1aa440ddd6,35dc02f0f3002833,96,100000000.0,4288,b596e07d4fccfd22b05a48d84498f90870d98208a84e9e0034b1e5c7c15cbe7d
712,3,0,random,d31e2a7260e94283,296034af9c74c654,96,100000000.0,4288,a367fdea6f8b3ac67019a3051d4a3074d6327d96007b5ae5164e5ba8364b539c
713,1,1,random,a4b42def37c69c97,59958384e980684b,96,100000000.0,4288,25f37f7638c5535f4a2f5613451e690159b22415d75486c526c291f3cc94a603
714,2,1,random,0c21ba764621622c,99d8f78b2b3c7bda,96,100000000.0,4288,be542c6d24c88d029b590201636b6350b52df7862cd5dacb8025e723099acbfb
715,1,1,random,e5ecfa2cf9f0e55f,3e8c4edcad5cdca7,96,100000000.0,4288,04d75e458b2ee769c5ab5e2860381f7011bccbcdf80475eb3f1d591e9c14fa3e
716,0,3,walking_one,0000100000000000,e47035947cde9e1f,96,100000000.0,4288,464c71c8a4461ec834bdcca18efa96279ad8c44b852b461ffba50db84d36c78f
717,3,0,walking_zero,ffffefffffffffff,9ffc7e29c4d53635,96,100000000.0,4288,881fdd447200d3309e26b304dd238cc85bc3692004f5a6210a054b0c1ec38e41
718,2,1,repeated_nibble,cccccccccccccccc,fe8d3ce3a8ba77f3,96,100000000.0,4288,66574fdead235eae93624334d98de084481815945a4eef0529925c012d1b3a5c
719,1,3,counter,5dcedffc82327efb,b95d21e20ddee425,96,100000000.0,4288,db27e1c052961ac6e1358a9cb68be9023f497bbf818d6e133d1eb4ad9846b809
720,3,1,random,a179fbdfcb254766,d9018e23a960e2eb,96,100000000.0,4288,1d7f5de1274d4675f4be0918935fa4f6920e408fe0908695d325378e1e725dda
721,2,0,random,5ece1c2749372a02,f339b62696b0aab5,96,100000000.0,4288,08476fb55dc29b0500b2dea835a30117d4de8606020ab70056f959b9fa2bf8b9
722,0,2,random,e740340eab2292b5,6419907c9ba53110,96,100000000.0,4288,00e2cf365d2725da3843354da32161c256dc4f7472efa64a1d055e9128e48502
723,3,3,random,81e3e6e6d4c6bba3,0abed5b2e7a92648,96,100000000.0,4288,095bffab3f6c3e066ccec4dd8cfc5bf9a86f16f08cbc21214a7264f82e93856f
724,0,3,random,6d0794f3d89e5fd3,41ca7ccead64ba2b,96,100000000.0,4288,f5767b0a67cb3daad47fc2dba560ef0a038b9b2ceb9335f36ae184477e3e13f3
725,3,3,random,dcbb22beb41456eb,c986f30def74e68b,96,100000000.0,4288,8478bcba9bbc7f469a4af1e37351adf46ea4ecdae78f1091a3e91b9c7cbb42c0
726,1,3,random,5affe2ab9f6e6d5b,f15b9c66301fd6b2,96,100000000.0,4288,4c23b2b30234398b1f23a323800bcce19b7373afc05a6982bb4fb1d2c2a80371
727,1,0,random,3d3badc8ac781f1c,74315bbc52cb0896,96,100000000.0,4288,5f0a757e93414534117e483117e2286e6c247c6f95dd7a4683a10aeecb750b81
728,1,2,random,d4ea832a9214ed3f,b0e9369435eb6fc1,96,100000000.0,4288,718764a4f63bfa3b4966d0ad5cdeca7c85318e794c93e73aeb3cb218e0005e54
729,2,0,random,571e13e1df2b9b39,5fcc1768c68e076b,96,100000000.0,4288,eb0d167cff3ea81fe1f0918cfadaaa17faecc99dfaa8ca2f73ffd060fee4ea21
730,2,2,random,c76a19a2883ced1f,a3347ed812ea184f,96,100000000.0,4288,195edda37354b5af3c978d5d0854683bdaa129175323d3883331e8de8e484a8f
731,3,3,random,80dcc139b7ecbf0d,e11ae6f6765001c9,96,100000000.0,4288,b6e58189aaa4b38a5a065d9feac20c201868290c671543e835f0e3a921bca6b5
732,0,1,walking_one,0000200000000000,9725be6b6074afe8,96,100000000.0,4288,c250bccb8a57821640d4e1c91edf155ac349a5bf3349a52522b1e8f3fceeee46
733,0,0,walking_zero,ffffdfffffffffff,ca3923354b3d57cf,96,100000000.0,4288,9cd922a3f44b77c244b3c7f4e05cabe30e6d9bf8eb4e84f37679f989341023db
734,0,3,repeated_nibble,dddddddddddddddd,80011769ce5116c8,96,100000000.0,4288,eb75b3aad75d619a8adf9fc1168bd410df42b899c515368412a914654e248f1e
735,2,1,counter,41467b9476da404b,2fdce710b40be77f,96,100000000.0,4288,85fcddc84b9119c3ff40215ec6cb26db5180cd7a68f341293da2733269c307c8
736,3,0,random,21c7de62eef2a2f7,4ef39219b50b566c,96,100000000.0,4288,640e821b5eb6fdc214f91a3bffee5d8bc3fec1eb3961b9e3539364af36da5a4c
737,2,3,random,de8217a220dc0553,397b12ba90298a84,96,100000000.0,4288,9b4eb8a5dfaf7469112d10e6411e1309428f54b460683fdf54a3e2f58bd1ada2
738,1,2,random,999ea6a552252cff,d90b8caa22622d7c,96,100000000.0,4288,a1ed5e2065d84ab77725a9bc094679d6f7aece12334ca23324ea1281ce30cc9d
739,1,2,random,91d5590b87af895b,61258d8db84e58f0,96,100000000.0,4288,c3c0114b81ff9c9e845d33b46e100c7364556d45d7ae181b3bb8f7230ac0176a
740,0,0,random,4e7ee6b43aa7d215,069edc932a5d5c62,96,100000000.0,4288,1374202dd237fd58d6baff0292e4e2283120d73b811bfa0a64a67feef8b6e9cd
741,1,2,random,30a6756e28e6f3cd,7313118667d3d582,96,100000000.0,4288,fb3a94b324bda2920fb4db5a557a2a7627b5ad923ad296b206296118f4a2c163
742,3,1,random,637ab31446d29cd8,0e0e29a3ef7e7a25,96,100000000.0,4288,970991be633ae2fda6ed45b3957473c99c69688fe875691f969f8c95036e3913
743,1,0,random,a776be880fb1cb8b,aaf2d56421636cc7,96,100000000.0,4288,c46b9a8233dba17179a780b5d6913c9480bb9722af732de132f588ae4b99f179
744,3,1,random,54a61e04466de089,4fa1eb86127410cc,96,100000000.0,4288,3aec0f3a05338ccf74200c322522c2bf9dd0dea2b17b0c1a7470d637a25b7153
745,2,2,random,a46448b3d0a185b2,71baa69ed05dc564,96,100000000.0,4288,8351d5ddc706f33cb05a926d9952575ca16d38cecfb735c631b795feec416448
746,1,1,random,fa50439bc539b250,6a4b7b14b902ef11,96,100000000.0,4288,fd99df678ae17b98daf3f145cfe73f8850bd6ff432d3e6e9b1709d736517c736
747,3,2,random,4a06f4018f5518a1,d4d7ec7b0848a589,96,100000000.0,4288,370f67092ee067bbd04dfeccd58bc944d0c847c20f40efa76c3cb0742e1a72f3
748,0,0,walking_one,0000400000000000,b858ea333d0e123f,96,100000000.0,4288,3811cd7b42775e1dd19f33267d9623f55dfb593b1c7b9b2b0a629dcc5f8b2f9c
749,2,0,walking_zero,ffffbfffffffffff,103166bc275ed4eb,96,100000000.0,4288,c95063e12e4d67fcb9120436115a0e9887f3fd5a7bb31e1aed5370d6e6b67bf9
750,0,2,repeated_nibble,eeeeeeeeeeeeeeee,b8ccb8d2575eae84,96,100000000.0,4288,f5c31840db1a284766bf95f9301df7dd81cce5900295e115fe0b233d020c9da7
751,0,3,counter,24be172c6b82019b,88180b76bae7673f,96,100000000.0,4288,b8732c51625d58a01c8854216a54b1666a03f7823c1a0448c78fc20a3488c1c9
752,0,2,random,702638d80f12bb5a,ef88670f6deca647,96,100000000.0,4288,17017bfb008690e2ce2c484b1259095c8b0f02e490407f9455c080d51a7569f4
753,1,1,random,47eb9ade5144db81,965a18961a237685,96,100000000.0,4288,841e32bb0faa1aabe74457eab16a35dc9409927cc6655b567a49e7120884bf4e
754,0,1,random,b4edbdce40c3e74b,d1259f0a31b14b85,96,100000000.0,4288,64734e4375d334ba5c7994c2bebea424c25847b3a8219932a477eee6ad2a8489
755,2,2,random,367d9f93ed49ea96,ac4decdc3c3bf785,96,100000000.0,4288,a9b15e0fee12e56a6185bae2048785d4302b2a3acb79cde16c4c91f7fb34e350
756,3,0,random,c0034b306748045f,b4c7dea63d7232d6,96,100000000.0,4288,f5a6c604867fa232cc4217b55fe578c21d79e0523ac70c417700480604c5d08b
757,3,0,random,d2106c4066586873,11bea313a44d718a,96,100000000.0,4288,341c65d6c52d64dfb6e5397ba6a8bb776fea3c98222ba5f87f201923a8ba2ced
758,3,3,random,ab994e7d2483a788,fe4a71e513141f9f,96,100000000.0,4288,5ae7f483a5193bd97b509d82045ddd2258a23c156476eb08ab6cc93635127fe7
759,2,1,random,fa3eed7def62c6c4,d851b1fbb523ab56,96,100000000.0,4288,5f8887eebfc3cfe5b74c1d1624cf429a6913cb27c16ebc1649052106a382ac6d
760,2,2,random,2e173b01823e2a8c,281c1fe5c2f0b052,96,100000000.0,4288,7e12100aeaa1225d9c20fef8c02242757526dd274142b7babe30e6183831c438
761,2,3,random,f8206c584f94896d,9ad9c9fcb8ecb931,96,100000000.0,4288,e9489e834f39411aa606d0d65d0228a4c720000768769068b108d26767207ebf
762,0,1,random,41d4bd81a415c24c,6fa491dbb142e88a,96,100000000.0,4288,ac037f35f79ce8683047030ce2036eb5ff2afe73aab36cbd6bab2143b4ea5c2b
763,2,2,random,58b1735ba2f76031,f403b411b073ec82,96,100000000.0,4288,c8bf6cb0bab46704a37a3bf9c025ce68e539948390fc9ca4613b27ade5e0fbee
764,0,0,walking_one,0000800000000000,193203df8bd2529d,96,100000000.0,4288,f731f93ad42530cf05a66e105279be95b52405f45ade109c6777a5a80b0e9eea
765,0,1,walking_zero,ffff7fffffffffff,4fb1341bc4114467,96,100000000.0,4288,445a8557b2ad1b96fcfe18649372b8cd121b78004788c298572a4dab46a0b2ac
766,3,3,repeated_nibble,ffffffffffffffff,955d1beaef010947,96,100000000.0,4288,2f1e9a9650e4503b006d0bd009bccfa681bbd531bb01a193b8283d5e2f572f82
767,3,1,counter,0835b2c46029c2eb,b70f3a73af0f650d,96,100000000.0,4288,1516662a51ca1a549cbf248a32037e673ade675b24ffccef2a4fdb9929d6a208
768,3,0,random,d0938c0004dd5f4b,332ff60396480273,96,100000000.0,4288,8f24e071c044b63ace74d7c2cce484ba979f8968f190d1c2f4c57840b3f4ede9
769,3,1,random,a775fc3b5d2ec0fb,4cf1b99e61300e65,96,100000000.0,4288,bce1b01a45f4e049c00c09d5b414ed594358472f31c0ee318ac43c2ff0b30e89
770,2,2,random,3416862b871a8ee2,b484486aa107aa9e,96,100000000.0,4288,9dd1cbf1dd2bcfbec917da2095d6450decfa7d14e6626fc29f98d7fa3012ad21
771,3,2,random,975e35626d395215,19dff76a2d0b0e73,96,100000000.0,4288,2d1465ff271ce78b3701a2630a3c14c06f126c8e32ed4ae25c06bf9dba1fc6a3
772,1,0,random,504669d440ac0b53,a50eb10052081eeb,96,100000000.0,4288,b34718c1d5c9d525366a318760a44c35dc8ea9c21cbf1872c8eb7f5731e65523
773,0,1,random,55aabea7c4bd0f3a,99160acd45edf722,96,100000000.0,4288,46b2a49c48d8505056fbdb90c9ddd64c74f0e93f43c4b0159920fcf55ccb752d
774,2,1,random,2e737310e22f1069,81e482d94b02e139,96,100000000.0,4288,863d40c804a8512670c4accfc84f1b993892fbf403b9e615684e7313443d7183
775,1,1,random,150428503b7fcf46,726e56a484e47031,96,100000000.0,4288,752f443cbec3bd58c837033d0eb4169e0f2e216ac1d72176ed3d55042d5a2712
776,2,0,random,b49fe029031edb45,45d70688ed47fa77,96,100000000.0,4288,e4bb5169d447e6992f01a66ac55051bcc45976a65be6cfb34f46984675f62d67
777,0,1,random,6d590564f8665d96,f55d6c69d102ac77,96,100000000.0,4288,29ef52ce10a8de0ea913eaae3f007df5048598fe4eeee816eab2d20ff4617ab2
778,2,0,random,0374b5c6558c3e87,ad9f07ef866255d4,96,100000000.0,4288,83f3a85acbce46a1edab490a609e51caad3d831902ffa83c060d5307853e0d43
779,3,3,random,735f4b5677dc5569,9068ddd7e88057dd,96,100000000.0,4288,e93293a7872f279de50279ac5a1c9bab5d416279c09232d86f1ab4bedeb4caed
780,1,3,walking_one,0001000000000000,d626f67e80327431,96,100000000.0,4288,6ffe8a7594ca5c96eda48625e2741c710c8da4a192f9ec37fe62af0e8ff0fd4b
781,2,1,walking_zero,fffeffffffffffff,046169aa2ea74b28,96,100000000.0,4288,ddb239763a11e746890cca39799279e91d2734baa6ab9a62a6ba506e33d9c367
782,1,2,repeated_nibble,0000000000000000,7ec99b4d2d6e6447,96,100000000.0,4288,1f59fb9b4a53a9f6b4caffb4479057b0bc643a30f5396fd01f564f59cd8d62b1
783,2,3,counter,ebad4e5c54d1843b,9d70207e3c055ef6,96,100000000.0,4288,617fbf9235a926064b96d199d7a9b35f4a1d5b511bad6f1ed23a340ec0651ab7
784,2,1,random,0023ec724e10a108,af5bf36b888520ec,96,100000000.0,4288,d4345fedf83fadfc9c9bc020548ba412818a83aa968685f5c35a96ea743565d3
785,2,3,random,db220ae34b431d5c,3fd95c4ebdbf9351,96,100000000.0,4288,50a09d3f610b54cf63d0d71b4395985f230da8f0c8ccea56d18287f30969c9b9
786,3,1,random,4e6d2e3b7516612c,65aa30534818de93,96,100000000.0,4288,283393dfe47571fc0d135374681ec9051386f6351e740bbb7750aae3a6c1e02f
787,1,0,random,8a9c868a38f3518e,ea16fbf365f89c04,96,100000000.0,4288,6746eb8119dd5c17e7da454218a3d7aecf83c071f295a8b265e13105b7578fc1
788,0,3,random,321d8e4270ed8d10,d7723f8eeb65a2ef,96,100000000.0,4288,6e1a89d82e71d9be1812bce926fd49ce0a69d739aeea1e349d8d4ca050d4316b
789,0,1,random,ae65200c63fb87c0,bec971f687d71144,96,100000000.0,4288,97db8db5b14f137afa9ebfda8e26c389106e5ff5e56fe6ee70ff97748e2fef1d
790,1,0,random,779a4c0b0e930d89,a9ae5919b8a159b1,96,100000000.0,4288,5581db45bae4dfb86d5e276c663fffbb3f0c7381ef67cbae8962bc13dd54c00e
791,3,2,random,a0b83ec91e83963a,49fb90b225aaf1e5,96,100000000.0,4288,4ea1911b642f94be98c0a7ca36dc9f4d20b0a2a9d69d6fdfcf4b5430a03838cd
792,0,2,random,9f3b4ba1ca484df2,1cab50e12d80b694,96,100000000.0,4288,50e2b78c2d549f7cb6509d10c3260e3e2ff183161b1ff620ba6f7141f093dd98
793,3,0,random,e8cc6e3bbda43255,f0fc1b3706dbd638,96,100000000.0,4288,7f7b017ce37601a7fbb0c649412ed36cf46640b0f4ba92ea65aba8a579fb5202
794,0,0,random,ce3d2352f1b11fd9,b2e15664d8157ac6,96,100000000.0,4288,1d78ce500967a54df23724e2c8d539f231da43406fd2c70107e9b476a1cb9cb0
795,2,2,random,999bf3b2ff716f7a,e88160497f94e313,96,100000000.0,4288,3294f07b19b993684c027c8b3ccba5399089fc12618c17b47b86774e0ccd49ea
796,3,2,walking_one,0002000000000000,3dd0c4339755b54f,96,100000000.0,4288,77f0f648629dc711c240370e57421441631babbe34713bfe1aa6c3dbd9be8e0b
797,0,3,walking_zero,fffdffffffffffff,e51986d46e45a587,96,100000000.0,4288,20702089b1b22199aae579aff2ac88c180f117b52d1abbf6b0f7c40201a534c7
798,3,0,repeated_nibble,1111111111111111,b6f6772e8fcb1673,96,100000000.0,4288,9fe30ba98d53dc3cbb94b8851c77a574c162a987ebae8fc9b0cb7c488716d07a
799,3,1,counter,cf24e9f44979458b,22e5c61fdae9fe52,96,100000000.0,4288,940adaa7a60952dc1c4996529bf1374959764539f1b24f95d274e3819d3bc529
800,2,3,random,d9f5b734f54dd29e,f5bbc0f065b0bdd9,96,100000000.0,4288,88bac563c64a701c86a01452c527c0e52d1bab59d95d5725b6d0e7086e6ec8d8
801,2,2,random,f39d1de4238b8d13,3569fad8ea58fc33,96,100000000.0,4288,5e21834250cf40e5bc83426305d8609f84d5e4ec6dd07d8a784c4fbdfe4e3cbb
802,2,3,random,f2c4910b83266762,db007b341fdd0b96,96,100000000.0,4288,8b636145a53629e2a70c5c32db691ab76190bf2c53443190b6719c7bd5228847
803,2,0,random,8b1aaed3568fbf3a,9266f7d0f444639e,96,100000000.0,4288,80cd701933bc4ea5d432c7e0e3d1466ff9f06dac499e35cc1063a6e504c1f9db
804,1,0,random,282bc770f87455cd,fb8652808cb6a301,96,100000000.0,4288,cf01b0e4ec2e2ae5f41628fd8effe2bd75441546481d2a535456cd567e736672
805,1,2,random,b70b53ee7aea0ed9,340ebe9832b3a86b,96,100000000.0,4288,a59a5e2cf836f3d620837d52f0445af53192596a1f10b9a05678f98dd4f4b430
806,1,2,random,e5363301848d4acf,8ef3a82aa7e3e89d,96,100000000.0,4288,1d1a36fa33f519cfd7c091ab51f2af13e14464a0719c9fffe1f7df3b257e37bb
807,2,3,random,694a51eb62133d5b,74a545df8c2591e2,96,100000000.0,4288,1b64d93c1b658441852cd84d30711b8e44a733268d8378274a3c56defa7db071
808,2,1,random,037729383563c917,87823e853502a6e6,96,100000000.0,4288,1b6f264c60dd5456402f7e2e42bd7821172bc01174ed3c8d516265923e53556b
809,2,1,random,7a3b073eba6663b1,96376a0d8fff5559,96,100000000.0,4288,624cff84bda4284d2ef43c5052b7521f5fb4789463431672a644eebe09f2a3aa
810,1,1,random,ffad42e43414a7e2,66eb8b80991250e7,96,100000000.0,4288,46dbcf22f2d2450d8a70c8c77547b053d597c9feb0cde959673c9dc4d5e201d2
811,1,2,random,547ad87bfeb6277f,0fa197db9d434dde,96,100000000.0,4288,83d5b1e8b29ca71bfbc0f266b6c7dbc28b10de9ab7ebe36c2041093422ca77c6
812,3,1,walking_one,0004000000000000,f732a58779d473e1,96,100000000.0,4288,ea088e5ce27ad1efcc4236e74a9e4ecdda4b0a8349e08a6352854ba358f61409
813,2,2,walking_zero,fffbffffffffffff,4e6b22909afd45a4,96,100000000.0,4288,a18428ca28a4ab87fc7350cda66a935c00122b0e94f48972f6c3eb6523f24495
814,2,3,repeated_nibble,2222222222222222,0da71028e2cafae8,96,100000000.0,4288,4a8bbd48fccd08773051cdedf3507ac8cc71e9bd904135fdb323f9cd2293b253
815,0,1,counter,b29c858c3e2106db,0be9e5d8325458a8,96,100000000.0,4288,c74268cd19ef4da1f50ceb35d6040357f487d85aabe8f4ee3405690e90eb3d8d
816,1,3,random,fd6f346210893fe7,5b575de982cec5d0,96,100000000.0,4288,e042474a58f8b3c46de34d49bf68a43176a271ac37fff6456328985daae1f888
817,0,0,random,ca02f220b8fb454e,a1d36d84da9c7c41,96,100000000.0,4288,f38d4067f3f91cdca31355e08ba1e8c2dfa56deb0ef46eda6c2a61e4661b152d
818,1,2,random,200614d877ba12eb,39d63c59d2087952,96,100000000.0,4288,94708f39ab08d4a906ab51cf7e790d6b1b478fa32d42fbd2f3fcc8f6f4e4b226
819,0,2,random,6f62ec0f8c5ad15a,7a12e2f0a9d28239,96,100000000.0,4288,5220fcec50a0ef2df17454b5912b525875a2d9610bec0b0d694a590cec457a2b
820,3,1,random,7815a16560355dbb,2d442a15a994dd59,96,100000000.0,4288,3bf178daad5242b259285abe809652fc4bbd83be17c2a42f35062f9bd7340b84
821,1,1,random,cfd1b4d8eaa4b69e,9b68d829ee464172,96,100000000.0,4288,fafc7a5bf13017e8dc3c22a9ff9cf2c5a49071c5aee086e6dfadc529fdccfabc
822,0,1,random,2b976737a7428db8,54b5e1a3691356bf,96,100000000.0,4288,0cb9c43cfd8656307f7b3e00b50baa5cd6068ab39874f2bdf7434b637e194603
823,0,1,random,059225888d967450,bc2d414c5396bb7b,96,100000000.0,4288,8f44845ba439813281cdac4df854ef5fc3529ac8367ce21e7421d5f954f1d9a9
824,1,0,random,33eda080863eb2b5,4c759f1aed8f112e,96,100000000.0,4288,ea8a52dd02013daf5e0803fde73aed8554fe1f77454d99629883bbdd7ce17012
825,0,0,random,4c6486f37646562f,b5ca3fe67d21ff2f,96,100000000.0,4288,e42eecb3133e3de991c140ab873dd214c28f40dd9fee93a9db2528ae8f72aaf4
826,0,2,random,6e71eecfa53dd03b,b7ab09935dac4052,96,100000000.0,4288,3557ee51b33404ba63817f6c7035768cf546ae18e2610efbfab4abdcc2f2c5f1
827,3,1,random,67c8a5a994c09337,83b8d4a00cdaa9ad,96,100000000.0,4288,37e34752656d9a5625061225265b67de9e3d518a84ac5f36efe1b87c97b1b955
828,0,1,walking_one,0008000000000000,e1ea45a6accb096c,96,100000000.0,4288,7a0ecb3119988b74916d89bc881a8e854302a3f5b1547136d39b9dad1e4d02f1
829,3,2,walking_zero,fff7ffffffffffff,574a3c79d95187ef,96,100000000.0,4288,60e1e9bd00557906f31faa28af4994bfc8b1ba4b78c023320b74215681f95475
830,3,2,repeated_nibble,3333333333333333,84b3dc8c304513c0,96,100000000.0,4288,48f365fe75712838a02efbd97d939667c23d5aeeb0f797e33192a9b8a4c8de5a
831,1,3,counter,9614212432c8c82b,21f4d0f3bb7f115b,96,100000000.0,4288,de44220442f48bf067450a93f6ecd5c24472361a04d38c3a23944ceb895af678
832,2,3,random,068ffc5c11ecbf33,f122750ec95f6c88,96,100000000.0,4288,d753359d7f522dd225ac130e72ab83932ad1059f7c33873f0d81a544b147339b
833,0,0,random,6dce6bceed2eecee,36ca89cd933f663c,96,100000000.0,4288,e1789365aa4a5e5961bb928c53fcb25792432ddc62a41367ca5484fc83eba82e
834,1,1,random,55d6d420530cdd27,4606988878149773,96,100000000.0,4288,8bacb8e7b452d343eeb6f37fb09424a53aaec60d7435afcb28fc9815e2b299d9
835,3,1,random,241326629ba589a6,de25eab8cc2dcf1c,96,100000000.0,4288,e07908ec6006fef59f3eda805b3198889e1a21df7a4e9af33c35fa2295dad1e8
836,0,0,random,4529506d30a3c7ae,9f8ed1ebeae5e37c,96,100000000.0,4288,75232849ad09a44dc988dea754d66a17ccd8cce8dbe1a8a0cdcfccd7664bf9b4
837,1,3,random,603a150ebf97ca6e,0a394df2f7182069,96,100000000.0,4288,ff601fc47e5835afcda3a802e8846ec7de676cf85bb58fba791a60d939c48d5e
838,0,2,random,f5ce840014a2075a,05812bdedf597f4d,96,100000000.0,4288,3a987d12cd08cd172ad897c372955e7771e422fa4c5516250df7e50cea15050f
839,2,2,random,6e004db269ba26bd,55856e4fb09087f7,96,100000000.0,4288,f8a891af533853ed778b03ba000812bda025b83ac0010410a7bd4c664cbc0dcf
840,0,2,random,acc8c4cfca55ec88,65423355afdb435d,96,100000000.0,4288,56459b87270615e8beb81a316d2c0e54479e0f0f31dbc59223aee95caa8fa0de
841,2,3,random,642542180a646495,492e3c1ce8a3e9b1,96,100000000.0,4288,199891292af6add9c20538aec911201a206ad962a8812ded3526e1a90ca03ab6
842,1,2,random,bb97f706dec6256d,cdfb171edd385ad3,96,100000000.0,4288,7a292138b7ce578aab1cdf5c318f02299968d1f61765765b2f79eebc9d77fdc1
843,3,3,random,61db0e3988506e29,da9e290ab038902b,96,100000000.0,4288,b945b48b60af1e68a2899ae85c308ee17f71a90233dabf331e6abdb17083e6df
844,0,1,walking_one,0010000000000000,6e7eccddf145c833,96,100000000.0,4288,4e11701e3dffb2020d953862f4c6cbd9d8496bb56c5ccab9f7130f0748c0dd53
845,1,1,walking_zero,ffefffffffffffff,fdc5b3b486971f47,96,100000000.0,4288,9a996442d0a74d82b2f6c2652b191d2bc6c7131c77ad985a469f33cb9bbadeaf
846,0,2,repeated_nibble,4444444444444444,5884a88d302210ed,96,100000000.0,4288,8b6357a1a03d10e9eb02281f2a4ddcb3035072b58f823adb58f61f351b6eb948
847,2,2,counter,798bbcbc2770897b,9364442d609cf7d3,96,100000000.0,4288,1447c550ca4a45d9448c85b81e17f182862e7ede3bfaefc0b01d33b95bba4aea
848,1,1,random,f4303ed8de60af25,f1f922285f51b485,96,100000000.0,4288,e24b216259c7a6ba7616b9be2dd56e4ad225ede942c5aa06c3ad273b8fe66bf4
849,1,0,random,e9d4daf91fe66cf6,a7fddfac4ed787a5,96,100000000.0,4288,1e5f1205592f8d733a079fc10b6e9aed953821adc5c9ebb4b6625a86097879f7
850,3,2,random,247038ccc86e3ed6,7115c518b759a28a,96,100000000.0,4288,ee9ca1256e6a7247376b68e270acffbdfa710c71a149ee2a8de00eae1df8f870
851,0,2,random,e9f22d3d0182047d,d8c45d3688a48c84,96,100000000.0,4288,0b5626dae227b57f068adb72a919d2607f0c7f319fdacf29b51387e6222d6671
852,3,2,random,4aeee647f96669ed,758e36a2e739c31b,96,100000000.0,4288,92a6f18013b5ec758f4f9153458e09d0391afeb24d7d56379aaaa0a527a868b3
853,3,2,random,17759ba391e5124d,7413692f8e218fd7,96,100000000.0,4288,d988f0315dfa23a08fc4490566972ddd04d3adca0c1cc4dbf6a0630902047282
854,1,3,random,a09b4006aa4b080b,36a23d96b3961959,96,100000000.0,4288,f6712ea481a8e8125a117b5d420373a1c6066afcf7d95daedee818765fac4443
855,0,0,random,fb1d39c5cc706afd,a86cb09def4bdaf6,96,100000000.0,4288,e86d2ccc7bdc07b481d1b97361446bdc75e47f8aad6466366a89c80bd33b1305
856,1,3,random,6f279d7672166327,8f4406fa7f2409e7,96,100000000.0,4288,69215f68ee8c9b1cb33847177154a5ddfa37314bec2d0ccdb340bbc48c447b9a
857,0,1,random,c53c5de42dde2bad,ba3660571af21443,96,100000000.0,4288,dc300e2dd1e84e115e3c2f92dfba6ee2e9d3598df544a5d33915aad81523ee7c
858,2,1,random,54db891e84c848c7,dda094cc66d6c645,96,100000000.0,4288,92dcf1cbd8623ce4f12eafd40c4ade565e8d21a5fbe22d49ff3445d0461e1a80
859,1,1,random,8dd048631a815206,823fd3541acba4da,96,100000000.0,4288,d48de78d5c7284eb7cf90c5a349f0eb6969e6103757573e5bd7212ba7d78a2b2
860,2,2,walking_one,0020000000000000,a27b8ad9cb2060c6,96,100000000.0,4288,6835d99b8f6107379280e408f620bd67b6a04410a25ab10a8b5cb3f577bff58c
861,3,3,walking_zero,ffdfffffffffffff,ba5d3204b0b0fbf5,96,100000000.0,4288,8adea5c74b0ca918ddcf50318fe93d58679a4d622e3d2fb4fc67e5ee8d5bc368
862,0,3,repeated_nibble,5555555555555555,e6ef47f6dd98ab14,96,100000000.0,4288,14c3d6d03e37f66d076ef96ab5ee97c5848f2029b26ce8b8fe0f57c297fa60fc
863,0,3,counter,5d0358541c184acb,84766de6366dfeff,96,100000000.0,4288,0b0871da25bb659b3cbe21d5e3ca30d75edab3e4e86647220afb2fa9496c31a3
864,1,3,random,0e98b6d068d22152,54df348f787a799e,96,100000000.0,4288,0c34eda4089bf5754d643c32e25e6034408a3d671a112f5af940729fb19ec879
865,2,2,random,a63f10924d4f30cf,015cf0d0aefc3404,96,100000000.0,4288,53b9da21a976b74e01ab94b5f9f31aab0f28338c16b402f3c9ef2bf120ebd19f
866,0,2,random,f5ec8ded28b1599e,a4f9cf7d646152f7,96,100000000.0,4288,13107488c58431ab3c5378492529f9be197105c78cb03594883ac233ddc6e13b
867,3,1,random,4c99a0f7280c9f3c,b794c104eb20fff4,96,100000000.0,4288,b273e1904dc309326c46f49e2e439f4d405bcfa016a3035c7f3a50ad1d77c92a
868,1,3,random,d65150412074155c,a437fd6d73ad4e7c,96,100000000.0,4288,54dfc1f7b829409f2d1dde2e363e3174e3b98bdfdd55589293e0515f56254509
869,3,1,random,22208ef3740c6d02,2ea33211a8269f38,96,100000000.0,4288,698b474bc183869dbd667e2168998faf5ed7d80ebd3192f707f6a465ef346c8d
870,0,2,random,d21534ef26bb31bf,e079367607e41fa8,96,100000000.0,4288,e8b0b5e410fdae9bf7ed5fdbcff4a212a51805594df37334822338281e6bcd6d
871,0,1,random,104d5e1e35de79d9,6e1d08f9b7e375bd,96,100000000.0,4288,ca66a8e41622aa45e1ebfdd3b849953399f6496dbbd092d161f70a30adf223da
872,3,2,random,47adef420a34b575,f346814ebb640058,96,100000000.0,4288,5d34075a57d027fe4fce38af625d2deafae38cb91112a8a6364d346ec9fb97d0
873,3,1,random,5ee629c20fd96cf4,9b31ea451e6a4962,96,100000000.0,4288,51adf964e3365e4394a7ee71c6c35049666a66bc215712f858bb26bf697aba1a
874,2,2,random,67846685acc6efaf,2ee281b718331438,96,100000000.0,4288,9cecfecca2d03bbe63a6143e9a132382a3be636f94971fdbebf6372561f07134
875,1,0,random,ef273f55af5e2d7e,7f323be2cb68f061,96,100000000.0,4288,05d18ccdb1b9351136a8c14e6a84dcc25286428e918e8d86085ddc7baa4858fe
876,3,3,walking_one,0040000000000000,fad9c465d4c67f4a,96,100000000.0,4288,522207ffc1327a033324bbcb8ef748d37f4a5db4bc5a41aaa7d45aa526e3c6c6
877,3,0,walking_zero,ffbfffffffffffff,5e75fd1d20f1ab50,96,100000000.0,4288,bbe88f30be326b5fa9a1c60f4116ff3cbba46bb49b371ed435cafdc6f2e1b27d
878,2,3,repeated_nibble,6666666666666666,812634c22eac38db,96,100000000.0,4288,f280b09c523f70ad390fd84061309627bf42c77dc778ec67141ba03396928f58
879,2,3,counter,407af3ec10c00c1b,cb96e183d918db7c,96,100000000.0,4288,dff20a858fc5bfd90e0aac960c7f1b3443b66c37371c2028d664a929d4a8685f
880,1,0,random,70e2a941a87177d1,2bedfd9956dd1dbc,96,100000000.0,4288,2b61b5fc1e3a36ca4a0c3b74761cb14096ba8e0677ef2d13c8345f0308b9ac56
881,2,0,random,33032644bf09b353,02c8171326d0bd94,96,100000000.0,4288,598eb338a289ad3abd8b590ebbd1790f39e3ef57a41040399a915616018a7b1d
882,3,0,random,f127c13ee2debb0c,a462789b45d9dd6e,96,100000000.0,4288,1f75fb566ba84bf1eee449cc37b07063ab1af61dc9d80b203fe4c07e4c1aa42d
883,3,3,random,d06c8a582c49c5d0,53b782f85d2d4ffd,96,100000000.0,4288,07e49114abdc29eab6ee81450e6757a3efb66abbd8d248d42963b1337aaba80d
884,2,3,random,3bbc52931c9ca63e,82c88a96321838cb,96,100000000.0,4288,d319dc236c49fdd6f4c53f3fa419e846bbd1853bd560b3df21925bdc607e1fc0
885,2,1,random,c38753d692300169,6a0da4734c1342b3,96,100000000.0,4288,d81d551372d021e268e8687b7cbf39d44535bd41e59650b27bed9e012413c729
886,0,3,random,8005690d3d0ee692,899013d33761d880,96,100000000.0,4288,09ea902023829665991b18a2d11503648e9f69f430e95e1dbe52ea868cfd08aa
887,1,0,random,2ef145606d7e994f,9498796c1b28b99f,96,100000000.0,4288,4751891490b9808d77613fa5ffedda31c1635054b42b0092a5653aaabf645be5
888,3,0,random,cd5bd3b25fe1f7f3,838e96d2ff0dc1dd,96,100000000.0,4288,e7f7e418ecf94f7a2f03c6be258ca3f38a2f5798f023e01474db4f92e516c958
889,1,0,random,e09f4d6ea20ec0bf,c7f792ac27433f5f,96,100000000.0,4288,e43f110cc80d2972651dc928088cd162ba89c9dbf25bdc11256fcf0043fa4af7
890,1,2,random,98ee199bd2c8b720,487624f0a605f0bc,96,100000000.0,4288,a89129b776cac07e385c1446b66aaa237d394fd84cc2924fa82da5f3de71e961
891,1,1,random,e124043fac76b1ac,96589dff860e1916,96,100000000.0,4288,e46d1c6991280a5b2687ef9ad42b2d3cfecbcdbdb719b5d577c5ae793c97feea
892,3,2,walking_one,0080000000000000,b9e5222a370f1fd5,96,100000000.0,4288,0064f44b75be0ae93902871f2d0731abb46980962865093c0cacfb5e33d50f6e
893,3,2,walking_zero,ff7fffffffffffff,94867b6f03f37417,96,100000000.0,4288,48b8e33404ec70cc911e1383ae875533d185bb1e9976ada2d7497a179f5cc0b3
894,2,2,repeated_nibble,7777777777777777,1bb1324f99a2785d,96,100000000.0,4288,67e8b8257710e7fa84f7ae98d8f5a4f215638cc78e4066f8b7734c6aeb0f136c
895,0,1,counter,23f28f840567cd6b,07e400a4732ed4af,96,100000000.0,4288,2e2fd6805186e9d6e1a70fba19ffc1ddb8f5a5fc6c68c0887924513d29815047
896,3,3,random,7aa0b9c17cf54daf,520d0a7fba5a3a48,96,100000000.0,4288,42a718c777942dd5b29c8b44168c3265d55d6d0cddf7c5a89c9c93b27900d102
897,2,3,random,e70cf2a43835b81f,e392c2751f78d134,96,100000000.0,4288,1b387604975596ae261220668e9e659723ee29d817a0e95d86f3775cd446f464
898,2,3,random,8d442b419cab3b25,5079087201902d6c,96,100000000.0,4288,ea2a1a2360b1a10828adf33a7862a04527f5d780bd2faa508ffdb962454be57e
899,1,3,random,ddfb06c5c8576718,e23124a645bd9104,96,100000000.0,4288,f2d304461d3bd4b4675e65041535b4cd9f892d53fdc40913d96b3d9bf3755e73
900,2,1,random,546988c01dc0b555,b62eb3bf420e81c6,96,100000000.0,4288,ded067e7f0769902c73517815a5ae82c68f1253a89e4de064abeeb5a7d3c83eb
901,0,2,random,6a05ce56415e35a9,76d8a4b911803cfd,96,100000000.0,4288,8f1e21db4ad5d9c8b95562f5963c140781e6ea0b61117b51e4dee0c4df9fa309
902,1,1,random,9e7dd2234fde6b76,687ed983cdbec8a9,96,100000000.0,4288,0f15c9799b0a8538d58b6d44ee67c2f0d4873a1d6a060fb0976538f9d98d1b5e
903,1,1,random,822cd760e6c354b3,5ad144472fb4aaa9,96,100000000.0,4288,aa6dd30fcebbde81fe686307d169963d205fc717594d47008dd70b32fde24df4
904,1,2,random,6307203d4b9f6137,5605fb63d5285ec9,96,100000000.0,4288,d2aff5e4b0b898127629fc1e855c98394334392376327a0808f6313d38d4534a
905,3,0,random,2d5d7c6480e5f027,c4b0cc51309c5ca6,96,100000000.0,4288,af3a6cbd6e2043544f3a07d49e4da07195d9b2497e72dbcd842530227e1de510
906,0,0,random,e92de2e87b664d80,70b0e7e6e600e27b,96,100000000.0,4288,d9dcafc28b3b9897c71e5fd701fb7026406aa4ef03519bfb9fb98e19cafd4f56
907,1,3,random,4a0d0cef8c733b6a,a4fd13472d2b454e,96,100000000.0,4288,34d4ed243e7a4f7f7608fec92184c1d2cb96c9092593cf3a3962307e50e3a34a
908,2,0,walking_one,0100000000000000,d60db04e2e961e75,96,100000000.0,4288,4c55bae30ace53db14d7e5adff504e45b831cf2989148dc0f2abaa2a0f5dc764
909,2,1,walking_zero,feffffffffffffff,ef4d844a10860359,96,100000000.0,4288,9f42db13d28d959e42658ed07688142af84bcfe57d373b1348e8de904f8a5f15
910,2,2,repeated_nibble,8888888888888888,f5d93fc7e4d0ec0c,96,100000000.0,4288,33607450dcbd0e20e61f6dbe5fabdae7e81252116ea58cf384113b6c49fa75fc
911,2,2,counter,076a2b1bfa0f8ebb,c224aa51699f3fb8,96,100000000.0,4288,250c6bd4773a671da0b2ef7c0d04de42052d76864d12993af04663b0f57a9ab5
912,2,3,random,128a7de6c7204fbe,0b6d4b41a036a80f,96,100000000.0,4288,29452e592e0b8c4b3546e52f303f8256d5fee781394b49e6637bda631f8515c4
913,3,1,random,b877465e11221b74,025ec19047629179,96,100000000.0,4288,0e1f38383ce1704d2e437458a6150f92057780c48a3a6f17bb23f7039184cd76
914,1,1,random,c3e915ceda3e03c7,caaf95f41fdd96a5,96,100000000.0,4288,d96f55caffcbcfa1e6ef3dd2aea7bcc65c3a66ace99a96a780b11016b3cb08dc
915,3,0,random,7c263078a2160543,64f170584c8faa3d,96,100000000.0,4288,9cd3a4f9e0ddd2fe95eac14ad47756e69191d24ef354ba5f49d69903ca963cb9
916,3,1,random,66321f6eb02e9b00,51160b640fc567d8,96,100000000.0,4288,24436e528ecc8860ad063eea5d50f76c4009d3fb8051e6569b35ccf452247f02
917,2,0,random,543b9d12e3b6a32d,28b2805fe2f43b26,96,100000000.0,4288,36b510fabad8d67d86fb917c760be666f7584473bce8e3a749d2a05c7844011c
918,3,3,random,9c0a1ae61918010c,201f9ff9710b59be,96,100000000.0,4288,30f5073f659388f444632d1de15c767a737675439250f446bfd93d307a4c32f5
919,1,2,random,244773097f9443f1,8e6f75bd30d5f6ca,96,100000000.0,4288,e40c5d71d2e156310f9939a541e90ea57f13315687186a74b26ef3f1f66309f2
920,3,0,random,4c95844d21b6850e,74c97d097718c4db,96,100000000.0,4288,7ddd010078d6d43c7f54f01902020593627e2358008f9f32d24d3db43b63e75b
921,3,1,random,0c9b0557c3a51964,671409ffbf3fd679,96,100000000.0,4288,8c62a699e052ffe5121c89368231bacc5405437d918b05b5d775f0ac48897eab
922,3,1,random,8b7b7f13db952570,c3901321c21793da,96,100000000.0,4288,15ca599032c97666942a3eb8a3bc960de1c048e7d8a73dd7167b6257baca000e
923,1,2,random,0fdd49da5f6111bc,013548fb0359d066,96,100000000.0,4288,81bfe4598ab515436c50cfeaa874681d8aadd78192a06cdef1f603ab2281eab6
924,3,2,walking_one,0200000000000000,61eae16b9af05c58,96,100000000.0,4288,24c76a88f4807042d280d9cb2313c6fd3d7fda8863be0a35c2c8c5b3d81457b2
925,2,3,walking_zero,fdffffffffffffff,467322f0e0cfb324,96,100000000.0,4288,ccce60196549b0266070ef6a60b3703eb5b0c00ffe76d9d8bd83765e0b986159
926,3,2,repeated_nibble,9999999999999999,a142ae1fbcc1e7b2,96,100000000.0,4288,72001e171856bd0e6e0c5c90c59dc87d699a3acac5d14a1e7af12e4e6f824a88
927,1,2,counter,eae1c6b3eeb7500b,2e9b14f204330fe4,96,100000000.0,4288,aa7af21373b2c32d9a30abd6d6cce840560c2d5d22b1301e497b72c37d24be3f
928,3,2,random,f8797993f6f7b2cf,17283682d44d7012,96,100000000.0,4288,6d8c73b5c8b52c47e457bc92b965f77f312db91731e45a2e914c2ebc4aa25d73
929,2,1,random,e22a39cfc095711e,40d246fc46663e61,96,100000000.0,4288,6d009803a81b4b63d2428d6d08fdad3ae08748bb729fd2c9b5731bf8f5805673
930,3,2,random,220df7417b2a9efa,aa00bfcb9df859d8,96,100000000.0,4288,719b43996e605ed731c954fe5864c6438addc6f37fe799b04da24d5c70ca8eb8
931,1,1,random,86664347144178c2,2dc4eb4911598bc8,96,100000000.0,4288,bb552d923db3cfa49dffe4d6d7b3d282e29ffb1eb8095ddeb4e60b51dd4fc083
932,0,0,random,c2e035668cb0b181,f758b2d234946d3c,96,100000000.0,4288,fdd8d6a8d6c4d4006a5b962de86aad59f185776fd7ca627c58f5f145744d4d78
933,2,1,random,6cb9661c7c3033d0,ec4a746f43974acb,96,100000000.0,4288,8f441ff67077f5e3b767eecb877d849f3dfc3411b56e28c51eb1e6d4408a2285
934,1,2,random,e331708b82d0f543,28fba0d8b449f86f,96,100000000.0,4288,9c4954973cc60e880c883e93860c4d59d56f4f98cd6106fe558e47f8df84def9
935,2,1,random,5ab00c21f7f95b7c,bf6c4312e91b07a7,96,100000000.0,4288,83d1dcddcc1f9b9cd57836a28f7105906e9f1439577328173405b629ef3e7e33
936,3,2,random,3f52c9064d8b7774,63246054e20837e8,96,100000000.0,4288,2524854f25b6cb867885c75fe7915416464867ee2c198e5db14bad9f7beb4591
937,2,2,random,f9741328ea9f8f78,c3dea04b4fb30e39,96,100000000.0,4288,61f2f4e9fadc4be892404c55642cb9a59a63aaa714e582c787924992f10775d2
938,2,2,random,31df21fdd7885c83,2222205145009dcf,96,100000000.0,4288,e7ee3371621c1a074b16b5d3043d1523012fca758e9cbfd8c38aabdf830475d6
939,1,2,random,cf4b13c57e5e5b72,2c902485a474b9e6,96,100000000.0,4288,88b4c6d011bbf500dacfd465cb19c04830f25284afcb4ed14d82095b1280af7d
940,2,3,walking_one,0400000000000000,890d820cb0b7f439,96,100000000.0,4288,d0d38f23e94608e433df9d6b908fd3ad10ebfc5c6ded772a47e66839a1a7d1af
941,3,2,walking_zero,fbffffffffffffff,ec6b763e5a1aa109,96,100000000.0,4288,31cdb047e87bac5545a8c3190b6b8a731a293db497292a1298b29ddc926bf9e9
942,2,3,repeated_nibble,aaaaaaaaaaaaaaaa,e84bee555df9d753,96,100000000.0,4288,ee906603ec602c73322cbcf0587598dc1b122d512a6085be5fa4de6d916d4dd4
943,1,0,counter,ce59624be35f115b,5e6974732b5d97f9,96,100000000.0,4288,a622f38c1125c40932f20666d1180ad933684935cc47a6a28a162605dbf242c8
944,0,0,random,57e3719d2e58a422,6610bceee2d11399,96,100000000.0,4288,9e5f5b8e65dc3bbf608bfe85cecc146e510e5693907b304aae6938a082d249ee
945,1,1,random,db5f2d187a9a1d8b,482aa9442c889b5f,96,100000000.0,4288,297e41ebe78743a5d879f6f21f42f5f98c46a327e6eddc2e035f8e00b20db7bb
946,2,1,random,59e24882bbabedfa,ec9b5ea258fd1864,96,100000000.0,4288,4c6a131f44d24b0a803512358306e1ac22d0e69ee613f6ccf5bf579c7b8b2073
947,0,2,random,11ff507c43e72e21,b0be6d5eab1e2cb3,96,100000000.0,4288,94f55277e53852d10e2571cffb0f76c1e26eb8a015cb01a35b6688847c560279
948,3,0,random,a333e52e18363784,395e1931ff2ba8a2,96,100000000.0,4288,6bf1cfb7279626df94c91c92f7fabf566a481ec6c29feaf54fc657f1985d8a98
949,2,3,random,beefd5ff27092273,e3538acd3bf62137,96,100000000.0,4288,ebc2069425e7149578d11b82c608b3559563381701b8575f20c5a9a61ce842ae
950,0,0,random,0f0919909235f8f0,4dbaed9413050bd3,96,100000000.0,4288,c5b00a8f53e6a1f5b44f3721a71eece69de7514351a67c15520ad3ebf6559ccd
951,1,3,random,8d942c8b55cf0f36,ed9053a53dcb214a,96,100000000.0,4288,a8705c0fc3908775c0a48d4547888a0d204ed8b025abd280426bb301e6143fbe
952,1,2,random,0284ad0cae1a23ae,0af3bb343779ff46,96,100000000.0,4288,c7b3959ccd399c46bbc5e7c71f59798ca5d2f2d558edfa76ea5ea008bd7f672b
953,2,0,random,f54ce5a35e0084c5,c3d3dbf877540b88,96,100000000.0,4288,891159c2d9c75702fd1c0dcd210ee2b74e8b316c2f186ca9a240a98c137a7da0
954,3,0,random,c97eb8799813f425,a403eb946c5d034f,96,100000000.0,4288,db8d57b312d7e2bab451293bffc00202f974bd268726d0cc4a8f95d9f4cd4e4f
955,1,1,random,005e455716cfbd15,68dbc001880239f8,96,100000000.0,4288,5b58478f56dda2f5c99ab8945f1fa5c9a58986c35e7f40dfece80df3923b74b0
956,2,2,walking_one,0800000000000000,28da95ba0931922f,96,100000000.0,4288,6c417088d961cb8002ea5ab60328157729f9c23858b8182371ede62013851d10
957,2,0,walking_zero,f7ffffffffffffff,3f37720a17ef3e92,96,100000000.0,4288,9053b00912f19d86c489dc5c003503abbcb970271873953259e0e0ea0464c73f
958,0,0,repeated_nibble,bbbbbbbbbbbbbbbb,689f41c7822da460,96,100000000.0,4288,41d9157673ef778d453f3be5d50bd3e5853a5595186631bd1fcc37417ed13583
959,1,0,counter,b1d0fde3d806d2ab,d95ede52b0414d2b,96,100000000.0,4288,6e261502c77ee3646ec848c4c35ec27ed21ba25d2253856c95cd786cae3b8d7c
960,1,0,random,4fd7aaf71dc54dbe,66a039050079bd3b,96,100000000.0,4288,0431542988c984e0c23eda3bbb0c0b7822dc173e3c73426fa05a86716ffe025c
961,3,0,random,6d7999515e91ae65,33eb21de0a893a1f,96,100000000.0,4288,e738e6474e50b2abce97fb0de4aaf809c2e620abfee5751219fce6b591f619a9
962,3,3,random,a9dc56a65faf43e8,cd4c8e18a94b212b,96,100000000.0,4288,39d8f39c46e475d2bb224c71a3aec3ad85152de2c37d017fb2f4013da0c603b3
963,0,1,random,4bdfcd81743a5c13,2d0ac8050c059b17,96,100000000.0,4288,5d2ea27e6cec89b42c00b3c53d934de2f6567c24c02b6b2d6a9e314acc9fcce9
964,0,0,random,930d5a577938540d,7d56d909193f76df,96,100000000.0,4288,8742d508c92f903721bb57112209277343f74397f0e205671796e9a071072972
965,1,1,random,8734adf099354f76,5a803ac9474c907c,96,100000000.0,4288,ba7f5ed85ec094269dd6226422cbc7ad15ac04a46b6ba6bed51ae744704e256c
966,2,3,random,846e8f58d2a7f1af,a5bb03b9ca30efb9,96,100000000.0,4288,bed0fc24ca1dfbffc37bda10a1edc139570b84284c7bd12eb2945b02b339e50c
967,1,0,random,4ec81aedc661687d,0b8220c59637f382,96,100000000.0,4288,034c07fd574cb21a237f637d97bbe812bb6f204d57bcf7d78bab21bdf6732e9d
968,3,3,random,78edf8fbc5b2c3ba,2d5a9bbbb8f7a27e,96,100000000.0,4288,493c59094f55f782fb2d04789c6b227c3213671ebae86e072c47f391a4c6269c
969,2,2,random,d2c24d2a0f6c57a2,e67b064f732ec810,96,100000000.0,4288,60b6767817810718a7b6e83414a61e372831dc121ad17499e318a533eb9cb0fe
970,2,1,random,d711b24e443076e1,97516f22ecff33c6,96,100000000.0,4288,1641d9920baf81adede22e524420427d6930009348822d5813d1b8d611aa24e3
971,1,3,random,5b61fe6b71d75d64,4e277aaa6c115e3c,96,100000000.0,4288,bfe8c734c5deef5fc77a2d491b355acc4ca478b4bc8bf8a2e93348431673e45b
972,2,2,walking_one,1000000000000000,1bf273a748c2f5de,96,100000000.0,4288,3be17c57bd2a45c73073ec484c0717b1790fd836af17017c2bb7396b76d5edcc
973,2,0,walking_zero,efffffffffffffff,52f57d53f85d7c3d,96,100000000.0,4288,d0f3ff58a337c97f54d7822132fe893d7bebdfe29cefe77095c9a2bf9e52e1f6
974,1,0,repeated_nibble,cccccccccccccccc,bcb68147b064fd0c,96,100000000.0,4288,e4159b91fed09a6908e81fa96163d3b4d2d8dd2fea4c5f13128eccd322be50d0
975,3,2,counter,9548997bccae93fb,0c09393df32fc70a,96,100000000.0,4288,b8ccbb954386e78a9fd4db6355e0b3a5f8de40a0cf848593a1ef326cfe71dca9
976,2,0,random,885fa034e1df7814,5e8530702f9e3b02,96,100000000.0,4288,af8eee30566bed17b298ea2b5945205dfd4519dcfd5558a4d9b229abaf625137
977,3,1,random,fae6a24ed3564cd9,c2cad38173a8a263,96,100000000.0,4288,1d8817e37e42dbf3f37ce46f4f1580411293c43c2e5be6b4783a753323a068aa
978,1,1,random,74367d1f74940fcc,092f4bcabf5e5cdc,96,100000000.0,4288,aacf1a678d101af43a053225c0bb119b22828d7b878cf6be079d826d4af15bd7
979,3,1,random,1e3b531f8a28bb6f,aedb924017348c61,96,100000000.0,4288,5d14df7b1c52a0442a81b90c53d39fa56f2b6f537e0fe3a2e129c6754093334a
980,2,3,random,bc7234db8a0296e4,46c95bc1ae58051c,96,100000000.0,4288,41adaaeca57e3c47dfaa3ae0e4fc8621eae8cdd85193003ccc8aa798d20fec75
981,1,3,random,a8d408774cebf2c5,042d5bde4fe03138,96,100000000.0,4288,477a9fbba08e38e499b797fbf5e3a9c0e8f7790dca2b0160ad4af7ee056d56be
982,3,1,random,2cecc0e9b50705b5,17a6fb1b4d677cbe,96,100000000.0,4288,de3708f6d4a720a2dcabfcfbfa22ef94977418ece46016bf888d575a7d0698bd
983,3,0,random,4d5d087c8e2b7ef6,b11bd4f7bcb142fc,96,100000000.0,4288,42334832482e9f8a63af88181a9cd4eff8c003320017987a412ef3715678da17
984,1,3,random,9dea0b1c61126894,761c4860620f22e2,96,100000000.0,4288,2f2aecf709bd672993649ab245be144f44724a5bbf9f32469c6d327ed2bc928b
985,0,0,random,733cd3eb2cec1a04,4de04d2d0f18cf8a,96,100000000.0,4288,7c1c835c9ea62fdb88186c550e838433be7b2022b1101cca0f5c9a345406f8b3
986,1,2,random,769bcaef92a0ded7,9cbcf54f14c19c9b,96,100000000.0,4288,ca7e09605500918c75d3906bc48d67c10f6aceffef59dfc9981dc6972e958bb6
987,1,1,random,eda800cc101e40e3,603292077f7990fc,96,100000000.0,4288,6d46a9d10163d85e9d89a41352e923cb7e6eb70e598ae22e31227725335d4506
988,3,0,walking_one,2000000000000000,ce53f2b7746a975b,96,100000000.0,4288,5a0bc051e5fa8da921e25864204df7164c6d25afff902454fec6d0ab3798d5cf
989,1,1,walking_zero,dfffffffffffffff,d2eb10849566fde0,96,100000000.0,4288,cce4dd33cc02491d631686fc3f645af7d66f926e37726434bdc5099eddfd5040
990,0,2,repeated_nibble,dddddddddddddddd,80011769ce5116c8,96,100000000.0,4288,f29101bae73e22f646a9517daa583fb7ccfe5c1ec5422714bc598b136e39cc27
991,1,1,counter,78c03513c156554b,81545146ab58dc54,96,100000000.0,4288,24a6d369d72af149ee03c42142d052baaa43f83afe19b210a0e4cdd4f184e33f
992,2,0,random,88cbe0f0edc5e3f3,fe44935baaad1420,96,100000000.0,4288,fc14f2d978275a46fa1432969120295d9ef7b44efa6774f20c91a8a817864032
993,2,0,random,038e3b1843da4421,63dc02740c3f4003,96,100000000.0,4288,a2e8451afd1bda2f63c87a91b3c1208f5d29e5b264801bc20ea76a03ac874248
994,1,0,random,afc55c885af8d4c2,0236fd59fec8e15b,96,100000000.0,4288,40bd960af78b69f9fa24e697d63155980e7792db93db8d7561281c3c3c6159d9
995,0,1,random,d61c55adfd20cb64,cafda078c75b190e,96,100000000.0,4288,aa28a7ae6fae99e2231f77a5246d8473ca1978493184e76052f65f00603fc1be
996,0,3,random,53ac007c89a2bf80,1945b0176387704d,96,100000000.0,4288,20a0f6c19e103e1e43254ac4df62dd205296c1b67f33f9755711609b90363715
997,0,2,random,e3d8cdacbfe01299,ac4d047d70bd648d,96,100000000.0,4288,826a2e2b2e328a7d590a246c6477b4ff40280606ee60b3cf33dca0819481dcde
998,1,3,random,5c9ff412acea31cb,68742ca6f4eb1098,96,100000000.0,4288,447b620cf131ccb46a9ffe512fc9912591b3012924b14d6add893a52bf6815f9
999,1,0,random,6a73b3705ca03d68,94ea8697e0d492a8,96,100000000.0,4288,6cd94a592a121a531d317bef51abd0fa6826fba26a7e581b425ec1fea15c140b
1000,3,2,random,8ebf5cf36b4d0d1b,d30188273292cc6d,96,100000000.0,4288,e24d7553903a779a1cb434e56e3a43b42a2fa1cd78db125cac19a779348d8eba
1001,1,0,random,1d62d2ae550e1a4f,775fd6374f6e3d08,96,100000000.0,4288,dfec9b334bf1848053dae6720fe9fb732b92d8c4f41c1253712952b08ca1c06b
1002,3,1,random,777946547c7c2ac4,74e209f780e6654e,96,100000000.0,4288,548e584631e64b36ae348f0f371fb2680b4474f6c577cc0249180757bad9c8a1
1003,3,2,random,54ee3a5144ce121d,cbff76626d78bbd0,96,100000000.0,4288,41658c366d2462f5129814a4602cb99e878c5eb66ac4a1f8e452d686920d795b
1004,0,1,walking_one,4000000000000000,512932ad083f77c1,96,100000000.0,4288,ee46131ad695bcc7fd3257ba34477eed6069787a348f3575b043507ddd24bfcd
1005,1,2,walking_zero,bfffffffffffffff,8cc2325f31e9e4e8,96,100000000.0,4288,f9f53b308153d0b6f0808225e0ba0a2610466fa8eaa42daded4626f0b8584902
1006,3,3,repeated_nibble,eeeeeeeeeeeeeeee,103834b94ecb0796,96,100000000.0,4288,d341a37f5887f1ea52d38d753ea40bf4e4e997ebdfa6e16f3ded8f158deb10fa
1007,3,3,counter,5c37d0abb5fe169b,f8f3d789b8d782b1,96,100000000.0,4288,011abe1203123a6fc202e99b5875ff01eab01f298b6122ea28eff95ea118cdf0
1008,0,2,random,f3dbf03fc85be06e,9108b6a0fd2270e3,96,100000000.0,4288,ad7b042704c6de0647cb5a6d5249fac712d3a58d325647548232ad457c53ada2
1009,3,0,random,53f6bd70efb47b34,d6387639176b8cea,96,100000000.0,4288,da6c974f9eeea66b091f6fa2633aa1522aef59b893a1ed59e906aa0a985f135c
1010,2,1,random,3ae600aadda8a97d,8804d43f6c6b1c09,96,100000000.0,4288,02840cdc831b9e9ec4a7279b69c6fd1a70351c5af91bd41bf1d3d765f6591d77
1011,3,0,random,4f47bf72c7171460,8bc22c1a2339154e,96,100000000.0,4288,253294b5b0c6f1390bc01a99829fba4ac15abd91fa22fcb788023fe8d9fb2eb4
1012,3,1,random,8db497eefd889e61,a2f5a82f61712508,96,100000000.0,4288,167b8d822028bf64343a6e621199181839cb33a26baeece9c127c6a650ca2770
1013,2,3,random,ceaeb79071cdc55b,30a234ad45da3321,96,100000000.0,4288,4413edf21cfc92a632fe0774777cf3f897997625ef691ac07c275345f0b068e2
1014,1,2,random,19ff31db540a179d,777c8b14f18a6637,96,100000000.0,4288,fee4e36364024285cb6f2f21fdbd707ae5e5603d27bf14b5c1b5211e42c20d60
1015,2,0,random,846613ecba620012,cab4e0ed2874db1e,96,100000000.0,4288,656c324140febbf191322c8e8f9502fefb41208e3a990415526fa60e69c20a23
1016,1,3,random,81a5a8416da6a031,2a8c319d26ed38de,96,100000000.0,4288,77e1f3037b6dd909ddd98881f069b1113394077e38fe6c91445ab3ddf65d8407
1017,3,1,random,7c0cec0494139973,67dd55769263d62f,96,100000000.0,4288,0f85f7548f00d52c32686872e1db8f29d12c5c4b8ce6bd1c02904f75ac292797
1018,3,2,random,a10fd847420383e9,6ebe61d74a64fe3e,96,100000000.0,4288,90a660bda46e7b1f042580361ec0cf594eacfd31d22bb4872a88f88cef1efb1b
1019,2,2,random,21a794885157fa69,479053a123a0fde1,96,100000000.0,4288,c85be6de60e4e1d34bb72c8b5aaa706652f7d99437bb45d1e88b3b7aea43da08
1020,1,1,walking_one,8000000000000000,257fd56da296b607,96,100000000.0,4288,44e49397d6e7332c63392e44455bb52e881b209995180da3fe3003d55eaebb9c
1021,3,2,walking_zero,7fffffffffffffff,2eb2b15480927c3d,96,100000000.0,4288,e2e97e4c0b871d55abac8c89b4133b820bde4dc70421ebe29611db17144969d3
1022,3,3,repeated_nibble,ffffffffffffffff,955d1beaef010947,96,100000000.0,4288,ee4dc442ef71a6ffc03059657bae06c6b611992468f154e145b73c94abcd88e6
1023,0,2,counter,3faf6c43aaa5d7eb,3f97e325ba5ff2e3,96,100000000.0,4288,4cfcee4072daef0f525e22335fa074c403db1d6a4cb7ca91e8144ba5ae9fec88
