pipeline,attack_type,key_id,target_sbox,target_sbox_index,injection_checkpoint,key_guess,key_guess_hex,sample_count,sei,chi,llr_known_model
sefa_random_raw,SEFA,0,S0,0,250,0,0,84,0.0052437641723356,7.047619047619047,-inf
sefa_random_raw,SEFA,0,S0,0,250,1,1,84,0.0143140589569161,19.238095238095237,
sefa_random_raw,SEFA,0,S0,0,250,2,2,84,0.013180272108843536,17.71428571428571,-inf
sefa_random_raw,SEFA,0,S0,0,250,3,3,84,0.02026643990929705,27.238095238095237,-inf
sefa_random_raw,SEFA,0,S0,0,250,4,4,84,0.013180272108843536,17.71428571428571,-inf
sefa_random_raw,SEFA,0,S0,0,250,5,5,84,0.0063775510204081625,8.571428571428571,-inf
sefa_random_raw,SEFA,0,S0,0,250,6,6,84,0.012329931972789115,16.57142857142857,-inf
sefa_random_raw,SEFA,0,S0,0,250,7,7,84,0.012896825396825396,17.333333333333332,-inf
sefa_random_raw,SEFA,0,S0,0,250,8,8,84,0.011479591836734693,15.428571428571427,-inf
sefa_random_raw,SEFA,0,S0,0,250,9,9,84,0.01459750566893424,19.619047619047617,-inf
sefa_random_raw,SEFA,0,S0,0,250,10,a,84,0.009495464852607709,12.761904761904761,-inf
sefa_random_raw,SEFA,0,S0,0,250,11,b,84,0.009778911564625849,13.14285714285714,-inf
sefa_random_raw,SEFA,0,S0,0,250,12,c,84,0.015164399092970519,20.380952380952376,-inf
sefa_random_raw,SEFA,0,S0,0,250,13,d,84,0.010345804988662131,13.904761904761905,-inf
sefa_random_raw,SEFA,0,S0,0,250,14,e,84,0.008928571428571428,12.0,-inf
sefa_random_raw,SEFA,0,S0,0,250,15,f,84,0.011763038548752835,15.80952380952381,-inf
sefa_random_raw,SEFA,0,S0,0,500,0,0,183,0.004596658604317835,13.459016393442623,-inf
sefa_random_raw,SEFA,0,S0,0,500,1,1,183,0.008538251366120218,24.999999999999996,-inf
sefa_random_raw,SEFA,0,S0,0,500,2,2,183,0.006627176087670578,19.40437158469945,-inf
sefa_random_raw,SEFA,0,S0,0,500,3,3,183,0.007343829317089193,21.502732240437158,-inf
sefa_random_raw,SEFA,0,S0,0,500,4,4,183,0.008777135775926424,25.69945355191257,-inf
sefa_random_raw,SEFA,0,S0,0,500,5,5,183,0.007821598136701604,22.901639344262296,-inf
sefa_random_raw,SEFA,0,S0,0,500,6,6,183,0.004954985219027144,14.508196721311478,-inf
sefa_random_raw,SEFA,0,S0,0,500,7,7,183,0.005014706321478693,14.683060109289615,-inf
sefa_random_raw,SEFA,0,S0,0,500,8,8,183,0.0076424348293469505,22.37704918032787,-inf
sefa_random_raw,SEFA,0,S0,0,500,9,9,183,0.005313311833736451,15.557377049180328,-inf
sefa_random_raw,SEFA,0,S0,0,500,10,a,183,0.003461957657738362,10.136612021857923,-inf
sefa_random_raw,SEFA,0,S0,0,500,11,b,183,0.003103631043029054,9.087431693989071,-inf
sefa_random_raw,SEFA,0,S0,0,500,12,c,183,0.0075229926244438465,22.02732240437158,-inf
sefa_random_raw,SEFA,0,S0,0,500,13,d,183,0.006866060497476785,20.103825136612027,-inf
sefa_random_raw,SEFA,0,S0,0,500,14,e,183,0.0038800053748992208,11.360655737704919,-inf
sefa_random_raw,SEFA,0,S0,0,500,15,f,183,0.006209128370509719,18.180327868852455,-inf
sefa_random_raw,SEFA,0,S0,0,1000,0,0,367,0.0012988254423152595,7.626702997275204,-inf
sefa_random_raw,SEFA,0,S0,0,1000,1,1,367,0.001892786344838851,11.114441416893733,-inf
sefa_random_raw,SEFA,0,S0,0,1000,2,2,367,0.0025461433376148027,14.950953678474121,-inf
sefa_random_raw,SEFA,0,S0,0,1000,3,3,367,0.0034073866462740092,20.00817438692098,-inf
sefa_random_raw,SEFA,0,S0,0,1000,4,4,367,0.004654704541573551,27.33242506811989,-inf
sefa_random_raw,SEFA,0,S0,0,1000,5,5,367,0.00267978454068261,15.735694822888286,-inf
sefa_random_raw,SEFA,0,S0,0,1000,6,6,367,0.0014473156679461574,8.498637602179835,-inf
sefa_random_raw,SEFA,0,S0,0,1000,7,7,367,0.0015958058935770555,9.37057220708447,-inf
sefa_random_raw,SEFA,0,S0,0,1000,8,8,367,0.001714598074081774,10.068119891008177,-inf
sefa_random_raw,SEFA,0,S0,0,1000,9,9,367,0.0039864985262345115,23.40871934604905,-inf
sefa_random_raw,SEFA,0,S0,0,1000,10,a,367,0.002070974615595929,12.160762942779295,-inf
sefa_random_raw,SEFA,0,S0,0,1000,11,b,367,0.0019521824350912107,11.46321525885559,-inf
sefa_random_raw,SEFA,0,S0,0,1000,12,c,367,0.0039864985262345115,23.40871934604905,-inf
sefa_random_raw,SEFA,0,S0,0,1000,13,d,367,0.002457049202236263,14.427792915531336,-inf
sefa_random_raw,SEFA,0,S0,0,1000,14,e,367,0.0017888431868972232,10.504087193460494,-inf
sefa_random_raw,SEFA,0,S0,0,1000,15,f,367,0.001833390254586492,10.76566757493188,-inf
sefa_random_raw,SEFA,0,S0,0,1500,0,0,571,0.0010840277756478476,9.903677758318736,-inf
sefa_random_raw,SEFA,0,S0,0,1500,1,1,571,0.0017219843516612934,15.732049036777576,-inf
sefa_random_raw,SEFA,0,S0,0,1500,2,2,571,0.0011392355562643958,10.40805604203152,-inf
sefa_random_raw,SEFA,0,S0,0,1500,3,3,571,0.0018692050999720884,17.077057793345,-inf
sefa_random_raw,SEFA,0,S0,0,1500,4,4,571,0.0017771921322778418,16.236427320490364,-inf
sefa_random_raw,SEFA,0,S0,0,1500,5,5,571,0.0013968718658082873,12.761821366024513,-inf
sefa_random_raw,SEFA,0,S0,0,1500,6,6,571,0.0009858806101073175,9.007005253940452,-inf
sefa_random_raw,SEFA,0,S0,0,1500,7,7,571,0.00101041740149245,9.231173380035022,-inf
sefa_random_raw,SEFA,0,S0,0,1500,8,8,571,0.0009858806101073173,9.00700525394045,-inf
sefa_random_raw,SEFA,0,S0,0,1500,9,9,571,0.0018692050999720889,17.077057793345002,-inf
sefa_random_raw,SEFA,0,S0,0,1500,10,a,571,0.0008938676424130705,8.166374781085812,-inf
sefa_random_raw,SEFA,0,S0,0,1500,11,b,571,0.000550352563021215,5.02802101576182,-inf
sefa_random_raw,SEFA,0,S0,0,1500,12,c,571,0.0020470968375143,18.702276707530647,-inf
sefa_random_raw,SEFA,0,S0,0,1500,13,d,571,0.0007098417070245764,6.48511383537653,-inf
sefa_random_raw,SEFA,0,S0,0,1500,14,e,571,0.0013293956894991732,12.145359019264447,-inf
sefa_random_raw,SEFA,0,S0,0,1500,15,f,571,0.0009552096208759015,8.726795096322236,-inf
sefa_random_raw,SEFA,0,S0,0,2000,0,0,766,0.0009812426289633172,12.026109660574416,-inf
sefa_random_raw,SEFA,0,S0,0,2000,1,1,766,0.0012334769478283994,15.117493472584863,-inf
sefa_random_raw,SEFA,0,S0,0,2000,2,2,766,0.0015743341354839146,19.295039164490856,-inf
sefa_random_raw,SEFA,0,S0,0,2000,3,3,766,0.001512979841705922,18.54308093994778,-inf
sefa_random_raw,SEFA,0,S0,0,2000,4,4,766,0.0014959369823231464,18.334203655352482,-inf
sefa_random_raw,SEFA,0,S0,0,2000,5,5,766,0.0010937255008896375,13.404699738903398,-inf
sefa_random_raw,SEFA,0,S0,0,2000,6,6,766,0.001086908357136527,13.321148825065276,-inf
sefa_random_raw,SEFA,0,S0,0,2000,7,7,766,0.0006131168662953597,7.514360313315929,-inf
sefa_random_raw,SEFA,0,S0,0,2000,8,8,766,0.0008108140351355589,9.93733681462141,-inf
sefa_random_raw,SEFA,0,S0,0,2000,9,9,766,0.001966319901287758,24.099216710182766,-inf
sefa_random_raw,SEFA,0,S0,0,2000,10,a,766,0.0012709712384705058,15.577023498694519,-inf
sefa_random_raw,SEFA,0,S0,0,2000,11,b,766,0.0007801368882465627,9.561357702349873,-inf
sefa_random_raw,SEFA,0,S0,0,2000,12,c,766,0.00135959410726094,16.66318537859008,-inf
sefa_random_raw,SEFA,0,S0,0,2000,13,d,766,0.0005858482912829181,7.180156657963444,-inf
sefa_random_raw,SEFA,0,S0,0,2000,14,e,766,0.0010391883508647551,12.736292428198439,-inf
sefa_random_raw,SEFA,0,S0,0,2000,15,f,766,0.000981242628963317,12.026109660574413,-inf
sefa_random_raw,SEFA,0,S0,0,3000,0,0,1180,0.000474719908072393,8.96271186440678,-inf
sefa_random_raw,SEFA,0,S0,0,3000,1,1,1180,0.0007806664751508188,14.738983050847459,-inf
sefa_random_raw,SEFA,0,S0,0,3000,2,2,1180,0.0006887388681413389,13.003389830508478,-inf
sefa_random_raw,SEFA,0,S0,0,3000,3,3,1180,0.0007619936799770182,14.386440677966105,-inf
sefa_random_raw,SEFA,0,S0,0,3000,4,4,1180,0.0007864119505889113,14.847457627118645,-inf
sefa_random_raw,SEFA,0,S0,0,3000,5,5,1180,0.0008093938523412814,15.281355932203391,-inf
sefa_random_raw,SEFA,0,S0,0,3000,6,6,1180,0.0009099396725079002,17.179661016949154,-inf
sefa_random_raw,SEFA,0,S0,0,3000,7,7,1180,0.0007232117207698939,13.654237288135597,-inf
sefa_random_raw,SEFA,0,S0,0,3000,8,8,1180,0.0007763573685722493,14.657627118644067,-inf
sefa_random_raw,SEFA,0,S0,0,3000,9,9,1180,0.0014083596667624242,26.58983050847457,-inf
sefa_random_raw,SEFA,0,S0,0,3000,10,a,1180,0.001348032174662453,25.450847457627113,-inf
sefa_random_raw,SEFA,0,S0,0,3000,11,b,1180,0.000644211433496122,12.162711864406784,-inf
sefa_random_raw,SEFA,0,S0,0,3000,12,c,1180,0.0010291582878483195,19.43050847457627,-inf
sefa_random_raw,SEFA,0,S0,0,3000,13,d,1180,0.0004991381786842862,9.423728813559324,-inf
sefa_random_raw,SEFA,0,S0,0,3000,14,e,1180,0.000724648089629417,13.681355932203394,-inf
sefa_random_raw,SEFA,0,S0,0,3000,15,f,1180,0.00093292157426027,17.613559322033897,-inf
sefa_random_raw,SEFA,0,S0,0,4000,0,0,1576,0.000505681671777165,12.751269035532994,-inf
sefa_random_raw,SEFA,0,S0,0,4000,1,1,1576,0.0004791092272411039,12.081218274111675,-inf
sefa_random_raw,SEFA,0,S0,0,4000,2,2,1576,0.00043079569172099254,10.862944162436548,-inf
sefa_random_raw,SEFA,0,S0,0,4000,3,3,1576,0.0005499690793372669,13.868020304568521,-inf
sefa_random_raw,SEFA,0,S0,0,4000,4,4,1576,0.0007947576593058312,20.04060913705584,-inf
sefa_random_raw,SEFA,0,S0,0,4000,5,5,1576,0.0003736246746888607,9.421319796954311,-inf
sefa_random_raw,SEFA,0,S0,0,4000,6,6,1576,0.00046864129454508006,11.817258883248739,-inf
sefa_random_raw,SEFA,0,S0,0,4000,7,7,1576,0.000699741039449612,17.644670050761416,-inf
sefa_random_raw,SEFA,0,S0,0,4000,8,8,1576,0.0006361282176814654,16.04060913705583,-inf
sefa_random_raw,SEFA,0,S0,0,4000,9,9,1576,0.001003311087634312,25.29949238578681,-inf
sefa_random_raw,SEFA,0,S0,0,4000,10,a,1576,0.0011490569197866475,28.974619289340104,-inf
sefa_random_raw,SEFA,0,S0,0,4000,11,b,1576,0.0005515795305212708,13.908629441624363,-inf
sefa_random_raw,SEFA,0,S0,0,4000,12,c,1576,0.0008430711948259424,21.258883248730964,-inf
sefa_random_raw,SEFA,0,S0,0,4000,13,d,1576,0.0004138859542889535,10.43654822335025,-inf
sefa_random_raw,SEFA,0,S0,0,4000,14,e,1576,0.0003905344121208998,9.847715736040609,-inf
sefa_random_raw,SEFA,0,S0,0,4000,15,f,1576,0.0007754322450977867,19.55329949238579,-inf
sefa_random_raw,SEFA,0,S0,0,6000,0,0,2395,0.0003900675990777585,14.947390396659706,-inf
sefa_random_raw,SEFA,0,S0,0,6000,1,1,2395,0.0003280037133729369,12.569102296450941,-inf
sefa_random_raw,SEFA,0,S0,0,6000,2,2,2395,0.0002736106450024189,10.484759916492692,-inf
sefa_random_raw,SEFA,0,S0,0,6000,3,3,2395,0.00024955217245392055,9.562839248434235,-inf
sefa_random_raw,SEFA,0,S0,0,6000,4,4,2395,0.000477584651391861,18.301043841336114,-inf
sefa_random_raw,SEFA,0,S0,0,6000,5,5,2395,0.0004266783181732994,16.350313152400833,-inf
sefa_random_raw,SEFA,0,S0,0,6000,6,6,2395,0.00036356841192289075,13.931941544885174,-inf
sefa_random_raw,SEFA,0,S0,0,6000,7,7,2395,0.00043818454417475516,16.791231732776616,-inf
sefa_random_raw,SEFA,0,S0,0,6000,8,8,2395,0.0004193561743541912,16.069728601252606,-inf
sefa_random_raw,SEFA,0,S0,0,6000,9,9,2395,0.0005051298590923157,19.35657620041754,-inf
sefa_random_raw,SEFA,0,S0,0,6000,10,a,2395,0.0006641249820215222,25.449269311064732,-inf
sefa_random_raw,SEFA,0,S0,0,6000,11,b,2395,0.00043365178847721214,16.61753653444677,-inf
sefa_random_raw,SEFA,0,S0,0,6000,12,c,2395,0.000699689680571476,26.81210855949896,-inf
sefa_random_raw,SEFA,0,S0,0,6000,13,d,2395,0.00035554892107339113,13.624634655532349,-inf
sefa_random_raw,SEFA,0,S0,0,6000,14,e,2395,0.00034125330695037074,13.076826722338208,-inf
sefa_random_raw,SEFA,0,S0,0,6000,15,f,2395,0.0004441119939330807,17.018371607515654,-inf
sefa_random_raw,SEFA,0,S0,0,8000,0,0,3230,0.00023270135820337574,12.026006191950458,-inf
sefa_random_raw,SEFA,0,S0,0,8000,1,1,3230,0.00019762002894688912,10.21300309597523,-inf
sefa_random_raw,SEFA,0,S0,0,8000,2,2,3230,0.0002741088288011962,14.16594427244582,-inf
sefa_random_raw,SEFA,0,S0,0,8000,3,3,3230,0.00027391712754842846,14.156037151702783,-inf
sefa_random_raw,SEFA,0,S0,0,8000,4,4,3230,0.000325676465795704,16.83095975232198,-inf
sefa_random_raw,SEFA,0,S0,0,8000,5,5,3230,0.0003095735605632182,15.998761609907115,-inf
sefa_random_raw,SEFA,0,S0,0,8000,6,6,3230,0.0002164067517181224,11.183900928792566,-inf
sefa_random_raw,SEFA,0,S0,0,8000,7,7,3230,0.00019033538134171716,9.836532507739943,-inf
sefa_random_raw,SEFA,0,S0,0,8000,8,8,3230,0.00038414534788984867,19.852631578947378,-inf
sefa_random_raw,SEFA,0,S0,0,8000,9,9,3230,0.0003714930652071811,19.19876160990712,-inf
sefa_random_raw,SEFA,0,S0,0,8000,10,a,3230,0.00040389057692492,20.873065015479867,-inf
sefa_random_raw,SEFA,0,S0,0,8000,11,b,3230,0.0003176250131794612,16.414860681114554,-inf
sefa_random_raw,SEFA,0,S0,0,8000,12,c,3230,0.00045622501893049854,23.577708978328165,-inf
sefa_random_raw,SEFA,0,S0,0,8000,13,d,3230,0.00028733621524216655,14.849535603715168,-inf
sefa_random_raw,SEFA,0,S0,0,8000,14,e,3230,0.0002141063366849102,11.065015479876159,-inf
sefa_random_raw,SEFA,0,S0,0,8000,15,f,3230,0.0003592241850300491,18.56470588235294,-inf
sefa_random_raw,SEFA,0,S5,5,250,0,0,120,0.009166666666666668,17.600000000000005,-inf
sefa_random_raw,SEFA,0,S5,5,250,1,1,120,0.009444444444444443,18.13333333333333,-inf
sefa_random_raw,SEFA,0,S5,5,250,2,2,120,0.010138888888888888,19.466666666666665,-inf
sefa_random_raw,SEFA,0,S5,5,250,3,3,120,0.010972222222222223,21.06666666666667,-inf
sefa_random_raw,SEFA,0,S5,5,250,4,4,120,0.005694444444444443,10.93333333333333,-inf
sefa_random_raw,SEFA,0,S5,5,250,5,5,120,0.008888888888888889,17.066666666666666,-inf
sefa_random_raw,SEFA,0,S5,5,250,6,6,120,0.005416666666666665,10.399999999999997,-inf
sefa_random_raw,SEFA,0,S5,5,250,7,7,120,0.00902777777777778,17.33333333333334,-inf
sefa_random_raw,SEFA,0,S5,5,250,8,8,120,0.005277777777777778,10.133333333333333,-inf
sefa_random_raw,SEFA,0,S5,5,250,9,9,120,0.010972222222222222,21.066666666666666,-inf
sefa_random_raw,SEFA,0,S5,5,250,10,a,120,0.009027777777777779,17.333333333333336,-inf
sefa_random_raw,SEFA,0,S5,5,250,11,b,120,0.01013888888888889,19.46666666666667,-inf
sefa_random_raw,SEFA,0,S5,5,250,12,c,120,0.003749999999999999,7.199999999999998,-inf
sefa_random_raw,SEFA,0,S5,5,250,13,d,120,0.00638888888888889,12.26666666666667,-inf
sefa_random_raw,SEFA,0,S5,5,250,14,e,120,0.010277777777777778,19.733333333333334,-inf
sefa_random_raw,SEFA,0,S5,5,250,15,f,120,0.01125,21.599999999999998,-inf
sefa_random_raw,SEFA,0,S5,5,500,0,0,225,0.006062962962962963,21.826666666666664,-inf
sefa_random_raw,SEFA,0,S5,5,500,1,1,225,0.004680246913580247,16.84888888888889,-inf
sefa_random_raw,SEFA,0,S5,5,500,2,2,225,0.0040876543209876545,14.715555555555556,-inf
sefa_random_raw,SEFA,0,S5,5,500,3,3,225,0.005154320987654322,18.555555555555557,-inf
sefa_random_raw,SEFA,0,S5,5,500,4,4,225,0.003139506172839506,11.302222222222222,-inf
sefa_random_raw,SEFA,0,S5,5,500,5,5,225,0.0017962962962962963,6.466666666666667,-inf
sefa_random_raw,SEFA,0,S5,5,500,6,6,225,0.0027444444444444443,9.879999999999999,-inf
sefa_random_raw,SEFA,0,S5,5,500,7,7,225,0.002625925925925926,9.453333333333333,-inf
sefa_random_raw,SEFA,0,S5,5,500,8,8,225,0.003969135802469137,14.288888888888891,-inf
sefa_random_raw,SEFA,0,S5,5,500,9,9,225,0.005707407407407408,20.546666666666667,-inf
sefa_random_raw,SEFA,0,S5,5,500,10,a,225,0.007208641975308641,25.951111111111107,-inf
sefa_random_raw,SEFA,0,S5,5,500,11,b,225,0.005509876543209876,19.835555555555555,-inf
sefa_random_raw,SEFA,0,S5,5,500,12,c,225,0.003218518518518519,11.586666666666668,-inf
sefa_random_raw,SEFA,0,S5,5,500,13,d,225,0.002665432098765432,9.595555555555556,-inf
sefa_random_raw,SEFA,0,S5,5,500,14,e,225,0.006537037037037037,23.533333333333335,-inf
sefa_random_raw,SEFA,0,S5,5,500,15,f,225,0.00558888888888889,20.120000000000005,-inf
sefa_random_raw,SEFA,0,S5,5,1000,0,0,448,0.0017438616071428575,12.500000000000002,-inf
sefa_random_raw,SEFA,0,S5,5,1000,1,1,448,0.002262037627551021,16.21428571428572,-inf
sefa_random_raw,SEFA,0,S5,5,1000,2,2,448,0.0019232302295918372,13.78571428571429,-inf
sefa_random_raw,SEFA,0,S5,5,1000,3,3,448,0.001933195153061225,13.85714285714286,-inf
sefa_random_raw,SEFA,0,S5,5,1000,4,4,448,0.0019431600765306123,13.928571428571429,-inf
sefa_random_raw,SEFA,0,S5,5,1000,5,5,448,0.0024214764030612247,17.357142857142858,-inf
sefa_random_raw,SEFA,0,S5,5,1000,6,6,448,0.0011260363520408162,8.07142857142857,-inf
sefa_random_raw,SEFA,0,S5,5,1000,7,7,448,0.0013751594387755102,9.857142857142858,-inf
sefa_random_raw,SEFA,0,S5,5,1000,8,8,448,0.0024812659438775515,17.78571428571429,-inf
sefa_random_raw,SEFA,0,S5,5,1000,9,9,448,0.0018734056122448979,13.428571428571427,-inf
sefa_random_raw,SEFA,0,S5,5,1000,10,a,448,0.0028101084183673464,20.14285714285714,-inf
sefa_random_raw,SEFA,0,S5,5,1000,11,b,448,0.002670599489795918,19.14285714285714,-inf
sefa_random_raw,SEFA,0,S5,5,1000,12,c,448,0.001963089923469388,14.071428571428573,-inf
sefa_random_raw,SEFA,0,S5,5,1000,13,d,448,0.0012954400510204083,9.285714285714286,-inf
sefa_random_raw,SEFA,0,S5,5,1000,14,e,448,0.0035176179846938774,25.214285714285715,-inf
sefa_random_raw,SEFA,0,S5,5,1000,15,f,448,0.0027004942602040817,19.357142857142858,-inf
sefa_random_raw,SEFA,0,S5,5,1500,0,0,665,0.0007867883995703544,8.37142857142857,-inf
sefa_random_raw,SEFA,0,S5,5,1500,1,1,665,0.0014470857595115607,15.396992481203005,-inf
sefa_random_raw,SEFA,0,S5,5,1500,2,2,665,0.001044575725026853,11.114285714285717,-inf
sefa_random_raw,SEFA,0,S5,5,1500,3,3,665,0.0013747244049974558,14.62706766917293,-inf
sefa_random_raw,SEFA,0,S5,5,1500,4,4,665,0.0015239696986827974,16.215037593984963,-inf
sefa_random_raw,SEFA,0,S5,5,1500,5,5,665,0.0015511052066255865,16.50375939849624,-inf
sefa_random_raw,SEFA,0,S5,5,1500,6,6,665,0.0005606591667137767,5.965413533834584,-inf
sefa_random_raw,SEFA,0,S5,5,1500,7,7,665,0.0006465882751992764,6.879699248120301,-inf
sefa_random_raw,SEFA,0,S5,5,1500,8,8,665,0.001750098931539375,18.62105263157895,-inf
sefa_random_raw,SEFA,0,S5,5,1500,9,9,665,0.0007506077223133018,7.986466165413531,-inf
sefa_random_raw,SEFA,0,S5,5,1500,10,a,665,0.0018631635479676634,19.82406015037594,-inf
sefa_random_raw,SEFA,0,S5,5,1500,11,b,665,0.0013204533891118773,14.049624060150375,-inf
sefa_random_raw,SEFA,0,S5,5,1500,12,c,665,0.0011983436033693258,12.750375939849626,-inf
sefa_random_raw,SEFA,0,S5,5,1500,13,d,665,0.0006465882751992762,6.879699248120298,-inf
sefa_random_raw,SEFA,0,S5,5,1500,14,e,665,0.0021706993046526086,23.096240601503755,-inf
sefa_random_raw,SEFA,0,S5,5,1500,15,f,665,0.0018495957939962684,19.679699248120297,-inf
sefa_random_raw,SEFA,0,S5,5,2000,0,0,889,0.0007945347523348108,11.30146231721035,-inf
sefa_random_raw,SEFA,0,S5,5,2000,1,1,889,0.0010349433964174054,14.721034870641175,-inf
sefa_random_raw,SEFA,0,S5,5,2000,2,2,889,0.0011513517924995036,16.37682789651294,-inf
sefa_random_raw,SEFA,0,S5,5,2000,3,3,889,0.0007287387023753639,10.365579302587175,-inf
sefa_random_raw,SEFA,0,S5,5,2000,4,4,889,0.001201964138622155,17.096737907761533,-inf
sefa_random_raw,SEFA,0,S5,5,2000,5,5,889,0.00113869870596884,16.19685039370078,-inf
sefa_random_raw,SEFA,0,S5,5,2000,6,6,889,0.0005642485774767469,8.025871766029248,-inf
sefa_random_raw,SEFA,0,S5,5,2000,7,7,889,0.0009590248772334284,13.641169853768286,-inf
sefa_random_raw,SEFA,0,S5,5,2000,8,8,889,0.0020041698246661796,28.50731158605174,-inf
sefa_random_raw,SEFA,0,S5,5,2000,9,9,889,0.0006730651216404473,9.573678290213723,-inf
sefa_random_raw,SEFA,0,S5,5,2000,10,a,889,0.0014929851288274004,21.236220472440944,-inf
sefa_random_raw,SEFA,0,S5,5,2000,11,b,889,0.0013588624116023743,19.32845894263217,-inf
sefa_random_raw,SEFA,0,S5,5,2000,12,c,889,0.001158943644417901,16.48481439820022,-inf
sefa_random_raw,SEFA,0,S5,5,2000,13,d,889,0.0005364117871092885,7.62992125984252,-inf
sefa_random_raw,SEFA,0,S5,5,2000,14,e,889,0.00218131303609546,31.026996625421827,-inf
sefa_random_raw,SEFA,0,S5,5,2000,15,f,889,0.001614454759521764,22.96400449943757,-inf
sefa_random_raw,SEFA,0,S5,5,3000,0,0,1359,0.000634008092562542,13.785871964679913,-inf
sefa_random_raw,SEFA,0,S5,5,3000,1,1,1359,0.0003492036032640978,7.593083149374543,-inf
sefa_random_raw,SEFA,0,S5,5,3000,2,2,1359,0.0005473755482892508,11.90213392200147,-inf
sefa_random_raw,SEFA,0,S5,5,3000,3,3,1359,0.0006502516946137839,14.139072847682119,-inf
sefa_random_raw,SEFA,0,S5,5,3000,4,4,1359,0.00057011659116099,12.396615158204566,-inf
sefa_random_raw,SEFA,0,S5,5,3000,5,5,1359,0.0011299794085271328,24.570272259013976,-inf
sefa_random_raw,SEFA,0,S5,5,3000,6,6,1359,0.0004022660366314885,8.746872700515086,-inf
sefa_random_raw,SEFA,0,S5,5,3000,7,7,1359,0.0005874431000156483,12.773362766740258,-inf
sefa_random_raw,SEFA,0,S5,5,3000,8,8,1359,0.0012133632323901755,26.383370125091975,-inf
sefa_random_raw,SEFA,0,S5,5,3000,9,9,1359,0.0006350909993659581,13.809418690213393,-inf
sefa_random_raw,SEFA,0,S5,5,3000,10,a,1359,0.0008040244606988751,17.48270787343634,-inf
sefa_random_raw,SEFA,0,S5,5,3000,11,b,1359,0.0007574594681519813,16.470198675496682,-inf
sefa_random_raw,SEFA,0,S5,5,3000,12,c,1359,0.0006134328632976353,13.338484179543782,-inf
sefa_random_raw,SEFA,0,S5,5,3000,13,d,1359,0.0003957685958109915,8.605592347314198,-inf
sefa_random_raw,SEFA,0,S5,5,3000,14,e,1359,0.0011397255697578783,24.782192788815305,-inf
sefa_random_raw,SEFA,0,S5,5,3000,15,f,1359,0.000799692833485211,17.38852097130243,-inf
sefa_random_raw,SEFA,0,S5,5,4000,0,0,1822,0.0005102142252093875,14.873765093304065,-inf
sefa_random_raw,SEFA,0,S5,5,4000,1,1,1822,0.0005499770460079937,16.032930845225035,-inf
sefa_random_raw,SEFA,0,S5,5,4000,2,2,1822,0.0004897303478282873,14.276619099890231,-inf
sefa_random_raw,SEFA,0,S5,5,4000,3,3,1822,0.0004349058524847543,12.678375411635557,-inf
sefa_random_raw,SEFA,0,S5,5,4000,4,4,1822,0.0005957645366245702,17.367727771679473,-inf
sefa_random_raw,SEFA,0,S5,5,4000,5,5,1822,0.00104701230599057,30.522502744237098,-inf
sefa_random_raw,SEFA,0,S5,5,4000,6,6,1822,0.0002830841730718948,8.252469813391876,-inf
sefa_random_raw,SEFA,0,S5,5,4000,7,7,1822,0.000554194314880573,16.155872667398466,-inf
sefa_random_raw,SEFA,0,S5,5,4000,8,8,1822,0.0006969789895664769,20.318331503841936,-inf
sefa_random_raw,SEFA,0,S5,5,4000,9,9,1822,0.0007867465698542389,22.935236004390774,-inf
sefa_random_raw,SEFA,0,S5,5,4000,10,a,1822,0.0006517939659316972,19.001097694840837,-inf
sefa_random_raw,SEFA,0,S5,5,4000,11,b,1822,0.0009060350322500577,26.412733260153683,-inf
sefa_random_raw,SEFA,0,S5,5,4000,12,c,1822,0.00045960699873843423,13.398463227222834,-inf
sefa_random_raw,SEFA,0,S5,5,4000,13,d,1822,0.0003861060269591927,11.255762897914385,-inf
sefa_random_raw,SEFA,0,S5,5,4000,14,e,1822,0.0013615000704886367,39.690450054884735,-inf
sefa_random_raw,SEFA,0,S5,5,4000,15,f,1822,0.0007319220745107065,21.336992316136115,-inf
sefa_random_raw,SEFA,0,S5,5,6000,0,0,2744,0.00046988287193261305,20.629737609329442,-inf
sefa_random_raw,SEFA,0,S5,5,6000,1,1,2744,0.00045846118539044124,20.128279883381932,-inf
sefa_random_raw,SEFA,0,S5,5,6000,2,2,2744,0.00026854244404967315,11.79008746355685,-inf
sefa_random_raw,SEFA,0,S5,5,6000,3,3,2744,0.0003036043655279686,13.329446064139933,-inf
sefa_random_raw,SEFA,0,S5,5,6000,4,4,2744,0.0003131667077493222,13.749271137026241,-inf
sefa_random_raw,SEFA,0,S5,5,6000,5,5,2744,0.0004632423565011179,20.33819241982508,-inf
sefa_random_raw,SEFA,0,S5,5,6000,6,6,2744,0.0002741204770121293,12.034985422740526,-inf
sefa_random_raw,SEFA,0,S5,5,6000,7,7,2744,0.000472539078105211,20.746355685131185,-inf
sefa_random_raw,SEFA,0,S5,5,6000,8,8,2744,0.0003681501755221039,16.163265306122447,-inf
sefa_random_raw,SEFA,0,S5,5,6000,9,9,2744,0.0004475707400827887,19.650145772594755,-inf
sefa_random_raw,SEFA,0,S5,5,6000,10,a,2744,0.0004130400598390126,18.13411078717201,-inf
sefa_random_raw,SEFA,0,S5,5,6000,11,b,2744,0.00042153991959132666,18.507288629737605,-inf
sefa_random_raw,SEFA,0,S5,5,6000,12,c,2744,0.0002889952315786789,12.688046647230317,-inf
sefa_random_raw,SEFA,0,S5,5,6000,13,d,2744,0.0004053370619384781,17.795918367346943,-inf
sefa_random_raw,SEFA,0,S5,5,6000,14,e,2744,0.0007206287346258789,31.638483965014586,-inf
sefa_random_raw,SEFA,0,S5,5,6000,15,f,2744,0.00039975902897602207,17.55102040816327,-inf
sefa_random_raw,SEFA,0,S5,5,8000,0,0,3658,0.00034509845478995386,20.197922361946418,-inf
sefa_random_raw,SEFA,0,S5,5,8000,1,1,3658,0.00035496321490738645,20.775287042099514,-inf
sefa_random_raw,SEFA,0,S5,5,8000,2,2,3658,0.00029726931482664486,17.39857845817387,-inf
sefa_random_raw,SEFA,0,S5,5,8000,3,3,3658,0.00031983869024683107,18.719518862766527,-inf
sefa_random_raw,SEFA,0,S5,5,8000,4,4,3658,0.0003817176400743623,22.341170038272274,-inf
sefa_random_raw,SEFA,0,S5,5,8000,5,5,3658,0.00030025863607435147,17.57353745215964,-inf
sefa_random_raw,SEFA,0,S5,5,8000,6,6,3658,0.0001923441390321355,11.257517769272827,-inf
sefa_random_raw,SEFA,0,S5,5,8000,7,7,3658,0.00032402373999362085,18.96446145434664,-inf
sefa_random_raw,SEFA,0,S5,5,8000,8,8,3658,0.0002817248443385693,16.488791689447783,-inf
sefa_random_raw,SEFA,0,S5,5,8000,9,9,3658,0.000256166147670676,14.992892290869325,-inf
sefa_random_raw,SEFA,0,S5,5,8000,10,a,3658,0.00039935463543583257,23.37342810278841,-inf
sefa_random_raw,SEFA,0,S5,5,8000,11,b,3658,0.00036243651802665336,21.212684527063967,-inf
sefa_random_raw,SEFA,0,S5,5,8000,12,c,3658,0.00023867861837159122,13.969382176052491,-inf
sefa_random_raw,SEFA,0,S5,5,8000,13,d,3658,0.0003876962825697759,22.691088026243843,-inf
sefa_random_raw,SEFA,0,S5,5,8000,14,e,3658,0.0004474827075239125,26.190267905959548,-inf
sefa_random_raw,SEFA,0,S5,5,8000,15,f,3658,0.00030369635550921435,17.774740295243298,-inf
sefa_random_raw,SEFA,1,S0,0,250,0,0,104,0.005917159763313609,9.846153846153847,-inf
sefa_random_raw,SEFA,1,S0,0,250,1,1,104,0.008136094674556213,13.538461538461538,-inf
sefa_random_raw,SEFA,1,S0,0,250,2,2,104,0.007951183431952662,13.23076923076923,-inf
sefa_random_raw,SEFA,1,S0,0,250,3,3,104,0.0059171597633136085,9.846153846153845,-inf
sefa_random_raw,SEFA,1,S0,0,250,4,4,104,0.008875739644970414,14.76923076923077,-inf
sefa_random_raw,SEFA,1,S0,0,250,5,5,104,0.009800295857988167,16.30769230769231,-inf
sefa_random_raw,SEFA,1,S0,0,250,6,6,104,0.006656804733727811,11.076923076923077,-inf
sefa_random_raw,SEFA,1,S0,0,250,7,7,104,0.0029585798816568042,4.9230769230769225,-inf
sefa_random_raw,SEFA,1,S0,0,250,8,8,104,0.008136094674556211,13.538461538461535,-inf
sefa_random_raw,SEFA,1,S0,0,250,9,9,104,0.00610207100591716,10.153846153846153,-inf
sefa_random_raw,SEFA,1,S0,0,250,10,a,104,0.008136094674556213,13.538461538461538,-inf
sefa_random_raw,SEFA,1,S0,0,250,11,b,104,0.008505917159763312,14.153846153846152,-inf
sefa_random_raw,SEFA,1,S0,0,250,12,c,104,0.0055473372781065095,9.230769230769232,-inf
sefa_random_raw,SEFA,1,S0,0,250,13,d,104,0.0064718934911242604,10.76923076923077,-inf
sefa_random_raw,SEFA,1,S0,0,250,14,e,104,0.009245562130177515,15.384615384615385,-inf
sefa_random_raw,SEFA,1,S0,0,250,15,f,104,0.0073964497041420114,12.307692307692307,-inf
sefa_random_raw,SEFA,1,S0,0,500,0,0,205,0.005626115407495538,18.453658536585365,-inf
sefa_random_raw,SEFA,1,S0,0,500,1,1,205,0.006530339083878643,21.41951219512195,-inf
sefa_random_raw,SEFA,1,S0,0,500,2,2,205,0.004388756692444973,14.39512195121951,-inf
sefa_random_raw,SEFA,1,S0,0,500,3,3,205,0.004245984533016061,13.926829268292682,-inf
sefa_random_raw,SEFA,1,S0,0,500,4,4,205,0.005578524687685901,18.297560975609755,-inf
sefa_random_raw,SEFA,1,S0,0,500,5,5,205,0.0074821534800713855,24.541463414634144,-inf
sefa_random_raw,SEFA,1,S0,0,500,6,6,205,0.0030562165377751344,10.02439024390244,-inf
sefa_random_raw,SEFA,1,S0,0,500,7,7,205,0.003532123735871505,11.585365853658537,-inf
sefa_random_raw,SEFA,1,S0,0,500,8,8,205,0.005673706127305174,18.60975609756097,-inf
sefa_random_raw,SEFA,1,S0,0,500,9,9,205,0.0041508030933967875,13.614634146341462,-inf
sefa_random_raw,SEFA,1,S0,0,500,10,a,205,0.005721296847114812,18.765853658536585,-inf
sefa_random_raw,SEFA,1,S0,0,500,11,b,205,0.004864663890541344,15.956097560975607,-inf
sefa_random_raw,SEFA,1,S0,0,500,12,c,205,0.004150803093396788,13.614634146341466,-inf
sefa_random_raw,SEFA,1,S0,0,500,13,d,205,0.004245984533016062,13.926829268292684,-inf
sefa_random_raw,SEFA,1,S0,0,500,14,e,205,0.005197798929208804,17.048780487804876,-inf
sefa_random_raw,SEFA,1,S0,0,500,15,f,205,0.004436347412254611,14.551219512195123,-inf
sefa_random_raw,SEFA,1,S0,0,1000,0,0,395,0.0032651017465149816,20.635443037974685,-inf
sefa_random_raw,SEFA,1,S0,0,1000,1,1,395,0.00422648614004166,26.711392405063293,-inf
sefa_random_raw,SEFA,1,S0,0,1000,2,2,395,0.0030215510334882234,19.096202531645574,-inf
sefa_random_raw,SEFA,1,S0,0,1000,3,3,395,0.002124258932863324,13.425316455696207,-inf
sefa_random_raw,SEFA,1,S0,0,1000,4,4,395,0.0023934465630507935,15.126582278481015,-inf
sefa_random_raw,SEFA,1,S0,0,1000,5,5,395,0.0044828553116487745,28.331645569620253,-inf
sefa_random_raw,SEFA,1,S0,0,1000,6,6,395,0.0012910591251402022,8.159493670886079,-inf
sefa_random_raw,SEFA,1,S0,0,1000,7,7,395,0.0035086524595417403,22.1746835443038,-inf
sefa_random_raw,SEFA,1,S0,0,1000,8,8,395,0.003931661592693479,24.848101265822788,-inf
sefa_random_raw,SEFA,1,S0,0,1000,9,9,395,0.0027010895689793305,17.070886075949367,-inf
sefa_random_raw,SEFA,1,S0,0,1000,10,a,395,0.0016243390482294508,10.26582278481013,-inf
sefa_random_raw,SEFA,1,S0,0,1000,11,b,395,0.0035855632110238745,22.660759493670888,-inf
sefa_random_raw,SEFA,1,S0,0,1000,12,c,395,0.001573065213908028,9.941772151898737,-inf
sefa_random_raw,SEFA,1,S0,0,1000,13,d,395,0.002495994231693639,15.7746835443038,-inf
sefa_random_raw,SEFA,1,S0,0,1000,14,e,395,0.002636997276077552,16.66582278481013,-inf
sefa_random_raw,SEFA,1,S0,0,1000,15,f,395,0.0020986220157026125,13.263291139240511,-inf
sefa_random_raw,SEFA,1,S0,0,1500,0,0,604,0.0026670979343011267,25.77483443708609,-inf
sefa_random_raw,SEFA,1,S0,0,1500,1,1,604,0.0024752203850708305,23.920529801324506,-inf
sefa_random_raw,SEFA,1,S0,0,1500,2,2,604,0.001954409894302882,18.887417218543053,-inf
sefa_random_raw,SEFA,1,S0,0,1500,3,3,604,0.00135136616815052,13.059602649006626,-inf
sefa_random_raw,SEFA,1,S0,0,1500,4,4,604,0.002118876365071707,20.476821192052974,-inf
sefa_random_raw,SEFA,1,S0,0,1500,5,5,604,0.00308922854260778,29.854304635761586,-inf
sefa_random_raw,SEFA,1,S0,0,1500,6,6,604,0.0012197929915354587,11.788079470198673,-inf
sefa_random_raw,SEFA,1,S0,0,1500,7,7,604,0.001789943423534055,17.298013245033108,-inf
sefa_random_raw,SEFA,1,S0,0,1500,8,8,604,0.002014714266918118,19.470198675496693,-inf
sefa_random_raw,SEFA,1,S0,0,1500,9,9,604,0.002042125345379588,19.735099337748338,-inf
sefa_random_raw,SEFA,1,S0,0,1500,10,a,604,0.0016967457567650542,16.397350993377483,-inf
sefa_random_raw,SEFA,1,S0,0,1500,11,b,604,0.0023052716986097102,22.27814569536424,-inf
sefa_random_raw,SEFA,1,S0,0,1500,12,c,604,0.0015377615016885222,14.86092715231788,-inf
sefa_random_raw,SEFA,1,S0,0,1500,13,d,604,0.0015432437173808168,14.913907284768213,-inf
sefa_random_raw,SEFA,1,S0,0,1500,14,e,604,0.0021353230121485905,20.635761589403977,-inf
sefa_random_raw,SEFA,1,S0,0,1500,15,f,604,0.0012855795798429898,12.423841059602653,-inf
sefa_random_raw,SEFA,1,S0,0,2000,0,0,790,0.0013775837205576027,17.412658227848098,-inf
sefa_random_raw,SEFA,1,S0,0,2000,1,1,790,0.00186468514661112,23.569620253164558,-inf
sefa_random_raw,SEFA,1,S0,0,2000,2,2,790,0.0014192437109437593,17.939240506329117,-inf
sefa_random_raw,SEFA,1,S0,0,2000,3,3,790,0.0007398654061849062,9.351898734177214,-inf
sefa_random_raw,SEFA,1,S0,0,2000,4,4,790,0.00123658067617369,15.630379746835443,-inf
sefa_random_raw,SEFA,1,S0,0,2000,5,5,790,0.002608155744271751,32.96708860759493,-inf
sefa_random_raw,SEFA,1,S0,0,2000,6,6,790,0.0009000961384393526,11.377215189873416,-inf
sefa_random_raw,SEFA,1,S0,0,2000,7,7,790,0.0016083159750040058,20.329113924050635,-inf
sefa_random_raw,SEFA,1,S0,0,2000,8,8,790,0.0014320621695241148,18.10126582278481,-inf
sefa_random_raw,SEFA,1,S0,0,2000,9,9,790,0.0017012497997115844,21.503797468354428,-inf
sefa_random_raw,SEFA,1,S0,0,2000,10,a,790,0.001380788335202692,17.453164556962026,-inf
sefa_random_raw,SEFA,1,S0,0,2000,11,b,790,0.0013551514180419806,17.129113924050635,-inf
sefa_random_raw,SEFA,1,S0,0,2000,12,c,790,0.0015410190674571382,19.47848101265823,-inf
sefa_random_raw,SEFA,1,S0,0,2000,13,d,790,0.0014064252523634034,17.77721518987342,-inf
sefa_random_raw,SEFA,1,S0,0,2000,14,e,790,0.0017877743951289853,22.597468354430376,-inf
sefa_random_raw,SEFA,1,S0,0,2000,15,f,790,0.0012205576029482457,15.427848101265827,-inf
sefa_random_raw,SEFA,1,S0,0,3000,0,0,1186,0.0010349453574444972,19.63912310286678,-inf
sefa_random_raw,SEFA,1,S0,0,3000,1,1,1186,0.0007790083293283924,14.782462057335575,-inf
sefa_random_raw,SEFA,1,S0,0,3000,2,2,1186,0.0005898993029981602,11.193929173693087,-inf
sefa_random_raw,SEFA,1,S0,0,3000,3,3,1186,0.00055435249353759,10.519392917369307,-inf
sefa_random_raw,SEFA,1,S0,0,3000,4,4,1186,0.001034945357444497,19.639123102866776,-inf
sefa_random_raw,SEFA,1,S0,0,3000,5,5,1186,0.001360554132103319,25.817875210792582,-inf
sefa_random_raw,SEFA,1,S0,0,3000,6,6,1186,0.0005756805792139323,10.92411467116358,-inf
sefa_random_raw,SEFA,1,S0,0,3000,7,7,1186,0.001131632679177248,21.473861720067458,-inf
sefa_random_raw,SEFA,1,S0,0,3000,8,8,1186,0.0005884774306197374,11.166947723440137,-inf
sefa_random_raw,SEFA,1,S0,0,3000,9,9,1186,0.0008756956510611433,16.617200674536253,-inf
sefa_random_raw,SEFA,1,S0,0,3000,10,a,1186,0.0004747276403459128,9.00843170320404,-inf
sefa_random_raw,SEFA,1,S0,0,3000,11,b,1186,0.0007733208398147016,14.674536256323778,-inf
sefa_random_raw,SEFA,1,S0,0,3000,12,c,1186,0.0008458363311142645,16.050590219224283,-inf
sefa_random_raw,SEFA,1,S0,0,3000,13,d,1186,0.0007178678170562126,13.62225969645869,-inf
sefa_random_raw,SEFA,1,S0,0,3000,14,e,1186,0.0010619609326345302,20.151770657672845,-inf
sefa_random_raw,SEFA,1,S0,0,3000,15,f,1186,0.0005742587068355091,10.89713322091062,-inf
sefa_random_raw,SEFA,1,S0,0,4000,0,0,1590,0.0008274000237332381,21.049056603773575,-inf
sefa_random_raw,SEFA,1,S0,0,4000,1,1,1590,0.0006217119575966137,15.816352201257853,-inf
sefa_random_raw,SEFA,1,S0,0,4000,2,2,1590,0.0005117479530081877,13.018867924528294,-inf
sefa_random_raw,SEFA,1,S0,0,4000,3,3,1590,0.0004824769589810528,12.274213836477983,-inf
sefa_random_raw,SEFA,1,S0,0,4000,4,4,1590,0.0006058897986630273,15.413836477987415,-inf
sefa_random_raw,SEFA,1,S0,0,4000,5,5,1590,0.0012387761560064868,31.514465408805027,-inf
sefa_random_raw,SEFA,1,S0,0,4000,6,6,1590,0.0006644317867172973,16.90314465408804,-inf
sefa_random_raw,SEFA,1,S0,0,4000,7,7,1590,0.0012451050195799213,31.675471698113196,-inf
sefa_random_raw,SEFA,1,S0,0,4000,8,8,1590,0.00042789051066017945,10.885534591194965,-inf
sefa_random_raw,SEFA,1,S0,0,4000,9,9,1590,0.0007206004509315294,18.332075471698108,-inf
sefa_random_raw,SEFA,1,S0,0,4000,10,a,1590,0.0004563703967406351,11.610062893081757,-inf
sefa_random_raw,SEFA,1,S0,0,4000,11,b,1590,0.0007522447687987024,19.13710691823899,-inf
sefa_random_raw,SEFA,1,S0,0,4000,12,c,1590,0.0008542976939203353,21.73333333333333,-inf
sefa_random_raw,SEFA,1,S0,0,4000,13,d,1590,0.000992741584589217,25.25534591194968,-inf
sefa_random_raw,SEFA,1,S0,0,4000,14,e,1590,0.0011533364977651197,29.340880503144646,-inf
sefa_random_raw,SEFA,1,S0,0,4000,15,f,1590,0.0003986195166330444,10.14088050314465,-inf
sefa_random_raw,SEFA,1,S0,0,6000,0,0,2421,0.00040971485390209995,15.870714580751743,-inf
sefa_random_raw,SEFA,1,S0,0,6000,1,1,2421,0.000421316492531189,16.320115654688138,-inf
sefa_random_raw,SEFA,1,S0,0,6000,2,2,2421,0.0003827581053227466,14.826517967781912,-inf
sefa_random_raw,SEFA,1,S0,0,6000,3,3,2421,0.00016710411668791652,6.4729450640231345,-inf
sefa_random_raw,SEFA,1,S0,0,6000,4,4,2421,0.00042097526786562766,16.306897976042954,-inf
sefa_random_raw,SEFA,1,S0,0,6000,5,5,2421,0.0007041917402816232,27.277571251548956,-inf
sefa_random_raw,SEFA,1,S0,0,6000,6,6,2421,0.00036467319804799037,14.125980999586956,-inf
sefa_random_raw,SEFA,1,S0,0,6000,7,7,2421,0.0005984120939575767,23.180090871540692,-inf
sefa_random_raw,SEFA,1,S0,0,6000,8,8,2421,0.0002964282649357023,11.482445270549364,-inf
sefa_random_raw,SEFA,1,S0,0,6000,9,9,2421,0.00038924137396841426,15.077653862040494,-inf
sefa_random_raw,SEFA,1,S0,0,6000,10,a,2421,0.00028653274963442044,11.099132589838911,-inf
sefa_random_raw,SEFA,1,S0,0,6000,11,b,2421,0.0004011842372630642,15.540272614622054,-inf
sefa_random_raw,SEFA,1,S0,0,6000,12,c,2421,0.0004550977344217716,17.628665840561744,-inf
sefa_random_raw,SEFA,1,S0,0,6000,13,d,2421,0.0005680430987226085,22.003717472118964,-inf
sefa_random_raw,SEFA,1,S0,0,6000,14,e,2421,0.0005462047201266764,21.157786038826938,-inf
sefa_random_raw,SEFA,1,S0,0,6000,15,f,2421,0.0005073051082526721,19.650970673275506,-inf
sefa_random_raw,SEFA,1,S0,0,8000,0,0,3232,0.0003385084795608274,17.504950495049506,-inf
sefa_random_raw,SEFA,1,S0,0,8000,1,1,3232,0.0001748066978727577,9.039603960396045,-inf
sefa_random_raw,SEFA,1,S0,0,8000,2,2,3232,0.00026977287765905306,13.950495049504951,-inf
sefa_random_raw,SEFA,1,S0,0,8000,3,3,3232,0.00030308762621311636,15.673267326732674,-inf
sefa_random_raw,SEFA,1,S0,0,8000,4,4,3232,0.00029274856631702757,15.13861386138613,-inf
sefa_random_raw,SEFA,1,S0,0,8000,5,5,3232,0.00046870404862268413,24.23762376237624,-inf
sefa_random_raw,SEFA,1,S0,0,8000,6,6,3232,0.00028911074894618174,14.95049504950495,-inf
sefa_random_raw,SEFA,1,S0,0,8000,7,7,3232,0.00040973311440054905,21.188118811881193,-inf
sefa_random_raw,SEFA,1,S0,0,8000,8,8,3232,0.00020371777276737582,10.534653465346539,-inf
sefa_random_raw,SEFA,1,S0,0,8000,9,9,3232,0.00047617114743652583,24.623762376237625,-inf
sefa_random_raw,SEFA,1,S0,0,8000,10,a,3232,0.0003189791442015491,16.495049504950504,-inf
sefa_random_raw,SEFA,1,S0,0,8000,11,b,3232,0.0003383170154886778,17.495049504950508,-inf
sefa_random_raw,SEFA,1,S0,0,8000,12,c,3232,0.00045721620429369707,23.64356435643566,-inf
sefa_random_raw,SEFA,1,S0,0,8000,13,d,3232,0.0005041249019703953,26.06930693069308,-inf
sefa_random_raw,SEFA,1,S0,0,8000,14,e,3232,0.0004409417581609651,22.801980198019827,-inf
sefa_random_raw,SEFA,1,S0,0,8000,15,f,3232,0.0004219868150181355,21.821782178217823,-inf
sefa_random_raw,SEFA,1,S5,5,250,0,0,109,0.012325351401397192,21.495412844036704,-inf
sefa_random_raw,SEFA,1,S5,5,250,1,1,109,0.006433591448531268,11.220183486238533,-inf
sefa_random_raw,SEFA,1,S5,5,250,2,2,109,0.007275271441797829,12.688073394495413,-inf
sefa_random_raw,SEFA,1,S5,5,250,3,3,109,0.004581895463344836,7.990825688073395,-inf
sefa_random_raw,SEFA,1,S5,5,250,4,4,109,0.006096919451224644,10.633027522935778,-inf
sefa_random_raw,SEFA,1,S5,5,250,5,5,109,0.011988679404090565,20.908256880733944,-inf
sefa_random_raw,SEFA,1,S5,5,250,6,6,109,0.003066871475465029,5.34862385321101,-inf
sefa_random_raw,SEFA,1,S5,5,250,7,7,109,0.009295303425637575,16.211009174311933,-inf
sefa_random_raw,SEFA,1,S5,5,250,8,8,109,0.011146999410824004,19.440366972477065,-inf
sefa_random_raw,SEFA,1,S5,5,250,9,9,109,0.004076887467384901,7.110091743119267,-inf
sefa_random_raw,SEFA,1,S5,5,250,10,a,109,0.009631975422944196,16.798165137614678,-inf
sefa_random_raw,SEFA,1,S5,5,250,11,b,109,0.010810327413517382,18.853211009174313,-inf
sefa_random_raw,SEFA,1,S5,5,250,12,c,109,0.008790295429677637,15.330275229357799,-inf
sefa_random_raw,SEFA,1,S5,5,250,13,d,109,0.005086903459304773,8.871559633027525,-inf
sefa_random_raw,SEFA,1,S5,5,250,14,e,109,0.008285287433717701,14.44954128440367,-inf
sefa_random_raw,SEFA,1,S5,5,250,15,f,109,0.015355399377156806,26.77981651376147,-inf
sefa_random_raw,SEFA,1,S5,5,500,0,0,217,0.005562604854636962,19.313364055299534,-inf
sefa_random_raw,SEFA,1,S5,5,500,1,1,217,0.0037362759880226804,12.972350230414747,-inf
sefa_random_raw,SEFA,1,S5,5,500,2,2,217,0.004245949160101084,14.741935483870964,-inf
sefa_random_raw,SEFA,1,S5,5,500,3,3,217,0.0025895113508462688,8.990783410138246,-inf
sefa_random_raw,SEFA,1,S5,5,500,4,4,217,0.005222822739918028,18.133640552995395,-inf
sefa_random_raw,SEFA,1,S5,5,500,5,5,217,0.005265295504257894,18.281105990783406,-inf
sefa_random_raw,SEFA,1,S5,5,500,6,6,217,0.0028018751725456047,9.72811059907834,-inf
sefa_random_raw,SEFA,1,S5,5,500,7,7,217,0.004798095096519357,16.65898617511521,-inf
sefa_random_raw,SEFA,1,S5,5,500,8,8,217,0.004203476395761217,14.594470046082945,-inf
sefa_random_raw,SEFA,1,S5,5,500,9,9,217,0.003991112574061883,13.857142857142858,-inf
sefa_random_raw,SEFA,1,S5,5,500,10,a,217,0.0038636942810422806,13.414746543778799,-inf
sefa_random_raw,SEFA,1,S5,5,500,11,b,217,0.0033540211089638774,11.645161290322582,-inf
sefa_random_raw,SEFA,1,S5,5,500,12,c,217,0.005477659325957229,19.018433179723502,-inf
sefa_random_raw,SEFA,1,S5,5,500,13,d,217,0.005052931682558558,17.543778801843313,-inf
sefa_random_raw,SEFA,1,S5,5,500,14,e,217,0.004373367453120686,15.184331797235023,-inf
sefa_random_raw,SEFA,1,S5,5,500,15,f,217,0.007473879249930981,25.949308755760367,-inf
sefa_random_raw,SEFA,1,S5,5,1000,0,0,445,0.0023554475445019575,16.77078651685394,-inf
sefa_random_raw,SEFA,1,S5,5,1000,1,1,445,0.002395846484029795,17.058426966292142,-inf
sefa_random_raw,SEFA,1,S5,5,1000,2,2,445,0.001820161595758111,12.959550561797752,-inf
sefa_random_raw,SEFA,1,S5,5,1000,3,3,445,0.0011232798889029164,7.997752808988764,-inf
sefa_random_raw,SEFA,1,S5,5,1000,4,4,445,0.0020726549678070955,14.75730337078652,-inf
sefa_random_raw,SEFA,1,S5,5,1000,5,5,445,0.0026685393258426967,19.0,-inf
sefa_random_raw,SEFA,1,S5,5,1000,6,6,445,0.002981631107183437,21.22921348314607,-inf
sefa_random_raw,SEFA,1,S5,5,1000,7,7,445,0.002537242772377225,18.065168539325843,-inf
sefa_random_raw,SEFA,1,S5,5,1000,8,8,445,0.0015777679585910868,11.233707865168538,-inf
sefa_random_raw,SEFA,1,S5,5,1000,9,9,445,0.0026685393258426967,19.0,-inf
sefa_random_raw,SEFA,1,S5,5,1000,10,a,445,0.002537242772377225,18.065168539325843,-inf
sefa_random_raw,SEFA,1,S5,5,1000,11,b,445,0.0020625552329251364,14.685393258426972,-inf
sefa_random_raw,SEFA,1,S5,5,1000,12,c,445,0.0032240247443504613,22.955056179775283,-inf
sefa_random_raw,SEFA,1,S5,5,1000,13,d,445,0.003274523418760258,23.314606741573037,-inf
sefa_random_raw,SEFA,1,S5,5,1000,14,e,445,0.002072654967807095,14.757303370786516,-inf
sefa_random_raw,SEFA,1,S5,5,1000,15,f,445,0.004961179144047467,35.323595505617966,-inf
sefa_random_raw,SEFA,1,S5,5,1500,0,0,658,0.0017501455086335117,18.42553191489361,-inf
sefa_random_raw,SEFA,1,S5,5,1500,1,1,658,0.002096594636043643,22.072948328267472,-inf
sefa_random_raw,SEFA,1,S5,5,1500,2,2,658,0.0014545089199102,15.313069908814587,-inf
sefa_random_raw,SEFA,1,S5,5,1500,3,3,658,0.0012096848698737073,12.73556231003039,-inf
sefa_random_raw,SEFA,1,S5,5,1500,4,4,658,0.002045782097356824,21.537993920972642,-inf
sefa_random_raw,SEFA,1,S5,5,1500,5,5,658,0.0020319241322604184,21.392097264437684,-inf
sefa_random_raw,SEFA,1,S5,5,1500,6,6,658,0.001953395663380789,20.565349544072944,-inf
sefa_random_raw,SEFA,1,S5,5,1500,7,7,658,0.0022444129304052987,23.629179331306986,-inf
sefa_random_raw,SEFA,1,S5,5,1500,8,8,658,0.0011727302962832933,12.346504559270512,-inf
sefa_random_raw,SEFA,1,S5,5,1500,9,9,658,0.001653139752958675,17.40425531914893,-inf
sefa_random_raw,SEFA,1,S5,5,1500,10,a,658,0.0011542530094880864,12.151975683890573,-inf
sefa_random_raw,SEFA,1,S5,5,1500,11,b,658,0.0018379126209107453,19.349544072948326,-inf
sefa_random_raw,SEFA,1,S5,5,1500,12,c,658,0.002262890217200506,23.823708206686927,-inf
sefa_random_raw,SEFA,1,S5,5,1500,13,d,658,0.0017316682218383047,18.23100303951367,-inf
sefa_random_raw,SEFA,1,S5,5,1500,14,e,658,0.0016208045010670628,17.063829787234038,-inf
sefa_random_raw,SEFA,1,S5,5,1500,15,f,658,0.0021427878530316602,22.55927051671732,-inf
sefa_random_raw,SEFA,1,S5,5,2000,0,0,905,0.0014601965751961173,21.14364640883978,-inf
sefa_random_raw,SEFA,1,S5,5,2000,1,1,905,0.0013063551173651598,18.916022099447513,-inf
sefa_random_raw,SEFA,1,S5,5,2000,2,2,905,0.001257516559323586,18.208839779005523,-inf
sefa_random_raw,SEFA,1,S5,5,2000,3,3,905,0.0009473917157595923,13.718232044198897,-inf
sefa_random_raw,SEFA,1,S5,5,2000,4,4,905,0.0016238057446353897,23.512707182320444,-inf
sefa_random_raw,SEFA,1,S5,5,2000,5,5,905,0.0015261286285522416,22.09834254143646,-inf
sefa_random_raw,SEFA,1,S5,5,2000,6,6,905,0.0016555508073624124,23.97237569060773,-inf
sefa_random_raw,SEFA,1,S5,5,2000,7,7,905,0.00166043466316657,24.043093922651934,-inf
sefa_random_raw,SEFA,1,S5,5,2000,8,8,905,0.0008887854461097038,12.86961325966851,-inf
sefa_random_raw,SEFA,1,S5,5,2000,9,9,905,0.0015993864656146026,23.159116022099447,-inf
sefa_random_raw,SEFA,1,S5,5,2000,10,a,905,0.0005566832514270014,8.06077348066298,-inf
sefa_random_raw,SEFA,1,S5,5,2000,11,b,905,0.001089023534080156,15.769060773480657,-inf
sefa_random_raw,SEFA,1,S5,5,2000,12,c,905,0.0017849729861725832,25.846408839779006,-inf
sefa_random_raw,SEFA,1,S5,5,2000,13,d,905,0.0013503098196025764,19.552486187845307,-inf
sefa_random_raw,SEFA,1,S5,5,2000,14,e,905,0.0011891425780653825,17.21878453038674,-inf
sefa_random_raw,SEFA,1,S5,5,2000,15,f,905,0.0014797319984127468,21.426519337016572,-inf
sefa_random_raw,SEFA,1,S5,5,3000,0,0,1368,0.0006134366129749326,13.426900584795325,-inf
sefa_random_raw,SEFA,1,S5,5,3000,1,1,1368,0.0007021391197291477,15.368421052631584,-inf
sefa_random_raw,SEFA,1,S5,5,3000,2,2,1368,0.0004905355493998155,10.736842105263163,-inf
sefa_random_raw,SEFA,1,S5,5,3000,3,3,1368,0.00021801579973325125,4.771929824561403,-inf
sefa_random_raw,SEFA,1,S5,5,3000,4,4,1368,0.0006818337266167369,14.923976608187138,-inf
sefa_random_raw,SEFA,1,S5,5,3000,5,5,1368,0.001033437638931637,22.619883040935672,-inf
sefa_random_raw,SEFA,1,S5,5,3000,6,6,1368,0.0010077887213159604,22.05847953216374,-inf
sefa_random_raw,SEFA,1,S5,5,3000,7,7,1368,0.000638016825689956,13.964912280701757,-inf
sefa_random_raw,SEFA,1,S5,5,3000,8,8,1368,0.0005396959748298626,11.812865497076034,-inf
sefa_random_raw,SEFA,1,S5,5,3000,9,9,1368,0.0006305358913853837,13.801169590643278,-inf
sefa_random_raw,SEFA,1,S5,5,3000,10,a,1368,0.0004061078622482133,8.888888888888893,-inf
sefa_random_raw,SEFA,1,S5,5,3000,11,b,1368,0.0005514517287370476,12.070175438596499,-inf
sefa_random_raw,SEFA,1,S5,5,3000,12,c,1368,0.0009148113949591327,20.023391812865498,-inf
sefa_random_raw,SEFA,1,S5,5,3000,13,d,1368,0.0009490099517800349,20.771929824561404,-inf
sefa_random_raw,SEFA,1,S5,5,3000,14,e,1368,0.00091053657535652,19.92982456140351,-inf
sefa_random_raw,SEFA,1,S5,5,3000,15,f,1368,0.0008635135597277796,18.90058479532164,-inf
sefa_random_raw,SEFA,1,S5,5,4000,0,0,1823,0.00046908912719745787,13.682391662095451,-inf
sefa_random_raw,SEFA,1,S5,5,4000,1,1,1823,0.000503993886852611,14.700493691716957,-inf
sefa_random_raw,SEFA,1,S5,5,4000,2,2,1823,0.000532278778297304,15.525507405375762,-inf
sefa_random_raw,SEFA,1,S5,5,4000,3,3,1823,0.00026447501887414706,7.7142073505211215,-inf
sefa_random_raw,SEFA,1,S5,5,4000,4,4,1823,0.0005196408480773347,15.1568842567197,-inf
sefa_random_raw,SEFA,1,S5,5,4000,5,5,1823,0.0007513362354434366,21.914975315414157,-inf
sefa_random_raw,SEFA,1,S5,5,4000,6,6,1823,0.00091803655310684,26.77729018102031,-inf
sefa_random_raw,SEFA,1,S5,5,4000,7,7,1823,0.0006532418246884373,19.053757542512336,-inf
sefa_random_raw,SEFA,1,S5,5,4000,8,8,1823,0.0006580562742960448,19.194185408667035,-inf
sefa_random_raw,SEFA,1,S5,5,4000,9,9,1823,0.0003613658172272443,10.540318156884261,-inf
sefa_random_raw,SEFA,1,S5,5,4000,10,a,1823,0.0003156285459549748,9.206253428414705,-inf
sefa_random_raw,SEFA,1,S5,5,4000,11,b,1823,0.000307203259141662,8.960504662643997,-inf
sefa_random_raw,SEFA,1,S5,5,4000,12,c,1823,0.0007453181734339273,21.73944048272079,-inf
sefa_random_raw,SEFA,1,S5,5,4000,13,d,1823,0.0007405037238263197,21.599012616566093,-inf
sefa_random_raw,SEFA,1,S5,5,4000,14,e,1823,0.0006267623518465975,18.281404278661558,-inf
sefa_random_raw,SEFA,1,S5,5,4000,15,f,1823,0.0006309749952532538,18.404278661546908,-inf
sefa_random_raw,SEFA,1,S5,5,6000,0,0,2752,0.0002397833288263927,10.558139534883722,-inf
sefa_random_raw,SEFA,1,S5,5,6000,1,1,2752,0.0005215551480530018,22.965116279069772,-inf
sefa_random_raw,SEFA,1,S5,5,6000,2,2,2752,0.00037129444970254185,16.34883720930232,-inf
sefa_random_raw,SEFA,1,S5,5,6000,3,3,2752,0.00028362036911844257,12.488372093023264,-inf
sefa_random_raw,SEFA,1,S5,5,6000,4,4,2752,0.00047692587209302324,21.0,-inf
sefa_random_raw,SEFA,1,S5,5,6000,5,5,2752,0.0005899514940508381,25.976744186046503,-inf
sefa_random_raw,SEFA,1,S5,5,6000,6,6,2752,0.0005577339102217414,24.55813953488372,-inf
sefa_random_raw,SEFA,1,S5,5,6000,7,7,2752,0.0004101139974310437,18.05813953488372,-inf
sefa_random_raw,SEFA,1,S5,5,6000,8,8,2752,0.0003430380442130881,15.104651162790695,-inf
sefa_random_raw,SEFA,1,S5,5,6000,9,9,2752,0.0002543076494050839,11.197674418604654,-inf
sefa_random_raw,SEFA,1,S5,5,6000,10,a,2752,0.0002907504901298,12.802325581395355,-inf
sefa_random_raw,SEFA,1,S5,5,6000,11,b,2752,0.00037287892103839935,16.4186046511628,-inf
sefa_random_raw,SEFA,1,S5,5,6000,12,c,2752,0.00039849454096809107,17.546511627906987,-inf
sefa_random_raw,SEFA,1,S5,5,6000,13,d,2752,0.0004859045429962142,21.3953488372093,-inf
sefa_random_raw,SEFA,1,S5,5,6000,14,e,2752,0.00043335291035694957,19.081395348837205,-inf
sefa_random_raw,SEFA,1,S5,5,6000,15,f,2752,0.00042067713967009195,18.52325581395349,-inf
sefa_random_raw,SEFA,1,S5,5,8000,0,0,3657,0.000144907160341953,8.478807765928355,-inf
sefa_random_raw,SEFA,1,S5,5,8000,1,1,3657,0.00041783192455551984,24.448181569592577,-inf
sefa_random_raw,SEFA,1,S5,5,8000,2,2,3657,0.00023089715454622744,13.51025430680886,-inf
sefa_random_raw,SEFA,1,S5,5,8000,3,3,3657,0.0002404682147707031,14.07027618266338,-inf
sefa_random_raw,SEFA,1,S5,5,8000,4,4,3657,0.00041828056800354187,24.47443259502324,-inf
sefa_random_raw,SEFA,1,S5,5,8000,5,5,3657,0.0005380683686254962,31.48345638501503,-inf
sefa_random_raw,SEFA,1,S5,5,8000,6,6,3657,0.000416934637659475,24.395679518731203,-inf
sefa_random_raw,SEFA,1,S5,5,8000,7,7,3657,0.0003912124133061965,22.89062072737217,-inf
sefa_random_raw,SEFA,1,S5,5,8000,8,8,3657,0.00025392751821137207,14.857806945583803,-inf
sefa_random_raw,SEFA,1,S5,5,8000,9,9,3657,0.00016016103757471122,9.371342630571503,-inf
sefa_random_raw,SEFA,1,S5,5,8000,10,a,3657,0.0002480951533870825,14.51654361498497,-inf
sefa_random_raw,SEFA,1,S5,5,8000,11,b,3657,0.00023014941546619025,13.466502597757724,-inf
sefa_random_raw,SEFA,1,S5,5,8000,12,c,3657,0.00037236938848925975,21.788077659283566,-inf
sefa_random_raw,SEFA,1,S5,5,8000,13,d,3657,0.0004137941335233189,24.211922340716438,-inf
sefa_random_raw,SEFA,1,S5,5,8000,14,e,3657,0.0004532747569492815,26.52201257861636,-inf
sefa_random_raw,SEFA,1,S5,5,8000,15,f,3657,0.00035995691976064263,21.06179928903472,-inf
sefa_random_threshold,SEFA,0,S0,0,1000,0,0,31,0.028030697190426637,13.903225806451612,-inf
sefa_random_threshold,SEFA,0,S0,0,1000,1,1,31,0.02803069719042664,13.903225806451614,-inf
sefa_random_threshold,SEFA,0,S0,0,1000,2,2,31,0.030111862643080124,14.935483870967742,-inf
sefa_random_threshold,SEFA,0,S0,0,1000,3,3,31,0.025949531737773153,12.870967741935484,-inf
sefa_random_threshold,SEFA,0,S0,0,1000,4,4,31,0.02178720083246618,10.806451612903224,-inf
sefa_random_threshold,SEFA,0,S0,0,1000,5,5,31,0.028030697190426637,13.903225806451612,-inf
sefa_random_threshold,SEFA,0,S0,0,1000,6,6,31,0.03843652445369407,19.064516129032256,-inf
sefa_random_threshold,SEFA,0,S0,0,1000,7,7,31,0.032193028095733614,15.967741935483872,-inf
sefa_random_threshold,SEFA,0,S0,0,1000,8,8,31,0.017624869927159212,8.74193548387097,-inf
sefa_random_threshold,SEFA,0,S0,0,1000,9,9,31,0.01762486992715921,8.741935483870968,-inf
sefa_random_threshold,SEFA,0,S0,0,1000,10,a,31,0.034274193548387094,17.0,-inf
sefa_random_threshold,SEFA,0,S0,0,1000,11,b,31,0.021787200832466182,10.806451612903226,-inf
sefa_random_threshold,SEFA,0,S0,0,1000,12,c,31,0.023868366285119666,11.838709677419354,-inf
sefa_random_threshold,SEFA,0,S0,0,1000,13,d,31,0.034274193548387094,17.0,
sefa_random_threshold,SEFA,0,S0,0,1000,14,e,31,0.03011186264308012,14.93548387096774,-inf
sefa_random_threshold,SEFA,0,S0,0,1000,15,f,31,0.023868366285119666,11.838709677419354,-inf
sefa_random_threshold,SEFA,0,S0,0,1500,0,0,49,0.012885256143273637,10.102040816326532,-inf
sefa_random_threshold,SEFA,0,S0,0,1500,1,1,49,0.017883173677634322,14.020408163265309,-inf
sefa_random_threshold,SEFA,0,S0,0,1500,2,2,49,0.022881091211995004,17.938775510204085,-inf
sefa_random_threshold,SEFA,0,S0,0,1500,3,3,49,0.007887338608912954,6.183673469387756,-inf
sefa_random_threshold,SEFA,0,S0,0,1500,4,4,49,0.007054352353186172,5.530612244897958,-inf
sefa_random_threshold,SEFA,0,S0,0,1500,5,5,49,0.011219283631820074,8.795918367346937,-inf
sefa_random_threshold,SEFA,0,S0,0,1500,6,6,49,0.02621303623490212,20.55102040816326,-inf
sefa_random_threshold,SEFA,0,S0,0,1500,7,7,49,0.020382132444814658,15.979591836734691,-inf
sefa_random_threshold,SEFA,0,S0,0,1500,8,8,49,0.020382132444814665,15.979591836734697,-inf
sefa_random_threshold,SEFA,0,S0,0,1500,9,9,49,0.01954914618908788,15.326530612244898,-inf
sefa_random_threshold,SEFA,0,S0,0,1500,10,a,49,0.01788317367763432,14.020408163265307,-inf
sefa_random_threshold,SEFA,0,S0,0,1500,11,b,49,0.010386297376093295,8.142857142857142,-inf
sefa_random_threshold,SEFA,0,S0,0,1500,12,c,49,0.0270460224906289,21.204081632653057,-inf
sefa_random_threshold,SEFA,0,S0,0,1500,13,d,49,0.017883173677634315,14.020408163265303,-inf
sefa_random_threshold,SEFA,0,S0,0,1500,14,e,49,0.022048104956268223,17.28571428571429,-inf
sefa_random_threshold,SEFA,0,S0,0,1500,15,f,49,0.014551228654727199,11.408163265306124,-inf
sefa_random_threshold,SEFA,0,S0,0,2000,0,0,67,0.010790265092448206,11.567164179104477,-inf
sefa_random_threshold,SEFA,0,S0,0,2000,1,1,67,0.01524560035642682,16.34328358208955,-inf
sefa_random_threshold,SEFA,0,S0,0,2000,2,2,67,0.013908999777233234,14.910447761194026,-inf
sefa_random_threshold,SEFA,0,S0,0,2000,3,3,67,0.009899198039652484,10.611940298507463,-inf
sefa_random_threshold,SEFA,0,S0,0,2000,4,4,67,0.00945366451325462,10.134328358208952,-inf
sefa_random_threshold,SEFA,0,S0,0,2000,5,5,67,0.013017932724437511,13.955223880597012,-inf
sefa_random_threshold,SEFA,0,S0,0,2000,6,6,67,0.021928603252394742,23.507462686567163,-inf
sefa_random_threshold,SEFA,0,S0,0,2000,7,7,67,0.016582200935620402,17.77611940298507,-inf
sefa_random_threshold,SEFA,0,S0,0,2000,8,8,67,0.012126865671641788,12.999999999999996,-inf
sefa_random_threshold,SEFA,0,S0,0,2000,9,9,67,0.012572399198039652,13.477611940298507,-inf
sefa_random_threshold,SEFA,0,S0,0,2000,10,a,67,0.012126865671641788,12.999999999999996,-inf
sefa_random_threshold,SEFA,0,S0,0,2000,11,b,67,0.00989919803965248,10.61194029850746,-inf
sefa_random_threshold,SEFA,0,S0,0,2000,12,c,67,0.02103753619959902,22.55223880597015,-inf
sefa_random_threshold,SEFA,0,S0,0,2000,13,d,67,0.017918801514813985,19.20895522388059,-inf
sefa_random_threshold,SEFA,0,S0,0,2000,14,e,67,0.01880986856760971,20.164179104477608,-inf
sefa_random_threshold,SEFA,0,S0,0,2000,15,f,67,0.011681332145243929,12.522388059701491,-inf
sefa_random_threshold,SEFA,0,S0,0,3000,0,0,113,0.004615670765134309,8.34513274336283,-inf
sefa_random_threshold,SEFA,0,S0,0,3000,1,1,113,0.004772300101809068,8.628318584070795,-inf
sefa_random_threshold,SEFA,0,S0,0,3000,2,2,113,0.0074349988252799745,13.442477876106194,-inf
sefa_random_threshold,SEFA,0,S0,0,3000,3,3,113,0.008218145508653771,14.85840707964602,-inf
sefa_random_threshold,SEFA,0,S0,0,3000,4,4,113,0.004302412091784791,7.778761061946902,-inf
sefa_random_threshold,SEFA,0,S0,0,3000,5,5,113,0.005555446785182865,10.04424778761062,-inf
sefa_random_threshold,SEFA,0,S0,0,3000,6,6,113,0.006025334795207143,10.893805309734514,-inf
sefa_random_threshold,SEFA,0,S0,0,3000,7,7,113,0.012917025608896546,23.353982300884955,-inf
sefa_random_threshold,SEFA,0,S0,0,3000,8,8,113,0.003989153418435273,7.212389380530974,-inf
sefa_random_threshold,SEFA,0,S0,0,3000,9,9,113,0.004772300101809068,8.628318584070795,-inf
sefa_random_threshold,SEFA,0,S0,0,3000,10,a,113,0.006495222805231419,11.743362831858406,-inf
sefa_random_threshold,SEFA,0,S0,0,3000,11,b,113,0.0016397133683138851,2.9646017699115044,-inf
sefa_random_threshold,SEFA,0,S0,0,3000,12,c,113,0.008688033518678048,15.70796460176991,-inf
sefa_random_threshold,SEFA,0,S0,0,3000,13,d,113,0.007591628161954732,13.725663716814156,-inf
sefa_random_threshold,SEFA,0,S0,0,3000,14,e,113,0.009001292192027567,16.27433628318584,-inf
sefa_random_threshold,SEFA,0,S0,0,3000,15,f,113,0.011663990915498475,21.08849557522124,-inf
sefa_random_threshold,SEFA,0,S0,0,4000,0,0,154,0.004037358745150953,9.948051948051948,-inf
sefa_random_threshold,SEFA,0,S0,0,4000,1,1,154,0.005386658795749705,13.272727272727273,-inf
sefa_random_threshold,SEFA,0,S0,0,4000,2,2,154,0.006145640074211502,15.142857142857142,-inf
sefa_random_threshold,SEFA,0,S0,0,4000,3,3,154,0.00816959015010963,20.12987012987013,-inf
sefa_random_threshold,SEFA,0,S0,0,4000,4,4,154,0.005639652555236971,13.896103896103897,-inf
sefa_random_threshold,SEFA,0,S0,0,4000,5,5,154,0.00310971496036431,7.66233766233766,-inf
sefa_random_threshold,SEFA,0,S0,0,4000,6,6,154,0.004206021251475796,10.363636363636362,-inf
sefa_random_threshold,SEFA,0,S0,0,4000,7,7,154,0.009265896441221114,22.831168831168824,-inf
sefa_random_threshold,SEFA,0,S0,0,4000,8,8,154,0.004880671276775174,12.025974025974028,-inf
sefa_random_threshold,SEFA,0,S0,0,4000,9,9,154,0.004965002529937593,12.23376623376623,-inf
sefa_random_threshold,SEFA,0,S0,0,4000,10,a,154,0.006398633833698769,15.766233766233766,-inf
sefa_random_threshold,SEFA,0,S0,0,4000,11,b,154,0.002097739922415246,5.168831168831167,-inf
sefa_random_threshold,SEFA,0,S0,0,4000,12,c,154,0.00901290268173385,22.207792207792206,-inf
sefa_random_threshold,SEFA,0,S0,0,4000,13,d,154,0.005133665036262438,12.649350649350648,-inf
sefa_random_threshold,SEFA,0,S0,0,4000,14,e,154,0.008338252656434474,20.545454545454543,-inf
sefa_random_threshold,SEFA,0,S0,0,4000,15,f,154,0.011711502782931354,28.857142857142854,-inf
sefa_random_threshold,SEFA,0,S0,0,6000,0,0,227,0.003152351103262241,11.44933920704846,-inf
sefa_random_threshold,SEFA,0,S0,0,6000,1,1,227,0.005752828504337364,20.894273127753305,-inf
sefa_random_threshold,SEFA,0,S0,0,6000,2,2,227,0.004471996351569019,16.24229074889868,-inf
sefa_random_threshold,SEFA,0,S0,0,6000,3,3,227,0.0031911641988006745,11.590308370044049,-inf
sefa_random_threshold,SEFA,0,S0,0,6000,4,4,227,0.004937753498030235,17.93392070484581,-inf
sefa_random_threshold,SEFA,0,S0,0,6000,5,5,227,0.0010952570397252032,3.9779735682819384,-inf
sefa_random_threshold,SEFA,0,S0,0,6000,6,6,227,0.0028806594344931978,10.462555066079295,-inf
sefa_random_threshold,SEFA,0,S0,0,6000,7,7,227,0.00548113683556832,19.90748898678414,-inf
sefa_random_threshold,SEFA,0,S0,0,6000,8,8,227,0.0028418463389547634,10.321585903083701,-inf
sefa_random_threshold,SEFA,0,S0,0,6000,9,9,227,0.0035404820586465873,12.859030837004406,-inf
sefa_random_threshold,SEFA,0,S0,0,6000,10,a,227,0.004045052300646238,14.691629955947137,-inf
sefa_random_threshold,SEFA,0,S0,0,6000,11,b,227,0.0015998272817248542,5.810572687224671,-inf
sefa_random_threshold,SEFA,0,S0,0,6000,12,c,227,0.007577043994643794,27.519823788546258,-inf
sefa_random_threshold,SEFA,0,S0,0,6000,13,d,227,0.0050930058801839755,18.497797356828197,-inf
sefa_random_threshold,SEFA,0,S0,0,6000,14,e,227,0.006102146364183275,22.162995594713653,-inf
sefa_random_threshold,SEFA,0,S0,0,6000,15,f,227,0.008236866618797183,29.916299559471366,-inf
sefa_random_threshold,SEFA,0,S0,0,8000,0,0,316,0.0027139080275596856,13.72151898734177,-inf
sefa_random_threshold,SEFA,0,S0,0,8000,1,1,316,0.003194600224323025,16.151898734177216,-inf
sefa_random_threshold,SEFA,0,S0,0,8000,2,2,316,0.0018726966832238424,9.468354430379748,-inf
sefa_random_threshold,SEFA,0,S0,0,8000,3,3,316,0.0018927255247556483,9.569620253164558,-inf
sefa_random_threshold,SEFA,0,S0,0,8000,4,4,316,0.003995753885595257,20.20253164556962,-inf
sefa_random_threshold,SEFA,0,S0,0,8000,5,5,316,0.0018326390001602308,9.265822784810126,-inf
sefa_random_threshold,SEFA,0,S0,0,8000,6,6,316,0.0017925813170966193,9.063291139240507,-inf
sefa_random_threshold,SEFA,0,S0,0,8000,7,7,316,0.004576590290017625,23.13924050632911,-inf
sefa_random_threshold,SEFA,0,S0,0,8000,8,8,316,0.0030343694920685785,15.341772151898732,-inf
sefa_random_threshold,SEFA,0,S0,0,8000,9,9,316,0.0021531004646691233,10.886075949367088,-inf
sefa_random_threshold,SEFA,0,S0,0,8000,10,a,316,0.0026137638199006576,13.215189873417724,-inf
sefa_random_threshold,SEFA,0,S0,0,8000,11,b,316,0.0017725524755648125,8.962025316455692,-inf
sefa_random_threshold,SEFA,0,S0,0,8000,12,c,316,0.0049571382791219355,25.063291139240505,-inf
sefa_random_threshold,SEFA,0,S0,0,8000,13,d,316,0.003154542541259413,15.949367088607591,-inf
sefa_random_threshold,SEFA,0,S0,0,8000,14,e,316,0.0030543983336003846,15.443037974683545,-inf
sefa_random_threshold,SEFA,0,S0,0,8000,15,f,316,0.0037353789456817817,18.88607594936709,-inf
sefa_random_threshold,SEFA,0,S5,5,500,0,0,19,0.062153739612188355,18.89473684210526,-inf
sefa_random_threshold,SEFA,0,S5,5,500,1,1,19,0.07323407202216066,22.26315789473684,
sefa_random_threshold,SEFA,0,S5,5,500,2,2,19,0.03999307479224376,12.157894736842103,-inf
sefa_random_threshold,SEFA,0,S5,5,500,3,3,19,0.051073407202216065,15.526315789473683,-inf
sefa_random_threshold,SEFA,0,S5,5,500,4,4,19,0.028912742382271463,8.789473684210524,
sefa_random_threshold,SEFA,0,S5,5,500,5,5,19,0.04553324099722991,13.842105263157894,-inf
sefa_random_threshold,SEFA,0,S5,5,500,6,6,19,0.03999307479224376,12.157894736842103,-inf
sefa_random_threshold,SEFA,0,S5,5,500,7,7,19,0.028912742382271463,8.789473684210524,-inf
sefa_random_threshold,SEFA,0,S5,5,500,8,8,19,0.03999307479224376,12.157894736842103,-inf
sefa_random_threshold,SEFA,0,S5,5,500,9,9,19,0.028912742382271466,8.789473684210526,-inf
sefa_random_threshold,SEFA,0,S5,5,500,10,a,19,0.05661357340720221,17.210526315789473,
sefa_random_threshold,SEFA,0,S5,5,500,11,b,19,0.051073407202216065,15.526315789473683,-inf
sefa_random_threshold,SEFA,0,S5,5,500,12,c,19,0.05661357340720222,17.210526315789473,-inf
sefa_random_threshold,SEFA,0,S5,5,500,13,d,19,0.05661357340720221,17.210526315789473,
sefa_random_threshold,SEFA,0,S5,5,500,14,e,19,0.03999307479224376,12.157894736842103,-inf
sefa_random_threshold,SEFA,0,S5,5,500,15,f,19,0.09539473684210525,28.999999999999996,
sefa_random_threshold,SEFA,0,S5,5,1000,0,0,32,0.04296875,22.0,-inf
sefa_random_threshold,SEFA,0,S5,5,1000,1,1,32,0.05078125,26.0,
sefa_random_threshold,SEFA,0,S5,5,1000,2,2,32,0.021484375,11.0,-inf
sefa_random_threshold,SEFA,0,S5,5,1000,3,3,32,0.052734375,27.0,-inf
sefa_random_threshold,SEFA,0,S5,5,1000,4,4,32,0.029296875,15.0,
sefa_random_threshold,SEFA,0,S5,5,1000,5,5,32,0.060546875,31.0,-inf
sefa_random_threshold,SEFA,0,S5,5,1000,6,6,32,0.021484375,11.0,-inf
sefa_random_threshold,SEFA,0,S5,5,1000,7,7,32,0.0390625,20.0,-inf
sefa_random_threshold,SEFA,0,S5,5,1000,8,8,32,0.03125,16.0,-inf
sefa_random_threshold,SEFA,0,S5,5,1000,9,9,32,0.025390625,13.0,-inf
sefa_random_threshold,SEFA,0,S5,5,1000,10,a,32,0.03125,16.0,-inf
sefa_random_threshold,SEFA,0,S5,5,1000,11,b,32,0.025390625,13.0,-inf
sefa_random_threshold,SEFA,0,S5,5,1000,12,c,32,0.03515625,18.0,-inf
sefa_random_threshold,SEFA,0,S5,5,1000,13,d,32,0.03125,16.0,
sefa_random_threshold,SEFA,0,S5,5,1000,14,e,32,0.037109375,19.0,-inf
sefa_random_threshold,SEFA,0,S5,5,1000,15,f,32,0.04296875,22.0,-inf
sefa_random_threshold,SEFA,0,S5,5,1500,0,0,49,0.03704185755935027,29.040816326530614,-inf
sefa_random_threshold,SEFA,0,S5,5,1500,1,1,49,0.02038213244481466,15.979591836734695,-inf
sefa_random_threshold,SEFA,0,S5,5,1500,2,2,49,0.016217201166180757,12.714285714285714,-inf
sefa_random_threshold,SEFA,0,S5,5,1500,3,3,49,0.02787900874635569,21.85714285714286,-inf
sefa_random_threshold,SEFA,0,S5,5,1500,4,4,49,0.024547063723448566,19.244897959183675,-inf
sefa_random_threshold,SEFA,0,S5,5,1500,5,5,49,0.02204810495626822,17.285714285714285,-inf
sefa_random_threshold,SEFA,0,S5,5,1500,6,6,49,0.012885256143273635,10.10204081632653,-inf
sefa_random_threshold,SEFA,0,S5,5,1500,7,7,49,0.022048104956268223,17.28571428571429,-inf
sefa_random_threshold,SEFA,0,S5,5,1500,8,8,49,0.01954914618908788,15.326530612244898,-inf
sefa_random_threshold,SEFA,0,S5,5,1500,9,9,49,0.016217201166180757,12.714285714285714,-inf
sefa_random_threshold,SEFA,0,S5,5,1500,10,a,49,0.02121511870054144,16.632653061224488,-inf
sefa_random_threshold,SEFA,0,S5,5,1500,11,b,49,0.012885256143273637,10.102040816326532,-inf
sefa_random_threshold,SEFA,0,S5,5,1500,12,c,49,0.02454706372344856,19.24489795918367,-inf
sefa_random_threshold,SEFA,0,S5,5,1500,13,d,49,0.027046022490628905,21.20408163265306,
sefa_random_threshold,SEFA,0,S5,5,1500,14,e,49,0.031210953769262806,24.46938775510204,-inf
sefa_random_threshold,SEFA,0,S5,5,1500,15,f,49,0.03537588504789671,27.73469387755102,-inf
sefa_random_threshold,SEFA,0,S5,5,2000,0,0,60,0.025833333333333333,24.8,-inf
sefa_random_threshold,SEFA,0,S5,5,2000,1,1,60,0.013611111111111112,13.066666666666668,-inf
sefa_random_threshold,SEFA,0,S5,5,2000,2,2,60,0.016944444444444443,16.266666666666666,-inf
sefa_random_threshold,SEFA,0,S5,5,2000,3,3,60,0.02361111111111111,22.666666666666664,-inf
sefa_random_threshold,SEFA,0,S5,5,2000,4,4,60,0.022500000000000003,21.6,-inf
sefa_random_threshold,SEFA,0,S5,5,2000,5,5,60,0.013055555555555556,12.533333333333335,-inf
sefa_random_threshold,SEFA,0,S5,5,2000,6,6,60,0.006944444444444444,6.666666666666666,-inf
sefa_random_threshold,SEFA,0,S5,5,2000,7,7,60,0.01916666666666667,18.400000000000002,-inf
sefa_random_threshold,SEFA,0,S5,5,2000,8,8,60,0.02527777777777778,24.26666666666667,-inf
sefa_random_threshold,SEFA,0,S5,5,2000,9,9,60,0.0175,16.8,-inf
sefa_random_threshold,SEFA,0,S5,5,2000,10,a,60,0.019166666666666665,18.4,-inf
sefa_random_threshold,SEFA,0,S5,5,2000,11,b,60,0.011944444444444445,11.466666666666667,-inf
sefa_random_threshold,SEFA,0,S5,5,2000,12,c,60,0.016944444444444443,16.266666666666666,-inf
sefa_random_threshold,SEFA,0,S5,5,2000,13,d,60,0.020277777777777773,19.46666666666666,
sefa_random_threshold,SEFA,0,S5,5,2000,14,e,60,0.024166666666666663,23.199999999999996,-inf
sefa_random_threshold,SEFA,0,S5,5,2000,15,f,60,0.02972222222222222,28.53333333333333,-inf
sefa_random_threshold,SEFA,0,S5,5,3000,0,0,100,0.0097,15.52,-inf
sefa_random_threshold,SEFA,0,S5,5,3000,1,1,100,0.0075,12.0,-inf
sefa_random_threshold,SEFA,0,S5,5,3000,2,2,100,0.0081,12.959999999999999,-inf
sefa_random_threshold,SEFA,0,S5,5,3000,3,3,100,0.018299999999999997,29.279999999999994,-inf
sefa_random_threshold,SEFA,0,S5,5,3000,4,4,100,0.0157,25.119999999999997,-inf
sefa_random_threshold,SEFA,0,S5,5,3000,5,5,100,0.0071,11.360000000000001,-inf
sefa_random_threshold,SEFA,0,S5,5,3000,6,6,100,0.0057,9.120000000000001,-inf
sefa_random_threshold,SEFA,0,S5,5,3000,7,7,100,0.0079,12.64,-inf
sefa_random_threshold,SEFA,0,S5,5,3000,8,8,100,0.014099999999999998,22.559999999999995,-inf
sefa_random_threshold,SEFA,0,S5,5,3000,9,9,100,0.014499999999999999,23.2,-inf
sefa_random_threshold,SEFA,0,S5,5,3000,10,a,100,0.0057,9.120000000000001,-inf
sefa_random_threshold,SEFA,0,S5,5,3000,11,b,100,0.0055,8.799999999999999,-inf
sefa_random_threshold,SEFA,0,S5,5,3000,12,c,100,0.0089,14.24,-inf
sefa_random_threshold,SEFA,0,S5,5,3000,13,d,100,0.014699999999999998,23.519999999999996,-inf
sefa_random_threshold,SEFA,0,S5,5,3000,14,e,100,0.0101,16.16,-inf
sefa_random_threshold,SEFA,0,S5,5,3000,15,f,100,0.0197,31.52,-inf
sefa_random_threshold,SEFA,0,S5,5,4000,0,0,142,0.0055420551477881365,12.591549295774646,-inf
sefa_random_threshold,SEFA,0,S5,5,4000,1,1,142,0.004054255108113469,9.211267605633802,-inf
sefa_random_threshold,SEFA,0,S5,5,4000,2,2,142,0.005740428486411426,13.042253521126758,-inf
sefa_random_threshold,SEFA,0,S5,5,4000,3,3,142,0.012782682007538182,29.04225352112675,-inf
sefa_random_threshold,SEFA,0,S5,5,4000,4,4,142,0.01109650862924023,25.211267605633804,-inf
sefa_random_threshold,SEFA,0,S5,5,4000,5,5,142,0.005839615155723069,13.267605633802813,-inf
sefa_random_threshold,SEFA,0,S5,5,4000,6,6,142,0.0039550684388018256,8.985915492957748,-inf
sefa_random_threshold,SEFA,0,S5,5,4000,7,7,142,0.00603798849434636,13.71830985915493,-inf
sefa_random_threshold,SEFA,0,S5,5,4000,8,8,142,0.0070298551874628055,15.971830985915494,-inf
sefa_random_threshold,SEFA,0,S5,5,4000,9,9,142,0.01089813529061694,24.76056338028169,-inf
sefa_random_threshold,SEFA,0,S5,5,4000,10,a,142,0.0037566951001785356,8.535211267605632,-inf
sefa_random_threshold,SEFA,0,S5,5,4000,11,b,142,0.0029632017456853806,6.732394366197185,-inf
sefa_random_threshold,SEFA,0,S5,5,4000,12,c,142,0.005839615155723069,13.267605633802813,-inf
sefa_random_threshold,SEFA,0,S5,5,4000,13,d,142,0.01109650862924023,25.211267605633804,-inf
sefa_random_threshold,SEFA,0,S5,5,4000,14,e,142,0.006533921840904581,14.845070422535208,-inf
sefa_random_threshold,SEFA,0,S5,5,4000,15,f,142,0.012683495338226542,28.816901408450704,-inf
sefa_random_threshold,SEFA,0,S5,5,6000,0,0,220,0.004194214876033057,14.76363636363636,-inf
sefa_random_threshold,SEFA,0,S5,5,6000,1,1,220,0.0034090909090909085,11.999999999999998,-inf
sefa_random_threshold,SEFA,0,S5,5,6000,2,2,220,0.003533057851239669,12.436363636363636,-inf
sefa_random_threshold,SEFA,0,S5,5,6000,3,3,220,0.00506198347107438,17.818181818181817,-inf
sefa_random_threshold,SEFA,0,S5,5,6000,4,4,220,0.005433884297520662,19.12727272727273,-inf
sefa_random_threshold,SEFA,0,S5,5,6000,5,5,220,0.0046487603305785125,16.363636363636363,-inf
sefa_random_threshold,SEFA,0,S5,5,6000,6,6,220,0.003450413223140496,12.145454545454546,-inf
sefa_random_threshold,SEFA,0,S5,5,6000,7,7,220,0.0037809917355371902,13.30909090909091,-inf
sefa_random_threshold,SEFA,0,S5,5,6000,8,8,220,0.0027892561983471073,9.818181818181818,-inf
sefa_random_threshold,SEFA,0,S5,5,6000,9,9,220,0.004483471074380165,15.781818181818181,-inf
sefa_random_threshold,SEFA,0,S5,5,6000,10,a,220,0.0024999999999999996,8.799999999999999,-inf
sefa_random_threshold,SEFA,0,S5,5,6000,11,b,220,0.005020661157024793,17.672727272727272,-inf
sefa_random_threshold,SEFA,0,S5,5,6000,12,c,220,0.0027892561983471065,9.818181818181815,-inf
sefa_random_threshold,SEFA,0,S5,5,6000,13,d,220,0.007417355371900825,26.109090909090902,-inf
sefa_random_threshold,SEFA,0,S5,5,6000,14,e,220,0.004276859504132232,15.054545454545455,-inf
sefa_random_threshold,SEFA,0,S5,5,6000,15,f,220,0.005309917355371899,18.690909090909084,-inf
sefa_random_threshold,SEFA,0,S5,5,8000,0,0,288,0.0031828703703703698,14.666666666666664,-inf
sefa_random_threshold,SEFA,0,S5,5,8000,1,1,288,0.0026765046296296302,12.333333333333336,-inf
sefa_random_threshold,SEFA,0,S5,5,8000,2,2,288,0.0038580246913580245,17.77777777777778,-inf
sefa_random_threshold,SEFA,0,S5,5,8000,3,3,288,0.003038194444444445,14.000000000000002,-inf
sefa_random_threshold,SEFA,0,S5,5,8000,4,4,288,0.004147376543209876,19.111111111111107,-inf
sefa_random_threshold,SEFA,0,S5,5,8000,5,5,288,0.0038821373456790127,17.88888888888889,-inf
sefa_random_threshold,SEFA,0,S5,5,8000,6,6,288,0.003520447530864197,16.22222222222222,-inf
sefa_random_threshold,SEFA,0,S5,5,8000,7,7,288,0.003520447530864198,16.222222222222225,-inf
sefa_random_threshold,SEFA,0,S5,5,8000,8,8,288,0.0015432098765432107,7.111111111111114,-inf
sefa_random_threshold,SEFA,0,S5,5,8000,9,9,288,0.0037133487654320996,17.111111111111114,-inf
sefa_random_threshold,SEFA,0,S5,5,8000,10,a,288,0.003134645061728395,14.444444444444445,-inf
sefa_random_threshold,SEFA,0,S5,5,8000,11,b,288,0.004460841049382716,20.555555555555554,-inf
sefa_random_threshold,SEFA,0,S5,5,8000,12,c,288,0.0027488425925925927,12.666666666666668,-inf
sefa_random_threshold,SEFA,0,S5,5,8000,13,d,288,0.006438078703703704,29.666666666666668,-inf
sefa_random_threshold,SEFA,0,S5,5,8000,14,e,288,0.0027729552469135813,12.777777777777782,-inf
sefa_random_threshold,SEFA,0,S5,5,8000,15,f,288,0.0032069830246913584,14.777777777777779,-inf
sefa_random_threshold,SEFA,1,S0,0,500,0,0,17,0.044766435986159175,12.176470588235295,-inf
sefa_random_threshold,SEFA,1,S0,0,500,1,1,17,0.044766435986159175,12.176470588235295,
sefa_random_threshold,SEFA,1,S0,0,500,2,2,17,0.058607266435986155,15.941176470588234,
sefa_random_threshold,SEFA,1,S0,0,500,3,3,17,0.06552768166089966,17.823529411764707,-inf
sefa_random_threshold,SEFA,1,S0,0,500,4,4,17,0.07244809688581315,19.705882352941178,-inf
sefa_random_threshold,SEFA,1,S0,0,500,5,5,17,0.03784602076124568,10.294117647058824,-inf
sefa_random_threshold,SEFA,1,S0,0,500,6,6,17,0.07244809688581315,19.705882352941178,-inf
sefa_random_threshold,SEFA,1,S0,0,500,7,7,17,0.08628892733564014,23.47058823529412,-inf
sefa_random_threshold,SEFA,1,S0,0,500,8,8,17,0.044766435986159175,12.176470588235295,-inf
sefa_random_threshold,SEFA,1,S0,0,500,9,9,17,0.10012975778546715,27.235294117647065,
sefa_random_threshold,SEFA,1,S0,0,500,10,a,17,0.044766435986159175,12.176470588235295,-inf
sefa_random_threshold,SEFA,1,S0,0,500,11,b,17,0.058607266435986155,15.941176470588234,
sefa_random_threshold,SEFA,1,S0,0,500,12,c,17,0.06552768166089964,17.823529411764703,-inf
sefa_random_threshold,SEFA,1,S0,0,500,13,d,17,0.06552768166089964,17.823529411764703,
sefa_random_threshold,SEFA,1,S0,0,500,14,e,17,0.07244809688581315,19.705882352941178,-inf
sefa_random_threshold,SEFA,1,S0,0,500,15,f,17,0.05860726643598616,15.941176470588236,-inf
sefa_random_threshold,SEFA,1,S0,0,1000,0,0,30,0.024166666666666666,11.6,-inf
sefa_random_threshold,SEFA,1,S0,0,1000,1,1,30,0.026388888888888885,12.666666666666664,-inf
sefa_random_threshold,SEFA,1,S0,0,1000,2,2,30,0.0375,18.0,
sefa_random_threshold,SEFA,1,S0,0,1000,3,3,30,0.030833333333333338,14.800000000000002,-inf
sefa_random_threshold,SEFA,1,S0,0,1000,4,4,30,0.02416666666666667,11.600000000000001,-inf
sefa_random_threshold,SEFA,1,S0,0,1000,5,5,30,0.02416666666666667,11.600000000000001,-inf
sefa_random_threshold,SEFA,1,S0,0,1000,6,6,30,0.03305555555555556,15.866666666666669,-inf
sefa_random_threshold,SEFA,1,S0,0,1000,7,7,30,0.035277777777777776,16.933333333333334,-inf
sefa_random_threshold,SEFA,1,S0,0,1000,8,8,30,0.03305555555555556,15.866666666666669,-inf
sefa_random_threshold,SEFA,1,S0,0,1000,9,9,30,0.04638888888888888,22.266666666666662,-inf
sefa_random_threshold,SEFA,1,S0,0,1000,10,a,30,0.030833333333333338,14.800000000000002,-inf
sefa_random_threshold,SEFA,1,S0,0,1000,11,b,30,0.05305555555555555,25.466666666666665,
sefa_random_threshold,SEFA,1,S0,0,1000,12,c,30,0.03972222222222223,19.06666666666667,-inf
sefa_random_threshold,SEFA,1,S0,0,1000,13,d,30,0.037500000000000006,18.000000000000004,
sefa_random_threshold,SEFA,1,S0,0,1000,14,e,30,0.03972222222222223,19.06666666666667,-inf
sefa_random_threshold,SEFA,1,S0,0,1000,15,f,30,0.05305555555555555,25.466666666666665,-inf
sefa_random_threshold,SEFA,1,S0,0,1500,0,0,46,0.015949905482041588,11.73913043478261,-inf
sefa_random_threshold,SEFA,1,S0,0,1500,1,1,46,0.018785444234404536,13.826086956521738,-inf
sefa_random_threshold,SEFA,1,S0,0,1500,2,2,46,0.0320179584120983,23.565217391304348,
sefa_random_threshold,SEFA,1,S0,0,1500,3,3,46,0.017840264650283554,13.130434782608695,-inf
sefa_random_threshold,SEFA,1,S0,0,1500,4,4,46,0.015004725897920604,11.043478260869565,-inf
sefa_random_threshold,SEFA,1,S0,0,1500,5,5,46,0.030127599243856336,22.17391304347826,-inf
sefa_random_threshold,SEFA,1,S0,0,1500,6,6,46,0.01689508506616257,12.43478260869565,-inf
sefa_random_threshold,SEFA,1,S0,0,1500,7,7,46,0.02256616257088847,16.608695652173914,-inf
sefa_random_threshold,SEFA,1,S0,0,1500,8,8,46,0.020675803402646502,15.217391304347826,-inf
sefa_random_threshold,SEFA,1,S0,0,1500,9,9,46,0.031072778827977317,22.869565217391305,-inf
sefa_random_threshold,SEFA,1,S0,0,1500,10,a,46,0.016895085066162573,12.434782608695654,-inf
sefa_random_threshold,SEFA,1,S0,0,1500,11,b,46,0.035798676748582225,26.347826086956516,
sefa_random_threshold,SEFA,1,S0,0,1500,12,c,46,0.023511342155009454,17.304347826086957,-inf
sefa_random_threshold,SEFA,1,S0,0,1500,13,d,46,0.028237240075614366,20.782608695652172,
sefa_random_threshold,SEFA,1,S0,0,1500,14,e,46,0.02540170132325142,18.695652173913047,-inf
sefa_random_threshold,SEFA,1,S0,0,1500,15,f,46,0.023511342155009447,17.304347826086953,-inf
sefa_random_threshold,SEFA,1,S0,0,2000,0,0,65,0.007795857988165682,8.107692307692309,-inf
sefa_random_threshold,SEFA,1,S0,0,2000,1,1,65,0.013476331360946748,14.015384615384617,-inf
sefa_random_threshold,SEFA,1,S0,0,2000,2,2,65,0.017263313609467458,17.953846153846158,-inf
sefa_random_threshold,SEFA,1,S0,0,2000,3,3,65,0.013002958579881659,13.523076923076925,-inf
sefa_random_threshold,SEFA,1,S0,0,2000,4,4,65,0.01678994082840237,17.461538461538467,-inf
sefa_random_threshold,SEFA,1,S0,0,2000,5,5,65,0.015369822485207102,15.984615384615386,-inf
sefa_random_threshold,SEFA,1,S0,0,2000,6,6,65,0.009689349112426037,10.076923076923078,-inf
sefa_random_threshold,SEFA,1,S0,0,2000,7,7,65,0.01205621301775148,12.53846153846154,-inf
sefa_random_threshold,SEFA,1,S0,0,2000,8,8,65,0.014423076923076924,15.0,-inf
sefa_random_threshold,SEFA,1,S0,0,2000,9,9,65,0.021523668639053258,22.384615384615387,-inf
sefa_random_threshold,SEFA,1,S0,0,2000,10,a,65,0.01252958579881657,13.030769230769232,-inf
sefa_random_threshold,SEFA,1,S0,0,2000,11,b,65,0.017736686390532545,18.446153846153848,-inf
sefa_random_threshold,SEFA,1,S0,0,2000,12,c,65,0.015369822485207102,15.984615384615386,-inf
sefa_random_threshold,SEFA,1,S0,0,2000,13,d,65,0.01631656804733728,16.969230769230773,-inf
sefa_random_threshold,SEFA,1,S0,0,2000,14,e,65,0.02057692307692308,21.400000000000002,-inf
sefa_random_threshold,SEFA,1,S0,0,2000,15,f,65,0.01252958579881657,13.030769230769232,-inf
sefa_random_threshold,SEFA,1,S0,0,3000,0,0,99,0.0033096112641567196,5.242424242424244,-inf
sefa_random_threshold,SEFA,1,S0,0,3000,1,1,99,0.007798949086827875,12.353535353535355,-inf
sefa_random_threshold,SEFA,1,S0,0,3000,2,2,99,0.011063922048770533,17.525252525252526,-inf
sefa_random_threshold,SEFA,1,S0,0,3000,3,3,99,0.00596240179573513,9.444444444444445,-inf
sefa_random_threshold,SEFA,1,S0,0,3000,4,4,99,0.009023313947556372,14.292929292929292,-inf
sefa_random_threshold,SEFA,1,S0,0,3000,5,5,99,0.013104530149984694,20.757575757575758,-inf
sefa_random_threshold,SEFA,1,S0,0,3000,6,6,99,0.008003009896949291,12.676767676767676,-inf
sefa_random_threshold,SEFA,1,S0,0,3000,7,7,99,0.004942097745128047,7.828282828282827,-inf
sefa_random_threshold,SEFA,1,S0,0,3000,8,8,99,0.009023313947556372,14.292929292929292,-inf
sefa_random_threshold,SEFA,1,S0,0,3000,9,9,99,0.016369503111927353,25.929292929292927,-inf
sefa_random_threshold,SEFA,1,S0,0,3000,10,a,99,0.006574584226099378,10.414141414141413,-inf
sefa_random_threshold,SEFA,1,S0,0,3000,11,b,99,0.012084226099377614,19.141414141414142,-inf
sefa_random_threshold,SEFA,1,S0,0,3000,12,c,99,0.008615192327313538,13.646464646464644,-inf
sefa_random_threshold,SEFA,1,S0,0,3000,13,d,99,0.011676104479134784,18.4949494949495,-inf
sefa_random_threshold,SEFA,1,S0,0,3000,14,e,99,0.013716712580348941,21.727272727272723,-inf
sefa_random_threshold,SEFA,1,S0,0,3000,15,f,99,0.010451739618406286,16.555555555555557,-inf
sefa_random_threshold,SEFA,1,S0,0,4000,0,0,146,0.0037413210733721145,8.739726027397259,-inf
sefa_random_threshold,SEFA,1,S0,0,4000,1,1,146,0.004304278476261962,10.054794520547944,-inf
sefa_random_threshold,SEFA,1,S0,0,4000,2,2,146,0.0041166260086320135,9.616438356164384,-inf
sefa_random_threshold,SEFA,1,S0,0,4000,3,3,146,0.006086976918746481,14.21917808219178,-inf
sefa_random_threshold,SEFA,1,S0,0,4000,4,4,146,0.005993150684931506,13.999999999999996,-inf
sefa_random_threshold,SEFA,1,S0,0,4000,5,5,146,0.007494370425971101,17.50684931506849,-inf
sefa_random_threshold,SEFA,1,S0,0,4000,6,6,146,0.005711671983486582,13.342465753424655,-inf
sefa_random_threshold,SEFA,1,S0,0,4000,7,7,146,0.004022799774817038,9.397260273972602,-inf
sefa_random_threshold,SEFA,1,S0,0,4000,8,8,146,0.003366016138112216,7.863013698630136,-inf
sefa_random_threshold,SEFA,1,S0,0,4000,9,9,146,0.007212891724526177,16.849315068493148,-inf
sefa_random_threshold,SEFA,1,S0,0,4000,10,a,146,0.00364749483955714,8.520547945205479,-inf
sefa_random_threshold,SEFA,1,S0,0,4000,11,b,146,0.005430193282041659,12.684931506849315,-inf
sefa_random_threshold,SEFA,1,S0,0,4000,12,c,146,0.006556108087821354,15.315068493150683,-inf
sefa_random_threshold,SEFA,1,S0,0,4000,13,d,146,0.00646228185400638,15.095890410958903,-inf
sefa_random_threshold,SEFA,1,S0,0,4000,14,e,146,0.007963501595045974,18.602739726027394,-inf
sefa_random_threshold,SEFA,1,S0,0,4000,15,f,146,0.005899324451116531,13.780821917808217,-inf
sefa_random_threshold,SEFA,1,S0,0,6000,0,0,216,0.003472222222222222,12.0,-inf
sefa_random_threshold,SEFA,1,S0,0,6000,1,1,216,0.0015003429355281207,5.185185185185185,-inf
sefa_random_threshold,SEFA,1,S0,0,6000,2,2,216,0.0030864197530864204,10.66666666666667,-inf
sefa_random_threshold,SEFA,1,S0,0,6000,3,3,216,0.0026148834019204398,9.03703703703704,-inf
sefa_random_threshold,SEFA,1,S0,0,6000,4,4,216,0.006601508916323731,22.814814814814817,-inf
sefa_random_threshold,SEFA,1,S0,0,6000,5,5,216,0.004372427983539095,15.11111111111111,-inf
sefa_random_threshold,SEFA,1,S0,0,6000,6,6,216,0.0022290809327846373,7.703703703703707,-inf
sefa_random_threshold,SEFA,1,S0,0,6000,7,7,216,0.003986625514403292,13.777777777777779,-inf
sefa_random_threshold,SEFA,1,S0,0,6000,8,8,216,0.00411522633744856,14.222222222222223,-inf
sefa_random_threshold,SEFA,1,S0,0,6000,9,9,216,0.004543895747599452,15.703703703703706,-inf
sefa_random_threshold,SEFA,1,S0,0,6000,10,a,216,0.0035150891632373116,12.148148148148149,-inf
sefa_random_threshold,SEFA,1,S0,0,6000,11,b,216,0.0034722222222222225,12.0,-inf
sefa_random_threshold,SEFA,1,S0,0,6000,12,c,216,0.005787037037037038,20.000000000000004,-inf
sefa_random_threshold,SEFA,1,S0,0,6000,13,d,216,0.0045010288065843625,15.555555555555557,-inf
sefa_random_threshold,SEFA,1,S0,0,6000,14,e,216,0.005144032921810699,17.777777777777775,-inf
sefa_random_threshold,SEFA,1,S0,0,6000,15,f,216,0.006044238683127572,20.88888888888889,-inf
sefa_random_threshold,SEFA,1,S0,0,8000,0,0,285,0.0021229609110495536,9.680701754385964,-inf
sefa_random_threshold,SEFA,1,S0,0,8000,1,1,285,0.001876731301939058,8.557894736842105,-inf
sefa_random_threshold,SEFA,1,S0,0,8000,2,2,285,0.0022953216374269002,10.466666666666665,-inf
sefa_random_threshold,SEFA,1,S0,0,8000,3,3,285,0.001728993536472761,7.8842105263157904,-inf
sefa_random_threshold,SEFA,1,S0,0,8000,4,4,285,0.004068174823022469,18.55087719298246,-inf
sefa_random_threshold,SEFA,1,S0,0,8000,5,5,285,0.0032063711911357344,14.621052631578948,-inf
sefa_random_threshold,SEFA,1,S0,0,8000,6,6,285,0.001605878731917513,7.322807017543859,-inf
sefa_random_threshold,SEFA,1,S0,0,8000,7,7,285,0.0023938134810710986,10.91578947368421,-inf
sefa_random_threshold,SEFA,1,S0,0,8000,8,8,285,0.0034033548784241302,15.519298245614033,-inf
sefa_random_threshold,SEFA,1,S0,0,8000,9,9,285,0.00394506001846722,17.989473684210523,-inf
sefa_random_threshold,SEFA,1,S0,0,8000,10,a,285,0.002369190520160049,10.803508771929822,-inf
sefa_random_threshold,SEFA,1,S0,0,8000,11,b,285,0.0025415512465373964,11.589473684210528,-inf
sefa_random_threshold,SEFA,1,S0,0,8000,12,c,285,0.005447060634041243,24.83859649122807,-inf
sefa_random_threshold,SEFA,1,S0,0,8000,13,d,285,0.003920437057556171,17.87719298245614,-inf
sefa_random_threshold,SEFA,1,S0,0,8000,14,e,285,0.003895814096645121,17.764912280701754,-inf
sefa_random_threshold,SEFA,1,S0,0,8000,15,f,285,0.004166666666666666,18.999999999999996,-inf
sefa_random_threshold,SEFA,1,S5,5,1000,0,0,34,0.04476643598615917,24.352941176470587,
sefa_random_threshold,SEFA,1,S5,5,1000,1,1,34,0.018814878892733568,10.235294117647062,-inf
sefa_random_threshold,SEFA,1,S5,5,1000,2,2,34,0.036115916955017306,19.647058823529413,-inf
sefa_random_threshold,SEFA,1,S5,5,1000,3,3,34,0.034385813148788934,18.70588235294118,-inf
sefa_random_threshold,SEFA,1,S5,5,1000,4,4,34,0.022275086505190313,12.11764705882353,-inf
sefa_random_threshold,SEFA,1,S5,5,1000,5,5,34,0.022275086505190313,12.11764705882353,-inf
sefa_random_threshold,SEFA,1,S5,5,1000,6,6,34,0.034385813148788934,18.70588235294118,-inf
sefa_random_threshold,SEFA,1,S5,5,1000,7,7,34,0.032655709342560554,17.764705882352942,-inf
sefa_random_threshold,SEFA,1,S5,5,1000,8,8,34,0.02573529411764706,14.000000000000002,-inf
sefa_random_threshold,SEFA,1,S5,5,1000,9,9,34,0.036115916955017306,19.647058823529413,-inf
sefa_random_threshold,SEFA,1,S5,5,1000,10,a,34,0.03784602076124568,20.58823529411765,
sefa_random_threshold,SEFA,1,S5,5,1000,11,b,34,0.05341695501730104,29.058823529411764,-inf
sefa_random_threshold,SEFA,1,S5,5,1000,12,c,34,0.02919550173010381,15.882352941176473,-inf
sefa_random_threshold,SEFA,1,S5,5,1000,13,d,34,0.017084775086505192,9.294117647058824,-inf
sefa_random_threshold,SEFA,1,S5,5,1000,14,e,34,0.04995674740484429,27.176470588235297,-inf
sefa_random_threshold,SEFA,1,S5,5,1000,15,f,34,0.034385813148788934,18.70588235294118,-inf
sefa_random_threshold,SEFA,1,S5,5,1500,0,0,53,0.020447668209327162,17.339622641509433,-inf
sefa_random_threshold,SEFA,1,S5,5,1500,1,1,53,0.015463688145247421,13.113207547169813,-inf
sefa_random_threshold,SEFA,1,S5,5,1500,2,2,53,0.013327696689213245,11.301886792452832,-inf
sefa_random_threshold,SEFA,1,S5,5,1500,3,3,53,0.027567639729441085,23.377358490566042,-inf
sefa_random_threshold,SEFA,1,S5,5,1500,4,4,53,0.014039693841224636,11.90566037735849,-inf
sefa_random_threshold,SEFA,1,S5,5,1500,5,5,53,0.006919722321110717,5.867924528301888,-inf
sefa_random_threshold,SEFA,1,S5,5,1500,6,6,53,0.021159665361338557,17.943396226415096,-inf
sefa_random_threshold,SEFA,1,S5,5,1500,7,7,53,0.0261436454254183,22.169811320754718,-inf
sefa_random_threshold,SEFA,1,S5,5,1500,8,8,53,0.008343716625133502,7.075471698113209,-inf
sefa_random_threshold,SEFA,1,S5,5,1500,9,9,53,0.02187166251334995,18.547169811320757,-inf
sefa_random_threshold,SEFA,1,S5,5,1500,10,a,53,0.01475169099323603,12.509433962264152,-inf
sefa_random_threshold,SEFA,1,S5,5,1500,11,b,53,0.026143645425418298,22.169811320754718,-inf
sefa_random_threshold,SEFA,1,S5,5,1500,12,c,53,0.012615699537201853,10.698113207547172,-inf
sefa_random_threshold,SEFA,1,S5,5,1500,13,d,53,0.012615699537201855,10.698113207547173,-inf
sefa_random_threshold,SEFA,1,S5,5,1500,14,e,53,0.02827963688145248,23.981132075471702,-inf
sefa_random_threshold,SEFA,1,S5,5,1500,15,f,53,0.01902367390530438,16.132075471698116,-inf
sefa_random_threshold,SEFA,1,S5,5,2000,0,0,68,0.017949826989619378,19.529411764705884,-inf
sefa_random_threshold,SEFA,1,S5,5,2000,1,1,68,0.01535467128027682,16.70588235294118,-inf
sefa_random_threshold,SEFA,1,S5,5,2000,2,2,68,0.008434256055363323,9.176470588235295,-inf
sefa_random_threshold,SEFA,1,S5,5,2000,3,3,68,0.020977508650519033,22.82352941176471,-inf
sefa_random_threshold,SEFA,1,S5,5,2000,4,4,68,0.016219723183391002,17.64705882352941,-inf
sefa_random_threshold,SEFA,1,S5,5,2000,5,5,68,0.007136678200692042,7.764705882352941,-inf
sefa_random_threshold,SEFA,1,S5,5,2000,6,6,68,0.019247404844290657,20.941176470588236,-inf
sefa_random_threshold,SEFA,1,S5,5,2000,7,7,68,0.024437716262975778,26.588235294117645,-inf
sefa_random_threshold,SEFA,1,S5,5,2000,8,8,68,0.010164359861591697,11.058823529411766,-inf
sefa_random_threshold,SEFA,1,S5,5,2000,9,9,68,0.01967993079584775,21.41176470588235,-inf
sefa_random_threshold,SEFA,1,S5,5,2000,10,a,68,0.01751730103806229,19.058823529411768,-inf
sefa_random_threshold,SEFA,1,S5,5,2000,11,b,68,0.023572664359861592,25.647058823529413,-inf
sefa_random_threshold,SEFA,1,S5,5,2000,12,c,68,0.010596885813148788,11.529411764705882,-inf
sefa_random_threshold,SEFA,1,S5,5,2000,13,d,68,0.009299307958477509,10.117647058823529,-inf
sefa_random_threshold,SEFA,1,S5,5,2000,14,e,68,0.019247404844290657,20.941176470588236,-inf
sefa_random_threshold,SEFA,1,S5,5,2000,15,f,68,0.017949826989619378,19.529411764705884,-inf
sefa_random_threshold,SEFA,1,S5,5,3000,0,0,112,0.012276785714285716,22.000000000000004,-inf
sefa_random_threshold,SEFA,1,S5,5,3000,1,1,112,0.009247448979591837,16.57142857142857,-inf
sefa_random_threshold,SEFA,1,S5,5,3000,2,2,112,0.00542091836734694,9.714285714285715,-inf
sefa_random_threshold,SEFA,1,S5,5,3000,3,3,112,0.011639030612244899,20.857142857142858,-inf
sefa_random_threshold,SEFA,1,S5,5,3000,4,4,112,0.012436224489795918,22.285714285714285,-inf
sefa_random_threshold,SEFA,1,S5,5,3000,5,5,112,0.007334183673469387,13.142857142857142,-inf
sefa_random_threshold,SEFA,1,S5,5,3000,6,6,112,0.010682397959183673,19.142857142857142,-inf
sefa_random_threshold,SEFA,1,S5,5,3000,7,7,112,0.015943877551020412,28.571428571428577,-inf
sefa_random_threshold,SEFA,1,S5,5,3000,8,8,112,0.008131377551020409,14.571428571428573,-inf
sefa_random_threshold,SEFA,1,S5,5,3000,9,9,112,0.007971938775510206,14.285714285714288,-inf
sefa_random_threshold,SEFA,1,S5,5,3000,10,a,112,0.00892857142857143,16.000000000000004,-inf
sefa_random_threshold,SEFA,1,S5,5,3000,11,b,112,0.010044642857142858,18.0,-inf
sefa_random_threshold,SEFA,1,S5,5,3000,12,c,112,0.008290816326530611,14.857142857142854,-inf
sefa_random_threshold,SEFA,1,S5,5,3000,13,d,112,0.007971938775510206,14.285714285714288,-inf
sefa_random_threshold,SEFA,1,S5,5,3000,14,e,112,0.01211734693877551,21.714285714285715,-inf
sefa_random_threshold,SEFA,1,S5,5,3000,15,f,112,0.010044642857142858,18.0,-inf
sefa_random_threshold,SEFA,1,S5,5,4000,0,0,142,0.010600575282682006,24.084507042253517,-inf
sefa_random_threshold,SEFA,1,S5,5,4000,1,1,142,0.008716028565760762,19.802816901408452,-inf
sefa_random_threshold,SEFA,1,S5,5,4000,2,2,142,0.00474856179329498,10.788732394366194,-inf
sefa_random_threshold,SEFA,1,S5,5,4000,3,3,142,0.010600575282682007,24.08450704225352,-inf
sefa_random_threshold,SEFA,1,S5,5,4000,4,4,142,0.011294881967863518,25.661971830985912,-inf
sefa_random_threshold,SEFA,1,S5,5,4000,5,5,142,0.0070298551874628055,15.971830985915494,-inf
sefa_random_threshold,SEFA,1,S5,5,4000,6,6,142,0.010303015274747074,23.408450704225352,-inf
sefa_random_threshold,SEFA,1,S5,5,4000,7,7,142,0.011394068637175164,25.887323943661972,-inf
sefa_random_threshold,SEFA,1,S5,5,4000,8,8,142,0.006236361832969648,14.16901408450704,-inf
sefa_random_threshold,SEFA,1,S5,5,4000,9,9,142,0.006732295179527872,15.295774647887324,-inf
sefa_random_threshold,SEFA,1,S5,5,4000,10,a,142,0.008220095219202538,18.676056338028168,-inf
sefa_random_threshold,SEFA,1,S5,5,4000,11,b,142,0.007029855187462804,15.97183098591549,-inf
sefa_random_threshold,SEFA,1,S5,5,4000,12,c,142,0.005244495139853203,11.915492957746476,-inf
sefa_random_threshold,SEFA,1,S5,5,4000,13,d,142,0.007624975203332671,17.32394366197183,-inf
sefa_random_threshold,SEFA,1,S5,5,4000,14,e,142,0.010798948621305296,24.535211267605632,-inf
sefa_random_threshold,SEFA,1,S5,5,4000,15,f,142,0.006533921840904582,14.84507042253521,-inf
sefa_random_threshold,SEFA,1,S5,5,6000,0,0,203,0.00532498968671892,17.295566502463053,-inf
sefa_random_threshold,SEFA,1,S5,5,6000,1,1,203,0.004063129413477639,13.19704433497537,-inf
sefa_random_threshold,SEFA,1,S5,5,6000,2,2,203,0.004402861025504138,14.30049261083744,-inf
sefa_random_threshold,SEFA,1,S5,5,6000,3,3,203,0.0069751146594190586,22.655172413793103,-inf
sefa_random_threshold,SEFA,1,S5,5,6000,4,4,203,0.004742592637530635,15.403940886699504,-inf
sefa_random_threshold,SEFA,1,S5,5,6000,5,5,203,0.0052279235118542055,16.98029556650246,-inf
sefa_random_threshold,SEFA,1,S5,5,6000,6,6,203,0.009159103593875124,29.748768472906406,-inf
sefa_random_threshold,SEFA,1,S5,5,6000,7,7,203,0.0079457764080662,25.807881773399018,-inf
sefa_random_threshold,SEFA,1,S5,5,6000,8,8,203,0.003577798539154068,11.620689655172413,-inf
sefa_random_threshold,SEFA,1,S5,5,6000,9,9,203,0.0058588536484748465,19.029556650246302,-inf
sefa_random_threshold,SEFA,1,S5,5,6000,10,a,203,0.005713254386177776,18.556650246305416,-inf
sefa_random_threshold,SEFA,1,S5,5,6000,11,b,203,0.0055676551238807055,18.08374384236453,-inf
sefa_random_threshold,SEFA,1,S5,5,6000,12,c,203,0.003529265451721711,11.463054187192117,-inf
sefa_random_threshold,SEFA,1,S5,5,6000,13,d,203,0.007072180834283773,22.970443349753694,-inf
sefa_random_threshold,SEFA,1,S5,5,6000,14,e,203,0.007023647746851417,22.812807881773402,-inf
sefa_random_threshold,SEFA,1,S5,5,6000,15,f,203,0.00775164405833677,25.17733990147783,-inf
sefa_random_threshold,SEFA,1,S5,5,8000,0,0,268,0.0051932501670750725,22.26865671641791,-inf
sefa_random_threshold,SEFA,1,S5,5,8000,1,1,268,0.00399587881488082,17.134328358208958,-inf
sefa_random_threshold,SEFA,1,S5,5,8000,2,2,268,0.002826353308086434,12.119402985074629,-inf
sefa_random_threshold,SEFA,1,S5,5,8000,3,3,268,0.00452494987747828,19.402985074626862,-inf
sefa_random_threshold,SEFA,1,S5,5,8000,4,4,268,0.004664179104477612,20.000000000000004,-inf
sefa_random_threshold,SEFA,1,S5,5,8000,5,5,268,0.004413566495878814,18.925373134328357,-inf
sefa_random_threshold,SEFA,1,S5,5,8000,6,6,268,0.008005680552461572,34.32835820895522,-inf
sefa_random_threshold,SEFA,1,S5,5,8000,7,7,268,0.006251392292269994,26.805970149253735,-inf
sefa_random_threshold,SEFA,1,S5,5,8000,8,8,268,0.0036338828246825577,15.582089552238807,-inf
sefa_random_threshold,SEFA,1,S5,5,8000,9,9,268,0.003968032969480953,17.014925373134325,-inf
sefa_random_threshold,SEFA,1,S5,5,8000,10,a,268,0.0048034083314769434,20.597014925373134,-inf
sefa_random_threshold,SEFA,1,S5,5,8000,11,b,268,0.003773112051681889,16.17910447761194,-inf
sefa_random_threshold,SEFA,1,S5,5,8000,12,c,268,0.003968032969480954,17.01492537313433,-inf
sefa_random_threshold,SEFA,1,S5,5,8000,13,d,268,0.006362775673869458,27.283582089552237,-inf
sefa_random_threshold,SEFA,1,S5,5,8000,14,e,268,0.006669079973267988,28.597014925373134,-inf
sefa_random_threshold,SEFA,1,S5,5,8000,15,f,268,0.004692024949877478,20.119402985074625,-inf
sefa_random_budget,SEFA,0,S0,0,250,0,0,55,0.01584710743801653,13.945454545454545,-inf
sefa_random_budget,SEFA,0,S0,0,250,1,1,55,0.018491735537190083,16.272727272727273,
sefa_random_budget,SEFA,0,S0,0,250,2,2,55,0.01915289256198347,16.854545454545455,-inf
sefa_random_budget,SEFA,0,S0,0,250,3,3,55,0.017169421487603306,15.10909090909091,-inf
sefa_random_budget,SEFA,0,S0,0,250,4,4,55,0.013863636363636363,12.2,-inf
sefa_random_budget,SEFA,0,S0,0,250,5,5,55,0.010557851239669423,9.290909090909093,-inf
sefa_random_budget,SEFA,0,S0,0,250,6,6,55,0.021136363636363634,18.599999999999998,-inf
sefa_random_budget,SEFA,0,S0,0,250,7,7,55,0.01915289256198347,16.854545454545455,-inf
sefa_random_budget,SEFA,0,S0,0,250,8,8,55,0.01518595041322314,13.363636363636363,-inf
sefa_random_budget,SEFA,0,S0,0,250,9,9,55,0.020475206611570245,18.018181818181816,-inf
sefa_random_budget,SEFA,0,S0,0,250,10,a,55,0.021797520661157026,19.181818181818183,-inf
sefa_random_budget,SEFA,0,S0,0,250,11,b,55,0.01849173553719008,16.27272727272727,-inf
sefa_random_budget,SEFA,0,S0,0,250,12,c,55,0.020475206611570245,18.018181818181816,-inf
sefa_random_budget,SEFA,0,S0,0,250,13,d,55,0.01518595041322314,13.363636363636363,-inf
sefa_random_budget,SEFA,0,S0,0,250,14,e,55,0.013863636363636364,12.200000000000001,-inf
sefa_random_budget,SEFA,0,S0,0,250,15,f,55,0.013863636363636363,12.2,-inf
sefa_random_budget,SEFA,0,S0,0,500,0,0,119,0.01058805875291293,20.15966386554622,-inf
sefa_random_budget,SEFA,0,S0,0,500,1,1,119,0.010164359861591695,19.352941176470587,-inf
sefa_random_budget,SEFA,0,S0,0,500,2,2,119,0.009175729115175483,17.47058823529412,-inf
sefa_random_budget,SEFA,0,S0,0,500,3,3,119,0.005786137984605607,11.016806722689076,-inf
sefa_random_budget,SEFA,0,S0,0,500,4,4,119,0.007198467622343054,13.705882352941174,-inf
sefa_random_budget,SEFA,0,S0,0,500,5,5,119,0.01087052468046042,20.69747899159664,-inf
sefa_random_budget,SEFA,0,S0,0,500,6,6,119,0.00846956429630676,16.12605042016807,-inf
sefa_random_budget,SEFA,0,S0,0,500,7,7,119,0.009034496151401736,17.201680672268907,-inf
sefa_random_budget,SEFA,0,S0,0,500,8,8,119,0.005362439093284373,10.210084033613446,-inf
sefa_random_budget,SEFA,0,S0,0,500,9,9,119,0.006209836875926841,11.823529411764707,-inf
sefa_random_budget,SEFA,0,S0,0,500,10,a,119,0.0033851776004519447,6.445378151260503,-inf
sefa_random_budget,SEFA,0,S0,0,500,11,b,119,0.004515041310641904,8.596638655462185,-inf
sefa_random_budget,SEFA,0,S0,0,500,12,c,119,0.008752030223854249,16.66386554621849,-inf
sefa_random_budget,SEFA,0,S0,0,500,13,d,119,0.009740660970270461,18.54621848739496,-inf
sefa_random_budget,SEFA,0,S0,0,500,14,e,119,0.005503672057058118,10.478991596638657,-inf
sefa_random_budget,SEFA,0,S0,0,500,15,f,119,0.007480933549890547,14.243697478991601,-inf
sefa_random_budget,SEFA,0,S0,0,1000,0,0,239,0.0035877785753050534,13.719665271966525,-inf
sefa_random_budget,SEFA,0,S0,0,1000,1,1,239,0.003622791967927732,13.853556485355648,-inf
sefa_random_budget,SEFA,0,S0,0,1000,2,2,239,0.005548528562175033,21.217573221757323,-inf
sefa_random_budget,SEFA,0,S0,0,1000,3,3,239,0.005968689273647169,22.824267782426777,-inf
sefa_random_budget,SEFA,0,S0,0,1000,4,4,239,0.003972925894154515,15.192468619246865,-inf
sefa_random_budget,SEFA,0,S0,0,1000,5,5,239,0.005688582132665744,21.753138075313807,-inf
sefa_random_budget,SEFA,0,S0,0,1000,6,6,239,0.003657805360550411,13.98744769874477,-inf
sefa_random_budget,SEFA,0,S0,0,1000,7,7,239,0.002502363404002031,9.569037656903767,-inf
sefa_random_budget,SEFA,0,S0,0,1000,8,8,239,0.0038328723236638017,14.656903765690378,-inf
sefa_random_budget,SEFA,0,S0,0,1000,9,9,239,0.004673193746608077,17.870292887029287,-inf
sefa_random_budget,SEFA,0,S0,0,1000,10,a,239,0.0057586089179111006,22.02092050209205,-inf
sefa_random_budget,SEFA,0,S0,0,1000,11,b,239,0.0035527651826823764,13.585774058577407,-inf
sefa_random_budget,SEFA,0,S0,0,1000,12,c,239,0.007264184800686262,27.778242677824267,-inf
sefa_random_budget,SEFA,0,S0,0,1000,13,d,239,0.004323059820381295,16.53138075313807,-inf
sefa_random_budget,SEFA,0,S0,0,1000,14,e,239,0.0032726580417009503,12.514644351464433,-inf
sefa_random_budget,SEFA,0,S0,0,1000,15,f,239,0.0036928187531730886,14.121338912133892,-inf
sefa_random_budget,SEFA,0,S0,0,1500,0,0,371,0.002284475555975327,13.560646900269543,-inf
sefa_random_budget,SEFA,0,S0,0,1500,1,1,371,0.003156308803336215,18.735849056603772,-inf
sefa_random_budget,SEFA,0,S0,0,1500,2,2,371,0.0028075755043918604,16.665768194070083,-inf
sefa_random_budget,SEFA,0,S0,0,1500,3,3,371,0.002938350491495993,17.442048517520213,-inf
sefa_random_budget,SEFA,0,S0,0,1500,4,4,371,0.0021246394606258315,12.611859838274937,-inf
sefa_random_budget,SEFA,0,S0,0,1500,5,5,371,0.0032289615739496224,19.16711590296496,-inf
sefa_random_budget,SEFA,0,S0,0,1500,6,6,371,0.0031708393574588966,18.82210242587601,-inf
sefa_random_budget,SEFA,0,S0,0,1500,7,7,371,0.002633208854919682,15.630727762803232,-inf
sefa_random_budget,SEFA,0,S0,0,1500,8,8,371,0.0028221060585145417,16.75202156334232,-inf
sefa_random_budget,SEFA,0,S0,0,1500,9,9,371,0.0021391700147485124,12.69811320754717,-inf
sefa_random_budget,SEFA,0,S0,0,1500,10,a,371,0.0027058616255330897,16.06199460916442,-inf
sefa_random_budget,SEFA,0,S0,0,1500,11,b,371,0.0015434172957185716,9.161725067385442,-inf
sefa_random_budget,SEFA,0,S0,0,1500,12,c,371,0.004638425323849725,27.533692722371967,-inf
sefa_random_budget,SEFA,0,S0,0,1500,13,d,371,0.0030110032621094,17.8733153638814,-inf
sefa_random_budget,SEFA,0,S0,0,1500,14,e,371,0.0030691254786001268,18.218328840970354,-inf
sefa_random_budget,SEFA,0,S0,0,1500,15,f,371,0.001863089486417565,11.059299191374665,-inf
sefa_random_budget,SEFA,0,S0,0,2000,0,0,498,0.001966702149965323,15.670682730923694,-inf
sefa_random_budget,SEFA,0,S0,0,2000,1,1,498,0.0030473298817761,24.281124497991964,-inf
sefa_random_budget,SEFA,0,S0,0,2000,2,2,498,0.0026360461928033423,21.00401606425703,-inf
sefa_random_budget,SEFA,0,S0,0,2000,3,3,498,0.0024989516298124224,19.91164658634538,-inf
sefa_random_budget,SEFA,0,S0,0,2000,4,4,498,0.001442517056176514,11.493975903614462,-inf
sefa_random_budget,SEFA,0,S0,0,2000,5,5,498,0.002700561281269658,21.518072289156635,-inf
sefa_random_budget,SEFA,0,S0,0,2000,6,6,498,0.002821527072143998,22.481927710843376,-inf
sefa_random_budget,SEFA,0,S0,0,2000,7,7,498,0.001603804777342301,12.779116465863453,-inf
sefa_random_budget,SEFA,0,S0,0,2000,8,8,498,0.001974766536023612,15.73493975903614,-inf
sefa_random_budget,SEFA,0,S0,0,2000,9,9,498,0.0022570200480637407,17.983935742971887,-inf
sefa_random_budget,SEFA,0,S0,0,2000,10,a,498,0.0018376719730326934,14.6425702811245,-inf
sefa_random_budget,SEFA,0,S0,0,2000,11,b,498,0.0015231609167594066,12.136546184738952,-inf
sefa_random_budget,SEFA,0,S0,0,2000,12,c,498,0.0029908791793680748,23.83132530120482,-inf
sefa_random_budget,SEFA,0,S0,0,2000,13,d,498,0.002498951629812423,19.911646586345384,-inf
sefa_random_budget,SEFA,0,S0,0,2000,14,e,498,0.0021037967129562424,16.76305220883534,-inf
sefa_random_budget,SEFA,0,S0,0,2000,15,f,498,0.001660255479750327,13.228915662650605,-inf
sefa_random_budget,SEFA,0,S0,0,3000,0,0,767,0.0009773045220971325,11.99348109517601,-inf
sefa_random_budget,SEFA,0,S0,0,3000,1,1,767,0.0013036747244976532,15.9986962190352,-inf
sefa_random_budget,SEFA,0,S0,0,3000,2,2,767,0.0008821132130636469,10.825293350717075,-inf
sefa_random_budget,SEFA,0,S0,0,3000,3,3,767,0.0014294632400061874,17.54237288135593,-inf
sefa_random_budget,SEFA,0,S0,0,3000,4,4,767,0.0007529250079467745,9.239895697522817,-inf
sefa_random_budget,SEFA,0,S0,0,3000,5,5,767,0.001432862929614526,17.584093872229463,-inf
sefa_random_budget,SEFA,0,S0,0,3000,6,6,767,0.0015348536178646888,18.83572359843546,-inf
sefa_random_budget,SEFA,0,S0,0,3000,7,7,767,0.0016062470996398024,19.711864406779654,-inf
sefa_random_budget,SEFA,0,S0,0,3000,8,8,767,0.0017218365463233208,21.13037809647979,-inf
sefa_random_budget,SEFA,0,S0,0,3000,9,9,767,0.0017490340631900303,21.46414602346805,-inf
sefa_random_budget,SEFA,0,S0,0,3000,10,a,767,0.0014974570321729622,18.37679269882659,-inf
sefa_random_budget,SEFA,0,S0,0,3000,11,b,767,0.0010181007973971976,12.494132985658409,-inf
sefa_random_budget,SEFA,0,S0,0,3000,12,c,767,0.0013852672750977835,17.0,-inf
sefa_random_budget,SEFA,0,S0,0,3000,13,d,767,0.0014906576529562852,18.293350717079534,-inf
sefa_random_budget,SEFA,0,S0,0,3000,14,e,767,0.0010011023493555035,12.28552803129074,-inf
sefa_random_budget,SEFA,0,S0,0,3000,15,f,767,0.0014770588945229297,18.126466753585394,-inf
sefa_random_budget,SEFA,0,S0,0,4000,0,0,1024,0.000820159912109375,13.4375,-inf
sefa_random_budget,SEFA,0,S0,0,4000,1,1,1024,0.0009403228759765625,15.40625,-inf
sefa_random_budget,SEFA,0,S0,0,4000,2,2,1024,0.00057220458984375,9.375,-inf
sefa_random_budget,SEFA,0,S0,0,4000,3,3,1024,0.0011081695556640625,18.15625,-inf
sefa_random_budget,SEFA,0,S0,0,4000,4,4,1024,0.0012416839599609375,20.34375,-inf
sefa_random_budget,SEFA,0,S0,0,4000,5,5,1024,0.000904083251953125,14.8125,-inf
sefa_random_budget,SEFA,0,S0,0,4000,6,6,1024,0.00092315673828125,15.125,-inf
sefa_random_budget,SEFA,0,S0,0,4000,7,7,1024,0.001270294189453125,20.8125,-inf
sefa_random_budget,SEFA,0,S0,0,4000,8,8,1024,0.001117706298828125,18.3125,-inf
sefa_random_budget,SEFA,0,S0,0,4000,9,9,1024,0.0015277862548828125,25.03125,-inf
sefa_random_budget,SEFA,0,S0,0,4000,10,a,1024,0.0012531280517578125,20.53125,-inf
sefa_random_budget,SEFA,0,S0,0,4000,11,b,1024,0.0008144378662109375,13.34375,-inf
sefa_random_budget,SEFA,0,S0,0,4000,12,c,1024,0.001171112060546875,19.1875,-inf
sefa_random_budget,SEFA,0,S0,0,4000,13,d,1024,0.0010471343994140625,17.15625,-inf
sefa_random_budget,SEFA,0,S0,0,4000,14,e,1024,0.000469207763671875,7.6875,-inf
sefa_random_budget,SEFA,0,S0,0,4000,15,f,1024,0.0013828277587890625,22.65625,-inf
sefa_random_budget,SEFA,0,S0,0,6000,0,0,1557,0.0006201662865489475,15.44958253050738,-inf
sefa_random_budget,SEFA,0,S0,0,6000,1,1,1557,0.0006391412350793997,15.922286448298006,-inf
sefa_random_budget,SEFA,0,S0,0,6000,2,2,1557,0.0007076160493414663,17.62813102119461,-inf
sefa_random_budget,SEFA,0,S0,0,6000,3,3,1557,0.0006622411724208196,16.497752087347457,-inf
sefa_random_budget,SEFA,0,S0,0,6000,4,4,1557,0.0008874655614996642,22.108542068079633,-inf
sefa_random_budget,SEFA,0,S0,0,6000,5,5,1557,0.0005252915438966874,13.086062941554278,-inf
sefa_random_budget,SEFA,0,S0,0,6000,6,6,1557,0.000588816371585592,14.668593448940268,-inf
sefa_random_budget,SEFA,0,S0,0,6000,7,7,1557,0.0008742655973045671,21.779704560051375,-inf
sefa_random_budget,SEFA,0,S0,0,6000,8,8,1557,0.0006589411813720452,16.41554271034039,-inf
sefa_random_budget,SEFA,0,S0,0,6000,9,9,1557,0.0005945913559209469,14.81245985870263,-inf
sefa_random_budget,SEFA,0,S0,0,6000,10,a,1557,0.0008041407875181135,20.032755298651242,-inf
sefa_random_budget,SEFA,0,S0,0,6000,11,b,1557,0.000568191427530753,14.15478484264612,-inf
sefa_random_budget,SEFA,0,S0,0,6000,12,c,1557,0.0010021402504445708,24.965317919075147,-inf
sefa_random_budget,SEFA,0,S0,0,6000,13,d,1557,0.0006416162283659809,15.983943481053316,-inf
sefa_random_budget,SEFA,0,S0,0,6000,14,e,1557,0.0005426164969027521,13.51766217084136,-inf
sefa_random_budget,SEFA,0,S0,0,6000,15,f,1557,0.000870965606255793,21.697495183044314,-inf
sefa_random_budget,SEFA,0,S0,0,8000,0,0,2100,0.00044693877551020415,15.01714285714286,-inf
sefa_random_budget,SEFA,0,S0,0,8000,1,1,2100,0.0004673469387755103,15.702857142857146,-inf
sefa_random_budget,SEFA,0,S0,0,8000,2,2,2100,0.0005349206349206348,17.97333333333333,-inf
sefa_random_budget,SEFA,0,S0,0,8000,3,3,2100,0.0006768707482993196,22.74285714285714,-inf
sefa_random_budget,SEFA,0,S0,0,8000,4,4,2100,0.0007630385487528346,25.638095238095243,-inf
sefa_random_budget,SEFA,0,S0,0,8000,5,5,2100,0.00048185941043083906,16.190476190476193,-inf
sefa_random_budget,SEFA,0,S0,0,8000,6,6,2100,0.00033446712018140586,11.238095238095237,-inf
sefa_random_budget,SEFA,0,S0,0,8000,7,7,2100,0.00037437641723356003,12.579047619047618,-inf
sefa_random_budget,SEFA,0,S0,0,8000,8,8,2100,0.0006283446712018142,21.112380952380956,-inf
sefa_random_budget,SEFA,0,S0,0,8000,9,9,2100,0.000447392290249433,15.032380952380949,-inf
sefa_random_budget,SEFA,0,S0,0,8000,10,a,2100,0.0006287981859410432,21.127619047619053,-inf
sefa_random_budget,SEFA,0,S0,0,8000,11,b,2100,0.0004292517006802721,14.422857142857143,-inf
sefa_random_budget,SEFA,0,S0,0,8000,12,c,2100,0.000626984126984127,21.066666666666666,-inf
sefa_random_budget,SEFA,0,S0,0,8000,13,d,2100,0.00042653061224489784,14.331428571428567,-inf
sefa_random_budget,SEFA,0,S0,0,8000,14,e,2100,0.00033673469387755095,11.314285714285711,-inf
sefa_random_budget,SEFA,0,S0,0,8000,15,f,2100,0.0004659863945578228,15.657142857142848,-inf
sefa_random_budget,SEFA,0,S5,5,250,0,0,78,0.013108152531229454,16.358974358974358,-inf
sefa_random_budget,SEFA,0,S5,5,250,1,1,78,0.018696581196581193,23.33333333333333,-inf
sefa_random_budget,SEFA,0,S5,5,250,2,2,78,0.015080539119000655,18.820512820512818,-inf
sefa_random_budget,SEFA,0,S5,5,250,3,3,78,0.015738001314924394,19.641025641025642,-inf
sefa_random_budget,SEFA,0,S5,5,250,4,4,78,0.009163379355687049,11.435897435897436,-inf
sefa_random_budget,SEFA,0,S5,5,250,5,5,78,0.009163379355687047,11.435897435897434,-inf
sefa_random_budget,SEFA,0,S5,5,250,6,6,78,0.007519723865877712,9.384615384615385,-inf
sefa_random_budget,SEFA,0,S5,5,250,7,7,78,0.014751808021038792,18.410256410256412,-inf
sefa_random_budget,SEFA,0,S5,5,250,8,8,78,0.007519723865877713,9.384615384615387,-inf
sefa_random_budget,SEFA,0,S5,5,250,9,9,78,0.011464497041420118,14.307692307692307,-inf
sefa_random_budget,SEFA,0,S5,5,250,10,a,78,0.01376561472715319,17.179487179487182,-inf
sefa_random_budget,SEFA,0,S5,5,250,11,b,78,0.016066732412886264,20.051282051282058,-inf
sefa_random_budget,SEFA,0,S5,5,250,12,c,78,0.009163379355687049,11.435897435897436,-inf
sefa_random_budget,SEFA,0,S5,5,250,13,d,78,0.008834648257725179,11.025641025641022,-inf
sefa_random_budget,SEFA,0,S5,5,250,14,e,78,0.018367850098619333,22.923076923076927,-inf
sefa_random_budget,SEFA,0,S5,5,250,15,f,78,0.019354043392504933,24.153846153846157,-inf
sefa_random_budget,SEFA,0,S5,5,500,0,0,146,0.009746200037530493,22.767123287671232,-inf
sefa_random_budget,SEFA,0,S5,5,500,1,1,146,0.008807937699380746,20.575342465753423,-inf
sefa_random_budget,SEFA,0,S5,5,500,2,2,146,0.00505488834678176,11.808219178082192,-inf
sefa_random_budget,SEFA,0,S5,5,500,3,3,146,0.011435072246200037,26.712328767123285,-inf
sefa_random_budget,SEFA,0,S5,5,500,4,4,146,0.004585757177706887,10.712328767123287,-inf
sefa_random_budget,SEFA,0,S5,5,500,5,5,146,0.0071190654907112025,16.63013698630137,-inf
sefa_random_budget,SEFA,0,S5,5,500,6,6,146,0.006649934321636328,15.534246575342463,-inf
sefa_random_budget,SEFA,0,S5,5,500,7,7,146,0.0071190654907112025,16.63013698630137,-inf
sefa_random_budget,SEFA,0,S5,5,500,8,8,146,0.004679583411521861,10.931506849315067,-inf
sefa_random_budget,SEFA,0,S5,5,500,9,9,146,0.006180803152561456,14.438356164383562,-inf
sefa_random_budget,SEFA,0,S5,5,500,10,a,146,0.013499249390129479,31.53424657534246,-inf
sefa_random_budget,SEFA,0,S5,5,500,11,b,146,0.006180803152561455,14.43835616438356,-inf
sefa_random_budget,SEFA,0,S5,5,500,12,c,146,0.006086976918746481,14.21917808219178,-inf
sefa_random_budget,SEFA,0,S5,5,500,13,d,146,0.005805498217301557,13.561643835616437,-inf
sefa_random_budget,SEFA,0,S5,5,500,14,e,146,0.010965941077125164,25.616438356164384,-inf
sefa_random_budget,SEFA,0,S5,5,500,15,f,146,0.008432632764120847,19.6986301369863,-inf
sefa_random_budget,SEFA,0,S5,5,1000,0,0,291,0.003051894757974044,14.209621993127149,-inf
sefa_random_budget,SEFA,0,S5,5,1000,1,1,291,0.005153901111229202,23.996563573883165,-inf
sefa_random_budget,SEFA,0,S5,5,1000,2,2,291,0.0033825474427557536,15.74914089347079,-inf
sefa_random_budget,SEFA,0,S5,5,1000,3,3,291,0.004256415252535988,19.81786941580756,-inf
sefa_random_budget,SEFA,0,S5,5,1000,4,4,291,0.001989082556889975,9.261168384879724,-inf
sefa_random_budget,SEFA,0,S5,5,1000,5,5,291,0.005815206480792623,27.07560137457045,-inf
sefa_random_budget,SEFA,0,S5,5,1000,6,6,291,0.0022488810949327473,10.470790378006871,-inf
sefa_random_budget,SEFA,0,S5,5,1000,7,7,291,0.003760436225363423,17.508591065292098,-inf
sefa_random_budget,SEFA,0,S5,5,1000,8,8,291,0.0034770196384076714,16.189003436426116,-inf
sefa_random_budget,SEFA,0,S5,5,1000,9,9,291,0.003028276709061064,14.099656357388314,-inf
sefa_random_budget,SEFA,0,S5,5,1000,10,a,291,0.004752394279708553,22.127147766323024,-inf
sefa_random_budget,SEFA,0,S5,5,1000,11,b,291,0.00383129037210236,17.838487972508588,-inf
sefa_random_budget,SEFA,0,S5,5,1000,12,c,291,0.0045870679373176985,21.357388316151205,-inf
sefa_random_budget,SEFA,0,S5,5,1000,13,d,291,0.002555915730801478,11.900343642611682,-inf
sefa_random_budget,SEFA,0,S5,5,1000,14,e,291,0.006618220143833918,30.814432989690722,-inf
sefa_random_budget,SEFA,0,S5,5,1000,15,f,291,0.004587067937317699,21.35738831615121,-inf
sefa_random_budget,SEFA,0,S5,5,1500,0,0,432,0.0013717421124828538,9.481481481481485,-inf
sefa_random_budget,SEFA,0,S5,5,1500,1,1,432,0.002893518518518518,19.999999999999996,-inf
sefa_random_budget,SEFA,0,S5,5,1500,2,2,432,0.0015967935528120717,11.03703703703704,-inf
sefa_random_budget,SEFA,0,S5,5,1500,3,3,432,0.002046896433470508,14.148148148148152,-inf
sefa_random_budget,SEFA,0,S5,5,1500,4,4,432,0.0014360425240054877,9.925925925925931,-inf
sefa_random_budget,SEFA,0,S5,5,1500,5,5,432,0.0026470336076817565,18.2962962962963,-inf
sefa_random_budget,SEFA,0,S5,5,1500,6,6,432,0.0013395919067215366,9.259259259259261,-inf
sefa_random_budget,SEFA,0,S5,5,1500,7,7,432,0.0012860082304526751,8.888888888888891,-inf
sefa_random_budget,SEFA,0,S5,5,1500,8,8,432,0.0030328360768175585,20.962962962962965,-inf
sefa_random_budget,SEFA,0,S5,5,1500,9,9,432,0.0011466906721536354,7.925925925925927,-inf
sefa_random_budget,SEFA,0,S5,5,1500,10,a,432,0.0031507201646090535,21.77777777777778,-inf
sefa_random_budget,SEFA,0,S5,5,1500,11,b,432,0.0024969993141289444,17.259259259259263,-inf
sefa_random_budget,SEFA,0,S5,5,1500,12,c,432,0.0020254629629629633,14.000000000000002,-inf
sefa_random_budget,SEFA,0,S5,5,1500,13,d,432,0.0016503772290809332,11.40740740740741,-inf
sefa_random_budget,SEFA,0,S5,5,1500,14,e,432,0.003622256515775034,25.037037037037035,-inf
sefa_random_budget,SEFA,0,S5,5,1500,15,f,432,0.0028720850480109736,19.851851851851848,-inf
sefa_random_budget,SEFA,0,S5,5,2000,0,0,578,0.0017113959363513364,15.826989619377159,-inf
sefa_random_budget,SEFA,0,S5,5,2000,1,1,578,0.002154398295039571,19.923875432525953,-inf
sefa_random_budget,SEFA,0,S5,5,2000,2,2,578,0.0017473150465152478,16.15916955017301,-inf
sefa_random_budget,SEFA,0,S5,5,2000,3,3,578,0.0018790184504495877,17.377162629757787,-inf
sefa_random_budget,SEFA,0,S5,5,2000,4,4,578,0.0015377869038924344,14.221453287197233,-inf
sefa_random_budget,SEFA,0,S5,5,2000,5,5,578,0.0016814633445480776,15.550173010380622,-inf
sefa_random_budget,SEFA,0,S5,5,2000,6,6,578,0.0005739574478274926,5.3079584775086515,-inf
sefa_random_budget,SEFA,0,S5,5,2000,7,7,578,0.0011067575819255038,10.235294117647058,-inf
sefa_random_budget,SEFA,0,S5,5,2000,8,8,578,0.003196052489792986,29.557093425605537,-inf
sefa_random_budget,SEFA,0,S5,5,2000,9,9,578,0.0013102992061876655,12.11764705882353,-inf
sefa_random_budget,SEFA,0,S5,5,2000,10,a,578,0.002339980364219778,21.640138408304505,-inf
sefa_random_budget,SEFA,0,S5,5,2000,11,b,578,0.002711144502580189,25.072664359861587,-inf
sefa_random_budget,SEFA,0,S5,5,2000,12,c,578,0.0013522048347122282,12.505190311418687,-inf
sefa_random_budget,SEFA,0,S5,5,2000,13,d,578,0.0009570946229092087,8.851211072664363,-inf
sefa_random_budget,SEFA,0,S5,5,2000,14,e,578,0.003279863746842111,30.332179930795846,-inf
sefa_random_budget,SEFA,0,S5,5,2000,15,f,578,0.0025016163599573754,23.134948096885807,-inf
sefa_random_budget,SEFA,0,S5,5,3000,0,0,883,0.0008778339825238012,12.402038505096263,-inf
sefa_random_budget,SEFA,0,S5,5,3000,1,1,883,0.0007264915883127759,10.263873159682898,-inf
sefa_random_budget,SEFA,0,S5,5,3000,2,2,883,0.0006418424525676263,9.067950169875424,-inf
sefa_random_budget,SEFA,0,S5,5,3000,3,3,883,0.0012318212774580636,17.403171007927522,-inf
sefa_random_budget,SEFA,0,S5,5,3000,4,4,883,0.0007777940948249875,10.988674971687423,-inf
sefa_random_budget,SEFA,0,S5,5,3000,5,5,883,0.0016191552016252635,22.875424688561722,-inf
sefa_random_budget,SEFA,0,S5,5,3000,6,6,883,0.0005366723142175918,7.582106455266137,-inf
sefa_random_budget,SEFA,0,S5,5,3000,7,7,883,0.0010471322540141004,14.79388448471121,-inf
sefa_random_budget,SEFA,0,S5,5,3000,8,8,883,0.0019167097393960927,27.079275198187997,-inf
sefa_random_budget,SEFA,0,S5,5,3000,9,9,883,0.0011446070163873031,16.17100792751982,-inf
sefa_random_budget,SEFA,0,S5,5,3000,10,a,883,0.0008957898598030754,12.65571913929785,-inf
sefa_random_budget,SEFA,0,S5,5,3000,11,b,883,0.0016473715802069802,23.274065685164217,-inf
sefa_random_budget,SEFA,0,S5,5,3000,12,c,883,0.001139476765736082,16.098527746319366,-inf
sefa_random_budget,SEFA,0,S5,5,3000,13,d,883,0.0006469727032188475,9.140430351075878,-inf
sefa_random_budget,SEFA,0,S5,5,3000,14,e,883,0.0017602370945338467,24.868629671574187,-inf
sefa_random_budget,SEFA,0,S5,5,3000,15,f,883,0.0009445272409896765,13.344280860702149,-inf
sefa_random_budget,SEFA,0,S5,5,4000,0,0,1184,0.0009216353177501824,17.459459459459456,-inf
sefa_random_budget,SEFA,0,S5,5,4000,1,1,1184,0.0007518603907962014,14.24324324324324,-inf
sefa_random_budget,SEFA,0,S5,5,4000,2,2,1184,0.0005235915814463109,9.918918918918914,-inf
sefa_random_budget,SEFA,0,S5,5,4000,3,3,1184,0.0007718339116143168,14.621621621621617,-inf
sefa_random_budget,SEFA,0,S5,5,4000,4,4,1184,0.0010229296018991964,19.378378378378375,-inf
sefa_random_budget,SEFA,0,S5,5,4000,5,5,1184,0.0012126780496712927,22.97297297297297,-inf
sefa_random_budget,SEFA,0,S5,5,4000,6,6,1184,0.000408030496712929,7.729729729729727,-inf
sefa_random_budget,SEFA,0,S5,5,4000,7,7,1184,0.0012083980094959824,22.89189189189189,-inf
sefa_random_budget,SEFA,0,S5,5,4000,8,8,1184,0.0010757167640613589,20.378378378378383,-inf
sefa_random_budget,SEFA,0,S5,5,4000,9,9,1184,0.0012012646092037981,22.75675675675675,-inf
sefa_random_budget,SEFA,0,S5,5,4000,10,a,1184,0.0009016617969320672,17.08108108108108,-inf
sefa_random_budget,SEFA,0,S5,5,4000,11,b,1184,0.0016463887874360848,31.18918918918919,-inf
sefa_random_budget,SEFA,0,S5,5,4000,12,c,1184,0.0006234591855368882,11.81081081081081,-inf
sefa_random_budget,SEFA,0,S5,5,4000,13,d,1184,0.0004365640978816653,8.270270270270267,-inf
sefa_random_budget,SEFA,0,S5,5,4000,14,e,1184,0.0016948959094229361,32.108108108108105,-inf
sefa_random_budget,SEFA,0,S5,5,4000,15,f,1184,0.0008788349159970779,16.648648648648642,-inf
sefa_random_budget,SEFA,0,S5,5,6000,0,0,1784,0.0008558889179352087,24.4304932735426,-inf
sefa_random_budget,SEFA,0,S5,5,6000,1,1,1784,0.0005335166602988196,15.228699551569505,-inf
sefa_random_budget,SEFA,0,S5,5,6000,2,2,1784,0.00040720706227754405,11.623318385650217,-inf
sefa_random_budget,SEFA,0,S5,5,6000,3,3,1784,0.000451195479498884,12.878923766816145,-inf
sefa_random_budget,SEFA,0,S5,5,6000,4,4,1784,0.000569964205996501,16.269058295964122,-inf
sefa_random_budget,SEFA,0,S5,5,6000,5,5,1784,0.0005441995616240023,15.533632286995521,-inf
sefa_random_budget,SEFA,0,S5,5,6000,6,6,1784,0.00043611373645156755,12.448430493273545,-inf
sefa_random_budget,SEFA,0,S5,5,6000,7,7,1784,0.0006749080013674113,19.264573991031387,-inf
sefa_random_budget,SEFA,0,S5,5,6000,8,8,1784,0.000519063323211808,14.816143497757846,-inf
sefa_random_budget,SEFA,0,S5,5,6000,9,9,1784,0.0008502332642924651,24.269058295964125,-inf
sefa_random_budget,SEFA,0,S5,5,6000,10,a,1784,0.0006648535060025337,18.977578475336323,-inf
sefa_random_budget,SEFA,0,S5,5,6000,11,b,1784,0.0007094703291841782,20.251121076233183,-inf
sefa_random_budget,SEFA,0,S5,5,6000,12,c,1784,0.0003167166039936456,9.04035874439462,-inf
sefa_random_budget,SEFA,0,S5,5,6000,13,d,1784,0.00043611373645156717,12.448430493273534,-inf
sefa_random_budget,SEFA,0,S5,5,6000,14,e,1784,0.0007295793199139337,20.825112107623323,-inf
sefa_random_budget,SEFA,0,S5,5,6000,15,f,1784,0.000353792555651632,10.098654708520183,-inf
sefa_random_budget,SEFA,0,S5,5,8000,0,0,2378,0.0007115530574986154,27.07317073170732,-inf
sefa_random_budget,SEFA,0,S5,5,8000,1,1,2378,0.000547447127120556,20.829268292682915,-inf
sefa_random_budget,SEFA,0,S5,5,8000,2,2,2378,0.0005976692006414277,22.740117746005044,-inf
sefa_random_budget,SEFA,0,S5,5,8000,3,3,2378,0.0004537228349865356,17.263246425567704,-inf
sefa_random_budget,SEFA,0,S5,5,8000,4,4,2378,0.0006623920137000161,25.202691337258212,-inf
sefa_random_budget,SEFA,0,S5,5,8000,5,5,2378,0.0004441735674860878,16.89991589571067,-inf
sefa_random_budget,SEFA,0,S5,5,8000,6,6,2378,0.000388646345353857,14.78721614802355,-inf
sefa_random_budget,SEFA,0,S5,5,8000,7,7,2378,0.0005895346394373428,22.430613961312016,-inf
sefa_random_budget,SEFA,0,S5,5,8000,8,8,2378,0.00048237063748787784,18.353238015138775,-inf
sefa_random_budget,SEFA,0,S5,5,8000,9,9,2378,0.0005485081568428283,20.86963835155593,-inf
sefa_random_budget,SEFA,0,S5,5,8000,10,a,2378,0.0005555816883246411,21.138772077375943,-inf
sefa_random_budget,SEFA,0,S5,5,8000,11,b,2378,0.0005803390485109864,22.08074011774601,-inf
sefa_random_budget,SEFA,0,S5,5,8000,12,c,2378,0.0003645963383156931,13.87216148023549,-inf
sefa_random_budget,SEFA,0,S5,5,8000,13,d,2378,0.0006065111149936937,23.07653490328006,-inf
sefa_random_budget,SEFA,0,S5,5,8000,14,e,2378,0.0004116353226697488,15.661900756938604,-inf
sefa_random_budget,SEFA,0,S5,5,8000,15,f,2378,0.00034691250961116094,13.199327165685451,-inf
sefa_random_budget,SEFA,1,S0,0,250,0,0,68,0.007569204152249136,8.23529411764706,-inf
sefa_random_budget,SEFA,1,S0,0,250,1,1,68,0.016652249134948095,18.11764705882353,-inf
sefa_random_budget,SEFA,1,S0,0,250,2,2,68,0.017084775086505192,18.58823529411765,-inf
sefa_random_budget,SEFA,1,S0,0,250,3,3,68,0.011461937716262976,12.470588235294118,-inf
sefa_random_budget,SEFA,1,S0,0,250,4,4,68,0.011461937716262976,12.470588235294118,-inf
sefa_random_budget,SEFA,1,S0,0,250,5,5,68,0.01967993079584775,21.41176470588235,-inf
sefa_random_budget,SEFA,1,S0,0,250,6,6,68,0.011029411764705883,12.0,-inf
sefa_random_budget,SEFA,1,S0,0,250,7,7,68,0.014922145328719723,16.235294117647058,-inf
sefa_random_budget,SEFA,1,S0,0,250,8,8,68,0.012326989619377164,13.411764705882355,-inf
sefa_random_budget,SEFA,1,S0,0,250,9,9,68,0.011029411764705881,11.999999999999998,-inf
sefa_random_budget,SEFA,1,S0,0,250,10,a,68,0.010596885813148788,11.529411764705882,-inf
sefa_random_budget,SEFA,1,S0,0,250,11,b,68,0.013624567474048443,14.823529411764707,-inf
sefa_random_budget,SEFA,1,S0,0,250,12,c,68,0.014057093425605537,15.294117647058824,-inf
sefa_random_budget,SEFA,1,S0,0,250,13,d,68,0.014057093425605537,15.294117647058824,-inf
sefa_random_budget,SEFA,1,S0,0,250,14,e,68,0.012759515570934257,13.882352941176471,-inf
sefa_random_budget,SEFA,1,S0,0,250,15,f,68,0.01448961937716263,15.764705882352942,-inf
sefa_random_budget,SEFA,1,S0,0,500,0,0,133,0.004716914466617672,10.037593984962404,-inf
sefa_random_budget,SEFA,1,S0,0,500,1,1,133,0.013083696082311039,27.84210526315789,-inf
sefa_random_budget,SEFA,1,S0,0,500,2,2,133,0.00573449601447227,12.20300751879699,-inf
sefa_random_budget,SEFA,1,S0,0,500,3,3,133,0.009013369890892645,19.18045112781955,-inf
sefa_random_budget,SEFA,1,S0,0,500,4,4,133,0.005056108315902538,10.7593984962406,-inf
sefa_random_budget,SEFA,1,S0,0,500,5,5,133,0.012857566849454462,27.360902255639097,-inf
sefa_random_budget,SEFA,1,S0,0,500,6,6,133,0.004151591384476227,8.834586466165412,-inf
sefa_random_budget,SEFA,1,S0,0,500,7,7,133,0.005734496014472271,12.203007518796992,-inf
sefa_random_budget,SEFA,1,S0,0,500,8,8,133,0.008561111425179489,18.21804511278195,-inf
sefa_random_budget,SEFA,1,S0,0,500,9,9,133,0.005169172932330827,11.0,-inf
sefa_random_budget,SEFA,1,S0,0,500,10,a,133,0.007204336028040024,15.330827067669171,-inf
sefa_random_budget,SEFA,1,S0,0,500,11,b,133,0.008561111425179489,18.21804511278195,-inf
sefa_random_budget,SEFA,1,S0,0,500,12,c,133,0.011048532986601842,23.511278195488718,-inf
sefa_random_budget,SEFA,1,S0,0,500,13,d,133,0.011387726835886708,24.233082706766915,-inf
sefa_random_budget,SEFA,1,S0,0,500,14,e,133,0.008334982192322912,17.736842105263158,-inf
sefa_random_budget,SEFA,1,S0,0,500,15,f,133,0.010483209904460397,22.308270676691727,-inf
sefa_random_budget,SEFA,1,S0,0,1000,0,0,257,0.0033450544292873475,13.754863813229573,-inf
sefa_random_budget,SEFA,1,S0,0,1000,1,1,257,0.008583589456312738,35.29571984435798,-inf
sefa_random_budget,SEFA,1,S0,0,1000,2,2,257,0.0025274795984799167,10.392996108949417,-inf
sefa_random_budget,SEFA,1,S0,0,1000,3,3,257,0.004919642992323881,20.2295719844358,-inf
sefa_random_budget,SEFA,1,S0,0,1000,4,4,257,0.0016493436690941574,6.782101167315175,-inf
sefa_random_budget,SEFA,1,S0,0,1000,5,5,257,0.006857598146830383,28.198443579766536,-inf
sefa_random_budget,SEFA,1,S0,0,1000,6,6,257,0.0031936516828415273,13.132295719844361,-inf
sefa_random_budget,SEFA,1,S0,0,1000,7,7,257,0.004616837499432239,18.984435797665366,-inf
sefa_random_budget,SEFA,1,S0,0,1000,8,8,257,0.007523770231191994,30.93774319066148,-inf
sefa_random_budget,SEFA,1,S0,0,1000,9,9,257,0.003223932232130691,13.256809338521402,-inf
sefa_random_budget,SEFA,1,S0,0,1000,10,a,257,0.002951407288528214,12.136186770428015,-inf
sefa_random_budget,SEFA,1,S0,0,1000,11,b,257,0.005373851231661343,22.097276264591443,-inf
sefa_random_budget,SEFA,1,S0,0,1000,12,c,257,0.0049499235416130445,20.35408560311284,-inf
sefa_random_budget,SEFA,1,S0,0,1000,13,d,257,0.00461683749943224,18.98443579766537,-inf
sefa_random_budget,SEFA,1,S0,0,1000,14,e,257,0.005676656724552984,23.34241245136187,-inf
sefa_random_budget,SEFA,1,S0,0,1000,15,f,257,0.0058583400202879676,24.089494163424124,-inf
sefa_random_budget,SEFA,1,S0,0,1500,0,0,393,0.002641244035247881,16.608142493638677,-inf
sefa_random_budget,SEFA,1,S0,0,1500,1,1,393,0.004013865418358164,25.239185750636135,-inf
sefa_random_budget,SEFA,1,S0,0,1500,2,2,393,0.001980831860355198,12.455470737913483,-inf
sefa_random_budget,SEFA,1,S0,0,1500,3,3,393,0.0033275547268030218,20.9236641221374,-inf
sefa_random_budget,SEFA,1,S0,0,1500,4,4,393,0.00195493334369274,12.292620865139948,-inf
sefa_random_budget,SEFA,1,S0,0,1500,5,5,393,0.0034181995351216256,21.493638676844782,-inf
sefa_random_budget,SEFA,1,S0,0,1500,6,6,393,0.002434055901948216,15.305343511450381,-inf
sefa_random_budget,SEFA,1,S0,0,1500,7,7,393,0.0019031363103678236,11.966921119592875,-inf
sefa_random_budget,SEFA,1,S0,0,1500,8,8,393,0.0034699965684465424,21.81933842239186,-inf
sefa_random_budget,SEFA,1,S0,0,1500,9,9,393,0.002900229201872463,18.236641221374047,-inf
sefa_random_budget,SEFA,1,S0,0,1500,10,a,393,0.002252766285311009,14.165394402035625,-inf
sefa_random_budget,SEFA,1,S0,0,1500,11,b,393,0.003314605468471793,20.842239185750635,-inf
sefa_random_budget,SEFA,1,S0,0,1500,12,c,393,0.0029649754935286085,18.64376590330789,-inf
sefa_random_budget,SEFA,1,S0,0,1500,13,d,393,0.0030944680768408995,19.458015267175576,-inf
sefa_random_budget,SEFA,1,S0,0,1500,14,e,393,0.0031980621434907304,20.10941475826971,-inf
sefa_random_budget,SEFA,1,S0,0,1500,15,f,393,0.0034052502767903964,21.412213740458014,-inf
sefa_random_budget,SEFA,1,S0,0,2000,0,0,514,0.0014828006480037542,12.194552529182875,-inf
sefa_random_budget,SEFA,1,S0,0,2000,1,1,514,0.002784864267437811,22.902723735408557,-inf
sefa_random_budget,SEFA,1,S0,0,2000,2,2,514,0.0011572847431452404,9.517509727626457,-inf
sefa_random_budget,SEFA,1,S0,0,2000,3,3,514,0.0018915880634074698,15.556420233463031,-inf
sefa_random_budget,SEFA,1,S0,0,2000,4,4,514,0.001119434056533785,9.206225680933848,-inf
sefa_random_budget,SEFA,1,S0,0,2000,5,5,514,0.002610751109025117,21.470817120622563,-inf
sefa_random_budget,SEFA,1,S0,0,2000,6,6,514,0.0011572847431452406,9.517509727626459,-inf
sefa_random_budget,SEFA,1,S0,0,2000,7,7,514,0.0012935472149464785,10.638132295719839,-inf
sefa_random_budget,SEFA,1,S0,0,2000,8,8,514,0.0025729004224136626,21.15953307392996,-inf
sefa_random_budget,SEFA,1,S0,0,2000,9,9,514,0.002671312207603445,21.968871595330732,-inf
sefa_random_budget,SEFA,1,S0,0,2000,10,a,514,0.0015963527078381198,13.128404669260698,-inf
sefa_random_budget,SEFA,1,S0,0,2000,11,b,514,0.0017628957289285228,14.498054474708171,-inf
sefa_random_budget,SEFA,1,S0,0,2000,12,c,514,0.0018461672394737233,15.1828793774319,-inf
sefa_random_budget,SEFA,1,S0,0,2000,13,d,514,0.002572900422413662,21.159533073929957,-inf
sefa_random_budget,SEFA,1,S0,0,2000,14,e,514,0.00226252479219973,18.607003891050578,-inf
sefa_random_budget,SEFA,1,S0,0,2000,15,f,514,0.002360936577389513,19.416342412451357,-inf
sefa_random_budget,SEFA,1,S0,0,3000,0,0,771,0.0009629845518731045,11.879377431906617,-inf
sefa_random_budget,SEFA,1,S0,0,3000,1,1,771,0.0013835477364448282,17.0674448767834,-inf
sefa_random_budget,SEFA,1,S0,0,3000,2,2,771,0.0008485913656695958,10.468223086900133,-inf
sefa_random_budget,SEFA,1,S0,0,3000,3,3,771,0.0010874712545063344,13.415045395590141,-inf
sefa_random_budget,SEFA,1,S0,0,3000,4,4,771,0.0012052289461864172,14.867704280155642,-inf
sefa_random_budget,SEFA,1,S0,0,3000,5,5,771,0.0017973819100634044,22.172503242542156,-inf
sefa_random_budget,SEFA,1,S0,0,3000,6,6,771,0.0010336391668811537,12.750972762645912,-inf
sefa_random_budget,SEFA,1,S0,0,3000,7,7,771,0.0010100876285451374,12.460440985732815,-inf
sefa_random_budget,SEFA,1,S0,0,3000,8,8,771,0.00090578795877135,11.173800259403373,-inf
sefa_random_budget,SEFA,1,S0,0,3000,9,9,771,0.0013128931214367785,16.195849546044098,-inf
sefa_random_budget,SEFA,1,S0,0,3000,10,a,771,0.00048522477419962615,5.985732814526588,-inf
sefa_random_budget,SEFA,1,S0,0,3000,11,b,771,0.0007442916958958081,9.181582360570689,-inf
sefa_random_budget,SEFA,1,S0,0,3000,12,c,771,0.0010370036723577278,12.79247730220493,-inf
sefa_random_budget,SEFA,1,S0,0,3000,13,d,771,0.0017199982841022074,21.21789883268483,-inf
sefa_random_budget,SEFA,1,S0,0,3000,14,e,771,0.001645979163617584,20.304798962386517,-inf
sefa_random_budget,SEFA,1,S0,0,3000,15,f,771,0.0013431736707259423,16.569390402075225,-inf
sefa_random_budget,SEFA,1,S0,0,4000,0,0,1034,0.0007480199334802403,12.375241779497095,-inf
sefa_random_budget,SEFA,1,S0,0,4000,1,1,1034,0.0009949436751980067,16.460348162475825,-inf
sefa_random_budget,SEFA,1,S0,0,4000,2,2,1034,0.0005721802992266797,9.466150870406189,-inf
sefa_random_budget,SEFA,1,S0,0,4000,3,3,1034,0.0008078802345027293,13.365570599613154,-inf
sefa_random_budget,SEFA,1,S0,0,4000,4,4,1034,0.0006956421700855632,11.508704061895557,-inf
sefa_random_budget,SEFA,1,S0,0,4000,5,5,1034,0.0014476372016805775,23.949709864603474,-inf
sefa_random_budget,SEFA,1,S0,0,4000,6,6,1034,0.0009594016214659035,15.872340425531908,-inf
sefa_random_budget,SEFA,1,S0,0,4000,7,7,1034,0.0013484935781120809,22.309477756286267,-inf
sefa_random_budget,SEFA,1,S0,0,4000,8,8,1034,0.0005983691809240188,9.899419729206967,-inf
sefa_random_budget,SEFA,1,S0,0,4000,9,9,1034,0.0006956421700855624,11.508704061895545,-inf
sefa_random_budget,SEFA,1,S0,0,4000,10,a,1034,0.0004431065251469384,7.330754352030948,-inf
sefa_random_budget,SEFA,1,S0,0,4000,11,b,1034,0.0010211325568953455,16.893617021276597,-inf
sefa_random_budget,SEFA,1,S0,0,4000,12,c,1034,0.001146465062161181,18.96711798839458,-inf
sefa_random_budget,SEFA,1,S0,0,4000,13,d,1034,0.001984509276476024,32.831721470019346,-inf
sefa_random_budget,SEFA,1,S0,0,4000,14,e,1034,0.0021566076419156795,35.678916827853,-inf
sefa_random_budget,SEFA,1,S0,0,4000,15,f,1034,0.001054803976220495,17.45067698259187,-inf
sefa_random_budget,SEFA,1,S0,0,6000,0,0,1574,0.00038496841139934343,9.695044472681065,-inf
sefa_random_budget,SEFA,1,S0,0,6000,1,1,1574,0.0007433977160626379,18.721728081321473,-inf
sefa_random_budget,SEFA,1,S0,0,6000,2,2,1574,0.0004011138755733661,10.101651842439653,-inf
sefa_random_budget,SEFA,1,S0,0,6000,3,3,1574,0.00048264846965217817,12.155019059720455,-inf
sefa_random_budget,SEFA,1,S0,0,6000,4,4,1574,0.0005633757905222894,14.188055908513336,-inf
sefa_random_budget,SEFA,1,S0,0,6000,5,5,1574,0.00097669967337726,24.597204574332913,-inf
sefa_random_budget,SEFA,1,S0,0,6000,6,6,1574,0.0008386559546893693,21.12071156289708,-inf
sefa_random_budget,SEFA,1,S0,0,6000,7,7,1574,0.0007127213341319957,17.949174078780178,-inf
sefa_random_budget,SEFA,1,S0,0,6000,8,8,1574,0.0005036375730784073,12.68360864040661,-inf
sefa_random_budget,SEFA,1,S0,0,6000,9,9,1574,0.00046811755189555827,11.78907242693774,-inf
sefa_random_budget,SEFA,1,S0,0,6000,10,a,1574,0.0005351212282177507,13.476493011435835,-inf
sefa_random_budget,SEFA,1,S0,0,6000,11,b,1574,0.0005391575942612563,13.578144853875477,-inf
sefa_random_budget,SEFA,1,S0,0,6000,12,c,1574,0.0009823505858381676,24.739517153748412,-inf
sefa_random_budget,SEFA,1,S0,0,6000,13,d,1574,0.001247943471500834,31.428208386277007,-inf
sefa_random_budget,SEFA,1,S0,0,6000,14,e,1574,0.001285885312309786,32.38373570520965,-inf
sefa_random_budget,SEFA,1,S0,0,6000,15,f,1574,0.0010687288191691866,26.914866581956794,-inf
sefa_random_budget,SEFA,1,S0,0,8000,0,0,2101,0.0002807841101934417,9.438838648262735,-inf
sefa_random_budget,SEFA,1,S0,0,8000,1,1,2101,0.00036007365772424056,12.10423607805807,-inf
sefa_random_budget,SEFA,1,S0,0,8000,2,2,2101,0.00023366346480370952,7.854831032841499,-inf
sefa_random_budget,SEFA,1,S0,0,8000,3,3,2101,0.0005245428334595549,17.633031889576397,-inf
sefa_random_budget,SEFA,1,S0,0,8000,4,4,2101,0.00046881360862362155,15.759638267491662,-inf
sefa_random_budget,SEFA,1,S0,0,8000,5,5,2101,0.0006903712585811116,23.207520228462645,-inf
sefa_random_budget,SEFA,1,S0,0,8000,6,6,2101,0.00045204953285996735,15.196097096620663,-inf
sefa_random_budget,SEFA,1,S0,0,8000,7,7,2101,0.0006314704518439466,21.227510709186106,-inf
sefa_random_budget,SEFA,1,S0,0,8000,8,8,2101,0.00037774389974539,12.698238933841031,-inf
sefa_random_budget,SEFA,1,S0,0,8000,9,9,2101,0.0004801406868423076,16.14040932889101,-inf
sefa_random_budget,SEFA,1,S0,0,8000,10,a,2101,0.0005218243346870704,17.54164683484056,-inf
sefa_random_budget,SEFA,1,S0,0,8000,11,b,2101,0.00040221038869775076,13.52070442646359,-inf
sefa_random_budget,SEFA,1,S0,0,8000,12,c,2101,0.0007764570530431215,26.10138029509757,-inf
sefa_random_budget,SEFA,1,S0,0,8000,13,d,2101,0.0009246152361435285,31.081865778200854,-inf
sefa_random_budget,SEFA,1,S0,0,8000,14,e,2101,0.0010188565269229923,34.24988100904331,-inf
sefa_random_budget,SEFA,1,S0,0,8000,15,f,2101,0.0008471380211277195,28.477391718229416,-inf
sefa_random_budget,SEFA,1,S5,5,250,0,0,71,0.020221682205911525,22.971830985915492,-inf
sefa_random_budget,SEFA,1,S5,5,250,1,1,71,0.013080242015473122,14.859154929577466,-inf
sefa_random_budget,SEFA,1,S5,5,250,2,2,71,0.008319281888514182,9.45070422535211,-inf
sefa_random_budget,SEFA,1,S5,5,250,3,3,71,0.011890001983733385,13.507042253521126,-inf
sefa_random_budget,SEFA,1,S5,5,250,4,4,71,0.01069976195199365,12.154929577464786,-inf
sefa_random_budget,SEFA,1,S5,5,250,5,5,71,0.01268349533822654,14.40845070422535,-inf
sefa_random_budget,SEFA,1,S5,5,250,6,6,71,0.004351815116048404,4.943661971830987,-inf
sefa_random_budget,SEFA,1,S5,5,250,7,7,71,0.01069976195199365,12.154929577464786,-inf
sefa_random_budget,SEFA,1,S5,5,250,8,8,71,0.016254215433445744,18.464788732394364,-inf
sefa_random_budget,SEFA,1,S5,5,250,9,9,71,0.007922535211267604,8.999999999999998,-inf
sefa_random_budget,SEFA,1,S5,5,250,10,a,71,0.015460722078952587,17.56338028169014,-inf
sefa_random_budget,SEFA,1,S5,5,250,11,b,71,0.01268349533822654,14.40845070422535,-inf
sefa_random_budget,SEFA,1,S5,5,250,12,c,71,0.009906268597500495,11.253521126760562,-inf
sefa_random_budget,SEFA,1,S5,5,250,13,d,71,0.00911277524300734,10.352112676056338,-inf
sefa_random_budget,SEFA,1,S5,5,250,14,e,71,0.015063975401706009,17.112676056338024,-inf
sefa_random_budget,SEFA,1,S5,5,250,15,f,71,0.01268349533822654,14.40845070422535,-inf
sefa_random_budget,SEFA,1,S5,5,500,0,0,141,0.007164503797595694,16.163120567375888,-inf
sefa_random_budget,SEFA,1,S5,5,500,1,1,141,0.0057561239374276955,12.985815602836881,-inf
sefa_random_budget,SEFA,1,S5,5,500,2,2,141,0.0044483426387002655,10.0354609929078,-inf
sefa_random_budget,SEFA,1,S5,5,500,3,3,141,0.0034423570242945525,7.76595744680851,-inf
sefa_random_budget,SEFA,1,S5,5,500,4,4,141,0.006661510990392838,15.028368794326243,-inf
sefa_random_budget,SEFA,1,S5,5,500,5,5,141,0.006259116744630551,14.120567375886523,-inf
sefa_random_budget,SEFA,1,S5,5,500,6,6,141,0.003341758462853981,7.539007092198581,-inf
sefa_random_budget,SEFA,1,S5,5,500,7,7,141,0.0035429555857351244,7.992907801418441,-inf
sefa_random_budget,SEFA,1,S5,5,500,8,8,141,0.006259116744630551,14.120567375886523,-inf
sefa_random_budget,SEFA,1,S5,5,500,9,9,141,0.005554926814546551,12.531914893617019,-inf
sefa_random_budget,SEFA,1,S5,5,500,10,a,141,0.00897527790352598,20.24822695035461,-inf
sefa_random_budget,SEFA,1,S5,5,500,11,b,141,0.005756123937427694,12.985815602836878,-inf
sefa_random_budget,SEFA,1,S5,5,500,12,c,141,0.007566898043357979,17.070921985815602,-inf
sefa_random_budget,SEFA,1,S5,5,500,13,d,141,0.006862708113273978,15.482269503546094,-inf
sefa_random_budget,SEFA,1,S5,5,500,14,e,141,0.008774080780644835,19.794326241134748,-inf
sefa_random_budget,SEFA,1,S5,5,500,15,f,141,0.0073657009204768364,16.617021276595743,-inf
sefa_random_budget,SEFA,1,S5,5,1000,0,0,289,0.0030523760491373425,14.114186851211072,-inf
sefa_random_budget,SEFA,1,S5,5,1000,1,1,289,0.00508779229175896,23.52595155709343,-inf
sefa_random_budget,SEFA,1,S5,5,1000,2,2,289,0.00281291531471127,13.006920415224913,-inf
sefa_random_budget,SEFA,1,S5,5,1000,3,3,289,0.0019269105973348023,8.910034602076125,-inf
sefa_random_budget,SEFA,1,S5,5,1000,4,4,289,0.004273625794710313,19.761245674740486,-inf
sefa_random_budget,SEFA,1,S5,5,1000,5,5,289,0.0027650231678260553,12.78546712802768,-inf
sefa_random_budget,SEFA,1,S5,5,1000,6,6,289,0.0024058320661869467,11.124567474048442,-inf
sefa_random_budget,SEFA,1,S5,5,1000,7,7,289,0.002549508506842591,11.78892733564014,-inf
sefa_random_budget,SEFA,1,S5,5,1000,8,8,289,0.0013522048347122282,6.2525951557093435,-inf
sefa_random_budget,SEFA,1,S5,5,1000,9,9,289,0.0022142634786460895,10.238754325259517,-inf
sefa_random_budget,SEFA,1,S5,5,1000,10,a,289,0.004058111133726848,18.764705882352946,-inf
sefa_random_budget,SEFA,1,S5,5,1000,11,b,289,0.003842596472743383,17.7681660899654,-inf
sefa_random_budget,SEFA,1,S5,5,1000,12,c,289,0.0026452928006130195,12.231833910034602,-inf
sefa_random_budget,SEFA,1,S5,5,1000,13,d,289,0.0030044839022521285,13.892733564013842,-inf
sefa_random_budget,SEFA,1,S5,5,1000,14,e,289,0.0030044839022521285,13.892733564013842,-inf
sefa_random_budget,SEFA,1,S5,5,1000,15,f,289,0.004704655116677244,21.754325259515575,-inf
sefa_random_budget,SEFA,1,S5,5,1500,0,0,428,0.0018287623373220362,12.523364485981304,-inf
sefa_random_budget,SEFA,1,S5,5,1500,1,1,428,0.002778626954319154,19.028037383177566,-inf
sefa_random_budget,SEFA,1,S5,5,1500,2,2,428,0.0024292514630098695,16.635514018691588,-inf
sefa_random_budget,SEFA,1,S5,5,1500,3,3,428,0.002341907590182548,16.03738317757009,-inf
sefa_random_budget,SEFA,1,S5,5,1500,4,4,428,0.0028878067953533055,19.775700934579437,-inf
sefa_random_budget,SEFA,1,S5,5,1500,5,5,428,0.001643156607563979,11.252336448598127,-inf
sefa_random_budget,SEFA,1,S5,5,1500,6,6,428,0.0019925320988732637,13.64485981308411,-inf
sefa_random_budget,SEFA,1,S5,5,1500,7,7,428,0.0018942702419425272,12.971962616822426,-inf
sefa_random_budget,SEFA,1,S5,5,1500,8,8,428,0.0013483710367717698,9.23364485981308,-inf
sefa_random_budget,SEFA,1,S5,5,1500,9,9,428,0.001883352257839112,12.89719626168224,-inf
sefa_random_budget,SEFA,1,S5,5,1500,10,a,428,0.001588566687046903,10.878504672897192,-inf
sefa_random_budget,SEFA,1,S5,5,1500,11,b,428,0.0026476111450781724,18.130841121495326,-inf
sefa_random_budget,SEFA,1,S5,5,1500,12,c,428,0.0019816141147698486,13.570093457943923,-inf
sefa_random_budget,SEFA,1,S5,5,1500,13,d,428,0.002243645733251812,15.364485981308409,-inf
sefa_random_budget,SEFA,1,S5,5,1500,14,e,428,0.00247292339942353,16.93457943925233,-inf
sefa_random_budget,SEFA,1,S5,5,1500,15,f,428,0.002713119049698663,18.579439252336446,-inf
sefa_random_budget,SEFA,1,S5,5,2000,0,0,588,0.001564741542875654,14.721088435374153,-inf
sefa_random_budget,SEFA,1,S5,5,2000,1,1,588,0.0015647415428756539,14.721088435374151,-inf
sefa_random_budget,SEFA,1,S5,5,2000,2,2,588,0.001732495719376186,16.299319727891156,-inf
sefa_random_budget,SEFA,1,S5,5,2000,3,3,588,0.002068004072377251,19.455782312925177,-inf
sefa_random_budget,SEFA,1,S5,5,2000,4,4,588,0.0023167430237401084,21.79591836734694,-inf
sefa_random_budget,SEFA,1,S5,5,2000,5,5,588,0.0014085566199268829,13.251700680272114,-inf
sefa_random_budget,SEFA,1,S5,5,2000,6,6,588,0.0017382803461520662,16.35374149659864,-inf
sefa_random_budget,SEFA,1,S5,5,2000,7,7,588,0.002490281827016521,23.428571428571427,-inf
sefa_random_budget,SEFA,1,S5,5,2000,8,8,588,0.001414341246702763,13.306122448979593,-inf
sefa_random_budget,SEFA,1,S5,5,2000,9,9,588,0.0016399416909620992,15.428571428571429,-inf
sefa_random_budget,SEFA,1,S5,5,2000,10,a,588,0.0007606784210282755,7.156462585034015,-inf
sefa_random_budget,SEFA,1,S5,5,2000,11,b,588,0.001969665417187283,18.53061224489796,-inf
sefa_random_budget,SEFA,1,S5,5,2000,12,c,588,0.0016920033319450226,15.918367346938773,-inf
sefa_random_budget,SEFA,1,S5,5,2000,13,d,588,0.0011887408024434266,11.183673469387758,-inf
sefa_random_budget,SEFA,1,S5,5,2000,14,e,588,0.0016457263177379802,15.482993197278917,-inf
sefa_random_budget,SEFA,1,S5,5,2000,15,f,588,0.0019233884029802393,18.09523809523809,-inf
sefa_random_budget,SEFA,1,S5,5,3000,0,0,889,0.0007920041350286781,11.265466816647917,-inf
sefa_random_budget,SEFA,1,S5,5,3000,1,1,889,0.0012323315462957458,17.528683914510687,-inf
sefa_random_budget,SEFA,1,S5,5,3000,2,2,889,0.0009185350003353065,13.0652418447694,-inf
sefa_random_budget,SEFA,1,S5,5,3000,3,3,889,0.0005541261082522167,7.88188976377953,-inf
sefa_random_budget,SEFA,1,S5,5,3000,4,4,889,0.0012576377193570718,17.88863892013499,-inf
sefa_random_budget,SEFA,1,S5,5,3000,5,5,889,0.0010906169771523215,15.51293588301462,-inf
sefa_random_budget,SEFA,1,S5,5,3000,6,6,889,0.0015992710556849683,22.74803149606299,-inf
sefa_random_budget,SEFA,1,S5,5,3000,7,7,889,0.0012955969789490596,18.428571428571423,-inf
sefa_random_budget,SEFA,1,S5,5,3000,8,8,889,0.0010804945079277914,15.368953880764904,-inf
sefa_random_budget,SEFA,1,S5,5,3000,9,9,889,0.0006755957389465798,9.609673790776151,-inf
sefa_random_budget,SEFA,1,S5,5,3000,10,a,889,0.0004857994409866372,6.910011248593928,-inf
sefa_random_budget,SEFA,1,S5,5,3000,11,b,889,0.001022290309886742,14.54105736782902,-inf
sefa_random_budget,SEFA,1,S5,5,3000,12,c,889,0.0011159231502136469,15.872890888638914,-inf
sefa_random_budget,SEFA,1,S5,5,3000,13,d,889,0.0012222090770712154,17.38470191226097,-inf
sefa_random_budget,SEFA,1,S5,5,3000,14,e,889,0.0011690661136424313,16.628796400449943,-inf
sefa_random_budget,SEFA,1,S5,5,3000,15,f,889,0.001169066113642431,16.62879640044994,-inf
sefa_random_budget,SEFA,1,S5,5,4000,0,0,1185,0.000593165269098613,11.246413502109702,-inf
sefa_random_budget,SEFA,1,S5,5,4000,1,1,1185,0.0008680499919884636,16.45822784810127,-inf
sefa_random_budget,SEFA,1,S5,5,4000,2,2,1185,0.0006430148302444409,12.1915611814346,-inf
sefa_random_budget,SEFA,1,S5,5,4000,3,3,1185,0.00043364667343196426,8.221940928270042,-inf
sefa_random_budget,SEFA,1,S5,5,4000,4,4,1185,0.001204178461428902,22.831223628691983,-inf
sefa_random_budget,SEFA,1,S5,5,4000,5,5,1185,0.0011429347148783136,21.670042194092826,-inf
sefa_random_budget,SEFA,1,S5,5,4000,6,6,1185,0.001617217682351475,30.662447257383967,-inf
sefa_random_budget,SEFA,1,S5,5,4000,7,7,1185,0.0010816909683277252,20.508860759493672,-inf
sefa_random_budget,SEFA,1,S5,5,4000,8,8,1185,0.0009976588509676156,18.915611814345993,-inf
sefa_random_budget,SEFA,1,S5,5,4000,9,9,1185,0.000378100019583756,7.168776371308013,-inf
sefa_random_budget,SEFA,1,S5,5,4000,10,a,1185,0.0003795242927593509,7.195780590717293,-inf
sefa_random_budget,SEFA,1,S5,5,4000,11,b,1185,0.0005162545176164783,9.788185654008428,-inf
sefa_random_budget,SEFA,1,S5,5,4000,12,c,1185,0.0007768965087503779,14.729957805907164,-inf
sefa_random_budget,SEFA,1,S5,5,4000,13,d,1185,0.0007811693282771632,14.810970464135014,-inf
sefa_random_budget,SEFA,1,S5,5,4000,14,e,1185,0.0012597251152771103,23.88438818565401,-inf
sefa_random_budget,SEFA,1,S5,5,4000,15,f,1185,0.0009164752799586958,17.37637130801687,-inf
sefa_random_budget,SEFA,1,S5,5,6000,0,0,1789,0.0005319251146922641,15.225824482951367,-inf
sefa_random_budget,SEFA,1,S5,5,6000,1,1,1789,0.0008275019910820769,23.686416992733367,-inf
sefa_random_budget,SEFA,1,S5,5,6000,2,2,1789,0.0005669194171823899,16.22750139742873,-inf
sefa_random_budget,SEFA,1,S5,5,6000,3,3,1789,0.00047318467836955267,13.544438233650075,-inf
sefa_random_budget,SEFA,1,S5,5,6000,4,4,1789,0.0009412334741749861,26.941866964784804,-inf
sefa_random_budget,SEFA,1,S5,5,6000,5,5,1789,0.0010168461634840079,29.106204583566242,-inf
sefa_random_budget,SEFA,1,S5,5,6000,6,6,1789,0.001208065030662195,34.579653437674665,-inf
sefa_random_budget,SEFA,1,S5,5,6000,7,7,1789,0.0007581382843605775,21.700950251537172,-inf
sefa_random_budget,SEFA,1,S5,5,6000,8,8,1789,0.000652530478631448,18.678032420346568,-inf
sefa_random_budget,SEFA,1,S5,5,6000,9,9,1789,0.00025884457561753247,7.40916713247625,-inf
sefa_random_budget,SEFA,1,S5,5,6000,10,a,1789,0.0003263335875627751,9.340972610396875,-inf
sefa_random_budget,SEFA,1,S5,5,6000,11,b,1789,0.0005900406527562228,16.88932364449412,-inf
sefa_random_budget,SEFA,1,S5,5,6000,12,c,1789,0.0005306753181747597,15.190050307434323,-inf
sefa_random_budget,SEFA,1,S5,5,6000,13,d,1789,0.0006137867865888085,17.569032979318052,-inf
sefa_random_budget,SEFA,1,S5,5,6000,14,e,1789,0.0006206606674350832,17.765790944661823,-inf
sefa_random_budget,SEFA,1,S5,5,6000,15,f,1789,0.0007350170487867446,21.039128004471777,-inf
sefa_random_budget,SEFA,1,S5,5,8000,0,0,2377,0.00038051122372604224,14.471602860748838,-inf
sefa_random_budget,SEFA,1,S5,5,8000,1,1,2377,0.0006902386653472867,26.251156920488008,-inf
sefa_random_budget,SEFA,1,S5,5,8000,2,2,2377,0.00039360826982888356,14.9697097181321,-inf
sefa_random_budget,SEFA,1,S5,5,8000,3,3,2377,0.0003210435549347635,12.209928481278924,-inf
sefa_random_budget,SEFA,1,S5,5,8000,4,4,2377,0.0006321868934319909,24.04333193100548,-inf
sefa_random_budget,SEFA,1,S5,5,8000,5,5,2377,0.0007277599325608317,27.678165755153554,-inf
sefa_random_budget,SEFA,1,S5,5,8000,6,6,2377,0.0008038643896449087,30.57257046697517,-inf
sefa_random_budget,SEFA,1,S5,5,8000,7,7,2377,0.0007157248091149775,27.220445940260827,-inf
sefa_random_budget,SEFA,1,S5,5,8000,8,8,2377,0.0005967894715324197,22.697097181320984,-inf
sefa_random_budget,SEFA,1,S5,5,8000,9,9,2377,0.00026476165411444595,10.069415229280608,-inf
sefa_random_budget,SEFA,1,S5,5,8000,10,a,2377,0.00021449731501705526,8.157761884728647,-inf
sefa_random_budget,SEFA,1,S5,5,8000,11,b,2377,0.0003794493010690553,14.43121581825831,-inf
sefa_random_budget,SEFA,1,S5,5,8000,12,c,2377,0.0006120103629492353,23.275978123685316,-inf
sefa_random_budget,SEFA,1,S5,5,8000,13,d,2377,0.0005118356589734501,19.466133782078256,-inf
sefa_random_budget,SEFA,1,S5,5,8000,14,e,2377,0.0005574983332238962,21.20277660917122,-inf
sefa_random_budget,SEFA,1,S5,5,8000,15,f,2377,0.0005405075707121023,20.556583929322677,-inf
sefa_guided_raw,SEFA,0,S0,0,250,0,0,149,0.006550943651186882,15.617449664429527,-inf
sefa_guided_raw,SEFA,0,S0,0,250,1,1,149,0.0070914598441511635,16.906040268456373,-inf
sefa_guided_raw,SEFA,0,S0,0,250,2,2,149,0.005199653168776181,12.395973154362416,-inf
sefa_guided_raw,SEFA,0,S0,0,250,3,3,149,0.012046191612990403,28.71812080536912,-inf
sefa_guided_raw,SEFA,0,S0,0,250,4,4,149,0.015379374802936805,36.664429530201346,-inf
sefa_guided_raw,SEFA,0,S0,0,250,5,5,149,0.004659136975811901,11.107382550335572,-inf
sefa_guided_raw,SEFA,0,S0,0,250,6,6,149,0.007361717940633304,17.550335570469798,-inf
sefa_guided_raw,SEFA,0,S0,0,250,7,7,149,0.01321731003107968,31.510067114093957,-inf
sefa_guided_raw,SEFA,0,S0,0,250,8,8,149,0.007181545876311878,17.120805369127517,-inf
sefa_guided_raw,SEFA,0,S0,0,250,9,9,149,0.014208256384847528,33.87248322147651,-inf
sefa_guided_raw,SEFA,0,S0,0,250,10,a,149,0.005469911265258321,13.040268456375838,-inf
sefa_guided_raw,SEFA,0,S0,0,250,11,b,149,0.0079923201657583,19.053691275167786,-inf
sefa_guided_raw,SEFA,0,S0,0,250,12,c,149,0.006010427458222602,14.328859060402683,-inf
sefa_guided_raw,SEFA,0,S0,0,250,13,d,149,0.012046191612990406,28.71812080536913,-inf
sefa_guided_raw,SEFA,0,S0,0,250,14,e,149,0.009073352551686861,21.630872483221477,-inf
sefa_guided_raw,SEFA,0,S0,0,250,15,f,149,0.01168584748434755,27.859060402684563,-inf
sefa_guided_raw,SEFA,0,S0,0,500,0,0,302,0.004097956229989912,19.801324503311257,-inf
sefa_guided_raw,SEFA,0,S0,0,500,1,1,302,0.005172470505679575,24.993377483443705,-inf
sefa_guided_raw,SEFA,0,S0,0,500,2,2,302,0.0028260821893776587,13.655629139072847,-inf
sefa_guided_raw,SEFA,0,S0,0,500,3,3,302,0.005611047761063111,27.112582781456954,-inf
sefa_guided_raw,SEFA,0,S0,0,500,4,4,302,0.009207381255208105,44.49006622516556,-inf
sefa_guided_raw,SEFA,0,S0,0,500,5,5,302,0.005391759133371344,26.052980132450333,-inf
sefa_guided_raw,SEFA,0,S0,0,500,6,6,302,0.00534790140783299,25.841059602649008,-inf
sefa_guided_raw,SEFA,0,S0,0,500,7,7,302,0.004711964387526862,22.768211920529797,-inf
sefa_guided_raw,SEFA,0,S0,0,500,8,8,302,0.004997039603526161,24.14569536423841,-inf
sefa_guided_raw,SEFA,0,S0,0,500,9,9,302,0.00541368799614052,26.158940397350992,-inf
sefa_guided_raw,SEFA,0,S0,0,500,10,a,302,0.002760295601070129,13.337748344370862,-inf
sefa_guided_raw,SEFA,0,S0,0,500,11,b,302,0.002848011052146836,13.761589403973511,-inf
sefa_guided_raw,SEFA,0,S0,0,500,12,c,302,0.004076027367220737,19.6953642384106,-inf
sefa_guided_raw,SEFA,0,S0,0,500,13,d,302,0.005545261172755581,26.794701986754966,-inf
sefa_guided_raw,SEFA,0,S0,0,500,14,e,302,0.0038567387395289678,18.635761589403973,-inf
sefa_guided_raw,SEFA,0,S0,0,500,15,f,302,0.005150541642910399,24.88741721854305,-inf
sefa_guided_raw,SEFA,0,S0,0,1000,0,0,578,0.001968816225859364,18.2076124567474,-inf
sefa_guided_raw,SEFA,0,S0,0,1000,1,1,578,0.00205262748290849,18.982698961937718,-inf
sefa_guided_raw,SEFA,0,S0,0,1000,2,2,578,0.0014898947570072202,13.778546712802772,-inf
sefa_guided_raw,SEFA,0,S0,0,1000,3,3,578,0.0029685647920882174,27.453287197231834,-inf
sefa_guided_raw,SEFA,0,S0,0,1000,4,4,578,0.007727846888806407,71.46712802768165,-inf
sefa_guided_raw,SEFA,0,S0,0,1000,5,5,578,0.00307632212257995,28.44982698961938,-inf
sefa_guided_raw,SEFA,0,S0,0,1000,6,6,578,0.0029086996084816993,26.899653979238757,-inf
sefa_guided_raw,SEFA,0,S0,0,1000,7,7,578,0.003890488619628597,35.979238754325266,-inf
sefa_guided_raw,SEFA,0,S0,0,1000,8,8,578,0.0029685647920882174,27.453287197231834,-inf
sefa_guided_raw,SEFA,0,S0,0,1000,9,9,578,0.003710893068809042,34.31833910034602,-inf
sefa_guided_raw,SEFA,0,S0,0,1000,10,a,578,0.0020286814094658827,18.761245674740483,-inf
sefa_guided_raw,SEFA,0,S0,0,1000,11,b,578,0.0021843308868428296,20.200692041522487,-inf
sefa_guided_raw,SEFA,0,S0,0,1000,12,c,578,0.0024058320661869475,22.24913494809689,-inf
sefa_guided_raw,SEFA,0,S0,0,1000,13,d,578,0.002627333245531064,24.29757785467128,-inf
sefa_guided_raw,SEFA,0,S0,0,1000,14,e,578,0.0015078543120891751,13.944636678200691,-inf
sefa_guided_raw,SEFA,0,S0,0,1000,15,f,578,0.0025914141353671535,23.965397923875436,-inf
sefa_guided_raw,SEFA,0,S0,0,1500,0,0,882,0.0017453504455448095,24.63038548752835,-inf
sefa_guided_raw,SEFA,0,S0,0,1500,1,1,882,0.0018944652691008372,26.734693877551013,-inf
sefa_guided_raw,SEFA,0,S0,0,1500,2,2,882,0.0012877221939418247,18.17233560090703,-inf
sefa_guided_raw,SEFA,0,S0,0,1500,3,3,882,0.0019510260642427793,27.5328798185941,-inf
sefa_guided_raw,SEFA,0,S0,0,1500,4,4,882,0.007625102195073041,107.60544217687075,-inf
sefa_guided_raw,SEFA,0,S0,0,1500,5,5,882,0.0028380021698777777,40.049886621315196,-inf
sefa_guided_raw,SEFA,0,S0,0,1500,6,6,882,0.002493495508558677,35.18820861678005,-inf
sefa_guided_raw,SEFA,0,S0,0,1500,7,7,882,0.0033007723119482107,46.58049886621315,-inf
sefa_guided_raw,SEFA,0,S0,0,1500,8,8,882,0.0007915297638329706,11.170068027210881,-inf
sefa_guided_raw,SEFA,0,S0,0,1500,9,9,882,0.0014445498531990275,20.385487528344676,-inf
sefa_guided_raw,SEFA,0,S0,0,1500,10,a,882,0.00107433373954268,15.1609977324263,-inf
sefa_guided_raw,SEFA,0,S0,0,1500,11,b,882,0.0008660871756109851,12.222222222222223,-inf
sefa_guided_raw,SEFA,0,S0,0,1500,12,c,882,0.0021618435734081995,30.50793650793651,-inf
sefa_guided_raw,SEFA,0,S0,0,1500,13,d,882,0.0015628133339503606,22.05442176870749,-inf
sefa_guided_raw,SEFA,0,S0,0,1500,14,e,882,0.001333999208148868,18.825396825396822,-inf
sefa_guided_raw,SEFA,0,S0,0,1500,15,f,882,0.002352093520703822,33.192743764172334,-inf
sefa_guided_raw,SEFA,0,S0,0,2000,0,0,1149,0.001509192539620861,27.744995648389907,-inf
sefa_guided_raw,SEFA,0,S0,0,2000,1,1,1149,0.001603117631330381,29.471714534377725,-inf
sefa_guided_raw,SEFA,0,S0,0,2000,2,2,1149,0.0016818935146996551,30.91993037423846,-inf
sefa_guided_raw,SEFA,0,S0,0,2000,3,3,1149,0.00218333231076177,40.13838120104438,-inf
sefa_guided_raw,SEFA,0,S0,0,2000,4,4,1149,0.00703713866297632,129.37075718015666,-inf
sefa_guided_raw,SEFA,0,S0,0,2000,5,5,1149,0.0028392930318943852,52.19756309834638,-inf
sefa_guided_raw,SEFA,0,S0,0,2000,6,6,1149,0.0024499583775500853,45.04003481288077,-inf
sefa_guided_raw,SEFA,0,S0,0,2000,7,7,1149,0.0030680460778320876,56.402959094865096,-inf
sefa_guided_raw,SEFA,0,S0,0,2000,8,8,1149,0.0005805460683638325,10.672758920800698,-inf
sefa_guided_raw,SEFA,0,S0,0,2000,9,9,1149,0.0012562007603387662,23.093994778067877,-inf
sefa_guided_raw,SEFA,0,S0,0,2000,10,a,1149,0.0008395975309820246,15.435161009573541,-inf
sefa_guided_raw,SEFA,0,S0,0,2000,11,b,1149,0.000710829260089941,13.067885117493475,-inf
sefa_guided_raw,SEFA,0,S0,0,2000,12,c,1149,0.0016864382772017292,31.00348128807659,-inf
sefa_guided_raw,SEFA,0,S0,0,2000,13,d,1149,0.0011016788352682663,20.253263707571808,-inf
sefa_guided_raw,SEFA,0,S0,0,2000,14,e,1149,0.0007729410142849459,14.209747606614446,-inf
sefa_guided_raw,SEFA,0,S0,0,2000,15,f,1149,0.0022651380357990936,41.64229765013054,-inf
sefa_guided_raw,SEFA,0,S0,0,3000,0,0,1716,0.0012262892507647755,33.668997668997676,-inf
sefa_guided_raw,SEFA,0,S0,0,3000,1,1,1716,0.0013315647056905797,36.55944055944055,-inf
sefa_guided_raw,SEFA,0,S0,0,3000,2,2,1716,0.000966156997625529,26.526806526806524,-inf
sefa_guided_raw,SEFA,0,S0,0,3000,3,3,1716,0.0014755543601697447,40.51282051282051,-inf
sefa_guided_raw,SEFA,0,S0,0,3000,4,4,1716,0.007192351160882629,197.47319347319345,-inf
sefa_guided_raw,SEFA,0,S0,0,3000,5,5,1716,0.0028502480425557346,78.25641025641025,-inf
sefa_guided_raw,SEFA,0,S0,0,3000,6,6,1716,0.00248959470987443,68.35431235431236,-inf
sefa_guided_raw,SEFA,0,S0,0,3000,7,7,1716,0.003623173640656158,99.47785547785547,-inf
sefa_guided_raw,SEFA,0,S0,0,3000,8,8,1716,0.0003324666786205245,9.12820512820512,-inf
sefa_guided_raw,SEFA,0,S0,0,3000,9,9,1716,0.0007189294776707365,19.738927738927742,-inf
sefa_guided_raw,SEFA,0,S0,0,3000,10,a,1716,0.0004180454355279533,11.477855477855487,-inf
sefa_guided_raw,SEFA,0,S0,0,3000,11,b,1716,0.0002951108720339488,8.102564102564099,-inf
sefa_guided_raw,SEFA,0,S0,0,3000,12,c,1716,0.0016901804489217076,46.40559440559441,-inf
sefa_guided_raw,SEFA,0,S0,0,3000,13,d,1716,0.0006686689378997072,18.35897435897436,-inf
sefa_guided_raw,SEFA,0,S0,0,3000,14,e,1716,0.0007773403752424728,21.342657342657333,-inf
sefa_guided_raw,SEFA,0,S0,0,3000,15,f,1716,0.0021513548611450713,59.067599067599076,-inf
sefa_guided_raw,SEFA,0,S0,0,4000,0,0,2287,0.0011599444513379462,42.44468736335813,-inf
sefa_guided_raw,SEFA,0,S0,0,4000,1,1,2287,0.0009928434303583555,36.33012680367295,-inf
sefa_guided_raw,SEFA,0,S0,0,4000,2,2,2287,0.0011515320429591105,42.13686051595977,-inf
sefa_guided_raw,SEFA,0,S0,0,4000,3,3,2287,0.0012012417288340459,43.9558373414954,-inf
sefa_guided_raw,SEFA,0,S0,0,4000,4,4,2287,0.007487987463217223,274.00043725404464,-inf
sefa_guided_raw,SEFA,0,S0,0,4000,5,5,2287,0.0025009588233640876,91.5150852645387,-inf
sefa_guided_raw,SEFA,0,S0,0,4000,6,6,2287,0.002427541441148798,88.82859641451682,-inf
sefa_guided_raw,SEFA,0,S0,0,4000,7,7,2287,0.0032072187449872086,117.35854831657194,-inf
sefa_guided_raw,SEFA,0,S0,0,4000,8,8,2287,0.000337057959008246,12.333624836029738,-inf
sefa_guided_raw,SEFA,0,S0,0,4000,9,9,2287,0.0009469575664737994,34.65107127240927,-inf
sefa_guided_raw,SEFA,0,S0,0,4000,10,a,2287,0.0004896284564243939,17.916484477481422,-inf
sefa_guided_raw,SEFA,0,S0,0,4000,11,b,2287,0.0003645894773389791,13.341058154787923,-inf
sefa_guided_raw,SEFA,0,S0,0,4000,12,c,2287,0.0015461504723662902,56.57673808482729,-inf
sefa_guided_raw,SEFA,0,S0,0,4000,13,d,2287,0.0007500307339692477,27.445124617402712,-inf
sefa_guided_raw,SEFA,0,S0,0,4000,14,e,2287,0.0005003351579974568,18.308264101442937,-inf
sefa_guided_raw,SEFA,0,S0,0,4000,15,f,2287,0.0020589250012762,75.34018364669872,-inf
sefa_guided_raw,SEFA,0,S0,0,6000,0,0,3410,0.0008049251382427053,43.916715542522006,-inf
sefa_guided_raw,SEFA,0,S0,0,6000,1,1,3410,0.0008107730411675165,44.235777126099705,-inf
sefa_guided_raw,SEFA,0,S0,0,6000,2,2,3410,0.0010097737377559534,55.09325513196482,-inf
sefa_guided_raw,SEFA,0,S0,0,6000,3,3,3410,0.0008489564073236388,46.319061583577735,-inf
sefa_guided_raw,SEFA,0,S0,0,6000,4,4,3410,0.006819665293556126,372.08093841642227,-inf
sefa_guided_raw,SEFA,0,S0,0,6000,5,5,3410,0.002380074990755154,129.8568914956012,-inf
sefa_guided_raw,SEFA,0,S0,0,6000,6,6,3410,0.0022429932663117786,122.37771260997064,-inf
sefa_guided_raw,SEFA,0,S0,0,6000,7,7,3410,0.003325199301691592,181.42287390029324,-inf
sefa_guided_raw,SEFA,0,S0,0,6000,8,8,3410,0.00024163448886748486,13.183577712609974,-inf
sefa_guided_raw,SEFA,0,S0,0,6000,9,9,3410,0.0008651241389392935,47.201173020527854,-inf
sefa_guided_raw,SEFA,0,S0,0,6000,10,a,3410,0.000481742503074449,26.28387096774194,-inf
sefa_guided_raw,SEFA,0,S0,0,6000,11,b,3410,0.00026175815481463004,14.281524926686215,-inf
sefa_guided_raw,SEFA,0,S0,0,6000,12,c,3410,0.0016196756133848179,88.36950146627566,-inf
sefa_guided_raw,SEFA,0,S0,0,6000,13,d,3410,0.0006122883360136222,33.406451612903226,-inf
sefa_guided_raw,SEFA,0,S0,0,6000,14,e,3410,0.00044046318831107397,24.031671554252195,-inf
sefa_guided_raw,SEFA,0,S0,0,6000,15,f,3410,0.0018319200901265045,99.94956011730208,-inf
sefa_guided_raw,SEFA,0,S0,0,8000,0,0,4507,0.0008361835537343508,60.2988684268915,-inf
sefa_guided_raw,SEFA,0,S0,0,8000,1,1,4507,0.0007949292841266716,57.323940536942544,-inf
sefa_guided_raw,SEFA,0,S0,0,8000,2,2,4507,0.0008045782541065104,58.01974706012868,-inf
sefa_guided_raw,SEFA,0,S0,0,8000,3,3,4507,0.000678255514472495,48.91036165964056,-inf
sefa_guided_raw,SEFA,0,S0,0,8000,4,4,4507,0.006367701741870461,459.1877080097627,-inf
sefa_guided_raw,SEFA,0,S0,0,8000,5,5,4507,0.0021018724220081384,151.57022409585088,-inf
sefa_guided_raw,SEFA,0,S0,0,8000,6,6,4507,0.0018855582684805222,135.9713778566674,-inf
sefa_guided_raw,SEFA,0,S0,0,8000,7,7,4507,0.0029488156849323804,212.6449966718438,-inf
sefa_guided_raw,SEFA,0,S0,0,8000,8,8,4507,0.0002417873112007951,17.435766585311736,-inf
sefa_guided_raw,SEFA,0,S0,0,8000,9,9,4507,0.0006358197383366721,45.8502329709341,-inf
sefa_guided_raw,SEFA,0,S0,0,8000,10,a,4507,0.0002853061349874161,20.57399600621255,-inf
sefa_guided_raw,SEFA,0,S0,0,8000,11,b,4507,0.00032872649989669196,23.70512536055025,-inf
sefa_guided_raw,SEFA,0,S0,0,8000,12,c,4507,0.0014440686624642121,104.13467938761927,-inf
sefa_guided_raw,SEFA,0,S0,0,8000,13,d,4507,0.0005248565835685229,37.84845795429332,-inf
sefa_guided_raw,SEFA,0,S0,0,8000,14,e,4507,0.00031897907103950766,23.002218770800976,-inf
sefa_guided_raw,SEFA,0,S0,0,8000,15,f,4507,0.0017413160131696623,125.56978034169069,-inf
sefa_guided_raw,SEFA,0,S5,5,250,0,0,159,0.00937215695581662,23.84276729559748,-inf
sefa_guided_raw,SEFA,0,S5,5,250,1,1,159,0.005574838811755864,14.182389937106919,-inf
sefa_guided_raw,SEFA,0,S5,5,250,2,2,159,0.010321486491831813,26.25786163522013,-inf
sefa_guided_raw,SEFA,0,S5,5,250,3,3,159,0.004071733713065149,10.358490566037739,-inf
sefa_guided_raw,SEFA,0,S5,5,250,4,4,159,0.003913512123729283,9.955974842767295,-inf
sefa_guided_raw,SEFA,0,S5,5,250,5,5,159,0.00415084450773308,10.559748427672956,-inf
sefa_guided_raw,SEFA,0,S5,5,250,6,6,159,0.005653949606423795,14.383647798742134,-inf
sefa_guided_raw,SEFA,0,S5,5,250,7,7,159,0.00510017404374827,12.974842767295598,-inf
sefa_guided_raw,SEFA,0,S5,5,250,8,8,159,0.00771083026779004,19.61635220125786,-inf
sefa_guided_raw,SEFA,0,S5,5,250,9,9,159,0.007157054705114513,18.20754716981132,-inf
sefa_guided_raw,SEFA,0,S5,5,250,10,a,159,0.0028059609983782275,7.138364779874211,-inf
sefa_guided_raw,SEFA,0,S5,5,250,11,b,159,0.009134824571812824,23.238993710691826,-inf
sefa_guided_raw,SEFA,0,S5,5,250,12,c,159,0.005891281990427594,14.9874213836478,-inf
sefa_guided_raw,SEFA,0,S5,5,250,13,d,159,0.0020939638463668363,5.327044025157232,-inf
sefa_guided_raw,SEFA,0,S5,5,250,14,e,159,0.0083437166251335,21.226415094339625,-inf
sefa_guided_raw,SEFA,0,S5,5,250,15,f,159,0.0023312962303706332,5.930817610062891,-inf
sefa_guided_raw,SEFA,0,S5,5,500,0,0,294,0.006082535054838262,28.612244897959187,-inf
sefa_guided_raw,SEFA,0,S5,5,500,1,1,294,0.0038612383729001807,18.16326530612245,-inf
sefa_guided_raw,SEFA,0,S5,5,500,2,2,294,0.00619822759035587,29.15646258503401,-inf
sefa_guided_raw,SEFA,0,S5,5,500,3,3,294,0.003514160766347355,16.53061224489796,-inf
sefa_guided_raw,SEFA,0,S5,5,500,4,4,294,0.0029356980887593133,13.80952380952381,-inf
sefa_guided_raw,SEFA,0,S5,5,500,5,5,294,0.0022415428756536633,10.544217687074832,-inf
sefa_guided_raw,SEFA,0,S5,5,500,6,6,294,0.004254592993660049,20.01360544217687,-inf
sefa_guided_raw,SEFA,0,S5,5,500,7,7,294,0.003236498681105095,15.224489795918368,-inf
sefa_guided_raw,SEFA,0,S5,5,500,8,8,294,0.004254592993660048,20.013605442176868,-inf
sefa_guided_raw,SEFA,0,S5,5,500,9,9,294,0.0027043130177240964,12.72108843537415,-inf
sefa_guided_raw,SEFA,0,S5,5,500,10,a,294,0.0022878198898607064,10.761904761904763,-inf
sefa_guided_raw,SEFA,0,S5,5,500,11,b,294,0.006290781618769958,29.59183673469388,-inf
sefa_guided_raw,SEFA,0,S5,5,500,12,c,294,0.0026117589893100094,12.285714285714285,-inf
sefa_guided_raw,SEFA,0,S5,5,500,13,d,294,0.0034447452450367894,16.204081632653057,-inf
sefa_guided_raw,SEFA,0,S5,5,500,14,e,294,0.003606714794761443,16.965986394557827,-inf
sefa_guided_raw,SEFA,0,S5,5,500,15,f,294,0.0020795733259290116,9.78231292517007,-inf
sefa_guided_raw,SEFA,0,S5,5,1000,0,0,596,0.003910296833475969,37.288590604026844,-inf
sefa_guided_raw,SEFA,0,S5,5,1000,1,1,596,0.001534277735237152,14.630872483221482,-inf
sefa_guided_raw,SEFA,0,S5,5,1000,2,2,596,0.002457659564884464,23.436241610738247,-inf
sefa_guided_raw,SEFA,0,S5,5,1000,3,3,596,0.0036569298680239628,34.87248322147651,-inf
sefa_guided_raw,SEFA,0,S5,5,1000,4,4,596,0.002063533174181343,19.677852348993287,-inf
sefa_guided_raw,SEFA,0,S5,5,1000,5,5,596,0.001686297914508356,16.080536912751683,-inf
sefa_guided_raw,SEFA,0,S5,5,1000,6,6,596,0.0017876447006891583,17.046979865771814,-inf
sefa_guided_raw,SEFA,0,S5,5,1000,7,7,596,0.0021254673212918332,20.268456375838923,-inf
sefa_guided_raw,SEFA,0,S5,5,1000,8,8,596,0.0043269447322192706,41.26174496644296,-inf
sefa_guided_raw,SEFA,0,S5,5,1000,9,9,596,0.0026716138912661596,25.4765100671141,-inf
sefa_guided_raw,SEFA,0,S5,5,1000,10,a,596,0.0026885050222962927,25.637583892617446,-inf
sefa_guided_raw,SEFA,0,S5,5,1000,11,b,596,0.0059710148191522905,56.939597315436245,-inf
sefa_guided_raw,SEFA,0,S5,5,1000,12,c,596,0.0026828746452862485,25.583892617449667,-inf
sefa_guided_raw,SEFA,0,S5,5,1000,13,d,596,0.0030995225440295475,29.557046979865763,-inf
sefa_guided_raw,SEFA,0,S5,5,1000,14,e,596,0.002970023872798523,28.322147651006716,-inf
sefa_guided_raw,SEFA,0,S5,5,1000,15,f,596,0.0028067429395072295,26.76510067114094,-inf
sefa_guided_raw,SEFA,0,S5,5,1500,0,0,912,0.0025801208064019704,37.64912280701755,-inf
sefa_guided_raw,SEFA,0,S5,5,1500,1,1,912,0.0011301554324407513,16.491228070175442,-inf
sefa_guided_raw,SEFA,0,S5,5,1500,2,2,912,0.001692828562634657,24.701754385964914,-inf
sefa_guided_raw,SEFA,0,S5,5,1500,3,3,912,0.002520006155740228,36.771929824561404,-inf
sefa_guided_raw,SEFA,0,S5,5,1500,4,4,912,0.001536530470914128,22.421052631578956,-inf
sefa_guided_raw,SEFA,0,S5,5,1500,5,5,912,0.0015028662665435518,21.929824561403507,-inf
sefa_guided_raw,SEFA,0,S5,5,1500,6,6,912,0.0011325600184672207,16.526315789473685,-inf
sefa_guided_raw,SEFA,0,S5,5,1500,7,7,912,0.0012407663896583567,18.10526315789474,-inf
sefa_guided_raw,SEFA,0,S5,5,1500,8,8,912,0.0031596260387811636,46.10526315789474,-inf
sefa_guided_raw,SEFA,0,S5,5,1500,9,9,912,0.0019068367189904593,27.82456140350878,-inf
sefa_guided_raw,SEFA,0,S5,5,1500,10,a,912,0.001397064481378886,20.385964912280702,-inf
sefa_guided_raw,SEFA,0,S5,5,1500,11,b,912,0.00477550784856879,69.68421052631578,-inf
sefa_guided_raw,SEFA,0,S5,5,1500,12,c,912,0.0014331332717759313,20.91228070175439,-inf
sefa_guided_raw,SEFA,0,S5,5,1500,13,d,912,0.001709660664819945,24.947368421052637,-inf
sefa_guided_raw,SEFA,0,S5,5,1500,14,e,912,0.0023204255155432445,33.85964912280702,-inf
sefa_guided_raw,SEFA,0,S5,5,1500,15,f,912,0.0023613034779932296,34.456140350877206,-inf
sefa_guided_raw,SEFA,0,S5,5,2000,0,0,1210,0.0022756300799125742,44.05619834710744,-inf
sefa_guided_raw,SEFA,0,S5,5,2000,1,1,1210,0.0008836486578785602,17.107438016528928,-inf
sefa_guided_raw,SEFA,0,S5,5,2000,2,2,1210,0.0014792363909569015,28.63801652892561,-inf
sefa_guided_raw,SEFA,0,S5,5,2000,3,3,1210,0.0022442114609657815,43.44793388429753,-inf
sefa_guided_raw,SEFA,0,S5,5,2000,4,4,1210,0.0013180452154907452,25.517355371900827,-inf
sefa_guided_raw,SEFA,0,S5,5,2000,5,5,1210,0.0010639642100949388,20.598347107438016,-inf
sefa_guided_raw,SEFA,0,S5,5,2000,6,6,1210,0.0006090772488218016,11.791735537190078,-inf
sefa_guided_raw,SEFA,0,S5,5,2000,7,7,1210,0.001043473806433987,20.201652892561988,-inf
sefa_guided_raw,SEFA,0,S5,5,2000,8,8,1210,0.003125298818386722,60.50578512396694,-inf
sefa_guided_raw,SEFA,0,S5,5,2000,9,9,1210,0.0020666279625708626,40.0099173553719,-inf
sefa_guided_raw,SEFA,0,S5,5,2000,10,a,1210,0.0015393415750290284,29.80165289256199,-inf
sefa_guided_raw,SEFA,0,S5,5,2000,11,b,1210,0.0048314664298886685,93.53719008264463,-inf
sefa_guided_raw,SEFA,0,S5,5,2000,12,c,1210,0.0013002868656512528,25.173553719008254,-inf
sefa_guided_raw,SEFA,0,S5,5,2000,13,d,1210,0.001480602417867632,28.664462809917353,-inf
sefa_guided_raw,SEFA,0,S5,5,2000,14,e,1210,0.0023630558021993037,45.74876033057852,-inf
sefa_guided_raw,SEFA,0,S5,5,2000,15,f,1210,0.0018466976299433102,35.75206611570248,-inf
sefa_guided_raw,SEFA,0,S5,5,3000,0,0,1819,0.0018343535540947201,53.387025838372736,-inf
sefa_guided_raw,SEFA,0,S5,5,3000,1,1,1819,0.0006586868921629576,19.170423309510717,-inf
sefa_guided_raw,SEFA,0,S5,5,3000,2,2,1819,0.0009506390760771176,27.66739967014843,-inf
sefa_guided_raw,SEFA,0,S5,5,3000,3,3,1819,0.0018833144793474052,54.81198460692688,-inf
sefa_guided_raw,SEFA,0,S5,5,3000,4,4,1819,0.0009034915184263839,26.295217152281477,-inf
sefa_guided_raw,SEFA,0,S5,5,3000,5,5,1819,0.0009198118268439451,26.770203408466177,-inf
sefa_guided_raw,SEFA,0,S5,5,3000,6,6,1819,0.0005879655556868569,17.112149532710283,-inf
sefa_guided_raw,SEFA,0,S5,5,3000,7,7,1819,0.00046102982355026575,13.417811984606935,-inf
sefa_guided_raw,SEFA,0,S5,5,3000,8,8,1819,0.0027301571494586646,79.45849367784497,-inf
sefa_guided_raw,SEFA,0,S5,5,3000,9,9,1819,0.0014378305051347012,41.84661902144034,-inf
sefa_guided_raw,SEFA,0,S5,5,3000,10,a,1819,0.0014196968291151886,41.31885651456845,-inf
sefa_guided_raw,SEFA,0,S5,5,3000,11,b,1819,0.004675900586352415,136.08741066520068,-inf
sefa_guided_raw,SEFA,0,S5,5,3000,12,c,1819,0.0010080623834722428,29.338647608576153,-inf
sefa_guided_raw,SEFA,0,S5,5,3000,13,d,1819,0.0009959732661259004,28.986805937328207,-inf
sefa_guided_raw,SEFA,0,S5,5,3000,14,e,1819,0.0015599305903327557,45.40021990104452,-inf
sefa_guided_raw,SEFA,0,S5,5,3000,15,f,1819,0.0012057194520849342,35.09125893347993,-inf
sefa_guided_raw,SEFA,0,S5,5,4000,0,0,2441,0.0017407016150592742,67.98484227775502,-inf
sefa_guided_raw,SEFA,0,S5,5,4000,1,1,2441,0.0006696232647213273,26.15280622695616,-inf
sefa_guided_raw,SEFA,0,S5,5,4000,2,2,2441,0.0008673246587511145,33.87423187218353,-inf
sefa_guided_raw,SEFA,0,S5,5,4000,3,3,2441,0.0015943555916348479,62.26915198689062,-inf
sefa_guided_raw,SEFA,0,S5,5,4000,4,4,2441,0.000679357289215154,26.532978287587056,-inf
sefa_guided_raw,SEFA,0,S5,5,4000,5,5,2441,0.0010002444414944011,39.06554690700533,-inf
sefa_guided_raw,SEFA,0,S5,5,4000,6,6,2441,0.0005746326119022614,22.442851290454723,-inf
sefa_guided_raw,SEFA,0,S5,5,4000,7,7,2441,0.0004272796204267497,16.687832855387136,-inf
sefa_guided_raw,SEFA,0,S5,5,4000,8,8,2441,0.002738606953685008,106.95903318312166,-inf
sefa_guided_raw,SEFA,0,S5,5,4000,9,9,2441,0.001635976937746382,63.8947152806227,-inf
sefa_guided_raw,SEFA,0,S5,5,4000,10,a,2441,0.0019065156874713534,74.46087668988118,-inf
sefa_guided_raw,SEFA,0,S5,5,4000,11,b,2441,0.005051948223045437,197.30888979926257,-inf
sefa_guided_raw,SEFA,0,S5,5,4000,12,c,2441,0.000840136521371806,32.81237197869726,-inf
sefa_guided_raw,SEFA,0,S5,5,4000,13,d,2441,0.001049921532014619,41.00573535436296,-inf
sefa_guided_raw,SEFA,0,S5,5,4000,14,e,2441,0.0015178260197523494,59.28021302744776,-inf
sefa_guided_raw,SEFA,0,S5,5,4000,15,f,2441,0.0012221130687502402,47.73084801310938,-inf
sefa_guided_raw,SEFA,0,S5,5,6000,0,0,3677,0.00226802450591254,133.43241773184656,-inf
sefa_guided_raw,SEFA,0,S5,5,6000,1,1,3677,0.0005168836867801073,30.40930106064727,-inf
sefa_guided_raw,SEFA,0,S5,5,6000,2,2,3677,0.0006991277727043478,41.13108512374219,-inf
sefa_guided_raw,SEFA,0,S5,5,6000,3,3,3677,0.0017659657172543657,103.89529507750885,-inf
sefa_guided_raw,SEFA,0,S5,5,6000,4,4,3677,0.0009045961455523752,53.21920043513734,-inf
sefa_guided_raw,SEFA,0,S5,5,6000,5,5,3677,0.0004812336667251216,28.31193908077235,-inf
sefa_guided_raw,SEFA,0,S5,5,6000,6,6,3677,0.0005196942692740686,30.574653249932002,-inf
sefa_guided_raw,SEFA,0,S5,5,6000,7,7,3677,0.0002553515894472687,15.022844710361712,-inf
sefa_guided_raw,SEFA,0,S5,5,6000,8,8,3677,0.002639613096693135,155.29371770465053,-inf
sefa_guided_raw,SEFA,0,S5,5,6000,9,9,3677,0.0013393488797498936,78.79657329344573,-inf
sefa_guided_raw,SEFA,0,S5,5,6000,10,a,3677,0.0015202616371243628,89.44003263530051,-inf
sefa_guided_raw,SEFA,0,S5,5,6000,11,b,3677,0.005339399470234785,314.1275496328529,-inf
sefa_guided_raw,SEFA,0,S5,5,6000,12,c,3677,0.0005270905389950201,31.00979059015502,-inf
sefa_guided_raw,SEFA,0,S5,5,6000,13,d,3677,0.0012048846962229988,70.88577644819146,-inf
sefa_guided_raw,SEFA,0,S5,5,6000,14,e,3677,0.0008992708313532903,52.90590155017678,-inf
sefa_guided_raw,SEFA,0,S5,5,6000,15,f,3677,0.0008437988084461555,49.64237149850422,-inf
sefa_guided_raw,SEFA,0,S5,5,8000,0,0,4889,0.002198026605868108,171.93843321742688,-inf
sefa_guided_raw,SEFA,0,S5,5,8000,1,1,4889,0.0005337530819705753,41.75230108406628,-inf
sefa_guided_raw,SEFA,0,S5,5,8000,2,2,4889,0.000749966394476921,58.66537124156267,-inf
sefa_guided_raw,SEFA,0,S5,5,8000,3,3,4889,0.0017387406645572204,136.011249744324,-inf
sefa_guided_raw,SEFA,0,S5,5,8000,4,4,4889,0.0008543913998979432,66.83391286561671,-inf
sefa_guided_raw,SEFA,0,S5,5,8000,5,5,4889,0.00024390675282120076,19.079361832685606,-inf
sefa_guided_raw,SEFA,0,S5,5,8000,6,6,4889,0.0004260647951301466,33.32849253426059,-inf
sefa_guided_raw,SEFA,0,S5,5,8000,7,7,4889,0.00019412079270460805,15.18490488852526,-inf
sefa_guided_raw,SEFA,0,S5,5,8000,8,8,4889,0.0026896943397254182,210.39865003068113,-inf
sefa_guided_raw,SEFA,0,S5,5,8000,9,9,4889,0.0012321789796062065,96.38596850071589,-inf
sefa_guided_raw,SEFA,0,S5,5,8000,10,a,4889,0.0015923950439792021,124.56350992022911,-inf
sefa_guided_raw,SEFA,0,S5,5,8000,11,b,4889,0.0055488309064211806,434.0517488238904,-inf
sefa_guided_raw,SEFA,0,S5,5,8000,12,c,4889,0.0005560940086111305,43.49989772959707,-inf
sefa_guided_raw,SEFA,0,S5,5,8000,13,d,4889,0.0010390596586833554,81.27940274084679,-inf
sefa_guided_raw,SEFA,0,S5,5,8000,14,e,4889,0.0006281372214857297,49.13540601349972,-inf
sefa_guided_raw,SEFA,0,S5,5,8000,15,f,4889,0.0007916359879862717,61.92493352423812,-inf
sefa_guided_raw,SEFA,1,S0,0,250,0,0,136,0.009839965397923875,21.41176470588235,-inf
sefa_guided_raw,SEFA,1,S0,0,250,1,1,136,0.0030276816608996553,6.58823529411765,-inf
sefa_guided_raw,SEFA,1,S0,0,250,2,2,136,0.006487889273356402,14.11764705882353,-inf
sefa_guided_raw,SEFA,1,S0,0,250,3,3,136,0.006487889273356402,14.11764705882353,-inf
sefa_guided_raw,SEFA,1,S0,0,250,4,4,136,0.0067041522491349485,14.588235294117649,-inf
sefa_guided_raw,SEFA,1,S0,0,250,5,5,136,0.012110726643598614,26.352941176470583,-inf
sefa_guided_raw,SEFA,1,S0,0,250,6,6,136,0.013408304498269897,29.176470588235297,-inf
sefa_guided_raw,SEFA,1,S0,0,250,7,7,136,0.007352941176470588,16.0,-inf
sefa_guided_raw,SEFA,1,S0,0,250,8,8,136,0.005406574394463667,11.76470588235294,-inf
sefa_guided_raw,SEFA,1,S0,0,250,9,9,136,0.00865051903114187,18.823529411764707,-inf
sefa_guided_raw,SEFA,1,S0,0,250,10,a,136,0.004433391003460207,9.647058823529411,-inf
sefa_guided_raw,SEFA,1,S0,0,250,11,b,136,0.006920415224913495,15.058823529411764,-inf
sefa_guided_raw,SEFA,1,S0,0,250,12,c,136,0.005947231833910035,12.941176470588236,-inf
sefa_guided_raw,SEFA,1,S0,0,250,13,d,136,0.020112456747404847,43.76470588235295,
sefa_guided_raw,SEFA,1,S0,0,250,14,e,136,0.010380622837370242,22.588235294117645,-inf
sefa_guided_raw,SEFA,1,S0,0,250,15,f,136,0.010488754325259517,22.82352941176471,-inf
sefa_guided_raw,SEFA,1,S0,0,500,0,0,282,0.009578869272169409,43.21985815602837,-inf
sefa_guided_raw,SEFA,1,S0,0,500,1,1,282,0.0020339771641265537,9.17730496453901,-inf
sefa_guided_raw,SEFA,1,S0,0,500,2,2,282,0.005605226095266838,25.290780141843975,-inf
sefa_guided_raw,SEFA,1,S0,0,500,3,3,282,0.004347744077259696,19.617021276595747,-inf
sefa_guided_raw,SEFA,1,S0,0,500,4,4,282,0.0022351742870076966,10.085106382978728,-inf
sefa_guided_raw,SEFA,1,S0,0,500,5,5,282,0.006158518183189982,27.7872340425532,-inf
sefa_guided_raw,SEFA,1,S0,0,500,6,6,282,0.009729767114330264,43.90070921985815,-inf
sefa_guided_raw,SEFA,1,S0,0,500,7,7,282,0.005278280770584981,23.815602836879435,-inf
sefa_guided_raw,SEFA,1,S0,0,500,8,8,282,0.00412139731401841,18.595744680851066,-inf
sefa_guided_raw,SEFA,1,S0,0,500,9,9,282,0.004976485086263267,22.45390070921986,-inf
sefa_guided_raw,SEFA,1,S0,0,500,10,a,282,0.0043980433579799815,19.843971631205676,-inf
sefa_guided_raw,SEFA,1,S0,0,500,11,b,282,0.0050267843669835515,22.680851063829785,-inf
sefa_guided_raw,SEFA,1,S0,0,500,12,c,282,0.0038950505507771237,17.574468085106382,-inf
sefa_guided_raw,SEFA,1,S0,0,500,13,d,282,0.010886650570896838,49.12056737588653,
sefa_guided_raw,SEFA,1,S0,0,500,14,e,282,0.0061585181831899805,27.78723404255319,-inf
sefa_guided_raw,SEFA,1,S0,0,500,15,f,282,0.0024363714098888387,10.99290780141844,-inf
sefa_guided_raw,SEFA,1,S0,0,1000,0,0,560,0.003322704081632653,29.771428571428572,-inf
sefa_guided_raw,SEFA,1,S0,0,1000,1,1,560,0.0008482142857142859,7.600000000000001,-inf
sefa_guided_raw,SEFA,1,S0,0,1000,2,2,560,0.003118622448979592,27.942857142857143,-inf
sefa_guided_raw,SEFA,1,S0,0,1000,3,3,560,0.0032525510204081632,29.142857142857142,-inf
sefa_guided_raw,SEFA,1,S0,0,1000,4,4,560,0.00173469387755102,15.54285714285714,-inf
sefa_guided_raw,SEFA,1,S0,0,1000,5,5,560,0.003163265306122449,28.342857142857145,-inf
sefa_guided_raw,SEFA,1,S0,0,1000,6,6,560,0.0033290816326530617,29.828571428571433,-inf
sefa_guided_raw,SEFA,1,S0,0,1000,7,7,560,0.0026466836734693874,23.71428571428571,-inf
sefa_guided_raw,SEFA,1,S0,0,1000,8,8,560,0.004043367346938775,36.22857142857143,-inf
sefa_guided_raw,SEFA,1,S0,0,1000,9,9,560,0.002582908163265306,23.14285714285714,-inf
sefa_guided_raw,SEFA,1,S0,0,1000,10,a,560,0.002665816326530612,23.885714285714286,-inf
sefa_guided_raw,SEFA,1,S0,0,1000,11,b,560,0.0038392857142857152,34.400000000000006,-inf
sefa_guided_raw,SEFA,1,S0,0,1000,12,c,560,0.003903061224489796,34.97142857142857,-inf
sefa_guided_raw,SEFA,1,S0,0,1000,13,d,560,0.008915816326530612,79.88571428571429,-inf
sefa_guided_raw,SEFA,1,S0,0,1000,14,e,560,0.004113520408163266,36.85714285714286,-inf
sefa_guided_raw,SEFA,1,S0,0,1000,15,f,560,0.002869897959183673,25.71428571428571,-inf
sefa_guided_raw,SEFA,1,S0,0,1500,0,0,843,0.0016315192169411342,22.00593119810202,-inf
sefa_guided_raw,SEFA,1,S0,0,1500,1,1,843,0.0008632074343311536,11.6429418742586,-inf
sefa_guided_raw,SEFA,1,S0,0,1500,2,2,843,0.0016990631099178355,22.916963226571763,-inf
sefa_guided_raw,SEFA,1,S0,0,1500,3,3,843,0.00227037187134577,30.622775800711747,-inf
sefa_guided_raw,SEFA,1,S0,0,1500,4,4,843,0.0013866726049005904,18.703440094899165,-inf
sefa_guided_raw,SEFA,1,S0,0,1500,5,5,843,0.002655934927087776,35.82325029655992,-inf
sefa_guided_raw,SEFA,1,S0,0,1500,6,6,843,0.003230058017389738,43.56702253855279,-inf
sefa_guided_raw,SEFA,1,S0,0,1500,7,7,843,0.0011671549527263105,15.742586002372477,-inf
sefa_guided_raw,SEFA,1,S0,0,1500,8,8,843,0.0021324697565183372,28.762752075919334,-inf
sefa_guided_raw,SEFA,1,S0,0,1500,9,9,843,0.0017891216338867713,24.13167259786477,-inf
sefa_guided_raw,SEFA,1,S0,0,1500,10,a,843,0.001924209419840174,25.953736654804267,-inf
sefa_guided_raw,SEFA,1,S0,0,1500,11,b,843,0.0026362346249695703,35.557532621589566,-inf
sefa_guided_raw,SEFA,1,S0,0,1500,12,c,843,0.002990840063097254,40.34045077105576,-inf
sefa_guided_raw,SEFA,1,S0,0,1500,13,d,843,0.007958130525758849,107.33926453143535,-inf
sefa_guided_raw,SEFA,1,S0,0,1500,14,e,843,0.003511490904792662,47.36298932384343,-inf
sefa_guided_raw,SEFA,1,S0,0,1500,15,f,843,0.0020367825748013437,27.472123368920524,-inf
sefa_guided_raw,SEFA,1,S0,0,2000,0,0,1139,0.0012521476951348203,22.819139596136964,-inf
sefa_guided_raw,SEFA,1,S0,0,2000,1,1,1139,0.0006678667037687666,12.171202809482002,-inf
sefa_guided_raw,SEFA,1,S0,0,2000,2,2,1139,0.0013816453291051324,25.179104477611933,-inf
sefa_guided_raw,SEFA,1,S0,0,2000,3,3,1139,0.00165297370504293,30.123792800702354,-inf
sefa_guided_raw,SEFA,1,S0,0,2000,4,4,1139,0.0013569791131107878,24.729587357330995,-inf
sefa_guided_raw,SEFA,1,S0,0,2000,5,5,1139,0.002385251992375056,43.46883230904302,-inf
sefa_guided_raw,SEFA,1,S0,0,2000,6,6,1139,0.0031375715802025865,57.179104477611936,-inf
sefa_guided_raw,SEFA,1,S0,0,2000,7,7,1139,0.0011056920376683952,20.150131694468836,-inf
sefa_guided_raw,SEFA,1,S0,0,2000,8,8,1139,0.0019350935504782551,35.26514486391572,-inf
sefa_guided_raw,SEFA,1,S0,0,2000,9,9,1139,0.0019705512359701255,35.91132572431957,-inf
sefa_guided_raw,SEFA,1,S0,0,2000,10,a,1139,0.0010563596056797043,19.25109745390693,-inf
sefa_guided_raw,SEFA,1,S0,0,2000,11,b,1139,0.001819470663004761,33.158033362598765,-inf
sefa_guided_raw,SEFA,1,S0,0,2000,12,c,1139,0.002493166687350316,45.435469710272166,-inf
sefa_guided_raw,SEFA,1,S0,0,2000,13,d,1139,0.007370910900232093,134.32748024582966,-inf
sefa_guided_raw,SEFA,1,S0,0,2000,14,e,1139,0.0035507306981078703,64.70851624231783,-inf
sefa_guided_raw,SEFA,1,S0,0,2000,15,f,1139,0.0017408470995227854,31.725197541703242,-inf
sefa_guided_raw,SEFA,1,S0,0,3000,0,0,1695,0.0008315059910721278,22.550442477876103,-inf
sefa_guided_raw,SEFA,1,S0,0,3000,1,1,1695,0.0006498159605294071,17.62300884955752,-inf
sefa_guided_raw,SEFA,1,S0,0,3000,2,2,1695,0.0007939149502701855,21.53097345132743,-inf
sefa_guided_raw,SEFA,1,S0,0,3000,3,3,1695,0.000878842857267166,23.83421828908554,-inf
sefa_guided_raw,SEFA,1,S0,0,3000,4,4,1695,0.0010835051905221848,29.38466076696165,-inf
sefa_guided_raw,SEFA,1,S0,0,3000,5,5,1695,0.002362992838558662,64.08436578171091,-inf
sefa_guided_raw,SEFA,1,S0,0,3000,6,6,1695,0.0028495879778282474,77.28082595870207,-inf
sefa_guided_raw,SEFA,1,S0,0,3000,7,7,1695,0.0007834729944918683,21.24778761061947,-inf
sefa_guided_raw,SEFA,1,S0,0,3000,8,8,1695,0.0010486986712611272,28.44070796460177,-inf
sefa_guided_raw,SEFA,1,S0,0,3000,9,9,1695,0.0016306636733060102,44.223598820058996,-inf
sefa_guided_raw,SEFA,1,S0,0,3000,10,a,1695,0.0007236057813628492,19.62418879056047,-inf
sefa_guided_raw,SEFA,1,S0,0,3000,11,b,1695,0.0016445862810104332,44.60117994100295,-inf
sefa_guided_raw,SEFA,1,S0,0,3000,12,c,1695,0.0022251590222848736,60.34631268436577,-inf
sefa_guided_raw,SEFA,1,S0,0,3000,13,d,1695,0.006973464379878351,189.12035398230088,-inf
sefa_guided_raw,SEFA,1,S0,0,3000,14,e,1695,0.0033786470705963224,91.62890855457226,-inf
sefa_guided_raw,SEFA,1,S0,0,3000,15,f,1695,0.0012296925714186267,33.349262536873155,-inf
sefa_guided_raw,SEFA,1,S0,0,4000,0,0,2261,0.0008339860304558519,30.1702786377709,-inf
sefa_guided_raw,SEFA,1,S0,0,4000,1,1,2261,0.00044041162171239655,15.932330827067657,-inf
sefa_guided_raw,SEFA,1,S0,0,4000,2,2,2261,0.000689232023263925,24.93365767359575,-inf
sefa_guided_raw,SEFA,1,S0,0,4000,3,3,2261,0.00048305536977704533,17.47501105705439,-inf
sefa_guided_raw,SEFA,1,S0,0,4000,4,4,2261,0.0007013600617043298,25.372401592215837,-inf
sefa_guided_raw,SEFA,1,S0,0,4000,5,5,2261,0.00195876378904177,70.86023883237507,-inf
sefa_guided_raw,SEFA,1,S0,0,4000,6,6,2261,0.002531128958019578,91.56612118531625,-inf
sefa_guided_raw,SEFA,1,S0,0,4000,7,7,2261,0.0005170921228194716,18.706324635117205,-inf
sefa_guided_raw,SEFA,1,S0,0,4000,8,8,2261,0.0009071454881447445,32.81689517912428,-inf
sefa_guided_raw,SEFA,1,S0,0,4000,9,9,2261,0.0015487578443467982,56.02786377708977,-inf
sefa_guided_raw,SEFA,1,S0,0,4000,10,a,2261,0.000709184602633623,25.655462184873944,-inf
sefa_guided_raw,SEFA,1,S0,0,4000,11,b,2261,0.0013637074513690112,49.33348076072535,-inf
sefa_guided_raw,SEFA,1,S0,0,4000,12,c,2261,0.0021688527129932957,78.46041574524547,-inf
sefa_guided_raw,SEFA,1,S0,0,4000,13,d,2261,0.007126090618747091,257.79345422379475,-inf
sefa_guided_raw,SEFA,1,S0,0,4000,14,e,2261,0.0031707851789893084,114.70632463511721,-inf
sefa_guided_raw,SEFA,1,S0,0,4000,15,f,2261,0.0015452368009286166,55.900486510393634,-inf
sefa_guided_raw,SEFA,1,S0,0,6000,0,0,3393,0.0007778481798268985,42.22782198644267,-inf
sefa_guided_raw,SEFA,1,S0,0,6000,1,1,3393,0.00024260150902731452,13.17035072207485,-inf
sefa_guided_raw,SEFA,1,S0,0,6000,2,2,3393,0.0006737869153644023,36.57854406130267,-inf
sefa_guided_raw,SEFA,1,S0,0,6000,3,3,3393,0.0005094430820062698,27.656646035956374,-inf
sefa_guided_raw,SEFA,1,S0,0,6000,4,4,3393,0.000592309898614969,32.155319776009435,-inf
sefa_guided_raw,SEFA,1,S0,0,6000,5,5,3393,0.001749665731418224,94.98585322723254,-inf
sefa_guided_raw,SEFA,1,S0,0,6000,6,6,3393,0.002585630346766357,140.368700265252,-inf
sefa_guided_raw,SEFA,1,S0,0,6000,7,7,3393,0.0005587809770101913,30.335101679929267,-inf
sefa_guided_raw,SEFA,1,S0,0,6000,8,8,3393,0.0008661004708902509,47.01886236368994,-inf
sefa_guided_raw,SEFA,1,S0,0,6000,9,9,3393,0.0013876228680795891,75.33127026230474,-inf
sefa_guided_raw,SEFA,1,S0,0,6000,10,a,3393,0.0007808015045278379,42.38815207780726,-inf
sefa_guided_raw,SEFA,1,S0,0,6000,11,b,3393,0.0014367870381011027,78.00029472443266,-inf
sefa_guided_raw,SEFA,1,S0,0,6000,12,c,3393,0.002083565147606735,113.11258473327442,-inf
sefa_guided_raw,SEFA,1,S0,0,6000,13,d,3393,0.0069398733058448295,376.75184202770413,-inf
sefa_guided_raw,SEFA,1,S0,0,6000,14,e,3393,0.0030423533255174466,165.16327733569113,-inf
sefa_guided_raw,SEFA,1,S0,0,6000,15,f,3393,0.0017428904571043051,94.61803713527851,-inf
sefa_guided_raw,SEFA,1,S0,0,8000,0,0,4482,0.000734344487872657,52.66131191432398,-inf
sefa_guided_raw,SEFA,1,S0,0,8000,1,1,4482,0.00011906169972168911,8.53815261044177,-inf
sefa_guided_raw,SEFA,1,S0,0,8000,2,2,4482,0.0006679377532939033,47.899152164212396,-inf
sefa_guided_raw,SEFA,1,S0,0,8000,3,3,4482,0.00029538302946527557,21.182507809013842,-inf
sefa_guided_raw,SEFA,1,S0,0,8000,4,4,4482,0.0006324942787661129,45.35742971887549,-inf
sefa_guided_raw,SEFA,1,S0,0,8000,5,5,4482,0.001596636434179377,114.49799196787149,-inf
sefa_guided_raw,SEFA,1,S0,0,8000,6,6,4482,0.002246765334927892,161.12003569834897,-inf
sefa_guided_raw,SEFA,1,S0,0,8000,7,7,4482,0.0003583051527842743,25.694779116465877,-inf
sefa_guided_raw,SEFA,1,S0,0,8000,8,8,4482,0.000787509699664342,56.4738955823293,-inf
sefa_guided_raw,SEFA,1,S0,0,8000,9,9,4482,0.0014146401660984761,101.44667559125392,-inf
sefa_guided_raw,SEFA,1,S0,0,8000,10,a,4482,0.0005933670723351534,42.55153949129852,-inf
sefa_guided_raw,SEFA,1,S0,0,8000,11,b,4482,0.0013234429114146109,94.90673806336457,-inf
sefa_guided_raw,SEFA,1,S0,0,8000,12,c,4482,0.0019519672223526456,139.97947344935292,-inf
sefa_guided_raw,SEFA,1,S0,0,8000,13,d,4482,0.006819869591908215,489.0664881749219,-inf
sefa_guided_raw,SEFA,1,S0,0,8000,14,e,4482,0.0028784755761605604,206.4212405176261,-inf
sefa_guided_raw,SEFA,1,S0,0,8000,15,f,4482,0.0016499012062927696,118.3177153056671,-inf
sefa_guided_raw,SEFA,1,S5,5,250,0,0,158,0.008161752924210864,20.632911392405063,-inf
sefa_guided_raw,SEFA,1,S5,5,250,1,1,158,0.007600945361320301,19.21518987341772,-inf
sefa_guided_raw,SEFA,1,S5,5,250,2,2,158,0.005598061208139722,14.151898734177218,-inf
sefa_guided_raw,SEFA,1,S5,5,250,3,3,158,0.010885675372536454,27.518987341772156,-inf
sefa_guided_raw,SEFA,1,S5,5,250,4,4,158,0.00904302195161032,22.86075949367089,-inf
sefa_guided_raw,SEFA,1,S5,5,250,5,5,158,0.00880267585322865,22.253164556962027,-inf
sefa_guided_raw,SEFA,1,S5,5,250,6,6,158,0.009523714148373658,24.075949367088608,-inf
sefa_guided_raw,SEFA,1,S5,5,250,7,7,158,0.008001522191956417,20.22784810126582,-inf
sefa_guided_raw,SEFA,1,S5,5,250,8,8,158,0.006479330235539175,16.379746835443036,-inf
sefa_guided_raw,SEFA,1,S5,5,250,9,9,158,0.004716792180740266,11.924050632911392,-inf
sefa_guided_raw,SEFA,1,S5,5,250,10,a,158,0.0067997917000480685,17.189873417721518,-inf
sefa_guided_raw,SEFA,1,S5,5,250,11,b,158,0.0028741387598141322,7.265822784810126,-inf
sefa_guided_raw,SEFA,1,S5,5,250,12,c,158,0.005758291940394168,14.556962025316457,-inf
sefa_guided_raw,SEFA,1,S5,5,250,13,d,158,0.006960022432302515,17.594936708860757,-inf
sefa_guided_raw,SEFA,1,S5,5,250,14,e,158,0.008081637558083641,20.430379746835445,-inf
sefa_guided_raw,SEFA,1,S5,5,250,15,f,158,0.010244752443518667,25.89873417721519,-inf
sefa_guided_raw,SEFA,1,S5,5,500,0,0,311,0.0038247898594927685,19.032154340836016,-inf
sefa_guided_raw,SEFA,1,S5,5,500,1,1,311,0.004631233134479586,23.04501607717042,-inf
sefa_guided_raw,SEFA,1,S5,5,500,2,2,311,0.0038454678921847375,19.135048231511252,-inf
sefa_guided_raw,SEFA,1,S5,5,500,3,3,311,0.005168861984470799,25.720257234726695,-inf
sefa_guided_raw,SEFA,1,S5,5,500,4,4,311,0.005851237063305797,29.115755627009644,-inf
sefa_guided_raw,SEFA,1,S5,5,500,5,5,311,0.005086149853702918,25.30868167202572,-inf
sefa_guided_raw,SEFA,1,S5,5,500,6,6,311,0.008787517705565493,43.726688102893895,-inf
sefa_guided_raw,SEFA,1,S5,5,500,7,7,311,0.002956312486430042,14.71061093247589,-inf
sefa_guided_raw,SEFA,1,S5,5,500,8,8,311,0.0031217367479657986,15.533762057877814,-inf
sefa_guided_raw,SEFA,1,S5,5,500,9,9,311,0.004010892153720496,19.958199356913187,-inf
sefa_guided_raw,SEFA,1,S5,5,500,10,a,311,0.004031570186412465,20.061093247588428,-inf
sefa_guided_raw,SEFA,1,S5,5,500,11,b,311,0.0016742744595279204,8.331189710610932,-inf
sefa_guided_raw,SEFA,1,S5,5,500,12,c,311,0.003576653467189131,17.797427652733116,-inf
sefa_guided_raw,SEFA,1,S5,5,500,13,d,311,0.005603100671002161,27.881028938906752,-inf
sefa_guided_raw,SEFA,1,S5,5,500,14,e,311,0.0033698731402694347,16.768488745980708,-inf
sefa_guided_raw,SEFA,1,S5,5,500,15,f,311,0.004672589199863525,23.2508038585209,-inf
sefa_guided_raw,SEFA,1,S5,5,1000,0,0,616,0.001828934052960027,18.025974025974026,-inf
sefa_guided_raw,SEFA,1,S5,5,1000,1,1,616,0.0024297942317422837,23.948051948051948,-inf
sefa_guided_raw,SEFA,1,S5,5,1000,2,2,616,0.0017762270197335128,17.506493506493502,-inf
sefa_guided_raw,SEFA,1,S5,5,1000,3,3,616,0.002103010625737898,20.727272727272723,-inf
sefa_guided_raw,SEFA,1,S5,5,1000,4,4,616,0.003157151290268173,31.116883116883116,-inf
sefa_guided_raw,SEFA,1,S5,5,1000,5,5,616,0.0041796677348625395,41.19480519480519,-inf
sefa_guided_raw,SEFA,1,S5,5,1000,6,6,616,0.0072893826952268505,71.84415584415584,-inf
sefa_guided_raw,SEFA,1,S5,5,1000,7,7,616,0.002893616124135605,28.51948051948052,-inf
sefa_guided_raw,SEFA,1,S5,5,1000,8,8,616,0.0023032973519986504,22.7012987012987,-inf
sefa_guided_raw,SEFA,1,S5,5,1000,9,9,616,0.0017446027997976047,17.19480519480519,-inf
sefa_guided_raw,SEFA,1,S5,5,1000,10,a,616,0.0020344914825434304,20.05194805194805,-inf
sefa_guided_raw,SEFA,1,S5,5,1000,11,b,616,0.0010541406645302746,10.389610389610386,-inf
sefa_guided_raw,SEFA,1,S5,5,1000,12,c,616,0.002103010625737898,20.727272727272723,-inf
sefa_guided_raw,SEFA,1,S5,5,1000,13,d,616,0.003157151290268173,31.116883116883116,-inf
sefa_guided_raw,SEFA,1,S5,5,1000,14,e,616,0.002124093439028504,20.935064935064936,-inf
sefa_guided_raw,SEFA,1,S5,5,1000,15,f,616,0.002356004385225164,23.220779220779214,-inf
sefa_guided_raw,SEFA,1,S5,5,1500,0,0,936,0.0014541785375118711,21.777777777777782,-inf
sefa_guided_raw,SEFA,1,S5,5,1500,1,1,936,0.001673332602819782,25.059829059829056,-inf
sefa_guided_raw,SEFA,1,S5,5,1500,2,2,936,0.001497552779604062,22.427350427350433,-inf
sefa_guided_raw,SEFA,1,S5,5,1500,3,3,936,0.001645938344656294,24.649572649572658,-inf
sefa_guided_raw,SEFA,1,S5,5,1500,4,4,936,0.0034288479801300314,51.35042735042735,-inf
sefa_guided_raw,SEFA,1,S5,5,1500,5,5,936,0.004154795821462488,62.222222222222214,-inf
sefa_guided_raw,SEFA,1,S5,5,1500,6,6,936,0.006227628022499818,93.26495726495727,-inf
sefa_guided_raw,SEFA,1,S5,5,1500,7,7,936,0.002796497187522829,41.88034188034189,-inf
sefa_guided_raw,SEFA,1,S5,5,1500,8,8,936,0.0014359156987362115,21.504273504273502,-inf
sefa_guided_raw,SEFA,1,S5,5,1500,9,9,936,0.0014153700051135949,21.196581196581196,-inf
sefa_guided_raw,SEFA,1,S5,5,1500,10,a,936,0.0014610271020527434,21.880341880341884,-inf
sefa_guided_raw,SEFA,1,S5,5,1500,11,b,936,0.000783019212506392,11.726495726495726,-inf
sefa_guided_raw,SEFA,1,S5,5,1500,12,c,936,0.0013423186500109577,20.102564102564102,-inf
sefa_guided_raw,SEFA,1,S5,5,1500,13,d,936,0.002670940170940171,40.0,-inf
sefa_guided_raw,SEFA,1,S5,5,1500,14,e,936,0.002050003652567755,30.7008547008547,-inf
sefa_guided_raw,SEFA,1,S5,5,1500,15,f,936,0.0020271751040981806,30.35897435897435,-inf
sefa_guided_raw,SEFA,1,S5,5,2000,0,0,1251,0.0014098633163812675,28.21982414068745,-inf
sefa_guided_raw,SEFA,1,S5,5,2000,1,1,1251,0.0014890964925901007,29.805755395683455,-inf
sefa_guided_raw,SEFA,1,S5,5,2000,2,2,1251,0.0017881378350556962,35.79136690647481,-inf
sefa_guided_raw,SEFA,1,S5,5,2000,3,3,1251,0.0012283937837739396,24.587529976019173,-inf
sefa_guided_raw,SEFA,1,S5,5,2000,4,4,1251,0.0025715239159591584,51.47162270183851,-inf
sefa_guided_raw,SEFA,1,S5,5,2000,5,5,1251,0.0032105011434497488,64.26139088729018,-inf
sefa_guided_raw,SEFA,1,S5,5,2000,6,6,1251,0.005668007560378556,113.45083932853719,-inf
sefa_guided_raw,SEFA,1,S5,5,2000,7,7,1251,0.002544686872404554,50.934452438049554,-inf
sefa_guided_raw,SEFA,1,S5,5,2000,8,8,1251,0.000908905170028645,18.19264588329336,-inf
sefa_guided_raw,SEFA,1,S5,5,2000,9,9,1251,0.0010686494769012928,21.39008792965628,-inf
sefa_guided_raw,SEFA,1,S5,5,2000,10,a,1251,0.0009868603917824975,19.75299760191847,-inf
sefa_guided_raw,SEFA,1,S5,5,2000,11,b,1251,0.000779831770075546,15.609112709832129,-inf
sefa_guided_raw,SEFA,1,S5,5,2000,12,c,1251,0.0012820678708831492,25.661870503597115,-inf
sefa_guided_raw,SEFA,1,S5,5,2000,13,d,1251,0.0025574664169543664,51.190247801758595,-inf
sefa_guided_raw,SEFA,1,S5,5,2000,14,e,1251,0.0018367001043449816,36.76338928856915,-inf
sefa_guided_raw,SEFA,1,S5,5,2000,15,f,1251,0.0016565085261926345,33.156674660271776,-inf
sefa_guided_raw,SEFA,1,S5,5,3000,0,0,1848,0.0009030471692809352,26.701298701298693,-inf
sefa_guided_raw,SEFA,1,S5,5,3000,1,1,1848,0.0011296874121549444,33.402597402597394,-inf
sefa_guided_raw,SEFA,1,S5,5,3000,2,2,1848,0.001567741421637526,46.35497835497837,-inf
sefa_guided_raw,SEFA,1,S5,5,3000,3,3,1848,0.0009452127958621468,27.948051948051955,-inf
sefa_guided_raw,SEFA,1,S5,5,3000,4,4,1848,0.002240634545829351,66.25108225108225,-inf
sefa_guided_raw,SEFA,1,S5,5,3000,5,5,1848,0.003136654110680085,92.74458874458875,-inf
sefa_guided_raw,SEFA,1,S5,5,3000,6,6,1848,0.005893231948426754,174.25108225108227,-inf
sefa_guided_raw,SEFA,1,S5,5,3000,7,7,1848,0.0019560165664061764,57.835497835497826,-inf
sefa_guided_raw,SEFA,1,S5,5,3000,8,8,1848,0.0006102303180225256,18.04329004329004,-inf
sefa_guided_raw,SEFA,1,S5,5,3000,9,9,1848,0.001187079515001593,35.0995670995671,-inf
sefa_guided_raw,SEFA,1,S5,5,3000,10,a,1848,0.001070538408200746,31.653679653679657,-inf
sefa_guided_raw,SEFA,1,S5,5,3000,11,b,1848,0.0006752356590018925,19.965367965367957,-inf
sefa_guided_raw,SEFA,1,S5,5,3000,12,c,1848,0.0008310142238713665,24.571428571428562,-inf
sefa_guided_raw,SEFA,1,S5,5,3000,13,d,1848,0.0026166113828451484,77.36796536796535,-inf
sefa_guided_raw,SEFA,1,S5,5,3000,14,e,1848,0.0018488455988455985,54.66666666666666,-inf
sefa_guided_raw,SEFA,1,S5,5,3000,15,f,1848,0.0012397865482281067,36.65800865800866,-inf
sefa_guided_raw,SEFA,1,S5,5,4000,0,0,2475,0.0008341087644117944,33.03070707070706,-inf
sefa_guided_raw,SEFA,1,S5,5,4000,1,1,2475,0.0010032343638404244,39.728080808080804,-inf
sefa_guided_raw,SEFA,1,S5,5,4000,2,2,2475,0.0013731558004285275,54.37696969696969,-inf
sefa_guided_raw,SEFA,1,S5,5,4000,3,3,2475,0.0011142434445464747,44.1240404040404,-inf
sefa_guided_raw,SEFA,1,S5,5,4000,4,4,2475,0.0020398632792572187,80.77858585858586,-inf
sefa_guided_raw,SEFA,1,S5,5,4000,5,5,2475,0.003010866238138965,119.23030303030302,-inf
sefa_guided_raw,SEFA,1,S5,5,4000,6,6,2475,0.006076675849403123,240.63636363636365,-inf
sefa_guided_raw,SEFA,1,S5,5,4000,7,7,2475,0.0019409345985103564,76.86101010101011,-inf
sefa_guided_raw,SEFA,1,S5,5,4000,8,8,2475,0.0007142842567084994,28.285656565656577,-inf
sefa_guided_raw,SEFA,1,S5,5,4000,9,9,2475,0.000950015304560759,37.62060606060606,-inf
sefa_guided_raw,SEFA,1,S5,5,4000,10,a,2475,0.0006816345270890724,26.99272727272727,-inf
sefa_guided_raw,SEFA,1,S5,5,4000,11,b,2475,0.000729303132333435,28.880404040404024,-inf
sefa_guided_raw,SEFA,1,S5,5,4000,12,c,2475,0.0005970717273747577,23.644040404040403,-inf
sefa_guided_raw,SEFA,1,S5,5,4000,13,d,2475,0.0020950413223140493,82.96363636363635,-inf
sefa_guided_raw,SEFA,1,S5,5,4000,14,e,2475,0.0016513314967860422,65.39272727272727,-inf
sefa_guided_raw,SEFA,1,S5,5,4000,15,f,2475,0.001120446893174166,44.36969696969697,-inf
sefa_guided_raw,SEFA,1,S5,5,6000,0,0,3673,0.0009369212083170848,55.06098557037844,-inf
sefa_guided_raw,SEFA,1,S5,5,6000,1,1,3673,0.0007769618756425153,45.660495507759336,-inf
sefa_guided_raw,SEFA,1,S5,5,6000,2,2,3673,0.0010850207202187487,63.76449768581542,-inf
sefa_guided_raw,SEFA,1,S5,5,6000,3,3,3673,0.0008570156658596307,50.36509665123878,-inf
sefa_guided_raw,SEFA,1,S5,5,6000,4,4,3673,0.0019091300161760546,112.19575279063437,-inf
sefa_guided_raw,SEFA,1,S5,5,6000,5,5,3673,0.00306561078929405,180.15981486523273,-inf
sefa_guided_raw,SEFA,1,S5,5,6000,6,6,3673,0.006015296463275434,353.5069425537707,-inf
sefa_guided_raw,SEFA,1,S5,5,6000,7,7,3673,0.002119641834895136,124.56711135311734,-inf
sefa_guided_raw,SEFA,1,S5,5,6000,8,8,3673,0.0006054392177143623,35.580451946637645,-inf
sefa_guided_raw,SEFA,1,S5,5,6000,9,9,3673,0.0006659243036561827,39.135039477266545,-inf
sefa_guided_raw,SEFA,1,S5,5,6000,10,a,3673,0.00041123465255802597,24.16743806153007,-inf
sefa_guided_raw,SEFA,1,S5,5,6000,11,b,3673,0.0005829055582458405,34.25619384699156,-inf
sefa_guided_raw,SEFA,1,S5,5,6000,12,c,3673,0.00045585722821608513,26.78981758780289,-inf
sefa_guided_raw,SEFA,1,S5,5,6000,13,d,3673,0.0022419462366157295,131.7546964334332,-inf
sefa_guided_raw,SEFA,1,S5,5,6000,14,e,3673,0.0016554780993955271,97.28913694527634,-inf
sefa_guided_raw,SEFA,1,S5,5,6000,15,f,3673,0.0007825952905096454,45.99156003267084,-inf
sefa_guided_raw,SEFA,1,S5,5,8000,0,0,4926,0.0007852205330734088,61.88794153471378,-inf
sefa_guided_raw,SEFA,1,S5,5,8000,1,1,4926,0.0007330476434915187,57.775883069427536,-inf
sefa_guided_raw,SEFA,1,S5,5,8000,2,2,4926,0.0009795707283879367,77.20584652862362,-inf
sefa_guided_raw,SEFA,1,S5,5,8000,3,3,4926,0.0008529711100660048,67.22777101096223,-inf
sefa_guided_raw,SEFA,1,S5,5,8000,4,4,4926,0.002011242227434565,158.51806739748267,-inf
sefa_guided_raw,SEFA,1,S5,5,8000,5,5,4926,0.003039452018167705,239.55745026390582,-inf
sefa_guided_raw,SEFA,1,S5,5,8000,6,6,4926,0.005711561149676189,450.16240357287853,-inf
sefa_guided_raw,SEFA,1,S5,5,8000,7,7,4926,0.002179547188771405,171.78319123020708,-inf
sefa_guided_raw,SEFA,1,S5,5,8000,8,8,4926,0.00048817299112533386,38.47584246853432,-inf
sefa_guided_raw,SEFA,1,S5,5,8000,9,9,4926,0.0005465275026955996,43.07511165245637,-inf
sefa_guided_raw,SEFA,1,S5,5,8000,10,a,4926,0.00028384977900289265,22.37190418189199,-inf
sefa_guided_raw,SEFA,1,S5,5,8000,11,b,4926,0.00039792131009505,31.36256597645146,-inf
sefa_guided_raw,SEFA,1,S5,5,8000,12,c,4926,0.00039643772081784,31.245635403978877,-inf
sefa_guided_raw,SEFA,1,S5,5,8000,13,d,4926,0.0019277491197782393,151.9374746244417,-inf
sefa_guided_raw,SEFA,1,S5,5,8000,14,e,4926,0.0015524834542705855,122.36053593179047,-inf
sefa_guided_raw,SEFA,1,S5,5,8000,15,f,4926,0.0006784845267407901,53.475436459602115,-inf
sefa_guided_threshold,SEFA,0,S0,0,250,0,0,149,0.006550943651186882,15.617449664429527,-inf
sefa_guided_threshold,SEFA,0,S0,0,250,1,1,149,0.0070914598441511635,16.906040268456373,-inf
sefa_guided_threshold,SEFA,0,S0,0,250,2,2,149,0.005199653168776181,12.395973154362416,-inf
sefa_guided_threshold,SEFA,0,S0,0,250,3,3,149,0.012046191612990403,28.71812080536912,-inf
sefa_guided_threshold,SEFA,0,S0,0,250,4,4,149,0.015379374802936805,36.664429530201346,-inf
sefa_guided_threshold,SEFA,0,S0,0,250,5,5,149,0.004659136975811901,11.107382550335572,-inf
sefa_guided_threshold,SEFA,0,S0,0,250,6,6,149,0.007361717940633304,17.550335570469798,-inf
sefa_guided_threshold,SEFA,0,S0,0,250,7,7,149,0.01321731003107968,31.510067114093957,-inf
sefa_guided_threshold,SEFA,0,S0,0,250,8,8,149,0.007181545876311878,17.120805369127517,-inf
sefa_guided_threshold,SEFA,0,S0,0,250,9,9,149,0.014208256384847528,33.87248322147651,-inf
sefa_guided_threshold,SEFA,0,S0,0,250,10,a,149,0.005469911265258321,13.040268456375838,-inf
sefa_guided_threshold,SEFA,0,S0,0,250,11,b,149,0.0079923201657583,19.053691275167786,-inf
sefa_guided_threshold,SEFA,0,S0,0,250,12,c,149,0.006010427458222602,14.328859060402683,-inf
sefa_guided_threshold,SEFA,0,S0,0,250,13,d,149,0.012046191612990406,28.71812080536913,-inf
sefa_guided_threshold,SEFA,0,S0,0,250,14,e,149,0.009073352551686861,21.630872483221477,-inf
sefa_guided_threshold,SEFA,0,S0,0,250,15,f,149,0.01168584748434755,27.859060402684563,-inf
sefa_guided_threshold,SEFA,0,S0,0,500,0,0,302,0.004097956229989912,19.801324503311257,-inf
sefa_guided_threshold,SEFA,0,S0,0,500,1,1,302,0.005172470505679575,24.993377483443705,-inf
sefa_guided_threshold,SEFA,0,S0,0,500,2,2,302,0.0028260821893776587,13.655629139072847,-inf
sefa_guided_threshold,SEFA,0,S0,0,500,3,3,302,0.005611047761063111,27.112582781456954,-inf
sefa_guided_threshold,SEFA,0,S0,0,500,4,4,302,0.009207381255208105,44.49006622516556,-inf
sefa_guided_threshold,SEFA,0,S0,0,500,5,5,302,0.005391759133371344,26.052980132450333,-inf
sefa_guided_threshold,SEFA,0,S0,0,500,6,6,302,0.00534790140783299,25.841059602649008,-inf
sefa_guided_threshold,SEFA,0,S0,0,500,7,7,302,0.004711964387526862,22.768211920529797,-inf
sefa_guided_threshold,SEFA,0,S0,0,500,8,8,302,0.004997039603526161,24.14569536423841,-inf
sefa_guided_threshold,SEFA,0,S0,0,500,9,9,302,0.00541368799614052,26.158940397350992,-inf
sefa_guided_threshold,SEFA,0,S0,0,500,10,a,302,0.002760295601070129,13.337748344370862,-inf
sefa_guided_threshold,SEFA,0,S0,0,500,11,b,302,0.002848011052146836,13.761589403973511,-inf
sefa_guided_threshold,SEFA,0,S0,0,500,12,c,302,0.004076027367220737,19.6953642384106,-inf
sefa_guided_threshold,SEFA,0,S0,0,500,13,d,302,0.005545261172755581,26.794701986754966,-inf
sefa_guided_threshold,SEFA,0,S0,0,500,14,e,302,0.0038567387395289678,18.635761589403973,-inf
sefa_guided_threshold,SEFA,0,S0,0,500,15,f,302,0.005150541642910399,24.88741721854305,-inf
sefa_guided_threshold,SEFA,0,S0,0,1000,0,0,578,0.001968816225859364,18.2076124567474,-inf
sefa_guided_threshold,SEFA,0,S0,0,1000,1,1,578,0.00205262748290849,18.982698961937718,-inf
sefa_guided_threshold,SEFA,0,S0,0,1000,2,2,578,0.0014898947570072202,13.778546712802772,-inf
sefa_guided_threshold,SEFA,0,S0,0,1000,3,3,578,0.0029685647920882174,27.453287197231834,-inf
sefa_guided_threshold,SEFA,0,S0,0,1000,4,4,578,0.007727846888806407,71.46712802768165,-inf
sefa_guided_threshold,SEFA,0,S0,0,1000,5,5,578,0.00307632212257995,28.44982698961938,-inf
sefa_guided_threshold,SEFA,0,S0,0,1000,6,6,578,0.0029086996084816993,26.899653979238757,-inf
sefa_guided_threshold,SEFA,0,S0,0,1000,7,7,578,0.003890488619628597,35.979238754325266,-inf
sefa_guided_threshold,SEFA,0,S0,0,1000,8,8,578,0.0029685647920882174,27.453287197231834,-inf
sefa_guided_threshold,SEFA,0,S0,0,1000,9,9,578,0.003710893068809042,34.31833910034602,-inf
sefa_guided_threshold,SEFA,0,S0,0,1000,10,a,578,0.0020286814094658827,18.761245674740483,-inf
sefa_guided_threshold,SEFA,0,S0,0,1000,11,b,578,0.0021843308868428296,20.200692041522487,-inf
sefa_guided_threshold,SEFA,0,S0,0,1000,12,c,578,0.0024058320661869475,22.24913494809689,-inf
sefa_guided_threshold,SEFA,0,S0,0,1000,13,d,578,0.002627333245531064,24.29757785467128,-inf
sefa_guided_threshold,SEFA,0,S0,0,1000,14,e,578,0.0015078543120891751,13.944636678200691,-inf
sefa_guided_threshold,SEFA,0,S0,0,1000,15,f,578,0.0025914141353671535,23.965397923875436,-inf
sefa_guided_threshold,SEFA,0,S0,0,1500,0,0,882,0.0017453504455448095,24.63038548752835,-inf
sefa_guided_threshold,SEFA,0,S0,0,1500,1,1,882,0.0018944652691008372,26.734693877551013,-inf
sefa_guided_threshold,SEFA,0,S0,0,1500,2,2,882,0.0012877221939418247,18.17233560090703,-inf
sefa_guided_threshold,SEFA,0,S0,0,1500,3,3,882,0.0019510260642427793,27.5328798185941,-inf
sefa_guided_threshold,SEFA,0,S0,0,1500,4,4,882,0.007625102195073041,107.60544217687075,-inf
sefa_guided_threshold,SEFA,0,S0,0,1500,5,5,882,0.0028380021698777777,40.049886621315196,-inf
sefa_guided_threshold,SEFA,0,S0,0,1500,6,6,882,0.002493495508558677,35.18820861678005,-inf
sefa_guided_threshold,SEFA,0,S0,0,1500,7,7,882,0.0033007723119482107,46.58049886621315,-inf
sefa_guided_threshold,SEFA,0,S0,0,1500,8,8,882,0.0007915297638329706,11.170068027210881,-inf
sefa_guided_threshold,SEFA,0,S0,0,1500,9,9,882,0.0014445498531990275,20.385487528344676,-inf
sefa_guided_threshold,SEFA,0,S0,0,1500,10,a,882,0.00107433373954268,15.1609977324263,-inf
sefa_guided_threshold,SEFA,0,S0,0,1500,11,b,882,0.0008660871756109851,12.222222222222223,-inf
sefa_guided_threshold,SEFA,0,S0,0,1500,12,c,882,0.0021618435734081995,30.50793650793651,-inf
sefa_guided_threshold,SEFA,0,S0,0,1500,13,d,882,0.0015628133339503606,22.05442176870749,-inf
sefa_guided_threshold,SEFA,0,S0,0,1500,14,e,882,0.001333999208148868,18.825396825396822,-inf
sefa_guided_threshold,SEFA,0,S0,0,1500,15,f,882,0.002352093520703822,33.192743764172334,-inf
sefa_guided_threshold,SEFA,0,S0,0,2000,0,0,1149,0.001509192539620861,27.744995648389907,-inf
sefa_guided_threshold,SEFA,0,S0,0,2000,1,1,1149,0.001603117631330381,29.471714534377725,-inf
sefa_guided_threshold,SEFA,0,S0,0,2000,2,2,1149,0.0016818935146996551,30.91993037423846,-inf
sefa_guided_threshold,SEFA,0,S0,0,2000,3,3,1149,0.00218333231076177,40.13838120104438,-inf
sefa_guided_threshold,SEFA,0,S0,0,2000,4,4,1149,0.00703713866297632,129.37075718015666,-inf
sefa_guided_threshold,SEFA,0,S0,0,2000,5,5,1149,0.0028392930318943852,52.19756309834638,-inf
sefa_guided_threshold,SEFA,0,S0,0,2000,6,6,1149,0.0024499583775500853,45.04003481288077,-inf
sefa_guided_threshold,SEFA,0,S0,0,2000,7,7,1149,0.0030680460778320876,56.402959094865096,-inf
sefa_guided_threshold,SEFA,0,S0,0,2000,8,8,1149,0.0005805460683638325,10.672758920800698,-inf
sefa_guided_threshold,SEFA,0,S0,0,2000,9,9,1149,0.0012562007603387662,23.093994778067877,-inf
sefa_guided_threshold,SEFA,0,S0,0,2000,10,a,1149,0.0008395975309820246,15.435161009573541,-inf
sefa_guided_threshold,SEFA,0,S0,0,2000,11,b,1149,0.000710829260089941,13.067885117493475,-inf
sefa_guided_threshold,SEFA,0,S0,0,2000,12,c,1149,0.0016864382772017292,31.00348128807659,-inf
sefa_guided_threshold,SEFA,0,S0,0,2000,13,d,1149,0.0011016788352682663,20.253263707571808,-inf
sefa_guided_threshold,SEFA,0,S0,0,2000,14,e,1149,0.0007729410142849459,14.209747606614446,-inf
sefa_guided_threshold,SEFA,0,S0,0,2000,15,f,1149,0.0022651380357990936,41.64229765013054,-inf
sefa_guided_threshold,SEFA,0,S0,0,3000,0,0,1716,0.0012262892507647755,33.668997668997676,-inf
sefa_guided_threshold,SEFA,0,S0,0,3000,1,1,1716,0.0013315647056905797,36.55944055944055,-inf
sefa_guided_threshold,SEFA,0,S0,0,3000,2,2,1716,0.000966156997625529,26.526806526806524,-inf
sefa_guided_threshold,SEFA,0,S0,0,3000,3,3,1716,0.0014755543601697447,40.51282051282051,-inf
sefa_guided_threshold,SEFA,0,S0,0,3000,4,4,1716,0.007192351160882629,197.47319347319345,-inf
sefa_guided_threshold,SEFA,0,S0,0,3000,5,5,1716,0.0028502480425557346,78.25641025641025,-inf
sefa_guided_threshold,SEFA,0,S0,0,3000,6,6,1716,0.00248959470987443,68.35431235431236,-inf
sefa_guided_threshold,SEFA,0,S0,0,3000,7,7,1716,0.003623173640656158,99.47785547785547,-inf
sefa_guided_threshold,SEFA,0,S0,0,3000,8,8,1716,0.0003324666786205245,9.12820512820512,-inf
sefa_guided_threshold,SEFA,0,S0,0,3000,9,9,1716,0.0007189294776707365,19.738927738927742,-inf
sefa_guided_threshold,SEFA,0,S0,0,3000,10,a,1716,0.0004180454355279533,11.477855477855487,-inf
sefa_guided_threshold,SEFA,0,S0,0,3000,11,b,1716,0.0002951108720339488,8.102564102564099,-inf
sefa_guided_threshold,SEFA,0,S0,0,3000,12,c,1716,0.0016901804489217076,46.40559440559441,-inf
sefa_guided_threshold,SEFA,0,S0,0,3000,13,d,1716,0.0006686689378997072,18.35897435897436,-inf
sefa_guided_threshold,SEFA,0,S0,0,3000,14,e,1716,0.0007773403752424728,21.342657342657333,-inf
sefa_guided_threshold,SEFA,0,S0,0,3000,15,f,1716,0.0021513548611450713,59.067599067599076,-inf
sefa_guided_threshold,SEFA,0,S0,0,4000,0,0,2287,0.0011599444513379462,42.44468736335813,-inf
sefa_guided_threshold,SEFA,0,S0,0,4000,1,1,2287,0.0009928434303583555,36.33012680367295,-inf
sefa_guided_threshold,SEFA,0,S0,0,4000,2,2,2287,0.0011515320429591105,42.13686051595977,-inf
sefa_guided_threshold,SEFA,0,S0,0,4000,3,3,2287,0.0012012417288340459,43.9558373414954,-inf
sefa_guided_threshold,SEFA,0,S0,0,4000,4,4,2287,0.007487987463217223,274.00043725404464,-inf
sefa_guided_threshold,SEFA,0,S0,0,4000,5,5,2287,0.0025009588233640876,91.5150852645387,-inf
sefa_guided_threshold,SEFA,0,S0,0,4000,6,6,2287,0.002427541441148798,88.82859641451682,-inf
sefa_guided_threshold,SEFA,0,S0,0,4000,7,7,2287,0.0032072187449872086,117.35854831657194,-inf
sefa_guided_threshold,SEFA,0,S0,0,4000,8,8,2287,0.000337057959008246,12.333624836029738,-inf
sefa_guided_threshold,SEFA,0,S0,0,4000,9,9,2287,0.0009469575664737994,34.65107127240927,-inf
sefa_guided_threshold,SEFA,0,S0,0,4000,10,a,2287,0.0004896284564243939,17.916484477481422,-inf
sefa_guided_threshold,SEFA,0,S0,0,4000,11,b,2287,0.0003645894773389791,13.341058154787923,-inf
sefa_guided_threshold,SEFA,0,S0,0,4000,12,c,2287,0.0015461504723662902,56.57673808482729,-inf
sefa_guided_threshold,SEFA,0,S0,0,4000,13,d,2287,0.0007500307339692477,27.445124617402712,-inf
sefa_guided_threshold,SEFA,0,S0,0,4000,14,e,2287,0.0005003351579974568,18.308264101442937,-inf
sefa_guided_threshold,SEFA,0,S0,0,4000,15,f,2287,0.0020589250012762,75.34018364669872,-inf
sefa_guided_threshold,SEFA,0,S0,0,6000,0,0,3410,0.0008049251382427053,43.916715542522006,-inf
sefa_guided_threshold,SEFA,0,S0,0,6000,1,1,3410,0.0008107730411675165,44.235777126099705,-inf
sefa_guided_threshold,SEFA,0,S0,0,6000,2,2,3410,0.0010097737377559534,55.09325513196482,-inf
sefa_guided_threshold,SEFA,0,S0,0,6000,3,3,3410,0.0008489564073236388,46.319061583577735,-inf
sefa_guided_threshold,SEFA,0,S0,0,6000,4,4,3410,0.006819665293556126,372.08093841642227,-inf
sefa_guided_threshold,SEFA,0,S0,0,6000,5,5,3410,0.002380074990755154,129.8568914956012,-inf
sefa_guided_threshold,SEFA,0,S0,0,6000,6,6,3410,0.0022429932663117786,122.37771260997064,-inf
sefa_guided_threshold,SEFA,0,S0,0,6000,7,7,3410,0.003325199301691592,181.42287390029324,-inf
sefa_guided_threshold,SEFA,0,S0,0,6000,8,8,3410,0.00024163448886748486,13.183577712609974,-inf
sefa_guided_threshold,SEFA,0,S0,0,6000,9,9,3410,0.0008651241389392935,47.201173020527854,-inf
sefa_guided_threshold,SEFA,0,S0,0,6000,10,a,3410,0.000481742503074449,26.28387096774194,-inf
sefa_guided_threshold,SEFA,0,S0,0,6000,11,b,3410,0.00026175815481463004,14.281524926686215,-inf
sefa_guided_threshold,SEFA,0,S0,0,6000,12,c,3410,0.0016196756133848179,88.36950146627566,-inf
sefa_guided_threshold,SEFA,0,S0,0,6000,13,d,3410,0.0006122883360136222,33.406451612903226,-inf
sefa_guided_threshold,SEFA,0,S0,0,6000,14,e,3410,0.00044046318831107397,24.031671554252195,-inf
sefa_guided_threshold,SEFA,0,S0,0,6000,15,f,3410,0.0018319200901265045,99.94956011730208,-inf
sefa_guided_threshold,SEFA,0,S0,0,8000,0,0,4507,0.0008361835537343508,60.2988684268915,-inf
sefa_guided_threshold,SEFA,0,S0,0,8000,1,1,4507,0.0007949292841266716,57.323940536942544,-inf
sefa_guided_threshold,SEFA,0,S0,0,8000,2,2,4507,0.0008045782541065104,58.01974706012868,-inf
sefa_guided_threshold,SEFA,0,S0,0,8000,3,3,4507,0.000678255514472495,48.91036165964056,-inf
sefa_guided_threshold,SEFA,0,S0,0,8000,4,4,4507,0.006367701741870461,459.1877080097627,-inf
sefa_guided_threshold,SEFA,0,S0,0,8000,5,5,4507,0.0021018724220081384,151.57022409585088,-inf
sefa_guided_threshold,SEFA,0,S0,0,8000,6,6,4507,0.0018855582684805222,135.9713778566674,-inf
sefa_guided_threshold,SEFA,0,S0,0,8000,7,7,4507,0.0029488156849323804,212.6449966718438,-inf
sefa_guided_threshold,SEFA,0,S0,0,8000,8,8,4507,0.0002417873112007951,17.435766585311736,-inf
sefa_guided_threshold,SEFA,0,S0,0,8000,9,9,4507,0.0006358197383366721,45.8502329709341,-inf
sefa_guided_threshold,SEFA,0,S0,0,8000,10,a,4507,0.0002853061349874161,20.57399600621255,-inf
sefa_guided_threshold,SEFA,0,S0,0,8000,11,b,4507,0.00032872649989669196,23.70512536055025,-inf
sefa_guided_threshold,SEFA,0,S0,0,8000,12,c,4507,0.0014440686624642121,104.13467938761927,-inf
sefa_guided_threshold,SEFA,0,S0,0,8000,13,d,4507,0.0005248565835685229,37.84845795429332,-inf
sefa_guided_threshold,SEFA,0,S0,0,8000,14,e,4507,0.00031897907103950766,23.002218770800976,-inf
sefa_guided_threshold,SEFA,0,S0,0,8000,15,f,4507,0.0017413160131696623,125.56978034169069,-inf
sefa_guided_threshold,SEFA,0,S5,5,250,0,0,159,0.00937215695581662,23.84276729559748,-inf
sefa_guided_threshold,SEFA,0,S5,5,250,1,1,159,0.005574838811755864,14.182389937106919,-inf
sefa_guided_threshold,SEFA,0,S5,5,250,2,2,159,0.010321486491831813,26.25786163522013,-inf
sefa_guided_threshold,SEFA,0,S5,5,250,3,3,159,0.004071733713065149,10.358490566037739,-inf
sefa_guided_threshold,SEFA,0,S5,5,250,4,4,159,0.003913512123729283,9.955974842767295,-inf
sefa_guided_threshold,SEFA,0,S5,5,250,5,5,159,0.00415084450773308,10.559748427672956,-inf
sefa_guided_threshold,SEFA,0,S5,5,250,6,6,159,0.005653949606423795,14.383647798742134,-inf
sefa_guided_threshold,SEFA,0,S5,5,250,7,7,159,0.00510017404374827,12.974842767295598,-inf
sefa_guided_threshold,SEFA,0,S5,5,250,8,8,159,0.00771083026779004,19.61635220125786,-inf
sefa_guided_threshold,SEFA,0,S5,5,250,9,9,159,0.007157054705114513,18.20754716981132,-inf
sefa_guided_threshold,SEFA,0,S5,5,250,10,a,159,0.0028059609983782275,7.138364779874211,-inf
sefa_guided_threshold,SEFA,0,S5,5,250,11,b,159,0.009134824571812824,23.238993710691826,-inf
sefa_guided_threshold,SEFA,0,S5,5,250,12,c,159,0.005891281990427594,14.9874213836478,-inf
sefa_guided_threshold,SEFA,0,S5,5,250,13,d,159,0.0020939638463668363,5.327044025157232,-inf
sefa_guided_threshold,SEFA,0,S5,5,250,14,e,159,0.0083437166251335,21.226415094339625,-inf
sefa_guided_threshold,SEFA,0,S5,5,250,15,f,159,0.0023312962303706332,5.930817610062891,-inf
sefa_guided_threshold,SEFA,0,S5,5,500,0,0,294,0.006082535054838262,28.612244897959187,-inf
sefa_guided_threshold,SEFA,0,S5,5,500,1,1,294,0.0038612383729001807,18.16326530612245,-inf
sefa_guided_threshold,SEFA,0,S5,5,500,2,2,294,0.00619822759035587,29.15646258503401,-inf
sefa_guided_threshold,SEFA,0,S5,5,500,3,3,294,0.003514160766347355,16.53061224489796,-inf
sefa_guided_threshold,SEFA,0,S5,5,500,4,4,294,0.0029356980887593133,13.80952380952381,-inf
sefa_guided_threshold,SEFA,0,S5,5,500,5,5,294,0.0022415428756536633,10.544217687074832,-inf
sefa_guided_threshold,SEFA,0,S5,5,500,6,6,294,0.004254592993660049,20.01360544217687,-inf
sefa_guided_threshold,SEFA,0,S5,5,500,7,7,294,0.003236498681105095,15.224489795918368,-inf
sefa_guided_threshold,SEFA,0,S5,5,500,8,8,294,0.004254592993660048,20.013605442176868,-inf
sefa_guided_threshold,SEFA,0,S5,5,500,9,9,294,0.0027043130177240964,12.72108843537415,-inf
sefa_guided_threshold,SEFA,0,S5,5,500,10,a,294,0.0022878198898607064,10.761904761904763,-inf
sefa_guided_threshold,SEFA,0,S5,5,500,11,b,294,0.006290781618769958,29.59183673469388,-inf
sefa_guided_threshold,SEFA,0,S5,5,500,12,c,294,0.0026117589893100094,12.285714285714285,-inf
sefa_guided_threshold,SEFA,0,S5,5,500,13,d,294,0.0034447452450367894,16.204081632653057,-inf
sefa_guided_threshold,SEFA,0,S5,5,500,14,e,294,0.003606714794761443,16.965986394557827,-inf
sefa_guided_threshold,SEFA,0,S5,5,500,15,f,294,0.0020795733259290116,9.78231292517007,-inf
sefa_guided_threshold,SEFA,0,S5,5,1000,0,0,596,0.003910296833475969,37.288590604026844,-inf
sefa_guided_threshold,SEFA,0,S5,5,1000,1,1,596,0.001534277735237152,14.630872483221482,-inf
sefa_guided_threshold,SEFA,0,S5,5,1000,2,2,596,0.002457659564884464,23.436241610738247,-inf
sefa_guided_threshold,SEFA,0,S5,5,1000,3,3,596,0.0036569298680239628,34.87248322147651,-inf
sefa_guided_threshold,SEFA,0,S5,5,1000,4,4,596,0.002063533174181343,19.677852348993287,-inf
sefa_guided_threshold,SEFA,0,S5,5,1000,5,5,596,0.001686297914508356,16.080536912751683,-inf
sefa_guided_threshold,SEFA,0,S5,5,1000,6,6,596,0.0017876447006891583,17.046979865771814,-inf
sefa_guided_threshold,SEFA,0,S5,5,1000,7,7,596,0.0021254673212918332,20.268456375838923,-inf
sefa_guided_threshold,SEFA,0,S5,5,1000,8,8,596,0.0043269447322192706,41.26174496644296,-inf
sefa_guided_threshold,SEFA,0,S5,5,1000,9,9,596,0.0026716138912661596,25.4765100671141,-inf
sefa_guided_threshold,SEFA,0,S5,5,1000,10,a,596,0.0026885050222962927,25.637583892617446,-inf
sefa_guided_threshold,SEFA,0,S5,5,1000,11,b,596,0.0059710148191522905,56.939597315436245,-inf
sefa_guided_threshold,SEFA,0,S5,5,1000,12,c,596,0.0026828746452862485,25.583892617449667,-inf
sefa_guided_threshold,SEFA,0,S5,5,1000,13,d,596,0.0030995225440295475,29.557046979865763,-inf
sefa_guided_threshold,SEFA,0,S5,5,1000,14,e,596,0.002970023872798523,28.322147651006716,-inf
sefa_guided_threshold,SEFA,0,S5,5,1000,15,f,596,0.0028067429395072295,26.76510067114094,-inf
sefa_guided_threshold,SEFA,0,S5,5,1500,0,0,912,0.0025801208064019704,37.64912280701755,-inf
sefa_guided_threshold,SEFA,0,S5,5,1500,1,1,912,0.0011301554324407513,16.491228070175442,-inf
sefa_guided_threshold,SEFA,0,S5,5,1500,2,2,912,0.001692828562634657,24.701754385964914,-inf
sefa_guided_threshold,SEFA,0,S5,5,1500,3,3,912,0.002520006155740228,36.771929824561404,-inf
sefa_guided_threshold,SEFA,0,S5,5,1500,4,4,912,0.001536530470914128,22.421052631578956,-inf
sefa_guided_threshold,SEFA,0,S5,5,1500,5,5,912,0.0015028662665435518,21.929824561403507,-inf
sefa_guided_threshold,SEFA,0,S5,5,1500,6,6,912,0.0011325600184672207,16.526315789473685,-inf
sefa_guided_threshold,SEFA,0,S5,5,1500,7,7,912,0.0012407663896583567,18.10526315789474,-inf
sefa_guided_threshold,SEFA,0,S5,5,1500,8,8,912,0.0031596260387811636,46.10526315789474,-inf
sefa_guided_threshold,SEFA,0,S5,5,1500,9,9,912,0.0019068367189904593,27.82456140350878,-inf
sefa_guided_threshold,SEFA,0,S5,5,1500,10,a,912,0.001397064481378886,20.385964912280702,-inf
sefa_guided_threshold,SEFA,0,S5,5,1500,11,b,912,0.00477550784856879,69.68421052631578,-inf
sefa_guided_threshold,SEFA,0,S5,5,1500,12,c,912,0.0014331332717759313,20.91228070175439,-inf
sefa_guided_threshold,SEFA,0,S5,5,1500,13,d,912,0.001709660664819945,24.947368421052637,-inf
sefa_guided_threshold,SEFA,0,S5,5,1500,14,e,912,0.0023204255155432445,33.85964912280702,-inf
sefa_guided_threshold,SEFA,0,S5,5,1500,15,f,912,0.0023613034779932296,34.456140350877206,-inf
sefa_guided_threshold,SEFA,0,S5,5,2000,0,0,1210,0.0022756300799125742,44.05619834710744,-inf
sefa_guided_threshold,SEFA,0,S5,5,2000,1,1,1210,0.0008836486578785602,17.107438016528928,-inf
sefa_guided_threshold,SEFA,0,S5,5,2000,2,2,1210,0.0014792363909569015,28.63801652892561,-inf
sefa_guided_threshold,SEFA,0,S5,5,2000,3,3,1210,0.0022442114609657815,43.44793388429753,-inf
sefa_guided_threshold,SEFA,0,S5,5,2000,4,4,1210,0.0013180452154907452,25.517355371900827,-inf
sefa_guided_threshold,SEFA,0,S5,5,2000,5,5,1210,0.0010639642100949388,20.598347107438016,-inf
sefa_guided_threshold,SEFA,0,S5,5,2000,6,6,1210,0.0006090772488218016,11.791735537190078,-inf
sefa_guided_threshold,SEFA,0,S5,5,2000,7,7,1210,0.001043473806433987,20.201652892561988,-inf
sefa_guided_threshold,SEFA,0,S5,5,2000,8,8,1210,0.003125298818386722,60.50578512396694,-inf
sefa_guided_threshold,SEFA,0,S5,5,2000,9,9,1210,0.0020666279625708626,40.0099173553719,-inf
sefa_guided_threshold,SEFA,0,S5,5,2000,10,a,1210,0.0015393415750290284,29.80165289256199,-inf
sefa_guided_threshold,SEFA,0,S5,5,2000,11,b,1210,0.0048314664298886685,93.53719008264463,-inf
sefa_guided_threshold,SEFA,0,S5,5,2000,12,c,1210,0.0013002868656512528,25.173553719008254,-inf
sefa_guided_threshold,SEFA,0,S5,5,2000,13,d,1210,0.001480602417867632,28.664462809917353,-inf
sefa_guided_threshold,SEFA,0,S5,5,2000,14,e,1210,0.0023630558021993037,45.74876033057852,-inf
sefa_guided_threshold,SEFA,0,S5,5,2000,15,f,1210,0.0018466976299433102,35.75206611570248,-inf
sefa_guided_threshold,SEFA,0,S5,5,3000,0,0,1819,0.0018343535540947201,53.387025838372736,-inf
sefa_guided_threshold,SEFA,0,S5,5,3000,1,1,1819,0.0006586868921629576,19.170423309510717,-inf
sefa_guided_threshold,SEFA,0,S5,5,3000,2,2,1819,0.0009506390760771176,27.66739967014843,-inf
sefa_guided_threshold,SEFA,0,S5,5,3000,3,3,1819,0.0018833144793474052,54.81198460692688,-inf
sefa_guided_threshold,SEFA,0,S5,5,3000,4,4,1819,0.0009034915184263839,26.295217152281477,-inf
sefa_guided_threshold,SEFA,0,S5,5,3000,5,5,1819,0.0009198118268439451,26.770203408466177,-inf
sefa_guided_threshold,SEFA,0,S5,5,3000,6,6,1819,0.0005879655556868569,17.112149532710283,-inf
sefa_guided_threshold,SEFA,0,S5,5,3000,7,7,1819,0.00046102982355026575,13.417811984606935,-inf
sefa_guided_threshold,SEFA,0,S5,5,3000,8,8,1819,0.0027301571494586646,79.45849367784497,-inf
sefa_guided_threshold,SEFA,0,S5,5,3000,9,9,1819,0.0014378305051347012,41.84661902144034,-inf
sefa_guided_threshold,SEFA,0,S5,5,3000,10,a,1819,0.0014196968291151886,41.31885651456845,-inf
sefa_guided_threshold,SEFA,0,S5,5,3000,11,b,1819,0.004675900586352415,136.08741066520068,-inf
sefa_guided_threshold,SEFA,0,S5,5,3000,12,c,1819,0.0010080623834722428,29.338647608576153,-inf
sefa_guided_threshold,SEFA,0,S5,5,3000,13,d,1819,0.0009959732661259004,28.986805937328207,-inf
sefa_guided_threshold,SEFA,0,S5,5,3000,14,e,1819,0.0015599305903327557,45.40021990104452,-inf
sefa_guided_threshold,SEFA,0,S5,5,3000,15,f,1819,0.0012057194520849342,35.09125893347993,-inf
sefa_guided_threshold,SEFA,0,S5,5,4000,0,0,2441,0.0017407016150592742,67.98484227775502,-inf
sefa_guided_threshold,SEFA,0,S5,5,4000,1,1,2441,0.0006696232647213273,26.15280622695616,-inf
sefa_guided_threshold,SEFA,0,S5,5,4000,2,2,2441,0.0008673246587511145,33.87423187218353,-inf
sefa_guided_threshold,SEFA,0,S5,5,4000,3,3,2441,0.0015943555916348479,62.26915198689062,-inf
sefa_guided_threshold,SEFA,0,S5,5,4000,4,4,2441,0.000679357289215154,26.532978287587056,-inf
sefa_guided_threshold,SEFA,0,S5,5,4000,5,5,2441,0.0010002444414944011,39.06554690700533,-inf
sefa_guided_threshold,SEFA,0,S5,5,4000,6,6,2441,0.0005746326119022614,22.442851290454723,-inf
sefa_guided_threshold,SEFA,0,S5,5,4000,7,7,2441,0.0004272796204267497,16.687832855387136,-inf
sefa_guided_threshold,SEFA,0,S5,5,4000,8,8,2441,0.002738606953685008,106.95903318312166,-inf
sefa_guided_threshold,SEFA,0,S5,5,4000,9,9,2441,0.001635976937746382,63.8947152806227,-inf
sefa_guided_threshold,SEFA,0,S5,5,4000,10,a,2441,0.0019065156874713534,74.46087668988118,-inf
sefa_guided_threshold,SEFA,0,S5,5,4000,11,b,2441,0.005051948223045437,197.30888979926257,-inf
sefa_guided_threshold,SEFA,0,S5,5,4000,12,c,2441,0.000840136521371806,32.81237197869726,-inf
sefa_guided_threshold,SEFA,0,S5,5,4000,13,d,2441,0.001049921532014619,41.00573535436296,-inf
sefa_guided_threshold,SEFA,0,S5,5,4000,14,e,2441,0.0015178260197523494,59.28021302744776,-inf
sefa_guided_threshold,SEFA,0,S5,5,4000,15,f,2441,0.0012221130687502402,47.73084801310938,-inf
sefa_guided_threshold,SEFA,0,S5,5,6000,0,0,3677,0.00226802450591254,133.43241773184656,-inf
sefa_guided_threshold,SEFA,0,S5,5,6000,1,1,3677,0.0005168836867801073,30.40930106064727,-inf
sefa_guided_threshold,SEFA,0,S5,5,6000,2,2,3677,0.0006991277727043478,41.13108512374219,-inf
sefa_guided_threshold,SEFA,0,S5,5,6000,3,3,3677,0.0017659657172543657,103.89529507750885,-inf
sefa_guided_threshold,SEFA,0,S5,5,6000,4,4,3677,0.0009045961455523752,53.21920043513734,-inf
sefa_guided_threshold,SEFA,0,S5,5,6000,5,5,3677,0.0004812336667251216,28.31193908077235,-inf
sefa_guided_threshold,SEFA,0,S5,5,6000,6,6,3677,0.0005196942692740686,30.574653249932002,-inf
sefa_guided_threshold,SEFA,0,S5,5,6000,7,7,3677,0.0002553515894472687,15.022844710361712,-inf
sefa_guided_threshold,SEFA,0,S5,5,6000,8,8,3677,0.002639613096693135,155.29371770465053,-inf
sefa_guided_threshold,SEFA,0,S5,5,6000,9,9,3677,0.0013393488797498936,78.79657329344573,-inf
sefa_guided_threshold,SEFA,0,S5,5,6000,10,a,3677,0.0015202616371243628,89.44003263530051,-inf
sefa_guided_threshold,SEFA,0,S5,5,6000,11,b,3677,0.005339399470234785,314.1275496328529,-inf
sefa_guided_threshold,SEFA,0,S5,5,6000,12,c,3677,0.0005270905389950201,31.00979059015502,-inf
sefa_guided_threshold,SEFA,0,S5,5,6000,13,d,3677,0.0012048846962229988,70.88577644819146,-inf
sefa_guided_threshold,SEFA,0,S5,5,6000,14,e,3677,0.0008992708313532903,52.90590155017678,-inf
sefa_guided_threshold,SEFA,0,S5,5,6000,15,f,3677,0.0008437988084461555,49.64237149850422,-inf
sefa_guided_threshold,SEFA,0,S5,5,8000,0,0,4888,0.0021988449618424895,171.9672667757774,-inf
sefa_guided_threshold,SEFA,0,S5,5,8000,1,1,4888,0.0005394151413930642,42.186579378068764,-inf
sefa_guided_threshold,SEFA,0,S5,5,8000,2,2,4888,0.0007516152319317692,58.782324058919805,-inf
sefa_guided_threshold,SEFA,0,S5,5,8000,3,3,4888,0.0017367761256398653,135.82978723404258,-inf
sefa_guided_threshold,SEFA,0,S5,5,8000,4,4,4888,0.0008523161032998413,66.65793780687399,-inf
sefa_guided_threshold,SEFA,0,S5,5,8000,5,5,4888,0.00024392546896638567,19.07692307692309,-inf
sefa_guided_threshold,SEFA,0,S5,5,8000,6,6,4888,0.00042791592222243076,33.466448445171864,-inf
sefa_guided_threshold,SEFA,0,S5,5,8000,7,7,4888,0.00019562588228361102,15.29950900163665,-inf
sefa_guided_threshold,SEFA,0,S5,5,8000,8,8,4888,0.002686109942917757,210.07528641571193,-inf
sefa_guided_threshold,SEFA,0,S5,5,8000,9,9,4888,0.0012283329895719768,96.06546644844516,-inf
sefa_guided_threshold,SEFA,0,S5,5,8000,10,a,4888,0.0015897009544065298,124.32733224222588,-inf
sefa_guided_threshold,SEFA,0,S5,5,8000,11,b,4888,0.005543821536961488,433.57119476268406,-inf
sefa_guided_threshold,SEFA,0,S5,5,8000,12,c,4888,0.0005574123877306661,43.59410801963993,-inf
sefa_guided_threshold,SEFA,0,S5,5,8000,13,d,4888,0.0010440077038259296,81.6497545008183,-inf
sefa_guided_threshold,SEFA,0,S5,5,8000,14,e,4888,0.0006280620431210675,49.11947626841244,-inf
sefa_guided_threshold,SEFA,0,S5,5,8000,15,f,4888,0.0007881956814644771,61.64320785597382,-inf
sefa_guided_threshold,SEFA,1,S0,0,250,0,0,136,0.009839965397923875,21.41176470588235,-inf
sefa_guided_threshold,SEFA,1,S0,0,250,1,1,136,0.0030276816608996553,6.58823529411765,-inf
sefa_guided_threshold,SEFA,1,S0,0,250,2,2,136,0.006487889273356402,14.11764705882353,-inf
sefa_guided_threshold,SEFA,1,S0,0,250,3,3,136,0.006487889273356402,14.11764705882353,-inf
sefa_guided_threshold,SEFA,1,S0,0,250,4,4,136,0.0067041522491349485,14.588235294117649,-inf
sefa_guided_threshold,SEFA,1,S0,0,250,5,5,136,0.012110726643598614,26.352941176470583,-inf
sefa_guided_threshold,SEFA,1,S0,0,250,6,6,136,0.013408304498269897,29.176470588235297,-inf
sefa_guided_threshold,SEFA,1,S0,0,250,7,7,136,0.007352941176470588,16.0,-inf
sefa_guided_threshold,SEFA,1,S0,0,250,8,8,136,0.005406574394463667,11.76470588235294,-inf
sefa_guided_threshold,SEFA,1,S0,0,250,9,9,136,0.00865051903114187,18.823529411764707,-inf
sefa_guided_threshold,SEFA,1,S0,0,250,10,a,136,0.004433391003460207,9.647058823529411,-inf
sefa_guided_threshold,SEFA,1,S0,0,250,11,b,136,0.006920415224913495,15.058823529411764,-inf
sefa_guided_threshold,SEFA,1,S0,0,250,12,c,136,0.005947231833910035,12.941176470588236,-inf
sefa_guided_threshold,SEFA,1,S0,0,250,13,d,136,0.020112456747404847,43.76470588235295,
sefa_guided_threshold,SEFA,1,S0,0,250,14,e,136,0.010380622837370242,22.588235294117645,-inf
sefa_guided_threshold,SEFA,1,S0,0,250,15,f,136,0.010488754325259517,22.82352941176471,-inf
sefa_guided_threshold,SEFA,1,S0,0,500,0,0,282,0.009578869272169409,43.21985815602837,-inf
sefa_guided_threshold,SEFA,1,S0,0,500,1,1,282,0.0020339771641265537,9.17730496453901,-inf
sefa_guided_threshold,SEFA,1,S0,0,500,2,2,282,0.005605226095266838,25.290780141843975,-inf
sefa_guided_threshold,SEFA,1,S0,0,500,3,3,282,0.004347744077259696,19.617021276595747,-inf
sefa_guided_threshold,SEFA,1,S0,0,500,4,4,282,0.0022351742870076966,10.085106382978728,-inf
sefa_guided_threshold,SEFA,1,S0,0,500,5,5,282,0.006158518183189982,27.7872340425532,-inf
sefa_guided_threshold,SEFA,1,S0,0,500,6,6,282,0.009729767114330264,43.90070921985815,-inf
sefa_guided_threshold,SEFA,1,S0,0,500,7,7,282,0.005278280770584981,23.815602836879435,-inf
sefa_guided_threshold,SEFA,1,S0,0,500,8,8,282,0.00412139731401841,18.595744680851066,-inf
sefa_guided_threshold,SEFA,1,S0,0,500,9,9,282,0.004976485086263267,22.45390070921986,-inf
sefa_guided_threshold,SEFA,1,S0,0,500,10,a,282,0.0043980433579799815,19.843971631205676,-inf
sefa_guided_threshold,SEFA,1,S0,0,500,11,b,282,0.0050267843669835515,22.680851063829785,-inf
sefa_guided_threshold,SEFA,1,S0,0,500,12,c,282,0.0038950505507771237,17.574468085106382,-inf
sefa_guided_threshold,SEFA,1,S0,0,500,13,d,282,0.010886650570896838,49.12056737588653,
sefa_guided_threshold,SEFA,1,S0,0,500,14,e,282,0.0061585181831899805,27.78723404255319,-inf
sefa_guided_threshold,SEFA,1,S0,0,500,15,f,282,0.0024363714098888387,10.99290780141844,-inf
sefa_guided_threshold,SEFA,1,S0,0,1000,0,0,560,0.003322704081632653,29.771428571428572,-inf
sefa_guided_threshold,SEFA,1,S0,0,1000,1,1,560,0.0008482142857142859,7.600000000000001,-inf
sefa_guided_threshold,SEFA,1,S0,0,1000,2,2,560,0.003118622448979592,27.942857142857143,-inf
sefa_guided_threshold,SEFA,1,S0,0,1000,3,3,560,0.0032525510204081632,29.142857142857142,-inf
sefa_guided_threshold,SEFA,1,S0,0,1000,4,4,560,0.00173469387755102,15.54285714285714,-inf
sefa_guided_threshold,SEFA,1,S0,0,1000,5,5,560,0.003163265306122449,28.342857142857145,-inf
sefa_guided_threshold,SEFA,1,S0,0,1000,6,6,560,0.0033290816326530617,29.828571428571433,-inf
sefa_guided_threshold,SEFA,1,S0,0,1000,7,7,560,0.0026466836734693874,23.71428571428571,-inf
sefa_guided_threshold,SEFA,1,S0,0,1000,8,8,560,0.004043367346938775,36.22857142857143,-inf
sefa_guided_threshold,SEFA,1,S0,0,1000,9,9,560,0.002582908163265306,23.14285714285714,-inf
sefa_guided_threshold,SEFA,1,S0,0,1000,10,a,560,0.002665816326530612,23.885714285714286,-inf
sefa_guided_threshold,SEFA,1,S0,0,1000,11,b,560,0.0038392857142857152,34.400000000000006,-inf
sefa_guided_threshold,SEFA,1,S0,0,1000,12,c,560,0.003903061224489796,34.97142857142857,-inf
sefa_guided_threshold,SEFA,1,S0,0,1000,13,d,560,0.008915816326530612,79.88571428571429,-inf
sefa_guided_threshold,SEFA,1,S0,0,1000,14,e,560,0.004113520408163266,36.85714285714286,-inf
sefa_guided_threshold,SEFA,1,S0,0,1000,15,f,560,0.002869897959183673,25.71428571428571,-inf
sefa_guided_threshold,SEFA,1,S0,0,1500,0,0,843,0.0016315192169411342,22.00593119810202,-inf
sefa_guided_threshold,SEFA,1,S0,0,1500,1,1,843,0.0008632074343311536,11.6429418742586,-inf
sefa_guided_threshold,SEFA,1,S0,0,1500,2,2,843,0.0016990631099178355,22.916963226571763,-inf
sefa_guided_threshold,SEFA,1,S0,0,1500,3,3,843,0.00227037187134577,30.622775800711747,-inf
sefa_guided_threshold,SEFA,1,S0,0,1500,4,4,843,0.0013866726049005904,18.703440094899165,-inf
sefa_guided_threshold,SEFA,1,S0,0,1500,5,5,843,0.002655934927087776,35.82325029655992,-inf
sefa_guided_threshold,SEFA,1,S0,0,1500,6,6,843,0.003230058017389738,43.56702253855279,-inf
sefa_guided_threshold,SEFA,1,S0,0,1500,7,7,843,0.0011671549527263105,15.742586002372477,-inf
sefa_guided_threshold,SEFA,1,S0,0,1500,8,8,843,0.0021324697565183372,28.762752075919334,-inf
sefa_guided_threshold,SEFA,1,S0,0,1500,9,9,843,0.0017891216338867713,24.13167259786477,-inf
sefa_guided_threshold,SEFA,1,S0,0,1500,10,a,843,0.001924209419840174,25.953736654804267,-inf
sefa_guided_threshold,SEFA,1,S0,0,1500,11,b,843,0.0026362346249695703,35.557532621589566,-inf
sefa_guided_threshold,SEFA,1,S0,0,1500,12,c,843,0.002990840063097254,40.34045077105576,-inf
sefa_guided_threshold,SEFA,1,S0,0,1500,13,d,843,0.007958130525758849,107.33926453143535,-inf
sefa_guided_threshold,SEFA,1,S0,0,1500,14,e,843,0.003511490904792662,47.36298932384343,-inf
sefa_guided_threshold,SEFA,1,S0,0,1500,15,f,843,0.0020367825748013437,27.472123368920524,-inf
sefa_guided_threshold,SEFA,1,S0,0,2000,0,0,1139,0.0012521476951348203,22.819139596136964,-inf
sefa_guided_threshold,SEFA,1,S0,0,2000,1,1,1139,0.0006678667037687666,12.171202809482002,-inf
sefa_guided_threshold,SEFA,1,S0,0,2000,2,2,1139,0.0013816453291051324,25.179104477611933,-inf
sefa_guided_threshold,SEFA,1,S0,0,2000,3,3,1139,0.00165297370504293,30.123792800702354,-inf
sefa_guided_threshold,SEFA,1,S0,0,2000,4,4,1139,0.0013569791131107878,24.729587357330995,-inf
sefa_guided_threshold,SEFA,1,S0,0,2000,5,5,1139,0.002385251992375056,43.46883230904302,-inf
sefa_guided_threshold,SEFA,1,S0,0,2000,6,6,1139,0.0031375715802025865,57.179104477611936,-inf
sefa_guided_threshold,SEFA,1,S0,0,2000,7,7,1139,0.0011056920376683952,20.150131694468836,-inf
sefa_guided_threshold,SEFA,1,S0,0,2000,8,8,1139,0.0019350935504782551,35.26514486391572,-inf
sefa_guided_threshold,SEFA,1,S0,0,2000,9,9,1139,0.0019705512359701255,35.91132572431957,-inf
sefa_guided_threshold,SEFA,1,S0,0,2000,10,a,1139,0.0010563596056797043,19.25109745390693,-inf
sefa_guided_threshold,SEFA,1,S0,0,2000,11,b,1139,0.001819470663004761,33.158033362598765,-inf
sefa_guided_threshold,SEFA,1,S0,0,2000,12,c,1139,0.002493166687350316,45.435469710272166,-inf
sefa_guided_threshold,SEFA,1,S0,0,2000,13,d,1139,0.007370910900232093,134.32748024582966,-inf
sefa_guided_threshold,SEFA,1,S0,0,2000,14,e,1139,0.0035507306981078703,64.70851624231783,-inf
sefa_guided_threshold,SEFA,1,S0,0,2000,15,f,1139,0.0017408470995227854,31.725197541703242,-inf
sefa_guided_threshold,SEFA,1,S0,0,3000,0,0,1695,0.0008315059910721278,22.550442477876103,-inf
sefa_guided_threshold,SEFA,1,S0,0,3000,1,1,1695,0.0006498159605294071,17.62300884955752,-inf
sefa_guided_threshold,SEFA,1,S0,0,3000,2,2,1695,0.0007939149502701855,21.53097345132743,-inf
sefa_guided_threshold,SEFA,1,S0,0,3000,3,3,1695,0.000878842857267166,23.83421828908554,-inf
sefa_guided_threshold,SEFA,1,S0,0,3000,4,4,1695,0.0010835051905221848,29.38466076696165,-inf
sefa_guided_threshold,SEFA,1,S0,0,3000,5,5,1695,0.002362992838558662,64.08436578171091,-inf
sefa_guided_threshold,SEFA,1,S0,0,3000,6,6,1695,0.0028495879778282474,77.28082595870207,-inf
sefa_guided_threshold,SEFA,1,S0,0,3000,7,7,1695,0.0007834729944918683,21.24778761061947,-inf
sefa_guided_threshold,SEFA,1,S0,0,3000,8,8,1695,0.0010486986712611272,28.44070796460177,-inf
sefa_guided_threshold,SEFA,1,S0,0,3000,9,9,1695,0.0016306636733060102,44.223598820058996,-inf
sefa_guided_threshold,SEFA,1,S0,0,3000,10,a,1695,0.0007236057813628492,19.62418879056047,-inf
sefa_guided_threshold,SEFA,1,S0,0,3000,11,b,1695,0.0016445862810104332,44.60117994100295,-inf
sefa_guided_threshold,SEFA,1,S0,0,3000,12,c,1695,0.0022251590222848736,60.34631268436577,-inf
sefa_guided_threshold,SEFA,1,S0,0,3000,13,d,1695,0.006973464379878351,189.12035398230088,-inf
sefa_guided_threshold,SEFA,1,S0,0,3000,14,e,1695,0.0033786470705963224,91.62890855457226,-inf
sefa_guided_threshold,SEFA,1,S0,0,3000,15,f,1695,0.0012296925714186267,33.349262536873155,-inf
sefa_guided_threshold,SEFA,1,S0,0,4000,0,0,2261,0.0008339860304558519,30.1702786377709,-inf
sefa_guided_threshold,SEFA,1,S0,0,4000,1,1,2261,0.00044041162171239655,15.932330827067657,-inf
sefa_guided_threshold,SEFA,1,S0,0,4000,2,2,2261,0.000689232023263925,24.93365767359575,-inf
sefa_guided_threshold,SEFA,1,S0,0,4000,3,3,2261,0.00048305536977704533,17.47501105705439,-inf
sefa_guided_threshold,SEFA,1,S0,0,4000,4,4,2261,0.0007013600617043298,25.372401592215837,-inf
sefa_guided_threshold,SEFA,1,S0,0,4000,5,5,2261,0.00195876378904177,70.86023883237507,-inf
sefa_guided_threshold,SEFA,1,S0,0,4000,6,6,2261,0.002531128958019578,91.56612118531625,-inf
sefa_guided_threshold,SEFA,1,S0,0,4000,7,7,2261,0.0005170921228194716,18.706324635117205,-inf
sefa_guided_threshold,SEFA,1,S0,0,4000,8,8,2261,0.0009071454881447445,32.81689517912428,-inf
sefa_guided_threshold,SEFA,1,S0,0,4000,9,9,2261,0.0015487578443467982,56.02786377708977,-inf
sefa_guided_threshold,SEFA,1,S0,0,4000,10,a,2261,0.000709184602633623,25.655462184873944,-inf
sefa_guided_threshold,SEFA,1,S0,0,4000,11,b,2261,0.0013637074513690112,49.33348076072535,-inf
sefa_guided_threshold,SEFA,1,S0,0,4000,12,c,2261,0.0021688527129932957,78.46041574524547,-inf
sefa_guided_threshold,SEFA,1,S0,0,4000,13,d,2261,0.007126090618747091,257.79345422379475,-inf
sefa_guided_threshold,SEFA,1,S0,0,4000,14,e,2261,0.0031707851789893084,114.70632463511721,-inf
sefa_guided_threshold,SEFA,1,S0,0,4000,15,f,2261,0.0015452368009286166,55.900486510393634,-inf
sefa_guided_threshold,SEFA,1,S0,0,6000,0,0,3393,0.0007778481798268985,42.22782198644267,-inf
sefa_guided_threshold,SEFA,1,S0,0,6000,1,1,3393,0.00024260150902731452,13.17035072207485,-inf
sefa_guided_threshold,SEFA,1,S0,0,6000,2,2,3393,0.0006737869153644023,36.57854406130267,-inf
sefa_guided_threshold,SEFA,1,S0,0,6000,3,3,3393,0.0005094430820062698,27.656646035956374,-inf
sefa_guided_threshold,SEFA,1,S0,0,6000,4,4,3393,0.000592309898614969,32.155319776009435,-inf
sefa_guided_threshold,SEFA,1,S0,0,6000,5,5,3393,0.001749665731418224,94.98585322723254,-inf
sefa_guided_threshold,SEFA,1,S0,0,6000,6,6,3393,0.002585630346766357,140.368700265252,-inf
sefa_guided_threshold,SEFA,1,S0,0,6000,7,7,3393,0.0005587809770101913,30.335101679929267,-inf
sefa_guided_threshold,SEFA,1,S0,0,6000,8,8,3393,0.0008661004708902509,47.01886236368994,-inf
sefa_guided_threshold,SEFA,1,S0,0,6000,9,9,3393,0.0013876228680795891,75.33127026230474,-inf
sefa_guided_threshold,SEFA,1,S0,0,6000,10,a,3393,0.0007808015045278379,42.38815207780726,-inf
sefa_guided_threshold,SEFA,1,S0,0,6000,11,b,3393,0.0014367870381011027,78.00029472443266,-inf
sefa_guided_threshold,SEFA,1,S0,0,6000,12,c,3393,0.002083565147606735,113.11258473327442,-inf
sefa_guided_threshold,SEFA,1,S0,0,6000,13,d,3393,0.0069398733058448295,376.75184202770413,-inf
sefa_guided_threshold,SEFA,1,S0,0,6000,14,e,3393,0.0030423533255174466,165.16327733569113,-inf
sefa_guided_threshold,SEFA,1,S0,0,6000,15,f,3393,0.0017428904571043051,94.61803713527851,-inf
sefa_guided_threshold,SEFA,1,S0,0,8000,0,0,4482,0.000734344487872657,52.66131191432398,-inf
sefa_guided_threshold,SEFA,1,S0,0,8000,1,1,4482,0.00011906169972168911,8.53815261044177,-inf
sefa_guided_threshold,SEFA,1,S0,0,8000,2,2,4482,0.0006679377532939033,47.899152164212396,-inf
sefa_guided_threshold,SEFA,1,S0,0,8000,3,3,4482,0.00029538302946527557,21.182507809013842,-inf
sefa_guided_threshold,SEFA,1,S0,0,8000,4,4,4482,0.0006324942787661129,45.35742971887549,-inf
sefa_guided_threshold,SEFA,1,S0,0,8000,5,5,4482,0.001596636434179377,114.49799196787149,-inf
sefa_guided_threshold,SEFA,1,S0,0,8000,6,6,4482,0.002246765334927892,161.12003569834897,-inf
sefa_guided_threshold,SEFA,1,S0,0,8000,7,7,4482,0.0003583051527842743,25.694779116465877,-inf
sefa_guided_threshold,SEFA,1,S0,0,8000,8,8,4482,0.000787509699664342,56.4738955823293,-inf
sefa_guided_threshold,SEFA,1,S0,0,8000,9,9,4482,0.0014146401660984761,101.44667559125392,-inf
sefa_guided_threshold,SEFA,1,S0,0,8000,10,a,4482,0.0005933670723351534,42.55153949129852,-inf
sefa_guided_threshold,SEFA,1,S0,0,8000,11,b,4482,0.0013234429114146109,94.90673806336457,-inf
sefa_guided_threshold,SEFA,1,S0,0,8000,12,c,4482,0.0019519672223526456,139.97947344935292,-inf
sefa_guided_threshold,SEFA,1,S0,0,8000,13,d,4482,0.006819869591908215,489.0664881749219,-inf
sefa_guided_threshold,SEFA,1,S0,0,8000,14,e,4482,0.0028784755761605604,206.4212405176261,-inf
sefa_guided_threshold,SEFA,1,S0,0,8000,15,f,4482,0.0016499012062927696,118.3177153056671,-inf
sefa_guided_threshold,SEFA,1,S5,5,250,0,0,158,0.008161752924210864,20.632911392405063,-inf
sefa_guided_threshold,SEFA,1,S5,5,250,1,1,158,0.007600945361320301,19.21518987341772,-inf
sefa_guided_threshold,SEFA,1,S5,5,250,2,2,158,0.005598061208139722,14.151898734177218,-inf
sefa_guided_threshold,SEFA,1,S5,5,250,3,3,158,0.010885675372536454,27.518987341772156,-inf
sefa_guided_threshold,SEFA,1,S5,5,250,4,4,158,0.00904302195161032,22.86075949367089,-inf
sefa_guided_threshold,SEFA,1,S5,5,250,5,5,158,0.00880267585322865,22.253164556962027,-inf
sefa_guided_threshold,SEFA,1,S5,5,250,6,6,158,0.009523714148373658,24.075949367088608,-inf
sefa_guided_threshold,SEFA,1,S5,5,250,7,7,158,0.008001522191956417,20.22784810126582,-inf
sefa_guided_threshold,SEFA,1,S5,5,250,8,8,158,0.006479330235539175,16.379746835443036,-inf
sefa_guided_threshold,SEFA,1,S5,5,250,9,9,158,0.004716792180740266,11.924050632911392,-inf
sefa_guided_threshold,SEFA,1,S5,5,250,10,a,158,0.0067997917000480685,17.189873417721518,-inf
sefa_guided_threshold,SEFA,1,S5,5,250,11,b,158,0.0028741387598141322,7.265822784810126,-inf
sefa_guided_threshold,SEFA,1,S5,5,250,12,c,158,0.005758291940394168,14.556962025316457,-inf
sefa_guided_threshold,SEFA,1,S5,5,250,13,d,158,0.006960022432302515,17.594936708860757,-inf
sefa_guided_threshold,SEFA,1,S5,5,250,14,e,158,0.008081637558083641,20.430379746835445,-inf
sefa_guided_threshold,SEFA,1,S5,5,250,15,f,158,0.010244752443518667,25.89873417721519,-inf
sefa_guided_threshold,SEFA,1,S5,5,500,0,0,311,0.0038247898594927685,19.032154340836016,-inf
sefa_guided_threshold,SEFA,1,S5,5,500,1,1,311,0.004631233134479586,23.04501607717042,-inf
sefa_guided_threshold,SEFA,1,S5,5,500,2,2,311,0.0038454678921847375,19.135048231511252,-inf
sefa_guided_threshold,SEFA,1,S5,5,500,3,3,311,0.005168861984470799,25.720257234726695,-inf
sefa_guided_threshold,SEFA,1,S5,5,500,4,4,311,0.005851237063305797,29.115755627009644,-inf
sefa_guided_threshold,SEFA,1,S5,5,500,5,5,311,0.005086149853702918,25.30868167202572,-inf
sefa_guided_threshold,SEFA,1,S5,5,500,6,6,311,0.008787517705565493,43.726688102893895,-inf
sefa_guided_threshold,SEFA,1,S5,5,500,7,7,311,0.002956312486430042,14.71061093247589,-inf
sefa_guided_threshold,SEFA,1,S5,5,500,8,8,311,0.0031217367479657986,15.533762057877814,-inf
sefa_guided_threshold,SEFA,1,S5,5,500,9,9,311,0.004010892153720496,19.958199356913187,-inf
sefa_guided_threshold,SEFA,1,S5,5,500,10,a,311,0.004031570186412465,20.061093247588428,-inf
sefa_guided_threshold,SEFA,1,S5,5,500,11,b,311,0.0016742744595279204,8.331189710610932,-inf
sefa_guided_threshold,SEFA,1,S5,5,500,12,c,311,0.003576653467189131,17.797427652733116,-inf
sefa_guided_threshold,SEFA,1,S5,5,500,13,d,311,0.005603100671002161,27.881028938906752,-inf
sefa_guided_threshold,SEFA,1,S5,5,500,14,e,311,0.0033698731402694347,16.768488745980708,-inf
sefa_guided_threshold,SEFA,1,S5,5,500,15,f,311,0.004672589199863525,23.2508038585209,-inf
sefa_guided_threshold,SEFA,1,S5,5,1000,0,0,616,0.001828934052960027,18.025974025974026,-inf
sefa_guided_threshold,SEFA,1,S5,5,1000,1,1,616,0.0024297942317422837,23.948051948051948,-inf
sefa_guided_threshold,SEFA,1,S5,5,1000,2,2,616,0.0017762270197335128,17.506493506493502,-inf
sefa_guided_threshold,SEFA,1,S5,5,1000,3,3,616,0.002103010625737898,20.727272727272723,-inf
sefa_guided_threshold,SEFA,1,S5,5,1000,4,4,616,0.003157151290268173,31.116883116883116,-inf
sefa_guided_threshold,SEFA,1,S5,5,1000,5,5,616,0.0041796677348625395,41.19480519480519,-inf
sefa_guided_threshold,SEFA,1,S5,5,1000,6,6,616,0.0072893826952268505,71.84415584415584,-inf
sefa_guided_threshold,SEFA,1,S5,5,1000,7,7,616,0.002893616124135605,28.51948051948052,-inf
sefa_guided_threshold,SEFA,1,S5,5,1000,8,8,616,0.0023032973519986504,22.7012987012987,-inf
sefa_guided_threshold,SEFA,1,S5,5,1000,9,9,616,0.0017446027997976047,17.19480519480519,-inf
sefa_guided_threshold,SEFA,1,S5,5,1000,10,a,616,0.0020344914825434304,20.05194805194805,-inf
sefa_guided_threshold,SEFA,1,S5,5,1000,11,b,616,0.0010541406645302746,10.389610389610386,-inf
sefa_guided_threshold,SEFA,1,S5,5,1000,12,c,616,0.002103010625737898,20.727272727272723,-inf
sefa_guided_threshold,SEFA,1,S5,5,1000,13,d,616,0.003157151290268173,31.116883116883116,-inf
sefa_guided_threshold,SEFA,1,S5,5,1000,14,e,616,0.002124093439028504,20.935064935064936,-inf
sefa_guided_threshold,SEFA,1,S5,5,1000,15,f,616,0.002356004385225164,23.220779220779214,-inf
sefa_guided_threshold,SEFA,1,S5,5,1500,0,0,936,0.0014541785375118711,21.777777777777782,-inf
sefa_guided_threshold,SEFA,1,S5,5,1500,1,1,936,0.001673332602819782,25.059829059829056,-inf
sefa_guided_threshold,SEFA,1,S5,5,1500,2,2,936,0.001497552779604062,22.427350427350433,-inf
sefa_guided_threshold,SEFA,1,S5,5,1500,3,3,936,0.001645938344656294,24.649572649572658,-inf
sefa_guided_threshold,SEFA,1,S5,5,1500,4,4,936,0.0034288479801300314,51.35042735042735,-inf
sefa_guided_threshold,SEFA,1,S5,5,1500,5,5,936,0.004154795821462488,62.222222222222214,-inf
sefa_guided_threshold,SEFA,1,S5,5,1500,6,6,936,0.006227628022499818,93.26495726495727,-inf
sefa_guided_threshold,SEFA,1,S5,5,1500,7,7,936,0.002796497187522829,41.88034188034189,-inf
sefa_guided_threshold,SEFA,1,S5,5,1500,8,8,936,0.0014359156987362115,21.504273504273502,-inf
sefa_guided_threshold,SEFA,1,S5,5,1500,9,9,936,0.0014153700051135949,21.196581196581196,-inf
sefa_guided_threshold,SEFA,1,S5,5,1500,10,a,936,0.0014610271020527434,21.880341880341884,-inf
sefa_guided_threshold,SEFA,1,S5,5,1500,11,b,936,0.000783019212506392,11.726495726495726,-inf
sefa_guided_threshold,SEFA,1,S5,5,1500,12,c,936,0.0013423186500109577,20.102564102564102,-inf
sefa_guided_threshold,SEFA,1,S5,5,1500,13,d,936,0.002670940170940171,40.0,-inf
sefa_guided_threshold,SEFA,1,S5,5,1500,14,e,936,0.002050003652567755,30.7008547008547,-inf
sefa_guided_threshold,SEFA,1,S5,5,1500,15,f,936,0.0020271751040981806,30.35897435897435,-inf
sefa_guided_threshold,SEFA,1,S5,5,2000,0,0,1251,0.0014098633163812675,28.21982414068745,-inf
sefa_guided_threshold,SEFA,1,S5,5,2000,1,1,1251,0.0014890964925901007,29.805755395683455,-inf
sefa_guided_threshold,SEFA,1,S5,5,2000,2,2,1251,0.0017881378350556962,35.79136690647481,-inf
sefa_guided_threshold,SEFA,1,S5,5,2000,3,3,1251,0.0012283937837739396,24.587529976019173,-inf
sefa_guided_threshold,SEFA,1,S5,5,2000,4,4,1251,0.0025715239159591584,51.47162270183851,-inf
sefa_guided_threshold,SEFA,1,S5,5,2000,5,5,1251,0.0032105011434497488,64.26139088729018,-inf
sefa_guided_threshold,SEFA,1,S5,5,2000,6,6,1251,0.005668007560378556,113.45083932853719,-inf
sefa_guided_threshold,SEFA,1,S5,5,2000,7,7,1251,0.002544686872404554,50.934452438049554,-inf
sefa_guided_threshold,SEFA,1,S5,5,2000,8,8,1251,0.000908905170028645,18.19264588329336,-inf
sefa_guided_threshold,SEFA,1,S5,5,2000,9,9,1251,0.0010686494769012928,21.39008792965628,-inf
sefa_guided_threshold,SEFA,1,S5,5,2000,10,a,1251,0.0009868603917824975,19.75299760191847,-inf
sefa_guided_threshold,SEFA,1,S5,5,2000,11,b,1251,0.000779831770075546,15.609112709832129,-inf
sefa_guided_threshold,SEFA,1,S5,5,2000,12,c,1251,0.0012820678708831492,25.661870503597115,-inf
sefa_guided_threshold,SEFA,1,S5,5,2000,13,d,1251,0.0025574664169543664,51.190247801758595,-inf
sefa_guided_threshold,SEFA,1,S5,5,2000,14,e,1251,0.0018367001043449816,36.76338928856915,-inf
sefa_guided_threshold,SEFA,1,S5,5,2000,15,f,1251,0.0016565085261926345,33.156674660271776,-inf
sefa_guided_threshold,SEFA,1,S5,5,3000,0,0,1848,0.0009030471692809352,26.701298701298693,-inf
sefa_guided_threshold,SEFA,1,S5,5,3000,1,1,1848,0.0011296874121549444,33.402597402597394,-inf
sefa_guided_threshold,SEFA,1,S5,5,3000,2,2,1848,0.001567741421637526,46.35497835497837,-inf
sefa_guided_threshold,SEFA,1,S5,5,3000,3,3,1848,0.0009452127958621468,27.948051948051955,-inf
sefa_guided_threshold,SEFA,1,S5,5,3000,4,4,1848,0.002240634545829351,66.25108225108225,-inf
sefa_guided_threshold,SEFA,1,S5,5,3000,5,5,1848,0.003136654110680085,92.74458874458875,-inf
sefa_guided_threshold,SEFA,1,S5,5,3000,6,6,1848,0.005893231948426754,174.25108225108227,-inf
sefa_guided_threshold,SEFA,1,S5,5,3000,7,7,1848,0.0019560165664061764,57.835497835497826,-inf
sefa_guided_threshold,SEFA,1,S5,5,3000,8,8,1848,0.0006102303180225256,18.04329004329004,-inf
sefa_guided_threshold,SEFA,1,S5,5,3000,9,9,1848,0.001187079515001593,35.0995670995671,-inf
sefa_guided_threshold,SEFA,1,S5,5,3000,10,a,1848,0.001070538408200746,31.653679653679657,-inf
sefa_guided_threshold,SEFA,1,S5,5,3000,11,b,1848,0.0006752356590018925,19.965367965367957,-inf
sefa_guided_threshold,SEFA,1,S5,5,3000,12,c,1848,0.0008310142238713665,24.571428571428562,-inf
sefa_guided_threshold,SEFA,1,S5,5,3000,13,d,1848,0.0026166113828451484,77.36796536796535,-inf
sefa_guided_threshold,SEFA,1,S5,5,3000,14,e,1848,0.0018488455988455985,54.66666666666666,-inf
sefa_guided_threshold,SEFA,1,S5,5,3000,15,f,1848,0.0012397865482281067,36.65800865800866,-inf
sefa_guided_threshold,SEFA,1,S5,5,4000,0,0,2475,0.0008341087644117944,33.03070707070706,-inf
sefa_guided_threshold,SEFA,1,S5,5,4000,1,1,2475,0.0010032343638404244,39.728080808080804,-inf
sefa_guided_threshold,SEFA,1,S5,5,4000,2,2,2475,0.0013731558004285275,54.37696969696969,-inf
sefa_guided_threshold,SEFA,1,S5,5,4000,3,3,2475,0.0011142434445464747,44.1240404040404,-inf
sefa_guided_threshold,SEFA,1,S5,5,4000,4,4,2475,0.0020398632792572187,80.77858585858586,-inf
sefa_guided_threshold,SEFA,1,S5,5,4000,5,5,2475,0.003010866238138965,119.23030303030302,-inf
sefa_guided_threshold,SEFA,1,S5,5,4000,6,6,2475,0.006076675849403123,240.63636363636365,-inf
sefa_guided_threshold,SEFA,1,S5,5,4000,7,7,2475,0.0019409345985103564,76.86101010101011,-inf
sefa_guided_threshold,SEFA,1,S5,5,4000,8,8,2475,0.0007142842567084994,28.285656565656577,-inf
sefa_guided_threshold,SEFA,1,S5,5,4000,9,9,2475,0.000950015304560759,37.62060606060606,-inf
sefa_guided_threshold,SEFA,1,S5,5,4000,10,a,2475,0.0006816345270890724,26.99272727272727,-inf
sefa_guided_threshold,SEFA,1,S5,5,4000,11,b,2475,0.000729303132333435,28.880404040404024,-inf
sefa_guided_threshold,SEFA,1,S5,5,4000,12,c,2475,0.0005970717273747577,23.644040404040403,-inf
sefa_guided_threshold,SEFA,1,S5,5,4000,13,d,2475,0.0020950413223140493,82.96363636363635,-inf
sefa_guided_threshold,SEFA,1,S5,5,4000,14,e,2475,0.0016513314967860422,65.39272727272727,-inf
sefa_guided_threshold,SEFA,1,S5,5,4000,15,f,2475,0.001120446893174166,44.36969696969697,-inf
sefa_guided_threshold,SEFA,1,S5,5,6000,0,0,3673,0.0009369212083170848,55.06098557037844,-inf
sefa_guided_threshold,SEFA,1,S5,5,6000,1,1,3673,0.0007769618756425153,45.660495507759336,-inf
sefa_guided_threshold,SEFA,1,S5,5,6000,2,2,3673,0.0010850207202187487,63.76449768581542,-inf
sefa_guided_threshold,SEFA,1,S5,5,6000,3,3,3673,0.0008570156658596307,50.36509665123878,-inf
sefa_guided_threshold,SEFA,1,S5,5,6000,4,4,3673,0.0019091300161760546,112.19575279063437,-inf
sefa_guided_threshold,SEFA,1,S5,5,6000,5,5,3673,0.00306561078929405,180.15981486523273,-inf
sefa_guided_threshold,SEFA,1,S5,5,6000,6,6,3673,0.006015296463275434,353.5069425537707,-inf
sefa_guided_threshold,SEFA,1,S5,5,6000,7,7,3673,0.002119641834895136,124.56711135311734,-inf
sefa_guided_threshold,SEFA,1,S5,5,6000,8,8,3673,0.0006054392177143623,35.580451946637645,-inf
sefa_guided_threshold,SEFA,1,S5,5,6000,9,9,3673,0.0006659243036561827,39.135039477266545,-inf
sefa_guided_threshold,SEFA,1,S5,5,6000,10,a,3673,0.00041123465255802597,24.16743806153007,-inf
sefa_guided_threshold,SEFA,1,S5,5,6000,11,b,3673,0.0005829055582458405,34.25619384699156,-inf
sefa_guided_threshold,SEFA,1,S5,5,6000,12,c,3673,0.00045585722821608513,26.78981758780289,-inf
sefa_guided_threshold,SEFA,1,S5,5,6000,13,d,3673,0.0022419462366157295,131.7546964334332,-inf
sefa_guided_threshold,SEFA,1,S5,5,6000,14,e,3673,0.0016554780993955271,97.28913694527634,-inf
sefa_guided_threshold,SEFA,1,S5,5,6000,15,f,3673,0.0007825952905096454,45.99156003267084,-inf
sefa_guided_threshold,SEFA,1,S5,5,8000,0,0,4925,0.0007896080805998608,62.22111675126903,-inf
sefa_guided_threshold,SEFA,1,S5,5,8000,1,1,4925,0.0007356824447937336,57.97177664974621,-inf
sefa_guided_threshold,SEFA,1,S5,5,8000,2,2,4925,0.0009807390038393156,77.28223350253806,-inf
sefa_guided_threshold,SEFA,1,S5,5,8000,3,3,4925,0.0008522739570718134,67.1591878172589,-inf
sefa_guided_threshold,SEFA,1,S5,5,8000,4,4,4925,0.002008954108583061,158.3055837563452,-inf
sefa_guided_threshold,SEFA,1,S5,5,8000,5,5,4925,0.0030417866989615816,239.69279187817264,-inf
sefa_guided_threshold,SEFA,1,S5,5,8000,6,6,4925,0.005708714473446881,449.84670050761423,-inf
sefa_guided_threshold,SEFA,1,S5,5,8000,7,7,4925,0.0021782344301579538,171.64487309644676,-inf
sefa_guided_threshold,SEFA,1,S5,5,8000,8,8,4925,0.0004940065448736118,38.92771573604061,-inf
sefa_guided_threshold,SEFA,1,S5,5,8000,9,9,4925,0.0005472725398747712,43.125076142131974,-inf
sefa_guided_threshold,SEFA,1,S5,5,8000,10,a,4925,0.00028687933211368494,22.606091370558374,-inf
sefa_guided_threshold,SEFA,1,S5,5,8000,11,b,4925,0.00040107964647375613,31.605076142131985,-inf
sefa_guided_threshold,SEFA,1,S5,5,8000,12,c,4925,0.0003949779690278029,31.12426395939087,-inf
sefa_guided_threshold,SEFA,1,S5,5,8000,13,d,4925,0.0019372181710427992,152.65279187817256,-inf
sefa_guided_threshold,SEFA,1,S5,5,8000,14,e,4925,0.0015589966244943182,122.84893401015228,-inf
sefa_guided_threshold,SEFA,1,S5,5,8000,15,f,4925,0.0006780463294596612,53.430050761421306,-inf
sefa_guided_budget,SEFA,0,S0,0,250,0,0,97,0.012428260176426826,19.288659793814436,-inf
sefa_guided_budget,SEFA,0,S0,0,250,1,1,97,0.006263949410139228,9.721649484536082,-inf
sefa_guided_budget,SEFA,0,S0,0,250,2,2,97,0.008389573812307365,13.020618556701029,-inf
sefa_guided_budget,SEFA,0,S0,0,250,3,3,97,0.015404134339462217,23.90721649484536,-inf
sefa_guided_budget,SEFA,0,S0,0,250,4,4,97,0.017742321181847168,27.536082474226806,-inf
sefa_guided_budget,SEFA,0,S0,0,250,5,5,97,0.0062639494101392286,9.721649484536083,-inf
sefa_guided_budget,SEFA,0,S0,0,250,6,6,97,0.009027261132957806,14.010309278350515,-inf
sefa_guided_budget,SEFA,0,S0,0,250,7,7,97,0.02326894462748432,36.113402061855666,-inf
sefa_guided_budget,SEFA,0,S0,0,250,8,8,97,0.011578010415559573,17.969072164948457,-inf
sefa_guided_budget,SEFA,0,S0,0,250,9,9,97,0.020293070464448934,31.494845360824744,-inf
sefa_guided_budget,SEFA,0,S0,0,250,10,a,97,0.0062639494101392286,9.721649484536083,-inf
sefa_guided_budget,SEFA,0,S0,0,250,11,b,97,0.007114199171006483,11.041237113402062,-inf
sefa_guided_budget,SEFA,0,S0,0,250,12,c,97,0.007751886491656923,12.030927835051545,-inf
sefa_guided_budget,SEFA,0,S0,0,250,13,d,97,0.022418694866617073,34.7938144329897,-inf
sefa_guided_budget,SEFA,0,S0,0,250,14,e,97,0.016466946540546284,25.556701030927833,-inf
sefa_guided_budget,SEFA,0,S0,0,250,15,f,97,0.01327850993729408,20.608247422680414,-inf
sefa_guided_budget,SEFA,0,S0,0,500,0,0,196,0.005440441482715536,17.06122448979592,-inf
sefa_guided_budget,SEFA,0,S0,0,500,1,1,196,0.006689920866305705,20.97959183673469,-inf
sefa_guided_budget,SEFA,0,S0,0,500,2,2,196,0.003930653894210745,12.326530612244895,-inf
sefa_guided_budget,SEFA,0,S0,0,500,3,3,196,0.00564868804664723,17.714285714285715,-inf
sefa_guided_budget,SEFA,0,S0,0,500,4,4,196,0.008095585172844649,25.38775510204082,-inf
sefa_guided_budget,SEFA,0,S0,0,500,5,5,196,0.002785297792586422,8.734693877551019,-inf
sefa_guided_budget,SEFA,0,S0,0,500,6,6,196,0.00455539358600583,14.285714285714283,-inf
sefa_guided_budget,SEFA,0,S0,0,500,7,7,196,0.006065181174510621,19.020408163265305,-inf
sefa_guided_budget,SEFA,0,S0,0,500,8,8,196,0.006221366097459392,19.510204081632654,-inf
sefa_guided_budget,SEFA,0,S0,0,500,9,9,196,0.007470845481049561,23.428571428571423,-inf
sefa_guided_budget,SEFA,0,S0,0,500,10,a,196,0.005388379841732612,16.89795918367347,-inf
sefa_guided_budget,SEFA,0,S0,0,500,11,b,196,0.004295085381091211,13.469387755102039,-inf
sefa_guided_budget,SEFA,0,S0,0,500,12,c,196,0.004919825072886299,15.428571428571432,-inf
sefa_guided_budget,SEFA,0,S0,0,500,13,d,196,0.009188879633486049,28.816326530612248,-inf
sefa_guided_budget,SEFA,0,S0,0,500,14,e,196,0.005492503123698459,17.224489795918366,-inf
sefa_guided_budget,SEFA,0,S0,0,500,15,f,196,0.006585797584339859,20.653061224489797,-inf
sefa_guided_budget,SEFA,0,S0,0,1000,0,0,376,0.003041534631054776,18.29787234042553,-inf
sefa_guided_budget,SEFA,0,S0,0,1000,1,1,376,0.0021502942507922135,12.936170212765957,-inf
sefa_guided_budget,SEFA,0,S0,0,1000,2,2,376,0.0013580805794477136,8.170212765957444,-inf
sefa_guided_budget,SEFA,0,S0,0,1000,3,3,376,0.0033103214124038023,19.914893617021274,-inf
sefa_guided_budget,SEFA,0,S0,0,1000,4,4,376,0.00803531009506564,48.34042553191489,-inf
sefa_guided_budget,SEFA,0,S0,0,1000,5,5,376,0.0009902670891806247,5.957446808510638,-inf
sefa_guided_budget,SEFA,0,S0,0,1000,6,6,376,0.0030415346310547764,18.297872340425535,-inf
sefa_guided_budget,SEFA,0,S0,0,1000,7,7,376,0.003918628338614758,23.574468085106385,-inf
sefa_guided_budget,SEFA,0,S0,0,1000,8,8,376,0.003706428248076052,22.29787234042553,-inf
sefa_guided_budget,SEFA,0,S0,0,1000,9,9,376,0.0042440018107741066,25.531914893617024,-inf
sefa_guided_budget,SEFA,0,S0,0,1000,10,a,376,0.0039752150294250785,23.91489361702127,-inf
sefa_guided_budget,SEFA,0,S0,0,1000,11,b,376,0.0023059076505205977,13.872340425531917,-inf
sefa_guided_budget,SEFA,0,S0,0,1000,12,c,376,0.0019239474875509279,11.574468085106382,-inf
sefa_guided_budget,SEFA,0,S0,0,1000,13,d,376,0.003946921684019918,23.744680851063826,-inf
sefa_guided_budget,SEFA,0,S0,0,1000,14,e,376,0.0031971480307831607,19.234042553191493,-inf
sefa_guided_budget,SEFA,0,S0,0,1000,15,f,376,0.0020654142145767316,12.425531914893618,-inf
sefa_guided_budget,SEFA,0,S0,0,1500,0,0,573,0.0019505968099071357,17.88307155322862,-inf
sefa_guided_budget,SEFA,0,S0,0,1500,1,1,573,0.0019688711627666154,18.05061082024433,-inf
sefa_guided_budget,SEFA,0,S0,0,1500,2,2,573,0.001036879166933168,9.506108202443283,-inf
sefa_guided_budget,SEFA,0,S0,0,1500,3,3,573,0.0021028830837361307,19.279232111692846,-inf
sefa_guided_budget,SEFA,0,S0,0,1500,4,4,573,0.005745570753725683,52.67539267015706,-inf
sefa_guided_budget,SEFA,0,S0,0,1500,5,5,573,0.0006409348549777814,5.8760907504363,-inf
sefa_guided_budget,SEFA,0,S0,0,1500,6,6,573,0.001481555086513832,13.582897033158812,-inf
sefa_guided_budget,SEFA,0,S0,0,1500,7,7,573,0.0021516146913614087,19.726003490401396,-inf
sefa_guided_budget,SEFA,0,S0,0,1500,8,8,573,0.0008663185402446936,7.942408376963352,-inf
sefa_guided_budget,SEFA,0,S0,0,1500,9,9,573,0.0017617618303591822,16.151832460732983,-inf
sefa_guided_budget,SEFA,0,S0,0,1500,10,a,573,0.0023891812785346404,21.904013961605582,-inf
sefa_guided_budget,SEFA,0,S0,0,1500,11,b,573,0.0009637817554952503,8.835951134380455,-inf
sefa_guided_budget,SEFA,0,S0,0,1500,12,c,573,0.0017130302227339037,15.705061082024429,-inf
sefa_guided_budget,SEFA,0,S0,0,1500,13,d,573,0.0018470421437034197,16.93368237347295,-inf
sefa_guided_budget,SEFA,0,S0,0,1500,14,e,573,0.0022612608085182846,20.731239092495635,-inf
sefa_guided_budget,SEFA,0,S0,0,1500,15,f,573,0.0026937538261926305,24.696335078534037,-inf
sefa_guided_budget,SEFA,0,S0,0,2000,0,0,747,0.001203273603113928,14.381526104417668,-inf
sefa_guided_budget,SEFA,0,S0,0,2000,1,1,747,0.0020276330668501765,24.234270414993308,-inf
sefa_guided_budget,SEFA,0,S0,0,2000,2,2,747,0.0009380449060857439,11.211512717536811,-inf
sefa_guided_budget,SEFA,0,S0,0,2000,3,3,747,0.0023036142786227462,27.532797858099062,-inf
sefa_guided_budget,SEFA,0,S0,0,2000,4,4,747,0.005572378760916043,66.60107095046855,-inf
sefa_guided_budget,SEFA,0,S0,0,2000,5,5,747,0.0008878665039452769,10.61178045515395,-inf
sefa_guided_budget,SEFA,0,S0,0,2000,6,6,747,0.001640542536052286,19.60776439089692,-inf
sefa_guided_budget,SEFA,0,S0,0,2000,7,7,747,0.0013502246379538678,16.13788487282463,-inf
sefa_guided_budget,SEFA,0,S0,0,2000,8,8,747,0.0005975486058468591,7.141900937081659,-inf
sefa_guided_budget,SEFA,0,S0,0,2000,9,9,747,0.0008520247881306574,10.183400267737618,-inf
sefa_guided_budget,SEFA,0,S0,0,2000,10,a,747,0.0015545224180971992,18.579651941097726,-inf
sefa_guided_budget,SEFA,0,S0,0,2000,11,b,747,0.0007229946111980271,8.64123159303882,-inf
sefa_guided_budget,SEFA,0,S0,0,2000,12,c,747,0.0009918074798076736,11.854082998661314,-inf
sefa_guided_budget,SEFA,0,S0,0,2000,13,d,747,0.0015007598443752695,17.93708165997322,-inf
sefa_guided_budget,SEFA,0,S0,0,2000,14,e,747,0.001515096530701118,18.108433734939762,-inf
sefa_guided_budget,SEFA,0,S0,0,2000,15,f,747,0.002260604219645203,27.018741633199465,-inf
sefa_guided_budget,SEFA,0,S0,0,3000,0,0,1115,0.001001779645679583,17.871748878923764,-inf
sefa_guided_budget,SEFA,0,S0,0,3000,1,1,1115,0.001603440648313861,28.60538116591928,-inf
sefa_guided_budget,SEFA,0,S0,0,3000,2,2,1115,0.0007476020028554771,13.337219730941712,-inf
sefa_guided_budget,SEFA,0,S0,0,3000,3,3,1115,0.0017884433630276097,31.90582959641256,-inf
sefa_guided_budget,SEFA,0,S0,0,3000,4,4,1115,0.005470801745460396,97.59910313901347,-inf
sefa_guided_budget,SEFA,0,S0,0,3000,5,5,1115,0.0012430875344366466,22.176681614349775,-inf
sefa_guided_budget,SEFA,0,S0,0,3000,6,6,1115,0.00152300468539484,27.170403587443946,-inf
sefa_guided_budget,SEFA,0,S0,0,3000,7,7,1115,0.0016243539986728066,28.97847533632287,-inf
sefa_guided_budget,SEFA,0,S0,0,3000,8,8,1115,0.0004950330792897503,8.831390134529146,-inf
sefa_guided_budget,SEFA,0,S0,0,3000,9,9,1115,0.0005191638681654566,9.261883408071746,-inf
sefa_guided_budget,SEFA,0,S0,0,3000,10,a,1115,0.0006607311629029337,11.787443946188336,-inf
sefa_guided_budget,SEFA,0,S0,0,3000,11,b,1115,0.0005577731303665867,9.950672645739907,-inf
sefa_guided_budget,SEFA,0,S0,0,3000,12,c,1115,0.0008280379657744976,14.772197309417036,-inf
sefa_guided_budget,SEFA,0,S0,0,3000,13,d,1115,0.0011465643789338215,20.454708520179373,-inf
sefa_guided_budget,SEFA,0,S0,0,3000,14,e,1115,0.0011015202396991697,19.65112107623319,-inf
sefa_guided_budget,SEFA,0,S0,0,3000,15,f,1115,0.0014827867039353296,26.45291479820628,-inf
sefa_guided_budget,SEFA,0,S0,0,4000,0,0,1487,0.0012676269882582474,30.15938130464022,-inf
sefa_guided_budget,SEFA,0,S0,0,4000,1,1,1487,0.0012260200373648508,29.16946872898453,-inf
sefa_guided_budget,SEFA,0,S0,0,4000,2,2,1487,0.0007529670956855853,17.914593140551446,-inf
sefa_guided_budget,SEFA,0,S0,0,4000,3,3,1487,0.001253155005338805,29.81506388702085,-inf
sefa_guided_budget,SEFA,0,S0,0,4000,4,4,1487,0.005638165829929779,134.1432414256893,-inf
sefa_guided_budget,SEFA,0,S0,0,4000,5,5,1487,0.0011970760715259664,28.480833893745793,-inf
sefa_guided_budget,SEFA,0,S0,0,4000,6,6,1487,0.0015923421050132304,37.88500336247478,-inf
sefa_guided_budget,SEFA,0,S0,0,4000,7,7,1487,0.0013553633847073652,32.24680564895763,-inf
sefa_guided_budget,SEFA,0,S0,0,4000,8,8,1487,0.000548550336948465,13.051109616677879,-inf
sefa_guided_budget,SEFA,0,S0,0,4000,9,9,1487,0.0007782930657946093,18.517148621385346,-inf
sefa_guided_budget,SEFA,0,S0,0,4000,10,a,1487,0.0007909560508491209,18.818426361802285,-inf
sefa_guided_budget,SEFA,0,S0,0,4000,11,b,1487,0.0005802077995847442,13.804303967720235,-inf
sefa_guided_budget,SEFA,0,S0,0,4000,12,c,1487,0.0010035132999784277,23.87558843308675,-inf
sefa_guided_budget,SEFA,0,S0,0,4000,13,d,1487,0.0010677327241834524,25.4034969737727,-inf
sefa_guided_budget,SEFA,0,S0,0,4000,14,e,1487,0.000966428843747357,22.993275050437116,-inf
sefa_guided_budget,SEFA,0,S0,0,4000,15,f,1487,0.0015932466039456955,37.90652320107599,-inf
sefa_guided_budget,SEFA,0,S0,0,6000,0,0,2216,0.0009061925738638585,32.12996389891696,-inf
sefa_guided_budget,SEFA,0,S0,0,6000,1,1,2216,0.0010128992949210859,35.91335740072202,-inf
sefa_guided_budget,SEFA,0,S0,0,6000,2,2,2216,0.0007457252147167303,26.44043321299639,-inf
sefa_guided_budget,SEFA,0,S0,0,6000,3,3,2216,0.0009025270758122745,32.00000000000001,-inf
sefa_guided_budget,SEFA,0,S0,0,6000,4,4,2216,0.005103595120488993,180.95306859205772,-inf
sefa_guided_budget,SEFA,0,S0,0,6000,5,5,2216,0.0011411917267265311,40.462093862815884,-inf
sefa_guided_budget,SEFA,0,S0,0,6000,6,6,2216,0.0011892504789584118,42.16606498194945,-inf
sefa_guided_budget,SEFA,0,S0,0,6000,7,7,2216,0.0012784442648802927,45.32851985559566,-inf
sefa_guided_budget,SEFA,0,S0,0,6000,8,8,2216,0.0003926155690807908,13.920577617328519,-inf
sefa_guided_budget,SEFA,0,S0,0,6000,9,9,2216,0.0006178400604725726,21.906137184115536,-inf
sefa_guided_budget,SEFA,0,S0,0,6000,10,a,2216,0.0006288365546273248,22.296028880866427,-inf
sefa_guided_budget,SEFA,0,S0,0,6000,11,b,2216,0.0005029877881896024,17.833935018050543,-inf
sefa_guided_budget,SEFA,0,S0,0,6000,12,c,2216,0.0008459154947933639,29.99277978339351,-inf
sefa_guided_budget,SEFA,0,S0,0,6000,13,d,2216,0.0007888966362131657,27.971119133574003,-inf
sefa_guided_budget,SEFA,0,S0,0,6000,14,e,2216,0.0006646769800205921,23.566787003610116,-inf
sefa_guided_budget,SEFA,0,S0,0,6000,15,f,2216,0.001125307901836333,39.89891696750902,-inf
sefa_guided_budget,SEFA,0,S0,0,8000,0,0,2930,0.0007491933511164952,35.122184300341296,-inf
sefa_guided_budget,SEFA,0,S0,0,8000,1,1,2930,0.0008330615382823327,39.05392491467576,-inf
sefa_guided_budget,SEFA,0,S0,0,8000,2,2,2930,0.0006958438653915593,32.6211604095563,-inf
sefa_guided_budget,SEFA,0,S0,0,8000,3,3,2930,0.0007286922386981794,34.161092150170646,-inf
sefa_guided_budget,SEFA,0,S0,0,8000,4,4,2930,0.0044261144567787625,207.49624573378838,-inf
sefa_guided_budget,SEFA,0,S0,0,8000,5,5,2930,0.0009914792251511373,46.480546075085314,-inf
sefa_guided_budget,SEFA,0,S0,0,8000,6,6,2930,0.000942090181597922,44.16518771331058,-inf
sefa_guided_budget,SEFA,0,S0,0,8000,7,7,2930,0.0010271232046966184,48.15153583617747,-inf
sefa_guided_budget,SEFA,0,S0,0,8000,8,8,2930,0.00036642826357907515,17.17815699658704,-inf
sefa_guided_budget,SEFA,0,S0,0,8000,9,9,2930,0.000573070158068236,26.8655290102389,-inf
sefa_guided_budget,SEFA,0,S0,0,8000,10,a,2930,0.0005437162925601932,25.489419795221856,-inf
sefa_guided_budget,SEFA,0,S0,0,8000,11,b,2930,0.0003899579494228239,18.281228668941985,-inf
sefa_guided_budget,SEFA,0,S0,0,8000,12,c,2930,0.0006795361623315359,31.856655290102402,-inf
sefa_guided_budget,SEFA,0,S0,0,8000,13,d,2930,0.0007547845635942178,35.384300341296935,-inf
sefa_guided_budget,SEFA,0,S0,0,8000,14,e,2930,0.0006820988013838253,31.97679180887373,-inf
sefa_guided_budget,SEFA,0,S0,0,8000,15,f,2930,0.0009576989830982306,44.89692832764505,-inf
sefa_guided_budget,SEFA,0,S5,5,250,0,0,103,0.012624893957960223,20.80582524271845,-inf
sefa_guided_budget,SEFA,0,S5,5,250,1,1,103,0.011682298048826468,19.25242718446602,-inf
sefa_guided_budget,SEFA,0,S5,5,250,2,2,103,0.00998562541238571,16.45631067961165,-inf
sefa_guided_budget,SEFA,0,S5,5,250,3,3,103,0.005649684230370439,9.310679611650484,-inf
sefa_guided_budget,SEFA,0,S5,5,250,4,4,103,0.008288952775944953,13.660194174757283,-inf
sefa_guided_budget,SEFA,0,S5,5,250,5,5,103,0.0031989348666226786,5.271844660194175,-inf
sefa_guided_budget,SEFA,0,S5,5,250,6,6,103,0.007157837684984446,11.796116504854368,-inf
sefa_guided_budget,SEFA,0,S5,5,250,7,7,103,0.0028218965029691767,4.650485436893203,-inf
sefa_guided_budget,SEFA,0,S5,5,250,8,8,103,0.006780799321330945,11.174757281553397,-inf
sefa_guided_budget,SEFA,0,S5,5,250,9,9,103,0.00546116504854369,9.000000000000002,-inf
sefa_guided_budget,SEFA,0,S5,5,250,10,a,103,0.0037644924121029316,6.203883495145631,-inf
sefa_guided_budget,SEFA,0,S5,5,250,11,b,103,0.01696083513997549,27.951456310679607,-inf
sefa_guided_budget,SEFA,0,S5,5,250,12,c,103,0.0062152417758506925,10.242718446601941,-inf
sefa_guided_budget,SEFA,0,S5,5,250,13,d,103,0.0035759732302761806,5.893203883495145,-inf
sefa_guided_budget,SEFA,0,S5,5,250,14,e,103,0.00998562541238571,16.45631067961165,-inf
sefa_guided_budget,SEFA,0,S5,5,250,15,f,103,0.005272645866716937,8.689320388349513,-inf
sefa_guided_budget,SEFA,0,S5,5,500,0,0,191,0.009016679915572489,27.554973821989527,-inf
sefa_guided_budget,SEFA,0,S5,5,500,1,1,191,0.005891765576601518,18.00523560209424,-inf
sefa_guided_budget,SEFA,0,S5,5,500,2,2,191,0.007481634275376223,22.863874345549736,-inf
sefa_guided_budget,SEFA,0,S5,5,500,3,3,191,0.0037536662920424333,11.471204188481677,-inf
sefa_guided_budget,SEFA,0,S5,5,500,4,4,191,0.004740481346454318,14.486910994764395,-inf
sefa_guided_budget,SEFA,0,S5,5,500,5,5,191,0.0024927359447383573,7.61780104712042,-inf
sefa_guided_budget,SEFA,0,S5,5,500,6,6,191,0.006220703928072148,19.010471204188484,-inf
sefa_guided_budget,SEFA,0,S5,5,500,7,7,191,0.00326025876483649,9.963350785340314,-inf
sefa_guided_budget,SEFA,0,S5,5,500,8,8,191,0.004466366053562128,13.649214659685864,-inf
sefa_guided_budget,SEFA,0,S5,5,500,9,9,191,0.0016155670074833473,4.93717277486911,-inf
sefa_guided_budget,SEFA,0,S5,5,500,10,a,191,0.0017800361832186618,5.439790575916231,-inf
sefa_guided_budget,SEFA,0,S5,5,500,11,b,191,0.0075912803925331,23.198952879581153,-inf
sefa_guided_budget,SEFA,0,S5,5,500,12,c,191,0.0032054357062580516,9.795811518324605,-inf
sefa_guided_budget,SEFA,0,S5,5,500,13,d,191,0.003424727940571805,10.465968586387437,-inf
sefa_guided_budget,SEFA,0,S5,5,500,14,e,191,0.004247073819248376,12.979057591623038,-inf
sefa_guided_budget,SEFA,0,S5,5,500,15,f,191,0.0022734437104246037,6.947643979057589,-inf
sefa_guided_budget,SEFA,0,S5,5,1000,0,0,387,0.0034615808344851066,21.43410852713178,-inf
sefa_guided_budget,SEFA,0,S5,5,1000,1,1,387,0.002233022187502087,13.826873385012924,-inf
sefa_guided_budget,SEFA,0,S5,5,1000,2,2,387,0.0037153049028837743,23.00516795865633,-inf
sefa_guided_budget,SEFA,0,S5,5,1000,3,3,387,0.0034749347328218794,21.516795865633078,-inf
sefa_guided_budget,SEFA,0,S5,5,1000,4,4,387,0.002927424901014229,18.126614987080107,-inf
sefa_guided_budget,SEFA,0,S5,5,1000,5,5,387,0.0025535157475846133,15.811369509043926,-inf
sefa_guided_budget,SEFA,0,S5,5,1000,6,6,387,0.00191252862741956,11.842377260981916,-inf
sefa_guided_budget,SEFA,0,S5,5,1000,7,7,387,0.002700408629289105,16.720930232558135,-inf
sefa_guided_budget,SEFA,0,S5,5,1000,8,8,387,0.0035550581228425107,22.012919896640827,-inf
sefa_guided_budget,SEFA,0,S5,5,1000,9,9,387,0.003287980156107072,20.35917312661499,-inf
sefa_guided_budget,SEFA,0,S5,5,1000,10,a,387,0.0030609638843819486,18.953488372093027,-inf
sefa_guided_budget,SEFA,0,S5,5,1000,11,b,387,0.006599746943626519,40.8656330749354,-inf
sefa_guided_budget,SEFA,0,S5,5,1000,12,c,387,0.0027938859176465094,17.299741602067186,-inf
sefa_guided_budget,SEFA,0,S5,5,1000,13,d,387,0.002673700832615561,16.555555555555554,-inf
sefa_guided_budget,SEFA,0,S5,5,1000,14,e,387,0.003328041851117388,20.607235142118867,-inf
sefa_guided_budget,SEFA,0,S5,5,1000,15,f,387,0.003474934732821878,21.516795865633068,-inf
sefa_guided_budget,SEFA,0,S5,5,1500,0,0,593,0.0022378493895901883,21.232715008431708,-inf
sefa_guided_budget,SEFA,0,S5,5,1500,1,1,593,0.0021639120259122017,20.53119730185497,-inf
sefa_guided_budget,SEFA,0,S5,5,1500,2,2,593,0.0026530361240896462,25.172006745362562,-inf
sefa_guided_budget,SEFA,0,S5,5,1500,3,3,593,0.0016236005221115378,15.40472175379427,-inf
sefa_guided_budget,SEFA,0,S5,5,1500,4,4,593,0.0018056001865496558,17.131534569983135,-inf
sefa_guided_budget,SEFA,0,S5,5,1500,5,5,593,0.002635973655548572,25.010118043844848,-inf
sefa_guided_budget,SEFA,0,S5,5,1500,6,6,593,0.0014359133681597278,13.623946037099497,-inf
sefa_guided_budget,SEFA,0,S5,5,1500,7,7,593,0.0011117264658793286,10.548060708263069,-inf
sefa_guided_budget,SEFA,0,S5,5,1500,8,8,593,0.001771475249467509,16.807757166947724,-inf
sefa_guided_budget,SEFA,0,S5,5,1500,9,9,593,0.001470038305241875,13.947723440134911,-inf
sefa_guided_budget,SEFA,0,S5,5,1500,10,a,593,0.0017202878438442879,16.322091062394602,-inf
sefa_guided_budget,SEFA,0,S5,5,1500,11,b,593,0.005240843852819145,49.72512647554805,-inf
sefa_guided_budget,SEFA,0,S5,5,1500,12,c,593,0.0017885377180085825,16.96964586846543,-inf
sefa_guided_budget,SEFA,0,S5,5,1500,13,d,593,0.0012937261303174476,12.274873524451943,-inf
sefa_guided_budget,SEFA,0,S5,5,1500,14,e,593,0.002783848382904544,26.413153456998312,-inf
sefa_guided_budget,SEFA,0,S5,5,1500,15,f,593,0.0023402242008366296,22.20404721753794,-inf
sefa_guided_budget,SEFA,0,S5,5,2000,0,0,786,0.001854576591625715,23.32315521628499,-inf
sefa_guided_budget,SEFA,0,S5,5,2000,1,1,786,0.0017995422437179914,22.63104325699746,-inf
sefa_guided_budget,SEFA,0,S5,5,2000,2,2,786,0.002353123037378034,29.59287531806616,-inf
sefa_guided_budget,SEFA,0,S5,5,2000,3,3,786,0.0014110644937811185,17.745547073791347,-inf
sefa_guided_budget,SEFA,0,S5,5,2000,4,4,786,0.0012815719104688282,16.117048346055984,-inf
sefa_guided_budget,SEFA,0,S5,5,2000,5,5,786,0.0022301050832313576,28.045801526717554,-inf
sefa_guided_budget,SEFA,0,S5,5,2000,6,6,786,0.0007830254647165082,9.847328244274808,-inf
sefa_guided_budget,SEFA,0,S5,5,2000,7,7,786,0.001190927102150224,14.977099236641218,-inf
sefa_guided_budget,SEFA,0,S5,5,2000,8,8,786,0.0020293915790973067,25.52162849872773,-inf
sefa_guided_budget,SEFA,0,S5,5,2000,9,9,786,0.0016150153124979767,20.310432569974555,-inf
sefa_guided_budget,SEFA,0,S5,5,2000,10,a,786,0.0013657420896218166,17.175572519083964,-inf
sefa_guided_budget,SEFA,0,S5,5,2000,11,b,786,0.005496555497283893,69.12468193384224,-inf
sefa_guided_budget,SEFA,0,S5,5,2000,12,c,786,0.0015502690208418315,19.496183206106874,-inf
sefa_guided_budget,SEFA,0,S5,5,2000,13,d,786,0.0007603642626368575,9.56234096692112,-inf
sefa_guided_budget,SEFA,0,S5,5,2000,14,e,786,0.0027318888435664845,34.356234096692106,-inf
sefa_guided_budget,SEFA,0,S5,5,2000,15,f,786,0.0022171558249001284,27.882951653944016,-inf
sefa_guided_budget,SEFA,0,S5,5,3000,0,0,1182,0.0013225383001079357,25.01184433164128,-inf
sefa_guided_budget,SEFA,0,S5,5,3000,1,1,1182,0.0013497370312155546,25.52622673434857,-inf
sefa_guided_budget,SEFA,0,S5,5,3000,2,2,1182,0.0015243815151697343,28.829103214890015,-inf
sefa_guided_budget,SEFA,0,S5,5,3000,3,3,1182,0.0012409421067850815,23.468697123519462,-inf
sefa_guided_budget,SEFA,0,S5,5,3000,4,4,1182,0.0010247837700876942,19.380710659898472,-inf
sefa_guided_budget,SEFA,0,S5,5,3000,5,5,1182,0.0013182437636172592,24.930626057529608,-inf
sefa_guided_budget,SEFA,0,S5,5,3000,6,6,1182,0.0005509532439497138,10.419627749576987,-inf
sefa_guided_budget,SEFA,0,S5,5,3000,7,7,1182,0.0006540221197259514,12.368866328257193,-inf
sefa_guided_budget,SEFA,0,S5,5,3000,8,8,1182,0.001753423461339151,33.16074450084602,-inf
sefa_guided_budget,SEFA,0,S5,5,3000,9,9,1182,0.0013168122514537008,24.90355329949239,-inf
sefa_guided_budget,SEFA,0,S5,5,3000,10,a,1182,0.0009073997726758683,17.16074450084602,-inf
sefa_guided_budget,SEFA,0,S5,5,3000,11,b,1182,0.00505305899834231,95.56345177664977,-inf
sefa_guided_budget,SEFA,0,S5,5,3000,12,c,1182,0.0015129294178612637,28.61252115059222,-inf
sefa_guided_budget,SEFA,0,S5,5,3000,13,d,1182,0.0006354124615996862,12.016920473773267,-inf
sefa_guided_budget,SEFA,0,S5,5,3000,14,e,1182,0.0019767393588543316,37.38409475465312,-inf
sefa_guided_budget,SEFA,0,S5,5,3000,15,f,1182,0.0014241756637206142,26.934010152284255,-inf
sefa_guided_budget,SEFA,0,S5,5,4000,0,0,1587,0.0012477075275682341,31.681789540012602,-inf
sefa_guided_budget,SEFA,0,S5,5,4000,1,1,1587,0.0014541739773657183,36.92438563327032,-inf
sefa_guided_budget,SEFA,0,S5,5,4000,2,2,1587,0.0014462329600658148,36.72274732199117,-inf
sefa_guided_budget,SEFA,0,S5,5,4000,3,3,1587,0.0009816834480214755,24.926906112161305,-inf
sefa_guided_budget,SEFA,0,S5,5,4000,4,4,1587,0.0009483311753618821,24.08002520478891,-inf
sefa_guided_budget,SEFA,0,S5,5,4000,5,5,1587,0.001529613641714799,38.83994959042217,-inf
sefa_guided_budget,SEFA,0,S5,5,4000,6,6,1587,0.0007315414030745238,18.57529930686831,-inf
sefa_guided_budget,SEFA,0,S5,5,4000,7,7,1587,0.000690248113115027,17.526780088216764,-inf
sefa_guided_budget,SEFA,0,S5,5,4000,8,8,1587,0.001625699951043628,41.2797731568998,-inf
sefa_guided_budget,SEFA,0,S5,5,4000,9,9,1587,0.0011627386424592698,29.524259609325778,-inf
sefa_guided_budget,SEFA,0,S5,5,4000,10,a,1587,0.0010515644002606237,26.701323251417758,-inf
sefa_guided_budget,SEFA,0,S5,5,4000,11,b,1587,0.0052047164481100186,132.15816005040958,-inf
sefa_guided_budget,SEFA,0,S5,5,4000,12,c,1587,0.0009872421601314083,25.06805293005672,-inf
sefa_guided_budget,SEFA,0,S5,5,4000,13,d,1587,0.0006989832321449203,17.748582230623814,-inf
sefa_guided_budget,SEFA,0,S5,5,4000,14,e,1587,0.0018821948098305037,47.79269061121615,-inf
sefa_guided_budget,SEFA,0,S5,5,4000,15,f,1587,0.0014922908604052538,37.89224952741021,-inf
sefa_guided_budget,SEFA,0,S5,5,6000,0,0,2390,0.00157871010661578,60.369874476987434,-inf
sefa_guided_budget,SEFA,0,S5,5,6000,1,1,2390,0.0012576372962658216,48.09205020920502,-inf
sefa_guided_budget,SEFA,0,S5,5,6000,2,2,2390,0.0011508464487666533,44.00836820083682,-inf
sefa_guided_budget,SEFA,0,S5,5,6000,3,3,2390,0.0008700390399327743,33.27029288702929,-inf
sefa_guided_budget,SEFA,0,S5,5,6000,4,4,2390,0.0008224208259659321,31.44937238493724,-inf
sefa_guided_budget,SEFA,0,S5,5,6000,5,5,2390,0.0009215087270881113,35.23849372384937,-inf
sefa_guided_budget,SEFA,0,S5,5,6000,6,6,2390,0.0005699742651564224,21.795815899581594,-inf
sefa_guided_budget,SEFA,0,S5,5,6000,7,7,2390,0.0003563925701580852,13.628451882845178,-inf
sefa_guided_budget,SEFA,0,S5,5,6000,8,8,2390,0.0015752087673535128,60.23598326359833,-inf
sefa_guided_budget,SEFA,0,S5,5,6000,9,9,2390,0.0007947602457940164,30.391631799163186,-inf
sefa_guided_budget,SEFA,0,S5,5,6000,10,a,2390,0.0008374765847936835,32.02510460251046,-inf
sefa_guided_budget,SEFA,0,S5,5,6000,11,b,2390,0.004866467673885261,186.0937238493724,-inf
sefa_guided_budget,SEFA,0,S5,5,6000,12,c,2390,0.0007460916300484936,28.530543933054393,-inf
sefa_guided_budget,SEFA,0,S5,5,6000,13,d,2390,0.0008976996201046899,34.32803347280334,-inf
sefa_guided_budget,SEFA,0,S5,5,6000,14,e,2390,0.0010818700652999774,41.37071129707114,-inf
sefa_guided_budget,SEFA,0,S5,5,6000,15,f,2390,0.0009057527004079056,34.63598326359831,-inf
sefa_guided_budget,SEFA,0,S5,5,8000,0,0,3178,0.0014505156795004675,73.75582127123977,-inf
sefa_guided_budget,SEFA,0,S5,5,8000,1,1,3178,0.0012976396093184695,65.98237885462554,-inf
sefa_guided_budget,SEFA,0,S5,5,8000,2,2,3178,0.001142189201167086,58.078036500943995,-inf
sefa_guided_budget,SEFA,0,S5,5,8000,3,3,3178,0.0008077232911445545,41.071113908118306,-inf
sefa_guided_budget,SEFA,0,S5,5,8000,4,4,3178,0.0007734647935519572,39.329137822529916,-inf
sefa_guided_budget,SEFA,0,S5,5,8000,5,5,3178,0.0006861353285904791,34.88860918816868,-inf
sefa_guided_budget,SEFA,0,S5,5,8000,6,6,3178,0.00046454423722564007,23.621145374449345,-inf
sefa_guided_budget,SEFA,0,S5,5,8000,7,7,3178,0.0002823603193921712,14.35745752045312,-inf
sefa_guided_budget,SEFA,0,S5,5,8000,8,8,3178,0.0015891338778520202,80.80427942101953,-inf
sefa_guided_budget,SEFA,0,S5,5,8000,9,9,3178,0.000699403070432699,35.56324732536188,-inf
sefa_guided_budget,SEFA,0,S5,5,8000,10,a,3178,0.0009287171757056953,47.223410950283196,-inf
sefa_guided_budget,SEFA,0,S5,5,8000,11,b,3178,0.004812403041520902,244.70106985525481,-inf
sefa_guided_budget,SEFA,0,S5,5,8000,12,c,3178,0.000845744282692409,43.00440528634361,-inf
sefa_guided_budget,SEFA,0,S5,5,8000,13,d,3178,0.0008497048026453107,43.20578980490876,-inf
sefa_guided_budget,SEFA,0,S5,5,8000,14,e,3178,0.0007277207880959447,37.003146633102595,-inf
sefa_guided_budget,SEFA,0,S5,5,8000,15,f,3178,0.0008257436569302565,41.98741346758968,-inf
sefa_guided_budget,SEFA,1,S0,0,250,0,0,88,0.017045454545454544,24.0,-inf
sefa_guided_budget,SEFA,1,S0,0,250,1,1,88,0.010330578512396695,14.545454545454547,-inf
sefa_guided_budget,SEFA,1,S0,0,250,2,2,88,0.013946280991735534,19.636363636363633,-inf
sefa_guided_budget,SEFA,1,S0,0,250,3,3,88,0.009297520661157025,13.090909090909092,-inf
sefa_guided_budget,SEFA,1,S0,0,250,4,4,88,0.010847107438016527,15.27272727272727,-inf
sefa_guided_budget,SEFA,1,S0,0,250,5,5,88,0.022210743801652888,31.272727272727266,-inf
sefa_guided_budget,SEFA,1,S0,0,250,6,6,88,0.017820247933884294,25.090909090909086,-inf
sefa_guided_budget,SEFA,1,S0,0,250,7,7,88,0.01265495867768595,17.818181818181817,-inf
sefa_guided_budget,SEFA,1,S0,0,250,8,8,88,0.007231404958677686,10.181818181818182,-inf
sefa_guided_budget,SEFA,1,S0,0,250,9,9,88,0.011363636363636364,16.0,-inf
sefa_guided_budget,SEFA,1,S0,0,250,10,a,88,0.007489669421487602,10.545454545454543,-inf
sefa_guided_budget,SEFA,1,S0,0,250,11,b,88,0.009297520661157025,13.090909090909092,-inf
sefa_guided_budget,SEFA,1,S0,0,250,12,c,88,0.005940082644628099,8.363636363636363,-inf
sefa_guided_budget,SEFA,1,S0,0,250,13,d,88,0.018853305785123963,26.54545454545454,
sefa_guided_budget,SEFA,1,S0,0,250,14,e,88,0.01084710743801653,15.272727272727273,-inf
sefa_guided_budget,SEFA,1,S0,0,250,15,f,88,0.010588842975206608,14.909090909090903,-inf
sefa_guided_budget,SEFA,1,S0,0,500,0,0,183,0.01044932664456986,30.59562841530055,-inf
sefa_guided_budget,SEFA,1,S0,0,500,1,1,183,0.005014706321478694,14.683060109289617,-inf
sefa_guided_budget,SEFA,1,S0,0,500,2,2,183,0.00477582191167249,13.98360655737705,-inf
sefa_guided_budget,SEFA,1,S0,0,500,3,3,183,0.004536937501866283,13.284153005464477,-inf
sefa_guided_budget,SEFA,1,S0,0,500,4,4,183,0.0042383319896085285,12.40983606557377,-inf
sefa_guided_budget,SEFA,1,S0,0,500,5,5,183,0.006448012780315925,18.879781420765028,-inf
sefa_guided_budget,SEFA,1,S0,0,500,6,6,183,0.008299366956314013,24.30054644808743,-inf
sefa_guided_budget,SEFA,1,S0,0,500,7,7,183,0.0056119173459942065,16.431693989071036,-inf
sefa_guided_budget,SEFA,1,S0,0,500,8,8,183,0.00668689719012213,19.579234972677597,-inf
sefa_guided_budget,SEFA,1,S0,0,500,9,9,183,0.005014706321478695,14.683060109289618,-inf
sefa_guided_budget,SEFA,1,S0,0,500,10,a,183,0.005671638448445758,16.606557377049178,-inf
sefa_guided_budget,SEFA,1,S0,0,500,11,b,183,0.006567454985219028,19.229508196721316,-inf
sefa_guided_budget,SEFA,1,S0,0,500,12,c,183,0.0032827943503837085,9.612021857923498,-inf
sefa_guided_budget,SEFA,1,S0,0,500,13,d,183,0.010867374361730717,31.81967213114754,
sefa_guided_budget,SEFA,1,S0,0,500,14,e,183,0.0037605631699961176,11.010928961748633,-inf
sefa_guided_budget,SEFA,1,S0,0,500,15,f,183,0.003103631043029054,9.087431693989071,-inf
sefa_guided_budget,SEFA,1,S0,0,1000,0,0,364,0.004717123535804855,27.472527472527474,-inf
sefa_guided_budget,SEFA,1,S0,0,1000,1,1,364,0.0019849655838666833,11.560439560439564,-inf
sefa_guided_budget,SEFA,1,S0,0,1000,2,2,364,0.0033887815481222065,19.73626373626373,-inf
sefa_guided_budget,SEFA,1,S0,0,1000,3,3,364,0.0046718391498611275,27.208791208791208,-inf
sefa_guided_budget,SEFA,1,S0,0,1000,4,4,364,0.002634041782393431,15.340659340659343,-inf
sefa_guided_budget,SEFA,1,S0,0,1000,5,5,364,0.003343497162178481,19.472527472527474,-inf
sefa_guided_budget,SEFA,1,S0,0,1000,6,6,364,0.0029661272793140916,17.27472527472527,-inf
sefa_guided_budget,SEFA,1,S0,0,1000,7,7,364,0.0039020045888177755,22.725274725274726,-inf
sefa_guided_budget,SEFA,1,S0,0,1000,8,8,364,0.005124683009298394,29.846153846153847,-inf
sefa_guided_budget,SEFA,1,S0,0,1000,9,9,364,0.002769894940224611,16.131868131868135,-inf
sefa_guided_budget,SEFA,1,S0,0,1000,10,a,364,0.0035095399106388116,20.439560439560438,-inf
sefa_guided_budget,SEFA,1,S0,0,1000,11,b,364,0.00459636517328825,26.769230769230766,-inf
sefa_guided_budget,SEFA,1,S0,0,1000,12,c,364,0.0033133075715493297,19.296703296703296,-inf
sefa_guided_budget,SEFA,1,S0,0,1000,13,d,364,0.00628698224852071,36.61538461538461,
sefa_guided_budget,SEFA,1,S0,0,1000,14,e,364,0.0026038521917642796,15.164835164835164,-inf
sefa_guided_budget,SEFA,1,S0,0,1000,15,f,364,0.0020302499698104087,11.82417582417582,-inf
sefa_guided_budget,SEFA,1,S0,0,1500,0,0,548,0.0026406574671000056,23.153284671532848,-inf
sefa_guided_budget,SEFA,1,S0,0,1500,1,1,548,0.0020745644413660827,18.18978102189781,-inf
sefa_guided_budget,SEFA,1,S0,0,1500,2,2,548,0.002041264851617028,17.8978102189781,-inf
sefa_guided_budget,SEFA,1,S0,0,1500,3,3,548,0.0027605359901966007,24.204379562043794,-inf
sefa_guided_budget,SEFA,1,S0,0,1500,4,4,548,0.002487479354254355,21.810218978102185,-inf
sefa_guided_budget,SEFA,1,S0,0,1500,5,5,548,0.0018947466567211893,16.613138686131386,-inf
sefa_guided_budget,SEFA,1,S0,0,1500,6,6,548,0.0024342000106558686,21.343065693430656,-inf
sefa_guided_budget,SEFA,1,S0,0,1500,7,7,548,0.0020146251798177843,17.66423357664233,-inf
sefa_guided_budget,SEFA,1,S0,0,1500,8,8,548,0.0021145239490649474,18.54014598540146,-inf
sefa_guided_budget,SEFA,1,S0,0,1500,9,9,548,0.0022810218978102192,20.000000000000004,-inf
sefa_guided_budget,SEFA,1,S0,0,1500,10,a,548,0.004418855559699505,38.74452554744526,-inf
sefa_guided_budget,SEFA,1,S0,0,1500,11,b,548,0.0037728435185678515,33.080291970802925,-inf
sefa_guided_budget,SEFA,1,S0,0,1500,12,c,548,0.0027605359901966007,24.204379562043794,-inf
sefa_guided_budget,SEFA,1,S0,0,1500,13,d,548,0.00640351110874314,56.14598540145985,-inf
sefa_guided_budget,SEFA,1,S0,0,1500,14,e,548,0.001621690020778944,14.21897810218978,-inf
sefa_guided_budget,SEFA,1,S0,0,1500,15,f,548,0.0014085726463849964,12.35036496350365,-inf
sefa_guided_budget,SEFA,1,S0,0,2000,0,0,740,0.0016709276844411982,19.783783783783786,-inf
sefa_guided_budget,SEFA,1,S0,0,2000,1,1,740,0.001177867056245435,13.94594594594595,-inf
sefa_guided_budget,SEFA,1,S0,0,2000,2,2,740,0.0015577063550036526,18.44324324324325,-inf
sefa_guided_budget,SEFA,1,S0,0,2000,3,3,740,0.0024817384952520094,29.38378378378379,-inf
sefa_guided_budget,SEFA,1,S0,0,2000,4,4,740,0.0027702702702702706,32.800000000000004,-inf
sefa_guided_budget,SEFA,1,S0,0,2000,5,5,740,0.0011742147552958365,13.902702702702705,-inf
sefa_guided_budget,SEFA,1,S0,0,2000,6,6,740,0.0018133674214755296,21.47027027027027,-inf
sefa_guided_budget,SEFA,1,S0,0,2000,7,7,740,0.0020105916727538352,23.80540540540541,-inf
sefa_guided_budget,SEFA,1,S0,0,2000,8,8,740,0.0025766983199415634,30.50810810810811,-inf
sefa_guided_budget,SEFA,1,S0,0,2000,9,9,740,0.0018097151205259316,21.42702702702703,-inf
sefa_guided_budget,SEFA,1,S0,0,2000,10,a,740,0.002587655222790358,30.63783783783784,-inf
sefa_guided_budget,SEFA,1,S0,0,2000,11,b,740,0.0026716581446311173,31.63243243243243,-inf
sefa_guided_budget,SEFA,1,S0,0,2000,12,c,740,0.0016745799853907966,19.827027027027032,-inf
sefa_guided_budget,SEFA,1,S0,0,2000,13,d,740,0.005440102264426589,64.41081081081082,-inf
sefa_guided_budget,SEFA,1,S0,0,2000,14,e,740,0.0016964937910883856,20.086486486486486,-inf
sefa_guided_budget,SEFA,1,S0,0,2000,15,f,740,0.001035427319211103,12.25945945945946,-inf
sefa_guided_budget,SEFA,1,S0,0,3000,0,0,1102,0.0013090783627194903,23.08166969147005,-inf
sefa_guided_budget,SEFA,1,S0,0,3000,1,1,1102,0.0010208711433756805,18.0,-inf
sefa_guided_budget,SEFA,1,S0,0,3000,2,2,1102,0.0010093428546019277,17.79673321234119,-inf
sefa_guided_budget,SEFA,1,S0,0,3000,3,3,1102,0.0017965602880095914,31.676950998185117,-inf
sefa_guided_budget,SEFA,1,S0,0,3000,4,4,1102,0.00212923376405216,37.54264972776768,-inf
sefa_guided_budget,SEFA,1,S0,0,3000,5,5,1102,0.0010406339241306845,18.34845735027223,-inf
sefa_guided_budget,SEFA,1,S0,0,3000,6,6,1102,0.0013288411434744945,23.43012704174229,-inf
sefa_guided_budget,SEFA,1,S0,0,3000,7,7,1102,0.001468827507155774,25.898366606170608,-inf
sefa_guided_budget,SEFA,1,S0,0,3000,8,8,1102,0.0016615146195170637,29.295825771324868,-inf
sefa_guided_budget,SEFA,1,S0,0,3000,9,9,1102,0.0013535446194182493,23.865698729582572,-inf
sefa_guided_budget,SEFA,1,S0,0,3000,10,a,1102,0.0011361540311132046,20.03266787658802,-inf
sefa_guided_budget,SEFA,1,S0,0,3000,11,b,1102,0.0022000503950909255,38.791288566243196,-inf
sefa_guided_budget,SEFA,1,S0,0,3000,12,c,1102,0.0013881294857395073,24.475499092558994,-inf
sefa_guided_budget,SEFA,1,S0,0,3000,13,d,1102,0.0053011600752303194,93.47005444646099,-inf
sefa_guided_budget,SEFA,1,S0,0,3000,14,e,1102,0.0016302235499883065,28.74410163339382,-inf
sefa_guided_budget,SEFA,1,S0,0,3000,15,f,1102,0.0008660626941281484,15.270417422867514,-inf
sefa_guided_budget,SEFA,1,S0,0,4000,0,0,1470,0.0010790642787727337,25.379591836734697,-inf
sefa_guided_budget,SEFA,1,S0,0,4000,1,1,1470,0.0009754037669489567,22.94149659863946,-inf
sefa_guided_budget,SEFA,1,S0,0,4000,2,2,1470,0.0008430515063168123,19.828571428571426,-inf
sefa_guided_budget,SEFA,1,S0,0,4000,3,3,1470,0.0010864686010458606,25.55374149659864,-inf
sefa_guided_budget,SEFA,1,S0,0,4000,4,4,1470,0.0016251330464158457,38.22312925170069,-inf
sefa_guided_budget,SEFA,1,S0,0,4000,5,5,1470,0.000727358970799204,17.10748299319728,-inf
sefa_guided_budget,SEFA,1,S0,0,4000,6,6,1470,0.0013280346152066268,31.23537414965986,-inf
sefa_guided_budget,SEFA,1,S0,0,4000,7,7,1470,0.001125341292979777,26.468027210884355,-inf
sefa_guided_budget,SEFA,1,S0,0,4000,8,8,1470,0.0010707344162154658,25.183673469387756,-inf
sefa_guided_budget,SEFA,1,S0,0,4000,9,9,1470,0.001335438937479754,31.409523809523815,-inf
sefa_guided_budget,SEFA,1,S0,0,4000,10,a,1470,0.0012447359896339486,29.27619047619047,-inf
sefa_guided_budget,SEFA,1,S0,0,4000,11,b,1470,0.0020314452311536862,47.7795918367347,-inf
sefa_guided_budget,SEFA,1,S0,0,4000,12,c,1470,0.0012262251839511322,28.84081632653063,-inf
sefa_guided_budget,SEFA,1,S0,0,4000,13,d,1470,0.005391156462585033,126.79999999999998,-inf
sefa_guided_budget,SEFA,1,S0,0,4000,14,e,1470,0.0013798648711185158,32.45442176870749,-inf
sefa_guided_budget,SEFA,1,S0,0,4000,15,f,1470,0.0009670739043916891,22.745578231292527,-inf
sefa_guided_budget,SEFA,1,S0,0,6000,0,0,2205,0.0009132897301021697,32.220861678004546,-inf
sefa_guided_budget,SEFA,1,S0,0,6000,1,1,2205,0.0005356692941726957,18.898412698412702,-inf
sefa_guided_budget,SEFA,1,S0,0,6000,2,2,2205,0.0007154297849147216,25.24036281179138,-inf
sefa_guided_budget,SEFA,1,S0,0,6000,3,3,2205,0.001216044240825582,42.90204081632653,-inf
sefa_guided_budget,SEFA,1,S0,0,6000,4,4,2205,0.0011095042703400337,39.14331065759639,-inf
sefa_guided_budget,SEFA,1,S0,0,6000,5,5,2205,0.0005825633352358327,20.552834467120178,-inf
sefa_guided_budget,SEFA,1,S0,0,6000,6,6,2205,0.0015977781891290152,56.36961451247166,-inf
sefa_guided_budget,SEFA,1,S0,0,6000,7,7,2205,0.001100865894354718,38.83854875283445,-inf
sefa_guided_budget,SEFA,1,S0,0,6000,8,8,2205,0.0010831777911466931,38.21451247165533,-inf
sefa_guided_budget,SEFA,1,S0,0,6000,9,9,2205,0.0013172366452249833,46.47210884353741,-inf
sefa_guided_budget,SEFA,1,S0,0,6000,10,a,2205,0.00149494037978003,52.74149659863946,-inf
sefa_guided_budget,SEFA,1,S0,0,6000,11,b,2205,0.0015562317141520252,54.90385487528345,-inf
sefa_guided_budget,SEFA,1,S0,0,6000,12,c,2205,0.0011132064314765965,39.27392290249432,-inf
sefa_guided_budget,SEFA,1,S0,0,6000,13,d,2205,0.0052694993341251845,185.9079365079365,-inf
sefa_guided_budget,SEFA,1,S0,0,6000,14,e,2205,0.0011843701955460946,41.78458049886622,-inf
sefa_guided_budget,SEFA,1,S0,0,6000,15,f,2205,0.0008923108169949768,31.48072562358278,-inf
sefa_guided_budget,SEFA,1,S0,0,8000,0,0,2913,0.0007449043782449944,34.718503261242695,-inf
sefa_guided_budget,SEFA,1,S0,0,8000,1,1,2913,0.00046725652693413975,21.777892207346387,-inf
sefa_guided_budget,SEFA,1,S0,0,8000,2,2,2913,0.000615508223432041,28.687607277720566,-inf
sefa_guided_budget,SEFA,1,S0,0,8000,3,3,2913,0.0006499195870070704,30.29145211122554,-inf
sefa_guided_budget,SEFA,1,S0,0,8000,4,4,2913,0.0010359868030063743,48.285272914521094,-inf
sefa_guided_budget,SEFA,1,S0,0,8000,5,5,2913,0.00038947741748373047,18.15276347408171,-inf
sefa_guided_budget,SEFA,1,S0,0,8000,6,6,2913,0.001271681074068221,59.270511500171644,-inf
sefa_guided_budget,SEFA,1,S0,0,8000,7,7,2913,0.0008370608382301764,39.01373154823206,-inf
sefa_guided_budget,SEFA,1,S0,0,8000,8,8,2913,0.0009763561524277273,45.50600755235151,-inf
sefa_guided_budget,SEFA,1,S0,0,8000,9,9,2913,0.001155483798434731,53.85478887744594,-inf
sefa_guided_budget,SEFA,1,S0,0,8000,10,a,2913,0.0012144073662001924,56.60109852385857,-inf
sefa_guided_budget,SEFA,1,S0,0,8000,11,b,2913,0.0013742080819801245,64.04909028492965,-inf
sefa_guided_budget,SEFA,1,S0,0,8000,12,c,2913,0.00095113686542411,44.33058702368692,-inf
sefa_guided_budget,SEFA,1,S0,0,8000,13,d,2913,0.005073429666295801,236.46240988671468,-inf
sefa_guided_budget,SEFA,1,S0,0,8000,14,e,2913,0.0010322156946693853,48.10950909715071,-inf
sefa_guided_budget,SEFA,1,S0,0,8000,15,f,2913,0.0008339968127063726,38.87092344661861,-inf
sefa_guided_budget,SEFA,1,S5,5,250,0,0,103,0.010739702139692713,17.699029126213592,-inf
sefa_guided_budget,SEFA,1,S5,5,250,1,1,103,0.013001932321613726,21.42718446601942,-inf
sefa_guided_budget,SEFA,1,S5,5,250,2,2,103,0.0069693185031576965,11.485436893203884,-inf
sefa_guided_budget,SEFA,1,S5,5,250,3,3,103,0.011870817230653218,19.563106796116504,-inf
sefa_guided_budget,SEFA,1,S5,5,250,4,4,103,0.013944528230747478,22.980582524271842,-inf
sefa_guided_budget,SEFA,1,S5,5,250,5,5,103,0.01582972004901499,26.087378640776702,-inf
sefa_guided_budget,SEFA,1,S5,5,250,6,6,103,0.010928221321519462,18.009708737864074,-inf
sefa_guided_budget,SEFA,1,S5,5,250,7,7,103,0.009608587048732208,15.834951456310678,-inf
sefa_guided_budget,SEFA,1,S5,5,250,8,8,103,0.011493778866999718,18.941747572815537,-inf
sefa_guided_budget,SEFA,1,S5,5,250,9,9,103,0.008288952775944951,13.66019417475728,-inf
sefa_guided_budget,SEFA,1,S5,5,250,10,a,103,0.0077233952304647,12.728155339805825,-inf
sefa_guided_budget,SEFA,1,S5,5,250,11,b,103,0.007157837684984447,11.79611650485437,-inf
sefa_guided_budget,SEFA,1,S5,5,250,12,c,103,0.010928221321519466,18.00970873786408,-inf
sefa_guided_budget,SEFA,1,S5,5,250,13,d,103,0.007534876048637948,12.417475728155338,-inf
sefa_guided_budget,SEFA,1,S5,5,250,14,e,103,0.00791191441229145,13.038834951456309,-inf
sefa_guided_budget,SEFA,1,S5,5,250,15,f,103,0.01677231595814874,27.640776699029125,-inf
sefa_guided_budget,SEFA,1,S5,5,500,0,0,202,0.00504239780413685,16.2970297029703,-inf
sefa_guided_budget,SEFA,1,S5,5,500,1,1,202,0.005091412606607195,16.455445544554454,-inf
sefa_guided_budget,SEFA,1,S5,5,500,2,2,202,0.005042397804136849,16.297029702970296,-inf
sefa_guided_budget,SEFA,1,S5,5,500,3,3,202,0.005385501421429272,17.405940594059405,-inf
sefa_guided_budget,SEFA,1,S5,5,500,4,4,202,0.007395108322713459,23.9009900990099,-inf
sefa_guided_budget,SEFA,1,S5,5,500,5,5,202,0.006855945495539653,22.15841584158416,-inf
sefa_guided_budget,SEFA,1,S5,5,500,6,6,202,0.008032300754827958,25.96039603960396,-inf
sefa_guided_budget,SEFA,1,S5,5,500,7,7,202,0.0036699833349671607,11.861386138613863,-inf
sefa_guided_budget,SEFA,1,S5,5,500,8,8,202,0.006316782668365847,20.415841584158418,-inf
sefa_guided_budget,SEFA,1,S5,5,500,9,9,202,0.00577761984119204,18.673267326732674,-inf
sefa_guided_budget,SEFA,1,S5,5,500,10,a,202,0.003718998137437506,12.01980198019802,-inf
sefa_guided_budget,SEFA,1,S5,5,500,11,b,202,0.00391505734731889,12.653465346534654,-inf
sefa_guided_budget,SEFA,1,S5,5,500,12,c,202,0.005581560631310656,18.03960396039604,-inf
sefa_guided_budget,SEFA,1,S5,5,500,13,d,202,0.007052004705421037,22.792079207920793,-inf
sefa_guided_budget,SEFA,1,S5,5,500,14,e,202,0.003375894520145083,10.910891089108908,-inf
sefa_guided_budget,SEFA,1,S5,5,500,15,f,202,0.009600774433879031,31.029702970297027,-inf
sefa_guided_budget,SEFA,1,S5,5,1000,0,0,400,0.0039625,25.36,-inf
sefa_guided_budget,SEFA,1,S5,5,1000,1,1,400,0.00235,15.040000000000001,-inf
sefa_guided_budget,SEFA,1,S5,5,1000,2,2,400,0.0035375000000000007,22.640000000000004,-inf
sefa_guided_budget,SEFA,1,S5,5,1000,3,3,400,0.0012749999999999997,8.159999999999998,-inf
sefa_guided_budget,SEFA,1,S5,5,1000,4,4,400,0.0024999999999999996,15.999999999999998,-inf
sefa_guided_budget,SEFA,1,S5,5,1000,5,5,400,0.003575,22.88,-inf
sefa_guided_budget,SEFA,1,S5,5,1000,6,6,400,0.006575,42.08,-inf
sefa_guided_budget,SEFA,1,S5,5,1000,7,7,400,0.0025,16.0,-inf
sefa_guided_budget,SEFA,1,S5,5,1000,8,8,400,0.0036499999999999996,23.359999999999996,-inf
sefa_guided_budget,SEFA,1,S5,5,1000,9,9,400,0.0027624999999999998,17.68,-inf
sefa_guided_budget,SEFA,1,S5,5,1000,10,a,400,0.0024625000000000003,15.760000000000002,-inf
sefa_guided_budget,SEFA,1,S5,5,1000,11,b,400,0.0017874999999999998,11.44,-inf
sefa_guided_budget,SEFA,1,S5,5,1000,12,c,400,0.0037,23.68,-inf
sefa_guided_budget,SEFA,1,S5,5,1000,13,d,400,0.0036250000000000006,23.200000000000003,-inf
sefa_guided_budget,SEFA,1,S5,5,1000,14,e,400,0.0020749999999999996,13.279999999999998,-inf
sefa_guided_budget,SEFA,1,S5,5,1000,15,f,400,0.0058625,37.519999999999996,-inf
sefa_guided_budget,SEFA,1,S5,5,1500,0,0,608,0.0037277094875346256,36.263157894736835,-inf
sefa_guided_budget,SEFA,1,S5,5,1500,1,1,608,0.0018557392659279777,18.052631578947366,-inf
sefa_guided_budget,SEFA,1,S5,5,1500,2,2,608,0.0028782894736842117,28.00000000000001,-inf
sefa_guided_budget,SEFA,1,S5,5,1500,3,3,608,0.0015798130193905818,15.36842105263158,-inf
sefa_guided_budget,SEFA,1,S5,5,1500,4,4,608,0.0033976800554016617,33.05263157894736,-inf
sefa_guided_budget,SEFA,1,S5,5,1500,5,5,608,0.0028782894736842104,28.0,-inf
sefa_guided_budget,SEFA,1,S5,5,1500,6,6,608,0.005664603531855956,55.10526315789474,-inf
sefa_guided_budget,SEFA,1,S5,5,1500,7,7,608,0.001769174168975069,17.210526315789473,-inf
sefa_guided_budget,SEFA,1,S5,5,1500,8,8,608,0.002926982340720222,28.47368421052632,-inf
sefa_guided_budget,SEFA,1,S5,5,1500,9,9,608,0.001974766274238227,19.210526315789473,-inf
sefa_guided_budget,SEFA,1,S5,5,1500,10,a,608,0.0010658327562326868,10.368421052631577,-inf
sefa_guided_budget,SEFA,1,S5,5,1500,11,b,608,0.001779994806094183,17.315789473684212,-inf
sefa_guided_budget,SEFA,1,S5,5,1500,12,c,608,0.002082972645429363,20.263157894736842,-inf
sefa_guided_budget,SEFA,1,S5,5,1500,13,d,608,0.0023102060249307475,22.47368421052631,-inf
sefa_guided_budget,SEFA,1,S5,5,1500,14,e,608,0.0016122749307479222,15.684210526315788,-inf
sefa_guided_budget,SEFA,1,S5,5,1500,15,f,608,0.003624913434903047,35.26315789473684,-inf
sefa_guided_budget,SEFA,1,S5,5,2000,0,0,813,0.0028086604666784677,36.535055350553506,-inf
sefa_guided_budget,SEFA,1,S5,5,2000,1,1,813,0.0017072472385240456,22.207872078720786,-inf
sefa_guided_budget,SEFA,1,S5,5,2000,2,2,813,0.002878255258567346,37.44034440344404,-inf
sefa_guided_budget,SEFA,1,S5,5,2000,3,3,813,0.0010869458325579564,14.138991389913896,-inf
sefa_guided_budget,SEFA,1,S5,5,2000,4,4,813,0.002418324459997368,31.457564575645762,-inf
sefa_guided_budget,SEFA,1,S5,5,2000,5,5,813,0.0025605399042920316,33.307503075030745,-inf
sefa_guided_budget,SEFA,1,S5,5,2000,6,6,813,0.0050024093414365875,65.07134071340712,-inf
sefa_guided_budget,SEFA,1,S5,5,2000,7,7,813,0.0016981696569733226,22.08979089790898,-inf
sefa_guided_budget,SEFA,1,S5,5,2000,8,8,813,0.002085479803137515,27.127921279212796,-inf
sefa_guided_budget,SEFA,1,S5,5,2000,9,9,813,0.0017193506805916771,22.365313653136536,-inf
sefa_guided_budget,SEFA,1,S5,5,2000,10,a,813,0.0008569804332729677,11.147601476014763,-inf
sefa_guided_budget,SEFA,1,S5,5,2000,11,b,813,0.001056687227388879,13.745387453874537,-inf
sefa_guided_budget,SEFA,1,S5,5,2000,12,c,813,0.0019826005455626516,25.78966789667897,-inf
sefa_guided_budget,SEFA,1,S5,5,2000,13,d,813,0.0017647385883452931,22.95571955719557,-inf
sefa_guided_budget,SEFA,1,S5,5,2000,14,e,813,0.0013108595108091302,17.051660516605164,-inf
sefa_guided_budget,SEFA,1,S5,5,2000,15,f,813,0.0027693242799586666,36.02337023370234,-inf
sefa_guided_budget,SEFA,1,S5,5,3000,0,0,1201,0.0019792952861236233,38.03413821815155,-inf
sefa_guided_budget,SEFA,1,S5,5,3000,1,1,1201,0.001628491314135251,31.29308909242298,-inf
sefa_guided_budget,SEFA,1,S5,5,3000,2,2,1201,0.0021761892150657138,41.817651956702754,-inf
sefa_guided_budget,SEFA,1,S5,5,3000,3,3,1201,0.0010946591828485974,21.034970857618646,-inf
sefa_guided_budget,SEFA,1,S5,5,3000,4,4,1201,0.0020167328641619076,38.75353871773522,-inf
sefa_guided_budget,SEFA,1,S5,5,3000,5,5,1201,0.0023814026057940897,45.76103247293923,-inf
sefa_guided_budget,SEFA,1,S5,5,3000,6,6,1201,0.005398594080286967,103.73938384679435,-inf
sefa_guided_budget,SEFA,1,S5,5,3000,7,7,1201,0.0011320967608868828,21.754371357202338,-inf
sefa_guided_budget,SEFA,1,S5,5,3000,8,8,1201,0.0014329839621575417,27.53621981681932,-inf
sefa_guided_budget,SEFA,1,S5,5,3000,9,9,1201,0.0015785745434175377,30.333888426311404,-inf
sefa_guided_budget,SEFA,1,S5,5,3000,10,a,1201,0.0010960457598129787,21.0616153205662,-inf
sefa_guided_budget,SEFA,1,S5,5,3000,11,b,1201,0.0006357022076385137,12.21565362198168,-inf
sefa_guided_budget,SEFA,1,S5,5,3000,12,c,1201,0.0017352577403925815,33.344712739383844,-inf
sefa_guided_budget,SEFA,1,S5,5,3000,13,d,1201,0.0017768550493240088,34.144046627810155,-inf
sefa_guided_budget,SEFA,1,S5,5,3000,14,e,1201,0.0014939933485903021,28.708576186511245,-inf
sefa_guided_budget,SEFA,1,S5,5,3000,15,f,1201,0.001987614747909909,38.194004995836806,-inf
sefa_guided_budget,SEFA,1,S5,5,4000,0,0,1609,0.0014708816280083938,37.86637663144809,-inf
sefa_guided_budget,SEFA,1,S5,5,4000,1,1,1609,0.0014376626426629885,37.01118707271598,-inf
sefa_guided_budget,SEFA,1,S5,5,4000,2,2,1609,0.0020471923970240427,52.70292106898695,-inf
sefa_guided_budget,SEFA,1,S5,5,4000,3,3,1609,0.0016632427291945829,42.81852082038534,-inf
sefa_guided_budget,SEFA,1,S5,5,4000,4,4,1609,0.0016562899183083354,42.639527656929786,-inf
sefa_guided_budget,SEFA,1,S5,5,4000,5,5,1609,0.002151484560317759,55.38781852082039,-inf
sefa_guided_budget,SEFA,1,S5,5,4000,6,6,1609,0.005270206510071339,135.67619639527655,-inf
sefa_guided_budget,SEFA,1,S5,5,4000,7,7,1609,0.001260752232335129,32.45680546923556,-inf
sefa_guided_budget,SEFA,1,S5,5,4000,8,8,1609,0.001662470194651666,42.79863269111249,-inf
sefa_guided_budget,SEFA,1,S5,5,4000,9,9,1609,0.0013186923230538604,33.94841516469858,-inf
sefa_guided_budget,SEFA,1,S5,5,4000,10,a,1609,0.0006666731688324027,17.162834058421375,-inf
sefa_guided_budget,SEFA,1,S5,5,4000,11,b,1609,0.0004295050641570622,11.05717837165941,-inf
sefa_guided_budget,SEFA,1,S5,5,4000,12,c,1609,0.0014840147152379733,38.20447482908639,-inf
sefa_guided_budget,SEFA,1,S5,5,4000,13,d,1609,0.0011356016363826688,29.234928527035425,-inf
sefa_guided_budget,SEFA,1,S5,5,4000,14,e,1609,0.001131738963668087,29.13548788067123,-inf
sefa_guided_budget,SEFA,1,S5,5,4000,15,f,1609,0.001819294706863699,46.83592293349907,-inf
sefa_guided_budget,SEFA,1,S5,5,6000,0,0,2387,0.0013321771205536766,50.878508588186016,-inf
sefa_guided_budget,SEFA,1,S5,5,6000,1,1,2387,0.0012567089855696151,47.99622957687474,-inf
sefa_guided_budget,SEFA,1,S5,5,6000,2,2,2387,0.001772700420111802,67.70297444490994,-inf
sefa_guided_budget,SEFA,1,S5,5,6000,3,3,2387,0.0014690728072689501,56.10682865521574,-inf
sefa_guided_budget,SEFA,1,S5,5,6000,4,4,2387,0.0012577620293135789,48.0364474235442,-inf
sefa_guided_budget,SEFA,1,S5,5,6000,5,5,2387,0.0015227780382110962,58.15793883535819,-inf
sefa_guided_budget,SEFA,1,S5,5,6000,6,6,2387,0.004672782890987683,178.4629241726016,-inf
sefa_guided_budget,SEFA,1,S5,5,6000,7,7,2387,0.00135920524331541,51.91076665270214,-inf
sefa_guided_budget,SEFA,1,S5,5,6000,8,8,2387,0.001567356890038891,59.86049434436532,-inf
sefa_guided_budget,SEFA,1,S5,5,6000,9,9,2387,0.0011131440218092375,42.5131964809384,-inf
sefa_guided_budget,SEFA,1,S5,5,6000,10,a,2387,0.0005118560440059961,19.548806032677003,-inf
sefa_guided_budget,SEFA,1,S5,5,6000,11,b,2387,0.0006006627330802637,22.94051110180143,-inf
sefa_guided_budget,SEFA,1,S5,5,6000,12,c,2387,0.001127535619643408,43.06284038542104,-inf
sefa_guided_budget,SEFA,1,S5,5,6000,13,d,2387,0.0013827232202639314,52.80896522832007,-inf
sefa_guided_budget,SEFA,1,S5,5,6000,14,e,2387,0.0007084242095458765,27.056137410976113,-inf
sefa_guided_budget,SEFA,1,S5,5,6000,15,f,2387,0.0013223487122766822,50.503142019271046,-inf
sefa_guided_budget,SEFA,1,S5,5,8000,0,0,3202,0.0009940451412121017,50.9269206745784,-inf
sefa_guided_budget,SEFA,1,S5,5,8000,1,1,3202,0.0011268868496852177,57.732667083073075,-inf
sefa_guided_budget,SEFA,1,S5,5,8000,2,2,3202,0.0013715028591202954,70.26483447845098,-inf
sefa_guided_budget,SEFA,1,S5,5,8000,3,3,3202,0.0013623346354811815,69.79512804497189,-inf
sefa_guided_budget,SEFA,1,S5,5,8000,4,4,3202,0.0009448878570194062,48.40849469081822,-inf
sefa_guided_budget,SEFA,1,S5,5,8000,5,5,3202,0.0014372409732986212,73.63272954403496,-inf
sefa_guided_budget,SEFA,1,S5,5,8000,6,6,3202,0.0042680763233160415,218.66208619612743,-inf
sefa_guided_budget,SEFA,1,S5,5,8000,7,7,3202,0.0013582381951317906,69.5852592129919,-inf
sefa_guided_budget,SEFA,1,S5,5,8000,8,8,3202,0.001156732343659354,59.26171143035602,-inf
sefa_guided_budget,SEFA,1,S5,5,8000,9,9,3202,0.000940596348081949,48.18863210493441,-inf
sefa_guided_budget,SEFA,1,S5,5,8000,10,a,3202,0.0004197632179450619,21.50530918176141,-inf
sefa_guided_budget,SEFA,1,S5,5,8000,11,b,3202,0.00041781253206439915,21.405371642723296,-inf
sefa_guided_budget,SEFA,1,S5,5,8000,12,c,3202,0.0010886534064242328,55.77389131792629,-inf
sefa_guided_budget,SEFA,1,S5,5,8000,13,d,3202,0.0009829262316923253,50.35727670206121,-inf
sefa_guided_budget,SEFA,1,S5,5,8000,14,e,3202,0.0006883726637122877,35.26670830730792,-inf
sefa_guided_budget,SEFA,1,S5,5,8000,15,f,3202,0.0011949657869203393,61.22048719550283,-inf
sifa_random_raw,SIFA,0,S0,0,250,0,0,68,0.01578719723183391,17.176470588235293,-20.10980019615449
sifa_random_raw,SIFA,0,S0,0,250,1,1,68,0.01578719723183391,17.176470588235293,-31.109800196154488
sifa_random_raw,SIFA,0,S0,0,250,2,2,68,0.013624567474048442,14.823529411764705,-18.10980019615449
sifa_random_raw,SIFA,0,S0,0,250,3,3,68,0.013624567474048443,14.823529411764707,-19.109800196154485
sifa_random_raw,SIFA,0,S0,0,250,4,4,68,0.014057093425605537,15.294117647058824,-17.109800196154485
sifa_random_raw,SIFA,0,S0,0,250,5,5,68,0.009299307958477509,10.117647058823529,-36.10980019615449
sifa_random_raw,SIFA,0,S0,0,250,6,6,68,0.014922145328719725,16.23529411764706,-20.10980019615449
sifa_random_raw,SIFA,0,S0,0,250,7,7,68,0.009731833910034602,10.588235294117647,-27.10980019615449
sifa_random_raw,SIFA,0,S0,0,250,8,8,68,0.02573529411764706,28.000000000000004,-18.109800196154488
sifa_random_raw,SIFA,0,S0,0,250,9,9,68,0.012326989619377164,13.411764705882355,-21.109800196154488
sifa_random_raw,SIFA,0,S0,0,250,10,a,68,0.012759515570934257,13.882352941176471,-34.10980019615449
sifa_random_raw,SIFA,0,S0,0,250,11,b,68,0.014489619377162631,15.764705882352944,-27.10980019615448
sifa_random_raw,SIFA,0,S0,0,250,12,c,68,0.01448961937716263,15.764705882352942,-9.109800196154486
sifa_random_raw,SIFA,0,S0,0,250,13,d,68,0.01448961937716263,15.764705882352942,-34.10980019615449
sifa_random_raw,SIFA,0,S0,0,250,14,e,68,0.02054498269896194,22.35294117647059,-26.109800196154488
sifa_random_raw,SIFA,0,S0,0,250,15,f,68,0.015354671280276816,16.705882352941174,-11.109800196154486
sifa_random_raw,SIFA,0,S0,0,500,0,0,131,0.010747479750597285,22.52671755725191,-56.52035037788584
sifa_random_raw,SIFA,0,S0,0,500,1,1,131,0.006435376726298001,13.488549618320612,-57.52035037788585
sifa_random_raw,SIFA,0,S0,0,500,2,2,131,0.006085746751354816,12.755725190839696,-40.520350377885855
sifa_random_raw,SIFA,0,S0,0,500,3,3,131,0.004337596876638892,9.091603053435117,-44.52035037788585
sifa_random_raw,SIFA,0,S0,0,500,4,4,131,0.004104510226676767,8.603053435114504,-38.52035037788585
sifa_random_raw,SIFA,0,S0,0,500,5,5,131,0.00818352660101393,17.152671755725198,-58.52035037788585
sifa_random_raw,SIFA,0,S0,0,500,6,6,131,0.007717353301089681,16.17557251908397,-29.520350377885855
sifa_random_raw,SIFA,0,S0,0,500,7,7,131,0.00911587320086242,19.106870229007633,-44.52035037788585
sifa_random_raw,SIFA,0,S0,0,500,8,8,131,0.012029456325388963,25.213740458015266,-39.52035037788585
sifa_random_raw,SIFA,0,S0,0,500,9,9,131,0.00561957345143057,11.778625954198475,-37.52035037788585
sifa_random_raw,SIFA,0,S0,0,500,10,a,131,0.007717353301089681,16.17557251908397,-62.52035037788585
sifa_random_raw,SIFA,0,S0,0,500,11,b,131,0.01098056640055941,23.01526717557252,-59.52035037788585
sifa_random_raw,SIFA,0,S0,0,500,12,c,131,0.00841661325097605,17.641221374045802,-24.520350377885855
sifa_random_raw,SIFA,0,S0,0,500,13,d,131,0.004104510226676768,8.603053435114505,-45.52035037788585
sifa_random_raw,SIFA,0,S0,0,500,14,e,131,0.011446739700483653,23.992366412213737,-41.52035037788585
sifa_random_raw,SIFA,0,S0,0,500,15,f,131,0.005269943476487385,11.04580152671756,-31.520350377885844
sifa_random_raw,SIFA,0,S0,0,1000,0,0,248,0.005950832466181062,23.612903225806456,-90.28280071538694
sifa_random_raw,SIFA,0,S0,0,1000,1,1,248,0.0023087929240374607,9.161290322580644,-112.28280071538693
sifa_random_raw,SIFA,0,S0,0,1000,2,2,248,0.002666493236212279,10.580645161290324,-83.28280071538694
sifa_random_raw,SIFA,0,S0,0,1000,3,3,248,0.0035119667013527576,13.935483870967742,-67.28280071538695
sifa_random_raw,SIFA,0,S0,0,1000,4,4,248,0.0029266389177939646,11.612903225806452,-62.28280071538695
sifa_random_raw,SIFA,0,S0,0,1000,5,5,248,0.00269901144640999,10.70967741935484,-98.28280071538694
sifa_random_raw,SIFA,0,S0,0,1000,6,6,248,0.003577003121748179,14.193548387096774,-55.28280071538694
sifa_random_raw,SIFA,0,S0,0,1000,7,7,248,0.005267950052029136,20.903225806451612,-97.28280071538697
sifa_random_raw,SIFA,0,S0,0,1000,8,8,248,0.0032518210197710717,12.903225806451612,-69.28280071538694
sifa_random_raw,SIFA,0,S0,0,1000,9,9,248,0.0018860561914672215,7.483870967741935,-71.28280071538694
sifa_random_raw,SIFA,0,S0,0,1000,10,a,248,0.0025689386056191466,10.193548387096774,-116.28280071538694
sifa_random_raw,SIFA,0,S0,0,1000,11,b,248,0.005137877211238293,20.387096774193548,-104.28280071538695
sifa_random_raw,SIFA,0,S0,0,1000,12,c,248,0.005105359001040583,20.258064516129032,-69.28280071538694
sifa_random_raw,SIFA,0,S0,0,1000,13,d,248,0.002146201873048907,8.516129032258062,-77.28280071538694
sifa_random_raw,SIFA,0,S0,0,1000,14,e,248,0.004682622268470344,18.580645161290324,-104.28280071538694
sifa_random_raw,SIFA,0,S0,0,1000,15,f,248,0.003544484911550468,14.064516129032256,-70.28280071538694
sifa_random_raw,SIFA,0,S0,0,1500,0,0,357,0.0022710064417924033,12.971988795518207,-111.32645102981104
sifa_random_raw,SIFA,0,S0,0,1500,1,1,357,0.00172176713822784,9.834733893557422,-148.32645102981104
sifa_random_raw,SIFA,0,S0,0,1500,2,2,357,0.002490702163218228,14.226890756302518,-110.32645102981107
sifa_random_raw,SIFA,0,S0,0,1500,3,3,357,0.002553472369339893,14.58543417366947,-84.32645102981104
sifa_random_raw,SIFA,0,S0,0,1500,4,4,357,0.00136083845302827,7.773109243697478,-109.32645102981107
sifa_random_raw,SIFA,0,S0,0,1500,5,5,357,0.0017845373443495047,10.19327731092437,-143.32645102981104
sifa_random_raw,SIFA,0,S0,0,1500,6,6,357,0.0018159224474103368,10.372549019607844,-104.32645102981104
sifa_random_raw,SIFA,0,S0,0,1500,7,7,357,0.0025534723693398926,14.585434173669467,-137.32645102981104
sifa_random_raw,SIFA,0,S0,0,1500,8,8,357,0.0016589969321061761,9.476190476190478,-113.32645102981107
sifa_random_raw,SIFA,0,S0,0,1500,9,9,357,0.001423608659149935,8.131652661064429,-111.32645102981107
sifa_random_raw,SIFA,0,S0,0,1500,10,a,357,0.0010312948708895322,5.890756302521008,-146.32645102981107
sifa_random_raw,SIFA,0,S0,0,1500,11,b,357,0.001925770308123249,10.999999999999998,-131.32645102981104
sifa_random_raw,SIFA,0,S0,0,1500,12,c,357,0.002679012781583222,15.302521008403364,-118.32645102981103
sifa_random_raw,SIFA,0,S0,0,1500,13,d,357,0.0012823756953761899,7.324929971988797,-119.32645102981105
sifa_random_raw,SIFA,0,S0,0,1500,14,e,357,0.0026319351269919735,15.033613445378153,-144.32645102981104
sifa_random_raw,SIFA,0,S0,0,1500,15,f,357,0.0011568352831328613,6.607843137254903,-108.32645102981104
sifa_random_raw,SIFA,0,S0,0,2000,0,0,474,0.001992869732414677,15.11392405063291,-142.08890136731216
sifa_random_raw,SIFA,0,S0,0,2000,1,1,474,0.0009335665580658371,7.080168776371308,-185.08890136731213
sifa_random_raw,SIFA,0,S0,0,2000,2,2,474,0.00219760900140647,16.666666666666668,-143.08890136731216
sifa_random_raw,SIFA,0,S0,0,2000,3,3,474,0.001939459488329861,14.708860759493666,-128.08890136731213
sifa_random_raw,SIFA,0,S0,0,2000,4,4,474,0.0012985365593120761,9.848101265822786,-144.08890136731216
sifa_random_raw,SIFA,0,S0,0,2000,5,5,474,0.0020640833911944306,15.654008438818561,-199.08890136731216
sifa_random_raw,SIFA,0,S0,0,2000,6,6,474,0.0018059338781178228,13.696202531645568,-154.0889013673122
sifa_random_raw,SIFA,0,S0,0,2000,7,7,474,0.0027762199789919707,21.054852320675106,-185.08890136731216
sifa_random_raw,SIFA,0,S0,0,2000,8,8,474,0.001067092168277876,8.092827004219412,-145.0889013673122
sifa_random_raw,SIFA,0,S0,0,2000,9,9,474,0.0016991133899481926,12.886075949367093,-156.08890136731216
sifa_random_raw,SIFA,0,S0,0,2000,10,a,474,0.0007288272890740444,5.527426160337552,-193.08890136731216
sifa_random_raw,SIFA,0,S0,0,2000,11,b,474,0.001690211682600722,12.818565400843877,-168.08890136731216
sifa_random_raw,SIFA,0,S0,0,2000,12,c,474,0.0023756431483558547,18.0168776371308,-150.08890136731216
sifa_random_raw,SIFA,0,S0,0,2000,13,d,474,0.0012095194858373832,9.172995780590714,-145.08890136731216
sifa_random_raw,SIFA,0,S0,0,2000,14,e,474,0.002117493635279246,16.059071729957804,-197.08890136731213
sifa_random_raw,SIFA,0,S0,0,2000,15,f,474,0.0010047802168455908,7.620253164556961,-142.0889013673122
sifa_random_raw,SIFA,0,S0,0,3000,0,0,694,0.0015940461261201408,17.700288184438044,-201.85590200192962
sifa_random_raw,SIFA,0,S0,0,3000,1,1,694,0.0009296439634911012,10.322766570605188,-247.8559020019296
sifa_random_raw,SIFA,0,S0,0,3000,2,2,694,0.0009504065310732589,10.553314121037467,-246.85590200192965
sifa_random_raw,SIFA,0,S0,0,3000,3,3,694,0.0014570131800779012,16.178674351585016,-206.85590200192962
sifa_random_raw,SIFA,0,S0,0,3000,4,4,694,0.0011455746663455385,12.72046109510086,-201.8559020019296
sifa_random_raw,SIFA,0,S0,0,3000,5,5,694,0.0015608260179886886,17.3314121037464,-279.8559020019296
sifa_random_raw,SIFA,0,S0,0,3000,6,6,694,0.0011331171257962442,12.582132564841496,-200.85590200192962
sifa_random_raw,SIFA,0,S0,0,3000,7,7,694,0.0019345522344675235,21.48126801152738,-260.8559020019296
sifa_random_raw,SIFA,0,S0,0,3000,8,8,694,0.0011787947744769912,13.08933717579251,-229.8559020019296
sifa_random_raw,SIFA,0,S0,0,3000,9,9,694,0.001494385801725785,16.593659942363114,-241.85590200192956
sifa_random_raw,SIFA,0,S0,0,3000,10,a,694,0.0007095607471202319,7.878962536023055,-271.8559020019296
sifa_random_raw,SIFA,0,S0,0,3000,11,b,694,0.0018390444235895987,20.420749279538903,-223.85590200192962
sifa_random_raw,SIFA,0,S0,0,3000,12,c,694,0.001996839937213995,22.1729106628242,-204.85590200192962
sifa_random_raw,SIFA,0,S0,0,3000,13,d,694,0.0011704897474441281,12.9971181556196,-232.8559020019296
sifa_random_raw,SIFA,0,S0,0,3000,14,e,694,0.002150482937321961,23.878962536023053,-310.8559020019296
sifa_random_raw,SIFA,0,S0,0,3000,15,f,694,0.0013864204502985658,15.394812680115274,-210.85590200192962
sifa_random_raw,SIFA,0,S0,0,4000,0,0,948,0.0009624971069451121,14.599156118143462,-297.17780273462427
sifa_random_raw,SIFA,0,S0,0,4000,1,1,948,0.0004840303370186402,7.341772151898734,-341.17780273462427
sifa_random_raw,SIFA,0,S0,0,4000,2,2,948,0.000942468265413306,14.295358649789026,-314.1778027346244
sifa_random_raw,SIFA,0,S0,0,4000,3,3,948,0.0007577578379533191,11.493670886075945,-280.17780273462427
sifa_random_raw,SIFA,0,S0,0,4000,4,4,948,0.0012028432053267815,18.24472573839662,-290.1778027346244
sifa_random_raw,SIFA,0,S0,0,4000,5,5,948,0.000862352899286083,13.080168776371307,-376.17780273462427
sifa_random_raw,SIFA,0,S0,0,4000,6,6,948,0.0007488561306058499,11.358649789029531,-294.17780273462427
sifa_random_raw,SIFA,0,S0,0,4000,7,7,948,0.0014476401573821859,21.957805907172997,-372.1778027346243
sifa_random_raw,SIFA,0,S0,0,4000,8,8,948,0.000826746069896206,12.540084388185653,-318.1778027346243
sifa_random_raw,SIFA,0,S0,0,4000,9,9,948,0.0009179885702077658,13.924050632911392,-304.1778027346243
sifa_random_raw,SIFA,0,S0,0,4000,10,a,948,0.0003638572878278051,5.518987341772148,-350.17780273462427
sifa_random_raw,SIFA,0,S0,0,4000,11,b,948,0.0010403870462354675,15.780590717299571,-320.1778027346243
sifa_random_raw,SIFA,0,S0,0,4000,12,c,948,0.0014543164378927878,22.059071729957804,-319.17780273462427
sifa_random_raw,SIFA,0,S0,0,4000,13,d,948,0.000655388203457423,9.940928270042193,-291.1778027346243
sifa_random_raw,SIFA,0,S0,0,4000,14,e,948,0.001207294059000516,18.312236286919827,-386.1778027346244
sifa_random_raw,SIFA,0,S0,0,4000,15,f,948,0.0012050686321636486,18.278481012658222,-300.1778027346243
sifa_random_raw,SIFA,0,S0,0,6000,0,0,1446,0.00042648772117100824,9.867219917012447,-462.42310417116744
sifa_random_raw,SIFA,0,S0,0,6000,1,1,1446,0.0003097924545988456,7.167358229598891,-485.42310417116744
sifa_random_raw,SIFA,0,S0,0,6000,2,2,1446,0.0005910089166661883,13.673582295988933,-513.4231041711674
sifa_random_raw,SIFA,0,S0,0,6000,3,3,1446,0.000915268714764247,21.17565698478562,-452.42310417116744
sifa_random_raw,SIFA,0,S0,0,6000,4,4,1446,0.0006570086985799527,15.200553250345786,-415.4231041711675
sifa_random_raw,SIFA,0,S0,0,6000,5,5,1446,0.0004915309845063122,11.372060857538038,-548.4231041711674
sifa_random_raw,SIFA,0,S0,0,6000,6,6,1446,0.0007287475919644788,16.86030428769018,-448.4231041711674
sifa_random_raw,SIFA,0,S0,0,6000,7,7,1446,0.0009516164207457401,22.016597510373444,-485.42310417116744
sifa_random_raw,SIFA,0,S0,0,6000,8,8,1446,0.00032414023327575076,7.49930843706777,-510.42310417116744
sifa_random_raw,SIFA,0,S0,0,6000,9,9,1446,0.0009114426404504053,21.087136929460577,-495.42310417116744
sifa_random_raw,SIFA,0,S0,0,6000,10,a,1446,0.0003174446032265286,7.344398340248965,-520.4231041711676
sifa_random_raw,SIFA,0,S0,0,6000,11,b,1446,0.0007230084804937163,16.727524204702622,-519.4231041711674
sifa_random_raw,SIFA,0,S0,0,6000,12,c,1446,0.0008569210814781654,19.825726141078835,-499.42310417116744
sifa_random_raw,SIFA,0,S0,0,6000,13,d,1446,0.0007010085531891288,16.218533886583682,-450.42310417116755
sifa_random_raw,SIFA,0,S0,0,6000,14,e,1446,0.0008837036016750555,20.445366528354082,-571.4231041711676
sifa_random_raw,SIFA,0,S0,0,6000,15,f,1446,0.0006943129231399061,16.06362378976487,-484.42310417116755
sifa_random_raw,SIFA,0,S0,0,8000,0,0,1917,0.0002156357647809228,6.613980177360464,-660.4924555298257
sifa_random_raw,SIFA,0,S0,0,8000,1,1,1917,0.00019822027277558587,6.07981220657277,-625.4924555298259
sifa_random_raw,SIFA,0,S0,0,8000,2,2,1917,0.00028747466930293666,8.817423056859674,-630.4924555298257
sifa_random_raw,SIFA,0,S0,0,8000,3,3,1917,0.0003239383556891108,9.935837245696405,-628.4924555298256
sifa_random_raw,SIFA,0,S0,0,8000,4,4,1917,0.000573197585015493,17.5811163275952,-528.4924555298257
sifa_random_raw,SIFA,0,S0,0,8000,5,5,1917,0.0003277479945652779,10.052686489306202,-714.4924555298255
sifa_random_raw,SIFA,0,S0,0,8000,6,6,1917,0.0005068010217451466,15.544600938967136,-625.4924555298259
sifa_random_raw,SIFA,0,S0,0,8000,7,7,1917,0.0006717039616706789,20.602503912363062,-656.4924555298257
sifa_random_raw,SIFA,0,S0,0,8000,8,8,1917,0.00028475349867710287,8.7339593114241,-618.4924555298259
sifa_random_raw,SIFA,0,S0,0,8000,9,9,1917,0.0004855758908636423,14.893583724569638,-656.4924555298257
sifa_random_raw,SIFA,0,S0,0,8000,10,a,1917,0.0004561872481046367,13.992175273865417,-713.4924555298256
sifa_random_raw,SIFA,0,S0,0,8000,11,b,1917,0.00037074249045345315,11.371413667188316,-696.4924555298257
sifa_random_raw,SIFA,0,S0,0,8000,12,c,1917,0.0006292536999076704,19.30046948356807,-679.4924555298257
sifa_random_raw,SIFA,0,S0,0,8000,13,d,1917,0.00037672906583028785,11.555033907146589,-640.4924555298257
sifa_random_raw,SIFA,0,S0,0,8000,14,e,1917,0.0004164581569674623,12.773604590506004,-690.4924555298257
sifa_random_raw,SIFA,0,S0,0,8000,15,f,1917,0.0007859931279557017,24.107981220657283,-658.4924555298257
sifa_random_raw,SIFA,0,S5,5,250,0,0,52,0.01812130177514793,15.076923076923078,-9.672200150000494
sifa_random_raw,SIFA,0,S5,5,250,1,1,52,0.01146449704142012,9.53846153846154,-26.672200150000492
sifa_random_raw,SIFA,0,S5,5,250,2,2,52,0.010724852071005918,8.923076923076923,-21.67220015000049
sifa_random_raw,SIFA,0,S5,5,250,3,3,52,0.02699704142011835,22.461538461538467,-30.67220015000049
sifa_random_raw,SIFA,0,S5,5,250,4,4,52,0.012943786982248521,10.76923076923077,-23.672200150000492
sifa_random_raw,SIFA,0,S5,5,250,5,5,52,0.01072485207100592,8.923076923076925,-18.672200150000492
sifa_random_raw,SIFA,0,S5,5,250,6,6,52,0.01812130177514793,15.076923076923078,-8.672200150000489
sifa_random_raw,SIFA,0,S5,5,250,7,7,52,0.015162721893491125,12.615384615384617,-17.67220015000049
sifa_random_raw,SIFA,0,S5,5,250,8,8,52,0.012943786982248524,10.769230769230772,-16.672200150000492
sifa_random_raw,SIFA,0,S5,5,250,9,9,52,0.01664201183431953,13.846153846153847,-15.672200150000489
sifa_random_raw,SIFA,0,S5,5,250,10,a,52,0.02699704142011835,22.461538461538467,-11.672200150000492
sifa_random_raw,SIFA,0,S5,5,250,11,b,52,0.015162721893491124,12.615384615384615,-4.67220015000049
sifa_random_raw,SIFA,0,S5,5,250,12,c,52,0.018121301775147924,15.076923076923073,-11.67220015000049
sifa_random_raw,SIFA,0,S5,5,250,13,d,52,0.0025887573964497044,2.153846153846154,-20.672200150000492
sifa_random_raw,SIFA,0,S5,5,250,14,e,52,0.017381656804733733,14.461538461538467,-19.672200150000492
sifa_random_raw,SIFA,0,S5,5,250,15,f,52,0.012943786982248521,10.76923076923077,-24.672200150000492
sifa_random_raw,SIFA,0,S5,5,500,0,0,98,0.009553311120366514,14.979591836734693,-28.305300282693235
sifa_random_raw,SIFA,0,S5,5,500,1,1,98,0.007887338608912954,12.367346938775512,-50.30530028269324
sifa_random_raw,SIFA,0,S5,5,500,2,2,98,0.009553311120366514,14.979591836734693,-32.30530028269323
sifa_random_raw,SIFA,0,S5,5,500,3,3,98,0.007470845481049563,11.714285714285715,-34.30530028269324
sifa_random_raw,SIFA,0,S5,5,500,4,4,98,0.008095585172844649,12.69387755102041,-49.30530028269324
sifa_random_raw,SIFA,0,S5,5,500,5,5,98,0.003514160766347355,5.5102040816326525,-37.305300282693224
sifa_random_raw,SIFA,0,S5,5,500,6,6,98,0.01496772178259059,23.469387755102044,-16.30530028269324
sifa_random_raw,SIFA,0,S5,5,500,7,7,98,0.013509995835068723,21.183673469387756,-30.30530028269324
sifa_random_raw,SIFA,0,S5,5,500,8,8,98,0.007887338608912954,12.367346938775512,-32.305300282693224
sifa_random_raw,SIFA,0,S5,5,500,9,9,98,0.007054352353186172,11.061224489795917,-28.30530028269323
sifa_random_raw,SIFA,0,S5,5,500,10,a,98,0.013301749271137028,20.857142857142858,-39.305300282693224
sifa_random_raw,SIFA,0,S5,5,500,11,b,98,0.01059454394002499,16.612244897959183,-21.30530028269323
sifa_random_raw,SIFA,0,S5,5,500,12,c,98,0.012260516451478548,19.224489795918362,-11.305300282693231
sifa_random_raw,SIFA,0,S5,5,500,13,d,98,0.004347147022074135,6.816326530612244,-35.30530028269324
sifa_random_raw,SIFA,0,S5,5,500,14,e,98,0.0068461057892544785,10.734693877551022,-43.30530028269323
sifa_random_raw,SIFA,0,S5,5,500,15,f,98,0.012677009579341942,19.877551020408166,-43.30530028269323
sifa_random_raw,SIFA,0,S5,5,1000,0,0,182,0.003192549209032726,9.296703296703297,-69.85270052500171
sifa_random_raw,SIFA,0,S5,5,1000,1,1,182,0.0024076198526747977,7.010989010989011,-73.85270052500172
sifa_random_raw,SIFA,0,S5,5,1000,2,2,182,0.0020453447651249852,5.956043956043957,-67.85270052500171
sifa_random_raw,SIFA,0,S5,5,1000,3,3,182,0.002951032483999518,8.593406593406597,-61.85270052500173
sifa_random_raw,SIFA,0,S5,5,1000,4,4,182,0.0066945417220142505,19.494505494505496,-87.85270052500171
sifa_random_raw,SIFA,0,S5,5,1000,5,5,182,0.0024076198526747977,7.010989010989011,-61.85270052500171
sifa_random_raw,SIFA,0,S5,5,1000,6,6,182,0.003615203477840841,10.52747252747253,-50.85270052500172
sifa_random_raw,SIFA,0,S5,5,1000,7,7,182,0.0066945417220142505,19.494505494505496,-52.85270052500171
sifa_random_raw,SIFA,0,S5,5,1000,8,8,182,0.005064303828040092,14.747252747252748,-49.85270052500171
sifa_random_raw,SIFA,0,S5,5,1000,9,9,182,0.004158616109165559,12.109890109890108,-59.85270052500172
sifa_random_raw,SIFA,0,S5,5,1000,10,a,182,0.00953236324115445,27.758241758241756,-65.8527005250017
sifa_random_raw,SIFA,0,S5,5,1000,11,b,182,0.0027095157589663082,7.89010989010989,-53.85270052500172
sifa_random_raw,SIFA,0,S5,5,1000,12,c,182,0.007177575172080667,20.9010989010989,-38.85270052500171
sifa_random_raw,SIFA,0,S5,5,1000,13,d,182,0.0030114116652578187,8.769230769230768,-66.85270052500171
sifa_random_raw,SIFA,0,S5,5,1000,14,e,182,0.0032529283902910278,9.472527472527473,-71.85270052500171
sifa_random_raw,SIFA,0,S5,5,1000,15,f,182,0.008264400434730104,24.065934065934062,-55.85270052500172
sifa_random_raw,SIFA,0,S5,5,1500,0,0,284,0.003012795080341202,13.690140845070422,-108.51740081923344
sifa_random_raw,SIFA,0,S5,5,1500,1,1,284,0.0011034516960920456,5.014084507042256,-113.51740081923343
sifa_random_raw,SIFA,0,S5,5,1500,2,2,284,0.0008306883554850227,3.774647887323943,-94.51740081923344
sifa_random_raw,SIFA,0,S5,5,1500,3,3,284,0.002616048403094624,11.88732394366197,-107.51740081923344
sifa_random_raw,SIFA,0,S5,5,1500,4,4,284,0.002467268399127157,11.211267605633802,-116.51740081923344
sifa_random_raw,SIFA,0,S5,5,1500,5,5,284,0.0017481650466177347,7.943661971830987,-101.51740081923344
sifa_random_raw,SIFA,0,S5,5,1500,6,6,284,0.001673775044634001,7.605633802816901,-93.51740081923342
sifa_random_raw,SIFA,0,S5,5,1500,7,7,284,0.002616048403094624,11.88732394366197,-84.51740081923343
sifa_random_raw,SIFA,0,S5,5,1500,8,8,284,0.0030127950803412024,13.690140845070424,-69.51740081923346
sifa_random_raw,SIFA,0,S5,5,1500,9,9,284,0.002814421741717913,12.788732394366196,-102.51740081923344
sifa_random_raw,SIFA,0,S5,5,1500,10,a,284,0.004327018448720492,19.661971830985916,-97.51740081923344
sifa_random_raw,SIFA,0,S5,5,1500,11,b,284,0.0021449117238643125,9.746478873239436,-74.51740081923342
sifa_random_raw,SIFA,0,S5,5,1500,12,c,284,0.003335151755604047,15.15492957746479,-71.51740081923344
sifa_random_raw,SIFA,0,S5,5,1500,13,d,284,0.00142580837135489,6.47887323943662,-104.51740081923344
sifa_random_raw,SIFA,0,S5,5,1500,14,e,284,0.002715235072406269,12.338028169014086,-106.51740081923344
sifa_random_raw,SIFA,0,S5,5,1500,15,f,284,0.0037318984328506243,16.957746478873236,-97.51740081923344
sifa_random_raw,SIFA,0,S5,5,2000,0,0,384,0.003553602430555555,21.83333333333333,-154.5024011076959
sifa_random_raw,SIFA,0,S5,5,2000,1,1,384,0.0017225477430555553,10.583333333333332,-155.5024011076959
sifa_random_raw,SIFA,0,S5,5,2000,2,2,384,0.001532660590277778,9.416666666666668,-134.5024011076959
sifa_random_raw,SIFA,0,S5,5,2000,3,3,384,0.0020751953125000004,12.750000000000004,-129.5024011076959
sifa_random_raw,SIFA,0,S5,5,2000,4,4,384,0.0032958984375000004,20.250000000000004,-139.50240110769593
sifa_random_raw,SIFA,0,S5,5,2000,5,5,384,0.0013699001736111114,8.416666666666668,-130.50240110769593
sifa_random_raw,SIFA,0,S5,5,2000,6,6,384,0.0017361111111111114,10.666666666666668,-129.50240110769593
sifa_random_raw,SIFA,0,S5,5,2000,7,7,384,0.002156575520833334,13.250000000000004,-118.50240110769596
sifa_random_raw,SIFA,0,S5,5,2000,8,8,384,0.002400716145833333,14.749999999999998,-104.50240110769593
sifa_random_raw,SIFA,0,S5,5,2000,9,9,384,0.003146701388888889,19.333333333333336,-121.5024011076959
sifa_random_raw,SIFA,0,S5,5,2000,10,a,384,0.0030246310763888886,18.583333333333332,-160.50240110769593
sifa_random_raw,SIFA,0,S5,5,2000,11,b,384,0.001614040798611111,9.916666666666666,-103.50240110769593
sifa_random_raw,SIFA,0,S5,5,2000,12,c,384,0.002048068576388889,12.583333333333334,-112.50240110769593
sifa_random_raw,SIFA,0,S5,5,2000,13,d,384,0.0018174913194444445,11.166666666666668,-131.50240110769596
sifa_random_raw,SIFA,0,S5,5,2000,14,e,384,0.002332899305555555,14.33333333333333,-140.50240110769596
sifa_random_raw,SIFA,0,S5,5,2000,15,f,384,0.0036349826388888894,22.333333333333336,-121.50240110769593
sifa_random_raw,SIFA,0,S5,5,3000,0,0,573,0.002523193199504156,23.132635253054104,-231.73405165288997
sifa_random_raw,SIFA,0,S5,5,3000,1,1,573,0.001140433833136884,10.455497382198953,-225.73405165289
sifa_random_raw,SIFA,0,S5,5,3000,2,2,573,0.000884592893104173,8.109947643979059,-198.73405165289
sifa_random_raw,SIFA,0,S5,5,3000,3,3,573,0.0006592092078372608,6.043630017452006,-193.73405165289
sifa_random_raw,SIFA,0,S5,5,3000,4,4,573,0.002511010297597836,23.02094240837696,-200.73405165289003
sifa_random_raw,SIFA,0,S5,5,3000,5,5,573,0.001719121673687064,15.760907504363002,-207.73405165289
sifa_random_raw,SIFA,0,S5,5,3000,6,6,573,0.0009759646574015697,8.94764397905759,-192.73405165289003
sifa_random_raw,SIFA,0,S5,5,3000,7,7,573,0.0017008473208275847,15.593368237347295,-188.73405165289
sifa_random_raw,SIFA,0,S5,5,3000,8,8,573,0.001688664418921265,15.481675392670157,-171.73405165289003
sifa_random_raw,SIFA,0,S5,5,3000,9,9,573,0.0022064377499398475,20.228621291448523,-174.73405165289003
sifa_random_raw,SIFA,0,S5,5,3000,10,a,573,0.0016399328112959867,15.034904013961606,-234.73405165289
sifa_random_raw,SIFA,0,S5,5,3000,11,b,573,0.002035877123251373,18.664921465968586,-132.73405165289
sifa_random_raw,SIFA,0,S5,5,3000,12,c,573,0.001847042143703419,16.933682373472948,-183.73405165289
sifa_random_raw,SIFA,0,S5,5,3000,13,d,573,0.001109976578371085,10.176265270506107,-181.73405165289
sifa_random_raw,SIFA,0,S5,5,3000,14,e,573,0.001920139555141337,17.603839441535776,-226.73405165289
sifa_random_raw,SIFA,0,S5,5,3000,15,f,573,0.0028582230019279435,26.204188481675384,-169.73405165289
sifa_random_raw,SIFA,0,S5,5,4000,0,0,748,0.0009705024450227348,11.614973262032091,-290.20780215769935
sifa_random_raw,SIFA,0,S5,5,4000,1,1,748,0.0009097343361262832,10.887700534759357,-276.20780215769935
sifa_random_raw,SIFA,0,S5,5,4000,2,2,748,0.0009633532557407991,11.529411764705884,-263.2078021576994
sifa_random_raw,SIFA,0,S5,5,4000,3,3,748,0.0010276959592782175,12.299465240641707,-279.2078021576994
sifa_random_raw,SIFA,0,S5,5,4000,4,4,748,0.0019856873230575654,23.764705882352942,-246.20780215769938
sifa_random_raw,SIFA,0,S5,5,4000,5,5,748,0.0015781835339872458,18.887700534759357,-258.20780215769935
sifa_random_raw,SIFA,0,S5,5,4000,6,6,748,0.0014387743429895054,17.2192513368984,-262.20780215769935
sifa_random_raw,SIFA,0,S5,5,4000,7,7,748,0.001335111098401441,15.978609625668446,-226.2078021576994
sifa_random_raw,SIFA,0,S5,5,4000,8,8,748,0.0015567359661414397,18.63101604278075,-234.20780215769938
sifa_random_raw,SIFA,0,S5,5,4000,9,9,748,0.0021930138122336932,26.24598930481284,-210.20780215769935
sifa_random_raw,SIFA,0,S5,5,4000,10,a,748,0.0010419943378420886,12.470588235294116,-310.20780215769935
sifa_random_raw,SIFA,0,S5,5,4000,11,b,748,0.0006309159541308018,7.550802139037437,-202.20780215769935
sifa_random_raw,SIFA,0,S5,5,4000,12,c,748,0.0007095570362320915,8.491978609625672,-242.20780215769935
sifa_random_raw,SIFA,0,S5,5,4000,13,d,748,0.0006845348737453171,8.192513368983954,-250.20780215769938
sifa_random_raw,SIFA,0,S5,5,4000,14,e,748,0.0008489662272298319,10.160427807486627,-271.2078021576993
sifa_random_raw,SIFA,0,S5,5,4000,15,f,748,0.0025933684120220766,31.037433155080212,-245.20780215769935
sifa_random_raw,SIFA,0,S5,5,6000,0,0,1120,0.0008705357142857139,15.599999999999993,-426.63200323077973
sifa_random_raw,SIFA,0,S5,5,6000,1,1,1120,0.0009502551020408167,17.028571428571436,-430.6320032307798
sifa_random_raw,SIFA,0,S5,5,6000,2,2,1120,0.0007828443877551021,14.02857142857143,-398.6320032307798
sifa_random_raw,SIFA,0,S5,5,6000,3,3,1120,0.0008067602040816326,14.457142857142856,-410.6320032307798
sifa_random_raw,SIFA,0,S5,5,6000,4,4,1120,0.0013376913265306125,23.971428571428575,-394.6320032307798
sifa_random_raw,SIFA,0,S5,5,6000,5,5,1120,0.0009135841836734692,16.371428571428567,-362.6320032307798
sifa_random_raw,SIFA,0,S5,5,6000,6,6,1120,0.0012834821428571433,23.000000000000007,-385.6320032307798
sifa_random_raw,SIFA,0,S5,5,6000,7,7,1120,0.0008019770408163262,14.371428571428565,-343.63200323077984
sifa_random_raw,SIFA,0,S5,5,6000,8,8,1120,0.0010666454081632653,19.114285714285714,-337.6320032307798
sifa_random_raw,SIFA,0,S5,5,6000,9,9,1120,0.0012420280612244902,22.257142857142863,-347.6320032307798
sifa_random_raw,SIFA,0,S5,5,6000,10,a,1120,0.0007971938775510205,14.285714285714288,-452.6320032307798
sifa_random_raw,SIFA,0,S5,5,6000,11,b,1120,0.0006871811224489796,12.314285714285715,-316.6320032307798
sifa_random_raw,SIFA,0,S5,5,6000,12,c,1120,0.0005197704081632653,9.314285714285713,-355.6320032307798
sifa_random_raw,SIFA,0,S5,5,6000,13,d,1120,0.0004910714285714287,8.800000000000002,-349.6320032307798
sifa_random_raw,SIFA,0,S5,5,6000,14,e,1120,0.0006728316326530612,12.057142857142855,-377.6320032307798
sifa_random_raw,SIFA,0,S5,5,6000,15,f,1120,0.0016964285714285707,30.399999999999988,-399.6320032307798
sifa_random_raw,SIFA,0,S5,5,8000,0,0,1499,0.0008319700347262861,19.953969312875245,-567.4351543240525
sifa_random_raw,SIFA,0,S5,5,8000,1,1,1499,0.0007705548417646453,18.48098732488325,-550.4351543240525
sifa_random_raw,SIFA,0,S5,5,8000,2,2,1499,0.0003094958569221821,7.422948632421615,-528.4351543240525
sifa_random_raw,SIFA,0,S5,5,8000,3,3,1499,0.0004127445871185638,9.899266177451635,-562.4351543240525
sifa_random_raw,SIFA,0,S5,5,8000,4,4,1499,0.0006895579930761048,16.538358905937297,-516.4351543240527
sifa_random_raw,SIFA,0,S5,5,8000,5,5,1499,0.0007803456696280954,18.715810540360238,-478.4351543240526
sifa_random_raw,SIFA,0,S5,5,8000,6,6,1499,0.000785686121189977,18.84389593062041,-521.4351543240526
sifa_random_raw,SIFA,0,S5,5,8000,7,7,1499,0.0005711779834543909,13.699132755170112,-500.43515432405263
sifa_random_raw,SIFA,0,S5,5,8000,8,8,1499,0.0009815026784589773,23.540360240160112,-437.43515432405263
sifa_random_raw,SIFA,0,S5,5,8000,9,9,1499,0.0010126553125699544,24.287525016677787,-517.4351543240525
sifa_random_raw,SIFA,0,S5,5,8000,10,a,1499,0.0009022859802910635,21.640426951300867,-598.4351543240526
sifa_random_raw,SIFA,0,S5,5,8000,11,b,1499,0.0009165271844560814,21.981987991994654,-383.4351543240526
sifa_random_raw,SIFA,0,S5,5,8000,12,c,1499,0.0004430071459692273,10.625083388925948,-503.43515432405263
sifa_random_raw,SIFA,0,S5,5,8000,13,d,1499,0.0003949430819122915,9.472314876584399,-456.43515432405263
sifa_random_raw,SIFA,0,S5,5,8000,14,e,1499,0.0005293444462196503,12.695797198132093,-531.4351543240525
sifa_random_raw,SIFA,0,S5,5,8000,15,f,1499,0.0008684631203991458,20.829219479653112,-497.4351543240526
sifa_random_raw,SIFA,1,S0,0,250,0,0,64,0.01416015625,14.5,-30.750400184615984
sifa_random_raw,SIFA,1,S0,0,250,1,1,64,0.01318359375,13.5,-12.750400184615991
sifa_random_raw,SIFA,1,S0,0,250,2,2,64,0.01806640625,18.5,-29.75040018461599
sifa_random_raw,SIFA,1,S0,0,250,3,3,64,0.0263671875,27.0,-31.750400184615987
sifa_random_raw,SIFA,1,S0,0,250,4,4,64,0.02587890625,26.5,-7.7504001846159944
sifa_random_raw,SIFA,1,S0,0,250,5,5,64,0.02880859375,29.5,-19.75040018461599
sifa_random_raw,SIFA,1,S0,0,250,6,6,64,0.01806640625,18.5,-16.75040018461599
sifa_random_raw,SIFA,1,S0,0,250,7,7,64,0.0146484375,15.0,-28.75040018461599
sifa_random_raw,SIFA,1,S0,0,250,8,8,64,0.01953125,20.0,-7.750400184615987
sifa_random_raw,SIFA,1,S0,0,250,9,9,64,0.013671875,14.0,-29.750400184615994
sifa_random_raw,SIFA,1,S0,0,250,10,a,64,0.01220703125,12.5,-5.750400184615987
sifa_random_raw,SIFA,1,S0,0,250,11,b,64,0.00830078125,8.5,-21.75040018461599
sifa_random_raw,SIFA,1,S0,0,250,12,c,64,0.01953125,20.0,-25.75040018461599
sifa_random_raw,SIFA,1,S0,0,250,13,d,64,0.02294921875,23.5,-33.750400184615984
sifa_random_raw,SIFA,1,S0,0,250,14,e,64,0.0126953125,13.0,-25.750400184615987
sifa_random_raw,SIFA,1,S0,0,250,15,f,64,0.01611328125,16.5,-19.75040018461599
sifa_random_raw,SIFA,1,S0,0,500,0,0,121,0.010650741069599071,20.619834710743802,-54.121850349039605
sifa_random_raw,SIFA,1,S0,0,500,1,1,121,0.005596441499897549,10.834710743801656,-47.121850349039605
sifa_random_raw,SIFA,1,S0,0,500,2,2,121,0.007782084557065775,15.06611570247934,-55.1218503490396
sifa_random_raw,SIFA,1,S0,0,500,3,3,121,0.008328495321357831,16.123966942148762,-41.121850349039605
sifa_random_raw,SIFA,1,S0,0,500,4,4,121,0.012563178744621269,24.322314049586776,-24.121850349039597
sifa_random_raw,SIFA,1,S0,0,500,5,5,121,0.0109239464517451,21.148760330578515,-34.121850349039605
sifa_random_raw,SIFA,1,S0,0,500,6,6,121,0.006416057646335634,12.421487603305787,-31.121850349039605
sifa_random_raw,SIFA,1,S0,0,500,7,7,121,0.0077820845570657745,15.066115702479339,-60.12185034903961
sifa_random_raw,SIFA,1,S0,0,500,8,8,121,0.009148111467795915,17.710743801652892,-20.121850349039597
sifa_random_raw,SIFA,1,S0,0,500,9,9,121,0.005596441499897548,10.834710743801653,-40.121850349039605
sifa_random_raw,SIFA,1,S0,0,500,10,a,121,0.0066892630284816615,12.950413223140497,-25.121850349039597
sifa_random_raw,SIFA,1,S0,0,500,11,b,121,0.005323236117751521,10.305785123966944,-44.12185034903959
sifa_random_raw,SIFA,1,S0,0,500,12,c,121,0.013656000273205382,26.43801652892562,-51.121850349039605
sifa_random_raw,SIFA,1,S0,0,500,13,d,121,0.008055289939211802,15.59504132231405,-52.1218503490396
sifa_random_raw,SIFA,1,S0,0,500,14,e,121,0.006825865719554675,13.21487603305785,-47.1218503490396
sifa_random_raw,SIFA,1,S0,0,500,15,f,121,0.006006249573116591,11.62809917355372,-31.121850349039605
sifa_random_raw,SIFA,1,S0,0,1000,0,0,251,0.004340208885573245,17.43027888446215,-111.30235072404082
sifa_random_raw,SIFA,1,S0,0,1000,1,1,251,0.005451302360279996,21.892430278884465,-91.30235072404082
sifa_random_raw,SIFA,1,S0,0,1000,2,2,251,0.00408624466278313,16.41035856573705,-116.30235072404085
sifa_random_raw,SIFA,1,S0,0,1000,3,3,251,0.0031973698830177295,12.840637450199202,-85.3023507240408
sifa_random_raw,SIFA,1,S0,0,1000,4,4,251,0.004594173108363359,18.45019920318725,-67.30235072404082
sifa_random_raw,SIFA,1,S0,0,1000,5,5,251,0.005927485278011461,23.804780876494025,-66.30235072404082
sifa_random_raw,SIFA,1,S0,0,1000,6,6,251,0.0027529324931350294,11.055776892430279,-81.30235072404082
sifa_random_raw,SIFA,1,S0,0,1000,7,7,251,0.0037687893842954867,15.135458167330675,-81.30235072404083
sifa_random_raw,SIFA,1,S0,0,1000,8,8,251,0.005863994222313932,23.54980079681275,-51.302350724040835
sifa_random_raw,SIFA,1,S0,0,1000,9,9,251,0.0031973698830177295,12.840637450199202,-70.30235072404082
sifa_random_raw,SIFA,1,S0,0,1000,10,a,251,0.004689409691909651,18.83266932270916,-62.30235072404082
sifa_random_raw,SIFA,1,S0,0,1000,11,b,251,0.002276749575403565,9.143426294820717,-88.30235072404082
sifa_random_raw,SIFA,1,S0,0,1000,12,c,251,0.003641807272900431,14.625498007968131,-96.30235072404082
sifa_random_raw,SIFA,1,S0,0,1000,13,d,251,0.0033243519944127866,13.350597609561751,-94.30235072404085
sifa_random_raw,SIFA,1,S0,0,1000,14,e,251,0.005070356026094824,20.362549800796813,-115.30235072404082
sifa_random_raw,SIFA,1,S0,0,1000,15,f,251,0.0035148251615053725,14.115537848605577,-86.30235072404083
sifa_random_raw,SIFA,1,S0,0,1500,0,0,365,0.0031708575717770693,18.517808219178086,-135.04525105288803
sifa_random_raw,SIFA,1,S0,0,1500,1,1,365,0.004341808969787954,25.35616438356165,-127.04525105288803
sifa_random_raw,SIFA,1,S0,0,1500,2,2,365,0.002840589228748358,16.589041095890412,-174.04525105288806
sifa_random_raw,SIFA,1,S0,0,1500,3,3,365,0.0010391255395008443,6.0684931506849304,-117.04525105288806
sifa_random_raw,SIFA,1,S0,0,1500,4,4,365,0.002089979358228561,12.205479452054796,-106.04525105288803
sifa_random_raw,SIFA,1,S0,0,1500,5,5,365,0.003666260086320136,21.410958904109595,-101.04525105288806
sifa_random_raw,SIFA,1,S0,0,1500,6,6,365,0.0013994182773503473,8.172602739726027,-124.04525105288808
sifa_random_raw,SIFA,1,S0,0,1500,7,7,365,0.0020449427659973733,11.94246575342466,-114.04525105288806
sifa_random_raw,SIFA,1,S0,0,1500,8,8,365,0.0025853818727716274,15.098630136986305,-97.04525105288806
sifa_random_raw,SIFA,1,S0,0,1500,9,9,365,0.00272049164946519,15.887671232876711,-138.04525105288803
sifa_random_raw,SIFA,1,S0,0,1500,10,a,365,0.0026154062675924185,15.273972602739724,-111.04525105288808
sifa_random_raw,SIFA,1,S0,0,1500,11,b,365,0.0017146744229686618,10.013698630136986,-115.04525105288803
sifa_random_raw,SIFA,1,S0,0,1500,12,c,365,0.00239022330643648,13.958904109589042,-130.04525105288806
sifa_random_raw,SIFA,1,S0,0,1500,13,d,365,0.0013393694877087638,7.8219178082191805,-126.04525105288806
sifa_random_raw,SIFA,1,S0,0,1500,14,e,365,0.0021500281478701445,12.556164383561644,-142.04525105288803
sifa_random_raw,SIFA,1,S0,0,1500,15,f,365,0.0013844060799399506,8.084931506849312,-127.04525105288803
sifa_random_raw,SIFA,1,S0,0,2000,0,0,505,0.0014113812371336137,11.403960396039599,-186.62425145673552
sifa_random_raw,SIFA,1,S0,0,2000,1,1,505,0.0030112243897657104,24.33069306930694,-186.62425145673555
sifa_random_raw,SIFA,1,S0,0,2000,2,2,505,0.001387854131947848,11.213861386138612,-205.62425145673552
sifa_random_raw,SIFA,1,S0,0,2000,3,3,505,0.0012623762376237626,10.200000000000003,-178.6242514567355
sifa_random_raw,SIFA,1,S0,0,2000,4,4,505,0.0015211743946671897,12.291089108910892,-152.62425145673552
sifa_random_raw,SIFA,1,S0,0,2000,5,5,505,0.002344623076169002,18.944554455445537,-151.62425145673552
sifa_random_raw,SIFA,1,S0,0,2000,6,6,505,0.0016937064993628075,13.685148514851484,-163.62425145673552
sifa_random_raw,SIFA,1,S0,0,2000,7,7,505,0.001019262817370846,8.235643564356437,-161.62425145673552
sifa_random_raw,SIFA,1,S0,0,2000,8,8,505,0.0013800117635525927,11.150495049504949,-147.62425145673555
sifa_random_raw,SIFA,1,S0,0,2000,9,9,505,0.0019132928144299584,15.459405940594063,-176.62425145673552
sifa_random_raw,SIFA,1,S0,0,2000,10,a,505,0.001191794922066464,9.629702970297028,-186.62425145673552
sifa_random_raw,SIFA,1,S0,0,2000,11,b,505,0.0010035780805803356,8.108910891089112,-162.62425145673552
sifa_random_raw,SIFA,1,S0,0,2000,12,c,505,0.0011525830800901873,9.312871287128713,-165.62425145673552
sifa_random_raw,SIFA,1,S0,0,2000,13,d,505,0.0010192628173708459,8.235643564356435,-147.62425145673552
sifa_random_raw,SIFA,1,S0,0,2000,14,e,505,0.001450593079109891,11.72079207920792,-183.62425145673552
sifa_random_raw,SIFA,1,S0,0,2000,15,f,505,0.0019838741299872563,16.02970297029703,-188.62425145673552
sifa_random_raw,SIFA,1,S0,0,3000,0,0,762,0.001208571861588168,14.734908136482945,-308.96570219808416
sifa_random_raw,SIFA,1,S0,0,3000,1,1,762,0.002868797404261476,34.97637795275592,-264.96570219808405
sifa_random_raw,SIFA,1,S0,0,3000,2,2,762,0.0015047946762560193,18.34645669291339,-305.96570219808405
sifa_random_raw,SIFA,1,S0,0,3000,3,3,762,0.0009261268522537048,11.291338582677168,-281.96570219808405
sifa_random_raw,SIFA,1,S0,0,3000,4,4,762,0.0009674602682538702,11.795275590551187,-235.96570219808407
sifa_random_raw,SIFA,1,S0,0,3000,5,5,762,0.0017493507209236643,21.328083989501316,-203.9657021980841
sifa_random_raw,SIFA,1,S0,0,3000,6,6,762,0.001022571489587424,12.467191601049874,-265.9657021980841
sifa_random_raw,SIFA,1,S0,0,3000,7,7,762,0.0017217951102568873,20.99212598425197,-243.9657021980841
sifa_random_raw,SIFA,1,S0,0,3000,8,8,762,0.0010914605162543661,13.307086614173231,-229.96570219808407
sifa_random_raw,SIFA,1,S0,0,3000,9,9,762,0.0013463499149220521,16.41469816272966,-273.96570219808405
sifa_random_raw,SIFA,1,S0,0,3000,10,a,762,0.0011431272862545729,13.937007874015752,-249.96570219808407
sifa_random_raw,SIFA,1,S0,0,3000,11,b,762,0.0009743491709205644,11.879265091863521,-247.96570219808413
sifa_random_raw,SIFA,1,S0,0,3000,12,c,762,0.000864126728253457,10.535433070866148,-264.96570219808405
sifa_random_raw,SIFA,1,S0,0,3000,13,d,762,0.0008985712415869279,10.955380577427825,-234.96570219808416
sifa_random_raw,SIFA,1,S0,0,3000,14,e,762,0.0015220169329227553,18.55643044619423,-255.9657021980841
sifa_random_raw,SIFA,1,S0,0,3000,15,f,762,0.0015323502869227963,18.682414698162734,-273.96570219808416
sifa_random_raw,SIFA,1,S0,0,4000,0,0,1001,0.0008342681294729247,13.361638361638361,-387.18985288750935
sifa_random_raw,SIFA,1,S0,0,4000,1,1,1001,0.0014450459630279814,23.14385614385615,-335.18985288750946
sifa_random_raw,SIFA,1,S0,0,4000,2,2,1001,0.0008342681294729246,13.36163836163836,-396.1898528875094
sifa_random_raw,SIFA,1,S0,0,4000,3,3,1001,0.0006606156081680559,10.580419580419584,-333.1898528875094
sifa_random_raw,SIFA,1,S0,0,4000,4,4,1001,0.0005687993325355964,9.109890109890113,-339.18985288750946
sifa_random_raw,SIFA,1,S0,0,4000,5,5,1001,0.000922092393121364,14.768231768231766,-318.1898528875094
sifa_random_raw,SIFA,1,S0,0,4000,6,6,1001,0.0007304758178884052,11.699300699300698,-337.1898528875094
sifa_random_raw,SIFA,1,S0,0,4000,7,7,1001,0.0009081203511772942,14.544455544455543,-325.18985288750946
sifa_random_raw,SIFA,1,S0,0,4000,8,8,1001,0.0007384598418564455,11.82717282717283,-305.18985288750946
sifa_random_raw,SIFA,1,S0,0,4000,9,9,1001,0.0008422521534409645,13.489510489510488,-362.1898528875094
sifa_random_raw,SIFA,1,S0,0,4000,10,a,1001,0.0007903559976487049,12.658341658341659,-352.1898528875094
sifa_random_raw,SIFA,1,S0,0,4000,11,b,1001,0.0009460444650254837,15.151848151848146,-352.18985288750946
sifa_random_raw,SIFA,1,S0,0,4000,12,c,1001,0.0005907553984477059,9.461538461538458,-344.18985288750946
sifa_random_raw,SIFA,1,S0,0,4000,13,d,1001,0.0007703959377286047,12.338661338661334,-258.18985288750946
sifa_random_raw,SIFA,1,S0,0,4000,14,e,1001,0.0009260844051053845,14.832167832167839,-339.18985288750935
sifa_random_raw,SIFA,1,S0,0,4000,15,f,1001,0.0011436490582344724,18.31668331668331,-358.18985288750946
sifa_random_raw,SIFA,1,S0,0,6000,0,0,1523,0.0004899432169203316,11.93893630991464,-566.5915543932834
sifa_random_raw,SIFA,1,S0,0,6000,1,1,1523,0.0005916880107987442,14.4182534471438,-481.5915543932836
sifa_random_raw,SIFA,1,S0,0,6000,2,2,1523,0.0004994279010954378,12.170059093893629,-573.5915543932836
sifa_random_raw,SIFA,1,S0,0,6000,3,3,1523,0.0004011320832807006,9.774786605384111,-505.59155439328356
sifa_random_raw,SIFA,1,S0,0,6000,4,4,1523,0.0005080503412546255,12.380170715692714,-505.59155439328356
sifa_random_raw,SIFA,1,S0,0,6000,5,5,1523,0.000688259340581644,16.7715036112935,-497.59155439328356
sifa_random_raw,SIFA,1,S0,0,6000,6,6,1523,0.0005373666377958626,13.094550229809581,-550.5915543932834
sifa_random_raw,SIFA,1,S0,0,6000,7,7,1523,0.0005054636092068696,12.317137229152998,-461.59155439328356
sifa_random_raw,SIFA,1,S0,0,6000,8,8,1523,0.00041751471958315664,10.173998686802362,-500.59155439328356
sifa_random_raw,SIFA,1,S0,0,6000,9,9,1523,0.0005951369868624191,14.502298095863427,-534.5915543932834
sifa_random_raw,SIFA,1,S0,0,6000,10,a,1523,0.0006244532834036566,15.216677609980305,-547.5915543932836
sifa_random_raw,SIFA,1,S0,0,6000,11,b,1523,0.00035025968634149455,8.535128036769539,-504.5915543932836
sifa_random_raw,SIFA,1,S0,0,6000,12,c,1523,0.0003218056338161757,7.841759684832569,-518.5915543932834
sifa_random_raw,SIFA,1,S0,0,6000,13,d,1523,0.00041061676745580663,10.005909389363095,-427.59155439328356
sifa_random_raw,SIFA,1,S0,0,6000,14,e,1523,0.0005865145467032313,14.29218647406434,-556.5915543932837
sifa_random_raw,SIFA,1,S0,0,6000,15,f,1523,0.0006891215845975626,16.792514773473407,-548.5915543932836
sifa_random_raw,SIFA,1,S0,0,8000,0,0,1998,0.0003361093826559291,10.744744744744741,-701.0203057634803
sifa_random_raw,SIFA,1,S0,0,8000,1,1,1998,0.0003982335689042395,12.730730730730727,-654.0203057634803
sifa_random_raw,SIFA,1,S0,0,8000,2,2,1998,0.00039372455538621713,12.58658658658659,-748.0203057634805
sifa_random_raw,SIFA,1,S0,0,8000,3,3,1998,0.00037017748479209944,11.833833833833834,-689.0203057634803
sifa_random_raw,SIFA,1,S0,0,8000,4,4,1998,0.00038620953285617963,12.346346346346351,-612.0203057634805
sifa_random_raw,SIFA,1,S0,0,8000,5,5,1998,0.0007233835437038642,23.12512512512513,-703.0203057634803
sifa_random_raw,SIFA,1,S0,0,8000,6,6,1998,0.0004849068287506727,15.501501501501505,-713.0203057634805
sifa_random_raw,SIFA,1,S0,0,8000,7,7,1998,0.00033310337364391405,10.648648648648644,-620.0203057634803
sifa_random_raw,SIFA,1,S0,0,8000,8,8,1998,0.0002940252564877188,9.399399399399396,-675.0203057634803
sifa_random_raw,SIFA,1,S0,0,8000,9,9,1998,0.0005991351712072434,19.153153153153156,-684.0203057634803
sifa_random_raw,SIFA,1,S0,0,8000,10,a,1998,0.00041727162598033455,13.339339339339334,-708.0203057634803
sifa_random_raw,SIFA,1,S0,0,8000,11,b,1998,0.00032709135561988397,10.45645645645645,-677.0203057634803
sifa_random_raw,SIFA,1,S0,0,8000,12,c,1998,0.00031356431506581676,10.02402402402403,-729.0203057634803
sifa_random_raw,SIFA,1,S0,0,8000,13,d,1998,0.0005705780855931008,18.240240240240247,-562.0203057634805
sifa_random_raw,SIFA,1,S0,0,8000,14,e,1998,0.0006647663679695713,21.251251251251254,-702.0203057634803
sifa_random_raw,SIFA,1,S0,0,8000,15,f,1998,0.0007845057269481696,25.079079079079087,-687.0203057634803
sifa_random_raw,SIFA,1,S5,5,250,0,0,45,0.016018518518518515,11.533333333333331,-4.2932501298081185
sifa_random_raw,SIFA,1,S5,5,250,1,1,45,0.01404320987654321,10.11111111111111,-21.293250129808115
sifa_random_raw,SIFA,1,S5,5,250,2,2,45,0.023919753086419752,17.22222222222222,-4.293250129808117
sifa_random_raw,SIFA,1,S5,5,250,3,3,45,0.03280864197530864,23.62222222222222,-6.293250129808117
sifa_random_raw,SIFA,1,S5,5,250,4,4,45,0.02688271604938271,19.35555555555555,-15.293250129808118
sifa_random_raw,SIFA,1,S5,5,250,5,5,45,0.017006172839506173,12.244444444444444,-23.293250129808115
sifa_random_raw,SIFA,1,S5,5,250,6,6,45,0.017993827160493824,12.955555555555552,-12.293250129808118
sifa_random_raw,SIFA,1,S5,5,250,7,7,45,0.012067901234567899,8.688888888888886,-21.293250129808115
sifa_random_raw,SIFA,1,S5,5,250,8,8,45,0.03083333333333333,22.2,-20.29325012980812
sifa_random_raw,SIFA,1,S5,5,250,9,9,45,0.013055555555555555,9.399999999999999,-12.293250129808117
sifa_random_raw,SIFA,1,S5,5,250,10,a,45,0.011080246913580245,7.977777777777776,-17.293250129808115
sifa_random_raw,SIFA,1,S5,5,250,11,b,45,0.014043209876543207,10.111111111111109,-14.293250129808117
sifa_random_raw,SIFA,1,S5,5,250,12,c,45,0.014043209876543209,10.11111111111111,-16.293250129808115
sifa_random_raw,SIFA,1,S5,5,250,13,d,45,0.012067901234567902,8.68888888888889,-9.293250129808115
sifa_random_raw,SIFA,1,S5,5,250,14,e,45,0.02391975308641975,17.222222222222218,-21.293250129808115
sifa_random_raw,SIFA,1,S5,5,250,15,f,45,0.010092592592592592,7.266666666666667,-25.293250129808122
sifa_random_raw,SIFA,1,S5,5,500,0,0,95,0.006530470914127424,9.926315789473684,-14.285750274039358
sifa_random_raw,SIFA,1,S5,5,500,1,1,95,0.006308864265927978,9.589473684210526,-46.28575027403936
sifa_random_raw,SIFA,1,S5,5,500,2,2,95,0.011405817174515234,17.336842105263155,-18.28575027403936
sifa_random_raw,SIFA,1,S5,5,500,3,3,95,0.01273545706371191,19.357894736842102,-17.28575027403936
sifa_random_raw,SIFA,1,S5,5,500,4,4,95,0.01118421052631579,17.0,-21.285750274039355
sifa_random_raw,SIFA,1,S5,5,500,5,5,95,0.0076385041551246535,11.610526315789473,-38.28575027403936
sifa_random_raw,SIFA,1,S5,5,500,6,6,95,0.009189750692520773,13.968421052631575,-29.28575027403936
sifa_random_raw,SIFA,1,S5,5,500,7,7,95,0.0076385041551246535,11.610526315789473,-47.28575027403936
sifa_random_raw,SIFA,1,S5,5,500,8,8,95,0.01406509695290859,21.378947368421056,-44.28575027403936
sifa_random_raw,SIFA,1,S5,5,500,9,9,95,0.007638504155124654,11.610526315789475,-29.28575027403936
sifa_random_raw,SIFA,1,S5,5,500,10,a,95,0.007195290858725762,10.936842105263159,-40.28575027403936
sifa_random_raw,SIFA,1,S5,5,500,11,b,95,0.010076177285318559,15.31578947368421,-38.28575027403936
sifa_random_raw,SIFA,1,S5,5,500,12,c,95,0.008303324099722991,12.621052631578946,-37.28575027403936
sifa_random_raw,SIFA,1,S5,5,500,13,d,95,0.010297783933518007,15.652631578947371,-27.28575027403936
sifa_random_raw,SIFA,1,S5,5,500,14,e,95,0.008303324099722991,12.621052631578946,-40.28575027403935
sifa_random_raw,SIFA,1,S5,5,500,15,f,95,0.009411357340720222,14.305263157894737,-27.28575027403935
sifa_random_raw,SIFA,1,S5,5,1000,0,0,192,0.0031467013888888894,9.666666666666668,-54.251200553847966
sifa_random_raw,SIFA,1,S5,5,1000,1,1,192,0.004503038194444445,13.833333333333336,-80.25120055384795
sifa_random_raw,SIFA,1,S5,5,1000,2,2,192,0.005262586805555556,16.166666666666668,-33.251200553847966
sifa_random_raw,SIFA,1,S5,5,1000,3,3,192,0.007649739583333333,23.5,-37.25120055384796
sifa_random_raw,SIFA,1,S5,5,1000,4,4,192,0.004448784722222222,13.666666666666666,-62.251200553847966
sifa_random_raw,SIFA,1,S5,5,1000,5,5,192,0.00412326388888889,12.66666666666667,-90.25120055384797
sifa_random_raw,SIFA,1,S5,5,1000,6,6,192,0.0032552083333333335,10.0,-61.25120055384797
sifa_random_raw,SIFA,1,S5,5,1000,7,7,192,0.003038194444444445,9.333333333333336,-63.251200553847966
sifa_random_raw,SIFA,1,S5,5,1000,8,8,192,0.004448784722222222,13.666666666666666,-76.25120055384797
sifa_random_raw,SIFA,1,S5,5,1000,9,9,192,0.005859375,18.0,-64.25120055384795
sifa_random_raw,SIFA,1,S5,5,1000,10,a,192,0.006998697916666668,21.500000000000004,-76.25120055384797
sifa_random_raw,SIFA,1,S5,5,1000,11,b,192,0.002604166666666666,7.999999999999998,-76.25120055384798
sifa_random_raw,SIFA,1,S5,5,1000,12,c,192,0.002007378472222222,6.166666666666666,-61.251200553847966
sifa_random_raw,SIFA,1,S5,5,1000,13,d,192,0.003255208333333333,10.0,-63.251200553847966
sifa_random_raw,SIFA,1,S5,5,1000,14,e,192,0.003743489583333333,11.5,-79.25120055384797
sifa_random_raw,SIFA,1,S5,5,1000,15,f,192,0.0019531249999999998,5.999999999999999,-65.25120055384797
sifa_random_raw,SIFA,1,S5,5,1500,0,0,302,0.00302344195430025,14.609271523178808,-99.63470087115668
sifa_random_raw,SIFA,1,S5,5,1500,1,1,302,0.0045803912109118015,22.132450331125824,-133.6347008711567
sifa_random_raw,SIFA,1,S5,5,1500,2,2,302,0.005194399368448751,25.099337748344364,-50.63470087115669
sifa_random_raw,SIFA,1,S5,5,1500,3,3,302,0.003396232621376256,16.41059602649007,-76.6347008711567
sifa_random_raw,SIFA,1,S5,5,1500,4,4,302,0.002979584228761897,14.397350993377486,-92.6347008711567
sifa_random_raw,SIFA,1,S5,5,1500,5,5,302,0.0027164378755317746,13.125827814569535,-124.6347008711567
sifa_random_raw,SIFA,1,S5,5,1500,6,6,302,0.003396232621376255,16.410596026490065,-74.6347008711567
sifa_random_raw,SIFA,1,S5,5,1500,7,7,302,0.0020147142669181173,9.735099337748343,-96.6347008711567
sifa_random_raw,SIFA,1,S5,5,1500,8,8,302,0.0021682163063023556,10.476821192052983,-114.6347008711567
sifa_random_raw,SIFA,1,S5,5,1500,9,9,302,0.004646177799219332,22.450331125827812,-84.6347008711567
sifa_random_raw,SIFA,1,S5,5,1500,10,a,302,0.005698763212139819,27.536423841059605,-123.6347008711567
sifa_random_raw,SIFA,1,S5,5,1500,11,b,302,0.0026287224244550675,12.701986754966885,-117.63470087115671
sifa_random_raw,SIFA,1,S5,5,1500,12,c,302,0.002826082189377659,13.655629139072849,-90.63470087115668
sifa_random_raw,SIFA,1,S5,5,1500,13,d,302,0.003637450111837201,17.576158940397356,-104.63470087115668
sifa_random_raw,SIFA,1,S5,5,1500,14,e,302,0.002804153326608482,13.549668874172186,-136.63470087115667
sifa_random_raw,SIFA,1,S5,5,1500,15,f,302,0.0024094337967633,11.642384105960266,-120.6347008711567
sifa_random_raw,SIFA,1,S5,5,2000,0,0,415,0.0015847728262447383,10.522891566265063,-128.0377511971193
sifa_random_raw,SIFA,1,S5,5,2000,1,1,415,0.0028621715778777766,19.004819277108435,-165.0377511971193
sifa_random_raw,SIFA,1,S5,5,2000,2,2,415,0.002873784293801713,19.081927710843374,-82.03775119711929
sifa_random_raw,SIFA,1,S5,5,2000,3,3,415,0.002304761213528814,15.303614457831326,-116.03775119711929
sifa_random_raw,SIFA,1,S5,5,2000,4,4,415,0.0022350849179851944,14.840963855421691,-146.0377511971193
sifa_random_raw,SIFA,1,S5,5,2000,5,5,415,0.0017125127014080417,11.371084337349396,-164.0377511971193
sifa_random_raw,SIFA,1,S5,5,2000,6,6,415,0.0017589635651037887,11.679518072289158,-102.03775119711929
sifa_random_raw,SIFA,1,S5,5,2000,7,7,415,0.0018750907243431562,12.450602409638558,-143.0377511971193
sifa_random_raw,SIFA,1,S5,5,2000,8,8,415,0.001933154303962839,12.83614457831325,-154.0377511971193
sifa_random_raw,SIFA,1,S5,5,2000,9,9,415,0.0025254028160836117,16.76867469879518,-130.0377511971193
sifa_random_raw,SIFA,1,S5,5,2000,10,a,415,0.002827333430105966,18.773493975903616,-174.0377511971193
sifa_random_raw,SIFA,1,S5,5,2000,11,b,415,0.0013292930759181308,8.826506024096389,-153.0377511971193
sifa_random_raw,SIFA,1,S5,5,2000,12,c,415,0.0008996225867324724,5.973493975903617,-143.03775119711932
sifa_random_raw,SIFA,1,S5,5,2000,13,d,415,0.0014802583829293075,9.828915662650601,-134.0377511971193
sifa_random_raw,SIFA,1,S5,5,2000,14,e,415,0.001689287269560169,11.216867469879523,-162.0377511971193
sifa_random_raw,SIFA,1,S5,5,2000,15,f,415,0.0023163739294527505,15.380722891566263,-160.0377511971193
sifa_random_raw,SIFA,1,S5,5,3000,0,0,590,0.0015907785119218616,15.016949152542374,-212.5115017019286
sifa_random_raw,SIFA,1,S5,5,3000,1,1,590,0.0012173226084458489,11.491525423728813,-200.51150170192858
sifa_random_raw,SIFA,1,S5,5,3000,2,2,590,0.0017401608733122668,16.4271186440678,-140.51150170192864
sifa_random_raw,SIFA,1,S5,5,3000,3,3,590,0.0024928181557023845,23.53220338983051,-182.51150170192864
sifa_random_raw,SIFA,1,S5,5,3000,4,4,590,0.0018148520540074691,17.132203389830508,-232.51150170192864
sifa_random_raw,SIFA,1,S5,5,3000,5,5,590,0.001964234415397874,18.54237288135593,-234.51150170192864
sifa_random_raw,SIFA,1,S5,5,3000,6,6,590,0.0017976156276931917,16.96949152542373,-145.51150170192864
sifa_random_raw,SIFA,1,S5,5,3000,7,7,590,0.0022917265153691467,21.633898305084745,-215.51150170192864
sifa_random_raw,SIFA,1,S5,5,3000,8,8,590,0.001378195920712439,13.010169491525424,-201.51150170192864
sifa_random_raw,SIFA,1,S5,5,3000,9,9,590,0.001401177822464809,13.227118644067795,-193.51150170192864
sifa_random_raw,SIFA,1,S5,5,3000,10,a,590,0.0014873599540361966,14.040677966101695,-217.51150170192864
sifa_random_raw,SIFA,1,S5,5,3000,11,b,590,0.0008840850330364841,8.34576271186441,-219.51150170192864
sifa_random_raw,SIFA,1,S5,5,3000,12,c,590,0.0010334673944268889,9.75593220338983,-172.51150170192864
sifa_random_raw,SIFA,1,S5,5,3000,13,d,590,0.0016080149382361392,15.179661016949154,-192.5115017019287
sifa_random_raw,SIFA,1,S5,5,3000,14,e,590,0.0015390692329790292,14.528813559322035,-225.5115017019286
sifa_random_raw,SIFA,1,S5,5,3000,15,f,590,0.001958488939959782,18.488135593220342,-221.5115017019286
sifa_random_raw,SIFA,1,S5,5,4000,0,0,763,0.0011430314908557478,13.95412844036697,-286.3055522009687
sifa_random_raw,SIFA,1,S5,5,4000,1,1,763,0.0009162932069553684,11.186107470511137,-252.30555220096878
sifa_random_raw,SIFA,1,S5,5,4000,2,2,763,0.001019356063273723,12.44429882044561,-207.30555220096875
sifa_random_raw,SIFA,1,S5,5,4000,3,3,763,0.0014281720600031946,17.435124508519,-234.3055522009687
sifa_random_raw,SIFA,1,S5,5,4000,4,4,763,0.0010090497776418877,12.318479685452164,-288.30555220096875
sifa_random_raw,SIFA,1,S5,5,4000,5,5,763,0.0015862017730246714,19.36435124508519,-285.30555220096875
sifa_random_raw,SIFA,1,S5,5,4000,6,6,763,0.0014968806308820978,18.27391874180865,-188.30555220096872
sifa_random_raw,SIFA,1,S5,5,4000,7,7,763,0.0021942726253029628,26.787680209698568,-270.30555220096875
sifa_random_raw,SIFA,1,S5,5,4000,8,8,763,0.0011945629190149255,14.583224115334211,-265.3055522009687
sifa_random_raw,SIFA,1,S5,5,4000,9,9,763,0.0009884372063782164,12.066841415465266,-278.3055522009688
sifa_random_raw,SIFA,1,S5,5,4000,10,a,763,0.0008235366362688498,10.05373525557012,-299.3055522009687
sifa_random_raw,SIFA,1,S5,5,4000,11,b,763,0.0009472120638508751,11.563564875491483,-273.3055522009688
sifa_random_raw,SIFA,1,S5,5,4000,12,c,763,0.0012907549182453895,15.757536041939716,-217.30555220096872
sifa_random_raw,SIFA,1,S5,5,4000,13,d,763,0.0018026337712932156,22.006553079947576,-243.30555220096875
sifa_random_raw,SIFA,1,S5,5,4000,14,e,763,0.0013044966324211704,15.925294888597648,-301.3055522009687
sifa_random_raw,SIFA,1,S5,5,4000,15,f,763,0.0014453492027229208,17.64482306684142,-258.30555220096875
sifa_random_raw,SIFA,1,S5,5,6000,0,0,1109,0.0004971517569586001,8.821460775473401,-382.89365319904897
sifa_random_raw,SIFA,1,S5,5,6000,1,1,1109,0.0005150396664392734,9.138863841298466,-388.8936531990489
sifa_random_raw,SIFA,1,S5,5,6000,2,2,1109,0.0005800866100053583,10.293056807935079,-317.8936531990489
sifa_random_raw,SIFA,1,S5,5,6000,3,3,1109,0.0008662931616961321,15.37150586113617,-340.8936531990489
sifa_random_raw,SIFA,1,S5,5,6000,4,4,1109,0.0011703876228675784,20.767357980162313,-392.89365319904886
sifa_random_raw,SIFA,1,S5,5,6000,5,5,1109,0.0013850425366356582,24.57619477006312,-385.89365319904886
sifa_random_raw,SIFA,1,S5,5,6000,6,6,1109,0.0010972098113557326,19.46889089269612,-277.8936531990489
sifa_random_raw,SIFA,1,S5,5,6000,7,7,1109,0.0013525190648526158,23.999098286744815,-397.8936531990489
sifa_random_raw,SIFA,1,S5,5,6000,8,8,1109,0.0005768342628270541,10.235347159603247,-402.89365319904897
sifa_random_raw,SIFA,1,S5,5,6000,9,9,1109,0.0009069475014249345,16.09287646528404,-419.8936531990489
sifa_random_raw,SIFA,1,S5,5,6000,10,a,1109,0.0004353571605708194,7.724977457168619,-401.89365319904886
sifa_random_raw,SIFA,1,S5,5,6000,11,b,1109,0.000693918761246007,12.312894499549147,-401.89365319904897
sifa_random_raw,SIFA,1,S5,5,6000,12,c,1109,0.0009199568901381518,16.323715058611366,-340.89365319904886
sifa_random_raw,SIFA,1,S5,5,6000,13,d,1109,0.0006304979912690741,11.187556357078451,-362.8936531990489
sifa_random_raw,SIFA,1,S5,5,6000,14,e,1109,0.0007150590179049842,12.68800721370604,-424.8936531990489
sifa_random_raw,SIFA,1,S5,5,6000,15,f,1109,0.0011313594567279274,20.074842200180342,-389.89365319904886
sifa_random_raw,SIFA,1,S5,5,8000,0,0,1489,0.0008573900567447603,20.42646071188717,-491.0366542952063
sifa_random_raw,SIFA,1,S5,5,8000,1,1,1489,0.0004667934226413444,11.120886501007389,-523.0366542952063
sifa_random_raw,SIFA,1,S5,5,8000,2,2,1489,0.0003892153382697652,9.272666218938886,-449.03665429520635
sifa_random_raw,SIFA,1,S5,5,8000,3,3,1489,0.0005173093845577214,12.324378777703155,-462.0366542952063
sifa_random_raw,SIFA,1,S5,5,8000,4,4,1489,0.0006769759070434136,16.128274009402286,-527.0366542952063
sifa_random_raw,SIFA,1,S5,5,8000,5,5,1489,0.0012380639126146021,29.49563465413028,-530.0366542952064
sifa_random_raw,SIFA,1,S5,5,8000,6,6,1489,0.0009340660703678328,22.25319006044325,-368.03665429520623
sifa_random_raw,SIFA,1,S5,5,8000,7,7,1489,0.0009015915234215902,21.479516453995966,-552.0366542952063
sifa_random_raw,SIFA,1,S5,5,8000,8,8,1489,0.00023856952326914042,5.683680322364001,-538.0366542952063
sifa_random_raw,SIFA,1,S5,5,8000,9,9,1489,0.000736512576444858,17.5466756212223,-561.0366542952064
sifa_random_raw,SIFA,1,S5,5,8000,10,a,1489,0.000288183414437011,6.86568166554735,-538.0366542952063
sifa_random_raw,SIFA,1,S5,5,8000,11,b,1489,0.0004604789274017975,10.970449966420423,-512.0366542952063
sifa_random_raw,SIFA,1,S5,5,8000,12,c,1489,0.0005389590825218833,12.840161182001347,-469.0366542952063
sifa_random_raw,SIFA,1,S5,5,8000,13,d,1489,0.0005064845355756407,12.066487575554063,-481.0366542952063
sifa_random_raw,SIFA,1,S5,5,8000,14,e,1489,0.000481226554617452,11.464741437206177,-563.0366542952064
sifa_random_raw,SIFA,1,S5,5,8000,15,f,1489,0.0004505561491682231,10.734049697783746,-532.0366542952064
sifa_random_threshold,SIFA,0,S0,0,1500,0,0,16,0.0546875,14.0,-4.437600046153998
sifa_random_threshold,SIFA,0,S0,0,1500,1,1,16,0.03125,8.0,-8.437600046153996
sifa_random_threshold,SIFA,0,S0,0,1500,2,2,16,0.046875,12.0,-9.437600046153998
sifa_random_threshold,SIFA,0,S0,0,1500,3,3,16,0.046875,12.0,-3.4376000461539973
sifa_random_threshold,SIFA,0,S0,0,1500,4,4,16,0.0234375,6.0,-0.43760004615399684
sifa_random_threshold,SIFA,0,S0,0,1500,5,5,16,0.046875,12.0,-6.437600046153998
sifa_random_threshold,SIFA,0,S0,0,1500,6,6,16,0.0625,16.0,-1.4376000461539977
sifa_random_threshold,SIFA,0,S0,0,1500,7,7,16,0.0546875,14.0,-1.4376000461539982
sifa_random_threshold,SIFA,0,S0,0,1500,8,8,16,0.03125,8.0,-1.4376000461539973
sifa_random_threshold,SIFA,0,S0,0,1500,9,9,16,0.0625,16.0,-3.4376000461539964
sifa_random_threshold,SIFA,0,S0,0,1500,10,a,16,0.03125,8.0,-7.437600046153996
sifa_random_threshold,SIFA,0,S0,0,1500,11,b,16,0.0546875,14.0,-5.437600046153996
sifa_random_threshold,SIFA,0,S0,0,1500,12,c,16,0.0625,16.0,-10.437600046153996
sifa_random_threshold,SIFA,0,S0,0,1500,13,d,16,0.0390625,10.0,-6.437600046153996
sifa_random_threshold,SIFA,0,S0,0,1500,14,e,16,0.0234375,6.0,-4.437600046153996
sifa_random_threshold,SIFA,0,S0,0,1500,15,f,16,0.046875,12.0,-12.437600046153996
sifa_random_threshold,SIFA,0,S0,0,2000,0,0,21,0.05314625850340136,17.857142857142858,-2.136850060577121
sifa_random_threshold,SIFA,0,S0,0,2000,1,1,21,0.03047052154195011,10.238095238095237,-10.136850060577121
sifa_random_threshold,SIFA,0,S0,0,2000,2,2,21,0.035005668934240355,11.76190476190476,-12.136850060577121
sifa_random_threshold,SIFA,0,S0,0,2000,3,3,21,0.04407596371882086,14.809523809523808,-3.136850060577122
sifa_random_threshold,SIFA,0,S0,0,2000,4,4,21,0.025935374149659858,8.714285714285712,-1.136850060577121
sifa_random_threshold,SIFA,0,S0,0,2000,5,5,21,0.035005668934240355,11.76190476190476,-10.136850060577121
sifa_random_threshold,SIFA,0,S0,0,2000,6,6,21,0.035005668934240355,11.76190476190476,-5.136850060577121
sifa_random_threshold,SIFA,0,S0,0,2000,7,7,21,0.03954081632653061,13.285714285714285,-3.136850060577121
sifa_random_threshold,SIFA,0,S0,0,2000,8,8,21,0.03047052154195011,10.238095238095237,-1.1368500605771228
sifa_random_threshold,SIFA,0,S0,0,2000,9,9,21,0.035005668934240355,11.76190476190476,-8.136850060577121
sifa_random_threshold,SIFA,0,S0,0,2000,10,a,21,0.025935374149659858,8.714285714285712,-9.136850060577121
sifa_random_threshold,SIFA,0,S0,0,2000,11,b,21,0.04407596371882086,14.809523809523808,-9.136850060577121
sifa_random_threshold,SIFA,0,S0,0,2000,12,c,21,0.05314625850340136,17.857142857142858,-10.136850060577121
sifa_random_threshold,SIFA,0,S0,0,2000,13,d,21,0.030470521541950107,10.238095238095235,-10.136850060577123
sifa_random_threshold,SIFA,0,S0,0,2000,14,e,21,0.01686507936507936,5.666666666666665,-5.136850060577122
sifa_random_threshold,SIFA,0,S0,0,2000,15,f,21,0.05314625850340136,17.857142857142858,-14.136850060577121
sifa_random_threshold,SIFA,0,S0,0,3000,0,0,32,0.03515625,18.0,-4.875200092307994
sifa_random_threshold,SIFA,0,S0,0,3000,1,1,32,0.017578125,9.0,-17.875200092307995
sifa_random_threshold,SIFA,0,S0,0,3000,2,2,32,0.029296875,15.0,-11.875200092307994
sifa_random_threshold,SIFA,0,S0,0,3000,3,3,32,0.041015625,21.0,-6.875200092307994
sifa_random_threshold,SIFA,0,S0,0,3000,4,4,32,0.0390625,20.0,1.1247999076920046
sifa_random_threshold,SIFA,0,S0,0,3000,5,5,32,0.033203125,17.0,-17.875200092307995
sifa_random_threshold,SIFA,0,S0,0,3000,6,6,32,0.021484375,11.0,-7.8752000923079954
sifa_random_threshold,SIFA,0,S0,0,3000,7,7,32,0.0234375,12.0,-8.875200092307995
sifa_random_threshold,SIFA,0,S0,0,3000,8,8,32,0.02734375,14.0,-0.8752000923079919
sifa_random_threshold,SIFA,0,S0,0,3000,9,9,32,0.033203125,17.0,-15.875200092307992
sifa_random_threshold,SIFA,0,S0,0,3000,10,a,32,0.02734375,14.0,-11.875200092307995
sifa_random_threshold,SIFA,0,S0,0,3000,11,b,32,0.021484375,11.0,-12.875200092307995
sifa_random_threshold,SIFA,0,S0,0,3000,12,c,32,0.037109375,19.0,-11.875200092307995
sifa_random_threshold,SIFA,0,S0,0,3000,13,d,32,0.01953125,10.0,-14.875200092307995
sifa_random_threshold,SIFA,0,S0,0,3000,14,e,32,0.017578125,9.0,-10.875200092307994
sifa_random_threshold,SIFA,0,S0,0,3000,15,f,32,0.056640625,29.0,-19.875200092307992
sifa_random_threshold,SIFA,0,S0,0,4000,0,0,40,0.0175,11.200000000000001,-12.594000115384993
sifa_random_threshold,SIFA,0,S0,0,4000,1,1,40,0.0175,11.200000000000001,-23.594000115384993
sifa_random_threshold,SIFA,0,S0,0,4000,2,2,40,0.0175,11.200000000000001,-14.59400011538499
sifa_random_threshold,SIFA,0,S0,0,4000,3,3,40,0.035,22.400000000000002,-5.59400011538499
sifa_random_threshold,SIFA,0,S0,0,4000,4,4,40,0.01875,12.0,-2.5940001153849916
sifa_random_threshold,SIFA,0,S0,0,4000,5,5,40,0.0325,20.8,-19.594000115384993
sifa_random_threshold,SIFA,0,S0,0,4000,6,6,40,0.02375,15.2,-14.594000115384993
sifa_random_threshold,SIFA,0,S0,0,4000,7,7,40,0.01625,10.4,-11.594000115384993
sifa_random_threshold,SIFA,0,S0,0,4000,8,8,40,0.0225,14.399999999999999,-0.5940001153849916
sifa_random_threshold,SIFA,0,S0,0,4000,9,9,40,0.022499999999999996,14.399999999999997,-13.59400011538499
sifa_random_threshold,SIFA,0,S0,0,4000,10,a,40,0.021249999999999998,13.599999999999998,-17.594000115384993
sifa_random_threshold,SIFA,0,S0,0,4000,11,b,40,0.013750000000000002,8.8,-16.594000115384997
sifa_random_threshold,SIFA,0,S0,0,4000,12,c,40,0.028749999999999998,18.4,-12.594000115384993
sifa_random_threshold,SIFA,0,S0,0,4000,13,d,40,0.01625,10.4,-17.594000115384993
sifa_random_threshold,SIFA,0,S0,0,4000,14,e,40,0.015,9.6,-15.594000115384993
sifa_random_threshold,SIFA,0,S0,0,4000,15,f,40,0.03875,24.8,-18.594000115384993
sifa_random_threshold,SIFA,0,S0,0,6000,0,0,72,0.01388888888888889,16.0,-26.46920020769299
sifa_random_threshold,SIFA,0,S0,0,6000,1,1,72,0.012345679012345678,14.222222222222221,-35.469200207692985
sifa_random_threshold,SIFA,0,S0,0,6000,2,2,72,0.007716049382716049,8.88888888888889,-25.469200207692985
sifa_random_threshold,SIFA,0,S0,0,6000,3,3,72,0.011574074074074075,13.333333333333334,-20.469200207692992
sifa_random_threshold,SIFA,0,S0,0,6000,4,4,72,0.017746913580246916,20.444444444444446,3.5307997923070147
sifa_random_threshold,SIFA,0,S0,0,6000,5,5,72,0.015817901234567902,18.22222222222222,-29.46920020769299
sifa_random_threshold,SIFA,0,S0,0,6000,6,6,72,0.012345679012345677,14.22222222222222,-14.469200207692994
sifa_random_threshold,SIFA,0,S0,0,6000,7,7,72,0.02314814814814815,26.666666666666668,-23.469200207692992
sifa_random_threshold,SIFA,0,S0,0,6000,8,8,72,0.007330246913580247,8.444444444444445,-7.469200207692985
sifa_random_threshold,SIFA,0,S0,0,6000,9,9,72,0.007716049382716051,8.888888888888891,-26.46920020769299
sifa_random_threshold,SIFA,0,S0,0,6000,10,a,72,0.008487654320987654,9.777777777777777,-35.46920020769299
sifa_random_threshold,SIFA,0,S0,0,6000,11,b,72,0.022376543209876545,25.77777777777778,-30.469200207692985
sifa_random_threshold,SIFA,0,S0,0,6000,12,c,72,0.018132716049382717,20.88888888888889,-30.46920020769298
sifa_random_threshold,SIFA,0,S0,0,6000,13,d,72,0.009645061728395063,11.111111111111112,-21.469200207692985
sifa_random_threshold,SIFA,0,S0,0,6000,14,e,72,0.010030864197530864,11.555555555555555,-43.469200207692985
sifa_random_threshold,SIFA,0,S0,0,6000,15,f,72,0.0308641975308642,35.55555555555556,-24.469200207692985
sifa_random_threshold,SIFA,0,S0,0,8000,0,0,91,0.013457010022944088,19.59340659340659,-32.92635026250086
sifa_random_threshold,SIFA,0,S0,0,8000,1,1,91,0.011041842772612005,16.07692307692308,-44.92635026250086
sifa_random_threshold,SIFA,0,S0,0,8000,2,2,91,0.008626675522279918,12.56043956043956,-24.926350262500858
sifa_random_threshold,SIFA,0,S0,0,8000,3,3,91,0.012007909672744838,17.483516483516485,-23.92635026250086
sifa_random_threshold,SIFA,0,S0,0,8000,4,4,91,0.024566779374471683,35.769230769230774,12.073649737499146
sifa_random_threshold,SIFA,0,S0,0,8000,5,5,91,0.01635521072334259,23.81318681318681,-28.92635026250086
sifa_random_threshold,SIFA,0,S0,0,8000,6,6,91,0.008868192247313125,12.91208791208791,-21.92635026250086
sifa_random_threshold,SIFA,0,S0,0,8000,7,7,91,0.015630660548242963,22.758241758241752,-31.92635026250086
sifa_random_threshold,SIFA,0,S0,0,8000,8,8,91,0.007177575172080666,10.450549450549449,-15.926350262500861
sifa_random_threshold,SIFA,0,S0,0,8000,9,9,91,0.006453024996981042,9.395604395604398,-34.92635026250086
sifa_random_threshold,SIFA,0,S0,0,8000,10,a,91,0.00983425914744596,14.318681318681318,-42.92635026250086
sifa_random_threshold,SIFA,0,S0,0,8000,11,b,91,0.01756279434850863,25.571428571428566,-44.926350262500854
sifa_random_threshold,SIFA,0,S0,0,8000,12,c,91,0.015147627098176545,22.05494505494505,-43.92635026250086
sifa_random_threshold,SIFA,0,S0,0,8000,13,d,91,0.006936058447047458,10.098901098901099,-29.926350262500858
sifa_random_threshold,SIFA,0,S0,0,8000,14,e,91,0.009592742422412752,13.967032967032967,-51.92635026250086
sifa_random_threshold,SIFA,0,S0,0,8000,15,f,91,0.030604697500301894,44.560439560439555,-32.92635026250086
sifa_random_threshold,SIFA,0,S5,5,1500,0,0,17,0.08628892733564014,23.47058823529412,-12.77745004903862
sifa_random_threshold,SIFA,0,S5,5,1500,1,1,17,0.05860726643598617,15.941176470588237,-1.777450049038622
sifa_random_threshold,SIFA,0,S5,5,1500,2,2,17,0.08628892733564013,23.470588235294116,-1.777450049038622
sifa_random_threshold,SIFA,0,S5,5,1500,3,3,17,0.051686851211072665,14.058823529411764,-9.777450049038622
sifa_random_threshold,SIFA,0,S5,5,1500,4,4,17,0.09320934256055363,25.352941176470587,-14.77745004903862
sifa_random_threshold,SIFA,0,S5,5,1500,5,5,17,0.051686851211072665,14.058823529411764,-4.777450049038623
sifa_random_threshold,SIFA,0,S5,5,1500,6,6,17,0.051686851211072665,14.058823529411764,-12.777450049038622
sifa_random_threshold,SIFA,0,S5,5,1500,7,7,17,0.04476643598615917,12.176470588235293,-5.777450049038621
sifa_random_threshold,SIFA,0,S5,5,1500,8,8,17,0.030925605536332182,8.411764705882353,-3.7774500490386225
sifa_random_threshold,SIFA,0,S5,5,1500,9,9,17,0.05860726643598617,15.941176470588237,-9.777450049038622
sifa_random_threshold,SIFA,0,S5,5,1500,10,a,17,0.06552768166089964,17.823529411764703,-5.777450049038624
sifa_random_threshold,SIFA,0,S5,5,1500,11,b,17,0.07936851211072664,21.588235294117645,1.2225499509613789
sifa_random_threshold,SIFA,0,S5,5,1500,12,c,17,0.06552768166089966,17.823529411764707,7.222549950961377
sifa_random_threshold,SIFA,0,S5,5,1500,13,d,17,0.06552768166089964,17.823529411764703,-7.777450049038622
sifa_random_threshold,SIFA,0,S5,5,1500,14,e,17,0.051686851211072665,14.058823529411764,-10.77745004903862
sifa_random_threshold,SIFA,0,S5,5,1500,15,f,17,0.09320934256055363,25.352941176470587,1.222549950961378
sifa_random_threshold,SIFA,0,S5,5,2000,0,0,20,0.0675,21.6,-13.797000057692495
sifa_random_threshold,SIFA,0,S5,5,2000,1,1,20,0.0475,15.2,-1.7970000576924958
sifa_random_threshold,SIFA,0,S5,5,2000,2,2,20,0.0925,29.6,-0.7970000576924963
sifa_random_threshold,SIFA,0,S5,5,2000,3,3,20,0.052500000000000005,16.8,-12.797000057692497
sifa_random_threshold,SIFA,0,S5,5,2000,4,4,20,0.0675,21.6,-14.797000057692497
sifa_random_threshold,SIFA,0,S5,5,2000,5,5,20,0.0375,12.0,-6.797000057692496
sifa_random_threshold,SIFA,0,S5,5,2000,6,6,20,0.0475,15.2,-14.797000057692495
sifa_random_threshold,SIFA,0,S5,5,2000,7,7,20,0.0425,13.600000000000001,-4.797000057692497
sifa_random_threshold,SIFA,0,S5,5,2000,8,8,20,0.04250000000000001,13.600000000000003,-3.7970000576924963
sifa_random_threshold,SIFA,0,S5,5,2000,9,9,20,0.0575,18.400000000000002,-11.797000057692497
sifa_random_threshold,SIFA,0,S5,5,2000,10,a,20,0.052500000000000005,16.8,-8.797000057692497
sifa_random_threshold,SIFA,0,S5,5,2000,11,b,20,0.0675,21.6,3.2029999423075033
sifa_random_threshold,SIFA,0,S5,5,2000,12,c,20,0.05750000000000001,18.400000000000002,6.202999942307503
sifa_random_threshold,SIFA,0,S5,5,2000,13,d,20,0.0725,23.2,-11.797000057692497
sifa_random_threshold,SIFA,0,S5,5,2000,14,e,20,0.0475,15.2,-13.797000057692497
sifa_random_threshold,SIFA,0,S5,5,2000,15,f,20,0.0775,24.8,2.202999942307504
sifa_random_threshold,SIFA,0,S5,5,3000,0,0,30,0.03527777777777778,16.933333333333337,-17.195500086538747
sifa_random_threshold,SIFA,0,S5,5,3000,1,1,30,0.035277777777777776,16.933333333333334,-2.1955000865387433
sifa_random_threshold,SIFA,0,S5,5,3000,2,2,30,0.04638888888888888,22.266666666666662,-1.195500086538745
sifa_random_threshold,SIFA,0,S5,5,3000,3,3,30,0.059722222222222225,28.666666666666668,-22.195500086538743
sifa_random_threshold,SIFA,0,S5,5,3000,4,4,30,0.03305555555555555,15.866666666666665,-15.195500086538745
sifa_random_threshold,SIFA,0,S5,5,3000,5,5,30,0.013055555555555556,6.2666666666666675,-10.195500086538743
sifa_random_threshold,SIFA,0,S5,5,3000,6,6,30,0.02861111111111111,13.733333333333334,-18.195500086538747
sifa_random_threshold,SIFA,0,S5,5,3000,7,7,30,0.03083333333333333,14.799999999999999,-11.195500086538742
sifa_random_threshold,SIFA,0,S5,5,3000,8,8,30,0.04416666666666667,21.2,-9.195500086538745
sifa_random_threshold,SIFA,0,S5,5,3000,9,9,30,0.0375,18.0,-16.195500086538747
sifa_random_threshold,SIFA,0,S5,5,3000,10,a,30,0.0375,18.0,-14.195500086538747
sifa_random_threshold,SIFA,0,S5,5,3000,11,b,30,0.050833333333333335,24.400000000000002,4.804499913461256
sifa_random_threshold,SIFA,0,S5,5,3000,12,c,30,0.026388888888888892,12.666666666666668,1.8044999134612558
sifa_random_threshold,SIFA,0,S5,5,3000,13,d,30,0.04861111111111112,23.333333333333336,-15.195500086538747
sifa_random_threshold,SIFA,0,S5,5,3000,14,e,30,0.03972222222222222,19.066666666666666,-20.195500086538747
sifa_random_threshold,SIFA,0,S5,5,3000,15,f,30,0.05083333333333333,24.4,2.8044999134612567
sifa_random_threshold,SIFA,0,S5,5,4000,0,0,38,0.027527700831024925,16.736842105263154,-14.914300109615745
sifa_random_threshold,SIFA,0,S5,5,4000,1,1,38,0.02198753462603878,13.368421052631579,-1.9143001096157448
sifa_random_threshold,SIFA,0,S5,5,4000,2,2,38,0.0413781163434903,25.157894736842103,-5.914300109615743
sifa_random_threshold,SIFA,0,S5,5,4000,3,3,38,0.04553324099722991,27.684210526315788,-24.914300109615745
sifa_random_threshold,SIFA,0,S5,5,4000,4,4,38,0.03306786703601108,20.105263157894736,-24.914300109615745
sifa_random_threshold,SIFA,0,S5,5,4000,5,5,38,0.019217451523545703,11.684210526315788,-11.914300109615743
sifa_random_threshold,SIFA,0,S5,5,4000,6,6,38,0.023372576177285317,14.210526315789473,-20.914300109615745
sifa_random_threshold,SIFA,0,S5,5,4000,7,7,38,0.02198753462603878,13.368421052631579,-9.914300109615738
sifa_random_threshold,SIFA,0,S5,5,4000,8,8,38,0.03306786703601108,20.105263157894736,-13.914300109615743
sifa_random_threshold,SIFA,0,S5,5,4000,9,9,38,0.034452908587257615,20.94736842105263,-18.91430010961574
sifa_random_threshold,SIFA,0,S5,5,4000,10,a,38,0.02614265927977839,15.894736842105262,-17.914300109615745
sifa_random_threshold,SIFA,0,S5,5,4000,11,b,38,0.03306786703601108,20.105263157894736,3.085699890384255
sifa_random_threshold,SIFA,0,S5,5,4000,12,c,38,0.019217451523545703,11.684210526315788,-0.9143001096157448
sifa_random_threshold,SIFA,0,S5,5,4000,13,d,38,0.035837950138504146,21.78947368421052,-17.914300109615745
sifa_random_threshold,SIFA,0,S5,5,4000,14,e,38,0.034452908587257615,20.94736842105263,-23.914300109615745
sifa_random_threshold,SIFA,0,S5,5,4000,15,f,38,0.037222991689750684,22.631578947368418,-0.9143001096157413
sifa_random_threshold,SIFA,0,S5,5,6000,0,0,62,0.01710457856399584,16.967741935483872,-20.070700178846735
sifa_random_threshold,SIFA,0,S5,5,6000,1,1,62,0.016584287200832465,16.451612903225804,-13.070700178846735
sifa_random_threshold,SIFA,0,S5,5,6000,2,2,62,0.02438865764828304,24.193548387096776,-18.07070017884674
sifa_random_threshold,SIFA,0,S5,5,6000,3,3,62,0.02646982310093652,26.25806451612903,-41.070700178846735
sifa_random_threshold,SIFA,0,S5,5,6000,4,4,62,0.013982830385015608,13.870967741935482,-32.070700178846735
sifa_random_threshold,SIFA,0,S5,5,6000,5,5,62,0.013462539021852238,13.35483870967742,-15.07070017884674
sifa_random_threshold,SIFA,0,S5,5,6000,6,6,62,0.015543704474505723,15.419354838709678,-31.070700178846735
sifa_random_threshold,SIFA,0,S5,5,6000,7,7,62,0.019185744016649325,19.03225806451613,-18.070700178846742
sifa_random_threshold,SIFA,0,S5,5,6000,8,8,62,0.02074661810613944,20.580645161290324,-24.07070017884674
sifa_random_threshold,SIFA,0,S5,5,6000,9,9,62,0.01086108220603538,10.774193548387098,-23.07070017884674
sifa_random_threshold,SIFA,0,S5,5,6000,10,a,62,0.012421956295525494,12.32258064516129,-32.07070017884674
sifa_random_threshold,SIFA,0,S5,5,6000,11,b,62,0.039477107180020815,39.16129032258065,6.929299821153261
sifa_random_threshold,SIFA,0,S5,5,6000,12,c,62,0.01710457856399584,16.967741935483872,-4.070700178846738
sifa_random_threshold,SIFA,0,S5,5,6000,13,d,62,0.01710457856399584,16.967741935483872,-27.070700178846735
sifa_random_threshold,SIFA,0,S5,5,6000,14,e,62,0.015023413111342351,14.903225806451612,-29.070700178846742
sifa_random_threshold,SIFA,0,S5,5,6000,15,f,62,0.022307492195629552,22.129032258064516,-16.070700178846735
sifa_random_threshold,SIFA,0,S5,5,8000,0,0,92,0.0124054820415879,18.26086956521739,-26.266200265385482
sifa_random_threshold,SIFA,0,S5,5,8000,1,1,92,0.01027882797731569,15.130434782608695,-30.26620026538548
sifa_random_threshold,SIFA,0,S5,5,8000,2,2,92,0.015477315689981097,22.782608695652176,-29.266200265385486
sifa_random_threshold,SIFA,0,S5,5,8000,3,3,92,0.013823251417769376,20.347826086956523,-51.266200265385486
sifa_random_threshold,SIFA,0,S5,5,8000,4,4,92,0.007443289224952741,10.956521739130435,-37.26620026538548
sifa_random_threshold,SIFA,0,S5,5,8000,5,5,92,0.008152173913043478,12.0,-29.266200265385482
sifa_random_threshold,SIFA,0,S5,5,8000,6,6,92,0.012169187145557654,17.913043478260867,-53.266200265385486
sifa_random_threshold,SIFA,0,S5,5,8000,7,7,92,0.013350661625708886,19.65217391304348,-29.26620026538548
sifa_random_threshold,SIFA,0,S5,5,8000,8,8,92,0.017840264650283558,26.260869565217398,-32.26620026538548
sifa_random_threshold,SIFA,0,S5,5,8000,9,9,92,0.006025519848771267,8.869565217391305,-40.26620026538548
sifa_random_threshold,SIFA,0,S5,5,8000,10,a,92,0.012641776937618147,18.60869565217391,-39.26620026538548
sifa_random_threshold,SIFA,0,S5,5,8000,11,b,92,0.040760869565217385,59.99999999999999,14.733799734614518
sifa_random_threshold,SIFA,0,S5,5,8000,12,c,92,0.013114366729678638,19.304347826086953,-20.266200265385482
sifa_random_threshold,SIFA,0,S5,5,8000,13,d,92,0.012641776937618148,18.608695652173914,-34.266200265385486
sifa_random_threshold,SIFA,0,S5,5,8000,14,e,92,0.011460302457466919,16.869565217391305,-36.26620026538548
sifa_random_threshold,SIFA,0,S5,5,8000,15,f,92,0.014532136105860113,21.391304347826086,-26.266200265385486
sifa_random_threshold,SIFA,1,S0,0,1000,0,0,16,0.0546875,14.0,-10.437600046153998
sifa_random_threshold,SIFA,1,S0,0,1000,1,1,16,0.046875,12.0,-3.437600046153997
sifa_random_threshold,SIFA,1,S0,0,1000,2,2,16,0.0390625,10.0,-5.437600046153998
sifa_random_threshold,SIFA,1,S0,0,1000,3,3,16,0.09375,24.0,3.5623999538460023
sifa_random_threshold,SIFA,1,S0,0,1000,4,4,16,0.0546875,14.0,-7.437600046153997
sifa_random_threshold,SIFA,1,S0,0,1000,5,5,16,0.015625,4.0,-4.437600046153997
sifa_random_threshold,SIFA,1,S0,0,1000,6,6,16,0.03125,8.0,-7.437600046153998
sifa_random_threshold,SIFA,1,S0,0,1000,7,7,16,0.0546875,14.0,-8.437600046153996
sifa_random_threshold,SIFA,1,S0,0,1000,8,8,16,0.046875,12.0,-0.43760004615399706
sifa_random_threshold,SIFA,1,S0,0,1000,9,9,16,0.0703125,18.0,-9.437600046153996
sifa_random_threshold,SIFA,1,S0,0,1000,10,a,16,0.03125,8.0,-8.437600046153996
sifa_random_threshold,SIFA,1,S0,0,1000,11,b,16,0.0703125,18.0,-13.437600046153996
sifa_random_threshold,SIFA,1,S0,0,1000,12,c,16,0.0625,16.0,-4.437600046153997
sifa_random_threshold,SIFA,1,S0,0,1000,13,d,16,0.078125,20.0,-1.437600046153997
sifa_random_threshold,SIFA,1,S0,0,1000,14,e,16,0.0625,16.0,-1.4376000461539973
sifa_random_threshold,SIFA,1,S0,0,1000,15,f,16,0.03125,8.0,-4.437600046153996
sifa_random_threshold,SIFA,1,S0,0,1500,0,0,19,0.051073407202216065,15.526315789473683,-11.45715005480787
sifa_random_threshold,SIFA,1,S0,0,1500,1,1,19,0.028912742382271463,8.789473684210524,-4.457150054807873
sifa_random_threshold,SIFA,1,S0,0,1500,2,2,19,0.028912742382271466,8.789473684210526,-7.457150054807871
sifa_random_threshold,SIFA,1,S0,0,1500,3,3,19,0.0787742382271468,23.947368421052627,6.542849945192128
sifa_random_threshold,SIFA,1,S0,0,1500,4,4,19,0.04553324099722991,13.842105263157894,-7.4571500548078715
sifa_random_threshold,SIFA,1,S0,0,1500,5,5,19,0.017832409972299165,5.421052631578946,-5.457150054807871
sifa_random_threshold,SIFA,1,S0,0,1500,6,6,19,0.03445290858725761,10.473684210526313,-9.45715005480787
sifa_random_threshold,SIFA,1,S0,0,1500,7,7,19,0.05107340720221606,15.526315789473681,-10.457150054807872
sifa_random_threshold,SIFA,1,S0,0,1500,8,8,19,0.0566135734072022,17.21052631578947,-1.4571500548078713
sifa_random_threshold,SIFA,1,S0,0,1500,9,9,19,0.04553324099722991,13.842105263157894,-13.45715005480787
sifa_random_threshold,SIFA,1,S0,0,1500,10,a,19,0.028912742382271463,8.789473684210524,-10.45715005480787
sifa_random_threshold,SIFA,1,S0,0,1500,11,b,19,0.06769390581717451,20.57894736842105,-15.457150054807872
sifa_random_threshold,SIFA,1,S0,0,1500,12,c,19,0.05661357340720221,17.210526315789473,-5.4571500548078715
sifa_random_threshold,SIFA,1,S0,0,1500,13,d,19,0.04553324099722991,13.842105263157894,-4.4571500548078715
sifa_random_threshold,SIFA,1,S0,0,1500,14,e,19,0.04553324099722991,13.842105263157894,-1.4571500548078715
sifa_random_threshold,SIFA,1,S0,0,1500,15,f,19,0.04553324099722991,13.842105263157894,-1.4571500548078715
sifa_random_threshold,SIFA,1,S0,0,2000,0,0,29,0.026679548156956005,12.379310344827585,-15.85565008365412
sifa_random_threshold,SIFA,1,S0,0,2000,1,1,29,0.02430142687277051,11.275862068965516,-5.855650083654122
sifa_random_threshold,SIFA,1,S0,0,2000,2,2,29,0.03143579072532699,14.586206896551724,-12.855650083654119
sifa_random_threshold,SIFA,1,S0,0,2000,3,3,29,0.048082639714625446,22.310344827586206,6.144349916345879
sifa_random_threshold,SIFA,1,S0,0,2000,4,4,29,0.0290576694411415,13.482758620689657,-12.855650083654117
sifa_random_threshold,SIFA,1,S0,0,2000,5,5,29,0.012410820451843043,5.758620689655172,-5.855650083654119
sifa_random_threshold,SIFA,1,S0,0,2000,6,6,29,0.021923305588585018,10.172413793103448,-12.855650083654119
sifa_random_threshold,SIFA,1,S0,0,2000,7,7,29,0.02430142687277051,11.275862068965516,-16.85565008365412
sifa_random_threshold,SIFA,1,S0,0,2000,8,8,29,0.03381391200951248,15.689655172413792,-10.85565008365412
sifa_random_threshold,SIFA,1,S0,0,2000,9,9,29,0.026679548156956008,12.379310344827587,-15.855650083654117
sifa_random_threshold,SIFA,1,S0,0,2000,10,a,29,0.03143579072532699,14.586206896551724,-11.855650083654119
sifa_random_threshold,SIFA,1,S0,0,2000,11,b,29,0.040948275862068964,19.0,-21.85565008365412
sifa_random_threshold,SIFA,1,S0,0,2000,12,c,29,0.021923305588585018,10.172413793103448,-12.855650083654123
sifa_random_threshold,SIFA,1,S0,0,2000,13,d,29,0.040948275862068964,19.0,1.144349916345881
sifa_random_threshold,SIFA,1,S0,0,2000,14,e,29,0.03143579072532699,14.586206896551724,-5.855650083654121
sifa_random_threshold,SIFA,1,S0,0,2000,15,f,29,0.04332639714625446,20.10344827586207,-2.8556500836541208
sifa_random_threshold,SIFA,1,S0,0,3000,0,0,42,0.019132653061224487,12.857142857142856,-21.273700121154242
sifa_random_threshold,SIFA,1,S0,0,3000,1,1,42,0.022534013605442174,15.14285714285714,-6.273700121154243
sifa_random_threshold,SIFA,1,S0,0,3000,2,2,42,0.02026643990929705,13.619047619047619,-24.273700121154242
sifa_random_threshold,SIFA,1,S0,0,3000,3,3,42,0.04407596371882086,29.619047619047617,6.7262998788457535
sifa_random_threshold,SIFA,1,S0,0,3000,4,4,42,0.023667800453514735,15.904761904761902,-11.273700121154242
sifa_random_threshold,SIFA,1,S0,0,3000,5,5,42,0.016865079365079364,11.333333333333332,-12.273700121154242
sifa_random_threshold,SIFA,1,S0,0,3000,6,6,42,0.01686507936507936,11.33333333333333,-19.273700121154242
sifa_random_threshold,SIFA,1,S0,0,3000,7,7,42,0.01686507936507936,11.33333333333333,-22.273700121154242
sifa_random_threshold,SIFA,1,S0,0,3000,8,8,42,0.03273809523809523,21.999999999999996,-13.273700121154242
sifa_random_threshold,SIFA,1,S0,0,3000,9,9,42,0.024801587301587297,16.666666666666664,-28.273700121154242
sifa_random_threshold,SIFA,1,S0,0,3000,10,a,42,0.02140022675736961,14.380952380952378,-13.273700121154242
sifa_random_threshold,SIFA,1,S0,0,3000,11,b,42,0.03160430839002267,21.238095238095234,-30.273700121154242
sifa_random_threshold,SIFA,1,S0,0,3000,12,c,42,0.03047052154195011,20.476190476190474,-12.273700121154242
sifa_random_threshold,SIFA,1,S0,0,3000,13,d,42,0.04067460317460317,27.33333333333333,0.7262998788457597
sifa_random_threshold,SIFA,1,S0,0,3000,14,e,42,0.016865079365079364,11.333333333333332,-13.273700121154242
sifa_random_threshold,SIFA,1,S0,0,3000,15,f,42,0.0157312925170068,10.57142857142857,-8.273700121154246
sifa_random_threshold,SIFA,1,S0,0,4000,0,0,56,0.014668367346938778,13.142857142857146,-19.031600161538986
sifa_random_threshold,SIFA,1,S0,0,4000,1,1,56,0.029974489795918366,26.857142857142854,-3.0316001615389894
sifa_random_threshold,SIFA,1,S0,0,4000,2,2,56,0.016581632653061222,14.857142857142854,-38.03160016153899
sifa_random_threshold,SIFA,1,S0,0,4000,3,3,56,0.025510204081632654,22.857142857142858,-2.0316001615389894
sifa_random_threshold,SIFA,1,S0,0,4000,4,4,56,0.01785714285714286,16.000000000000004,-21.03160016153899
sifa_random_threshold,SIFA,1,S0,0,4000,5,5,56,0.014030612244897957,12.57142857142857,-19.03160016153899
sifa_random_threshold,SIFA,1,S0,0,4000,6,6,56,0.015306122448979591,13.714285714285714,-17.03160016153899
sifa_random_threshold,SIFA,1,S0,0,4000,7,7,56,0.021045918367346945,18.85714285714286,-33.03160016153899
sifa_random_threshold,SIFA,1,S0,0,4000,8,8,56,0.019132653061224487,17.14285714285714,-19.031600161538993
sifa_random_threshold,SIFA,1,S0,0,4000,9,9,56,0.02614795918367347,23.42857142857143,-39.03160016153898
sifa_random_threshold,SIFA,1,S0,0,4000,10,a,56,0.02359693877551021,21.142857142857146,-18.03160016153899
sifa_random_threshold,SIFA,1,S0,0,4000,11,b,56,0.02040816326530612,18.285714285714285,-30.031600161538986
sifa_random_threshold,SIFA,1,S0,0,4000,12,c,56,0.02423469387755102,21.714285714285715,-14.031600161538986
sifa_random_threshold,SIFA,1,S0,0,4000,13,d,56,0.032525510204081634,29.142857142857146,3.968399838461009
sifa_random_threshold,SIFA,1,S0,0,4000,14,e,56,0.01721938775510204,15.428571428571427,-22.031600161538993
sifa_random_threshold,SIFA,1,S0,0,4000,15,f,56,0.013392857142857144,12.0,-14.03160016153899
sifa_random_threshold,SIFA,1,S0,0,6000,0,0,101,0.006414812273306536,10.366336633663362,-24.324850291347104
sifa_random_threshold,SIFA,1,S0,0,6000,1,1,101,0.01955077933535928,31.594059405940595,-4.324850291347108
sifa_random_threshold,SIFA,1,S0,0,6000,2,2,101,0.012884766199392217,20.821782178217823,-65.3248502913471
sifa_random_threshold,SIFA,1,S0,0,6000,3,3,101,0.010532055680815606,17.019801980198018,-22.324850291347104
sifa_random_threshold,SIFA,1,S0,0,6000,4,4,101,0.008963582001764532,14.485148514851485,-22.324850291347104
sifa_random_threshold,SIFA,1,S0,0,6000,5,5,101,0.011120233310459759,17.97029702970297,-31.324850291347104
sifa_random_threshold,SIFA,1,S0,0,6000,6,6,101,0.008179345162238994,13.217821782178214,-40.32485029134712
sifa_random_threshold,SIFA,1,S0,0,6000,7,7,101,0.0073951083227134584,11.95049504950495,-34.324850291347104
sifa_random_threshold,SIFA,1,S0,0,6000,8,8,101,0.008179345162238996,13.217821782178218,-47.324850291347104
sifa_random_threshold,SIFA,1,S0,0,6000,9,9,101,0.016413831977257133,26.524752475247528,-68.3248502913471
sifa_random_threshold,SIFA,1,S0,0,6000,10,a,101,0.017982305656308203,29.059405940594054,-37.324850291347104
sifa_random_threshold,SIFA,1,S0,0,6000,11,b,101,0.010924174100578374,17.653465346534652,-39.324850291347104
sifa_random_threshold,SIFA,1,S0,0,6000,12,c,101,0.012884766199392217,20.821782178217823,-31.324850291347104
sifa_random_threshold,SIFA,1,S0,0,6000,13,d,101,0.017002009606901285,27.475247524752476,-9.3248502913471
sifa_random_threshold,SIFA,1,S0,0,6000,14,e,101,0.01210052935986668,19.554455445544555,-37.324850291347104
sifa_random_threshold,SIFA,1,S0,0,6000,15,f,101,0.009551759631408686,15.435643564356436,-34.32485029134711
sifa_random_threshold,SIFA,1,S0,0,8000,0,0,134,0.007448763644464246,15.970149253731343,-30.539900386539724
sifa_random_threshold,SIFA,1,S0,0,8000,1,1,134,0.014131766540432168,30.29850746268657,-15.53990038653972
sifa_random_threshold,SIFA,1,S0,0,8000,2,2,134,0.009119514368456226,19.55223880597015,-80.53990038653973
sifa_random_threshold,SIFA,1,S0,0,8000,3,3,134,0.007782913789262642,16.686567164179106,-41.53990038653972
sifa_random_threshold,SIFA,1,S0,0,8000,4,4,134,0.007225996881265315,15.492537313432836,-33.53990038653972
sifa_random_threshold,SIFA,1,S0,0,8000,5,5,134,0.008005680552461574,17.164179104477615,-50.53990038653972
sifa_random_threshold,SIFA,1,S0,0,8000,6,6,134,0.007894297170862107,16.925373134328357,-54.53990038653973
sifa_random_threshold,SIFA,1,S0,0,8000,7,7,134,0.0074487636444642465,15.970149253731345,-41.53990038653973
sifa_random_threshold,SIFA,1,S0,0,8000,8,8,134,0.007003230118066384,15.014925373134327,-70.53990038653973
sifa_random_threshold,SIFA,1,S0,0,8000,9,9,134,0.011569948763644464,24.80597014925373,-69.53990038653973
sifa_random_threshold,SIFA,1,S0,0,8000,10,a,134,0.011013031855647136,23.61194029850746,-38.53990038653973
sifa_random_threshold,SIFA,1,S0,0,8000,11,b,134,0.007448763644464245,15.970149253731341,-49.53990038653972
sifa_random_threshold,SIFA,1,S0,0,8000,12,c,134,0.011792715526843394,25.283582089552237,-57.53990038653971
sifa_random_threshold,SIFA,1,S0,0,8000,13,d,134,0.016470817554020942,35.3134328358209,-2.5399003865397205
sifa_random_threshold,SIFA,1,S0,0,8000,14,e,134,0.010233348184450878,21.940298507462682,-42.53990038653972
sifa_random_threshold,SIFA,1,S0,0,8000,15,f,134,0.010901648474047673,23.37313432835821,-49.53990038653973
sifa_random_threshold,SIFA,1,S5,5,2000,0,0,20,0.0475,15.2,-8.797000057692497
sifa_random_threshold,SIFA,1,S5,5,2000,1,1,20,0.06749999999999999,21.599999999999998,-12.797000057692495
sifa_random_threshold,SIFA,1,S5,5,2000,2,2,20,0.0875,28.0,-2.797000057692495
sifa_random_threshold,SIFA,1,S5,5,2000,3,3,20,0.052500000000000005,16.8,-6.797000057692497
sifa_random_threshold,SIFA,1,S5,5,2000,4,4,20,0.0425,13.600000000000001,-5.797000057692497
sifa_random_threshold,SIFA,1,S5,5,2000,5,5,20,0.05750000000000001,18.400000000000002,-5.797000057692497
sifa_random_threshold,SIFA,1,S5,5,2000,6,6,20,0.052500000000000005,16.8,1.2029999423075033
sifa_random_threshold,SIFA,1,S5,5,2000,7,7,20,0.037500000000000006,12.000000000000002,-8.797000057692497
sifa_random_threshold,SIFA,1,S5,5,2000,8,8,20,0.0325,10.4,-9.797000057692497
sifa_random_threshold,SIFA,1,S5,5,2000,9,9,20,0.0375,12.0,-7.797000057692497
sifa_random_threshold,SIFA,1,S5,5,2000,10,a,20,0.052500000000000005,16.8,-7.797000057692495
sifa_random_threshold,SIFA,1,S5,5,2000,11,b,20,0.037500000000000006,12.000000000000002,-9.797000057692497
sifa_random_threshold,SIFA,1,S5,5,2000,12,c,20,0.0375,12.0,-1.7970000576924958
sifa_random_threshold,SIFA,1,S5,5,2000,13,d,20,0.0325,10.4,-7.797000057692497
sifa_random_threshold,SIFA,1,S5,5,2000,14,e,20,0.0475,15.2,-2.7970000576924963
sifa_random_threshold,SIFA,1,S5,5,2000,15,f,20,0.0475,15.2,-10.797000057692493
sifa_random_threshold,SIFA,1,S5,5,3000,0,0,32,0.025390625,13.0,-16.875200092308
sifa_random_threshold,SIFA,1,S5,5,3000,1,1,32,0.033203125,17.0,-19.875200092307995
sifa_random_threshold,SIFA,1,S5,5,3000,2,2,32,0.0546875,28.0,-3.8752000923079937
sifa_random_threshold,SIFA,1,S5,5,3000,3,3,32,0.017578125,9.0,-10.875200092307995
sifa_random_threshold,SIFA,1,S5,5,3000,4,4,32,0.0390625,20.0,-3.8752000923079963
sifa_random_threshold,SIFA,1,S5,5,3000,5,5,32,0.033203125,17.0,-12.875200092307995
sifa_random_threshold,SIFA,1,S5,5,3000,6,6,32,0.03515625,18.0,-0.8752000923079919
sifa_random_threshold,SIFA,1,S5,5,3000,7,7,32,0.05078125,26.0,-17.875200092307992
sifa_random_threshold,SIFA,1,S5,5,3000,8,8,32,0.021484375,11.0,-12.875200092307995
sifa_random_threshold,SIFA,1,S5,5,3000,9,9,32,0.02734375,14.0,-13.875200092307992
sifa_random_threshold,SIFA,1,S5,5,3000,10,a,32,0.021484375,11.0,-17.875200092307995
sifa_random_threshold,SIFA,1,S5,5,3000,11,b,32,0.013671875,7.0,-10.875200092307995
sifa_random_threshold,SIFA,1,S5,5,3000,12,c,32,0.048828125,25.0,-6.875200092307994
sifa_random_threshold,SIFA,1,S5,5,3000,13,d,32,0.015625,8.0,-9.875200092307992
sifa_random_threshold,SIFA,1,S5,5,3000,14,e,32,0.029296875,15.0,-7.875200092307994
sifa_random_threshold,SIFA,1,S5,5,3000,15,f,32,0.025390625,13.0,-6.875200092307992
sifa_random_threshold,SIFA,1,S5,5,4000,0,0,40,0.0175,11.200000000000001,-25.594000115384993
sifa_random_threshold,SIFA,1,S5,5,4000,1,1,40,0.0225,14.399999999999999,-21.594000115384993
sifa_random_threshold,SIFA,1,S5,5,4000,2,2,40,0.03625,23.2,-4.594000115384992
sifa_random_threshold,SIFA,1,S5,5,4000,3,3,40,0.01875,12.0,-14.594000115384993
sifa_random_threshold,SIFA,1,S5,5,4000,4,4,40,0.023749999999999997,15.199999999999998,-11.594000115384995
sifa_random_threshold,SIFA,1,S5,5,4000,5,5,40,0.0225,14.399999999999999,-13.594000115384992
sifa_random_threshold,SIFA,1,S5,5,4000,6,6,40,0.03,19.2,-0.5940001153849934
sifa_random_threshold,SIFA,1,S5,5,4000,7,7,40,0.041249999999999995,26.4,-24.59400011538499
sifa_random_threshold,SIFA,1,S5,5,4000,8,8,40,0.0225,14.399999999999999,-10.594000115384995
sifa_random_threshold,SIFA,1,S5,5,4000,9,9,40,0.02375,15.2,-16.594000115384993
sifa_random_threshold,SIFA,1,S5,5,4000,10,a,40,0.021249999999999998,13.599999999999998,-20.594000115384993
sifa_random_threshold,SIFA,1,S5,5,4000,11,b,40,0.0075,4.8,-14.594000115384993
sifa_random_threshold,SIFA,1,S5,5,4000,12,c,40,0.04625,29.6,-7.594000115384994
sifa_random_threshold,SIFA,1,S5,5,4000,13,d,40,0.008749999999999999,5.6,-13.594000115384993
sifa_random_threshold,SIFA,1,S5,5,4000,14,e,40,0.024999999999999998,15.999999999999998,-9.594000115384993
sifa_random_threshold,SIFA,1,S5,5,4000,15,f,40,0.0225,14.399999999999999,-7.594000115384992
sifa_random_threshold,SIFA,1,S5,5,6000,0,0,59,0.015351192186153405,14.491525423728815,-30.051150170192862
sifa_random_threshold,SIFA,1,S5,5,6000,1,1,59,0.015925739729962654,15.033898305084746,-35.05115017019287
sifa_random_threshold,SIFA,1,S5,5,6000,2,2,59,0.02224576271186441,21.000000000000004,-7.051150170192863
sifa_random_threshold,SIFA,1,S5,5,6000,3,3,59,0.016500287273771907,15.57627118644068,-13.051150170192864
sifa_random_threshold,SIFA,1,S5,5,6000,4,4,59,0.013053002010916404,12.322033898305085,-14.051150170192864
sifa_random_threshold,SIFA,1,S5,5,6000,5,5,59,0.01707483481758116,16.118644067796616,-26.05115017019287
sifa_random_threshold,SIFA,1,S5,5,6000,6,6,59,0.023969405343292158,22.627118644067796,-0.051150170192862277
sifa_random_threshold,SIFA,1,S5,5,6000,7,7,59,0.02167121516805516,20.457627118644073,-33.05115017019286
sifa_random_threshold,SIFA,1,S5,5,6000,8,8,59,0.021671215168055157,20.45762711864407,-10.05115017019286
sifa_random_threshold,SIFA,1,S5,5,6000,9,9,59,0.014202097098534905,13.40677966101695,-28.051150170192866
sifa_random_threshold,SIFA,1,S5,5,6000,10,a,59,0.018223929905199655,17.203389830508474,-27.051150170192862
sifa_random_threshold,SIFA,1,S5,5,6000,11,b,59,0.006732979029014651,6.3559322033898304,-28.051150170192862
sifa_random_threshold,SIFA,1,S5,5,6000,12,c,59,0.03143852341281241,29.677966101694917,-20.051150170192866
sifa_random_threshold,SIFA,1,S5,5,6000,13,d,59,0.0050093363975869006,4.728813559322034,-21.051150170192862
sifa_random_threshold,SIFA,1,S5,5,6000,14,e,59,0.017074834817581156,16.118644067796613,-15.051150170192866
sifa_random_threshold,SIFA,1,S5,5,6000,15,f,59,0.021096667624245904,19.915254237288135,-13.051150170192866
sifa_random_threshold,SIFA,1,S5,5,8000,0,0,78,0.012121959237343854,15.128205128205131,-35.50830022500073
sifa_random_threshold,SIFA,1,S5,5,8000,1,1,78,0.009820841551610782,12.256410256410255,-37.50830022500073
sifa_random_threshold,SIFA,1,S5,5,8000,2,2,78,0.012779421433267584,15.948717948717945,-14.508300225000738
sifa_random_threshold,SIFA,1,S5,5,8000,3,3,78,0.015738001314924387,19.641025641025635,-22.50830022500073
sifa_random_threshold,SIFA,1,S5,5,8000,4,4,78,0.009163379355687049,11.435897435897436,-24.50830022500073
sifa_random_threshold,SIFA,1,S5,5,8000,5,5,78,0.010807034845496385,13.487179487179489,-36.508300225000745
sifa_random_threshold,SIFA,1,S5,5,8000,6,6,78,0.0196827744904668,24.564102564102566,-6.508300225000735
sifa_random_threshold,SIFA,1,S5,5,8000,7,7,78,0.01738165680473373,21.692307692307693,-38.50830022500073
sifa_random_threshold,SIFA,1,S5,5,8000,8,8,78,0.01343688362919132,16.769230769230766,-18.508300225000735
sifa_random_threshold,SIFA,1,S5,5,8000,9,9,78,0.007848454963839579,9.794871794871794,-34.50830022500073
sifa_random_threshold,SIFA,1,S5,5,8000,10,a,78,0.01606673241288626,20.05128205128205,-33.50830022500074
sifa_random_threshold,SIFA,1,S5,5,8000,11,b,78,0.004561143984220907,5.6923076923076925,-31.508300225000735
sifa_random_threshold,SIFA,1,S5,5,8000,12,c,78,0.02494247205785667,31.128205128205124,-20.508300225000735
sifa_random_threshold,SIFA,1,S5,5,8000,13,d,78,0.00423241288625904,5.282051282051282,-28.50830022500074
sifa_random_threshold,SIFA,1,S5,5,8000,14,e,78,0.016395463510848127,20.461538461538463,-20.508300225000735
sifa_random_threshold,SIFA,1,S5,5,8000,15,f,78,0.014094345825115059,17.589743589743595,-20.508300225000742
sifa_random_budget,SIFA,0,S0,0,250,0,0,27,0.04038065843621399,17.444444444444443,-5.17595007788487
sifa_random_budget,SIFA,0,S0,0,250,1,1,27,0.0458676268861454,19.814814814814813,-11.175950077884869
sifa_random_budget,SIFA,0,S0,0,250,2,2,27,0.034893689986282575,15.074074074074073,-8.175950077884872
sifa_random_budget,SIFA,0,S0,0,250,3,3,27,0.026663237311385455,11.518518518518517,-1.1759500778848704
sifa_random_budget,SIFA,0,S0,0,250,4,4,27,0.034893689986282575,15.074074074074073,0.8240499221151296
sifa_random_budget,SIFA,0,S0,0,250,5,5,27,0.023919753086419752,10.333333333333332,-18.17595007788487
sifa_random_budget,SIFA,0,S0,0,250,6,6,27,0.023919753086419752,10.333333333333332,-12.175950077884869
sifa_random_budget,SIFA,0,S0,0,250,7,7,27,0.03763717421124828,16.259259259259256,-12.17595007788487
sifa_random_budget,SIFA,0,S0,0,250,8,8,27,0.03763717421124828,16.259259259259256,-9.17595007788487
sifa_random_budget,SIFA,0,S0,0,250,9,9,27,0.04038065843621399,17.444444444444443,-12.17595007788487
sifa_random_budget,SIFA,0,S0,0,250,10,a,27,0.01843278463648834,7.962962962962962,-9.17595007788487
sifa_random_budget,SIFA,0,S0,0,250,11,b,27,0.03215020576131687,13.88888888888889,-15.175950077884869
sifa_random_budget,SIFA,0,S0,0,250,12,c,27,0.03215020576131687,13.88888888888889,-2.1759500778848704
sifa_random_budget,SIFA,0,S0,0,250,13,d,27,0.04038065843621398,17.44444444444444,-16.17595007788487
sifa_random_budget,SIFA,0,S0,0,250,14,e,27,0.048611111111111105,20.999999999999996,-11.17595007788487
sifa_random_budget,SIFA,0,S0,0,250,15,f,27,0.0458676268861454,19.814814814814813,-4.175950077884872
sifa_random_budget,SIFA,0,S0,0,500,0,0,52,0.021079881656804734,17.53846153846154,-16.67220015000049
sifa_random_budget,SIFA,0,S0,0,500,1,1,52,0.015162721893491125,12.615384615384617,-24.67220015000049
sifa_random_budget,SIFA,0,S0,0,500,2,2,52,0.011464497041420121,9.53846153846154,-16.67220015000049
sifa_random_budget,SIFA,0,S0,0,500,3,3,52,0.01886094674556213,15.692307692307692,-4.672200150000492
sifa_random_budget,SIFA,0,S0,0,500,4,4,52,0.012204142011834321,10.153846153846155,-7.672200150000489
sifa_random_budget,SIFA,0,S0,0,500,5,5,52,0.021079881656804734,17.53846153846154,-35.67220015000049
sifa_random_budget,SIFA,0,S0,0,500,6,6,52,0.013683431952662724,11.384615384615387,-14.672200150000494
sifa_random_budget,SIFA,0,S0,0,500,7,7,52,0.029955621301775155,24.92307692307693,-16.672200150000496
sifa_random_budget,SIFA,0,S0,0,500,8,8,52,0.024038461538461536,20.0,-17.672200150000485
sifa_random_budget,SIFA,0,S0,0,500,9,9,52,0.021079881656804737,17.53846153846154,-11.672200150000487
sifa_random_budget,SIFA,0,S0,0,500,10,a,52,0.011464497041420121,9.53846153846154,-26.67220015000049
sifa_random_budget,SIFA,0,S0,0,500,11,b,52,0.018121301775147928,15.076923076923077,-30.67220015000049
sifa_random_budget,SIFA,0,S0,0,500,12,c,52,0.018860946745562133,15.692307692307695,-16.67220015000049
sifa_random_budget,SIFA,0,S0,0,500,13,d,52,0.015902366863905327,13.230769230769232,-16.672200150000492
sifa_random_budget,SIFA,0,S0,0,500,14,e,52,0.03217455621301775,26.769230769230766,-18.672200150000492
sifa_random_budget,SIFA,0,S0,0,500,15,f,52,0.028476331360946745,23.692307692307693,-6.672200150000494
sifa_random_budget,SIFA,0,S0,0,1000,0,0,99,0.013104530149984694,20.757575757575758,-39.64515028557786
sifa_random_budget,SIFA,0,S0,0,1000,1,1,99,0.005350219365370881,8.474747474747476,-37.645150285577856
sifa_random_budget,SIFA,0,S0,0,1000,2,2,99,0.005758340985613713,9.121212121212121,-24.645150285577852
sifa_random_budget,SIFA,0,S0,0,1000,3,3,99,0.007390827466585042,11.707070707070708,-23.645150285577863
sifa_random_budget,SIFA,0,S0,0,1000,4,4,99,0.007390827466585043,11.707070707070708,-20.645150285577863
sifa_random_budget,SIFA,0,S0,0,1000,5,5,99,0.0071867666564636255,11.383838383838382,-47.645150285577856
sifa_random_budget,SIFA,0,S0,0,1000,6,6,99,0.005962401795735129,9.444444444444445,-27.645150285577863
sifa_random_budget,SIFA,0,S0,0,1000,7,7,99,0.011676104479134782,18.494949494949495,-29.645150285577856
sifa_random_budget,SIFA,0,S0,0,1000,8,8,99,0.006166462605856545,9.767676767676766,-25.645150285577856
sifa_random_budget,SIFA,0,S0,0,1000,9,9,99,0.007798949086827874,12.353535353535353,-28.645150285577856
sifa_random_budget,SIFA,0,S0,0,1000,10,a,99,0.007798949086827874,12.353535353535353,-49.645150285577856
sifa_random_budget,SIFA,0,S0,0,1000,11,b,99,0.011472043669013367,18.171717171717173,-45.64515028557786
sifa_random_budget,SIFA,0,S0,0,1000,12,c,99,0.00902331394755637,14.29292929292929,-33.645150285577856
sifa_random_budget,SIFA,0,S0,0,1000,13,d,99,0.00596240179573513,9.444444444444445,-33.645150285577856
sifa_random_budget,SIFA,0,S0,0,1000,14,e,99,0.012084226099377612,19.14141414141414,-48.645150285577856
sifa_random_budget,SIFA,0,S0,0,1000,15,f,99,0.009227374757677789,14.616161616161618,-21.64515028557786
sifa_random_budget,SIFA,0,S0,0,1500,0,0,143,0.010999926646779795,25.16783216783217,-48.59855041250135
sifa_random_budget,SIFA,0,S0,0,1500,1,1,143,0.0035668003325345994,8.160839160839163,-45.598550412501346
sifa_random_budget,SIFA,0,S0,0,1500,2,2,143,0.007381167783265686,16.88811188811189,-35.598550412501346
sifa_random_budget,SIFA,0,S0,0,1500,3,3,143,0.00669653772800626,15.321678321678323,-23.598550412501346
sifa_random_budget,SIFA,0,S0,0,1500,4,4,143,0.003958017506968557,9.055944055944058,-45.59855041250134
sifa_random_budget,SIFA,0,S0,0,1500,5,5,143,0.008750427893784538,20.020979020979023,-67.59855041250134
sifa_random_budget,SIFA,0,S0,0,1500,6,6,143,0.0033711917453176205,7.713286713286716,-41.59855041250135
sifa_random_budget,SIFA,0,S0,0,1500,7,7,143,0.010608709472345837,24.272727272727273,-50.598550412501346
sifa_random_budget,SIFA,0,S0,0,1500,8,8,143,0.0034689960389261095,7.937062937062938,-48.598550412501346
sifa_random_budget,SIFA,0,S0,0,1500,9,9,143,0.006305320553572302,14.426573426573427,-46.59855041250135
sifa_random_budget,SIFA,0,S0,0,1500,10,a,143,0.003468996038926109,7.9370629370629375,-55.59855041250135
sifa_random_budget,SIFA,0,S0,0,1500,11,b,143,0.00826140642574209,18.9020979020979,-58.59855041250134
sifa_random_budget,SIFA,0,S0,0,1500,12,c,143,0.007772384957699644,17.783216783216783,-53.59855041250135
sifa_random_budget,SIFA,0,S0,0,1500,13,d,143,0.0047404518558364726,10.846153846153848,-40.598550412501346
sifa_random_budget,SIFA,0,S0,0,1500,14,e,143,0.012564795344515624,28.74825174825175,-70.59855041250135
sifa_random_budget,SIFA,0,S0,0,1500,15,f,143,0.004642647562227983,10.622377622377625,-44.59855041250134
sifa_random_budget,SIFA,0,S0,0,2000,0,0,190,0.0071398891966758995,21.705263157894734,-55.57150054807872
sifa_random_budget,SIFA,0,S0,0,2000,1,1,190,0.004314404432132964,13.11578947368421,-66.57150054807872
sifa_random_budget,SIFA,0,S0,0,2000,2,2,190,0.004868421052631579,14.8,-51.5715005480787
sifa_random_budget,SIFA,0,S0,0,2000,3,3,190,0.003317174515235457,10.08421052631579,-34.57150054807872
sifa_random_budget,SIFA,0,S0,0,2000,4,4,190,0.00597645429362881,18.16842105263158,-54.57150054807872
sifa_random_budget,SIFA,0,S0,0,2000,5,5,190,0.00597645429362881,18.16842105263158,-85.57150054807872
sifa_random_budget,SIFA,0,S0,0,2000,6,6,190,0.0023753462603878115,7.221052631578947,-76.5715005480787
sifa_random_budget,SIFA,0,S0,0,2000,7,7,190,0.009078947368421053,27.6,-71.57150054807872
sifa_random_budget,SIFA,0,S0,0,2000,8,8,190,0.0013781163434903043,4.189473684210525,-55.57150054807872
sifa_random_budget,SIFA,0,S0,0,2000,9,9,190,0.0038157894736842103,11.6,-56.57150054807872
sifa_random_budget,SIFA,0,S0,0,2000,10,a,190,0.003483379501385042,10.589473684210528,-75.57150054807872
sifa_random_budget,SIFA,0,S0,0,2000,11,b,190,0.007970914127423822,24.23157894736842,-68.57150054807872
sifa_random_budget,SIFA,0,S0,0,2000,12,c,190,0.0058656509695290855,17.83157894736842,-63.57150054807871
sifa_random_budget,SIFA,0,S0,0,2000,13,d,190,0.0033725761772853188,10.25263157894737,-66.5715005480787
sifa_random_budget,SIFA,0,S0,0,2000,14,e,190,0.009189750692520777,27.93684210526316,-93.57150054807872
sifa_random_budget,SIFA,0,S0,0,2000,15,f,190,0.002098337950138504,6.378947368421052,-56.5715005480787
sifa_random_budget,SIFA,0,S0,0,3000,0,0,278,0.004525516277625381,20.129496402877695,-77.4783008019257
sifa_random_budget,SIFA,0,S0,0,3000,1,1,278,0.0033609802805237825,14.949640287769785,-90.47830080192566
sifa_random_budget,SIFA,0,S0,0,3000,2,2,278,0.004732544899332333,21.050359712230218,-87.4783008019257
sifa_random_budget,SIFA,0,S0,0,3000,3,3,278,0.0027916515708296674,12.41726618705036,-58.4783008019257
sifa_random_budget,SIFA,0,S0,0,3000,4,4,278,0.002869287303969773,12.76258992805755,-69.47830080192568
sifa_random_budget,SIFA,0,S0,0,3000,5,5,278,0.0039820661456446355,17.71223021582734,-118.4783008019257
sifa_random_budget,SIFA,0,S0,0,3000,6,6,278,0.0014718441074478546,6.546762589928057,-101.4783008019257
sifa_random_budget,SIFA,0,S0,0,3000,7,7,278,0.005560659386160137,24.73381294964029,-104.47830080192568
sifa_random_budget,SIFA,0,S0,0,3000,8,8,278,0.0026622586822628224,11.841726618705033,-91.47830080192568
sifa_random_budget,SIFA,0,S0,0,3000,9,9,278,0.0030245587702499867,13.45323741007194,-110.47830080192571
sifa_random_budget,SIFA,0,S0,0,3000,10,a,278,0.0028434087262564044,12.647482014388487,-105.4783008019257
sifa_random_budget,SIFA,0,S0,0,3000,11,b,278,0.005612416541586875,24.964028776978417,-86.47830080192568
sifa_random_budget,SIFA,0,S0,0,3000,12,c,278,0.002688137259976192,11.956834532374103,-82.47830080192568
sifa_random_budget,SIFA,0,S0,0,3000,13,d,278,0.001963537084001864,8.733812949640292,-99.47830080192571
sifa_random_budget,SIFA,0,S0,0,3000,14,e,278,0.007812095647223228,34.748201438848916,-142.47830080192568
sifa_random_budget,SIFA,0,S0,0,3000,15,f,278,0.002325837171989027,10.345323741007192,-85.47830080192568
sifa_random_budget,SIFA,0,S0,0,4000,0,0,379,0.003657991102818833,22.182058047493403,-128.8031510932728
sifa_random_budget,SIFA,0,S0,0,4000,1,1,379,0.002070700565994389,12.556728232189974,-127.8031510932728
sifa_random_budget,SIFA,0,S0,0,4000,2,2,379,0.00326813026921283,19.8179419525066,-104.8031510932728
sifa_random_budget,SIFA,0,S0,0,4000,3,3,379,0.0019314645539922448,11.712401055408973,-94.80315109327282
sifa_random_budget,SIFA,0,S0,0,4000,4,4,379,0.002070700565994389,12.556728232189974,-100.80315109327279
sifa_random_budget,SIFA,0,S0,0,4000,5,5,379,0.002878269435606827,17.4538258575198,-160.80315109327282
sifa_random_budget,SIFA,0,S0,0,4000,6,6,379,0.002056776964794175,12.472295514511876,-141.80315109327282
sifa_random_budget,SIFA,0,S0,0,4000,7,7,379,0.0033795190788145444,20.4934036939314,-144.8031510932728
sifa_random_budget,SIFA,0,S0,0,4000,8,8,379,0.0029339638404076835,17.79155672823219,-127.80315109327279
sifa_random_budget,SIFA,0,S0,0,4000,9,9,379,0.00216816577439589,13.147757255936677,-117.80315109327282
sifa_random_budget,SIFA,0,S0,0,4000,10,a,379,0.002140318571995462,12.97889182058048,-147.8031510932728
sifa_random_budget,SIFA,0,S0,0,4000,11,b,379,0.003783303513620763,22.94195250659631,-122.8031510932728
sifa_random_budget,SIFA,0,S0,0,4000,12,c,379,0.0022656309827973915,13.738786279683382,-135.8031510932728
sifa_random_budget,SIFA,0,S0,0,4000,13,d,379,0.001249208095181738,7.57519788918206,-112.80315109327282
sifa_random_budget,SIFA,0,S0,0,4000,14,e,379,0.003783303513620763,22.94195250659631,-179.80315109327282
sifa_random_budget,SIFA,0,S0,0,4000,15,f,379,0.002182089375596105,13.23218997361478,-111.8031510932728
sifa_random_budget,SIFA,0,S0,0,6000,0,0,578,0.0016036386058596044,14.830449826989621,-194.4333016673131
sifa_random_budget,SIFA,0,S0,0,6000,1,1,578,0.002753050131104752,25.460207612456745,-188.43330166731315
sifa_random_budget,SIFA,0,S0,0,6000,2,2,578,0.0028787670166784407,26.62283737024222,-189.43330166731317
sifa_random_budget,SIFA,0,S0,0,6000,3,3,578,0.0021124926665150087,19.5363321799308,-153.43330166731317
sifa_random_budget,SIFA,0,S0,0,6000,4,4,578,0.002537535470121286,23.467128027681653,-126.43330166731312
sifa_random_budget,SIFA,0,S0,0,6000,5,5,578,0.0014539756468433089,13.44636678200692,-238.43330166731312
sifa_random_budget,SIFA,0,S0,0,6000,6,6,578,0.002190317405203482,20.256055363321803,-189.4333016673131
sifa_random_budget,SIFA,0,S0,0,6000,7,7,578,0.0037707582524155606,34.871972318339104,-187.43330166731312
sifa_random_budget,SIFA,0,S0,0,6000,8,8,578,0.0022082769602854374,20.422145328719726,-187.43330166731312
sifa_random_budget,SIFA,0,S0,0,6000,9,9,578,0.002040654446187187,18.871972318339104,-205.43330166731317
sifa_random_budget,SIFA,0,S0,0,6000,10,a,578,0.0017533015648758996,16.21453287197232,-220.43330166731312
sifa_random_budget,SIFA,0,S0,0,6000,11,b,578,0.0032439446366782,29.999999999999993,-208.4333016673131
sifa_random_budget,SIFA,0,S0,0,6000,12,c,578,0.002351953400941081,21.75086505190312,-217.43330166731312
sifa_random_budget,SIFA,0,S0,0,6000,13,d,578,0.0016455442343841667,15.217993079584774,-181.43330166731315
sifa_random_budget,SIFA,0,S0,0,6000,14,e,578,0.0035911627015960063,33.21107266435987,-272.4333016673132
sifa_random_budget,SIFA,0,S0,0,6000,15,f,578,0.0022382095520886965,20.698961937716266,-182.43330166731312
sifa_random_budget,SIFA,0,S0,0,8000,0,0,767,0.001164287450555764,14.288135593220337,-263.6649522125073
sifa_random_budget,SIFA,0,S0,0,8000,1,1,767,0.0013784678958811058,16.916558018252932,-229.66495221250722
sifa_random_budget,SIFA,0,S0,0,8000,2,2,767,0.0015008567217813008,18.418513689700124,-234.66495221250727
sifa_random_budget,SIFA,0,S0,0,8000,3,3,767,0.001130290554472377,13.87092568448501,-217.6649522125072
sifa_random_budget,SIFA,0,S0,0,8000,4,4,767,0.00240857384720775,29.558018252933508,-170.6649522125072
sifa_random_budget,SIFA,0,S0,0,8000,5,5,767,0.0014532610672645585,17.83441981747066,-305.6649522125073
sifa_random_budget,SIFA,0,S0,0,8000,6,6,767,0.0016402439957231905,20.129074315514995,-273.66495221250716
sifa_random_budget,SIFA,0,S0,0,8000,7,7,767,0.0030375164247504203,37.27640156453716,-259.66495221250716
sifa_random_budget,SIFA,0,S0,0,8000,8,8,767,0.001225481863505862,15.039113428943937,-232.66495221250727
sifa_random_budget,SIFA,0,S0,0,8000,9,9,767,0.0013988660335311383,17.16688396349413,-259.6649522125073
sifa_random_budget,SIFA,0,S0,0,8000,10,a,767,0.0017252362359316592,21.17209908735332,-302.66495221250716
sifa_random_budget,SIFA,0,S0,0,8000,11,b,767,0.0019530154396903564,23.967405475880053,-274.6649522125072
sifa_random_budget,SIFA,0,S0,0,8000,12,c,767,0.001633444616506513,20.045632333767927,-308.6649522125073
sifa_random_budget,SIFA,0,S0,0,8000,13,d,767,0.0016028474100314642,19.67014341590613,-258.6649522125073
sifa_random_budget,SIFA,0,S0,0,8000,14,e,767,0.0027485428080416255,33.730117340286824,-331.66495221250716
sifa_random_budget,SIFA,0,S0,0,8000,15,f,767,0.0018408256826151776,22.590612777053458,-246.66495221250722
sifa_random_budget,SIFA,0,S5,5,250,0,0,21,0.03500566893424036,11.761904761904761,-8.136850060577121
sifa_random_budget,SIFA,0,S5,5,250,1,1,21,0.03954081632653061,13.285714285714285,-5.136850060577121
sifa_random_budget,SIFA,0,S5,5,250,2,2,21,0.039540816326530615,13.285714285714286,-3.1368500605771206
sifa_random_budget,SIFA,0,S5,5,250,3,3,21,0.05768140589569161,19.38095238095238,-13.136850060577125
sifa_random_budget,SIFA,0,S5,5,250,4,4,21,0.025935374149659858,8.714285714285712,-4.136850060577121
sifa_random_budget,SIFA,0,S5,5,250,5,5,21,0.03954081632653061,13.285714285714285,-14.136850060577125
sifa_random_budget,SIFA,0,S5,5,250,6,6,21,0.0758219954648526,25.476190476190474,-3.1368500605771192
sifa_random_budget,SIFA,0,S5,5,250,7,7,21,0.04407596371882085,14.809523809523807,-8.136850060577123
sifa_random_budget,SIFA,0,S5,5,250,8,8,21,0.05314625850340135,17.857142857142854,-5.136850060577122
sifa_random_budget,SIFA,0,S5,5,250,9,9,21,0.03954081632653061,13.285714285714285,-9.136850060577121
sifa_random_budget,SIFA,0,S5,5,250,10,a,21,0.10303287981859409,34.61904761904761,-1.1368500605771192
sifa_random_budget,SIFA,0,S5,5,250,11,b,21,0.03047052154195011,10.238095238095237,-6.136850060577121
sifa_random_budget,SIFA,0,S5,5,250,12,c,21,0.035005668934240355,11.76190476190476,-5.136850060577121
sifa_random_budget,SIFA,0,S5,5,250,13,d,21,0.025935374149659858,8.714285714285712,-4.136850060577121
sifa_random_budget,SIFA,0,S5,5,250,14,e,21,0.03954081632653061,13.285714285714285,-12.136850060577121
sifa_random_budget,SIFA,0,S5,5,250,15,f,21,0.03954081632653061,13.285714285714285,-12.136850060577123
sifa_random_budget,SIFA,0,S5,5,500,0,0,39,0.01705292570677186,10.64102564102564,-17.25415011250037
sifa_random_budget,SIFA,0,S5,5,500,1,1,39,0.020997698882314265,13.102564102564102,-14.254150112500364
sifa_random_budget,SIFA,0,S5,5,500,2,2,39,0.03020216962524655,18.846153846153847,-7.254150112500369
sifa_random_budget,SIFA,0,S5,5,500,3,3,39,0.019682774490466796,12.282051282051281,-11.25415011250037
sifa_random_budget,SIFA,0,S5,5,500,4,4,39,0.02099769888231427,13.102564102564104,-12.25415011250037
sifa_random_budget,SIFA,0,S5,5,500,5,5,39,0.02494247205785667,15.564102564102562,-20.25415011250037
sifa_random_budget,SIFA,0,S5,5,500,6,6,39,0.036776791584483895,22.94871794871795,-7.254150112500366
sifa_random_budget,SIFA,0,S5,5,500,7,7,39,0.03414694280078895,21.307692307692303,-14.254150112500367
sifa_random_budget,SIFA,0,S5,5,500,8,8,39,0.035461867192636415,22.128205128205124,-9.254150112500366
sifa_random_budget,SIFA,0,S5,5,500,9,9,39,0.0196827744904668,12.282051282051283,-19.25415011250037
sifa_random_budget,SIFA,0,S5,5,500,10,a,39,0.04992603550295857,31.15384615384615,-12.254150112500362
sifa_random_budget,SIFA,0,S5,5,500,11,b,39,0.02888724523339908,18.025641025641026,-13.254150112500367
sifa_random_budget,SIFA,0,S5,5,500,12,c,39,0.02231262327416174,13.923076923076925,-3.2541501125003673
sifa_random_budget,SIFA,0,S5,5,500,13,d,39,0.024942472057856675,15.564102564102566,-10.25415011250037
sifa_random_budget,SIFA,0,S5,5,500,14,e,39,0.01705292570677186,10.64102564102564,-18.25415011250037
sifa_random_budget,SIFA,0,S5,5,500,15,f,39,0.03283201840894148,20.487179487179485,-22.25415011250037
sifa_random_budget,SIFA,0,S5,5,1000,0,0,73,0.01087211484331019,12.698630136986301,-34.80905021057761
sifa_random_budget,SIFA,0,S5,5,1000,1,1,73,0.0056178457496716076,6.5616438356164375,-27.809050210577617
sifa_random_budget,SIFA,0,S5,5,1000,2,2,73,0.007869675361231,9.191780821917808,-34.80905021057761
sifa_random_budget,SIFA,0,S5,5,1000,3,3,73,0.008995590167010695,10.506849315068491,-18.809050210577613
sifa_random_budget,SIFA,0,S5,5,1000,4,4,73,0.010872114843310188,12.6986301369863,-23.809050210577613
sifa_random_budget,SIFA,0,S5,5,1000,5,5,73,0.011998029649089885,14.013698630136986,-27.809050210577613
sifa_random_budget,SIFA,0,S5,5,1000,6,6,73,0.01049680990805029,12.26027397260274,-24.80905021057761
sifa_random_budget,SIFA,0,S5,5,1000,7,7,73,0.018002908613248263,21.027397260273972,-19.809050210577613
sifa_random_budget,SIFA,0,S5,5,1000,8,8,73,0.016876993807468568,19.712328767123285,-13.809050210577613
sifa_random_budget,SIFA,0,S5,5,1000,9,9,73,0.008995590167010695,10.506849315068491,-37.80905021057762
sifa_random_budget,SIFA,0,S5,5,1000,10,a,73,0.023632482642146742,27.602739726027394,-22.809050210577617
sifa_random_budget,SIFA,0,S5,5,1000,11,b,73,0.012373334584349784,14.452054794520548,-17.809050210577613
sifa_random_budget,SIFA,0,S5,5,1000,12,c,73,0.010872114843310188,12.6986301369863,-17.809050210577617
sifa_random_budget,SIFA,0,S5,5,1000,13,d,73,0.008244980296490899,9.63013698630137,-16.80905021057761
sifa_random_budget,SIFA,0,S5,5,1000,14,e,73,0.008244980296490897,9.630136986301368,-28.80905021057761
sifa_random_budget,SIFA,0,S5,5,1000,15,f,73,0.01875351848376806,21.904109589041095,-28.809050210577613
sifa_random_budget,SIFA,0,S5,5,1500,0,0,114,0.007521545090797168,13.719298245614034,-52.74290032884723
sifa_random_budget,SIFA,0,S5,5,1500,1,1,114,0.0035203139427516152,6.421052631578946,-43.74290032884723
sifa_random_budget,SIFA,0,S5,5,1500,2,2,114,0.0033664204370575557,6.140350877192982,-37.74290032884723
sifa_random_budget,SIFA,0,S5,5,1500,3,3,114,0.003828100954139735,6.982456140350877,-42.74290032884723
sifa_random_budget,SIFA,0,S5,5,1500,4,4,114,0.0067520775623268695,12.31578947368421,-51.74290032884723
sifa_random_budget,SIFA,0,S5,5,1500,5,5,114,0.0033664204370575557,6.140350877192982,-42.74290032884723
sifa_random_budget,SIFA,0,S5,5,1500,6,6,114,0.003366420437057556,6.140350877192982,-36.74290032884723
sifa_random_budget,SIFA,0,S5,5,1500,7,7,114,0.012138350261618958,22.14035087719298,-29.74290032884723
sifa_random_budget,SIFA,0,S5,5,1500,8,8,114,0.0055209295167743914,10.07017543859649,-23.74290032884722
sifa_random_budget,SIFA,0,S5,5,1500,9,9,114,0.007521545090797168,13.719298245614034,-56.74290032884723
sifa_random_budget,SIFA,0,S5,5,1500,10,a,114,0.011984456755924898,21.859649122807014,-35.74290032884723
sifa_random_budget,SIFA,0,S5,5,1500,11,b,114,0.007213758079409048,13.157894736842103,-20.742900328847234
sifa_random_budget,SIFA,0,S5,5,1500,12,c,114,0.008598799630655584,15.684210526315786,-20.74290032884723
sifa_random_budget,SIFA,0,S5,5,1500,13,d,114,0.0065981840566328095,12.035087719298245,-31.742900328847227
sifa_random_budget,SIFA,0,S5,5,1500,14,e,114,0.007213758079409048,13.157894736842103,-44.742900328847234
sifa_random_budget,SIFA,0,S5,5,1500,15,f,114,0.009522160664819944,17.36842105263158,-47.74290032884723
sifa_random_budget,SIFA,0,S5,5,2000,0,0,154,0.00994054646652049,24.493506493506487,-75.33690044423221
sifa_random_budget,SIFA,0,S5,5,2000,1,1,154,0.004121689998313375,10.155844155844155,-60.336900444232214
sifa_random_budget,SIFA,0,S5,5,2000,2,2,154,0.0037000337325012646,9.116883116883116,-55.336900444232214
sifa_random_budget,SIFA,0,S5,5,2000,3,3,154,0.004627677517287907,11.402597402597403,-50.336900444232214
sifa_random_budget,SIFA,0,S5,5,2000,4,4,154,0.007494940124810254,18.467532467532468,-65.33690044423223
sifa_random_budget,SIFA,0,S5,5,2000,5,5,154,0.0025193961882273566,6.207792207792207,-60.33690044423223
sifa_random_budget,SIFA,0,S5,5,2000,6,6,154,0.005892646314724237,14.519480519480519,-49.336900444232214
sifa_random_budget,SIFA,0,S5,5,2000,7,7,154,0.005892646314724237,14.519480519480519,-42.33690044423223
sifa_random_budget,SIFA,0,S5,5,2000,8,8,154,0.008506915162759317,20.961038961038955,-28.336900444232228
sifa_random_budget,SIFA,0,S5,5,2000,9,9,154,0.007326277618485411,18.051948051948052,-63.33690044423222
sifa_random_budget,SIFA,0,S5,5,2000,10,a,154,0.010530865238657447,25.948051948051948,-72.33690044423221
sifa_random_budget,SIFA,0,S5,5,2000,11,b,154,0.008000927643784786,19.71428571428571,-25.336900444232214
sifa_random_budget,SIFA,0,S5,5,2000,12,c,154,0.004374683757800641,10.779220779220779,-39.336900444232214
sifa_random_budget,SIFA,0,S5,5,2000,13,d,154,0.006229971327373924,15.350649350649348,-40.33690044423223
sifa_random_budget,SIFA,0,S5,5,2000,14,e,154,0.004459015010963062,10.987012987012985,-61.33690044423222
sifa_random_budget,SIFA,0,S5,5,2000,15,f,154,0.007241946365322989,17.844155844155843,-48.336900444232214
sifa_random_budget,SIFA,0,S5,5,3000,0,0,229,0.006854131309471597,25.11353711790393,-96.82565066057907
sifa_random_budget,SIFA,0,S5,5,3000,1,1,229,0.002468250033370836,9.043668122270743,-73.82565066057907
sifa_random_budget,SIFA,0,S5,5,3000,2,2,229,0.0020105928567342355,7.366812227074239,-88.82565066057909
sifa_random_budget,SIFA,0,S5,5,3000,3,3,229,0.0031547357983257376,11.558951965065503,-84.82565066057909
sifa_random_budget,SIFA,0,S5,5,3000,4,4,229,0.0060150931523044945,22.03930131004367,-92.82565066057909
sifa_random_budget,SIFA,0,S5,5,3000,5,5,229,0.00433701683797029,15.890829694323143,-98.82565066057909
sifa_random_budget,SIFA,0,S5,5,3000,6,6,229,0.004832812112659941,17.707423580786024,-86.82565066057909
sifa_random_budget,SIFA,0,S5,5,3000,7,7,229,0.005481159779561795,20.082969432314414,-81.82565066057909
sifa_random_budget,SIFA,0,S5,5,3000,8,8,229,0.00422260254381114,15.471615720524017,-59.82565066057908
sifa_random_budget,SIFA,0,S5,5,3000,9,9,229,0.00391749775938674,14.353711790393016,-77.82565066057906
sifa_random_budget,SIFA,0,S5,5,3000,10,a,229,0.0032310119944318387,11.838427947598257,-91.82565066057907
sifa_random_budget,SIFA,0,S5,5,3000,11,b,229,0.0076931694666387,28.187772925764197,-30.825650660579086
sifa_random_budget,SIFA,0,S5,5,3000,12,c,229,0.00395563585743979,14.493449781659391,-70.82565066057907
sifa_random_budget,SIFA,0,S5,5,3000,13,d,229,0.00437515493602334,16.030567685589517,-45.82565066057908
sifa_random_budget,SIFA,0,S5,5,3000,14,e,229,0.005061640700978242,18.545851528384276,-95.82565066057909
sifa_random_budget,SIFA,0,S5,5,3000,15,f,229,0.006739717015312447,24.694323144104803,-67.82565066057907
sifa_random_budget,SIFA,0,S5,5,4000,0,0,299,0.003796797574971198,18.163879598662213,-110.61515086250282
sifa_random_budget,SIFA,0,S5,5,4000,1,1,299,0.0028124685406203517,13.454849498327762,-93.61515086250282
sifa_random_budget,SIFA,0,S5,5,4000,2,2,299,0.0017833972774353754,8.531772575250836,-115.61515086250283
sifa_random_budget,SIFA,0,S5,5,4000,3,3,299,0.0031032930280421923,14.846153846153848,-109.61515086250279
sifa_random_budget,SIFA,0,S5,5,4000,4,4,299,0.003908653147056521,18.698996655518396,-115.61515086250282
sifa_random_budget,SIFA,0,S5,5,4000,5,5,299,0.0036625708884688093,17.521739130434785,-125.6151508625028
sifa_random_budget,SIFA,0,S5,5,4000,6,6,299,0.004266590977729556,20.411371237458194,-115.61515086250282
sifa_random_budget,SIFA,0,S5,5,4000,7,7,299,0.0020518506504401523,9.816053511705688,-92.61515086250282
sifa_random_budget,SIFA,0,S5,5,4000,8,8,299,0.0036401997740517444,17.414715719063544,-88.61515086250282
sifa_random_budget,SIFA,0,S5,5,4000,9,9,299,0.0036625708884688093,17.521739130434785,-104.61515086250283
sifa_random_budget,SIFA,0,S5,5,4000,10,a,299,0.0026558707397008985,12.705685618729099,-117.61515086250282
sifa_random_budget,SIFA,0,S5,5,4000,11,b,299,0.004087622062393039,19.555183946488295,-46.615150862502816
sifa_random_budget,SIFA,0,S5,5,4000,12,c,299,0.0015596861332647287,7.461538461538462,-99.61515086250282
sifa_random_budget,SIFA,0,S5,5,4000,13,d,299,0.0016715417053500521,7.9966555183946495,-78.61515086250282
sifa_random_budget,SIFA,0,S5,5,4000,14,e,299,0.002163706222525475,10.351170568561873,-120.6151508625028
sifa_random_budget,SIFA,0,S5,5,4000,15,f,299,0.007823598170042842,37.42809364548496,-90.61515086250282
sifa_random_budget,SIFA,0,S5,5,6000,0,0,448,0.003208705357142857,23.0,-152.25280129231191
sifa_random_budget,SIFA,0,S5,5,6000,1,1,448,0.002471301020408164,17.71428571428572,-149.25280129231191
sifa_random_budget,SIFA,0,S5,5,6000,2,2,448,0.0016242825255102038,11.64285714285714,-175.2528012923119
sifa_random_budget,SIFA,0,S5,5,6000,3,3,448,0.0017737563775510206,12.714285714285715,-166.25280129231191
sifa_random_budget,SIFA,0,S5,5,6000,4,4,448,0.0016840720663265306,12.071428571428571,-161.25280129231191
sifa_random_budget,SIFA,0,S5,5,6000,5,5,448,0.002022879464285714,14.499999999999998,-164.25280129231186
sifa_random_budget,SIFA,0,S5,5,6000,6,6,448,0.0036073022959183672,25.857142857142858,-172.25280129231194
sifa_random_budget,SIFA,0,S5,5,6000,7,7,448,0.0015744579081632655,11.285714285714288,-153.25280129231191
sifa_random_budget,SIFA,0,S5,5,6000,8,8,448,0.0028200733418367345,20.21428571428571,-146.25280129231194
sifa_random_budget,SIFA,0,S5,5,6000,9,9,448,0.0019929846938775506,14.285714285714283,-171.25280129231191
sifa_random_budget,SIFA,0,S5,5,6000,10,a,448,0.0016442123724489796,11.785714285714285,-182.2528012923119
sifa_random_budget,SIFA,0,S5,5,6000,11,b,448,0.005400988520408164,38.71428571428572,-67.25280129231191
sifa_random_budget,SIFA,0,S5,5,6000,12,c,448,0.0007573341836734691,5.428571428571427,-147.25280129231191
sifa_random_budget,SIFA,0,S5,5,6000,13,d,448,0.001235650510204082,8.85714285714286,-114.25280129231191
sifa_random_budget,SIFA,0,S5,5,6000,14,e,448,0.0015744579081632655,11.285714285714288,-167.25280129231191
sifa_random_budget,SIFA,0,S5,5,6000,15,f,448,0.0026207748724489796,18.785714285714285,-146.25280129231194
sifa_random_budget,SIFA,0,S5,5,8000,0,0,600,0.0024111111111111104,23.14666666666666,-233.9100017307749
sifa_random_budget,SIFA,0,S5,5,8000,1,1,600,0.0017666666666666664,16.959999999999997,-217.9100017307749
sifa_random_budget,SIFA,0,S5,5,8000,2,2,600,0.0009944444444444443,9.546666666666665,-237.91000173077487
sifa_random_budget,SIFA,0,S5,5,8000,3,3,600,0.000727777777777778,6.986666666666669,-207.91000173077487
sifa_random_budget,SIFA,0,S5,5,8000,4,4,600,0.0012944444444444446,12.426666666666668,-209.91000173077487
sifa_random_budget,SIFA,0,S5,5,8000,5,5,600,0.0016888888888888895,16.21333333333334,-195.91000173077487
sifa_random_budget,SIFA,0,S5,5,8000,6,6,600,0.0030833333333333338,29.600000000000005,-226.91000173077487
sifa_random_budget,SIFA,0,S5,5,8000,7,7,600,0.00075,7.2,-220.9100017307749
sifa_random_budget,SIFA,0,S5,5,8000,8,8,600,0.0025777777777777774,24.746666666666663,-170.91000173077487
sifa_random_budget,SIFA,0,S5,5,8000,9,9,600,0.0017722222222222223,17.013333333333335,-232.9100017307749
sifa_random_budget,SIFA,0,S5,5,8000,10,a,600,0.002277777777777777,21.86666666666666,-233.91000173077487
sifa_random_budget,SIFA,0,S5,5,8000,11,b,600,0.004977777777777777,47.78666666666666,-83.9100017307749
sifa_random_budget,SIFA,0,S5,5,8000,12,c,600,0.0007777777777777781,7.4666666666666694,-216.9100017307749
sifa_random_budget,SIFA,0,S5,5,8000,13,d,600,0.0014333333333333338,13.760000000000003,-154.91000173077487
sifa_random_budget,SIFA,0,S5,5,8000,14,e,600,0.0013666666666666664,13.119999999999997,-240.9100017307749
sifa_random_budget,SIFA,0,S5,5,8000,15,f,600,0.0016777777777777776,16.106666666666666,-176.91000173077487
sifa_random_budget,SIFA,1,S0,0,250,0,0,26,0.029215976331360954,12.153846153846157,-8.836100075000244
sifa_random_budget,SIFA,1,S0,0,250,1,1,26,0.017381656804733733,7.2307692307692335,-4.836100075000244
sifa_random_budget,SIFA,1,S0,0,250,2,2,26,0.03809171597633137,15.846153846153848,-13.836100075000246
sifa_random_budget,SIFA,1,S0,0,250,3,3,26,0.04696745562130178,19.53846153846154,-9.836100075000246
sifa_random_budget,SIFA,1,S0,0,250,4,4,26,0.041050295857988174,17.07692307692308,0.16389992499975303
sifa_random_budget,SIFA,1,S0,0,250,5,5,26,0.04696745562130178,19.53846153846154,-1.836100075000246
sifa_random_budget,SIFA,1,S0,0,250,6,6,26,0.046967455621301786,19.538461538461544,-0.8361000750002452
sifa_random_budget,SIFA,1,S0,0,250,7,7,26,0.026257396449704144,10.923076923076923,-18.836100075000243
sifa_random_budget,SIFA,1,S0,0,250,8,8,26,0.04400887573964497,18.30769230769231,-6.836100075000244
sifa_random_budget,SIFA,1,S0,0,250,9,9,26,0.04400887573964497,18.30769230769231,-16.836100075000246
sifa_random_budget,SIFA,1,S0,0,250,10,a,26,0.01146449704142012,4.76923076923077,-5.836100075000244
sifa_random_budget,SIFA,1,S0,0,250,11,b,26,0.026257396449704148,10.923076923076925,-15.836100075000248
sifa_random_budget,SIFA,1,S0,0,250,12,c,26,0.02921597633136095,12.153846153846155,-9.836100075000246
sifa_random_budget,SIFA,1,S0,0,250,13,d,26,0.026257396449704148,10.923076923076925,-9.836100075000246
sifa_random_budget,SIFA,1,S0,0,250,14,e,26,0.023298816568047342,9.692307692307693,-10.836100075000246
sifa_random_budget,SIFA,1,S0,0,250,15,f,26,0.02329881656804734,9.692307692307693,-6.836100075000246
sifa_random_budget,SIFA,1,S0,0,500,0,0,48,0.011284722222222224,8.666666666666668,-20.312800138461995
sifa_random_budget,SIFA,1,S0,0,500,1,1,48,0.00607638888888889,4.666666666666668,-11.312800138461991
sifa_random_budget,SIFA,1,S0,0,500,2,2,48,0.009548611111111112,7.333333333333334,-20.31280013846199
sifa_random_budget,SIFA,1,S0,0,500,3,3,48,0.013020833333333334,10.0,-9.31280013846199
sifa_random_budget,SIFA,1,S0,0,500,4,4,48,0.017361111111111115,13.333333333333336,-15.312800138461991
sifa_random_budget,SIFA,1,S0,0,500,5,5,48,0.014756944444444446,11.333333333333334,-8.31280013846199
sifa_random_budget,SIFA,1,S0,0,500,6,6,48,0.00607638888888889,4.666666666666668,-10.31280013846199
sifa_random_budget,SIFA,1,S0,0,500,7,7,48,0.015625,12.0,-31.312800138461995
sifa_random_budget,SIFA,1,S0,0,500,8,8,48,0.013020833333333336,10.000000000000002,-17.312800138461988
sifa_random_budget,SIFA,1,S0,0,500,9,9,48,0.022569444444444448,17.333333333333336,-26.31280013846199
sifa_random_budget,SIFA,1,S0,0,500,10,a,48,0.009548611111111112,7.333333333333334,-13.312800138461991
sifa_random_budget,SIFA,1,S0,0,500,11,b,48,0.011284722222222224,8.666666666666668,-20.31280013846199
sifa_random_budget,SIFA,1,S0,0,500,12,c,48,0.013020833333333334,10.0,-16.31280013846199
sifa_random_budget,SIFA,1,S0,0,500,13,d,48,0.016493055555555556,12.666666666666668,-11.312800138461995
sifa_random_budget,SIFA,1,S0,0,500,14,e,48,0.019097222222222224,14.666666666666668,-19.312800138461995
sifa_random_budget,SIFA,1,S0,0,500,15,f,48,0.016493055555555556,12.666666666666668,-10.312800138461988
sifa_random_budget,SIFA,1,S0,0,1000,0,0,100,0.0057,9.120000000000001,-38.98500028846248
sifa_random_budget,SIFA,1,S0,0,1000,1,1,100,0.005300000000000001,8.480000000000002,-36.98500028846249
sifa_random_budget,SIFA,1,S0,0,1000,2,2,100,0.0051,8.16,-45.98500028846249
sifa_random_budget,SIFA,1,S0,0,1000,3,3,100,0.004700000000000001,7.520000000000001,-19.98500028846248
sifa_random_budget,SIFA,1,S0,0,1000,4,4,100,0.0057,9.120000000000001,-32.98500028846249
sifa_random_budget,SIFA,1,S0,0,1000,5,5,100,0.0077,12.32,-22.98500028846248
sifa_random_budget,SIFA,1,S0,0,1000,6,6,100,0.0031000000000000003,4.960000000000001,-26.985000288462487
sifa_random_budget,SIFA,1,S0,0,1000,7,7,100,0.0049,7.84,-38.98500028846249
sifa_random_budget,SIFA,1,S0,0,1000,8,8,100,0.005300000000000001,8.480000000000002,-27.98500028846248
sifa_random_budget,SIFA,1,S0,0,1000,9,9,100,0.007300000000000001,11.680000000000001,-41.98500028846248
sifa_random_budget,SIFA,1,S0,0,1000,10,a,100,0.0071,11.360000000000001,-33.98500028846249
sifa_random_budget,SIFA,1,S0,0,1000,11,b,100,0.006699999999999999,10.719999999999999,-49.98500028846248
sifa_random_budget,SIFA,1,S0,0,1000,12,c,100,0.0049,7.84,-31.985000288462484
sifa_random_budget,SIFA,1,S0,0,1000,13,d,100,0.011499999999999998,18.4,-21.98500028846248
sifa_random_budget,SIFA,1,S0,0,1000,14,e,100,0.0063,10.08,-40.98500028846248
sifa_random_budget,SIFA,1,S0,0,1000,15,f,100,0.0079,12.64,-30.985000288462484
sifa_random_budget,SIFA,1,S0,0,1500,0,0,146,0.00505488834678176,11.808219178082192,-60.61810042115522
sifa_random_budget,SIFA,1,S0,0,1500,1,1,146,0.00646228185400638,15.095890410958903,-41.61810042115522
sifa_random_budget,SIFA,1,S0,0,1500,2,2,146,0.0041166260086320135,9.616438356164384,-63.618100421155226
sifa_random_budget,SIFA,1,S0,0,1500,3,3,146,0.0030845374366672918,7.205479452054794,-40.61810042115522
sifa_random_budget,SIFA,1,S0,0,1500,4,4,146,0.003835147307187089,8.958904109589039,-47.618100421155226
sifa_random_budget,SIFA,1,S0,0,1500,5,5,146,0.005336367048226683,12.465753424657532,-42.61810042115522
sifa_random_budget,SIFA,1,S0,0,1500,6,6,146,0.004961062112966786,11.589041095890412,-30.618100421155216
sifa_random_budget,SIFA,1,S0,0,1500,7,7,146,0.0026154062675924185,6.10958904109589,-45.61810042115521
sifa_random_budget,SIFA,1,S0,0,1500,8,8,146,0.003835147307187089,8.958904109589039,-50.61810042115522
sifa_random_budget,SIFA,1,S0,0,1500,9,9,146,0.007119065490711202,16.630136986301366,-79.61810042115522
sifa_random_budget,SIFA,1,S0,0,1500,10,a,146,0.004773409645336835,11.150684931506847,-46.61810042115522
sifa_random_budget,SIFA,1,S0,0,1500,11,b,146,0.003553668605742165,8.301369863013697,-65.61810042115522
sifa_random_budget,SIFA,1,S0,0,1500,12,c,146,0.004304278476261962,10.054794520547944,-35.61810042115522
sifa_random_budget,SIFA,1,S0,0,1500,13,d,146,0.007400544192156126,17.28767123287671,-34.618100421155226
sifa_random_budget,SIFA,1,S0,0,1500,14,e,146,0.0028968849690373427,6.767123287671232,-53.61810042115522
sifa_random_budget,SIFA,1,S0,0,1500,15,f,146,0.006086976918746481,14.21917808219178,-54.618100421155226
sifa_random_budget,SIFA,1,S0,0,2000,0,0,202,0.002248554063327125,7.2673267326732685,-78.64970058269421
sifa_random_budget,SIFA,1,S0,0,2000,1,1,202,0.004405205372022351,14.237623762376238,-62.64970058269421
sifa_random_budget,SIFA,1,S0,0,2000,2,2,202,0.0031308205077933537,10.118811881188119,-85.64970058269421
sifa_random_budget,SIFA,1,S0,0,2000,3,3,202,0.00366998333496716,11.861386138613861,-57.649700582694194
sifa_random_budget,SIFA,1,S0,0,2000,4,4,202,0.0023465836682678167,7.584158415841584,-72.64970058269422
sifa_random_budget,SIFA,1,S0,0,2000,5,5,202,0.005238457014018234,16.930693069306933,-60.64970058269421
sifa_random_budget,SIFA,1,S0,0,2000,6,6,202,0.0024446132732085088,7.9009900990099,-43.64970058269421
sifa_random_budget,SIFA,1,S0,0,2000,7,7,202,0.0019054504460347026,6.158415841584159,-67.64970058269422
sifa_random_budget,SIFA,1,S0,0,2000,8,8,202,0.0039640721497892365,12.811881188118813,-66.64970058269421
sifa_random_budget,SIFA,1,S0,0,2000,9,9,202,0.0029347612979119695,9.485148514851485,-98.64970058269424
sifa_random_budget,SIFA,1,S0,0,2000,10,a,202,0.0030818057053230074,9.96039603960396,-79.64970058269422
sifa_random_budget,SIFA,1,S0,0,2000,11,b,202,0.003817027742378198,12.336633663366337,-87.64970058269421
sifa_random_budget,SIFA,1,S0,0,2000,12,c,202,0.003964072149789236,12.811881188118809,-50.64970058269421
sifa_random_budget,SIFA,1,S0,0,2000,13,d,202,0.006218753063425154,20.099009900990097,-34.64970058269423
sifa_random_budget,SIFA,1,S0,0,2000,14,e,202,0.003473924125085776,11.227722772277229,-73.64970058269421
sifa_random_budget,SIFA,1,S0,0,2000,15,f,202,0.005777619841192041,18.673267326732677,-77.64970058269422
sifa_random_budget,SIFA,1,S0,0,3000,0,0,305,0.0018160440741736095,8.862295081967215,-124.65425087981056
sifa_random_budget,SIFA,1,S0,0,3000,1,1,305,0.003106019887127116,15.157377049180326,-87.65425087981056
sifa_random_budget,SIFA,1,S0,0,3000,2,2,305,0.002633028755710831,12.849180327868856,-136.65425087981058
sifa_random_budget,SIFA,1,S0,0,3000,3,3,305,0.0033640150497178186,16.416393442622955,-96.65425087981058
sifa_random_budget,SIFA,1,S0,0,3000,4,4,305,0.0019450416554689597,9.491803278688524,-107.65425087981058
sifa_random_budget,SIFA,1,S0,0,3000,5,5,305,0.003127519484009675,15.262295081967213,-65.65425087981058
sifa_random_budget,SIFA,1,S0,0,3000,6,6,305,0.0020525396398817525,10.016393442622952,-87.65425087981056
sifa_random_budget,SIFA,1,S0,0,3000,7,7,305,0.0026330287557108298,12.849180327868849,-112.65425087981058
sifa_random_budget,SIFA,1,S0,0,3000,8,8,305,0.0030200214995968833,14.73770491803279,-97.65425087981055
sifa_random_budget,SIFA,1,S0,0,3000,9,9,305,0.002203036818059662,10.75081967213115,-135.65425087981058
sifa_random_budget,SIFA,1,S0,0,3000,10,a,305,0.00347151303413061,16.940983606557378,-105.65425087981058
sifa_random_budget,SIFA,1,S0,0,3000,11,b,305,0.0036650094060736364,17.885245901639344,-134.65425087981058
sifa_random_budget,SIFA,1,S0,0,3000,12,c,305,0.0029340231120666494,14.318032786885249,-81.65425087981056
sifa_random_budget,SIFA,1,S0,0,3000,13,d,305,0.005191480784735286,25.334426229508196,-62.654250879810576
sifa_random_budget,SIFA,1,S0,0,3000,14,e,305,0.002783525933888739,13.583606557377047,-108.65425087981058
sifa_random_budget,SIFA,1,S0,0,3000,15,f,305,0.003342515452835259,16.311475409836063,-112.65425087981058
sifa_random_budget,SIFA,1,S0,0,4000,0,0,400,0.0013500000000000003,8.640000000000002,-158.94000115384992
sifa_random_budget,SIFA,1,S0,0,4000,1,1,400,0.0018250000000000002,11.680000000000001,-100.94000115384993
sifa_random_budget,SIFA,1,S0,0,4000,2,2,400,0.0023625,15.120000000000001,-170.94000115384992
sifa_random_budget,SIFA,1,S0,0,4000,3,3,400,0.0026625,17.04,-132.94000115384992
sifa_random_budget,SIFA,1,S0,0,4000,4,4,400,0.0011249999999999997,7.199999999999998,-155.94000115384995
sifa_random_budget,SIFA,1,S0,0,4000,5,5,400,0.0021125,13.52,-117.9400011538499
sifa_random_budget,SIFA,1,S0,0,4000,6,6,400,0.0018625,11.92,-123.94000115384995
sifa_random_budget,SIFA,1,S0,0,4000,7,7,400,0.002575,16.48,-157.9400011538499
sifa_random_budget,SIFA,1,S0,0,4000,8,8,400,0.002675,17.119999999999997,-133.94000115384995
sifa_random_budget,SIFA,1,S0,0,4000,9,9,400,0.002625,16.8,-169.94000115384995
sifa_random_budget,SIFA,1,S0,0,4000,10,a,400,0.0025125,16.08,-142.94000115384995
sifa_random_budget,SIFA,1,S0,0,4000,11,b,400,0.0032624999999999998,20.88,-168.94000115384992
sifa_random_budget,SIFA,1,S0,0,4000,12,c,400,0.0026625000000000004,17.040000000000003,-109.94000115384993
sifa_random_budget,SIFA,1,S0,0,4000,13,d,400,0.004625,29.599999999999998,-63.94000115384992
sifa_random_budget,SIFA,1,S0,0,4000,14,e,400,0.0017125,10.96,-134.94000115384992
sifa_random_budget,SIFA,1,S0,0,4000,15,f,400,0.002550000000000001,16.320000000000007,-130.9400011538499
sifa_random_budget,SIFA,1,S0,0,6000,0,0,609,0.0008114125555097185,7.906403940886697,-222.96865175673653
sifa_random_budget,SIFA,1,S0,0,6000,1,1,609,0.0014045947352385266,13.686371100164203,-150.96865175673648
sifa_random_budget,SIFA,1,S0,0,6000,2,2,609,0.002262012613210167,22.041050903119867,-253.96865175673653
sifa_random_budget,SIFA,1,S0,0,6000,3,3,609,0.0017551114778055488,17.101806239737268,-202.9686517567365
sifa_random_budget,SIFA,1,S0,0,6000,4,4,609,0.0005579619878074099,5.436781609195402,-203.96865175673648
sifa_random_budget,SIFA,1,S0,0,6000,5,5,609,0.0014746980837519314,14.369458128078819,-188.9686517567365
sifa_random_budget,SIFA,1,S0,0,6000,6,6,609,0.0015124460406437648,14.737274220032845,-209.9686517567365
sifa_random_budget,SIFA,1,S0,0,6000,7,7,609,0.0012913508645630268,12.582922824302132,-207.96865175673648
sifa_random_budget,SIFA,1,S0,0,6000,8,8,609,0.0012266400813198846,11.952380952380956,-223.9686517567365
sifa_random_budget,SIFA,1,S0,0,6000,9,9,609,0.0019869917844268104,19.361247947454842,-258.9686517567365
sifa_random_budget,SIFA,1,S0,0,6000,10,a,609,0.0018144296957784297,17.679802955665018,-215.9686517567365
sifa_random_budget,SIFA,1,S0,0,6000,11,b,609,0.0014477352574006216,14.106732348111656,-243.96865175673656
sifa_random_budget,SIFA,1,S0,0,6000,12,c,609,0.0018683553484810495,18.205254515599346,-174.96865175673648
sifa_random_budget,SIFA,1,S0,0,6000,13,d,609,0.0029145130109118553,28.399014778325117,-120.9686517567365
sifa_random_budget,SIFA,1,S0,0,6000,14,e,609,0.0013722393436169556,13.371100164203614,-214.9686517567365
sifa_random_budget,SIFA,1,S0,0,6000,15,f,609,0.001447735257400622,14.106732348111661,-215.96865175673653
sifa_random_budget,SIFA,1,S0,0,8000,0,0,799,0.0006812920092543716,8.709637046307886,-268.5401523048152
sifa_random_budget,SIFA,1,S0,0,8000,1,1,799,0.0006781591820814818,8.669586983729664,-245.54015230481514
sifa_random_budget,SIFA,1,S0,0,8000,2,2,799,0.001173145875398065,14.997496871088863,-321.5401523048152
sifa_random_budget,SIFA,1,S0,0,8000,3,3,799,0.00123893524602875,15.83854818523154,-269.54015230481525
sifa_random_budget,SIFA,1,S0,0,8000,4,4,799,0.0005998385027592376,7.668335419274093,-249.54015230481522
sifa_random_budget,SIFA,1,S0,0,8000,5,5,799,0.0012859276536220962,16.439299123904878,-273.5401523048152
sifa_random_budget,SIFA,1,S0,0,8000,6,6,799,0.0010446999613095845,13.355444305381729,-260.54015230481514
sifa_random_budget,SIFA,1,S0,0,8000,7,7,799,0.0010916923689029308,13.956195244055067,-249.5401523048152
sifa_random_budget,SIFA,1,S0,0,8000,8,8,799,0.0007878081331326235,10.07133917396746,-291.54015230481525
sifa_random_budget,SIFA,1,S0,0,8000,9,9,799,0.0010697625786927026,13.675844806007511,-315.54015230481525
sifa_random_budget,SIFA,1,S0,0,8000,10,a,799,0.001144950430842057,14.637046307884857,-286.54015230481525
sifa_random_budget,SIFA,1,S0,0,8000,11,b,799,0.0008285348863801902,10.591989987484352,-311.5401523048152
sifa_random_budget,SIFA,1,S0,0,8000,12,c,799,0.0011386847764962775,14.556946182728412,-263.54015230481514
sifa_random_budget,SIFA,1,S0,0,8000,13,d,799,0.0025703867945069004,32.85982478097621,-190.54015230481514
sifa_random_budget,SIFA,1,S0,0,8000,14,e,799,0.0008535975037633086,10.912390488110137,-273.5401523048152
sifa_random_budget,SIFA,1,S0,0,8000,15,f,799,0.0013360528883883328,17.08010012515645,-273.54015230481514
sifa_random_budget,SIFA,1,S5,5,250,0,0,18,0.054783950617283944,15.777777777777775,2.8826999480767537
sifa_random_budget,SIFA,1,S5,5,250,1,1,18,0.048611111111111105,13.999999999999998,-12.117300051923246
sifa_random_budget,SIFA,1,S5,5,250,2,2,18,0.10416666666666667,30.0,-6.117300051923246
sifa_random_budget,SIFA,1,S5,5,250,3,3,18,0.0794753086419753,22.888888888888886,0.8826999480767537
sifa_random_budget,SIFA,1,S5,5,250,4,4,18,0.07330246913580246,21.111111111111107,-5.117300051923247
sifa_random_budget,SIFA,1,S5,5,250,5,5,18,0.07330246913580249,21.111111111111118,-12.117300051923245
sifa_random_budget,SIFA,1,S5,5,250,6,6,18,0.07330246913580248,21.111111111111114,-8.117300051923245
sifa_random_budget,SIFA,1,S5,5,250,7,7,18,0.042438271604938266,12.222222222222221,-13.117300051923246
sifa_random_budget,SIFA,1,S5,5,250,8,8,18,0.048611111111111105,13.999999999999998,-12.117300051923248
sifa_random_budget,SIFA,1,S5,5,250,9,9,18,0.042438271604938266,12.222222222222221,-5.117300051923248
sifa_random_budget,SIFA,1,S5,5,250,10,a,18,0.030092592592592587,8.666666666666664,-6.1173000519232446
sifa_random_budget,SIFA,1,S5,5,250,11,b,18,0.048611111111111105,13.999999999999998,0.8826999480767528
sifa_random_budget,SIFA,1,S5,5,250,12,c,18,0.048611111111111105,13.999999999999998,-10.117300051923246
sifa_random_budget,SIFA,1,S5,5,250,13,d,18,0.048611111111111105,13.999999999999998,-1.1173000519232463
sifa_random_budget,SIFA,1,S5,5,250,14,e,18,0.042438271604938266,12.222222222222221,-8.117300051923248
sifa_random_budget,SIFA,1,S5,5,250,15,f,18,0.03009259259259259,8.666666666666666,-3.1173000519232463
sifa_random_budget,SIFA,1,S5,5,500,0,0,38,0.03306786703601108,20.105263157894736,-0.914300109615743
sifa_random_budget,SIFA,1,S5,5,500,1,1,38,0.02198753462603878,13.368421052631579,-25.914300109615745
sifa_random_budget,SIFA,1,S5,5,500,2,2,38,0.03306786703601108,20.105263157894736,-12.914300109615741
sifa_random_budget,SIFA,1,S5,5,500,3,3,38,0.034452908587257615,20.94736842105263,-1.9143001096157457
sifa_random_budget,SIFA,1,S5,5,500,4,4,38,0.042763157894736836,25.999999999999996,-0.9143001096157413
sifa_random_budget,SIFA,1,S5,5,500,5,5,38,0.013677285318559555,8.315789473684209,-21.91430010961574
sifa_random_budget,SIFA,1,S5,5,500,6,6,38,0.027527700831024928,16.736842105263158,-12.914300109615745
sifa_random_budget,SIFA,1,S5,5,500,7,7,38,0.024757617728531852,15.052631578947366,-21.91430010961574
sifa_random_budget,SIFA,1,S5,5,500,8,8,38,0.03722299168975069,22.63157894736842,-16.914300109615745
sifa_random_budget,SIFA,1,S5,5,500,9,9,38,0.019217451523545703,11.684210526315788,-19.914300109615745
sifa_random_budget,SIFA,1,S5,5,500,10,a,38,0.028912742382271463,17.578947368421048,-15.914300109615741
sifa_random_budget,SIFA,1,S5,5,500,11,b,38,0.02198753462603878,13.368421052631579,-4.914300109615741
sifa_random_budget,SIFA,1,S5,5,500,12,c,38,0.013677285318559555,8.315789473684209,-12.914300109615741
sifa_random_budget,SIFA,1,S5,5,500,13,d,38,0.016447368421052627,9.999999999999996,-9.914300109615741
sifa_random_budget,SIFA,1,S5,5,500,14,e,38,0.02198753462603878,13.368421052631579,-17.914300109615745
sifa_random_budget,SIFA,1,S5,5,500,15,f,38,0.024757617728531855,15.052631578947368,-8.914300109615743
sifa_random_budget,SIFA,1,S5,5,1000,0,0,77,0.010868190251307135,13.38961038961039,-19.168450222116107
sifa_random_budget,SIFA,1,S5,5,1000,1,1,77,0.01592806544105245,19.62337662337662,-52.16845022211611
sifa_random_budget,SIFA,1,S5,5,1000,2,2,77,0.01491609040310339,18.376623376623378,-16.16845022211611
sifa_random_budget,SIFA,1,S5,5,1000,3,3,77,0.015590740428402765,19.207792207792206,-14.16845022211611
sifa_random_budget,SIFA,1,S5,5,1000,4,4,77,0.01727736549165121,21.28571428571429,-16.16845022211611
sifa_random_budget,SIFA,1,S5,5,1000,5,5,77,0.009518890200708383,11.727272727272727,-36.16845022211611
sifa_random_budget,SIFA,1,S5,5,1000,6,6,77,0.009518890200708383,11.727272727272727,-33.168450222116114
sifa_random_budget,SIFA,1,S5,5,1000,7,7,77,0.009181565188058695,11.311688311688311,-24.16845022211611
sifa_random_budget,SIFA,1,S5,5,1000,8,8,77,0.008506915162759318,10.480519480519481,-32.168450222116114
sifa_random_budget,SIFA,1,S5,5,1000,9,9,77,0.016602715466351826,20.45454545454545,-28.168450222116114
sifa_random_budget,SIFA,1,S5,5,1000,10,a,77,0.018289340529600268,22.53246753246753,-36.16845022211611
sifa_random_budget,SIFA,1,S5,5,1000,11,b,77,0.007494940124810254,9.233766233766234,-17.168450222116114
sifa_random_budget,SIFA,1,S5,5,1000,12,c,77,0.010868190251307135,13.38961038961039,-27.168450222116107
sifa_random_budget,SIFA,1,S5,5,1000,13,d,77,0.006145640074211502,7.571428571428571,-18.16845022211611
sifa_random_budget,SIFA,1,S5,5,1000,14,e,77,0.008506915162759317,10.480519480519478,-22.16845022211611
sifa_random_budget,SIFA,1,S5,5,1000,15,f,77,0.010193540226007757,12.558441558441556,-26.16845022211611
sifa_random_budget,SIFA,1,S5,5,1500,0,0,121,0.006825865719554676,13.214876033057852,-44.121850349039605
sifa_random_budget,SIFA,1,S5,5,1500,1,1,121,0.016114848712519638,31.198347107438018,-77.1218503490396
sifa_random_budget,SIFA,1,S5,5,1500,2,2,121,0.011470357216037157,22.206611570247937,-16.121850349039597
sifa_random_budget,SIFA,1,S5,5,1500,3,3,121,0.008328495321357831,16.123966942148762,-32.121850349039605
sifa_random_budget,SIFA,1,S5,5,1500,4,4,121,0.007099071101700704,13.743801652892563,-29.121850349039605
sifa_random_budget,SIFA,1,S5,5,1500,5,5,121,0.004367017280240421,8.454545454545455,-49.1218503490396
sifa_random_budget,SIFA,1,S5,5,1500,6,6,121,0.005323236117751519,10.30578512396694,-24.121850349039605
sifa_random_budget,SIFA,1,S5,5,1500,7,7,121,0.0025911822962912372,5.016528925619835,-39.1218503490396
sifa_random_budget,SIFA,1,S5,5,1500,8,8,121,0.004776825353459463,9.24793388429752,-49.1218503490396
sifa_random_budget,SIFA,1,S5,5,1500,9,9,121,0.013382794891059355,25.90909090909091,-25.1218503490396
sifa_random_budget,SIFA,1,S5,5,1500,10,a,121,0.018027286387541835,34.900826446280995,-61.1218503490396
sifa_random_budget,SIFA,1,S5,5,1500,11,b,121,0.004776825353459463,9.24793388429752,-38.121850349039605
sifa_random_budget,SIFA,1,S5,5,1500,12,c,121,0.004776825353459463,9.24793388429752,-46.121850349039605
sifa_random_budget,SIFA,1,S5,5,1500,13,d,121,0.005596441499897548,10.834710743801653,-31.1218503490396
sifa_random_budget,SIFA,1,S5,5,1500,14,e,121,0.00764548186599276,14.801652892561984,-44.1218503490396
sifa_random_budget,SIFA,1,S5,5,1500,15,f,121,0.0055964414998975484,10.834710743801654,-52.1218503490396
sifa_random_budget,SIFA,1,S5,5,2000,0,0,166,0.004853752358832921,12.891566265060238,-59.41510047884772
sifa_random_budget,SIFA,1,S5,5,2000,1,1,166,0.010152053999129046,26.96385542168675,-92.41510047884772
sifa_random_budget,SIFA,1,S5,5,2000,2,2,166,0.00630534184932501,16.746987951807228,-30.415100478847716
sifa_random_budget,SIFA,1,S5,5,2000,3,3,166,0.0059424444767019885,15.783132530120481,-45.41510047884771
sifa_random_budget,SIFA,1,S5,5,2000,4,4,166,0.004853752358832921,12.891566265060238,-54.41510047884772
sifa_random_budget,SIFA,1,S5,5,2000,5,5,166,0.005216649731455945,13.85542168674699,-69.4151004788477
sifa_random_budget,SIFA,1,S5,5,2000,6,6,166,0.0044908549862099,11.927710843373495,-31.415100478847712
sifa_random_budget,SIFA,1,S5,5,2000,7,7,166,0.003402162868340833,9.036144578313253,-56.41510047884772
sifa_random_budget,SIFA,1,S5,5,2000,8,8,166,0.005216649731455945,13.85542168674699,-58.41510047884772
sifa_random_budget,SIFA,1,S5,5,2000,9,9,166,0.007321454492669473,19.44578313253012,-43.41510047884772
sifa_random_budget,SIFA,1,S5,5,2000,10,a,166,0.008845623457686165,23.493975903614455,-83.41510047884772
sifa_random_budget,SIFA,1,S5,5,2000,11,b,166,0.004127957613586877,10.963855421686747,-54.41510047884771
sifa_random_budget,SIFA,1,S5,5,2000,12,c,166,0.0036924807664392508,9.80722891566265,-56.41510047884771
sifa_random_budget,SIFA,1,S5,5,2000,13,d,166,0.004345696037160691,11.542168674698795,-47.41510047884773
sifa_random_budget,SIFA,1,S5,5,2000,14,e,166,0.008337567136013935,22.14457831325301,-61.41510047884772
sifa_random_budget,SIFA,1,S5,5,2000,15,f,166,0.004781172884308317,12.69879518072289,-58.41510047884772
sifa_random_budget,SIFA,1,S5,5,3000,0,0,236,0.004219333524849181,15.932203389830507,-86.20460068077146
sifa_random_budget,SIFA,1,S5,5,3000,1,1,236,0.004470698075265728,16.881355932203387,-113.20460068077145
sifa_random_budget,SIFA,1,S5,5,3000,2,2,236,0.00597888537776501,22.576271186440678,-55.20460068077145
sifa_random_budget,SIFA,1,S5,5,3000,3,3,236,0.0031779661016949155,12.0,-80.20460068077145
sifa_random_budget,SIFA,1,S5,5,3000,4,4,236,0.003177966101694915,12.0,-86.20460068077145
sifa_random_budget,SIFA,1,S5,5,3000,5,5,236,0.004291151967825337,16.203389830508474,-103.20460068077145
sifa_random_budget,SIFA,1,S5,5,3000,6,6,236,0.003967968974432634,14.983050847457626,-39.20460068077146
sifa_random_budget,SIFA,1,S5,5,3000,7,7,236,0.00558388394139615,21.08474576271186,-82.20460068077143
sifa_random_budget,SIFA,1,S5,5,3000,8,8,236,0.003967968974432634,14.983050847457626,-74.20460068077146
sifa_random_budget,SIFA,1,S5,5,3000,9,9,236,0.005978885377765009,22.576271186440675,-75.20460068077143
sifa_random_budget,SIFA,1,S5,5,3000,10,a,236,0.006984343579431197,26.3728813559322,-113.20460068077145
sifa_random_budget,SIFA,1,S5,5,3000,11,b,236,0.003142056880206837,11.864406779661016,-76.20460068077143
sifa_random_budget,SIFA,1,S5,5,3000,12,c,236,0.004147515081873025,15.661016949152541,-67.20460068077145
sifa_random_budget,SIFA,1,S5,5,3000,13,d,236,0.004506607296753807,17.016949152542374,-70.20460068077148
sifa_random_budget,SIFA,1,S5,5,3000,14,e,236,0.004578425739729963,17.28813559322034,-82.20460068077145
sifa_random_budget,SIFA,1,S5,5,3000,15,f,236,0.0024956908934214306,9.423728813559322,-79.20460068077145
sifa_random_budget,SIFA,1,S5,5,4000,0,0,305,0.003321015855952701,16.206557377049183,-110.65425087981058
sifa_random_budget,SIFA,1,S5,5,4000,1,1,305,0.0038155065842515453,18.619672131147542,-138.65425087981058
sifa_random_budget,SIFA,1,S5,5,4000,2,2,305,0.005062483203439935,24.704918032786882,-74.65425087981059
sifa_random_budget,SIFA,1,S5,5,4000,3,3,305,0.0022890352055898954,11.17049180327869,-105.65425087981058
sifa_random_budget,SIFA,1,S5,5,4000,4,4,305,0.002633028755710831,12.849180327868856,-119.65425087981055
sifa_random_budget,SIFA,1,S5,5,4000,5,5,305,0.004116500940607365,20.088524590163942,-120.65425087981058
sifa_random_budget,SIFA,1,S5,5,4000,6,6,305,0.0032135178715399088,15.681967213114755,-49.65425087981056
sifa_random_budget,SIFA,1,S5,5,4000,7,7,305,0.005750470303681805,28.06229508196721,-115.65425087981055
sifa_random_budget,SIFA,1,S5,5,4000,8,8,305,0.004460494490728299,21.7672131147541,-94.65425087981055
sifa_random_budget,SIFA,1,S5,5,4000,9,9,305,0.004782988443966676,23.34098360655738,-99.65425087981058
sifa_random_budget,SIFA,1,S5,5,4000,10,a,305,0.0065244557914539095,31.83934426229508,-153.65425087981055
sifa_random_budget,SIFA,1,S5,5,4000,11,b,305,0.002203036818059662,10.75081967213115,-101.65425087981058
sifa_random_budget,SIFA,1,S5,5,4000,12,c,305,0.003106019887127117,15.15737704918033,-78.65425087981058
sifa_random_budget,SIFA,1,S5,5,4000,13,d,305,0.004696990056436442,22.921311475409837,-106.65425087981058
sifa_random_budget,SIFA,1,S5,5,4000,14,e,305,0.0043099973125503895,21.0327868852459,-104.65425087981055
sifa_random_budget,SIFA,1,S5,5,4000,15,f,305,0.0032135178715399088,15.681967213114755,-83.65425087981055
sifa_random_budget,SIFA,1,S5,5,6000,0,0,444,0.0019732570408246084,14.018018018018019,-149.89340128077342
sifa_random_budget,SIFA,1,S5,5,6000,1,1,444,0.0023993588182777367,17.04504504504504,-174.89340128077345
sifa_random_budget,SIFA,1,S5,5,6000,2,2,444,0.0025515380245109973,18.126126126126124,-113.89340128077343
sifa_random_budget,SIFA,1,S5,5,6000,3,3,444,0.0017399155912669428,12.360360360360362,-158.8934012807734
sifa_random_budget,SIFA,1,S5,5,6000,4,4,444,0.0031196737277818356,22.16216216216216,-157.8934012807734
sifa_random_budget,SIFA,1,S5,5,6000,5,5,444,0.0031704001298595887,22.522522522522518,-166.89340128077345
sifa_random_budget,SIFA,1,S5,5,6000,6,6,444,0.003789262235208181,26.918918918918916,-69.8934012807734
sifa_random_budget,SIFA,1,S5,5,6000,7,7,444,0.004590739388036686,32.612612612612615,-162.89340128077342
sifa_random_budget,SIFA,1,S5,5,6000,8,8,444,0.002399358818277737,17.045045045045043,-160.89340128077345
sifa_random_budget,SIFA,1,S5,5,6000,9,9,444,0.0032414170927684443,23.027027027027028,-157.8934012807734
sifa_random_budget,SIFA,1,S5,5,6000,10,a,444,0.0031906906906906908,22.666666666666668,-200.89340128077342
sifa_random_budget,SIFA,1,S5,5,6000,11,b,444,0.0012123610096583068,8.612612612612612,-157.89340128077342
sifa_random_budget,SIFA,1,S5,5,6000,12,c,444,0.0026225549874198516,18.630630630630627,-139.89340128077342
sifa_random_budget,SIFA,1,S5,5,6000,13,d,444,0.0028761869978086193,20.43243243243243,-146.89340128077336
sifa_random_budget,SIFA,1,S5,5,6000,14,e,444,0.002774734193653113,19.711711711711715,-163.89340128077342
sifa_random_budget,SIFA,1,S5,5,6000,15,f,444,0.0035559207856505157,25.261261261261264,-130.8934012807734
sifa_random_budget,SIFA,1,S5,5,8000,0,0,596,0.002041011666141165,19.46308724832215,-188.5506017192364
sifa_random_budget,SIFA,1,S5,5,8000,1,1,596,0.001917143371920184,18.281879194630875,-213.55060171923643
sifa_random_budget,SIFA,1,S5,5,8000,2,2,596,0.001297801900815279,12.3758389261745,-168.55060171923634
sifa_random_budget,SIFA,1,S5,5,8000,3,3,596,0.0012640196387550115,12.05369127516779,-211.55060171923634
sifa_random_budget,SIFA,1,S5,5,8000,4,4,596,0.0025646367280753118,24.456375838926174,-224.5506017192364
sifa_random_budget,SIFA,1,S5,5,8000,5,5,596,0.002474550695914599,23.597315436241615,-219.55060171923634
sifa_random_budget,SIFA,1,S5,5,8000,6,6,596,0.00383710193234539,36.59060402684564,-89.55060171923638
sifa_random_budget,SIFA,1,S5,5,8000,7,7,596,0.0026490923832259814,25.261744966442958,-212.5506017192364
sifa_random_budget,SIFA,1,S5,5,8000,8,8,596,0.001359736047925769,12.966442953020135,-209.5506017192364
sifa_random_budget,SIFA,1,S5,5,8000,9,9,596,0.0023337912706634834,22.25503355704698,-214.5506017192364
sifa_random_budget,SIFA,1,S5,5,8000,10,a,596,0.0017200801765686234,16.402684563758392,-246.55060171923628
sifa_random_budget,SIFA,1,S5,5,8000,11,b,596,0.0009430881491824691,8.993288590604026,-195.5506017192364
sifa_random_budget,SIFA,1,S5,5,8000,12,c,596,0.0011908247376244312,11.355704697986576,-206.5506017192364
sifa_random_budget,SIFA,1,S5,5,8000,13,d,596,0.002395725417773974,22.845637583892614,-211.55060171923637
sifa_random_budget,SIFA,1,S5,5,8000,14,e,596,0.0020466420431512096,19.516778523489936,-220.55060171923637
sifa_random_budget,SIFA,1,S5,5,8000,15,f,596,0.002114206567271744,20.16107382550335,-207.55060171923637
sifa_guided_raw,SIFA,0,S0,0,250,0,0,101,0.01406112145868052,22.72277227722772,-7.324850291347115
sifa_guided_raw,SIFA,0,S0,0,250,1,1,101,0.015237476717968825,24.62376237623762,-44.324850291347104
sifa_guided_raw,SIFA,0,S0,0,250,2,2,101,0.007787226742476228,12.584158415841584,-34.324850291347104
sifa_guided_raw,SIFA,0,S0,0,250,3,3,101,0.009943878051171452,16.069306930693067,-20.32485029134711
sifa_guided_raw,SIFA,0,S0,0,250,4,4,101,0.022099549063817274,35.71287128712871,-0.3248502913471043
sifa_guided_raw,SIFA,0,S0,0,250,5,5,101,0.013276884619154983,21.455445544554454,-64.3248502913471
sifa_guided_raw,SIFA,0,S0,0,250,6,6,101,0.01249264777962945,20.188118811881193,-44.32485029134711
sifa_guided_raw,SIFA,0,S0,0,250,7,7,101,0.017590187236545436,28.425742574257423,-49.32485029134711
sifa_guided_raw,SIFA,0,S0,0,250,8,8,101,0.008963582001764534,14.485148514851486,-26.324850291347104
sifa_guided_raw,SIFA,0,S0,0,250,9,9,101,0.005826634643662386,9.415841584158416,-34.32485029134711
sifa_guided_raw,SIFA,0,S0,0,250,10,a,101,0.006806930693069308,11.000000000000002,-39.324850291347104
sifa_guided_raw,SIFA,0,S0,0,250,11,b,101,0.013865062248799138,22.40594059405941,-46.324850291347104
sifa_guided_raw,SIFA,0,S0,0,250,12,c,101,0.010139937261052837,16.386138613861384,-31.324850291347104
sifa_guided_raw,SIFA,0,S0,0,250,13,d,101,0.011316292520341144,18.28712871287129,-50.324850291347104
sifa_guided_raw,SIFA,0,S0,0,250,14,e,101,0.006806930693069307,11.0,-32.324850291347104
sifa_guided_raw,SIFA,0,S0,0,250,15,f,101,0.011512351730222529,18.603960396039607,-24.324850291347108
sifa_guided_raw,SIFA,0,S0,0,500,0,0,198,0.006268493010917253,19.858585858585858,-45.2903005711557
sifa_guided_raw,SIFA,0,S0,0,500,1,1,198,0.003105550454035303,9.838383838383841,-75.29030057115571
sifa_guided_raw,SIFA,0,S0,0,500,2,2,198,0.0043299153147637985,13.717171717171714,-69.29030057115571
sifa_guided_raw,SIFA,0,S0,0,500,3,3,198,0.005299204162840528,16.787878787878793,-57.29030057115571
sifa_guided_raw,SIFA,0,S0,0,500,4,4,198,0.013512651770227526,42.8080808080808,-9.290300571155711
sifa_guided_raw,SIFA,0,S0,0,500,5,5,198,0.007339812264054687,23.25252525252525,-105.29030057115571
sifa_guided_raw,SIFA,0,S0,0,500,6,6,198,0.006268493010917253,19.858585858585858,-68.29030057115573
sifa_guided_raw,SIFA,0,S0,0,500,7,7,198,0.008156055504540353,25.838383838383837,-76.29030057115571
sifa_guided_raw,SIFA,0,S0,0,500,8,8,198,0.004074839302112029,12.909090909090908,-66.29030057115571
sifa_guided_raw,SIFA,0,S0,0,500,9,9,198,0.006064432200795836,19.21212121212121,-66.29030057115571
sifa_guided_raw,SIFA,0,S0,0,500,10,a,198,0.003105550454035303,9.838383838383841,-87.29030057115573
sifa_guided_raw,SIFA,0,S0,0,500,11,b,198,0.005656310580553005,17.91919191919192,-87.2903005711557
sifa_guided_raw,SIFA,0,S0,0,500,12,c,198,0.005911386593204775,18.727272727272727,-78.29030057115571
sifa_guided_raw,SIFA,0,S0,0,500,13,d,198,0.006931690643811855,21.95959595959596,-76.2903005711557
sifa_guided_raw,SIFA,0,S0,0,500,14,e,198,0.006064432200795838,19.212121212121215,-56.290300571155704
sifa_guided_raw,SIFA,0,S0,0,500,15,f,198,0.005452249770431588,17.27272727272727,-52.29030057115571
sifa_guided_raw,SIFA,0,S0,0,1000,0,0,421,0.0025470263652315204,17.15676959619952,-121.07685121442705
sifa_guided_raw,SIFA,0,S0,0,1000,1,1,421,0.0010800971558499444,7.275534441805226,-142.07685121442705
sifa_guided_raw,SIFA,0,S0,0,1000,2,2,421,0.0010462449433257543,7.047505938242281,-147.07685121442702
sifa_guided_raw,SIFA,0,S0,0,1000,3,3,421,0.0024116175151347595,16.24465558194774,-111.07685121442705
sifa_guided_raw,SIFA,0,S0,0,1000,4,4,421,0.011641987463397296,78.42042755344418,2.9231487855729625
sifa_guided_raw,SIFA,0,S0,0,1000,5,5,421,0.004950533454449027,33.34679334916865,-193.07685121442702
sifa_guided_raw,SIFA,0,S0,0,1000,6,6,421,0.0039913874329303035,26.885985748218523,-175.07685121442705
sifa_guided_raw,SIFA,0,S0,0,1000,7,7,421,0.009204628161655598,62.002375296912106,-140.07685121442705
sifa_guided_raw,SIFA,0,S0,0,1000,8,8,421,0.0020053909648444774,13.5083135391924,-144.07685121442705
sifa_guided_raw,SIFA,0,S0,0,1000,9,9,421,0.002987105128045994,20.121140142517813,-150.07685121442705
sifa_guided_raw,SIFA,0,S0,0,1000,10,a,421,0.0020956635315756513,14.116389548693588,-185.07685121442705
sifa_guided_raw,SIFA,0,S0,0,1000,11,b,421,0.0022762086650379995,15.332541567695966,-190.07685121442705
sifa_guided_raw,SIFA,0,S0,0,1000,12,c,421,0.00528905557969093,35.627078384798104,-188.07685121442705
sifa_guided_raw,SIFA,0,S0,0,1000,13,d,421,0.0039913874329303035,26.885985748218523,-133.07685121442705
sifa_guided_raw,SIFA,0,S0,0,1000,14,e,421,0.0029419688446804073,19.817102137767225,-160.07685121442705
sifa_guided_raw,SIFA,0,S0,0,1000,15,f,421,0.004927965312766233,33.194774346793345,-112.07685121442705
sifa_guided_raw,SIFA,0,S0,0,1500,0,0,617,0.0019541870135464908,19.291734197730957,-189.68745177981347
sifa_guided_raw,SIFA,0,S0,0,1500,1,1,617,0.0012239321335788531,12.082658022690438,-212.6874517798135
sifa_guided_raw,SIFA,0,S0,0,1500,2,2,617,0.0013447656748684625,13.275526742301462,-184.6874517798135
sifa_guided_raw,SIFA,0,S0,0,1500,3,3,617,0.0015233891706878844,15.038897893030795,-194.6874517798135
sifa_guided_raw,SIFA,0,S0,0,1500,4,4,617,0.010275940465839569,101.44408427876823,-2.687451779813472
sifa_guided_raw,SIFA,0,S0,0,1500,5,5,617,0.004113429860069506,40.60777957860616,-286.6874517798135
sifa_guided_raw,SIFA,0,S0,0,1500,6,6,617,0.0034829939924715453,34.3841166936791,-232.6874517798135
sifa_guided_raw,SIFA,0,S0,0,1500,7,7,617,0.007586080764088271,74.88978930307941,-231.6874517798135
sifa_guided_raw,SIFA,0,S0,0,1500,8,8,617,0.00111360585674921,10.9935170178282,-215.68745177981344
sifa_guided_raw,SIFA,0,S0,0,1500,9,9,617,0.002111795980445981,20.847649918962723,-203.6874517798135
sifa_guided_raw,SIFA,0,S0,0,1500,10,a,617,0.0013815411004783435,13.638573743922208,-249.6874517798135
sifa_guided_raw,SIFA,0,S0,0,1500,11,b,617,0.0019541870135464908,19.291734197730957,-268.6874517798135
sifa_guided_raw,SIFA,0,S0,0,1500,12,c,617,0.004118683492299489,40.659643435980556,-285.68745177981344
sifa_guided_raw,SIFA,0,S0,0,1500,13,d,617,0.0030259279884630244,29.871961102106976,-204.6874517798135
sifa_guided_raw,SIFA,0,S0,0,1500,14,e,617,0.002731724583583975,26.967585089141,-223.68745177981353
sifa_guided_raw,SIFA,0,S0,0,1500,15,f,617,0.004339336045958774,42.83792544570502,-167.6874517798135
sifa_guided_raw,SIFA,0,S0,0,2000,0,0,850,0.0013006920415224912,17.68941176470588,-253.87250245193107
sifa_guided_raw,SIFA,0,S0,0,2000,1,1,850,0.0011567474048442905,15.731764705882352,-321.87250245193115
sifa_guided_raw,SIFA,0,S0,0,2000,2,2,850,0.001286851211072664,17.50117647058823,-260.87250245193104
sifa_guided_raw,SIFA,0,S0,0,2000,3,3,850,0.0009823529411764704,13.359999999999998,-286.87250245193104
sifa_guided_raw,SIFA,0,S0,0,2000,4,4,850,0.009372664359861591,127.46823529411765,-0.8725024519310693
sifa_guided_raw,SIFA,0,S0,0,2000,5,5,850,0.0032384083044982703,44.042352941176475,-360.87250245193104
sifa_guided_raw,SIFA,0,S0,0,2000,6,6,850,0.002621107266435986,35.647058823529406,-330.87250245193104
sifa_guided_raw,SIFA,0,S0,0,2000,7,7,850,0.006266782006920414,85.22823529411764,-314.8725024519311
sifa_guided_raw,SIFA,0,S0,0,2000,8,8,850,0.0006003460207612455,8.164705882352939,-310.8725024519311
sifa_guided_raw,SIFA,0,S0,0,2000,9,9,850,0.0014280276816608997,19.421176470588236,-266.8725024519311
sifa_guided_raw,SIFA,0,S0,0,2000,10,a,850,0.0009768166089965395,13.284705882352938,-342.87250245193104
sifa_guided_raw,SIFA,0,S0,0,2000,11,b,850,0.001134602076124567,15.43058823529411,-350.8725024519311
sifa_guided_raw,SIFA,0,S0,0,2000,12,c,850,0.0036868512110726642,50.141176470588235,-379.8725024519311
sifa_guided_raw,SIFA,0,S0,0,2000,13,d,850,0.0018294117647058824,24.88,-291.8725024519311
sifa_guided_raw,SIFA,0,S0,0,2000,14,e,850,0.001541522491349481,20.96470588235294,-312.8725024519311
sifa_guided_raw,SIFA,0,S0,0,2000,15,f,850,0.004005190311418685,54.47058823529411,-234.8725024519311
sifa_guided_raw,SIFA,0,S0,0,3000,0,0,1283,0.0009273116459681101,19.035853468433363,-413.02755370097356
sifa_guided_raw,SIFA,0,S0,0,3000,1,1,1283,0.000794876522472357,16.317225253312543,-464.02755370097356
sifa_guided_raw,SIFA,0,S0,0,3000,2,2,1283,0.001475277156945949,30.28448947778644,-408.0275537009736
sifa_guided_raw,SIFA,0,S0,0,3000,3,3,1283,0.0007863715145414371,16.142634450506623,-454.0275537009737
sifa_guided_raw,SIFA,0,S0,0,3000,4,4,1283,0.008869774052314303,182.078721745908,6.9724462990263305
sifa_guided_raw,SIFA,0,S0,0,3000,5,5,1283,0.0026842032842695628,55.101325019485586,-523.0275537009735
sifa_guided_raw,SIFA,0,S0,0,3000,6,6,1283,0.0024655030803316224,50.61184723304754,-475.0275537009736
sifa_guided_raw,SIFA,0,S0,0,3000,7,7,1283,0.005176170608029093,106.25643024162122,-488.02755370097356
sifa_guided_raw,SIFA,0,S0,0,3000,8,8,1283,0.0005494462936086689,11.279033515198757,-462.02755370097367
sifa_guided_raw,SIFA,0,S0,0,3000,9,9,1283,0.0012419969394121457,25.49571317225253,-436.02755370097356
sifa_guided_raw,SIFA,0,S0,0,3000,10,a,1283,0.0007426314737538492,15.244738893219017,-485.0275537009736
sifa_guided_raw,SIFA,0,S0,0,3000,11,b,1283,0.0010864767943896108,22.30319563522993,-512.0275537009736
sifa_guided_raw,SIFA,0,S0,0,3000,12,c,1283,0.0032151587793855622,66.00077942322682,-552.0275537009736
sifa_guided_raw,SIFA,0,S0,0,3000,13,d,1283,0.000932171650500064,19.13561964146531,-471.0275537009736
sifa_guided_raw,SIFA,0,S0,0,3000,14,e,1283,0.0010597467694638618,21.754481683554157,-465.0275537009736
sifa_guided_raw,SIFA,0,S0,0,3000,15,f,1283,0.0038080793322839766,78.17225253312547,-375.0275537009736
sifa_guided_raw,SIFA,0,S0,0,4000,0,0,1711,0.0006295215303323185,17.23378141437755,-544.4833549355928
sifa_guided_raw,SIFA,0,S0,0,4000,1,1,1711,0.000596729280507296,16.336060783167735,-634.483354935593
sifa_guided_raw,SIFA,0,S0,0,4000,2,2,1711,0.0013386539327984322,36.64699006428988,-509.48335493559296
sifa_guided_raw,SIFA,0,S0,0,4000,3,3,1711,0.0007511261234334442,20.56282875511397,-628.4833549355931
sifa_guided_raw,SIFA,0,S0,0,4000,4,4,1711,0.008122550615349982,222.3629456458211,-5.483354935593013
sifa_guided_raw,SIFA,0,S0,0,4000,5,5,1711,0.0025157590671424732,68.87142022209235,-728.483354935593
sifa_guided_raw,SIFA,0,S0,0,4000,6,6,1711,0.0028887709089021056,79.08299240210404,-637.4833549355931
sifa_guided_raw,SIFA,0,S0,0,4000,7,7,1711,0.005211555271507873,142.67153711279954,-621.4833549355928
sifa_guided_raw,SIFA,0,S0,0,4000,8,8,1711,0.0005229467184009954,14.31618936294565,-604.4833549355931
sifa_guided_raw,SIFA,0,S0,0,4000,9,9,1711,0.0009827213878226661,26.90298071303331,-583.4833549355931
sifa_guided_raw,SIFA,0,S0,0,4000,10,a,1711,0.0007866510607438856,21.535359438924612,-655.483354935593
sifa_guided_raw,SIFA,0,S0,0,4000,11,b,1711,0.0007811856857730484,21.385739333722974,-677.483354935593
sifa_guided_raw,SIFA,0,S0,0,4000,12,c,1711,0.0031155839701918443,85.29222676797193,-722.4833549355931
sifa_guided_raw,SIFA,0,S0,0,4000,13,d,1711,0.0008781960915054065,24.04149620105201,-614.4833549355931
sifa_guided_raw,SIFA,0,S0,0,4000,14,e,1711,0.0008638494822069593,23.64874342489772,-631.483354935593
sifa_guided_raw,SIFA,0,S0,0,4000,15,f,1711,0.003677834420316711,100.68439509059029,-504.48335493559307
sifa_guided_raw,SIFA,0,S0,0,6000,0,0,2586,0.000919004946020843,38.0247486465584,-833.8521074596398
sifa_guided_raw,SIFA,0,S0,0,6000,1,1,2586,0.0005610180704118614,23.212683681361177,-944.8521074596399
sifa_guided_raw,SIFA,0,S0,0,6000,2,2,2586,0.0011959438322480076,49.483372003093564,-852.8521074596398
sifa_guided_raw,SIFA,0,S0,0,6000,3,3,2586,0.0007954890064832412,32.91415313225059,-979.8521074596397
sifa_guided_raw,SIFA,0,S0,0,6000,4,4,2586,0.009434427092398896,390.3588553750967,63.14789254036043
sifa_guided_raw,SIFA,0,S0,0,6000,5,5,2586,0.0029996354335828173,124.11291569992265,-1059.8521074596397
sifa_guided_raw,SIFA,0,S0,0,6000,6,6,2586,0.0031165718315469882,128.95127610208817,-967.8521074596398
sifa_guided_raw,SIFA,0,S0,0,6000,7,7,2586,0.005580012010654072,230.87857695282287,-910.8521074596397
sifa_guided_raw,SIFA,0,S0,0,6000,8,8,2586,0.0002688266105371958,11.122969837587013,-938.8521074596397
sifa_guided_raw,SIFA,0,S0,0,6000,9,9,2586,0.00046292308695342684,19.153905645784988,-921.8521074596398
sifa_guided_raw,SIFA,0,S0,0,6000,10,a,2586,0.0005598217901257828,23.163186388244387,-930.8521074596397
sifa_guided_raw,SIFA,0,S0,0,6000,11,b,2586,0.0009345565897398626,38.668213457076554,-1019.8521074596397
sifa_guided_raw,SIFA,0,S0,0,6000,12,c,2586,0.0030717113208190445,127.09512761020878,-1159.85210745964
sifa_guided_raw,SIFA,0,S0,0,6000,13,d,2586,0.000868761174005547,35.94586233565351,-908.8521074596396
sifa_guided_raw,SIFA,0,S0,0,6000,14,e,2586,0.0006363837284348046,26.331013147718473,-933.8521074596396
sifa_guided_raw,SIFA,0,S0,0,6000,15,f,2586,0.003556802976823864,147.1662799690642,-760.8521074596397
sifa_guided_raw,SIFA,0,S0,0,8000,0,0,3489,0.0009873341027333913,55.11693895098884,-1113.736660064456
sifa_guided_raw,SIFA,0,S0,0,8000,1,1,3489,0.0006092880782175745,34.01289767841788,-1338.736660064456
sifa_guided_raw,SIFA,0,S0,0,8000,2,2,3489,0.0011562308055592316,64.54542848953854,-1219.736660064456
sifa_guided_raw,SIFA,0,S0,0,8000,3,3,3489,0.0008931922635123727,49.8615649183147,-1377.736660064456
sifa_guided_raw,SIFA,0,S0,0,8000,4,4,3489,0.009235670745407033,515.5720836916022,79.26333993554408
sifa_guided_raw,SIFA,0,S0,0,8000,5,5,3489,0.002894815347682817,161.60017196904556,-1368.736660064456
sifa_guided_raw,SIFA,0,S0,0,8000,6,6,3489,0.0028571914712751155,159.49985669246206,-1310.7366600644557
sifa_guided_raw,SIFA,0,S0,0,8000,7,7,3489,0.005182478470393911,289.3066781312697,-1273.736660064456
sifa_guided_raw,SIFA,0,S0,0,8000,8,8,3489,0.000272644747390583,15.220120378331906,-1203.736660064456
sifa_guided_raw,SIFA,0,S0,0,8000,9,9,3489,0.00042281166021433577,23.60303811980508,-1273.736660064456
sifa_guided_raw,SIFA,0,S0,0,8000,10,a,3489,0.0005319044721563189,29.693035253654344,-1211.736660064456
sifa_guided_raw,SIFA,0,S0,0,8000,11,b,3489,0.0007394108298110236,41.27687016337058,-1356.7366600644557
sifa_guided_raw,SIFA,0,S0,0,8000,12,c,3489,0.002997172007080189,167.31413012324447,-1501.736660064456
sifa_guided_raw,SIFA,0,S0,0,8000,13,d,3489,0.000781635005517484,43.633992548008024,-1274.736660064456
sifa_guided_raw,SIFA,0,S0,0,8000,14,e,3489,0.00039488127161473204,22.0438521066208,-1202.736660064456
sifa_guided_raw,SIFA,0,S0,0,8000,15,f,3489,0.0035071480436282523,195.78303238750357,-1022.7366600644559
sifa_guided_raw,SIFA,0,S5,5,250,0,0,91,0.022634645574206014,32.956043956043956,-26.926350262500858
sifa_guided_raw,SIFA,0,S5,5,250,1,1,91,0.011283359497645213,16.42857142857143,-31.926350262500858
sifa_guided_raw,SIFA,0,S5,5,250,2,2,91,0.010317292597512379,15.021978021978024,-36.92635026250086
sifa_guided_raw,SIFA,0,S5,5,250,3,3,91,0.015872177273276174,23.10989010989011,-34.92635026250086
sifa_guided_raw,SIFA,0,S5,5,250,4,4,91,0.023842229199372057,34.714285714285715,-42.92635026250086
sifa_guided_raw,SIFA,0,S5,5,250,5,5,91,0.006936058447047458,10.098901098901099,-42.92635026250086
sifa_guided_raw,SIFA,0,S5,5,250,6,6,91,0.0165967274483758,24.164835164835164,-38.92635026250086
sifa_guided_raw,SIFA,0,S5,5,250,7,7,91,0.010800326047578796,15.725274725274726,-29.926350262500854
sifa_guided_raw,SIFA,0,S5,5,250,8,8,91,0.01804582779857505,26.274725274725274,-37.92635026250086
sifa_guided_raw,SIFA,0,S5,5,250,9,9,91,0.015630660548242963,22.758241758241752,-29.92635026250086
sifa_guided_raw,SIFA,0,S5,5,250,10,a,91,0.013698526747977297,19.945054945054945,-35.926350262500854
sifa_guided_raw,SIFA,0,S5,5,250,11,b,91,0.02263464557420601,32.95604395604395,5.073649737499139
sifa_guided_raw,SIFA,0,S5,5,250,12,c,91,0.007902125347180294,11.505494505494509,-32.926350262500854
sifa_guided_raw,SIFA,0,S5,5,250,13,d,91,0.016838244173409008,24.516483516483515,-17.926350262500854
sifa_guided_raw,SIFA,0,S5,5,250,14,e,91,0.01466459364811013,21.35164835164835,-49.926350262500854
sifa_guided_raw,SIFA,0,S5,5,250,15,f,91,0.011766392947711628,17.13186813186813,-9.926350262500861
sifa_guided_raw,SIFA,0,S5,5,500,0,0,206,0.009090159298708642,29.961165048543684,-61.009100594232706
sifa_guided_raw,SIFA,0,S5,5,500,1,1,206,0.005743943821283816,18.932038834951456,-69.00910059423272
sifa_guided_raw,SIFA,0,S5,5,500,2,2,206,0.00484847770760675,15.980582524271847,-90.0091005942327
sifa_guided_raw,SIFA,0,S5,5,500,3,3,206,0.005508294844000377,18.155339805825243,-58.00910059423272
sifa_guided_raw,SIFA,0,S5,5,500,4,4,206,0.008665991139598454,28.563106796116504,-89.0091005942327
sifa_guided_raw,SIFA,0,S5,5,500,5,5,206,0.0018793005938354229,6.194174757281554,-79.00910059423272
sifa_guided_raw,SIFA,0,S5,5,500,6,6,206,0.0050841266848901875,16.75728155339806,-101.00910059423269
sifa_guided_raw,SIFA,0,S5,5,500,7,7,206,0.004377179753039872,14.427184466019417,-69.00910059423269
sifa_guided_raw,SIFA,0,S5,5,500,8,8,206,0.007534876048637951,24.834951456310684,-85.0091005942327
sifa_guided_raw,SIFA,0,S5,5,500,9,9,206,0.006403760957677444,21.106796116504857,-73.0091005942327
sifa_guided_raw,SIFA,0,S5,5,500,10,a,206,0.0037173626166462446,12.252427184466022,-85.00910059423272
sifa_guided_raw,SIFA,0,S5,5,500,11,b,206,0.008430342162315016,27.786407766990294,-15.00910059423272
sifa_guided_raw,SIFA,0,S5,5,500,12,c,206,0.0036231030257328684,11.941747572815535,-69.0091005942327
sifa_guided_raw,SIFA,0,S5,5,500,13,d,206,0.005225516071260251,17.223300970873787,-39.00910059423271
sifa_guided_raw,SIFA,0,S5,5,500,14,e,206,0.005366905457630314,17.689320388349515,-88.0091005942327
sifa_guided_raw,SIFA,0,S5,5,500,15,f,206,0.0031989348666226795,10.543689320388351,-50.009100594232706
sifa_guided_raw,SIFA,0,S5,5,1000,0,0,403,0.00662794241698428,42.73697270471464,-123.95955116250377
sifa_guided_raw,SIFA,0,S5,5,1000,1,1,403,0.001689792437611216,10.895781637717121,-121.95955116250379
sifa_guided_raw,SIFA,0,S5,5,1000,2,2,403,0.0033645764705157962,21.694789081885855,-148.95955116250383
sifa_guided_raw,SIFA,0,S5,5,1000,3,3,403,0.0049531583840797,31.93796526054591,-135.95955116250377
sifa_guided_raw,SIFA,0,S5,5,1000,4,4,403,0.006098415112462979,39.32258064516129,-191.95955116250377
sifa_guided_raw,SIFA,0,S5,5,1000,5,5,403,0.0015297027874071017,9.863523573200991,-144.9595511625038
sifa_guided_raw,SIFA,0,S5,5,1000,6,6,403,0.0038079016556964206,24.553349875930518,-209.9595511625038
sifa_guided_raw,SIFA,0,S5,5,1000,7,7,403,0.0028104199890400163,18.121588089330025,-123.9595511625038
sifa_guided_raw,SIFA,0,S5,5,1000,8,8,403,0.00611072970094022,39.40198511166253,-155.95955116250377
sifa_guided_raw,SIFA,0,S5,5,1000,9,9,403,0.0034754077668109526,22.409429280397024,-128.95955116250377
sifa_guided_raw,SIFA,0,S5,5,1000,10,a,403,0.0020469155034511625,13.198511166253097,-169.95955116250377
sifa_guided_raw,SIFA,0,S5,5,1000,11,b,403,0.009891308363452766,63.77915632754343,4.040448837496214
sifa_guided_raw,SIFA,0,S5,5,1000,12,c,403,0.0013449839602485084,8.672456575682382,-151.95955116250383
sifa_guided_raw,SIFA,0,S5,5,1000,13,d,403,0.003906418363514338,25.18858560794045,-101.95955116250379
sifa_guided_raw,SIFA,0,S5,5,1000,14,e,403,0.0036724411824467854,23.679900744416873,-167.9595511625038
sifa_guided_raw,SIFA,0,S5,5,1000,15,f,403,0.002083859268882882,13.436724565756824,-116.9595511625038
sifa_guided_raw,SIFA,0,S5,5,1500,0,0,587,0.006696590523233374,62.894378194207846,-174.49195169327476
sifa_guided_raw,SIFA,0,S5,5,1500,1,1,587,0.0014552600495111284,13.667802385008518,-204.49195169327476
sifa_guided_raw,SIFA,0,S5,5,1500,2,2,587,0.002389760831647653,22.444633730834756,-222.49195169327476
sifa_guided_raw,SIFA,0,S5,5,1500,3,3,587,0.004798567195539936,45.06814310051108,-217.49195169327479
sifa_guided_raw,SIFA,0,S5,5,1500,4,4,587,0.004845002017012558,45.50425894378195,-260.49195169327476
sifa_guided_raw,SIFA,0,S5,5,1500,5,5,587,0.0011998685314117059,11.26916524701874,-227.49195169327476
sifa_guided_raw,SIFA,0,S5,5,1500,6,6,587,0.0025000435326451307,23.480408858603067,-266.49195169327476
sifa_guided_raw,SIFA,0,S5,5,1500,7,7,587,0.002198217193073085,20.645655877342413,-184.49195169327476
sifa_guided_raw,SIFA,0,S5,5,1500,8,8,587,0.005791111504517237,54.39011925042589,-224.49195169327476
sifa_guided_raw,SIFA,0,S5,5,1500,9,9,587,0.002749630698060476,25.824531516183992,-189.49195169327476
sifa_guided_raw,SIFA,0,S5,5,1500,10,a,587,0.002563891412169986,24.080068143100508,-226.49195169327476
sifa_guided_raw,SIFA,0,S5,5,1500,11,b,587,0.010388158830306846,97.56558773424189,13.508048306725243
sifa_guided_raw,SIFA,0,S5,5,1500,12,c,587,0.0018325429739761846,17.211243611584326,-228.49195169327473
sifa_guided_raw,SIFA,0,S5,5,1500,13,d,587,0.003765392417774089,35.36456558773424,-166.49195169327476
sifa_guided_raw,SIFA,0,S5,5,1500,14,e,587,0.0028483046936897977,26.75127768313458,-241.49195169327479
sifa_guided_raw,SIFA,0,S5,5,1500,15,f,587,0.0024478043584884304,22.98977853492334,-170.49195169327476
sifa_guided_raw,SIFA,0,S5,5,2000,0,0,789,0.004917805985661526,62.08238276299111,-224.14165227596902
sifa_guided_raw,SIFA,0,S5,5,2000,1,1,789,0.0014351925477212816,18.11787072243346,-272.14165227596897
sifa_guided_raw,SIFA,0,S5,5,2000,2,2,789,0.0016536590733485295,20.875792141951838,-307.1416522759689
sifa_guided_raw,SIFA,0,S5,5,2000,3,3,789,0.0038286861005492182,48.33333333333333,-288.14165227596897
sifa_guided_raw,SIFA,0,S5,5,2000,4,4,789,0.002896990623609485,36.57160963244614,-322.14165227596897
sifa_guided_raw,SIFA,0,S5,5,2000,5,5,789,0.0010239614406582266,12.926489226869453,-305.14165227596897
sifa_guided_raw,SIFA,0,S5,5,2000,6,6,789,0.001994209833885122,25.174904942965778,-365.14165227596897
sifa_guided_raw,SIFA,0,S5,5,2000,7,7,789,0.0013998523744580501,17.671736375158424,-259.141652275969
sifa_guided_raw,SIFA,0,S5,5,2000,8,8,789,0.004898529527517948,61.83903675538658,-284.14165227596897
sifa_guided_raw,SIFA,0,S5,5,2000,9,9,789,0.002810246561963371,35.476552598225595,-263.14165227596897
sifa_guided_raw,SIFA,0,S5,5,2000,10,a,789,0.0028809269084898335,36.36882129277566,-295.14165227596897
sifa_guided_raw,SIFA,0,S5,5,2000,11,b,789,0.010948124641578356,138.20912547528516,22.858347724031006
sifa_guided_raw,SIFA,0,S5,5,2000,12,c,789,0.001737190391970713,21.93029150823828,-304.141652275969
sifa_guided_raw,SIFA,0,S5,5,2000,13,d,789,0.0029098415957052046,36.7338403041825,-254.14165227596894
sifa_guided_raw,SIFA,0,S5,5,2000,14,e,789,0.002463270315378919,31.096324461343475,-340.14165227596897
sifa_guided_raw,SIFA,0,S5,5,2000,15,f,789,0.0021966126443927194,27.73003802281369,-229.14165227596897
sifa_guided_raw,SIFA,0,S5,5,3000,0,0,1179,0.005180737474650028,97.72943172179812,-333.6831534009726
sifa_guided_raw,SIFA,0,S5,5,3000,1,1,1179,0.001103159906794116,20.810008481764203,-409.68315340097274
sifa_guided_raw,SIFA,0,S5,5,3000,2,2,1179,0.0015491899159808956,29.223918575063614,-463.68315340097257
sifa_guided_raw,SIFA,0,S5,5,3000,3,3,1179,0.0037807787683960398,71.32061068702289,-470.6831534009726
sifa_guided_raw,SIFA,0,S5,5,3000,4,4,1179,0.002313196157523411,43.63613231552163,-486.6831534009727
sifa_guided_raw,SIFA,0,S5,5,3000,5,5,1179,0.0011405688753065558,21.515691263782866,-439.6831534009726
sifa_guided_raw,SIFA,0,S5,5,3000,6,6,1179,0.0014830048178435026,27.975402883799834,-513.6831534009726
sifa_guided_raw,SIFA,0,S5,5,3000,7,7,1179,0.0010412912281004658,19.642917726887188,-409.68315340097257
sifa_guided_raw,SIFA,0,S5,5,3000,8,8,1179,0.004878588113588016,92.02968617472433,-452.6831534009726
sifa_guided_raw,SIFA,0,S5,5,3000,9,9,1179,0.002467148451016913,46.540288379983046,-381.68315340097257
sifa_guided_raw,SIFA,0,S5,5,3000,10,a,1179,0.002357799158442089,44.47752332485157,-423.6831534009727
sifa_guided_raw,SIFA,0,S5,5,3000,11,b,1179,0.011964710033732819,225.70229007633588,52.31684659902737
sifa_guided_raw,SIFA,0,S5,5,3000,12,c,1179,0.0014326465909998342,27.025445292620873,-437.6831534009726
sifa_guided_raw,SIFA,0,S5,5,3000,13,d,1179,0.0023923305139920328,45.12892281594571,-385.6831534009726
sifa_guided_raw,SIFA,0,S5,5,3000,14,e,1179,0.0020283124742363715,38.26208651399491,-498.68315340097257
sifa_guided_raw,SIFA,0,S5,5,3000,15,f,1179,0.0024613932250919213,46.43172179813401,-355.6831534009726
sifa_guided_raw,SIFA,0,S5,5,4000,0,0,1555,0.004511300544866161,112.24115755627008,-436.4667544855916
sifa_guided_raw,SIFA,0,S5,5,4000,1,1,1555,0.0010944624228450906,27.230225080385853,-481.46675448559154
sifa_guided_raw,SIFA,0,S5,5,4000,2,2,1555,0.001656904912066666,41.22379421221865,-603.4667544855917
sifa_guided_raw,SIFA,0,S5,5,4000,3,3,1555,0.0034840158807291077,86.6823151125402,-615.4667544855914
sifa_guided_raw,SIFA,0,S5,5,4000,4,4,1555,0.0013765107887635571,34.2475884244373,-609.4667544855915
sifa_guided_raw,SIFA,0,S5,5,4000,5,5,1555,0.0009116686138480787,22.6823151125402,-573.4667544855915
sifa_guided_raw,SIFA,0,S5,5,4000,6,6,1555,0.0015121586832228787,37.622508038585224,-686.4667544855917
sifa_guided_raw,SIFA,0,S5,5,4000,7,7,1555,0.0007164679852358844,17.825723472668805,-531.4667544855915
sifa_guided_raw,SIFA,0,S5,5,4000,8,8,1555,0.005029078483473083,125.12347266881031,-606.4667544855915
sifa_guided_raw,SIFA,0,S5,5,4000,9,9,1555,0.002885180053969666,71.78327974276529,-518.4667544855915
sifa_guided_raw,SIFA,0,S5,5,4000,10,a,1555,0.0022375440700571746,55.6700964630225,-591.4667544855915
sifa_guided_raw,SIFA,0,S5,5,4000,11,b,1555,0.01141445497875332,283.99163987138263,63.53324551440846
sifa_guided_raw,SIFA,0,S5,5,4000,12,c,1555,0.001311995326764612,32.64244372990355,-608.4667544855915
sifa_guided_raw,SIFA,0,S5,5,4000,13,d,1555,0.0019248922157545933,47.89131832797428,-539.4667544855915
sifa_guided_raw,SIFA,0,S5,5,4000,14,e,1555,0.0013425988151487271,33.40385852090033,-652.4667544855915
sifa_guided_raw,SIFA,0,S5,5,4000,15,f,1555,0.002531999255590823,62.99614147909967,-464.46675448559165
sifa_guided_raw,SIFA,0,S5,5,6000,0,0,2319,0.004743040365683786,175.98576972833118,-705.1121566894449
sifa_guided_raw,SIFA,0,S5,5,6000,1,1,2319,0.000940342551481927,34.89047003018542,-710.1121566894449
sifa_guided_raw,SIFA,0,S5,5,6000,2,2,2319,0.0018697256162927278,69.37429926692538,-944.1121566894449
sifa_guided_raw,SIFA,0,S5,5,6000,3,3,2319,0.0030010514598919516,111.35101336783097,-964.112156689445
sifa_guided_raw,SIFA,0,S5,5,6000,4,4,2319,0.001594146244133943,59.14920224234582,-968.1121566894449
sifa_guided_raw,SIFA,0,S5,5,6000,5,5,2319,0.0006167878230363898,22.885295385942207,-816.112156689445
sifa_guided_raw,SIFA,0,S5,5,6000,6,6,2319,0.0016067909116823898,59.61836998706339,-987.1121566894451
sifa_guided_raw,SIFA,0,S5,5,6000,7,7,2319,0.0003434398627979191,12.74299266925399,-768.112156689445
sifa_guided_raw,SIFA,0,S5,5,6000,8,8,2319,0.005026057777576951,186.4868477792152,-905.1121566894449
sifa_guided_raw,SIFA,0,S5,5,6000,9,9,2319,0.0029192330228137693,108.3152220784821,-771.1121566894449
sifa_guided_raw,SIFA,0,S5,5,6000,10,a,2319,0.0023695618864430753,87.92022423458387,-868.112156689445
sifa_guided_raw,SIFA,0,S5,5,6000,11,b,2319,0.012455915668249296,462.16429495472187,140.88784331055513
sifa_guided_raw,SIFA,0,S5,5,6000,12,c,2319,0.0010772024825945218,39.96852091418714,-919.112156689445
sifa_guided_raw,SIFA,0,S5,5,6000,13,d,2319,0.0019128662467521327,70.97498921949114,-726.1121566894449
sifa_guided_raw,SIFA,0,S5,5,6000,14,e,2319,0.001315963558068125,48.82751185855971,-971.112156689445
sifa_guided_raw,SIFA,0,S5,5,6000,15,f,2319,0.0026536950042963968,98.4626994394135,-727.1121566894449
sifa_guided_raw,SIFA,0,S5,5,8000,0,0,3107,0.004695361989274507,233.4158352108143,-938.9139589625291
sifa_guided_raw,SIFA,0,S5,5,8000,1,1,3107,0.0009698541422863477,48.21338912133891,-956.9139589625293
sifa_guided_raw,SIFA,0,S5,5,8000,2,2,3107,0.0015980234111145145,79.44093981332475,-1196.9139589625293
sifa_guided_raw,SIFA,0,S5,5,8000,3,3,3107,0.003223142060417992,160.2288381074992,-1371.9139589625293
sifa_guided_raw,SIFA,0,S5,5,8000,4,4,3107,0.001232558176875436,61.27293208883168,-1284.9139589625293
sifa_guided_raw,SIFA,0,S5,5,8000,5,5,3107,0.00031640893322169096,15.729320888316701,-1065.9139589625293
sifa_guided_raw,SIFA,0,S5,5,8000,6,6,3107,0.0013736476465561686,68.28677180560025,-1288.9139589625293
sifa_guided_raw,SIFA,0,S5,5,8000,7,7,3107,0.00016060969504267322,7.984229159961371,-1048.9139589625293
sifa_guided_raw,SIFA,0,S5,5,8000,8,8,3107,0.005453225836693187,271.0907627936917,-1195.913958962529
sifa_guided_raw,SIFA,0,S5,5,8000,9,9,3107,0.0026107184592781296,129.78403604763437,-1110.9139589625293
sifa_guided_raw,SIFA,0,S5,5,8000,10,a,3107,0.0021393843278190005,106.35307370453815,-1205.9139589625293
sifa_guided_raw,SIFA,0,S5,5,8000,11,b,3107,0.011563580798945539,574.8487286771806,164.08604103747075
sifa_guided_raw,SIFA,0,S5,5,8000,12,c,3107,0.0009420920439938102,46.833279691020294,-1221.9139589625295
sifa_guided_raw,SIFA,0,S5,5,8000,13,d,3107,0.001699127172060473,84.46700997747024,-961.9139589625294
sifa_guided_raw,SIFA,0,S5,5,8000,14,e,3107,0.0007690968792604592,38.23334406179595,-1236.9139589625295
sifa_guided_raw,SIFA,0,S5,5,8000,15,f,3107,0.0017861427040221584,88.79272610234953,-971.9139589625293
sifa_guided_raw,SIFA,1,S0,0,250,0,0,114,0.007829332102185288,14.280701754385964,-50.74290032884722
sifa_guided_raw,SIFA,1,S0,0,250,1,1,114,0.008752693136349646,15.964912280701753,-44.74290032884723
sifa_guided_raw,SIFA,1,S0,0,250,2,2,114,0.0053670360110803315,9.789473684210524,-40.74290032884723
sifa_guided_raw,SIFA,1,S0,0,250,3,3,114,0.00629039704524469,11.473684210526313,-40.74290032884723
sifa_guided_raw,SIFA,1,S0,0,250,4,4,114,0.009829947676208064,17.929824561403507,-22.742900328847227
sifa_guided_raw,SIFA,1,S0,0,250,5,5,114,0.007367651585103108,13.438596491228068,-60.74290032884723
sifa_guided_raw,SIFA,1,S0,0,250,6,6,114,0.009060480147737764,16.52631578947368,-36.74290032884723
sifa_guided_raw,SIFA,1,S0,0,250,7,7,114,0.00613650353955063,11.19298245614035,-40.742900328847234
sifa_guided_raw,SIFA,1,S0,0,250,8,8,114,0.005828716528162511,10.631578947368421,-17.742900328847234
sifa_guided_raw,SIFA,1,S0,0,250,9,9,114,0.004135887965527854,7.5438596491228065,-37.74290032884723
sifa_guided_raw,SIFA,1,S0,0,250,10,a,114,0.007059864573714989,12.877192982456139,-30.742900328847227
sifa_guided_raw,SIFA,1,S0,0,250,11,b,114,0.007983225607879348,14.56140350877193,-34.74290032884723
sifa_guided_raw,SIFA,1,S0,0,250,12,c,114,0.007367651585103107,13.438596491228067,-42.74290032884723
sifa_guided_raw,SIFA,1,S0,0,250,13,d,114,0.009060480147737766,16.526315789473685,-18.74290032884723
sifa_guided_raw,SIFA,1,S0,0,250,14,e,114,0.009060480147737766,16.526315789473685,-53.74290032884723
sifa_guided_raw,SIFA,1,S0,0,250,15,f,114,0.008598799630655584,15.684210526315786,-45.74290032884723
sifa_guided_raw,SIFA,1,S0,0,500,0,0,218,0.0032772914737816683,11.431192660550458,-100.08730062884823
sifa_guided_raw,SIFA,1,S0,0,500,1,1,218,0.007696111438431109,26.84403669724771,-85.08730062884821
sifa_guided_raw,SIFA,1,S0,0,500,2,2,218,0.004497727464018181,15.688073394495413,-63.0873006288482
sifa_guided_raw,SIFA,1,S0,0,500,3,3,218,0.004455643464354853,15.541284403669726,-96.0873006288482
sifa_guided_raw,SIFA,1,S0,0,500,4,4,218,0.005044819459641445,17.596330275229363,-61.08730062884821
sifa_guided_raw,SIFA,1,S0,0,500,5,5,218,0.005465659456274725,19.064220183486242,-108.0873006288482
sifa_guided_raw,SIFA,1,S0,0,500,6,6,218,0.004666063462671493,16.275229357798167,-51.087300628848205
sifa_guided_raw,SIFA,1,S0,0,500,7,7,218,0.0020568554835451564,7.1743119266055055,-88.08730062884821
sifa_guided_raw,SIFA,1,S0,0,500,8,8,218,0.0066019274471845815,23.02752293577982,-69.08730062884821
sifa_guided_raw,SIFA,1,S0,0,500,9,9,218,0.004329391465364868,15.100917431192661,-80.08730062884821
sifa_guided_raw,SIFA,1,S0,0,500,10,a,218,0.005802331453581349,20.238532110091743,-54.08730062884822
sifa_guided_raw,SIFA,1,S0,0,500,11,b,218,0.004118971467048229,14.366972477064223,-69.08730062884821
sifa_guided_raw,SIFA,1,S0,0,500,12,c,218,0.006517759447857926,22.733944954128447,-72.0873006288482
sifa_guided_raw,SIFA,1,S0,0,500,13,d,218,0.008537791431697668,29.779816513761467,-5.087300628848219
sifa_guided_raw,SIFA,1,S0,0,500,14,e,218,0.007022767443817861,24.4954128440367,-86.08730062884821
sifa_guided_raw,SIFA,1,S0,0,500,15,f,218,0.007106935443144518,24.788990825688078,-97.0873006288482
sifa_guided_raw,SIFA,1,S0,0,1000,0,0,440,0.001962809917355372,13.818181818181818,-182.5340012692349
sifa_guided_raw,SIFA,1,S0,0,1000,1,1,440,0.002923553719008265,20.581818181818186,-143.5340012692349
sifa_guided_raw,SIFA,1,S0,0,1000,2,2,440,0.0022417355371900827,15.781818181818181,-172.53400126923492
sifa_guided_raw,SIFA,1,S0,0,1000,3,3,440,0.0019318181818181817,13.6,-193.53400126923492
sifa_guided_raw,SIFA,1,S0,0,1000,4,4,440,0.0016735537190082643,11.781818181818181,-149.53400126923492
sifa_guided_raw,SIFA,1,S0,0,1000,5,5,440,0.0031818181818181815,22.4,-186.53400126923492
sifa_guided_raw,SIFA,1,S0,0,1000,6,6,440,0.00253099173553719,17.818181818181817,-117.53400126923492
sifa_guided_raw,SIFA,1,S0,0,1000,7,7,440,0.0014049586776859503,9.89090909090909,-150.53400126923492
sifa_guided_raw,SIFA,1,S0,0,1000,8,8,440,0.0019834710743801653,13.963636363636365,-152.53400126923492
sifa_guided_raw,SIFA,1,S0,0,1000,9,9,440,0.0024173553719008265,17.01818181818182,-155.53400126923492
sifa_guided_raw,SIFA,1,S0,0,1000,10,a,440,0.00118801652892562,8.363636363636365,-129.53400126923492
sifa_guided_raw,SIFA,1,S0,0,1000,11,b,440,0.0008264462809917352,5.818181818181816,-134.53400126923492
sifa_guided_raw,SIFA,1,S0,0,1000,12,c,440,0.0019008264462809915,13.381818181818181,-153.53400126923492
sifa_guided_raw,SIFA,1,S0,0,1000,13,d,440,0.005981404958677685,42.1090909090909,-34.53400126923492
sifa_guided_raw,SIFA,1,S0,0,1000,14,e,440,0.0035640495867768594,25.09090909090909,-164.53400126923492
sifa_guided_raw,SIFA,1,S0,0,1000,15,f,440,0.001911157024793388,13.454545454545451,-171.53400126923492
sifa_guided_raw,SIFA,1,S0,0,1500,0,0,657,0.001480224673287787,15.560121765601219,-242.28145189519847
sifa_guided_raw,SIFA,1,S0,0,1500,1,1,657,0.0026663736044795655,28.02891933028919,-216.28145189519853
sifa_guided_raw,SIFA,1,S0,0,1500,2,2,657,0.0017026275978862452,17.89802130898021,-250.2814518951985
sifa_guided_raw,SIFA,1,S0,0,1500,3,3,657,0.0014987582503376584,15.754946727549465,-245.28145189519853
sifa_guided_raw,SIFA,1,S0,0,1500,4,4,657,0.0010122518527785306,10.640791476407912,-223.28145189519847
sifa_guided_raw,SIFA,1,S0,0,1500,5,5,657,0.0023837365544690245,25.057838660578387,-272.28145189519853
sifa_guided_raw,SIFA,1,S0,0,1500,6,6,657,0.0019435640995345753,20.430745814307457,-179.28145189519853
sifa_guided_raw,SIFA,1,S0,0,1500,7,7,657,0.0015358254044374017,16.144596651445966,-215.28145189519844
sifa_guided_raw,SIFA,1,S0,0,1500,8,8,657,0.001920397128222236,20.187214611872143,-239.28145189519847
sifa_guided_raw,SIFA,1,S0,0,1500,9,9,657,0.001549725587224805,16.29071537290715,-244.28145189519847
sifa_guided_raw,SIFA,1,S0,0,1500,10,a,657,0.0009844514872037232,10.348554033485538,-216.28145189519847
sifa_guided_raw,SIFA,1,S0,0,1500,11,b,657,0.00048404490685719176,5.088280060882799,-222.28145189519847
sifa_guided_raw,SIFA,1,S0,0,1500,12,c,657,0.00239300334299396,25.155251141552508,-237.28145189519844
sifa_guided_raw,SIFA,1,S0,0,1500,13,d,657,0.005641012720983947,59.29832572298325,-57.28145189519853
sifa_guided_raw,SIFA,1,S0,0,1500,14,e,657,0.0033521159553248124,35.23744292237443,-239.28145189519853
sifa_guided_raw,SIFA,1,S0,0,1500,15,f,657,0.0022169343610201806,23.304414003044137,-272.2814518951985
sifa_guided_raw,SIFA,1,S0,0,2000,0,0,861,0.0012146391374316932,16.732868757259006,-328.610852483662
sifa_guided_raw,SIFA,1,S0,0,2000,1,1,861,0.0023720324933463374,32.67711962833914,-303.6108524836619
sifa_guided_raw,SIFA,1,S0,0,2000,2,2,861,0.0013900017671157302,19.148664343786297,-307.6108524836619
sifa_guided_raw,SIFA,1,S0,0,2000,3,3,861,0.0012308264570948342,16.955865272938436,-329.610852483662
sifa_guided_raw,SIFA,1,S0,0,2000,4,4,861,0.0009853187755371829,13.57375145180023,-301.6108524836619
sifa_guided_raw,SIFA,1,S0,0,2000,5,5,861,0.00239631347284105,33.0116144018583,-361.6108524836619
sifa_guided_raw,SIFA,1,S0,0,2000,6,6,861,0.0024799479577672827,34.16376306620209,-230.610852483662
sifa_guided_raw,SIFA,1,S0,0,2000,7,7,861,0.001152587745389649,15.878048780487804,-279.61085248366203
sifa_guided_raw,SIFA,1,S0,0,2000,8,8,861,0.0016489988817259995,22.71660859465737,-330.6108524836619
sifa_guided_raw,SIFA,1,S0,0,2000,9,9,861,0.0013063672821894965,17.996515679442503,-290.6108524836619
sifa_guided_raw,SIFA,1,S0,0,2000,10,a,861,0.001017693414863467,14.019744483159121,-304.610852483662
sifa_guided_raw,SIFA,1,S0,0,2000,11,b,861,0.0005779378973481122,7.961672473867594,-287.610852483662
sifa_guided_raw,SIFA,1,S0,0,2000,12,c,861,0.0025096247104830433,34.5725900116144,-303.610852483662
sifa_guided_raw,SIFA,1,S0,0,2000,13,d,861,0.006783077101552499,93.44367015098723,-50.61085248366197
sifa_guided_raw,SIFA,1,S0,0,2000,14,e,861,0.003324386466861184,45.796747967479675,-314.610852483662
sifa_guided_raw,SIFA,1,S0,0,2000,15,f,861,0.0021777846573886343,30.001161440185825,-356.6108524836619
sifa_guided_raw,SIFA,1,S0,0,3000,0,0,1305,0.0006529190704775328,13.632950191570886,-500.50425376443536
sifa_guided_raw,SIFA,1,S0,0,3000,1,1,1305,0.0011719954199145635,24.471264367816087,-473.5042537644353
sifa_guided_raw,SIFA,1,S0,0,3000,2,2,1305,0.0014655906401843779,30.60153256704981,-508.50425376443525
sifa_guided_raw,SIFA,1,S0,0,3000,3,3,1305,0.0007304282086287637,15.251340996168585,-468.5042537644354
sifa_guided_raw,SIFA,1,S0,0,3000,4,4,1305,0.0007961935379692015,16.624521072796927,-449.50425376443525
sifa_guided_raw,SIFA,1,S0,0,3000,5,5,1305,0.0019928876557889644,41.61149425287358,-553.5042537644354
sifa_guided_raw,SIFA,1,S0,0,3000,6,6,1305,0.0026681566624095357,55.71111111111111,-397.5042537644354
sifa_guided_raw,SIFA,1,S0,0,3000,7,7,1305,0.001002884573039151,20.940229885057473,-446.50425376443536
sifa_guided_raw,SIFA,1,S0,0,3000,8,8,1305,0.002194881167334596,45.82911877394636,-484.5042537644353
sifa_guided_raw,SIFA,1,S0,0,3000,9,9,1305,0.000989966383347279,20.670498084291186,-478.50425376443536
sifa_guided_raw,SIFA,1,S0,0,3000,10,a,1305,0.0007257306851044463,15.153256704980839,-473.5042537644354
sifa_guided_raw,SIFA,1,S0,0,3000,11,b,1305,0.0011978317992983076,25.01072796934866,-410.50425376443536
sifa_guided_raw,SIFA,1,S0,0,3000,12,c,1305,0.0026340996168582372,54.99999999999999,-453.5042537644353
sifa_guided_raw,SIFA,1,S0,0,3000,13,d,1305,0.007877710250877117,164.4865900383142,-40.50425376443536
sifa_guided_raw,SIFA,1,S0,0,3000,14,e,1305,0.003510187754143363,73.29272030651342,-441.50425376443536
sifa_guided_raw,SIFA,1,S0,0,3000,15,f,1305,0.001929471088210684,40.287356321839084,-515.5042537644354
sifa_guided_raw,SIFA,1,S0,0,4000,0,0,1738,0.0003594432180687296,9.995397008055233,-648.6593050134779
sifa_guided_raw,SIFA,1,S0,0,4000,1,1,1738,0.0008970769147241451,24.945914844649025,-630.6593050134779
sifa_guided_raw,SIFA,1,S0,0,4000,2,2,1738,0.0012758041000528364,35.47756041426928,-714.6593050134779
sifa_guided_raw,SIFA,1,S0,0,4000,3,3,1738,0.000684539455824652,19.035673187571923,-582.6593050134778
sifa_guided_raw,SIFA,1,S0,0,4000,4,4,1738,0.0005905197699563405,16.421173762945916,-597.6593050134779
sifa_guided_raw,SIFA,1,S0,0,4000,5,5,1738,0.002310682755068125,64.25546605293442,-753.6593050134779
sifa_guided_raw,SIFA,1,S0,0,4000,6,6,1738,0.0034051513518309345,94.69044879171463,-525.6593050134777
sifa_guided_raw,SIFA,1,S0,0,4000,7,7,1738,0.0006865257872162359,19.090909090909086,-595.6593050134779
sifa_guided_raw,SIFA,1,S0,0,4000,8,8,1738,0.001965061092932501,54.64441887226698,-652.6593050134779
sifa_guided_raw,SIFA,1,S0,0,4000,9,9,1738,0.0018379358838711219,51.10932105868816,-646.6593050134779
sifa_guided_raw,SIFA,1,S0,0,4000,10,a,1738,0.0006474612698484166,18.00460299194477,-657.6593050134778
sifa_guided_raw,SIFA,1,S0,0,4000,11,b,1738,0.0012638861117033324,35.14614499424627,-587.6593050134778
sifa_guided_raw,SIFA,1,S0,0,4000,12,c,1738,0.0022643350225978296,62.966628308400445,-604.6593050134779
sifa_guided_raw,SIFA,1,S0,0,4000,13,d,1738,0.008321983656465307,231.41772151898726,-40.659305013477876
sifa_guided_raw,SIFA,1,S0,0,4000,14,e,1738,0.0033117937764264842,92.09436133486767,-591.6593050134779
sifa_guided_raw,SIFA,1,S0,0,4000,15,f,1738,0.0018942152732993362,52.67433831990794,-619.6593050134779
sifa_guided_raw,SIFA,1,S0,0,6000,0,0,2605,0.0004386128108870806,18.28138195777352,-997.3092575144476
sifa_guided_raw,SIFA,1,S0,0,6000,1,1,2605,0.0004306552805213657,17.94971209213052,-902.3092575144475
sifa_guided_raw,SIFA,1,S0,0,6000,2,2,2605,0.000878929491123301,36.633781190019185,-1017.3092575144476
sifa_guided_raw,SIFA,1,S0,0,6000,3,3,2605,0.0005052202872815823,21.05758157389635,-891.3092575144476
sifa_guided_raw,SIFA,1,S0,0,6000,4,4,2605,0.0006475716638238143,26.990786948176577,-939.3092575144476
sifa_guided_raw,SIFA,1,S0,0,6000,5,5,2605,0.00221992071941969,92.52629558541267,-1119.3092575144476
sifa_guided_raw,SIFA,1,S0,0,6000,6,6,2605,0.003141815348455097,130.95086372360845,-811.3092575144476
sifa_guided_raw,SIFA,1,S0,0,6000,7,7,2605,0.000449812298068457,18.74817658349329,-874.3092575144476
sifa_guided_raw,SIFA,1,S0,0,6000,8,8,2605,0.0012555859284338038,52.332821497120946,-995.3092575144476
sifa_guided_raw,SIFA,1,S0,0,6000,9,9,2605,0.0016098433913815523,67.0982725527831,-943.3092575144476
sifa_guided_raw,SIFA,1,S0,0,6000,10,a,2605,0.0007822602333472097,32.6046065259117,-1001.3092575144477
sifa_guided_raw,SIFA,1,S0,0,6000,11,b,2605,0.0011117609351571796,46.338195777351245,-864.3092575144476
sifa_guided_raw,SIFA,1,S0,0,6000,12,c,2605,0.0021836697477536555,91.01535508637237,-914.3092575144475
sifa_guided_raw,SIFA,1,S0,0,6000,13,d,2605,0.00822962448561566,343.01074856046074,-37.309257514447495
sifa_guided_raw,SIFA,1,S0,0,6000,14,e,2605,0.003312460166297648,138.06333973128596,-905.3092575144477
sifa_guided_raw,SIFA,1,S0,0,6000,15,f,2605,0.0020587070486772444,85.80690978886754,-951.3092575144476
sifa_guided_raw,SIFA,1,S0,0,8000,0,0,3515,0.0004705246161037133,26.462304409672836,-1346.572760139456
sifa_guided_raw,SIFA,1,S0,0,8000,1,1,3515,0.00027951231159286874,15.719772403982939,-1214.5727601394562
sifa_guided_raw,SIFA,1,S0,0,8000,2,2,3515,0.0009540447462510801,53.655476529160744,-1376.5727601394562
sifa_guided_raw,SIFA,1,S0,0,8000,3,3,3515,0.0005278283074569667,29.685064011379808,-1203.5727601394562
sifa_guided_raw,SIFA,1,S0,0,8000,4,4,3515,0.0007058906252213131,39.69928876244665,-1262.5727601394562
sifa_guided_raw,SIFA,1,S0,0,8000,5,5,3515,0.001773131407967075,99.72091038406829,-1511.572760139456
sifa_guided_raw,SIFA,1,S0,0,8000,6,6,3515,0.0028636821668565323,161.05348506401137,-1097.572760139456
sifa_guided_raw,SIFA,1,S0,0,8000,7,7,3515,0.00038133158238720855,21.44608819345661,-1193.5727601394562
sifa_guided_raw,SIFA,1,S0,0,8000,8,8,3515,0.0010051971938997467,56.532290184921756,-1302.5727601394562
sifa_guided_raw,SIFA,1,S0,0,8000,9,9,3515,0.0013192343725023218,74.19374110953058,-1239.5727601394562
sifa_guided_raw,SIFA,1,S0,0,8000,10,a,3515,0.0006963400099957706,39.16216216216214,-1347.5727601394562
sifa_guided_raw,SIFA,1,S0,0,8000,11,b,3515,0.0011164052050852981,62.78662873399717,-1147.572760139456
sifa_guided_raw,SIFA,1,S0,0,8000,12,c,3515,0.002160983511024687,121.5337126600284,-1328.5727601394562
sifa_guided_raw,SIFA,1,S0,0,8000,13,d,3515,0.008128823028313931,457.1650071123755,-48.57276013945602
sifa_guided_raw,SIFA,1,S0,0,8000,14,e,3515,0.0033428316764769557,188.000853485064,-1201.572760139456
sifa_guided_raw,SIFA,1,S0,0,8000,15,f,3515,0.0023672120499626677,133.13200568990044,-1290.572760139456
sifa_guided_raw,SIFA,1,S5,5,250,0,0,92,0.01193289224952741,17.565217391304348,-24.266200265385482
sifa_guided_raw,SIFA,1,S5,5,250,1,1,92,0.003426275992438564,5.043478260869566,-37.26620026538548
sifa_guided_raw,SIFA,1,S5,5,250,2,2,92,0.009569943289224952,14.086956521739129,-19.266200265385486
sifa_guided_raw,SIFA,1,S5,5,250,3,3,92,0.010278827977315691,15.130434782608697,-24.266200265385486
sifa_guided_raw,SIFA,1,S5,5,250,4,4,92,0.006025519848771268,8.869565217391306,-28.26620026538549
sifa_guided_raw,SIFA,1,S5,5,250,5,5,92,0.014295841209829865,21.043478260869563,-47.266200265385486
sifa_guided_raw,SIFA,1,S5,5,250,6,6,92,0.019494328922495273,28.695652173913043,-1.2662002653854856
sifa_guided_raw,SIFA,1,S5,5,250,7,7,92,0.007679584120982987,11.304347826086957,-44.26620026538548
sifa_guided_raw,SIFA,1,S5,5,250,8,8,92,0.008861058601134217,13.043478260869566,-20.266200265385486
sifa_guided_raw,SIFA,1,S5,5,250,9,9,92,0.00815217391304348,12.000000000000002,-25.26620026538548
sifa_guided_raw,SIFA,1,S5,5,250,10,a,92,0.012169187145557654,17.913043478260867,-23.266200265385482
sifa_guided_raw,SIFA,1,S5,5,250,11,b,92,0.007443289224952741,10.956521739130435,-52.266200265385486
sifa_guided_raw,SIFA,1,S5,5,250,12,c,92,0.010278827977315691,15.130434782608697,-45.26620026538548
sifa_guided_raw,SIFA,1,S5,5,250,13,d,92,0.018785444234404536,27.652173913043477,-18.266200265385486
sifa_guided_raw,SIFA,1,S5,5,250,14,e,92,0.01760396975425331,25.91304347826087,-36.26620026538548
sifa_guided_raw,SIFA,1,S5,5,250,15,f,92,0.015004725897920604,22.08695652173913,-53.26620026538548
sifa_guided_raw,SIFA,1,S5,5,500,0,0,189,0.0065070266789843505,19.677248677248677,-57.23165054519408
sifa_guided_raw,SIFA,1,S5,5,500,1,1,189,0.0033156266621875087,10.026455026455027,-80.23165054519409
sifa_guided_raw,SIFA,1,S5,5,500,2,2,189,0.007850774054477757,23.740740740740737,-48.2316505451941
sifa_guided_raw,SIFA,1,S5,5,500,3,3,189,0.004155468771870887,12.566137566137563,-56.231650545194086
sifa_guided_raw,SIFA,1,S5,5,500,4,4,189,0.004099479297891995,12.396825396825394,-61.231650545194086
sifa_guided_raw,SIFA,1,S5,5,500,5,5,189,0.01333774250440917,40.33333333333333,-105.2316505451941
sifa_guided_raw,SIFA,1,S5,5,500,6,6,189,0.01960856359004507,59.2962962962963,7.768349454805907
sifa_guided_raw,SIFA,1,S5,5,500,7,7,189,0.00365156350606086,11.042328042328041,-59.23165054519409
sifa_guided_raw,SIFA,1,S5,5,500,8,8,189,0.0065070266789843505,19.677248677248677,-63.23165054519408
sifa_guided_raw,SIFA,1,S5,5,500,9,9,189,0.004771352985638699,14.428571428571425,-59.231650545194086
sifa_guided_raw,SIFA,1,S5,5,500,10,a,189,0.006283068783068783,19.0,-47.231650545194086
sifa_guided_raw,SIFA,1,S5,5,500,11,b,189,0.009866395117717868,29.835978835978835,-104.23165054519409
sifa_guided_raw,SIFA,1,S5,5,500,12,c,189,0.008690616164161138,26.280423280423282,-83.23165054519409
sifa_guided_raw,SIFA,1,S5,5,500,13,d,189,0.018544763584446122,56.079365079365076,-46.231650545194086
sifa_guided_raw,SIFA,1,S5,5,500,14,e,189,0.014849458301839254,44.904761904761905,-84.23165054519409
sifa_guided_raw,SIFA,1,S5,5,500,15,f,189,0.011154153019232383,33.73015873015873,-80.2316505451941
sifa_guided_raw,SIFA,1,S5,5,1000,0,0,384,0.004014756944444444,24.666666666666664,-101.50240110769593
sifa_guided_raw,SIFA,1,S5,5,1000,1,1,384,0.0015326605902777778,9.416666666666666,-151.50240110769593
sifa_guided_raw,SIFA,1,S5,5,1000,2,2,384,0.0029296875,18.0,-107.50240110769596
sifa_guided_raw,SIFA,1,S5,5,1000,3,3,384,0.0031331380208333326,19.249999999999996,-145.50240110769593
sifa_guided_raw,SIFA,1,S5,5,1000,4,4,384,0.0029432508680555555,18.083333333333332,-140.50240110769593
sifa_guided_raw,SIFA,1,S5,5,1000,5,5,384,0.007921006944444444,48.666666666666664,-184.5024011076959
sifa_guided_raw,SIFA,1,S5,5,1000,6,6,384,0.01384819878472222,85.08333333333331,11.497598892304055
sifa_guided_raw,SIFA,1,S5,5,1000,7,7,384,0.003974066840277778,24.416666666666668,-128.50240110769593
sifa_guided_raw,SIFA,1,S5,5,1000,8,8,384,0.0030788845486111114,18.916666666666668,-136.50240110769596
sifa_guided_raw,SIFA,1,S5,5,1000,9,9,384,0.0021837022569444445,13.416666666666668,-132.50240110769593
sifa_guided_raw,SIFA,1,S5,5,1000,10,a,384,0.0031195746527777775,19.166666666666664,-120.50240110769593
sifa_guided_raw,SIFA,1,S5,5,1000,11,b,384,0.004123263888888889,25.333333333333336,-192.5024011076959
sifa_guided_raw,SIFA,1,S5,5,1000,12,c,384,0.0035942925347222225,22.083333333333336,-161.50240110769593
sifa_guided_raw,SIFA,1,S5,5,1000,13,d,384,0.013441297743055556,82.58333333333334,-89.50240110769592
sifa_guided_raw,SIFA,1,S5,5,1000,14,e,384,0.008680555555555556,53.333333333333336,-143.50240110769593
sifa_guided_raw,SIFA,1,S5,5,1000,15,f,384,0.005574544270833335,34.25000000000001,-163.50240110769593
sifa_guided_raw,SIFA,1,S5,5,1500,0,0,564,0.0028450530657411596,25.673758865248224,-170.67540162692842
sifa_guided_raw,SIFA,1,S5,5,1500,1,1,564,0.0021157134952970173,19.092198581560286,-245.6754016269284
sifa_guided_raw,SIFA,1,S5,5,1500,2,2,564,0.0029582264473618034,26.695035460992916,-144.67540162692836
sifa_guided_raw,SIFA,1,S5,5,1500,3,3,564,0.00200882752376641,18.127659574468083,-209.6754016269284
sifa_guided_raw,SIFA,1,S5,5,1500,4,4,564,0.0028387656556511237,25.61702127659574,-197.67540162692836
sifa_guided_raw,SIFA,1,S5,5,1500,5,5,564,0.006516900558322017,58.80851063829788,-252.6754016269284
sifa_guided_raw,SIFA,1,S5,5,1500,6,6,564,0.011804612444042052,106.52482269503548,23.324598373071638
sifa_guided_raw,SIFA,1,S5,5,1500,7,7,564,0.003291459182133695,29.70212765957446,-195.6754016269284
sifa_guided_raw,SIFA,1,S5,5,1500,8,8,564,0.0018390674513354458,16.595744680851062,-196.6754016269284
sifa_guided_raw,SIFA,1,S5,5,1500,9,9,564,0.00236092248880841,21.30496453900709,-173.6754016269284
sifa_guided_raw,SIFA,1,S5,5,1500,10,a,564,0.002832478245561088,25.56028368794326,-172.6754016269284
sifa_guided_raw,SIFA,1,S5,5,1500,11,b,564,0.003763014938886374,33.95744680851064,-283.67540162692836
sifa_guided_raw,SIFA,1,S5,5,1500,12,c,564,0.0019396660127760173,17.50354609929078,-219.67540162692833
sifa_guided_raw,SIFA,1,S5,5,1500,13,d,564,0.009597731502439515,86.60992907801419,-152.67540162692836
sifa_guided_raw,SIFA,1,S5,5,1500,14,e,564,0.006372290126251194,57.50354609929077,-224.67540162692842
sifa_guided_raw,SIFA,1,S5,5,1500,15,f,564,0.0023923595392585885,21.588652482269502,-249.67540162692836
sifa_guided_raw,SIFA,1,S5,5,2000,0,0,749,0.0026068358166919485,31.24032042723631,-235.547652160584
sifa_guided_raw,SIFA,1,S5,5,2000,1,1,749,0.0014874082220887302,17.82510013351134,-312.547652160584
sifa_guided_raw,SIFA,1,S5,5,2000,2,2,749,0.0030275124286765973,36.28170894526034,-223.54765216058397
sifa_guided_raw,SIFA,1,S5,5,2000,3,3,749,0.001127337562678141,13.510013351134843,-281.547652160584
sifa_guided_raw,SIFA,1,S5,5,2000,4,4,749,0.002606835816691949,31.240320427236316,-244.547652160584
sifa_guided_raw,SIFA,1,S5,5,2000,5,5,749,0.005273497729950569,63.19759679572762,-310.547652160584
sifa_guided_raw,SIFA,1,S5,5,2000,6,6,749,0.011095234233094057,132.96528704939917,27.452347839416007
sifa_guided_raw,SIFA,1,S5,5,2000,7,7,749,0.0028171741226842724,33.76101468624832,-261.547652160584
sifa_guided_raw,SIFA,1,S5,5,2000,8,8,749,0.0012128989074885784,14.535380507343124,-253.54765216058394
sifa_guided_raw,SIFA,1,S5,5,2000,9,9,749,0.0014410624936497436,17.26969292389853,-265.547652160584
sifa_guided_raw,SIFA,1,S5,5,2000,10,a,749,0.0013982818212445252,16.75700934579439,-229.54765216058397
sifa_guided_raw,SIFA,1,S5,5,2000,11,b,749,0.003009687148507756,36.06809078771695,-352.547652160584
sifa_guided_raw,SIFA,1,S5,5,2000,12,c,749,0.0014802781100211942,17.73965287049399,-307.54765216058394
sifa_guided_raw,SIFA,1,S5,5,2000,13,d,749,0.006931248785652789,83.06408544726303,-202.54765216058402
sifa_guided_raw,SIFA,1,S5,5,2000,14,e,749,0.004831430781763312,57.89986648865153,-294.547652160584
sifa_guided_raw,SIFA,1,S5,5,2000,15,f,749,0.0021362484202345454,25.600801068090792,-324.54765216058394
sifa_guided_raw,SIFA,1,S5,5,3000,0,0,1151,0.0023920101962483426,44.051259774109475,-338.1673533202031
sifa_guided_raw,SIFA,1,S5,5,3000,1,1,1151,0.0013005255128883508,23.95047784535187,-476.1673533202031
sifa_guided_raw,SIFA,1,S5,5,3000,2,2,1151,0.002502215427071689,46.08079930495223,-367.1673533202032
sifa_guided_raw,SIFA,1,S5,5,3000,3,3,1151,0.0014031824402306464,25.841007819287583,-420.1673533202031
sifa_guided_raw,SIFA,1,S5,5,3000,4,4,1151,0.0027256452101108017,50.19548218940052,-399.1673533202031
sifa_guided_raw,SIFA,1,S5,5,3000,5,5,1151,0.005196959769806936,95.70721112076454,-436.1673533202031
sifa_guided_raw,SIFA,1,S5,5,3000,6,6,1151,0.011222015608381937,206.66463944396176,47.83264667979688
sifa_guided_raw,SIFA,1,S5,5,3000,7,7,1151,0.003358193041822885,61.84448305821025,-438.1673533202031
sifa_guided_raw,SIFA,1,S5,5,3000,8,8,1151,0.0007026998771891024,12.940920938314509,-399.1673533202031
sifa_guided_raw,SIFA,1,S5,5,3000,9,9,1151,0.0014756461536487367,27.175499565595135,-440.1673533202031
sifa_guided_raw,SIFA,1,S5,5,3000,10,a,1151,0.0008989557676964313,16.555169417897478,-415.1673533202032
sifa_guided_raw,SIFA,1,S5,5,3000,11,b,1151,0.002251611751500791,41.46568201563857,-487.1673533202032
sifa_guided_raw,SIFA,1,S5,5,3000,12,c,1151,0.000998593373646306,18.390095569070372,-445.1673533202031
sifa_guided_raw,SIFA,1,S5,5,3000,13,d,1151,0.006280896149685878,115.66898349261513,-311.1673533202032
sifa_guided_raw,SIFA,1,S5,5,3000,14,e,1151,0.0036812604308118745,67.79409209383148,-466.1673533202031
sifa_guided_raw,SIFA,1,S5,5,3000,15,f,1151,0.0016915276332067984,31.151172893136398,-467.1673533202031
sifa_guided_raw,SIFA,1,S5,5,4000,0,0,1523,0.002395502492100767,58.37360472751149,-461.59155439328356
sifa_guided_raw,SIFA,1,S5,5,4000,1,1,1523,0.0014461718305742244,35.2403151674327,-674.5915543932834
sifa_guided_raw,SIFA,1,S5,5,4000,2,2,1523,0.003235328163605628,78.83847669074194,-493.5915543932836
sifa_guided_raw,SIFA,1,S5,5,4000,3,3,1523,0.001808314317260099,44.06500328299409,-591.5915543932836
sifa_guided_raw,SIFA,1,S5,5,4000,4,4,1523,0.0033551800818183344,81.75902823374918,-497.59155439328356
sifa_guided_raw,SIFA,1,S5,5,4000,5,5,1523,0.0057496317140247,140.1070256073539,-571.5915543932836
sifa_guided_raw,SIFA,1,S5,5,4000,6,6,1523,0.013431363651844839,327.29546946815503,121.40844560671633
sifa_guided_raw,SIFA,1,S5,5,4000,7,7,1523,0.003460373851760422,84.32239001969796,-589.5915543932836
sifa_guided_raw,SIFA,1,S5,5,4000,8,8,1523,0.0006658409961677564,16.22521339461589,-517.5915543932836
sifa_guided_raw,SIFA,1,S5,5,4000,9,9,1523,0.0017522684562253806,42.69927774130007,-623.5915543932836
sifa_guided_raw,SIFA,1,S5,5,4000,10,a,1523,0.0007011930008204251,17.08667104399212,-550.5915543932837
sifa_guided_raw,SIFA,1,S5,5,4000,11,b,1523,0.001822110221514799,44.401181877872624,-625.5915543932836
sifa_guided_raw,SIFA,1,S5,5,4000,12,c,1523,0.0009745243538666688,23.747209455022986,-566.5915543932836
sifa_guided_raw,SIFA,1,S5,5,4000,13,d,1523,0.005766014350327156,140.50623768877213,-405.5915543932836
sifa_guided_raw,SIFA,1,S5,5,4000,14,e,1523,0.003504348296572278,85.39395929087327,-623.5915543932836
sifa_guided_raw,SIFA,1,S5,5,4000,15,f,1523,0.002054053861796943,50.053184504267904,-609.5915543932836
sifa_guided_raw,SIFA,1,S5,5,6000,0,0,2323,0.002041839461604361,75.89108910891088,-742.4715567009835
sifa_guided_raw,SIFA,1,S5,5,6000,1,1,2323,0.0015329750094925645,56.97761515281964,-968.4715567009835
sifa_guided_raw,SIFA,1,S5,5,6000,2,2,2323,0.0023805882665790023,88.48170469220835,-765.4715567009832
sifa_guided_raw,SIFA,1,S5,5,6000,3,3,2323,0.001470339836581498,54.64959104606112,-904.4715567009835
sifa_guided_raw,SIFA,1,S5,5,6000,4,4,2323,0.0038630775662492033,143.5828669823504,-814.4715567009835
sifa_guided_raw,SIFA,1,S5,5,6000,5,5,2323,0.00619355074533076,230.20189410245368,-837.4715567009835
sifa_guided_raw,SIFA,1,S5,5,6000,6,6,2323,0.01404147847545989,521.8936719758932,212.52844329901654
sifa_guided_raw,SIFA,1,S5,5,6000,7,7,2323,0.00363217985782557,135.00086095566078,-893.4715567009833
sifa_guided_raw,SIFA,1,S5,5,6000,8,8,2323,0.0003688502869265383,13.709427464485575,-829.4715567009835
sifa_guided_raw,SIFA,1,S5,5,6000,9,9,2323,0.0013880616804498023,51.591476538958254,-978.4715567009833
sifa_guided_raw,SIFA,1,S5,5,6000,10,a,2323,0.0002283844257827869,8.488592337494623,-775.4715567009835
sifa_guided_raw,SIFA,1,S5,5,6000,11,b,2323,0.0013628593623554086,50.65475678002583,-949.4715567009835
sifa_guided_raw,SIFA,1,S5,5,6000,12,c,2323,0.0006968510444785702,25.900559621179497,-824.4715567009835
sifa_guided_raw,SIFA,1,S5,5,6000,13,d,2323,0.005097620530549565,189.46835987946622,-642.4715567009833
sifa_guided_raw,SIFA,1,S5,5,6000,14,e,2323,0.00333271701929219,123.87042617305212,-1031.4715567009835
sifa_guided_raw,SIFA,1,S5,5,6000,15,f,2323,0.0016078407191259098,59.76022384847182,-886.4715567009835
sifa_guided_raw,SIFA,1,S5,5,8000,0,0,3068,0.0021289493769218867,104.50586701434158,-972.659808850029
sifa_guided_raw,SIFA,1,S5,5,8000,1,1,3068,0.001245880001155894,61.15775749674052,-1268.6598088500289
sifa_guided_raw,SIFA,1,S5,5,8000,2,2,3068,0.0024691308183562837,121.20469361147326,-1042.6598088500286
sifa_guided_raw,SIFA,1,S5,5,8000,3,3,3068,0.001242055350346513,60.97001303780963,-1234.659808850029
sifa_guided_raw,SIFA,1,S5,5,8000,4,4,3068,0.003666459002293091,179.97913950456325,-1056.6598088500289
sifa_guided_raw,SIFA,1,S5,5,8000,5,5,3068,0.005986959640584816,293.8878748370275,-1152.6598088500289
sifa_guided_raw,SIFA,1,S5,5,8000,6,6,3068,0.014046136337752362,689.4967405475879,285.34019114997113
sifa_guided_raw,SIFA,1,S5,5,8000,7,7,3068,0.0032901558587700944,161.5071707953064,-1202.6598088500289
sifa_guided_raw,SIFA,1,S5,5,8000,8,8,3068,0.0003672727180008465,18.028683181225553,-1062.6598088500289
sifa_guided_raw,SIFA,1,S5,5,8000,9,9,3068,0.0011878727972136145,58.31029986962191,-1272.659808850029
sifa_guided_raw,SIFA,1,S5,5,8000,10,a,3068,0.00017858994473804538,8.766623207301171,-1018.659808850029
sifa_guided_raw,SIFA,1,S5,5,8000,11,b,3068,0.0014509237806588256,71.22294654498043,-1232.6598088500286
sifa_guided_raw,SIFA,1,S5,5,8000,12,c,3068,0.0006494469554929636,31.880052151238598,-1060.6598088500289
sifa_guided_raw,SIFA,1,S5,5,8000,13,d,3068,0.005221604517507552,256.3181225554107,-876.6598088500289
sifa_guided_raw,SIFA,1,S5,5,8000,14,e,3068,0.0033103415158196054,162.4980443285528,-1336.659808850029
sifa_guided_raw,SIFA,1,S5,5,8000,15,f,3068,0.001409277582956676,69.17861799217731,-1176.6598088500289
sifa_guided_threshold,SIFA,0,S0,0,250,0,0,101,0.01406112145868052,22.72277227722772,-7.324850291347115
sifa_guided_threshold,SIFA,0,S0,0,250,1,1,101,0.015237476717968825,24.62376237623762,-44.324850291347104
sifa_guided_threshold,SIFA,0,S0,0,250,2,2,101,0.007787226742476228,12.584158415841584,-34.324850291347104
sifa_guided_threshold,SIFA,0,S0,0,250,3,3,101,0.009943878051171452,16.069306930693067,-20.32485029134711
sifa_guided_threshold,SIFA,0,S0,0,250,4,4,101,0.022099549063817274,35.71287128712871,-0.3248502913471043
sifa_guided_threshold,SIFA,0,S0,0,250,5,5,101,0.013276884619154983,21.455445544554454,-64.3248502913471
sifa_guided_threshold,SIFA,0,S0,0,250,6,6,101,0.01249264777962945,20.188118811881193,-44.32485029134711
sifa_guided_threshold,SIFA,0,S0,0,250,7,7,101,0.017590187236545436,28.425742574257423,-49.32485029134711
sifa_guided_threshold,SIFA,0,S0,0,250,8,8,101,0.008963582001764534,14.485148514851486,-26.324850291347104
sifa_guided_threshold,SIFA,0,S0,0,250,9,9,101,0.005826634643662386,9.415841584158416,-34.32485029134711
sifa_guided_threshold,SIFA,0,S0,0,250,10,a,101,0.006806930693069308,11.000000000000002,-39.324850291347104
sifa_guided_threshold,SIFA,0,S0,0,250,11,b,101,0.013865062248799138,22.40594059405941,-46.324850291347104
sifa_guided_threshold,SIFA,0,S0,0,250,12,c,101,0.010139937261052837,16.386138613861384,-31.324850291347104
sifa_guided_threshold,SIFA,0,S0,0,250,13,d,101,0.011316292520341144,18.28712871287129,-50.324850291347104
sifa_guided_threshold,SIFA,0,S0,0,250,14,e,101,0.006806930693069307,11.0,-32.324850291347104
sifa_guided_threshold,SIFA,0,S0,0,250,15,f,101,0.011512351730222529,18.603960396039607,-24.324850291347108
sifa_guided_threshold,SIFA,0,S0,0,500,0,0,198,0.006268493010917253,19.858585858585858,-45.2903005711557
sifa_guided_threshold,SIFA,0,S0,0,500,1,1,198,0.003105550454035303,9.838383838383841,-75.29030057115571
sifa_guided_threshold,SIFA,0,S0,0,500,2,2,198,0.0043299153147637985,13.717171717171714,-69.29030057115571
sifa_guided_threshold,SIFA,0,S0,0,500,3,3,198,0.005299204162840528,16.787878787878793,-57.29030057115571
sifa_guided_threshold,SIFA,0,S0,0,500,4,4,198,0.013512651770227526,42.8080808080808,-9.290300571155711
sifa_guided_threshold,SIFA,0,S0,0,500,5,5,198,0.007339812264054687,23.25252525252525,-105.29030057115571
sifa_guided_threshold,SIFA,0,S0,0,500,6,6,198,0.006268493010917253,19.858585858585858,-68.29030057115573
sifa_guided_threshold,SIFA,0,S0,0,500,7,7,198,0.008156055504540353,25.838383838383837,-76.29030057115571
sifa_guided_threshold,SIFA,0,S0,0,500,8,8,198,0.004074839302112029,12.909090909090908,-66.29030057115571
sifa_guided_threshold,SIFA,0,S0,0,500,9,9,198,0.006064432200795836,19.21212121212121,-66.29030057115571
sifa_guided_threshold,SIFA,0,S0,0,500,10,a,198,0.003105550454035303,9.838383838383841,-87.29030057115573
sifa_guided_threshold,SIFA,0,S0,0,500,11,b,198,0.005656310580553005,17.91919191919192,-87.2903005711557
sifa_guided_threshold,SIFA,0,S0,0,500,12,c,198,0.005911386593204775,18.727272727272727,-78.29030057115571
sifa_guided_threshold,SIFA,0,S0,0,500,13,d,198,0.006931690643811855,21.95959595959596,-76.2903005711557
sifa_guided_threshold,SIFA,0,S0,0,500,14,e,198,0.006064432200795838,19.212121212121215,-56.290300571155704
sifa_guided_threshold,SIFA,0,S0,0,500,15,f,198,0.005452249770431588,17.27272727272727,-52.29030057115571
sifa_guided_threshold,SIFA,0,S0,0,1000,0,0,421,0.0025470263652315204,17.15676959619952,-121.07685121442705
sifa_guided_threshold,SIFA,0,S0,0,1000,1,1,421,0.0010800971558499444,7.275534441805226,-142.07685121442705
sifa_guided_threshold,SIFA,0,S0,0,1000,2,2,421,0.0010462449433257543,7.047505938242281,-147.07685121442702
sifa_guided_threshold,SIFA,0,S0,0,1000,3,3,421,0.0024116175151347595,16.24465558194774,-111.07685121442705
sifa_guided_threshold,SIFA,0,S0,0,1000,4,4,421,0.011641987463397296,78.42042755344418,2.9231487855729625
sifa_guided_threshold,SIFA,0,S0,0,1000,5,5,421,0.004950533454449027,33.34679334916865,-193.07685121442702
sifa_guided_threshold,SIFA,0,S0,0,1000,6,6,421,0.0039913874329303035,26.885985748218523,-175.07685121442705
sifa_guided_threshold,SIFA,0,S0,0,1000,7,7,421,0.009204628161655598,62.002375296912106,-140.07685121442705
sifa_guided_threshold,SIFA,0,S0,0,1000,8,8,421,0.0020053909648444774,13.5083135391924,-144.07685121442705
sifa_guided_threshold,SIFA,0,S0,0,1000,9,9,421,0.002987105128045994,20.121140142517813,-150.07685121442705
sifa_guided_threshold,SIFA,0,S0,0,1000,10,a,421,0.0020956635315756513,14.116389548693588,-185.07685121442705
sifa_guided_threshold,SIFA,0,S0,0,1000,11,b,421,0.0022762086650379995,15.332541567695966,-190.07685121442705
sifa_guided_threshold,SIFA,0,S0,0,1000,12,c,421,0.00528905557969093,35.627078384798104,-188.07685121442705
sifa_guided_threshold,SIFA,0,S0,0,1000,13,d,421,0.0039913874329303035,26.885985748218523,-133.07685121442705
sifa_guided_threshold,SIFA,0,S0,0,1000,14,e,421,0.0029419688446804073,19.817102137767225,-160.07685121442705
sifa_guided_threshold,SIFA,0,S0,0,1000,15,f,421,0.004927965312766233,33.194774346793345,-112.07685121442705
sifa_guided_threshold,SIFA,0,S0,0,1500,0,0,617,0.0019541870135464908,19.291734197730957,-189.68745177981347
sifa_guided_threshold,SIFA,0,S0,0,1500,1,1,617,0.0012239321335788531,12.082658022690438,-212.6874517798135
sifa_guided_threshold,SIFA,0,S0,0,1500,2,2,617,0.0013447656748684625,13.275526742301462,-184.6874517798135
sifa_guided_threshold,SIFA,0,S0,0,1500,3,3,617,0.0015233891706878844,15.038897893030795,-194.6874517798135
sifa_guided_threshold,SIFA,0,S0,0,1500,4,4,617,0.010275940465839569,101.44408427876823,-2.687451779813472
sifa_guided_threshold,SIFA,0,S0,0,1500,5,5,617,0.004113429860069506,40.60777957860616,-286.6874517798135
sifa_guided_threshold,SIFA,0,S0,0,1500,6,6,617,0.0034829939924715453,34.3841166936791,-232.6874517798135
sifa_guided_threshold,SIFA,0,S0,0,1500,7,7,617,0.007586080764088271,74.88978930307941,-231.6874517798135
sifa_guided_threshold,SIFA,0,S0,0,1500,8,8,617,0.00111360585674921,10.9935170178282,-215.68745177981344
sifa_guided_threshold,SIFA,0,S0,0,1500,9,9,617,0.002111795980445981,20.847649918962723,-203.6874517798135
sifa_guided_threshold,SIFA,0,S0,0,1500,10,a,617,0.0013815411004783435,13.638573743922208,-249.6874517798135
sifa_guided_threshold,SIFA,0,S0,0,1500,11,b,617,0.0019541870135464908,19.291734197730957,-268.6874517798135
sifa_guided_threshold,SIFA,0,S0,0,1500,12,c,617,0.004118683492299489,40.659643435980556,-285.68745177981344
sifa_guided_threshold,SIFA,0,S0,0,1500,13,d,617,0.0030259279884630244,29.871961102106976,-204.6874517798135
sifa_guided_threshold,SIFA,0,S0,0,1500,14,e,617,0.002731724583583975,26.967585089141,-223.68745177981353
sifa_guided_threshold,SIFA,0,S0,0,1500,15,f,617,0.004339336045958774,42.83792544570502,-167.6874517798135
sifa_guided_threshold,SIFA,0,S0,0,2000,0,0,850,0.0013006920415224912,17.68941176470588,-253.87250245193107
sifa_guided_threshold,SIFA,0,S0,0,2000,1,1,850,0.0011567474048442905,15.731764705882352,-321.87250245193115
sifa_guided_threshold,SIFA,0,S0,0,2000,2,2,850,0.001286851211072664,17.50117647058823,-260.87250245193104
sifa_guided_threshold,SIFA,0,S0,0,2000,3,3,850,0.0009823529411764704,13.359999999999998,-286.87250245193104
sifa_guided_threshold,SIFA,0,S0,0,2000,4,4,850,0.009372664359861591,127.46823529411765,-0.8725024519310693
sifa_guided_threshold,SIFA,0,S0,0,2000,5,5,850,0.0032384083044982703,44.042352941176475,-360.87250245193104
sifa_guided_threshold,SIFA,0,S0,0,2000,6,6,850,0.002621107266435986,35.647058823529406,-330.87250245193104
sifa_guided_threshold,SIFA,0,S0,0,2000,7,7,850,0.006266782006920414,85.22823529411764,-314.8725024519311
sifa_guided_threshold,SIFA,0,S0,0,2000,8,8,850,0.0006003460207612455,8.164705882352939,-310.8725024519311
sifa_guided_threshold,SIFA,0,S0,0,2000,9,9,850,0.0014280276816608997,19.421176470588236,-266.8725024519311
sifa_guided_threshold,SIFA,0,S0,0,2000,10,a,850,0.0009768166089965395,13.284705882352938,-342.87250245193104
sifa_guided_threshold,SIFA,0,S0,0,2000,11,b,850,0.001134602076124567,15.43058823529411,-350.8725024519311
sifa_guided_threshold,SIFA,0,S0,0,2000,12,c,850,0.0036868512110726642,50.141176470588235,-379.8725024519311
sifa_guided_threshold,SIFA,0,S0,0,2000,13,d,850,0.0018294117647058824,24.88,-291.8725024519311
sifa_guided_threshold,SIFA,0,S0,0,2000,14,e,850,0.001541522491349481,20.96470588235294,-312.8725024519311
sifa_guided_threshold,SIFA,0,S0,0,2000,15,f,850,0.004005190311418685,54.47058823529411,-234.8725024519311
sifa_guided_threshold,SIFA,0,S0,0,3000,0,0,1283,0.0009273116459681101,19.035853468433363,-413.02755370097356
sifa_guided_threshold,SIFA,0,S0,0,3000,1,1,1283,0.000794876522472357,16.317225253312543,-464.02755370097356
sifa_guided_threshold,SIFA,0,S0,0,3000,2,2,1283,0.001475277156945949,30.28448947778644,-408.0275537009736
sifa_guided_threshold,SIFA,0,S0,0,3000,3,3,1283,0.0007863715145414371,16.142634450506623,-454.0275537009737
sifa_guided_threshold,SIFA,0,S0,0,3000,4,4,1283,0.008869774052314303,182.078721745908,6.9724462990263305
sifa_guided_threshold,SIFA,0,S0,0,3000,5,5,1283,0.0026842032842695628,55.101325019485586,-523.0275537009735
sifa_guided_threshold,SIFA,0,S0,0,3000,6,6,1283,0.0024655030803316224,50.61184723304754,-475.0275537009736
sifa_guided_threshold,SIFA,0,S0,0,3000,7,7,1283,0.005176170608029093,106.25643024162122,-488.02755370097356
sifa_guided_threshold,SIFA,0,S0,0,3000,8,8,1283,0.0005494462936086689,11.279033515198757,-462.02755370097367
sifa_guided_threshold,SIFA,0,S0,0,3000,9,9,1283,0.0012419969394121457,25.49571317225253,-436.02755370097356
sifa_guided_threshold,SIFA,0,S0,0,3000,10,a,1283,0.0007426314737538492,15.244738893219017,-485.0275537009736
sifa_guided_threshold,SIFA,0,S0,0,3000,11,b,1283,0.0010864767943896108,22.30319563522993,-512.0275537009736
sifa_guided_threshold,SIFA,0,S0,0,3000,12,c,1283,0.0032151587793855622,66.00077942322682,-552.0275537009736
sifa_guided_threshold,SIFA,0,S0,0,3000,13,d,1283,0.000932171650500064,19.13561964146531,-471.0275537009736
sifa_guided_threshold,SIFA,0,S0,0,3000,14,e,1283,0.0010597467694638618,21.754481683554157,-465.0275537009736
sifa_guided_threshold,SIFA,0,S0,0,3000,15,f,1283,0.0038080793322839766,78.17225253312547,-375.0275537009736
sifa_guided_threshold,SIFA,0,S0,0,4000,0,0,1711,0.0006295215303323185,17.23378141437755,-544.4833549355928
sifa_guided_threshold,SIFA,0,S0,0,4000,1,1,1711,0.000596729280507296,16.336060783167735,-634.483354935593
sifa_guided_threshold,SIFA,0,S0,0,4000,2,2,1711,0.0013386539327984322,36.64699006428988,-509.48335493559296
sifa_guided_threshold,SIFA,0,S0,0,4000,3,3,1711,0.0007511261234334442,20.56282875511397,-628.4833549355931
sifa_guided_threshold,SIFA,0,S0,0,4000,4,4,1711,0.008122550615349982,222.3629456458211,-5.483354935593013
sifa_guided_threshold,SIFA,0,S0,0,4000,5,5,1711,0.0025157590671424732,68.87142022209235,-728.483354935593
sifa_guided_threshold,SIFA,0,S0,0,4000,6,6,1711,0.0028887709089021056,79.08299240210404,-637.4833549355931
sifa_guided_threshold,SIFA,0,S0,0,4000,7,7,1711,0.005211555271507873,142.67153711279954,-621.4833549355928
sifa_guided_threshold,SIFA,0,S0,0,4000,8,8,1711,0.0005229467184009954,14.31618936294565,-604.4833549355931
sifa_guided_threshold,SIFA,0,S0,0,4000,9,9,1711,0.0009827213878226661,26.90298071303331,-583.4833549355931
sifa_guided_threshold,SIFA,0,S0,0,4000,10,a,1711,0.0007866510607438856,21.535359438924612,-655.483354935593
sifa_guided_threshold,SIFA,0,S0,0,4000,11,b,1711,0.0007811856857730484,21.385739333722974,-677.483354935593
sifa_guided_threshold,SIFA,0,S0,0,4000,12,c,1711,0.0031155839701918443,85.29222676797193,-722.4833549355931
sifa_guided_threshold,SIFA,0,S0,0,4000,13,d,1711,0.0008781960915054065,24.04149620105201,-614.4833549355931
sifa_guided_threshold,SIFA,0,S0,0,4000,14,e,1711,0.0008638494822069593,23.64874342489772,-631.483354935593
sifa_guided_threshold,SIFA,0,S0,0,4000,15,f,1711,0.003677834420316711,100.68439509059029,-504.48335493559307
sifa_guided_threshold,SIFA,0,S0,0,6000,0,0,2586,0.000919004946020843,38.0247486465584,-833.8521074596398
sifa_guided_threshold,SIFA,0,S0,0,6000,1,1,2586,0.0005610180704118614,23.212683681361177,-944.8521074596399
sifa_guided_threshold,SIFA,0,S0,0,6000,2,2,2586,0.0011959438322480076,49.483372003093564,-852.8521074596398
sifa_guided_threshold,SIFA,0,S0,0,6000,3,3,2586,0.0007954890064832412,32.91415313225059,-979.8521074596397
sifa_guided_threshold,SIFA,0,S0,0,6000,4,4,2586,0.009434427092398896,390.3588553750967,63.14789254036043
sifa_guided_threshold,SIFA,0,S0,0,6000,5,5,2586,0.0029996354335828173,124.11291569992265,-1059.8521074596397
sifa_guided_threshold,SIFA,0,S0,0,6000,6,6,2586,0.0031165718315469882,128.95127610208817,-967.8521074596398
sifa_guided_threshold,SIFA,0,S0,0,6000,7,7,2586,0.005580012010654072,230.87857695282287,-910.8521074596397
sifa_guided_threshold,SIFA,0,S0,0,6000,8,8,2586,0.0002688266105371958,11.122969837587013,-938.8521074596397
sifa_guided_threshold,SIFA,0,S0,0,6000,9,9,2586,0.00046292308695342684,19.153905645784988,-921.8521074596398
sifa_guided_threshold,SIFA,0,S0,0,6000,10,a,2586,0.0005598217901257828,23.163186388244387,-930.8521074596397
sifa_guided_threshold,SIFA,0,S0,0,6000,11,b,2586,0.0009345565897398626,38.668213457076554,-1019.8521074596397
sifa_guided_threshold,SIFA,0,S0,0,6000,12,c,2586,0.0030717113208190445,127.09512761020878,-1159.85210745964
sifa_guided_threshold,SIFA,0,S0,0,6000,13,d,2586,0.000868761174005547,35.94586233565351,-908.8521074596396
sifa_guided_threshold,SIFA,0,S0,0,6000,14,e,2586,0.0006363837284348046,26.331013147718473,-933.8521074596396
sifa_guided_threshold,SIFA,0,S0,0,6000,15,f,2586,0.003556802976823864,147.1662799690642,-760.8521074596397
sifa_guided_threshold,SIFA,0,S0,0,8000,0,0,3489,0.0009873341027333913,55.11693895098884,-1113.736660064456
sifa_guided_threshold,SIFA,0,S0,0,8000,1,1,3489,0.0006092880782175745,34.01289767841788,-1338.736660064456
sifa_guided_threshold,SIFA,0,S0,0,8000,2,2,3489,0.0011562308055592316,64.54542848953854,-1219.736660064456
sifa_guided_threshold,SIFA,0,S0,0,8000,3,3,3489,0.0008931922635123727,49.8615649183147,-1377.736660064456
sifa_guided_threshold,SIFA,0,S0,0,8000,4,4,3489,0.009235670745407033,515.5720836916022,79.26333993554408
sifa_guided_threshold,SIFA,0,S0,0,8000,5,5,3489,0.002894815347682817,161.60017196904556,-1368.736660064456
sifa_guided_threshold,SIFA,0,S0,0,8000,6,6,3489,0.0028571914712751155,159.49985669246206,-1310.7366600644557
sifa_guided_threshold,SIFA,0,S0,0,8000,7,7,3489,0.005182478470393911,289.3066781312697,-1273.736660064456
sifa_guided_threshold,SIFA,0,S0,0,8000,8,8,3489,0.000272644747390583,15.220120378331906,-1203.736660064456
sifa_guided_threshold,SIFA,0,S0,0,8000,9,9,3489,0.00042281166021433577,23.60303811980508,-1273.736660064456
sifa_guided_threshold,SIFA,0,S0,0,8000,10,a,3489,0.0005319044721563189,29.693035253654344,-1211.736660064456
sifa_guided_threshold,SIFA,0,S0,0,8000,11,b,3489,0.0007394108298110236,41.27687016337058,-1356.7366600644557
sifa_guided_threshold,SIFA,0,S0,0,8000,12,c,3489,0.002997172007080189,167.31413012324447,-1501.736660064456
sifa_guided_threshold,SIFA,0,S0,0,8000,13,d,3489,0.000781635005517484,43.633992548008024,-1274.736660064456
sifa_guided_threshold,SIFA,0,S0,0,8000,14,e,3489,0.00039488127161473204,22.0438521066208,-1202.736660064456
sifa_guided_threshold,SIFA,0,S0,0,8000,15,f,3489,0.0035071480436282523,195.78303238750357,-1022.7366600644559
sifa_guided_threshold,SIFA,0,S5,5,250,0,0,91,0.022634645574206014,32.956043956043956,-26.926350262500858
sifa_guided_threshold,SIFA,0,S5,5,250,1,1,91,0.011283359497645213,16.42857142857143,-31.926350262500858
sifa_guided_threshold,SIFA,0,S5,5,250,2,2,91,0.010317292597512379,15.021978021978024,-36.92635026250086
sifa_guided_threshold,SIFA,0,S5,5,250,3,3,91,0.015872177273276174,23.10989010989011,-34.92635026250086
sifa_guided_threshold,SIFA,0,S5,5,250,4,4,91,0.023842229199372057,34.714285714285715,-42.92635026250086
sifa_guided_threshold,SIFA,0,S5,5,250,5,5,91,0.006936058447047458,10.098901098901099,-42.92635026250086
sifa_guided_threshold,SIFA,0,S5,5,250,6,6,91,0.0165967274483758,24.164835164835164,-38.92635026250086
sifa_guided_threshold,SIFA,0,S5,5,250,7,7,91,0.010800326047578796,15.725274725274726,-29.926350262500854
sifa_guided_threshold,SIFA,0,S5,5,250,8,8,91,0.01804582779857505,26.274725274725274,-37.92635026250086
sifa_guided_threshold,SIFA,0,S5,5,250,9,9,91,0.015630660548242963,22.758241758241752,-29.92635026250086
sifa_guided_threshold,SIFA,0,S5,5,250,10,a,91,0.013698526747977297,19.945054945054945,-35.926350262500854
sifa_guided_threshold,SIFA,0,S5,5,250,11,b,91,0.02263464557420601,32.95604395604395,5.073649737499139
sifa_guided_threshold,SIFA,0,S5,5,250,12,c,91,0.007902125347180294,11.505494505494509,-32.926350262500854
sifa_guided_threshold,SIFA,0,S5,5,250,13,d,91,0.016838244173409008,24.516483516483515,-17.926350262500854
sifa_guided_threshold,SIFA,0,S5,5,250,14,e,91,0.01466459364811013,21.35164835164835,-49.926350262500854
sifa_guided_threshold,SIFA,0,S5,5,250,15,f,91,0.011766392947711628,17.13186813186813,-9.926350262500861
sifa_guided_threshold,SIFA,0,S5,5,500,0,0,206,0.009090159298708642,29.961165048543684,-61.009100594232706
sifa_guided_threshold,SIFA,0,S5,5,500,1,1,206,0.005743943821283816,18.932038834951456,-69.00910059423272
sifa_guided_threshold,SIFA,0,S5,5,500,2,2,206,0.00484847770760675,15.980582524271847,-90.0091005942327
sifa_guided_threshold,SIFA,0,S5,5,500,3,3,206,0.005508294844000377,18.155339805825243,-58.00910059423272
sifa_guided_threshold,SIFA,0,S5,5,500,4,4,206,0.008665991139598454,28.563106796116504,-89.0091005942327
sifa_guided_threshold,SIFA,0,S5,5,500,5,5,206,0.0018793005938354229,6.194174757281554,-79.00910059423272
sifa_guided_threshold,SIFA,0,S5,5,500,6,6,206,0.0050841266848901875,16.75728155339806,-101.00910059423269
sifa_guided_threshold,SIFA,0,S5,5,500,7,7,206,0.004377179753039872,14.427184466019417,-69.00910059423269
sifa_guided_threshold,SIFA,0,S5,5,500,8,8,206,0.007534876048637951,24.834951456310684,-85.0091005942327
sifa_guided_threshold,SIFA,0,S5,5,500,9,9,206,0.006403760957677444,21.106796116504857,-73.0091005942327
sifa_guided_threshold,SIFA,0,S5,5,500,10,a,206,0.0037173626166462446,12.252427184466022,-85.00910059423272
sifa_guided_threshold,SIFA,0,S5,5,500,11,b,206,0.008430342162315016,27.786407766990294,-15.00910059423272
sifa_guided_threshold,SIFA,0,S5,5,500,12,c,206,0.0036231030257328684,11.941747572815535,-69.0091005942327
sifa_guided_threshold,SIFA,0,S5,5,500,13,d,206,0.005225516071260251,17.223300970873787,-39.00910059423271
sifa_guided_threshold,SIFA,0,S5,5,500,14,e,206,0.005366905457630314,17.689320388349515,-88.0091005942327
sifa_guided_threshold,SIFA,0,S5,5,500,15,f,206,0.0031989348666226795,10.543689320388351,-50.009100594232706
sifa_guided_threshold,SIFA,0,S5,5,1000,0,0,403,0.00662794241698428,42.73697270471464,-123.95955116250377
sifa_guided_threshold,SIFA,0,S5,5,1000,1,1,403,0.001689792437611216,10.895781637717121,-121.95955116250379
sifa_guided_threshold,SIFA,0,S5,5,1000,2,2,403,0.0033645764705157962,21.694789081885855,-148.95955116250383
sifa_guided_threshold,SIFA,0,S5,5,1000,3,3,403,0.0049531583840797,31.93796526054591,-135.95955116250377
sifa_guided_threshold,SIFA,0,S5,5,1000,4,4,403,0.006098415112462979,39.32258064516129,-191.95955116250377
sifa_guided_threshold,SIFA,0,S5,5,1000,5,5,403,0.0015297027874071017,9.863523573200991,-144.9595511625038
sifa_guided_threshold,SIFA,0,S5,5,1000,6,6,403,0.0038079016556964206,24.553349875930518,-209.9595511625038
sifa_guided_threshold,SIFA,0,S5,5,1000,7,7,403,0.0028104199890400163,18.121588089330025,-123.9595511625038
sifa_guided_threshold,SIFA,0,S5,5,1000,8,8,403,0.00611072970094022,39.40198511166253,-155.95955116250377
sifa_guided_threshold,SIFA,0,S5,5,1000,9,9,403,0.0034754077668109526,22.409429280397024,-128.95955116250377
sifa_guided_threshold,SIFA,0,S5,5,1000,10,a,403,0.0020469155034511625,13.198511166253097,-169.95955116250377
sifa_guided_threshold,SIFA,0,S5,5,1000,11,b,403,0.009891308363452766,63.77915632754343,4.040448837496214
sifa_guided_threshold,SIFA,0,S5,5,1000,12,c,403,0.0013449839602485084,8.672456575682382,-151.95955116250383
sifa_guided_threshold,SIFA,0,S5,5,1000,13,d,403,0.003906418363514338,25.18858560794045,-101.95955116250379
sifa_guided_threshold,SIFA,0,S5,5,1000,14,e,403,0.0036724411824467854,23.679900744416873,-167.9595511625038
sifa_guided_threshold,SIFA,0,S5,5,1000,15,f,403,0.002083859268882882,13.436724565756824,-116.9595511625038
sifa_guided_threshold,SIFA,0,S5,5,1500,0,0,587,0.006696590523233374,62.894378194207846,-174.49195169327476
sifa_guided_threshold,SIFA,0,S5,5,1500,1,1,587,0.0014552600495111284,13.667802385008518,-204.49195169327476
sifa_guided_threshold,SIFA,0,S5,5,1500,2,2,587,0.002389760831647653,22.444633730834756,-222.49195169327476
sifa_guided_threshold,SIFA,0,S5,5,1500,3,3,587,0.004798567195539936,45.06814310051108,-217.49195169327479
sifa_guided_threshold,SIFA,0,S5,5,1500,4,4,587,0.004845002017012558,45.50425894378195,-260.49195169327476
sifa_guided_threshold,SIFA,0,S5,5,1500,5,5,587,0.0011998685314117059,11.26916524701874,-227.49195169327476
sifa_guided_threshold,SIFA,0,S5,5,1500,6,6,587,0.0025000435326451307,23.480408858603067,-266.49195169327476
sifa_guided_threshold,SIFA,0,S5,5,1500,7,7,587,0.002198217193073085,20.645655877342413,-184.49195169327476
sifa_guided_threshold,SIFA,0,S5,5,1500,8,8,587,0.005791111504517237,54.39011925042589,-224.49195169327476
sifa_guided_threshold,SIFA,0,S5,5,1500,9,9,587,0.002749630698060476,25.824531516183992,-189.49195169327476
sifa_guided_threshold,SIFA,0,S5,5,1500,10,a,587,0.002563891412169986,24.080068143100508,-226.49195169327476
sifa_guided_threshold,SIFA,0,S5,5,1500,11,b,587,0.010388158830306846,97.56558773424189,13.508048306725243
sifa_guided_threshold,SIFA,0,S5,5,1500,12,c,587,0.0018325429739761846,17.211243611584326,-228.49195169327473
sifa_guided_threshold,SIFA,0,S5,5,1500,13,d,587,0.003765392417774089,35.36456558773424,-166.49195169327476
sifa_guided_threshold,SIFA,0,S5,5,1500,14,e,587,0.0028483046936897977,26.75127768313458,-241.49195169327479
sifa_guided_threshold,SIFA,0,S5,5,1500,15,f,587,0.0024478043584884304,22.98977853492334,-170.49195169327476
sifa_guided_threshold,SIFA,0,S5,5,2000,0,0,789,0.004917805985661526,62.08238276299111,-224.14165227596902
sifa_guided_threshold,SIFA,0,S5,5,2000,1,1,789,0.0014351925477212816,18.11787072243346,-272.14165227596897
sifa_guided_threshold,SIFA,0,S5,5,2000,2,2,789,0.0016536590733485295,20.875792141951838,-307.1416522759689
sifa_guided_threshold,SIFA,0,S5,5,2000,3,3,789,0.0038286861005492182,48.33333333333333,-288.14165227596897
sifa_guided_threshold,SIFA,0,S5,5,2000,4,4,789,0.002896990623609485,36.57160963244614,-322.14165227596897
sifa_guided_threshold,SIFA,0,S5,5,2000,5,5,789,0.0010239614406582266,12.926489226869453,-305.14165227596897
sifa_guided_threshold,SIFA,0,S5,5,2000,6,6,789,0.001994209833885122,25.174904942965778,-365.14165227596897
sifa_guided_threshold,SIFA,0,S5,5,2000,7,7,789,0.0013998523744580501,17.671736375158424,-259.141652275969
sifa_guided_threshold,SIFA,0,S5,5,2000,8,8,789,0.004898529527517948,61.83903675538658,-284.14165227596897
sifa_guided_threshold,SIFA,0,S5,5,2000,9,9,789,0.002810246561963371,35.476552598225595,-263.14165227596897
sifa_guided_threshold,SIFA,0,S5,5,2000,10,a,789,0.0028809269084898335,36.36882129277566,-295.14165227596897
sifa_guided_threshold,SIFA,0,S5,5,2000,11,b,789,0.010948124641578356,138.20912547528516,22.858347724031006
sifa_guided_threshold,SIFA,0,S5,5,2000,12,c,789,0.001737190391970713,21.93029150823828,-304.141652275969
sifa_guided_threshold,SIFA,0,S5,5,2000,13,d,789,0.0029098415957052046,36.7338403041825,-254.14165227596894
sifa_guided_threshold,SIFA,0,S5,5,2000,14,e,789,0.002463270315378919,31.096324461343475,-340.14165227596897
sifa_guided_threshold,SIFA,0,S5,5,2000,15,f,789,0.0021966126443927194,27.73003802281369,-229.14165227596897
sifa_guided_threshold,SIFA,0,S5,5,3000,0,0,1179,0.005180737474650028,97.72943172179812,-333.6831534009726
sifa_guided_threshold,SIFA,0,S5,5,3000,1,1,1179,0.001103159906794116,20.810008481764203,-409.68315340097274
sifa_guided_threshold,SIFA,0,S5,5,3000,2,2,1179,0.0015491899159808956,29.223918575063614,-463.68315340097257
sifa_guided_threshold,SIFA,0,S5,5,3000,3,3,1179,0.0037807787683960398,71.32061068702289,-470.6831534009726
sifa_guided_threshold,SIFA,0,S5,5,3000,4,4,1179,0.002313196157523411,43.63613231552163,-486.6831534009727
sifa_guided_threshold,SIFA,0,S5,5,3000,5,5,1179,0.0011405688753065558,21.515691263782866,-439.6831534009726
sifa_guided_threshold,SIFA,0,S5,5,3000,6,6,1179,0.0014830048178435026,27.975402883799834,-513.6831534009726
sifa_guided_threshold,SIFA,0,S5,5,3000,7,7,1179,0.0010412912281004658,19.642917726887188,-409.68315340097257
sifa_guided_threshold,SIFA,0,S5,5,3000,8,8,1179,0.004878588113588016,92.02968617472433,-452.6831534009726
sifa_guided_threshold,SIFA,0,S5,5,3000,9,9,1179,0.002467148451016913,46.540288379983046,-381.68315340097257
sifa_guided_threshold,SIFA,0,S5,5,3000,10,a,1179,0.002357799158442089,44.47752332485157,-423.6831534009727
sifa_guided_threshold,SIFA,0,S5,5,3000,11,b,1179,0.011964710033732819,225.70229007633588,52.31684659902737
sifa_guided_threshold,SIFA,0,S5,5,3000,12,c,1179,0.0014326465909998342,27.025445292620873,-437.6831534009726
sifa_guided_threshold,SIFA,0,S5,5,3000,13,d,1179,0.0023923305139920328,45.12892281594571,-385.6831534009726
sifa_guided_threshold,SIFA,0,S5,5,3000,14,e,1179,0.0020283124742363715,38.26208651399491,-498.68315340097257
sifa_guided_threshold,SIFA,0,S5,5,3000,15,f,1179,0.0024613932250919213,46.43172179813401,-355.6831534009726
sifa_guided_threshold,SIFA,0,S5,5,4000,0,0,1555,0.004511300544866161,112.24115755627008,-436.4667544855916
sifa_guided_threshold,SIFA,0,S5,5,4000,1,1,1555,0.0010944624228450906,27.230225080385853,-481.46675448559154
sifa_guided_threshold,SIFA,0,S5,5,4000,2,2,1555,0.001656904912066666,41.22379421221865,-603.4667544855917
sifa_guided_threshold,SIFA,0,S5,5,4000,3,3,1555,0.0034840158807291077,86.6823151125402,-615.4667544855914
sifa_guided_threshold,SIFA,0,S5,5,4000,4,4,1555,0.0013765107887635571,34.2475884244373,-609.4667544855915
sifa_guided_threshold,SIFA,0,S5,5,4000,5,5,1555,0.0009116686138480787,22.6823151125402,-573.4667544855915
sifa_guided_threshold,SIFA,0,S5,5,4000,6,6,1555,0.0015121586832228787,37.622508038585224,-686.4667544855917
sifa_guided_threshold,SIFA,0,S5,5,4000,7,7,1555,0.0007164679852358844,17.825723472668805,-531.4667544855915
sifa_guided_threshold,SIFA,0,S5,5,4000,8,8,1555,0.005029078483473083,125.12347266881031,-606.4667544855915
sifa_guided_threshold,SIFA,0,S5,5,4000,9,9,1555,0.002885180053969666,71.78327974276529,-518.4667544855915
sifa_guided_threshold,SIFA,0,S5,5,4000,10,a,1555,0.0022375440700571746,55.6700964630225,-591.4667544855915
sifa_guided_threshold,SIFA,0,S5,5,4000,11,b,1555,0.01141445497875332,283.99163987138263,63.53324551440846
sifa_guided_threshold,SIFA,0,S5,5,4000,12,c,1555,0.001311995326764612,32.64244372990355,-608.4667544855915
sifa_guided_threshold,SIFA,0,S5,5,4000,13,d,1555,0.0019248922157545933,47.89131832797428,-539.4667544855915
sifa_guided_threshold,SIFA,0,S5,5,4000,14,e,1555,0.0013425988151487271,33.40385852090033,-652.4667544855915
sifa_guided_threshold,SIFA,0,S5,5,4000,15,f,1555,0.002531999255590823,62.99614147909967,-464.46675448559165
sifa_guided_threshold,SIFA,0,S5,5,6000,0,0,2319,0.004743040365683786,175.98576972833118,-705.1121566894449
sifa_guided_threshold,SIFA,0,S5,5,6000,1,1,2319,0.000940342551481927,34.89047003018542,-710.1121566894449
sifa_guided_threshold,SIFA,0,S5,5,6000,2,2,2319,0.0018697256162927278,69.37429926692538,-944.1121566894449
sifa_guided_threshold,SIFA,0,S5,5,6000,3,3,2319,0.0030010514598919516,111.35101336783097,-964.112156689445
sifa_guided_threshold,SIFA,0,S5,5,6000,4,4,2319,0.001594146244133943,59.14920224234582,-968.1121566894449
sifa_guided_threshold,SIFA,0,S5,5,6000,5,5,2319,0.0006167878230363898,22.885295385942207,-816.112156689445
sifa_guided_threshold,SIFA,0,S5,5,6000,6,6,2319,0.0016067909116823898,59.61836998706339,-987.1121566894451
sifa_guided_threshold,SIFA,0,S5,5,6000,7,7,2319,0.0003434398627979191,12.74299266925399,-768.112156689445
sifa_guided_threshold,SIFA,0,S5,5,6000,8,8,2319,0.005026057777576951,186.4868477792152,-905.1121566894449
sifa_guided_threshold,SIFA,0,S5,5,6000,9,9,2319,0.0029192330228137693,108.3152220784821,-771.1121566894449
sifa_guided_threshold,SIFA,0,S5,5,6000,10,a,2319,0.0023695618864430753,87.92022423458387,-868.112156689445
sifa_guided_threshold,SIFA,0,S5,5,6000,11,b,2319,0.012455915668249296,462.16429495472187,140.88784331055513
sifa_guided_threshold,SIFA,0,S5,5,6000,12,c,2319,0.0010772024825945218,39.96852091418714,-919.112156689445
sifa_guided_threshold,SIFA,0,S5,5,6000,13,d,2319,0.0019128662467521327,70.97498921949114,-726.1121566894449
sifa_guided_threshold,SIFA,0,S5,5,6000,14,e,2319,0.001315963558068125,48.82751185855971,-971.112156689445
sifa_guided_threshold,SIFA,0,S5,5,6000,15,f,2319,0.0026536950042963968,98.4626994394135,-727.1121566894449
sifa_guided_threshold,SIFA,0,S5,5,8000,0,0,3107,0.004695361989274507,233.4158352108143,-938.9139589625291
sifa_guided_threshold,SIFA,0,S5,5,8000,1,1,3107,0.0009698541422863477,48.21338912133891,-956.9139589625293
sifa_guided_threshold,SIFA,0,S5,5,8000,2,2,3107,0.0015980234111145145,79.44093981332475,-1196.9139589625293
sifa_guided_threshold,SIFA,0,S5,5,8000,3,3,3107,0.003223142060417992,160.2288381074992,-1371.9139589625293
sifa_guided_threshold,SIFA,0,S5,5,8000,4,4,3107,0.001232558176875436,61.27293208883168,-1284.9139589625293
sifa_guided_threshold,SIFA,0,S5,5,8000,5,5,3107,0.00031640893322169096,15.729320888316701,-1065.9139589625293
sifa_guided_threshold,SIFA,0,S5,5,8000,6,6,3107,0.0013736476465561686,68.28677180560025,-1288.9139589625293
sifa_guided_threshold,SIFA,0,S5,5,8000,7,7,3107,0.00016060969504267322,7.984229159961371,-1048.9139589625293
sifa_guided_threshold,SIFA,0,S5,5,8000,8,8,3107,0.005453225836693187,271.0907627936917,-1195.913958962529
sifa_guided_threshold,SIFA,0,S5,5,8000,9,9,3107,0.0026107184592781296,129.78403604763437,-1110.9139589625293
sifa_guided_threshold,SIFA,0,S5,5,8000,10,a,3107,0.0021393843278190005,106.35307370453815,-1205.9139589625293
sifa_guided_threshold,SIFA,0,S5,5,8000,11,b,3107,0.011563580798945539,574.8487286771806,164.08604103747075
sifa_guided_threshold,SIFA,0,S5,5,8000,12,c,3107,0.0009420920439938102,46.833279691020294,-1221.9139589625295
sifa_guided_threshold,SIFA,0,S5,5,8000,13,d,3107,0.001699127172060473,84.46700997747024,-961.9139589625294
sifa_guided_threshold,SIFA,0,S5,5,8000,14,e,3107,0.0007690968792604592,38.23334406179595,-1236.9139589625295
sifa_guided_threshold,SIFA,0,S5,5,8000,15,f,3107,0.0017861427040221584,88.79272610234953,-971.9139589625293
sifa_guided_threshold,SIFA,1,S0,0,250,0,0,114,0.007829332102185288,14.280701754385964,-50.74290032884722
sifa_guided_threshold,SIFA,1,S0,0,250,1,1,114,0.008752693136349646,15.964912280701753,-44.74290032884723
sifa_guided_threshold,SIFA,1,S0,0,250,2,2,114,0.0053670360110803315,9.789473684210524,-40.74290032884723
sifa_guided_threshold,SIFA,1,S0,0,250,3,3,114,0.00629039704524469,11.473684210526313,-40.74290032884723
sifa_guided_threshold,SIFA,1,S0,0,250,4,4,114,0.009829947676208064,17.929824561403507,-22.742900328847227
sifa_guided_threshold,SIFA,1,S0,0,250,5,5,114,0.007367651585103108,13.438596491228068,-60.74290032884723
sifa_guided_threshold,SIFA,1,S0,0,250,6,6,114,0.009060480147737764,16.52631578947368,-36.74290032884723
sifa_guided_threshold,SIFA,1,S0,0,250,7,7,114,0.00613650353955063,11.19298245614035,-40.742900328847234
sifa_guided_threshold,SIFA,1,S0,0,250,8,8,114,0.005828716528162511,10.631578947368421,-17.742900328847234
sifa_guided_threshold,SIFA,1,S0,0,250,9,9,114,0.004135887965527854,7.5438596491228065,-37.74290032884723
sifa_guided_threshold,SIFA,1,S0,0,250,10,a,114,0.007059864573714989,12.877192982456139,-30.742900328847227
sifa_guided_threshold,SIFA,1,S0,0,250,11,b,114,0.007983225607879348,14.56140350877193,-34.74290032884723
sifa_guided_threshold,SIFA,1,S0,0,250,12,c,114,0.007367651585103107,13.438596491228067,-42.74290032884723
sifa_guided_threshold,SIFA,1,S0,0,250,13,d,114,0.009060480147737766,16.526315789473685,-18.74290032884723
sifa_guided_threshold,SIFA,1,S0,0,250,14,e,114,0.009060480147737766,16.526315789473685,-53.74290032884723
sifa_guided_threshold,SIFA,1,S0,0,250,15,f,114,0.008598799630655584,15.684210526315786,-45.74290032884723
sifa_guided_threshold,SIFA,1,S0,0,500,0,0,218,0.0032772914737816683,11.431192660550458,-100.08730062884823
sifa_guided_threshold,SIFA,1,S0,0,500,1,1,218,0.007696111438431109,26.84403669724771,-85.08730062884821
sifa_guided_threshold,SIFA,1,S0,0,500,2,2,218,0.004497727464018181,15.688073394495413,-63.0873006288482
sifa_guided_threshold,SIFA,1,S0,0,500,3,3,218,0.004455643464354853,15.541284403669726,-96.0873006288482
sifa_guided_threshold,SIFA,1,S0,0,500,4,4,218,0.005044819459641445,17.596330275229363,-61.08730062884821
sifa_guided_threshold,SIFA,1,S0,0,500,5,5,218,0.005465659456274725,19.064220183486242,-108.0873006288482
sifa_guided_threshold,SIFA,1,S0,0,500,6,6,218,0.004666063462671493,16.275229357798167,-51.087300628848205
sifa_guided_threshold,SIFA,1,S0,0,500,7,7,218,0.0020568554835451564,7.1743119266055055,-88.08730062884821
sifa_guided_threshold,SIFA,1,S0,0,500,8,8,218,0.0066019274471845815,23.02752293577982,-69.08730062884821
sifa_guided_threshold,SIFA,1,S0,0,500,9,9,218,0.004329391465364868,15.100917431192661,-80.08730062884821
sifa_guided_threshold,SIFA,1,S0,0,500,10,a,218,0.005802331453581349,20.238532110091743,-54.08730062884822
sifa_guided_threshold,SIFA,1,S0,0,500,11,b,218,0.004118971467048229,14.366972477064223,-69.08730062884821
sifa_guided_threshold,SIFA,1,S0,0,500,12,c,218,0.006517759447857926,22.733944954128447,-72.0873006288482
sifa_guided_threshold,SIFA,1,S0,0,500,13,d,218,0.008537791431697668,29.779816513761467,-5.087300628848219
sifa_guided_threshold,SIFA,1,S0,0,500,14,e,218,0.007022767443817861,24.4954128440367,-86.08730062884821
sifa_guided_threshold,SIFA,1,S0,0,500,15,f,218,0.007106935443144518,24.788990825688078,-97.0873006288482
sifa_guided_threshold,SIFA,1,S0,0,1000,0,0,440,0.001962809917355372,13.818181818181818,-182.5340012692349
sifa_guided_threshold,SIFA,1,S0,0,1000,1,1,440,0.002923553719008265,20.581818181818186,-143.5340012692349
sifa_guided_threshold,SIFA,1,S0,0,1000,2,2,440,0.0022417355371900827,15.781818181818181,-172.53400126923492
sifa_guided_threshold,SIFA,1,S0,0,1000,3,3,440,0.0019318181818181817,13.6,-193.53400126923492
sifa_guided_threshold,SIFA,1,S0,0,1000,4,4,440,0.0016735537190082643,11.781818181818181,-149.53400126923492
sifa_guided_threshold,SIFA,1,S0,0,1000,5,5,440,0.0031818181818181815,22.4,-186.53400126923492
sifa_guided_threshold,SIFA,1,S0,0,1000,6,6,440,0.00253099173553719,17.818181818181817,-117.53400126923492
sifa_guided_threshold,SIFA,1,S0,0,1000,7,7,440,0.0014049586776859503,9.89090909090909,-150.53400126923492
sifa_guided_threshold,SIFA,1,S0,0,1000,8,8,440,0.0019834710743801653,13.963636363636365,-152.53400126923492
sifa_guided_threshold,SIFA,1,S0,0,1000,9,9,440,0.0024173553719008265,17.01818181818182,-155.53400126923492
sifa_guided_threshold,SIFA,1,S0,0,1000,10,a,440,0.00118801652892562,8.363636363636365,-129.53400126923492
sifa_guided_threshold,SIFA,1,S0,0,1000,11,b,440,0.0008264462809917352,5.818181818181816,-134.53400126923492
sifa_guided_threshold,SIFA,1,S0,0,1000,12,c,440,0.0019008264462809915,13.381818181818181,-153.53400126923492
sifa_guided_threshold,SIFA,1,S0,0,1000,13,d,440,0.005981404958677685,42.1090909090909,-34.53400126923492
sifa_guided_threshold,SIFA,1,S0,0,1000,14,e,440,0.0035640495867768594,25.09090909090909,-164.53400126923492
sifa_guided_threshold,SIFA,1,S0,0,1000,15,f,440,0.001911157024793388,13.454545454545451,-171.53400126923492
sifa_guided_threshold,SIFA,1,S0,0,1500,0,0,657,0.001480224673287787,15.560121765601219,-242.28145189519847
sifa_guided_threshold,SIFA,1,S0,0,1500,1,1,657,0.0026663736044795655,28.02891933028919,-216.28145189519853
sifa_guided_threshold,SIFA,1,S0,0,1500,2,2,657,0.0017026275978862452,17.89802130898021,-250.2814518951985
sifa_guided_threshold,SIFA,1,S0,0,1500,3,3,657,0.0014987582503376584,15.754946727549465,-245.28145189519853
sifa_guided_threshold,SIFA,1,S0,0,1500,4,4,657,0.0010122518527785306,10.640791476407912,-223.28145189519847
sifa_guided_threshold,SIFA,1,S0,0,1500,5,5,657,0.0023837365544690245,25.057838660578387,-272.28145189519853
sifa_guided_threshold,SIFA,1,S0,0,1500,6,6,657,0.0019435640995345753,20.430745814307457,-179.28145189519853
sifa_guided_threshold,SIFA,1,S0,0,1500,7,7,657,0.0015358254044374017,16.144596651445966,-215.28145189519844
sifa_guided_threshold,SIFA,1,S0,0,1500,8,8,657,0.001920397128222236,20.187214611872143,-239.28145189519847
sifa_guided_threshold,SIFA,1,S0,0,1500,9,9,657,0.001549725587224805,16.29071537290715,-244.28145189519847
sifa_guided_threshold,SIFA,1,S0,0,1500,10,a,657,0.0009844514872037232,10.348554033485538,-216.28145189519847
sifa_guided_threshold,SIFA,1,S0,0,1500,11,b,657,0.00048404490685719176,5.088280060882799,-222.28145189519847
sifa_guided_threshold,SIFA,1,S0,0,1500,12,c,657,0.00239300334299396,25.155251141552508,-237.28145189519844
sifa_guided_threshold,SIFA,1,S0,0,1500,13,d,657,0.005641012720983947,59.29832572298325,-57.28145189519853
sifa_guided_threshold,SIFA,1,S0,0,1500,14,e,657,0.0033521159553248124,35.23744292237443,-239.28145189519853
sifa_guided_threshold,SIFA,1,S0,0,1500,15,f,657,0.0022169343610201806,23.304414003044137,-272.2814518951985
sifa_guided_threshold,SIFA,1,S0,0,2000,0,0,861,0.0012146391374316932,16.732868757259006,-328.610852483662
sifa_guided_threshold,SIFA,1,S0,0,2000,1,1,861,0.0023720324933463374,32.67711962833914,-303.6108524836619
sifa_guided_threshold,SIFA,1,S0,0,2000,2,2,861,0.0013900017671157302,19.148664343786297,-307.6108524836619
sifa_guided_threshold,SIFA,1,S0,0,2000,3,3,861,0.0012308264570948342,16.955865272938436,-329.610852483662
sifa_guided_threshold,SIFA,1,S0,0,2000,4,4,861,0.0009853187755371829,13.57375145180023,-301.6108524836619
sifa_guided_threshold,SIFA,1,S0,0,2000,5,5,861,0.00239631347284105,33.0116144018583,-361.6108524836619
sifa_guided_threshold,SIFA,1,S0,0,2000,6,6,861,0.0024799479577672827,34.16376306620209,-230.610852483662
sifa_guided_threshold,SIFA,1,S0,0,2000,7,7,861,0.001152587745389649,15.878048780487804,-279.61085248366203
sifa_guided_threshold,SIFA,1,S0,0,2000,8,8,861,0.0016489988817259995,22.71660859465737,-330.6108524836619
sifa_guided_threshold,SIFA,1,S0,0,2000,9,9,861,0.0013063672821894965,17.996515679442503,-290.6108524836619
sifa_guided_threshold,SIFA,1,S0,0,2000,10,a,861,0.001017693414863467,14.019744483159121,-304.610852483662
sifa_guided_threshold,SIFA,1,S0,0,2000,11,b,861,0.0005779378973481122,7.961672473867594,-287.610852483662
sifa_guided_threshold,SIFA,1,S0,0,2000,12,c,861,0.0025096247104830433,34.5725900116144,-303.610852483662
sifa_guided_threshold,SIFA,1,S0,0,2000,13,d,861,0.006783077101552499,93.44367015098723,-50.61085248366197
sifa_guided_threshold,SIFA,1,S0,0,2000,14,e,861,0.003324386466861184,45.796747967479675,-314.610852483662
sifa_guided_threshold,SIFA,1,S0,0,2000,15,f,861,0.0021777846573886343,30.001161440185825,-356.6108524836619
sifa_guided_threshold,SIFA,1,S0,0,3000,0,0,1305,0.0006529190704775328,13.632950191570886,-500.50425376443536
sifa_guided_threshold,SIFA,1,S0,0,3000,1,1,1305,0.0011719954199145635,24.471264367816087,-473.5042537644353
sifa_guided_threshold,SIFA,1,S0,0,3000,2,2,1305,0.0014655906401843779,30.60153256704981,-508.50425376443525
sifa_guided_threshold,SIFA,1,S0,0,3000,3,3,1305,0.0007304282086287637,15.251340996168585,-468.5042537644354
sifa_guided_threshold,SIFA,1,S0,0,3000,4,4,1305,0.0007961935379692015,16.624521072796927,-449.50425376443525
sifa_guided_threshold,SIFA,1,S0,0,3000,5,5,1305,0.0019928876557889644,41.61149425287358,-553.5042537644354
sifa_guided_threshold,SIFA,1,S0,0,3000,6,6,1305,0.0026681566624095357,55.71111111111111,-397.5042537644354
sifa_guided_threshold,SIFA,1,S0,0,3000,7,7,1305,0.001002884573039151,20.940229885057473,-446.50425376443536
sifa_guided_threshold,SIFA,1,S0,0,3000,8,8,1305,0.002194881167334596,45.82911877394636,-484.5042537644353
sifa_guided_threshold,SIFA,1,S0,0,3000,9,9,1305,0.000989966383347279,20.670498084291186,-478.50425376443536
sifa_guided_threshold,SIFA,1,S0,0,3000,10,a,1305,0.0007257306851044463,15.153256704980839,-473.5042537644354
sifa_guided_threshold,SIFA,1,S0,0,3000,11,b,1305,0.0011978317992983076,25.01072796934866,-410.50425376443536
sifa_guided_threshold,SIFA,1,S0,0,3000,12,c,1305,0.0026340996168582372,54.99999999999999,-453.5042537644353
sifa_guided_threshold,SIFA,1,S0,0,3000,13,d,1305,0.007877710250877117,164.4865900383142,-40.50425376443536
sifa_guided_threshold,SIFA,1,S0,0,3000,14,e,1305,0.003510187754143363,73.29272030651342,-441.50425376443536
sifa_guided_threshold,SIFA,1,S0,0,3000,15,f,1305,0.001929471088210684,40.287356321839084,-515.5042537644354
sifa_guided_threshold,SIFA,1,S0,0,4000,0,0,1738,0.0003594432180687296,9.995397008055233,-648.6593050134779
sifa_guided_threshold,SIFA,1,S0,0,4000,1,1,1738,0.0008970769147241451,24.945914844649025,-630.6593050134779
sifa_guided_threshold,SIFA,1,S0,0,4000,2,2,1738,0.0012758041000528364,35.47756041426928,-714.6593050134779
sifa_guided_threshold,SIFA,1,S0,0,4000,3,3,1738,0.000684539455824652,19.035673187571923,-582.6593050134778
sifa_guided_threshold,SIFA,1,S0,0,4000,4,4,1738,0.0005905197699563405,16.421173762945916,-597.6593050134779
sifa_guided_threshold,SIFA,1,S0,0,4000,5,5,1738,0.002310682755068125,64.25546605293442,-753.6593050134779
sifa_guided_threshold,SIFA,1,S0,0,4000,6,6,1738,0.0034051513518309345,94.69044879171463,-525.6593050134777
sifa_guided_threshold,SIFA,1,S0,0,4000,7,7,1738,0.0006865257872162359,19.090909090909086,-595.6593050134779
sifa_guided_threshold,SIFA,1,S0,0,4000,8,8,1738,0.001965061092932501,54.64441887226698,-652.6593050134779
sifa_guided_threshold,SIFA,1,S0,0,4000,9,9,1738,0.0018379358838711219,51.10932105868816,-646.6593050134779
sifa_guided_threshold,SIFA,1,S0,0,4000,10,a,1738,0.0006474612698484166,18.00460299194477,-657.6593050134778
sifa_guided_threshold,SIFA,1,S0,0,4000,11,b,1738,0.0012638861117033324,35.14614499424627,-587.6593050134778
sifa_guided_threshold,SIFA,1,S0,0,4000,12,c,1738,0.0022643350225978296,62.966628308400445,-604.6593050134779
sifa_guided_threshold,SIFA,1,S0,0,4000,13,d,1738,0.008321983656465307,231.41772151898726,-40.659305013477876
sifa_guided_threshold,SIFA,1,S0,0,4000,14,e,1738,0.0033117937764264842,92.09436133486767,-591.6593050134779
sifa_guided_threshold,SIFA,1,S0,0,4000,15,f,1738,0.0018942152732993362,52.67433831990794,-619.6593050134779
sifa_guided_threshold,SIFA,1,S0,0,6000,0,0,2605,0.0004386128108870806,18.28138195777352,-997.3092575144476
sifa_guided_threshold,SIFA,1,S0,0,6000,1,1,2605,0.0004306552805213657,17.94971209213052,-902.3092575144475
sifa_guided_threshold,SIFA,1,S0,0,6000,2,2,2605,0.000878929491123301,36.633781190019185,-1017.3092575144476
sifa_guided_threshold,SIFA,1,S0,0,6000,3,3,2605,0.0005052202872815823,21.05758157389635,-891.3092575144476
sifa_guided_threshold,SIFA,1,S0,0,6000,4,4,2605,0.0006475716638238143,26.990786948176577,-939.3092575144476
sifa_guided_threshold,SIFA,1,S0,0,6000,5,5,2605,0.00221992071941969,92.52629558541267,-1119.3092575144476
sifa_guided_threshold,SIFA,1,S0,0,6000,6,6,2605,0.003141815348455097,130.95086372360845,-811.3092575144476
sifa_guided_threshold,SIFA,1,S0,0,6000,7,7,2605,0.000449812298068457,18.74817658349329,-874.3092575144476
sifa_guided_threshold,SIFA,1,S0,0,6000,8,8,2605,0.0012555859284338038,52.332821497120946,-995.3092575144476
sifa_guided_threshold,SIFA,1,S0,0,6000,9,9,2605,0.0016098433913815523,67.0982725527831,-943.3092575144476
sifa_guided_threshold,SIFA,1,S0,0,6000,10,a,2605,0.0007822602333472097,32.6046065259117,-1001.3092575144477
sifa_guided_threshold,SIFA,1,S0,0,6000,11,b,2605,0.0011117609351571796,46.338195777351245,-864.3092575144476
sifa_guided_threshold,SIFA,1,S0,0,6000,12,c,2605,0.0021836697477536555,91.01535508637237,-914.3092575144475
sifa_guided_threshold,SIFA,1,S0,0,6000,13,d,2605,0.00822962448561566,343.01074856046074,-37.309257514447495
sifa_guided_threshold,SIFA,1,S0,0,6000,14,e,2605,0.003312460166297648,138.06333973128596,-905.3092575144477
sifa_guided_threshold,SIFA,1,S0,0,6000,15,f,2605,0.0020587070486772444,85.80690978886754,-951.3092575144476
sifa_guided_threshold,SIFA,1,S0,0,8000,0,0,3515,0.0004705246161037133,26.462304409672836,-1346.572760139456
sifa_guided_threshold,SIFA,1,S0,0,8000,1,1,3515,0.00027951231159286874,15.719772403982939,-1214.5727601394562
sifa_guided_threshold,SIFA,1,S0,0,8000,2,2,3515,0.0009540447462510801,53.655476529160744,-1376.5727601394562
sifa_guided_threshold,SIFA,1,S0,0,8000,3,3,3515,0.0005278283074569667,29.685064011379808,-1203.5727601394562
sifa_guided_threshold,SIFA,1,S0,0,8000,4,4,3515,0.0007058906252213131,39.69928876244665,-1262.5727601394562
sifa_guided_threshold,SIFA,1,S0,0,8000,5,5,3515,0.001773131407967075,99.72091038406829,-1511.572760139456
sifa_guided_threshold,SIFA,1,S0,0,8000,6,6,3515,0.0028636821668565323,161.05348506401137,-1097.572760139456
sifa_guided_threshold,SIFA,1,S0,0,8000,7,7,3515,0.00038133158238720855,21.44608819345661,-1193.5727601394562
sifa_guided_threshold,SIFA,1,S0,0,8000,8,8,3515,0.0010051971938997467,56.532290184921756,-1302.5727601394562
sifa_guided_threshold,SIFA,1,S0,0,8000,9,9,3515,0.0013192343725023218,74.19374110953058,-1239.5727601394562
sifa_guided_threshold,SIFA,1,S0,0,8000,10,a,3515,0.0006963400099957706,39.16216216216214,-1347.5727601394562
sifa_guided_threshold,SIFA,1,S0,0,8000,11,b,3515,0.0011164052050852981,62.78662873399717,-1147.572760139456
sifa_guided_threshold,SIFA,1,S0,0,8000,12,c,3515,0.002160983511024687,121.5337126600284,-1328.5727601394562
sifa_guided_threshold,SIFA,1,S0,0,8000,13,d,3515,0.008128823028313931,457.1650071123755,-48.57276013945602
sifa_guided_threshold,SIFA,1,S0,0,8000,14,e,3515,0.0033428316764769557,188.000853485064,-1201.572760139456
sifa_guided_threshold,SIFA,1,S0,0,8000,15,f,3515,0.0023672120499626677,133.13200568990044,-1290.572760139456
sifa_guided_threshold,SIFA,1,S5,5,250,0,0,92,0.01193289224952741,17.565217391304348,-24.266200265385482
sifa_guided_threshold,SIFA,1,S5,5,250,1,1,92,0.003426275992438564,5.043478260869566,-37.26620026538548
sifa_guided_threshold,SIFA,1,S5,5,250,2,2,92,0.009569943289224952,14.086956521739129,-19.266200265385486
sifa_guided_threshold,SIFA,1,S5,5,250,3,3,92,0.010278827977315691,15.130434782608697,-24.266200265385486
sifa_guided_threshold,SIFA,1,S5,5,250,4,4,92,0.006025519848771268,8.869565217391306,-28.26620026538549
sifa_guided_threshold,SIFA,1,S5,5,250,5,5,92,0.014295841209829865,21.043478260869563,-47.266200265385486
sifa_guided_threshold,SIFA,1,S5,5,250,6,6,92,0.019494328922495273,28.695652173913043,-1.2662002653854856
sifa_guided_threshold,SIFA,1,S5,5,250,7,7,92,0.007679584120982987,11.304347826086957,-44.26620026538548
sifa_guided_threshold,SIFA,1,S5,5,250,8,8,92,0.008861058601134217,13.043478260869566,-20.266200265385486
sifa_guided_threshold,SIFA,1,S5,5,250,9,9,92,0.00815217391304348,12.000000000000002,-25.26620026538548
sifa_guided_threshold,SIFA,1,S5,5,250,10,a,92,0.012169187145557654,17.913043478260867,-23.266200265385482
sifa_guided_threshold,SIFA,1,S5,5,250,11,b,92,0.007443289224952741,10.956521739130435,-52.266200265385486
sifa_guided_threshold,SIFA,1,S5,5,250,12,c,92,0.010278827977315691,15.130434782608697,-45.26620026538548
sifa_guided_threshold,SIFA,1,S5,5,250,13,d,92,0.018785444234404536,27.652173913043477,-18.266200265385486
sifa_guided_threshold,SIFA,1,S5,5,250,14,e,92,0.01760396975425331,25.91304347826087,-36.26620026538548
sifa_guided_threshold,SIFA,1,S5,5,250,15,f,92,0.015004725897920604,22.08695652173913,-53.26620026538548
sifa_guided_threshold,SIFA,1,S5,5,500,0,0,189,0.0065070266789843505,19.677248677248677,-57.23165054519408
sifa_guided_threshold,SIFA,1,S5,5,500,1,1,189,0.0033156266621875087,10.026455026455027,-80.23165054519409
sifa_guided_threshold,SIFA,1,S5,5,500,2,2,189,0.007850774054477757,23.740740740740737,-48.2316505451941
sifa_guided_threshold,SIFA,1,S5,5,500,3,3,189,0.004155468771870887,12.566137566137563,-56.231650545194086
sifa_guided_threshold,SIFA,1,S5,5,500,4,4,189,0.004099479297891995,12.396825396825394,-61.231650545194086
sifa_guided_threshold,SIFA,1,S5,5,500,5,5,189,0.01333774250440917,40.33333333333333,-105.2316505451941
sifa_guided_threshold,SIFA,1,S5,5,500,6,6,189,0.01960856359004507,59.2962962962963,7.768349454805907
sifa_guided_threshold,SIFA,1,S5,5,500,7,7,189,0.00365156350606086,11.042328042328041,-59.23165054519409
sifa_guided_threshold,SIFA,1,S5,5,500,8,8,189,0.0065070266789843505,19.677248677248677,-63.23165054519408
sifa_guided_threshold,SIFA,1,S5,5,500,9,9,189,0.004771352985638699,14.428571428571425,-59.231650545194086
sifa_guided_threshold,SIFA,1,S5,5,500,10,a,189,0.006283068783068783,19.0,-47.231650545194086
sifa_guided_threshold,SIFA,1,S5,5,500,11,b,189,0.009866395117717868,29.835978835978835,-104.23165054519409
sifa_guided_threshold,SIFA,1,S5,5,500,12,c,189,0.008690616164161138,26.280423280423282,-83.23165054519409
sifa_guided_threshold,SIFA,1,S5,5,500,13,d,189,0.018544763584446122,56.079365079365076,-46.231650545194086
sifa_guided_threshold,SIFA,1,S5,5,500,14,e,189,0.014849458301839254,44.904761904761905,-84.23165054519409
sifa_guided_threshold,SIFA,1,S5,5,500,15,f,189,0.011154153019232383,33.73015873015873,-80.2316505451941
sifa_guided_threshold,SIFA,1,S5,5,1000,0,0,384,0.004014756944444444,24.666666666666664,-101.50240110769593
sifa_guided_threshold,SIFA,1,S5,5,1000,1,1,384,0.0015326605902777778,9.416666666666666,-151.50240110769593
sifa_guided_threshold,SIFA,1,S5,5,1000,2,2,384,0.0029296875,18.0,-107.50240110769596
sifa_guided_threshold,SIFA,1,S5,5,1000,3,3,384,0.0031331380208333326,19.249999999999996,-145.50240110769593
sifa_guided_threshold,SIFA,1,S5,5,1000,4,4,384,0.0029432508680555555,18.083333333333332,-140.50240110769593
sifa_guided_threshold,SIFA,1,S5,5,1000,5,5,384,0.007921006944444444,48.666666666666664,-184.5024011076959
sifa_guided_threshold,SIFA,1,S5,5,1000,6,6,384,0.01384819878472222,85.08333333333331,11.497598892304055
sifa_guided_threshold,SIFA,1,S5,5,1000,7,7,384,0.003974066840277778,24.416666666666668,-128.50240110769593
sifa_guided_threshold,SIFA,1,S5,5,1000,8,8,384,0.0030788845486111114,18.916666666666668,-136.50240110769596
sifa_guided_threshold,SIFA,1,S5,5,1000,9,9,384,0.0021837022569444445,13.416666666666668,-132.50240110769593
sifa_guided_threshold,SIFA,1,S5,5,1000,10,a,384,0.0031195746527777775,19.166666666666664,-120.50240110769593
sifa_guided_threshold,SIFA,1,S5,5,1000,11,b,384,0.004123263888888889,25.333333333333336,-192.5024011076959
sifa_guided_threshold,SIFA,1,S5,5,1000,12,c,384,0.0035942925347222225,22.083333333333336,-161.50240110769593
sifa_guided_threshold,SIFA,1,S5,5,1000,13,d,384,0.013441297743055556,82.58333333333334,-89.50240110769592
sifa_guided_threshold,SIFA,1,S5,5,1000,14,e,384,0.008680555555555556,53.333333333333336,-143.50240110769593
sifa_guided_threshold,SIFA,1,S5,5,1000,15,f,384,0.005574544270833335,34.25000000000001,-163.50240110769593
sifa_guided_threshold,SIFA,1,S5,5,1500,0,0,564,0.0028450530657411596,25.673758865248224,-170.67540162692842
sifa_guided_threshold,SIFA,1,S5,5,1500,1,1,564,0.0021157134952970173,19.092198581560286,-245.6754016269284
sifa_guided_threshold,SIFA,1,S5,5,1500,2,2,564,0.0029582264473618034,26.695035460992916,-144.67540162692836
sifa_guided_threshold,SIFA,1,S5,5,1500,3,3,564,0.00200882752376641,18.127659574468083,-209.6754016269284
sifa_guided_threshold,SIFA,1,S5,5,1500,4,4,564,0.0028387656556511237,25.61702127659574,-197.67540162692836
sifa_guided_threshold,SIFA,1,S5,5,1500,5,5,564,0.006516900558322017,58.80851063829788,-252.6754016269284
sifa_guided_threshold,SIFA,1,S5,5,1500,6,6,564,0.011804612444042052,106.52482269503548,23.324598373071638
sifa_guided_threshold,SIFA,1,S5,5,1500,7,7,564,0.003291459182133695,29.70212765957446,-195.6754016269284
sifa_guided_threshold,SIFA,1,S5,5,1500,8,8,564,0.0018390674513354458,16.595744680851062,-196.6754016269284
sifa_guided_threshold,SIFA,1,S5,5,1500,9,9,564,0.00236092248880841,21.30496453900709,-173.6754016269284
sifa_guided_threshold,SIFA,1,S5,5,1500,10,a,564,0.002832478245561088,25.56028368794326,-172.6754016269284
sifa_guided_threshold,SIFA,1,S5,5,1500,11,b,564,0.003763014938886374,33.95744680851064,-283.67540162692836
sifa_guided_threshold,SIFA,1,S5,5,1500,12,c,564,0.0019396660127760173,17.50354609929078,-219.67540162692833
sifa_guided_threshold,SIFA,1,S5,5,1500,13,d,564,0.009597731502439515,86.60992907801419,-152.67540162692836
sifa_guided_threshold,SIFA,1,S5,5,1500,14,e,564,0.006372290126251194,57.50354609929077,-224.67540162692842
sifa_guided_threshold,SIFA,1,S5,5,1500,15,f,564,0.0023923595392585885,21.588652482269502,-249.67540162692836
sifa_guided_threshold,SIFA,1,S5,5,2000,0,0,749,0.0026068358166919485,31.24032042723631,-235.547652160584
sifa_guided_threshold,SIFA,1,S5,5,2000,1,1,749,0.0014874082220887302,17.82510013351134,-312.547652160584
sifa_guided_threshold,SIFA,1,S5,5,2000,2,2,749,0.0030275124286765973,36.28170894526034,-223.54765216058397
sifa_guided_threshold,SIFA,1,S5,5,2000,3,3,749,0.001127337562678141,13.510013351134843,-281.547652160584
sifa_guided_threshold,SIFA,1,S5,5,2000,4,4,749,0.002606835816691949,31.240320427236316,-244.547652160584
sifa_guided_threshold,SIFA,1,S5,5,2000,5,5,749,0.005273497729950569,63.19759679572762,-310.547652160584
sifa_guided_threshold,SIFA,1,S5,5,2000,6,6,749,0.011095234233094057,132.96528704939917,27.452347839416007
sifa_guided_threshold,SIFA,1,S5,5,2000,7,7,749,0.0028171741226842724,33.76101468624832,-261.547652160584
sifa_guided_threshold,SIFA,1,S5,5,2000,8,8,749,0.0012128989074885784,14.535380507343124,-253.54765216058394
sifa_guided_threshold,SIFA,1,S5,5,2000,9,9,749,0.0014410624936497436,17.26969292389853,-265.547652160584
sifa_guided_threshold,SIFA,1,S5,5,2000,10,a,749,0.0013982818212445252,16.75700934579439,-229.54765216058397
sifa_guided_threshold,SIFA,1,S5,5,2000,11,b,749,0.003009687148507756,36.06809078771695,-352.547652160584
sifa_guided_threshold,SIFA,1,S5,5,2000,12,c,749,0.0014802781100211942,17.73965287049399,-307.54765216058394
sifa_guided_threshold,SIFA,1,S5,5,2000,13,d,749,0.006931248785652789,83.06408544726303,-202.54765216058402
sifa_guided_threshold,SIFA,1,S5,5,2000,14,e,749,0.004831430781763312,57.89986648865153,-294.547652160584
sifa_guided_threshold,SIFA,1,S5,5,2000,15,f,749,0.0021362484202345454,25.600801068090792,-324.54765216058394
sifa_guided_threshold,SIFA,1,S5,5,3000,0,0,1151,0.0023920101962483426,44.051259774109475,-338.1673533202031
sifa_guided_threshold,SIFA,1,S5,5,3000,1,1,1151,0.0013005255128883508,23.95047784535187,-476.1673533202031
sifa_guided_threshold,SIFA,1,S5,5,3000,2,2,1151,0.002502215427071689,46.08079930495223,-367.1673533202032
sifa_guided_threshold,SIFA,1,S5,5,3000,3,3,1151,0.0014031824402306464,25.841007819287583,-420.1673533202031
sifa_guided_threshold,SIFA,1,S5,5,3000,4,4,1151,0.0027256452101108017,50.19548218940052,-399.1673533202031
sifa_guided_threshold,SIFA,1,S5,5,3000,5,5,1151,0.005196959769806936,95.70721112076454,-436.1673533202031
sifa_guided_threshold,SIFA,1,S5,5,3000,6,6,1151,0.011222015608381937,206.66463944396176,47.83264667979688
sifa_guided_threshold,SIFA,1,S5,5,3000,7,7,1151,0.003358193041822885,61.84448305821025,-438.1673533202031
sifa_guided_threshold,SIFA,1,S5,5,3000,8,8,1151,0.0007026998771891024,12.940920938314509,-399.1673533202031
sifa_guided_threshold,SIFA,1,S5,5,3000,9,9,1151,0.0014756461536487367,27.175499565595135,-440.1673533202031
sifa_guided_threshold,SIFA,1,S5,5,3000,10,a,1151,0.0008989557676964313,16.555169417897478,-415.1673533202032
sifa_guided_threshold,SIFA,1,S5,5,3000,11,b,1151,0.002251611751500791,41.46568201563857,-487.1673533202032
sifa_guided_threshold,SIFA,1,S5,5,3000,12,c,1151,0.000998593373646306,18.390095569070372,-445.1673533202031
sifa_guided_threshold,SIFA,1,S5,5,3000,13,d,1151,0.006280896149685878,115.66898349261513,-311.1673533202032
sifa_guided_threshold,SIFA,1,S5,5,3000,14,e,1151,0.0036812604308118745,67.79409209383148,-466.1673533202031
sifa_guided_threshold,SIFA,1,S5,5,3000,15,f,1151,0.0016915276332067984,31.151172893136398,-467.1673533202031
sifa_guided_threshold,SIFA,1,S5,5,4000,0,0,1523,0.002395502492100767,58.37360472751149,-461.59155439328356
sifa_guided_threshold,SIFA,1,S5,5,4000,1,1,1523,0.0014461718305742244,35.2403151674327,-674.5915543932834
sifa_guided_threshold,SIFA,1,S5,5,4000,2,2,1523,0.003235328163605628,78.83847669074194,-493.5915543932836
sifa_guided_threshold,SIFA,1,S5,5,4000,3,3,1523,0.001808314317260099,44.06500328299409,-591.5915543932836
sifa_guided_threshold,SIFA,1,S5,5,4000,4,4,1523,0.0033551800818183344,81.75902823374918,-497.59155439328356
sifa_guided_threshold,SIFA,1,S5,5,4000,5,5,1523,0.0057496317140247,140.1070256073539,-571.5915543932836
sifa_guided_threshold,SIFA,1,S5,5,4000,6,6,1523,0.013431363651844839,327.29546946815503,121.40844560671633
sifa_guided_threshold,SIFA,1,S5,5,4000,7,7,1523,0.003460373851760422,84.32239001969796,-589.5915543932836
sifa_guided_threshold,SIFA,1,S5,5,4000,8,8,1523,0.0006658409961677564,16.22521339461589,-517.5915543932836
sifa_guided_threshold,SIFA,1,S5,5,4000,9,9,1523,0.0017522684562253806,42.69927774130007,-623.5915543932836
sifa_guided_threshold,SIFA,1,S5,5,4000,10,a,1523,0.0007011930008204251,17.08667104399212,-550.5915543932837
sifa_guided_threshold,SIFA,1,S5,5,4000,11,b,1523,0.001822110221514799,44.401181877872624,-625.5915543932836
sifa_guided_threshold,SIFA,1,S5,5,4000,12,c,1523,0.0009745243538666688,23.747209455022986,-566.5915543932836
sifa_guided_threshold,SIFA,1,S5,5,4000,13,d,1523,0.005766014350327156,140.50623768877213,-405.5915543932836
sifa_guided_threshold,SIFA,1,S5,5,4000,14,e,1523,0.003504348296572278,85.39395929087327,-623.5915543932836
sifa_guided_threshold,SIFA,1,S5,5,4000,15,f,1523,0.002054053861796943,50.053184504267904,-609.5915543932836
sifa_guided_threshold,SIFA,1,S5,5,6000,0,0,2323,0.002041839461604361,75.89108910891088,-742.4715567009835
sifa_guided_threshold,SIFA,1,S5,5,6000,1,1,2323,0.0015329750094925645,56.97761515281964,-968.4715567009835
sifa_guided_threshold,SIFA,1,S5,5,6000,2,2,2323,0.0023805882665790023,88.48170469220835,-765.4715567009832
sifa_guided_threshold,SIFA,1,S5,5,6000,3,3,2323,0.001470339836581498,54.64959104606112,-904.4715567009835
sifa_guided_threshold,SIFA,1,S5,5,6000,4,4,2323,0.0038630775662492033,143.5828669823504,-814.4715567009835
sifa_guided_threshold,SIFA,1,S5,5,6000,5,5,2323,0.00619355074533076,230.20189410245368,-837.4715567009835
sifa_guided_threshold,SIFA,1,S5,5,6000,6,6,2323,0.01404147847545989,521.8936719758932,212.52844329901654
sifa_guided_threshold,SIFA,1,S5,5,6000,7,7,2323,0.00363217985782557,135.00086095566078,-893.4715567009833
sifa_guided_threshold,SIFA,1,S5,5,6000,8,8,2323,0.0003688502869265383,13.709427464485575,-829.4715567009835
sifa_guided_threshold,SIFA,1,S5,5,6000,9,9,2323,0.0013880616804498023,51.591476538958254,-978.4715567009833
sifa_guided_threshold,SIFA,1,S5,5,6000,10,a,2323,0.0002283844257827869,8.488592337494623,-775.4715567009835
sifa_guided_threshold,SIFA,1,S5,5,6000,11,b,2323,0.0013628593623554086,50.65475678002583,-949.4715567009835
sifa_guided_threshold,SIFA,1,S5,5,6000,12,c,2323,0.0006968510444785702,25.900559621179497,-824.4715567009835
sifa_guided_threshold,SIFA,1,S5,5,6000,13,d,2323,0.005097620530549565,189.46835987946622,-642.4715567009833
sifa_guided_threshold,SIFA,1,S5,5,6000,14,e,2323,0.00333271701929219,123.87042617305212,-1031.4715567009835
sifa_guided_threshold,SIFA,1,S5,5,6000,15,f,2323,0.0016078407191259098,59.76022384847182,-886.4715567009835
sifa_guided_threshold,SIFA,1,S5,5,8000,0,0,3068,0.0021289493769218867,104.50586701434158,-972.659808850029
sifa_guided_threshold,SIFA,1,S5,5,8000,1,1,3068,0.001245880001155894,61.15775749674052,-1268.6598088500289
sifa_guided_threshold,SIFA,1,S5,5,8000,2,2,3068,0.0024691308183562837,121.20469361147326,-1042.6598088500286
sifa_guided_threshold,SIFA,1,S5,5,8000,3,3,3068,0.001242055350346513,60.97001303780963,-1234.659808850029
sifa_guided_threshold,SIFA,1,S5,5,8000,4,4,3068,0.003666459002293091,179.97913950456325,-1056.6598088500289
sifa_guided_threshold,SIFA,1,S5,5,8000,5,5,3068,0.005986959640584816,293.8878748370275,-1152.6598088500289
sifa_guided_threshold,SIFA,1,S5,5,8000,6,6,3068,0.014046136337752362,689.4967405475879,285.34019114997113
sifa_guided_threshold,SIFA,1,S5,5,8000,7,7,3068,0.0032901558587700944,161.5071707953064,-1202.6598088500289
sifa_guided_threshold,SIFA,1,S5,5,8000,8,8,3068,0.0003672727180008465,18.028683181225553,-1062.6598088500289
sifa_guided_threshold,SIFA,1,S5,5,8000,9,9,3068,0.0011878727972136145,58.31029986962191,-1272.659808850029
sifa_guided_threshold,SIFA,1,S5,5,8000,10,a,3068,0.00017858994473804538,8.766623207301171,-1018.659808850029
sifa_guided_threshold,SIFA,1,S5,5,8000,11,b,3068,0.0014509237806588256,71.22294654498043,-1232.6598088500286
sifa_guided_threshold,SIFA,1,S5,5,8000,12,c,3068,0.0006494469554929636,31.880052151238598,-1060.6598088500289
sifa_guided_threshold,SIFA,1,S5,5,8000,13,d,3068,0.005221604517507552,256.3181225554107,-876.6598088500289
sifa_guided_threshold,SIFA,1,S5,5,8000,14,e,3068,0.0033103415158196054,162.4980443285528,-1336.659808850029
sifa_guided_threshold,SIFA,1,S5,5,8000,15,f,3068,0.001409277582956676,69.17861799217731,-1176.6598088500289
sifa_guided_budget,SIFA,0,S0,0,250,0,0,40,0.01625,10.4,-2.5940001153849916
sifa_guided_budget,SIFA,0,S0,0,250,1,1,40,0.02375,15.2,-15.594000115384993
sifa_guided_budget,SIFA,0,S0,0,250,2,2,40,0.01875,12.0,-11.59400011538499
sifa_guided_budget,SIFA,0,S0,0,250,3,3,40,0.0175,11.200000000000001,-6.594000115384993
sifa_guided_budget,SIFA,0,S0,0,250,4,4,40,0.02375,15.2,-2.5940001153849916
sifa_guided_budget,SIFA,0,S0,0,250,5,5,40,0.015,9.6,-13.594000115384993
sifa_guided_budget,SIFA,0,S0,0,250,6,6,40,0.026250000000000002,16.8,-17.59400011538499
sifa_guided_budget,SIFA,0,S0,0,250,7,7,40,0.03,19.2,-18.594000115384993
sifa_guided_budget,SIFA,0,S0,0,250,8,8,40,0.0125,8.0,-15.594000115384993
sifa_guided_budget,SIFA,0,S0,0,250,9,9,40,0.01625,10.4,-18.594000115384993
sifa_guided_budget,SIFA,0,S0,0,250,10,a,40,0.027499999999999997,17.599999999999998,-13.594000115384992
sifa_guided_budget,SIFA,0,S0,0,250,11,b,40,0.027500000000000004,17.6,-20.594000115384993
sifa_guided_budget,SIFA,0,S0,0,250,12,c,40,0.030000000000000002,19.200000000000003,-17.594000115384993
sifa_guided_budget,SIFA,0,S0,0,250,13,d,40,0.02,12.8,-20.594000115384993
sifa_guided_budget,SIFA,0,S0,0,250,14,e,40,0.015,9.6,-1.5940001153849916
sifa_guided_budget,SIFA,0,S0,0,250,15,f,40,0.035,22.400000000000002,-20.594000115384993
sifa_guided_budget,SIFA,0,S0,0,500,0,0,79,0.012968674891844258,16.392405063291143,-5.848150227885359
sifa_guided_budget,SIFA,0,S0,0,500,1,1,79,0.01232775196282647,15.582278481012658,-19.848150227885363
sifa_guided_budget,SIFA,0,S0,0,500,2,2,79,0.007841291459701971,9.911392405063292,-30.848150227885363
sifa_guided_budget,SIFA,0,S0,0,500,3,3,79,0.008161752924210865,10.316455696202533,-31.84815022788536
sifa_guided_budget,SIFA,0,S0,0,500,4,4,79,0.012968674891844258,16.392405063291143,-9.848150227885359
sifa_guided_budget,SIFA,0,S0,0,500,5,5,79,0.005277599743630829,6.670886075949368,-36.84815022788536
sifa_guided_budget,SIFA,0,S0,0,500,6,6,79,0.0110459061047909,13.962025316455696,-25.848150227885363
sifa_guided_budget,SIFA,0,S0,0,500,7,7,79,0.013289136356353147,16.79746835443038,-27.848150227885366
sifa_guided_budget,SIFA,0,S0,0,500,8,8,79,0.0065594456016664,8.29113924050633,-27.84815022788536
sifa_guided_budget,SIFA,0,S0,0,500,9,9,79,0.012007290498317578,15.177215189873419,-36.84815022788536
sifa_guided_budget,SIFA,0,S0,0,500,10,a,79,0.01360959782086204,17.20253164556962,-36.84815022788537
sifa_guided_budget,SIFA,0,S0,0,500,11,b,79,0.015532366607915397,19.632911392405063,-26.848150227885366
sifa_guided_budget,SIFA,0,S0,0,500,12,c,79,0.017134673930459865,21.65822784810127,-38.848150227885355
sifa_guided_budget,SIFA,0,S0,0,500,13,d,79,0.013930059285370933,17.60759493670886,-30.848150227885363
sifa_guided_budget,SIFA,0,S0,0,500,14,e,79,0.0110459061047909,13.962025316455696,-7.848150227885359
sifa_guided_budget,SIFA,0,S0,0,500,15,f,79,0.009443598782246435,11.936708860759493,-34.84815022788536
sifa_guided_budget,SIFA,0,S0,0,1000,0,0,168,0.0036848072562358273,9.904761904761903,-40.09480048461697
sifa_guided_budget,SIFA,0,S0,0,1000,1,1,168,0.005031179138321996,13.523809523809526,-43.094800484616954
sifa_guided_budget,SIFA,0,S0,0,1000,2,2,168,0.003543083900226758,9.523809523809526,-67.09480048461697
sifa_guided_budget,SIFA,0,S0,0,1000,3,3,168,0.005598072562358277,15.04761904761905,-52.094800484616954
sifa_guided_budget,SIFA,0,S0,0,1000,4,4,168,0.007865646258503401,21.142857142857142,-13.094800484616968
sifa_guided_budget,SIFA,0,S0,0,1000,5,5,168,0.004535147392290249,12.190476190476188,-62.094800484616975
sifa_guided_budget,SIFA,0,S0,0,1000,6,6,168,0.005598072562358277,15.04761904761905,-88.09480048461697
sifa_guided_budget,SIFA,0,S0,0,1000,7,7,168,0.011621315192743766,31.23809523809524,-47.09480048461697
sifa_guided_budget,SIFA,0,S0,0,1000,8,8,168,0.0025510204081632655,6.857142857142858,-57.094800484616975
sifa_guided_budget,SIFA,0,S0,0,1000,9,9,168,0.011550453514739227,31.047619047619044,-78.09480048461697
sifa_guided_budget,SIFA,0,S0,0,1000,10,a,168,0.007511337868480726,20.19047619047619,-71.09480048461697
sifa_guided_budget,SIFA,0,S0,0,1000,11,b,168,0.004322562358276645,11.61904761904762,-60.09480048461696
sifa_guided_budget,SIFA,0,S0,0,1000,12,c,168,0.008503401360544217,22.857142857142854,-74.09480048461697
sifa_guided_budget,SIFA,0,S0,0,1000,13,d,168,0.006731859410430839,18.095238095238095,-55.09480048461697
sifa_guided_budget,SIFA,0,S0,0,1000,14,e,168,0.005527210884353742,14.85714285714286,-48.09480048461698
sifa_guided_budget,SIFA,0,S0,0,1000,15,f,168,0.005881519274376417,15.80952380952381,-57.09480048461697
sifa_guided_budget,SIFA,0,S0,0,1500,0,0,247,0.0029493599305020573,11.65587044534413,-78.94295071250232
sifa_guided_budget,SIFA,0,S0,0,1500,1,1,247,0.004260641872510613,16.838056680161944,-66.94295071250234
sifa_guided_budget,SIFA,0,S0,0,1500,2,2,247,0.0025887573964497044,10.230769230769232,-85.94295071250231
sifa_guided_budget,SIFA,0,S0,0,1500,3,3,247,0.003703347047156977,14.635627530364374,-88.94295071250232
sifa_guided_budget,SIFA,0,S0,0,1500,4,4,247,0.0077683210673835,30.700404858299592,-8.94295071250233
sifa_guided_budget,SIFA,0,S0,0,1500,5,5,247,0.004326205969611041,17.097165991902834,-95.94295071250234
sifa_guided_budget,SIFA,0,S0,0,1500,6,6,247,0.004621244406562966,18.26315789473684,-106.94295071250231
sifa_guided_budget,SIFA,0,S0,0,1500,7,7,247,0.0089484748151912,35.364372469635626,-80.94295071250232
sifa_guided_budget,SIFA,0,S0,0,1500,8,8,247,0.001474167745742431,5.8259109311740875,-88.94295071250232
sifa_guided_budget,SIFA,0,S0,0,1500,9,9,247,0.00642425707682473,25.388663967611333,-89.94295071250232
sifa_guided_budget,SIFA,0,S0,0,1500,10,a,247,0.00271988559065056,10.748987854251014,-92.94295071250232
sifa_guided_budget,SIFA,0,S0,0,1500,11,b,247,0.004162295726859972,16.449392712550612,-104.94295071250231
sifa_guided_budget,SIFA,0,S0,0,1500,12,c,247,0.007243808290580077,28.627530364372465,-120.94295071250234
sifa_guided_budget,SIFA,0,S0,0,1500,13,d,247,0.005244103329017031,20.724696356275306,-82.94295071250232
sifa_guided_budget,SIFA,0,S0,0,1500,14,e,247,0.004096731629759543,16.190283400809715,-70.94295071250232
sifa_guided_budget,SIFA,0,S0,0,1500,15,f,247,0.005899744300021308,23.31578947368421,-77.94295071250232
sifa_guided_budget,SIFA,0,S0,0,2000,0,0,340,0.002326989619377162,12.658823529411762,-88.54900098077243
sifa_guided_budget,SIFA,0,S0,0,2000,1,1,340,0.0028460207612456758,15.482352941176476,-109.54900098077243
sifa_guided_budget,SIFA,0,S0,0,2000,2,2,340,0.0017560553633217987,9.552941176470584,-109.54900098077243
sifa_guided_budget,SIFA,0,S0,0,2000,3,3,340,0.002794117647058823,15.199999999999996,-118.54900098077243
sifa_guided_budget,SIFA,0,S0,0,2000,4,4,340,0.007517301038062284,40.89411764705883,-10.549000980772433
sifa_guided_budget,SIFA,0,S0,0,2000,5,5,340,0.00523356401384083,28.470588235294116,-119.54900098077245
sifa_guided_budget,SIFA,0,S0,0,2000,6,6,340,0.0048356401384083035,26.305882352941172,-154.54900098077243
sifa_guided_budget,SIFA,0,S0,0,2000,7,7,340,0.0064965397923875436,35.34117647058824,-113.54900098077243
sifa_guided_budget,SIFA,0,S0,0,2000,8,8,340,0.0018425605536332174,10.023529411764702,-123.54900098077243
sifa_guided_budget,SIFA,0,S0,0,2000,9,9,340,0.005077854671280277,27.623529411764704,-118.54900098077242
sifa_guided_budget,SIFA,0,S0,0,2000,10,a,340,0.0029325259515570936,15.952941176470588,-133.54900098077243
sifa_guided_budget,SIFA,0,S0,0,2000,11,b,340,0.0024480968858131484,13.317647058823527,-134.54900098077243
sifa_guided_budget,SIFA,0,S0,0,2000,12,c,340,0.005406574394463667,29.41176470588235,-164.54900098077246
sifa_guided_budget,SIFA,0,S0,0,2000,13,d,340,0.0033823529411764705,18.4,-121.54900098077245
sifa_guided_budget,SIFA,0,S0,0,2000,14,e,340,0.0039013840830449823,21.223529411764705,-107.54900098077245
sifa_guided_budget,SIFA,0,S0,0,2000,15,f,340,0.006081314878892733,33.08235294117647,-120.54900098077243
sifa_guided_budget,SIFA,0,S0,0,3000,0,0,513,0.0011511139229924494,9.448343079922026,-164.34305147981252
sifa_guided_budget,SIFA,0,S0,0,3000,1,1,513,0.0020326767210423714,16.684210526315784,-145.34305147981257
sifa_guided_budget,SIFA,0,S0,0,3000,2,2,513,0.0017742876250622223,14.563352826510721,-164.34305147981252
sifa_guided_budget,SIFA,0,S0,0,3000,3,3,513,0.0015082988497885385,12.380116959064324,-184.34305147981252
sifa_guided_budget,SIFA,0,S0,0,3000,4,4,513,0.007648839718963859,62.781676413255354,-3.34305147981253
sifa_guided_budget,SIFA,0,S0,0,3000,5,5,513,0.004844558059649883,39.76413255360624,-195.34305147981252
sifa_guided_budget,SIFA,0,S0,0,3000,6,6,513,0.004137787885351238,33.96296296296296,-224.34305147981252
sifa_guided_budget,SIFA,0,S0,0,3000,7,7,513,0.006364493918356645,52.23976608187134,-167.34305147981254
sifa_guided_budget,SIFA,0,S0,0,3000,8,8,513,0.001705890511420418,14.001949317738791,-188.34305147981252
sifa_guided_budget,SIFA,0,S0,0,3000,9,9,513,0.004054191413122366,33.276803118908376,-204.3430514798125
sifa_guided_budget,SIFA,0,S0,0,3000,10,a,513,0.0025190561958285357,20.67641325536062,-200.34305147981252
sifa_guided_budget,SIFA,0,S0,0,3000,11,b,513,0.0016450930770721473,13.502923976608185,-189.34305147981252
sifa_guided_budget,SIFA,0,S0,0,3000,12,c,513,0.004304980829808982,35.33528265107212,-233.34305147981254
sifa_guided_budget,SIFA,0,S0,0,3000,13,d,513,0.002025077041748838,16.621832358674464,-202.34305147981252
sifa_guided_budget,SIFA,0,S0,0,3000,14,e,513,0.0032106270115401124,26.352826510721243,-173.34305147981254
sifa_guided_budget,SIFA,0,S0,0,3000,15,f,513,0.0047837606253016115,39.26510721247563,-149.34305147981252
sifa_guided_budget,SIFA,0,S0,0,4000,0,0,684,0.0015923703019732566,17.42690058479532,-211.45740197308336
sifa_guided_budget,SIFA,0,S0,0,4000,1,1,684,0.001340155945419103,14.666666666666664,-214.45740197308336
sifa_guided_budget,SIFA,0,S0,0,4000,2,2,684,0.0017804623644882185,19.485380116959064,-199.4574019730834
sifa_guided_budget,SIFA,0,S0,0,4000,3,3,684,0.0014812249923053247,16.210526315789473,-246.45740197308334
sifa_guided_budget,SIFA,0,S0,0,4000,4,4,684,0.008799716151978386,96.30409356725146,6.542598026916664
sifa_guided_budget,SIFA,0,S0,0,4000,5,5,684,0.0040888649498991144,44.748538011695906,-294.45740197308334
sifa_guided_budget,SIFA,0,S0,0,4000,6,6,684,0.0046958893334701265,51.391812865497066,-257.45740197308334
sifa_guided_budget,SIFA,0,S0,0,4000,7,7,684,0.007081238671728053,77.49707602339181,-222.45740197308334
sifa_guided_budget,SIFA,0,S0,0,4000,8,8,684,0.001878783215348312,20.561403508771928,-253.45740197308334
sifa_guided_budget,SIFA,0,S0,0,4000,9,9,684,0.0030201600492459216,33.05263157894736,-268.4574019730834
sifa_guided_budget,SIFA,0,S0,0,4000,10,a,684,0.001600919941178482,17.520467836257307,-257.4574019730834
sifa_guided_budget,SIFA,0,S0,0,4000,11,b,684,0.0022977155364043637,25.146198830409357,-296.45740197308334
sifa_guided_budget,SIFA,0,S0,0,4000,12,c,684,0.0041658117027461436,45.5906432748538,-302.45740197308334
sifa_guided_budget,SIFA,0,S0,0,4000,13,d,684,0.0020198522622345335,22.105263157894736,-259.45740197308334
sifa_guided_budget,SIFA,0,S0,0,4000,14,e,684,0.0024430594028931976,26.736842105263154,-244.4574019730834
sifa_guided_budget,SIFA,0,S0,0,4000,15,f,684,0.005123371293731404,56.07017543859648,-197.45740197308336
sifa_guided_budget,SIFA,0,S0,0,6000,0,0,1034,0.0017001728466192025,28.127659574468087,-327.4049029827021
sifa_guided_budget,SIFA,0,S0,0,6000,1,1,1034,0.0010024262128258178,16.58413926499033,-340.404902982702
sifa_guided_budget,SIFA,0,S0,0,6000,2,2,1034,0.0015561339972838392,25.744680851063837,-344.4049029827021
sifa_guided_budget,SIFA,0,S0,0,6000,3,3,1034,0.0012474793201366313,20.638297872340427,-369.40490298270197
sifa_guided_budget,SIFA,0,S0,0,6000,4,4,1034,0.009990824538233897,165.2882011605416,37.59509701729792
sifa_guided_budget,SIFA,0,S0,0,6000,5,5,1034,0.003948675403776436,65.32688588007737,-421.40490298270197
sifa_guided_budget,SIFA,0,S0,0,6000,6,6,1034,0.0046857053601158305,77.5203094777563,-388.4049029827021
sifa_guided_budget,SIFA,0,S0,0,6000,7,7,1034,0.00779469974447134,128.95551257253385,-333.4049029827021
sifa_guided_budget,SIFA,0,S0,0,6000,8,8,1034,0.0012175491696253871,20.143133462282407,-435.404902982702
sifa_guided_budget,SIFA,0,S0,0,6000,9,9,1034,0.001801187104594652,29.798839458413923,-384.404902982702
sifa_guided_budget,SIFA,0,S0,0,6000,10,a,1034,0.0009463071806172345,15.655705996131527,-347.40490298270197
sifa_guided_budget,SIFA,0,S0,0,6000,11,b,1034,0.0015598752660977446,25.806576402321088,-450.404902982702
sifa_guided_budget,SIFA,0,S0,0,6000,12,c,1034,0.004257330080923645,70.43326885880077,-495.40490298270197
sifa_guided_budget,SIFA,0,S0,0,6000,13,d,1034,0.0012100666319975761,20.0193423597679,-372.40490298270197
sifa_guided_budget,SIFA,0,S0,0,6000,14,e,1034,0.0016403125455967137,27.137330754352032,-362.404902982702
sifa_guided_budget,SIFA,0,S0,0,6000,15,f,1034,0.004691317263336689,77.61315280464218,-287.404902982702
sifa_guided_budget,SIFA,0,S0,0,8000,0,0,1396,0.0016384307189596147,36.59598853868195,-432.4306040269362
sifa_guided_budget,SIFA,0,S0,0,8000,1,1,1396,0.0008677063406704378,19.3810888252149,-474.43060402693624
sifa_guided_budget,SIFA,0,S0,0,8000,2,2,1396,0.0013007898128915194,29.054441260744976,-479.4306040269362
sifa_guided_budget,SIFA,0,S0,0,8000,3,3,1396,0.001129403699477016,25.22636103151863,-563.4306040269362
sifa_guided_budget,SIFA,0,S0,0,8000,4,4,1396,0.009381593747177773,209.54727793696276,34.56939597306376
sifa_guided_budget,SIFA,0,S0,0,8000,5,5,1396,0.003570886117519561,79.75931232091692,-541.4306040269362
sifa_guided_budget,SIFA,0,S0,0,8000,6,6,1396,0.0034200252871487103,76.38968481375359,-541.4306040269362
sifa_guided_budget,SIFA,0,S0,0,8000,7,7,1396,0.006230962799977012,139.17478510028656,-489.4306040269363
sifa_guided_budget,SIFA,0,S0,0,8000,8,8,1396,0.0007671324537565372,17.134670487106014,-533.4306040269363
sifa_guided_budget,SIFA,0,S0,0,8000,9,9,1396,0.0009498074728450504,21.214899713467048,-535.4306040269362
sifa_guided_budget,SIFA,0,S0,0,8000,10,a,1396,0.0006357706422771568,14.200573065902574,-458.4306040269361
sifa_guided_budget,SIFA,0,S0,0,8000,11,b,1396,0.0013110524544133468,29.283667621776516,-566.4306040269362
sifa_guided_budget,SIFA,0,S0,0,8000,12,c,1396,0.003515467853301696,78.52148997134668,-633.4306040269362
sifa_guided_budget,SIFA,0,S0,0,8000,13,d,1396,0.0014537031715667358,32.46991404011461,-507.4306040269363
sifa_guided_budget,SIFA,0,S0,0,8000,14,e,1396,0.000867706340670438,19.381088825214903,-469.4306040269362
sifa_guided_budget,SIFA,0,S0,0,8000,15,f,1396,0.003950603853827143,88.24068767908307,-399.4306040269362
sifa_guided_budget,SIFA,0,S5,5,250,0,0,36,0.059413580246913573,34.22222222222222,-12.234600103846494
sifa_guided_budget,SIFA,0,S5,5,250,1,1,36,0.0162037037037037,9.33333333333333,-18.234600103846496
sifa_guided_budget,SIFA,0,S5,5,250,2,2,36,0.02700617283950617,15.555555555555555,-14.234600103846489
sifa_guided_budget,SIFA,0,S5,5,250,3,3,36,0.03317901234567901,19.111111111111107,-18.23460010384649
sifa_guided_budget,SIFA,0,S5,5,250,4,4,36,0.031635802469135804,18.22222222222222,-21.234600103846493
sifa_guided_budget,SIFA,0,S5,5,250,5,5,36,0.028549382716049385,16.444444444444446,-9.234600103846493
sifa_guided_budget,SIFA,0,S5,5,250,6,6,36,0.017746913580246913,10.222222222222221,-10.234600103846493
sifa_guided_budget,SIFA,0,S5,5,250,7,7,36,0.033179012345679014,19.11111111111111,-10.234600103846493
sifa_guided_budget,SIFA,0,S5,5,250,8,8,36,0.033179012345679014,19.11111111111111,-21.234600103846493
sifa_guided_budget,SIFA,0,S5,5,250,9,9,36,0.023919753086419755,13.777777777777779,-3.2346001038464927
sifa_guided_budget,SIFA,0,S5,5,250,10,a,36,0.016203703703703703,9.333333333333332,-12.234600103846493
sifa_guided_budget,SIFA,0,S5,5,250,11,b,36,0.03472222222222222,19.999999999999996,1.7653998961535038
sifa_guided_budget,SIFA,0,S5,5,250,12,c,36,0.02391975308641975,13.777777777777775,-12.234600103846493
sifa_guided_budget,SIFA,0,S5,5,250,13,d,36,0.04089506172839506,23.555555555555557,-4.234600103846492
sifa_guided_budget,SIFA,0,S5,5,250,14,e,36,0.020833333333333332,12.0,-22.234600103846496
sifa_guided_budget,SIFA,0,S5,5,250,15,f,36,0.02237654320987654,12.888888888888886,-8.234600103846494
sifa_guided_budget,SIFA,0,S5,5,500,0,0,82,0.018404223676383103,24.146341463414632,-15.867700236539239
sifa_guided_budget,SIFA,0,S5,5,500,1,1,82,0.005019333729922665,6.585365853658536,-34.867700236539235
sifa_guided_budget,SIFA,0,S5,5,500,2,2,82,0.012455383700178464,16.341463414634145,-24.867700236539232
sifa_guided_budget,SIFA,0,S5,5,500,3,3,82,0.016024687685901248,21.024390243902438,-37.86770023653923
sifa_guided_budget,SIFA,0,S5,5,500,4,4,82,0.015132361689470556,19.853658536585368,-39.867700236539235
sifa_guided_budget,SIFA,0,S5,5,500,5,5,82,0.009183521713265915,12.04878048780488,-44.867700236539235
sifa_guided_budget,SIFA,0,S5,5,500,6,6,82,0.01156305770374777,15.170731707317074,-33.86770023653924
sifa_guided_budget,SIFA,0,S5,5,500,7,7,82,0.020188875669244495,26.487804878048777,-30.86770023653924
sifa_guided_budget,SIFA,0,S5,5,500,8,8,82,0.013347709696609162,17.51219512195122,-40.86770023653924
sifa_guided_budget,SIFA,0,S5,5,500,9,9,82,0.005316775728732898,6.975609756097562,-17.867700236539235
sifa_guided_budget,SIFA,0,S5,5,500,10,a,82,0.0076963117192147545,10.097560975609758,-21.867700236539235
sifa_guided_budget,SIFA,0,S5,5,500,11,b,82,0.017511897679952412,22.975609756097565,-4.8677002365392354
sifa_guided_budget,SIFA,0,S5,5,500,12,c,82,0.01840422367638311,24.14634146341464,-24.86770023653924
sifa_guided_budget,SIFA,0,S5,5,500,13,d,82,0.017511897679952412,22.975609756097565,-9.867700236539235
sifa_guided_budget,SIFA,0,S5,5,500,14,e,82,0.011860499702558003,15.5609756097561,-36.867700236539235
sifa_guided_budget,SIFA,0,S5,5,500,15,f,82,0.009183521713265915,12.04878048780488,-25.867700236539232
sifa_guided_budget,SIFA,0,S5,5,1000,0,0,161,0.013770205624782997,35.472049689441,-44.71585046442459
sifa_guided_budget,SIFA,0,S5,5,1000,1,1,161,0.00381688592261101,9.832298136645962,-59.7158504644246
sifa_guided_budget,SIFA,0,S5,5,1000,2,2,161,0.009217912117588056,23.74534161490683,-38.71585046442459
sifa_guided_budget,SIFA,0,S5,5,1000,3,3,161,0.013384418039427495,34.478260869565226,-56.71585046442459
sifa_guided_budget,SIFA,0,S5,5,1000,4,4,161,0.009835172254156862,25.335403726708076,-75.71585046442459
sifa_guided_budget,SIFA,0,S5,5,1000,5,5,161,0.004511303576250916,11.621118012422361,-77.71585046442459
sifa_guided_budget,SIFA,0,S5,5,1000,6,6,161,0.007443289224952742,19.17391304347826,-77.71585046442459
sifa_guided_budget,SIFA,0,S5,5,1000,7,7,161,0.015159040932062804,39.04968944099378,-48.71585046442459
sifa_guided_budget,SIFA,0,S5,5,1000,8,8,161,0.008060549361521546,20.7639751552795,-65.71585046442459
sifa_guided_budget,SIFA,0,S5,5,1000,9,9,161,0.0025052081324022997,6.453416149068324,-51.71585046442459
sifa_guided_budget,SIFA,0,S5,5,1000,10,a,161,0.004974248678677519,12.81366459627329,-58.71585046442459
sifa_guided_budget,SIFA,0,S5,5,1000,11,b,161,0.011146850044365574,28.71428571428572,-7.715850464424591
sifa_guided_budget,SIFA,0,S5,5,1000,12,c,161,0.007597604259094942,19.57142857142857,-52.71585046442459
sifa_guided_budget,SIFA,0,S5,5,1000,13,d,161,0.007983391844450446,20.56521739130435,-35.71585046442459
sifa_guided_budget,SIFA,0,S5,5,1000,14,e,161,0.010220959839512364,26.32919254658385,-78.71585046442459
sifa_guided_budget,SIFA,0,S5,5,1000,15,f,161,0.004588461093322016,11.819875776397513,-44.7158504644246
sifa_guided_budget,SIFA,0,S5,5,1500,0,0,235,0.012592802172928927,47.34893617021277,-65.86475067788685
sifa_guided_budget,SIFA,0,S5,5,1500,1,1,235,0.001800588501584428,6.770212765957449,-91.86475067788683
sifa_guided_budget,SIFA,0,S5,5,1500,2,2,235,0.007884789497510186,29.646808510638298,-62.8647506778868
sifa_guided_budget,SIFA,0,S5,5,1500,3,3,235,0.011107967406066094,41.765957446808514,-95.86475067788683
sifa_guided_budget,SIFA,0,S5,5,1500,4,4,235,0.008319375282933455,31.28085106382979,-98.86475067788683
sifa_guided_budget,SIFA,0,S5,5,1500,5,5,235,0.005639429606156633,21.204255319148942,-105.86475067788685
sifa_guided_budget,SIFA,0,S5,5,1500,6,6,235,0.0059653689452240834,22.429787234042553,-111.8647506778868
sifa_guided_budget,SIFA,0,S5,5,1500,7,7,235,0.009260977818017203,34.821276595744685,-71.86475067788683
sifa_guided_budget,SIFA,0,S5,5,1500,8,8,235,0.007232910819375283,27.195744680851064,-108.86475067788685
sifa_guided_budget,SIFA,0,S5,5,1500,9,9,235,0.0029232684472612043,10.991489361702127,-69.86475067788683
sifa_guided_budget,SIFA,0,S5,5,1500,10,a,235,0.004263241285649614,16.02978723404255,-80.86475067788683
sifa_guided_budget,SIFA,0,S5,5,1500,11,b,235,0.01357062019013128,51.02553191489361,-0.8647506778868319
sifa_guided_budget,SIFA,0,S5,5,1500,12,c,235,0.00531349026708918,19.97872340425532,-82.86475067788683
sifa_guided_budget,SIFA,0,S5,5,1500,13,d,235,0.008862607514712538,33.32340425531914,-60.86475067788683
sifa_guided_budget,SIFA,0,S5,5,1500,14,e,235,0.008645314622000905,32.5063829787234,-103.86475067788683
sifa_guided_budget,SIFA,0,S5,5,1500,15,f,235,0.0037924400181077417,14.259574468085109,-64.86475067788683
sifa_guided_budget,SIFA,0,S5,5,2000,0,0,316,0.010985819580195481,55.54430379746835,-86.39260091154142
sifa_guided_budget,SIFA,0,S5,5,2000,1,1,316,0.0016924371094375903,8.556962025316457,-120.39260091154142
sifa_guided_budget,SIFA,0,S5,5,2000,2,2,316,0.004997195962185548,25.26582278481013,-88.39260091154145
sifa_guided_budget,SIFA,0,S5,5,2000,3,3,316,0.01004446402820061,50.784810126582286,-122.39260091154142
sifa_guided_budget,SIFA,0,S5,5,2000,4,4,316,0.007641003044383912,38.632911392405056,-127.39260091154144
sifa_guided_budget,SIFA,0,S5,5,2000,5,5,316,0.005097340169844577,25.772151898734183,-147.39260091154145
sifa_guided_budget,SIFA,0,S5,5,2000,6,6,316,0.0065394167601345934,33.063291139240505,-170.39260091154145
sifa_guided_budget,SIFA,0,S5,5,2000,7,7,316,0.007220397372215991,36.506329113924046,-96.39260091154145
sifa_guided_budget,SIFA,0,S5,5,2000,8,8,316,0.006479330235539177,32.75949367088608,-138.39260091154142
sifa_guided_budget,SIFA,0,S5,5,2000,9,9,316,0.004476446082358598,22.63291139240507,-96.39260091154144
sifa_guided_budget,SIFA,0,S5,5,2000,10,a,316,0.00445641724082679,22.53164556962025,-103.39260091154144
sifa_guided_budget,SIFA,0,S5,5,2000,11,b,316,0.01487141483736581,75.18987341772153,8.607399088458564
sifa_guided_budget,SIFA,0,S5,5,2000,12,c,316,0.005277599743630828,26.683544303797465,-105.39260091154142
sifa_guided_budget,SIFA,0,S5,5,2000,13,d,316,0.004877022912994713,24.65822784810127,-99.39260091154146
sifa_guided_budget,SIFA,0,S5,5,2000,14,e,316,0.00746074347059766,37.721518987341774,-149.39260091154142
sifa_guided_budget,SIFA,0,S5,5,2000,15,f,316,0.00559806120813972,28.303797468354425,-75.39260091154142
sifa_guided_budget,SIFA,0,S5,5,3000,0,0,472,0.007083093938523412,53.49152542372881,-121.40920136154293
sifa_guided_budget,SIFA,0,S5,5,3000,1,1,472,0.001759551852915829,13.28813559322034,-168.4092013615429
sifa_guided_budget,SIFA,0,S5,5,3000,2,2,472,0.0029984199942545246,22.64406779661017,-146.40920136154287
sifa_guided_budget,SIFA,0,S5,5,3000,3,3,472,0.007154912381499569,54.03389830508475,-191.4092013615429
sifa_guided_budget,SIFA,0,S5,5,3000,4,4,472,0.004883654122378626,36.881355932203384,-196.4092013615429
sifa_guided_budget,SIFA,0,S5,5,3000,5,5,472,0.0033485349037632867,25.28813559322034,-205.4092013615429
sifa_guided_budget,SIFA,0,S5,5,3000,6,6,472,0.003339557598391266,25.22033898305084,-230.40920136154287
sifa_guided_budget,SIFA,0,S5,5,3000,7,7,472,0.004641266877334098,35.050847457627114,-159.40920136154287
sifa_guided_budget,SIFA,0,S5,5,3000,8,8,472,0.00614945417983338,46.44067796610169,-196.40920136154287
sifa_guided_budget,SIFA,0,S5,5,3000,9,9,472,0.0030792157426027004,23.254237288135595,-157.4092013615429
sifa_guided_budget,SIFA,0,S5,5,3000,10,a,472,0.003043306521114622,22.983050847457626,-165.40920136154287
sifa_guided_budget,SIFA,0,S5,5,3000,11,b,472,0.01385198218902614,104.61016949152541,7.590798638457073
sifa_guided_budget,SIFA,0,S5,5,3000,12,c,472,0.003537058316575697,26.711864406779664,-153.4092013615429
sifa_guided_budget,SIFA,0,S5,5,3000,13,d,472,0.003797400172364263,28.677966101694913,-166.40920136154293
sifa_guided_budget,SIFA,0,S5,5,3000,14,e,472,0.0055389974145360526,41.83050847457627,-201.4092013615429
sifa_guided_budget,SIFA,0,S5,5,3000,15,f,472,0.005422292444699798,40.94915254237288,-114.40920136154293
sifa_guided_budget,SIFA,0,S5,5,4000,0,0,622,0.00474496231428542,47.221864951768495,-162.38670179423664
sifa_guided_budget,SIFA,0,S5,5,4000,1,1,622,0.0014313075753972769,14.2443729903537,-196.38670179423661
sifa_guided_budget,SIFA,0,S5,5,4000,2,2,622,0.002310123964805988,22.990353697749192,-188.38670179423661
sifa_guided_budget,SIFA,0,S5,5,4000,3,3,622,0.004631233134479586,46.09003215434084,-244.38670179423664
sifa_guided_budget,SIFA,0,S5,5,4000,4,4,622,0.0037058911715139426,36.88102893890676,-239.38670179423661
sifa_guided_budget,SIFA,0,S5,5,4000,5,5,622,0.0024341921609578065,24.225080385852092,-273.3867017942366
sifa_guided_budget,SIFA,0,S5,5,4000,6,6,622,0.0028580918311431848,28.443729903536976,-298.3867017942366
sifa_guided_budget,SIFA,0,S5,5,4000,7,7,622,0.0035404669099781847,35.234726688102896,-216.3867017942366
sifa_guided_budget,SIFA,0,S5,5,4000,8,8,622,0.004408944283040911,43.877813504823145,-251.38670179423664
sifa_guided_budget,SIFA,0,S5,5,4000,9,9,622,0.002656481012396481,26.43729903536978,-193.38670179423661
sifa_guided_budget,SIFA,0,S5,5,4000,10,a,622,0.002356649538362921,23.453376205787787,-219.38670179423661
sifa_guided_budget,SIFA,0,S5,5,4000,11,b,622,0.01003853868342966,99.90353697749197,-7.386701794236615
sifa_guided_budget,SIFA,0,S5,5,4000,12,c,622,0.002749532159510344,27.363344051446944,-227.3867017942366
sifa_guided_budget,SIFA,0,S5,5,4000,13,d,622,0.0027495321595103444,27.363344051446948,-235.38670179423661
sifa_guided_budget,SIFA,0,S5,5,4000,14,e,622,0.0039023324820876538,38.83601286173633,-266.38670179423656
sifa_guided_budget,SIFA,0,S5,5,4000,15,f,622,0.003669704614302996,36.520900321543415,-162.38670179423661
sifa_guided_budget,SIFA,0,S5,5,6000,0,0,928,0.006437648632580261,95.58620689655172,-238.38080267693186
sifa_guided_budget,SIFA,0,S5,5,6000,1,1,928,0.0014932929548156955,22.172413793103445,-275.3808026769318
sifa_guided_budget,SIFA,0,S5,5,6000,2,2,928,0.0021807186385255648,32.37931034482759,-320.3808026769318
sifa_guided_budget,SIFA,0,S5,5,6000,3,3,928,0.0043126672116527934,64.03448275862068,-403.3808026769318
sifa_guided_budget,SIFA,0,S5,5,6000,4,4,928,0.003093415576694412,45.931034482758626,-397.3808026769318
sifa_guided_budget,SIFA,0,S5,5,6000,5,5,928,0.001096165279429251,16.27586206896552,-384.38080267693175
sifa_guided_budget,SIFA,0,S5,5,6000,6,6,928,0.0029215591557669434,43.37931034482757,-431.3808026769318
sifa_guided_budget,SIFA,0,S5,5,6000,7,7,928,0.0018509401010701546,27.482758620689655,-304.3808026769318
sifa_guided_budget,SIFA,0,S5,5,6000,8,8,928,0.005169626932223545,76.7586206896552,-379.38080267693186
sifa_guided_budget,SIFA,0,S5,5,6000,9,9,928,0.002048342746730083,30.413793103448274,-288.38080267693186
sifa_guided_budget,SIFA,0,S5,5,6000,10,a,928,0.002445470422116528,36.310344827586206,-324.3808026769318
sifa_guided_budget,SIFA,0,S5,5,6000,11,b,928,0.013274747324613558,197.10344827586212,42.619197323068136
sifa_guided_budget,SIFA,0,S5,5,6000,12,c,928,0.001876486325802616,27.862068965517242,-340.3808026769318
sifa_guided_budget,SIFA,0,S5,5,6000,13,d,928,0.002508174791914387,37.24137931034482,-305.38080267693186
sifa_guided_budget,SIFA,0,S5,5,6000,14,e,928,0.0019972502972651603,29.6551724137931,-403.3808026769318
sifa_guided_budget,SIFA,0,S5,5,6000,15,f,928,0.002896012931034483,43.0,-292.3808026769318
sifa_guided_budget,SIFA,0,S5,5,8000,0,0,1243,0.00667515237380821,132.7554304102977,-334.4335535855885
sifa_guided_budget,SIFA,0,S5,5,8000,1,1,1243,0.001705730692036304,33.92357200321801,-384.4335535855886
sifa_guided_budget,SIFA,0,S5,5,8000,2,2,1243,0.001864948943366845,37.09010458567982,-402.4335535855886
sifa_guided_budget,SIFA,0,S5,5,8000,3,3,1243,0.004452569141820098,88.5526950925181,-569.4335535855887
sifa_guided_budget,SIFA,0,S5,5,8000,4,4,1243,0.001813170650251222,36.0603378921963,-494.4335535855886
sifa_guided_budget,SIFA,0,S5,5,8000,5,5,1243,0.0004203345654409666,8.359613837489944,-487.4335535855886
sifa_guided_budget,SIFA,0,S5,5,8000,6,6,1243,0.0022882364895870618,45.508447304907484,-572.4335535855885
sifa_guided_budget,SIFA,0,S5,5,8000,7,7,1243,0.0010131960216148486,20.15044247787611,-424.43355358558864
sifa_guided_budget,SIFA,0,S5,5,8000,8,8,1243,0.006145719326700966,122.2260659694288,-502.43355358558847
sifa_guided_budget,SIFA,0,S5,5,8000,9,9,1243,0.002048761883927306,40.74577634754626,-439.4335535855885
sifa_guided_budget,SIFA,0,S5,5,8000,10,a,1243,0.002109601378338163,41.955752212389385,-472.4335535855886
sifa_guided_budget,SIFA,0,S5,5,8000,11,b,1243,0.012104106406981268,240.72646822204345,67.5664464144113
sifa_guided_budget,SIFA,0,S5,5,8000,12,c,1243,0.00133422143893171,26.534995977473848,-476.43355358558864
sifa_guided_budget,SIFA,0,S5,5,8000,13,d,1243,0.0019426163830402793,38.634754625905074,-392.4335535855887
sifa_guided_budget,SIFA,0,S5,5,8000,14,e,1243,0.0010326128815332071,20.536604987932424,-499.4335535855887
sifa_guided_budget,SIFA,0,S5,5,8000,15,f,1243,0.0016578357709043532,32.97103781174578,-374.4335535855886
sifa_guided_budget,SIFA,1,S0,0,250,0,0,46,0.018785444234404536,13.826086956521738,-17.633100132692743
sifa_guided_budget,SIFA,1,S0,0,250,1,1,46,0.015949905482041588,11.73913043478261,-20.633100132692743
sifa_guided_budget,SIFA,1,S0,0,250,2,2,46,0.02256616257088847,16.608695652173914,-2.6331001326927392
sifa_guided_budget,SIFA,1,S0,0,250,3,3,46,0.012169187145557656,8.956521739130435,-15.633100132692745
sifa_guided_budget,SIFA,1,S0,0,250,4,4,46,0.009333648393194706,6.869565217391304,-4.633100132692743
sifa_guided_budget,SIFA,1,S0,0,250,5,5,46,0.016895085066162573,12.434782608695654,-15.633100132692743
sifa_guided_budget,SIFA,1,S0,0,250,6,6,46,0.03012759924385633,22.173913043478258,-20.633100132692743
sifa_guided_budget,SIFA,1,S0,0,250,7,7,46,0.016895085066162573,12.434782608695654,-19.633100132692743
sifa_guided_budget,SIFA,1,S0,0,250,8,8,46,0.01311436672967864,9.652173913043478,-1.6331001326927446
sifa_guided_budget,SIFA,1,S0,0,250,9,9,46,0.0320179584120983,23.565217391304348,-18.63310013269274
sifa_guided_budget,SIFA,1,S0,0,250,10,a,46,0.02729206049149338,20.08695652173913,-18.633100132692743
sifa_guided_budget,SIFA,1,S0,0,250,11,b,46,0.015949905482041588,11.73913043478261,-9.633100132692743
sifa_guided_budget,SIFA,1,S0,0,250,12,c,46,0.01784026465028355,13.130434782608694,-22.633100132692743
sifa_guided_budget,SIFA,1,S0,0,250,13,d,46,0.01594990548204159,11.739130434782611,-19.633100132692746
sifa_guided_budget,SIFA,1,S0,0,250,14,e,46,0.024456521739130432,18.0,-18.63310013269274
sifa_guided_budget,SIFA,1,S0,0,250,15,f,46,0.0320179584120983,23.565217391304348,-23.63310013269274
sifa_guided_budget,SIFA,1,S0,0,500,0,0,87,0.005804927995772229,8.080459770114944,-33.566950250962364
sifa_guided_budget,SIFA,1,S0,0,500,1,1,87,0.009768463469414717,13.597701149425285,-34.56695025096236
sifa_guided_budget,SIFA,1,S0,0,500,2,2,87,0.011618113357114546,16.17241379310345,-13.56695025096236
sifa_guided_budget,SIFA,1,S0,0,500,3,3,87,0.011618113357114546,16.17241379310345,-27.56695025096236
sifa_guided_budget,SIFA,1,S0,0,500,4,4,87,0.0063333993922578945,8.816091954022989,-19.566950250962357
sifa_guided_budget,SIFA,1,S0,0,500,5,5,87,0.011089641960628883,15.436781609195405,-47.56695025096236
sifa_guided_budget,SIFA,1,S0,0,500,6,6,87,0.01373199894305721,19.114942528735636,-29.566950250962364
sifa_guided_budget,SIFA,1,S0,0,500,7,7,87,0.009768463469414717,13.597701149425285,-36.56695025096236
sifa_guided_budget,SIFA,1,S0,0,500,8,8,87,0.00976846346941472,13.59770114942529,-20.566950250962357
sifa_guided_budget,SIFA,1,S0,0,500,9,9,87,0.008975756374686221,12.49425287356322,-36.566950250962364
sifa_guided_budget,SIFA,1,S0,0,500,10,a,87,0.010561170564143216,14.701149425287356,-30.566950250962364
sifa_guided_budget,SIFA,1,S0,0,500,11,b,87,0.006861870788743559,9.551724137931034,-25.56695025096236
sifa_guided_budget,SIFA,1,S0,0,500,12,c,87,0.009768463469414717,13.597701149425285,-37.566950250962364
sifa_guided_budget,SIFA,1,S0,0,500,13,d,87,0.011353877658871714,15.804597701149426,-8.566950250962364
sifa_guided_budget,SIFA,1,S0,0,500,14,e,87,0.015581648830757036,21.689655172413794,-32.56695025096236
sifa_guided_budget,SIFA,1,S0,0,500,15,f,87,0.011618113357114549,16.172413793103452,-38.566950250962364
sifa_guided_budget,SIFA,1,S0,0,1000,0,0,176,0.003938533057851239,11.090909090909088,-67.81360050769396
sifa_guided_budget,SIFA,1,S0,0,1000,1,1,176,0.009555785123966942,26.909090909090907,-66.81360050769398
sifa_guided_budget,SIFA,1,S0,0,1000,2,2,176,0.006456611570247934,18.181818181818183,-48.81360050769397
sifa_guided_budget,SIFA,1,S0,0,1000,3,3,176,0.009491219008264462,26.727272727272727,-69.81360050769396
sifa_guided_budget,SIFA,1,S0,0,1000,4,4,176,0.003873966942148759,10.909090909090907,-54.81360050769398
sifa_guided_budget,SIFA,1,S0,0,1000,5,5,176,0.0024535123966942145,6.909090909090908,-69.81360050769396
sifa_guided_budget,SIFA,1,S0,0,1000,6,6,176,0.005036157024793387,14.181818181818178,-45.813600507693955
sifa_guided_budget,SIFA,1,S0,0,1000,7,7,176,0.0032283057851239657,9.090909090909088,-58.81360050769397
sifa_guided_budget,SIFA,1,S0,0,1000,8,8,176,0.006585743801652892,18.545454545454543,-63.81360050769396
sifa_guided_budget,SIFA,1,S0,0,1000,9,9,176,0.0046487603305785125,13.090909090909092,-64.81360050769396
sifa_guided_budget,SIFA,1,S0,0,1000,10,a,176,0.004390495867768594,12.363636363636362,-71.81360050769396
sifa_guided_budget,SIFA,1,S0,0,1000,11,b,176,0.004777892561983471,13.454545454545453,-40.81360050769396
sifa_guided_budget,SIFA,1,S0,0,1000,12,c,176,0.0038094008264462813,10.727272727272728,-64.81360050769396
sifa_guided_budget,SIFA,1,S0,0,1000,13,d,176,0.00774793388429752,21.818181818181817,-25.813600507693963
sifa_guided_budget,SIFA,1,S0,0,1000,14,e,176,0.004519628099173554,12.727272727272728,-70.81360050769398
sifa_guided_budget,SIFA,1,S0,0,1000,15,f,176,0.004196797520661157,11.818181818181818,-71.81360050769396
sifa_guided_budget,SIFA,1,S0,0,1500,0,0,263,0.004480872934407032,18.85551330798479,-82.38055075865631
sifa_guided_budget,SIFA,1,S0,0,1500,1,1,263,0.005637460423021873,23.722433460076044,-97.38055075865633
sifa_guided_budget,SIFA,1,S0,0,1500,2,2,263,0.003931493877314982,16.543726235741445,-81.38055075865633
sifa_guided_budget,SIFA,1,S0,0,1500,3,3,263,0.005463972299729646,22.99239543726235,-101.38055075865631
sifa_guided_budget,SIFA,1,S0,0,1500,4,4,263,0.0026014182654079134,10.946768060836499,-85.38055075865633
sifa_guided_budget,SIFA,1,S0,0,1500,5,5,263,0.001444830776793072,6.079847908745247,-91.38055075865631
sifa_guided_budget,SIFA,1,S0,0,1500,6,6,263,0.0026592476398386564,11.190114068441066,-85.38055075865633
sifa_guided_budget,SIFA,1,S0,0,1500,7,7,263,0.002196612644392719,9.243346007604561,-88.38055075865631
sifa_guided_budget,SIFA,1,S0,0,1500,8,8,263,0.003815835128453498,16.05703422053232,-100.38055075865634
sifa_guided_budget,SIFA,1,S0,0,1500,9,9,263,0.004278470123899434,18.003802281368817,-106.38055075865633
sifa_guided_budget,SIFA,1,S0,0,1500,10,a,263,0.002399015454900316,10.095057034220531,-103.38055075865634
sifa_guided_budget,SIFA,1,S0,0,1500,11,b,263,0.0019942098338851214,8.391634980988592,-64.38055075865631
sifa_guided_budget,SIFA,1,S0,0,1500,12,c,263,0.004770019806560743,20.072243346007607,-91.38055075865631
sifa_guided_budget,SIFA,1,S0,0,1500,13,d,263,0.004914593242637598,20.680608365019012,-42.380550758656334
sifa_guided_budget,SIFA,1,S0,0,1500,14,e,263,0.003642347005161272,15.326996197718632,-92.38055075865633
sifa_guided_budget,SIFA,1,S0,0,1500,15,f,263,0.003931493877314982,16.543726235741445,-116.38055075865631
sifa_guided_budget,SIFA,1,S0,0,2000,0,0,344,0.004326663061114116,23.813953488372096,-118.90840099231093
sifa_guided_budget,SIFA,1,S0,0,2000,1,1,344,0.0037351270957274203,20.558139534883722,-142.90840099231093
sifa_guided_budget,SIFA,1,S0,0,2000,2,2,344,0.002805570578691184,15.441860465116276,-107.90840099231092
sifa_guided_budget,SIFA,1,S0,0,2000,3,3,344,0.0045463764196863165,25.023255813953487,-129.90840099231093
sifa_guided_budget,SIFA,1,S0,0,2000,4,4,344,0.0032280962682531104,17.76744186046512,-129.90840099231093
sifa_guided_budget,SIFA,1,S0,0,2000,5,5,344,0.0014872904272579777,8.186046511627909,-125.90840099231093
sifa_guided_budget,SIFA,1,S0,0,2000,6,6,344,0.0024844510546241216,13.674418604651166,-92.90840099231093
sifa_guided_budget,SIFA,1,S0,0,2000,7,7,344,0.0017577068685776097,9.674418604651164,-110.90840099231094
sifa_guided_budget,SIFA,1,S0,0,2000,8,8,344,0.0035661168199026504,19.62790697674419,-145.90840099231093
sifa_guided_budget,SIFA,1,S0,0,2000,9,9,344,0.005188615467820443,28.558139534883715,-117.90840099231093
sifa_guided_budget,SIFA,1,S0,0,2000,10,a,344,0.0021971335857220117,12.093023255813952,-142.90840099231093
sifa_guided_budget,SIFA,1,S0,0,2000,11,b,344,0.0013858842617631153,7.627906976744186,-92.90840099231094
sifa_guided_budget,SIFA,1,S0,0,2000,12,c,344,0.004563277447268793,25.116279069767437,-110.90840099231094
sifa_guided_budget,SIFA,1,S0,0,2000,13,d,344,0.006422390481341265,35.34883720930232,-34.908400992310945
sifa_guided_budget,SIFA,1,S0,0,2000,14,e,344,0.003921038399134666,21.5813953488372,-121.90840099231093
sifa_guided_budget,SIFA,1,S0,0,2000,15,f,344,0.002636560302866414,14.511627906976742,-143.90840099231093
sifa_guided_budget,SIFA,1,S0,0,3000,0,0,522,0.0022964651135479516,19.18007662835249,-185.40170150577413
sifa_guided_budget,SIFA,1,S0,0,3000,1,1,522,0.002105628220372572,17.586206896551722,-200.40170150577416
sifa_guided_budget,SIFA,1,S0,0,3000,2,2,522,0.0031332114913169215,26.168582375478927,-193.40170150577416
sifa_guided_budget,SIFA,1,S0,0,3000,3,3,522,0.0019441508492241749,16.237547892720308,-168.40170150577416
sifa_guided_budget,SIFA,1,S0,0,3000,4,4,522,0.00154045742135318,12.86590038314176,-200.40170150577418
sifa_guided_budget,SIFA,1,S0,0,3000,5,5,522,0.0019955300127713917,16.666666666666664,-215.40170150577416
sifa_guided_budget,SIFA,1,S0,0,3000,6,6,522,0.0027515377049661628,22.980842911877392,-158.40170150577416
sifa_guided_budget,SIFA,1,S0,0,3000,7,7,522,0.0017606538365555406,14.704980842911874,-189.40170150577416
sifa_guided_budget,SIFA,1,S0,0,3000,8,8,522,0.0039552781080724,33.03448275862069,-215.40170150577416
sifa_guided_budget,SIFA,1,S0,0,3000,9,9,522,0.001679915150981342,14.030651340996167,-168.40170150577416
sifa_guided_budget,SIFA,1,S0,0,3000,10,a,522,0.0016432157484476155,13.724137931034484,-209.40170150577413
sifa_guided_budget,SIFA,1,S0,0,3000,11,b,522,0.0028249365100336166,23.593869731800766,-134.40170150577416
sifa_guided_budget,SIFA,1,S0,0,3000,12,c,522,0.0038158203784442383,31.869731800766278,-179.40170150577416
sifa_guided_budget,SIFA,1,S0,0,3000,13,d,522,0.007999552267289088,66.81226053639847,-24.401701505774156
sifa_guided_budget,SIFA,1,S0,0,3000,14,e,522,0.00352956503868117,29.47892720306513,-189.40170150577413
sifa_guided_budget,SIFA,1,S0,0,3000,15,f,522,0.0025900603338177655,21.632183908045977,-206.40170150577416
sifa_guided_budget,SIFA,1,S0,0,4000,0,0,695,0.0013414160757724749,14.91654676258992,-247.19575200481424
sifa_guided_budget,SIFA,1,S0,0,4000,1,1,695,0.0011840743232751922,13.166906474820138,-263.19575200481427
sifa_guided_budget,SIFA,1,S0,0,4000,2,2,695,0.0021571088452978626,23.98705035971223,-285.1957520048142
sifa_guided_budget,SIFA,1,S0,0,4000,3,3,695,0.0011302468816313852,12.568345323741003,-202.1957520048142
sifa_guided_budget,SIFA,1,S0,0,4000,4,4,695,0.0014946172558356194,16.620143884892087,-252.19575200481424
sifa_guided_budget,SIFA,1,S0,0,4000,5,5,695,0.0025131980746338177,27.946762589928053,-311.1957520048142
sifa_guided_budget,SIFA,1,S0,0,4000,6,6,695,0.0035234977485637388,39.18129496402877,-220.1957520048142
sifa_guided_budget,SIFA,1,S0,0,4000,7,7,695,0.0010515760053827438,11.69352517985611,-254.1957520048142
sifa_guided_budget,SIFA,1,S0,0,4000,8,8,695,0.0034241240101444024,38.076258992805755,-274.1957520048142
sifa_guided_budget,SIFA,1,S0,0,4000,9,9,695,0.001647818435898762,18.323741007194233,-233.1957520048142
sifa_guided_budget,SIFA,1,S0,0,4000,10,a,695,0.0015650069872159827,17.402877697841728,-275.1957520048142
sifa_guided_budget,SIFA,1,S0,0,4000,11,b,695,0.002960379897520832,32.91942446043165,-203.19575200481424
sifa_guided_budget,SIFA,1,S0,0,4000,12,c,695,0.002774054137984576,30.847482014388486,-232.1957520048142
sifa_guided_budget,SIFA,1,S0,0,4000,13,d,695,0.009278893432016976,103.18129496402877,-20.19575200481421
sifa_guided_budget,SIFA,1,S0,0,4000,14,e,695,0.0030142073391646396,33.517985611510795,-266.19575200481427
sifa_guided_budget,SIFA,1,S0,0,4000,15,f,695,0.0017720356089229337,19.705035971223023,-239.19575200481418
sifa_guided_budget,SIFA,1,S0,0,6000,0,0,1042,0.0010091972104435219,16.825335892514396,-383.123703005779
sifa_guided_budget,SIFA,1,S0,0,6000,1,1,1042,0.0004694850814725851,7.827255278310939,-360.12370300577896
sifa_guided_budget,SIFA,1,S0,0,6000,2,2,1042,0.001683376866427695,28.065259117082533,-400.123703005779
sifa_guided_budget,SIFA,1,S0,0,6000,3,3,1042,0.0010589317752292397,17.654510556621883,-345.123703005779
sifa_guided_budget,SIFA,1,S0,0,6000,4,4,1042,0.0011915572813244865,19.86564299424184,-399.123703005779
sifa_guided_budget,SIFA,1,S0,0,6000,5,5,1042,0.0029046367350547635,48.42610364683302,-446.12370300577913
sifa_guided_budget,SIFA,1,S0,0,6000,6,6,1042,0.0034664531150415735,57.792706333973115,-322.1237030057791
sifa_guided_budget,SIFA,1,S0,0,6000,7,7,1042,0.0007071057798932366,11.78886756238004,-369.123703005779
sifa_guided_budget,SIFA,1,S0,0,6000,8,8,1042,0.002072043280123489,34.54510556621881,-421.123703005779
sifa_guided_budget,SIFA,1,S0,0,6000,9,9,1042,0.0011841891976525284,19.742802303262955,-364.1237030057791
sifa_guided_budget,SIFA,1,S0,0,6000,10,a,1042,0.0011510328211287169,19.190019193857967,-412.123703005779
sifa_guided_budget,SIFA,1,S0,0,6000,11,b,1042,0.002278349622938318,37.98464491362763,-299.123703005779
sifa_guided_budget,SIFA,1,S0,0,6000,12,c,1042,0.0026338596601103,43.91170825335892,-354.1237030057791
sifa_guided_budget,SIFA,1,S0,0,6000,13,d,1042,0.008515432451250918,141.96928982725532,-21.12370300577902
sifa_guided_budget,SIFA,1,S0,0,6000,14,e,1042,0.0034406648221897203,57.36276391554702,-385.123703005779
sifa_guided_budget,SIFA,1,S0,0,6000,15,f,1042,0.0020094145689118444,33.50095969289827,-384.12370300577896
sifa_guided_budget,SIFA,1,S0,0,8000,0,0,1406,0.0010024857904246984,22.551920341394013,-513.8291040557825
sifa_guided_budget,SIFA,1,S0,0,8000,1,1,1406,0.00033475209880839914,7.530583214793747,-469.8291040557825
sifa_guided_budget,SIFA,1,S0,0,8000,2,2,1406,0.001642903103747605,36.95874822190612,-525.8291040557825
sifa_guided_budget,SIFA,1,S0,0,8000,3,3,1406,0.0007991305297960984,17.97724039829303,-511.82910405578247
sifa_guided_budget,SIFA,1,S0,0,8000,4,4,1406,0.0011653723424704932,26.216216216216214,-514.8291040557825
sifa_guided_budget,SIFA,1,S0,0,8000,5,5,1406,0.0022205939187671616,49.95448079658607,-596.8291040557824
sifa_guided_budget,SIFA,1,S0,0,8000,6,6,1406,0.0033850810082374054,76.15078236130867,-444.8291040557824
sifa_guided_budget,SIFA,1,S0,0,8000,7,7,1406,0.0005148378520018859,11.581792318634426,-496.8291040557824
sifa_guided_budget,SIFA,1,S0,0,8000,8,8,1406,0.0015063212122806346,33.88620199146516,-555.8291040557825
sifa_guided_budget,SIFA,1,S0,0,8000,9,9,1406,0.0011168098921711261,25.123755334281654,-487.8291040557824
sifa_guided_budget,SIFA,1,S0,0,8000,10,a,1406,0.000977192847560445,21.982930298719772,-558.8291040557824
sifa_guided_budget,SIFA,1,S0,0,8000,11,b,1406,0.0019332660878292388,43.49075391180656,-398.8291040557825
sifa_guided_budget,SIFA,1,S0,0,8000,12,c,1406,0.002779062097209885,62.51778093883357,-521.8291040557825
sifa_guided_budget,SIFA,1,S0,0,8000,13,d,1406,0.007952986489521637,178.91038406827874,-33.82910405578241
sifa_guided_budget,SIFA,1,S0,0,8000,14,e,1406,0.003931408574105287,88.44096728307252,-484.8291040557824
sifa_guided_budget,SIFA,1,S0,0,8000,15,f,1406,0.0023996679542460783,53.98293029871978,-528.8291040557824
sifa_guided_budget,SIFA,1,S5,5,250,0,0,37,0.017120160701241782,10.135135135135135,-13.574450106731115
sifa_guided_budget,SIFA,1,S5,5,250,1,1,37,0.014198319941563186,8.405405405405405,-9.574450106731119
sifa_guided_budget,SIFA,1,S5,5,250,2,2,37,0.018581081081081086,11.000000000000004,-6.574450106731119
sifa_guided_budget,SIFA,1,S5,5,250,3,3,37,0.014198319941563186,8.405405405405405,-11.574450106731119
sifa_guided_budget,SIFA,1,S5,5,250,4,4,37,0.018581081081081082,11.0,-8.57445010673112
sifa_guided_budget,SIFA,1,S5,5,250,5,5,37,0.03611212563915267,21.37837837837838,-23.574450106731113
sifa_guided_budget,SIFA,1,S5,5,250,6,6,37,0.02150292184075968,12.72972972972973,-6.574450106731117
sifa_guided_budget,SIFA,1,S5,5,250,7,7,37,0.012737399561723888,7.540540540540541,-14.574450106731117
sifa_guided_budget,SIFA,1,S5,5,250,8,8,37,0.021502921840759682,12.729729729729732,-12.574450106731119
sifa_guided_budget,SIFA,1,S5,5,250,9,9,37,0.020042001460920382,11.864864864864867,-9.57445010673112
sifa_guided_budget,SIFA,1,S5,5,250,10,a,37,0.03319028487947407,19.64864864864865,-14.574450106731117
sifa_guided_budget,SIFA,1,S5,5,250,11,b,37,0.014198319941563186,8.405405405405405,-20.57445010673112
sifa_guided_budget,SIFA,1,S5,5,250,12,c,37,0.021502921840759682,12.729729729729732,-19.57445010673112
sifa_guided_budget,SIFA,1,S5,5,250,13,d,37,0.024424762600438278,14.459459459459461,-5.574450106731118
sifa_guided_budget,SIFA,1,S5,5,250,14,e,37,0.03903396639883126,23.10810810810811,-13.574450106731119
sifa_guided_budget,SIFA,1,S5,5,250,15,f,37,0.025885682980277575,15.324324324324325,-10.574450106731117
sifa_guided_budget,SIFA,1,S5,5,500,0,0,76,0.00917590027700831,11.157894736842104,-25.828600219231486
sifa_guided_budget,SIFA,1,S5,5,500,1,1,76,0.010560941828254847,12.842105263157894,-26.82860021923149
sifa_guided_budget,SIFA,1,S5,5,500,2,2,76,0.00917590027700831,11.157894736842104,-23.828600219231486
sifa_guided_budget,SIFA,1,S5,5,500,3,3,76,0.010907202216066482,13.263157894736842,-22.828600219231483
sifa_guided_budget,SIFA,1,S5,5,500,4,4,76,0.010560941828254847,12.842105263157894,-26.828600219231486
sifa_guided_budget,SIFA,1,S5,5,500,5,5,76,0.025796398891966763,31.368421052631582,-47.82860021923149
sifa_guided_budget,SIFA,1,S5,5,500,6,6,76,0.02579639889196676,31.36842105263158,-0.8286002192314825
sifa_guided_budget,SIFA,1,S5,5,500,7,7,76,0.011253462603878113,13.684210526315786,-15.828600219231484
sifa_guided_budget,SIFA,1,S5,5,500,8,8,76,0.011253462603878115,13.684210526315788,-34.82860021923149
sifa_guided_budget,SIFA,1,S5,5,500,9,9,76,0.008137119113573406,9.894736842105262,-19.828600219231486
sifa_guided_budget,SIFA,1,S5,5,500,10,a,76,0.011599722991689751,14.105263157894736,-25.828600219231486
sifa_guided_budget,SIFA,1,S5,5,500,11,b,76,0.00848337950138504,10.315789473684209,-34.82860021923148
sifa_guided_budget,SIFA,1,S5,5,500,12,c,76,0.011945983379501382,14.526315789473681,-35.82860021923149
sifa_guided_budget,SIFA,1,S5,5,500,13,d,76,0.02094875346260388,25.47368421052632,-6.828600219231486
sifa_guided_budget,SIFA,1,S5,5,500,14,e,76,0.023026315789473683,28.0,-30.828600219231486
sifa_guided_budget,SIFA,1,S5,5,500,15,f,76,0.025450138504155125,30.94736842105263,-33.82860021923149
sifa_guided_budget,SIFA,1,S5,5,1000,0,0,154,0.004037358745150953,9.948051948051948,-38.336900444232214
sifa_guided_budget,SIFA,1,S5,5,1000,1,1,154,0.00226640242874009,5.5844155844155825,-59.336900444232214
sifa_guided_budget,SIFA,1,S5,5,1000,2,2,154,0.007916596390622364,19.506493506493506,-55.33690044423223
sifa_guided_budget,SIFA,1,S5,5,1000,3,3,154,0.005049333783100017,12.441558441558442,-56.33690044423222
sifa_guided_budget,SIFA,1,S5,5,1000,4,4,154,0.004627677517287907,11.402597402597403,-70.33690044423221
sifa_guided_budget,SIFA,1,S5,5,1000,5,5,154,0.01449443413729128,35.714285714285715,-89.33690044423221
sifa_guided_budget,SIFA,1,S5,5,1000,6,6,154,0.015169084162590656,37.37662337662338,3.6630995557677792
sifa_guided_budget,SIFA,1,S5,5,1000,7,7,154,0.0069889526058357215,17.220779220779217,-41.33690044423222
sifa_guided_budget,SIFA,1,S5,5,1000,8,8,154,0.006651627593186035,16.38961038961039,-55.336900444232214
sifa_guided_budget,SIFA,1,S5,5,1000,9,9,154,0.004121689998313374,10.155844155844154,-58.336900444232214
sifa_guided_budget,SIFA,1,S5,5,1000,10,a,154,0.005555321302074549,13.688311688311687,-52.336900444232214
sifa_guided_budget,SIFA,1,S5,5,1000,11,b,154,0.004121689998313374,10.155844155844154,-59.336900444232214
sifa_guided_budget,SIFA,1,S5,5,1000,12,c,154,0.004965002529937595,12.233766233766234,-65.33690044423221
sifa_guided_budget,SIFA,1,S5,5,1000,13,d,154,0.01204882779558104,29.688311688311682,-26.33690044423223
sifa_guided_budget,SIFA,1,S5,5,1000,14,e,154,0.01204882779558104,29.688311688311682,-51.33690044423223
sifa_guided_budget,SIFA,1,S5,5,1000,15,f,154,0.010362202732332602,25.532467532467532,-62.336900444232214
sifa_guided_budget,SIFA,1,S5,5,1500,0,0,226,0.003440950740073617,12.4424778761062,-62.8061006519252
sifa_guided_budget,SIFA,1,S5,5,1500,1,1,226,0.004459041428459551,16.123893805309738,-104.80610065192519
sifa_guided_budget,SIFA,1,S5,5,1500,2,2,226,0.005555446785182865,20.08849557522124,-73.8061006519252
sifa_guided_budget,SIFA,1,S5,5,1500,3,3,226,0.002618646722531131,9.46902654867257,-91.80610065192519
sifa_guided_budget,SIFA,1,S5,5,1500,4,4,226,0.003362636071736237,12.159292035398234,-85.8061006519252
sifa_guided_budget,SIFA,1,S5,5,1500,5,5,226,0.012055564257185371,43.5929203539823,-129.8061006519252
sifa_guided_budget,SIFA,1,S5,5,1500,6,6,226,0.014992364319837104,54.212389380530965,12.193899348074808
sifa_guided_budget,SIFA,1,S5,5,1500,7,7,226,0.0037150520792544454,13.433628318584075,-69.80610065192522
sifa_guided_budget,SIFA,1,S5,5,1500,8,8,226,0.0016005560341451957,5.787610619469028,-79.80610065192519
sifa_guided_budget,SIFA,1,S5,5,1500,9,9,226,0.005947020126869764,21.504424778761067,-67.80610065192522
sifa_guided_budget,SIFA,1,S5,5,1500,10,a,226,0.00673016681024356,24.336283185840713,-72.80610065192522
sifa_guided_budget,SIFA,1,S5,5,1500,11,b,226,0.005398817448508107,19.522123893805315,-96.80610065192522
sifa_guided_budget,SIFA,1,S5,5,1500,12,c,226,0.004067468086772654,14.707964601769916,-79.80610065192519
sifa_guided_budget,SIFA,1,S5,5,1500,13,d,226,0.01005854021458219,36.3716814159292,-55.806100651925206
sifa_guided_budget,SIFA,1,S5,5,1500,14,e,226,0.010998316234630746,39.769911504424776,-83.80610065192519
sifa_guided_budget,SIFA,1,S5,5,1500,15,f,226,0.005320502780170726,19.238938053097346,-85.80610065192519
sifa_guided_budget,SIFA,1,S5,5,2000,0,0,300,0.0035444444444444434,17.01333333333333,-94.95500086538743
sifa_guided_budget,SIFA,1,S5,5,2000,1,1,300,0.0027888888888888894,13.386666666666668,-130.95500086538743
sifa_guided_budget,SIFA,1,S5,5,2000,2,2,300,0.004855555555555556,23.30666666666667,-105.95500086538743
sifa_guided_budget,SIFA,1,S5,5,2000,3,3,300,0.001966666666666667,9.440000000000001,-117.95500086538745
sifa_guided_budget,SIFA,1,S5,5,2000,4,4,300,0.002766666666666667,13.280000000000001,-98.95500086538743
sifa_guided_budget,SIFA,1,S5,5,2000,5,5,300,0.007344444444444445,35.25333333333334,-146.95500086538743
sifa_guided_budget,SIFA,1,S5,5,2000,6,6,300,0.011522222222222222,55.306666666666665,1.044999134612553
sifa_guided_budget,SIFA,1,S5,5,2000,7,7,300,0.0030999999999999995,14.879999999999997,-96.95500086538743
sifa_guided_budget,SIFA,1,S5,5,2000,8,8,300,0.0021666666666666666,10.4,-108.95500086538743
sifa_guided_budget,SIFA,1,S5,5,2000,9,9,300,0.0034999999999999996,16.799999999999997,-92.95500086538745
sifa_guided_budget,SIFA,1,S5,5,2000,10,a,300,0.005411111111111111,25.973333333333333,-84.95500086538746
sifa_guided_budget,SIFA,1,S5,5,2000,11,b,300,0.0028777777777777777,13.813333333333333,-118.95500086538743
sifa_guided_budget,SIFA,1,S5,5,2000,12,c,300,0.002033333333333333,9.76,-116.95500086538743
sifa_guided_budget,SIFA,1,S5,5,2000,13,d,300,0.00561111111111111,26.93333333333333,-88.95500086538743
sifa_guided_budget,SIFA,1,S5,5,2000,14,e,300,0.0057666666666666665,27.68,-117.95500086538743
sifa_guided_budget,SIFA,1,S5,5,2000,15,f,300,0.0038555555555555556,18.506666666666668,-109.95500086538743
sifa_guided_budget,SIFA,1,S5,5,3000,0,0,460,0.0028308128544423435,20.834782608695647,-116.3310013269274
sifa_guided_budget,SIFA,1,S5,5,3000,1,1,460,0.0023487712665406424,17.28695652173913,-202.33100132692738
sifa_guided_budget,SIFA,1,S5,5,3000,2,2,460,0.00309546313799622,22.78260869565218,-151.33100132692738
sifa_guided_budget,SIFA,1,S5,5,3000,3,3,460,0.0014886578449905485,10.956521739130437,-185.33100132692738
sifa_guided_budget,SIFA,1,S5,5,3000,4,4,460,0.0031238185255198486,22.991304347826084,-161.33100132692744
sifa_guided_budget,SIFA,1,S5,5,3000,5,5,460,0.007377126654064273,54.29565217391305,-213.33100132692738
sifa_guided_budget,SIFA,1,S5,5,3000,6,6,460,0.012027410207939508,88.52173913043478,19.66899867307258
sifa_guided_budget,SIFA,1,S5,5,3000,7,7,460,0.003653119092627599,26.88695652173913,-180.33100132692744
sifa_guided_budget,SIFA,1,S5,5,3000,8,8,460,0.0028969754253308127,21.321739130434782,-154.33100132692738
sifa_guided_budget,SIFA,1,S5,5,3000,9,9,460,0.0027079395085066165,19.930434782608696,-150.33100132692744
sifa_guided_budget,SIFA,1,S5,5,3000,10,a,460,0.002783553875236294,20.486956521739124,-159.3310013269274
sifa_guided_budget,SIFA,1,S5,5,3000,11,b,460,0.002934782608695652,21.599999999999998,-171.3310013269274
sifa_guided_budget,SIFA,1,S5,5,3000,12,c,460,0.0016304347826086958,12.000000000000002,-167.3310013269274
sifa_guided_budget,SIFA,1,S5,5,3000,13,d,460,0.007301512287334594,53.73913043478261,-147.33100132692744
sifa_guided_budget,SIFA,1,S5,5,3000,14,e,460,0.004673913043478261,34.4,-198.3310013269274
sifa_guided_budget,SIFA,1,S5,5,3000,15,f,460,0.003265595463137997,24.03478260869566,-162.33100132692738
sifa_guided_budget,SIFA,1,S5,5,4000,0,0,609,0.0027689137486147843,26.98029556650246,-180.9686517567365
sifa_guided_budget,SIFA,1,S5,5,4000,1,1,609,0.0022512274826696436,21.935960591133007,-290.9686517567365
sifa_guided_budget,SIFA,1,S5,5,4000,2,2,609,0.003906745020640044,38.06732348111659,-188.96865175673653
sifa_guided_budget,SIFA,1,S5,5,4000,3,3,609,0.001582549389157169,15.420361247947456,-247.96865175673648
sifa_guided_budget,SIFA,1,S5,5,4000,4,4,609,0.004095484805099211,39.90640394088671,-221.96865175673653
sifa_guided_budget,SIFA,1,S5,5,4000,5,5,609,0.008533566022524745,83.15106732348112,-274.96865175673645
sifa_guided_budget,SIFA,1,S5,5,4000,6,6,609,0.016207186402107415,157.92282430213464,72.03134824326347
sifa_guided_budget,SIFA,1,S5,5,4000,7,7,609,0.004149410457801829,40.431855500821015,-251.9686517567365
sifa_guided_budget,SIFA,1,S5,5,4000,8,8,609,0.002693417834831118,26.244663382594414,-178.9686517567365
sifa_guided_budget,SIFA,1,S5,5,4000,9,9,609,0.0022997605701020004,22.408866995073893,-225.9686517567365
sifa_guided_budget,SIFA,1,S5,5,4000,10,a,609,0.0016472601724003115,16.050903119868636,-214.9686517567365
sifa_guided_budget,SIFA,1,S5,5,4000,11,b,609,0.0017766817388865969,17.311986863711,-216.96865175673648
sifa_guided_budget,SIFA,1,S5,5,4000,12,c,609,0.001582549389157169,15.420361247947456,-203.9686517567365
sifa_guided_budget,SIFA,1,S5,5,4000,13,d,609,0.007314846271445559,71.27586206896552,-185.96865175673648
sifa_guided_budget,SIFA,1,S5,5,4000,14,e,609,0.004947510117800589,48.20853858784894,-256.9686517567365
sifa_guided_budget,SIFA,1,S5,5,4000,15,f,609,0.002305153135372262,22.46141215106732,-241.96865175673656
sifa_guided_budget,SIFA,1,S5,5,6000,0,0,929,0.0014888487337218043,22.130247578040898,-311.72065267981645
sifa_guided_budget,SIFA,1,S5,5,6000,1,1,929,0.002042704228420203,30.362755651237897,-413.7206526798165
sifa_guided_budget,SIFA,1,S5,5,6000,2,2,929,0.0026591291723104702,39.52529601722283,-293.72065267981645
sifa_guided_budget,SIFA,1,S5,5,6000,3,3,929,0.0016464310502050305,24.472551130247574,-372.72065267981645
sifa_guided_budget,SIFA,1,S5,5,6000,4,4,929,0.005335711165518208,79.31001076426264,-336.72065267981645
sifa_guided_budget,SIFA,1,S5,5,6000,5,5,929,0.00782921958516455,116.37351991388589,-359.72065267981657
sifa_guided_budget,SIFA,1,S5,5,6000,6,6,929,0.015444153290515749,229.5618945102261,100.27934732018358
sifa_guided_budget,SIFA,1,S5,5,6000,7,7,929,0.00443424761975387,65.91065662002153,-375.72065267981645
sifa_guided_budget,SIFA,1,S5,5,6000,8,8,929,0.0014448183805867857,21.47578040904198,-302.72065267981645
sifa_guided_budget,SIFA,1,S5,5,6000,9,9,929,0.0012826012900893466,19.06458557588805,-359.7206526798164
sifa_guided_budget,SIFA,1,S5,5,6000,10,a,929,0.000865471628810219,12.864370290635096,-315.7206526798165
sifa_guided_budget,SIFA,1,S5,5,6000,11,b,929,0.0012524752589969648,18.616792249730885,-345.72065267981645
sifa_guided_budget,SIFA,1,S5,5,6000,12,c,929,0.0015097052167857609,22.44025834230355,-309.72065267981645
sifa_guided_budget,SIFA,1,S5,5,6000,13,d,929,0.0060587359117353625,90.05705059203443,-295.72065267981634
sifa_guided_budget,SIFA,1,S5,5,6000,14,e,929,0.004218730628092989,62.70721205597418,-424.7206526798164
sifa_guided_budget,SIFA,1,S5,5,6000,15,f,929,0.0022605386070881917,33.600645855758884,-333.7206526798164
sifa_guided_budget,SIFA,1,S5,5,8000,0,0,1227,0.00198165395684839,38.90383048084759,-382.99595353943465
sifa_guided_budget,SIFA,1,S5,5,8000,1,1,1227,0.0013612740106633617,26.724531377343116,-515.9959535394347
sifa_guided_budget,SIFA,1,S5,5,8000,2,2,1227,0.0031001976713832804,60.86308068459656,-403.99595353943454
sifa_guided_budget,SIFA,1,S5,5,8000,3,3,1227,0.0012749256241493855,25.029339853300737,-511.9959535394346
sifa_guided_budget,SIFA,1,S5,5,8000,4,4,1227,0.0048510772625435985,95.23634881825592,-418.99595353943465
sifa_guided_budget,SIFA,1,S5,5,8000,5,5,1227,0.007862643296807966,154.35941320293398,-492.9959535394346
sifa_guided_budget,SIFA,1,S5,5,8000,6,6,1227,0.01544668850616627,303.2493887530562,140.00404646056532
sifa_guided_budget,SIFA,1,S5,5,8000,7,7,1227,0.003911872504614656,76.79788101059492,-538.9959535394346
sifa_guided_budget,SIFA,1,S5,5,8000,8,8,1227,0.0010849591738186378,21.299918500407497,-399.9959535394346
sifa_guided_budget,SIFA,1,S5,5,8000,9,9,1227,0.0016123485499116921,31.65362673186634,-491.99595353943465
sifa_guided_budget,SIFA,1,S5,5,8000,10,a,1227,0.0006625162982579546,13.006519967400164,-429.9959535394347
sifa_guided_budget,SIFA,1,S5,5,8000,11,b,1227,0.0015286570368289152,30.010594947025265,-444.9959535394346
sifa_guided_budget,SIFA,1,S5,5,8000,12,c,1227,0.0011075425979838317,21.743276283618584,-415.9959535394346
sifa_guided_budget,SIFA,1,S5,5,8000,13,d,1227,0.0061290333829504455,120.32518337408315,-386.9959535394346
sifa_guided_budget,SIFA,1,S5,5,8000,14,e,1227,0.004180216721165782,82.06601466992663,-536.9959535394346
sifa_guided_budget,SIFA,1,S5,5,8000,15,f,1227,0.0017412069113248564,34.18337408312958,-438.99595353943465
