pipeline,attack_type,key_id,guess_s0,guess_s5,joint_guess,joint_guess_hex,sei_s0,sei_s5,joint_score
sefa_random_raw,SEFA,0,0,0,0,00,0.00023270135820337574,0.00034509845478995386,0.0005777998129933296
sefa_random_raw,SEFA,0,0,1,1,01,0.00023270135820337574,0.00035496321490738645,0.0005876645731107622
sefa_random_raw,SEFA,0,0,2,2,02,0.00023270135820337574,0.00029726931482664486,0.0005299706730300207
sefa_random_raw,SEFA,0,0,3,3,03,0.00023270135820337574,0.00031983869024683107,0.0005525400484502068
sefa_random_raw,SEFA,0,0,4,4,04,0.00023270135820337574,0.0003817176400743623,0.0006144189982777381
sefa_random_raw,SEFA,0,0,5,5,05,0.00023270135820337574,0.00030025863607435147,0.0005329599942777272
sefa_random_raw,SEFA,0,0,6,6,06,0.00023270135820337574,0.0001923441390321355,0.0004250454972355112
sefa_random_raw,SEFA,0,0,7,7,07,0.00023270135820337574,0.00032402373999362085,0.0005567250981969966
sefa_random_raw,SEFA,0,0,8,8,08,0.00023270135820337574,0.0002817248443385693,0.000514426202541945
sefa_random_raw,SEFA,0,0,9,9,09,0.00023270135820337574,0.000256166147670676,0.0004888675058740517
sefa_random_raw,SEFA,0,0,10,10,0a,0.00023270135820337574,0.00039935463543583257,0.0006320559936392083
sefa_random_raw,SEFA,0,0,11,11,0b,0.00023270135820337574,0.00036243651802665336,0.0005951378762300291
sefa_random_raw,SEFA,0,0,12,12,0c,0.00023270135820337574,0.00023867861837159122,0.00047137997657496696
sefa_random_raw,SEFA,0,0,13,13,0d,0.00023270135820337574,0.0003876962825697759,0.0006203976407731516
sefa_random_raw,SEFA,0,0,14,14,0e,0.00023270135820337574,0.0004474827075239125,0.0006801840657272882
sefa_random_raw,SEFA,0,0,15,15,0f,0.00023270135820337574,0.00030369635550921435,0.0005363977137125901
sefa_random_raw,SEFA,0,1,0,16,10,0.00019762002894688912,0.00034509845478995386,0.000542718483736843
sefa_random_raw,SEFA,0,1,1,17,11,0.00019762002894688912,0.00035496321490738645,0.0005525832438542756
sefa_random_raw,SEFA,0,1,2,18,12,0.00019762002894688912,0.00029726931482664486,0.000494889343773534
sefa_random_raw,SEFA,0,1,3,19,13,0.00019762002894688912,0.00031983869024683107,0.0005174587191937201
sefa_random_raw,SEFA,0,1,4,20,14,0.00019762002894688912,0.0003817176400743623,0.0005793376690212515
sefa_random_raw,SEFA,0,1,5,21,15,0.00019762002894688912,0.00030025863607435147,0.0004978786650212405
sefa_random_raw,SEFA,0,1,6,22,16,0.00019762002894688912,0.0001923441390321355,0.0003899641679790246
sefa_random_raw,SEFA,0,1,7,23,17,0.00019762002894688912,0.00032402373999362085,0.00052164376894051
sefa_random_raw,SEFA,0,1,8,24,18,0.00019762002894688912,0.0002817248443385693,0.0004793448732854584
sefa_random_raw,SEFA,0,1,9,25,19,0.00019762002894688912,0.000256166147670676,0.0004537861766175651
sefa_random_raw,SEFA,0,1,10,26,1a,0.00019762002894688912,0.00039935463543583257,0.0005969746643827217
sefa_random_raw,SEFA,0,1,11,27,1b,0.00019762002894688912,0.00036243651802665336,0.0005600565469735425
sefa_random_raw,SEFA,0,1,12,28,1c,0.00019762002894688912,0.00023867861837159122,0.00043629864731848034
sefa_random_raw,SEFA,0,1,13,29,1d,0.00019762002894688912,0.0003876962825697759,0.000585316311516665
sefa_random_raw,SEFA,0,1,14,30,1e,0.00019762002894688912,0.0004474827075239125,0.0006451027364708016
sefa_random_raw,SEFA,0,1,15,31,1f,0.00019762002894688912,0.00030369635550921435,0.0005013163844561035
sefa_random_raw,SEFA,0,2,0,32,20,0.0002741088288011962,0.00034509845478995386,0.00061920728359115
sefa_random_raw,SEFA,0,2,1,33,21,0.0002741088288011962,0.00035496321490738645,0.0006290720437085826
sefa_random_raw,SEFA,0,2,2,34,22,0.0002741088288011962,0.00029726931482664486,0.0005713781436278411
sefa_random_raw,SEFA,0,2,3,35,23,0.0002741088288011962,0.00031983869024683107,0.0005939475190480273
sefa_random_raw,SEFA,0,2,4,36,24,0.0002741088288011962,0.0003817176400743623,0.0006558264688755585
sefa_random_raw,SEFA,0,2,5,37,25,0.0002741088288011962,0.00030025863607435147,0.0005743674648755477
sefa_random_raw,SEFA,0,2,6,38,26,0.0002741088288011962,0.0001923441390321355,0.0004664529678333317
sefa_random_raw,SEFA,0,2,7,39,27,0.0002741088288011962,0.00032402373999362085,0.000598132568794817
sefa_random_raw,SEFA,0,2,8,40,28,0.0002741088288011962,0.0002817248443385693,0.0005558336731397654
sefa_random_raw,SEFA,0,2,9,41,29,0.0002741088288011962,0.000256166147670676,0.0005302749764718722
sefa_random_raw,SEFA,0,2,10,42,2a,0.0002741088288011962,0.00039935463543583257,0.0006734634642370288
sefa_random_raw,SEFA,0,2,11,43,2b,0.0002741088288011962,0.00036243651802665336,0.0006365453468278495
sefa_random_raw,SEFA,0,2,12,44,2c,0.0002741088288011962,0.00023867861837159122,0.0005127874471727874
sefa_random_raw,SEFA,0,2,13,45,2d,0.0002741088288011962,0.0003876962825697759,0.000661805111370972
sefa_random_raw,SEFA,0,2,14,46,2e,0.0002741088288011962,0.0004474827075239125,0.0007215915363251086
sefa_random_raw,SEFA,0,2,15,47,2f,0.0002741088288011962,0.00030369635550921435,0.0005778051843104105
sefa_random_raw,SEFA,0,3,0,48,30,0.00027391712754842846,0.00034509845478995386,0.0006190155823383823
sefa_random_raw,SEFA,0,3,1,49,31,0.00027391712754842846,0.00035496321490738645,0.0006288803424558149
sefa_random_raw,SEFA,0,3,2,50,32,0.00027391712754842846,0.00029726931482664486,0.0005711864423750733
sefa_random_raw,SEFA,0,3,3,51,33,0.00027391712754842846,0.00031983869024683107,0.0005937558177952595
sefa_random_raw,SEFA,0,3,4,52,34,0.00027391712754842846,0.0003817176400743623,0.0006556347676227907
sefa_random_raw,SEFA,0,3,5,53,35,0.00027391712754842846,0.00030025863607435147,0.0005741757636227799
sefa_random_raw,SEFA,0,3,6,54,36,0.00027391712754842846,0.0001923441390321355,0.000466261266580564
sefa_random_raw,SEFA,0,3,7,55,37,0.00027391712754842846,0.00032402373999362085,0.0005979408675420493
sefa_random_raw,SEFA,0,3,8,56,38,0.00027391712754842846,0.0002817248443385693,0.0005556419718869977
sefa_random_raw,SEFA,0,3,9,57,39,0.00027391712754842846,0.000256166147670676,0.0005300832752191044
sefa_random_raw,SEFA,0,3,10,58,3a,0.00027391712754842846,0.00039935463543583257,0.0006732717629842611
sefa_random_raw,SEFA,0,3,11,59,3b,0.00027391712754842846,0.00036243651802665336,0.0006363536455750818
sefa_random_raw,SEFA,0,3,12,60,3c,0.00027391712754842846,0.00023867861837159122,0.0005125957459200197
sefa_random_raw,SEFA,0,3,13,61,3d,0.00027391712754842846,0.0003876962825697759,0.0006616134101182043
sefa_random_raw,SEFA,0,3,14,62,3e,0.00027391712754842846,0.0004474827075239125,0.0007213998350723409
sefa_random_raw,SEFA,0,3,15,63,3f,0.00027391712754842846,0.00030369635550921435,0.0005776134830576428
sefa_random_raw,SEFA,0,4,0,64,40,0.000325676465795704,0.00034509845478995386,0.0006707749205856579
sefa_random_raw,SEFA,0,4,1,65,41,0.000325676465795704,0.00035496321490738645,0.0006806396807030905
sefa_random_raw,SEFA,0,4,2,66,42,0.000325676465795704,0.00029726931482664486,0.0006229457806223488
sefa_random_raw,SEFA,0,4,3,67,43,0.000325676465795704,0.00031983869024683107,0.0006455151560425351
sefa_random_raw,SEFA,0,4,4,68,44,0.000325676465795704,0.0003817176400743623,0.0007073941058700663
sefa_random_raw,SEFA,0,4,5,69,45,0.000325676465795704,0.00030025863607435147,0.0006259351018700555
sefa_random_raw,SEFA,0,4,6,70,46,0.000325676465795704,0.0001923441390321355,0.0005180206048278395
sefa_random_raw,SEFA,0,4,7,71,47,0.000325676465795704,0.00032402373999362085,0.0006497002057893248
sefa_random_raw,SEFA,0,4,8,72,48,0.000325676465795704,0.0002817248443385693,0.0006074013101342733
sefa_random_raw,SEFA,0,4,9,73,49,0.000325676465795704,0.000256166147670676,0.00058184261346638
sefa_random_raw,SEFA,0,4,10,74,4a,0.000325676465795704,0.00039935463543583257,0.0007250311012315365
sefa_random_raw,SEFA,0,4,11,75,4b,0.000325676465795704,0.00036243651802665336,0.0006881129838223574
sefa_random_raw,SEFA,0,4,12,76,4c,0.000325676465795704,0.00023867861837159122,0.0005643550841672952
sefa_random_raw,SEFA,0,4,13,77,4d,0.000325676465795704,0.0003876962825697759,0.0007133727483654799
sefa_random_raw,SEFA,0,4,14,78,4e,0.000325676465795704,0.0004474827075239125,0.0007731591733196165
sefa_random_raw,SEFA,0,4,15,79,4f,0.000325676465795704,0.00030369635550921435,0.0006293728213049184
sefa_random_raw,SEFA,0,5,0,80,50,0.0003095735605632182,0.00034509845478995386,0.0006546720153531721
sefa_random_raw,SEFA,0,5,1,81,51,0.0003095735605632182,0.00035496321490738645,0.0006645367754706047
sefa_random_raw,SEFA,0,5,2,82,52,0.0003095735605632182,0.00029726931482664486,0.000606842875389863
sefa_random_raw,SEFA,0,5,3,83,53,0.0003095735605632182,0.00031983869024683107,0.0006294122508100493
sefa_random_raw,SEFA,0,5,4,84,54,0.0003095735605632182,0.0003817176400743623,0.0006912912006375805
sefa_random_raw,SEFA,0,5,5,85,55,0.0003095735605632182,0.00030025863607435147,0.0006098321966375697
sefa_random_raw,SEFA,0,5,6,86,56,0.0003095735605632182,0.0001923441390321355,0.0005019176995953537
sefa_random_raw,SEFA,0,5,7,87,57,0.0003095735605632182,0.00032402373999362085,0.000633597300556839
sefa_random_raw,SEFA,0,5,8,88,58,0.0003095735605632182,0.0002817248443385693,0.0005912984049017875
sefa_random_raw,SEFA,0,5,9,89,59,0.0003095735605632182,0.000256166147670676,0.0005657397082338942
sefa_random_raw,SEFA,0,5,10,90,5a,0.0003095735605632182,0.00039935463543583257,0.0007089281959990507
sefa_random_raw,SEFA,0,5,11,91,5b,0.0003095735605632182,0.00036243651802665336,0.0006720100785898716
sefa_random_raw,SEFA,0,5,12,92,5c,0.0003095735605632182,0.00023867861837159122,0.0005482521789348094
sefa_random_raw,SEFA,0,5,13,93,5d,0.0003095735605632182,0.0003876962825697759,0.0006972698431329941
sefa_random_raw,SEFA,0,5,14,94,5e,0.0003095735605632182,0.0004474827075239125,0.0007570562680871307
sefa_random_raw,SEFA,0,5,15,95,5f,0.0003095735605632182,0.00030369635550921435,0.0006132699160724326
sefa_random_raw,SEFA,0,6,0,96,60,0.0002164067517181224,0.00034509845478995386,0.0005615052065080763
sefa_random_raw,SEFA,0,6,1,97,61,0.0002164067517181224,0.00035496321490738645,0.0005713699666255089
sefa_random_raw,SEFA,0,6,2,98,62,0.0002164067517181224,0.00029726931482664486,0.0005136760665447672
sefa_random_raw,SEFA,0,6,3,99,63,0.0002164067517181224,0.00031983869024683107,0.0005362454419649534
sefa_random_raw,SEFA,0,6,4,100,64,0.0002164067517181224,0.0003817176400743623,0.0005981243917924846
sefa_random_raw,SEFA,0,6,5,101,65,0.0002164067517181224,0.00030025863607435147,0.0005166653877924738
sefa_random_raw,SEFA,0,6,6,102,66,0.0002164067517181224,0.0001923441390321355,0.0004087508907502579
sefa_random_raw,SEFA,0,6,7,103,67,0.0002164067517181224,0.00032402373999362085,0.0005404304917117432
sefa_random_raw,SEFA,0,6,8,104,68,0.0002164067517181224,0.0002817248443385693,0.0004981315960566917
sefa_random_raw,SEFA,0,6,9,105,69,0.0002164067517181224,0.000256166147670676,0.00047257289938879834
sefa_random_raw,SEFA,0,6,10,106,6a,0.0002164067517181224,0.00039935463543583257,0.000615761387153955
sefa_random_raw,SEFA,0,6,11,107,6b,0.0002164067517181224,0.00036243651802665336,0.0005788432697447758
sefa_random_raw,SEFA,0,6,12,108,6c,0.0002164067517181224,0.00023867861837159122,0.0004550853700897136
sefa_random_raw,SEFA,0,6,13,109,6d,0.0002164067517181224,0.0003876962825697759,0.0006041030342878983
sefa_random_raw,SEFA,0,6,14,110,6e,0.0002164067517181224,0.0004474827075239125,0.0006638894592420349
sefa_random_raw,SEFA,0,6,15,111,6f,0.0002164067517181224,0.00030369635550921435,0.0005201031072273368
sefa_random_raw,SEFA,0,7,0,112,70,0.00019033538134171716,0.00034509845478995386,0.000535433836131671
sefa_random_raw,SEFA,0,7,1,113,71,0.00019033538134171716,0.00035496321490738645,0.0005452985962491036
sefa_random_raw,SEFA,0,7,2,114,72,0.00019033538134171716,0.00029726931482664486,0.000487604696168362
sefa_random_raw,SEFA,0,7,3,115,73,0.00019033538134171716,0.00031983869024683107,0.0005101740715885482
sefa_random_raw,SEFA,0,7,4,116,74,0.00019033538134171716,0.0003817176400743623,0.0005720530214160794
sefa_random_raw,SEFA,0,7,5,117,75,0.00019033538134171716,0.00030025863607435147,0.0004905940174160686
sefa_random_raw,SEFA,0,7,6,118,76,0.00019033538134171716,0.0001923441390321355,0.00038267952037385265
sefa_random_raw,SEFA,0,7,7,119,77,0.00019033538134171716,0.00032402373999362085,0.000514359121335338
sefa_random_raw,SEFA,0,7,8,120,78,0.00019033538134171716,0.0002817248443385693,0.0004720602256802865
sefa_random_raw,SEFA,0,7,9,121,79,0.00019033538134171716,0.000256166147670676,0.0004465015290123931
sefa_random_raw,SEFA,0,7,10,122,7a,0.00019033538134171716,0.00039935463543583257,0.0005896900167775498
sefa_random_raw,SEFA,0,7,11,123,7b,0.00019033538134171716,0.00036243651802665336,0.0005527718993683705
sefa_random_raw,SEFA,0,7,12,124,7c,0.00019033538134171716,0.00023867861837159122,0.00042901399971330835
sefa_random_raw,SEFA,0,7,13,125,7d,0.00019033538134171716,0.0003876962825697759,0.0005780316639114931
sefa_random_raw,SEFA,0,7,14,126,7e,0.00019033538134171716,0.0004474827075239125,0.0006378180888656297
sefa_random_raw,SEFA,0,7,15,127,7f,0.00019033538134171716,0.00030369635550921435,0.0004940317368509315
sefa_random_raw,SEFA,0,8,0,128,80,0.00038414534788984867,0.00034509845478995386,0.0007292438026798025
sefa_random_raw,SEFA,0,8,1,129,81,0.00038414534788984867,0.00035496321490738645,0.0007391085627972351
sefa_random_raw,SEFA,0,8,2,130,82,0.00038414534788984867,0.00029726931482664486,0.0006814146627164935
sefa_random_raw,SEFA,0,8,3,131,83,0.00038414534788984867,0.00031983869024683107,0.0007039840381366797
sefa_random_raw,SEFA,0,8,4,132,84,0.00038414534788984867,0.0003817176400743623,0.000765862987964211
sefa_random_raw,SEFA,0,8,5,133,85,0.00038414534788984867,0.00030025863607435147,0.0006844039839642001
sefa_random_raw,SEFA,0,8,6,134,86,0.00038414534788984867,0.0001923441390321355,0.0005764894869219842
sefa_random_raw,SEFA,0,8,7,135,87,0.00038414534788984867,0.00032402373999362085,0.0007081690878834695
sefa_random_raw,SEFA,0,8,8,136,88,0.00038414534788984867,0.0002817248443385693,0.0006658701922284179
sefa_random_raw,SEFA,0,8,9,137,89,0.00038414534788984867,0.000256166147670676,0.0006403114955605247
sefa_random_raw,SEFA,0,8,10,138,8a,0.00038414534788984867,0.00039935463543583257,0.0007834999833256813
sefa_random_raw,SEFA,0,8,11,139,8b,0.00038414534788984867,0.00036243651802665336,0.000746581865916502
sefa_random_raw,SEFA,0,8,12,140,8c,0.00038414534788984867,0.00023867861837159122,0.0006228239662614399
sefa_random_raw,SEFA,0,8,13,141,8d,0.00038414534788984867,0.0003876962825697759,0.0007718416304596245
sefa_random_raw,SEFA,0,8,14,142,8e,0.00038414534788984867,0.0004474827075239125,0.0008316280554137611
sefa_random_raw,SEFA,0,8,15,143,8f,0.00038414534788984867,0.00030369635550921435,0.000687841703399063
sefa_random_raw,SEFA,0,9,0,144,90,0.0003714930652071811,0.00034509845478995386,0.0007165915199971349
sefa_random_raw,SEFA,0,9,1,145,91,0.0003714930652071811,0.00035496321490738645,0.0007264562801145675
sefa_random_raw,SEFA,0,9,2,146,92,0.0003714930652071811,0.00029726931482664486,0.000668762380033826
sefa_random_raw,SEFA,0,9,3,147,93,0.0003714930652071811,0.00031983869024683107,0.0006913317554540122
sefa_random_raw,SEFA,0,9,4,148,94,0.0003714930652071811,0.0003817176400743623,0.0007532107052815434
sefa_random_raw,SEFA,0,9,5,149,95,0.0003714930652071811,0.00030025863607435147,0.0006717517012815326
sefa_random_raw,SEFA,0,9,6,150,96,0.0003714930652071811,0.0001923441390321355,0.0005638372042393166
sefa_random_raw,SEFA,0,9,7,151,97,0.0003714930652071811,0.00032402373999362085,0.000695516805200802
sefa_random_raw,SEFA,0,9,8,152,98,0.0003714930652071811,0.0002817248443385693,0.0006532179095457503
sefa_random_raw,SEFA,0,9,9,153,99,0.0003714930652071811,0.000256166147670676,0.0006276592128778571
sefa_random_raw,SEFA,0,9,10,154,9a,0.0003714930652071811,0.00039935463543583257,0.0007708477006430137
sefa_random_raw,SEFA,0,9,11,155,9b,0.0003714930652071811,0.00036243651802665336,0.0007339295832338344
sefa_random_raw,SEFA,0,9,12,156,9c,0.0003714930652071811,0.00023867861837159122,0.0006101716835787723
sefa_random_raw,SEFA,0,9,13,157,9d,0.0003714930652071811,0.0003876962825697759,0.0007591893477769569
sefa_random_raw,SEFA,0,9,14,158,9e,0.0003714930652071811,0.0004474827075239125,0.0008189757727310935
sefa_random_raw,SEFA,0,9,15,159,9f,0.0003714930652071811,0.00030369635550921435,0.0006751894207163954
sefa_random_raw,SEFA,0,10,0,160,a0,0.00040389057692492,0.00034509845478995386,0.0007489890317148738
sefa_random_raw,SEFA,0,10,1,161,a1,0.00040389057692492,0.00035496321490738645,0.0007588537918323064
sefa_random_raw,SEFA,0,10,2,162,a2,0.00040389057692492,0.00029726931482664486,0.0007011598917515649
sefa_random_raw,SEFA,0,10,3,163,a3,0.00040389057692492,0.00031983869024683107,0.0007237292671717511
sefa_random_raw,SEFA,0,10,4,164,a4,0.00040389057692492,0.0003817176400743623,0.0007856082169992823
sefa_random_raw,SEFA,0,10,5,165,a5,0.00040389057692492,0.00030025863607435147,0.0007041492129992715
sefa_random_raw,SEFA,0,10,6,166,a6,0.00040389057692492,0.0001923441390321355,0.0005962347159570555
sefa_random_raw,SEFA,0,10,7,167,a7,0.00040389057692492,0.00032402373999362085,0.0007279143169185409
sefa_random_raw,SEFA,0,10,8,168,a8,0.00040389057692492,0.0002817248443385693,0.0006856154212634892
sefa_random_raw,SEFA,0,10,9,169,a9,0.00040389057692492,0.000256166147670676,0.000660056724595596
sefa_random_raw,SEFA,0,10,10,170,aa,0.00040389057692492,0.00039935463543583257,0.0008032452123607526
sefa_random_raw,SEFA,0,10,11,171,ab,0.00040389057692492,0.00036243651802665336,0.0007663270949515733
sefa_random_raw,SEFA,0,10,12,172,ac,0.00040389057692492,0.00023867861837159122,0.0006425691952965112
sefa_random_raw,SEFA,0,10,13,173,ad,0.00040389057692492,0.0003876962825697759,0.0007915868594946958
sefa_random_raw,SEFA,0,10,14,174,ae,0.00040389057692492,0.0004474827075239125,0.0008513732844488324
sefa_random_raw,SEFA,0,10,15,175,af,0.00040389057692492,0.00030369635550921435,0.0007075869324341343
sefa_random_raw,SEFA,0,11,0,176,b0,0.0003176250131794612,0.00034509845478995386,0.000662723467969415
sefa_random_raw,SEFA,0,11,1,177,b1,0.0003176250131794612,0.00035496321490738645,0.0006725882280868476
sefa_random_raw,SEFA,0,11,2,178,b2,0.0003176250131794612,0.00029726931482664486,0.000614894328006106
sefa_random_raw,SEFA,0,11,3,179,b3,0.0003176250131794612,0.00031983869024683107,0.0006374637034262923
sefa_random_raw,SEFA,0,11,4,180,b4,0.0003176250131794612,0.0003817176400743623,0.0006993426532538235
sefa_random_raw,SEFA,0,11,5,181,b5,0.0003176250131794612,0.00030025863607435147,0.0006178836492538127
sefa_random_raw,SEFA,0,11,6,182,b6,0.0003176250131794612,0.0001923441390321355,0.0005099691522115967
sefa_random_raw,SEFA,0,11,7,183,b7,0.0003176250131794612,0.00032402373999362085,0.000641648753173082
sefa_random_raw,SEFA,0,11,8,184,b8,0.0003176250131794612,0.0002817248443385693,0.0005993498575180304
sefa_random_raw,SEFA,0,11,9,185,b9,0.0003176250131794612,0.000256166147670676,0.0005737911608501372
sefa_random_raw,SEFA,0,11,10,186,ba,0.0003176250131794612,0.00039935463543583257,0.0007169796486152938
sefa_random_raw,SEFA,0,11,11,187,bb,0.0003176250131794612,0.00036243651802665336,0.0006800615312061145
sefa_random_raw,SEFA,0,11,12,188,bc,0.0003176250131794612,0.00023867861837159122,0.0005563036315510524
sefa_random_raw,SEFA,0,11,13,189,bd,0.0003176250131794612,0.0003876962825697759,0.000705321295749237
sefa_random_raw,SEFA,0,11,14,190,be,0.0003176250131794612,0.0004474827075239125,0.0007651077207033736
sefa_random_raw,SEFA,0,11,15,191,bf,0.0003176250131794612,0.00030369635550921435,0.0006213213686886755
sefa_random_raw,SEFA,0,12,0,192,c0,0.00045622501893049854,0.00034509845478995386,0.0008013234737204525
sefa_random_raw,SEFA,0,12,1,193,c1,0.00045622501893049854,0.00035496321490738645,0.000811188233837885
sefa_random_raw,SEFA,0,12,2,194,c2,0.00045622501893049854,0.00029726931482664486,0.0007534943337571434
sefa_random_raw,SEFA,0,12,3,195,c3,0.00045622501893049854,0.00031983869024683107,0.0007760637091773296
sefa_random_raw,SEFA,0,12,4,196,c4,0.00045622501893049854,0.0003817176400743623,0.0008379426590048608
sefa_random_raw,SEFA,0,12,5,197,c5,0.00045622501893049854,0.00030025863607435147,0.00075648365500485
sefa_random_raw,SEFA,0,12,6,198,c6,0.00045622501893049854,0.0001923441390321355,0.0006485691579626341
sefa_random_raw,SEFA,0,12,7,199,c7,0.00045622501893049854,0.00032402373999362085,0.0007802487589241194
sefa_random_raw,SEFA,0,12,8,200,c8,0.00045622501893049854,0.0002817248443385693,0.0007379498632690679
sefa_random_raw,SEFA,0,12,9,201,c9,0.00045622501893049854,0.000256166147670676,0.0007123911666011745
sefa_random_raw,SEFA,0,12,10,202,ca,0.00045622501893049854,0.00039935463543583257,0.0008555796543663311
sefa_random_raw,SEFA,0,12,11,203,cb,0.00045622501893049854,0.00036243651802665336,0.000818661536957152
sefa_random_raw,SEFA,0,12,12,204,cc,0.00045622501893049854,0.00023867861837159122,0.0006949036373020898
sefa_random_raw,SEFA,0,12,13,205,cd,0.00045622501893049854,0.0003876962825697759,0.0008439213015002745
sefa_random_raw,SEFA,0,12,14,206,ce,0.00045622501893049854,0.0004474827075239125,0.0009037077264544111
sefa_random_raw,SEFA,0,12,15,207,cf,0.00045622501893049854,0.00030369635550921435,0.000759921374439713
sefa_random_raw,SEFA,0,13,0,208,d0,0.00028733621524216655,0.00034509845478995386,0.0006324346700321204
sefa_random_raw,SEFA,0,13,1,209,d1,0.00028733621524216655,0.00035496321490738645,0.000642299430149553
sefa_random_raw,SEFA,0,13,2,210,d2,0.00028733621524216655,0.00029726931482664486,0.0005846055300688114
sefa_random_raw,SEFA,0,13,3,211,d3,0.00028733621524216655,0.00031983869024683107,0.0006071749054889976
sefa_random_raw,SEFA,0,13,4,212,d4,0.00028733621524216655,0.0003817176400743623,0.0006690538553165288
sefa_random_raw,SEFA,0,13,5,213,d5,0.00028733621524216655,0.00030025863607435147,0.000587594851316518
sefa_random_raw,SEFA,0,13,6,214,d6,0.00028733621524216655,0.0001923441390321355,0.0004796803542743021
sefa_random_raw,SEFA,0,13,7,215,d7,0.00028733621524216655,0.00032402373999362085,0.0006113599552357874
sefa_random_raw,SEFA,0,13,8,216,d8,0.00028733621524216655,0.0002817248443385693,0.0005690610595807358
sefa_random_raw,SEFA,0,13,9,217,d9,0.00028733621524216655,0.000256166147670676,0.0005435023629128425
sefa_random_raw,SEFA,0,13,10,218,da,0.00028733621524216655,0.00039935463543583257,0.0006866908506779992
sefa_random_raw,SEFA,0,13,11,219,db,0.00028733621524216655,0.00036243651802665336,0.0006497727332688199
sefa_random_raw,SEFA,0,13,12,220,dc,0.00028733621524216655,0.00023867861837159122,0.0005260148336137578
sefa_random_raw,SEFA,0,13,13,221,dd,0.00028733621524216655,0.0003876962825697759,0.0006750324978119424
sefa_random_raw,SEFA,0,13,14,222,de,0.00028733621524216655,0.0004474827075239125,0.000734818922766079
sefa_random_raw,SEFA,0,13,15,223,df,0.00028733621524216655,0.00030369635550921435,0.0005910325707513809
sefa_random_raw,SEFA,0,14,0,224,e0,0.0002141063366849102,0.00034509845478995386,0.000559204791474864
sefa_random_raw,SEFA,0,14,1,225,e1,0.0002141063366849102,0.00035496321490738645,0.0005690695515922966
sefa_random_raw,SEFA,0,14,2,226,e2,0.0002141063366849102,0.00029726931482664486,0.0005113756515115551
sefa_random_raw,SEFA,0,14,3,227,e3,0.0002141063366849102,0.00031983869024683107,0.0005339450269317412
sefa_random_raw,SEFA,0,14,4,228,e4,0.0002141063366849102,0.0003817176400743623,0.0005958239767592725
sefa_random_raw,SEFA,0,14,5,229,e5,0.0002141063366849102,0.00030025863607435147,0.0005143649727592616
sefa_random_raw,SEFA,0,14,6,230,e6,0.0002141063366849102,0.0001923441390321355,0.00040645047571704566
sefa_random_raw,SEFA,0,14,7,231,e7,0.0002141063366849102,0.00032402373999362085,0.0005381300766785311
sefa_random_raw,SEFA,0,14,8,232,e8,0.0002141063366849102,0.0002817248443385693,0.0004958311810234795
sefa_random_raw,SEFA,0,14,9,233,e9,0.0002141063366849102,0.000256166147670676,0.00047027248435558617
sefa_random_raw,SEFA,0,14,10,234,ea,0.0002141063366849102,0.00039935463543583257,0.0006134609721207428
sefa_random_raw,SEFA,0,14,11,235,eb,0.0002141063366849102,0.00036243651802665336,0.0005765428547115636
sefa_random_raw,SEFA,0,14,12,236,ec,0.0002141063366849102,0.00023867861837159122,0.0004527849550565014
sefa_random_raw,SEFA,0,14,13,237,ed,0.0002141063366849102,0.0003876962825697759,0.0006018026192546861
sefa_random_raw,SEFA,0,14,14,238,ee,0.0002141063366849102,0.0004474827075239125,0.0006615890442088227
sefa_random_raw,SEFA,0,14,15,239,ef,0.0002141063366849102,0.00030369635550921435,0.0005178026921941245
sefa_random_raw,SEFA,0,15,0,240,f0,0.0003592241850300491,0.00034509845478995386,0.000704322639820003
sefa_random_raw,SEFA,0,15,1,241,f1,0.0003592241850300491,0.00035496321490738645,0.0007141873999374356
sefa_random_raw,SEFA,0,15,2,242,f2,0.0003592241850300491,0.00029726931482664486,0.000656493499856694
sefa_random_raw,SEFA,0,15,3,243,f3,0.0003592241850300491,0.00031983869024683107,0.0006790628752768802
sefa_random_raw,SEFA,0,15,4,244,f4,0.0003592241850300491,0.0003817176400743623,0.0007409418251044114
sefa_random_raw,SEFA,0,15,5,245,f5,0.0003592241850300491,0.00030025863607435147,0.0006594828211044006
sefa_random_raw,SEFA,0,15,6,246,f6,0.0003592241850300491,0.0001923441390321355,0.0005515683240621846
sefa_random_raw,SEFA,0,15,7,247,f7,0.0003592241850300491,0.00032402373999362085,0.00068324792502367
sefa_random_raw,SEFA,0,15,8,248,f8,0.0003592241850300491,0.0002817248443385693,0.0006409490293686185
sefa_random_raw,SEFA,0,15,9,249,f9,0.0003592241850300491,0.000256166147670676,0.0006153903327007251
sefa_random_raw,SEFA,0,15,10,250,fa,0.0003592241850300491,0.00039935463543583257,0.0007585788204658816
sefa_random_raw,SEFA,0,15,11,251,fb,0.0003592241850300491,0.00036243651802665336,0.0007216607030567025
sefa_random_raw,SEFA,0,15,12,252,fc,0.0003592241850300491,0.00023867861837159122,0.0005979028034016403
sefa_random_raw,SEFA,0,15,13,253,fd,0.0003592241850300491,0.0003876962825697759,0.0007469204675998251
sefa_random_raw,SEFA,0,15,14,254,fe,0.0003592241850300491,0.0004474827075239125,0.0008067068925539616
sefa_random_raw,SEFA,0,15,15,255,ff,0.0003592241850300491,0.00030369635550921435,0.0006629205405392635
sefa_random_raw,SEFA,1,0,0,0,00,0.0003385084795608274,0.000144907160341953,0.00048341563990278045
sefa_random_raw,SEFA,1,0,1,1,01,0.0003385084795608274,0.00041783192455551984,0.0007563404041163473
sefa_random_raw,SEFA,1,0,2,2,02,0.0003385084795608274,0.00023089715454622744,0.0005694056341070549
sefa_random_raw,SEFA,1,0,3,3,03,0.0003385084795608274,0.0002404682147707031,0.0005789766943315306
sefa_random_raw,SEFA,1,0,4,4,04,0.0003385084795608274,0.00041828056800354187,0.0007567890475643692
sefa_random_raw,SEFA,1,0,5,5,05,0.0003385084795608274,0.0005380683686254962,0.0008765768481863236
sefa_random_raw,SEFA,1,0,6,6,06,0.0003385084795608274,0.000416934637659475,0.0007554431172203024
sefa_random_raw,SEFA,1,0,7,7,07,0.0003385084795608274,0.0003912124133061965,0.0007297208928670239
sefa_random_raw,SEFA,1,0,8,8,08,0.0003385084795608274,0.00025392751821137207,0.0005924359977721995
sefa_random_raw,SEFA,1,0,9,9,09,0.0003385084795608274,0.00016016103757471122,0.0004986695171355386
sefa_random_raw,SEFA,1,0,10,10,0a,0.0003385084795608274,0.0002480951533870825,0.0005866036329479099
sefa_random_raw,SEFA,1,0,11,11,0b,0.0003385084795608274,0.00023014941546619025,0.0005686578950270176
sefa_random_raw,SEFA,1,0,12,12,0c,0.0003385084795608274,0.00037236938848925975,0.0007108778680500872
sefa_random_raw,SEFA,1,0,13,13,0d,0.0003385084795608274,0.0004137941335233189,0.0007523026130841463
sefa_random_raw,SEFA,1,0,14,14,0e,0.0003385084795608274,0.0004532747569492815,0.0007917832365101089
sefa_random_raw,SEFA,1,0,15,15,0f,0.0003385084795608274,0.00035995691976064263,0.0006984653993214701
sefa_random_raw,SEFA,1,1,0,16,10,0.0001748066978727577,0.000144907160341953,0.0003197138582147107
sefa_random_raw,SEFA,1,1,1,17,11,0.0001748066978727577,0.00041783192455551984,0.0005926386224282775
sefa_random_raw,SEFA,1,1,2,18,12,0.0001748066978727577,0.00023089715454622744,0.0004057038524189851
sefa_random_raw,SEFA,1,1,3,19,13,0.0001748066978727577,0.0002404682147707031,0.0004152749126434608
sefa_random_raw,SEFA,1,1,4,20,14,0.0001748066978727577,0.00041828056800354187,0.0005930872658762996
sefa_random_raw,SEFA,1,1,5,21,15,0.0001748066978727577,0.0005380683686254962,0.0007128750664982539
sefa_random_raw,SEFA,1,1,6,22,16,0.0001748066978727577,0.000416934637659475,0.0005917413355322327
sefa_random_raw,SEFA,1,1,7,23,17,0.0001748066978727577,0.0003912124133061965,0.0005660191111789541
sefa_random_raw,SEFA,1,1,8,24,18,0.0001748066978727577,0.00025392751821137207,0.00042873421608412976
sefa_random_raw,SEFA,1,1,9,25,19,0.0001748066978727577,0.00016016103757471122,0.0003349677354474689
sefa_random_raw,SEFA,1,1,10,26,1a,0.0001748066978727577,0.0002480951533870825,0.0004229018512598402
sefa_random_raw,SEFA,1,1,11,27,1b,0.0001748066978727577,0.00023014941546619025,0.00040495611333894797
sefa_random_raw,SEFA,1,1,12,28,1c,0.0001748066978727577,0.00037236938848925975,0.0005471760863620175
sefa_random_raw,SEFA,1,1,13,29,1d,0.0001748066978727577,0.0004137941335233189,0.0005886008313960767
sefa_random_raw,SEFA,1,1,14,30,1e,0.0001748066978727577,0.0004532747569492815,0.0006280814548220391
sefa_random_raw,SEFA,1,1,15,31,1f,0.0001748066978727577,0.00035995691976064263,0.0005347636176334003
sefa_random_raw,SEFA,1,2,0,32,20,0.00026977287765905306,0.000144907160341953,0.00041468003800100605
sefa_random_raw,SEFA,1,2,1,33,21,0.00026977287765905306,0.00041783192455551984,0.0006876048022145728
sefa_random_raw,SEFA,1,2,2,34,22,0.00026977287765905306,0.00023089715454622744,0.0005006700322052805
sefa_random_raw,SEFA,1,2,3,35,23,0.00026977287765905306,0.0002404682147707031,0.0005102410924297562
sefa_random_raw,SEFA,1,2,4,36,24,0.00026977287765905306,0.00041828056800354187,0.0006880534456625949
sefa_random_raw,SEFA,1,2,5,37,25,0.00026977287765905306,0.0005380683686254962,0.0008078412462845493
sefa_random_raw,SEFA,1,2,6,38,26,0.00026977287765905306,0.000416934637659475,0.000686707515318528
sefa_random_raw,SEFA,1,2,7,39,27,0.00026977287765905306,0.0003912124133061965,0.0006609852909652495
sefa_random_raw,SEFA,1,2,8,40,28,0.00026977287765905306,0.00025392751821137207,0.0005237003958704252
sefa_random_raw,SEFA,1,2,9,41,29,0.00026977287765905306,0.00016016103757471122,0.0004299339152337643
sefa_random_raw,SEFA,1,2,10,42,2a,0.00026977287765905306,0.0002480951533870825,0.0005178680310461356
sefa_random_raw,SEFA,1,2,11,43,2b,0.00026977287765905306,0.00023014941546619025,0.0004999222931252433
sefa_random_raw,SEFA,1,2,12,44,2c,0.00026977287765905306,0.00037236938848925975,0.0006421422661483129
sefa_random_raw,SEFA,1,2,13,45,2d,0.00026977287765905306,0.0004137941335233189,0.000683567011182372
sefa_random_raw,SEFA,1,2,14,46,2e,0.00026977287765905306,0.0004532747569492815,0.0007230476346083345
sefa_random_raw,SEFA,1,2,15,47,2f,0.00026977287765905306,0.00035995691976064263,0.0006297297974196957
sefa_random_raw,SEFA,1,3,0,48,30,0.00030308762621311636,0.000144907160341953,0.0004479947865550694
sefa_random_raw,SEFA,1,3,1,49,31,0.00030308762621311636,0.00041783192455551984,0.0007209195507686362
sefa_random_raw,SEFA,1,3,2,50,32,0.00030308762621311636,0.00023089715454622744,0.0005339847807593438
sefa_random_raw,SEFA,1,3,3,51,33,0.00030308762621311636,0.0002404682147707031,0.0005435558409838195
sefa_random_raw,SEFA,1,3,4,52,34,0.00030308762621311636,0.00041828056800354187,0.0007213681942166582
sefa_random_raw,SEFA,1,3,5,53,35,0.00030308762621311636,0.0005380683686254962,0.0008411559948386125
sefa_random_raw,SEFA,1,3,6,54,36,0.00030308762621311636,0.000416934637659475,0.0007200222638725914
sefa_random_raw,SEFA,1,3,7,55,37,0.00030308762621311636,0.0003912124133061965,0.0006943000395193129
sefa_random_raw,SEFA,1,3,8,56,38,0.00030308762621311636,0.00025392751821137207,0.0005570151444244884
sefa_random_raw,SEFA,1,3,9,57,39,0.00030308762621311636,0.00016016103757471122,0.0004632486637878276
sefa_random_raw,SEFA,1,3,10,58,3a,0.00030308762621311636,0.0002480951533870825,0.0005511827796001988
sefa_random_raw,SEFA,1,3,11,59,3b,0.00030308762621311636,0.00023014941546619025,0.0005332370416793066
sefa_random_raw,SEFA,1,3,12,60,3c,0.00030308762621311636,0.00037236938848925975,0.0006754570147023761
sefa_random_raw,SEFA,1,3,13,61,3d,0.00030308762621311636,0.0004137941335233189,0.0007168817597364353
sefa_random_raw,SEFA,1,3,14,62,3e,0.00030308762621311636,0.0004532747569492815,0.0007563623831623979
sefa_random_raw,SEFA,1,3,15,63,3f,0.00030308762621311636,0.00035995691976064263,0.000663044545973759
sefa_random_raw,SEFA,1,4,0,64,40,0.00029274856631702757,0.000144907160341953,0.0004376557266589806
sefa_random_raw,SEFA,1,4,1,65,41,0.00029274856631702757,0.00041783192455551984,0.0007105804908725474
sefa_random_raw,SEFA,1,4,2,66,42,0.00029274856631702757,0.00023089715454622744,0.000523645720863255
sefa_random_raw,SEFA,1,4,3,67,43,0.00029274856631702757,0.0002404682147707031,0.0005332167810877307
sefa_random_raw,SEFA,1,4,4,68,44,0.00029274856631702757,0.00041828056800354187,0.0007110291343205694
sefa_random_raw,SEFA,1,4,5,69,45,0.00029274856631702757,0.0005380683686254962,0.0008308169349425237
sefa_random_raw,SEFA,1,4,6,70,46,0.00029274856631702757,0.000416934637659475,0.0007096832039765026
sefa_random_raw,SEFA,1,4,7,71,47,0.00029274856631702757,0.0003912124133061965,0.0006839609796232241
sefa_random_raw,SEFA,1,4,8,72,48,0.00029274856631702757,0.00025392751821137207,0.0005466760845283996
sefa_random_raw,SEFA,1,4,9,73,49,0.00029274856631702757,0.00016016103757471122,0.0004529096038917388
sefa_random_raw,SEFA,1,4,10,74,4a,0.00029274856631702757,0.0002480951533870825,0.0005408437197041101
sefa_random_raw,SEFA,1,4,11,75,4b,0.00029274856631702757,0.00023014941546619025,0.0005228979817832178
sefa_random_raw,SEFA,1,4,12,76,4c,0.00029274856631702757,0.00037236938848925975,0.0006651179548062873
sefa_random_raw,SEFA,1,4,13,77,4d,0.00029274856631702757,0.0004137941335233189,0.0007065426998403465
sefa_random_raw,SEFA,1,4,14,78,4e,0.00029274856631702757,0.0004532747569492815,0.0007460233232663091
sefa_random_raw,SEFA,1,4,15,79,4f,0.00029274856631702757,0.00035995691976064263,0.0006527054860776703
sefa_random_raw,SEFA,1,5,0,80,50,0.00046870404862268413,0.000144907160341953,0.0006136112089646372
sefa_random_raw,SEFA,1,5,1,81,51,0.00046870404862268413,0.00041783192455551984,0.000886535973178204
sefa_random_raw,SEFA,1,5,2,82,52,0.00046870404862268413,0.00023089715454622744,0.0006996012031689116
sefa_random_raw,SEFA,1,5,3,83,53,0.00046870404862268413,0.0002404682147707031,0.0007091722633933873
sefa_random_raw,SEFA,1,5,4,84,54,0.00046870404862268413,0.00041828056800354187,0.0008869846166262259
sefa_random_raw,SEFA,1,5,5,85,55,0.00046870404862268413,0.0005380683686254962,0.0010067724172481804
sefa_random_raw,SEFA,1,5,6,86,56,0.00046870404862268413,0.000416934637659475,0.0008856386862821591
sefa_random_raw,SEFA,1,5,7,87,57,0.00046870404862268413,0.0003912124133061965,0.0008599164619288806
sefa_random_raw,SEFA,1,5,8,88,58,0.00046870404862268413,0.00025392751821137207,0.0007226315668340562
sefa_random_raw,SEFA,1,5,9,89,59,0.00046870404862268413,0.00016016103757471122,0.0006288650861973953
sefa_random_raw,SEFA,1,5,10,90,5a,0.00046870404862268413,0.0002480951533870825,0.0007167992020097666
sefa_random_raw,SEFA,1,5,11,91,5b,0.00046870404862268413,0.00023014941546619025,0.0006988534640888744
sefa_random_raw,SEFA,1,5,12,92,5c,0.00046870404862268413,0.00037236938848925975,0.0008410734371119439
sefa_random_raw,SEFA,1,5,13,93,5d,0.00046870404862268413,0.0004137941335233189,0.000882498182146003
sefa_random_raw,SEFA,1,5,14,94,5e,0.00046870404862268413,0.0004532747569492815,0.0009219788055719656
sefa_random_raw,SEFA,1,5,15,95,5f,0.00046870404862268413,0.00035995691976064263,0.0008286609683833268
sefa_random_raw,SEFA,1,6,0,96,60,0.00028911074894618174,0.000144907160341953,0.0004340179092881348
sefa_random_raw,SEFA,1,6,1,97,61,0.00028911074894618174,0.00041783192455551984,0.0007069426735017016
sefa_random_raw,SEFA,1,6,2,98,62,0.00028911074894618174,0.00023089715454622744,0.0005200079034924092
sefa_random_raw,SEFA,1,6,3,99,63,0.00028911074894618174,0.0002404682147707031,0.0005295789637168849
sefa_random_raw,SEFA,1,6,4,100,64,0.00028911074894618174,0.00041828056800354187,0.0007073913169497236
sefa_random_raw,SEFA,1,6,5,101,65,0.00028911074894618174,0.0005380683686254962,0.0008271791175716779
sefa_random_raw,SEFA,1,6,6,102,66,0.00028911074894618174,0.000416934637659475,0.0007060453866056568
sefa_random_raw,SEFA,1,6,7,103,67,0.00028911074894618174,0.0003912124133061965,0.0006803231622523782
sefa_random_raw,SEFA,1,6,8,104,68,0.00028911074894618174,0.00025392751821137207,0.0005430382671575538
sefa_random_raw,SEFA,1,6,9,105,69,0.00028911074894618174,0.00016016103757471122,0.00044927178652089296
sefa_random_raw,SEFA,1,6,10,106,6a,0.00028911074894618174,0.0002480951533870825,0.0005372059023332642
sefa_random_raw,SEFA,1,6,11,107,6b,0.00028911074894618174,0.00023014941546619025,0.000519260164412372
sefa_random_raw,SEFA,1,6,12,108,6c,0.00028911074894618174,0.00037236938848925975,0.0006614801374354415
sefa_random_raw,SEFA,1,6,13,109,6d,0.00028911074894618174,0.0004137941335233189,0.0007029048824695006
sefa_random_raw,SEFA,1,6,14,110,6e,0.00028911074894618174,0.0004532747569492815,0.0007423855058954632
sefa_random_raw,SEFA,1,6,15,111,6f,0.00028911074894618174,0.00035995691976064263,0.0006490676687068244
sefa_random_raw,SEFA,1,7,0,112,70,0.00040973311440054905,0.000144907160341953,0.0005546402747425021
sefa_random_raw,SEFA,1,7,1,113,71,0.00040973311440054905,0.00041783192455551984,0.0008275650389560689
sefa_random_raw,SEFA,1,7,2,114,72,0.00040973311440054905,0.00023089715454622744,0.0006406302689467765
sefa_random_raw,SEFA,1,7,3,115,73,0.00040973311440054905,0.0002404682147707031,0.0006502013291712521
sefa_random_raw,SEFA,1,7,4,116,74,0.00040973311440054905,0.00041828056800354187,0.000828013682404091
sefa_random_raw,SEFA,1,7,5,117,75,0.00040973311440054905,0.0005380683686254962,0.0009478014830260452
sefa_random_raw,SEFA,1,7,6,118,76,0.00040973311440054905,0.000416934637659475,0.0008266677520600241
sefa_random_raw,SEFA,1,7,7,119,77,0.00040973311440054905,0.0003912124133061965,0.0008009455277067456
sefa_random_raw,SEFA,1,7,8,120,78,0.00040973311440054905,0.00025392751821137207,0.0006636606326119211
sefa_random_raw,SEFA,1,7,9,121,79,0.00040973311440054905,0.00016016103757471122,0.0005698941519752603
sefa_random_raw,SEFA,1,7,10,122,7a,0.00040973311440054905,0.0002480951533870825,0.0006578282677876315
sefa_random_raw,SEFA,1,7,11,123,7b,0.00040973311440054905,0.00023014941546619025,0.0006398825298667393
sefa_random_raw,SEFA,1,7,12,124,7c,0.00040973311440054905,0.00037236938848925975,0.0007821025028898088
sefa_random_raw,SEFA,1,7,13,125,7d,0.00040973311440054905,0.0004137941335233189,0.000823527247923868
sefa_random_raw,SEFA,1,7,14,126,7e,0.00040973311440054905,0.0004532747569492815,0.0008630078713498306
sefa_random_raw,SEFA,1,7,15,127,7f,0.00040973311440054905,0.00035995691976064263,0.0007696900341611916
sefa_random_raw,SEFA,1,8,0,128,80,0.00020371777276737582,0.000144907160341953,0.0003486249331093288
sefa_random_raw,SEFA,1,8,1,129,81,0.00020371777276737582,0.00041783192455551984,0.0006215496973228957
sefa_random_raw,SEFA,1,8,2,130,82,0.00020371777276737582,0.00023089715454622744,0.00043461492731360323
sefa_random_raw,SEFA,1,8,3,131,83,0.00020371777276737582,0.0002404682147707031,0.0004441859875380789
sefa_random_raw,SEFA,1,8,4,132,84,0.00020371777276737582,0.00041828056800354187,0.0006219983407709177
sefa_random_raw,SEFA,1,8,5,133,85,0.00020371777276737582,0.0005380683686254962,0.0007417861413928719
sefa_random_raw,SEFA,1,8,6,134,86,0.00020371777276737582,0.000416934637659475,0.0006206524104268509
sefa_random_raw,SEFA,1,8,7,135,87,0.00020371777276737582,0.0003912124133061965,0.0005949301860735724
sefa_random_raw,SEFA,1,8,8,136,88,0.00020371777276737582,0.00025392751821137207,0.0004576452909787479
sefa_random_raw,SEFA,1,8,9,137,89,0.00020371777276737582,0.00016016103757471122,0.00036387881034208704
sefa_random_raw,SEFA,1,8,10,138,8a,0.00020371777276737582,0.0002480951533870825,0.0004518129261544583
sefa_random_raw,SEFA,1,8,11,139,8b,0.00020371777276737582,0.00023014941546619025,0.0004338671882335661
sefa_random_raw,SEFA,1,8,12,140,8c,0.00020371777276737582,0.00037236938848925975,0.0005760871612566355
sefa_random_raw,SEFA,1,8,13,141,8d,0.00020371777276737582,0.0004137941335233189,0.0006175119062906947
sefa_random_raw,SEFA,1,8,14,142,8e,0.00020371777276737582,0.0004532747569492815,0.0006569925297166574
sefa_random_raw,SEFA,1,8,15,143,8f,0.00020371777276737582,0.00035995691976064263,0.0005636746925280184
sefa_random_raw,SEFA,1,9,0,144,90,0.00047617114743652583,0.000144907160341953,0.0006210783077784789
sefa_random_raw,SEFA,1,9,1,145,91,0.00047617114743652583,0.00041783192455551984,0.0008940030719920457
sefa_random_raw,SEFA,1,9,2,146,92,0.00047617114743652583,0.00023089715454622744,0.0007070683019827533
sefa_random_raw,SEFA,1,9,3,147,93,0.00047617114743652583,0.0002404682147707031,0.0007166393622072289
sefa_random_raw,SEFA,1,9,4,148,94,0.00047617114743652583,0.00041828056800354187,0.0008944517154400677
sefa_random_raw,SEFA,1,9,5,149,95,0.00047617114743652583,0.0005380683686254962,0.001014239516062022
sefa_random_raw,SEFA,1,9,6,150,96,0.00047617114743652583,0.000416934637659475,0.0008931057850960008
sefa_random_raw,SEFA,1,9,7,151,97,0.00047617114743652583,0.0003912124133061965,0.0008673835607427223
sefa_random_raw,SEFA,1,9,8,152,98,0.00047617114743652583,0.00025392751821137207,0.0007300986656478979
sefa_random_raw,SEFA,1,9,9,153,99,0.00047617114743652583,0.00016016103757471122,0.0006363321850112371
sefa_random_raw,SEFA,1,9,10,154,9a,0.00047617114743652583,0.0002480951533870825,0.0007242663008236083
sefa_random_raw,SEFA,1,9,11,155,9b,0.00047617114743652583,0.00023014941546619025,0.0007063205629027161
sefa_random_raw,SEFA,1,9,12,156,9c,0.00047617114743652583,0.00037236938848925975,0.0008485405359257856
sefa_random_raw,SEFA,1,9,13,157,9d,0.00047617114743652583,0.0004137941335233189,0.0008899652809598447
sefa_random_raw,SEFA,1,9,14,158,9e,0.00047617114743652583,0.0004532747569492815,0.0009294459043858073
sefa_random_raw,SEFA,1,9,15,159,9f,0.00047617114743652583,0.00035995691976064263,0.0008361280671971684
sefa_random_raw,SEFA,1,10,0,160,a0,0.0003189791442015491,0.000144907160341953,0.0004638863045435021
sefa_random_raw,SEFA,1,10,1,161,a1,0.0003189791442015491,0.00041783192455551984,0.0007368110687570689
sefa_random_raw,SEFA,1,10,2,162,a2,0.0003189791442015491,0.00023089715454622744,0.0005498762987477765
sefa_random_raw,SEFA,1,10,3,163,a3,0.0003189791442015491,0.0002404682147707031,0.0005594473589722521
sefa_random_raw,SEFA,1,10,4,164,a4,0.0003189791442015491,0.00041828056800354187,0.000737259712205091
sefa_random_raw,SEFA,1,10,5,165,a5,0.0003189791442015491,0.0005380683686254962,0.0008570475128270453
sefa_random_raw,SEFA,1,10,6,166,a6,0.0003189791442015491,0.000416934637659475,0.0007359137818610241
sefa_random_raw,SEFA,1,10,7,167,a7,0.0003189791442015491,0.0003912124133061965,0.0007101915575077456
sefa_random_raw,SEFA,1,10,8,168,a8,0.0003189791442015491,0.00025392751821137207,0.0005729066624129212
sefa_random_raw,SEFA,1,10,9,169,a9,0.0003189791442015491,0.00016016103757471122,0.0004791401817762603
sefa_random_raw,SEFA,1,10,10,170,aa,0.0003189791442015491,0.0002480951533870825,0.0005670742975886316
sefa_random_raw,SEFA,1,10,11,171,ab,0.0003189791442015491,0.00023014941546619025,0.0005491285596677393
sefa_random_raw,SEFA,1,10,12,172,ac,0.0003189791442015491,0.00037236938848925975,0.0006913485326908088
sefa_random_raw,SEFA,1,10,13,173,ad,0.0003189791442015491,0.0004137941335233189,0.000732773277724868
sefa_random_raw,SEFA,1,10,14,174,ae,0.0003189791442015491,0.0004532747569492815,0.0007722539011508306
sefa_random_raw,SEFA,1,10,15,175,af,0.0003189791442015491,0.00035995691976064263,0.0006789360639621917
sefa_random_raw,SEFA,1,11,0,176,b0,0.0003383170154886778,0.000144907160341953,0.00048322417583063085
sefa_random_raw,SEFA,1,11,1,177,b1,0.0003383170154886778,0.00041783192455551984,0.0007561489400441976
sefa_random_raw,SEFA,1,11,2,178,b2,0.0003383170154886778,0.00023089715454622744,0.0005692141700349053
sefa_random_raw,SEFA,1,11,3,179,b3,0.0003383170154886778,0.0002404682147707031,0.0005787852302593809
sefa_random_raw,SEFA,1,11,4,180,b4,0.0003383170154886778,0.00041828056800354187,0.0007565975834922197
sefa_random_raw,SEFA,1,11,5,181,b5,0.0003383170154886778,0.0005380683686254962,0.000876385384114174
sefa_random_raw,SEFA,1,11,6,182,b6,0.0003383170154886778,0.000416934637659475,0.0007552516531481528
sefa_random_raw,SEFA,1,11,7,183,b7,0.0003383170154886778,0.0003912124133061965,0.0007295294287948743
sefa_random_raw,SEFA,1,11,8,184,b8,0.0003383170154886778,0.00025392751821137207,0.0005922445337000499
sefa_random_raw,SEFA,1,11,9,185,b9,0.0003383170154886778,0.00016016103757471122,0.0004984780530633891
sefa_random_raw,SEFA,1,11,10,186,ba,0.0003383170154886778,0.0002480951533870825,0.0005864121688757603
sefa_random_raw,SEFA,1,11,11,187,bb,0.0003383170154886778,0.00023014941546619025,0.000568466430954868
sefa_random_raw,SEFA,1,11,12,188,bc,0.0003383170154886778,0.00037236938848925975,0.0007106864039779376
sefa_random_raw,SEFA,1,11,13,189,bd,0.0003383170154886778,0.0004137941335233189,0.0007521111490119967
sefa_random_raw,SEFA,1,11,14,190,be,0.0003383170154886778,0.0004532747569492815,0.0007915917724379593
sefa_random_raw,SEFA,1,11,15,191,bf,0.0003383170154886778,0.00035995691976064263,0.0006982739352493204
sefa_random_raw,SEFA,1,12,0,192,c0,0.00045721620429369707,0.000144907160341953,0.0006021233646356501
sefa_random_raw,SEFA,1,12,1,193,c1,0.00045721620429369707,0.00041783192455551984,0.0008750481288492169
sefa_random_raw,SEFA,1,12,2,194,c2,0.00045721620429369707,0.00023089715454622744,0.0006881133588399245
sefa_random_raw,SEFA,1,12,3,195,c3,0.00045721620429369707,0.0002404682147707031,0.0006976844190644002
sefa_random_raw,SEFA,1,12,4,196,c4,0.00045721620429369707,0.00041828056800354187,0.0008754967722972389
sefa_random_raw,SEFA,1,12,5,197,c5,0.00045721620429369707,0.0005380683686254962,0.0009952845729191933
sefa_random_raw,SEFA,1,12,6,198,c6,0.00045721620429369707,0.000416934637659475,0.0008741508419531721
sefa_random_raw,SEFA,1,12,7,199,c7,0.00045721620429369707,0.0003912124133061965,0.0008484286175998936
sefa_random_raw,SEFA,1,12,8,200,c8,0.00045721620429369707,0.00025392751821137207,0.0007111437225050691
sefa_random_raw,SEFA,1,12,9,201,c9,0.00045721620429369707,0.00016016103757471122,0.0006173772418684082
sefa_random_raw,SEFA,1,12,10,202,ca,0.00045721620429369707,0.0002480951533870825,0.0007053113576807795
sefa_random_raw,SEFA,1,12,11,203,cb,0.00045721620429369707,0.00023014941546619025,0.0006873656197598873
sefa_random_raw,SEFA,1,12,12,204,cc,0.00045721620429369707,0.00037236938848925975,0.0008295855927829568
sefa_random_raw,SEFA,1,12,13,205,cd,0.00045721620429369707,0.0004137941335233189,0.000871010337817016
sefa_random_raw,SEFA,1,12,14,206,ce,0.00045721620429369707,0.0004532747569492815,0.0009104909612429786
sefa_random_raw,SEFA,1,12,15,207,cf,0.00045721620429369707,0.00035995691976064263,0.0008171731240543397
sefa_random_raw,SEFA,1,13,0,208,d0,0.0005041249019703953,0.000144907160341953,0.0006490320623123483
sefa_random_raw,SEFA,1,13,1,209,d1,0.0005041249019703953,0.00041783192455551984,0.0009219568265259151
sefa_random_raw,SEFA,1,13,2,210,d2,0.0005041249019703953,0.00023089715454622744,0.0007350220565166228
sefa_random_raw,SEFA,1,13,3,211,d3,0.0005041249019703953,0.0002404682147707031,0.0007445931167410983
sefa_random_raw,SEFA,1,13,4,212,d4,0.0005041249019703953,0.00041828056800354187,0.0009224054699739372
sefa_random_raw,SEFA,1,13,5,213,d5,0.0005041249019703953,0.0005380683686254962,0.0010421932705958915
sefa_random_raw,SEFA,1,13,6,214,d6,0.0005041249019703953,0.000416934637659475,0.0009210595396298703
sefa_random_raw,SEFA,1,13,7,215,d7,0.0005041249019703953,0.0003912124133061965,0.0008953373152765918
sefa_random_raw,SEFA,1,13,8,216,d8,0.0005041249019703953,0.00025392751821137207,0.0007580524201817674
sefa_random_raw,SEFA,1,13,9,217,d9,0.0005041249019703953,0.00016016103757471122,0.0006642859395451066
sefa_random_raw,SEFA,1,13,10,218,da,0.0005041249019703953,0.0002480951533870825,0.0007522200553574778
sefa_random_raw,SEFA,1,13,11,219,db,0.0005041249019703953,0.00023014941546619025,0.0007342743174365855
sefa_random_raw,SEFA,1,13,12,220,dc,0.0005041249019703953,0.00037236938848925975,0.000876494290459655
sefa_random_raw,SEFA,1,13,13,221,dd,0.0005041249019703953,0.0004137941335233189,0.0009179190354937142
sefa_random_raw,SEFA,1,13,14,222,de,0.0005041249019703953,0.0004532747569492815,0.0009573996589196768
sefa_random_raw,SEFA,1,13,15,223,df,0.0005041249019703953,0.00035995691976064263,0.0008640818217310379
sefa_random_raw,SEFA,1,14,0,224,e0,0.0004409417581609651,0.000144907160341953,0.0005858489185029181
sefa_random_raw,SEFA,1,14,1,225,e1,0.0004409417581609651,0.00041783192455551984,0.0008587736827164849
sefa_random_raw,SEFA,1,14,2,226,e2,0.0004409417581609651,0.00023089715454622744,0.0006718389127071925
sefa_random_raw,SEFA,1,14,3,227,e3,0.0004409417581609651,0.0002404682147707031,0.0006814099729316682
sefa_random_raw,SEFA,1,14,4,228,e4,0.0004409417581609651,0.00041828056800354187,0.000859222326164507
sefa_random_raw,SEFA,1,14,5,229,e5,0.0004409417581609651,0.0005380683686254962,0.0009790101267864613
sefa_random_raw,SEFA,1,14,6,230,e6,0.0004409417581609651,0.000416934637659475,0.00085787639582044
sefa_random_raw,SEFA,1,14,7,231,e7,0.0004409417581609651,0.0003912124133061965,0.0008321541714671615
sefa_random_raw,SEFA,1,14,8,232,e8,0.0004409417581609651,0.00025392751821137207,0.0006948692763723372
sefa_random_raw,SEFA,1,14,9,233,e9,0.0004409417581609651,0.00016016103757471122,0.0006011027957356763
sefa_random_raw,SEFA,1,14,10,234,ea,0.0004409417581609651,0.0002480951533870825,0.0006890369115480476
sefa_random_raw,SEFA,1,14,11,235,eb,0.0004409417581609651,0.00023014941546619025,0.0006710911736271554
sefa_random_raw,SEFA,1,14,12,236,ec,0.0004409417581609651,0.00037236938848925975,0.0008133111466502249
sefa_random_raw,SEFA,1,14,13,237,ed,0.0004409417581609651,0.0004137941335233189,0.000854735891684284
sefa_random_raw,SEFA,1,14,14,238,ee,0.0004409417581609651,0.0004532747569492815,0.0008942165151102465
sefa_random_raw,SEFA,1,14,15,239,ef,0.0004409417581609651,0.00035995691976064263,0.0008008986779216077
sefa_random_raw,SEFA,1,15,0,240,f0,0.0004219868150181355,0.000144907160341953,0.0005668939753600885
sefa_random_raw,SEFA,1,15,1,241,f1,0.0004219868150181355,0.00041783192455551984,0.0008398187395736553
sefa_random_raw,SEFA,1,15,2,242,f2,0.0004219868150181355,0.00023089715454622744,0.000652883969564363
sefa_random_raw,SEFA,1,15,3,243,f3,0.0004219868150181355,0.0002404682147707031,0.0006624550297888387
sefa_random_raw,SEFA,1,15,4,244,f4,0.0004219868150181355,0.00041828056800354187,0.0008402673830216773
sefa_random_raw,SEFA,1,15,5,245,f5,0.0004219868150181355,0.0005380683686254962,0.0009600551836436317
sefa_random_raw,SEFA,1,15,6,246,f6,0.0004219868150181355,0.000416934637659475,0.0008389214526776105
sefa_random_raw,SEFA,1,15,7,247,f7,0.0004219868150181355,0.0003912124133061965,0.000813199228324332
sefa_random_raw,SEFA,1,15,8,248,f8,0.0004219868150181355,0.00025392751821137207,0.0006759143332295076
sefa_random_raw,SEFA,1,15,9,249,f9,0.0004219868150181355,0.00016016103757471122,0.0005821478525928467
sefa_random_raw,SEFA,1,15,10,250,fa,0.0004219868150181355,0.0002480951533870825,0.000670081968405218
sefa_random_raw,SEFA,1,15,11,251,fb,0.0004219868150181355,0.00023014941546619025,0.0006521362304843257
sefa_random_raw,SEFA,1,15,12,252,fc,0.0004219868150181355,0.00037236938848925975,0.0007943562035073953
sefa_random_raw,SEFA,1,15,13,253,fd,0.0004219868150181355,0.0004137941335233189,0.0008357809485414544
sefa_random_raw,SEFA,1,15,14,254,fe,0.0004219868150181355,0.0004532747569492815,0.000875261571967417
sefa_random_raw,SEFA,1,15,15,255,ff,0.0004219868150181355,0.00035995691976064263,0.0007819437347787782
sefa_random_threshold,SEFA,0,0,0,0,00,0.0027139080275596856,0.0031828703703703698,0.005896778397930055
sefa_random_threshold,SEFA,0,0,1,1,01,0.0027139080275596856,0.0026765046296296302,0.005390412657189316
sefa_random_threshold,SEFA,0,0,2,2,02,0.0027139080275596856,0.0038580246913580245,0.00657193271891771
sefa_random_threshold,SEFA,0,0,3,3,03,0.0027139080275596856,0.003038194444444445,0.0057521024720041305
sefa_random_threshold,SEFA,0,0,4,4,04,0.0027139080275596856,0.004147376543209876,0.0068612845707695614
sefa_random_threshold,SEFA,0,0,5,5,05,0.0027139080275596856,0.0038821373456790127,0.006596045373238699
sefa_random_threshold,SEFA,0,0,6,6,06,0.0027139080275596856,0.003520447530864197,0.006234355558423882
sefa_random_threshold,SEFA,0,0,7,7,07,0.0027139080275596856,0.003520447530864198,0.006234355558423884
sefa_random_threshold,SEFA,0,0,8,8,08,0.0027139080275596856,0.0015432098765432107,0.004257117904102896
sefa_random_threshold,SEFA,0,0,9,9,09,0.0027139080275596856,0.0037133487654320996,0.006427256792991785
sefa_random_threshold,SEFA,0,0,10,10,0a,0.0027139080275596856,0.003134645061728395,0.005848553089288081
sefa_random_threshold,SEFA,0,0,11,11,0b,0.0027139080275596856,0.004460841049382716,0.0071747490769424015
sefa_random_threshold,SEFA,0,0,12,12,0c,0.0027139080275596856,0.0027488425925925927,0.005462750620152278
sefa_random_threshold,SEFA,0,0,13,13,0d,0.0027139080275596856,0.006438078703703704,0.00915198673126339
sefa_random_threshold,SEFA,0,0,14,14,0e,0.0027139080275596856,0.0027729552469135813,0.005486863274473267
sefa_random_threshold,SEFA,0,0,15,15,0f,0.0027139080275596856,0.0032069830246913584,0.005920891052251044
sefa_random_threshold,SEFA,0,1,0,16,10,0.003194600224323025,0.0031828703703703698,0.006377470594693395
sefa_random_threshold,SEFA,0,1,1,17,11,0.003194600224323025,0.0026765046296296302,0.005871104853952655
sefa_random_threshold,SEFA,0,1,2,18,12,0.003194600224323025,0.0038580246913580245,0.00705262491568105
sefa_random_threshold,SEFA,0,1,3,19,13,0.003194600224323025,0.003038194444444445,0.00623279466876747
sefa_random_threshold,SEFA,0,1,4,20,14,0.003194600224323025,0.004147376543209876,0.007341976767532901
sefa_random_threshold,SEFA,0,1,5,21,15,0.003194600224323025,0.0038821373456790127,0.007076737570002038
sefa_random_threshold,SEFA,0,1,6,22,16,0.003194600224323025,0.003520447530864197,0.006715047755187222
sefa_random_threshold,SEFA,0,1,7,23,17,0.003194600224323025,0.003520447530864198,0.0067150477551872235
sefa_random_threshold,SEFA,0,1,8,24,18,0.003194600224323025,0.0015432098765432107,0.004737810100866236
sefa_random_threshold,SEFA,0,1,9,25,19,0.003194600224323025,0.0037133487654320996,0.006907948989755125
sefa_random_threshold,SEFA,0,1,10,26,1a,0.003194600224323025,0.003134645061728395,0.00632924528605142
sefa_random_threshold,SEFA,0,1,11,27,1b,0.003194600224323025,0.004460841049382716,0.007655441273705741
sefa_random_threshold,SEFA,0,1,12,28,1c,0.003194600224323025,0.0027488425925925927,0.005943442816915618
sefa_random_threshold,SEFA,0,1,13,29,1d,0.003194600224323025,0.006438078703703704,0.009632678928026729
sefa_random_threshold,SEFA,0,1,14,30,1e,0.003194600224323025,0.0027729552469135813,0.005967555471236606
sefa_random_threshold,SEFA,0,1,15,31,1f,0.003194600224323025,0.0032069830246913584,0.0064015832490143835
sefa_random_threshold,SEFA,0,2,0,32,20,0.0018726966832238424,0.0031828703703703698,0.005055567053594212
sefa_random_threshold,SEFA,0,2,1,33,21,0.0018726966832238424,0.0026765046296296302,0.004549201312853472
sefa_random_threshold,SEFA,0,2,2,34,22,0.0018726966832238424,0.0038580246913580245,0.005730721374581867
sefa_random_threshold,SEFA,0,2,3,35,23,0.0018726966832238424,0.003038194444444445,0.004910891127668287
sefa_random_threshold,SEFA,0,2,4,36,24,0.0018726966832238424,0.004147376543209876,0.006020073226433718
sefa_random_threshold,SEFA,0,2,5,37,25,0.0018726966832238424,0.0038821373456790127,0.005754834028902855
sefa_random_threshold,SEFA,0,2,6,38,26,0.0018726966832238424,0.003520447530864197,0.00539314421408804
sefa_random_threshold,SEFA,0,2,7,39,27,0.0018726966832238424,0.003520447530864198,0.005393144214088041
sefa_random_threshold,SEFA,0,2,8,40,28,0.0018726966832238424,0.0015432098765432107,0.003415906559767053
sefa_random_threshold,SEFA,0,2,9,41,29,0.0018726966832238424,0.0037133487654320996,0.005586045448655942
sefa_random_threshold,SEFA,0,2,10,42,2a,0.0018726966832238424,0.003134645061728395,0.005007341744952237
sefa_random_threshold,SEFA,0,2,11,43,2b,0.0018726966832238424,0.004460841049382716,0.006333537732606558
sefa_random_threshold,SEFA,0,2,12,44,2c,0.0018726966832238424,0.0027488425925925927,0.004621539275816435
sefa_random_threshold,SEFA,0,2,13,45,2d,0.0018726966832238424,0.006438078703703704,0.008310775386927547
sefa_random_threshold,SEFA,0,2,14,46,2e,0.0018726966832238424,0.0027729552469135813,0.0046456519301374235
sefa_random_threshold,SEFA,0,2,15,47,2f,0.0018726966832238424,0.0032069830246913584,0.0050796797079152006
sefa_random_threshold,SEFA,0,3,0,48,30,0.0018927255247556483,0.0031828703703703698,0.005075595895126018
sefa_random_threshold,SEFA,0,3,1,49,31,0.0018927255247556483,0.0026765046296296302,0.0045692301543852785
sefa_random_threshold,SEFA,0,3,2,50,32,0.0018927255247556483,0.0038580246913580245,0.005750750216113673
sefa_random_threshold,SEFA,0,3,3,51,33,0.0018927255247556483,0.003038194444444445,0.004930919969200093
sefa_random_threshold,SEFA,0,3,4,52,34,0.0018927255247556483,0.004147376543209876,0.006040102067965524
sefa_random_threshold,SEFA,0,3,5,53,35,0.0018927255247556483,0.0038821373456790127,0.0057748628704346605
sefa_random_threshold,SEFA,0,3,6,54,36,0.0018927255247556483,0.003520447530864197,0.005413173055619846
sefa_random_threshold,SEFA,0,3,7,55,37,0.0018927255247556483,0.003520447530864198,0.005413173055619846
sefa_random_threshold,SEFA,0,3,8,56,38,0.0018927255247556483,0.0015432098765432107,0.003435935401298859
sefa_random_threshold,SEFA,0,3,9,57,39,0.0018927255247556483,0.0037133487654320996,0.005606074290187748
sefa_random_threshold,SEFA,0,3,10,58,3a,0.0018927255247556483,0.003134645061728395,0.005027370586484043
sefa_random_threshold,SEFA,0,3,11,59,3b,0.0018927255247556483,0.004460841049382716,0.006353566574138364
sefa_random_threshold,SEFA,0,3,12,60,3c,0.0018927255247556483,0.0027488425925925927,0.004641568117348241
sefa_random_threshold,SEFA,0,3,13,61,3d,0.0018927255247556483,0.006438078703703704,0.008330804228459353
sefa_random_threshold,SEFA,0,3,14,62,3e,0.0018927255247556483,0.0027729552469135813,0.0046656807716692296
sefa_random_threshold,SEFA,0,3,15,63,3f,0.0018927255247556483,0.0032069830246913584,0.005099708549447007
sefa_random_threshold,SEFA,0,4,0,64,40,0.003995753885595257,0.0031828703703703698,0.007178624255965627
sefa_random_threshold,SEFA,0,4,1,65,41,0.003995753885595257,0.0026765046296296302,0.006672258515224887
sefa_random_threshold,SEFA,0,4,2,66,42,0.003995753885595257,0.0038580246913580245,0.007853778576953283
sefa_random_threshold,SEFA,0,4,3,67,43,0.003995753885595257,0.003038194444444445,0.007033948330039702
sefa_random_threshold,SEFA,0,4,4,68,44,0.003995753885595257,0.004147376543209876,0.008143130428805132
sefa_random_threshold,SEFA,0,4,5,69,45,0.003995753885595257,0.0038821373456790127,0.00787789123127427
sefa_random_threshold,SEFA,0,4,6,70,46,0.003995753885595257,0.003520447530864197,0.007516201416459454
sefa_random_threshold,SEFA,0,4,7,71,47,0.003995753885595257,0.003520447530864198,0.007516201416459456
sefa_random_threshold,SEFA,0,4,8,72,48,0.003995753885595257,0.0015432098765432107,0.005538963762138468
sefa_random_threshold,SEFA,0,4,9,73,49,0.003995753885595257,0.0037133487654320996,0.007709102651027357
sefa_random_threshold,SEFA,0,4,10,74,4a,0.003995753885595257,0.003134645061728395,0.007130398947323652
sefa_random_threshold,SEFA,0,4,11,75,4b,0.003995753885595257,0.004460841049382716,0.008456594934977973
sefa_random_threshold,SEFA,0,4,12,76,4c,0.003995753885595257,0.0027488425925925927,0.00674459647818785
sefa_random_threshold,SEFA,0,4,13,77,4d,0.003995753885595257,0.006438078703703704,0.01043383258929896
sefa_random_threshold,SEFA,0,4,14,78,4e,0.003995753885595257,0.0027729552469135813,0.0067687091325088385
sefa_random_threshold,SEFA,0,4,15,79,4f,0.003995753885595257,0.0032069830246913584,0.0072027369102866156
sefa_random_threshold,SEFA,0,5,0,80,50,0.0018326390001602308,0.0031828703703703698,0.005015509370530601
sefa_random_threshold,SEFA,0,5,1,81,51,0.0018326390001602308,0.0026765046296296302,0.004509143629789861
sefa_random_threshold,SEFA,0,5,2,82,52,0.0018326390001602308,0.0038580246913580245,0.005690663691518255
sefa_random_threshold,SEFA,0,5,3,83,53,0.0018326390001602308,0.003038194444444445,0.004870833444604676
sefa_random_threshold,SEFA,0,5,4,84,54,0.0018326390001602308,0.004147376543209876,0.005980015543370107
sefa_random_threshold,SEFA,0,5,5,85,55,0.0018326390001602308,0.0038821373456790127,0.005714776345839244
sefa_random_threshold,SEFA,0,5,6,86,56,0.0018326390001602308,0.003520447530864197,0.0053530865310244275
sefa_random_threshold,SEFA,0,5,7,87,57,0.0018326390001602308,0.003520447530864198,0.005353086531024429
sefa_random_threshold,SEFA,0,5,8,88,58,0.0018326390001602308,0.0015432098765432107,0.0033758488767034415
sefa_random_threshold,SEFA,0,5,9,89,59,0.0018326390001602308,0.0037133487654320996,0.0055459877655923305
sefa_random_threshold,SEFA,0,5,10,90,5a,0.0018326390001602308,0.003134645061728395,0.004967284061888626
sefa_random_threshold,SEFA,0,5,11,91,5b,0.0018326390001602308,0.004460841049382716,0.006293480049542947
sefa_random_threshold,SEFA,0,5,12,92,5c,0.0018326390001602308,0.0027488425925925927,0.0045814815927528235
sefa_random_threshold,SEFA,0,5,13,93,5d,0.0018326390001602308,0.006438078703703704,0.008270717703863934
sefa_random_threshold,SEFA,0,5,14,94,5e,0.0018326390001602308,0.0027729552469135813,0.004605594247073812
sefa_random_threshold,SEFA,0,5,15,95,5f,0.0018326390001602308,0.0032069830246913584,0.005039622024851589
sefa_random_threshold,SEFA,0,6,0,96,60,0.0017925813170966193,0.0031828703703703698,0.004975451687466989
sefa_random_threshold,SEFA,0,6,1,97,61,0.0017925813170966193,0.0026765046296296302,0.00446908594672625
sefa_random_threshold,SEFA,0,6,2,98,62,0.0017925813170966193,0.0038580246913580245,0.005650606008454644
sefa_random_threshold,SEFA,0,6,3,99,63,0.0017925813170966193,0.003038194444444445,0.004830775761541064
sefa_random_threshold,SEFA,0,6,4,100,64,0.0017925813170966193,0.004147376543209876,0.005939957860306495
sefa_random_threshold,SEFA,0,6,5,101,65,0.0017925813170966193,0.0038821373456790127,0.005674718662775632
sefa_random_threshold,SEFA,0,6,6,102,66,0.0017925813170966193,0.003520447530864197,0.005313028847960816
sefa_random_threshold,SEFA,0,6,7,103,67,0.0017925813170966193,0.003520447530864198,0.005313028847960817
sefa_random_threshold,SEFA,0,6,8,104,68,0.0017925813170966193,0.0015432098765432107,0.00333579119363983
sefa_random_threshold,SEFA,0,6,9,105,69,0.0017925813170966193,0.0037133487654320996,0.005505930082528719
sefa_random_threshold,SEFA,0,6,10,106,6a,0.0017925813170966193,0.003134645061728395,0.004927226378825015
sefa_random_threshold,SEFA,0,6,11,107,6b,0.0017925813170966193,0.004460841049382716,0.006253422366479335
sefa_random_threshold,SEFA,0,6,12,108,6c,0.0017925813170966193,0.0027488425925925927,0.004541423909689212
sefa_random_threshold,SEFA,0,6,13,109,6d,0.0017925813170966193,0.006438078703703704,0.008230660020800322
sefa_random_threshold,SEFA,0,6,14,110,6e,0.0017925813170966193,0.0027729552469135813,0.004565536564010201
sefa_random_threshold,SEFA,0,6,15,111,6f,0.0017925813170966193,0.0032069830246913584,0.004999564341787978
sefa_random_threshold,SEFA,0,7,0,112,70,0.004576590290017625,0.0031828703703703698,0.007759460660387994
sefa_random_threshold,SEFA,0,7,1,113,71,0.004576590290017625,0.0026765046296296302,0.007253094919647255
sefa_random_threshold,SEFA,0,7,2,114,72,0.004576590290017625,0.0038580246913580245,0.00843461498137565
sefa_random_threshold,SEFA,0,7,3,115,73,0.004576590290017625,0.003038194444444445,0.00761478473446207
sefa_random_threshold,SEFA,0,7,4,116,74,0.004576590290017625,0.004147376543209876,0.0087239668332275
sefa_random_threshold,SEFA,0,7,5,117,75,0.004576590290017625,0.0038821373456790127,0.008458727635696637
sefa_random_threshold,SEFA,0,7,6,118,76,0.004576590290017625,0.003520447530864197,0.008097037820881822
sefa_random_threshold,SEFA,0,7,7,119,77,0.004576590290017625,0.003520447530864198,0.008097037820881822
sefa_random_threshold,SEFA,0,7,8,120,78,0.004576590290017625,0.0015432098765432107,0.006119800166560835
sefa_random_threshold,SEFA,0,7,9,121,79,0.004576590290017625,0.0037133487654320996,0.008289939055449724
sefa_random_threshold,SEFA,0,7,10,122,7a,0.004576590290017625,0.003134645061728395,0.00771123535174602
sefa_random_threshold,SEFA,0,7,11,123,7b,0.004576590290017625,0.004460841049382716,0.00903743133940034
sefa_random_threshold,SEFA,0,7,12,124,7c,0.004576590290017625,0.0027488425925925927,0.007325432882610217
sefa_random_threshold,SEFA,0,7,13,125,7d,0.004576590290017625,0.006438078703703704,0.01101466899372133
sefa_random_threshold,SEFA,0,7,14,126,7e,0.004576590290017625,0.0027729552469135813,0.007349545536931206
sefa_random_threshold,SEFA,0,7,15,127,7f,0.004576590290017625,0.0032069830246913584,0.007783573314708983
sefa_random_threshold,SEFA,0,8,0,128,80,0.0030343694920685785,0.0031828703703703698,0.006217239862438948
sefa_random_threshold,SEFA,0,8,1,129,81,0.0030343694920685785,0.0026765046296296302,0.005710874121698208
sefa_random_threshold,SEFA,0,8,2,130,82,0.0030343694920685785,0.0038580246913580245,0.006892394183426603
sefa_random_threshold,SEFA,0,8,3,131,83,0.0030343694920685785,0.003038194444444445,0.006072563936513023
sefa_random_threshold,SEFA,0,8,4,132,84,0.0030343694920685785,0.004147376543209876,0.007181746035278455
sefa_random_threshold,SEFA,0,8,5,133,85,0.0030343694920685785,0.0038821373456790127,0.006916506837747591
sefa_random_threshold,SEFA,0,8,6,134,86,0.0030343694920685785,0.003520447530864197,0.006554817022932776
sefa_random_threshold,SEFA,0,8,7,135,87,0.0030343694920685785,0.003520447530864198,0.0065548170229327764
sefa_random_threshold,SEFA,0,8,8,136,88,0.0030343694920685785,0.0015432098765432107,0.004577579368611789
sefa_random_threshold,SEFA,0,8,9,137,89,0.0030343694920685785,0.0037133487654320996,0.0067477182575006785
sefa_random_threshold,SEFA,0,8,10,138,8a,0.0030343694920685785,0.003134645061728395,0.006169014553796974
sefa_random_threshold,SEFA,0,8,11,139,8b,0.0030343694920685785,0.004460841049382716,0.007495210541451294
sefa_random_threshold,SEFA,0,8,12,140,8c,0.0030343694920685785,0.0027488425925925927,0.0057832120846611716
sefa_random_threshold,SEFA,0,8,13,141,8d,0.0030343694920685785,0.006438078703703704,0.009472448195772282
sefa_random_threshold,SEFA,0,8,14,142,8e,0.0030343694920685785,0.0027729552469135813,0.005807324738982159
sefa_random_threshold,SEFA,0,8,15,143,8f,0.0030343694920685785,0.0032069830246913584,0.006241352516759937
sefa_random_threshold,SEFA,0,9,0,144,90,0.0021531004646691233,0.0031828703703703698,0.005335970835039493
sefa_random_threshold,SEFA,0,9,1,145,91,0.0021531004646691233,0.0026765046296296302,0.0048296050942987535
sefa_random_threshold,SEFA,0,9,2,146,92,0.0021531004646691233,0.0038580246913580245,0.006011125156027148
sefa_random_threshold,SEFA,0,9,3,147,93,0.0021531004646691233,0.003038194444444445,0.005191294909113568
sefa_random_threshold,SEFA,0,9,4,148,94,0.0021531004646691233,0.004147376543209876,0.006300477007878999
sefa_random_threshold,SEFA,0,9,5,149,95,0.0021531004646691233,0.0038821373456790127,0.006035237810348136
sefa_random_threshold,SEFA,0,9,6,150,96,0.0021531004646691233,0.003520447530864197,0.00567354799553332
sefa_random_threshold,SEFA,0,9,7,151,97,0.0021531004646691233,0.003520447530864198,0.005673547995533322
sefa_random_threshold,SEFA,0,9,8,152,98,0.0021531004646691233,0.0015432098765432107,0.003696310341212334
sefa_random_threshold,SEFA,0,9,9,153,99,0.0021531004646691233,0.0037133487654320996,0.005866449230101223
sefa_random_threshold,SEFA,0,9,10,154,9a,0.0021531004646691233,0.003134645061728395,0.005287745526397518
sefa_random_threshold,SEFA,0,9,11,155,9b,0.0021531004646691233,0.004460841049382716,0.006613941514051839
sefa_random_threshold,SEFA,0,9,12,156,9c,0.0021531004646691233,0.0027488425925925927,0.004901943057261716
sefa_random_threshold,SEFA,0,9,13,157,9d,0.0021531004646691233,0.006438078703703704,0.008591179168372827
sefa_random_threshold,SEFA,0,9,14,158,9e,0.0021531004646691233,0.0027729552469135813,0.004926055711582705
sefa_random_threshold,SEFA,0,9,15,159,9f,0.0021531004646691233,0.0032069830246913584,0.005360083489360482
sefa_random_threshold,SEFA,0,10,0,160,a0,0.0026137638199006576,0.0031828703703703698,0.005796634190271027
sefa_random_threshold,SEFA,0,10,1,161,a1,0.0026137638199006576,0.0026765046296296302,0.005290268449530288
sefa_random_threshold,SEFA,0,10,2,162,a2,0.0026137638199006576,0.0038580246913580245,0.006471788511258682
sefa_random_threshold,SEFA,0,10,3,163,a3,0.0026137638199006576,0.003038194444444445,0.0056519582643451026
sefa_random_threshold,SEFA,0,10,4,164,a4,0.0026137638199006576,0.004147376543209876,0.0067611403631105335
sefa_random_threshold,SEFA,0,10,5,165,a5,0.0026137638199006576,0.0038821373456790127,0.00649590116557967
sefa_random_threshold,SEFA,0,10,6,166,a6,0.0026137638199006576,0.003520447530864197,0.006134211350764855
sefa_random_threshold,SEFA,0,10,7,167,a7,0.0026137638199006576,0.003520447530864198,0.006134211350764855
sefa_random_threshold,SEFA,0,10,8,168,a8,0.0026137638199006576,0.0015432098765432107,0.004156973696443868
sefa_random_threshold,SEFA,0,10,9,169,a9,0.0026137638199006576,0.0037133487654320996,0.006327112585332757
sefa_random_threshold,SEFA,0,10,10,170,aa,0.0026137638199006576,0.003134645061728395,0.005748408881629053
sefa_random_threshold,SEFA,0,10,11,171,ab,0.0026137638199006576,0.004460841049382716,0.0070746048692833735
sefa_random_threshold,SEFA,0,10,12,172,ac,0.0026137638199006576,0.0027488425925925927,0.00536260641249325
sefa_random_threshold,SEFA,0,10,13,173,ad,0.0026137638199006576,0.006438078703703704,0.009051842523604362
sefa_random_threshold,SEFA,0,10,14,174,ae,0.0026137638199006576,0.0027729552469135813,0.005386719066814239
sefa_random_threshold,SEFA,0,10,15,175,af,0.0026137638199006576,0.0032069830246913584,0.005820746844592016
sefa_random_threshold,SEFA,0,11,0,176,b0,0.0017725524755648125,0.0031828703703703698,0.004955422845935182
sefa_random_threshold,SEFA,0,11,1,177,b1,0.0017725524755648125,0.0026765046296296302,0.004449057105194443
sefa_random_threshold,SEFA,0,11,2,178,b2,0.0017725524755648125,0.0038580246913580245,0.005630577166922837
sefa_random_threshold,SEFA,0,11,3,179,b3,0.0017725524755648125,0.003038194444444445,0.0048107469200092574
sefa_random_threshold,SEFA,0,11,4,180,b4,0.0017725524755648125,0.004147376543209876,0.005919929018774688
sefa_random_threshold,SEFA,0,11,5,181,b5,0.0017725524755648125,0.0038821373456790127,0.005654689821243826
sefa_random_threshold,SEFA,0,11,6,182,b6,0.0017725524755648125,0.003520447530864197,0.005293000006429009
sefa_random_threshold,SEFA,0,11,7,183,b7,0.0017725524755648125,0.003520447530864198,0.005293000006429011
sefa_random_threshold,SEFA,0,11,8,184,b8,0.0017725524755648125,0.0015432098765432107,0.003315762352108023
sefa_random_threshold,SEFA,0,11,9,185,b9,0.0017725524755648125,0.0037133487654320996,0.005485901240996912
sefa_random_threshold,SEFA,0,11,10,186,ba,0.0017725524755648125,0.003134645061728395,0.004907197537293208
sefa_random_threshold,SEFA,0,11,11,187,bb,0.0017725524755648125,0.004460841049382716,0.006233393524947528
sefa_random_threshold,SEFA,0,11,12,188,bc,0.0017725524755648125,0.0027488425925925927,0.004521395068157405
sefa_random_threshold,SEFA,0,11,13,189,bd,0.0017725524755648125,0.006438078703703704,0.008210631179268516
sefa_random_threshold,SEFA,0,11,14,190,be,0.0017725524755648125,0.0027729552469135813,0.004545507722478394
sefa_random_threshold,SEFA,0,11,15,191,bf,0.0017725524755648125,0.0032069830246913584,0.004979535500256171
sefa_random_threshold,SEFA,0,12,0,192,c0,0.0049571382791219355,0.0031828703703703698,0.008140008649492304
sefa_random_threshold,SEFA,0,12,1,193,c1,0.0049571382791219355,0.0026765046296296302,0.007633642908751566
sefa_random_threshold,SEFA,0,12,2,194,c2,0.0049571382791219355,0.0038580246913580245,0.00881516297047996
sefa_random_threshold,SEFA,0,12,3,195,c3,0.0049571382791219355,0.003038194444444445,0.007995332723566381
sefa_random_threshold,SEFA,0,12,4,196,c4,0.0049571382791219355,0.004147376543209876,0.009104514822331811
sefa_random_threshold,SEFA,0,12,5,197,c5,0.0049571382791219355,0.0038821373456790127,0.008839275624800948
sefa_random_threshold,SEFA,0,12,6,198,c6,0.0049571382791219355,0.003520447530864197,0.008477585809986133
sefa_random_threshold,SEFA,0,12,7,199,c7,0.0049571382791219355,0.003520447530864198,0.008477585809986133
sefa_random_threshold,SEFA,0,12,8,200,c8,0.0049571382791219355,0.0015432098765432107,0.006500348155665146
sefa_random_threshold,SEFA,0,12,9,201,c9,0.0049571382791219355,0.0037133487654320996,0.008670487044554035
sefa_random_threshold,SEFA,0,12,10,202,ca,0.0049571382791219355,0.003134645061728395,0.00809178334085033
sefa_random_threshold,SEFA,0,12,11,203,cb,0.0049571382791219355,0.004460841049382716,0.00941797932850465
sefa_random_threshold,SEFA,0,12,12,204,cc,0.0049571382791219355,0.0027488425925925927,0.007705980871714528
sefa_random_threshold,SEFA,0,12,13,205,cd,0.0049571382791219355,0.006438078703703704,0.01139521698282564
sefa_random_threshold,SEFA,0,12,14,206,ce,0.0049571382791219355,0.0027729552469135813,0.007730093526035517
sefa_random_threshold,SEFA,0,12,15,207,cf,0.0049571382791219355,0.0032069830246913584,0.008164121303813294
sefa_random_threshold,SEFA,0,13,0,208,d0,0.003154542541259413,0.0031828703703703698,0.006337412911629783
sefa_random_threshold,SEFA,0,13,1,209,d1,0.003154542541259413,0.0026765046296296302,0.005831047170889043
sefa_random_threshold,SEFA,0,13,2,210,d2,0.003154542541259413,0.0038580246913580245,0.007012567232617437
sefa_random_threshold,SEFA,0,13,3,211,d3,0.003154542541259413,0.003038194444444445,0.006192736985703858
sefa_random_threshold,SEFA,0,13,4,212,d4,0.003154542541259413,0.004147376543209876,0.007301919084469289
sefa_random_threshold,SEFA,0,13,5,213,d5,0.003154542541259413,0.0038821373456790127,0.007036679886938426
sefa_random_threshold,SEFA,0,13,6,214,d6,0.003154542541259413,0.003520447530864197,0.00667499007212361
sefa_random_threshold,SEFA,0,13,7,215,d7,0.003154542541259413,0.003520447530864198,0.006674990072123611
sefa_random_threshold,SEFA,0,13,8,216,d8,0.003154542541259413,0.0015432098765432107,0.004697752417802624
sefa_random_threshold,SEFA,0,13,9,217,d9,0.003154542541259413,0.0037133487654320996,0.0068678913066915126
sefa_random_threshold,SEFA,0,13,10,218,da,0.003154542541259413,0.003134645061728395,0.006289187602987808
sefa_random_threshold,SEFA,0,13,11,219,db,0.003154542541259413,0.004460841049382716,0.007615383590642129
sefa_random_threshold,SEFA,0,13,12,220,dc,0.003154542541259413,0.0027488425925925927,0.005903385133852006
sefa_random_threshold,SEFA,0,13,13,221,dd,0.003154542541259413,0.006438078703703704,0.009592621244963117
sefa_random_threshold,SEFA,0,13,14,222,de,0.003154542541259413,0.0027729552469135813,0.005927497788172994
sefa_random_threshold,SEFA,0,13,15,223,df,0.003154542541259413,0.0032069830246913584,0.006361525565950771
sefa_random_threshold,SEFA,0,14,0,224,e0,0.0030543983336003846,0.0031828703703703698,0.006237268703970754
sefa_random_threshold,SEFA,0,14,1,225,e1,0.0030543983336003846,0.0026765046296296302,0.005730902963230014
sefa_random_threshold,SEFA,0,14,2,226,e2,0.0030543983336003846,0.0038580246913580245,0.0069124230249584095
sefa_random_threshold,SEFA,0,14,3,227,e3,0.0030543983336003846,0.003038194444444445,0.006092592778044829
sefa_random_threshold,SEFA,0,14,4,228,e4,0.0030543983336003846,0.004147376543209876,0.007201774876810261
sefa_random_threshold,SEFA,0,14,5,229,e5,0.0030543983336003846,0.0038821373456790127,0.006936535679279397
sefa_random_threshold,SEFA,0,14,6,230,e6,0.0030543983336003846,0.003520447530864197,0.006574845864464582
sefa_random_threshold,SEFA,0,14,7,231,e7,0.0030543983336003846,0.003520447530864198,0.0065748458644645826
sefa_random_threshold,SEFA,0,14,8,232,e8,0.0030543983336003846,0.0015432098765432107,0.004597608210143595
sefa_random_threshold,SEFA,0,14,9,233,e9,0.0030543983336003846,0.0037133487654320996,0.006767747099032485
sefa_random_threshold,SEFA,0,14,10,234,ea,0.0030543983336003846,0.003134645061728395,0.00618904339532878
sefa_random_threshold,SEFA,0,14,11,235,eb,0.0030543983336003846,0.004460841049382716,0.0075152393829831
sefa_random_threshold,SEFA,0,14,12,236,ec,0.0030543983336003846,0.0027488425925925927,0.005803240926192978
sefa_random_threshold,SEFA,0,14,13,237,ed,0.0030543983336003846,0.006438078703703704,0.009492477037304088
sefa_random_threshold,SEFA,0,14,14,238,ee,0.0030543983336003846,0.0027729552469135813,0.005827353580513965
sefa_random_threshold,SEFA,0,14,15,239,ef,0.0030543983336003846,0.0032069830246913584,0.006261381358291743
sefa_random_threshold,SEFA,0,15,0,240,f0,0.0037353789456817817,0.0031828703703703698,0.006918249316052151
sefa_random_threshold,SEFA,0,15,1,241,f1,0.0037353789456817817,0.0026765046296296302,0.0064118835753114115
sefa_random_threshold,SEFA,0,15,2,242,f2,0.0037353789456817817,0.0038580246913580245,0.007593403637039807
sefa_random_threshold,SEFA,0,15,3,243,f3,0.0037353789456817817,0.003038194444444445,0.006773573390126226
sefa_random_threshold,SEFA,0,15,4,244,f4,0.0037353789456817817,0.004147376543209876,0.007882755488891658
sefa_random_threshold,SEFA,0,15,5,245,f5,0.0037353789456817817,0.0038821373456790127,0.007617516291360794
sefa_random_threshold,SEFA,0,15,6,246,f6,0.0037353789456817817,0.003520447530864197,0.007255826476545979
sefa_random_threshold,SEFA,0,15,7,247,f7,0.0037353789456817817,0.003520447530864198,0.00725582647654598
sefa_random_threshold,SEFA,0,15,8,248,f8,0.0037353789456817817,0.0015432098765432107,0.005278588822224992
sefa_random_threshold,SEFA,0,15,9,249,f9,0.0037353789456817817,0.0037133487654320996,0.007448727711113882
sefa_random_threshold,SEFA,0,15,10,250,fa,0.0037353789456817817,0.003134645061728395,0.006870024007410177
sefa_random_threshold,SEFA,0,15,11,251,fb,0.0037353789456817817,0.004460841049382716,0.008196219995064497
sefa_random_threshold,SEFA,0,15,12,252,fc,0.0037353789456817817,0.0027488425925925927,0.006484221538274375
sefa_random_threshold,SEFA,0,15,13,253,fd,0.0037353789456817817,0.006438078703703704,0.010173457649385485
sefa_random_threshold,SEFA,0,15,14,254,fe,0.0037353789456817817,0.0027729552469135813,0.006508334192595363
sefa_random_threshold,SEFA,0,15,15,255,ff,0.0037353789456817817,0.0032069830246913584,0.0069423619703731405
sefa_random_threshold,SEFA,1,0,0,0,00,0.0021229609110495536,0.0051932501670750725,0.007316211078124626
sefa_random_threshold,SEFA,1,0,1,1,01,0.0021229609110495536,0.00399587881488082,0.006118839725930374
sefa_random_threshold,SEFA,1,0,2,2,02,0.0021229609110495536,0.002826353308086434,0.004949314219135988
sefa_random_threshold,SEFA,1,0,3,3,03,0.0021229609110495536,0.00452494987747828,0.006647910788527833
sefa_random_threshold,SEFA,1,0,4,4,04,0.0021229609110495536,0.004664179104477612,0.006787140015527166
sefa_random_threshold,SEFA,1,0,5,5,05,0.0021229609110495536,0.004413566495878814,0.006536527406928368
sefa_random_threshold,SEFA,1,0,6,6,06,0.0021229609110495536,0.008005680552461572,0.010128641463511126
sefa_random_threshold,SEFA,1,0,7,7,07,0.0021229609110495536,0.006251392292269994,0.008374353203319548
sefa_random_threshold,SEFA,1,0,8,8,08,0.0021229609110495536,0.0036338828246825577,0.005756843735732112
sefa_random_threshold,SEFA,1,0,9,9,09,0.0021229609110495536,0.003968032969480953,0.006090993880530506
sefa_random_threshold,SEFA,1,0,10,10,0a,0.0021229609110495536,0.0048034083314769434,0.006926369242526497
sefa_random_threshold,SEFA,1,0,11,11,0b,0.0021229609110495536,0.003773112051681889,0.005896072962731443
sefa_random_threshold,SEFA,1,0,12,12,0c,0.0021229609110495536,0.003968032969480954,0.006090993880530507
sefa_random_threshold,SEFA,1,0,13,13,0d,0.0021229609110495536,0.006362775673869458,0.008485736584919011
sefa_random_threshold,SEFA,1,0,14,14,0e,0.0021229609110495536,0.006669079973267988,0.008792040884317542
sefa_random_threshold,SEFA,1,0,15,15,0f,0.0021229609110495536,0.004692024949877478,0.006814985860927032
sefa_random_threshold,SEFA,1,1,0,16,10,0.001876731301939058,0.0051932501670750725,0.007069981469014131
sefa_random_threshold,SEFA,1,1,1,17,11,0.001876731301939058,0.00399587881488082,0.005872610116819879
sefa_random_threshold,SEFA,1,1,2,18,12,0.001876731301939058,0.002826353308086434,0.004703084610025492
sefa_random_threshold,SEFA,1,1,3,19,13,0.001876731301939058,0.00452494987747828,0.006401681179417338
sefa_random_threshold,SEFA,1,1,4,20,14,0.001876731301939058,0.004664179104477612,0.00654091040641667
sefa_random_threshold,SEFA,1,1,5,21,15,0.001876731301939058,0.004413566495878814,0.006290297797817873
sefa_random_threshold,SEFA,1,1,6,22,16,0.001876731301939058,0.008005680552461572,0.00988241185440063
sefa_random_threshold,SEFA,1,1,7,23,17,0.001876731301939058,0.006251392292269994,0.008128123594209053
sefa_random_threshold,SEFA,1,1,8,24,18,0.001876731301939058,0.0036338828246825577,0.005510614126621616
sefa_random_threshold,SEFA,1,1,9,25,19,0.001876731301939058,0.003968032969480953,0.00584476427142001
sefa_random_threshold,SEFA,1,1,10,26,1a,0.001876731301939058,0.0048034083314769434,0.006680139633416002
sefa_random_threshold,SEFA,1,1,11,27,1b,0.001876731301939058,0.003773112051681889,0.005649843353620947
sefa_random_threshold,SEFA,1,1,12,28,1c,0.001876731301939058,0.003968032969480954,0.005844764271420012
sefa_random_threshold,SEFA,1,1,13,29,1d,0.001876731301939058,0.006362775673869458,0.008239506975808516
sefa_random_threshold,SEFA,1,1,14,30,1e,0.001876731301939058,0.006669079973267988,0.008545811275207047
sefa_random_threshold,SEFA,1,1,15,31,1f,0.001876731301939058,0.004692024949877478,0.006568756251816537
sefa_random_threshold,SEFA,1,2,0,32,20,0.0022953216374269002,0.0051932501670750725,0.007488571804501973
sefa_random_threshold,SEFA,1,2,1,33,21,0.0022953216374269002,0.00399587881488082,0.006291200452307721
sefa_random_threshold,SEFA,1,2,2,34,22,0.0022953216374269002,0.002826353308086434,0.005121674945513334
sefa_random_threshold,SEFA,1,2,3,35,23,0.0022953216374269002,0.00452494987747828,0.00682027151490518
sefa_random_threshold,SEFA,1,2,4,36,24,0.0022953216374269002,0.004664179104477612,0.006959500741904512
sefa_random_threshold,SEFA,1,2,5,37,25,0.0022953216374269002,0.004413566495878814,0.006708888133305715
sefa_random_threshold,SEFA,1,2,6,38,26,0.0022953216374269002,0.008005680552461572,0.010301002189888473
sefa_random_threshold,SEFA,1,2,7,39,27,0.0022953216374269002,0.006251392292269994,0.008546713929696895
sefa_random_threshold,SEFA,1,2,8,40,28,0.0022953216374269002,0.0036338828246825577,0.005929204462109458
sefa_random_threshold,SEFA,1,2,9,41,29,0.0022953216374269002,0.003968032969480953,0.006263354606907853
sefa_random_threshold,SEFA,1,2,10,42,2a,0.0022953216374269002,0.0048034083314769434,0.007098729968903844
sefa_random_threshold,SEFA,1,2,11,43,2b,0.0022953216374269002,0.003773112051681889,0.006068433689108789
sefa_random_threshold,SEFA,1,2,12,44,2c,0.0022953216374269002,0.003968032969480954,0.006263354606907854
sefa_random_threshold,SEFA,1,2,13,45,2d,0.0022953216374269002,0.006362775673869458,0.008658097311296358
sefa_random_threshold,SEFA,1,2,14,46,2e,0.0022953216374269002,0.006669079973267988,0.008964401610694889
sefa_random_threshold,SEFA,1,2,15,47,2f,0.0022953216374269002,0.004692024949877478,0.006987346587304379
sefa_random_threshold,SEFA,1,3,0,48,30,0.001728993536472761,0.0051932501670750725,0.0069222437035478335
sefa_random_threshold,SEFA,1,3,1,49,31,0.001728993536472761,0.00399587881488082,0.005724872351353581
sefa_random_threshold,SEFA,1,3,2,50,32,0.001728993536472761,0.002826353308086434,0.004555346844559195
sefa_random_threshold,SEFA,1,3,3,51,33,0.001728993536472761,0.00452494987747828,0.006253943413951041
sefa_random_threshold,SEFA,1,3,4,52,34,0.001728993536472761,0.004664179104477612,0.006393172640950373
sefa_random_threshold,SEFA,1,3,5,53,35,0.001728993536472761,0.004413566495878814,0.0061425600323515754
sefa_random_threshold,SEFA,1,3,6,54,36,0.001728993536472761,0.008005680552461572,0.009734674088934334
sefa_random_threshold,SEFA,1,3,7,55,37,0.001728993536472761,0.006251392292269994,0.007980385828742755
sefa_random_threshold,SEFA,1,3,8,56,38,0.001728993536472761,0.0036338828246825577,0.005362876361155318
sefa_random_threshold,SEFA,1,3,9,57,39,0.001728993536472761,0.003968032969480953,0.005697026505953714
sefa_random_threshold,SEFA,1,3,10,58,3a,0.001728993536472761,0.0048034083314769434,0.0065324018679497045
sefa_random_threshold,SEFA,1,3,11,59,3b,0.001728993536472761,0.003773112051681889,0.00550210558815465
sefa_random_threshold,SEFA,1,3,12,60,3c,0.001728993536472761,0.003968032969480954,0.005697026505953715
sefa_random_threshold,SEFA,1,3,13,61,3d,0.001728993536472761,0.006362775673869458,0.008091769210342218
sefa_random_threshold,SEFA,1,3,14,62,3e,0.001728993536472761,0.006669079973267988,0.008398073509740749
sefa_random_threshold,SEFA,1,3,15,63,3f,0.001728993536472761,0.004692024949877478,0.006421018486350239
sefa_random_threshold,SEFA,1,4,0,64,40,0.004068174823022469,0.0051932501670750725,0.009261424990097541
sefa_random_threshold,SEFA,1,4,1,65,41,0.004068174823022469,0.00399587881488082,0.008064053637903289
sefa_random_threshold,SEFA,1,4,2,66,42,0.004068174823022469,0.002826353308086434,0.006894528131108903
sefa_random_threshold,SEFA,1,4,3,67,43,0.004068174823022469,0.00452494987747828,0.008593124700500748
sefa_random_threshold,SEFA,1,4,4,68,44,0.004068174823022469,0.004664179104477612,0.008732353927500082
sefa_random_threshold,SEFA,1,4,5,69,45,0.004068174823022469,0.004413566495878814,0.008481741318901283
sefa_random_threshold,SEFA,1,4,6,70,46,0.004068174823022469,0.008005680552461572,0.012073855375484041
sefa_random_threshold,SEFA,1,4,7,71,47,0.004068174823022469,0.006251392292269994,0.010319567115292463
sefa_random_threshold,SEFA,1,4,8,72,48,0.004068174823022469,0.0036338828246825577,0.007702057647705027
sefa_random_threshold,SEFA,1,4,9,73,49,0.004068174823022469,0.003968032969480953,0.00803620779250342
sefa_random_threshold,SEFA,1,4,10,74,4a,0.004068174823022469,0.0048034083314769434,0.008871583154499412
sefa_random_threshold,SEFA,1,4,11,75,4b,0.004068174823022469,0.003773112051681889,0.007841286874704357
sefa_random_threshold,SEFA,1,4,12,76,4c,0.004068174823022469,0.003968032969480954,0.008036207792503422
sefa_random_threshold,SEFA,1,4,13,77,4d,0.004068174823022469,0.006362775673869458,0.010430950496891927
sefa_random_threshold,SEFA,1,4,14,78,4e,0.004068174823022469,0.006669079973267988,0.010737254796290457
sefa_random_threshold,SEFA,1,4,15,79,4f,0.004068174823022469,0.004692024949877478,0.008760199772899947
sefa_random_threshold,SEFA,1,5,0,80,50,0.0032063711911357344,0.0051932501670750725,0.008399621358210808
sefa_random_threshold,SEFA,1,5,1,81,51,0.0032063711911357344,0.00399587881488082,0.007202250006016555
sefa_random_threshold,SEFA,1,5,2,82,52,0.0032063711911357344,0.002826353308086434,0.0060327244992221685
sefa_random_threshold,SEFA,1,5,3,83,53,0.0032063711911357344,0.00452494987747828,0.007731321068614014
sefa_random_threshold,SEFA,1,5,4,84,54,0.0032063711911357344,0.004664179104477612,0.007870550295613347
sefa_random_threshold,SEFA,1,5,5,85,55,0.0032063711911357344,0.004413566495878814,0.007619937687014549
sefa_random_threshold,SEFA,1,5,6,86,56,0.0032063711911357344,0.008005680552461572,0.011212051743597306
sefa_random_threshold,SEFA,1,5,7,87,57,0.0032063711911357344,0.006251392292269994,0.00945776348340573
sefa_random_threshold,SEFA,1,5,8,88,58,0.0032063711911357344,0.0036338828246825577,0.006840254015818292
sefa_random_threshold,SEFA,1,5,9,89,59,0.0032063711911357344,0.003968032969480953,0.007174404160616687
sefa_random_threshold,SEFA,1,5,10,90,5a,0.0032063711911357344,0.0048034083314769434,0.008009779522612677
sefa_random_threshold,SEFA,1,5,11,91,5b,0.0032063711911357344,0.003773112051681889,0.0069794832428176235
sefa_random_threshold,SEFA,1,5,12,92,5c,0.0032063711911357344,0.003968032969480954,0.007174404160616688
sefa_random_threshold,SEFA,1,5,13,93,5d,0.0032063711911357344,0.006362775673869458,0.009569146865005193
sefa_random_threshold,SEFA,1,5,14,94,5e,0.0032063711911357344,0.006669079973267988,0.009875451164403724
sefa_random_threshold,SEFA,1,5,15,95,5f,0.0032063711911357344,0.004692024949877478,0.007898396141013213
sefa_random_threshold,SEFA,1,6,0,96,60,0.001605878731917513,0.0051932501670750725,0.006799128898992585
sefa_random_threshold,SEFA,1,6,1,97,61,0.001605878731917513,0.00399587881488082,0.005601757546798333
sefa_random_threshold,SEFA,1,6,2,98,62,0.001605878731917513,0.002826353308086434,0.0044322320400039476
sefa_random_threshold,SEFA,1,6,3,99,63,0.001605878731917513,0.00452494987747828,0.006130828609395792
sefa_random_threshold,SEFA,1,6,4,100,64,0.001605878731917513,0.004664179104477612,0.006270057836395126
sefa_random_threshold,SEFA,1,6,5,101,65,0.001605878731917513,0.004413566495878814,0.006019445227796327
sefa_random_threshold,SEFA,1,6,6,102,66,0.001605878731917513,0.008005680552461572,0.009611559284379085
sefa_random_threshold,SEFA,1,6,7,103,67,0.001605878731917513,0.006251392292269994,0.007857271024187507
sefa_random_threshold,SEFA,1,6,8,104,68,0.001605878731917513,0.0036338828246825577,0.005239761556600071
sefa_random_threshold,SEFA,1,6,9,105,69,0.001605878731917513,0.003968032969480953,0.005573911701398466
sefa_random_threshold,SEFA,1,6,10,106,6a,0.001605878731917513,0.0048034083314769434,0.006409287063394456
sefa_random_threshold,SEFA,1,6,11,107,6b,0.001605878731917513,0.003773112051681889,0.0053789907835994025
sefa_random_threshold,SEFA,1,6,12,108,6c,0.001605878731917513,0.003968032969480954,0.005573911701398466
sefa_random_threshold,SEFA,1,6,13,109,6d,0.001605878731917513,0.006362775673869458,0.00796865440578697
sefa_random_threshold,SEFA,1,6,14,110,6e,0.001605878731917513,0.006669079973267988,0.008274958705185501
sefa_random_threshold,SEFA,1,6,15,111,6f,0.001605878731917513,0.004692024949877478,0.006297903681794991
sefa_random_threshold,SEFA,1,7,0,112,70,0.0023938134810710986,0.0051932501670750725,0.007587063648146171
sefa_random_threshold,SEFA,1,7,1,113,71,0.0023938134810710986,0.00399587881488082,0.006389692295951919
sefa_random_threshold,SEFA,1,7,2,114,72,0.0023938134810710986,0.002826353308086434,0.005220166789157533
sefa_random_threshold,SEFA,1,7,3,115,73,0.0023938134810710986,0.00452494987747828,0.006918763358549378
sefa_random_threshold,SEFA,1,7,4,116,74,0.0023938134810710986,0.004664179104477612,0.007057992585548711
sefa_random_threshold,SEFA,1,7,5,117,75,0.0023938134810710986,0.004413566495878814,0.006807379976949913
sefa_random_threshold,SEFA,1,7,6,118,76,0.0023938134810710986,0.008005680552461572,0.010399494033532672
sefa_random_threshold,SEFA,1,7,7,119,77,0.0023938134810710986,0.006251392292269994,0.008645205773341092
sefa_random_threshold,SEFA,1,7,8,120,78,0.0023938134810710986,0.0036338828246825577,0.006027696305753656
sefa_random_threshold,SEFA,1,7,9,121,79,0.0023938134810710986,0.003968032969480953,0.006361846450552051
sefa_random_threshold,SEFA,1,7,10,122,7a,0.0023938134810710986,0.0048034083314769434,0.007197221812548042
sefa_random_threshold,SEFA,1,7,11,123,7b,0.0023938134810710986,0.003773112051681889,0.006166925532752988
sefa_random_threshold,SEFA,1,7,12,124,7c,0.0023938134810710986,0.003968032969480954,0.006361846450552052
sefa_random_threshold,SEFA,1,7,13,125,7d,0.0023938134810710986,0.006362775673869458,0.008756589154940556
sefa_random_threshold,SEFA,1,7,14,126,7e,0.0023938134810710986,0.006669079973267988,0.009062893454339086
sefa_random_threshold,SEFA,1,7,15,127,7f,0.0023938134810710986,0.004692024949877478,0.007085838430948577
sefa_random_threshold,SEFA,1,8,0,128,80,0.0034033548784241302,0.0051932501670750725,0.008596605045499202
sefa_random_threshold,SEFA,1,8,1,129,81,0.0034033548784241302,0.00399587881488082,0.007399233693304951
sefa_random_threshold,SEFA,1,8,2,130,82,0.0034033548784241302,0.002826353308086434,0.006229708186510564
sefa_random_threshold,SEFA,1,8,3,131,83,0.0034033548784241302,0.00452494987747828,0.00792830475590241
sefa_random_threshold,SEFA,1,8,4,132,84,0.0034033548784241302,0.004664179104477612,0.008067533982901743
sefa_random_threshold,SEFA,1,8,5,133,85,0.0034033548784241302,0.004413566495878814,0.007816921374302944
sefa_random_threshold,SEFA,1,8,6,134,86,0.0034033548784241302,0.008005680552461572,0.011409035430885704
sefa_random_threshold,SEFA,1,8,7,135,87,0.0034033548784241302,0.006251392292269994,0.009654747170694124
sefa_random_threshold,SEFA,1,8,8,136,88,0.0034033548784241302,0.0036338828246825577,0.0070372377031066875
sefa_random_threshold,SEFA,1,8,9,137,89,0.0034033548784241302,0.003968032969480953,0.007371387847905083
sefa_random_threshold,SEFA,1,8,10,138,8a,0.0034033548784241302,0.0048034083314769434,0.008206763209901075
sefa_random_threshold,SEFA,1,8,11,139,8b,0.0034033548784241302,0.003773112051681889,0.007176466930106019
sefa_random_threshold,SEFA,1,8,12,140,8c,0.0034033548784241302,0.003968032969480954,0.007371387847905084
sefa_random_threshold,SEFA,1,8,13,141,8d,0.0034033548784241302,0.006362775673869458,0.009766130552293587
sefa_random_threshold,SEFA,1,8,14,142,8e,0.0034033548784241302,0.006669079973267988,0.010072434851692118
sefa_random_threshold,SEFA,1,8,15,143,8f,0.0034033548784241302,0.004692024949877478,0.008095379828301608
sefa_random_threshold,SEFA,1,9,0,144,90,0.00394506001846722,0.0051932501670750725,0.009138310185542294
sefa_random_threshold,SEFA,1,9,1,145,91,0.00394506001846722,0.00399587881488082,0.007940938833348041
sefa_random_threshold,SEFA,1,9,2,146,92,0.00394506001846722,0.002826353308086434,0.006771413326553654
sefa_random_threshold,SEFA,1,9,3,147,93,0.00394506001846722,0.00452494987747828,0.008470009895945499
sefa_random_threshold,SEFA,1,9,4,148,94,0.00394506001846722,0.004664179104477612,0.008609239122944833
sefa_random_threshold,SEFA,1,9,5,149,95,0.00394506001846722,0.004413566495878814,0.008358626514346035
sefa_random_threshold,SEFA,1,9,6,150,96,0.00394506001846722,0.008005680552461572,0.011950740570928792
sefa_random_threshold,SEFA,1,9,7,151,97,0.00394506001846722,0.006251392292269994,0.010196452310737215
sefa_random_threshold,SEFA,1,9,8,152,98,0.00394506001846722,0.0036338828246825577,0.007578942843149777
sefa_random_threshold,SEFA,1,9,9,153,99,0.00394506001846722,0.003968032969480953,0.007913092987948173
sefa_random_threshold,SEFA,1,9,10,154,9a,0.00394506001846722,0.0048034083314769434,0.008748468349944163
sefa_random_threshold,SEFA,1,9,11,155,9b,0.00394506001846722,0.003773112051681889,0.007718172070149109
sefa_random_threshold,SEFA,1,9,12,156,9c,0.00394506001846722,0.003968032969480954,0.007913092987948175
sefa_random_threshold,SEFA,1,9,13,157,9d,0.00394506001846722,0.006362775673869458,0.010307835692336679
sefa_random_threshold,SEFA,1,9,14,158,9e,0.00394506001846722,0.006669079973267988,0.01061413999173521
sefa_random_threshold,SEFA,1,9,15,159,9f,0.00394506001846722,0.004692024949877478,0.0086370849683447
sefa_random_threshold,SEFA,1,10,0,160,a0,0.002369190520160049,0.0051932501670750725,0.007562440687235121
sefa_random_threshold,SEFA,1,10,1,161,a1,0.002369190520160049,0.00399587881488082,0.006365069335040869
sefa_random_threshold,SEFA,1,10,2,162,a2,0.002369190520160049,0.002826353308086434,0.005195543828246483
sefa_random_threshold,SEFA,1,10,3,163,a3,0.002369190520160049,0.00452494987747828,0.0068941403976383285
sefa_random_threshold,SEFA,1,10,4,164,a4,0.002369190520160049,0.004664179104477612,0.007033369624637661
sefa_random_threshold,SEFA,1,10,5,165,a5,0.002369190520160049,0.004413566495878814,0.006782757016038863
sefa_random_threshold,SEFA,1,10,6,166,a6,0.002369190520160049,0.008005680552461572,0.010374871072621621
sefa_random_threshold,SEFA,1,10,7,167,a7,0.002369190520160049,0.006251392292269994,0.008620582812430043
sefa_random_threshold,SEFA,1,10,8,168,a8,0.002369190520160049,0.0036338828246825577,0.006003073344842607
sefa_random_threshold,SEFA,1,10,9,169,a9,0.002369190520160049,0.003968032969480953,0.006337223489641002
sefa_random_threshold,SEFA,1,10,10,170,aa,0.002369190520160049,0.0048034083314769434,0.007172598851636992
sefa_random_threshold,SEFA,1,10,11,171,ab,0.002369190520160049,0.003773112051681889,0.006142302571841938
sefa_random_threshold,SEFA,1,10,12,172,ac,0.002369190520160049,0.003968032969480954,0.0063372234896410026
sefa_random_threshold,SEFA,1,10,13,173,ad,0.002369190520160049,0.006362775673869458,0.008731966194029507
sefa_random_threshold,SEFA,1,10,14,174,ae,0.002369190520160049,0.006669079973267988,0.009038270493428037
sefa_random_threshold,SEFA,1,10,15,175,af,0.002369190520160049,0.004692024949877478,0.007061215470037527
sefa_random_threshold,SEFA,1,11,0,176,b0,0.0025415512465373964,0.0051932501670750725,0.007734801413612468
sefa_random_threshold,SEFA,1,11,1,177,b1,0.0025415512465373964,0.00399587881488082,0.006537430061418216
sefa_random_threshold,SEFA,1,11,2,178,b2,0.0025415512465373964,0.002826353308086434,0.005367904554623831
sefa_random_threshold,SEFA,1,11,3,179,b3,0.0025415512465373964,0.00452494987747828,0.0070665011240156755
sefa_random_threshold,SEFA,1,11,4,180,b4,0.0025415512465373964,0.004664179104477612,0.007205730351015009
sefa_random_threshold,SEFA,1,11,5,181,b5,0.0025415512465373964,0.004413566495878814,0.00695511774241621
sefa_random_threshold,SEFA,1,11,6,182,b6,0.0025415512465373964,0.008005680552461572,0.010547231798998968
sefa_random_threshold,SEFA,1,11,7,183,b7,0.0025415512465373964,0.006251392292269994,0.00879294353880739
sefa_random_threshold,SEFA,1,11,8,184,b8,0.0025415512465373964,0.0036338828246825577,0.006175434071219954
sefa_random_threshold,SEFA,1,11,9,185,b9,0.0025415512465373964,0.003968032969480953,0.00650958421601835
sefa_random_threshold,SEFA,1,11,10,186,ba,0.0025415512465373964,0.0048034083314769434,0.007344959578014339
sefa_random_threshold,SEFA,1,11,11,187,bb,0.0025415512465373964,0.003773112051681889,0.006314663298219286
sefa_random_threshold,SEFA,1,11,12,188,bc,0.0025415512465373964,0.003968032969480954,0.00650958421601835
sefa_random_threshold,SEFA,1,11,13,189,bd,0.0025415512465373964,0.006362775673869458,0.008904326920406854
sefa_random_threshold,SEFA,1,11,14,190,be,0.0025415512465373964,0.006669079973267988,0.009210631219805384
sefa_random_threshold,SEFA,1,11,15,191,bf,0.0025415512465373964,0.004692024949877478,0.007233576196414874
sefa_random_threshold,SEFA,1,12,0,192,c0,0.005447060634041243,0.0051932501670750725,0.010640310801116316
sefa_random_threshold,SEFA,1,12,1,193,c1,0.005447060634041243,0.00399587881488082,0.009442939448922064
sefa_random_threshold,SEFA,1,12,2,194,c2,0.005447060634041243,0.002826353308086434,0.008273413942127678
sefa_random_threshold,SEFA,1,12,3,195,c3,0.005447060634041243,0.00452494987747828,0.009972010511519523
sefa_random_threshold,SEFA,1,12,4,196,c4,0.005447060634041243,0.004664179104477612,0.010111239738518855
sefa_random_threshold,SEFA,1,12,5,197,c5,0.005447060634041243,0.004413566495878814,0.009860627129920058
sefa_random_threshold,SEFA,1,12,6,198,c6,0.005447060634041243,0.008005680552461572,0.013452741186502816
sefa_random_threshold,SEFA,1,12,7,199,c7,0.005447060634041243,0.006251392292269994,0.011698452926311238
sefa_random_threshold,SEFA,1,12,8,200,c8,0.005447060634041243,0.0036338828246825577,0.009080943458723801
sefa_random_threshold,SEFA,1,12,9,201,c9,0.005447060634041243,0.003968032969480953,0.009415093603522197
sefa_random_threshold,SEFA,1,12,10,202,ca,0.005447060634041243,0.0048034083314769434,0.010250468965518187
sefa_random_threshold,SEFA,1,12,11,203,cb,0.005447060634041243,0.003773112051681889,0.009220172685723133
sefa_random_threshold,SEFA,1,12,12,204,cc,0.005447060634041243,0.003968032969480954,0.009415093603522197
sefa_random_threshold,SEFA,1,12,13,205,cd,0.005447060634041243,0.006362775673869458,0.011809836307910701
sefa_random_threshold,SEFA,1,12,14,206,ce,0.005447060634041243,0.006669079973267988,0.012116140607309232
sefa_random_threshold,SEFA,1,12,15,207,cf,0.005447060634041243,0.004692024949877478,0.010139085583918721
sefa_random_threshold,SEFA,1,13,0,208,d0,0.003920437057556171,0.0051932501670750725,0.009113687224631243
sefa_random_threshold,SEFA,1,13,1,209,d1,0.003920437057556171,0.00399587881488082,0.00791631587243699
sefa_random_threshold,SEFA,1,13,2,210,d2,0.003920437057556171,0.002826353308086434,0.0067467903656426055
sefa_random_threshold,SEFA,1,13,3,211,d3,0.003920437057556171,0.00452494987747828,0.008445386935034452
sefa_random_threshold,SEFA,1,13,4,212,d4,0.003920437057556171,0.004664179104477612,0.008584616162033784
sefa_random_threshold,SEFA,1,13,5,213,d5,0.003920437057556171,0.004413566495878814,0.008334003553434985
sefa_random_threshold,SEFA,1,13,6,214,d6,0.003920437057556171,0.008005680552461572,0.011926117610017745
sefa_random_threshold,SEFA,1,13,7,215,d7,0.003920437057556171,0.006251392292269994,0.010171829349826165
sefa_random_threshold,SEFA,1,13,8,216,d8,0.003920437057556171,0.0036338828246825577,0.0075543198822387286
sefa_random_threshold,SEFA,1,13,9,217,d9,0.003920437057556171,0.003968032969480953,0.007888470027037124
sefa_random_threshold,SEFA,1,13,10,218,da,0.003920437057556171,0.0048034083314769434,0.008723845389033116
sefa_random_threshold,SEFA,1,13,11,219,db,0.003920437057556171,0.003773112051681889,0.0076935491092380605
sefa_random_threshold,SEFA,1,13,12,220,dc,0.003920437057556171,0.003968032969480954,0.007888470027037124
sefa_random_threshold,SEFA,1,13,13,221,dd,0.003920437057556171,0.006362775673869458,0.010283212731425628
sefa_random_threshold,SEFA,1,13,14,222,de,0.003920437057556171,0.006669079973267988,0.010589517030824159
sefa_random_threshold,SEFA,1,13,15,223,df,0.003920437057556171,0.004692024949877478,0.008612462007433649
sefa_random_threshold,SEFA,1,14,0,224,e0,0.003895814096645121,0.0051932501670750725,0.009089064263720194
sefa_random_threshold,SEFA,1,14,1,225,e1,0.003895814096645121,0.00399587881488082,0.007891692911525942
sefa_random_threshold,SEFA,1,14,2,226,e2,0.003895814096645121,0.002826353308086434,0.006722167404731555
sefa_random_threshold,SEFA,1,14,3,227,e3,0.003895814096645121,0.00452494987747828,0.008420763974123401
sefa_random_threshold,SEFA,1,14,4,228,e4,0.003895814096645121,0.004664179104477612,0.008559993201122733
sefa_random_threshold,SEFA,1,14,5,229,e5,0.003895814096645121,0.004413566495878814,0.008309380592523936
sefa_random_threshold,SEFA,1,14,6,230,e6,0.003895814096645121,0.008005680552461572,0.011901494649106694
sefa_random_threshold,SEFA,1,14,7,231,e7,0.003895814096645121,0.006251392292269994,0.010147206388915116
sefa_random_threshold,SEFA,1,14,8,232,e8,0.003895814096645121,0.0036338828246825577,0.007529696921327679
sefa_random_threshold,SEFA,1,14,9,233,e9,0.003895814096645121,0.003968032969480953,0.007863847066126074
sefa_random_threshold,SEFA,1,14,10,234,ea,0.003895814096645121,0.0048034083314769434,0.008699222428122065
sefa_random_threshold,SEFA,1,14,11,235,eb,0.003895814096645121,0.003773112051681889,0.00766892614832701
sefa_random_threshold,SEFA,1,14,12,236,ec,0.003895814096645121,0.003968032969480954,0.007863847066126075
sefa_random_threshold,SEFA,1,14,13,237,ed,0.003895814096645121,0.006362775673869458,0.01025858977051458
sefa_random_threshold,SEFA,1,14,14,238,ee,0.003895814096645121,0.006669079973267988,0.01056489406991311
sefa_random_threshold,SEFA,1,14,15,239,ef,0.003895814096645121,0.004692024949877478,0.0085878390465226
sefa_random_threshold,SEFA,1,15,0,240,f0,0.004166666666666666,0.0051932501670750725,0.009359916833741738
sefa_random_threshold,SEFA,1,15,1,241,f1,0.004166666666666666,0.00399587881488082,0.008162545481547486
sefa_random_threshold,SEFA,1,15,2,242,f2,0.004166666666666666,0.002826353308086434,0.0069930199747531
sefa_random_threshold,SEFA,1,15,3,243,f3,0.004166666666666666,0.00452494987747828,0.008691616544144945
sefa_random_threshold,SEFA,1,15,4,244,f4,0.004166666666666666,0.004664179104477612,0.008830845771144277
sefa_random_threshold,SEFA,1,15,5,245,f5,0.004166666666666666,0.004413566495878814,0.00858023316254548
sefa_random_threshold,SEFA,1,15,6,246,f6,0.004166666666666666,0.008005680552461572,0.012172347219128238
sefa_random_threshold,SEFA,1,15,7,247,f7,0.004166666666666666,0.006251392292269994,0.01041805895893666
sefa_random_threshold,SEFA,1,15,8,248,f8,0.004166666666666666,0.0036338828246825577,0.007800549491349224
sefa_random_threshold,SEFA,1,15,9,249,f9,0.004166666666666666,0.003968032969480953,0.00813469963614762
sefa_random_threshold,SEFA,1,15,10,250,fa,0.004166666666666666,0.0048034083314769434,0.00897007499814361
sefa_random_threshold,SEFA,1,15,11,251,fb,0.004166666666666666,0.003773112051681889,0.007939778718348556
sefa_random_threshold,SEFA,1,15,12,252,fc,0.004166666666666666,0.003968032969480954,0.00813469963614762
sefa_random_threshold,SEFA,1,15,13,253,fd,0.004166666666666666,0.006362775673869458,0.010529442340536124
sefa_random_threshold,SEFA,1,15,14,254,fe,0.004166666666666666,0.006669079973267988,0.010835746639934654
sefa_random_threshold,SEFA,1,15,15,255,ff,0.004166666666666666,0.004692024949877478,0.008858691616544144
sefa_random_budget,SEFA,0,0,0,0,00,0.00044693877551020415,0.0007115530574986154,0.0011584918330088197
sefa_random_budget,SEFA,0,0,1,1,01,0.00044693877551020415,0.000547447127120556,0.00099438590263076
sefa_random_budget,SEFA,0,0,2,2,02,0.00044693877551020415,0.0005976692006414277,0.0010446079761516319
sefa_random_budget,SEFA,0,0,3,3,03,0.00044693877551020415,0.0004537228349865356,0.0009006616104967397
sefa_random_budget,SEFA,0,0,4,4,04,0.00044693877551020415,0.0006623920137000161,0.0011093307892102201
sefa_random_budget,SEFA,0,0,5,5,05,0.00044693877551020415,0.0004441735674860878,0.000891112342996292
sefa_random_budget,SEFA,0,0,6,6,06,0.00044693877551020415,0.000388646345353857,0.0008355851208640612
sefa_random_budget,SEFA,0,0,7,7,07,0.00044693877551020415,0.0005895346394373428,0.0010364734149475468
sefa_random_budget,SEFA,0,0,8,8,08,0.00044693877551020415,0.00048237063748787784,0.000929309412998082
sefa_random_budget,SEFA,0,0,9,9,09,0.00044693877551020415,0.0005485081568428283,0.0009954469323530325
sefa_random_budget,SEFA,0,0,10,10,0a,0.00044693877551020415,0.0005555816883246411,0.0010025204638348453
sefa_random_budget,SEFA,0,0,11,11,0b,0.00044693877551020415,0.0005803390485109864,0.0010272778240211905
sefa_random_budget,SEFA,0,0,12,12,0c,0.00044693877551020415,0.0003645963383156931,0.0008115351138258972
sefa_random_budget,SEFA,0,0,13,13,0d,0.00044693877551020415,0.0006065111149936937,0.0010534498905038978
sefa_random_budget,SEFA,0,0,14,14,0e,0.00044693877551020415,0.0004116353226697488,0.000858574098179953
sefa_random_budget,SEFA,0,0,15,15,0f,0.00044693877551020415,0.00034691250961116094,0.000793851285121365
sefa_random_budget,SEFA,0,1,0,16,10,0.0004673469387755103,0.0007115530574986154,0.0011788999962741257
sefa_random_budget,SEFA,0,1,1,17,11,0.0004673469387755103,0.000547447127120556,0.0010147940658960662
sefa_random_budget,SEFA,0,1,2,18,12,0.0004673469387755103,0.0005976692006414277,0.001065016139416938
sefa_random_budget,SEFA,0,1,3,19,13,0.0004673469387755103,0.0004537228349865356,0.0009210697737620458
sefa_random_budget,SEFA,0,1,4,20,14,0.0004673469387755103,0.0006623920137000161,0.0011297389524755263
sefa_random_budget,SEFA,0,1,5,21,15,0.0004673469387755103,0.0004441735674860878,0.000911520506261598
sefa_random_budget,SEFA,0,1,6,22,16,0.0004673469387755103,0.000388646345353857,0.0008559932841293673
sefa_random_budget,SEFA,0,1,7,23,17,0.0004673469387755103,0.0005895346394373428,0.001056881578212853
sefa_random_budget,SEFA,0,1,8,24,18,0.0004673469387755103,0.00048237063748787784,0.0009497175762633881
sefa_random_budget,SEFA,0,1,9,25,19,0.0004673469387755103,0.0005485081568428283,0.0010158550956183385
sefa_random_budget,SEFA,0,1,10,26,1a,0.0004673469387755103,0.0005555816883246411,0.0010229286271001513
sefa_random_budget,SEFA,0,1,11,27,1b,0.0004673469387755103,0.0005803390485109864,0.0010476859872864967
sefa_random_budget,SEFA,0,1,12,28,1c,0.0004673469387755103,0.0003645963383156931,0.0008319432770912034
sefa_random_budget,SEFA,0,1,13,29,1d,0.0004673469387755103,0.0006065111149936937,0.001073858053769204
sefa_random_budget,SEFA,0,1,14,30,1e,0.0004673469387755103,0.0004116353226697488,0.000878982261445259
sefa_random_budget,SEFA,0,1,15,31,1f,0.0004673469387755103,0.00034691250961116094,0.0008142594483866712
sefa_random_budget,SEFA,0,2,0,32,20,0.0005349206349206348,0.0007115530574986154,0.00124647369241925
sefa_random_budget,SEFA,0,2,1,33,21,0.0005349206349206348,0.000547447127120556,0.0010823677620411909
sefa_random_budget,SEFA,0,2,2,34,22,0.0005349206349206348,0.0005976692006414277,0.0011325898355620625
sefa_random_budget,SEFA,0,2,3,35,23,0.0005349206349206348,0.0004537228349865356,0.0009886434699071705
sefa_random_budget,SEFA,0,2,4,36,24,0.0005349206349206348,0.0006623920137000161,0.001197312648620651
sefa_random_budget,SEFA,0,2,5,37,25,0.0005349206349206348,0.0004441735674860878,0.0009790942024067227
sefa_random_budget,SEFA,0,2,6,38,26,0.0005349206349206348,0.000388646345353857,0.0009235669802744918
sefa_random_budget,SEFA,0,2,7,39,27,0.0005349206349206348,0.0005895346394373428,0.0011244552743579776
sefa_random_budget,SEFA,0,2,8,40,28,0.0005349206349206348,0.00048237063748787784,0.0010172912724085127
sefa_random_budget,SEFA,0,2,9,41,29,0.0005349206349206348,0.0005485081568428283,0.001083428791763463
sefa_random_budget,SEFA,0,2,10,42,2a,0.0005349206349206348,0.0005555816883246411,0.0010905023232452757
sefa_random_budget,SEFA,0,2,11,43,2b,0.0005349206349206348,0.0005803390485109864,0.0011152596834316211
sefa_random_budget,SEFA,0,2,12,44,2c,0.0005349206349206348,0.0003645963383156931,0.0008995169732363278
sefa_random_budget,SEFA,0,2,13,45,2d,0.0005349206349206348,0.0006065111149936937,0.0011414317499143286
sefa_random_budget,SEFA,0,2,14,46,2e,0.0005349206349206348,0.0004116353226697488,0.0009465559575903836
sefa_random_budget,SEFA,0,2,15,47,2f,0.0005349206349206348,0.00034691250961116094,0.0008818331445317957
sefa_random_budget,SEFA,0,3,0,48,30,0.0006768707482993196,0.0007115530574986154,0.001388423805797935
sefa_random_budget,SEFA,0,3,1,49,31,0.0006768707482993196,0.000547447127120556,0.0012243178754198756
sefa_random_budget,SEFA,0,3,2,50,32,0.0006768707482993196,0.0005976692006414277,0.0012745399489407475
sefa_random_budget,SEFA,0,3,3,51,33,0.0006768707482993196,0.0004537228349865356,0.0011305935832858552
sefa_random_budget,SEFA,0,3,4,52,34,0.0006768707482993196,0.0006623920137000161,0.0013392627619993357
sefa_random_budget,SEFA,0,3,5,53,35,0.0006768707482993196,0.0004441735674860878,0.0011210443157854074
sefa_random_budget,SEFA,0,3,6,54,36,0.0006768707482993196,0.000388646345353857,0.0010655170936531766
sefa_random_budget,SEFA,0,3,7,55,37,0.0006768707482993196,0.0005895346394373428,0.0012664053877366624
sefa_random_budget,SEFA,0,3,8,56,38,0.0006768707482993196,0.00048237063748787784,0.0011592413857871974
sefa_random_budget,SEFA,0,3,9,57,39,0.0006768707482993196,0.0005485081568428283,0.001225378905142148
sefa_random_budget,SEFA,0,3,10,58,3a,0.0006768707482993196,0.0005555816883246411,0.0012324524366239607
sefa_random_budget,SEFA,0,3,11,59,3b,0.0006768707482993196,0.0005803390485109864,0.0012572097968103061
sefa_random_budget,SEFA,0,3,12,60,3c,0.0006768707482993196,0.0003645963383156931,0.0010414670866150128
sefa_random_budget,SEFA,0,3,13,61,3d,0.0006768707482993196,0.0006065111149936937,0.0012833818632930134
sefa_random_budget,SEFA,0,3,14,62,3e,0.0006768707482993196,0.0004116353226697488,0.0010885060709690684
sefa_random_budget,SEFA,0,3,15,63,3f,0.0006768707482993196,0.00034691250961116094,0.0010237832579104806
sefa_random_budget,SEFA,0,4,0,64,40,0.0007630385487528346,0.0007115530574986154,0.00147459160625145
sefa_random_budget,SEFA,0,4,1,65,41,0.0007630385487528346,0.000547447127120556,0.0013104856758733906
sefa_random_budget,SEFA,0,4,2,66,42,0.0007630385487528346,0.0005976692006414277,0.0013607077493942624
sefa_random_budget,SEFA,0,4,3,67,43,0.0007630385487528346,0.0004537228349865356,0.0012167613837393702
sefa_random_budget,SEFA,0,4,4,68,44,0.0007630385487528346,0.0006623920137000161,0.0014254305624528507
sefa_random_budget,SEFA,0,4,5,69,45,0.0007630385487528346,0.0004441735674860878,0.0012072121162389224
sefa_random_budget,SEFA,0,4,6,70,46,0.0007630385487528346,0.000388646345353857,0.0011516848941066915
sefa_random_budget,SEFA,0,4,7,71,47,0.0007630385487528346,0.0005895346394373428,0.0013525731881901773
sefa_random_budget,SEFA,0,4,8,72,48,0.0007630385487528346,0.00048237063748787784,0.0012454091862407124
sefa_random_budget,SEFA,0,4,9,73,49,0.0007630385487528346,0.0005485081568428283,0.0013115467055956629
sefa_random_budget,SEFA,0,4,10,74,4a,0.0007630385487528346,0.0005555816883246411,0.0013186202370774757
sefa_random_budget,SEFA,0,4,11,75,4b,0.0007630385487528346,0.0005803390485109864,0.001343377597263821
sefa_random_budget,SEFA,0,4,12,76,4c,0.0007630385487528346,0.0003645963383156931,0.0011276348870685278
sefa_random_budget,SEFA,0,4,13,77,4d,0.0007630385487528346,0.0006065111149936937,0.0013695496637465283
sefa_random_budget,SEFA,0,4,14,78,4e,0.0007630385487528346,0.0004116353226697488,0.0011746738714225834
sefa_random_budget,SEFA,0,4,15,79,4f,0.0007630385487528346,0.00034691250961116094,0.0011099510583639956
sefa_random_budget,SEFA,0,5,0,80,50,0.00048185941043083906,0.0007115530574986154,0.0011934124679294545
sefa_random_budget,SEFA,0,5,1,81,51,0.00048185941043083906,0.000547447127120556,0.0010293065375513951
sefa_random_budget,SEFA,0,5,2,82,52,0.00048185941043083906,0.0005976692006414277,0.0010795286110722667
sefa_random_budget,SEFA,0,5,3,83,53,0.00048185941043083906,0.0004537228349865356,0.0009355822454173747
sefa_random_budget,SEFA,0,5,4,84,54,0.00048185941043083906,0.0006623920137000161,0.0011442514241308552
sefa_random_budget,SEFA,0,5,5,85,55,0.00048185941043083906,0.0004441735674860878,0.0009260329779169269
sefa_random_budget,SEFA,0,5,6,86,56,0.00048185941043083906,0.000388646345353857,0.000870505755784696
sefa_random_budget,SEFA,0,5,7,87,57,0.00048185941043083906,0.0005895346394373428,0.0010713940498681819
sefa_random_budget,SEFA,0,5,8,88,58,0.00048185941043083906,0.00048237063748787784,0.0009642300479187169
sefa_random_budget,SEFA,0,5,9,89,59,0.00048185941043083906,0.0005485081568428283,0.0010303675672736674
sefa_random_budget,SEFA,0,5,10,90,5a,0.00048185941043083906,0.0005555816883246411,0.0010374410987554802
sefa_random_budget,SEFA,0,5,11,91,5b,0.00048185941043083906,0.0005803390485109864,0.0010621984589418254
sefa_random_budget,SEFA,0,5,12,92,5c,0.00048185941043083906,0.0003645963383156931,0.0008464557487465321
sefa_random_budget,SEFA,0,5,13,93,5d,0.00048185941043083906,0.0006065111149936937,0.0010883705254245328
sefa_random_budget,SEFA,0,5,14,94,5e,0.00048185941043083906,0.0004116353226697488,0.0008934947331005879
sefa_random_budget,SEFA,0,5,15,95,5f,0.00048185941043083906,0.00034691250961116094,0.000828771920042
sefa_random_budget,SEFA,0,6,0,96,60,0.00033446712018140586,0.0007115530574986154,0.0010460201776800212
sefa_random_budget,SEFA,0,6,1,97,61,0.00033446712018140586,0.000547447127120556,0.0008819142473019618
sefa_random_budget,SEFA,0,6,2,98,62,0.00033446712018140586,0.0005976692006414277,0.0009321363208228337
sefa_random_budget,SEFA,0,6,3,99,63,0.00033446712018140586,0.0004537228349865356,0.0007881899551679414
sefa_random_budget,SEFA,0,6,4,100,64,0.00033446712018140586,0.0006623920137000161,0.000996859133881422
sefa_random_budget,SEFA,0,6,5,101,65,0.00033446712018140586,0.0004441735674860878,0.0007786406876674936
sefa_random_budget,SEFA,0,6,6,102,66,0.00033446712018140586,0.000388646345353857,0.0007231134655352628
sefa_random_budget,SEFA,0,6,7,103,67,0.00033446712018140586,0.0005895346394373428,0.0009240017596187486
sefa_random_budget,SEFA,0,6,8,104,68,0.00033446712018140586,0.00048237063748787784,0.0008168377576692837
sefa_random_budget,SEFA,0,6,9,105,69,0.00033446712018140586,0.0005485081568428283,0.0008829752770242341
sefa_random_budget,SEFA,0,6,10,106,6a,0.00033446712018140586,0.0005555816883246411,0.0008900488085060469
sefa_random_budget,SEFA,0,6,11,107,6b,0.00033446712018140586,0.0005803390485109864,0.0009148061686923923
sefa_random_budget,SEFA,0,6,12,108,6c,0.00033446712018140586,0.0003645963383156931,0.000699063458497099
sefa_random_budget,SEFA,0,6,13,109,6d,0.00033446712018140586,0.0006065111149936937,0.0009409782351750995
sefa_random_budget,SEFA,0,6,14,110,6e,0.00033446712018140586,0.0004116353226697488,0.0007461024428511546
sefa_random_budget,SEFA,0,6,15,111,6f,0.00033446712018140586,0.00034691250961116094,0.0006813796297925668
sefa_random_budget,SEFA,0,7,0,112,70,0.00037437641723356003,0.0007115530574986154,0.0010859294747321755
sefa_random_budget,SEFA,0,7,1,113,71,0.00037437641723356003,0.000547447127120556,0.000921823544354116
sefa_random_budget,SEFA,0,7,2,114,72,0.00037437641723356003,0.0005976692006414277,0.0009720456178749878
sefa_random_budget,SEFA,0,7,3,115,73,0.00037437641723356003,0.0004537228349865356,0.0008280992522200956
sefa_random_budget,SEFA,0,7,4,116,74,0.00037437641723356003,0.0006623920137000161,0.0010367684309335761
sefa_random_budget,SEFA,0,7,5,117,75,0.00037437641723356003,0.0004441735674860878,0.0008185499847196478
sefa_random_budget,SEFA,0,7,6,118,76,0.00037437641723356003,0.000388646345353857,0.000763022762587417
sefa_random_budget,SEFA,0,7,7,119,77,0.00037437641723356003,0.0005895346394373428,0.0009639110566709028
sefa_random_budget,SEFA,0,7,8,120,78,0.00037437641723356003,0.00048237063748787784,0.0008567470547214378
sefa_random_budget,SEFA,0,7,9,121,79,0.00037437641723356003,0.0005485081568428283,0.0009228845740763883
sefa_random_budget,SEFA,0,7,10,122,7a,0.00037437641723356003,0.0005555816883246411,0.0009299581055582011
sefa_random_budget,SEFA,0,7,11,123,7b,0.00037437641723356003,0.0005803390485109864,0.0009547154657445464
sefa_random_budget,SEFA,0,7,12,124,7c,0.00037437641723356003,0.0003645963383156931,0.0007389727555492531
sefa_random_budget,SEFA,0,7,13,125,7d,0.00037437641723356003,0.0006065111149936937,0.0009808875322272538
sefa_random_budget,SEFA,0,7,14,126,7e,0.00037437641723356003,0.0004116353226697488,0.0007860117399033088
sefa_random_budget,SEFA,0,7,15,127,7f,0.00037437641723356003,0.00034691250961116094,0.000721288926844721
sefa_random_budget,SEFA,0,8,0,128,80,0.0006283446712018142,0.0007115530574986154,0.0013398977287004295
sefa_random_budget,SEFA,0,8,1,129,81,0.0006283446712018142,0.000547447127120556,0.0011757917983223703
sefa_random_budget,SEFA,0,8,2,130,82,0.0006283446712018142,0.0005976692006414277,0.0012260138718432419
sefa_random_budget,SEFA,0,8,3,131,83,0.0006283446712018142,0.0004537228349865356,0.0010820675061883498
sefa_random_budget,SEFA,0,8,4,132,84,0.0006283446712018142,0.0006623920137000161,0.0012907366849018304
sefa_random_budget,SEFA,0,8,5,133,85,0.0006283446712018142,0.0004441735674860878,0.001072518238687902
sefa_random_budget,SEFA,0,8,6,134,86,0.0006283446712018142,0.000388646345353857,0.0010169910165556712
sefa_random_budget,SEFA,0,8,7,135,87,0.0006283446712018142,0.0005895346394373428,0.001217879310639157
sefa_random_budget,SEFA,0,8,8,136,88,0.0006283446712018142,0.00048237063748787784,0.001110715308689692
sefa_random_budget,SEFA,0,8,9,137,89,0.0006283446712018142,0.0005485081568428283,0.0011768528280446423
sefa_random_budget,SEFA,0,8,10,138,8a,0.0006283446712018142,0.0005555816883246411,0.0011839263595264551
sefa_random_budget,SEFA,0,8,11,139,8b,0.0006283446712018142,0.0005803390485109864,0.0012086837197128005
sefa_random_budget,SEFA,0,8,12,140,8c,0.0006283446712018142,0.0003645963383156931,0.0009929410095175072
sefa_random_budget,SEFA,0,8,13,141,8d,0.0006283446712018142,0.0006065111149936937,0.001234855786195508
sefa_random_budget,SEFA,0,8,14,142,8e,0.0006283446712018142,0.0004116353226697488,0.001039979993871563
sefa_random_budget,SEFA,0,8,15,143,8f,0.0006283446712018142,0.00034691250961116094,0.000975257180812975
sefa_random_budget,SEFA,0,9,0,144,90,0.000447392290249433,0.0007115530574986154,0.0011589453477480484
sefa_random_budget,SEFA,0,9,1,145,91,0.000447392290249433,0.000547447127120556,0.000994839417369989
sefa_random_budget,SEFA,0,9,2,146,92,0.000447392290249433,0.0005976692006414277,0.0010450614908908609
sefa_random_budget,SEFA,0,9,3,147,93,0.000447392290249433,0.0004537228349865356,0.0009011151252359686
sefa_random_budget,SEFA,0,9,4,148,94,0.000447392290249433,0.0006623920137000161,0.001109784303949449
sefa_random_budget,SEFA,0,9,5,149,95,0.000447392290249433,0.0004441735674860878,0.0008915658577355208
sefa_random_budget,SEFA,0,9,6,150,96,0.000447392290249433,0.000388646345353857,0.0008360386356032899
sefa_random_budget,SEFA,0,9,7,151,97,0.000447392290249433,0.0005895346394373428,0.0010369269296867758
sefa_random_budget,SEFA,0,9,8,152,98,0.000447392290249433,0.00048237063748787784,0.0009297629277373108
sefa_random_budget,SEFA,0,9,9,153,99,0.000447392290249433,0.0005485081568428283,0.0009959004470922613
sefa_random_budget,SEFA,0,9,10,154,9a,0.000447392290249433,0.0005555816883246411,0.001002973978574074
sefa_random_budget,SEFA,0,9,11,155,9b,0.000447392290249433,0.0005803390485109864,0.0010277313387604195
sefa_random_budget,SEFA,0,9,12,156,9c,0.000447392290249433,0.0003645963383156931,0.0008119886285651261
sefa_random_budget,SEFA,0,9,13,157,9d,0.000447392290249433,0.0006065111149936937,0.0010539034052431267
sefa_random_budget,SEFA,0,9,14,158,9e,0.000447392290249433,0.0004116353226697488,0.0008590276129191818
sefa_random_budget,SEFA,0,9,15,159,9f,0.000447392290249433,0.00034691250961116094,0.000794304799860594
sefa_random_budget,SEFA,0,10,0,160,a0,0.0006287981859410432,0.0007115530574986154,0.0013403512434396587
sefa_random_budget,SEFA,0,10,1,161,a1,0.0006287981859410432,0.000547447127120556,0.0011762453130615992
sefa_random_budget,SEFA,0,10,2,162,a2,0.0006287981859410432,0.0005976692006414277,0.001226467386582471
sefa_random_budget,SEFA,0,10,3,163,a3,0.0006287981859410432,0.0004537228349865356,0.0010825210209275788
sefa_random_budget,SEFA,0,10,4,164,a4,0.0006287981859410432,0.0006623920137000161,0.0012911901996410593
sefa_random_budget,SEFA,0,10,5,165,a5,0.0006287981859410432,0.0004441735674860878,0.001072971753427131
sefa_random_budget,SEFA,0,10,6,166,a6,0.0006287981859410432,0.000388646345353857,0.0010174445312949002
sefa_random_budget,SEFA,0,10,7,167,a7,0.0006287981859410432,0.0005895346394373428,0.001218332825378386
sefa_random_budget,SEFA,0,10,8,168,a8,0.0006287981859410432,0.00048237063748787784,0.001111168823428921
sefa_random_budget,SEFA,0,10,9,169,a9,0.0006287981859410432,0.0005485081568428283,0.0011773063427838715
sefa_random_budget,SEFA,0,10,10,170,aa,0.0006287981859410432,0.0005555816883246411,0.0011843798742656843
sefa_random_budget,SEFA,0,10,11,171,ab,0.0006287981859410432,0.0005803390485109864,0.0012091372344520297
sefa_random_budget,SEFA,0,10,12,172,ac,0.0006287981859410432,0.0003645963383156931,0.0009933945242567364
sefa_random_budget,SEFA,0,10,13,173,ad,0.0006287981859410432,0.0006065111149936937,0.001235309300934737
sefa_random_budget,SEFA,0,10,14,174,ae,0.0006287981859410432,0.0004116353226697488,0.001040433508610792
sefa_random_budget,SEFA,0,10,15,175,af,0.0006287981859410432,0.00034691250961116094,0.0009757106955522042
sefa_random_budget,SEFA,0,11,0,176,b0,0.0004292517006802721,0.0007115530574986154,0.0011408047581788875
sefa_random_budget,SEFA,0,11,1,177,b1,0.0004292517006802721,0.000547447127120556,0.0009766988278008281
sefa_random_budget,SEFA,0,11,2,178,b2,0.0004292517006802721,0.0005976692006414277,0.0010269209013216997
sefa_random_budget,SEFA,0,11,3,179,b3,0.0004292517006802721,0.0004537228349865356,0.0008829745356668077
sefa_random_budget,SEFA,0,11,4,180,b4,0.0004292517006802721,0.0006623920137000161,0.0010916437143802882
sefa_random_budget,SEFA,0,11,5,181,b5,0.0004292517006802721,0.0004441735674860878,0.0008734252681663599
sefa_random_budget,SEFA,0,11,6,182,b6,0.0004292517006802721,0.000388646345353857,0.000817898046034129
sefa_random_budget,SEFA,0,11,7,183,b7,0.0004292517006802721,0.0005895346394373428,0.0010187863401176149
sefa_random_budget,SEFA,0,11,8,184,b8,0.0004292517006802721,0.00048237063748787784,0.0009116223381681499
sefa_random_budget,SEFA,0,11,9,185,b9,0.0004292517006802721,0.0005485081568428283,0.0009777598575231004
sefa_random_budget,SEFA,0,11,10,186,ba,0.0004292517006802721,0.0005555816883246411,0.0009848333890049132
sefa_random_budget,SEFA,0,11,11,187,bb,0.0004292517006802721,0.0005803390485109864,0.0010095907491912584
sefa_random_budget,SEFA,0,11,12,188,bc,0.0004292517006802721,0.0003645963383156931,0.0007938480389959652
sefa_random_budget,SEFA,0,11,13,189,bd,0.0004292517006802721,0.0006065111149936937,0.0010357628156739658
sefa_random_budget,SEFA,0,11,14,190,be,0.0004292517006802721,0.0004116353226697488,0.0008408870233500209
sefa_random_budget,SEFA,0,11,15,191,bf,0.0004292517006802721,0.00034691250961116094,0.0007761642102914331
sefa_random_budget,SEFA,0,12,0,192,c0,0.000626984126984127,0.0007115530574986154,0.0013385371844827423
sefa_random_budget,SEFA,0,12,1,193,c1,0.000626984126984127,0.000547447127120556,0.0011744312541046831
sefa_random_budget,SEFA,0,12,2,194,c2,0.000626984126984127,0.0005976692006414277,0.0012246533276255548
sefa_random_budget,SEFA,0,12,3,195,c3,0.000626984126984127,0.0004537228349865356,0.0010807069619706627
sefa_random_budget,SEFA,0,12,4,196,c4,0.000626984126984127,0.0006623920137000161,0.0012893761406841432
sefa_random_budget,SEFA,0,12,5,197,c5,0.000626984126984127,0.0004441735674860878,0.001071157694470215
sefa_random_budget,SEFA,0,12,6,198,c6,0.000626984126984127,0.000388646345353857,0.001015630472337984
sefa_random_budget,SEFA,0,12,7,199,c7,0.000626984126984127,0.0005895346394373428,0.00121651876642147
sefa_random_budget,SEFA,0,12,8,200,c8,0.000626984126984127,0.00048237063748787784,0.001109354764472005
sefa_random_budget,SEFA,0,12,9,201,c9,0.000626984126984127,0.0005485081568428283,0.0011754922838269552
sefa_random_budget,SEFA,0,12,10,202,ca,0.000626984126984127,0.0005555816883246411,0.001182565815308768
sefa_random_budget,SEFA,0,12,11,203,cb,0.000626984126984127,0.0005803390485109864,0.0012073231754951134
sefa_random_budget,SEFA,0,12,12,204,cc,0.000626984126984127,0.0003645963383156931,0.00099158046529982
sefa_random_budget,SEFA,0,12,13,205,cd,0.000626984126984127,0.0006065111149936937,0.0012334952419778208
sefa_random_budget,SEFA,0,12,14,206,ce,0.000626984126984127,0.0004116353226697488,0.001038619449653876
sefa_random_budget,SEFA,0,12,15,207,cf,0.000626984126984127,0.00034691250961116094,0.0009738966365952879
sefa_random_budget,SEFA,0,13,0,208,d0,0.00042653061224489784,0.0007115530574986154,0.0011380836697435133
sefa_random_budget,SEFA,0,13,1,209,d1,0.00042653061224489784,0.000547447127120556,0.0009739777393654538
sefa_random_budget,SEFA,0,13,2,210,d2,0.00042653061224489784,0.0005976692006414277,0.0010241998128863255
sefa_random_budget,SEFA,0,13,3,211,d3,0.00042653061224489784,0.0004537228349865356,0.0008802534472314334
sefa_random_budget,SEFA,0,13,4,212,d4,0.00042653061224489784,0.0006623920137000161,0.001088922625944914
sefa_random_budget,SEFA,0,13,5,213,d5,0.00042653061224489784,0.0004441735674860878,0.0008707041797309857
sefa_random_budget,SEFA,0,13,6,214,d6,0.00042653061224489784,0.000388646345353857,0.0008151769575987548
sefa_random_budget,SEFA,0,13,7,215,d7,0.00042653061224489784,0.0005895346394373428,0.0010160652516822406
sefa_random_budget,SEFA,0,13,8,216,d8,0.00042653061224489784,0.00048237063748787784,0.0009089012497327756
sefa_random_budget,SEFA,0,13,9,217,d9,0.00042653061224489784,0.0005485081568428283,0.0009750387690877261
sefa_random_budget,SEFA,0,13,10,218,da,0.00042653061224489784,0.0005555816883246411,0.000982112300569539
sefa_random_budget,SEFA,0,13,11,219,db,0.00042653061224489784,0.0005803390485109864,0.0010068696607558841
sefa_random_budget,SEFA,0,13,12,220,dc,0.00042653061224489784,0.0003645963383156931,0.0007911269505605909
sefa_random_budget,SEFA,0,13,13,221,dd,0.00042653061224489784,0.0006065111149936937,0.0010330417272385916
sefa_random_budget,SEFA,0,13,14,222,de,0.00042653061224489784,0.0004116353226697488,0.0008381659349146467
sefa_random_budget,SEFA,0,13,15,223,df,0.00042653061224489784,0.00034691250961116094,0.0007734431218560588
sefa_random_budget,SEFA,0,14,0,224,e0,0.00033673469387755095,0.0007115530574986154,0.0010482877513761663
sefa_random_budget,SEFA,0,14,1,225,e1,0.00033673469387755095,0.000547447127120556,0.0008841818209981069
sefa_random_budget,SEFA,0,14,2,226,e2,0.00033673469387755095,0.0005976692006414277,0.0009344038945189787
sefa_random_budget,SEFA,0,14,3,227,e3,0.00033673469387755095,0.0004537228349865356,0.0007904575288640865
sefa_random_budget,SEFA,0,14,4,228,e4,0.00033673469387755095,0.0006623920137000161,0.000999126707577567
sefa_random_budget,SEFA,0,14,5,229,e5,0.00033673469387755095,0.0004441735674860878,0.0007809082613636387
sefa_random_budget,SEFA,0,14,6,230,e6,0.00033673469387755095,0.000388646345353857,0.0007253810392314079
sefa_random_budget,SEFA,0,14,7,231,e7,0.00033673469387755095,0.0005895346394373428,0.0009262693333148937
sefa_random_budget,SEFA,0,14,8,232,e8,0.00033673469387755095,0.00048237063748787784,0.0008191053313654288
sefa_random_budget,SEFA,0,14,9,233,e9,0.00033673469387755095,0.0005485081568428283,0.0008852428507203792
sefa_random_budget,SEFA,0,14,10,234,ea,0.00033673469387755095,0.0005555816883246411,0.000892316382202192
sefa_random_budget,SEFA,0,14,11,235,eb,0.00033673469387755095,0.0005803390485109864,0.0009170737423885374
sefa_random_budget,SEFA,0,14,12,236,ec,0.00033673469387755095,0.0003645963383156931,0.0007013310321932441
sefa_random_budget,SEFA,0,14,13,237,ed,0.00033673469387755095,0.0006065111149936937,0.0009432458088712446
sefa_random_budget,SEFA,0,14,14,238,ee,0.00033673469387755095,0.0004116353226697488,0.0007483700165472997
sefa_random_budget,SEFA,0,14,15,239,ef,0.00033673469387755095,0.00034691250961116094,0.0006836472034887119
sefa_random_budget,SEFA,0,15,0,240,f0,0.0004659863945578228,0.0007115530574986154,0.0011775394520564383
sefa_random_budget,SEFA,0,15,1,241,f1,0.0004659863945578228,0.000547447127120556,0.0010134335216783789
sefa_random_budget,SEFA,0,15,2,242,f2,0.0004659863945578228,0.0005976692006414277,0.0010636555951992505
sefa_random_budget,SEFA,0,15,3,243,f3,0.0004659863945578228,0.0004537228349865356,0.0009197092295443585
sefa_random_budget,SEFA,0,15,4,244,f4,0.0004659863945578228,0.0006623920137000161,0.001128378408257839
sefa_random_budget,SEFA,0,15,5,245,f5,0.0004659863945578228,0.0004441735674860878,0.0009101599620439107
sefa_random_budget,SEFA,0,15,6,246,f6,0.0004659863945578228,0.000388646345353857,0.0008546327399116798
sefa_random_budget,SEFA,0,15,7,247,f7,0.0004659863945578228,0.0005895346394373428,0.0010555210339951656
sefa_random_budget,SEFA,0,15,8,248,f8,0.0004659863945578228,0.00048237063748787784,0.0009483570320457007
sefa_random_budget,SEFA,0,15,9,249,f9,0.0004659863945578228,0.0005485081568428283,0.0010144945514006512
sefa_random_budget,SEFA,0,15,10,250,fa,0.0004659863945578228,0.0005555816883246411,0.001021568082882464
sefa_random_budget,SEFA,0,15,11,251,fb,0.0004659863945578228,0.0005803390485109864,0.0010463254430688091
sefa_random_budget,SEFA,0,15,12,252,fc,0.0004659863945578228,0.0003645963383156931,0.0008305827328735158
sefa_random_budget,SEFA,0,15,13,253,fd,0.0004659863945578228,0.0006065111149936937,0.0010724975095515166
sefa_random_budget,SEFA,0,15,14,254,fe,0.0004659863945578228,0.0004116353226697488,0.0008776217172275717
sefa_random_budget,SEFA,0,15,15,255,ff,0.0004659863945578228,0.00034691250961116094,0.0008128989041689838
sefa_random_budget,SEFA,1,0,0,0,00,0.0002807841101934417,0.00038051122372604224,0.000661295333919484
sefa_random_budget,SEFA,1,0,1,1,01,0.0002807841101934417,0.0006902386653472867,0.0009710227755407284
sefa_random_budget,SEFA,1,0,2,2,02,0.0002807841101934417,0.00039360826982888356,0.0006743923800223252
sefa_random_budget,SEFA,1,0,3,3,03,0.0002807841101934417,0.0003210435549347635,0.0006018276651282052
sefa_random_budget,SEFA,1,0,4,4,04,0.0002807841101934417,0.0006321868934319909,0.0009129710036254326
sefa_random_budget,SEFA,1,0,5,5,05,0.0002807841101934417,0.0007277599325608317,0.0010085440427542733
sefa_random_budget,SEFA,1,0,6,6,06,0.0002807841101934417,0.0008038643896449087,0.0010846484998383505
sefa_random_budget,SEFA,1,0,7,7,07,0.0002807841101934417,0.0007157248091149775,0.0009965089193084192
sefa_random_budget,SEFA,1,0,8,8,08,0.0002807841101934417,0.0005967894715324197,0.0008775735817258614
sefa_random_budget,SEFA,1,0,9,9,09,0.0002807841101934417,0.00026476165411444595,0.0005455457643078876
sefa_random_budget,SEFA,1,0,10,10,0a,0.0002807841101934417,0.00021449731501705526,0.000495281425210497
sefa_random_budget,SEFA,1,0,11,11,0b,0.0002807841101934417,0.0003794493010690553,0.000660233411262497
sefa_random_budget,SEFA,1,0,12,12,0c,0.0002807841101934417,0.0006120103629492353,0.000892794473142677
sefa_random_budget,SEFA,1,0,13,13,0d,0.0002807841101934417,0.0005118356589734501,0.0007926197691668918
sefa_random_budget,SEFA,1,0,14,14,0e,0.0002807841101934417,0.0005574983332238962,0.0008382824434173379
sefa_random_budget,SEFA,1,0,15,15,0f,0.0002807841101934417,0.0005405075707121023,0.000821291680905544
sefa_random_budget,SEFA,1,1,0,16,10,0.00036007365772424056,0.00038051122372604224,0.0007405848814502828
sefa_random_budget,SEFA,1,1,1,17,11,0.00036007365772424056,0.0006902386653472867,0.0010503123230715273
sefa_random_budget,SEFA,1,1,2,18,12,0.00036007365772424056,0.00039360826982888356,0.0007536819275531241
sefa_random_budget,SEFA,1,1,3,19,13,0.00036007365772424056,0.0003210435549347635,0.0006811172126590041
sefa_random_budget,SEFA,1,1,4,20,14,0.00036007365772424056,0.0006321868934319909,0.0009922605511562313
sefa_random_budget,SEFA,1,1,5,21,15,0.00036007365772424056,0.0007277599325608317,0.0010878335902850724
sefa_random_budget,SEFA,1,1,6,22,16,0.00036007365772424056,0.0008038643896449087,0.0011639380473691492
sefa_random_budget,SEFA,1,1,7,23,17,0.00036007365772424056,0.0007157248091149775,0.001075798466839218
sefa_random_budget,SEFA,1,1,8,24,18,0.00036007365772424056,0.0005967894715324197,0.0009568631292566602
sefa_random_budget,SEFA,1,1,9,25,19,0.00036007365772424056,0.00026476165411444595,0.0006248353118386865
sefa_random_budget,SEFA,1,1,10,26,1a,0.00036007365772424056,0.00021449731501705526,0.0005745709727412959
sefa_random_budget,SEFA,1,1,11,27,1b,0.00036007365772424056,0.0003794493010690553,0.0007395229587932959
sefa_random_budget,SEFA,1,1,12,28,1c,0.00036007365772424056,0.0006120103629492353,0.0009720840206734759
sefa_random_budget,SEFA,1,1,13,29,1d,0.00036007365772424056,0.0005118356589734501,0.0008719093166976907
sefa_random_budget,SEFA,1,1,14,30,1e,0.00036007365772424056,0.0005574983332238962,0.0009175719909481368
sefa_random_budget,SEFA,1,1,15,31,1f,0.00036007365772424056,0.0005405075707121023,0.0009005812284363429
sefa_random_budget,SEFA,1,2,0,32,20,0.00023366346480370952,0.00038051122372604224,0.0006141746885297518
sefa_random_budget,SEFA,1,2,1,33,21,0.00023366346480370952,0.0006902386653472867,0.0009239021301509962
sefa_random_budget,SEFA,1,2,2,34,22,0.00023366346480370952,0.00039360826982888356,0.000627271734632593
sefa_random_budget,SEFA,1,2,3,35,23,0.00023366346480370952,0.0003210435549347635,0.000554707019738473
sefa_random_budget,SEFA,1,2,4,36,24,0.00023366346480370952,0.0006321868934319909,0.0008658503582357005
sefa_random_budget,SEFA,1,2,5,37,25,0.00023366346480370952,0.0007277599325608317,0.0009614233973645413
sefa_random_budget,SEFA,1,2,6,38,26,0.00023366346480370952,0.0008038643896449087,0.0010375278544486183
sefa_random_budget,SEFA,1,2,7,39,27,0.00023366346480370952,0.0007157248091149775,0.000949388273918687
sefa_random_budget,SEFA,1,2,8,40,28,0.00023366346480370952,0.0005967894715324197,0.0008304529363361293
sefa_random_budget,SEFA,1,2,9,41,29,0.00023366346480370952,0.00026476165411444595,0.0004984251189181555
sefa_random_budget,SEFA,1,2,10,42,2a,0.00023366346480370952,0.00021449731501705526,0.0004481607798207648
sefa_random_budget,SEFA,1,2,11,43,2b,0.00023366346480370952,0.0003794493010690553,0.0006131127658727648
sefa_random_budget,SEFA,1,2,12,44,2c,0.00023366346480370952,0.0006120103629492353,0.0008456738277529449
sefa_random_budget,SEFA,1,2,13,45,2d,0.00023366346480370952,0.0005118356589734501,0.0007454991237771597
sefa_random_budget,SEFA,1,2,14,46,2e,0.00023366346480370952,0.0005574983332238962,0.0007911617980276057
sefa_random_budget,SEFA,1,2,15,47,2f,0.00023366346480370952,0.0005405075707121023,0.0007741710355158118
sefa_random_budget,SEFA,1,3,0,48,30,0.0005245428334595549,0.00038051122372604224,0.0009050540571855972
sefa_random_budget,SEFA,1,3,1,49,31,0.0005245428334595549,0.0006902386653472867,0.0012147814988068416
sefa_random_budget,SEFA,1,3,2,50,32,0.0005245428334595549,0.00039360826982888356,0.0009181511032884384
sefa_random_budget,SEFA,1,3,3,51,33,0.0005245428334595549,0.0003210435549347635,0.0008455863883943184
sefa_random_budget,SEFA,1,3,4,52,34,0.0005245428334595549,0.0006321868934319909,0.0011567297268915457
sefa_random_budget,SEFA,1,3,5,53,35,0.0005245428334595549,0.0007277599325608317,0.0012523027660203867
sefa_random_budget,SEFA,1,3,6,54,36,0.0005245428334595549,0.0008038643896449087,0.0013284072231044635
sefa_random_budget,SEFA,1,3,7,55,37,0.0005245428334595549,0.0007157248091149775,0.0012402676425745324
sefa_random_budget,SEFA,1,3,8,56,38,0.0005245428334595549,0.0005967894715324197,0.0011213323049919744
sefa_random_budget,SEFA,1,3,9,57,39,0.0005245428334595549,0.00026476165411444595,0.0007893044875740008
sefa_random_budget,SEFA,1,3,10,58,3a,0.0005245428334595549,0.00021449731501705526,0.0007390401484766102
sefa_random_budget,SEFA,1,3,11,59,3b,0.0005245428334595549,0.0003794493010690553,0.0009039921345286102
sefa_random_budget,SEFA,1,3,12,60,3c,0.0005245428334595549,0.0006120103629492353,0.00113655319640879
sefa_random_budget,SEFA,1,3,13,61,3d,0.0005245428334595549,0.0005118356589734501,0.001036378492433005
sefa_random_budget,SEFA,1,3,14,62,3e,0.0005245428334595549,0.0005574983332238962,0.001082041166683451
sefa_random_budget,SEFA,1,3,15,63,3f,0.0005245428334595549,0.0005405075707121023,0.0010650504041716572
sefa_random_budget,SEFA,1,4,0,64,40,0.00046881360862362155,0.00038051122372604224,0.0008493248323496638
sefa_random_budget,SEFA,1,4,1,65,41,0.00046881360862362155,0.0006902386653472867,0.0011590522739709083
sefa_random_budget,SEFA,1,4,2,66,42,0.00046881360862362155,0.00039360826982888356,0.0008624218784525051
sefa_random_budget,SEFA,1,4,3,67,43,0.00046881360862362155,0.0003210435549347635,0.0007898571635583851
sefa_random_budget,SEFA,1,4,4,68,44,0.00046881360862362155,0.0006321868934319909,0.0011010005020556123
sefa_random_budget,SEFA,1,4,5,69,45,0.00046881360862362155,0.0007277599325608317,0.0011965735411844534
sefa_random_budget,SEFA,1,4,6,70,46,0.00046881360862362155,0.0008038643896449087,0.0012726779982685302
sefa_random_budget,SEFA,1,4,7,71,47,0.00046881360862362155,0.0007157248091149775,0.001184538417738599
sefa_random_budget,SEFA,1,4,8,72,48,0.00046881360862362155,0.0005967894715324197,0.0010656030801560411
sefa_random_budget,SEFA,1,4,9,73,49,0.00046881360862362155,0.00026476165411444595,0.0007335752627380675
sefa_random_budget,SEFA,1,4,10,74,4a,0.00046881360862362155,0.00021449731501705526,0.0006833109236406769
sefa_random_budget,SEFA,1,4,11,75,4b,0.00046881360862362155,0.0003794493010690553,0.0008482629096926769
sefa_random_budget,SEFA,1,4,12,76,4c,0.00046881360862362155,0.0006120103629492353,0.0010808239715728567
sefa_random_budget,SEFA,1,4,13,77,4d,0.00046881360862362155,0.0005118356589734501,0.0009806492675970718
sefa_random_budget,SEFA,1,4,14,78,4e,0.00046881360862362155,0.0005574983332238962,0.0010263119418475177
sefa_random_budget,SEFA,1,4,15,79,4f,0.00046881360862362155,0.0005405075707121023,0.0010093211793357239
sefa_random_budget,SEFA,1,5,0,80,50,0.0006903712585811116,0.00038051122372604224,0.0010708824823071538
sefa_random_budget,SEFA,1,5,1,81,51,0.0006903712585811116,0.0006902386653472867,0.0013806099239283983
sefa_random_budget,SEFA,1,5,2,82,52,0.0006903712585811116,0.00039360826982888356,0.0010839795284099951
sefa_random_budget,SEFA,1,5,3,83,53,0.0006903712585811116,0.0003210435549347635,0.001011414813515875
sefa_random_budget,SEFA,1,5,4,84,54,0.0006903712585811116,0.0006321868934319909,0.0013225581520131023
sefa_random_budget,SEFA,1,5,5,85,55,0.0006903712585811116,0.0007277599325608317,0.0014181311911419434
sefa_random_budget,SEFA,1,5,6,86,56,0.0006903712585811116,0.0008038643896449087,0.0014942356482260202
sefa_random_budget,SEFA,1,5,7,87,57,0.0006903712585811116,0.0007157248091149775,0.001406096067696089
sefa_random_budget,SEFA,1,5,8,88,58,0.0006903712585811116,0.0005967894715324197,0.0012871607301135311
sefa_random_budget,SEFA,1,5,9,89,59,0.0006903712585811116,0.00026476165411444595,0.0009551329126955575
sefa_random_budget,SEFA,1,5,10,90,5a,0.0006903712585811116,0.00021449731501705526,0.0009048685735981669
sefa_random_budget,SEFA,1,5,11,91,5b,0.0006903712585811116,0.0003794493010690553,0.001069820559650167
sefa_random_budget,SEFA,1,5,12,92,5c,0.0006903712585811116,0.0006120103629492353,0.0013023816215303467
sefa_random_budget,SEFA,1,5,13,93,5d,0.0006903712585811116,0.0005118356589734501,0.0012022069175545618
sefa_random_budget,SEFA,1,5,14,94,5e,0.0006903712585811116,0.0005574983332238962,0.0012478695918050078
sefa_random_budget,SEFA,1,5,15,95,5f,0.0006903712585811116,0.0005405075707121023,0.0012308788292932139
sefa_random_budget,SEFA,1,6,0,96,60,0.00045204953285996735,0.00038051122372604224,0.0008325607565860095
sefa_random_budget,SEFA,1,6,1,97,61,0.00045204953285996735,0.0006902386653472867,0.001142288198207254
sefa_random_budget,SEFA,1,6,2,98,62,0.00045204953285996735,0.00039360826982888356,0.0008456578026888509
sefa_random_budget,SEFA,1,6,3,99,63,0.00045204953285996735,0.0003210435549347635,0.0007730930877947308
sefa_random_budget,SEFA,1,6,4,100,64,0.00045204953285996735,0.0006321868934319909,0.0010842364262919583
sefa_random_budget,SEFA,1,6,5,101,65,0.00045204953285996735,0.0007277599325608317,0.001179809465420799
sefa_random_budget,SEFA,1,6,6,102,66,0.00045204953285996735,0.0008038643896449087,0.001255913922504876
sefa_random_budget,SEFA,1,6,7,103,67,0.00045204953285996735,0.0007157248091149775,0.0011677743419749448
sefa_random_budget,SEFA,1,6,8,104,68,0.00045204953285996735,0.0005967894715324197,0.001048839004392387
sefa_random_budget,SEFA,1,6,9,105,69,0.00045204953285996735,0.00026476165411444595,0.0007168111869744133
sefa_random_budget,SEFA,1,6,10,106,6a,0.00045204953285996735,0.00021449731501705526,0.0006665468478770226
sefa_random_budget,SEFA,1,6,11,107,6b,0.00045204953285996735,0.0003794493010690553,0.0008314988339290226
sefa_random_budget,SEFA,1,6,12,108,6c,0.00045204953285996735,0.0006120103629492353,0.0010640598958092027
sefa_random_budget,SEFA,1,6,13,109,6d,0.00045204953285996735,0.0005118356589734501,0.0009638851918334175
sefa_random_budget,SEFA,1,6,14,110,6e,0.00045204953285996735,0.0005574983332238962,0.0010095478660838634
sefa_random_budget,SEFA,1,6,15,111,6f,0.00045204953285996735,0.0005405075707121023,0.0009925571035720696
sefa_random_budget,SEFA,1,7,0,112,70,0.0006314704518439466,0.00038051122372604224,0.0010119816755699887
sefa_random_budget,SEFA,1,7,1,113,71,0.0006314704518439466,0.0006902386653472867,0.0013217091171912332
sefa_random_budget,SEFA,1,7,2,114,72,0.0006314704518439466,0.00039360826982888356,0.00102507872167283
sefa_random_budget,SEFA,1,7,3,115,73,0.0006314704518439466,0.0003210435549347635,0.00095251400677871
sefa_random_budget,SEFA,1,7,4,116,74,0.0006314704518439466,0.0006321868934319909,0.0012636573452759375
sefa_random_budget,SEFA,1,7,5,117,75,0.0006314704518439466,0.0007277599325608317,0.0013592303844047783
sefa_random_budget,SEFA,1,7,6,118,76,0.0006314704518439466,0.0008038643896449087,0.0014353348414888553
sefa_random_budget,SEFA,1,7,7,119,77,0.0006314704518439466,0.0007157248091149775,0.001347195260958924
sefa_random_budget,SEFA,1,7,8,120,78,0.0006314704518439466,0.0005967894715324197,0.0012282599233763662
sefa_random_budget,SEFA,1,7,9,121,79,0.0006314704518439466,0.00026476165411444595,0.0008962321059583925
sefa_random_budget,SEFA,1,7,10,122,7a,0.0006314704518439466,0.00021449731501705526,0.0008459677668610018
sefa_random_budget,SEFA,1,7,11,123,7b,0.0006314704518439466,0.0003794493010690553,0.0010109197529130018
sefa_random_budget,SEFA,1,7,12,124,7c,0.0006314704518439466,0.0006120103629492353,0.0012434808147931819
sefa_random_budget,SEFA,1,7,13,125,7d,0.0006314704518439466,0.0005118356589734501,0.0011433061108173967
sefa_random_budget,SEFA,1,7,14,126,7e,0.0006314704518439466,0.0005574983332238962,0.0011889687850678426
sefa_random_budget,SEFA,1,7,15,127,7f,0.0006314704518439466,0.0005405075707121023,0.0011719780225560488
sefa_random_budget,SEFA,1,8,0,128,80,0.00037774389974539,0.00038051122372604224,0.0007582551234714323
sefa_random_budget,SEFA,1,8,1,129,81,0.00037774389974539,0.0006902386653472867,0.0010679825650926767
sefa_random_budget,SEFA,1,8,2,130,82,0.00037774389974539,0.00039360826982888356,0.0007713521695742736
sefa_random_budget,SEFA,1,8,3,131,83,0.00037774389974539,0.0003210435549347635,0.0006987874546801535
sefa_random_budget,SEFA,1,8,4,132,84,0.00037774389974539,0.0006321868934319909,0.001009930793177381
sefa_random_budget,SEFA,1,8,5,133,85,0.00037774389974539,0.0007277599325608317,0.0011055038323062216
sefa_random_budget,SEFA,1,8,6,134,86,0.00037774389974539,0.0008038643896449087,0.0011816082893902988
sefa_random_budget,SEFA,1,8,7,135,87,0.00037774389974539,0.0007157248091149775,0.0010934687088603675
sefa_random_budget,SEFA,1,8,8,136,88,0.00037774389974539,0.0005967894715324197,0.0009745333712778097
sefa_random_budget,SEFA,1,8,9,137,89,0.00037774389974539,0.00026476165411444595,0.000642505553859836
sefa_random_budget,SEFA,1,8,10,138,8a,0.00037774389974539,0.00021449731501705526,0.0005922412147624453
sefa_random_budget,SEFA,1,8,11,139,8b,0.00037774389974539,0.0003794493010690553,0.0007571932008144453
sefa_random_budget,SEFA,1,8,12,140,8c,0.00037774389974539,0.0006120103629492353,0.0009897542626946254
sefa_random_budget,SEFA,1,8,13,141,8d,0.00037774389974539,0.0005118356589734501,0.0008895795587188401
sefa_random_budget,SEFA,1,8,14,142,8e,0.00037774389974539,0.0005574983332238962,0.0009352422329692862
sefa_random_budget,SEFA,1,8,15,143,8f,0.00037774389974539,0.0005405075707121023,0.0009182514704574923
sefa_random_budget,SEFA,1,9,0,144,90,0.0004801406868423076,0.00038051122372604224,0.0008606519105683498
sefa_random_budget,SEFA,1,9,1,145,91,0.0004801406868423076,0.0006902386653472867,0.0011703793521895944
sefa_random_budget,SEFA,1,9,2,146,92,0.0004801406868423076,0.00039360826982888356,0.0008737489566711912
sefa_random_budget,SEFA,1,9,3,147,93,0.0004801406868423076,0.0003210435549347635,0.000801184241777071
sefa_random_budget,SEFA,1,9,4,148,94,0.0004801406868423076,0.0006321868934319909,0.0011123275802742984
sefa_random_budget,SEFA,1,9,5,149,95,0.0004801406868423076,0.0007277599325608317,0.0012079006194031393
sefa_random_budget,SEFA,1,9,6,150,96,0.0004801406868423076,0.0008038643896449087,0.0012840050764872163
sefa_random_budget,SEFA,1,9,7,151,97,0.0004801406868423076,0.0007157248091149775,0.0011958654959572852
sefa_random_budget,SEFA,1,9,8,152,98,0.0004801406868423076,0.0005967894715324197,0.0010769301583747272
sefa_random_budget,SEFA,1,9,9,153,99,0.0004801406868423076,0.00026476165411444595,0.0007449023409567535
sefa_random_budget,SEFA,1,9,10,154,9a,0.0004801406868423076,0.00021449731501705526,0.0006946380018593628
sefa_random_budget,SEFA,1,9,11,155,9b,0.0004801406868423076,0.0003794493010690553,0.0008595899879113629
sefa_random_budget,SEFA,1,9,12,156,9c,0.0004801406868423076,0.0006120103629492353,0.0010921510497915428
sefa_random_budget,SEFA,1,9,13,157,9d,0.0004801406868423076,0.0005118356589734501,0.0009919763458157576
sefa_random_budget,SEFA,1,9,14,158,9e,0.0004801406868423076,0.0005574983332238962,0.0010376390200662038
sefa_random_budget,SEFA,1,9,15,159,9f,0.0004801406868423076,0.0005405075707121023,0.00102064825755441
sefa_random_budget,SEFA,1,10,0,160,a0,0.0005218243346870704,0.00038051122372604224,0.0009023355584131126
sefa_random_budget,SEFA,1,10,1,161,a1,0.0005218243346870704,0.0006902386653472867,0.0012120630000343573
sefa_random_budget,SEFA,1,10,2,162,a2,0.0005218243346870704,0.00039360826982888356,0.000915432604515954
sefa_random_budget,SEFA,1,10,3,163,a3,0.0005218243346870704,0.0003210435549347635,0.0008428678896218338
sefa_random_budget,SEFA,1,10,4,164,a4,0.0005218243346870704,0.0006321868934319909,0.0011540112281190613
sefa_random_budget,SEFA,1,10,5,165,a5,0.0005218243346870704,0.0007277599325608317,0.0012495842672479022
sefa_random_budget,SEFA,1,10,6,166,a6,0.0005218243346870704,0.0008038643896449087,0.0013256887243319792
sefa_random_budget,SEFA,1,10,7,167,a7,0.0005218243346870704,0.0007157248091149775,0.001237549143802048
sefa_random_budget,SEFA,1,10,8,168,a8,0.0005218243346870704,0.0005967894715324197,0.0011186138062194901
sefa_random_budget,SEFA,1,10,9,169,a9,0.0005218243346870704,0.00026476165411444595,0.0007865859888015164
sefa_random_budget,SEFA,1,10,10,170,aa,0.0005218243346870704,0.00021449731501705526,0.0007363216497041256
sefa_random_budget,SEFA,1,10,11,171,ab,0.0005218243346870704,0.0003794493010690553,0.0009012736357561257
sefa_random_budget,SEFA,1,10,12,172,ac,0.0005218243346870704,0.0006120103629492353,0.0011338346976363057
sefa_random_budget,SEFA,1,10,13,173,ad,0.0005218243346870704,0.0005118356589734501,0.0010336599936605205
sefa_random_budget,SEFA,1,10,14,174,ae,0.0005218243346870704,0.0005574983332238962,0.0010793226679109667
sefa_random_budget,SEFA,1,10,15,175,af,0.0005218243346870704,0.0005405075707121023,0.0010623319053991729
sefa_random_budget,SEFA,1,11,0,176,b0,0.00040221038869775076,0.00038051122372604224,0.000782721612423793
sefa_random_budget,SEFA,1,11,1,177,b1,0.00040221038869775076,0.0006902386653472867,0.0010924490540450374
sefa_random_budget,SEFA,1,11,2,178,b2,0.00040221038869775076,0.00039360826982888356,0.0007958186585266343
sefa_random_budget,SEFA,1,11,3,179,b3,0.00040221038869775076,0.0003210435549347635,0.0007232539436325142
sefa_random_budget,SEFA,1,11,4,180,b4,0.00040221038869775076,0.0006321868934319909,0.0010343972821297417
sefa_random_budget,SEFA,1,11,5,181,b5,0.00040221038869775076,0.0007277599325608317,0.0011299703212585826
sefa_random_budget,SEFA,1,11,6,182,b6,0.00040221038869775076,0.0008038643896449087,0.0012060747783426595
sefa_random_budget,SEFA,1,11,7,183,b7,0.00040221038869775076,0.0007157248091149775,0.0011179351978127282
sefa_random_budget,SEFA,1,11,8,184,b8,0.00040221038869775076,0.0005967894715324197,0.0009989998602301705
sefa_random_budget,SEFA,1,11,9,185,b9,0.00040221038869775076,0.00026476165411444595,0.0006669720428121968
sefa_random_budget,SEFA,1,11,10,186,ba,0.00040221038869775076,0.00021449731501705526,0.000616707703714806
sefa_random_budget,SEFA,1,11,11,187,bb,0.00040221038869775076,0.0003794493010690553,0.000781659689766806
sefa_random_budget,SEFA,1,11,12,188,bc,0.00040221038869775076,0.0006120103629492353,0.0010142207516469861
sefa_random_budget,SEFA,1,11,13,189,bd,0.00040221038869775076,0.0005118356589734501,0.0009140460476712009
sefa_random_budget,SEFA,1,11,14,190,be,0.00040221038869775076,0.0005574983332238962,0.0009597087219216469
sefa_random_budget,SEFA,1,11,15,191,bf,0.00040221038869775076,0.0005405075707121023,0.000942717959409853
sefa_random_budget,SEFA,1,12,0,192,c0,0.0007764570530431215,0.00038051122372604224,0.0011569682767691638
sefa_random_budget,SEFA,1,12,1,193,c1,0.0007764570530431215,0.0006902386653472867,0.0014666957183904082
sefa_random_budget,SEFA,1,12,2,194,c2,0.0007764570530431215,0.00039360826982888356,0.001170065322872005
sefa_random_budget,SEFA,1,12,3,195,c3,0.0007764570530431215,0.0003210435549347635,0.001097500607977885
sefa_random_budget,SEFA,1,12,4,196,c4,0.0007764570530431215,0.0006321868934319909,0.0014086439464751125
sefa_random_budget,SEFA,1,12,5,197,c5,0.0007764570530431215,0.0007277599325608317,0.0015042169856039531
sefa_random_budget,SEFA,1,12,6,198,c6,0.0007764570530431215,0.0008038643896449087,0.0015803214426880303
sefa_random_budget,SEFA,1,12,7,199,c7,0.0007764570530431215,0.0007157248091149775,0.001492181862158099
sefa_random_budget,SEFA,1,12,8,200,c8,0.0007764570530431215,0.0005967894715324197,0.0013732465245755413
sefa_random_budget,SEFA,1,12,9,201,c9,0.0007764570530431215,0.00026476165411444595,0.0010412187071575673
sefa_random_budget,SEFA,1,12,10,202,ca,0.0007764570530431215,0.00021449731501705526,0.0009909543680601768
sefa_random_budget,SEFA,1,12,11,203,cb,0.0007764570530431215,0.0003794493010690553,0.0011559063541121768
sefa_random_budget,SEFA,1,12,12,204,cc,0.0007764570530431215,0.0006120103629492353,0.0013884674159923569
sefa_random_budget,SEFA,1,12,13,205,cd,0.0007764570530431215,0.0005118356589734501,0.0012882927120165715
sefa_random_budget,SEFA,1,12,14,206,ce,0.0007764570530431215,0.0005574983332238962,0.0013339553862670177
sefa_random_budget,SEFA,1,12,15,207,cf,0.0007764570530431215,0.0005405075707121023,0.0013169646237552238
sefa_random_budget,SEFA,1,13,0,208,d0,0.0009246152361435285,0.00038051122372604224,0.0013051264598695708
sefa_random_budget,SEFA,1,13,1,209,d1,0.0009246152361435285,0.0006902386653472867,0.0016148539014908152
sefa_random_budget,SEFA,1,13,2,210,d2,0.0009246152361435285,0.00039360826982888356,0.001318223505972412
sefa_random_budget,SEFA,1,13,3,211,d3,0.0009246152361435285,0.0003210435549347635,0.001245658791078292
sefa_random_budget,SEFA,1,13,4,212,d4,0.0009246152361435285,0.0006321868934319909,0.0015568021295755195
sefa_random_budget,SEFA,1,13,5,213,d5,0.0009246152361435285,0.0007277599325608317,0.0016523751687043601
sefa_random_budget,SEFA,1,13,6,214,d6,0.0009246152361435285,0.0008038643896449087,0.0017284796257884373
sefa_random_budget,SEFA,1,13,7,215,d7,0.0009246152361435285,0.0007157248091149775,0.001640340045258506
sefa_random_budget,SEFA,1,13,8,216,d8,0.0009246152361435285,0.0005967894715324197,0.0015214047076759483
sefa_random_budget,SEFA,1,13,9,217,d9,0.0009246152361435285,0.00026476165411444595,0.0011893768902579743
sefa_random_budget,SEFA,1,13,10,218,da,0.0009246152361435285,0.00021449731501705526,0.0011391125511605838
sefa_random_budget,SEFA,1,13,11,219,db,0.0009246152361435285,0.0003794493010690553,0.0013040645372125838
sefa_random_budget,SEFA,1,13,12,220,dc,0.0009246152361435285,0.0006120103629492353,0.001536625599092764
sefa_random_budget,SEFA,1,13,13,221,dd,0.0009246152361435285,0.0005118356589734501,0.0014364508951169785
sefa_random_budget,SEFA,1,13,14,222,de,0.0009246152361435285,0.0005574983332238962,0.0014821135693674247
sefa_random_budget,SEFA,1,13,15,223,df,0.0009246152361435285,0.0005405075707121023,0.0014651228068556308
sefa_random_budget,SEFA,1,14,0,224,e0,0.0010188565269229923,0.00038051122372604224,0.0013993677506490346
sefa_random_budget,SEFA,1,14,1,225,e1,0.0010188565269229923,0.0006902386653472867,0.001709095192270279
sefa_random_budget,SEFA,1,14,2,226,e2,0.0010188565269229923,0.00039360826982888356,0.0014124647967518758
sefa_random_budget,SEFA,1,14,3,227,e3,0.0010188565269229923,0.0003210435549347635,0.0013399000818577558
sefa_random_budget,SEFA,1,14,4,228,e4,0.0010188565269229923,0.0006321868934319909,0.001651043420354983
sefa_random_budget,SEFA,1,14,5,229,e5,0.0010188565269229923,0.0007277599325608317,0.0017466164594838241
sefa_random_budget,SEFA,1,14,6,230,e6,0.0010188565269229923,0.0008038643896449087,0.001822720916567901
sefa_random_budget,SEFA,1,14,7,231,e7,0.0010188565269229923,0.0007157248091149775,0.0017345813360379698
sefa_random_budget,SEFA,1,14,8,232,e8,0.0010188565269229923,0.0005967894715324197,0.0016156459984554119
sefa_random_budget,SEFA,1,14,9,233,e9,0.0010188565269229923,0.00026476165411444595,0.0012836181810374383
sefa_random_budget,SEFA,1,14,10,234,ea,0.0010188565269229923,0.00021449731501705526,0.0012333538419400476
sefa_random_budget,SEFA,1,14,11,235,eb,0.0010188565269229923,0.0003794493010690553,0.0013983058279920476
sefa_random_budget,SEFA,1,14,12,236,ec,0.0010188565269229923,0.0006120103629492353,0.0016308668898722275
sefa_random_budget,SEFA,1,14,13,237,ed,0.0010188565269229923,0.0005118356589734501,0.0015306921858964425
sefa_random_budget,SEFA,1,14,14,238,ee,0.0010188565269229923,0.0005574983332238962,0.0015763548601468885
sefa_random_budget,SEFA,1,14,15,239,ef,0.0010188565269229923,0.0005405075707121023,0.0015593640976350946
sefa_random_budget,SEFA,1,15,0,240,f0,0.0008471380211277195,0.00038051122372604224,0.0012276492448537618
sefa_random_budget,SEFA,1,15,1,241,f1,0.0008471380211277195,0.0006902386653472867,0.0015373766864750062
sefa_random_budget,SEFA,1,15,2,242,f2,0.0008471380211277195,0.00039360826982888356,0.001240746290956603
sefa_random_budget,SEFA,1,15,3,243,f3,0.0008471380211277195,0.0003210435549347635,0.001168181576062483
sefa_random_budget,SEFA,1,15,4,244,f4,0.0008471380211277195,0.0006321868934319909,0.0014793249145597103
sefa_random_budget,SEFA,1,15,5,245,f5,0.0008471380211277195,0.0007277599325608317,0.0015748979536885513
sefa_random_budget,SEFA,1,15,6,246,f6,0.0008471380211277195,0.0008038643896449087,0.001651002410772628
sefa_random_budget,SEFA,1,15,7,247,f7,0.0008471380211277195,0.0007157248091149775,0.001562862830242697
sefa_random_budget,SEFA,1,15,8,248,f8,0.0008471380211277195,0.0005967894715324197,0.001443927492660139
sefa_random_budget,SEFA,1,15,9,249,f9,0.0008471380211277195,0.00026476165411444595,0.0011118996752421655
sefa_random_budget,SEFA,1,15,10,250,fa,0.0008471380211277195,0.00021449731501705526,0.0010616353361447748
sefa_random_budget,SEFA,1,15,11,251,fb,0.0008471380211277195,0.0003794493010690553,0.0012265873221967748
sefa_random_budget,SEFA,1,15,12,252,fc,0.0008471380211277195,0.0006120103629492353,0.0014591483840769547
sefa_random_budget,SEFA,1,15,13,253,fd,0.0008471380211277195,0.0005118356589734501,0.0013589736801011697
sefa_random_budget,SEFA,1,15,14,254,fe,0.0008471380211277195,0.0005574983332238962,0.0014046363543516157
sefa_random_budget,SEFA,1,15,15,255,ff,0.0008471380211277195,0.0005405075707121023,0.0013876455918398218
sefa_guided_raw,SEFA,0,0,0,0,00,0.0008361835537343508,0.002198026605868108,0.0030342101596024587
sefa_guided_raw,SEFA,0,0,1,1,01,0.0008361835537343508,0.0005337530819705753,0.0013699366357049262
sefa_guided_raw,SEFA,0,0,2,2,02,0.0008361835537343508,0.000749966394476921,0.001586149948211272
sefa_guided_raw,SEFA,0,0,3,3,03,0.0008361835537343508,0.0017387406645572204,0.002574924218291571
sefa_guided_raw,SEFA,0,0,4,4,04,0.0008361835537343508,0.0008543913998979432,0.001690574953632294
sefa_guided_raw,SEFA,0,0,5,5,05,0.0008361835537343508,0.00024390675282120076,0.0010800903065555515
sefa_guided_raw,SEFA,0,0,6,6,06,0.0008361835537343508,0.0004260647951301466,0.0012622483488644973
sefa_guided_raw,SEFA,0,0,7,7,07,0.0008361835537343508,0.00019412079270460805,0.0010303043464389588
sefa_guided_raw,SEFA,0,0,8,8,08,0.0008361835537343508,0.0026896943397254182,0.003525877893459769
sefa_guided_raw,SEFA,0,0,9,9,09,0.0008361835537343508,0.0012321789796062065,0.0020683625333405573
sefa_guided_raw,SEFA,0,0,10,10,0a,0.0008361835537343508,0.0015923950439792021,0.002428578597713553
sefa_guided_raw,SEFA,0,0,11,11,0b,0.0008361835537343508,0.0055488309064211806,0.006385014460155531
sefa_guided_raw,SEFA,0,0,12,12,0c,0.0008361835537343508,0.0005560940086111305,0.0013922775623454813
sefa_guided_raw,SEFA,0,0,13,13,0d,0.0008361835537343508,0.0010390596586833554,0.0018752432124177062
sefa_guided_raw,SEFA,0,0,14,14,0e,0.0008361835537343508,0.0006281372214857297,0.0014643207752200805
sefa_guided_raw,SEFA,0,0,15,15,0f,0.0008361835537343508,0.0007916359879862717,0.0016278195417206225
sefa_guided_raw,SEFA,0,1,0,16,10,0.0007949292841266716,0.002198026605868108,0.0029929558899947795
sefa_guided_raw,SEFA,0,1,1,17,11,0.0007949292841266716,0.0005337530819705753,0.001328682366097247
sefa_guided_raw,SEFA,0,1,2,18,12,0.0007949292841266716,0.000749966394476921,0.0015448956786035927
sefa_guided_raw,SEFA,0,1,3,19,13,0.0007949292841266716,0.0017387406645572204,0.002533669948683892
sefa_guided_raw,SEFA,0,1,4,20,14,0.0007949292841266716,0.0008543913998979432,0.0016493206840246149
sefa_guided_raw,SEFA,0,1,5,21,15,0.0007949292841266716,0.00024390675282120076,0.0010388360369478723
sefa_guided_raw,SEFA,0,1,6,22,16,0.0007949292841266716,0.0004260647951301466,0.001220994079256818
sefa_guided_raw,SEFA,0,1,7,23,17,0.0007949292841266716,0.00019412079270460805,0.0009890500768312796
sefa_guided_raw,SEFA,0,1,8,24,18,0.0007949292841266716,0.0026896943397254182,0.00348462362385209
sefa_guided_raw,SEFA,0,1,9,25,19,0.0007949292841266716,0.0012321789796062065,0.002027108263732878
sefa_guided_raw,SEFA,0,1,10,26,1a,0.0007949292841266716,0.0015923950439792021,0.0023873243281058738
sefa_guided_raw,SEFA,0,1,11,27,1b,0.0007949292841266716,0.0055488309064211806,0.006343760190547852
sefa_guided_raw,SEFA,0,1,12,28,1c,0.0007949292841266716,0.0005560940086111305,0.0013510232927378021
sefa_guided_raw,SEFA,0,1,13,29,1d,0.0007949292841266716,0.0010390596586833554,0.001833988942810027
sefa_guided_raw,SEFA,0,1,14,30,1e,0.0007949292841266716,0.0006281372214857297,0.0014230665056124013
sefa_guided_raw,SEFA,0,1,15,31,1f,0.0007949292841266716,0.0007916359879862717,0.0015865652721129434
sefa_guided_raw,SEFA,0,2,0,32,20,0.0008045782541065104,0.002198026605868108,0.0030026048599746183
sefa_guided_raw,SEFA,0,2,1,33,21,0.0008045782541065104,0.0005337530819705753,0.0013383313360770858
sefa_guided_raw,SEFA,0,2,2,34,22,0.0008045782541065104,0.000749966394476921,0.0015545446485834315
sefa_guided_raw,SEFA,0,2,3,35,23,0.0008045782541065104,0.0017387406645572204,0.0025433189186637307
sefa_guided_raw,SEFA,0,2,4,36,24,0.0008045782541065104,0.0008543913998979432,0.0016589696540044536
sefa_guided_raw,SEFA,0,2,5,37,25,0.0008045782541065104,0.00024390675282120076,0.001048485006927711
sefa_guided_raw,SEFA,0,2,6,38,26,0.0008045782541065104,0.0004260647951301466,0.0012306430492366569
sefa_guided_raw,SEFA,0,2,7,39,27,0.0008045782541065104,0.00019412079270460805,0.0009986990468111184
sefa_guided_raw,SEFA,0,2,8,40,28,0.0008045782541065104,0.0026896943397254182,0.0034942725938319286
sefa_guided_raw,SEFA,0,2,9,41,29,0.0008045782541065104,0.0012321789796062065,0.002036757233712717
sefa_guided_raw,SEFA,0,2,10,42,2a,0.0008045782541065104,0.0015923950439792021,0.0023969732980857125
sefa_guided_raw,SEFA,0,2,11,43,2b,0.0008045782541065104,0.0055488309064211806,0.006353409160527691
sefa_guided_raw,SEFA,0,2,12,44,2c,0.0008045782541065104,0.0005560940086111305,0.0013606722627176409
sefa_guided_raw,SEFA,0,2,13,45,2d,0.0008045782541065104,0.0010390596586833554,0.0018436379127898658
sefa_guided_raw,SEFA,0,2,14,46,2e,0.0008045782541065104,0.0006281372214857297,0.00143271547559224
sefa_guided_raw,SEFA,0,2,15,47,2f,0.0008045782541065104,0.0007916359879862717,0.0015962142420927821
sefa_guided_raw,SEFA,0,3,0,48,30,0.000678255514472495,0.002198026605868108,0.002876282120340603
sefa_guided_raw,SEFA,0,3,1,49,31,0.000678255514472495,0.0005337530819705753,0.0012120085964430704
sefa_guided_raw,SEFA,0,3,2,50,32,0.000678255514472495,0.000749966394476921,0.001428221908949416
sefa_guided_raw,SEFA,0,3,3,51,33,0.000678255514472495,0.0017387406645572204,0.0024169961790297153
sefa_guided_raw,SEFA,0,3,4,52,34,0.000678255514472495,0.0008543913998979432,0.0015326469143704382
sefa_guided_raw,SEFA,0,3,5,53,35,0.000678255514472495,0.00024390675282120076,0.0009221622672936958
sefa_guided_raw,SEFA,0,3,6,54,36,0.000678255514472495,0.0004260647951301466,0.0011043203096026415
sefa_guided_raw,SEFA,0,3,7,55,37,0.000678255514472495,0.00019412079270460805,0.000872376307177103
sefa_guided_raw,SEFA,0,3,8,56,38,0.000678255514472495,0.0026896943397254182,0.003367949854197913
sefa_guided_raw,SEFA,0,3,9,57,39,0.000678255514472495,0.0012321789796062065,0.0019104344940787015
sefa_guided_raw,SEFA,0,3,10,58,3a,0.000678255514472495,0.0015923950439792021,0.002270650558451697
sefa_guided_raw,SEFA,0,3,11,59,3b,0.000678255514472495,0.0055488309064211806,0.0062270864208936755
sefa_guided_raw,SEFA,0,3,12,60,3c,0.000678255514472495,0.0005560940086111305,0.0012343495230836255
sefa_guided_raw,SEFA,0,3,13,61,3d,0.000678255514472495,0.0010390596586833554,0.0017173151731558504
sefa_guided_raw,SEFA,0,3,14,62,3e,0.000678255514472495,0.0006281372214857297,0.0013063927359582247
sefa_guided_raw,SEFA,0,3,15,63,3f,0.000678255514472495,0.0007916359879862717,0.0014698915024587667
sefa_guided_raw,SEFA,0,4,0,64,40,0.006367701741870461,0.002198026605868108,0.008565728347738569
sefa_guided_raw,SEFA,0,4,1,65,41,0.006367701741870461,0.0005337530819705753,0.006901454823841036
sefa_guided_raw,SEFA,0,4,2,66,42,0.006367701741870461,0.000749966394476921,0.007117668136347382
sefa_guided_raw,SEFA,0,4,3,67,43,0.006367701741870461,0.0017387406645572204,0.008106442406427682
sefa_guided_raw,SEFA,0,4,4,68,44,0.006367701741870461,0.0008543913998979432,0.007222093141768404
sefa_guided_raw,SEFA,0,4,5,69,45,0.006367701741870461,0.00024390675282120076,0.0066116084946916615
sefa_guided_raw,SEFA,0,4,6,70,46,0.006367701741870461,0.0004260647951301466,0.006793766537000608
sefa_guided_raw,SEFA,0,4,7,71,47,0.006367701741870461,0.00019412079270460805,0.006561822534575069
sefa_guided_raw,SEFA,0,4,8,72,48,0.006367701741870461,0.0026896943397254182,0.009057396081595878
sefa_guided_raw,SEFA,0,4,9,73,49,0.006367701741870461,0.0012321789796062065,0.007599880721476667
sefa_guided_raw,SEFA,0,4,10,74,4a,0.006367701741870461,0.0015923950439792021,0.007960096785849663
sefa_guided_raw,SEFA,0,4,11,75,4b,0.006367701741870461,0.0055488309064211806,0.011916532648291641
sefa_guided_raw,SEFA,0,4,12,76,4c,0.006367701741870461,0.0005560940086111305,0.006923795750481592
sefa_guided_raw,SEFA,0,4,13,77,4d,0.006367701741870461,0.0010390596586833554,0.007406761400553816
sefa_guided_raw,SEFA,0,4,14,78,4e,0.006367701741870461,0.0006281372214857297,0.006995838963356191
sefa_guided_raw,SEFA,0,4,15,79,4f,0.006367701741870461,0.0007916359879862717,0.007159337729856732
sefa_guided_raw,SEFA,0,5,0,80,50,0.0021018724220081384,0.002198026605868108,0.004299899027876246
sefa_guided_raw,SEFA,0,5,1,81,51,0.0021018724220081384,0.0005337530819705753,0.0026356255039787137
sefa_guided_raw,SEFA,0,5,2,82,52,0.0021018724220081384,0.000749966394476921,0.0028518388164850595
sefa_guided_raw,SEFA,0,5,3,83,53,0.0021018724220081384,0.0017387406645572204,0.0038406130865653587
sefa_guided_raw,SEFA,0,5,4,84,54,0.0021018724220081384,0.0008543913998979432,0.0029562638219060816
sefa_guided_raw,SEFA,0,5,5,85,55,0.0021018724220081384,0.00024390675282120076,0.002345779174829339
sefa_guided_raw,SEFA,0,5,6,86,56,0.0021018724220081384,0.0004260647951301466,0.002527937217138285
sefa_guided_raw,SEFA,0,5,7,87,57,0.0021018724220081384,0.00019412079270460805,0.0022959932147127464
sefa_guided_raw,SEFA,0,5,8,88,58,0.0021018724220081384,0.0026896943397254182,0.004791566761733557
sefa_guided_raw,SEFA,0,5,9,89,59,0.0021018724220081384,0.0012321789796062065,0.003334051401614345
sefa_guided_raw,SEFA,0,5,10,90,5a,0.0021018724220081384,0.0015923950439792021,0.0036942674659873405
sefa_guided_raw,SEFA,0,5,11,91,5b,0.0021018724220081384,0.0055488309064211806,0.0076507033284293185
sefa_guided_raw,SEFA,0,5,12,92,5c,0.0021018724220081384,0.0005560940086111305,0.002657966430619269
sefa_guided_raw,SEFA,0,5,13,93,5d,0.0021018724220081384,0.0010390596586833554,0.0031409320806914938
sefa_guided_raw,SEFA,0,5,14,94,5e,0.0021018724220081384,0.0006281372214857297,0.002730009643493868
sefa_guided_raw,SEFA,0,5,15,95,5f,0.0021018724220081384,0.0007916359879862717,0.0028935084099944103
sefa_guided_raw,SEFA,0,6,0,96,60,0.0018855582684805222,0.002198026605868108,0.00408358487434863
sefa_guided_raw,SEFA,0,6,1,97,61,0.0018855582684805222,0.0005337530819705753,0.0024193113504510973
sefa_guided_raw,SEFA,0,6,2,98,62,0.0018855582684805222,0.000749966394476921,0.002635524662957443
sefa_guided_raw,SEFA,0,6,3,99,63,0.0018855582684805222,0.0017387406645572204,0.0036242989330377423
sefa_guided_raw,SEFA,0,6,4,100,64,0.0018855582684805222,0.0008543913998979432,0.0027399496683784656
sefa_guided_raw,SEFA,0,6,5,101,65,0.0018855582684805222,0.00024390675282120076,0.002129465021301723
sefa_guided_raw,SEFA,0,6,6,102,66,0.0018855582684805222,0.0004260647951301466,0.002311623063610669
sefa_guided_raw,SEFA,0,6,7,103,67,0.0018855582684805222,0.00019412079270460805,0.0020796790611851304
sefa_guided_raw,SEFA,0,6,8,104,68,0.0018855582684805222,0.0026896943397254182,0.004575252608205941
sefa_guided_raw,SEFA,0,6,9,105,69,0.0018855582684805222,0.0012321789796062065,0.003117737248086729
sefa_guided_raw,SEFA,0,6,10,106,6a,0.0018855582684805222,0.0015923950439792021,0.0034779533124597245
sefa_guided_raw,SEFA,0,6,11,107,6b,0.0018855582684805222,0.0055488309064211806,0.007434389174901703
sefa_guided_raw,SEFA,0,6,12,108,6c,0.0018855582684805222,0.0005560940086111305,0.0024416522770916525
sefa_guided_raw,SEFA,0,6,13,109,6d,0.0018855582684805222,0.0010390596586833554,0.002924617927163878
sefa_guided_raw,SEFA,0,6,14,110,6e,0.0018855582684805222,0.0006281372214857297,0.002513695489966252
sefa_guided_raw,SEFA,0,6,15,111,6f,0.0018855582684805222,0.0007916359879862717,0.002677194256466794
sefa_guided_raw,SEFA,0,7,0,112,70,0.0029488156849323804,0.002198026605868108,0.005146842290800488
sefa_guided_raw,SEFA,0,7,1,113,71,0.0029488156849323804,0.0005337530819705753,0.0034825687669029558
sefa_guided_raw,SEFA,0,7,2,114,72,0.0029488156849323804,0.000749966394476921,0.0036987820794093015
sefa_guided_raw,SEFA,0,7,3,115,73,0.0029488156849323804,0.0017387406645572204,0.004687556349489601
sefa_guided_raw,SEFA,0,7,4,116,74,0.0029488156849323804,0.0008543913998979432,0.0038032070848303236
sefa_guided_raw,SEFA,0,7,5,117,75,0.0029488156849323804,0.00024390675282120076,0.003192722437753581
sefa_guided_raw,SEFA,0,7,6,118,76,0.0029488156849323804,0.0004260647951301466,0.003374880480062527
sefa_guided_raw,SEFA,0,7,7,119,77,0.0029488156849323804,0.00019412079270460805,0.0031429364776369884
sefa_guided_raw,SEFA,0,7,8,120,78,0.0029488156849323804,0.0026896943397254182,0.005638510024657799
sefa_guided_raw,SEFA,0,7,9,121,79,0.0029488156849323804,0.0012321789796062065,0.004180994664538587
sefa_guided_raw,SEFA,0,7,10,122,7a,0.0029488156849323804,0.0015923950439792021,0.0045412107289115825
sefa_guided_raw,SEFA,0,7,11,123,7b,0.0029488156849323804,0.0055488309064211806,0.008497646591353561
sefa_guided_raw,SEFA,0,7,12,124,7c,0.0029488156849323804,0.0005560940086111305,0.003504909693543511
sefa_guided_raw,SEFA,0,7,13,125,7d,0.0029488156849323804,0.0010390596586833554,0.003987875343615736
sefa_guided_raw,SEFA,0,7,14,126,7e,0.0029488156849323804,0.0006281372214857297,0.0035769529064181103
sefa_guided_raw,SEFA,0,7,15,127,7f,0.0029488156849323804,0.0007916359879862717,0.003740451672918652
sefa_guided_raw,SEFA,0,8,0,128,80,0.0002417873112007951,0.002198026605868108,0.002439813917068903
sefa_guided_raw,SEFA,0,8,1,129,81,0.0002417873112007951,0.0005337530819705753,0.0007755403931713704
sefa_guided_raw,SEFA,0,8,2,130,82,0.0002417873112007951,0.000749966394476921,0.000991753705677716
sefa_guided_raw,SEFA,0,8,3,131,83,0.0002417873112007951,0.0017387406645572204,0.0019805279757580153
sefa_guided_raw,SEFA,0,8,4,132,84,0.0002417873112007951,0.0008543913998979432,0.0010961787110987382
sefa_guided_raw,SEFA,0,8,5,133,85,0.0002417873112007951,0.00024390675282120076,0.0004856940640219959
sefa_guided_raw,SEFA,0,8,6,134,86,0.0002417873112007951,0.0004260647951301466,0.0006678521063309417
sefa_guided_raw,SEFA,0,8,7,135,87,0.0002417873112007951,0.00019412079270460805,0.00043590810390540315
sefa_guided_raw,SEFA,0,8,8,136,88,0.0002417873112007951,0.0026896943397254182,0.002931481650926213
sefa_guided_raw,SEFA,0,8,9,137,89,0.0002417873112007951,0.0012321789796062065,0.0014739662908070015
sefa_guided_raw,SEFA,0,8,10,138,8a,0.0002417873112007951,0.0015923950439792021,0.0018341823551799971
sefa_guided_raw,SEFA,0,8,11,139,8b,0.0002417873112007951,0.0055488309064211806,0.005790618217621976
sefa_guided_raw,SEFA,0,8,12,140,8c,0.0002417873112007951,0.0005560940086111305,0.0007978813198119256
sefa_guided_raw,SEFA,0,8,13,141,8d,0.0002417873112007951,0.0010390596586833554,0.0012808469698841504
sefa_guided_raw,SEFA,0,8,14,142,8e,0.0002417873112007951,0.0006281372214857297,0.0008699245326865248
sefa_guided_raw,SEFA,0,8,15,143,8f,0.0002417873112007951,0.0007916359879862717,0.001033423299187067
sefa_guided_raw,SEFA,0,9,0,144,90,0.0006358197383366721,0.002198026605868108,0.0028338463442047802
sefa_guided_raw,SEFA,0,9,1,145,91,0.0006358197383366721,0.0005337530819705753,0.0011695728203072473
sefa_guided_raw,SEFA,0,9,2,146,92,0.0006358197383366721,0.000749966394476921,0.001385786132813593
sefa_guided_raw,SEFA,0,9,3,147,93,0.0006358197383366721,0.0017387406645572204,0.0023745604028938922
sefa_guided_raw,SEFA,0,9,4,148,94,0.0006358197383366721,0.0008543913998979432,0.0014902111382346153
sefa_guided_raw,SEFA,0,9,5,149,95,0.0006358197383366721,0.00024390675282120076,0.0008797264911578729
sefa_guided_raw,SEFA,0,9,6,150,96,0.0006358197383366721,0.0004260647951301466,0.0010618845334668188
sefa_guided_raw,SEFA,0,9,7,151,97,0.0006358197383366721,0.00019412079270460805,0.0008299405310412801
sefa_guided_raw,SEFA,0,9,8,152,98,0.0006358197383366721,0.0026896943397254182,0.0033255140780620905
sefa_guided_raw,SEFA,0,9,9,153,99,0.0006358197383366721,0.0012321789796062065,0.0018679987179428786
sefa_guided_raw,SEFA,0,9,10,154,9a,0.0006358197383366721,0.0015923950439792021,0.0022282147823158745
sefa_guided_raw,SEFA,0,9,11,155,9b,0.0006358197383366721,0.0055488309064211806,0.006184650644757853
sefa_guided_raw,SEFA,0,9,12,156,9c,0.0006358197383366721,0.0005560940086111305,0.0011919137469478026
sefa_guided_raw,SEFA,0,9,13,157,9d,0.0006358197383366721,0.0010390596586833554,0.0016748793970200275
sefa_guided_raw,SEFA,0,9,14,158,9e,0.0006358197383366721,0.0006281372214857297,0.0012639569598224018
sefa_guided_raw,SEFA,0,9,15,159,9f,0.0006358197383366721,0.0007916359879862717,0.0014274557263229438
sefa_guided_raw,SEFA,0,10,0,160,a0,0.0002853061349874161,0.002198026605868108,0.002483332740855524
sefa_guided_raw,SEFA,0,10,1,161,a1,0.0002853061349874161,0.0005337530819705753,0.0008190592169579913
sefa_guided_raw,SEFA,0,10,2,162,a2,0.0002853061349874161,0.000749966394476921,0.001035272529464337
sefa_guided_raw,SEFA,0,10,3,163,a3,0.0002853061349874161,0.0017387406645572204,0.0020240467995446365
sefa_guided_raw,SEFA,0,10,4,164,a4,0.0002853061349874161,0.0008543913998979432,0.0011396975348853594
sefa_guided_raw,SEFA,0,10,5,165,a5,0.0002853061349874161,0.00024390675282120076,0.0005292128878086168
sefa_guided_raw,SEFA,0,10,6,166,a6,0.0002853061349874161,0.0004260647951301466,0.0007113709301175626
sefa_guided_raw,SEFA,0,10,7,167,a7,0.0002853061349874161,0.00019412079270460805,0.00047942692769202414
sefa_guided_raw,SEFA,0,10,8,168,a8,0.0002853061349874161,0.0026896943397254182,0.0029750004747128344
sefa_guided_raw,SEFA,0,10,9,169,a9,0.0002853061349874161,0.0012321789796062065,0.0015174851145936226
sefa_guided_raw,SEFA,0,10,10,170,aa,0.0002853061349874161,0.0015923950439792021,0.0018777011789666183
sefa_guided_raw,SEFA,0,10,11,171,ab,0.0002853061349874161,0.0055488309064211806,0.005834137041408597
sefa_guided_raw,SEFA,0,10,12,172,ac,0.0002853061349874161,0.0005560940086111305,0.0008414001435985466
sefa_guided_raw,SEFA,0,10,13,173,ad,0.0002853061349874161,0.0010390596586833554,0.0013243657936707716
sefa_guided_raw,SEFA,0,10,14,174,ae,0.0002853061349874161,0.0006281372214857297,0.0009134433564731458
sefa_guided_raw,SEFA,0,10,15,175,af,0.0002853061349874161,0.0007916359879862717,0.0010769421229736879
sefa_guided_raw,SEFA,0,11,0,176,b0,0.00032872649989669196,0.002198026605868108,0.0025267531057647998
sefa_guided_raw,SEFA,0,11,1,177,b1,0.00032872649989669196,0.0005337530819705753,0.0008624795818672672
sefa_guided_raw,SEFA,0,11,2,178,b2,0.00032872649989669196,0.000749966394476921,0.001078692894373613
sefa_guided_raw,SEFA,0,11,3,179,b3,0.00032872649989669196,0.0017387406645572204,0.002067467164453912
sefa_guided_raw,SEFA,0,11,4,180,b4,0.00032872649989669196,0.0008543913998979432,0.001183117899794635
sefa_guided_raw,SEFA,0,11,5,181,b5,0.00032872649989669196,0.00024390675282120076,0.0005726332527178927
sefa_guided_raw,SEFA,0,11,6,182,b6,0.00032872649989669196,0.0004260647951301466,0.0007547912950268386
sefa_guided_raw,SEFA,0,11,7,183,b7,0.00032872649989669196,0.00019412079270460805,0.0005228472926013001
sefa_guided_raw,SEFA,0,11,8,184,b8,0.00032872649989669196,0.0026896943397254182,0.00301842083962211
sefa_guided_raw,SEFA,0,11,9,185,b9,0.00032872649989669196,0.0012321789796062065,0.0015609054795028983
sefa_guided_raw,SEFA,0,11,10,186,ba,0.00032872649989669196,0.0015923950439792021,0.001921121543875894
sefa_guided_raw,SEFA,0,11,11,187,bb,0.00032872649989669196,0.0055488309064211806,0.005877557406317873
sefa_guided_raw,SEFA,0,11,12,188,bc,0.00032872649989669196,0.0005560940086111305,0.0008848205085078225
sefa_guided_raw,SEFA,0,11,13,189,bd,0.00032872649989669196,0.0010390596586833554,0.0013677861585800473
sefa_guided_raw,SEFA,0,11,14,190,be,0.00032872649989669196,0.0006281372214857297,0.0009568637213824216
sefa_guided_raw,SEFA,0,11,15,191,bf,0.00032872649989669196,0.0007916359879862717,0.0011203624878829638
sefa_guided_raw,SEFA,0,12,0,192,c0,0.0014440686624642121,0.002198026605868108,0.00364209526833232
sefa_guided_raw,SEFA,0,12,1,193,c1,0.0014440686624642121,0.0005337530819705753,0.0019778217444347875
sefa_guided_raw,SEFA,0,12,2,194,c2,0.0014440686624642121,0.000749966394476921,0.0021940350569411332
sefa_guided_raw,SEFA,0,12,3,195,c3,0.0014440686624642121,0.0017387406645572204,0.0031828093270214325
sefa_guided_raw,SEFA,0,12,4,196,c4,0.0014440686624642121,0.0008543913998979432,0.0022984600623621554
sefa_guided_raw,SEFA,0,12,5,197,c5,0.0014440686624642121,0.00024390675282120076,0.0016879754152854128
sefa_guided_raw,SEFA,0,12,6,198,c6,0.0014440686624642121,0.0004260647951301466,0.0018701334575943586
sefa_guided_raw,SEFA,0,12,7,199,c7,0.0014440686624642121,0.00019412079270460805,0.0016381894551688201
sefa_guided_raw,SEFA,0,12,8,200,c8,0.0014440686624642121,0.0026896943397254182,0.004133763002189631
sefa_guided_raw,SEFA,0,12,9,201,c9,0.0014440686624642121,0.0012321789796062065,0.0026762476420704186
sefa_guided_raw,SEFA,0,12,10,202,ca,0.0014440686624642121,0.0015923950439792021,0.0030364637064434143
sefa_guided_raw,SEFA,0,12,11,203,cb,0.0014440686624642121,0.0055488309064211806,0.006992899568885392
sefa_guided_raw,SEFA,0,12,12,204,cc,0.0014440686624642121,0.0005560940086111305,0.0020001626710753426
sefa_guided_raw,SEFA,0,12,13,205,cd,0.0014440686624642121,0.0010390596586833554,0.0024831283211475676
sefa_guided_raw,SEFA,0,12,14,206,ce,0.0014440686624642121,0.0006281372214857297,0.0020722058839499416
sefa_guided_raw,SEFA,0,12,15,207,cf,0.0014440686624642121,0.0007916359879862717,0.002235704650450484
sefa_guided_raw,SEFA,0,13,0,208,d0,0.0005248565835685229,0.002198026605868108,0.002722883189436631
sefa_guided_raw,SEFA,0,13,1,209,d1,0.0005248565835685229,0.0005337530819705753,0.001058609665539098
sefa_guided_raw,SEFA,0,13,2,210,d2,0.0005248565835685229,0.000749966394476921,0.0012748229780454438
sefa_guided_raw,SEFA,0,13,3,211,d3,0.0005248565835685229,0.0017387406645572204,0.002263597248125743
sefa_guided_raw,SEFA,0,13,4,212,d4,0.0005248565835685229,0.0008543913998979432,0.0013792479834664661
sefa_guided_raw,SEFA,0,13,5,213,d5,0.0005248565835685229,0.00024390675282120076,0.0007687633363897237
sefa_guided_raw,SEFA,0,13,6,214,d6,0.0005248565835685229,0.0004260647951301466,0.0009509213786986695
sefa_guided_raw,SEFA,0,13,7,215,d7,0.0005248565835685229,0.00019412079270460805,0.0007189773762731309
sefa_guided_raw,SEFA,0,13,8,216,d8,0.0005248565835685229,0.0026896943397254182,0.0032145509232939413
sefa_guided_raw,SEFA,0,13,9,217,d9,0.0005248565835685229,0.0012321789796062065,0.0017570355631747294
sefa_guided_raw,SEFA,0,13,10,218,da,0.0005248565835685229,0.0015923950439792021,0.0021172516275477253
sefa_guided_raw,SEFA,0,13,11,219,db,0.0005248565835685229,0.0055488309064211806,0.006073687489989704
sefa_guided_raw,SEFA,0,13,12,220,dc,0.0005248565835685229,0.0005560940086111305,0.0010809505921796534
sefa_guided_raw,SEFA,0,13,13,221,dd,0.0005248565835685229,0.0010390596586833554,0.0015639162422518783
sefa_guided_raw,SEFA,0,13,14,222,de,0.0005248565835685229,0.0006281372214857297,0.0011529938050542526
sefa_guided_raw,SEFA,0,13,15,223,df,0.0005248565835685229,0.0007916359879862717,0.0013164925715547946
sefa_guided_raw,SEFA,0,14,0,224,e0,0.00031897907103950766,0.002198026605868108,0.0025170056769076156
sefa_guided_raw,SEFA,0,14,1,225,e1,0.00031897907103950766,0.0005337530819705753,0.0008527321530100829
sefa_guided_raw,SEFA,0,14,2,226,e2,0.00031897907103950766,0.000749966394476921,0.0010689454655164288
sefa_guided_raw,SEFA,0,14,3,227,e3,0.00031897907103950766,0.0017387406645572204,0.002057719735596728
sefa_guided_raw,SEFA,0,14,4,228,e4,0.00031897907103950766,0.0008543913998979432,0.001173370470937451
sefa_guided_raw,SEFA,0,14,5,229,e5,0.00031897907103950766,0.00024390675282120076,0.0005628858238607084
sefa_guided_raw,SEFA,0,14,6,230,e6,0.00031897907103950766,0.0004260647951301466,0.0007450438661696543
sefa_guided_raw,SEFA,0,14,7,231,e7,0.00031897907103950766,0.00019412079270460805,0.0005130998637441157
sefa_guided_raw,SEFA,0,14,8,232,e8,0.00031897907103950766,0.0026896943397254182,0.003008673410764926
sefa_guided_raw,SEFA,0,14,9,233,e9,0.00031897907103950766,0.0012321789796062065,0.0015511580506457141
sefa_guided_raw,SEFA,0,14,10,234,ea,0.00031897907103950766,0.0015923950439792021,0.0019113741150187098
sefa_guided_raw,SEFA,0,14,11,235,eb,0.00031897907103950766,0.0055488309064211806,0.005867809977460689
sefa_guided_raw,SEFA,0,14,12,236,ec,0.00031897907103950766,0.0005560940086111305,0.0008750730796506382
sefa_guided_raw,SEFA,0,14,13,237,ed,0.00031897907103950766,0.0010390596586833554,0.001358038729722863
sefa_guided_raw,SEFA,0,14,14,238,ee,0.00031897907103950766,0.0006281372214857297,0.0009471162925252373
sefa_guided_raw,SEFA,0,14,15,239,ef,0.00031897907103950766,0.0007916359879862717,0.0011106150590257794
sefa_guided_raw,SEFA,0,15,0,240,f0,0.0017413160131696623,0.002198026605868108,0.00393934261903777
sefa_guided_raw,SEFA,0,15,1,241,f1,0.0017413160131696623,0.0005337530819705753,0.0022750690951402375
sefa_guided_raw,SEFA,0,15,2,242,f2,0.0017413160131696623,0.000749966394476921,0.002491282407646583
sefa_guided_raw,SEFA,0,15,3,243,f3,0.0017413160131696623,0.0017387406645572204,0.003480056677726883
sefa_guided_raw,SEFA,0,15,4,244,f4,0.0017413160131696623,0.0008543913998979432,0.0025957074130676053
sefa_guided_raw,SEFA,0,15,5,245,f5,0.0017413160131696623,0.00024390675282120076,0.001985222765990863
sefa_guided_raw,SEFA,0,15,6,246,f6,0.0017413160131696623,0.0004260647951301466,0.002167380808299809
sefa_guided_raw,SEFA,0,15,7,247,f7,0.0017413160131696623,0.00019412079270460805,0.0019354368058742703
sefa_guided_raw,SEFA,0,15,8,248,f8,0.0017413160131696623,0.0026896943397254182,0.00443101035289508
sefa_guided_raw,SEFA,0,15,9,249,f9,0.0017413160131696623,0.0012321789796062065,0.0029734949927758686
sefa_guided_raw,SEFA,0,15,10,250,fa,0.0017413160131696623,0.0015923950439792021,0.0033337110571488643
sefa_guided_raw,SEFA,0,15,11,251,fb,0.0017413160131696623,0.0055488309064211806,0.007290146919590843
sefa_guided_raw,SEFA,0,15,12,252,fc,0.0017413160131696623,0.0005560940086111305,0.002297410021780793
sefa_guided_raw,SEFA,0,15,13,253,fd,0.0017413160131696623,0.0010390596586833554,0.0027803756718530175
sefa_guided_raw,SEFA,0,15,14,254,fe,0.0017413160131696623,0.0006281372214857297,0.002369453234655392
sefa_guided_raw,SEFA,0,15,15,255,ff,0.0017413160131696623,0.0007916359879862717,0.002532952001155934
sefa_guided_raw,SEFA,1,0,0,0,00,0.000734344487872657,0.0007852205330734088,0.0015195650209460657
sefa_guided_raw,SEFA,1,0,1,1,01,0.000734344487872657,0.0007330476434915187,0.0014673921313641757
sefa_guided_raw,SEFA,1,0,2,2,02,0.000734344487872657,0.0009795707283879367,0.0017139152162605937
sefa_guided_raw,SEFA,1,0,3,3,03,0.000734344487872657,0.0008529711100660048,0.0015873155979386619
sefa_guided_raw,SEFA,1,0,4,4,04,0.000734344487872657,0.002011242227434565,0.002745586715307222
sefa_guided_raw,SEFA,1,0,5,5,05,0.000734344487872657,0.003039452018167705,0.003773796506040362
sefa_guided_raw,SEFA,1,0,6,6,06,0.000734344487872657,0.005711561149676189,0.006445905637548846
sefa_guided_raw,SEFA,1,0,7,7,07,0.000734344487872657,0.002179547188771405,0.002913891676644062
sefa_guided_raw,SEFA,1,0,8,8,08,0.000734344487872657,0.00048817299112533386,0.0012225174789979908
sefa_guided_raw,SEFA,1,0,9,9,09,0.000734344487872657,0.0005465275026955996,0.0012808719905682566
sefa_guided_raw,SEFA,1,0,10,10,0a,0.000734344487872657,0.00028384977900289265,0.0010181942668755497
sefa_guided_raw,SEFA,1,0,11,11,0b,0.000734344487872657,0.00039792131009505,0.001132265797967707
sefa_guided_raw,SEFA,1,0,12,12,0c,0.000734344487872657,0.00039643772081784,0.001130782208690497
sefa_guided_raw,SEFA,1,0,13,13,0d,0.000734344487872657,0.0019277491197782393,0.0026620936076508965
sefa_guided_raw,SEFA,1,0,14,14,0e,0.000734344487872657,0.0015524834542705855,0.0022868279421432427
sefa_guided_raw,SEFA,1,0,15,15,0f,0.000734344487872657,0.0006784845267407901,0.0014128290146134472
sefa_guided_raw,SEFA,1,1,0,16,10,0.00011906169972168911,0.0007852205330734088,0.0009042822327950978
sefa_guided_raw,SEFA,1,1,1,17,11,0.00011906169972168911,0.0007330476434915187,0.0008521093432132077
sefa_guided_raw,SEFA,1,1,2,18,12,0.00011906169972168911,0.0009795707283879367,0.0010986324281096259
sefa_guided_raw,SEFA,1,1,3,19,13,0.00011906169972168911,0.0008529711100660048,0.0009720328097876939
sefa_guided_raw,SEFA,1,1,4,20,14,0.00011906169972168911,0.002011242227434565,0.002130303927156254
sefa_guided_raw,SEFA,1,1,5,21,15,0.00011906169972168911,0.003039452018167705,0.003158513717889394
sefa_guided_raw,SEFA,1,1,6,22,16,0.00011906169972168911,0.005711561149676189,0.005830622849397878
sefa_guided_raw,SEFA,1,1,7,23,17,0.00011906169972168911,0.002179547188771405,0.0022986088884930944
sefa_guided_raw,SEFA,1,1,8,24,18,0.00011906169972168911,0.00048817299112533386,0.0006072346908470229
sefa_guided_raw,SEFA,1,1,9,25,19,0.00011906169972168911,0.0005465275026955996,0.0006655892024172886
sefa_guided_raw,SEFA,1,1,10,26,1a,0.00011906169972168911,0.00028384977900289265,0.0004029114787245818
sefa_guided_raw,SEFA,1,1,11,27,1b,0.00011906169972168911,0.00039792131009505,0.000516983009816739
sefa_guided_raw,SEFA,1,1,12,28,1c,0.00011906169972168911,0.00039643772081784,0.0005154994205395291
sefa_guided_raw,SEFA,1,1,13,29,1d,0.00011906169972168911,0.0019277491197782393,0.0020468108194999285
sefa_guided_raw,SEFA,1,1,14,30,1e,0.00011906169972168911,0.0015524834542705855,0.0016715451539922746
sefa_guided_raw,SEFA,1,1,15,31,1f,0.00011906169972168911,0.0006784845267407901,0.0007975462264624792
sefa_guided_raw,SEFA,1,2,0,32,20,0.0006679377532939033,0.0007852205330734088,0.0014531582863673122
sefa_guided_raw,SEFA,1,2,1,33,21,0.0006679377532939033,0.0007330476434915187,0.001400985396785422
sefa_guided_raw,SEFA,1,2,2,34,22,0.0006679377532939033,0.0009795707283879367,0.00164750848168184
sefa_guided_raw,SEFA,1,2,3,35,23,0.0006679377532939033,0.0008529711100660048,0.0015209088633599082
sefa_guided_raw,SEFA,1,2,4,36,24,0.0006679377532939033,0.002011242227434565,0.0026791799807284683
sefa_guided_raw,SEFA,1,2,5,37,25,0.0006679377532939033,0.003039452018167705,0.0037073897714616083
sefa_guided_raw,SEFA,1,2,6,38,26,0.0006679377532939033,0.005711561149676189,0.006379498902970093
sefa_guided_raw,SEFA,1,2,7,39,27,0.0006679377532939033,0.002179547188771405,0.0028474849420653085
sefa_guided_raw,SEFA,1,2,8,40,28,0.0006679377532939033,0.00048817299112533386,0.0011561107444192373
sefa_guided_raw,SEFA,1,2,9,41,29,0.0006679377532939033,0.0005465275026955996,0.0012144652559895029
sefa_guided_raw,SEFA,1,2,10,42,2a,0.0006679377532939033,0.00028384977900289265,0.000951787532296796
sefa_guided_raw,SEFA,1,2,11,43,2b,0.0006679377532939033,0.00039792131009505,0.0010658590633889533
sefa_guided_raw,SEFA,1,2,12,44,2c,0.0006679377532939033,0.00039643772081784,0.0010643754741117434
sefa_guided_raw,SEFA,1,2,13,45,2d,0.0006679377532939033,0.0019277491197782393,0.0025956868730721426
sefa_guided_raw,SEFA,1,2,14,46,2e,0.0006679377532939033,0.0015524834542705855,0.002220421207564489
sefa_guided_raw,SEFA,1,2,15,47,2f,0.0006679377532939033,0.0006784845267407901,0.0013464222800346935
sefa_guided_raw,SEFA,1,3,0,48,30,0.00029538302946527557,0.0007852205330734088,0.0010806035625386843
sefa_guided_raw,SEFA,1,3,1,49,31,0.00029538302946527557,0.0007330476434915187,0.0010284306729567943
sefa_guided_raw,SEFA,1,3,2,50,32,0.00029538302946527557,0.0009795707283879367,0.0012749537578532122
sefa_guided_raw,SEFA,1,3,3,51,33,0.00029538302946527557,0.0008529711100660048,0.0011483541395312805
sefa_guided_raw,SEFA,1,3,4,52,34,0.00029538302946527557,0.002011242227434565,0.0023066252568998405
sefa_guided_raw,SEFA,1,3,5,53,35,0.00029538302946527557,0.003039452018167705,0.0033348350476329804
sefa_guided_raw,SEFA,1,3,6,54,36,0.00029538302946527557,0.005711561149676189,0.006006944179141465
sefa_guided_raw,SEFA,1,3,7,55,37,0.00029538302946527557,0.002179547188771405,0.0024749302182366806
sefa_guided_raw,SEFA,1,3,8,56,38,0.00029538302946527557,0.00048817299112533386,0.0007835560205906094
sefa_guided_raw,SEFA,1,3,9,57,39,0.00029538302946527557,0.0005465275026955996,0.0008419105321608751
sefa_guided_raw,SEFA,1,3,10,58,3a,0.00029538302946527557,0.00028384977900289265,0.0005792328084681682
sefa_guided_raw,SEFA,1,3,11,59,3b,0.00029538302946527557,0.00039792131009505,0.0006933043395603256
sefa_guided_raw,SEFA,1,3,12,60,3c,0.00029538302946527557,0.00039643772081784,0.0006918207502831156
sefa_guided_raw,SEFA,1,3,13,61,3d,0.00029538302946527557,0.0019277491197782393,0.0022231321492435147
sefa_guided_raw,SEFA,1,3,14,62,3e,0.00029538302946527557,0.0015524834542705855,0.001847866483735861
sefa_guided_raw,SEFA,1,3,15,63,3f,0.00029538302946527557,0.0006784845267407901,0.0009738675562060657
sefa_guided_raw,SEFA,1,4,0,64,40,0.0006324942787661129,0.0007852205330734088,0.0014177148118395216
sefa_guided_raw,SEFA,1,4,1,65,41,0.0006324942787661129,0.0007330476434915187,0.0013655419222576314
sefa_guided_raw,SEFA,1,4,2,66,42,0.0006324942787661129,0.0009795707283879367,0.0016120650071540497
sefa_guided_raw,SEFA,1,4,3,67,43,0.0006324942787661129,0.0008529711100660048,0.0014854653888321176
sefa_guided_raw,SEFA,1,4,4,68,44,0.0006324942787661129,0.002011242227434565,0.002643736506200678
sefa_guided_raw,SEFA,1,4,5,69,45,0.0006324942787661129,0.003039452018167705,0.003671946296933818
sefa_guided_raw,SEFA,1,4,6,70,46,0.0006324942787661129,0.005711561149676189,0.006344055428442302
sefa_guided_raw,SEFA,1,4,7,71,47,0.0006324942787661129,0.002179547188771405,0.002812041467537518
sefa_guided_raw,SEFA,1,4,8,72,48,0.0006324942787661129,0.00048817299112533386,0.0011206672698914468
sefa_guided_raw,SEFA,1,4,9,73,49,0.0006324942787661129,0.0005465275026955996,0.0011790217814617123
sefa_guided_raw,SEFA,1,4,10,74,4a,0.0006324942787661129,0.00028384977900289265,0.0009163440577690055
sefa_guided_raw,SEFA,1,4,11,75,4b,0.0006324942787661129,0.00039792131009505,0.0010304155888611628
sefa_guided_raw,SEFA,1,4,12,76,4c,0.0006324942787661129,0.00039643772081784,0.0010289319995839528
sefa_guided_raw,SEFA,1,4,13,77,4d,0.0006324942787661129,0.0019277491197782393,0.0025602433985443523
sefa_guided_raw,SEFA,1,4,14,78,4e,0.0006324942787661129,0.0015524834542705855,0.0021849777330366985
sefa_guided_raw,SEFA,1,4,15,79,4f,0.0006324942787661129,0.0006784845267407901,0.001310978805506903
sefa_guided_raw,SEFA,1,5,0,80,50,0.001596636434179377,0.0007852205330734088,0.0023818569672527856
sefa_guided_raw,SEFA,1,5,1,81,51,0.001596636434179377,0.0007330476434915187,0.0023296840776708956
sefa_guided_raw,SEFA,1,5,2,82,52,0.001596636434179377,0.0009795707283879367,0.0025762071625673134
sefa_guided_raw,SEFA,1,5,3,83,53,0.001596636434179377,0.0008529711100660048,0.0024496075442453817
sefa_guided_raw,SEFA,1,5,4,84,54,0.001596636434179377,0.002011242227434565,0.0036078786616139417
sefa_guided_raw,SEFA,1,5,5,85,55,0.001596636434179377,0.003039452018167705,0.004636088452347082
sefa_guided_raw,SEFA,1,5,6,86,56,0.001596636434179377,0.005711561149676189,0.007308197583855566
sefa_guided_raw,SEFA,1,5,7,87,57,0.001596636434179377,0.002179547188771405,0.003776183622950782
sefa_guided_raw,SEFA,1,5,8,88,58,0.001596636434179377,0.00048817299112533386,0.0020848094253047107
sefa_guided_raw,SEFA,1,5,9,89,59,0.001596636434179377,0.0005465275026955996,0.0021431639368749765
sefa_guided_raw,SEFA,1,5,10,90,5a,0.001596636434179377,0.00028384977900289265,0.0018804862131822696
sefa_guided_raw,SEFA,1,5,11,91,5b,0.001596636434179377,0.00039792131009505,0.001994557744274427
sefa_guided_raw,SEFA,1,5,12,92,5c,0.001596636434179377,0.00039643772081784,0.001993074154997217
sefa_guided_raw,SEFA,1,5,13,93,5d,0.001596636434179377,0.0019277491197782393,0.0035243855539576164
sefa_guided_raw,SEFA,1,5,14,94,5e,0.001596636434179377,0.0015524834542705855,0.0031491198884499626
sefa_guided_raw,SEFA,1,5,15,95,5f,0.001596636434179377,0.0006784845267407901,0.002275120960920167
sefa_guided_raw,SEFA,1,6,0,96,60,0.002246765334927892,0.0007852205330734088,0.0030319858680013007
sefa_guided_raw,SEFA,1,6,1,97,61,0.002246765334927892,0.0007330476434915187,0.0029798129784194107
sefa_guided_raw,SEFA,1,6,2,98,62,0.002246765334927892,0.0009795707283879367,0.0032263360633158285
sefa_guided_raw,SEFA,1,6,3,99,63,0.002246765334927892,0.0008529711100660048,0.0030997364449938964
sefa_guided_raw,SEFA,1,6,4,100,64,0.002246765334927892,0.002011242227434565,0.004258007562362456
sefa_guided_raw,SEFA,1,6,5,101,65,0.002246765334927892,0.003039452018167705,0.005286217353095597
sefa_guided_raw,SEFA,1,6,6,102,66,0.002246765334927892,0.005711561149676189,0.00795832648460408
sefa_guided_raw,SEFA,1,6,7,103,67,0.002246765334927892,0.002179547188771405,0.004426312523699297
sefa_guided_raw,SEFA,1,6,8,104,68,0.002246765334927892,0.00048817299112533386,0.0027349383260532258
sefa_guided_raw,SEFA,1,6,9,105,69,0.002246765334927892,0.0005465275026955996,0.0027932928376234916
sefa_guided_raw,SEFA,1,6,10,106,6a,0.002246765334927892,0.00028384977900289265,0.0025306151139307845
sefa_guided_raw,SEFA,1,6,11,107,6b,0.002246765334927892,0.00039792131009505,0.0026446866450229416
sefa_guided_raw,SEFA,1,6,12,108,6c,0.002246765334927892,0.00039643772081784,0.002643203055745732
sefa_guided_raw,SEFA,1,6,13,109,6d,0.002246765334927892,0.0019277491197782393,0.004174514454706131
sefa_guided_raw,SEFA,1,6,14,110,6e,0.002246765334927892,0.0015524834542705855,0.0037992487891984773
sefa_guided_raw,SEFA,1,6,15,111,6f,0.002246765334927892,0.0006784845267407901,0.002925249861668682
sefa_guided_raw,SEFA,1,7,0,112,70,0.0003583051527842743,0.0007852205330734088,0.001143525685857683
sefa_guided_raw,SEFA,1,7,1,113,71,0.0003583051527842743,0.0007330476434915187,0.001091352796275793
sefa_guided_raw,SEFA,1,7,2,114,72,0.0003583051527842743,0.0009795707283879367,0.001337875881172211
sefa_guided_raw,SEFA,1,7,3,115,73,0.0003583051527842743,0.0008529711100660048,0.0012112762628502791
sefa_guided_raw,SEFA,1,7,4,116,74,0.0003583051527842743,0.002011242227434565,0.002369547380218839
sefa_guided_raw,SEFA,1,7,5,117,75,0.0003583051527842743,0.003039452018167705,0.003397757170951979
sefa_guided_raw,SEFA,1,7,6,118,76,0.0003583051527842743,0.005711561149676189,0.006069866302460464
sefa_guided_raw,SEFA,1,7,7,119,77,0.0003583051527842743,0.002179547188771405,0.0025378523415556793
sefa_guided_raw,SEFA,1,7,8,120,78,0.0003583051527842743,0.00048817299112533386,0.0008464781439096081
sefa_guided_raw,SEFA,1,7,9,121,79,0.0003583051527842743,0.0005465275026955996,0.0009048326554798739
sefa_guided_raw,SEFA,1,7,10,122,7a,0.0003583051527842743,0.00028384977900289265,0.000642154931787167
sefa_guided_raw,SEFA,1,7,11,123,7b,0.0003583051527842743,0.00039792131009505,0.0007562264628793243
sefa_guided_raw,SEFA,1,7,12,124,7c,0.0003583051527842743,0.00039643772081784,0.0007547428736021143
sefa_guided_raw,SEFA,1,7,13,125,7d,0.0003583051527842743,0.0019277491197782393,0.0022860542725625134
sefa_guided_raw,SEFA,1,7,14,126,7e,0.0003583051527842743,0.0015524834542705855,0.0019107886070548598
sefa_guided_raw,SEFA,1,7,15,127,7f,0.0003583051527842743,0.0006784845267407901,0.0010367896795250645
sefa_guided_raw,SEFA,1,8,0,128,80,0.000787509699664342,0.0007852205330734088,0.0015727302327377508
sefa_guided_raw,SEFA,1,8,1,129,81,0.000787509699664342,0.0007330476434915187,0.0015205573431558606
sefa_guided_raw,SEFA,1,8,2,130,82,0.000787509699664342,0.0009795707283879367,0.0017670804280522788
sefa_guided_raw,SEFA,1,8,3,131,83,0.000787509699664342,0.0008529711100660048,0.0016404808097303467
sefa_guided_raw,SEFA,1,8,4,132,84,0.000787509699664342,0.002011242227434565,0.002798751927098907
sefa_guided_raw,SEFA,1,8,5,133,85,0.000787509699664342,0.003039452018167705,0.003826961717832047
sefa_guided_raw,SEFA,1,8,6,134,86,0.000787509699664342,0.005711561149676189,0.006499070849340531
sefa_guided_raw,SEFA,1,8,7,135,87,0.000787509699664342,0.002179547188771405,0.0029670568884357473
sefa_guided_raw,SEFA,1,8,8,136,88,0.000787509699664342,0.00048817299112533386,0.0012756826907896759
sefa_guided_raw,SEFA,1,8,9,137,89,0.000787509699664342,0.0005465275026955996,0.0013340372023599415
sefa_guided_raw,SEFA,1,8,10,138,8a,0.000787509699664342,0.00028384977900289265,0.0010713594786672348
sefa_guided_raw,SEFA,1,8,11,139,8b,0.000787509699664342,0.00039792131009505,0.0011854310097593919
sefa_guided_raw,SEFA,1,8,12,140,8c,0.000787509699664342,0.00039643772081784,0.001183947420482182
sefa_guided_raw,SEFA,1,8,13,141,8d,0.000787509699664342,0.0019277491197782393,0.0027152588194425814
sefa_guided_raw,SEFA,1,8,14,142,8e,0.000787509699664342,0.0015524834542705855,0.0023399931539349276
sefa_guided_raw,SEFA,1,8,15,143,8f,0.000787509699664342,0.0006784845267407901,0.001465994226405132
sefa_guided_raw,SEFA,1,9,0,144,90,0.0014146401660984761,0.0007852205330734088,0.002199860699171885
sefa_guided_raw,SEFA,1,9,1,145,91,0.0014146401660984761,0.0007330476434915187,0.0021476878095899946
sefa_guided_raw,SEFA,1,9,2,146,92,0.0014146401660984761,0.0009795707283879367,0.002394210894486413
sefa_guided_raw,SEFA,1,9,3,147,93,0.0014146401660984761,0.0008529711100660048,0.002267611276164481
sefa_guided_raw,SEFA,1,9,4,148,94,0.0014146401660984761,0.002011242227434565,0.003425882393533041
sefa_guided_raw,SEFA,1,9,5,149,95,0.0014146401660984761,0.003039452018167705,0.004454092184266181
sefa_guided_raw,SEFA,1,9,6,150,96,0.0014146401660984761,0.005711561149676189,0.0071262013157746655
sefa_guided_raw,SEFA,1,9,7,151,97,0.0014146401660984761,0.002179547188771405,0.0035941873548698813
sefa_guided_raw,SEFA,1,9,8,152,98,0.0014146401660984761,0.00048817299112533386,0.00190281315722381
sefa_guided_raw,SEFA,1,9,9,153,99,0.0014146401660984761,0.0005465275026955996,0.0019611676687940754
sefa_guided_raw,SEFA,1,9,10,154,9a,0.0014146401660984761,0.00028384977900289265,0.0016984899451013688
sefa_guided_raw,SEFA,1,9,11,155,9b,0.0014146401660984761,0.00039792131009505,0.001812561476193526
sefa_guided_raw,SEFA,1,9,12,156,9c,0.0014146401660984761,0.00039643772081784,0.0018110778869163161
sefa_guided_raw,SEFA,1,9,13,157,9d,0.0014146401660984761,0.0019277491197782393,0.0033423892858767154
sefa_guided_raw,SEFA,1,9,14,158,9e,0.0014146401660984761,0.0015524834542705855,0.0029671236203690616
sefa_guided_raw,SEFA,1,9,15,159,9f,0.0014146401660984761,0.0006784845267407901,0.002093124692839266
sefa_guided_raw,SEFA,1,10,0,160,a0,0.0005933670723351534,0.0007852205330734088,0.0013785876054085622
sefa_guided_raw,SEFA,1,10,1,161,a1,0.0005933670723351534,0.0007330476434915187,0.001326414715826672
sefa_guided_raw,SEFA,1,10,2,162,a2,0.0005933670723351534,0.0009795707283879367,0.0015729378007230902
sefa_guided_raw,SEFA,1,10,3,163,a3,0.0005933670723351534,0.0008529711100660048,0.0014463381824011581
sefa_guided_raw,SEFA,1,10,4,164,a4,0.0005933670723351534,0.002011242227434565,0.0026046092997697185
sefa_guided_raw,SEFA,1,10,5,165,a5,0.0005933670723351534,0.003039452018167705,0.0036328190905028585
sefa_guided_raw,SEFA,1,10,6,166,a6,0.0005933670723351534,0.005711561149676189,0.006304928222011343
sefa_guided_raw,SEFA,1,10,7,167,a7,0.0005933670723351534,0.002179547188771405,0.0027729142611065587
sefa_guided_raw,SEFA,1,10,8,168,a8,0.0005933670723351534,0.00048817299112533386,0.0010815400634604873
sefa_guided_raw,SEFA,1,10,9,169,a9,0.0005933670723351534,0.0005465275026955996,0.0011398945750307529
sefa_guided_raw,SEFA,1,10,10,170,aa,0.0005933670723351534,0.00028384977900289265,0.0008772168513380461
sefa_guided_raw,SEFA,1,10,11,171,ab,0.0005933670723351534,0.00039792131009505,0.0009912883824302033
sefa_guided_raw,SEFA,1,10,12,172,ac,0.0005933670723351534,0.00039643772081784,0.0009898047931529933
sefa_guided_raw,SEFA,1,10,13,173,ad,0.0005933670723351534,0.0019277491197782393,0.002521116192113393
sefa_guided_raw,SEFA,1,10,14,174,ae,0.0005933670723351534,0.0015524834542705855,0.002145850526605739
sefa_guided_raw,SEFA,1,10,15,175,af,0.0005933670723351534,0.0006784845267407901,0.0012718515990759434
sefa_guided_raw,SEFA,1,11,0,176,b0,0.0013234429114146109,0.0007852205330734088,0.0021086634444880195
sefa_guided_raw,SEFA,1,11,1,177,b1,0.0013234429114146109,0.0007330476434915187,0.0020564905549061295
sefa_guided_raw,SEFA,1,11,2,178,b2,0.0013234429114146109,0.0009795707283879367,0.0023030136398025473
sefa_guided_raw,SEFA,1,11,3,179,b3,0.0013234429114146109,0.0008529711100660048,0.0021764140214806157
sefa_guided_raw,SEFA,1,11,4,180,b4,0.0013234429114146109,0.002011242227434565,0.0033346851388491756
sefa_guided_raw,SEFA,1,11,5,181,b5,0.0013234429114146109,0.003039452018167705,0.004362894929582316
sefa_guided_raw,SEFA,1,11,6,182,b6,0.0013234429114146109,0.005711561149676189,0.0070350040610908
sefa_guided_raw,SEFA,1,11,7,183,b7,0.0013234429114146109,0.002179547188771405,0.003502990100186016
sefa_guided_raw,SEFA,1,11,8,184,b8,0.0013234429114146109,0.00048817299112533386,0.0018116159025399446
sefa_guided_raw,SEFA,1,11,9,185,b9,0.0013234429114146109,0.0005465275026955996,0.0018699704141102104
sefa_guided_raw,SEFA,1,11,10,186,ba,0.0013234429114146109,0.00028384977900289265,0.0016072926904175035
sefa_guided_raw,SEFA,1,11,11,187,bb,0.0013234429114146109,0.00039792131009505,0.0017213642215096608
sefa_guided_raw,SEFA,1,11,12,188,bc,0.0013234429114146109,0.00039643772081784,0.0017198806322324509
sefa_guided_raw,SEFA,1,11,13,189,bd,0.0013234429114146109,0.0019277491197782393,0.0032511920311928504
sefa_guided_raw,SEFA,1,11,14,190,be,0.0013234429114146109,0.0015524834542705855,0.0028759263656851965
sefa_guided_raw,SEFA,1,11,15,191,bf,0.0013234429114146109,0.0006784845267407901,0.002001927438155401
sefa_guided_raw,SEFA,1,12,0,192,c0,0.0019519672223526456,0.0007852205330734088,0.0027371877554260545
sefa_guided_raw,SEFA,1,12,1,193,c1,0.0019519672223526456,0.0007330476434915187,0.002685014865844164
sefa_guided_raw,SEFA,1,12,2,194,c2,0.0019519672223526456,0.0009795707283879367,0.0029315379507405823
sefa_guided_raw,SEFA,1,12,3,195,c3,0.0019519672223526456,0.0008529711100660048,0.0028049383324186506
sefa_guided_raw,SEFA,1,12,4,196,c4,0.0019519672223526456,0.002011242227434565,0.003963209449787211
sefa_guided_raw,SEFA,1,12,5,197,c5,0.0019519672223526456,0.003039452018167705,0.004991419240520351
sefa_guided_raw,SEFA,1,12,6,198,c6,0.0019519672223526456,0.005711561149676189,0.007663528372028835
sefa_guided_raw,SEFA,1,12,7,199,c7,0.0019519672223526456,0.002179547188771405,0.004131514411124051
sefa_guided_raw,SEFA,1,12,8,200,c8,0.0019519672223526456,0.00048817299112533386,0.0024401402134779796
sefa_guided_raw,SEFA,1,12,9,201,c9,0.0019519672223526456,0.0005465275026955996,0.002498494725048245
sefa_guided_raw,SEFA,1,12,10,202,ca,0.0019519672223526456,0.00028384977900289265,0.0022358170013555383
sefa_guided_raw,SEFA,1,12,11,203,cb,0.0019519672223526456,0.00039792131009505,0.002349888532447696
sefa_guided_raw,SEFA,1,12,12,204,cc,0.0019519672223526456,0.00039643772081784,0.0023484049431704854
sefa_guided_raw,SEFA,1,12,13,205,cd,0.0019519672223526456,0.0019277491197782393,0.003879716342130885
sefa_guided_raw,SEFA,1,12,14,206,ce,0.0019519672223526456,0.0015524834542705855,0.003504450676623231
sefa_guided_raw,SEFA,1,12,15,207,cf,0.0019519672223526456,0.0006784845267407901,0.0026304517490934355
sefa_guided_raw,SEFA,1,13,0,208,d0,0.006819869591908215,0.0007852205330734088,0.007605090124981624
sefa_guided_raw,SEFA,1,13,1,209,d1,0.006819869591908215,0.0007330476434915187,0.007552917235399734
sefa_guided_raw,SEFA,1,13,2,210,d2,0.006819869591908215,0.0009795707283879367,0.007799440320296152
sefa_guided_raw,SEFA,1,13,3,211,d3,0.006819869591908215,0.0008529711100660048,0.00767284070197422
sefa_guided_raw,SEFA,1,13,4,212,d4,0.006819869591908215,0.002011242227434565,0.00883111181934278
sefa_guided_raw,SEFA,1,13,5,213,d5,0.006819869591908215,0.003039452018167705,0.009859321610075921
sefa_guided_raw,SEFA,1,13,6,214,d6,0.006819869591908215,0.005711561149676189,0.012531430741584405
sefa_guided_raw,SEFA,1,13,7,215,d7,0.006819869591908215,0.002179547188771405,0.008999416780679621
sefa_guided_raw,SEFA,1,13,8,216,d8,0.006819869591908215,0.00048817299112533386,0.007308042583033549
sefa_guided_raw,SEFA,1,13,9,217,d9,0.006819869591908215,0.0005465275026955996,0.007366397094603815
sefa_guided_raw,SEFA,1,13,10,218,da,0.006819869591908215,0.00028384977900289265,0.007103719370911108
sefa_guided_raw,SEFA,1,13,11,219,db,0.006819869591908215,0.00039792131009505,0.0072177909020032655
sefa_guided_raw,SEFA,1,13,12,220,dc,0.006819869591908215,0.00039643772081784,0.007216307312726055
sefa_guided_raw,SEFA,1,13,13,221,dd,0.006819869591908215,0.0019277491197782393,0.008747618711686455
sefa_guided_raw,SEFA,1,13,14,222,de,0.006819869591908215,0.0015524834542705855,0.008372353046178801
sefa_guided_raw,SEFA,1,13,15,223,df,0.006819869591908215,0.0006784845267407901,0.007498354118649005
sefa_guided_raw,SEFA,1,14,0,224,e0,0.0028784755761605604,0.0007852205330734088,0.0036636961092339692
sefa_guided_raw,SEFA,1,14,1,225,e1,0.0028784755761605604,0.0007330476434915187,0.003611523219652079
sefa_guided_raw,SEFA,1,14,2,226,e2,0.0028784755761605604,0.0009795707283879367,0.003858046304548497
sefa_guided_raw,SEFA,1,14,3,227,e3,0.0028784755761605604,0.0008529711100660048,0.0037314466862265654
sefa_guided_raw,SEFA,1,14,4,228,e4,0.0028784755761605604,0.002011242227434565,0.004889717803595125
sefa_guided_raw,SEFA,1,14,5,229,e5,0.0028784755761605604,0.003039452018167705,0.005917927594328265
sefa_guided_raw,SEFA,1,14,6,230,e6,0.0028784755761605604,0.005711561149676189,0.00859003672583675
sefa_guided_raw,SEFA,1,14,7,231,e7,0.0028784755761605604,0.002179547188771405,0.0050580227649319656
sefa_guided_raw,SEFA,1,14,8,232,e8,0.0028784755761605604,0.00048817299112533386,0.0033666485672858943
sefa_guided_raw,SEFA,1,14,9,233,e9,0.0028784755761605604,0.0005465275026955996,0.0034250030788561597
sefa_guided_raw,SEFA,1,14,10,234,ea,0.0028784755761605604,0.00028384977900289265,0.003162325355163453
sefa_guided_raw,SEFA,1,14,11,235,eb,0.0028784755761605604,0.00039792131009505,0.0032763968862556106
sefa_guided_raw,SEFA,1,14,12,236,ec,0.0028784755761605604,0.00039643772081784,0.0032749132969784
sefa_guided_raw,SEFA,1,14,13,237,ed,0.0028784755761605604,0.0019277491197782393,0.004806224695938799
sefa_guided_raw,SEFA,1,14,14,238,ee,0.0028784755761605604,0.0015524834542705855,0.004430959030431145
sefa_guided_raw,SEFA,1,14,15,239,ef,0.0028784755761605604,0.0006784845267407901,0.0035569601029013503
sefa_guided_raw,SEFA,1,15,0,240,f0,0.0016499012062927696,0.0007852205330734088,0.0024351217393661783
sefa_guided_raw,SEFA,1,15,1,241,f1,0.0016499012062927696,0.0007330476434915187,0.0023829488497842883
sefa_guided_raw,SEFA,1,15,2,242,f2,0.0016499012062927696,0.0009795707283879367,0.0026294719346807065
sefa_guided_raw,SEFA,1,15,3,243,f3,0.0016499012062927696,0.0008529711100660048,0.0025028723163587744
sefa_guided_raw,SEFA,1,15,4,244,f4,0.0016499012062927696,0.002011242227434565,0.003661143433727335
sefa_guided_raw,SEFA,1,15,5,245,f5,0.0016499012062927696,0.003039452018167705,0.004689353224460475
sefa_guided_raw,SEFA,1,15,6,246,f6,0.0016499012062927696,0.005711561149676189,0.007361462355968959
sefa_guided_raw,SEFA,1,15,7,247,f7,0.0016499012062927696,0.002179547188771405,0.003829448395064175
sefa_guided_raw,SEFA,1,15,8,248,f8,0.0016499012062927696,0.00048817299112533386,0.0021380741974181034
sefa_guided_raw,SEFA,1,15,9,249,f9,0.0016499012062927696,0.0005465275026955996,0.002196428708988369
sefa_guided_raw,SEFA,1,15,10,250,fa,0.0016499012062927696,0.00028384977900289265,0.0019337509852956623
sefa_guided_raw,SEFA,1,15,11,251,fb,0.0016499012062927696,0.00039792131009505,0.0020478225163878196
sefa_guided_raw,SEFA,1,15,12,252,fc,0.0016499012062927696,0.00039643772081784,0.0020463389271106096
sefa_guided_raw,SEFA,1,15,13,253,fd,0.0016499012062927696,0.0019277491197782393,0.0035776503260710087
sefa_guided_raw,SEFA,1,15,14,254,fe,0.0016499012062927696,0.0015524834542705855,0.003202384660563355
sefa_guided_raw,SEFA,1,15,15,255,ff,0.0016499012062927696,0.0006784845267407901,0.0023283857330335597
sefa_guided_threshold,SEFA,0,0,0,0,00,0.0008361835537343508,0.0021988449618424895,0.0030350285155768403
sefa_guided_threshold,SEFA,0,0,1,1,01,0.0008361835537343508,0.0005394151413930642,0.0013755986951274148
sefa_guided_threshold,SEFA,0,0,2,2,02,0.0008361835537343508,0.0007516152319317692,0.00158779878566612
sefa_guided_threshold,SEFA,0,0,3,3,03,0.0008361835537343508,0.0017367761256398653,0.0025729596793742163
sefa_guided_threshold,SEFA,0,0,4,4,04,0.0008361835537343508,0.0008523161032998413,0.0016884996570341922
sefa_guided_threshold,SEFA,0,0,5,5,05,0.0008361835537343508,0.00024392546896638567,0.0010801090227007364
sefa_guided_threshold,SEFA,0,0,6,6,06,0.0008361835537343508,0.00042791592222243076,0.0012640994759567817
sefa_guided_threshold,SEFA,0,0,7,7,07,0.0008361835537343508,0.00019562588228361102,0.0010318094360179618
sefa_guided_threshold,SEFA,0,0,8,8,08,0.0008361835537343508,0.002686109942917757,0.0035222934966521076
sefa_guided_threshold,SEFA,0,0,9,9,09,0.0008361835537343508,0.0012283329895719768,0.0020645165433063276
sefa_guided_threshold,SEFA,0,0,10,10,0a,0.0008361835537343508,0.0015897009544065298,0.0024258845081408806
sefa_guided_threshold,SEFA,0,0,11,11,0b,0.0008361835537343508,0.005543821536961488,0.006380005090695839
sefa_guided_threshold,SEFA,0,0,12,12,0c,0.0008361835537343508,0.0005574123877306661,0.001393595941465017
sefa_guided_threshold,SEFA,0,0,13,13,0d,0.0008361835537343508,0.0010440077038259296,0.0018801912575602804
sefa_guided_threshold,SEFA,0,0,14,14,0e,0.0008361835537343508,0.0006280620431210675,0.0014642455968554183
sefa_guided_threshold,SEFA,0,0,15,15,0f,0.0008361835537343508,0.0007881956814644771,0.0016243792351988279
sefa_guided_threshold,SEFA,0,1,0,16,10,0.0007949292841266716,0.0021988449618424895,0.002993774245969161
sefa_guided_threshold,SEFA,0,1,1,17,11,0.0007949292841266716,0.0005394151413930642,0.0013343444255197357
sefa_guided_threshold,SEFA,0,1,2,18,12,0.0007949292841266716,0.0007516152319317692,0.0015465445160584407
sefa_guided_threshold,SEFA,0,1,3,19,13,0.0007949292841266716,0.0017367761256398653,0.002531705409766537
sefa_guided_threshold,SEFA,0,1,4,20,14,0.0007949292841266716,0.0008523161032998413,0.001647245387426513
sefa_guided_threshold,SEFA,0,1,5,21,15,0.0007949292841266716,0.00024392546896638567,0.0010388547530930572
sefa_guided_threshold,SEFA,0,1,6,22,16,0.0007949292841266716,0.00042791592222243076,0.0012228452063491025
sefa_guided_threshold,SEFA,0,1,7,23,17,0.0007949292841266716,0.00019562588228361102,0.0009905551664102826
sefa_guided_threshold,SEFA,0,1,8,24,18,0.0007949292841266716,0.002686109942917757,0.0034810392270444284
sefa_guided_threshold,SEFA,0,1,9,25,19,0.0007949292841266716,0.0012283329895719768,0.0020232622736986484
sefa_guided_threshold,SEFA,0,1,10,26,1a,0.0007949292841266716,0.0015897009544065298,0.0023846302385332014
sefa_guided_threshold,SEFA,0,1,11,27,1b,0.0007949292841266716,0.005543821536961488,0.00633875082108816
sefa_guided_threshold,SEFA,0,1,12,28,1c,0.0007949292841266716,0.0005574123877306661,0.0013523416718573377
sefa_guided_threshold,SEFA,0,1,13,29,1d,0.0007949292841266716,0.0010440077038259296,0.0018389369879526012
sefa_guided_threshold,SEFA,0,1,14,30,1e,0.0007949292841266716,0.0006280620431210675,0.001422991327247739
sefa_guided_threshold,SEFA,0,1,15,31,1f,0.0007949292841266716,0.0007881956814644771,0.0015831249655911487
sefa_guided_threshold,SEFA,0,2,0,32,20,0.0008045782541065104,0.0021988449618424895,0.003003423215949
sefa_guided_threshold,SEFA,0,2,1,33,21,0.0008045782541065104,0.0005394151413930642,0.0013439933954995744
sefa_guided_threshold,SEFA,0,2,2,34,22,0.0008045782541065104,0.0007516152319317692,0.0015561934860382795
sefa_guided_threshold,SEFA,0,2,3,35,23,0.0008045782541065104,0.0017367761256398653,0.002541354379746376
sefa_guided_threshold,SEFA,0,2,4,36,24,0.0008045782541065104,0.0008523161032998413,0.0016568943574063518
sefa_guided_threshold,SEFA,0,2,5,37,25,0.0008045782541065104,0.00024392546896638567,0.001048503723072896
sefa_guided_threshold,SEFA,0,2,6,38,26,0.0008045782541065104,0.00042791592222243076,0.0012324941763289412
sefa_guided_threshold,SEFA,0,2,7,39,27,0.0008045782541065104,0.00019562588228361102,0.0010002041363901214
sefa_guided_threshold,SEFA,0,2,8,40,28,0.0008045782541065104,0.002686109942917757,0.003490688197024267
sefa_guided_threshold,SEFA,0,2,9,41,29,0.0008045782541065104,0.0012283329895719768,0.002032911243678487
sefa_guided_threshold,SEFA,0,2,10,42,2a,0.0008045782541065104,0.0015897009544065298,0.00239427920851304
sefa_guided_threshold,SEFA,0,2,11,43,2b,0.0008045782541065104,0.005543821536961488,0.006348399791067999
sefa_guided_threshold,SEFA,0,2,12,44,2c,0.0008045782541065104,0.0005574123877306661,0.0013619906418371765
sefa_guided_threshold,SEFA,0,2,13,45,2d,0.0008045782541065104,0.0010440077038259296,0.00184858595793244
sefa_guided_threshold,SEFA,0,2,14,46,2e,0.0008045782541065104,0.0006280620431210675,0.0014326402972275778
sefa_guided_threshold,SEFA,0,2,15,47,2f,0.0008045782541065104,0.0007881956814644771,0.0015927739355709875
sefa_guided_threshold,SEFA,0,3,0,48,30,0.000678255514472495,0.0021988449618424895,0.0028771004763149845
sefa_guided_threshold,SEFA,0,3,1,49,31,0.000678255514472495,0.0005394151413930642,0.001217670655865559
sefa_guided_threshold,SEFA,0,3,2,50,32,0.000678255514472495,0.0007516152319317692,0.001429870746404264
sefa_guided_threshold,SEFA,0,3,3,51,33,0.000678255514472495,0.0017367761256398653,0.0024150316401123605
sefa_guided_threshold,SEFA,0,3,4,52,34,0.000678255514472495,0.0008523161032998413,0.0015305716177723364
sefa_guided_threshold,SEFA,0,3,5,53,35,0.000678255514472495,0.00024392546896638567,0.0009221809834388807
sefa_guided_threshold,SEFA,0,3,6,54,36,0.000678255514472495,0.00042791592222243076,0.0011061714366949259
sefa_guided_threshold,SEFA,0,3,7,55,37,0.000678255514472495,0.00019562588228361102,0.000873881396756106
sefa_guided_threshold,SEFA,0,3,8,56,38,0.000678255514472495,0.002686109942917757,0.0033643654573902518
sefa_guided_threshold,SEFA,0,3,9,57,39,0.000678255514472495,0.0012283329895719768,0.0019065885040444718
sefa_guided_threshold,SEFA,0,3,10,58,3a,0.000678255514472495,0.0015897009544065298,0.002267956468879025
sefa_guided_threshold,SEFA,0,3,11,59,3b,0.000678255514472495,0.005543821536961488,0.006222077051433983
sefa_guided_threshold,SEFA,0,3,12,60,3c,0.000678255514472495,0.0005574123877306661,0.0012356679022031611
sefa_guided_threshold,SEFA,0,3,13,61,3d,0.000678255514472495,0.0010440077038259296,0.0017222632182984246
sefa_guided_threshold,SEFA,0,3,14,62,3e,0.000678255514472495,0.0006280620431210675,0.0013063175575935624
sefa_guided_threshold,SEFA,0,3,15,63,3f,0.000678255514472495,0.0007881956814644771,0.001466451195936972
sefa_guided_threshold,SEFA,0,4,0,64,40,0.006367701741870461,0.0021988449618424895,0.00856654670371295
sefa_guided_threshold,SEFA,0,4,1,65,41,0.006367701741870461,0.0005394151413930642,0.006907116883263525
sefa_guided_threshold,SEFA,0,4,2,66,42,0.006367701741870461,0.0007516152319317692,0.00711931697380223
sefa_guided_threshold,SEFA,0,4,3,67,43,0.006367701741870461,0.0017367761256398653,0.008104477867510326
sefa_guided_threshold,SEFA,0,4,4,68,44,0.006367701741870461,0.0008523161032998413,0.007220017845170302
sefa_guided_threshold,SEFA,0,4,5,69,45,0.006367701741870461,0.00024392546896638567,0.006611627210836846
sefa_guided_threshold,SEFA,0,4,6,70,46,0.006367701741870461,0.00042791592222243076,0.006795617664092891
sefa_guided_threshold,SEFA,0,4,7,71,47,0.006367701741870461,0.00019562588228361102,0.006563327624154072
sefa_guided_threshold,SEFA,0,4,8,72,48,0.006367701741870461,0.002686109942917757,0.009053811684788218
sefa_guided_threshold,SEFA,0,4,9,73,49,0.006367701741870461,0.0012283329895719768,0.007596034731442438
sefa_guided_threshold,SEFA,0,4,10,74,4a,0.006367701741870461,0.0015897009544065298,0.00795740269627699
sefa_guided_threshold,SEFA,0,4,11,75,4b,0.006367701741870461,0.005543821536961488,0.011911523278831949
sefa_guided_threshold,SEFA,0,4,12,76,4c,0.006367701741870461,0.0005574123877306661,0.006925114129601127
sefa_guided_threshold,SEFA,0,4,13,77,4d,0.006367701741870461,0.0010440077038259296,0.00741170944569639
sefa_guided_threshold,SEFA,0,4,14,78,4e,0.006367701741870461,0.0006280620431210675,0.006995763784991529
sefa_guided_threshold,SEFA,0,4,15,79,4f,0.006367701741870461,0.0007881956814644771,0.007155897423334938
sefa_guided_threshold,SEFA,0,5,0,80,50,0.0021018724220081384,0.0021988449618424895,0.004300717383850627
sefa_guided_threshold,SEFA,0,5,1,81,51,0.0021018724220081384,0.0005394151413930642,0.0026412875634012024
sefa_guided_threshold,SEFA,0,5,2,82,52,0.0021018724220081384,0.0007516152319317692,0.0028534876539399075
sefa_guided_threshold,SEFA,0,5,3,83,53,0.0021018724220081384,0.0017367761256398653,0.0038386485476480034
sefa_guided_threshold,SEFA,0,5,4,84,54,0.0021018724220081384,0.0008523161032998413,0.00295418852530798
sefa_guided_threshold,SEFA,0,5,5,85,55,0.0021018724220081384,0.00024392546896638567,0.002345797890974524
sefa_guided_threshold,SEFA,0,5,6,86,56,0.0021018724220081384,0.00042791592222243076,0.0025297883442305692
sefa_guided_threshold,SEFA,0,5,7,87,57,0.0021018724220081384,0.00019562588228361102,0.002297498304291749
sefa_guided_threshold,SEFA,0,5,8,88,58,0.0021018724220081384,0.002686109942917757,0.004787982364925895
sefa_guided_threshold,SEFA,0,5,9,89,59,0.0021018724220081384,0.0012283329895719768,0.003330205411580115
sefa_guided_threshold,SEFA,0,5,10,90,5a,0.0021018724220081384,0.0015897009544065298,0.003691573376414668
sefa_guided_threshold,SEFA,0,5,11,91,5b,0.0021018724220081384,0.005543821536961488,0.007645693958969626
sefa_guided_threshold,SEFA,0,5,12,92,5c,0.0021018724220081384,0.0005574123877306661,0.0026592848097388043
sefa_guided_threshold,SEFA,0,5,13,93,5d,0.0021018724220081384,0.0010440077038259296,0.003145880125834068
sefa_guided_threshold,SEFA,0,5,14,94,5e,0.0021018724220081384,0.0006280620431210675,0.002729934465129206
sefa_guided_threshold,SEFA,0,5,15,95,5f,0.0021018724220081384,0.0007881956814644771,0.0028900681034726154
sefa_guided_threshold,SEFA,0,6,0,96,60,0.0018855582684805222,0.0021988449618424895,0.004084403230323012
sefa_guided_threshold,SEFA,0,6,1,97,61,0.0018855582684805222,0.0005394151413930642,0.0024249734098735864
sefa_guided_threshold,SEFA,0,6,2,98,62,0.0018855582684805222,0.0007516152319317692,0.0026371735004122915
sefa_guided_threshold,SEFA,0,6,3,99,63,0.0018855582684805222,0.0017367761256398653,0.0036223343941203874
sefa_guided_threshold,SEFA,0,6,4,100,64,0.0018855582684805222,0.0008523161032998413,0.0027378743717803634
sefa_guided_threshold,SEFA,0,6,5,101,65,0.0018855582684805222,0.00024392546896638567,0.002129483737446908
sefa_guided_threshold,SEFA,0,6,6,102,66,0.0018855582684805222,0.00042791592222243076,0.002313474190702953
sefa_guided_threshold,SEFA,0,6,7,103,67,0.0018855582684805222,0.00019562588228361102,0.002081184150764133
sefa_guided_threshold,SEFA,0,6,8,104,68,0.0018855582684805222,0.002686109942917757,0.004571668211398279
sefa_guided_threshold,SEFA,0,6,9,105,69,0.0018855582684805222,0.0012283329895719768,0.003113891258052499
sefa_guided_threshold,SEFA,0,6,10,106,6a,0.0018855582684805222,0.0015897009544065298,0.003475259222887052
sefa_guided_threshold,SEFA,0,6,11,107,6b,0.0018855582684805222,0.005543821536961488,0.007429379805442011
sefa_guided_threshold,SEFA,0,6,12,108,6c,0.0018855582684805222,0.0005574123877306661,0.0024429706562111883
sefa_guided_threshold,SEFA,0,6,13,109,6d,0.0018855582684805222,0.0010440077038259296,0.002929565972306452
sefa_guided_threshold,SEFA,0,6,14,110,6e,0.0018855582684805222,0.0006280620431210675,0.0025136203116015894
sefa_guided_threshold,SEFA,0,6,15,111,6f,0.0018855582684805222,0.0007881956814644771,0.0026737539499449995
sefa_guided_threshold,SEFA,0,7,0,112,70,0.0029488156849323804,0.0021988449618424895,0.00514766064677487
sefa_guided_threshold,SEFA,0,7,1,113,71,0.0029488156849323804,0.0005394151413930642,0.0034882308263254444
sefa_guided_threshold,SEFA,0,7,2,114,72,0.0029488156849323804,0.0007516152319317692,0.0037004309168641495
sefa_guided_threshold,SEFA,0,7,3,115,73,0.0029488156849323804,0.0017367761256398653,0.004685591810572246
sefa_guided_threshold,SEFA,0,7,4,116,74,0.0029488156849323804,0.0008523161032998413,0.003801131788232222
sefa_guided_threshold,SEFA,0,7,5,117,75,0.0029488156849323804,0.00024392546896638567,0.003192741153898766
sefa_guided_threshold,SEFA,0,7,6,118,76,0.0029488156849323804,0.00042791592222243076,0.0033767316071548112
sefa_guided_threshold,SEFA,0,7,7,119,77,0.0029488156849323804,0.00019562588228361102,0.0031444415672159916
sefa_guided_threshold,SEFA,0,7,8,120,78,0.0029488156849323804,0.002686109942917757,0.005634925627850137
sefa_guided_threshold,SEFA,0,7,9,121,79,0.0029488156849323804,0.0012283329895719768,0.004177148674504357
sefa_guided_threshold,SEFA,0,7,10,122,7a,0.0029488156849323804,0.0015897009544065298,0.00453851663933891
sefa_guided_threshold,SEFA,0,7,11,123,7b,0.0029488156849323804,0.005543821536961488,0.008492637221893869
sefa_guided_threshold,SEFA,0,7,12,124,7c,0.0029488156849323804,0.0005574123877306661,0.0035062280726630467
sefa_guided_threshold,SEFA,0,7,13,125,7d,0.0029488156849323804,0.0010440077038259296,0.00399282338875831
sefa_guided_threshold,SEFA,0,7,14,126,7e,0.0029488156849323804,0.0006280620431210675,0.003576877728053448
sefa_guided_threshold,SEFA,0,7,15,127,7f,0.0029488156849323804,0.0007881956814644771,0.0037370113663968575
sefa_guided_threshold,SEFA,0,8,0,128,80,0.0002417873112007951,0.0021988449618424895,0.0024406322730432845
sefa_guided_threshold,SEFA,0,8,1,129,81,0.0002417873112007951,0.0005394151413930642,0.0007812024525938592
sefa_guided_threshold,SEFA,0,8,2,130,82,0.0002417873112007951,0.0007516152319317692,0.0009934025431325643
sefa_guided_threshold,SEFA,0,8,3,131,83,0.0002417873112007951,0.0017367761256398653,0.0019785634368406605
sefa_guided_threshold,SEFA,0,8,4,132,84,0.0002417873112007951,0.0008523161032998413,0.0010941034145006364
sefa_guided_threshold,SEFA,0,8,5,133,85,0.0002417873112007951,0.00024392546896638567,0.00048571278016718076
sefa_guided_threshold,SEFA,0,8,6,134,86,0.0002417873112007951,0.00042791592222243076,0.0006697032334232259
sefa_guided_threshold,SEFA,0,8,7,135,87,0.0002417873112007951,0.00019562588228361102,0.0004374131934844061
sefa_guided_threshold,SEFA,0,8,8,136,88,0.0002417873112007951,0.002686109942917757,0.0029278972541185518
sefa_guided_threshold,SEFA,0,8,9,137,89,0.0002417873112007951,0.0012283329895719768,0.0014701203007727718
sefa_guided_threshold,SEFA,0,8,10,138,8a,0.0002417873112007951,0.0015897009544065298,0.0018314882656073248
sefa_guided_threshold,SEFA,0,8,11,139,8b,0.0002417873112007951,0.005543821536961488,0.005785608848162284
sefa_guided_threshold,SEFA,0,8,12,140,8c,0.0002417873112007951,0.0005574123877306661,0.0007991996989314612
sefa_guided_threshold,SEFA,0,8,13,141,8d,0.0002417873112007951,0.0010440077038259296,0.0012857950150267248
sefa_guided_threshold,SEFA,0,8,14,142,8e,0.0002417873112007951,0.0006280620431210675,0.0008698493543218626
sefa_guided_threshold,SEFA,0,8,15,143,8f,0.0002417873112007951,0.0007881956814644771,0.001029982992665272
sefa_guided_threshold,SEFA,0,9,0,144,90,0.0006358197383366721,0.0021988449618424895,0.002834664700179162
sefa_guided_threshold,SEFA,0,9,1,145,91,0.0006358197383366721,0.0005394151413930642,0.0011752348797297364
sefa_guided_threshold,SEFA,0,9,2,146,92,0.0006358197383366721,0.0007516152319317692,0.0013874349702684414
sefa_guided_threshold,SEFA,0,9,3,147,93,0.0006358197383366721,0.0017367761256398653,0.0023725958639765374
sefa_guided_threshold,SEFA,0,9,4,148,94,0.0006358197383366721,0.0008523161032998413,0.0014881358416365133
sefa_guided_threshold,SEFA,0,9,5,149,95,0.0006358197383366721,0.00024392546896638567,0.0008797452073030578
sefa_guided_threshold,SEFA,0,9,6,150,96,0.0006358197383366721,0.00042791592222243076,0.0010637356605591028
sefa_guided_threshold,SEFA,0,9,7,151,97,0.0006358197383366721,0.00019562588228361102,0.0008314456206202831
sefa_guided_threshold,SEFA,0,9,8,152,98,0.0006358197383366721,0.002686109942917757,0.003321929681254429
sefa_guided_threshold,SEFA,0,9,9,153,99,0.0006358197383366721,0.0012283329895719768,0.001864152727908649
sefa_guided_threshold,SEFA,0,9,10,154,9a,0.0006358197383366721,0.0015897009544065298,0.002225520692743202
sefa_guided_threshold,SEFA,0,9,11,155,9b,0.0006358197383366721,0.005543821536961488,0.006179641275298161
sefa_guided_threshold,SEFA,0,9,12,156,9c,0.0006358197383366721,0.0005574123877306661,0.0011932321260673382
sefa_guided_threshold,SEFA,0,9,13,157,9d,0.0006358197383366721,0.0010440077038259296,0.0016798274421626017
sefa_guided_threshold,SEFA,0,9,14,158,9e,0.0006358197383366721,0.0006280620431210675,0.0012638817814577396
sefa_guided_threshold,SEFA,0,9,15,159,9f,0.0006358197383366721,0.0007881956814644771,0.0014240154198011492
sefa_guided_threshold,SEFA,0,10,0,160,a0,0.0002853061349874161,0.0021988449618424895,0.0024841510968299056
sefa_guided_threshold,SEFA,0,10,1,161,a1,0.0002853061349874161,0.0005394151413930642,0.0008247212763804802
sefa_guided_threshold,SEFA,0,10,2,162,a2,0.0002853061349874161,0.0007516152319317692,0.0010369213669191852
sefa_guided_threshold,SEFA,0,10,3,163,a3,0.0002853061349874161,0.0017367761256398653,0.002022082260627281
sefa_guided_threshold,SEFA,0,10,4,164,a4,0.0002853061349874161,0.0008523161032998413,0.0011376222382872574
sefa_guided_threshold,SEFA,0,10,5,165,a5,0.0002853061349874161,0.00024392546896638567,0.0005292316039538017
sefa_guided_threshold,SEFA,0,10,6,166,a6,0.0002853061349874161,0.00042791592222243076,0.0007132220572098468
sefa_guided_threshold,SEFA,0,10,7,167,a7,0.0002853061349874161,0.00019562588228361102,0.0004809320172710271
sefa_guided_threshold,SEFA,0,10,8,168,a8,0.0002853061349874161,0.002686109942917757,0.002971416077905173
sefa_guided_threshold,SEFA,0,10,9,169,a9,0.0002853061349874161,0.0012283329895719768,0.001513639124559393
sefa_guided_threshold,SEFA,0,10,10,170,aa,0.0002853061349874161,0.0015897009544065298,0.001875007089393946
sefa_guided_threshold,SEFA,0,10,11,171,ab,0.0002853061349874161,0.005543821536961488,0.005829127671948904
sefa_guided_threshold,SEFA,0,10,12,172,ac,0.0002853061349874161,0.0005574123877306661,0.0008427185227180823
sefa_guided_threshold,SEFA,0,10,13,173,ad,0.0002853061349874161,0.0010440077038259296,0.0013293138388133458
sefa_guided_threshold,SEFA,0,10,14,174,ae,0.0002853061349874161,0.0006280620431210675,0.0009133681781084836
sefa_guided_threshold,SEFA,0,10,15,175,af,0.0002853061349874161,0.0007881956814644771,0.0010735018164518932
sefa_guided_threshold,SEFA,0,11,0,176,b0,0.00032872649989669196,0.0021988449618424895,0.0025275714617391813
sefa_guided_threshold,SEFA,0,11,1,177,b1,0.00032872649989669196,0.0005394151413930642,0.0008681416412897561
sefa_guided_threshold,SEFA,0,11,2,178,b2,0.00032872649989669196,0.0007516152319317692,0.0010803417318284612
sefa_guided_threshold,SEFA,0,11,3,179,b3,0.00032872649989669196,0.0017367761256398653,0.0020655026255365573
sefa_guided_threshold,SEFA,0,11,4,180,b4,0.00032872649989669196,0.0008523161032998413,0.0011810426031965333
sefa_guided_threshold,SEFA,0,11,5,181,b5,0.00032872649989669196,0.00024392546896638567,0.0005726519688630776
sefa_guided_threshold,SEFA,0,11,6,182,b6,0.00032872649989669196,0.00042791592222243076,0.0007566424221191227
sefa_guided_threshold,SEFA,0,11,7,183,b7,0.00032872649989669196,0.00019562588228361102,0.000524352382180303
sefa_guided_threshold,SEFA,0,11,8,184,b8,0.00032872649989669196,0.002686109942917757,0.0030148364428144486
sefa_guided_threshold,SEFA,0,11,9,185,b9,0.00032872649989669196,0.0012283329895719768,0.0015570594894686687
sefa_guided_threshold,SEFA,0,11,10,186,ba,0.00032872649989669196,0.0015897009544065298,0.0019184274543032217
sefa_guided_threshold,SEFA,0,11,11,187,bb,0.00032872649989669196,0.005543821536961488,0.005872548036858181
sefa_guided_threshold,SEFA,0,11,12,188,bc,0.00032872649989669196,0.0005574123877306661,0.0008861388876273581
sefa_guided_threshold,SEFA,0,11,13,189,bd,0.00032872649989669196,0.0010440077038259296,0.0013727342037226217
sefa_guided_threshold,SEFA,0,11,14,190,be,0.00032872649989669196,0.0006280620431210675,0.0009567885430177594
sefa_guided_threshold,SEFA,0,11,15,191,bf,0.00032872649989669196,0.0007881956814644771,0.001116922181361169
sefa_guided_threshold,SEFA,0,12,0,192,c0,0.0014440686624642121,0.0021988449618424895,0.0036429136243067016
sefa_guided_threshold,SEFA,0,12,1,193,c1,0.0014440686624642121,0.0005394151413930642,0.001983483803857276
sefa_guided_threshold,SEFA,0,12,2,194,c2,0.0014440686624642121,0.0007516152319317692,0.0021956838943959812
sefa_guided_threshold,SEFA,0,12,3,195,c3,0.0014440686624642121,0.0017367761256398653,0.003180844788104077
sefa_guided_threshold,SEFA,0,12,4,196,c4,0.0014440686624642121,0.0008523161032998413,0.0022963847657640536
sefa_guided_threshold,SEFA,0,12,5,197,c5,0.0014440686624642121,0.00024392546896638567,0.0016879941314305977
sefa_guided_threshold,SEFA,0,12,6,198,c6,0.0014440686624642121,0.00042791592222243076,0.001871984584686643
sefa_guided_threshold,SEFA,0,12,7,199,c7,0.0014440686624642121,0.00019562588228361102,0.0016396945447478232
sefa_guided_threshold,SEFA,0,12,8,200,c8,0.0014440686624642121,0.002686109942917757,0.0041301786053819685
sefa_guided_threshold,SEFA,0,12,9,201,c9,0.0014440686624642121,0.0012283329895719768,0.002672401652036189
sefa_guided_threshold,SEFA,0,12,10,202,ca,0.0014440686624642121,0.0015897009544065298,0.003033769616870742
sefa_guided_threshold,SEFA,0,12,11,203,cb,0.0014440686624642121,0.005543821536961488,0.0069878901994257
sefa_guided_threshold,SEFA,0,12,12,204,cc,0.0014440686624642121,0.0005574123877306661,0.002001481050194878
sefa_guided_threshold,SEFA,0,12,13,205,cd,0.0014440686624642121,0.0010440077038259296,0.002488076366290142
sefa_guided_threshold,SEFA,0,12,14,206,ce,0.0014440686624642121,0.0006280620431210675,0.0020721307055852796
sefa_guided_threshold,SEFA,0,12,15,207,cf,0.0014440686624642121,0.0007881956814644771,0.002232264343928689
sefa_guided_threshold,SEFA,0,13,0,208,d0,0.0005248565835685229,0.0021988449618424895,0.0027237015454110126
sefa_guided_threshold,SEFA,0,13,1,209,d1,0.0005248565835685229,0.0005394151413930642,0.0010642717249615872
sefa_guided_threshold,SEFA,0,13,2,210,d2,0.0005248565835685229,0.0007516152319317692,0.0012764718155002922
sefa_guided_threshold,SEFA,0,13,3,211,d3,0.0005248565835685229,0.0017367761256398653,0.002261632709208388
sefa_guided_threshold,SEFA,0,13,4,212,d4,0.0005248565835685229,0.0008523161032998413,0.0013771726868683641
sefa_guided_threshold,SEFA,0,13,5,213,d5,0.0005248565835685229,0.00024392546896638567,0.0007687820525349086
sefa_guided_threshold,SEFA,0,13,6,214,d6,0.0005248565835685229,0.00042791592222243076,0.0009527725057909537
sefa_guided_threshold,SEFA,0,13,7,215,d7,0.0005248565835685229,0.00019562588228361102,0.0007204824658521339
sefa_guided_threshold,SEFA,0,13,8,216,d8,0.0005248565835685229,0.002686109942917757,0.00321096652648628
sefa_guided_threshold,SEFA,0,13,9,217,d9,0.0005248565835685229,0.0012283329895719768,0.0017531895731404997
sefa_guided_threshold,SEFA,0,13,10,218,da,0.0005248565835685229,0.0015897009544065298,0.002114557537975053
sefa_guided_threshold,SEFA,0,13,11,219,db,0.0005248565835685229,0.005543821536961488,0.006068678120530011
sefa_guided_threshold,SEFA,0,13,12,220,dc,0.0005248565835685229,0.0005574123877306661,0.001082268971299189
sefa_guided_threshold,SEFA,0,13,13,221,dd,0.0005248565835685229,0.0010440077038259296,0.0015688642873944525
sefa_guided_threshold,SEFA,0,13,14,222,de,0.0005248565835685229,0.0006280620431210675,0.0011529186266895904
sefa_guided_threshold,SEFA,0,13,15,223,df,0.0005248565835685229,0.0007881956814644771,0.001313052265033
sefa_guided_threshold,SEFA,0,14,0,224,e0,0.00031897907103950766,0.0021988449618424895,0.002517824032881997
sefa_guided_threshold,SEFA,0,14,1,225,e1,0.00031897907103950766,0.0005394151413930642,0.0008583942124325718
sefa_guided_threshold,SEFA,0,14,2,226,e2,0.00031897907103950766,0.0007516152319317692,0.0010705943029712768
sefa_guided_threshold,SEFA,0,14,3,227,e3,0.00031897907103950766,0.0017367761256398653,0.0020557551966793727
sefa_guided_threshold,SEFA,0,14,4,228,e4,0.00031897907103950766,0.0008523161032998413,0.001171295174339349
sefa_guided_threshold,SEFA,0,14,5,229,e5,0.00031897907103950766,0.00024392546896638567,0.0005629045400058933
sefa_guided_threshold,SEFA,0,14,6,230,e6,0.00031897907103950766,0.00042791592222243076,0.0007468949932619384
sefa_guided_threshold,SEFA,0,14,7,231,e7,0.00031897907103950766,0.00019562588228361102,0.0005146049533231187
sefa_guided_threshold,SEFA,0,14,8,232,e8,0.00031897907103950766,0.002686109942917757,0.0030050890139572644
sefa_guided_threshold,SEFA,0,14,9,233,e9,0.00031897907103950766,0.0012283329895719768,0.0015473120606114845
sefa_guided_threshold,SEFA,0,14,10,234,ea,0.00031897907103950766,0.0015897009544065298,0.0019086800254460375
sefa_guided_threshold,SEFA,0,14,11,235,eb,0.00031897907103950766,0.005543821536961488,0.005862800608000996
sefa_guided_threshold,SEFA,0,14,12,236,ec,0.00031897907103950766,0.0005574123877306661,0.0008763914587701738
sefa_guided_threshold,SEFA,0,14,13,237,ed,0.00031897907103950766,0.0010440077038259296,0.0013629867748654373
sefa_guided_threshold,SEFA,0,14,14,238,ee,0.00031897907103950766,0.0006280620431210675,0.0009470411141605751
sefa_guided_threshold,SEFA,0,14,15,239,ef,0.00031897907103950766,0.0007881956814644771,0.0011071747525039847
sefa_guided_threshold,SEFA,0,15,0,240,f0,0.0017413160131696623,0.0021988449618424895,0.003940160975012152
sefa_guided_threshold,SEFA,0,15,1,241,f1,0.0017413160131696623,0.0005394151413930642,0.0022807311545627266
sefa_guided_threshold,SEFA,0,15,2,242,f2,0.0017413160131696623,0.0007516152319317692,0.0024929312451014317
sefa_guided_threshold,SEFA,0,15,3,243,f3,0.0017413160131696623,0.0017367761256398653,0.0034780921388095276
sefa_guided_threshold,SEFA,0,15,4,244,f4,0.0017413160131696623,0.0008523161032998413,0.0025936321164695035
sefa_guided_threshold,SEFA,0,15,5,245,f5,0.0017413160131696623,0.00024392546896638567,0.001985241482136048
sefa_guided_threshold,SEFA,0,15,6,246,f6,0.0017413160131696623,0.00042791592222243076,0.002169231935392093
sefa_guided_threshold,SEFA,0,15,7,247,f7,0.0017413160131696623,0.00019562588228361102,0.0019369418954532733
sefa_guided_threshold,SEFA,0,15,8,248,f8,0.0017413160131696623,0.002686109942917757,0.004427425956087419
sefa_guided_threshold,SEFA,0,15,9,249,f9,0.0017413160131696623,0.0012283329895719768,0.002969649002741639
sefa_guided_threshold,SEFA,0,15,10,250,fa,0.0017413160131696623,0.0015897009544065298,0.003331016967576192
sefa_guided_threshold,SEFA,0,15,11,251,fb,0.0017413160131696623,0.005543821536961488,0.00728513755013115
sefa_guided_threshold,SEFA,0,15,12,252,fc,0.0017413160131696623,0.0005574123877306661,0.0022987284009003284
sefa_guided_threshold,SEFA,0,15,13,253,fd,0.0017413160131696623,0.0010440077038259296,0.002785323716995592
sefa_guided_threshold,SEFA,0,15,14,254,fe,0.0017413160131696623,0.0006280620431210675,0.00236937805629073
sefa_guided_threshold,SEFA,0,15,15,255,ff,0.0017413160131696623,0.0007881956814644771,0.002529511694634139
sefa_guided_threshold,SEFA,1,0,0,0,00,0.000734344487872657,0.0007896080805998608,0.0015239525684725178
sefa_guided_threshold,SEFA,1,0,1,1,01,0.000734344487872657,0.0007356824447937336,0.0014700269326663907
sefa_guided_threshold,SEFA,1,0,2,2,02,0.000734344487872657,0.0009807390038393156,0.0017150834917119726
sefa_guided_threshold,SEFA,1,0,3,3,03,0.000734344487872657,0.0008522739570718134,0.0015866184449444703
sefa_guided_threshold,SEFA,1,0,4,4,04,0.000734344487872657,0.002008954108583061,0.002743298596455718
sefa_guided_threshold,SEFA,1,0,5,5,05,0.000734344487872657,0.0030417866989615816,0.0037761311868342385
sefa_guided_threshold,SEFA,1,0,6,6,06,0.000734344487872657,0.005708714473446881,0.006443058961319538
sefa_guided_threshold,SEFA,1,0,7,7,07,0.000734344487872657,0.0021782344301579538,0.0029125789180306106
sefa_guided_threshold,SEFA,1,0,8,8,08,0.000734344487872657,0.0004940065448736118,0.0012283510327462687
sefa_guided_threshold,SEFA,1,0,9,9,09,0.000734344487872657,0.0005472725398747712,0.0012816170277474281
sefa_guided_threshold,SEFA,1,0,10,10,0a,0.000734344487872657,0.00028687933211368494,0.001021223819986342
sefa_guided_threshold,SEFA,1,0,11,11,0b,0.000734344487872657,0.00040107964647375613,0.0011354241343464132
sefa_guided_threshold,SEFA,1,0,12,12,0c,0.000734344487872657,0.0003949779690278029,0.00112932245690046
sefa_guided_threshold,SEFA,1,0,13,13,0d,0.000734344487872657,0.0019372181710427992,0.002671562658915456
sefa_guided_threshold,SEFA,1,0,14,14,0e,0.000734344487872657,0.0015589966244943182,0.002293341112366975
sefa_guided_threshold,SEFA,1,0,15,15,0f,0.000734344487872657,0.0006780463294596612,0.0014123908173323183
sefa_guided_threshold,SEFA,1,1,0,16,10,0.00011906169972168911,0.0007896080805998608,0.0009086697803215499
sefa_guided_threshold,SEFA,1,1,1,17,11,0.00011906169972168911,0.0007356824447937336,0.0008547441445154227
sefa_guided_threshold,SEFA,1,1,2,18,12,0.00011906169972168911,0.0009807390038393156,0.0010998007035610048
sefa_guided_threshold,SEFA,1,1,3,19,13,0.00011906169972168911,0.0008522739570718134,0.0009713356567935024
sefa_guided_threshold,SEFA,1,1,4,20,14,0.00011906169972168911,0.002008954108583061,0.00212801580830475
sefa_guided_threshold,SEFA,1,1,5,21,15,0.00011906169972168911,0.0030417866989615816,0.003160848398683271
sefa_guided_threshold,SEFA,1,1,6,22,16,0.00011906169972168911,0.005708714473446881,0.0058277761731685696
sefa_guided_threshold,SEFA,1,1,7,23,17,0.00011906169972168911,0.0021782344301579538,0.002297296129879643
sefa_guided_threshold,SEFA,1,1,8,24,18,0.00011906169972168911,0.0004940065448736118,0.0006130682445953009
sefa_guided_threshold,SEFA,1,1,9,25,19,0.00011906169972168911,0.0005472725398747712,0.0006663342395964603
sefa_guided_threshold,SEFA,1,1,10,26,1a,0.00011906169972168911,0.00028687933211368494,0.00040594103183537407
sefa_guided_threshold,SEFA,1,1,11,27,1b,0.00011906169972168911,0.00040107964647375613,0.0005201413461954453
sefa_guided_threshold,SEFA,1,1,12,28,1c,0.00011906169972168911,0.0003949779690278029,0.000514039668749492
sefa_guided_threshold,SEFA,1,1,13,29,1d,0.00011906169972168911,0.0019372181710427992,0.002056279870764488
sefa_guided_threshold,SEFA,1,1,14,30,1e,0.00011906169972168911,0.0015589966244943182,0.0016780583242160074
sefa_guided_threshold,SEFA,1,1,15,31,1f,0.00011906169972168911,0.0006780463294596612,0.0007971080291813503
sefa_guided_threshold,SEFA,1,2,0,32,20,0.0006679377532939033,0.0007896080805998608,0.0014575458338937641
sefa_guided_threshold,SEFA,1,2,1,33,21,0.0006679377532939033,0.0007356824447937336,0.001403620198087637
sefa_guided_threshold,SEFA,1,2,2,34,22,0.0006679377532939033,0.0009807390038393156,0.001648676757133219
sefa_guided_threshold,SEFA,1,2,3,35,23,0.0006679377532939033,0.0008522739570718134,0.0015202117103657168
sefa_guided_threshold,SEFA,1,2,4,36,24,0.0006679377532939033,0.002008954108583061,0.002676891861876964
sefa_guided_threshold,SEFA,1,2,5,37,25,0.0006679377532939033,0.0030417866989615816,0.003709724452255485
sefa_guided_threshold,SEFA,1,2,6,38,26,0.0006679377532939033,0.005708714473446881,0.006376652226740784
sefa_guided_threshold,SEFA,1,2,7,39,27,0.0006679377532939033,0.0021782344301579538,0.002846172183451857
sefa_guided_threshold,SEFA,1,2,8,40,28,0.0006679377532939033,0.0004940065448736118,0.0011619442981675152
sefa_guided_threshold,SEFA,1,2,9,41,29,0.0006679377532939033,0.0005472725398747712,0.0012152102931686747
sefa_guided_threshold,SEFA,1,2,10,42,2a,0.0006679377532939033,0.00028687933211368494,0.0009548170854075883
sefa_guided_threshold,SEFA,1,2,11,43,2b,0.0006679377532939033,0.00040107964647375613,0.0010690173997676595
sefa_guided_threshold,SEFA,1,2,12,44,2c,0.0006679377532939033,0.0003949779690278029,0.0010629157223217061
sefa_guided_threshold,SEFA,1,2,13,45,2d,0.0006679377532939033,0.0019372181710427992,0.0026051559243367023
sefa_guided_threshold,SEFA,1,2,14,46,2e,0.0006679377532939033,0.0015589966244943182,0.0022269343777882216
sefa_guided_threshold,SEFA,1,2,15,47,2f,0.0006679377532939033,0.0006780463294596612,0.0013459840827535646
sefa_guided_threshold,SEFA,1,3,0,48,30,0.00029538302946527557,0.0007896080805998608,0.0010849911100651363
sefa_guided_threshold,SEFA,1,3,1,49,31,0.00029538302946527557,0.0007356824447937336,0.001031065474259009
sefa_guided_threshold,SEFA,1,3,2,50,32,0.00029538302946527557,0.0009807390038393156,0.001276122033304591
sefa_guided_threshold,SEFA,1,3,3,51,33,0.00029538302946527557,0.0008522739570718134,0.001147656986537089
sefa_guided_threshold,SEFA,1,3,4,52,34,0.00029538302946527557,0.002008954108583061,0.0023043371380483363
sefa_guided_threshold,SEFA,1,3,5,53,35,0.00029538302946527557,0.0030417866989615816,0.003337169728426857
sefa_guided_threshold,SEFA,1,3,6,54,36,0.00029538302946527557,0.005708714473446881,0.006004097502912156
sefa_guided_threshold,SEFA,1,3,7,55,37,0.00029538302946527557,0.0021782344301579538,0.0024736174596232292
sefa_guided_threshold,SEFA,1,3,8,56,38,0.00029538302946527557,0.0004940065448736118,0.0007893895743388874
sefa_guided_threshold,SEFA,1,3,9,57,39,0.00029538302946527557,0.0005472725398747712,0.0008426555693400468
sefa_guided_threshold,SEFA,1,3,10,58,3a,0.00029538302946527557,0.00028687933211368494,0.0005822623615789605
sefa_guided_threshold,SEFA,1,3,11,59,3b,0.00029538302946527557,0.00040107964647375613,0.0006964626759390316
sefa_guided_threshold,SEFA,1,3,12,60,3c,0.00029538302946527557,0.0003949779690278029,0.0006903609984930785
sefa_guided_threshold,SEFA,1,3,13,61,3d,0.00029538302946527557,0.0019372181710427992,0.002232601200508075
sefa_guided_threshold,SEFA,1,3,14,62,3e,0.00029538302946527557,0.0015589966244943182,0.0018543796539595937
sefa_guided_threshold,SEFA,1,3,15,63,3f,0.00029538302946527557,0.0006780463294596612,0.0009734293589249368
sefa_guided_threshold,SEFA,1,4,0,64,40,0.0006324942787661129,0.0007896080805998608,0.0014221023593659738
sefa_guided_threshold,SEFA,1,4,1,65,41,0.0006324942787661129,0.0007356824447937336,0.0013681767235598466
sefa_guided_threshold,SEFA,1,4,2,66,42,0.0006324942787661129,0.0009807390038393156,0.0016132332826054286
sefa_guided_threshold,SEFA,1,4,3,67,43,0.0006324942787661129,0.0008522739570718134,0.0014847682358379263
sefa_guided_threshold,SEFA,1,4,4,68,44,0.0006324942787661129,0.002008954108583061,0.002641448387349174
sefa_guided_threshold,SEFA,1,4,5,69,45,0.0006324942787661129,0.0030417866989615816,0.0036742809777276946
sefa_guided_threshold,SEFA,1,4,6,70,46,0.0006324942787661129,0.005708714473446881,0.006341208752212993
sefa_guided_threshold,SEFA,1,4,7,71,47,0.0006324942787661129,0.0021782344301579538,0.0028107287089240668
sefa_guided_threshold,SEFA,1,4,8,72,48,0.0006324942787661129,0.0004940065448736118,0.0011265008236397247
sefa_guided_threshold,SEFA,1,4,9,73,49,0.0006324942787661129,0.0005472725398747712,0.001179766818640884
sefa_guided_threshold,SEFA,1,4,10,74,4a,0.0006324942787661129,0.00028687933211368494,0.0009193736108797978
sefa_guided_threshold,SEFA,1,4,11,75,4b,0.0006324942787661129,0.00040107964647375613,0.001033573925239869
sefa_guided_threshold,SEFA,1,4,12,76,4c,0.0006324942787661129,0.0003949779690278029,0.0010274722477939158
sefa_guided_threshold,SEFA,1,4,13,77,4d,0.0006324942787661129,0.0019372181710427992,0.002569712449808912
sefa_guided_threshold,SEFA,1,4,14,78,4e,0.0006324942787661129,0.0015589966244943182,0.0021914909032604312
sefa_guided_threshold,SEFA,1,4,15,79,4f,0.0006324942787661129,0.0006780463294596612,0.0013105406082257742
sefa_guided_threshold,SEFA,1,5,0,80,50,0.001596636434179377,0.0007896080805998608,0.0023862445147792375
sefa_guided_threshold,SEFA,1,5,1,81,51,0.001596636434179377,0.0007356824447937336,0.0023323188789731103
sefa_guided_threshold,SEFA,1,5,2,82,52,0.001596636434179377,0.0009807390038393156,0.0025773754380186923
sefa_guided_threshold,SEFA,1,5,3,83,53,0.001596636434179377,0.0008522739570718134,0.00244891039125119
sefa_guided_threshold,SEFA,1,5,4,84,54,0.001596636434179377,0.002008954108583061,0.003605590542762438
sefa_guided_threshold,SEFA,1,5,5,85,55,0.001596636434179377,0.0030417866989615816,0.004638423133140958
sefa_guided_threshold,SEFA,1,5,6,86,56,0.001596636434179377,0.005708714473446881,0.0073053509076262575
sefa_guided_threshold,SEFA,1,5,7,87,57,0.001596636434179377,0.0021782344301579538,0.0037748708643373305
sefa_guided_threshold,SEFA,1,5,8,88,58,0.001596636434179377,0.0004940065448736118,0.0020906429790529886
sefa_guided_threshold,SEFA,1,5,9,89,59,0.001596636434179377,0.0005472725398747712,0.002143908974054148
sefa_guided_threshold,SEFA,1,5,10,90,5a,0.001596636434179377,0.00028687933211368494,0.0018835157662930619
sefa_guided_threshold,SEFA,1,5,11,91,5b,0.001596636434179377,0.00040107964647375613,0.001997716080653133
sefa_guided_threshold,SEFA,1,5,12,92,5c,0.001596636434179377,0.0003949779690278029,0.00199161440320718
sefa_guided_threshold,SEFA,1,5,13,93,5d,0.001596636434179377,0.0019372181710427992,0.003533854605222176
sefa_guided_threshold,SEFA,1,5,14,94,5e,0.001596636434179377,0.0015589966244943182,0.003155633058673695
sefa_guided_threshold,SEFA,1,5,15,95,5f,0.001596636434179377,0.0006780463294596612,0.0022746827636390384
sefa_guided_threshold,SEFA,1,6,0,96,60,0.002246765334927892,0.0007896080805998608,0.0030363734155277526
sefa_guided_threshold,SEFA,1,6,1,97,61,0.002246765334927892,0.0007356824447937336,0.0029824477797216254
sefa_guided_threshold,SEFA,1,6,2,98,62,0.002246765334927892,0.0009807390038393156,0.0032275043387672074
sefa_guided_threshold,SEFA,1,6,3,99,63,0.002246765334927892,0.0008522739570718134,0.0030990392919997053
sefa_guided_threshold,SEFA,1,6,4,100,64,0.002246765334927892,0.002008954108583061,0.004255719443510953
sefa_guided_threshold,SEFA,1,6,5,101,65,0.002246765334927892,0.0030417866989615816,0.005288552033889473
sefa_guided_threshold,SEFA,1,6,6,102,66,0.002246765334927892,0.005708714473446881,0.007955479808374773
sefa_guided_threshold,SEFA,1,6,7,103,67,0.002246765334927892,0.0021782344301579538,0.004424999765085846
sefa_guided_threshold,SEFA,1,6,8,104,68,0.002246765334927892,0.0004940065448736118,0.0027407718798015037
sefa_guided_threshold,SEFA,1,6,9,105,69,0.002246765334927892,0.0005472725398747712,0.002794037874802663
sefa_guided_threshold,SEFA,1,6,10,106,6a,0.002246765334927892,0.00028687933211368494,0.0025336446670415767
sefa_guided_threshold,SEFA,1,6,11,107,6b,0.002246765334927892,0.00040107964647375613,0.0026478449814016478
sefa_guided_threshold,SEFA,1,6,12,108,6c,0.002246765334927892,0.0003949779690278029,0.0026417433039556946
sefa_guided_threshold,SEFA,1,6,13,109,6d,0.002246765334927892,0.0019372181710427992,0.004183983505970691
sefa_guided_threshold,SEFA,1,6,14,110,6e,0.002246765334927892,0.0015589966244943182,0.00380576195942221
sefa_guided_threshold,SEFA,1,6,15,111,6f,0.002246765334927892,0.0006780463294596612,0.002924811664387553
sefa_guided_threshold,SEFA,1,7,0,112,70,0.0003583051527842743,0.0007896080805998608,0.0011479132333841351
sefa_guided_threshold,SEFA,1,7,1,113,71,0.0003583051527842743,0.0007356824447937336,0.001093987597578008
sefa_guided_threshold,SEFA,1,7,2,114,72,0.0003583051527842743,0.0009807390038393156,0.00133904415662359
sefa_guided_threshold,SEFA,1,7,3,115,73,0.0003583051527842743,0.0008522739570718134,0.0012105791098560876
sefa_guided_threshold,SEFA,1,7,4,116,74,0.0003583051527842743,0.002008954108583061,0.002367259261367335
sefa_guided_threshold,SEFA,1,7,5,117,75,0.0003583051527842743,0.0030417866989615816,0.0034000918517458558
sefa_guided_threshold,SEFA,1,7,6,118,76,0.0003583051527842743,0.005708714473446881,0.006067019626231155
sefa_guided_threshold,SEFA,1,7,7,119,77,0.0003583051527842743,0.0021782344301579538,0.002536539582942228
sefa_guided_threshold,SEFA,1,7,8,120,78,0.0003583051527842743,0.0004940065448736118,0.000852311697657886
sefa_guided_threshold,SEFA,1,7,9,121,79,0.0003583051527842743,0.0005472725398747712,0.0009055776926590454
sefa_guided_threshold,SEFA,1,7,10,122,7a,0.0003583051527842743,0.00028687933211368494,0.0006451844848979593
sefa_guided_threshold,SEFA,1,7,11,123,7b,0.0003583051527842743,0.00040107964647375613,0.0007593847992580304
sefa_guided_threshold,SEFA,1,7,12,124,7c,0.0003583051527842743,0.0003949779690278029,0.0007532831218120771
sefa_guided_threshold,SEFA,1,7,13,125,7d,0.0003583051527842743,0.0019372181710427992,0.0022955233238270735
sefa_guided_threshold,SEFA,1,7,14,126,7e,0.0003583051527842743,0.0015589966244943182,0.0019173017772785926
sefa_guided_threshold,SEFA,1,7,15,127,7f,0.0003583051527842743,0.0006780463294596612,0.0010363514822439356
sefa_guided_threshold,SEFA,1,8,0,128,80,0.000787509699664342,0.0007896080805998608,0.001577117780264203
sefa_guided_threshold,SEFA,1,8,1,129,81,0.000787509699664342,0.0007356824447937336,0.0015231921444580757
sefa_guided_threshold,SEFA,1,8,2,130,82,0.000787509699664342,0.0009807390038393156,0.0017682487035036577
sefa_guided_threshold,SEFA,1,8,3,131,83,0.000787509699664342,0.0008522739570718134,0.0016397836567361554
sefa_guided_threshold,SEFA,1,8,4,132,84,0.000787509699664342,0.002008954108583061,0.002796463808247403
sefa_guided_threshold,SEFA,1,8,5,133,85,0.000787509699664342,0.0030417866989615816,0.0038292963986259238
sefa_guided_threshold,SEFA,1,8,6,134,86,0.000787509699664342,0.005708714473446881,0.0064962241731112225
sefa_guided_threshold,SEFA,1,8,7,135,87,0.000787509699664342,0.0021782344301579538,0.002965744129822296
sefa_guided_threshold,SEFA,1,8,8,136,88,0.000787509699664342,0.0004940065448736118,0.0012815162445379538
sefa_guided_threshold,SEFA,1,8,9,137,89,0.000787509699664342,0.0005472725398747712,0.0013347822395391132
sefa_guided_threshold,SEFA,1,8,10,138,8a,0.000787509699664342,0.00028687933211368494,0.001074389031778027
sefa_guided_threshold,SEFA,1,8,11,139,8b,0.000787509699664342,0.00040107964647375613,0.001188589346138098
sefa_guided_threshold,SEFA,1,8,12,140,8c,0.000787509699664342,0.0003949779690278029,0.001182487668692145
sefa_guided_threshold,SEFA,1,8,13,141,8d,0.000787509699664342,0.0019372181710427992,0.002724727870707141
sefa_guided_threshold,SEFA,1,8,14,142,8e,0.000787509699664342,0.0015589966244943182,0.0023465063241586604
sefa_guided_threshold,SEFA,1,8,15,143,8f,0.000787509699664342,0.0006780463294596612,0.0014655560291240034
sefa_guided_threshold,SEFA,1,9,0,144,90,0.0014146401660984761,0.0007896080805998608,0.002204248246698337
sefa_guided_threshold,SEFA,1,9,1,145,91,0.0014146401660984761,0.0007356824447937336,0.0021503226108922097
sefa_guided_threshold,SEFA,1,9,2,146,92,0.0014146401660984761,0.0009807390038393156,0.0023953791699377917
sefa_guided_threshold,SEFA,1,9,3,147,93,0.0014146401660984761,0.0008522739570718134,0.0022669141231702896
sefa_guided_threshold,SEFA,1,9,4,148,94,0.0014146401660984761,0.002008954108583061,0.003423594274681537
sefa_guided_threshold,SEFA,1,9,5,149,95,0.0014146401660984761,0.0030417866989615816,0.004456426865060058
sefa_guided_threshold,SEFA,1,9,6,150,96,0.0014146401660984761,0.005708714473446881,0.007123354639545357
sefa_guided_threshold,SEFA,1,9,7,151,97,0.0014146401660984761,0.0021782344301579538,0.00359287459625643
sefa_guided_threshold,SEFA,1,9,8,152,98,0.0014146401660984761,0.0004940065448736118,0.001908646710972088
sefa_guided_threshold,SEFA,1,9,9,153,99,0.0014146401660984761,0.0005472725398747712,0.0019619127059732474
sefa_guided_threshold,SEFA,1,9,10,154,9a,0.0014146401660984761,0.00028687933211368494,0.001701519498212161
sefa_guided_threshold,SEFA,1,9,11,155,9b,0.0014146401660984761,0.00040107964647375613,0.0018157198125722323
sefa_guided_threshold,SEFA,1,9,12,156,9c,0.0014146401660984761,0.0003949779690278029,0.001809618135126279
sefa_guided_threshold,SEFA,1,9,13,157,9d,0.0014146401660984761,0.0019372181710427992,0.003351858337141275
sefa_guided_threshold,SEFA,1,9,14,158,9e,0.0014146401660984761,0.0015589966244943182,0.0029736367905927943
sefa_guided_threshold,SEFA,1,9,15,159,9f,0.0014146401660984761,0.0006780463294596612,0.0020926864955581373
sefa_guided_threshold,SEFA,1,10,0,160,a0,0.0005933670723351534,0.0007896080805998608,0.0013829751529350143
sefa_guided_threshold,SEFA,1,10,1,161,a1,0.0005933670723351534,0.0007356824447937336,0.0013290495171288871
sefa_guided_threshold,SEFA,1,10,2,162,a2,0.0005933670723351534,0.0009807390038393156,0.001574106076174469
sefa_guided_threshold,SEFA,1,10,3,163,a3,0.0005933670723351534,0.0008522739570718134,0.0014456410294069668
sefa_guided_threshold,SEFA,1,10,4,164,a4,0.0005933670723351534,0.002008954108583061,0.0026023211809182143
sefa_guided_threshold,SEFA,1,10,5,165,a5,0.0005933670723351534,0.0030417866989615816,0.003635153771296735
sefa_guided_threshold,SEFA,1,10,6,166,a6,0.0005933670723351534,0.005708714473446881,0.006302081545782034
sefa_guided_threshold,SEFA,1,10,7,167,a7,0.0005933670723351534,0.0021782344301579538,0.0027716015024931073
sefa_guided_threshold,SEFA,1,10,8,168,a8,0.0005933670723351534,0.0004940065448736118,0.0010873736172087652
sefa_guided_threshold,SEFA,1,10,9,169,a9,0.0005933670723351534,0.0005472725398747712,0.0011406396122099246
sefa_guided_threshold,SEFA,1,10,10,170,aa,0.0005933670723351534,0.00028687933211368494,0.0008802464044488384
sefa_guided_threshold,SEFA,1,10,11,171,ab,0.0005933670723351534,0.00040107964647375613,0.0009944467188089095
sefa_guided_threshold,SEFA,1,10,12,172,ac,0.0005933670723351534,0.0003949779690278029,0.0009883450413629563
sefa_guided_threshold,SEFA,1,10,13,173,ad,0.0005933670723351534,0.0019372181710427992,0.0025305852433779525
sefa_guided_threshold,SEFA,1,10,14,174,ae,0.0005933670723351534,0.0015589966244943182,0.0021523636968294717
sefa_guided_threshold,SEFA,1,10,15,175,af,0.0005933670723351534,0.0006780463294596612,0.0012714134017948148
sefa_guided_threshold,SEFA,1,11,0,176,b0,0.0013234429114146109,0.0007896080805998608,0.0021130509920144714
sefa_guided_threshold,SEFA,1,11,1,177,b1,0.0013234429114146109,0.0007356824447937336,0.0020591253562083443
sefa_guided_threshold,SEFA,1,11,2,178,b2,0.0013234429114146109,0.0009807390038393156,0.0023041819152539262
sefa_guided_threshold,SEFA,1,11,3,179,b3,0.0013234429114146109,0.0008522739570718134,0.002175716868486424
sefa_guided_threshold,SEFA,1,11,4,180,b4,0.0013234429114146109,0.002008954108583061,0.003332397019997672
sefa_guided_threshold,SEFA,1,11,5,181,b5,0.0013234429114146109,0.0030417866989615816,0.004365229610376192
sefa_guided_threshold,SEFA,1,11,6,182,b6,0.0013234429114146109,0.005708714473446881,0.0070321573848614915
sefa_guided_threshold,SEFA,1,11,7,183,b7,0.0013234429114146109,0.0021782344301579538,0.0035016773415725644
sefa_guided_threshold,SEFA,1,11,8,184,b8,0.0013234429114146109,0.0004940065448736118,0.0018174494562882225
sefa_guided_threshold,SEFA,1,11,9,185,b9,0.0013234429114146109,0.0005472725398747712,0.001870715451289382
sefa_guided_threshold,SEFA,1,11,10,186,ba,0.0013234429114146109,0.00028687933211368494,0.0016103222435282958
sefa_guided_threshold,SEFA,1,11,11,187,bb,0.0013234429114146109,0.00040107964647375613,0.001724522557888367
sefa_guided_threshold,SEFA,1,11,12,188,bc,0.0013234429114146109,0.0003949779690278029,0.0017184208804424139
sefa_guided_threshold,SEFA,1,11,13,189,bd,0.0013234429114146109,0.0019372181710427992,0.00326066108245741
sefa_guided_threshold,SEFA,1,11,14,190,be,0.0013234429114146109,0.0015589966244943182,0.002882439535908929
sefa_guided_threshold,SEFA,1,11,15,191,bf,0.0013234429114146109,0.0006780463294596612,0.0020014892408742723
sefa_guided_threshold,SEFA,1,12,0,192,c0,0.0019519672223526456,0.0007896080805998608,0.0027415753029525064
sefa_guided_threshold,SEFA,1,12,1,193,c1,0.0019519672223526456,0.0007356824447937336,0.0026876496671463792
sefa_guided_threshold,SEFA,1,12,2,194,c2,0.0019519672223526456,0.0009807390038393156,0.002932706226191961
sefa_guided_threshold,SEFA,1,12,3,195,c3,0.0019519672223526456,0.0008522739570718134,0.002804241179424459
sefa_guided_threshold,SEFA,1,12,4,196,c4,0.0019519672223526456,0.002008954108583061,0.003960921330935707
sefa_guided_threshold,SEFA,1,12,5,197,c5,0.0019519672223526456,0.0030417866989615816,0.004993753921314227
sefa_guided_threshold,SEFA,1,12,6,198,c6,0.0019519672223526456,0.005708714473446881,0.007660681695799526
sefa_guided_threshold,SEFA,1,12,7,199,c7,0.0019519672223526456,0.0021782344301579538,0.004130201652510599
sefa_guided_threshold,SEFA,1,12,8,200,c8,0.0019519672223526456,0.0004940065448736118,0.0024459737672262575
sefa_guided_threshold,SEFA,1,12,9,201,c9,0.0019519672223526456,0.0005472725398747712,0.002499239762227417
sefa_guided_threshold,SEFA,1,12,10,202,ca,0.0019519672223526456,0.00028687933211368494,0.0022388465544663306
sefa_guided_threshold,SEFA,1,12,11,203,cb,0.0019519672223526456,0.00040107964647375613,0.0023530468688264016
sefa_guided_threshold,SEFA,1,12,12,204,cc,0.0019519672223526456,0.0003949779690278029,0.0023469451913804484
sefa_guided_threshold,SEFA,1,12,13,205,cd,0.0019519672223526456,0.0019372181710427992,0.0038891853933954446
sefa_guided_threshold,SEFA,1,12,14,206,ce,0.0019519672223526456,0.0015589966244943182,0.003510963846846964
sefa_guided_threshold,SEFA,1,12,15,207,cf,0.0019519672223526456,0.0006780463294596612,0.002630013551812307
sefa_guided_threshold,SEFA,1,13,0,208,d0,0.006819869591908215,0.0007896080805998608,0.007609477672508076
sefa_guided_threshold,SEFA,1,13,1,209,d1,0.006819869591908215,0.0007356824447937336,0.007555552036701949
sefa_guided_threshold,SEFA,1,13,2,210,d2,0.006819869591908215,0.0009807390038393156,0.007800608595747531
sefa_guided_threshold,SEFA,1,13,3,211,d3,0.006819869591908215,0.0008522739570718134,0.007672143548980028
sefa_guided_threshold,SEFA,1,13,4,212,d4,0.006819869591908215,0.002008954108583061,0.008828823700491276
sefa_guided_threshold,SEFA,1,13,5,213,d5,0.006819869591908215,0.0030417866989615816,0.009861656290869797
sefa_guided_threshold,SEFA,1,13,6,214,d6,0.006819869591908215,0.005708714473446881,0.012528584065355095
sefa_guided_threshold,SEFA,1,13,7,215,d7,0.006819869591908215,0.0021782344301579538,0.008998104022066168
sefa_guided_threshold,SEFA,1,13,8,216,d8,0.006819869591908215,0.0004940065448736118,0.007313876136781827
sefa_guided_threshold,SEFA,1,13,9,217,d9,0.006819869591908215,0.0005472725398747712,0.007367142131782987
sefa_guided_threshold,SEFA,1,13,10,218,da,0.006819869591908215,0.00028687933211368494,0.0071067489240219
sefa_guided_threshold,SEFA,1,13,11,219,db,0.006819869591908215,0.00040107964647375613,0.007220949238381971
sefa_guided_threshold,SEFA,1,13,12,220,dc,0.006819869591908215,0.0003949779690278029,0.007214847560936018
sefa_guided_threshold,SEFA,1,13,13,221,dd,0.006819869591908215,0.0019372181710427992,0.008757087762951015
sefa_guided_threshold,SEFA,1,13,14,222,de,0.006819869591908215,0.0015589966244943182,0.008378866216402533
sefa_guided_threshold,SEFA,1,13,15,223,df,0.006819869591908215,0.0006780463294596612,0.007497915921367877
sefa_guided_threshold,SEFA,1,14,0,224,e0,0.0028784755761605604,0.0007896080805998608,0.003668083656760421
sefa_guided_threshold,SEFA,1,14,1,225,e1,0.0028784755761605604,0.0007356824447937336,0.003614158020954294
sefa_guided_threshold,SEFA,1,14,2,226,e2,0.0028784755761605604,0.0009807390038393156,0.003859214579999876
sefa_guided_threshold,SEFA,1,14,3,227,e3,0.0028784755761605604,0.0008522739570718134,0.003730749533232374
sefa_guided_threshold,SEFA,1,14,4,228,e4,0.0028784755761605604,0.002008954108583061,0.004887429684743622
sefa_guided_threshold,SEFA,1,14,5,229,e5,0.0028784755761605604,0.0030417866989615816,0.005920262275122142
sefa_guided_threshold,SEFA,1,14,6,230,e6,0.0028784755761605604,0.005708714473446881,0.008587190049607441
sefa_guided_threshold,SEFA,1,14,7,231,e7,0.0028784755761605604,0.0021782344301579538,0.005056710006318514
sefa_guided_threshold,SEFA,1,14,8,232,e8,0.0028784755761605604,0.0004940065448736118,0.0033724821210341723
sefa_guided_threshold,SEFA,1,14,9,233,e9,0.0028784755761605604,0.0005472725398747712,0.0034257481160353317
sefa_guided_threshold,SEFA,1,14,10,234,ea,0.0028784755761605604,0.00028687933211368494,0.0031653549082742453
sefa_guided_threshold,SEFA,1,14,11,235,eb,0.0028784755761605604,0.00040107964647375613,0.0032795552226343163
sefa_guided_threshold,SEFA,1,14,12,236,ec,0.0028784755761605604,0.0003949779690278029,0.003273453545188363
sefa_guided_threshold,SEFA,1,14,13,237,ed,0.0028784755761605604,0.0019372181710427992,0.004815693747203359
sefa_guided_threshold,SEFA,1,14,14,238,ee,0.0028784755761605604,0.0015589966244943182,0.004437472200654879
sefa_guided_threshold,SEFA,1,14,15,239,ef,0.0028784755761605604,0.0006780463294596612,0.0035565219056202216
sefa_guided_threshold,SEFA,1,15,0,240,f0,0.0016499012062927696,0.0007896080805998608,0.0024395092868926306
sefa_guided_threshold,SEFA,1,15,1,241,f1,0.0016499012062927696,0.0007356824447937336,0.0023855836510865034
sefa_guided_threshold,SEFA,1,15,2,242,f2,0.0016499012062927696,0.0009807390038393156,0.0026306402101320854
sefa_guided_threshold,SEFA,1,15,3,243,f3,0.0016499012062927696,0.0008522739570718134,0.002502175163364583
sefa_guided_threshold,SEFA,1,15,4,244,f4,0.0016499012062927696,0.002008954108583061,0.00365885531487583
sefa_guided_threshold,SEFA,1,15,5,245,f5,0.0016499012062927696,0.0030417866989615816,0.0046916879052543515
sefa_guided_threshold,SEFA,1,15,6,246,f6,0.0016499012062927696,0.005708714473446881,0.007358615679739651
sefa_guided_threshold,SEFA,1,15,7,247,f7,0.0016499012062927696,0.0021782344301579538,0.0038281356364507236
sefa_guided_threshold,SEFA,1,15,8,248,f8,0.0016499012062927696,0.0004940065448736118,0.0021439077511663813
sefa_guided_threshold,SEFA,1,15,9,249,f9,0.0016499012062927696,0.0005472725398747712,0.0021971737461675407
sefa_guided_threshold,SEFA,1,15,10,250,fa,0.0016499012062927696,0.00028687933211368494,0.0019367805384064545
sefa_guided_threshold,SEFA,1,15,11,251,fb,0.0016499012062927696,0.00040107964647375613,0.002050980852766526
sefa_guided_threshold,SEFA,1,15,12,252,fc,0.0016499012062927696,0.0003949779690278029,0.0020448791753205726
sefa_guided_threshold,SEFA,1,15,13,253,fd,0.0016499012062927696,0.0019372181710427992,0.0035871193773355688
sefa_guided_threshold,SEFA,1,15,14,254,fe,0.0016499012062927696,0.0015589966244943182,0.003208897830787088
sefa_guided_threshold,SEFA,1,15,15,255,ff,0.0016499012062927696,0.0006780463294596612,0.0023279475357524306
sefa_guided_budget,SEFA,0,0,0,0,00,0.0007491933511164952,0.0014505156795004675,0.0021997090306169627
sefa_guided_budget,SEFA,0,0,1,1,01,0.0007491933511164952,0.0012976396093184695,0.002046832960434965
sefa_guided_budget,SEFA,0,0,2,2,02,0.0007491933511164952,0.001142189201167086,0.0018913825522835813
sefa_guided_budget,SEFA,0,0,3,3,03,0.0007491933511164952,0.0008077232911445545,0.0015569166422610497
sefa_guided_budget,SEFA,0,0,4,4,04,0.0007491933511164952,0.0007734647935519572,0.0015226581446684524
sefa_guided_budget,SEFA,0,0,5,5,05,0.0007491933511164952,0.0006861353285904791,0.0014353286797069743
sefa_guided_budget,SEFA,0,0,6,6,06,0.0007491933511164952,0.00046454423722564007,0.0012137375883421353
sefa_guided_budget,SEFA,0,0,7,7,07,0.0007491933511164952,0.0002823603193921712,0.0010315536705086665
sefa_guided_budget,SEFA,0,0,8,8,08,0.0007491933511164952,0.0015891338778520202,0.0023383272289685154
sefa_guided_budget,SEFA,0,0,9,9,09,0.0007491933511164952,0.000699403070432699,0.0014485964215491943
sefa_guided_budget,SEFA,0,0,10,10,0a,0.0007491933511164952,0.0009287171757056953,0.0016779105268221906
sefa_guided_budget,SEFA,0,0,11,11,0b,0.0007491933511164952,0.004812403041520902,0.005561596392637397
sefa_guided_budget,SEFA,0,0,12,12,0c,0.0007491933511164952,0.000845744282692409,0.0015949376338089043
sefa_guided_budget,SEFA,0,0,13,13,0d,0.0007491933511164952,0.0008497048026453107,0.0015988981537618059
sefa_guided_budget,SEFA,0,0,14,14,0e,0.0007491933511164952,0.0007277207880959447,0.00147691413921244
sefa_guided_budget,SEFA,0,0,15,15,0f,0.0007491933511164952,0.0008257436569302565,0.0015749370080467518
sefa_guided_budget,SEFA,0,1,0,16,10,0.0008330615382823327,0.0014505156795004675,0.0022835772177828
sefa_guided_budget,SEFA,0,1,1,17,11,0.0008330615382823327,0.0012976396093184695,0.0021307011476008023
sefa_guided_budget,SEFA,0,1,2,18,12,0.0008330615382823327,0.001142189201167086,0.001975250739449419
sefa_guided_budget,SEFA,0,1,3,19,13,0.0008330615382823327,0.0008077232911445545,0.0016407848294268871
sefa_guided_budget,SEFA,0,1,4,20,14,0.0008330615382823327,0.0007734647935519572,0.00160652633183429
sefa_guided_budget,SEFA,0,1,5,21,15,0.0008330615382823327,0.0006861353285904791,0.0015191968668728118
sefa_guided_budget,SEFA,0,1,6,22,16,0.0008330615382823327,0.00046454423722564007,0.0012976057755079728
sefa_guided_budget,SEFA,0,1,7,23,17,0.0008330615382823327,0.0002823603193921712,0.001115421857674504
sefa_guided_budget,SEFA,0,1,8,24,18,0.0008330615382823327,0.0015891338778520202,0.002422195416134353
sefa_guided_budget,SEFA,0,1,9,25,19,0.0008330615382823327,0.000699403070432699,0.0015324646087150318
sefa_guided_budget,SEFA,0,1,10,26,1a,0.0008330615382823327,0.0009287171757056953,0.001761778713988028
sefa_guided_budget,SEFA,0,1,11,27,1b,0.0008330615382823327,0.004812403041520902,0.005645464579803234
sefa_guided_budget,SEFA,0,1,12,28,1c,0.0008330615382823327,0.000845744282692409,0.0016788058209747418
sefa_guided_budget,SEFA,0,1,13,29,1d,0.0008330615382823327,0.0008497048026453107,0.0016827663409276434
sefa_guided_budget,SEFA,0,1,14,30,1e,0.0008330615382823327,0.0007277207880959447,0.0015607823263782774
sefa_guided_budget,SEFA,0,1,15,31,1f,0.0008330615382823327,0.0008257436569302565,0.0016588051952125893
sefa_guided_budget,SEFA,0,2,0,32,20,0.0006958438653915593,0.0014505156795004675,0.002146359544892027
sefa_guided_budget,SEFA,0,2,1,33,21,0.0006958438653915593,0.0012976396093184695,0.001993483474710029
sefa_guided_budget,SEFA,0,2,2,34,22,0.0006958438653915593,0.001142189201167086,0.0018380330665586455
sefa_guided_budget,SEFA,0,2,3,35,23,0.0006958438653915593,0.0008077232911445545,0.0015035671565361139
sefa_guided_budget,SEFA,0,2,4,36,24,0.0006958438653915593,0.0007734647935519572,0.0014693086589435164
sefa_guided_budget,SEFA,0,2,5,37,25,0.0006958438653915593,0.0006861353285904791,0.0013819791939820385
sefa_guided_budget,SEFA,0,2,6,38,26,0.0006958438653915593,0.00046454423722564007,0.0011603881026171995
sefa_guided_budget,SEFA,0,2,7,39,27,0.0006958438653915593,0.0002823603193921712,0.0009782041847837305
sefa_guided_budget,SEFA,0,2,8,40,28,0.0006958438653915593,0.0015891338778520202,0.0022849777432435796
sefa_guided_budget,SEFA,0,2,9,41,29,0.0006958438653915593,0.000699403070432699,0.0013952469358242583
sefa_guided_budget,SEFA,0,2,10,42,2a,0.0006958438653915593,0.0009287171757056953,0.0016245610410972546
sefa_guided_budget,SEFA,0,2,11,43,2b,0.0006958438653915593,0.004812403041520902,0.005508246906912461
sefa_guided_budget,SEFA,0,2,12,44,2c,0.0006958438653915593,0.000845744282692409,0.0015415881480839683
sefa_guided_budget,SEFA,0,2,13,45,2d,0.0006958438653915593,0.0008497048026453107,0.00154554866803687
sefa_guided_budget,SEFA,0,2,14,46,2e,0.0006958438653915593,0.0007277207880959447,0.0014235646534875041
sefa_guided_budget,SEFA,0,2,15,47,2f,0.0006958438653915593,0.0008257436569302565,0.0015215875223218158
sefa_guided_budget,SEFA,0,3,0,48,30,0.0007286922386981794,0.0014505156795004675,0.0021792079181986467
sefa_guided_budget,SEFA,0,3,1,49,31,0.0007286922386981794,0.0012976396093184695,0.002026331848016649
sefa_guided_budget,SEFA,0,3,2,50,32,0.0007286922386981794,0.001142189201167086,0.0018708814398652653
sefa_guided_budget,SEFA,0,3,3,51,33,0.0007286922386981794,0.0008077232911445545,0.0015364155298427339
sefa_guided_budget,SEFA,0,3,4,52,34,0.0007286922386981794,0.0007734647935519572,0.0015021570322501366
sefa_guided_budget,SEFA,0,3,5,53,35,0.0007286922386981794,0.0006861353285904791,0.0014148275672886583
sefa_guided_budget,SEFA,0,3,6,54,36,0.0007286922386981794,0.00046454423722564007,0.0011932364759238193
sefa_guided_budget,SEFA,0,3,7,55,37,0.0007286922386981794,0.0002823603193921712,0.0010110525580903505
sefa_guided_budget,SEFA,0,3,8,56,38,0.0007286922386981794,0.0015891338778520202,0.0023178261165501994
sefa_guided_budget,SEFA,0,3,9,57,39,0.0007286922386981794,0.000699403070432699,0.0014280953091308783
sefa_guided_budget,SEFA,0,3,10,58,3a,0.0007286922386981794,0.0009287171757056953,0.0016574094144038748
sefa_guided_budget,SEFA,0,3,11,59,3b,0.0007286922386981794,0.004812403041520902,0.005541095280219082
sefa_guided_budget,SEFA,0,3,12,60,3c,0.0007286922386981794,0.000845744282692409,0.0015744365213905885
sefa_guided_budget,SEFA,0,3,13,61,3d,0.0007286922386981794,0.0008497048026453107,0.00157839704134349
sefa_guided_budget,SEFA,0,3,14,62,3e,0.0007286922386981794,0.0007277207880959447,0.001456413026794124
sefa_guided_budget,SEFA,0,3,15,63,3f,0.0007286922386981794,0.0008257436569302565,0.0015544358956284358
sefa_guided_budget,SEFA,0,4,0,64,40,0.0044261144567787625,0.0014505156795004675,0.00587663013627923
sefa_guided_budget,SEFA,0,4,1,65,41,0.0044261144567787625,0.0012976396093184695,0.005723754066097232
sefa_guided_budget,SEFA,0,4,2,66,42,0.0044261144567787625,0.001142189201167086,0.005568303657945849
sefa_guided_budget,SEFA,0,4,3,67,43,0.0044261144567787625,0.0008077232911445545,0.005233837747923317
sefa_guided_budget,SEFA,0,4,4,68,44,0.0044261144567787625,0.0007734647935519572,0.00519957925033072
sefa_guided_budget,SEFA,0,4,5,69,45,0.0044261144567787625,0.0006861353285904791,0.005112249785369241
sefa_guided_budget,SEFA,0,4,6,70,46,0.0044261144567787625,0.00046454423722564007,0.0048906586940044025
sefa_guided_budget,SEFA,0,4,7,71,47,0.0044261144567787625,0.0002823603193921712,0.004708474776170934
sefa_guided_budget,SEFA,0,4,8,72,48,0.0044261144567787625,0.0015891338778520202,0.006015248334630782
sefa_guided_budget,SEFA,0,4,9,73,49,0.0044261144567787625,0.000699403070432699,0.0051255175272114616
sefa_guided_budget,SEFA,0,4,10,74,4a,0.0044261144567787625,0.0009287171757056953,0.005354831632484458
sefa_guided_budget,SEFA,0,4,11,75,4b,0.0044261144567787625,0.004812403041520902,0.009238517498299664
sefa_guided_budget,SEFA,0,4,12,76,4c,0.0044261144567787625,0.000845744282692409,0.005271858739471172
sefa_guided_budget,SEFA,0,4,13,77,4d,0.0044261144567787625,0.0008497048026453107,0.0052758192594240735
sefa_guided_budget,SEFA,0,4,14,78,4e,0.0044261144567787625,0.0007277207880959447,0.005153835244874707
sefa_guided_budget,SEFA,0,4,15,79,4f,0.0044261144567787625,0.0008257436569302565,0.005251858113709019
sefa_guided_budget,SEFA,0,5,0,80,50,0.0009914792251511373,0.0014505156795004675,0.0024419949046516048
sefa_guided_budget,SEFA,0,5,1,81,51,0.0009914792251511373,0.0012976396093184695,0.002289118834469607
sefa_guided_budget,SEFA,0,5,2,82,52,0.0009914792251511373,0.001142189201167086,0.0021336684263182234
sefa_guided_budget,SEFA,0,5,3,83,53,0.0009914792251511373,0.0008077232911445545,0.0017992025162956917
sefa_guided_budget,SEFA,0,5,4,84,54,0.0009914792251511373,0.0007734647935519572,0.0017649440187030945
sefa_guided_budget,SEFA,0,5,5,85,55,0.0009914792251511373,0.0006861353285904791,0.0016776145537416164
sefa_guided_budget,SEFA,0,5,6,86,56,0.0009914792251511373,0.00046454423722564007,0.0014560234623767774
sefa_guided_budget,SEFA,0,5,7,87,57,0.0009914792251511373,0.0002823603193921712,0.0012738395445433086
sefa_guided_budget,SEFA,0,5,8,88,58,0.0009914792251511373,0.0015891338778520202,0.0025806131030031575
sefa_guided_budget,SEFA,0,5,9,89,59,0.0009914792251511373,0.000699403070432699,0.0016908822955838364
sefa_guided_budget,SEFA,0,5,10,90,5a,0.0009914792251511373,0.0009287171757056953,0.0019201964008568326
sefa_guided_budget,SEFA,0,5,11,91,5b,0.0009914792251511373,0.004812403041520902,0.005803882266672039
sefa_guided_budget,SEFA,0,5,12,92,5c,0.0009914792251511373,0.000845744282692409,0.0018372235078435463
sefa_guided_budget,SEFA,0,5,13,93,5d,0.0009914792251511373,0.0008497048026453107,0.001841184027796448
sefa_guided_budget,SEFA,0,5,14,94,5e,0.0009914792251511373,0.0007277207880959447,0.001719200013247082
sefa_guided_budget,SEFA,0,5,15,95,5f,0.0009914792251511373,0.0008257436569302565,0.0018172228820813939
sefa_guided_budget,SEFA,0,6,0,96,60,0.000942090181597922,0.0014505156795004675,0.0023926058610983895
sefa_guided_budget,SEFA,0,6,1,97,61,0.000942090181597922,0.0012976396093184695,0.0022397297909163916
sefa_guided_budget,SEFA,0,6,2,98,62,0.000942090181597922,0.001142189201167086,0.002084279382765008
sefa_guided_budget,SEFA,0,6,3,99,63,0.000942090181597922,0.0008077232911445545,0.0017498134727424765
sefa_guided_budget,SEFA,0,6,4,100,64,0.000942090181597922,0.0007734647935519572,0.001715554975149879
sefa_guided_budget,SEFA,0,6,5,101,65,0.000942090181597922,0.0006861353285904791,0.0016282255101884011
sefa_guided_budget,SEFA,0,6,6,102,66,0.000942090181597922,0.00046454423722564007,0.0014066344188235621
sefa_guided_budget,SEFA,0,6,7,103,67,0.000942090181597922,0.0002823603193921712,0.0012244505009900931
sefa_guided_budget,SEFA,0,6,8,104,68,0.000942090181597922,0.0015891338778520202,0.0025312240594499423
sefa_guided_budget,SEFA,0,6,9,105,69,0.000942090181597922,0.000699403070432699,0.001641493252030621
sefa_guided_budget,SEFA,0,6,10,106,6a,0.000942090181597922,0.0009287171757056953,0.0018708073573036172
sefa_guided_budget,SEFA,0,6,11,107,6b,0.000942090181597922,0.004812403041520902,0.005754493223118824
sefa_guided_budget,SEFA,0,6,12,108,6c,0.000942090181597922,0.000845744282692409,0.0017878344642903309
sefa_guided_budget,SEFA,0,6,13,109,6d,0.000942090181597922,0.0008497048026453107,0.0017917949842432327
sefa_guided_budget,SEFA,0,6,14,110,6e,0.000942090181597922,0.0007277207880959447,0.0016698109696938667
sefa_guided_budget,SEFA,0,6,15,111,6f,0.000942090181597922,0.0008257436569302565,0.0017678338385281784
sefa_guided_budget,SEFA,0,7,0,112,70,0.0010271232046966184,0.0014505156795004675,0.002477638884197086
sefa_guided_budget,SEFA,0,7,1,113,71,0.0010271232046966184,0.0012976396093184695,0.002324762814015088
sefa_guided_budget,SEFA,0,7,2,114,72,0.0010271232046966184,0.001142189201167086,0.0021693124058637043
sefa_guided_budget,SEFA,0,7,3,115,73,0.0010271232046966184,0.0008077232911445545,0.001834846495841173
sefa_guided_budget,SEFA,0,7,4,116,74,0.0010271232046966184,0.0007734647935519572,0.0018005879982485756
sefa_guided_budget,SEFA,0,7,5,117,75,0.0010271232046966184,0.0006861353285904791,0.0017132585332870975
sefa_guided_budget,SEFA,0,7,6,118,76,0.0010271232046966184,0.00046454423722564007,0.0014916674419222585
sefa_guided_budget,SEFA,0,7,7,119,77,0.0010271232046966184,0.0002823603193921712,0.0013094835240887895
sefa_guided_budget,SEFA,0,7,8,120,78,0.0010271232046966184,0.0015891338778520202,0.0026162570825486384
sefa_guided_budget,SEFA,0,7,9,121,79,0.0010271232046966184,0.000699403070432699,0.0017265262751293173
sefa_guided_budget,SEFA,0,7,10,122,7a,0.0010271232046966184,0.0009287171757056953,0.0019558403804023137
sefa_guided_budget,SEFA,0,7,11,123,7b,0.0010271232046966184,0.004812403041520902,0.005839526246217521
sefa_guided_budget,SEFA,0,7,12,124,7c,0.0010271232046966184,0.000845744282692409,0.0018728674873890274
sefa_guided_budget,SEFA,0,7,13,125,7d,0.0010271232046966184,0.0008497048026453107,0.0018768280073419292
sefa_guided_budget,SEFA,0,7,14,126,7e,0.0010271232046966184,0.0007277207880959447,0.001754843992792563
sefa_guided_budget,SEFA,0,7,15,127,7f,0.0010271232046966184,0.0008257436569302565,0.0018528668616268748
sefa_guided_budget,SEFA,0,8,0,128,80,0.00036642826357907515,0.0014505156795004675,0.0018169439430795425
sefa_guided_budget,SEFA,0,8,1,129,81,0.00036642826357907515,0.0012976396093184695,0.0016640678728975446
sefa_guided_budget,SEFA,0,8,2,130,82,0.00036642826357907515,0.001142189201167086,0.0015086174647461611
sefa_guided_budget,SEFA,0,8,3,131,83,0.00036642826357907515,0.0008077232911445545,0.0011741515547236297
sefa_guided_budget,SEFA,0,8,4,132,84,0.00036642826357907515,0.0007734647935519572,0.0011398930571310324
sefa_guided_budget,SEFA,0,8,5,133,85,0.00036642826357907515,0.0006861353285904791,0.0010525635921695541
sefa_guided_budget,SEFA,0,8,6,134,86,0.00036642826357907515,0.00046454423722564007,0.0008309725008047152
sefa_guided_budget,SEFA,0,8,7,135,87,0.00036642826357907515,0.0002823603193921712,0.0006487885829712463
sefa_guided_budget,SEFA,0,8,8,136,88,0.00036642826357907515,0.0015891338778520202,0.0019555621414310952
sefa_guided_budget,SEFA,0,8,9,137,89,0.00036642826357907515,0.000699403070432699,0.0010658313340117741
sefa_guided_budget,SEFA,0,8,10,138,8a,0.00036642826357907515,0.0009287171757056953,0.0012951454392847706
sefa_guided_budget,SEFA,0,8,11,139,8b,0.00036642826357907515,0.004812403041520902,0.0051788313050999775
sefa_guided_budget,SEFA,0,8,12,140,8c,0.00036642826357907515,0.000845744282692409,0.0012121725462714843
sefa_guided_budget,SEFA,0,8,13,141,8d,0.00036642826357907515,0.0008497048026453107,0.0012161330662243859
sefa_guided_budget,SEFA,0,8,14,142,8e,0.00036642826357907515,0.0007277207880959447,0.0010941490516750197
sefa_guided_budget,SEFA,0,8,15,143,8f,0.00036642826357907515,0.0008257436569302565,0.0011921719205093316
sefa_guided_budget,SEFA,0,9,0,144,90,0.000573070158068236,0.0014505156795004675,0.0020235858375687032
sefa_guided_budget,SEFA,0,9,1,145,91,0.000573070158068236,0.0012976396093184695,0.0018707097673867055
sefa_guided_budget,SEFA,0,9,2,146,92,0.000573070158068236,0.001142189201167086,0.001715259359235322
sefa_guided_budget,SEFA,0,9,3,147,93,0.000573070158068236,0.0008077232911445545,0.0013807934492127906
sefa_guided_budget,SEFA,0,9,4,148,94,0.000573070158068236,0.0007734647935519572,0.0013465349516201932
sefa_guided_budget,SEFA,0,9,5,149,95,0.000573070158068236,0.0006861353285904791,0.001259205486658715
sefa_guided_budget,SEFA,0,9,6,150,96,0.000573070158068236,0.00046454423722564007,0.001037614395293876
sefa_guided_budget,SEFA,0,9,7,151,97,0.000573070158068236,0.0002823603193921712,0.0008554304774604072
sefa_guided_budget,SEFA,0,9,8,152,98,0.000573070158068236,0.0015891338778520202,0.0021622040359202564
sefa_guided_budget,SEFA,0,9,9,153,99,0.000573070158068236,0.000699403070432699,0.0012724732285009348
sefa_guided_budget,SEFA,0,9,10,154,9a,0.000573070158068236,0.0009287171757056953,0.0015017873337739313
sefa_guided_budget,SEFA,0,9,11,155,9b,0.000573070158068236,0.004812403041520902,0.005385473199589138
sefa_guided_budget,SEFA,0,9,12,156,9c,0.000573070158068236,0.000845744282692409,0.001418814440760645
sefa_guided_budget,SEFA,0,9,13,157,9d,0.000573070158068236,0.0008497048026453107,0.0014227749607135468
sefa_guided_budget,SEFA,0,9,14,158,9e,0.000573070158068236,0.0007277207880959447,0.0013007909461641807
sefa_guided_budget,SEFA,0,9,15,159,9f,0.000573070158068236,0.0008257436569302565,0.0013988138149984924
sefa_guided_budget,SEFA,0,10,0,160,a0,0.0005437162925601932,0.0014505156795004675,0.0019942319720606607
sefa_guided_budget,SEFA,0,10,1,161,a1,0.0005437162925601932,0.0012976396093184695,0.0018413559018786627
sefa_guided_budget,SEFA,0,10,2,162,a2,0.0005437162925601932,0.001142189201167086,0.0016859054937272792
sefa_guided_budget,SEFA,0,10,3,163,a3,0.0005437162925601932,0.0008077232911445545,0.0013514395837047476
sefa_guided_budget,SEFA,0,10,4,164,a4,0.0005437162925601932,0.0007734647935519572,0.0013171810861121503
sefa_guided_budget,SEFA,0,10,5,165,a5,0.0005437162925601932,0.0006861353285904791,0.0012298516211506723
sefa_guided_budget,SEFA,0,10,6,166,a6,0.0005437162925601932,0.00046454423722564007,0.0010082605297858332
sefa_guided_budget,SEFA,0,10,7,167,a7,0.0005437162925601932,0.0002823603193921712,0.0008260766119523643
sefa_guided_budget,SEFA,0,10,8,168,a8,0.0005437162925601932,0.0015891338778520202,0.0021328501704122134
sefa_guided_budget,SEFA,0,10,9,169,a9,0.0005437162925601932,0.000699403070432699,0.0012431193629928922
sefa_guided_budget,SEFA,0,10,10,170,aa,0.0005437162925601932,0.0009287171757056953,0.0014724334682658885
sefa_guided_budget,SEFA,0,10,11,171,ab,0.0005437162925601932,0.004812403041520902,0.005356119334081096
sefa_guided_budget,SEFA,0,10,12,172,ac,0.0005437162925601932,0.000845744282692409,0.0013894605752526022
sefa_guided_budget,SEFA,0,10,13,173,ad,0.0005437162925601932,0.0008497048026453107,0.0013934210952055038
sefa_guided_budget,SEFA,0,10,14,174,ae,0.0005437162925601932,0.0007277207880959447,0.0012714370806561378
sefa_guided_budget,SEFA,0,10,15,175,af,0.0005437162925601932,0.0008257436569302565,0.0013694599494904498
sefa_guided_budget,SEFA,0,11,0,176,b0,0.0003899579494228239,0.0014505156795004675,0.0018404736289232915
sefa_guided_budget,SEFA,0,11,1,177,b1,0.0003899579494228239,0.0012976396093184695,0.0016875975587412936
sefa_guided_budget,SEFA,0,11,2,178,b2,0.0003899579494228239,0.001142189201167086,0.00153214715058991
sefa_guided_budget,SEFA,0,11,3,179,b3,0.0003899579494228239,0.0008077232911445545,0.0011976812405673784
sefa_guided_budget,SEFA,0,11,4,180,b4,0.0003899579494228239,0.0007734647935519572,0.001163422742974781
sefa_guided_budget,SEFA,0,11,5,181,b5,0.0003899579494228239,0.0006861353285904791,0.001076093278013303
sefa_guided_budget,SEFA,0,11,6,182,b6,0.0003899579494228239,0.00046454423722564007,0.000854502186648464
sefa_guided_budget,SEFA,0,11,7,183,b7,0.0003899579494228239,0.0002823603193921712,0.0006723182688149951
sefa_guided_budget,SEFA,0,11,8,184,b8,0.0003899579494228239,0.0015891338778520202,0.001979091827274844
sefa_guided_budget,SEFA,0,11,9,185,b9,0.0003899579494228239,0.000699403070432699,0.0010893610198555229
sefa_guided_budget,SEFA,0,11,10,186,ba,0.0003899579494228239,0.0009287171757056953,0.0013186751251285191
sefa_guided_budget,SEFA,0,11,11,187,bb,0.0003899579494228239,0.004812403041520902,0.005202360990943726
sefa_guided_budget,SEFA,0,11,12,188,bc,0.0003899579494228239,0.000845744282692409,0.0012357022321152328
sefa_guided_budget,SEFA,0,11,13,189,bd,0.0003899579494228239,0.0008497048026453107,0.0012396627520681346
sefa_guided_budget,SEFA,0,11,14,190,be,0.0003899579494228239,0.0007277207880959447,0.0011176787375187687
sefa_guided_budget,SEFA,0,11,15,191,bf,0.0003899579494228239,0.0008257436569302565,0.0012157016063530804
sefa_guided_budget,SEFA,0,12,0,192,c0,0.0006795361623315359,0.0014505156795004675,0.0021300518418320034
sefa_guided_budget,SEFA,0,12,1,193,c1,0.0006795361623315359,0.0012976396093184695,0.0019771757716500055
sefa_guided_budget,SEFA,0,12,2,194,c2,0.0006795361623315359,0.001142189201167086,0.001821725363498622
sefa_guided_budget,SEFA,0,12,3,195,c3,0.0006795361623315359,0.0008077232911445545,0.0014872594534760903
sefa_guided_budget,SEFA,0,12,4,196,c4,0.0006795361623315359,0.0007734647935519572,0.001453000955883493
sefa_guided_budget,SEFA,0,12,5,197,c5,0.0006795361623315359,0.0006861353285904791,0.001365671490922015
sefa_guided_budget,SEFA,0,12,6,198,c6,0.0006795361623315359,0.00046454423722564007,0.001144080399557176
sefa_guided_budget,SEFA,0,12,7,199,c7,0.0006795361623315359,0.0002823603193921712,0.0009618964817237071
sefa_guided_budget,SEFA,0,12,8,200,c8,0.0006795361623315359,0.0015891338778520202,0.002268670040183556
sefa_guided_budget,SEFA,0,12,9,201,c9,0.0006795361623315359,0.000699403070432699,0.001378939232764235
sefa_guided_budget,SEFA,0,12,10,202,ca,0.0006795361623315359,0.0009287171757056953,0.0016082533380372313
sefa_guided_budget,SEFA,0,12,11,203,cb,0.0006795361623315359,0.004812403041520902,0.005491939203852438
sefa_guided_budget,SEFA,0,12,12,204,cc,0.0006795361623315359,0.000845744282692409,0.001525280445023945
sefa_guided_budget,SEFA,0,12,13,205,cd,0.0006795361623315359,0.0008497048026453107,0.0015292409649768465
sefa_guided_budget,SEFA,0,12,14,206,ce,0.0006795361623315359,0.0007277207880959447,0.0014072569504274806
sefa_guided_budget,SEFA,0,12,15,207,cf,0.0006795361623315359,0.0008257436569302565,0.0015052798192617925
sefa_guided_budget,SEFA,0,13,0,208,d0,0.0007547845635942178,0.0014505156795004675,0.0022053002430946853
sefa_guided_budget,SEFA,0,13,1,209,d1,0.0007547845635942178,0.0012976396093184695,0.0020524241729126874
sefa_guided_budget,SEFA,0,13,2,210,d2,0.0007547845635942178,0.001142189201167086,0.001896973764761304
sefa_guided_budget,SEFA,0,13,3,211,d3,0.0007547845635942178,0.0008077232911445545,0.0015625078547387723
sefa_guided_budget,SEFA,0,13,4,212,d4,0.0007547845635942178,0.0007734647935519572,0.001528249357146175
sefa_guided_budget,SEFA,0,13,5,213,d5,0.0007547845635942178,0.0006861353285904791,0.001440919892184697
sefa_guided_budget,SEFA,0,13,6,214,d6,0.0007547845635942178,0.00046454423722564007,0.001219328800819858
sefa_guided_budget,SEFA,0,13,7,215,d7,0.0007547845635942178,0.0002823603193921712,0.0010371448829863891
sefa_guided_budget,SEFA,0,13,8,216,d8,0.0007547845635942178,0.0015891338778520202,0.002343918441446238
sefa_guided_budget,SEFA,0,13,9,217,d9,0.0007547845635942178,0.000699403070432699,0.001454187634026917
sefa_guided_budget,SEFA,0,13,10,218,da,0.0007547845635942178,0.0009287171757056953,0.0016835017392999132
sefa_guided_budget,SEFA,0,13,11,219,db,0.0007547845635942178,0.004812403041520902,0.00556718760511512
sefa_guided_budget,SEFA,0,13,12,220,dc,0.0007547845635942178,0.000845744282692409,0.0016005288462866269
sefa_guided_budget,SEFA,0,13,13,221,dd,0.0007547845635942178,0.0008497048026453107,0.0016044893662395285
sefa_guided_budget,SEFA,0,13,14,222,de,0.0007547845635942178,0.0007277207880959447,0.0014825053516901625
sefa_guided_budget,SEFA,0,13,15,223,df,0.0007547845635942178,0.0008257436569302565,0.0015805282205244744
sefa_guided_budget,SEFA,0,14,0,224,e0,0.0006820988013838253,0.0014505156795004675,0.002132614480884293
sefa_guided_budget,SEFA,0,14,1,225,e1,0.0006820988013838253,0.0012976396093184695,0.001979738410702295
sefa_guided_budget,SEFA,0,14,2,226,e2,0.0006820988013838253,0.001142189201167086,0.0018242880025509114
sefa_guided_budget,SEFA,0,14,3,227,e3,0.0006820988013838253,0.0008077232911445545,0.00148982209252838
sefa_guided_budget,SEFA,0,14,4,228,e4,0.0006820988013838253,0.0007734647935519572,0.0014555635949357825
sefa_guided_budget,SEFA,0,14,5,229,e5,0.0006820988013838253,0.0006861353285904791,0.0013682341299743044
sefa_guided_budget,SEFA,0,14,6,230,e6,0.0006820988013838253,0.00046454423722564007,0.0011466430386094654
sefa_guided_budget,SEFA,0,14,7,231,e7,0.0006820988013838253,0.0002823603193921712,0.0009644591207759965
sefa_guided_budget,SEFA,0,14,8,232,e8,0.0006820988013838253,0.0015891338778520202,0.0022712326792358453
sefa_guided_budget,SEFA,0,14,9,233,e9,0.0006820988013838253,0.000699403070432699,0.0013815018718165242
sefa_guided_budget,SEFA,0,14,10,234,ea,0.0006820988013838253,0.0009287171757056953,0.0016108159770895207
sefa_guided_budget,SEFA,0,14,11,235,eb,0.0006820988013838253,0.004812403041520902,0.0054945018429047275
sefa_guided_budget,SEFA,0,14,12,236,ec,0.0006820988013838253,0.000845744282692409,0.0015278430840762343
sefa_guided_budget,SEFA,0,14,13,237,ed,0.0006820988013838253,0.0008497048026453107,0.0015318036040291362
sefa_guided_budget,SEFA,0,14,14,238,ee,0.0006820988013838253,0.0007277207880959447,0.00140981958947977
sefa_guided_budget,SEFA,0,14,15,239,ef,0.0006820988013838253,0.0008257436569302565,0.0015078424583140817
sefa_guided_budget,SEFA,0,15,0,240,f0,0.0009576989830982306,0.0014505156795004675,0.0024082146625986982
sefa_guided_budget,SEFA,0,15,1,241,f1,0.0009576989830982306,0.0012976396093184695,0.0022553385924167003
sefa_guided_budget,SEFA,0,15,2,242,f2,0.0009576989830982306,0.001142189201167086,0.002099888184265317
sefa_guided_budget,SEFA,0,15,3,243,f3,0.0009576989830982306,0.0008077232911445545,0.0017654222742427852
sefa_guided_budget,SEFA,0,15,4,244,f4,0.0009576989830982306,0.0007734647935519572,0.0017311637766501877
sefa_guided_budget,SEFA,0,15,5,245,f5,0.0009576989830982306,0.0006861353285904791,0.0016438343116887098
sefa_guided_budget,SEFA,0,15,6,246,f6,0.0009576989830982306,0.00046454423722564007,0.0014222432203238708
sefa_guided_budget,SEFA,0,15,7,247,f7,0.0009576989830982306,0.0002823603193921712,0.0012400593024904018
sefa_guided_budget,SEFA,0,15,8,248,f8,0.0009576989830982306,0.0015891338778520202,0.002546832860950251
sefa_guided_budget,SEFA,0,15,9,249,f9,0.0009576989830982306,0.000699403070432699,0.0016571020535309296
sefa_guided_budget,SEFA,0,15,10,250,fa,0.0009576989830982306,0.0009287171757056953,0.0018864161588039259
sefa_guided_budget,SEFA,0,15,11,251,fb,0.0009576989830982306,0.004812403041520902,0.005770102024619132
sefa_guided_budget,SEFA,0,15,12,252,fc,0.0009576989830982306,0.000845744282692409,0.0018034432657906396
sefa_guided_budget,SEFA,0,15,13,253,fd,0.0009576989830982306,0.0008497048026453107,0.0018074037857435414
sefa_guided_budget,SEFA,0,15,14,254,fe,0.0009576989830982306,0.0007277207880959447,0.0016854197711941754
sefa_guided_budget,SEFA,0,15,15,255,ff,0.0009576989830982306,0.0008257436569302565,0.0017834426400284871
sefa_guided_budget,SEFA,1,0,0,0,00,0.0007449043782449944,0.0009940451412121017,0.001738949519457096
sefa_guided_budget,SEFA,1,0,1,1,01,0.0007449043782449944,0.0011268868496852177,0.001871791227930212
sefa_guided_budget,SEFA,1,0,2,2,02,0.0007449043782449944,0.0013715028591202954,0.0021164072373652896
sefa_guided_budget,SEFA,1,0,3,3,03,0.0007449043782449944,0.0013623346354811815,0.002107239013726176
sefa_guided_budget,SEFA,1,0,4,4,04,0.0007449043782449944,0.0009448878570194062,0.0016897922352644007
sefa_guided_budget,SEFA,1,0,5,5,05,0.0007449043782449944,0.0014372409732986212,0.0021821453515436153
sefa_guided_budget,SEFA,1,0,6,6,06,0.0007449043782449944,0.0042680763233160415,0.005012980701561036
sefa_guided_budget,SEFA,1,0,7,7,07,0.0007449043782449944,0.0013582381951317906,0.002103142573376785
sefa_guided_budget,SEFA,1,0,8,8,08,0.0007449043782449944,0.001156732343659354,0.0019016367219043483
sefa_guided_budget,SEFA,1,0,9,9,09,0.0007449043782449944,0.000940596348081949,0.0016855007263269434
sefa_guided_budget,SEFA,1,0,10,10,0a,0.0007449043782449944,0.0004197632179450619,0.0011646675961900564
sefa_guided_budget,SEFA,1,0,11,11,0b,0.0007449043782449944,0.00041781253206439915,0.0011627169103093935
sefa_guided_budget,SEFA,1,0,12,12,0c,0.0007449043782449944,0.0010886534064242328,0.0018335577846692271
sefa_guided_budget,SEFA,1,0,13,13,0d,0.0007449043782449944,0.0009829262316923253,0.0017278306099373197
sefa_guided_budget,SEFA,1,0,14,14,0e,0.0007449043782449944,0.0006883726637122877,0.001433277041957282
sefa_guided_budget,SEFA,1,0,15,15,0f,0.0007449043782449944,0.0011949657869203393,0.0019398701651653337
sefa_guided_budget,SEFA,1,1,0,16,10,0.00046725652693413975,0.0009940451412121017,0.0014613016681462414
sefa_guided_budget,SEFA,1,1,1,17,11,0.00046725652693413975,0.0011268868496852177,0.0015941433766193574
sefa_guided_budget,SEFA,1,1,2,18,12,0.00046725652693413975,0.0013715028591202954,0.001838759386054435
sefa_guided_budget,SEFA,1,1,3,19,13,0.00046725652693413975,0.0013623346354811815,0.0018295911624153214
sefa_guided_budget,SEFA,1,1,4,20,14,0.00046725652693413975,0.0009448878570194062,0.001412144383953546
sefa_guided_budget,SEFA,1,1,5,21,15,0.00046725652693413975,0.0014372409732986212,0.0019044975002327608
sefa_guided_budget,SEFA,1,1,6,22,16,0.00046725652693413975,0.0042680763233160415,0.004735332850250181
sefa_guided_budget,SEFA,1,1,7,23,17,0.00046725652693413975,0.0013582381951317906,0.0018254947220659305
sefa_guided_budget,SEFA,1,1,8,24,18,0.00046725652693413975,0.001156732343659354,0.0016239888705934938
sefa_guided_budget,SEFA,1,1,9,25,19,0.00046725652693413975,0.000940596348081949,0.001407852875016089
sefa_guided_budget,SEFA,1,1,10,26,1a,0.00046725652693413975,0.0004197632179450619,0.0008870197448792017
sefa_guided_budget,SEFA,1,1,11,27,1b,0.00046725652693413975,0.00041781253206439915,0.000885069058998539
sefa_guided_budget,SEFA,1,1,12,28,1c,0.00046725652693413975,0.0010886534064242328,0.0015559099333583726
sefa_guided_budget,SEFA,1,1,13,29,1d,0.00046725652693413975,0.0009829262316923253,0.001450182758626465
sefa_guided_budget,SEFA,1,1,14,30,1e,0.00046725652693413975,0.0006883726637122877,0.0011556291906464275
sefa_guided_budget,SEFA,1,1,15,31,1f,0.00046725652693413975,0.0011949657869203393,0.001662222313854479
sefa_guided_budget,SEFA,1,2,0,32,20,0.000615508223432041,0.0009940451412121017,0.0016095533646441427
sefa_guided_budget,SEFA,1,2,1,33,21,0.000615508223432041,0.0011268868496852177,0.0017423950731172587
sefa_guided_budget,SEFA,1,2,2,34,22,0.000615508223432041,0.0013715028591202954,0.0019870110825523364
sefa_guided_budget,SEFA,1,2,3,35,23,0.000615508223432041,0.0013623346354811815,0.0019778428589132223
sefa_guided_budget,SEFA,1,2,4,36,24,0.000615508223432041,0.0009448878570194062,0.001560396080451447
sefa_guided_budget,SEFA,1,2,5,37,25,0.000615508223432041,0.0014372409732986212,0.002052749196730662
sefa_guided_budget,SEFA,1,2,6,38,26,0.000615508223432041,0.0042680763233160415,0.004883584546748082
sefa_guided_budget,SEFA,1,2,7,39,27,0.000615508223432041,0.0013582381951317906,0.0019737464185638313
sefa_guided_budget,SEFA,1,2,8,40,28,0.000615508223432041,0.001156732343659354,0.001772240567091395
sefa_guided_budget,SEFA,1,2,9,41,29,0.000615508223432041,0.000940596348081949,0.00155610457151399
sefa_guided_budget,SEFA,1,2,10,42,2a,0.000615508223432041,0.0004197632179450619,0.0010352714413771028
sefa_guided_budget,SEFA,1,2,11,43,2b,0.000615508223432041,0.00041781253206439915,0.00103332075549644
sefa_guided_budget,SEFA,1,2,12,44,2c,0.000615508223432041,0.0010886534064242328,0.0017041616298562737
sefa_guided_budget,SEFA,1,2,13,45,2d,0.000615508223432041,0.0009829262316923253,0.0015984344551243663
sefa_guided_budget,SEFA,1,2,14,46,2e,0.000615508223432041,0.0006883726637122877,0.0013038808871443288
sefa_guided_budget,SEFA,1,2,15,47,2f,0.000615508223432041,0.0011949657869203393,0.0018104740103523803
sefa_guided_budget,SEFA,1,3,0,48,30,0.0006499195870070704,0.0009940451412121017,0.0016439647282191722
sefa_guided_budget,SEFA,1,3,1,49,31,0.0006499195870070704,0.0011268868496852177,0.0017768064366922881
sefa_guided_budget,SEFA,1,3,2,50,32,0.0006499195870070704,0.0013715028591202954,0.002021422446127366
sefa_guided_budget,SEFA,1,3,3,51,33,0.0006499195870070704,0.0013623346354811815,0.002012254222488252
sefa_guided_budget,SEFA,1,3,4,52,34,0.0006499195870070704,0.0009448878570194062,0.0015948074440264768
sefa_guided_budget,SEFA,1,3,5,53,35,0.0006499195870070704,0.0014372409732986212,0.002087160560305692
sefa_guided_budget,SEFA,1,3,6,54,36,0.0006499195870070704,0.0042680763233160415,0.004917995910323112
sefa_guided_budget,SEFA,1,3,7,55,37,0.0006499195870070704,0.0013582381951317906,0.002008157782138861
sefa_guided_budget,SEFA,1,3,8,56,38,0.0006499195870070704,0.001156732343659354,0.0018066519306664244
sefa_guided_budget,SEFA,1,3,9,57,39,0.0006499195870070704,0.000940596348081949,0.0015905159350890195
sefa_guided_budget,SEFA,1,3,10,58,3a,0.0006499195870070704,0.0004197632179450619,0.0010696828049521325
sefa_guided_budget,SEFA,1,3,11,59,3b,0.0006499195870070704,0.00041781253206439915,0.0010677321190714695
sefa_guided_budget,SEFA,1,3,12,60,3c,0.0006499195870070704,0.0010886534064242328,0.0017385729934313032
sefa_guided_budget,SEFA,1,3,13,61,3d,0.0006499195870070704,0.0009829262316923253,0.0016328458186993958
sefa_guided_budget,SEFA,1,3,14,62,3e,0.0006499195870070704,0.0006883726637122877,0.001338292250719358
sefa_guided_budget,SEFA,1,3,15,63,3f,0.0006499195870070704,0.0011949657869203393,0.0018448853739274098
sefa_guided_budget,SEFA,1,4,0,64,40,0.0010359868030063743,0.0009940451412121017,0.002030031944218476
sefa_guided_budget,SEFA,1,4,1,65,41,0.0010359868030063743,0.0011268868496852177,0.002162873652691592
sefa_guided_budget,SEFA,1,4,2,66,42,0.0010359868030063743,0.0013715028591202954,0.00240748966212667
sefa_guided_budget,SEFA,1,4,3,67,43,0.0010359868030063743,0.0013623346354811815,0.002398321438487556
sefa_guided_budget,SEFA,1,4,4,68,44,0.0010359868030063743,0.0009448878570194062,0.0019808746600257806
sefa_guided_budget,SEFA,1,4,5,69,45,0.0010359868030063743,0.0014372409732986212,0.0024732277763049957
sefa_guided_budget,SEFA,1,4,6,70,46,0.0010359868030063743,0.0042680763233160415,0.0053040631263224156
sefa_guided_budget,SEFA,1,4,7,71,47,0.0010359868030063743,0.0013582381951317906,0.002394224998138165
sefa_guided_budget,SEFA,1,4,8,72,48,0.0010359868030063743,0.001156732343659354,0.0021927191466657283
sefa_guided_budget,SEFA,1,4,9,73,49,0.0010359868030063743,0.000940596348081949,0.0019765831510883233
sefa_guided_budget,SEFA,1,4,10,74,4a,0.0010359868030063743,0.0004197632179450619,0.0014557500209514363
sefa_guided_budget,SEFA,1,4,11,75,4b,0.0010359868030063743,0.00041781253206439915,0.0014537993350707734
sefa_guided_budget,SEFA,1,4,12,76,4c,0.0010359868030063743,0.0010886534064242328,0.002124640209430607
sefa_guided_budget,SEFA,1,4,13,77,4d,0.0010359868030063743,0.0009829262316923253,0.0020189130346986994
sefa_guided_budget,SEFA,1,4,14,78,4e,0.0010359868030063743,0.0006883726637122877,0.001724359466718662
sefa_guided_budget,SEFA,1,4,15,79,4f,0.0010359868030063743,0.0011949657869203393,0.002230952589926714
sefa_guided_budget,SEFA,1,5,0,80,50,0.00038947741748373047,0.0009940451412121017,0.001383522558695832
sefa_guided_budget,SEFA,1,5,1,81,51,0.00038947741748373047,0.0011268868496852177,0.001516364267168948
sefa_guided_budget,SEFA,1,5,2,82,52,0.00038947741748373047,0.0013715028591202954,0.0017609802766040258
sefa_guided_budget,SEFA,1,5,3,83,53,0.00038947741748373047,0.0013623346354811815,0.0017518120529649121
sefa_guided_budget,SEFA,1,5,4,84,54,0.00038947741748373047,0.0009448878570194062,0.0013343652745031367
sefa_guided_budget,SEFA,1,5,5,85,55,0.00038947741748373047,0.0014372409732986212,0.0018267183907823515
sefa_guided_budget,SEFA,1,5,6,86,56,0.00038947741748373047,0.0042680763233160415,0.004657553740799772
sefa_guided_budget,SEFA,1,5,7,87,57,0.00038947741748373047,0.0013582381951317906,0.0017477156126155212
sefa_guided_budget,SEFA,1,5,8,88,58,0.00038947741748373047,0.001156732343659354,0.0015462097611430845
sefa_guided_budget,SEFA,1,5,9,89,59,0.00038947741748373047,0.000940596348081949,0.0013300737655656796
sefa_guided_budget,SEFA,1,5,10,90,5a,0.00038947741748373047,0.0004197632179450619,0.0008092406354287924
sefa_guided_budget,SEFA,1,5,11,91,5b,0.00038947741748373047,0.00041781253206439915,0.0008072899495481297
sefa_guided_budget,SEFA,1,5,12,92,5c,0.00038947741748373047,0.0010886534064242328,0.0014781308239079634
sefa_guided_budget,SEFA,1,5,13,93,5d,0.00038947741748373047,0.0009829262316923253,0.0013724036491760557
sefa_guided_budget,SEFA,1,5,14,94,5e,0.00038947741748373047,0.0006883726637122877,0.0010778500811960182
sefa_guided_budget,SEFA,1,5,15,95,5f,0.00038947741748373047,0.0011949657869203393,0.0015844432044040697
sefa_guided_budget,SEFA,1,6,0,96,60,0.001271681074068221,0.0009940451412121017,0.0022657262152803227
sefa_guided_budget,SEFA,1,6,1,97,61,0.001271681074068221,0.0011268868496852177,0.0023985679237534386
sefa_guided_budget,SEFA,1,6,2,98,62,0.001271681074068221,0.0013715028591202954,0.0026431839331885164
sefa_guided_budget,SEFA,1,6,3,99,63,0.001271681074068221,0.0013623346354811815,0.0026340157095494027
sefa_guided_budget,SEFA,1,6,4,100,64,0.001271681074068221,0.0009448878570194062,0.002216568931087627
sefa_guided_budget,SEFA,1,6,5,101,65,0.001271681074068221,0.0014372409732986212,0.002708922047366842
sefa_guided_budget,SEFA,1,6,6,102,66,0.001271681074068221,0.0042680763233160415,0.005539757397384262
sefa_guided_budget,SEFA,1,6,7,103,67,0.001271681074068221,0.0013582381951317906,0.0026299192692000118
sefa_guided_budget,SEFA,1,6,8,104,68,0.001271681074068221,0.001156732343659354,0.0024284134177275747
sefa_guided_budget,SEFA,1,6,9,105,69,0.001271681074068221,0.000940596348081949,0.00221227742215017
sefa_guided_budget,SEFA,1,6,10,106,6a,0.001271681074068221,0.0004197632179450619,0.0016914442920132828
sefa_guided_budget,SEFA,1,6,11,107,6b,0.001271681074068221,0.00041781253206439915,0.00168949360613262
sefa_guided_budget,SEFA,1,6,12,108,6c,0.001271681074068221,0.0010886534064242328,0.0023603344804924535
sefa_guided_budget,SEFA,1,6,13,109,6d,0.001271681074068221,0.0009829262316923253,0.0022546073057605463
sefa_guided_budget,SEFA,1,6,14,110,6e,0.001271681074068221,0.0006883726637122877,0.001960053737780509
sefa_guided_budget,SEFA,1,6,15,111,6f,0.001271681074068221,0.0011949657869203393,0.0024666468609885603
sefa_guided_budget,SEFA,1,7,0,112,70,0.0008370608382301764,0.0009940451412121017,0.0018311059794422781
sefa_guided_budget,SEFA,1,7,1,113,71,0.0008370608382301764,0.0011268868496852177,0.001963947687915394
sefa_guided_budget,SEFA,1,7,2,114,72,0.0008370608382301764,0.0013715028591202954,0.002208563697350472
sefa_guided_budget,SEFA,1,7,3,115,73,0.0008370608382301764,0.0013623346354811815,0.002199395473711358
sefa_guided_budget,SEFA,1,7,4,116,74,0.0008370608382301764,0.0009448878570194062,0.0017819486952495825
sefa_guided_budget,SEFA,1,7,5,117,75,0.0008370608382301764,0.0014372409732986212,0.0022743018115287976
sefa_guided_budget,SEFA,1,7,6,118,76,0.0008370608382301764,0.0042680763233160415,0.005105137161546218
sefa_guided_budget,SEFA,1,7,7,119,77,0.0008370608382301764,0.0013582381951317906,0.0021952990333619672
sefa_guided_budget,SEFA,1,7,8,120,78,0.0008370608382301764,0.001156732343659354,0.00199379318188953
sefa_guided_budget,SEFA,1,7,9,121,79,0.0008370608382301764,0.000940596348081949,0.0017776571863121254
sefa_guided_budget,SEFA,1,7,10,122,7a,0.0008370608382301764,0.0004197632179450619,0.0012568240561752382
sefa_guided_budget,SEFA,1,7,11,123,7b,0.0008370608382301764,0.00041781253206439915,0.0012548733702945755
sefa_guided_budget,SEFA,1,7,12,124,7c,0.0008370608382301764,0.0010886534064242328,0.0019257142446544092
sefa_guided_budget,SEFA,1,7,13,125,7d,0.0008370608382301764,0.0009829262316923253,0.0018199870699225017
sefa_guided_budget,SEFA,1,7,14,126,7e,0.0008370608382301764,0.0006883726637122877,0.0015254335019424642
sefa_guided_budget,SEFA,1,7,15,127,7f,0.0008370608382301764,0.0011949657869203393,0.0020320266251505157
sefa_guided_budget,SEFA,1,8,0,128,80,0.0009763561524277273,0.0009940451412121017,0.001970401293639829
sefa_guided_budget,SEFA,1,8,1,129,81,0.0009763561524277273,0.0011268868496852177,0.002103243002112945
sefa_guided_budget,SEFA,1,8,2,130,82,0.0009763561524277273,0.0013715028591202954,0.002347859011548023
sefa_guided_budget,SEFA,1,8,3,131,83,0.0009763561524277273,0.0013623346354811815,0.0023386907879089087
sefa_guided_budget,SEFA,1,8,4,132,84,0.0009763561524277273,0.0009448878570194062,0.0019212440094471335
sefa_guided_budget,SEFA,1,8,5,133,85,0.0009763561524277273,0.0014372409732986212,0.0024135971257263486
sefa_guided_budget,SEFA,1,8,6,134,86,0.0009763561524277273,0.0042680763233160415,0.005244432475743768
sefa_guided_budget,SEFA,1,8,7,135,87,0.0009763561524277273,0.0013582381951317906,0.002334594347559518
sefa_guided_budget,SEFA,1,8,8,136,88,0.0009763561524277273,0.001156732343659354,0.002133088496087081
sefa_guided_budget,SEFA,1,8,9,137,89,0.0009763561524277273,0.000940596348081949,0.0019169525005096762
sefa_guided_budget,SEFA,1,8,10,138,8a,0.0009763561524277273,0.0004197632179450619,0.0013961193703727892
sefa_guided_budget,SEFA,1,8,11,139,8b,0.0009763561524277273,0.00041781253206439915,0.0013941686844921265
sefa_guided_budget,SEFA,1,8,12,140,8c,0.0009763561524277273,0.0010886534064242328,0.00206500955885196
sefa_guided_budget,SEFA,1,8,13,141,8d,0.0009763561524277273,0.0009829262316923253,0.0019592823841200527
sefa_guided_budget,SEFA,1,8,14,142,8e,0.0009763561524277273,0.0006883726637122877,0.001664728816140015
sefa_guided_budget,SEFA,1,8,15,143,8f,0.0009763561524277273,0.0011949657869203393,0.0021713219393480667
sefa_guided_budget,SEFA,1,9,0,144,90,0.001155483798434731,0.0009940451412121017,0.002149528939646833
sefa_guided_budget,SEFA,1,9,1,145,91,0.001155483798434731,0.0011268868496852177,0.002282370648119949
sefa_guided_budget,SEFA,1,9,2,146,92,0.001155483798434731,0.0013715028591202954,0.002526986657555026
sefa_guided_budget,SEFA,1,9,3,147,93,0.001155483798434731,0.0013623346354811815,0.0025178184339159125
sefa_guided_budget,SEFA,1,9,4,148,94,0.001155483798434731,0.0009448878570194062,0.0021003716554541373
sefa_guided_budget,SEFA,1,9,5,149,95,0.001155483798434731,0.0014372409732986212,0.002592724771733352
sefa_guided_budget,SEFA,1,9,6,150,96,0.001155483798434731,0.0042680763233160415,0.005423560121750773
sefa_guided_budget,SEFA,1,9,7,151,97,0.001155483798434731,0.0013582381951317906,0.0025137219935665216
sefa_guided_budget,SEFA,1,9,8,152,98,0.001155483798434731,0.001156732343659354,0.002312216142094085
sefa_guided_budget,SEFA,1,9,9,153,99,0.001155483798434731,0.000940596348081949,0.00209608014651668
sefa_guided_budget,SEFA,1,9,10,154,9a,0.001155483798434731,0.0004197632179450619,0.001575247016379793
sefa_guided_budget,SEFA,1,9,11,155,9b,0.001155483798434731,0.00041781253206439915,0.00157329633049913
sefa_guided_budget,SEFA,1,9,12,156,9c,0.001155483798434731,0.0010886534064242328,0.0022441372048589638
sefa_guided_budget,SEFA,1,9,13,157,9d,0.001155483798434731,0.0009829262316923253,0.0021384100301270565
sefa_guided_budget,SEFA,1,9,14,158,9e,0.001155483798434731,0.0006883726637122877,0.0018438564621470186
sefa_guided_budget,SEFA,1,9,15,159,9f,0.001155483798434731,0.0011949657869203393,0.00235044958535507
sefa_guided_budget,SEFA,1,10,0,160,a0,0.0012144073662001924,0.0009940451412121017,0.002208452507412294
sefa_guided_budget,SEFA,1,10,1,161,a1,0.0012144073662001924,0.0011268868496852177,0.00234129421588541
sefa_guided_budget,SEFA,1,10,2,162,a2,0.0012144073662001924,0.0013715028591202954,0.002585910225320488
sefa_guided_budget,SEFA,1,10,3,163,a3,0.0012144073662001924,0.0013623346354811815,0.0025767420016813737
sefa_guided_budget,SEFA,1,10,4,164,a4,0.0012144073662001924,0.0009448878570194062,0.0021592952232195985
sefa_guided_budget,SEFA,1,10,5,165,a5,0.0012144073662001924,0.0014372409732986212,0.0026516483394988135
sefa_guided_budget,SEFA,1,10,6,166,a6,0.0012144073662001924,0.0042680763233160415,0.005482483689516234
sefa_guided_budget,SEFA,1,10,7,167,a7,0.0012144073662001924,0.0013582381951317906,0.0025726455613319828
sefa_guided_budget,SEFA,1,10,8,168,a8,0.0012144073662001924,0.001156732343659354,0.0023711397098595466
sefa_guided_budget,SEFA,1,10,9,169,a9,0.0012144073662001924,0.000940596348081949,0.002155003714282141
sefa_guided_budget,SEFA,1,10,10,170,aa,0.0012144073662001924,0.0004197632179450619,0.0016341705841452542
sefa_guided_budget,SEFA,1,10,11,171,ab,0.0012144073662001924,0.00041781253206439915,0.0016322198982645915
sefa_guided_budget,SEFA,1,10,12,172,ac,0.0012144073662001924,0.0010886534064242328,0.0023030607726244254
sefa_guided_budget,SEFA,1,10,13,173,ad,0.0012144073662001924,0.0009829262316923253,0.0021973335978925177
sefa_guided_budget,SEFA,1,10,14,174,ae,0.0012144073662001924,0.0006883726637122877,0.0019027800299124802
sefa_guided_budget,SEFA,1,10,15,175,af,0.0012144073662001924,0.0011949657869203393,0.0024093731531205317
sefa_guided_budget,SEFA,1,11,0,176,b0,0.0013742080819801245,0.0009940451412121017,0.0023682532231922263
sefa_guided_budget,SEFA,1,11,1,177,b1,0.0013742080819801245,0.0011268868496852177,0.0025010949316653422
sefa_guided_budget,SEFA,1,11,2,178,b2,0.0013742080819801245,0.0013715028591202954,0.00274571094110042
sefa_guided_budget,SEFA,1,11,3,179,b3,0.0013742080819801245,0.0013623346354811815,0.0027365427174613063
sefa_guided_budget,SEFA,1,11,4,180,b4,0.0013742080819801245,0.0009448878570194062,0.0023190959389995307
sefa_guided_budget,SEFA,1,11,5,181,b5,0.0013742080819801245,0.0014372409732986212,0.0028114490552787457
sefa_guided_budget,SEFA,1,11,6,182,b6,0.0013742080819801245,0.0042680763233160415,0.005642284405296166
sefa_guided_budget,SEFA,1,11,7,183,b7,0.0013742080819801245,0.0013582381951317906,0.0027324462771119154
sefa_guided_budget,SEFA,1,11,8,184,b8,0.0013742080819801245,0.001156732343659354,0.0025309404256394783
sefa_guided_budget,SEFA,1,11,9,185,b9,0.0013742080819801245,0.000940596348081949,0.002314804430062074
sefa_guided_budget,SEFA,1,11,10,186,ba,0.0013742080819801245,0.0004197632179450619,0.0017939712999251864
sefa_guided_budget,SEFA,1,11,11,187,bb,0.0013742080819801245,0.00041781253206439915,0.0017920206140445236
sefa_guided_budget,SEFA,1,11,12,188,bc,0.0013742080819801245,0.0010886534064242328,0.002462861488404357
sefa_guided_budget,SEFA,1,11,13,189,bd,0.0013742080819801245,0.0009829262316923253,0.00235713431367245
sefa_guided_budget,SEFA,1,11,14,190,be,0.0013742080819801245,0.0006883726637122877,0.0020625807456924124
sefa_guided_budget,SEFA,1,11,15,191,bf,0.0013742080819801245,0.0011949657869203393,0.002569173868900464
sefa_guided_budget,SEFA,1,12,0,192,c0,0.00095113686542411,0.0009940451412121017,0.0019451820066362117
sefa_guided_budget,SEFA,1,12,1,193,c1,0.00095113686542411,0.0011268868496852177,0.0020780237151093277
sefa_guided_budget,SEFA,1,12,2,194,c2,0.00095113686542411,0.0013715028591202954,0.0023226397245444054
sefa_guided_budget,SEFA,1,12,3,195,c3,0.00095113686542411,0.0013623346354811815,0.0023134715009052913
sefa_guided_budget,SEFA,1,12,4,196,c4,0.00095113686542411,0.0009448878570194062,0.001896024722443516
sefa_guided_budget,SEFA,1,12,5,197,c5,0.00095113686542411,0.0014372409732986212,0.002388377838722731
sefa_guided_budget,SEFA,1,12,6,198,c6,0.00095113686542411,0.0042680763233160415,0.0052192131887401514
sefa_guided_budget,SEFA,1,12,7,199,c7,0.00095113686542411,0.0013582381951317906,0.0023093750605559004
sefa_guided_budget,SEFA,1,12,8,200,c8,0.00095113686542411,0.001156732343659354,0.002107869209083464
sefa_guided_budget,SEFA,1,12,9,201,c9,0.00095113686542411,0.000940596348081949,0.001891733213506059
sefa_guided_budget,SEFA,1,12,10,202,ca,0.00095113686542411,0.0004197632179450619,0.0013709000833691718
sefa_guided_budget,SEFA,1,12,11,203,cb,0.00095113686542411,0.00041781253206439915,0.001368949397488509
sefa_guided_budget,SEFA,1,12,12,204,cc,0.00095113686542411,0.0010886534064242328,0.002039790271848343
sefa_guided_budget,SEFA,1,12,13,205,cd,0.00095113686542411,0.0009829262316923253,0.0019340630971164353
sefa_guided_budget,SEFA,1,12,14,206,ce,0.00095113686542411,0.0006883726637122877,0.0016395095291363978
sefa_guided_budget,SEFA,1,12,15,207,cf,0.00095113686542411,0.0011949657869203393,0.0021461026523444493
sefa_guided_budget,SEFA,1,13,0,208,d0,0.005073429666295801,0.0009940451412121017,0.006067474807507902
sefa_guided_budget,SEFA,1,13,1,209,d1,0.005073429666295801,0.0011268868496852177,0.006200316515981018
sefa_guided_budget,SEFA,1,13,2,210,d2,0.005073429666295801,0.0013715028591202954,0.0064449325254160965
sefa_guided_budget,SEFA,1,13,3,211,d3,0.005073429666295801,0.0013623346354811815,0.006435764301776982
sefa_guided_budget,SEFA,1,13,4,212,d4,0.005073429666295801,0.0009448878570194062,0.006018317523315207
sefa_guided_budget,SEFA,1,13,5,213,d5,0.005073429666295801,0.0014372409732986212,0.006510670639594422
sefa_guided_budget,SEFA,1,13,6,214,d6,0.005073429666295801,0.0042680763233160415,0.009341505989611842
sefa_guided_budget,SEFA,1,13,7,215,d7,0.005073429666295801,0.0013582381951317906,0.006431667861427591
sefa_guided_budget,SEFA,1,13,8,216,d8,0.005073429666295801,0.001156732343659354,0.006230162009955155
sefa_guided_budget,SEFA,1,13,9,217,d9,0.005073429666295801,0.000940596348081949,0.006014026014377749
sefa_guided_budget,SEFA,1,13,10,218,da,0.005073429666295801,0.0004197632179450619,0.005493192884240863
sefa_guided_budget,SEFA,1,13,11,219,db,0.005073429666295801,0.00041781253206439915,0.0054912421983602
sefa_guided_budget,SEFA,1,13,12,220,dc,0.005073429666295801,0.0010886534064242328,0.006162083072720034
sefa_guided_budget,SEFA,1,13,13,221,dd,0.005073429666295801,0.0009829262316923253,0.006056355897988126
sefa_guided_budget,SEFA,1,13,14,222,de,0.005073429666295801,0.0006883726637122877,0.0057618023300080885
sefa_guided_budget,SEFA,1,13,15,223,df,0.005073429666295801,0.0011949657869203393,0.0062683954532161395
sefa_guided_budget,SEFA,1,14,0,224,e0,0.0010322156946693853,0.0009940451412121017,0.002026260835881487
sefa_guided_budget,SEFA,1,14,1,225,e1,0.0010322156946693853,0.0011268868496852177,0.002159102544354603
sefa_guided_budget,SEFA,1,14,2,226,e2,0.0010322156946693853,0.0013715028591202954,0.0024037185537896808
sefa_guided_budget,SEFA,1,14,3,227,e3,0.0010322156946693853,0.0013623346354811815,0.002394550330150567
sefa_guided_budget,SEFA,1,14,4,228,e4,0.0010322156946693853,0.0009448878570194062,0.0019771035516887915
sefa_guided_budget,SEFA,1,14,5,229,e5,0.0010322156946693853,0.0014372409732986212,0.0024694566679680065
sefa_guided_budget,SEFA,1,14,6,230,e6,0.0010322156946693853,0.0042680763233160415,0.005300292017985427
sefa_guided_budget,SEFA,1,14,7,231,e7,0.0010322156946693853,0.0013582381951317906,0.002390453889801176
sefa_guided_budget,SEFA,1,14,8,232,e8,0.0010322156946693853,0.001156732343659354,0.002188948038328739
sefa_guided_budget,SEFA,1,14,9,233,e9,0.0010322156946693853,0.000940596348081949,0.0019728120427513346
sefa_guided_budget,SEFA,1,14,10,234,ea,0.0010322156946693853,0.0004197632179450619,0.0014519789126144472
sefa_guided_budget,SEFA,1,14,11,235,eb,0.0010322156946693853,0.00041781253206439915,0.0014500282267337844
sefa_guided_budget,SEFA,1,14,12,236,ec,0.0010322156946693853,0.0010886534064242328,0.002120869101093618
sefa_guided_budget,SEFA,1,14,13,237,ed,0.0010322156946693853,0.0009829262316923253,0.0020151419263617107
sefa_guided_budget,SEFA,1,14,14,238,ee,0.0010322156946693853,0.0006883726637122877,0.0017205883583816732
sefa_guided_budget,SEFA,1,14,15,239,ef,0.0010322156946693853,0.0011949657869203393,0.0022271814815897246
sefa_guided_budget,SEFA,1,15,0,240,f0,0.0008339968127063726,0.0009940451412121017,0.0018280419539184745
sefa_guided_budget,SEFA,1,15,1,241,f1,0.0008339968127063726,0.0011268868496852177,0.0019608836623915904
sefa_guided_budget,SEFA,1,15,2,242,f2,0.0008339968127063726,0.0013715028591202954,0.002205499671826668
sefa_guided_budget,SEFA,1,15,3,243,f3,0.0008339968127063726,0.0013623346354811815,0.002196331448187554
sefa_guided_budget,SEFA,1,15,4,244,f4,0.0008339968127063726,0.0009448878570194062,0.0017788846697257788
sefa_guided_budget,SEFA,1,15,5,245,f5,0.0008339968127063726,0.0014372409732986212,0.002271237786004994
sefa_guided_budget,SEFA,1,15,6,246,f6,0.0008339968127063726,0.0042680763233160415,0.005102073136022414
sefa_guided_budget,SEFA,1,15,7,247,f7,0.0008339968127063726,0.0013582381951317906,0.002192235007838163
sefa_guided_budget,SEFA,1,15,8,248,f8,0.0008339968127063726,0.001156732343659354,0.0019907291563657265
sefa_guided_budget,SEFA,1,15,9,249,f9,0.0008339968127063726,0.000940596348081949,0.0017745931607883215
sefa_guided_budget,SEFA,1,15,10,250,fa,0.0008339968127063726,0.0004197632179450619,0.0012537600306514345
sefa_guided_budget,SEFA,1,15,11,251,fb,0.0008339968127063726,0.00041781253206439915,0.0012518093447707718
sefa_guided_budget,SEFA,1,15,12,252,fc,0.0008339968127063726,0.0010886534064242328,0.0019226502191306053
sefa_guided_budget,SEFA,1,15,13,253,fd,0.0008339968127063726,0.0009829262316923253,0.001816923044398698
sefa_guided_budget,SEFA,1,15,14,254,fe,0.0008339968127063726,0.0006883726637122877,0.0015223694764186604
sefa_guided_budget,SEFA,1,15,15,255,ff,0.0008339968127063726,0.0011949657869203393,0.002028962599626712
sifa_random_raw,SIFA,0,0,0,0,00,0.0002156357647809228,0.0008319700347262861,0.001047605799507209
sifa_random_raw,SIFA,0,0,1,1,01,0.0002156357647809228,0.0007705548417646453,0.0009861906065455682
sifa_random_raw,SIFA,0,0,2,2,02,0.0002156357647809228,0.0003094958569221821,0.0005251316217031049
sifa_random_raw,SIFA,0,0,3,3,03,0.0002156357647809228,0.0004127445871185638,0.0006283803518994867
sifa_random_raw,SIFA,0,0,4,4,04,0.0002156357647809228,0.0006895579930761048,0.0009051937578570276
sifa_random_raw,SIFA,0,0,5,5,05,0.0002156357647809228,0.0007803456696280954,0.0009959814344090183
sifa_random_raw,SIFA,0,0,6,6,06,0.0002156357647809228,0.000785686121189977,0.0010013218859708998
sifa_random_raw,SIFA,0,0,7,7,07,0.0002156357647809228,0.0005711779834543909,0.0007868137482353137
sifa_random_raw,SIFA,0,0,8,8,08,0.0002156357647809228,0.0009815026784589773,0.0011971384432399002
sifa_random_raw,SIFA,0,0,9,9,09,0.0002156357647809228,0.0010126553125699544,0.0012282910773508773
sifa_random_raw,SIFA,0,0,10,10,0a,0.0002156357647809228,0.0009022859802910635,0.0011179217450719863
sifa_random_raw,SIFA,0,0,11,11,0b,0.0002156357647809228,0.0009165271844560814,0.0011321629492370042
sifa_random_raw,SIFA,0,0,12,12,0c,0.0002156357647809228,0.0004430071459692273,0.0006586429107501501
sifa_random_raw,SIFA,0,0,13,13,0d,0.0002156357647809228,0.0003949430819122915,0.0006105788466932143
sifa_random_raw,SIFA,0,0,14,14,0e,0.0002156357647809228,0.0005293444462196503,0.000744980211000573
sifa_random_raw,SIFA,0,0,15,15,0f,0.0002156357647809228,0.0008684631203991458,0.0010840988851800687
sifa_random_raw,SIFA,0,1,0,16,10,0.00019822027277558587,0.0008319700347262861,0.001030190307501872
sifa_random_raw,SIFA,0,1,1,17,11,0.00019822027277558587,0.0007705548417646453,0.0009687751145402312
sifa_random_raw,SIFA,0,1,2,18,12,0.00019822027277558587,0.0003094958569221821,0.000507716129697768
sifa_random_raw,SIFA,0,1,3,19,13,0.00019822027277558587,0.0004127445871185638,0.0006109648598941497
sifa_random_raw,SIFA,0,1,4,20,14,0.00019822027277558587,0.0006895579930761048,0.0008877782658516907
sifa_random_raw,SIFA,0,1,5,21,15,0.00019822027277558587,0.0007803456696280954,0.0009785659424036812
sifa_random_raw,SIFA,0,1,6,22,16,0.00019822027277558587,0.000785686121189977,0.0009839063939655628
sifa_random_raw,SIFA,0,1,7,23,17,0.00019822027277558587,0.0005711779834543909,0.0007693982562299768
sifa_random_raw,SIFA,0,1,8,24,18,0.00019822027277558587,0.0009815026784589773,0.0011797229512345631
sifa_random_raw,SIFA,0,1,9,25,19,0.00019822027277558587,0.0010126553125699544,0.0012108755853455402
sifa_random_raw,SIFA,0,1,10,26,1a,0.00019822027277558587,0.0009022859802910635,0.0011005062530666492
sifa_random_raw,SIFA,0,1,11,27,1b,0.00019822027277558587,0.0009165271844560814,0.0011147474572316672
sifa_random_raw,SIFA,0,1,12,28,1c,0.00019822027277558587,0.0004430071459692273,0.0006412274187448132
sifa_random_raw,SIFA,0,1,13,29,1d,0.00019822027277558587,0.0003949430819122915,0.0005931633546878773
sifa_random_raw,SIFA,0,1,14,30,1e,0.00019822027277558587,0.0005293444462196503,0.0007275647189952362
sifa_random_raw,SIFA,0,1,15,31,1f,0.00019822027277558587,0.0008684631203991458,0.0010666833931747316
sifa_random_raw,SIFA,0,2,0,32,20,0.00028747466930293666,0.0008319700347262861,0.0011194447040292228
sifa_random_raw,SIFA,0,2,1,33,21,0.00028747466930293666,0.0007705548417646453,0.001058029511067582
sifa_random_raw,SIFA,0,2,2,34,22,0.00028747466930293666,0.0003094958569221821,0.0005969705262251188
sifa_random_raw,SIFA,0,2,3,35,23,0.00028747466930293666,0.0004127445871185638,0.0007002192564215005
sifa_random_raw,SIFA,0,2,4,36,24,0.00028747466930293666,0.0006895579930761048,0.0009770326623790414
sifa_random_raw,SIFA,0,2,5,37,25,0.00028747466930293666,0.0007803456696280954,0.001067820338931032
sifa_random_raw,SIFA,0,2,6,38,26,0.00028747466930293666,0.000785686121189977,0.0010731607904929136
sifa_random_raw,SIFA,0,2,7,39,27,0.00028747466930293666,0.0005711779834543909,0.0008586526527573276
sifa_random_raw,SIFA,0,2,8,40,28,0.00028747466930293666,0.0009815026784589773,0.001268977347761914
sifa_random_raw,SIFA,0,2,9,41,29,0.00028747466930293666,0.0010126553125699544,0.001300129981872891
sifa_random_raw,SIFA,0,2,10,42,2a,0.00028747466930293666,0.0009022859802910635,0.0011897606495940001
sifa_random_raw,SIFA,0,2,11,43,2b,0.00028747466930293666,0.0009165271844560814,0.001204001853759018
sifa_random_raw,SIFA,0,2,12,44,2c,0.00028747466930293666,0.0004430071459692273,0.000730481815272164
sifa_random_raw,SIFA,0,2,13,45,2d,0.00028747466930293666,0.0003949430819122915,0.0006824177512152281
sifa_random_raw,SIFA,0,2,14,46,2e,0.00028747466930293666,0.0005293444462196503,0.0008168191155225869
sifa_random_raw,SIFA,0,2,15,47,2f,0.00028747466930293666,0.0008684631203991458,0.0011559377897020825
sifa_random_raw,SIFA,0,3,0,48,30,0.0003239383556891108,0.0008319700347262861,0.0011559083904153968
sifa_random_raw,SIFA,0,3,1,49,31,0.0003239383556891108,0.0007705548417646453,0.001094493197453756
sifa_random_raw,SIFA,0,3,2,50,32,0.0003239383556891108,0.0003094958569221821,0.0006334342126112929
sifa_random_raw,SIFA,0,3,3,51,33,0.0003239383556891108,0.0004127445871185638,0.0007366829428076746
sifa_random_raw,SIFA,0,3,4,52,34,0.0003239383556891108,0.0006895579930761048,0.0010134963487652155
sifa_random_raw,SIFA,0,3,5,53,35,0.0003239383556891108,0.0007803456696280954,0.001104284025317206
sifa_random_raw,SIFA,0,3,6,54,36,0.0003239383556891108,0.000785686121189977,0.0011096244768790877
sifa_random_raw,SIFA,0,3,7,55,37,0.0003239383556891108,0.0005711779834543909,0.0008951163391435017
sifa_random_raw,SIFA,0,3,8,56,38,0.0003239383556891108,0.0009815026784589773,0.001305441034148088
sifa_random_raw,SIFA,0,3,9,57,39,0.0003239383556891108,0.0010126553125699544,0.0013365936682590651
sifa_random_raw,SIFA,0,3,10,58,3a,0.0003239383556891108,0.0009022859802910635,0.0012262243359801742
sifa_random_raw,SIFA,0,3,11,59,3b,0.0003239383556891108,0.0009165271844560814,0.001240465540145192
sifa_random_raw,SIFA,0,3,12,60,3c,0.0003239383556891108,0.0004430071459692273,0.0007669455016583381
sifa_random_raw,SIFA,0,3,13,61,3d,0.0003239383556891108,0.0003949430819122915,0.0007188814376014023
sifa_random_raw,SIFA,0,3,14,62,3e,0.0003239383556891108,0.0005293444462196503,0.0008532828019087611
sifa_random_raw,SIFA,0,3,15,63,3f,0.0003239383556891108,0.0008684631203991458,0.0011924014760882565
sifa_random_raw,SIFA,0,4,0,64,40,0.000573197585015493,0.0008319700347262861,0.001405167619741779
sifa_random_raw,SIFA,0,4,1,65,41,0.000573197585015493,0.0007705548417646453,0.0013437524267801383
sifa_random_raw,SIFA,0,4,2,66,42,0.000573197585015493,0.0003094958569221821,0.0008826934419376751
sifa_random_raw,SIFA,0,4,3,67,43,0.000573197585015493,0.0004127445871185638,0.0009859421721340569
sifa_random_raw,SIFA,0,4,4,68,44,0.000573197585015493,0.0006895579930761048,0.0012627555780915978
sifa_random_raw,SIFA,0,4,5,69,45,0.000573197585015493,0.0007803456696280954,0.0013535432546435884
sifa_random_raw,SIFA,0,4,6,70,46,0.000573197585015493,0.000785686121189977,0.00135888370620547
sifa_random_raw,SIFA,0,4,7,71,47,0.000573197585015493,0.0005711779834543909,0.001144375568469884
sifa_random_raw,SIFA,0,4,8,72,48,0.000573197585015493,0.0009815026784589773,0.0015547002634744703
sifa_random_raw,SIFA,0,4,9,73,49,0.000573197585015493,0.0010126553125699544,0.0015858528975854474
sifa_random_raw,SIFA,0,4,10,74,4a,0.000573197585015493,0.0009022859802910635,0.0014754835653065564
sifa_random_raw,SIFA,0,4,11,75,4b,0.000573197585015493,0.0009165271844560814,0.0014897247694715743
sifa_random_raw,SIFA,0,4,12,76,4c,0.000573197585015493,0.0004430071459692273,0.0010162047309847204
sifa_random_raw,SIFA,0,4,13,77,4d,0.000573197585015493,0.0003949430819122915,0.0009681406669277844
sifa_random_raw,SIFA,0,4,14,78,4e,0.000573197585015493,0.0005293444462196503,0.0011025420312351431
sifa_random_raw,SIFA,0,4,15,79,4f,0.000573197585015493,0.0008684631203991458,0.0014416607054146388
sifa_random_raw,SIFA,0,5,0,80,50,0.0003277479945652779,0.0008319700347262861,0.001159718029291564
sifa_random_raw,SIFA,0,5,1,81,51,0.0003277479945652779,0.0007705548417646453,0.001098302836329923
sifa_random_raw,SIFA,0,5,2,82,52,0.0003277479945652779,0.0003094958569221821,0.00063724385148746
sifa_random_raw,SIFA,0,5,3,83,53,0.0003277479945652779,0.0004127445871185638,0.0007404925816838416
sifa_random_raw,SIFA,0,5,4,84,54,0.0003277479945652779,0.0006895579930761048,0.0010173059876413828
sifa_random_raw,SIFA,0,5,5,85,55,0.0003277479945652779,0.0007803456696280954,0.0011080936641933731
sifa_random_raw,SIFA,0,5,6,86,56,0.0003277479945652779,0.000785686121189977,0.0011134341157552547
sifa_random_raw,SIFA,0,5,7,87,57,0.0003277479945652779,0.0005711779834543909,0.0008989259780196688
sifa_random_raw,SIFA,0,5,8,88,58,0.0003277479945652779,0.0009815026784589773,0.0013092506730242553
sifa_random_raw,SIFA,0,5,9,89,59,0.0003277479945652779,0.0010126553125699544,0.0013404033071352322
sifa_random_raw,SIFA,0,5,10,90,5a,0.0003277479945652779,0.0009022859802910635,0.0012300339748563412
sifa_random_raw,SIFA,0,5,11,91,5b,0.0003277479945652779,0.0009165271844560814,0.0012442751790213594
sifa_random_raw,SIFA,0,5,12,92,5c,0.0003277479945652779,0.0004430071459692273,0.0007707551405345052
sifa_random_raw,SIFA,0,5,13,93,5d,0.0003277479945652779,0.0003949430819122915,0.0007226910764775694
sifa_random_raw,SIFA,0,5,14,94,5e,0.0003277479945652779,0.0005293444462196503,0.0008570924407849281
sifa_random_raw,SIFA,0,5,15,95,5f,0.0003277479945652779,0.0008684631203991458,0.0011962111149644238
sifa_random_raw,SIFA,0,6,0,96,60,0.0005068010217451466,0.0008319700347262861,0.0013387710564714327
sifa_random_raw,SIFA,0,6,1,97,61,0.0005068010217451466,0.0007705548417646453,0.0012773558635097919
sifa_random_raw,SIFA,0,6,2,98,62,0.0005068010217451466,0.0003094958569221821,0.0008162968786673287
sifa_random_raw,SIFA,0,6,3,99,63,0.0005068010217451466,0.0004127445871185638,0.0009195456088637104
sifa_random_raw,SIFA,0,6,4,100,64,0.0005068010217451466,0.0006895579930761048,0.0011963590148212514
sifa_random_raw,SIFA,0,6,5,101,65,0.0005068010217451466,0.0007803456696280954,0.001287146691373242
sifa_random_raw,SIFA,0,6,6,102,66,0.0005068010217451466,0.000785686121189977,0.0012924871429351235
sifa_random_raw,SIFA,0,6,7,103,67,0.0005068010217451466,0.0005711779834543909,0.0010779790051995376
sifa_random_raw,SIFA,0,6,8,104,68,0.0005068010217451466,0.0009815026784589773,0.001488303700204124
sifa_random_raw,SIFA,0,6,9,105,69,0.0005068010217451466,0.0010126553125699544,0.001519456334315101
sifa_random_raw,SIFA,0,6,10,106,6a,0.0005068010217451466,0.0009022859802910635,0.00140908700203621
sifa_random_raw,SIFA,0,6,11,107,6b,0.0005068010217451466,0.0009165271844560814,0.001423328206201228
sifa_random_raw,SIFA,0,6,12,108,6c,0.0005068010217451466,0.0004430071459692273,0.0009498081677143739
sifa_random_raw,SIFA,0,6,13,109,6d,0.0005068010217451466,0.0003949430819122915,0.000901744103657438
sifa_random_raw,SIFA,0,6,14,110,6e,0.0005068010217451466,0.0005293444462196503,0.0010361454679647967
sifa_random_raw,SIFA,0,6,15,111,6f,0.0005068010217451466,0.0008684631203991458,0.0013752641421442924
sifa_random_raw,SIFA,0,7,0,112,70,0.0006717039616706789,0.0008319700347262861,0.001503673996396965
sifa_random_raw,SIFA,0,7,1,113,71,0.0006717039616706789,0.0007705548417646453,0.0014422588034353242
sifa_random_raw,SIFA,0,7,2,114,72,0.0006717039616706789,0.0003094958569221821,0.000981199818592861
sifa_random_raw,SIFA,0,7,3,115,73,0.0006717039616706789,0.0004127445871185638,0.0010844485487892428
sifa_random_raw,SIFA,0,7,4,116,74,0.0006717039616706789,0.0006895579930761048,0.0013612619547467837
sifa_random_raw,SIFA,0,7,5,117,75,0.0006717039616706789,0.0007803456696280954,0.0014520496312987743
sifa_random_raw,SIFA,0,7,6,118,76,0.0006717039616706789,0.000785686121189977,0.0014573900828606559
sifa_random_raw,SIFA,0,7,7,119,77,0.0006717039616706789,0.0005711779834543909,0.0012428819451250697
sifa_random_raw,SIFA,0,7,8,120,78,0.0006717039616706789,0.0009815026784589773,0.0016532066401296563
sifa_random_raw,SIFA,0,7,9,121,79,0.0006717039616706789,0.0010126553125699544,0.0016843592742406333
sifa_random_raw,SIFA,0,7,10,122,7a,0.0006717039616706789,0.0009022859802910635,0.0015739899419617424
sifa_random_raw,SIFA,0,7,11,123,7b,0.0006717039616706789,0.0009165271844560814,0.0015882311461267603
sifa_random_raw,SIFA,0,7,12,124,7c,0.0006717039616706789,0.0004430071459692273,0.001114711107639906
sifa_random_raw,SIFA,0,7,13,125,7d,0.0006717039616706789,0.0003949430819122915,0.0010666470435829703
sifa_random_raw,SIFA,0,7,14,126,7e,0.0006717039616706789,0.0005293444462196503,0.0012010484078903293
sifa_random_raw,SIFA,0,7,15,127,7f,0.0006717039616706789,0.0008684631203991458,0.0015401670820698247
sifa_random_raw,SIFA,0,8,0,128,80,0.00028475349867710287,0.0008319700347262861,0.001116723533403389
sifa_random_raw,SIFA,0,8,1,129,81,0.00028475349867710287,0.0007705548417646453,0.0010553083404417482
sifa_random_raw,SIFA,0,8,2,130,82,0.00028475349867710287,0.0003094958569221821,0.000594249355599285
sifa_random_raw,SIFA,0,8,3,131,83,0.00028475349867710287,0.0004127445871185638,0.0006974980857956667
sifa_random_raw,SIFA,0,8,4,132,84,0.00028475349867710287,0.0006895579930761048,0.0009743114917532077
sifa_random_raw,SIFA,0,8,5,133,85,0.00028475349867710287,0.0007803456696280954,0.0010650991683051982
sifa_random_raw,SIFA,0,8,6,134,86,0.00028475349867710287,0.000785686121189977,0.0010704396198670798
sifa_random_raw,SIFA,0,8,7,135,87,0.00028475349867710287,0.0005711779834543909,0.0008559314821314938
sifa_random_raw,SIFA,0,8,8,136,88,0.00028475349867710287,0.0009815026784589773,0.0012662561771360802
sifa_random_raw,SIFA,0,8,9,137,89,0.00028475349867710287,0.0010126553125699544,0.0012974088112470573
sifa_random_raw,SIFA,0,8,10,138,8a,0.00028475349867710287,0.0009022859802910635,0.0011870394789681663
sifa_random_raw,SIFA,0,8,11,139,8b,0.00028475349867710287,0.0009165271844560814,0.0012012806831331842
sifa_random_raw,SIFA,0,8,12,140,8c,0.00028475349867710287,0.0004430071459692273,0.0007277606446463302
sifa_random_raw,SIFA,0,8,13,141,8d,0.00028475349867710287,0.0003949430819122915,0.0006796965805893943
sifa_random_raw,SIFA,0,8,14,142,8e,0.00028475349867710287,0.0005293444462196503,0.0008140979448967531
sifa_random_raw,SIFA,0,8,15,143,8f,0.00028475349867710287,0.0008684631203991458,0.0011532166190762487
sifa_random_raw,SIFA,0,9,0,144,90,0.0004855758908636423,0.0008319700347262861,0.0013175459255899283
sifa_random_raw,SIFA,0,9,1,145,91,0.0004855758908636423,0.0007705548417646453,0.0012561307326282877
sifa_random_raw,SIFA,0,9,2,146,92,0.0004855758908636423,0.0003094958569221821,0.0007950717477858244
sifa_random_raw,SIFA,0,9,3,147,93,0.0004855758908636423,0.0004127445871185638,0.0008983204779822061
sifa_random_raw,SIFA,0,9,4,148,94,0.0004855758908636423,0.0006895579930761048,0.001175133883939747
sifa_random_raw,SIFA,0,9,5,149,95,0.0004855758908636423,0.0007803456696280954,0.0012659215604917378
sifa_random_raw,SIFA,0,9,6,150,96,0.0004855758908636423,0.000785686121189977,0.0012712620120536194
sifa_random_raw,SIFA,0,9,7,151,97,0.0004855758908636423,0.0005711779834543909,0.0010567538743180332
sifa_random_raw,SIFA,0,9,8,152,98,0.0004855758908636423,0.0009815026784589773,0.0014670785693226196
sifa_random_raw,SIFA,0,9,9,153,99,0.0004855758908636423,0.0010126553125699544,0.0014982312034335968
sifa_random_raw,SIFA,0,9,10,154,9a,0.0004855758908636423,0.0009022859802910635,0.0013878618711547059
sifa_random_raw,SIFA,0,9,11,155,9b,0.0004855758908636423,0.0009165271844560814,0.0014021030753197236
sifa_random_raw,SIFA,0,9,12,156,9c,0.0004855758908636423,0.0004430071459692273,0.0009285830368328696
sifa_random_raw,SIFA,0,9,13,157,9d,0.0004855758908636423,0.0003949430819122915,0.0008805189727759339
sifa_random_raw,SIFA,0,9,14,158,9e,0.0004855758908636423,0.0005293444462196503,0.0010149203370832926
sifa_random_raw,SIFA,0,9,15,159,9f,0.0004855758908636423,0.0008684631203991458,0.001354039011262788
sifa_random_raw,SIFA,0,10,0,160,a0,0.0004561872481046367,0.0008319700347262861,0.0012881572828309228
sifa_random_raw,SIFA,0,10,1,161,a1,0.0004561872481046367,0.0007705548417646453,0.001226742089869282
sifa_random_raw,SIFA,0,10,2,162,a2,0.0004561872481046367,0.0003094958569221821,0.0007656831050268188
sifa_random_raw,SIFA,0,10,3,163,a3,0.0004561872481046367,0.0004127445871185638,0.0008689318352232006
sifa_random_raw,SIFA,0,10,4,164,a4,0.0004561872481046367,0.0006895579930761048,0.0011457452411807415
sifa_random_raw,SIFA,0,10,5,165,a5,0.0004561872481046367,0.0007803456696280954,0.001236532917732732
sifa_random_raw,SIFA,0,10,6,166,a6,0.0004561872481046367,0.000785686121189977,0.0012418733692946137
sifa_random_raw,SIFA,0,10,7,167,a7,0.0004561872481046367,0.0005711779834543909,0.0010273652315590277
sifa_random_raw,SIFA,0,10,8,168,a8,0.0004561872481046367,0.0009815026784589773,0.001437689926563614
sifa_random_raw,SIFA,0,10,9,169,a9,0.0004561872481046367,0.0010126553125699544,0.001468842560674591
sifa_random_raw,SIFA,0,10,10,170,aa,0.0004561872481046367,0.0009022859802910635,0.0013584732283957002
sifa_random_raw,SIFA,0,10,11,171,ab,0.0004561872481046367,0.0009165271844560814,0.001372714432560718
sifa_random_raw,SIFA,0,10,12,172,ac,0.0004561872481046367,0.0004430071459692273,0.000899194394073864
sifa_random_raw,SIFA,0,10,13,173,ad,0.0004561872481046367,0.0003949430819122915,0.0008511303300169281
sifa_random_raw,SIFA,0,10,14,174,ae,0.0004561872481046367,0.0005293444462196503,0.0009855316943242869
sifa_random_raw,SIFA,0,10,15,175,af,0.0004561872481046367,0.0008684631203991458,0.0013246503685037825
sifa_random_raw,SIFA,0,11,0,176,b0,0.00037074249045345315,0.0008319700347262861,0.0012027125251797392
sifa_random_raw,SIFA,0,11,1,177,b1,0.00037074249045345315,0.0007705548417646453,0.0011412973322180984
sifa_random_raw,SIFA,0,11,2,178,b2,0.00037074249045345315,0.0003094958569221821,0.0006802383473756353
sifa_random_raw,SIFA,0,11,3,179,b3,0.00037074249045345315,0.0004127445871185638,0.000783487077572017
sifa_random_raw,SIFA,0,11,4,180,b4,0.00037074249045345315,0.0006895579930761048,0.0010603004835295579
sifa_random_raw,SIFA,0,11,5,181,b5,0.00037074249045345315,0.0007803456696280954,0.0011510881600815485
sifa_random_raw,SIFA,0,11,6,182,b6,0.00037074249045345315,0.000785686121189977,0.00115642861164343
sifa_random_raw,SIFA,0,11,7,183,b7,0.00037074249045345315,0.0005711779834543909,0.0009419204739078441
sifa_random_raw,SIFA,0,11,8,184,b8,0.00037074249045345315,0.0009815026784589773,0.0013522451689124304
sifa_random_raw,SIFA,0,11,9,185,b9,0.00037074249045345315,0.0010126553125699544,0.0013833978030234075
sifa_random_raw,SIFA,0,11,10,186,ba,0.00037074249045345315,0.0009022859802910635,0.0012730284707445166
sifa_random_raw,SIFA,0,11,11,187,bb,0.00037074249045345315,0.0009165271844560814,0.0012872696749095345
sifa_random_raw,SIFA,0,11,12,188,bc,0.00037074249045345315,0.0004430071459692273,0.0008137496364226805
sifa_random_raw,SIFA,0,11,13,189,bd,0.00037074249045345315,0.0003949430819122915,0.0007656855723657446
sifa_random_raw,SIFA,0,11,14,190,be,0.00037074249045345315,0.0005293444462196503,0.0009000869366731035
sifa_random_raw,SIFA,0,11,15,191,bf,0.00037074249045345315,0.0008684631203991458,0.001239205610852599
sifa_random_raw,SIFA,0,12,0,192,c0,0.0006292536999076704,0.0008319700347262861,0.0014612237346339565
sifa_random_raw,SIFA,0,12,1,193,c1,0.0006292536999076704,0.0007705548417646453,0.0013998085416723157
sifa_random_raw,SIFA,0,12,2,194,c2,0.0006292536999076704,0.0003094958569221821,0.0009387495568298525
sifa_random_raw,SIFA,0,12,3,195,c3,0.0006292536999076704,0.0004127445871185638,0.0010419982870262343
sifa_random_raw,SIFA,0,12,4,196,c4,0.0006292536999076704,0.0006895579930761048,0.0013188116929837752
sifa_random_raw,SIFA,0,12,5,197,c5,0.0006292536999076704,0.0007803456696280954,0.0014095993695357658
sifa_random_raw,SIFA,0,12,6,198,c6,0.0006292536999076704,0.000785686121189977,0.0014149398210976474
sifa_random_raw,SIFA,0,12,7,199,c7,0.0006292536999076704,0.0005711779834543909,0.0012004316833620614
sifa_random_raw,SIFA,0,12,8,200,c8,0.0006292536999076704,0.0009815026784589773,0.0016107563783666478
sifa_random_raw,SIFA,0,12,9,201,c9,0.0006292536999076704,0.0010126553125699544,0.0016419090124776248
sifa_random_raw,SIFA,0,12,10,202,ca,0.0006292536999076704,0.0009022859802910635,0.0015315396801987339
sifa_random_raw,SIFA,0,12,11,203,cb,0.0006292536999076704,0.0009165271844560814,0.0015457808843637518
sifa_random_raw,SIFA,0,12,12,204,cc,0.0006292536999076704,0.0004430071459692273,0.0010722608458768978
sifa_random_raw,SIFA,0,12,13,205,cd,0.0006292536999076704,0.0003949430819122915,0.0010241967818199619
sifa_random_raw,SIFA,0,12,14,206,ce,0.0006292536999076704,0.0005293444462196503,0.0011585981461273206
sifa_random_raw,SIFA,0,12,15,207,cf,0.0006292536999076704,0.0008684631203991458,0.0014977168203068162
sifa_random_raw,SIFA,0,13,0,208,d0,0.00037672906583028785,0.0008319700347262861,0.001208699100556574
sifa_random_raw,SIFA,0,13,1,209,d1,0.00037672906583028785,0.0007705548417646453,0.001147283907594933
sifa_random_raw,SIFA,0,13,2,210,d2,0.00037672906583028785,0.0003094958569221821,0.00068622492275247
sifa_random_raw,SIFA,0,13,3,211,d3,0.00037672906583028785,0.0004127445871185638,0.0007894736529488516
sifa_random_raw,SIFA,0,13,4,212,d4,0.00037672906583028785,0.0006895579930761048,0.0010662870589063927
sifa_random_raw,SIFA,0,13,5,213,d5,0.00037672906583028785,0.0007803456696280954,0.0011570747354583831
sifa_random_raw,SIFA,0,13,6,214,d6,0.00037672906583028785,0.000785686121189977,0.0011624151870202647
sifa_random_raw,SIFA,0,13,7,215,d7,0.00037672906583028785,0.0005711779834543909,0.0009479070492846788
sifa_random_raw,SIFA,0,13,8,216,d8,0.00037672906583028785,0.0009815026784589773,0.0013582317442892653
sifa_random_raw,SIFA,0,13,9,217,d9,0.00037672906583028785,0.0010126553125699544,0.0013893843784002421
sifa_random_raw,SIFA,0,13,10,218,da,0.00037672906583028785,0.0009022859802910635,0.0012790150461213512
sifa_random_raw,SIFA,0,13,11,219,db,0.00037672906583028785,0.0009165271844560814,0.0012932562502863693
sifa_random_raw,SIFA,0,13,12,220,dc,0.00037672906583028785,0.0004430071459692273,0.0008197362117995152
sifa_random_raw,SIFA,0,13,13,221,dd,0.00037672906583028785,0.0003949430819122915,0.0007716721477425794
sifa_random_raw,SIFA,0,13,14,222,de,0.00037672906583028785,0.0005293444462196503,0.0009060735120499381
sifa_random_raw,SIFA,0,13,15,223,df,0.00037672906583028785,0.0008684631203991458,0.0012451921862294338
sifa_random_raw,SIFA,0,14,0,224,e0,0.0004164581569674623,0.0008319700347262861,0.0012484281916937483
sifa_random_raw,SIFA,0,14,1,225,e1,0.0004164581569674623,0.0007705548417646453,0.0011870129987321075
sifa_random_raw,SIFA,0,14,2,226,e2,0.0004164581569674623,0.0003094958569221821,0.0007259540138896444
sifa_random_raw,SIFA,0,14,3,227,e3,0.0004164581569674623,0.0004127445871185638,0.0008292027440860261
sifa_random_raw,SIFA,0,14,4,228,e4,0.0004164581569674623,0.0006895579930761048,0.001106016150043567
sifa_random_raw,SIFA,0,14,5,229,e5,0.0004164581569674623,0.0007803456696280954,0.0011968038265955576
sifa_random_raw,SIFA,0,14,6,230,e6,0.0004164581569674623,0.000785686121189977,0.0012021442781574392
sifa_random_raw,SIFA,0,14,7,231,e7,0.0004164581569674623,0.0005711779834543909,0.0009876361404218533
sifa_random_raw,SIFA,0,14,8,232,e8,0.0004164581569674623,0.0009815026784589773,0.0013979608354264396
sifa_random_raw,SIFA,0,14,9,233,e9,0.0004164581569674623,0.0010126553125699544,0.0014291134695374166
sifa_random_raw,SIFA,0,14,10,234,ea,0.0004164581569674623,0.0009022859802910635,0.0013187441372585257
sifa_random_raw,SIFA,0,14,11,235,eb,0.0004164581569674623,0.0009165271844560814,0.0013329853414235436
sifa_random_raw,SIFA,0,14,12,236,ec,0.0004164581569674623,0.0004430071459692273,0.0008594653029366896
sifa_random_raw,SIFA,0,14,13,237,ed,0.0004164581569674623,0.0003949430819122915,0.0008114012388797538
sifa_random_raw,SIFA,0,14,14,238,ee,0.0004164581569674623,0.0005293444462196503,0.0009458026031871126
sifa_random_raw,SIFA,0,14,15,239,ef,0.0004164581569674623,0.0008684631203991458,0.001284921277366608
sifa_random_raw,SIFA,0,15,0,240,f0,0.0007859931279557017,0.0008319700347262861,0.0016179631626819877
sifa_random_raw,SIFA,0,15,1,241,f1,0.0007859931279557017,0.0007705548417646453,0.0015565479697203471
sifa_random_raw,SIFA,0,15,2,242,f2,0.0007859931279557017,0.0003094958569221821,0.0010954889848778838
sifa_random_raw,SIFA,0,15,3,243,f3,0.0007859931279557017,0.0004127445871185638,0.0011987377150742655
sifa_random_raw,SIFA,0,15,4,244,f4,0.0007859931279557017,0.0006895579930761048,0.0014755511210318064
sifa_random_raw,SIFA,0,15,5,245,f5,0.0007859931279557017,0.0007803456696280954,0.0015663387975837972
sifa_random_raw,SIFA,0,15,6,246,f6,0.0007859931279557017,0.000785686121189977,0.0015716792491456788
sifa_random_raw,SIFA,0,15,7,247,f7,0.0007859931279557017,0.0005711779834543909,0.0013571711114100926
sifa_random_raw,SIFA,0,15,8,248,f8,0.0007859931279557017,0.0009815026784589773,0.001767495806414679
sifa_random_raw,SIFA,0,15,9,249,f9,0.0007859931279557017,0.0010126553125699544,0.0017986484405256562
sifa_random_raw,SIFA,0,15,10,250,fa,0.0007859931279557017,0.0009022859802910635,0.0016882791082467653
sifa_random_raw,SIFA,0,15,11,251,fb,0.0007859931279557017,0.0009165271844560814,0.001702520312411783
sifa_random_raw,SIFA,0,15,12,252,fc,0.0007859931279557017,0.0004430071459692273,0.001229000273924929
sifa_random_raw,SIFA,0,15,13,253,fd,0.0007859931279557017,0.0003949430819122915,0.0011809362098679933
sifa_random_raw,SIFA,0,15,14,254,fe,0.0007859931279557017,0.0005293444462196503,0.001315337574175352
sifa_random_raw,SIFA,0,15,15,255,ff,0.0007859931279557017,0.0008684631203991458,0.0016544562483548474
sifa_random_raw,SIFA,1,0,0,0,00,0.0003361093826559291,0.0008573900567447603,0.0011934994394006894
sifa_random_raw,SIFA,1,0,1,1,01,0.0003361093826559291,0.0004667934226413444,0.0008029028052972735
sifa_random_raw,SIFA,1,0,2,2,02,0.0003361093826559291,0.0003892153382697652,0.0007253247209256943
sifa_random_raw,SIFA,1,0,3,3,03,0.0003361093826559291,0.0005173093845577214,0.0008534187672136505
sifa_random_raw,SIFA,1,0,4,4,04,0.0003361093826559291,0.0006769759070434136,0.0010130852896993426
sifa_random_raw,SIFA,1,0,5,5,05,0.0003361093826559291,0.0012380639126146021,0.0015741732952705312
sifa_random_raw,SIFA,1,0,6,6,06,0.0003361093826559291,0.0009340660703678328,0.0012701754530237619
sifa_random_raw,SIFA,1,0,7,7,07,0.0003361093826559291,0.0009015915234215902,0.0012377009060775194
sifa_random_raw,SIFA,1,0,8,8,08,0.0003361093826559291,0.00023856952326914042,0.0005746789059250695
sifa_random_raw,SIFA,1,0,9,9,09,0.0003361093826559291,0.000736512576444858,0.0010726219591007872
sifa_random_raw,SIFA,1,0,10,10,0a,0.0003361093826559291,0.000288183414437011,0.0006242927970929401
sifa_random_raw,SIFA,1,0,11,11,0b,0.0003361093826559291,0.0004604789274017975,0.0007965883100577267
sifa_random_raw,SIFA,1,0,12,12,0c,0.0003361093826559291,0.0005389590825218833,0.0008750684651778124
sifa_random_raw,SIFA,1,0,13,13,0d,0.0003361093826559291,0.0005064845355756407,0.0008425939182315698
sifa_random_raw,SIFA,1,0,14,14,0e,0.0003361093826559291,0.000481226554617452,0.0008173359372733811
sifa_random_raw,SIFA,1,0,15,15,0f,0.0003361093826559291,0.0004505561491682231,0.0007866655318241522
sifa_random_raw,SIFA,1,1,0,16,10,0.0003982335689042395,0.0008573900567447603,0.0012556236256489998
sifa_random_raw,SIFA,1,1,1,17,11,0.0003982335689042395,0.0004667934226413444,0.0008650269915455839
sifa_random_raw,SIFA,1,1,2,18,12,0.0003982335689042395,0.0003892153382697652,0.0007874489071740047
sifa_random_raw,SIFA,1,1,3,19,13,0.0003982335689042395,0.0005173093845577214,0.0009155429534619608
sifa_random_raw,SIFA,1,1,4,20,14,0.0003982335689042395,0.0006769759070434136,0.001075209475947653
sifa_random_raw,SIFA,1,1,5,21,15,0.0003982335689042395,0.0012380639126146021,0.0016362974815188416
sifa_random_raw,SIFA,1,1,6,22,16,0.0003982335689042395,0.0009340660703678328,0.0013322996392720722
sifa_random_raw,SIFA,1,1,7,23,17,0.0003982335689042395,0.0009015915234215902,0.0012998250923258298
sifa_random_raw,SIFA,1,1,8,24,18,0.0003982335689042395,0.00023856952326914042,0.0006368030921733798
sifa_random_raw,SIFA,1,1,9,25,19,0.0003982335689042395,0.000736512576444858,0.0011347461453490976
sifa_random_raw,SIFA,1,1,10,26,1a,0.0003982335689042395,0.000288183414437011,0.0006864169833412505
sifa_random_raw,SIFA,1,1,11,27,1b,0.0003982335689042395,0.0004604789274017975,0.000858712496306037
sifa_random_raw,SIFA,1,1,12,28,1c,0.0003982335689042395,0.0005389590825218833,0.0009371926514261228
sifa_random_raw,SIFA,1,1,13,29,1d,0.0003982335689042395,0.0005064845355756407,0.0009047181044798801
sifa_random_raw,SIFA,1,1,14,30,1e,0.0003982335689042395,0.000481226554617452,0.0008794601235216915
sifa_random_raw,SIFA,1,1,15,31,1f,0.0003982335689042395,0.0004505561491682231,0.0008487897180724626
sifa_random_raw,SIFA,1,2,0,32,20,0.00039372455538621713,0.0008573900567447603,0.0012511146121309774
sifa_random_raw,SIFA,1,2,1,33,21,0.00039372455538621713,0.0004667934226413444,0.0008605179780275616
sifa_random_raw,SIFA,1,2,2,34,22,0.00039372455538621713,0.0003892153382697652,0.0007829398936559824
sifa_random_raw,SIFA,1,2,3,35,23,0.00039372455538621713,0.0005173093845577214,0.0009110339399439385
sifa_random_raw,SIFA,1,2,4,36,24,0.00039372455538621713,0.0006769759070434136,0.0010707004624296308
sifa_random_raw,SIFA,1,2,5,37,25,0.00039372455538621713,0.0012380639126146021,0.0016317884680008192
sifa_random_raw,SIFA,1,2,6,38,26,0.00039372455538621713,0.0009340660703678328,0.0013277906257540498
sifa_random_raw,SIFA,1,2,7,39,27,0.00039372455538621713,0.0009015915234215902,0.0012953160788078074
sifa_random_raw,SIFA,1,2,8,40,28,0.00039372455538621713,0.00023856952326914042,0.0006322940786553576
sifa_random_raw,SIFA,1,2,9,41,29,0.00039372455538621713,0.000736512576444858,0.0011302371318310752
sifa_random_raw,SIFA,1,2,10,42,2a,0.00039372455538621713,0.000288183414437011,0.0006819079698232281
sifa_random_raw,SIFA,1,2,11,43,2b,0.00039372455538621713,0.0004604789274017975,0.0008542034827880146
sifa_random_raw,SIFA,1,2,12,44,2c,0.00039372455538621713,0.0005389590825218833,0.0009326836379081004
sifa_random_raw,SIFA,1,2,13,45,2d,0.00039372455538621713,0.0005064845355756407,0.0009002090909618577
sifa_random_raw,SIFA,1,2,14,46,2e,0.00039372455538621713,0.000481226554617452,0.0008749511100036692
sifa_random_raw,SIFA,1,2,15,47,2f,0.00039372455538621713,0.0004505561491682231,0.0008442807045544402
sifa_random_raw,SIFA,1,3,0,48,30,0.00037017748479209944,0.0008573900567447603,0.0012275675415368598
sifa_random_raw,SIFA,1,3,1,49,31,0.00037017748479209944,0.0004667934226413444,0.0008369709074334438
sifa_random_raw,SIFA,1,3,2,50,32,0.00037017748479209944,0.0003892153382697652,0.0007593928230618647
sifa_random_raw,SIFA,1,3,3,51,33,0.00037017748479209944,0.0005173093845577214,0.0008874868693498208
sifa_random_raw,SIFA,1,3,4,52,34,0.00037017748479209944,0.0006769759070434136,0.0010471533918355131
sifa_random_raw,SIFA,1,3,5,53,35,0.00037017748479209944,0.0012380639126146021,0.0016082413974067016
sifa_random_raw,SIFA,1,3,6,54,36,0.00037017748479209944,0.0009340660703678328,0.0013042435551599322
sifa_random_raw,SIFA,1,3,7,55,37,0.00037017748479209944,0.0009015915234215902,0.0012717690082136896
sifa_random_raw,SIFA,1,3,8,56,38,0.00037017748479209944,0.00023856952326914042,0.0006087470080612398
sifa_random_raw,SIFA,1,3,9,57,39,0.00037017748479209944,0.000736512576444858,0.0011066900612369574
sifa_random_raw,SIFA,1,3,10,58,3a,0.00037017748479209944,0.000288183414437011,0.0006583608992291104
sifa_random_raw,SIFA,1,3,11,59,3b,0.00037017748479209944,0.0004604789274017975,0.000830656412193897
sifa_random_raw,SIFA,1,3,12,60,3c,0.00037017748479209944,0.0005389590825218833,0.0009091365673139827
sifa_random_raw,SIFA,1,3,13,61,3d,0.00037017748479209944,0.0005064845355756407,0.0008766620203677401
sifa_random_raw,SIFA,1,3,14,62,3e,0.00037017748479209944,0.000481226554617452,0.0008514040394095514
sifa_random_raw,SIFA,1,3,15,63,3f,0.00037017748479209944,0.0004505561491682231,0.0008207336339603225
sifa_random_raw,SIFA,1,4,0,64,40,0.00038620953285617963,0.0008573900567447603,0.0012435995896009399
sifa_random_raw,SIFA,1,4,1,65,41,0.00038620953285617963,0.0004667934226413444,0.000853002955497524
sifa_random_raw,SIFA,1,4,2,66,42,0.00038620953285617963,0.0003892153382697652,0.0007754248711259449
sifa_random_raw,SIFA,1,4,3,67,43,0.00038620953285617963,0.0005173093845577214,0.000903518917413901
sifa_random_raw,SIFA,1,4,4,68,44,0.00038620953285617963,0.0006769759070434136,0.0010631854398995932
sifa_random_raw,SIFA,1,4,5,69,45,0.00038620953285617963,0.0012380639126146021,0.0016242734454707817
sifa_random_raw,SIFA,1,4,6,70,46,0.00038620953285617963,0.0009340660703678328,0.0013202756032240125
sifa_random_raw,SIFA,1,4,7,71,47,0.00038620953285617963,0.0009015915234215902,0.0012878010562777699
sifa_random_raw,SIFA,1,4,8,72,48,0.00038620953285617963,0.00023856952326914042,0.0006247790561253201
sifa_random_raw,SIFA,1,4,9,73,49,0.00038620953285617963,0.000736512576444858,0.0011227221093010377
sifa_random_raw,SIFA,1,4,10,74,4a,0.00038620953285617963,0.000288183414437011,0.0006743929472931906
sifa_random_raw,SIFA,1,4,11,75,4b,0.00038620953285617963,0.0004604789274017975,0.0008466884602579771
sifa_random_raw,SIFA,1,4,12,76,4c,0.00038620953285617963,0.0005389590825218833,0.0009251686153780629
sifa_random_raw,SIFA,1,4,13,77,4d,0.00038620953285617963,0.0005064845355756407,0.0008926940684318203
sifa_random_raw,SIFA,1,4,14,78,4e,0.00038620953285617963,0.000481226554617452,0.0008674360874736317
sifa_random_raw,SIFA,1,4,15,79,4f,0.00038620953285617963,0.0004505561491682231,0.0008367656820244027
sifa_random_raw,SIFA,1,5,0,80,50,0.0007233835437038642,0.0008573900567447603,0.0015807736004486246
sifa_random_raw,SIFA,1,5,1,81,51,0.0007233835437038642,0.0004667934226413444,0.0011901769663452085
sifa_random_raw,SIFA,1,5,2,82,52,0.0007233835437038642,0.0003892153382697652,0.0011125988819736293
sifa_random_raw,SIFA,1,5,3,83,53,0.0007233835437038642,0.0005173093845577214,0.0012406929282615855
sifa_random_raw,SIFA,1,5,4,84,54,0.0007233835437038642,0.0006769759070434136,0.001400359450747278
sifa_random_raw,SIFA,1,5,5,85,55,0.0007233835437038642,0.0012380639126146021,0.0019614474563184664
sifa_random_raw,SIFA,1,5,6,86,56,0.0007233835437038642,0.0009340660703678328,0.001657449614071697
sifa_random_raw,SIFA,1,5,7,87,57,0.0007233835437038642,0.0009015915234215902,0.0016249750671254544
sifa_random_raw,SIFA,1,5,8,88,58,0.0007233835437038642,0.00023856952326914042,0.0009619530669730046
sifa_random_raw,SIFA,1,5,9,89,59,0.0007233835437038642,0.000736512576444858,0.0014598961201487222
sifa_random_raw,SIFA,1,5,10,90,5a,0.0007233835437038642,0.000288183414437011,0.0010115669581408752
sifa_random_raw,SIFA,1,5,11,91,5b,0.0007233835437038642,0.0004604789274017975,0.0011838624711056618
sifa_random_raw,SIFA,1,5,12,92,5c,0.0007233835437038642,0.0005389590825218833,0.0012623426262257475
sifa_random_raw,SIFA,1,5,13,93,5d,0.0007233835437038642,0.0005064845355756407,0.001229868079279505
sifa_random_raw,SIFA,1,5,14,94,5e,0.0007233835437038642,0.000481226554617452,0.0012046100983213162
sifa_random_raw,SIFA,1,5,15,95,5f,0.0007233835437038642,0.0004505561491682231,0.0011739396928720873
sifa_random_raw,SIFA,1,6,0,96,60,0.0004849068287506727,0.0008573900567447603,0.001342296885495433
sifa_random_raw,SIFA,1,6,1,97,61,0.0004849068287506727,0.0004667934226413444,0.0009517002513920171
sifa_random_raw,SIFA,1,6,2,98,62,0.0004849068287506727,0.0003892153382697652,0.0008741221670204379
sifa_random_raw,SIFA,1,6,3,99,63,0.0004849068287506727,0.0005173093845577214,0.0010022162133083942
sifa_random_raw,SIFA,1,6,4,100,64,0.0004849068287506727,0.0006769759070434136,0.0011618827357940862
sifa_random_raw,SIFA,1,6,5,101,65,0.0004849068287506727,0.0012380639126146021,0.0017229707413652748
sifa_random_raw,SIFA,1,6,6,102,66,0.0004849068287506727,0.0009340660703678328,0.0014189728991185055
sifa_random_raw,SIFA,1,6,7,103,67,0.0004849068287506727,0.0009015915234215902,0.001386498352172263
sifa_random_raw,SIFA,1,6,8,104,68,0.0004849068287506727,0.00023856952326914042,0.0007234763520198131
sifa_random_raw,SIFA,1,6,9,105,69,0.0004849068287506727,0.000736512576444858,0.0012214194051955308
sifa_random_raw,SIFA,1,6,10,106,6a,0.0004849068287506727,0.000288183414437011,0.0007730902431876837
sifa_random_raw,SIFA,1,6,11,107,6b,0.0004849068287506727,0.0004604789274017975,0.0009453857561524703
sifa_random_raw,SIFA,1,6,12,108,6c,0.0004849068287506727,0.0005389590825218833,0.001023865911272556
sifa_random_raw,SIFA,1,6,13,109,6d,0.0004849068287506727,0.0005064845355756407,0.0009913913643263134
sifa_random_raw,SIFA,1,6,14,110,6e,0.0004849068287506727,0.000481226554617452,0.0009661333833681247
sifa_random_raw,SIFA,1,6,15,111,6f,0.0004849068287506727,0.0004505561491682231,0.0009354629779188958
sifa_random_raw,SIFA,1,7,0,112,70,0.00033310337364391405,0.0008573900567447603,0.0011904934303886743
sifa_random_raw,SIFA,1,7,1,113,71,0.00033310337364391405,0.0004667934226413444,0.0007998967962852585
sifa_random_raw,SIFA,1,7,2,114,72,0.00033310337364391405,0.0003892153382697652,0.0007223187119136793
sifa_random_raw,SIFA,1,7,3,115,73,0.00033310337364391405,0.0005173093845577214,0.0008504127582016354
sifa_random_raw,SIFA,1,7,4,116,74,0.00033310337364391405,0.0006769759070434136,0.0010100792806873276
sifa_random_raw,SIFA,1,7,5,117,75,0.00033310337364391405,0.0012380639126146021,0.001571167286258516
sifa_random_raw,SIFA,1,7,6,118,76,0.00033310337364391405,0.0009340660703678328,0.001267169444011747
sifa_random_raw,SIFA,1,7,7,119,77,0.00033310337364391405,0.0009015915234215902,0.0012346948970655043
sifa_random_raw,SIFA,1,7,8,120,78,0.00033310337364391405,0.00023856952326914042,0.0005716728969130545
sifa_random_raw,SIFA,1,7,9,121,79,0.00033310337364391405,0.000736512576444858,0.001069615950088772
sifa_random_raw,SIFA,1,7,10,122,7a,0.00033310337364391405,0.000288183414437011,0.000621286788080925
sifa_random_raw,SIFA,1,7,11,123,7b,0.00033310337364391405,0.0004604789274017975,0.0007935823010457115
sifa_random_raw,SIFA,1,7,12,124,7c,0.00033310337364391405,0.0005389590825218833,0.0008720624561657974
sifa_random_raw,SIFA,1,7,13,125,7d,0.00033310337364391405,0.0005064845355756407,0.0008395879092195547
sifa_random_raw,SIFA,1,7,14,126,7e,0.00033310337364391405,0.000481226554617452,0.0008143299282613661
sifa_random_raw,SIFA,1,7,15,127,7f,0.00033310337364391405,0.0004505561491682231,0.0007836595228121371
sifa_random_raw,SIFA,1,8,0,128,80,0.0002940252564877188,0.0008573900567447603,0.0011514153132324793
sifa_random_raw,SIFA,1,8,1,129,81,0.0002940252564877188,0.0004667934226413444,0.0007608186791290632
sifa_random_raw,SIFA,1,8,2,130,82,0.0002940252564877188,0.0003892153382697652,0.000683240594757484
sifa_random_raw,SIFA,1,8,3,131,83,0.0002940252564877188,0.0005173093845577214,0.0008113346410454402
sifa_random_raw,SIFA,1,8,4,132,84,0.0002940252564877188,0.0006769759070434136,0.0009710011635311324
sifa_random_raw,SIFA,1,8,5,133,85,0.0002940252564877188,0.0012380639126146021,0.001532089169102321
sifa_random_raw,SIFA,1,8,6,134,86,0.0002940252564877188,0.0009340660703678328,0.0012280913268555515
sifa_random_raw,SIFA,1,8,7,135,87,0.0002940252564877188,0.0009015915234215902,0.001195616779909309
sifa_random_raw,SIFA,1,8,8,136,88,0.0002940252564877188,0.00023856952326914042,0.0005325947797568593
sifa_random_raw,SIFA,1,8,9,137,89,0.0002940252564877188,0.000736512576444858,0.0010305378329325768
sifa_random_raw,SIFA,1,8,10,138,8a,0.0002940252564877188,0.000288183414437011,0.0005822086709247298
sifa_random_raw,SIFA,1,8,11,139,8b,0.0002940252564877188,0.0004604789274017975,0.0007545041838895163
sifa_random_raw,SIFA,1,8,12,140,8c,0.0002940252564877188,0.0005389590825218833,0.0008329843390096021
sifa_random_raw,SIFA,1,8,13,141,8d,0.0002940252564877188,0.0005064845355756407,0.0008005097920633595
sifa_random_raw,SIFA,1,8,14,142,8e,0.0002940252564877188,0.000481226554617452,0.0007752518111051709
sifa_random_raw,SIFA,1,8,15,143,8f,0.0002940252564877188,0.0004505561491682231,0.0007445814056559419
sifa_random_raw,SIFA,1,9,0,144,90,0.0005991351712072434,0.0008573900567447603,0.0014565252279520038
sifa_random_raw,SIFA,1,9,1,145,91,0.0005991351712072434,0.0004667934226413444,0.0010659285938485878
sifa_random_raw,SIFA,1,9,2,146,92,0.0005991351712072434,0.0003892153382697652,0.0009883505094770086
sifa_random_raw,SIFA,1,9,3,147,93,0.0005991351712072434,0.0005173093845577214,0.0011164445557649647
sifa_random_raw,SIFA,1,9,4,148,94,0.0005991351712072434,0.0006769759070434136,0.001276111078250657
sifa_random_raw,SIFA,1,9,5,149,95,0.0005991351712072434,0.0012380639126146021,0.0018371990838218456
sifa_random_raw,SIFA,1,9,6,150,96,0.0005991351712072434,0.0009340660703678328,0.001533201241575076
sifa_random_raw,SIFA,1,9,7,151,97,0.0005991351712072434,0.0009015915234215902,0.0015007266946288336
sifa_random_raw,SIFA,1,9,8,152,98,0.0005991351712072434,0.00023856952326914042,0.0008377046944763838
sifa_random_raw,SIFA,1,9,9,153,99,0.0005991351712072434,0.000736512576444858,0.0013356477476521014
sifa_random_raw,SIFA,1,9,10,154,9a,0.0005991351712072434,0.000288183414437011,0.0008873185856442543
sifa_random_raw,SIFA,1,9,11,155,9b,0.0005991351712072434,0.0004604789274017975,0.0010596140986090408
sifa_random_raw,SIFA,1,9,12,156,9c,0.0005991351712072434,0.0005389590825218833,0.0011380942537291268
sifa_random_raw,SIFA,1,9,13,157,9d,0.0005991351712072434,0.0005064845355756407,0.001105619706782884
sifa_random_raw,SIFA,1,9,14,158,9e,0.0005991351712072434,0.000481226554617452,0.0010803617258246954
sifa_random_raw,SIFA,1,9,15,159,9f,0.0005991351712072434,0.0004505561491682231,0.0010496913203754663
sifa_random_raw,SIFA,1,10,0,160,a0,0.00041727162598033455,0.0008573900567447603,0.0012746616827250948
sifa_random_raw,SIFA,1,10,1,161,a1,0.00041727162598033455,0.0004667934226413444,0.000884065048621679
sifa_random_raw,SIFA,1,10,2,162,a2,0.00041727162598033455,0.0003892153382697652,0.0008064869642500998
sifa_random_raw,SIFA,1,10,3,163,a3,0.00041727162598033455,0.0005173093845577214,0.000934581010538056
sifa_random_raw,SIFA,1,10,4,164,a4,0.00041727162598033455,0.0006769759070434136,0.0010942475330237482
sifa_random_raw,SIFA,1,10,5,165,a5,0.00041727162598033455,0.0012380639126146021,0.0016553355385949366
sifa_random_raw,SIFA,1,10,6,166,a6,0.00041727162598033455,0.0009340660703678328,0.0013513376963481673
sifa_random_raw,SIFA,1,10,7,167,a7,0.00041727162598033455,0.0009015915234215902,0.0013188631494019248
sifa_random_raw,SIFA,1,10,8,168,a8,0.00041727162598033455,0.00023856952326914042,0.000655841149249475
sifa_random_raw,SIFA,1,10,9,169,a9,0.00041727162598033455,0.000736512576444858,0.0011537842024251926
sifa_random_raw,SIFA,1,10,10,170,aa,0.00041727162598033455,0.000288183414437011,0.0007054550404173455
sifa_random_raw,SIFA,1,10,11,171,ab,0.00041727162598033455,0.0004604789274017975,0.0008777505533821321
sifa_random_raw,SIFA,1,10,12,172,ac,0.00041727162598033455,0.0005389590825218833,0.0009562307085022178
sifa_random_raw,SIFA,1,10,13,173,ad,0.00041727162598033455,0.0005064845355756407,0.0009237561615559752
sifa_random_raw,SIFA,1,10,14,174,ae,0.00041727162598033455,0.000481226554617452,0.0008984981805977866
sifa_random_raw,SIFA,1,10,15,175,af,0.00041727162598033455,0.0004505561491682231,0.0008678277751485576
sifa_random_raw,SIFA,1,11,0,176,b0,0.00032709135561988397,0.0008573900567447603,0.0011844814123646444
sifa_random_raw,SIFA,1,11,1,177,b1,0.00032709135561988397,0.0004667934226413444,0.0007938847782612284
sifa_random_raw,SIFA,1,11,2,178,b2,0.00032709135561988397,0.0003892153382697652,0.0007163066938896492
sifa_random_raw,SIFA,1,11,3,179,b3,0.00032709135561988397,0.0005173093845577214,0.0008444007401776053
sifa_random_raw,SIFA,1,11,4,180,b4,0.00032709135561988397,0.0006769759070434136,0.0010040672626632976
sifa_random_raw,SIFA,1,11,5,181,b5,0.00032709135561988397,0.0012380639126146021,0.0015651552682344862
sifa_random_raw,SIFA,1,11,6,182,b6,0.00032709135561988397,0.0009340660703678328,0.0012611574259877166
sifa_random_raw,SIFA,1,11,7,183,b7,0.00032709135561988397,0.0009015915234215902,0.0012286828790414742
sifa_random_raw,SIFA,1,11,8,184,b8,0.00032709135561988397,0.00023856952326914042,0.0005656608788890244
sifa_random_raw,SIFA,1,11,9,185,b9,0.00032709135561988397,0.000736512576444858,0.001063603932064742
sifa_random_raw,SIFA,1,11,10,186,ba,0.00032709135561988397,0.000288183414437011,0.000615274770056895
sifa_random_raw,SIFA,1,11,11,187,bb,0.00032709135561988397,0.0004604789274017975,0.0007875702830216814
sifa_random_raw,SIFA,1,11,12,188,bc,0.00032709135561988397,0.0005389590825218833,0.0008660504381417673
sifa_random_raw,SIFA,1,11,13,189,bd,0.00032709135561988397,0.0005064845355756407,0.0008335758911955246
sifa_random_raw,SIFA,1,11,14,190,be,0.00032709135561988397,0.000481226554617452,0.000808317910237336
sifa_random_raw,SIFA,1,11,15,191,bf,0.00032709135561988397,0.0004505561491682231,0.0007776475047881071
sifa_random_raw,SIFA,1,12,0,192,c0,0.00031356431506581676,0.0008573900567447603,0.0011709543718105772
sifa_random_raw,SIFA,1,12,1,193,c1,0.00031356431506581676,0.0004667934226413444,0.0007803577377071612
sifa_random_raw,SIFA,1,12,2,194,c2,0.00031356431506581676,0.0003892153382697652,0.000702779653335582
sifa_random_raw,SIFA,1,12,3,195,c3,0.00031356431506581676,0.0005173093845577214,0.0008308736996235381
sifa_random_raw,SIFA,1,12,4,196,c4,0.00031356431506581676,0.0006769759070434136,0.0009905402221092304
sifa_random_raw,SIFA,1,12,5,197,c5,0.00031356431506581676,0.0012380639126146021,0.001551628227680419
sifa_random_raw,SIFA,1,12,6,198,c6,0.00031356431506581676,0.0009340660703678328,0.0012476303854336494
sifa_random_raw,SIFA,1,12,7,199,c7,0.00031356431506581676,0.0009015915234215902,0.001215155838487407
sifa_random_raw,SIFA,1,12,8,200,c8,0.00031356431506581676,0.00023856952326914042,0.0005521338383349572
sifa_random_raw,SIFA,1,12,9,201,c9,0.00031356431506581676,0.000736512576444858,0.0010500768915106748
sifa_random_raw,SIFA,1,12,10,202,ca,0.00031356431506581676,0.000288183414437011,0.0006017477295028277
sifa_random_raw,SIFA,1,12,11,203,cb,0.00031356431506581676,0.0004604789274017975,0.0007740432424676142
sifa_random_raw,SIFA,1,12,12,204,cc,0.00031356431506581676,0.0005389590825218833,0.0008525233975877001
sifa_random_raw,SIFA,1,12,13,205,cd,0.00031356431506581676,0.0005064845355756407,0.0008200488506414574
sifa_random_raw,SIFA,1,12,14,206,ce,0.00031356431506581676,0.000481226554617452,0.0007947908696832688
sifa_random_raw,SIFA,1,12,15,207,cf,0.00031356431506581676,0.0004505561491682231,0.0007641204642340399
sifa_random_raw,SIFA,1,13,0,208,d0,0.0005705780855931008,0.0008573900567447603,0.001427968142337861
sifa_random_raw,SIFA,1,13,1,209,d1,0.0005705780855931008,0.0004667934226413444,0.0010373715082344452
sifa_random_raw,SIFA,1,13,2,210,d2,0.0005705780855931008,0.0003892153382697652,0.000959793423862866
sifa_random_raw,SIFA,1,13,3,211,d3,0.0005705780855931008,0.0005173093845577214,0.0010878874701508222
sifa_random_raw,SIFA,1,13,4,212,d4,0.0005705780855931008,0.0006769759070434136,0.0012475539926365144
sifa_random_raw,SIFA,1,13,5,213,d5,0.0005705780855931008,0.0012380639126146021,0.0018086419982077028
sifa_random_raw,SIFA,1,13,6,214,d6,0.0005705780855931008,0.0009340660703678328,0.0015046441559609337
sifa_random_raw,SIFA,1,13,7,215,d7,0.0005705780855931008,0.0009015915234215902,0.001472169609014691
sifa_random_raw,SIFA,1,13,8,216,d8,0.0005705780855931008,0.00023856952326914042,0.0008091476088622413
sifa_random_raw,SIFA,1,13,9,217,d9,0.0005705780855931008,0.000736512576444858,0.0013070906620379589
sifa_random_raw,SIFA,1,13,10,218,da,0.0005705780855931008,0.000288183414437011,0.0008587615000301118
sifa_random_raw,SIFA,1,13,11,219,db,0.0005705780855931008,0.0004604789274017975,0.0010310570129948983
sifa_random_raw,SIFA,1,13,12,220,dc,0.0005705780855931008,0.0005389590825218833,0.001109537168114984
sifa_random_raw,SIFA,1,13,13,221,dd,0.0005705780855931008,0.0005064845355756407,0.0010770626211687416
sifa_random_raw,SIFA,1,13,14,222,de,0.0005705780855931008,0.000481226554617452,0.001051804640210553
sifa_random_raw,SIFA,1,13,15,223,df,0.0005705780855931008,0.0004505561491682231,0.001021134234761324
sifa_random_raw,SIFA,1,14,0,224,e0,0.0006647663679695713,0.0008573900567447603,0.0015221564247143316
sifa_random_raw,SIFA,1,14,1,225,e1,0.0006647663679695713,0.0004667934226413444,0.0011315597906109156
sifa_random_raw,SIFA,1,14,2,226,e2,0.0006647663679695713,0.0003892153382697652,0.0010539817062393364
sifa_random_raw,SIFA,1,14,3,227,e3,0.0006647663679695713,0.0005173093845577214,0.0011820757525272925
sifa_random_raw,SIFA,1,14,4,228,e4,0.0006647663679695713,0.0006769759070434136,0.001341742275012985
sifa_random_raw,SIFA,1,14,5,229,e5,0.0006647663679695713,0.0012380639126146021,0.0019028302805841734
sifa_random_raw,SIFA,1,14,6,230,e6,0.0006647663679695713,0.0009340660703678328,0.001598832438337404
sifa_random_raw,SIFA,1,14,7,231,e7,0.0006647663679695713,0.0009015915234215902,0.0015663578913911614
sifa_random_raw,SIFA,1,14,8,232,e8,0.0006647663679695713,0.00023856952326914042,0.0009033358912387116
sifa_random_raw,SIFA,1,14,9,233,e9,0.0006647663679695713,0.000736512576444858,0.0014012789444144292
sifa_random_raw,SIFA,1,14,10,234,ea,0.0006647663679695713,0.000288183414437011,0.0009529497824065823
sifa_random_raw,SIFA,1,14,11,235,eb,0.0006647663679695713,0.0004604789274017975,0.0011252452953713688
sifa_random_raw,SIFA,1,14,12,236,ec,0.0006647663679695713,0.0005389590825218833,0.0012037254504914546
sifa_random_raw,SIFA,1,14,13,237,ed,0.0006647663679695713,0.0005064845355756407,0.001171250903545212
sifa_random_raw,SIFA,1,14,14,238,ee,0.0006647663679695713,0.000481226554617452,0.0011459929225870232
sifa_random_raw,SIFA,1,14,15,239,ef,0.0006647663679695713,0.0004505561491682231,0.0011153225171377944
sifa_random_raw,SIFA,1,15,0,240,f0,0.0007845057269481696,0.0008573900567447603,0.00164189578369293
sifa_random_raw,SIFA,1,15,1,241,f1,0.0007845057269481696,0.0004667934226413444,0.001251299149589514
sifa_random_raw,SIFA,1,15,2,242,f2,0.0007845057269481696,0.0003892153382697652,0.0011737210652179348
sifa_random_raw,SIFA,1,15,3,243,f3,0.0007845057269481696,0.0005173093845577214,0.001301815111505891
sifa_random_raw,SIFA,1,15,4,244,f4,0.0007845057269481696,0.0006769759070434136,0.0014614816339915833
sifa_random_raw,SIFA,1,15,5,245,f5,0.0007845057269481696,0.0012380639126146021,0.0020225696395627718
sifa_random_raw,SIFA,1,15,6,246,f6,0.0007845057269481696,0.0009340660703678328,0.0017185717973160024
sifa_random_raw,SIFA,1,15,7,247,f7,0.0007845057269481696,0.0009015915234215902,0.0016860972503697598
sifa_random_raw,SIFA,1,15,8,248,f8,0.0007845057269481696,0.00023856952326914042,0.00102307525021731
sifa_random_raw,SIFA,1,15,9,249,f9,0.0007845057269481696,0.000736512576444858,0.0015210183033930276
sifa_random_raw,SIFA,1,15,10,250,fa,0.0007845057269481696,0.000288183414437011,0.0010726891413851806
sifa_random_raw,SIFA,1,15,11,251,fb,0.0007845057269481696,0.0004604789274017975,0.0012449846543499672
sifa_random_raw,SIFA,1,15,12,252,fc,0.0007845057269481696,0.0005389590825218833,0.001323464809470053
sifa_random_raw,SIFA,1,15,13,253,fd,0.0007845057269481696,0.0005064845355756407,0.0012909902625238103
sifa_random_raw,SIFA,1,15,14,254,fe,0.0007845057269481696,0.000481226554617452,0.0012657322815656216
sifa_random_raw,SIFA,1,15,15,255,ff,0.0007845057269481696,0.0004505561491682231,0.0012350618761163927
sifa_random_threshold,SIFA,0,0,0,0,00,0.013457010022944088,0.0124054820415879,0.025862492064531988
sifa_random_threshold,SIFA,0,0,1,1,01,0.013457010022944088,0.01027882797731569,0.023735838000259777
sifa_random_threshold,SIFA,0,0,2,2,02,0.013457010022944088,0.015477315689981097,0.028934325712925184
sifa_random_threshold,SIFA,0,0,3,3,03,0.013457010022944088,0.013823251417769376,0.027280261440713466
sifa_random_threshold,SIFA,0,0,4,4,04,0.013457010022944088,0.007443289224952741,0.02090029924789683
sifa_random_threshold,SIFA,0,0,5,5,05,0.013457010022944088,0.008152173913043478,0.021609183935987566
sifa_random_threshold,SIFA,0,0,6,6,06,0.013457010022944088,0.012169187145557654,0.025626197168501744
sifa_random_threshold,SIFA,0,0,7,7,07,0.013457010022944088,0.013350661625708886,0.026807671648652973
sifa_random_threshold,SIFA,0,0,8,8,08,0.013457010022944088,0.017840264650283558,0.03129727467322765
sifa_random_threshold,SIFA,0,0,9,9,09,0.013457010022944088,0.006025519848771267,0.019482529871715355
sifa_random_threshold,SIFA,0,0,10,10,0a,0.013457010022944088,0.012641776937618147,0.026098786960562233
sifa_random_threshold,SIFA,0,0,11,11,0b,0.013457010022944088,0.040760869565217385,0.054217879588161474
sifa_random_threshold,SIFA,0,0,12,12,0c,0.013457010022944088,0.013114366729678638,0.026571376752622725
sifa_random_threshold,SIFA,0,0,13,13,0d,0.013457010022944088,0.012641776937618148,0.026098786960562236
sifa_random_threshold,SIFA,0,0,14,14,0e,0.013457010022944088,0.011460302457466919,0.024917312480411007
sifa_random_threshold,SIFA,0,0,15,15,0f,0.013457010022944088,0.014532136105860113,0.027989146128804203
sifa_random_threshold,SIFA,0,1,0,16,10,0.011041842772612005,0.0124054820415879,0.023447324814199907
sifa_random_threshold,SIFA,0,1,1,17,11,0.011041842772612005,0.01027882797731569,0.021320670749927696
sifa_random_threshold,SIFA,0,1,2,18,12,0.011041842772612005,0.015477315689981097,0.026519158462593104
sifa_random_threshold,SIFA,0,1,3,19,13,0.011041842772612005,0.013823251417769376,0.02486509419038138
sifa_random_threshold,SIFA,0,1,4,20,14,0.011041842772612005,0.007443289224952741,0.018485131997564748
sifa_random_threshold,SIFA,0,1,5,21,15,0.011041842772612005,0.008152173913043478,0.019194016685655485
sifa_random_threshold,SIFA,0,1,6,22,16,0.011041842772612005,0.012169187145557654,0.02321102991816966
sifa_random_threshold,SIFA,0,1,7,23,17,0.011041842772612005,0.013350661625708886,0.024392504398320893
sifa_random_threshold,SIFA,0,1,8,24,18,0.011041842772612005,0.017840264650283558,0.028882107422895563
sifa_random_threshold,SIFA,0,1,9,25,19,0.011041842772612005,0.006025519848771267,0.017067362621383274
sifa_random_threshold,SIFA,0,1,10,26,1a,0.011041842772612005,0.012641776937618147,0.023683619710230152
sifa_random_threshold,SIFA,0,1,11,27,1b,0.011041842772612005,0.040760869565217385,0.05180271233782939
sifa_random_threshold,SIFA,0,1,12,28,1c,0.011041842772612005,0.013114366729678638,0.024156209502290645
sifa_random_threshold,SIFA,0,1,13,29,1d,0.011041842772612005,0.012641776937618148,0.023683619710230155
sifa_random_threshold,SIFA,0,1,14,30,1e,0.011041842772612005,0.011460302457466919,0.022502145230078922
sifa_random_threshold,SIFA,0,1,15,31,1f,0.011041842772612005,0.014532136105860113,0.02557397887847212
sifa_random_threshold,SIFA,0,2,0,32,20,0.008626675522279918,0.0124054820415879,0.021032157563867816
sifa_random_threshold,SIFA,0,2,1,33,21,0.008626675522279918,0.01027882797731569,0.018905503499595605
sifa_random_threshold,SIFA,0,2,2,34,22,0.008626675522279918,0.015477315689981097,0.024103991212261013
sifa_random_threshold,SIFA,0,2,3,35,23,0.008626675522279918,0.013823251417769376,0.022449926940049294
sifa_random_threshold,SIFA,0,2,4,36,24,0.008626675522279918,0.007443289224952741,0.016069964747232657
sifa_random_threshold,SIFA,0,2,5,37,25,0.008626675522279918,0.008152173913043478,0.016778849435323394
sifa_random_threshold,SIFA,0,2,6,38,26,0.008626675522279918,0.012169187145557654,0.02079586266783757
sifa_random_threshold,SIFA,0,2,7,39,27,0.008626675522279918,0.013350661625708886,0.0219773371479888
sifa_random_threshold,SIFA,0,2,8,40,28,0.008626675522279918,0.017840264650283558,0.026466940172563475
sifa_random_threshold,SIFA,0,2,9,41,29,0.008626675522279918,0.006025519848771267,0.014652195371051184
sifa_random_threshold,SIFA,0,2,10,42,2a,0.008626675522279918,0.012641776937618147,0.021268452459898064
sifa_random_threshold,SIFA,0,2,11,43,2b,0.008626675522279918,0.040760869565217385,0.049387545087497306
sifa_random_threshold,SIFA,0,2,12,44,2c,0.008626675522279918,0.013114366729678638,0.021741042251958553
sifa_random_threshold,SIFA,0,2,13,45,2d,0.008626675522279918,0.012641776937618148,0.021268452459898064
sifa_random_threshold,SIFA,0,2,14,46,2e,0.008626675522279918,0.011460302457466919,0.020086977979746838
sifa_random_threshold,SIFA,0,2,15,47,2f,0.008626675522279918,0.014532136105860113,0.02315881162814003
sifa_random_threshold,SIFA,0,3,0,48,30,0.012007909672744838,0.0124054820415879,0.02441339171433274
sifa_random_threshold,SIFA,0,3,1,49,31,0.012007909672744838,0.01027882797731569,0.022286737650060527
sifa_random_threshold,SIFA,0,3,2,50,32,0.012007909672744838,0.015477315689981097,0.027485225362725935
sifa_random_threshold,SIFA,0,3,3,51,33,0.012007909672744838,0.013823251417769376,0.025831161090514212
sifa_random_threshold,SIFA,0,3,4,52,34,0.012007909672744838,0.007443289224952741,0.01945119889769758
sifa_random_threshold,SIFA,0,3,5,53,35,0.012007909672744838,0.008152173913043478,0.020160083585788316
sifa_random_threshold,SIFA,0,3,6,54,36,0.012007909672744838,0.012169187145557654,0.02417709681830249
sifa_random_threshold,SIFA,0,3,7,55,37,0.012007909672744838,0.013350661625708886,0.025358571298453723
sifa_random_threshold,SIFA,0,3,8,56,38,0.012007909672744838,0.017840264650283558,0.029848174323028394
sifa_random_threshold,SIFA,0,3,9,57,39,0.012007909672744838,0.006025519848771267,0.018033429521516105
sifa_random_threshold,SIFA,0,3,10,58,3a,0.012007909672744838,0.012641776937618147,0.024649686610362986
sifa_random_threshold,SIFA,0,3,11,59,3b,0.012007909672744838,0.040760869565217385,0.05276877923796222
sifa_random_threshold,SIFA,0,3,12,60,3c,0.012007909672744838,0.013114366729678638,0.025122276402423475
sifa_random_threshold,SIFA,0,3,13,61,3d,0.012007909672744838,0.012641776937618148,0.024649686610362986
sifa_random_threshold,SIFA,0,3,14,62,3e,0.012007909672744838,0.011460302457466919,0.023468212130211757
sifa_random_threshold,SIFA,0,3,15,63,3f,0.012007909672744838,0.014532136105860113,0.02654004577860495
sifa_random_threshold,SIFA,0,4,0,64,40,0.024566779374471683,0.0124054820415879,0.03697226141605958
sifa_random_threshold,SIFA,0,4,1,65,41,0.024566779374471683,0.01027882797731569,0.03484560735178737
sifa_random_threshold,SIFA,0,4,2,66,42,0.024566779374471683,0.015477315689981097,0.04004409506445278
sifa_random_threshold,SIFA,0,4,3,67,43,0.024566779374471683,0.013823251417769376,0.038390030792241056
sifa_random_threshold,SIFA,0,4,4,68,44,0.024566779374471683,0.007443289224952741,0.03201006859942442
sifa_random_threshold,SIFA,0,4,5,69,45,0.024566779374471683,0.008152173913043478,0.03271895328751516
sifa_random_threshold,SIFA,0,4,6,70,46,0.024566779374471683,0.012169187145557654,0.036735966520029334
sifa_random_threshold,SIFA,0,4,7,71,47,0.024566779374471683,0.013350661625708886,0.03791744100018057
sifa_random_threshold,SIFA,0,4,8,72,48,0.024566779374471683,0.017840264650283558,0.042407044024755244
sifa_random_threshold,SIFA,0,4,9,73,49,0.024566779374471683,0.006025519848771267,0.03059229922324295
sifa_random_threshold,SIFA,0,4,10,74,4a,0.024566779374471683,0.012641776937618147,0.03720855631208983
sifa_random_threshold,SIFA,0,4,11,75,4b,0.024566779374471683,0.040760869565217385,0.06532764893968906
sifa_random_threshold,SIFA,0,4,12,76,4c,0.024566779374471683,0.013114366729678638,0.03768114610415032
sifa_random_threshold,SIFA,0,4,13,77,4d,0.024566779374471683,0.012641776937618148,0.03720855631208983
sifa_random_threshold,SIFA,0,4,14,78,4e,0.024566779374471683,0.011460302457466919,0.036027081831938604
sifa_random_threshold,SIFA,0,4,15,79,4f,0.024566779374471683,0.014532136105860113,0.0390989154803318
sifa_random_threshold,SIFA,0,5,0,80,50,0.01635521072334259,0.0124054820415879,0.02876069276493049
sifa_random_threshold,SIFA,0,5,1,81,51,0.01635521072334259,0.01027882797731569,0.02663403870065828
sifa_random_threshold,SIFA,0,5,2,82,52,0.01635521072334259,0.015477315689981097,0.03183252641332369
sifa_random_threshold,SIFA,0,5,3,83,53,0.01635521072334259,0.013823251417769376,0.030178462141111966
sifa_random_threshold,SIFA,0,5,4,84,54,0.01635521072334259,0.007443289224952741,0.023798499948295332
sifa_random_threshold,SIFA,0,5,5,85,55,0.01635521072334259,0.008152173913043478,0.02450738463638607
sifa_random_threshold,SIFA,0,5,6,86,56,0.01635521072334259,0.012169187145557654,0.028524397868900243
sifa_random_threshold,SIFA,0,5,7,87,57,0.01635521072334259,0.013350661625708886,0.029705872349051476
sifa_random_threshold,SIFA,0,5,8,88,58,0.01635521072334259,0.017840264650283558,0.03419547537362615
sifa_random_threshold,SIFA,0,5,9,89,59,0.01635521072334259,0.006025519848771267,0.022380730572113858
sifa_random_threshold,SIFA,0,5,10,90,5a,0.01635521072334259,0.012641776937618147,0.028996987660960736
sifa_random_threshold,SIFA,0,5,11,91,5b,0.01635521072334259,0.040760869565217385,0.057116080288559974
sifa_random_threshold,SIFA,0,5,12,92,5c,0.01635521072334259,0.013114366729678638,0.02946957745302123
sifa_random_threshold,SIFA,0,5,13,93,5d,0.01635521072334259,0.012641776937618148,0.02899698766096074
sifa_random_threshold,SIFA,0,5,14,94,5e,0.01635521072334259,0.011460302457466919,0.027815513180809506
sifa_random_threshold,SIFA,0,5,15,95,5f,0.01635521072334259,0.014532136105860113,0.030887346829202703
sifa_random_threshold,SIFA,0,6,0,96,60,0.008868192247313125,0.0124054820415879,0.021273674288901027
sifa_random_threshold,SIFA,0,6,1,97,61,0.008868192247313125,0.01027882797731569,0.019147020224628816
sifa_random_threshold,SIFA,0,6,2,98,62,0.008868192247313125,0.015477315689981097,0.024345507937294224
sifa_random_threshold,SIFA,0,6,3,99,63,0.008868192247313125,0.013823251417769376,0.0226914436650825
sifa_random_threshold,SIFA,0,6,4,100,64,0.008868192247313125,0.007443289224952741,0.016311481472265868
sifa_random_threshold,SIFA,0,6,5,101,65,0.008868192247313125,0.008152173913043478,0.017020366160356605
sifa_random_threshold,SIFA,0,6,6,102,66,0.008868192247313125,0.012169187145557654,0.02103737939287078
sifa_random_threshold,SIFA,0,6,7,103,67,0.008868192247313125,0.013350661625708886,0.022218853873022013
sifa_random_threshold,SIFA,0,6,8,104,68,0.008868192247313125,0.017840264650283558,0.026708456897596683
sifa_random_threshold,SIFA,0,6,9,105,69,0.008868192247313125,0.006025519848771267,0.014893712096084392
sifa_random_threshold,SIFA,0,6,10,106,6a,0.008868192247313125,0.012641776937618147,0.021509969184931272
sifa_random_threshold,SIFA,0,6,11,107,6b,0.008868192247313125,0.040760869565217385,0.04962906181253051
sifa_random_threshold,SIFA,0,6,12,108,6c,0.008868192247313125,0.013114366729678638,0.021982558976991765
sifa_random_threshold,SIFA,0,6,13,109,6d,0.008868192247313125,0.012641776937618148,0.021509969184931275
sifa_random_threshold,SIFA,0,6,14,110,6e,0.008868192247313125,0.011460302457466919,0.020328494704780042
sifa_random_threshold,SIFA,0,6,15,111,6f,0.008868192247313125,0.014532136105860113,0.02340032835317324
sifa_random_threshold,SIFA,0,7,0,112,70,0.015630660548242963,0.0124054820415879,0.028036142589830865
sifa_random_threshold,SIFA,0,7,1,113,71,0.015630660548242963,0.01027882797731569,0.025909488525558654
sifa_random_threshold,SIFA,0,7,2,114,72,0.015630660548242963,0.015477315689981097,0.03110797623822406
sifa_random_threshold,SIFA,0,7,3,115,73,0.015630660548242963,0.013823251417769376,0.02945391196601234
sifa_random_threshold,SIFA,0,7,4,116,74,0.015630660548242963,0.007443289224952741,0.023073949773195705
sifa_random_threshold,SIFA,0,7,5,117,75,0.015630660548242963,0.008152173913043478,0.023782834461286442
sifa_random_threshold,SIFA,0,7,6,118,76,0.015630660548242963,0.012169187145557654,0.027799847693800617
sifa_random_threshold,SIFA,0,7,7,119,77,0.015630660548242963,0.013350661625708886,0.02898132217395185
sifa_random_threshold,SIFA,0,7,8,120,78,0.015630660548242963,0.017840264650283558,0.03347092519852652
sifa_random_threshold,SIFA,0,7,9,121,79,0.015630660548242963,0.006025519848771267,0.02165618039701423
sifa_random_threshold,SIFA,0,7,10,122,7a,0.015630660548242963,0.012641776937618147,0.02827243748586111
sifa_random_threshold,SIFA,0,7,11,123,7b,0.015630660548242963,0.040760869565217385,0.05639153011346035
sifa_random_threshold,SIFA,0,7,12,124,7c,0.015630660548242963,0.013114366729678638,0.028745027277921602
sifa_random_threshold,SIFA,0,7,13,125,7d,0.015630660548242963,0.012641776937618148,0.028272437485861113
sifa_random_threshold,SIFA,0,7,14,126,7e,0.015630660548242963,0.011460302457466919,0.02709096300570988
sifa_random_threshold,SIFA,0,7,15,127,7f,0.015630660548242963,0.014532136105860113,0.030162796654103076
sifa_random_threshold,SIFA,0,8,0,128,80,0.007177575172080666,0.0124054820415879,0.019583057213668566
sifa_random_threshold,SIFA,0,8,1,129,81,0.007177575172080666,0.01027882797731569,0.017456403149396355
sifa_random_threshold,SIFA,0,8,2,130,82,0.007177575172080666,0.015477315689981097,0.022654890862061763
sifa_random_threshold,SIFA,0,8,3,131,83,0.007177575172080666,0.013823251417769376,0.021000826589850044
sifa_random_threshold,SIFA,0,8,4,132,84,0.007177575172080666,0.007443289224952741,0.014620864397033407
sifa_random_threshold,SIFA,0,8,5,133,85,0.007177575172080666,0.008152173913043478,0.015329749085124144
sifa_random_threshold,SIFA,0,8,6,134,86,0.007177575172080666,0.012169187145557654,0.019346762317638322
sifa_random_threshold,SIFA,0,8,7,135,87,0.007177575172080666,0.013350661625708886,0.02052823679778955
sifa_random_threshold,SIFA,0,8,8,136,88,0.007177575172080666,0.017840264650283558,0.025017839822364225
sifa_random_threshold,SIFA,0,8,9,137,89,0.007177575172080666,0.006025519848771267,0.013203095020851933
sifa_random_threshold,SIFA,0,8,10,138,8a,0.007177575172080666,0.012641776937618147,0.01981935210969881
sifa_random_threshold,SIFA,0,8,11,139,8b,0.007177575172080666,0.040760869565217385,0.04793844473729805
sifa_random_threshold,SIFA,0,8,12,140,8c,0.007177575172080666,0.013114366729678638,0.020291941901759303
sifa_random_threshold,SIFA,0,8,13,141,8d,0.007177575172080666,0.012641776937618148,0.019819352109698814
sifa_random_threshold,SIFA,0,8,14,142,8e,0.007177575172080666,0.011460302457466919,0.018637877629547585
sifa_random_threshold,SIFA,0,8,15,143,8f,0.007177575172080666,0.014532136105860113,0.02170971127794078
sifa_random_threshold,SIFA,0,9,0,144,90,0.006453024996981042,0.0124054820415879,0.018858507038568943
sifa_random_threshold,SIFA,0,9,1,145,91,0.006453024996981042,0.01027882797731569,0.016731852974296732
sifa_random_threshold,SIFA,0,9,2,146,92,0.006453024996981042,0.015477315689981097,0.02193034068696214
sifa_random_threshold,SIFA,0,9,3,147,93,0.006453024996981042,0.013823251417769376,0.020276276414750417
sifa_random_threshold,SIFA,0,9,4,148,94,0.006453024996981042,0.007443289224952741,0.013896314221933784
sifa_random_threshold,SIFA,0,9,5,149,95,0.006453024996981042,0.008152173913043478,0.01460519891002452
sifa_random_threshold,SIFA,0,9,6,150,96,0.006453024996981042,0.012169187145557654,0.018622212142538695
sifa_random_threshold,SIFA,0,9,7,151,97,0.006453024996981042,0.013350661625708886,0.01980368662268993
sifa_random_threshold,SIFA,0,9,8,152,98,0.006453024996981042,0.017840264650283558,0.0242932896472646
sifa_random_threshold,SIFA,0,9,9,153,99,0.006453024996981042,0.006025519848771267,0.01247854484575231
sifa_random_threshold,SIFA,0,9,10,154,9a,0.006453024996981042,0.012641776937618147,0.019094801934599188
sifa_random_threshold,SIFA,0,9,11,155,9b,0.006453024996981042,0.040760869565217385,0.047213894562198426
sifa_random_threshold,SIFA,0,9,12,156,9c,0.006453024996981042,0.013114366729678638,0.01956739172665968
sifa_random_threshold,SIFA,0,9,13,157,9d,0.006453024996981042,0.012641776937618148,0.01909480193459919
sifa_random_threshold,SIFA,0,9,14,158,9e,0.006453024996981042,0.011460302457466919,0.01791332745444796
sifa_random_threshold,SIFA,0,9,15,159,9f,0.006453024996981042,0.014532136105860113,0.020985161102841154
sifa_random_threshold,SIFA,0,10,0,160,a0,0.00983425914744596,0.0124054820415879,0.02223974118903386
sifa_random_threshold,SIFA,0,10,1,161,a1,0.00983425914744596,0.01027882797731569,0.020113087124761647
sifa_random_threshold,SIFA,0,10,2,162,a2,0.00983425914744596,0.015477315689981097,0.025311574837427055
sifa_random_threshold,SIFA,0,10,3,163,a3,0.00983425914744596,0.013823251417769376,0.023657510565215336
sifa_random_threshold,SIFA,0,10,4,164,a4,0.00983425914744596,0.007443289224952741,0.0172775483723987
sifa_random_threshold,SIFA,0,10,5,165,a5,0.00983425914744596,0.008152173913043478,0.017986433060489436
sifa_random_threshold,SIFA,0,10,6,166,a6,0.00983425914744596,0.012169187145557654,0.022003446293003614
sifa_random_threshold,SIFA,0,10,7,167,a7,0.00983425914744596,0.013350661625708886,0.023184920773154843
sifa_random_threshold,SIFA,0,10,8,168,a8,0.00983425914744596,0.017840264650283558,0.027674523797729517
sifa_random_threshold,SIFA,0,10,9,169,a9,0.00983425914744596,0.006025519848771267,0.015859778996217225
sifa_random_threshold,SIFA,0,10,10,170,aa,0.00983425914744596,0.012641776937618147,0.022476036085064106
sifa_random_threshold,SIFA,0,10,11,171,ab,0.00983425914744596,0.040760869565217385,0.05059512871266335
sifa_random_threshold,SIFA,0,10,12,172,ac,0.00983425914744596,0.013114366729678638,0.022948625877124595
sifa_random_threshold,SIFA,0,10,13,173,ad,0.00983425914744596,0.012641776937618148,0.022476036085064106
sifa_random_threshold,SIFA,0,10,14,174,ae,0.00983425914744596,0.011460302457466919,0.02129456160491288
sifa_random_threshold,SIFA,0,10,15,175,af,0.00983425914744596,0.014532136105860113,0.024366395253306073
sifa_random_threshold,SIFA,0,11,0,176,b0,0.01756279434850863,0.0124054820415879,0.029968276390096533
sifa_random_threshold,SIFA,0,11,1,177,b1,0.01756279434850863,0.01027882797731569,0.027841622325824322
sifa_random_threshold,SIFA,0,11,2,178,b2,0.01756279434850863,0.015477315689981097,0.03304011003848973
sifa_random_threshold,SIFA,0,11,3,179,b3,0.01756279434850863,0.013823251417769376,0.03138604576627801
sifa_random_threshold,SIFA,0,11,4,180,b4,0.01756279434850863,0.007443289224952741,0.025006083573461374
sifa_random_threshold,SIFA,0,11,5,181,b5,0.01756279434850863,0.008152173913043478,0.02571496826155211
sifa_random_threshold,SIFA,0,11,6,182,b6,0.01756279434850863,0.012169187145557654,0.029731981494066285
sifa_random_threshold,SIFA,0,11,7,183,b7,0.01756279434850863,0.013350661625708886,0.03091345597421752
sifa_random_threshold,SIFA,0,11,8,184,b8,0.01756279434850863,0.017840264650283558,0.03540305899879219
sifa_random_threshold,SIFA,0,11,9,185,b9,0.01756279434850863,0.006025519848771267,0.0235883141972799
sifa_random_threshold,SIFA,0,11,10,186,ba,0.01756279434850863,0.012641776937618147,0.030204571286126778
sifa_random_threshold,SIFA,0,11,11,187,bb,0.01756279434850863,0.040760869565217385,0.058323663913726016
sifa_random_threshold,SIFA,0,11,12,188,bc,0.01756279434850863,0.013114366729678638,0.03067716107818727
sifa_random_threshold,SIFA,0,11,13,189,bd,0.01756279434850863,0.012641776937618148,0.03020457128612678
sifa_random_threshold,SIFA,0,11,14,190,be,0.01756279434850863,0.011460302457466919,0.02902309680597555
sifa_random_threshold,SIFA,0,11,15,191,bf,0.01756279434850863,0.014532136105860113,0.032094930454368745
sifa_random_threshold,SIFA,0,12,0,192,c0,0.015147627098176545,0.0124054820415879,0.027553109139764446
sifa_random_threshold,SIFA,0,12,1,193,c1,0.015147627098176545,0.01027882797731569,0.025426455075492235
sifa_random_threshold,SIFA,0,12,2,194,c2,0.015147627098176545,0.015477315689981097,0.030624942788157642
sifa_random_threshold,SIFA,0,12,3,195,c3,0.015147627098176545,0.013823251417769376,0.028970878515945923
sifa_random_threshold,SIFA,0,12,4,196,c4,0.015147627098176545,0.007443289224952741,0.022590916323129286
sifa_random_threshold,SIFA,0,12,5,197,c5,0.015147627098176545,0.008152173913043478,0.023299801011220023
sifa_random_threshold,SIFA,0,12,6,198,c6,0.015147627098176545,0.012169187145557654,0.0273168142437342
sifa_random_threshold,SIFA,0,12,7,199,c7,0.015147627098176545,0.013350661625708886,0.02849828872388543
sifa_random_threshold,SIFA,0,12,8,200,c8,0.015147627098176545,0.017840264650283558,0.032987891748460105
sifa_random_threshold,SIFA,0,12,9,201,c9,0.015147627098176545,0.006025519848771267,0.021173146946947812
sifa_random_threshold,SIFA,0,12,10,202,ca,0.015147627098176545,0.012641776937618147,0.02778940403579469
sifa_random_threshold,SIFA,0,12,11,203,cb,0.015147627098176545,0.040760869565217385,0.05590849666339393
sifa_random_threshold,SIFA,0,12,12,204,cc,0.015147627098176545,0.013114366729678638,0.028261993827855183
sifa_random_threshold,SIFA,0,12,13,205,cd,0.015147627098176545,0.012641776937618148,0.027789404035794694
sifa_random_threshold,SIFA,0,12,14,206,ce,0.015147627098176545,0.011460302457466919,0.026607929555643464
sifa_random_threshold,SIFA,0,12,15,207,cf,0.015147627098176545,0.014532136105860113,0.02967976320403666
sifa_random_threshold,SIFA,0,13,0,208,d0,0.006936058447047458,0.0124054820415879,0.01934154048863536
sifa_random_threshold,SIFA,0,13,1,209,d1,0.006936058447047458,0.01027882797731569,0.017214886424363147
sifa_random_threshold,SIFA,0,13,2,210,d2,0.006936058447047458,0.015477315689981097,0.022413374137028555
sifa_random_threshold,SIFA,0,13,3,211,d3,0.006936058447047458,0.013823251417769376,0.020759309864816833
sifa_random_threshold,SIFA,0,13,4,212,d4,0.006936058447047458,0.007443289224952741,0.0143793476720002
sifa_random_threshold,SIFA,0,13,5,213,d5,0.006936058447047458,0.008152173913043478,0.015088232360090936
sifa_random_threshold,SIFA,0,13,6,214,d6,0.006936058447047458,0.012169187145557654,0.01910524559260511
sifa_random_threshold,SIFA,0,13,7,215,d7,0.006936058447047458,0.013350661625708886,0.020286720072756344
sifa_random_threshold,SIFA,0,13,8,216,d8,0.006936058447047458,0.017840264650283558,0.024776323097331014
sifa_random_threshold,SIFA,0,13,9,217,d9,0.006936058447047458,0.006025519848771267,0.012961578295818725
sifa_random_threshold,SIFA,0,13,10,218,da,0.006936058447047458,0.012641776937618147,0.019577835384665607
sifa_random_threshold,SIFA,0,13,11,219,db,0.006936058447047458,0.040760869565217385,0.04769692801226484
sifa_random_threshold,SIFA,0,13,12,220,dc,0.006936058447047458,0.013114366729678638,0.020050425176726096
sifa_random_threshold,SIFA,0,13,13,221,dd,0.006936058447047458,0.012641776937618148,0.019577835384665607
sifa_random_threshold,SIFA,0,13,14,222,de,0.006936058447047458,0.011460302457466919,0.018396360904514377
sifa_random_threshold,SIFA,0,13,15,223,df,0.006936058447047458,0.014532136105860113,0.02146819455290757
sifa_random_threshold,SIFA,0,14,0,224,e0,0.009592742422412752,0.0124054820415879,0.021998224464000654
sifa_random_threshold,SIFA,0,14,1,225,e1,0.009592742422412752,0.01027882797731569,0.019871570399728443
sifa_random_threshold,SIFA,0,14,2,226,e2,0.009592742422412752,0.015477315689981097,0.02507005811239385
sifa_random_threshold,SIFA,0,14,3,227,e3,0.009592742422412752,0.013823251417769376,0.023415993840182128
sifa_random_threshold,SIFA,0,14,4,228,e4,0.009592742422412752,0.007443289224952741,0.017036031647365495
sifa_random_threshold,SIFA,0,14,5,229,e5,0.009592742422412752,0.008152173913043478,0.01774491633545623
sifa_random_threshold,SIFA,0,14,6,230,e6,0.009592742422412752,0.012169187145557654,0.021761929567970406
sifa_random_threshold,SIFA,0,14,7,231,e7,0.009592742422412752,0.013350661625708886,0.02294340404812164
sifa_random_threshold,SIFA,0,14,8,232,e8,0.009592742422412752,0.017840264650283558,0.02743300707269631
sifa_random_threshold,SIFA,0,14,9,233,e9,0.009592742422412752,0.006025519848771267,0.015618262271184019
sifa_random_threshold,SIFA,0,14,10,234,ea,0.009592742422412752,0.012641776937618147,0.0222345193600309
sifa_random_threshold,SIFA,0,14,11,235,eb,0.009592742422412752,0.040760869565217385,0.05035361198763014
sifa_random_threshold,SIFA,0,14,12,236,ec,0.009592742422412752,0.013114366729678638,0.02270710915209139
sifa_random_threshold,SIFA,0,14,13,237,ed,0.009592742422412752,0.012641776937618148,0.022234519360030902
sifa_random_threshold,SIFA,0,14,14,238,ee,0.009592742422412752,0.011460302457466919,0.02105304487987967
sifa_random_threshold,SIFA,0,14,15,239,ef,0.009592742422412752,0.014532136105860113,0.024124878528272865
sifa_random_threshold,SIFA,0,15,0,240,f0,0.030604697500301894,0.0124054820415879,0.04301017954188979
sifa_random_threshold,SIFA,0,15,1,241,f1,0.030604697500301894,0.01027882797731569,0.04088352547761758
sifa_random_threshold,SIFA,0,15,2,242,f2,0.030604697500301894,0.015477315689981097,0.04608201319028299
sifa_random_threshold,SIFA,0,15,3,243,f3,0.030604697500301894,0.013823251417769376,0.04442794891807127
sifa_random_threshold,SIFA,0,15,4,244,f4,0.030604697500301894,0.007443289224952741,0.03804798672525463
sifa_random_threshold,SIFA,0,15,5,245,f5,0.030604697500301894,0.008152173913043478,0.03875687141334537
sifa_random_threshold,SIFA,0,15,6,246,f6,0.030604697500301894,0.012169187145557654,0.042773884645859545
sifa_random_threshold,SIFA,0,15,7,247,f7,0.030604697500301894,0.013350661625708886,0.04395535912601078
sifa_random_threshold,SIFA,0,15,8,248,f8,0.030604697500301894,0.017840264650283558,0.048444962150585455
sifa_random_threshold,SIFA,0,15,9,249,f9,0.030604697500301894,0.006025519848771267,0.03663021734907316
sifa_random_threshold,SIFA,0,15,10,250,fa,0.030604697500301894,0.012641776937618147,0.04324647443792004
sifa_random_threshold,SIFA,0,15,11,251,fb,0.030604697500301894,0.040760869565217385,0.07136556706551928
sifa_random_threshold,SIFA,0,15,12,252,fc,0.030604697500301894,0.013114366729678638,0.04371906422998053
sifa_random_threshold,SIFA,0,15,13,253,fd,0.030604697500301894,0.012641776937618148,0.04324647443792004
sifa_random_threshold,SIFA,0,15,14,254,fe,0.030604697500301894,0.011460302457466919,0.042064999957768814
sifa_random_threshold,SIFA,0,15,15,255,ff,0.030604697500301894,0.014532136105860113,0.04513683360616201
sifa_random_threshold,SIFA,1,0,0,0,00,0.007448763644464246,0.012121959237343854,0.0195707228818081
sifa_random_threshold,SIFA,1,0,1,1,01,0.007448763644464246,0.009820841551610782,0.017269605196075028
sifa_random_threshold,SIFA,1,0,2,2,02,0.007448763644464246,0.012779421433267584,0.02022818507773183
sifa_random_threshold,SIFA,1,0,3,3,03,0.007448763644464246,0.015738001314924387,0.023186764959388633
sifa_random_threshold,SIFA,1,0,4,4,04,0.007448763644464246,0.009163379355687049,0.016612143000151295
sifa_random_threshold,SIFA,1,0,5,5,05,0.007448763644464246,0.010807034845496385,0.01825579848996063
sifa_random_threshold,SIFA,1,0,6,6,06,0.007448763644464246,0.0196827744904668,0.027131538134931046
sifa_random_threshold,SIFA,1,0,7,7,07,0.007448763644464246,0.01738165680473373,0.024830420449197976
sifa_random_threshold,SIFA,1,0,8,8,08,0.007448763644464246,0.01343688362919132,0.020885647273655567
sifa_random_threshold,SIFA,1,0,9,9,09,0.007448763644464246,0.007848454963839579,0.015297218608303825
sifa_random_threshold,SIFA,1,0,10,10,0a,0.007448763644464246,0.01606673241288626,0.023515496057350507
sifa_random_threshold,SIFA,1,0,11,11,0b,0.007448763644464246,0.004561143984220907,0.012009907628685153
sifa_random_threshold,SIFA,1,0,12,12,0c,0.007448763644464246,0.02494247205785667,0.032391235702320914
sifa_random_threshold,SIFA,1,0,13,13,0d,0.007448763644464246,0.00423241288625904,0.011681176530723286
sifa_random_threshold,SIFA,1,0,14,14,0e,0.007448763644464246,0.016395463510848127,0.023844227155312373
sifa_random_threshold,SIFA,1,0,15,15,0f,0.007448763644464246,0.014094345825115059,0.021543109469579304
sifa_random_threshold,SIFA,1,1,0,16,10,0.014131766540432168,0.012121959237343854,0.026253725777776023
sifa_random_threshold,SIFA,1,1,1,17,11,0.014131766540432168,0.009820841551610782,0.02395260809204295
sifa_random_threshold,SIFA,1,1,2,18,12,0.014131766540432168,0.012779421433267584,0.026911187973699752
sifa_random_threshold,SIFA,1,1,3,19,13,0.014131766540432168,0.015738001314924387,0.029869767855356555
sifa_random_threshold,SIFA,1,1,4,20,14,0.014131766540432168,0.009163379355687049,0.023295145896119217
sifa_random_threshold,SIFA,1,1,5,21,15,0.014131766540432168,0.010807034845496385,0.024938801385928553
sifa_random_threshold,SIFA,1,1,6,22,16,0.014131766540432168,0.0196827744904668,0.03381454103089897
sifa_random_threshold,SIFA,1,1,7,23,17,0.014131766540432168,0.01738165680473373,0.031513423345165895
sifa_random_threshold,SIFA,1,1,8,24,18,0.014131766540432168,0.01343688362919132,0.02756865016962349
sifa_random_threshold,SIFA,1,1,9,25,19,0.014131766540432168,0.007848454963839579,0.021980221504271747
sifa_random_threshold,SIFA,1,1,10,26,1a,0.014131766540432168,0.01606673241288626,0.03019849895331843
sifa_random_threshold,SIFA,1,1,11,27,1b,0.014131766540432168,0.004561143984220907,0.018692910524653075
sifa_random_threshold,SIFA,1,1,12,28,1c,0.014131766540432168,0.02494247205785667,0.03907423859828884
sifa_random_threshold,SIFA,1,1,13,29,1d,0.014131766540432168,0.00423241288625904,0.018364179426691208
sifa_random_threshold,SIFA,1,1,14,30,1e,0.014131766540432168,0.016395463510848127,0.030527230051280295
sifa_random_threshold,SIFA,1,1,15,31,1f,0.014131766540432168,0.014094345825115059,0.02822611236554723
sifa_random_threshold,SIFA,1,2,0,32,20,0.009119514368456226,0.012121959237343854,0.02124147360580008
sifa_random_threshold,SIFA,1,2,1,33,21,0.009119514368456226,0.009820841551610782,0.018940355920067008
sifa_random_threshold,SIFA,1,2,2,34,22,0.009119514368456226,0.012779421433267584,0.02189893580172381
sifa_random_threshold,SIFA,1,2,3,35,23,0.009119514368456226,0.015738001314924387,0.024857515683380613
sifa_random_threshold,SIFA,1,2,4,36,24,0.009119514368456226,0.009163379355687049,0.018282893724143275
sifa_random_threshold,SIFA,1,2,5,37,25,0.009119514368456226,0.010807034845496385,0.01992654921395261
sifa_random_threshold,SIFA,1,2,6,38,26,0.009119514368456226,0.0196827744904668,0.028802288858923025
sifa_random_threshold,SIFA,1,2,7,39,27,0.009119514368456226,0.01738165680473373,0.026501171173189956
sifa_random_threshold,SIFA,1,2,8,40,28,0.009119514368456226,0.01343688362919132,0.022556397997647547
sifa_random_threshold,SIFA,1,2,9,41,29,0.009119514368456226,0.007848454963839579,0.016967969332295805
sifa_random_threshold,SIFA,1,2,10,42,2a,0.009119514368456226,0.01606673241288626,0.025186246781342486
sifa_random_threshold,SIFA,1,2,11,43,2b,0.009119514368456226,0.004561143984220907,0.013680658352677132
sifa_random_threshold,SIFA,1,2,12,44,2c,0.009119514368456226,0.02494247205785667,0.0340619864263129
sifa_random_threshold,SIFA,1,2,13,45,2d,0.009119514368456226,0.00423241288625904,0.013351927254715266
sifa_random_threshold,SIFA,1,2,14,46,2e,0.009119514368456226,0.016395463510848127,0.025514977879304353
sifa_random_threshold,SIFA,1,2,15,47,2f,0.009119514368456226,0.014094345825115059,0.023213860193571287
sifa_random_threshold,SIFA,1,3,0,48,30,0.007782913789262642,0.012121959237343854,0.019904873026606498
sifa_random_threshold,SIFA,1,3,1,49,31,0.007782913789262642,0.009820841551610782,0.017603755340873425
sifa_random_threshold,SIFA,1,3,2,50,32,0.007782913789262642,0.012779421433267584,0.020562335222530224
sifa_random_threshold,SIFA,1,3,3,51,33,0.007782913789262642,0.015738001314924387,0.02352091510418703
sifa_random_threshold,SIFA,1,3,4,52,34,0.007782913789262642,0.009163379355687049,0.016946293144949692
sifa_random_threshold,SIFA,1,3,5,53,35,0.007782913789262642,0.010807034845496385,0.018589948634759025
sifa_random_threshold,SIFA,1,3,6,54,36,0.007782913789262642,0.0196827744904668,0.027465688279729443
sifa_random_threshold,SIFA,1,3,7,55,37,0.007782913789262642,0.01738165680473373,0.02516457059399637
sifa_random_threshold,SIFA,1,3,8,56,38,0.007782913789262642,0.01343688362919132,0.021219797418453964
sifa_random_threshold,SIFA,1,3,9,57,39,0.007782913789262642,0.007848454963839579,0.01563136875310222
sifa_random_threshold,SIFA,1,3,10,58,3a,0.007782913789262642,0.01606673241288626,0.023849646202148904
sifa_random_threshold,SIFA,1,3,11,59,3b,0.007782913789262642,0.004561143984220907,0.01234405777348355
sifa_random_threshold,SIFA,1,3,12,60,3c,0.007782913789262642,0.02494247205785667,0.032725385847119315
sifa_random_threshold,SIFA,1,3,13,61,3d,0.007782913789262642,0.00423241288625904,0.012015326675521682
sifa_random_threshold,SIFA,1,3,14,62,3e,0.007782913789262642,0.016395463510848127,0.02417837730011077
sifa_random_threshold,SIFA,1,3,15,63,3f,0.007782913789262642,0.014094345825115059,0.0218772596143777
sifa_random_threshold,SIFA,1,4,0,64,40,0.007225996881265315,0.012121959237343854,0.01934795611860917
sifa_random_threshold,SIFA,1,4,1,65,41,0.007225996881265315,0.009820841551610782,0.017046838432876098
sifa_random_threshold,SIFA,1,4,2,66,42,0.007225996881265315,0.012779421433267584,0.0200054183145329
sifa_random_threshold,SIFA,1,4,3,67,43,0.007225996881265315,0.015738001314924387,0.022963998196189703
sifa_random_threshold,SIFA,1,4,4,68,44,0.007225996881265315,0.009163379355687049,0.016389376236952365
sifa_random_threshold,SIFA,1,4,5,69,45,0.007225996881265315,0.010807034845496385,0.0180330317267617
sifa_random_threshold,SIFA,1,4,6,70,46,0.007225996881265315,0.0196827744904668,0.026908771371732115
sifa_random_threshold,SIFA,1,4,7,71,47,0.007225996881265315,0.01738165680473373,0.024607653685999046
sifa_random_threshold,SIFA,1,4,8,72,48,0.007225996881265315,0.01343688362919132,0.020662880510456637
sifa_random_threshold,SIFA,1,4,9,73,49,0.007225996881265315,0.007848454963839579,0.015074451845104895
sifa_random_threshold,SIFA,1,4,10,74,4a,0.007225996881265315,0.01606673241288626,0.023292729294151576
sifa_random_threshold,SIFA,1,4,11,75,4b,0.007225996881265315,0.004561143984220907,0.011787140865486222
sifa_random_threshold,SIFA,1,4,12,76,4c,0.007225996881265315,0.02494247205785667,0.03216846893912199
sifa_random_threshold,SIFA,1,4,13,77,4d,0.007225996881265315,0.00423241288625904,0.011458409767524356
sifa_random_threshold,SIFA,1,4,14,78,4e,0.007225996881265315,0.016395463510848127,0.023621460392113443
sifa_random_threshold,SIFA,1,4,15,79,4f,0.007225996881265315,0.014094345825115059,0.021320342706380373
sifa_random_threshold,SIFA,1,5,0,80,50,0.008005680552461574,0.012121959237343854,0.02012763978980543
sifa_random_threshold,SIFA,1,5,1,81,51,0.008005680552461574,0.009820841551610782,0.017826522104072356
sifa_random_threshold,SIFA,1,5,2,82,52,0.008005680552461574,0.012779421433267584,0.02078510198572916
sifa_random_threshold,SIFA,1,5,3,83,53,0.008005680552461574,0.015738001314924387,0.02374368186738596
sifa_random_threshold,SIFA,1,5,4,84,54,0.008005680552461574,0.009163379355687049,0.017169059908148623
sifa_random_threshold,SIFA,1,5,5,85,55,0.008005680552461574,0.010807034845496385,0.01881271539795796
sifa_random_threshold,SIFA,1,5,6,86,56,0.008005680552461574,0.0196827744904668,0.027688455042928373
sifa_random_threshold,SIFA,1,5,7,87,57,0.008005680552461574,0.01738165680473373,0.025387337357195304
sifa_random_threshold,SIFA,1,5,8,88,58,0.008005680552461574,0.01343688362919132,0.021442564181652895
sifa_random_threshold,SIFA,1,5,9,89,59,0.008005680552461574,0.007848454963839579,0.015854135516301153
sifa_random_threshold,SIFA,1,5,10,90,5a,0.008005680552461574,0.01606673241288626,0.024072412965347834
sifa_random_threshold,SIFA,1,5,11,91,5b,0.008005680552461574,0.004561143984220907,0.01256682453668248
sifa_random_threshold,SIFA,1,5,12,92,5c,0.008005680552461574,0.02494247205785667,0.03294815261031825
sifa_random_threshold,SIFA,1,5,13,93,5d,0.008005680552461574,0.00423241288625904,0.012238093438720614
sifa_random_threshold,SIFA,1,5,14,94,5e,0.008005680552461574,0.016395463510848127,0.0244011440633097
sifa_random_threshold,SIFA,1,5,15,95,5f,0.008005680552461574,0.014094345825115059,0.02210002637757663
sifa_random_threshold,SIFA,1,6,0,96,60,0.007894297170862107,0.012121959237343854,0.02001625640820596
sifa_random_threshold,SIFA,1,6,1,97,61,0.007894297170862107,0.009820841551610782,0.01771513872247289
sifa_random_threshold,SIFA,1,6,2,98,62,0.007894297170862107,0.012779421433267584,0.02067371860412969
sifa_random_threshold,SIFA,1,6,3,99,63,0.007894297170862107,0.015738001314924387,0.023632298485786494
sifa_random_threshold,SIFA,1,6,4,100,64,0.007894297170862107,0.009163379355687049,0.017057676526549156
sifa_random_threshold,SIFA,1,6,5,101,65,0.007894297170862107,0.010807034845496385,0.018701332016358492
sifa_random_threshold,SIFA,1,6,6,102,66,0.007894297170862107,0.0196827744904668,0.027577071661328906
sifa_random_threshold,SIFA,1,6,7,103,67,0.007894297170862107,0.01738165680473373,0.025275953975595837
sifa_random_threshold,SIFA,1,6,8,104,68,0.007894297170862107,0.01343688362919132,0.021331180800053428
sifa_random_threshold,SIFA,1,6,9,105,69,0.007894297170862107,0.007848454963839579,0.015742752134701686
sifa_random_threshold,SIFA,1,6,10,106,6a,0.007894297170862107,0.01606673241288626,0.023961029583748367
sifa_random_threshold,SIFA,1,6,11,107,6b,0.007894297170862107,0.004561143984220907,0.012455441155083014
sifa_random_threshold,SIFA,1,6,12,108,6c,0.007894297170862107,0.02494247205785667,0.03283676922871878
sifa_random_threshold,SIFA,1,6,13,109,6d,0.007894297170862107,0.00423241288625904,0.012126710057121147
sifa_random_threshold,SIFA,1,6,14,110,6e,0.007894297170862107,0.016395463510848127,0.024289760681710234
sifa_random_threshold,SIFA,1,6,15,111,6f,0.007894297170862107,0.014094345825115059,0.021988642995977165
sifa_random_threshold,SIFA,1,7,0,112,70,0.0074487636444642465,0.012121959237343854,0.0195707228818081
sifa_random_threshold,SIFA,1,7,1,113,71,0.0074487636444642465,0.009820841551610782,0.017269605196075028
sifa_random_threshold,SIFA,1,7,2,114,72,0.0074487636444642465,0.012779421433267584,0.02022818507773183
sifa_random_threshold,SIFA,1,7,3,115,73,0.0074487636444642465,0.015738001314924387,0.023186764959388633
sifa_random_threshold,SIFA,1,7,4,116,74,0.0074487636444642465,0.009163379355687049,0.016612143000151295
sifa_random_threshold,SIFA,1,7,5,117,75,0.0074487636444642465,0.010807034845496385,0.01825579848996063
sifa_random_threshold,SIFA,1,7,6,118,76,0.0074487636444642465,0.0196827744904668,0.027131538134931046
sifa_random_threshold,SIFA,1,7,7,119,77,0.0074487636444642465,0.01738165680473373,0.024830420449197976
sifa_random_threshold,SIFA,1,7,8,120,78,0.0074487636444642465,0.01343688362919132,0.020885647273655567
sifa_random_threshold,SIFA,1,7,9,121,79,0.0074487636444642465,0.007848454963839579,0.015297218608303825
sifa_random_threshold,SIFA,1,7,10,122,7a,0.0074487636444642465,0.01606673241288626,0.023515496057350507
sifa_random_threshold,SIFA,1,7,11,123,7b,0.0074487636444642465,0.004561143984220907,0.012009907628685153
sifa_random_threshold,SIFA,1,7,12,124,7c,0.0074487636444642465,0.02494247205785667,0.032391235702320914
sifa_random_threshold,SIFA,1,7,13,125,7d,0.0074487636444642465,0.00423241288625904,0.011681176530723286
sifa_random_threshold,SIFA,1,7,14,126,7e,0.0074487636444642465,0.016395463510848127,0.023844227155312373
sifa_random_threshold,SIFA,1,7,15,127,7f,0.0074487636444642465,0.014094345825115059,0.021543109469579304
sifa_random_threshold,SIFA,1,8,0,128,80,0.007003230118066384,0.012121959237343854,0.019125189355410237
sifa_random_threshold,SIFA,1,8,1,129,81,0.007003230118066384,0.009820841551610782,0.016824071669677164
sifa_random_threshold,SIFA,1,8,2,130,82,0.007003230118066384,0.012779421433267584,0.01978265155133397
sifa_random_threshold,SIFA,1,8,3,131,83,0.007003230118066384,0.015738001314924387,0.02274123143299077
sifa_random_threshold,SIFA,1,8,4,132,84,0.007003230118066384,0.009163379355687049,0.01616660947375343
sifa_random_threshold,SIFA,1,8,5,133,85,0.007003230118066384,0.010807034845496385,0.01781026496356277
sifa_random_threshold,SIFA,1,8,6,134,86,0.007003230118066384,0.0196827744904668,0.02668600460853318
sifa_random_threshold,SIFA,1,8,7,135,87,0.007003230118066384,0.01738165680473373,0.024384886922800116
sifa_random_threshold,SIFA,1,8,8,136,88,0.007003230118066384,0.01343688362919132,0.020440113747257703
sifa_random_threshold,SIFA,1,8,9,137,89,0.007003230118066384,0.007848454963839579,0.014851685081905963
sifa_random_threshold,SIFA,1,8,10,138,8a,0.007003230118066384,0.01606673241288626,0.023069962530952642
sifa_random_threshold,SIFA,1,8,11,139,8b,0.007003230118066384,0.004561143984220907,0.011564374102287292
sifa_random_threshold,SIFA,1,8,12,140,8c,0.007003230118066384,0.02494247205785667,0.03194570217592305
sifa_random_threshold,SIFA,1,8,13,141,8d,0.007003230118066384,0.00423241288625904,0.011235643004325424
sifa_random_threshold,SIFA,1,8,14,142,8e,0.007003230118066384,0.016395463510848127,0.02339869362891451
sifa_random_threshold,SIFA,1,8,15,143,8f,0.007003230118066384,0.014094345825115059,0.021097575943181443
sifa_random_threshold,SIFA,1,9,0,144,90,0.011569948763644464,0.012121959237343854,0.023691908000988318
sifa_random_threshold,SIFA,1,9,1,145,91,0.011569948763644464,0.009820841551610782,0.021390790315255245
sifa_random_threshold,SIFA,1,9,2,146,92,0.011569948763644464,0.012779421433267584,0.024349370196912048
sifa_random_threshold,SIFA,1,9,3,147,93,0.011569948763644464,0.015738001314924387,0.02730795007856885
sifa_random_threshold,SIFA,1,9,4,148,94,0.011569948763644464,0.009163379355687049,0.020733328119331512
sifa_random_threshold,SIFA,1,9,5,149,95,0.011569948763644464,0.010807034845496385,0.02237698360914085
sifa_random_threshold,SIFA,1,9,6,150,96,0.011569948763644464,0.0196827744904668,0.03125272325411126
sifa_random_threshold,SIFA,1,9,7,151,97,0.011569948763644464,0.01738165680473373,0.028951605568378194
sifa_random_threshold,SIFA,1,9,8,152,98,0.011569948763644464,0.01343688362919132,0.025006832392835784
sifa_random_threshold,SIFA,1,9,9,153,99,0.011569948763644464,0.007848454963839579,0.019418403727484043
sifa_random_threshold,SIFA,1,9,10,154,9a,0.011569948763644464,0.01606673241288626,0.027636681176530724
sifa_random_threshold,SIFA,1,9,11,155,9b,0.011569948763644464,0.004561143984220907,0.01613109274786537
sifa_random_threshold,SIFA,1,9,12,156,9c,0.011569948763644464,0.02494247205785667,0.036512420821501135
sifa_random_threshold,SIFA,1,9,13,157,9d,0.011569948763644464,0.00423241288625904,0.015802361649903503
sifa_random_threshold,SIFA,1,9,14,158,9e,0.011569948763644464,0.016395463510848127,0.02796541227449259
sifa_random_threshold,SIFA,1,9,15,159,9f,0.011569948763644464,0.014094345825115059,0.025664294588759524
sifa_random_threshold,SIFA,1,10,0,160,a0,0.011013031855647136,0.012121959237343854,0.02313499109299099
sifa_random_threshold,SIFA,1,10,1,161,a1,0.011013031855647136,0.009820841551610782,0.020833873407257918
sifa_random_threshold,SIFA,1,10,2,162,a2,0.011013031855647136,0.012779421433267584,0.02379245328891472
sifa_random_threshold,SIFA,1,10,3,163,a3,0.011013031855647136,0.015738001314924387,0.026751033170571523
sifa_random_threshold,SIFA,1,10,4,164,a4,0.011013031855647136,0.009163379355687049,0.020176411211334185
sifa_random_threshold,SIFA,1,10,5,165,a5,0.011013031855647136,0.010807034845496385,0.02182006670114352
sifa_random_threshold,SIFA,1,10,6,166,a6,0.011013031855647136,0.0196827744904668,0.030695806346113935
sifa_random_threshold,SIFA,1,10,7,167,a7,0.011013031855647136,0.01738165680473373,0.028394688660380866
sifa_random_threshold,SIFA,1,10,8,168,a8,0.011013031855647136,0.01343688362919132,0.024449915484838457
sifa_random_threshold,SIFA,1,10,9,169,a9,0.011013031855647136,0.007848454963839579,0.018861486819486715
sifa_random_threshold,SIFA,1,10,10,170,aa,0.011013031855647136,0.01606673241288626,0.027079764268533396
sifa_random_threshold,SIFA,1,10,11,171,ab,0.011013031855647136,0.004561143984220907,0.015574175839868042
sifa_random_threshold,SIFA,1,10,12,172,ac,0.011013031855647136,0.02494247205785667,0.03595550391350381
sifa_random_threshold,SIFA,1,10,13,173,ad,0.011013031855647136,0.00423241288625904,0.015245444741906176
sifa_random_threshold,SIFA,1,10,14,174,ae,0.011013031855647136,0.016395463510848127,0.027408495366495263
sifa_random_threshold,SIFA,1,10,15,175,af,0.011013031855647136,0.014094345825115059,0.025107377680762197
sifa_random_threshold,SIFA,1,11,0,176,b0,0.007448763644464245,0.012121959237343854,0.019570722881808097
sifa_random_threshold,SIFA,1,11,1,177,b1,0.007448763644464245,0.009820841551610782,0.017269605196075025
sifa_random_threshold,SIFA,1,11,2,178,b2,0.007448763644464245,0.012779421433267584,0.02022818507773183
sifa_random_threshold,SIFA,1,11,3,179,b3,0.007448763644464245,0.015738001314924387,0.02318676495938863
sifa_random_threshold,SIFA,1,11,4,180,b4,0.007448763644464245,0.009163379355687049,0.01661214300015129
sifa_random_threshold,SIFA,1,11,5,181,b5,0.007448763644464245,0.010807034845496385,0.01825579848996063
sifa_random_threshold,SIFA,1,11,6,182,b6,0.007448763644464245,0.0196827744904668,0.027131538134931042
sifa_random_threshold,SIFA,1,11,7,183,b7,0.007448763644464245,0.01738165680473373,0.024830420449197976
sifa_random_threshold,SIFA,1,11,8,184,b8,0.007448763644464245,0.01343688362919132,0.020885647273655564
sifa_random_threshold,SIFA,1,11,9,185,b9,0.007448763644464245,0.007848454963839579,0.015297218608303824
sifa_random_threshold,SIFA,1,11,10,186,ba,0.007448763644464245,0.01606673241288626,0.023515496057350503
sifa_random_threshold,SIFA,1,11,11,187,bb,0.007448763644464245,0.004561143984220907,0.012009907628685153
sifa_random_threshold,SIFA,1,11,12,188,bc,0.007448763644464245,0.02494247205785667,0.032391235702320914
sifa_random_threshold,SIFA,1,11,13,189,bd,0.007448763644464245,0.00423241288625904,0.011681176530723284
sifa_random_threshold,SIFA,1,11,14,190,be,0.007448763644464245,0.016395463510848127,0.02384422715531237
sifa_random_threshold,SIFA,1,11,15,191,bf,0.007448763644464245,0.014094345825115059,0.021543109469579304
sifa_random_threshold,SIFA,1,12,0,192,c0,0.011792715526843394,0.012121959237343854,0.02391467476418725
sifa_random_threshold,SIFA,1,12,1,193,c1,0.011792715526843394,0.009820841551610782,0.021613557078454176
sifa_random_threshold,SIFA,1,12,2,194,c2,0.011792715526843394,0.012779421433267584,0.024572136960110978
sifa_random_threshold,SIFA,1,12,3,195,c3,0.011792715526843394,0.015738001314924387,0.02753071684176778
sifa_random_threshold,SIFA,1,12,4,196,c4,0.011792715526843394,0.009163379355687049,0.020956094882530443
sifa_random_threshold,SIFA,1,12,5,197,c5,0.011792715526843394,0.010807034845496385,0.02259975037233978
sifa_random_threshold,SIFA,1,12,6,198,c6,0.011792715526843394,0.0196827744904668,0.03147549001731019
sifa_random_threshold,SIFA,1,12,7,199,c7,0.011792715526843394,0.01738165680473373,0.029174372331577124
sifa_random_threshold,SIFA,1,12,8,200,c8,0.011792715526843394,0.01343688362919132,0.025229599156034715
sifa_random_threshold,SIFA,1,12,9,201,c9,0.011792715526843394,0.007848454963839579,0.019641170490682973
sifa_random_threshold,SIFA,1,12,10,202,ca,0.011792715526843394,0.01606673241288626,0.027859447939729654
sifa_random_threshold,SIFA,1,12,11,203,cb,0.011792715526843394,0.004561143984220907,0.0163538595110643
sifa_random_threshold,SIFA,1,12,12,204,cc,0.011792715526843394,0.02494247205785667,0.03673518758470007
sifa_random_threshold,SIFA,1,12,13,205,cd,0.011792715526843394,0.00423241288625904,0.016025128413102434
sifa_random_threshold,SIFA,1,12,14,206,ce,0.011792715526843394,0.016395463510848127,0.02818817903769152
sifa_random_threshold,SIFA,1,12,15,207,cf,0.011792715526843394,0.014094345825115059,0.02588706135195845
sifa_random_threshold,SIFA,1,13,0,208,d0,0.016470817554020942,0.012121959237343854,0.028592776791364797
sifa_random_threshold,SIFA,1,13,1,209,d1,0.016470817554020942,0.009820841551610782,0.026291659105631724
sifa_random_threshold,SIFA,1,13,2,210,d2,0.016470817554020942,0.012779421433267584,0.029250238987288527
sifa_random_threshold,SIFA,1,13,3,211,d3,0.016470817554020942,0.015738001314924387,0.03220881886894533
sifa_random_threshold,SIFA,1,13,4,212,d4,0.016470817554020942,0.009163379355687049,0.02563419690970799
sifa_random_threshold,SIFA,1,13,5,213,d5,0.016470817554020942,0.010807034845496385,0.027277852399517327
sifa_random_threshold,SIFA,1,13,6,214,d6,0.016470817554020942,0.0196827744904668,0.036153592044487745
sifa_random_threshold,SIFA,1,13,7,215,d7,0.016470817554020942,0.01738165680473373,0.03385247435875467
sifa_random_threshold,SIFA,1,13,8,216,d8,0.016470817554020942,0.01343688362919132,0.029907701183212263
sifa_random_threshold,SIFA,1,13,9,217,d9,0.016470817554020942,0.007848454963839579,0.02431927251786052
sifa_random_threshold,SIFA,1,13,10,218,da,0.016470817554020942,0.01606673241288626,0.032537549966907206
sifa_random_threshold,SIFA,1,13,11,219,db,0.016470817554020942,0.004561143984220907,0.02103196153824185
sifa_random_threshold,SIFA,1,13,12,220,dc,0.016470817554020942,0.02494247205785667,0.04141328961187761
sifa_random_threshold,SIFA,1,13,13,221,dd,0.016470817554020942,0.00423241288625904,0.020703230440279982
sifa_random_threshold,SIFA,1,13,14,222,de,0.016470817554020942,0.016395463510848127,0.032866281064869066
sifa_random_threshold,SIFA,1,13,15,223,df,0.016470817554020942,0.014094345825115059,0.030565163379136
sifa_random_threshold,SIFA,1,14,0,224,e0,0.010233348184450878,0.012121959237343854,0.022355307421794732
sifa_random_threshold,SIFA,1,14,1,225,e1,0.010233348184450878,0.009820841551610782,0.02005418973606166
sifa_random_threshold,SIFA,1,14,2,226,e2,0.010233348184450878,0.012779421433267584,0.023012769617718462
sifa_random_threshold,SIFA,1,14,3,227,e3,0.010233348184450878,0.015738001314924387,0.025971349499375265
sifa_random_threshold,SIFA,1,14,4,228,e4,0.010233348184450878,0.009163379355687049,0.019396727540137926
sifa_random_threshold,SIFA,1,14,5,229,e5,0.010233348184450878,0.010807034845496385,0.021040383029947263
sifa_random_threshold,SIFA,1,14,6,230,e6,0.010233348184450878,0.0196827744904668,0.029916122674917677
sifa_random_threshold,SIFA,1,14,7,231,e7,0.010233348184450878,0.01738165680473373,0.027615004989184608
sifa_random_threshold,SIFA,1,14,8,232,e8,0.010233348184450878,0.01343688362919132,0.0236702318136422
sifa_random_threshold,SIFA,1,14,9,233,e9,0.010233348184450878,0.007848454963839579,0.018081803148290457
sifa_random_threshold,SIFA,1,14,10,234,ea,0.010233348184450878,0.01606673241288626,0.026300080597337138
sifa_random_threshold,SIFA,1,14,11,235,eb,0.010233348184450878,0.004561143984220907,0.014794492168671784
sifa_random_threshold,SIFA,1,14,12,236,ec,0.010233348184450878,0.02494247205785667,0.035175820242307546
sifa_random_threshold,SIFA,1,14,13,237,ed,0.010233348184450878,0.00423241288625904,0.014465761070709918
sifa_random_threshold,SIFA,1,14,14,238,ee,0.010233348184450878,0.016395463510848127,0.026628811695299005
sifa_random_threshold,SIFA,1,14,15,239,ef,0.010233348184450878,0.014094345825115059,0.024327694009565935
sifa_random_threshold,SIFA,1,15,0,240,f0,0.010901648474047673,0.012121959237343854,0.023023607711391527
sifa_random_threshold,SIFA,1,15,1,241,f1,0.010901648474047673,0.009820841551610782,0.020722490025658454
sifa_random_threshold,SIFA,1,15,2,242,f2,0.010901648474047673,0.012779421433267584,0.023681069907315257
sifa_random_threshold,SIFA,1,15,3,243,f3,0.010901648474047673,0.015738001314924387,0.02663964978897206
sifa_random_threshold,SIFA,1,15,4,244,f4,0.010901648474047673,0.009163379355687049,0.02006502782973472
sifa_random_threshold,SIFA,1,15,5,245,f5,0.010901648474047673,0.010807034845496385,0.021708683319544057
sifa_random_threshold,SIFA,1,15,6,246,f6,0.010901648474047673,0.0196827744904668,0.030584422964514472
sifa_random_threshold,SIFA,1,15,7,247,f7,0.010901648474047673,0.01738165680473373,0.028283305278781402
sifa_random_threshold,SIFA,1,15,8,248,f8,0.010901648474047673,0.01343688362919132,0.024338532103238993
sifa_random_threshold,SIFA,1,15,9,249,f9,0.010901648474047673,0.007848454963839579,0.01875010343788725
sifa_random_threshold,SIFA,1,15,10,250,fa,0.010901648474047673,0.01606673241288626,0.026968380886933933
sifa_random_threshold,SIFA,1,15,11,251,fb,0.010901648474047673,0.004561143984220907,0.015462792458268579
sifa_random_threshold,SIFA,1,15,12,252,fc,0.010901648474047673,0.02494247205785667,0.03584412053190435
sifa_random_threshold,SIFA,1,15,13,253,fd,0.010901648474047673,0.00423241288625904,0.015134061360306712
sifa_random_threshold,SIFA,1,15,14,254,fe,0.010901648474047673,0.016395463510848127,0.0272971119848958
sifa_random_threshold,SIFA,1,15,15,255,ff,0.010901648474047673,0.014094345825115059,0.02499599429916273
sifa_random_budget,SIFA,0,0,0,0,00,0.001164287450555764,0.0024111111111111104,0.0035753985616668745
sifa_random_budget,SIFA,0,0,1,1,01,0.001164287450555764,0.0017666666666666664,0.0029309541172224305
sifa_random_budget,SIFA,0,0,2,2,02,0.001164287450555764,0.0009944444444444443,0.002158731895000208
sifa_random_budget,SIFA,0,0,3,3,03,0.001164287450555764,0.000727777777777778,0.0018920652283335422
sifa_random_budget,SIFA,0,0,4,4,04,0.001164287450555764,0.0012944444444444446,0.002458731895000209
sifa_random_budget,SIFA,0,0,5,5,05,0.001164287450555764,0.0016888888888888895,0.0028531763394446536
sifa_random_budget,SIFA,0,0,6,6,06,0.001164287450555764,0.0030833333333333338,0.004247620783889098
sifa_random_budget,SIFA,0,0,7,7,07,0.001164287450555764,0.00075,0.0019142874505557641
sifa_random_budget,SIFA,0,0,8,8,08,0.001164287450555764,0.0025777777777777774,0.0037420652283335415
sifa_random_budget,SIFA,0,0,9,9,09,0.001164287450555764,0.0017722222222222223,0.0029365096727779864
sifa_random_budget,SIFA,0,0,10,10,0a,0.001164287450555764,0.002277777777777777,0.003442065228333541
sifa_random_budget,SIFA,0,0,11,11,0b,0.001164287450555764,0.004977777777777777,0.006142065228333542
sifa_random_budget,SIFA,0,0,12,12,0c,0.001164287450555764,0.0007777777777777781,0.0019420652283335422
sifa_random_budget,SIFA,0,0,13,13,0d,0.001164287450555764,0.0014333333333333338,0.002597620783889098
sifa_random_budget,SIFA,0,0,14,14,0e,0.001164287450555764,0.0013666666666666664,0.0025309541172224307
sifa_random_budget,SIFA,0,0,15,15,0f,0.001164287450555764,0.0016777777777777776,0.0028420652283335417
sifa_random_budget,SIFA,0,1,0,16,10,0.0013784678958811058,0.0024111111111111104,0.0037895790069922162
sifa_random_budget,SIFA,0,1,1,17,11,0.0013784678958811058,0.0017666666666666664,0.003145134562547772
sifa_random_budget,SIFA,0,1,2,18,12,0.0013784678958811058,0.0009944444444444443,0.0023729123403255503
sifa_random_budget,SIFA,0,1,3,19,13,0.0013784678958811058,0.000727777777777778,0.002106245673658884
sifa_random_budget,SIFA,0,1,4,20,14,0.0013784678958811058,0.0012944444444444446,0.0026729123403255502
sifa_random_budget,SIFA,0,1,5,21,15,0.0013784678958811058,0.0016888888888888895,0.0030673567847699953
sifa_random_budget,SIFA,0,1,6,22,16,0.0013784678958811058,0.0030833333333333338,0.00446180122921444
sifa_random_budget,SIFA,0,1,7,23,17,0.0013784678958811058,0.00075,0.0021284678958811056
sifa_random_budget,SIFA,0,1,8,24,18,0.0013784678958811058,0.0025777777777777774,0.003956245673658883
sifa_random_budget,SIFA,0,1,9,25,19,0.0013784678958811058,0.0017722222222222223,0.003150690118103328
sifa_random_budget,SIFA,0,1,10,26,1a,0.0013784678958811058,0.002277777777777777,0.003656245673658883
sifa_random_budget,SIFA,0,1,11,27,1b,0.0013784678958811058,0.004977777777777777,0.006356245673658883
sifa_random_budget,SIFA,0,1,12,28,1c,0.0013784678958811058,0.0007777777777777781,0.002156245673658884
sifa_random_budget,SIFA,0,1,13,29,1d,0.0013784678958811058,0.0014333333333333338,0.0028118012292144396
sifa_random_budget,SIFA,0,1,14,30,1e,0.0013784678958811058,0.0013666666666666664,0.002745134562547772
sifa_random_budget,SIFA,0,1,15,31,1f,0.0013784678958811058,0.0016777777777777776,0.0030562456736588834
sifa_random_budget,SIFA,0,2,0,32,20,0.0015008567217813008,0.0024111111111111104,0.003911967832892411
sifa_random_budget,SIFA,0,2,1,33,21,0.0015008567217813008,0.0017666666666666664,0.003267523388447967
sifa_random_budget,SIFA,0,2,2,34,22,0.0015008567217813008,0.0009944444444444443,0.002495301166225745
sifa_random_budget,SIFA,0,2,3,35,23,0.0015008567217813008,0.000727777777777778,0.0022286344995590787
sifa_random_budget,SIFA,0,2,4,36,24,0.0015008567217813008,0.0012944444444444446,0.0027953011662257454
sifa_random_budget,SIFA,0,2,5,37,25,0.0015008567217813008,0.0016888888888888895,0.0031897456106701905
sifa_random_budget,SIFA,0,2,6,38,26,0.0015008567217813008,0.0030833333333333338,0.004584190055114634
sifa_random_budget,SIFA,0,2,7,39,27,0.0015008567217813008,0.00075,0.002250856721781301
sifa_random_budget,SIFA,0,2,8,40,28,0.0015008567217813008,0.0025777777777777774,0.004078634499559078
sifa_random_budget,SIFA,0,2,9,41,29,0.0015008567217813008,0.0017722222222222223,0.0032730789440035234
sifa_random_budget,SIFA,0,2,10,42,2a,0.0015008567217813008,0.002277777777777777,0.0037786344995590776
sifa_random_budget,SIFA,0,2,11,43,2b,0.0015008567217813008,0.004977777777777777,0.006478634499559078
sifa_random_budget,SIFA,0,2,12,44,2c,0.0015008567217813008,0.0007777777777777781,0.002278634499559079
sifa_random_budget,SIFA,0,2,13,45,2d,0.0015008567217813008,0.0014333333333333338,0.002934190055114635
sifa_random_budget,SIFA,0,2,14,46,2e,0.0015008567217813008,0.0013666666666666664,0.0028675233884479672
sifa_random_budget,SIFA,0,2,15,47,2f,0.0015008567217813008,0.0016777777777777776,0.0031786344995590786
sifa_random_budget,SIFA,0,3,0,48,30,0.001130290554472377,0.0024111111111111104,0.003541401665583487
sifa_random_budget,SIFA,0,3,1,49,31,0.001130290554472377,0.0017666666666666664,0.002896957221139043
sifa_random_budget,SIFA,0,3,2,50,32,0.001130290554472377,0.0009944444444444443,0.0021247349989168213
sifa_random_budget,SIFA,0,3,3,51,33,0.001130290554472377,0.000727777777777778,0.001858068332250155
sifa_random_budget,SIFA,0,3,4,52,34,0.001130290554472377,0.0012944444444444446,0.0024247349989168217
sifa_random_budget,SIFA,0,3,5,53,35,0.001130290554472377,0.0016888888888888895,0.0028191794433612668
sifa_random_budget,SIFA,0,3,6,54,36,0.001130290554472377,0.0030833333333333338,0.0042136238878057106
sifa_random_budget,SIFA,0,3,7,55,37,0.001130290554472377,0.00075,0.001880290554472377
sifa_random_budget,SIFA,0,3,8,56,38,0.001130290554472377,0.0025777777777777774,0.0037080683322501546
sifa_random_budget,SIFA,0,3,9,57,39,0.001130290554472377,0.0017722222222222223,0.0029025127766945996
sifa_random_budget,SIFA,0,3,10,58,3a,0.001130290554472377,0.002277777777777777,0.003408068332250154
sifa_random_budget,SIFA,0,3,11,59,3b,0.001130290554472377,0.004977777777777777,0.006108068332250154
sifa_random_budget,SIFA,0,3,12,60,3c,0.001130290554472377,0.0007777777777777781,0.001908068332250155
sifa_random_budget,SIFA,0,3,13,61,3d,0.001130290554472377,0.0014333333333333338,0.002563623887805711
sifa_random_budget,SIFA,0,3,14,62,3e,0.001130290554472377,0.0013666666666666664,0.0024969572211390434
sifa_random_budget,SIFA,0,3,15,63,3f,0.001130290554472377,0.0016777777777777776,0.002808068332250155
sifa_random_budget,SIFA,0,4,0,64,40,0.00240857384720775,0.0024111111111111104,0.00481968495831886
sifa_random_budget,SIFA,0,4,1,65,41,0.00240857384720775,0.0017666666666666664,0.004175240513874416
sifa_random_budget,SIFA,0,4,2,66,42,0.00240857384720775,0.0009944444444444443,0.0034030182916521944
sifa_random_budget,SIFA,0,4,3,67,43,0.00240857384720775,0.000727777777777778,0.003136351624985528
sifa_random_budget,SIFA,0,4,4,68,44,0.00240857384720775,0.0012944444444444446,0.0037030182916521943
sifa_random_budget,SIFA,0,4,5,69,45,0.00240857384720775,0.0016888888888888895,0.00409746273609664
sifa_random_budget,SIFA,0,4,6,70,46,0.00240857384720775,0.0030833333333333338,0.005491907180541084
sifa_random_budget,SIFA,0,4,7,71,47,0.00240857384720775,0.00075,0.0031585738472077497
sifa_random_budget,SIFA,0,4,8,72,48,0.00240857384720775,0.0025777777777777774,0.004986351624985527
sifa_random_budget,SIFA,0,4,9,73,49,0.00240857384720775,0.0017722222222222223,0.004180796069429973
sifa_random_budget,SIFA,0,4,10,74,4a,0.00240857384720775,0.002277777777777777,0.004686351624985527
sifa_random_budget,SIFA,0,4,11,75,4b,0.00240857384720775,0.004977777777777777,0.007386351624985527
sifa_random_budget,SIFA,0,4,12,76,4c,0.00240857384720775,0.0007777777777777781,0.003186351624985528
sifa_random_budget,SIFA,0,4,13,77,4d,0.00240857384720775,0.0014333333333333338,0.0038419071805410837
sifa_random_budget,SIFA,0,4,14,78,4e,0.00240857384720775,0.0013666666666666664,0.003775240513874416
sifa_random_budget,SIFA,0,4,15,79,4f,0.00240857384720775,0.0016777777777777776,0.004086351624985527
sifa_random_budget,SIFA,0,5,0,80,50,0.0014532610672645585,0.0024111111111111104,0.003864372178375669
sifa_random_budget,SIFA,0,5,1,81,51,0.0014532610672645585,0.0017666666666666664,0.003219927733931225
sifa_random_budget,SIFA,0,5,2,82,52,0.0014532610672645585,0.0009944444444444443,0.002447705511709003
sifa_random_budget,SIFA,0,5,3,83,53,0.0014532610672645585,0.000727777777777778,0.0021810388450423366
sifa_random_budget,SIFA,0,5,4,84,54,0.0014532610672645585,0.0012944444444444446,0.002747705511709003
sifa_random_budget,SIFA,0,5,5,85,55,0.0014532610672645585,0.0016888888888888895,0.003142149956153448
sifa_random_budget,SIFA,0,5,6,86,56,0.0014532610672645585,0.0030833333333333338,0.004536594400597892
sifa_random_budget,SIFA,0,5,7,87,57,0.0014532610672645585,0.00075,0.0022032610672645583
sifa_random_budget,SIFA,0,5,8,88,58,0.0014532610672645585,0.0025777777777777774,0.004031038845042335
sifa_random_budget,SIFA,0,5,9,89,59,0.0014532610672645585,0.0017722222222222223,0.003225483289486781
sifa_random_budget,SIFA,0,5,10,90,5a,0.0014532610672645585,0.002277777777777777,0.0037310388450423355
sifa_random_budget,SIFA,0,5,11,91,5b,0.0014532610672645585,0.004977777777777777,0.006431038845042336
sifa_random_budget,SIFA,0,5,12,92,5c,0.0014532610672645585,0.0007777777777777781,0.0022310388450423367
sifa_random_budget,SIFA,0,5,13,93,5d,0.0014532610672645585,0.0014333333333333338,0.0028865944005978922
sifa_random_budget,SIFA,0,5,14,94,5e,0.0014532610672645585,0.0013666666666666664,0.0028199277339312247
sifa_random_budget,SIFA,0,5,15,95,5f,0.0014532610672645585,0.0016777777777777776,0.003131038845042336
sifa_random_budget,SIFA,0,6,0,96,60,0.0016402439957231905,0.0024111111111111104,0.004051355106834301
sifa_random_budget,SIFA,0,6,1,97,61,0.0016402439957231905,0.0017666666666666664,0.003406910662389857
sifa_random_budget,SIFA,0,6,2,98,62,0.0016402439957231905,0.0009944444444444443,0.0026346884401676346
sifa_random_budget,SIFA,0,6,3,99,63,0.0016402439957231905,0.000727777777777778,0.0023680217735009687
sifa_random_budget,SIFA,0,6,4,100,64,0.0016402439957231905,0.0012944444444444446,0.0029346884401676354
sifa_random_budget,SIFA,0,6,5,101,65,0.0016402439957231905,0.0016888888888888895,0.00332913288461208
sifa_random_budget,SIFA,0,6,6,102,66,0.0016402439957231905,0.0030833333333333338,0.004723577329056525
sifa_random_budget,SIFA,0,6,7,103,67,0.0016402439957231905,0.00075,0.0023902439957231908
sifa_random_budget,SIFA,0,6,8,104,68,0.0016402439957231905,0.0025777777777777774,0.004218021773500968
sifa_random_budget,SIFA,0,6,9,105,69,0.0016402439957231905,0.0017722222222222223,0.003412466217945413
sifa_random_budget,SIFA,0,6,10,106,6a,0.0016402439957231905,0.002277777777777777,0.003918021773500967
sifa_random_budget,SIFA,0,6,11,107,6b,0.0016402439957231905,0.004977777777777777,0.006618021773500968
sifa_random_budget,SIFA,0,6,12,108,6c,0.0016402439957231905,0.0007777777777777781,0.0024180217735009684
sifa_random_budget,SIFA,0,6,13,109,6d,0.0016402439957231905,0.0014333333333333338,0.0030735773290565243
sifa_random_budget,SIFA,0,6,14,110,6e,0.0016402439957231905,0.0013666666666666664,0.003006910662389857
sifa_random_budget,SIFA,0,6,15,111,6f,0.0016402439957231905,0.0016777777777777776,0.003318021773500968
sifa_random_budget,SIFA,0,7,0,112,70,0.0030375164247504203,0.0024111111111111104,0.005448627535861531
sifa_random_budget,SIFA,0,7,1,113,71,0.0030375164247504203,0.0017666666666666664,0.004804183091417087
sifa_random_budget,SIFA,0,7,2,114,72,0.0030375164247504203,0.0009944444444444443,0.004031960869194865
sifa_random_budget,SIFA,0,7,3,115,73,0.0030375164247504203,0.000727777777777778,0.0037652942025281984
sifa_random_budget,SIFA,0,7,4,116,74,0.0030375164247504203,0.0012944444444444446,0.004331960869194865
sifa_random_budget,SIFA,0,7,5,117,75,0.0030375164247504203,0.0016888888888888895,0.00472640531363931
sifa_random_budget,SIFA,0,7,6,118,76,0.0030375164247504203,0.0030833333333333338,0.006120849758083754
sifa_random_budget,SIFA,0,7,7,119,77,0.0030375164247504203,0.00075,0.00378751642475042
sifa_random_budget,SIFA,0,7,8,120,78,0.0030375164247504203,0.0025777777777777774,0.005615294202528197
sifa_random_budget,SIFA,0,7,9,121,79,0.0030375164247504203,0.0017722222222222223,0.004809738646972643
sifa_random_budget,SIFA,0,7,10,122,7a,0.0030375164247504203,0.002277777777777777,0.005315294202528197
sifa_random_budget,SIFA,0,7,11,123,7b,0.0030375164247504203,0.004977777777777777,0.008015294202528198
sifa_random_budget,SIFA,0,7,12,124,7c,0.0030375164247504203,0.0007777777777777781,0.0038152942025281985
sifa_random_budget,SIFA,0,7,13,125,7d,0.0030375164247504203,0.0014333333333333338,0.0044708497580837545
sifa_random_budget,SIFA,0,7,14,126,7e,0.0030375164247504203,0.0013666666666666664,0.0044041830914170865
sifa_random_budget,SIFA,0,7,15,127,7f,0.0030375164247504203,0.0016777777777777776,0.004715294202528197
sifa_random_budget,SIFA,0,8,0,128,80,0.001225481863505862,0.0024111111111111104,0.0036365929746169723
sifa_random_budget,SIFA,0,8,1,129,81,0.001225481863505862,0.0017666666666666664,0.0029921485301725283
sifa_random_budget,SIFA,0,8,2,130,82,0.001225481863505862,0.0009944444444444443,0.0022199263079503064
sifa_random_budget,SIFA,0,8,3,131,83,0.001225481863505862,0.000727777777777778,0.00195325964128364
sifa_random_budget,SIFA,0,8,4,132,84,0.001225481863505862,0.0012944444444444446,0.0025199263079503063
sifa_random_budget,SIFA,0,8,5,133,85,0.001225481863505862,0.0016888888888888895,0.0029143707523947514
sifa_random_budget,SIFA,0,8,6,134,86,0.001225481863505862,0.0030833333333333338,0.004308815196839196
sifa_random_budget,SIFA,0,8,7,135,87,0.001225481863505862,0.00075,0.0019754818635058617
sifa_random_budget,SIFA,0,8,8,136,88,0.001225481863505862,0.0025777777777777774,0.0038032596412836393
sifa_random_budget,SIFA,0,8,9,137,89,0.001225481863505862,0.0017722222222222223,0.0029977040857280843
sifa_random_budget,SIFA,0,8,10,138,8a,0.001225481863505862,0.002277777777777777,0.003503259641283639
sifa_random_budget,SIFA,0,8,11,139,8b,0.001225481863505862,0.004977777777777777,0.006203259641283639
sifa_random_budget,SIFA,0,8,12,140,8c,0.001225481863505862,0.0007777777777777781,0.00200325964128364
sifa_random_budget,SIFA,0,8,13,141,8d,0.001225481863505862,0.0014333333333333338,0.0026588151968391957
sifa_random_budget,SIFA,0,8,14,142,8e,0.001225481863505862,0.0013666666666666664,0.002592148530172528
sifa_random_budget,SIFA,0,8,15,143,8f,0.001225481863505862,0.0016777777777777776,0.0029032596412836395
sifa_random_budget,SIFA,0,9,0,144,90,0.0013988660335311383,0.0024111111111111104,0.0038099771446422487
sifa_random_budget,SIFA,0,9,1,145,91,0.0013988660335311383,0.0017666666666666664,0.0031655327001978047
sifa_random_budget,SIFA,0,9,2,146,92,0.0013988660335311383,0.0009944444444444443,0.0023933104779755828
sifa_random_budget,SIFA,0,9,3,147,93,0.0013988660335311383,0.000727777777777778,0.0021266438113089164
sifa_random_budget,SIFA,0,9,4,148,94,0.0013988660335311383,0.0012944444444444446,0.0026933104779755827
sifa_random_budget,SIFA,0,9,5,149,95,0.0013988660335311383,0.0016888888888888895,0.003087754922420028
sifa_random_budget,SIFA,0,9,6,150,96,0.0013988660335311383,0.0030833333333333338,0.004482199366864472
sifa_random_budget,SIFA,0,9,7,151,97,0.0013988660335311383,0.00075,0.002148866033531138
sifa_random_budget,SIFA,0,9,8,152,98,0.0013988660335311383,0.0025777777777777774,0.003976643811308916
sifa_random_budget,SIFA,0,9,9,153,99,0.0013988660335311383,0.0017722222222222223,0.0031710882557533606
sifa_random_budget,SIFA,0,9,10,154,9a,0.0013988660335311383,0.002277777777777777,0.0036766438113089153
sifa_random_budget,SIFA,0,9,11,155,9b,0.0013988660335311383,0.004977777777777777,0.006376643811308915
sifa_random_budget,SIFA,0,9,12,156,9c,0.0013988660335311383,0.0007777777777777781,0.0021766438113089166
sifa_random_budget,SIFA,0,9,13,157,9d,0.0013988660335311383,0.0014333333333333338,0.002832199366864472
sifa_random_budget,SIFA,0,9,14,158,9e,0.0013988660335311383,0.0013666666666666664,0.0027655327001978045
sifa_random_budget,SIFA,0,9,15,159,9f,0.0013988660335311383,0.0016777777777777776,0.003076643811308916
sifa_random_budget,SIFA,0,10,0,160,a0,0.0017252362359316592,0.0024111111111111104,0.00413634734704277
sifa_random_budget,SIFA,0,10,1,161,a1,0.0017252362359316592,0.0017666666666666664,0.003491902902598326
sifa_random_budget,SIFA,0,10,2,162,a2,0.0017252362359316592,0.0009944444444444443,0.0027196806803761035
sifa_random_budget,SIFA,0,10,3,163,a3,0.0017252362359316592,0.000727777777777778,0.002453014013709437
sifa_random_budget,SIFA,0,10,4,164,a4,0.0017252362359316592,0.0012944444444444446,0.003019680680376104
sifa_random_budget,SIFA,0,10,5,165,a5,0.0017252362359316592,0.0016888888888888895,0.0034141251248205485
sifa_random_budget,SIFA,0,10,6,166,a6,0.0017252362359316592,0.0030833333333333338,0.004808569569264993
sifa_random_budget,SIFA,0,10,7,167,a7,0.0017252362359316592,0.00075,0.002475236235931659
sifa_random_budget,SIFA,0,10,8,168,a8,0.0017252362359316592,0.0025777777777777774,0.004303014013709436
sifa_random_budget,SIFA,0,10,9,169,a9,0.0017252362359316592,0.0017722222222222223,0.0034974584581538813
sifa_random_budget,SIFA,0,10,10,170,aa,0.0017252362359316592,0.002277777777777777,0.004003014013709436
sifa_random_budget,SIFA,0,10,11,171,ab,0.0017252362359316592,0.004977777777777777,0.0067030140137094366
sifa_random_budget,SIFA,0,10,12,172,ac,0.0017252362359316592,0.0007777777777777781,0.0025030140137094373
sifa_random_budget,SIFA,0,10,13,173,ad,0.0017252362359316592,0.0014333333333333338,0.0031585695692649927
sifa_random_budget,SIFA,0,10,14,174,ae,0.0017252362359316592,0.0013666666666666664,0.0030919029025983256
sifa_random_budget,SIFA,0,10,15,175,af,0.0017252362359316592,0.0016777777777777776,0.0034030140137094366
sifa_random_budget,SIFA,0,11,0,176,b0,0.0019530154396903564,0.0024111111111111104,0.004364126550801466
sifa_random_budget,SIFA,0,11,1,177,b1,0.0019530154396903564,0.0017666666666666664,0.0037196821063570228
sifa_random_budget,SIFA,0,11,2,178,b2,0.0019530154396903564,0.0009944444444444443,0.0029474598841348005
sifa_random_budget,SIFA,0,11,3,179,b3,0.0019530154396903564,0.000727777777777778,0.0026807932174681345
sifa_random_budget,SIFA,0,11,4,180,b4,0.0019530154396903564,0.0012944444444444446,0.0032474598841348012
sifa_random_budget,SIFA,0,11,5,181,b5,0.0019530154396903564,0.0016888888888888895,0.003641904328579246
sifa_random_budget,SIFA,0,11,6,182,b6,0.0019530154396903564,0.0030833333333333338,0.00503634877302369
sifa_random_budget,SIFA,0,11,7,183,b7,0.0019530154396903564,0.00075,0.0027030154396903566
sifa_random_budget,SIFA,0,11,8,184,b8,0.0019530154396903564,0.0025777777777777774,0.004530793217468134
sifa_random_budget,SIFA,0,11,9,185,b9,0.0019530154396903564,0.0017722222222222223,0.0037252376619125787
sifa_random_budget,SIFA,0,11,10,186,ba,0.0019530154396903564,0.002277777777777777,0.004230793217468134
sifa_random_budget,SIFA,0,11,11,187,bb,0.0019530154396903564,0.004977777777777777,0.006930793217468133
sifa_random_budget,SIFA,0,11,12,188,bc,0.0019530154396903564,0.0007777777777777781,0.0027307932174681342
sifa_random_budget,SIFA,0,11,13,189,bd,0.0019530154396903564,0.0014333333333333338,0.00338634877302369
sifa_random_budget,SIFA,0,11,14,190,be,0.0019530154396903564,0.0013666666666666664,0.003319682106357023
sifa_random_budget,SIFA,0,11,15,191,bf,0.0019530154396903564,0.0016777777777777776,0.003630793217468134
sifa_random_budget,SIFA,0,12,0,192,c0,0.001633444616506513,0.0024111111111111104,0.004044555727617623
sifa_random_budget,SIFA,0,12,1,193,c1,0.001633444616506513,0.0017666666666666664,0.0034001112831731793
sifa_random_budget,SIFA,0,12,2,194,c2,0.001633444616506513,0.0009944444444444443,0.0026278890609509574
sifa_random_budget,SIFA,0,12,3,195,c3,0.001633444616506513,0.000727777777777778,0.002361222394284291
sifa_random_budget,SIFA,0,12,4,196,c4,0.001633444616506513,0.0012944444444444446,0.0029278890609509573
sifa_random_budget,SIFA,0,12,5,197,c5,0.001633444616506513,0.0016888888888888895,0.0033223335053954024
sifa_random_budget,SIFA,0,12,6,198,c6,0.001633444616506513,0.0030833333333333338,0.004716777949839847
sifa_random_budget,SIFA,0,12,7,199,c7,0.001633444616506513,0.00075,0.0023834446165065127
sifa_random_budget,SIFA,0,12,8,200,c8,0.001633444616506513,0.0025777777777777774,0.00421122239428429
sifa_random_budget,SIFA,0,12,9,201,c9,0.001633444616506513,0.0017722222222222223,0.0034056668387287352
sifa_random_budget,SIFA,0,12,10,202,ca,0.001633444616506513,0.002277777777777777,0.00391122239428429
sifa_random_budget,SIFA,0,12,11,203,cb,0.001633444616506513,0.004977777777777777,0.00661122239428429
sifa_random_budget,SIFA,0,12,12,204,cc,0.001633444616506513,0.0007777777777777781,0.002411222394284291
sifa_random_budget,SIFA,0,12,13,205,cd,0.001633444616506513,0.0014333333333333338,0.0030667779498398467
sifa_random_budget,SIFA,0,12,14,206,ce,0.001633444616506513,0.0013666666666666664,0.003000111283173179
sifa_random_budget,SIFA,0,12,15,207,cf,0.001633444616506513,0.0016777777777777776,0.0033112223942842905
sifa_random_budget,SIFA,0,13,0,208,d0,0.0016028474100314642,0.0024111111111111104,0.004013958521142575
sifa_random_budget,SIFA,0,13,1,209,d1,0.0016028474100314642,0.0017666666666666664,0.0033695140766981306
sifa_random_budget,SIFA,0,13,2,210,d2,0.0016028474100314642,0.0009944444444444443,0.0025972918544759083
sifa_random_budget,SIFA,0,13,3,211,d3,0.0016028474100314642,0.000727777777777778,0.0023306251878092423
sifa_random_budget,SIFA,0,13,4,212,d4,0.0016028474100314642,0.0012944444444444446,0.002897291854475909
sifa_random_budget,SIFA,0,13,5,213,d5,0.0016028474100314642,0.0016888888888888895,0.0032917362989203537
sifa_random_budget,SIFA,0,13,6,214,d6,0.0016028474100314642,0.0030833333333333338,0.004686180743364798
sifa_random_budget,SIFA,0,13,7,215,d7,0.0016028474100314642,0.00075,0.0023528474100314644
sifa_random_budget,SIFA,0,13,8,216,d8,0.0016028474100314642,0.0025777777777777774,0.0041806251878092416
sifa_random_budget,SIFA,0,13,9,217,d9,0.0016028474100314642,0.0017722222222222223,0.0033750696322536865
sifa_random_budget,SIFA,0,13,10,218,da,0.0016028474100314642,0.002277777777777777,0.003880625187809241
sifa_random_budget,SIFA,0,13,11,219,db,0.0016028474100314642,0.004977777777777777,0.006580625187809242
sifa_random_budget,SIFA,0,13,12,220,dc,0.0016028474100314642,0.0007777777777777781,0.002380625187809242
sifa_random_budget,SIFA,0,13,13,221,dd,0.0016028474100314642,0.0014333333333333338,0.003036180743364798
sifa_random_budget,SIFA,0,13,14,222,de,0.0016028474100314642,0.0013666666666666664,0.002969514076698131
sifa_random_budget,SIFA,0,13,15,223,df,0.0016028474100314642,0.0016777777777777776,0.003280625187809242
sifa_random_budget,SIFA,0,14,0,224,e0,0.0027485428080416255,0.0024111111111111104,0.005159653919152736
sifa_random_budget,SIFA,0,14,1,225,e1,0.0027485428080416255,0.0017666666666666664,0.004515209474708292
sifa_random_budget,SIFA,0,14,2,226,e2,0.0027485428080416255,0.0009944444444444443,0.00374298725248607
sifa_random_budget,SIFA,0,14,3,227,e3,0.0027485428080416255,0.000727777777777778,0.0034763205858194036
sifa_random_budget,SIFA,0,14,4,228,e4,0.0027485428080416255,0.0012944444444444446,0.00404298725248607
sifa_random_budget,SIFA,0,14,5,229,e5,0.0027485428080416255,0.0016888888888888895,0.004437431696930515
sifa_random_budget,SIFA,0,14,6,230,e6,0.0027485428080416255,0.0030833333333333338,0.005831876141374959
sifa_random_budget,SIFA,0,14,7,231,e7,0.0027485428080416255,0.00075,0.0034985428080416252
sifa_random_budget,SIFA,0,14,8,232,e8,0.0027485428080416255,0.0025777777777777774,0.005326320585819402
sifa_random_budget,SIFA,0,14,9,233,e9,0.0027485428080416255,0.0017722222222222223,0.004520765030263848
sifa_random_budget,SIFA,0,14,10,234,ea,0.0027485428080416255,0.002277777777777777,0.0050263205858194025
sifa_random_budget,SIFA,0,14,11,235,eb,0.0027485428080416255,0.004977777777777777,0.007726320585819403
sifa_random_budget,SIFA,0,14,12,236,ec,0.0027485428080416255,0.0007777777777777781,0.0035263205858194037
sifa_random_budget,SIFA,0,14,13,237,ed,0.0027485428080416255,0.0014333333333333338,0.00418187614137496
sifa_random_budget,SIFA,0,14,14,238,ee,0.0027485428080416255,0.0013666666666666664,0.004115209474708292
sifa_random_budget,SIFA,0,14,15,239,ef,0.0027485428080416255,0.0016777777777777776,0.004426320585819403
sifa_random_budget,SIFA,0,15,0,240,f0,0.0018408256826151776,0.0024111111111111104,0.004251936793726288
sifa_random_budget,SIFA,0,15,1,241,f1,0.0018408256826151776,0.0017666666666666664,0.0036074923492818442
sifa_random_budget,SIFA,0,15,2,242,f2,0.0018408256826151776,0.0009944444444444443,0.002835270127059622
sifa_random_budget,SIFA,0,15,3,243,f3,0.0018408256826151776,0.000727777777777778,0.0025686034603929556
sifa_random_budget,SIFA,0,15,4,244,f4,0.0018408256826151776,0.0012944444444444446,0.0031352701270596223
sifa_random_budget,SIFA,0,15,5,245,f5,0.0018408256826151776,0.0016888888888888895,0.003529714571504067
sifa_random_budget,SIFA,0,15,6,246,f6,0.0018408256826151776,0.0030833333333333338,0.004924159015948512
sifa_random_budget,SIFA,0,15,7,247,f7,0.0018408256826151776,0.00075,0.0025908256826151776
sifa_random_budget,SIFA,0,15,8,248,f8,0.0018408256826151776,0.0025777777777777774,0.004418603460392955
sifa_random_budget,SIFA,0,15,9,249,f9,0.0018408256826151776,0.0017722222222222223,0.0036130479048373998
sifa_random_budget,SIFA,0,15,10,250,fa,0.0018408256826151776,0.002277777777777777,0.004118603460392955
sifa_random_budget,SIFA,0,15,11,251,fb,0.0018408256826151776,0.004977777777777777,0.006818603460392955
sifa_random_budget,SIFA,0,15,12,252,fc,0.0018408256826151776,0.0007777777777777781,0.0026186034603929557
sifa_random_budget,SIFA,0,15,13,253,fd,0.0018408256826151776,0.0014333333333333338,0.003274159015948511
sifa_random_budget,SIFA,0,15,14,254,fe,0.0018408256826151776,0.0013666666666666664,0.003207492349281844
sifa_random_budget,SIFA,0,15,15,255,ff,0.0018408256826151776,0.0016777777777777776,0.003518603460392955
sifa_random_budget,SIFA,1,0,0,0,00,0.0006812920092543716,0.002041011666141165,0.0027223036753955365
sifa_random_budget,SIFA,1,0,1,1,01,0.0006812920092543716,0.001917143371920184,0.0025984353811745555
sifa_random_budget,SIFA,1,0,2,2,02,0.0006812920092543716,0.001297801900815279,0.0019790939100696506
sifa_random_budget,SIFA,1,0,3,3,03,0.0006812920092543716,0.0012640196387550115,0.001945311648009383
sifa_random_budget,SIFA,1,0,4,4,04,0.0006812920092543716,0.0025646367280753118,0.0032459287373296833
sifa_random_budget,SIFA,1,0,5,5,05,0.0006812920092543716,0.002474550695914599,0.0031558427051689704
sifa_random_budget,SIFA,1,0,6,6,06,0.0006812920092543716,0.00383710193234539,0.004518393941599762
sifa_random_budget,SIFA,1,0,7,7,07,0.0006812920092543716,0.0026490923832259814,0.003330384392480353
sifa_random_budget,SIFA,1,0,8,8,08,0.0006812920092543716,0.001359736047925769,0.0020410280571801407
sifa_random_budget,SIFA,1,0,9,9,09,0.0006812920092543716,0.0023337912706634834,0.003015083279917855
sifa_random_budget,SIFA,1,0,10,10,0a,0.0006812920092543716,0.0017200801765686234,0.0024013721858229947
sifa_random_budget,SIFA,1,0,11,11,0b,0.0006812920092543716,0.0009430881491824691,0.0016243801584368408
sifa_random_budget,SIFA,1,0,12,12,0c,0.0006812920092543716,0.0011908247376244312,0.0018721167468788028
sifa_random_budget,SIFA,1,0,13,13,0d,0.0006812920092543716,0.002395725417773974,0.0030770174270283454
sifa_random_budget,SIFA,1,0,14,14,0e,0.0006812920092543716,0.0020466420431512096,0.002727934052405581
sifa_random_budget,SIFA,1,0,15,15,0f,0.0006812920092543716,0.002114206567271744,0.0027954985765261155
sifa_random_budget,SIFA,1,1,0,16,10,0.0006781591820814818,0.002041011666141165,0.0027191708482226466
sifa_random_budget,SIFA,1,1,1,17,11,0.0006781591820814818,0.001917143371920184,0.0025953025540016656
sifa_random_budget,SIFA,1,1,2,18,12,0.0006781591820814818,0.001297801900815279,0.0019759610828967607
sifa_random_budget,SIFA,1,1,3,19,13,0.0006781591820814818,0.0012640196387550115,0.0019421788208364933
sifa_random_budget,SIFA,1,1,4,20,14,0.0006781591820814818,0.0025646367280753118,0.0032427959101567934
sifa_random_budget,SIFA,1,1,5,21,15,0.0006781591820814818,0.002474550695914599,0.0031527098779960804
sifa_random_budget,SIFA,1,1,6,22,16,0.0006781591820814818,0.00383710193234539,0.004515261114426872
sifa_random_budget,SIFA,1,1,7,23,17,0.0006781591820814818,0.0026490923832259814,0.003327251565307463
sifa_random_budget,SIFA,1,1,8,24,18,0.0006781591820814818,0.001359736047925769,0.0020378952300072507
sifa_random_budget,SIFA,1,1,9,25,19,0.0006781591820814818,0.0023337912706634834,0.003011950452744965
sifa_random_budget,SIFA,1,1,10,26,1a,0.0006781591820814818,0.0017200801765686234,0.002398239358650105
sifa_random_budget,SIFA,1,1,11,27,1b,0.0006781591820814818,0.0009430881491824691,0.0016212473312639509
sifa_random_budget,SIFA,1,1,12,28,1c,0.0006781591820814818,0.0011908247376244312,0.001868983919705913
sifa_random_budget,SIFA,1,1,13,29,1d,0.0006781591820814818,0.002395725417773974,0.003073884599855456
sifa_random_budget,SIFA,1,1,14,30,1e,0.0006781591820814818,0.0020466420431512096,0.0027248012252326917
sifa_random_budget,SIFA,1,1,15,31,1f,0.0006781591820814818,0.002114206567271744,0.002792365749353226
sifa_random_budget,SIFA,1,2,0,32,20,0.001173145875398065,0.002041011666141165,0.0032141575415392297
sifa_random_budget,SIFA,1,2,1,33,21,0.001173145875398065,0.001917143371920184,0.0030902892473182487
sifa_random_budget,SIFA,1,2,2,34,22,0.001173145875398065,0.001297801900815279,0.002470947776213344
sifa_random_budget,SIFA,1,2,3,35,23,0.001173145875398065,0.0012640196387550115,0.0024371655141530767
sifa_random_budget,SIFA,1,2,4,36,24,0.001173145875398065,0.0025646367280753118,0.0037377826034733766
sifa_random_budget,SIFA,1,2,5,37,25,0.001173145875398065,0.002474550695914599,0.0036476965713126636
sifa_random_budget,SIFA,1,2,6,38,26,0.001173145875398065,0.00383710193234539,0.005010247807743455
sifa_random_budget,SIFA,1,2,7,39,27,0.001173145875398065,0.0026490923832259814,0.003822238258624046
sifa_random_budget,SIFA,1,2,8,40,28,0.001173145875398065,0.001359736047925769,0.002532881923323834
sifa_random_budget,SIFA,1,2,9,41,29,0.001173145875398065,0.0023337912706634834,0.003506937146061548
sifa_random_budget,SIFA,1,2,10,42,2a,0.001173145875398065,0.0017200801765686234,0.0028932260519666884
sifa_random_budget,SIFA,1,2,11,43,2b,0.001173145875398065,0.0009430881491824691,0.002116234024580534
sifa_random_budget,SIFA,1,2,12,44,2c,0.001173145875398065,0.0011908247376244312,0.0023639706130224964
sifa_random_budget,SIFA,1,2,13,45,2d,0.001173145875398065,0.002395725417773974,0.003568871293172039
sifa_random_budget,SIFA,1,2,14,46,2e,0.001173145875398065,0.0020466420431512096,0.003219787918549275
sifa_random_budget,SIFA,1,2,15,47,2f,0.001173145875398065,0.002114206567271744,0.003287352442669809
sifa_random_budget,SIFA,1,3,0,48,30,0.00123893524602875,0.002041011666141165,0.003279946912169915
sifa_random_budget,SIFA,1,3,1,49,31,0.00123893524602875,0.001917143371920184,0.003156078617948934
sifa_random_budget,SIFA,1,3,2,50,32,0.00123893524602875,0.001297801900815279,0.002536737146844029
sifa_random_budget,SIFA,1,3,3,51,33,0.00123893524602875,0.0012640196387550115,0.0025029548847837614
sifa_random_budget,SIFA,1,3,4,52,34,0.00123893524602875,0.0025646367280753118,0.0038035719741040617
sifa_random_budget,SIFA,1,3,5,53,35,0.00123893524602875,0.002474550695914599,0.0037134859419433487
sifa_random_budget,SIFA,1,3,6,54,36,0.00123893524602875,0.00383710193234539,0.00507603717837414
sifa_random_budget,SIFA,1,3,7,55,37,0.00123893524602875,0.0026490923832259814,0.0038880276292547313
sifa_random_budget,SIFA,1,3,8,56,38,0.00123893524602875,0.001359736047925769,0.002598671293954519
sifa_random_budget,SIFA,1,3,9,57,39,0.00123893524602875,0.0023337912706634834,0.0035727265166922333
sifa_random_budget,SIFA,1,3,10,58,3a,0.00123893524602875,0.0017200801765686234,0.0029590154225973735
sifa_random_budget,SIFA,1,3,11,59,3b,0.00123893524602875,0.0009430881491824691,0.002182023395211219
sifa_random_budget,SIFA,1,3,12,60,3c,0.00123893524602875,0.0011908247376244312,0.002429759983653181
sifa_random_budget,SIFA,1,3,13,61,3d,0.00123893524602875,0.002395725417773974,0.003634660663802724
sifa_random_budget,SIFA,1,3,14,62,3e,0.00123893524602875,0.0020466420431512096,0.0032855772891799595
sifa_random_budget,SIFA,1,3,15,63,3f,0.00123893524602875,0.002114206567271744,0.003353141813300494
sifa_random_budget,SIFA,1,4,0,64,40,0.0005998385027592376,0.002041011666141165,0.0026408501689004025
sifa_random_budget,SIFA,1,4,1,65,41,0.0005998385027592376,0.001917143371920184,0.0025169818746794215
sifa_random_budget,SIFA,1,4,2,66,42,0.0005998385027592376,0.001297801900815279,0.0018976404035745166
sifa_random_budget,SIFA,1,4,3,67,43,0.0005998385027592376,0.0012640196387550115,0.001863858141514249
sifa_random_budget,SIFA,1,4,4,68,44,0.0005998385027592376,0.0025646367280753118,0.0031644752308345493
sifa_random_budget,SIFA,1,4,5,69,45,0.0005998385027592376,0.002474550695914599,0.0030743891986738364
sifa_random_budget,SIFA,1,4,6,70,46,0.0005998385027592376,0.00383710193234539,0.004436940435104628
sifa_random_budget,SIFA,1,4,7,71,47,0.0005998385027592376,0.0026490923832259814,0.003248930885985219
sifa_random_budget,SIFA,1,4,8,72,48,0.0005998385027592376,0.001359736047925769,0.0019595745506850067
sifa_random_budget,SIFA,1,4,9,73,49,0.0005998385027592376,0.0023337912706634834,0.002933629773422721
sifa_random_budget,SIFA,1,4,10,74,4a,0.0005998385027592376,0.0017200801765686234,0.002319918679327861
sifa_random_budget,SIFA,1,4,11,75,4b,0.0005998385027592376,0.0009430881491824691,0.0015429266519417068
sifa_random_budget,SIFA,1,4,12,76,4c,0.0005998385027592376,0.0011908247376244312,0.0017906632403836688
sifa_random_budget,SIFA,1,4,13,77,4d,0.0005998385027592376,0.002395725417773974,0.0029955639205332114
sifa_random_budget,SIFA,1,4,14,78,4e,0.0005998385027592376,0.0020466420431512096,0.002646480545910447
sifa_random_budget,SIFA,1,4,15,79,4f,0.0005998385027592376,0.002114206567271744,0.0027140450700309814
sifa_random_budget,SIFA,1,5,0,80,50,0.0012859276536220962,0.002041011666141165,0.003326939319763261
sifa_random_budget,SIFA,1,5,1,81,51,0.0012859276536220962,0.001917143371920184,0.00320307102554228
sifa_random_budget,SIFA,1,5,2,82,52,0.0012859276536220962,0.001297801900815279,0.0025837295544373752
sifa_random_budget,SIFA,1,5,3,83,53,0.0012859276536220962,0.0012640196387550115,0.0025499472923771077
sifa_random_budget,SIFA,1,5,4,84,54,0.0012859276536220962,0.0025646367280753118,0.003850564381697408
sifa_random_budget,SIFA,1,5,5,85,55,0.0012859276536220962,0.002474550695914599,0.003760478349536695
sifa_random_budget,SIFA,1,5,6,86,56,0.0012859276536220962,0.00383710193234539,0.005123029585967486
sifa_random_budget,SIFA,1,5,7,87,57,0.0012859276536220962,0.0026490923832259814,0.0039350200368480776
sifa_random_budget,SIFA,1,5,8,88,58,0.0012859276536220962,0.001359736047925769,0.0026456637015478653
sifa_random_budget,SIFA,1,5,9,89,59,0.0012859276536220962,0.0023337912706634834,0.0036197189242855796
sifa_random_budget,SIFA,1,5,10,90,5a,0.0012859276536220962,0.0017200801765686234,0.0030060078301907198
sifa_random_budget,SIFA,1,5,11,91,5b,0.0012859276536220962,0.0009430881491824691,0.0022290158028045654
sifa_random_budget,SIFA,1,5,12,92,5c,0.0012859276536220962,0.0011908247376244312,0.0024767523912465274
sifa_random_budget,SIFA,1,5,13,93,5d,0.0012859276536220962,0.002395725417773974,0.00368165307139607
sifa_random_budget,SIFA,1,5,14,94,5e,0.0012859276536220962,0.0020466420431512096,0.003332569696773306
sifa_random_budget,SIFA,1,5,15,95,5f,0.0012859276536220962,0.002114206567271744,0.00340013422089384
sifa_random_budget,SIFA,1,6,0,96,60,0.0010446999613095845,0.002041011666141165,0.0030857116274507494
sifa_random_budget,SIFA,1,6,1,97,61,0.0010446999613095845,0.001917143371920184,0.0029618433332297685
sifa_random_budget,SIFA,1,6,2,98,62,0.0010446999613095845,0.001297801900815279,0.0023425018621248636
sifa_random_budget,SIFA,1,6,3,99,63,0.0010446999613095845,0.0012640196387550115,0.002308719600064596
sifa_random_budget,SIFA,1,6,4,100,64,0.0010446999613095845,0.0025646367280753118,0.0036093366893848963
sifa_random_budget,SIFA,1,6,5,101,65,0.0010446999613095845,0.002474550695914599,0.0035192506572241833
sifa_random_budget,SIFA,1,6,6,102,66,0.0010446999613095845,0.00383710193234539,0.0048818018936549745
sifa_random_budget,SIFA,1,6,7,103,67,0.0010446999613095845,0.0026490923832259814,0.003693792344535566
sifa_random_budget,SIFA,1,6,8,104,68,0.0010446999613095845,0.001359736047925769,0.0024044360092353536
sifa_random_budget,SIFA,1,6,9,105,69,0.0010446999613095845,0.0023337912706634834,0.003378491231973068
sifa_random_budget,SIFA,1,6,10,106,6a,0.0010446999613095845,0.0017200801765686234,0.0027647801378782077
sifa_random_budget,SIFA,1,6,11,107,6b,0.0010446999613095845,0.0009430881491824691,0.0019877881104920538
sifa_random_budget,SIFA,1,6,12,108,6c,0.0010446999613095845,0.0011908247376244312,0.0022355246989340157
sifa_random_budget,SIFA,1,6,13,109,6d,0.0010446999613095845,0.002395725417773974,0.0034404253790835584
sifa_random_budget,SIFA,1,6,14,110,6e,0.0010446999613095845,0.0020466420431512096,0.003091342004460794
sifa_random_budget,SIFA,1,6,15,111,6f,0.0010446999613095845,0.002114206567271744,0.0031589065285813284
sifa_random_budget,SIFA,1,7,0,112,70,0.0010916923689029308,0.002041011666141165,0.0031327040350440957
sifa_random_budget,SIFA,1,7,1,113,71,0.0010916923689029308,0.001917143371920184,0.0030088357408231147
sifa_random_budget,SIFA,1,7,2,114,72,0.0010916923689029308,0.001297801900815279,0.00238949426971821
sifa_random_budget,SIFA,1,7,3,115,73,0.0010916923689029308,0.0012640196387550115,0.0023557120076579422
sifa_random_budget,SIFA,1,7,4,116,74,0.0010916923689029308,0.0025646367280753118,0.0036563290969782425
sifa_random_budget,SIFA,1,7,5,117,75,0.0010916923689029308,0.002474550695914599,0.0035662430648175296
sifa_random_budget,SIFA,1,7,6,118,76,0.0010916923689029308,0.00383710193234539,0.004928794301248321
sifa_random_budget,SIFA,1,7,7,119,77,0.0010916923689029308,0.0026490923832259814,0.003740784752128912
sifa_random_budget,SIFA,1,7,8,120,78,0.0010916923689029308,0.001359736047925769,0.0024514284168287
sifa_random_budget,SIFA,1,7,9,121,79,0.0010916923689029308,0.0023337912706634834,0.003425483639566414
sifa_random_budget,SIFA,1,7,10,122,7a,0.0010916923689029308,0.0017200801765686234,0.002811772545471554
sifa_random_budget,SIFA,1,7,11,123,7b,0.0010916923689029308,0.0009430881491824691,0.0020347805180854
sifa_random_budget,SIFA,1,7,12,124,7c,0.0010916923689029308,0.0011908247376244312,0.002282517106527362
sifa_random_budget,SIFA,1,7,13,125,7d,0.0010916923689029308,0.002395725417773974,0.0034874177866769046
sifa_random_budget,SIFA,1,7,14,126,7e,0.0010916923689029308,0.0020466420431512096,0.0031383344120541404
sifa_random_budget,SIFA,1,7,15,127,7f,0.0010916923689029308,0.002114206567271744,0.0032058989361746747
sifa_random_budget,SIFA,1,8,0,128,80,0.0007878081331326235,0.002041011666141165,0.0028288197992737884
sifa_random_budget,SIFA,1,8,1,129,81,0.0007878081331326235,0.001917143371920184,0.0027049515050528074
sifa_random_budget,SIFA,1,8,2,130,82,0.0007878081331326235,0.001297801900815279,0.0020856100339479025
sifa_random_budget,SIFA,1,8,3,131,83,0.0007878081331326235,0.0012640196387550115,0.002051827771887635
sifa_random_budget,SIFA,1,8,4,132,84,0.0007878081331326235,0.0025646367280753118,0.0033524448612079353
sifa_random_budget,SIFA,1,8,5,133,85,0.0007878081331326235,0.002474550695914599,0.0032623588290472223
sifa_random_budget,SIFA,1,8,6,134,86,0.0007878081331326235,0.00383710193234539,0.004624910065478013
sifa_random_budget,SIFA,1,8,7,135,87,0.0007878081331326235,0.0026490923832259814,0.003436900516358605
sifa_random_budget,SIFA,1,8,8,136,88,0.0007878081331326235,0.001359736047925769,0.0021475441810583926
sifa_random_budget,SIFA,1,8,9,137,89,0.0007878081331326235,0.0023337912706634834,0.003121599403796107
sifa_random_budget,SIFA,1,8,10,138,8a,0.0007878081331326235,0.0017200801765686234,0.002507888309701247
sifa_random_budget,SIFA,1,8,11,139,8b,0.0007878081331326235,0.0009430881491824691,0.0017308962823150927
sifa_random_budget,SIFA,1,8,12,140,8c,0.0007878081331326235,0.0011908247376244312,0.0019786328707570547
sifa_random_budget,SIFA,1,8,13,141,8d,0.0007878081331326235,0.002395725417773974,0.0031835335509065974
sifa_random_budget,SIFA,1,8,14,142,8e,0.0007878081331326235,0.0020466420431512096,0.002834450176283833
sifa_random_budget,SIFA,1,8,15,143,8f,0.0007878081331326235,0.002114206567271744,0.0029020147004043674
sifa_random_budget,SIFA,1,9,0,144,90,0.0010697625786927026,0.002041011666141165,0.0031107742448338678
sifa_random_budget,SIFA,1,9,1,145,91,0.0010697625786927026,0.001917143371920184,0.002986905950612887
sifa_random_budget,SIFA,1,9,2,146,92,0.0010697625786927026,0.001297801900815279,0.002367564479507982
sifa_random_budget,SIFA,1,9,3,147,93,0.0010697625786927026,0.0012640196387550115,0.002333782217447714
sifa_random_budget,SIFA,1,9,4,148,94,0.0010697625786927026,0.0025646367280753118,0.0036343993067680146
sifa_random_budget,SIFA,1,9,5,149,95,0.0010697625786927026,0.002474550695914599,0.0035443132746073016
sifa_random_budget,SIFA,1,9,6,150,96,0.0010697625786927026,0.00383710193234539,0.004906864511038092
sifa_random_budget,SIFA,1,9,7,151,97,0.0010697625786927026,0.0026490923832259814,0.003718854961918684
sifa_random_budget,SIFA,1,9,8,152,98,0.0010697625786927026,0.001359736047925769,0.002429498626618472
sifa_random_budget,SIFA,1,9,9,153,99,0.0010697625786927026,0.0023337912706634834,0.003403553849356186
sifa_random_budget,SIFA,1,9,10,154,9a,0.0010697625786927026,0.0017200801765686234,0.002789842755261326
sifa_random_budget,SIFA,1,9,11,155,9b,0.0010697625786927026,0.0009430881491824691,0.0020128507278751716
sifa_random_budget,SIFA,1,9,12,156,9c,0.0010697625786927026,0.0011908247376244312,0.0022605873163171336
sifa_random_budget,SIFA,1,9,13,157,9d,0.0010697625786927026,0.002395725417773974,0.0034654879964666763
sifa_random_budget,SIFA,1,9,14,158,9e,0.0010697625786927026,0.0020466420431512096,0.003116404621843912
sifa_random_budget,SIFA,1,9,15,159,9f,0.0010697625786927026,0.002114206567271744,0.0031839691459644463
sifa_random_budget,SIFA,1,10,0,160,a0,0.001144950430842057,0.002041011666141165,0.003185962096983222
sifa_random_budget,SIFA,1,10,1,161,a1,0.001144950430842057,0.001917143371920184,0.003062093802762241
sifa_random_budget,SIFA,1,10,2,162,a2,0.001144950430842057,0.001297801900815279,0.002442752331657336
sifa_random_budget,SIFA,1,10,3,163,a3,0.001144950430842057,0.0012640196387550115,0.0024089700695970684
sifa_random_budget,SIFA,1,10,4,164,a4,0.001144950430842057,0.0025646367280753118,0.0037095871589173687
sifa_random_budget,SIFA,1,10,5,165,a5,0.001144950430842057,0.002474550695914599,0.0036195011267566557
sifa_random_budget,SIFA,1,10,6,166,a6,0.001144950430842057,0.00383710193234539,0.004982052363187447
sifa_random_budget,SIFA,1,10,7,167,a7,0.001144950430842057,0.0026490923832259814,0.0037940428140680383
sifa_random_budget,SIFA,1,10,8,168,a8,0.001144950430842057,0.001359736047925769,0.002504686478767826
sifa_random_budget,SIFA,1,10,9,169,a9,0.001144950430842057,0.0023337912706634834,0.0034787417015055403
sifa_random_budget,SIFA,1,10,10,170,aa,0.001144950430842057,0.0017200801765686234,0.00286503060741068
sifa_random_budget,SIFA,1,10,11,171,ab,0.001144950430842057,0.0009430881491824691,0.002088038580024526
sifa_random_budget,SIFA,1,10,12,172,ac,0.001144950430842057,0.0011908247376244312,0.002335775168466488
sifa_random_budget,SIFA,1,10,13,173,ad,0.001144950430842057,0.002395725417773974,0.003540675848616031
sifa_random_budget,SIFA,1,10,14,174,ae,0.001144950430842057,0.0020466420431512096,0.0031915924739932666
sifa_random_budget,SIFA,1,10,15,175,af,0.001144950430842057,0.002114206567271744,0.003259156998113801
sifa_random_budget,SIFA,1,11,0,176,b0,0.0008285348863801902,0.002041011666141165,0.0028695465525213552
sifa_random_budget,SIFA,1,11,1,177,b1,0.0008285348863801902,0.001917143371920184,0.0027456782583003742
sifa_random_budget,SIFA,1,11,2,178,b2,0.0008285348863801902,0.001297801900815279,0.0021263367871954693
sifa_random_budget,SIFA,1,11,3,179,b3,0.0008285348863801902,0.0012640196387550115,0.0020925545251352018
sifa_random_budget,SIFA,1,11,4,180,b4,0.0008285348863801902,0.0025646367280753118,0.003393171614455502
sifa_random_budget,SIFA,1,11,5,181,b5,0.0008285348863801902,0.002474550695914599,0.003303085582294789
sifa_random_budget,SIFA,1,11,6,182,b6,0.0008285348863801902,0.00383710193234539,0.00466563681872558
sifa_random_budget,SIFA,1,11,7,183,b7,0.0008285348863801902,0.0026490923832259814,0.0034776272696061717
sifa_random_budget,SIFA,1,11,8,184,b8,0.0008285348863801902,0.001359736047925769,0.0021882709343059594
sifa_random_budget,SIFA,1,11,9,185,b9,0.0008285348863801902,0.0023337912706634834,0.0031623261570436737
sifa_random_budget,SIFA,1,11,10,186,ba,0.0008285348863801902,0.0017200801765686234,0.0025486150629488134
sifa_random_budget,SIFA,1,11,11,187,bb,0.0008285348863801902,0.0009430881491824691,0.0017716230355626593
sifa_random_budget,SIFA,1,11,12,188,bc,0.0008285348863801902,0.0011908247376244312,0.0020193596240046215
sifa_random_budget,SIFA,1,11,13,189,bd,0.0008285348863801902,0.002395725417773974,0.003224260304154164
sifa_random_budget,SIFA,1,11,14,190,be,0.0008285348863801902,0.0020466420431512096,0.0028751769295314
sifa_random_budget,SIFA,1,11,15,191,bf,0.0008285348863801902,0.002114206567271744,0.002942741453651934
sifa_random_budget,SIFA,1,12,0,192,c0,0.0011386847764962775,0.002041011666141165,0.0031796964426374424
sifa_random_budget,SIFA,1,12,1,193,c1,0.0011386847764962775,0.001917143371920184,0.0030558281484164614
sifa_random_budget,SIFA,1,12,2,194,c2,0.0011386847764962775,0.001297801900815279,0.0024364866773115565
sifa_random_budget,SIFA,1,12,3,195,c3,0.0011386847764962775,0.0012640196387550115,0.002402704415251289
sifa_random_budget,SIFA,1,12,4,196,c4,0.0011386847764962775,0.0025646367280753118,0.0037033215045715892
sifa_random_budget,SIFA,1,12,5,197,c5,0.0011386847764962775,0.002474550695914599,0.0036132354724108763
sifa_random_budget,SIFA,1,12,6,198,c6,0.0011386847764962775,0.00383710193234539,0.004975786708841667
sifa_random_budget,SIFA,1,12,7,199,c7,0.0011386847764962775,0.0026490923832259814,0.003787777159722259
sifa_random_budget,SIFA,1,12,8,200,c8,0.0011386847764962775,0.001359736047925769,0.0024984208244220466
sifa_random_budget,SIFA,1,12,9,201,c9,0.0011386847764962775,0.0023337912706634834,0.003472476047159761
sifa_random_budget,SIFA,1,12,10,202,ca,0.0011386847764962775,0.0017200801765686234,0.002858764953064901
sifa_random_budget,SIFA,1,12,11,203,cb,0.0011386847764962775,0.0009430881491824691,0.0020817729256787467
sifa_random_budget,SIFA,1,12,12,204,cc,0.0011386847764962775,0.0011908247376244312,0.0023295095141207087
sifa_random_budget,SIFA,1,12,13,205,cd,0.0011386847764962775,0.002395725417773974,0.0035344101942702513
sifa_random_budget,SIFA,1,12,14,206,ce,0.0011386847764962775,0.0020466420431512096,0.003185326819647487
sifa_random_budget,SIFA,1,12,15,207,cf,0.0011386847764962775,0.002114206567271744,0.0032528913437680214
sifa_random_budget,SIFA,1,13,0,208,d0,0.0025703867945069004,0.002041011666141165,0.004611398460648066
sifa_random_budget,SIFA,1,13,1,209,d1,0.0025703867945069004,0.001917143371920184,0.004487530166427084
sifa_random_budget,SIFA,1,13,2,210,d2,0.0025703867945069004,0.001297801900815279,0.0038681886953221794
sifa_random_budget,SIFA,1,13,3,211,d3,0.0025703867945069004,0.0012640196387550115,0.003834406433261912
sifa_random_budget,SIFA,1,13,4,212,d4,0.0025703867945069004,0.0025646367280753118,0.005135023522582213
sifa_random_budget,SIFA,1,13,5,213,d5,0.0025703867945069004,0.002474550695914599,0.0050449374904215
sifa_random_budget,SIFA,1,13,6,214,d6,0.0025703867945069004,0.00383710193234539,0.00640748872685229
sifa_random_budget,SIFA,1,13,7,215,d7,0.0025703867945069004,0.0026490923832259814,0.005219479177732881
sifa_random_budget,SIFA,1,13,8,216,d8,0.0025703867945069004,0.001359736047925769,0.00393012284243267
sifa_random_budget,SIFA,1,13,9,217,d9,0.0025703867945069004,0.0023337912706634834,0.004904178065170383
sifa_random_budget,SIFA,1,13,10,218,da,0.0025703867945069004,0.0017200801765686234,0.0042904669710755235
sifa_random_budget,SIFA,1,13,11,219,db,0.0025703867945069004,0.0009430881491824691,0.0035134749436893696
sifa_random_budget,SIFA,1,13,12,220,dc,0.0025703867945069004,0.0011908247376244312,0.0037612115321313316
sifa_random_budget,SIFA,1,13,13,221,dd,0.0025703867945069004,0.002395725417773974,0.004966112212280874
sifa_random_budget,SIFA,1,13,14,222,de,0.0025703867945069004,0.0020466420431512096,0.00461702883765811
sifa_random_budget,SIFA,1,13,15,223,df,0.0025703867945069004,0.002114206567271744,0.004684593361778644
sifa_random_budget,SIFA,1,14,0,224,e0,0.0008535975037633086,0.002041011666141165,0.0028946091699044735
sifa_random_budget,SIFA,1,14,1,225,e1,0.0008535975037633086,0.001917143371920184,0.0027707408756834926
sifa_random_budget,SIFA,1,14,2,226,e2,0.0008535975037633086,0.001297801900815279,0.0021513994045785877
sifa_random_budget,SIFA,1,14,3,227,e3,0.0008535975037633086,0.0012640196387550115,0.00211761714251832
sifa_random_budget,SIFA,1,14,4,228,e4,0.0008535975037633086,0.0025646367280753118,0.0034182342318386204
sifa_random_budget,SIFA,1,14,5,229,e5,0.0008535975037633086,0.002474550695914599,0.0033281481996779074
sifa_random_budget,SIFA,1,14,6,230,e6,0.0008535975037633086,0.00383710193234539,0.004690699436108699
sifa_random_budget,SIFA,1,14,7,231,e7,0.0008535975037633086,0.0026490923832259814,0.00350268988698929
sifa_random_budget,SIFA,1,14,8,232,e8,0.0008535975037633086,0.001359736047925769,0.0022133335516890777
sifa_random_budget,SIFA,1,14,9,233,e9,0.0008535975037633086,0.0023337912706634834,0.003187388774426792
sifa_random_budget,SIFA,1,14,10,234,ea,0.0008535975037633086,0.0017200801765686234,0.002573677680331932
sifa_random_budget,SIFA,1,14,11,235,eb,0.0008535975037633086,0.0009430881491824691,0.0017966856529457779
sifa_random_budget,SIFA,1,14,12,236,ec,0.0008535975037633086,0.0011908247376244312,0.00204442224138774
sifa_random_budget,SIFA,1,14,13,237,ed,0.0008535975037633086,0.002395725417773974,0.0032493229215372825
sifa_random_budget,SIFA,1,14,14,238,ee,0.0008535975037633086,0.0020466420431512096,0.002900239546914518
sifa_random_budget,SIFA,1,14,15,239,ef,0.0008535975037633086,0.002114206567271744,0.0029678040710350525
sifa_random_budget,SIFA,1,15,0,240,f0,0.0013360528883883328,0.002041011666141165,0.0033770645545294978
sifa_random_budget,SIFA,1,15,1,241,f1,0.0013360528883883328,0.001917143371920184,0.003253196260308517
sifa_random_budget,SIFA,1,15,2,242,f2,0.0013360528883883328,0.001297801900815279,0.002633854789203612
sifa_random_budget,SIFA,1,15,3,243,f3,0.0013360528883883328,0.0012640196387550115,0.0026000725271433443
sifa_random_budget,SIFA,1,15,4,244,f4,0.0013360528883883328,0.0025646367280753118,0.0039006896164636446
sifa_random_budget,SIFA,1,15,5,245,f5,0.0013360528883883328,0.002474550695914599,0.0038106035843029316
sifa_random_budget,SIFA,1,15,6,246,f6,0.0013360528883883328,0.00383710193234539,0.005173154820733723
sifa_random_budget,SIFA,1,15,7,247,f7,0.0013360528883883328,0.0026490923832259814,0.003985145271614314
sifa_random_budget,SIFA,1,15,8,248,f8,0.0013360528883883328,0.001359736047925769,0.002695788936314102
sifa_random_budget,SIFA,1,15,9,249,f9,0.0013360528883883328,0.0023337912706634834,0.0036698441590518162
sifa_random_budget,SIFA,1,15,10,250,fa,0.0013360528883883328,0.0017200801765686234,0.0030561330649569564
sifa_random_budget,SIFA,1,15,11,251,fb,0.0013360528883883328,0.0009430881491824691,0.002279141037570802
sifa_random_budget,SIFA,1,15,12,252,fc,0.0013360528883883328,0.0011908247376244312,0.002526877626012764
sifa_random_budget,SIFA,1,15,13,253,fd,0.0013360528883883328,0.002395725417773974,0.0037317783061623067
sifa_random_budget,SIFA,1,15,14,254,fe,0.0013360528883883328,0.0020466420431512096,0.0033826949315395424
sifa_random_budget,SIFA,1,15,15,255,ff,0.0013360528883883328,0.002114206567271744,0.0034502594556600767
sifa_guided_raw,SIFA,0,0,0,0,00,0.0009873341027333913,0.004695361989274507,0.005682696092007899
sifa_guided_raw,SIFA,0,0,1,1,01,0.0009873341027333913,0.0009698541422863477,0.001957188245019739
sifa_guided_raw,SIFA,0,0,2,2,02,0.0009873341027333913,0.0015980234111145145,0.002585357513847906
sifa_guided_raw,SIFA,0,0,3,3,03,0.0009873341027333913,0.003223142060417992,0.004210476163151383
sifa_guided_raw,SIFA,0,0,4,4,04,0.0009873341027333913,0.001232558176875436,0.0022198922796088276
sifa_guided_raw,SIFA,0,0,5,5,05,0.0009873341027333913,0.00031640893322169096,0.0013037430359550822
sifa_guided_raw,SIFA,0,0,6,6,06,0.0009873341027333913,0.0013736476465561686,0.00236098174928956
sifa_guided_raw,SIFA,0,0,7,7,07,0.0009873341027333913,0.00016060969504267322,0.0011479437977760646
sifa_guided_raw,SIFA,0,0,8,8,08,0.0009873341027333913,0.005453225836693187,0.006440559939426578
sifa_guided_raw,SIFA,0,0,9,9,09,0.0009873341027333913,0.0026107184592781296,0.0035980525620115207
sifa_guided_raw,SIFA,0,0,10,10,0a,0.0009873341027333913,0.0021393843278190005,0.003126718430552392
sifa_guided_raw,SIFA,0,0,11,11,0b,0.0009873341027333913,0.011563580798945539,0.01255091490167893
sifa_guided_raw,SIFA,0,0,12,12,0c,0.0009873341027333913,0.0009420920439938102,0.0019294261467272015
sifa_guided_raw,SIFA,0,0,13,13,0d,0.0009873341027333913,0.001699127172060473,0.002686461274793864
sifa_guided_raw,SIFA,0,0,14,14,0e,0.0009873341027333913,0.0007690968792604592,0.0017564309819938506
sifa_guided_raw,SIFA,0,0,15,15,0f,0.0009873341027333913,0.0017861427040221584,0.00277347680675555
sifa_guided_raw,SIFA,0,1,0,16,10,0.0006092880782175745,0.004695361989274507,0.0053046500674920815
sifa_guided_raw,SIFA,0,1,1,17,11,0.0006092880782175745,0.0009698541422863477,0.0015791422205039222
sifa_guided_raw,SIFA,0,1,2,18,12,0.0006092880782175745,0.0015980234111145145,0.0022073114893320887
sifa_guided_raw,SIFA,0,1,3,19,13,0.0006092880782175745,0.003223142060417992,0.003832430138635566
sifa_guided_raw,SIFA,0,1,4,20,14,0.0006092880782175745,0.001232558176875436,0.0018418462550930106
sifa_guided_raw,SIFA,0,1,5,21,15,0.0006092880782175745,0.00031640893322169096,0.0009256970114392654
sifa_guided_raw,SIFA,0,1,6,22,16,0.0006092880782175745,0.0013736476465561686,0.001982935724773743
sifa_guided_raw,SIFA,0,1,7,23,17,0.0006092880782175745,0.00016060969504267322,0.0007698977732602477
sifa_guided_raw,SIFA,0,1,8,24,18,0.0006092880782175745,0.005453225836693187,0.006062513914910761
sifa_guided_raw,SIFA,0,1,9,25,19,0.0006092880782175745,0.0026107184592781296,0.0032200065374957043
sifa_guided_raw,SIFA,0,1,10,26,1a,0.0006092880782175745,0.0021393843278190005,0.0027486724060365748
sifa_guided_raw,SIFA,0,1,11,27,1b,0.0006092880782175745,0.011563580798945539,0.012172868877163113
sifa_guided_raw,SIFA,0,1,12,28,1c,0.0006092880782175745,0.0009420920439938102,0.0015513801222113847
sifa_guided_raw,SIFA,0,1,13,29,1d,0.0006092880782175745,0.001699127172060473,0.0023084152502780477
sifa_guided_raw,SIFA,0,1,14,30,1e,0.0006092880782175745,0.0007690968792604592,0.0013783849574780338
sifa_guided_raw,SIFA,0,1,15,31,1f,0.0006092880782175745,0.0017861427040221584,0.0023954307822397327
sifa_guided_raw,SIFA,0,2,0,32,20,0.0011562308055592316,0.004695361989274507,0.005851592794833739
sifa_guided_raw,SIFA,0,2,1,33,21,0.0011562308055592316,0.0009698541422863477,0.0021260849478455792
sifa_guided_raw,SIFA,0,2,2,34,22,0.0011562308055592316,0.0015980234111145145,0.002754254216673746
sifa_guided_raw,SIFA,0,2,3,35,23,0.0011562308055592316,0.003223142060417992,0.004379372865977223
sifa_guided_raw,SIFA,0,2,4,36,24,0.0011562308055592316,0.001232558176875436,0.0023887889824346677
sifa_guided_raw,SIFA,0,2,5,37,25,0.0011562308055592316,0.00031640893322169096,0.0014726397387809225
sifa_guided_raw,SIFA,0,2,6,38,26,0.0011562308055592316,0.0013736476465561686,0.0025298784521154
sifa_guided_raw,SIFA,0,2,7,39,27,0.0011562308055592316,0.00016060969504267322,0.0013168405006019049
sifa_guided_raw,SIFA,0,2,8,40,28,0.0011562308055592316,0.005453225836693187,0.0066094566422524184
sifa_guided_raw,SIFA,0,2,9,41,29,0.0011562308055592316,0.0026107184592781296,0.003766949264837361
sifa_guided_raw,SIFA,0,2,10,42,2a,0.0011562308055592316,0.0021393843278190005,0.003295615133378232
sifa_guided_raw,SIFA,0,2,11,43,2b,0.0011562308055592316,0.011563580798945539,0.01271981160450477
sifa_guided_raw,SIFA,0,2,12,44,2c,0.0011562308055592316,0.0009420920439938102,0.0020983228495530418
sifa_guided_raw,SIFA,0,2,13,45,2d,0.0011562308055592316,0.001699127172060473,0.0028553579776197046
sifa_guided_raw,SIFA,0,2,14,46,2e,0.0011562308055592316,0.0007690968792604592,0.0019253276848196907
sifa_guided_raw,SIFA,0,2,15,47,2f,0.0011562308055592316,0.0017861427040221584,0.00294237350958139
sifa_guided_raw,SIFA,0,3,0,48,30,0.0008931922635123727,0.004695361989274507,0.00558855425278688
sifa_guided_raw,SIFA,0,3,1,49,31,0.0008931922635123727,0.0009698541422863477,0.0018630464057987203
sifa_guided_raw,SIFA,0,3,2,50,32,0.0008931922635123727,0.0015980234111145145,0.002491215674626887
sifa_guided_raw,SIFA,0,3,3,51,33,0.0008931922635123727,0.003223142060417992,0.0041163343239303644
sifa_guided_raw,SIFA,0,3,4,52,34,0.0008931922635123727,0.001232558176875436,0.0021257504403878087
sifa_guided_raw,SIFA,0,3,5,53,35,0.0008931922635123727,0.00031640893322169096,0.0012096011967340638
sifa_guided_raw,SIFA,0,3,6,54,36,0.0008931922635123727,0.0013736476465561686,0.0022668399100685415
sifa_guided_raw,SIFA,0,3,7,55,37,0.0008931922635123727,0.00016060969504267322,0.001053801958555046
sifa_guided_raw,SIFA,0,3,8,56,38,0.0008931922635123727,0.005453225836693187,0.0063464181002055595
sifa_guided_raw,SIFA,0,3,9,57,39,0.0008931922635123727,0.0026107184592781296,0.003503910722790502
sifa_guided_raw,SIFA,0,3,10,58,3a,0.0008931922635123727,0.0021393843278190005,0.003032576591331373
sifa_guided_raw,SIFA,0,3,11,59,3b,0.0008931922635123727,0.011563580798945539,0.012456773062457911
sifa_guided_raw,SIFA,0,3,12,60,3c,0.0008931922635123727,0.0009420920439938102,0.0018352843075061828
sifa_guided_raw,SIFA,0,3,13,61,3d,0.0008931922635123727,0.001699127172060473,0.0025923194355728456
sifa_guided_raw,SIFA,0,3,14,62,3e,0.0008931922635123727,0.0007690968792604592,0.001662289142772832
sifa_guided_raw,SIFA,0,3,15,63,3f,0.0008931922635123727,0.0017861427040221584,0.002679334967534531
sifa_guided_raw,SIFA,0,4,0,64,40,0.009235670745407033,0.004695361989274507,0.01393103273468154
sifa_guided_raw,SIFA,0,4,1,65,41,0.009235670745407033,0.0009698541422863477,0.010205524887693381
sifa_guided_raw,SIFA,0,4,2,66,42,0.009235670745407033,0.0015980234111145145,0.010833694156521547
sifa_guided_raw,SIFA,0,4,3,67,43,0.009235670745407033,0.003223142060417992,0.012458812805825024
sifa_guided_raw,SIFA,0,4,4,68,44,0.009235670745407033,0.001232558176875436,0.010468228922282469
sifa_guided_raw,SIFA,0,4,5,69,45,0.009235670745407033,0.00031640893322169096,0.009552079678628724
sifa_guided_raw,SIFA,0,4,6,70,46,0.009235670745407033,0.0013736476465561686,0.010609318391963201
sifa_guided_raw,SIFA,0,4,7,71,47,0.009235670745407033,0.00016060969504267322,0.009396280440449706
sifa_guided_raw,SIFA,0,4,8,72,48,0.009235670745407033,0.005453225836693187,0.014688896582100219
sifa_guided_raw,SIFA,0,4,9,73,49,0.009235670745407033,0.0026107184592781296,0.011846389204685162
sifa_guided_raw,SIFA,0,4,10,74,4a,0.009235670745407033,0.0021393843278190005,0.011375055073226033
sifa_guided_raw,SIFA,0,4,11,75,4b,0.009235670745407033,0.011563580798945539,0.02079925154435257
sifa_guided_raw,SIFA,0,4,12,76,4c,0.009235670745407033,0.0009420920439938102,0.010177762789400843
sifa_guided_raw,SIFA,0,4,13,77,4d,0.009235670745407033,0.001699127172060473,0.010934797917467506
sifa_guided_raw,SIFA,0,4,14,78,4e,0.009235670745407033,0.0007690968792604592,0.010004767624667493
sifa_guided_raw,SIFA,0,4,15,79,4f,0.009235670745407033,0.0017861427040221584,0.01102181344942919
sifa_guided_raw,SIFA,0,5,0,80,50,0.002894815347682817,0.004695361989274507,0.007590177336957324
sifa_guided_raw,SIFA,0,5,1,81,51,0.002894815347682817,0.0009698541422863477,0.0038646694899691645
sifa_guided_raw,SIFA,0,5,2,82,52,0.002894815347682817,0.0015980234111145145,0.004492838758797331
sifa_guided_raw,SIFA,0,5,3,83,53,0.002894815347682817,0.003223142060417992,0.006117957408100809
sifa_guided_raw,SIFA,0,5,4,84,54,0.002894815347682817,0.001232558176875436,0.004127373524558253
sifa_guided_raw,SIFA,0,5,5,85,55,0.002894815347682817,0.00031640893322169096,0.003211224280904508
sifa_guided_raw,SIFA,0,5,6,86,56,0.002894815347682817,0.0013736476465561686,0.004268462994238985
sifa_guided_raw,SIFA,0,5,7,87,57,0.002894815347682817,0.00016060969504267322,0.00305542504272549
sifa_guided_raw,SIFA,0,5,8,88,58,0.002894815347682817,0.005453225836693187,0.008348041184376005
sifa_guided_raw,SIFA,0,5,9,89,59,0.002894815347682817,0.0026107184592781296,0.005505533806960946
sifa_guided_raw,SIFA,0,5,10,90,5a,0.002894815347682817,0.0021393843278190005,0.005034199675501817
sifa_guided_raw,SIFA,0,5,11,91,5b,0.002894815347682817,0.011563580798945539,0.014458396146628355
sifa_guided_raw,SIFA,0,5,12,92,5c,0.002894815347682817,0.0009420920439938102,0.003836907391676627
sifa_guided_raw,SIFA,0,5,13,93,5d,0.002894815347682817,0.001699127172060473,0.00459394251974329
sifa_guided_raw,SIFA,0,5,14,94,5e,0.002894815347682817,0.0007690968792604592,0.003663912226943276
sifa_guided_raw,SIFA,0,5,15,95,5f,0.002894815347682817,0.0017861427040221584,0.004680958051704975
sifa_guided_raw,SIFA,0,6,0,96,60,0.0028571914712751155,0.004695361989274507,0.007552553460549623
sifa_guided_raw,SIFA,0,6,1,97,61,0.0028571914712751155,0.0009698541422863477,0.003827045613561463
sifa_guided_raw,SIFA,0,6,2,98,62,0.0028571914712751155,0.0015980234111145145,0.00445521488238963
sifa_guided_raw,SIFA,0,6,3,99,63,0.0028571914712751155,0.003223142060417992,0.006080333531693107
sifa_guided_raw,SIFA,0,6,4,100,64,0.0028571914712751155,0.001232558176875436,0.004089749648150552
sifa_guided_raw,SIFA,0,6,5,101,65,0.0028571914712751155,0.00031640893322169096,0.0031736004044968067
sifa_guided_raw,SIFA,0,6,6,102,66,0.0028571914712751155,0.0013736476465561686,0.004230839117831284
sifa_guided_raw,SIFA,0,6,7,103,67,0.0028571914712751155,0.00016060969504267322,0.0030178011663177886
sifa_guided_raw,SIFA,0,6,8,104,68,0.0028571914712751155,0.005453225836693187,0.008310417307968302
sifa_guided_raw,SIFA,0,6,9,105,69,0.0028571914712751155,0.0026107184592781296,0.0054679099305532455
sifa_guided_raw,SIFA,0,6,10,106,6a,0.0028571914712751155,0.0021393843278190005,0.004996575799094116
sifa_guided_raw,SIFA,0,6,11,107,6b,0.0028571914712751155,0.011563580798945539,0.014420772270220653
sifa_guided_raw,SIFA,0,6,12,108,6c,0.0028571914712751155,0.0009420920439938102,0.0037992835152689257
sifa_guided_raw,SIFA,0,6,13,109,6d,0.0028571914712751155,0.001699127172060473,0.004556318643335588
sifa_guided_raw,SIFA,0,6,14,110,6e,0.0028571914712751155,0.0007690968792604592,0.0036262883505355746
sifa_guided_raw,SIFA,0,6,15,111,6f,0.0028571914712751155,0.0017861427040221584,0.004643334175297274
sifa_guided_raw,SIFA,0,7,0,112,70,0.005182478470393911,0.004695361989274507,0.009877840459668418
sifa_guided_raw,SIFA,0,7,1,113,71,0.005182478470393911,0.0009698541422863477,0.006152332612680259
sifa_guided_raw,SIFA,0,7,2,114,72,0.005182478470393911,0.0015980234111145145,0.006780501881508426
sifa_guided_raw,SIFA,0,7,3,115,73,0.005182478470393911,0.003223142060417992,0.008405620530811904
sifa_guided_raw,SIFA,0,7,4,116,74,0.005182478470393911,0.001232558176875436,0.006415036647269347
sifa_guided_raw,SIFA,0,7,5,117,75,0.005182478470393911,0.00031640893322169096,0.005498887403615602
sifa_guided_raw,SIFA,0,7,6,118,76,0.005182478470393911,0.0013736476465561686,0.00655612611695008
sifa_guided_raw,SIFA,0,7,7,119,77,0.005182478470393911,0.00016060969504267322,0.005343088165436585
sifa_guided_raw,SIFA,0,7,8,120,78,0.005182478470393911,0.005453225836693187,0.010635704307087098
sifa_guided_raw,SIFA,0,7,9,121,79,0.005182478470393911,0.0026107184592781296,0.007793196929672041
sifa_guided_raw,SIFA,0,7,10,122,7a,0.005182478470393911,0.0021393843278190005,0.007321862798212912
sifa_guided_raw,SIFA,0,7,11,123,7b,0.005182478470393911,0.011563580798945539,0.01674605926933945
sifa_guided_raw,SIFA,0,7,12,124,7c,0.005182478470393911,0.0009420920439938102,0.006124570514387721
sifa_guided_raw,SIFA,0,7,13,125,7d,0.005182478470393911,0.001699127172060473,0.006881605642454384
sifa_guided_raw,SIFA,0,7,14,126,7e,0.005182478470393911,0.0007690968792604592,0.00595157534965437
sifa_guided_raw,SIFA,0,7,15,127,7f,0.005182478470393911,0.0017861427040221584,0.00696862117441607
sifa_guided_raw,SIFA,0,8,0,128,80,0.000272644747390583,0.004695361989274507,0.0049680067366650905
sifa_guided_raw,SIFA,0,8,1,129,81,0.000272644747390583,0.0009698541422863477,0.0012424988896769307
sifa_guided_raw,SIFA,0,8,2,130,82,0.000272644747390583,0.0015980234111145145,0.0018706681585050975
sifa_guided_raw,SIFA,0,8,3,131,83,0.000272644747390583,0.003223142060417992,0.0034957868078085747
sifa_guided_raw,SIFA,0,8,4,132,84,0.000272644747390583,0.001232558176875436,0.0015052029242660192
sifa_guided_raw,SIFA,0,8,5,133,85,0.000272644747390583,0.00031640893322169096,0.000589053680612274
sifa_guided_raw,SIFA,0,8,6,134,86,0.000272644747390583,0.0013736476465561686,0.0016462923939467517
sifa_guided_raw,SIFA,0,8,7,135,87,0.000272644747390583,0.00016060969504267322,0.00043325444243325626
sifa_guided_raw,SIFA,0,8,8,136,88,0.000272644747390583,0.005453225836693187,0.00572587058408377
sifa_guided_raw,SIFA,0,8,9,137,89,0.000272644747390583,0.0026107184592781296,0.0028833632066687124
sifa_guided_raw,SIFA,0,8,10,138,8a,0.000272644747390583,0.0021393843278190005,0.0024120290752095833
sifa_guided_raw,SIFA,0,8,11,139,8b,0.000272644747390583,0.011563580798945539,0.011836225546336121
sifa_guided_raw,SIFA,0,8,12,140,8c,0.000272644747390583,0.0009420920439938102,0.0012147367913843932
sifa_guided_raw,SIFA,0,8,13,141,8d,0.000272644747390583,0.001699127172060473,0.001971771919451056
sifa_guided_raw,SIFA,0,8,14,142,8e,0.000272644747390583,0.0007690968792604592,0.0010417416266510421
sifa_guided_raw,SIFA,0,8,15,143,8f,0.000272644747390583,0.0017861427040221584,0.0020587874514127412
sifa_guided_raw,SIFA,0,9,0,144,90,0.00042281166021433577,0.004695361989274507,0.005118173649488843
sifa_guided_raw,SIFA,0,9,1,145,91,0.00042281166021433577,0.0009698541422863477,0.0013926658025006835
sifa_guided_raw,SIFA,0,9,2,146,92,0.00042281166021433577,0.0015980234111145145,0.0020208350713288503
sifa_guided_raw,SIFA,0,9,3,147,93,0.00042281166021433577,0.003223142060417992,0.0036459537206323276
sifa_guided_raw,SIFA,0,9,4,148,94,0.00042281166021433577,0.001232558176875436,0.001655369837089772
sifa_guided_raw,SIFA,0,9,5,149,95,0.00042281166021433577,0.00031640893322169096,0.0007392205934360267
sifa_guided_raw,SIFA,0,9,6,150,96,0.00042281166021433577,0.0013736476465561686,0.0017964593067705044
sifa_guided_raw,SIFA,0,9,7,151,97,0.00042281166021433577,0.00016060969504267322,0.000583421355257009
sifa_guided_raw,SIFA,0,9,8,152,98,0.00042281166021433577,0.005453225836693187,0.005876037496907523
sifa_guided_raw,SIFA,0,9,9,153,99,0.00042281166021433577,0.0026107184592781296,0.0030335301194924654
sifa_guided_raw,SIFA,0,9,10,154,9a,0.00042281166021433577,0.0021393843278190005,0.0025621959880333363
sifa_guided_raw,SIFA,0,9,11,155,9b,0.00042281166021433577,0.011563580798945539,0.011986392459159874
sifa_guided_raw,SIFA,0,9,12,156,9c,0.00042281166021433577,0.0009420920439938102,0.001364903704208146
sifa_guided_raw,SIFA,0,9,13,157,9d,0.00042281166021433577,0.001699127172060473,0.002121938832274809
sifa_guided_raw,SIFA,0,9,14,158,9e,0.00042281166021433577,0.0007690968792604592,0.001191908539474795
sifa_guided_raw,SIFA,0,9,15,159,9f,0.00042281166021433577,0.0017861427040221584,0.002208954364236494
sifa_guided_raw,SIFA,0,10,0,160,a0,0.0005319044721563189,0.004695361989274507,0.005227266461430826
sifa_guided_raw,SIFA,0,10,1,161,a1,0.0005319044721563189,0.0009698541422863477,0.0015017586144426666
sifa_guided_raw,SIFA,0,10,2,162,a2,0.0005319044721563189,0.0015980234111145145,0.0021299278832708334
sifa_guided_raw,SIFA,0,10,3,163,a3,0.0005319044721563189,0.003223142060417992,0.0037550465325743108
sifa_guided_raw,SIFA,0,10,4,164,a4,0.0005319044721563189,0.001232558176875436,0.001764462649031755
sifa_guided_raw,SIFA,0,10,5,165,a5,0.0005319044721563189,0.00031640893322169096,0.0008483134053780099
sifa_guided_raw,SIFA,0,10,6,166,a6,0.0005319044721563189,0.0013736476465561686,0.0019055521187124874
sifa_guided_raw,SIFA,0,10,7,167,a7,0.0005319044721563189,0.00016060969504267322,0.000692514167198992
sifa_guided_raw,SIFA,0,10,8,168,a8,0.0005319044721563189,0.005453225836693187,0.005985130308849506
sifa_guided_raw,SIFA,0,10,9,169,a9,0.0005319044721563189,0.0026107184592781296,0.0031426229314344485
sifa_guided_raw,SIFA,0,10,10,170,aa,0.0005319044721563189,0.0021393843278190005,0.0026712887999753195
sifa_guided_raw,SIFA,0,10,11,171,ab,0.0005319044721563189,0.011563580798945539,0.012095485271101858
sifa_guided_raw,SIFA,0,10,12,172,ac,0.0005319044721563189,0.0009420920439938102,0.0014739965161501291
sifa_guided_raw,SIFA,0,10,13,173,ad,0.0005319044721563189,0.001699127172060473,0.002231031644216792
sifa_guided_raw,SIFA,0,10,14,174,ae,0.0005319044721563189,0.0007690968792604592,0.001301001351416778
sifa_guided_raw,SIFA,0,10,15,175,af,0.0005319044721563189,0.0017861427040221584,0.0023180471761784774
sifa_guided_raw,SIFA,0,11,0,176,b0,0.0007394108298110236,0.004695361989274507,0.005434772819085531
sifa_guided_raw,SIFA,0,11,1,177,b1,0.0007394108298110236,0.0009698541422863477,0.0017092649720973712
sifa_guided_raw,SIFA,0,11,2,178,b2,0.0007394108298110236,0.0015980234111145145,0.002337434240925538
sifa_guided_raw,SIFA,0,11,3,179,b3,0.0007394108298110236,0.003223142060417992,0.003962552890229016
sifa_guided_raw,SIFA,0,11,4,180,b4,0.0007394108298110236,0.001232558176875436,0.0019719690066864596
sifa_guided_raw,SIFA,0,11,5,181,b5,0.0007394108298110236,0.00031640893322169096,0.0010558197630327146
sifa_guided_raw,SIFA,0,11,6,182,b6,0.0007394108298110236,0.0013736476465561686,0.0021130584763671923
sifa_guided_raw,SIFA,0,11,7,183,b7,0.0007394108298110236,0.00016060969504267322,0.0009000205248536968
sifa_guided_raw,SIFA,0,11,8,184,b8,0.0007394108298110236,0.005453225836693187,0.006192636666504211
sifa_guided_raw,SIFA,0,11,9,185,b9,0.0007394108298110236,0.0026107184592781296,0.003350129289089153
sifa_guided_raw,SIFA,0,11,10,186,ba,0.0007394108298110236,0.0021393843278190005,0.002878795157630024
sifa_guided_raw,SIFA,0,11,11,187,bb,0.0007394108298110236,0.011563580798945539,0.012302991628756562
sifa_guided_raw,SIFA,0,11,12,188,bc,0.0007394108298110236,0.0009420920439938102,0.0016815028738048337
sifa_guided_raw,SIFA,0,11,13,189,bd,0.0007394108298110236,0.001699127172060473,0.0024385380018714965
sifa_guided_raw,SIFA,0,11,14,190,be,0.0007394108298110236,0.0007690968792604592,0.0015085077090714828
sifa_guided_raw,SIFA,0,11,15,191,bf,0.0007394108298110236,0.0017861427040221584,0.002525553533833182
sifa_guided_raw,SIFA,0,12,0,192,c0,0.002997172007080189,0.004695361989274507,0.007692533996354696
sifa_guided_raw,SIFA,0,12,1,193,c1,0.002997172007080189,0.0009698541422863477,0.003967026149366537
sifa_guided_raw,SIFA,0,12,2,194,c2,0.002997172007080189,0.0015980234111145145,0.0045951954181947035
sifa_guided_raw,SIFA,0,12,3,195,c3,0.002997172007080189,0.003223142060417992,0.006220314067498181
sifa_guided_raw,SIFA,0,12,4,196,c4,0.002997172007080189,0.001232558176875436,0.004229730183955625
sifa_guided_raw,SIFA,0,12,5,197,c5,0.002997172007080189,0.00031640893322169096,0.00331358094030188
sifa_guided_raw,SIFA,0,12,6,198,c6,0.002997172007080189,0.0013736476465561686,0.0043708196536363575
sifa_guided_raw,SIFA,0,12,7,199,c7,0.002997172007080189,0.00016060969504267322,0.003157781702122862
sifa_guided_raw,SIFA,0,12,8,200,c8,0.002997172007080189,0.005453225836693187,0.008450397843773376
sifa_guided_raw,SIFA,0,12,9,201,c9,0.002997172007080189,0.0026107184592781296,0.005607890466358319
sifa_guided_raw,SIFA,0,12,10,202,ca,0.002997172007080189,0.0021393843278190005,0.0051365563348991896
sifa_guided_raw,SIFA,0,12,11,203,cb,0.002997172007080189,0.011563580798945539,0.014560752806025729
sifa_guided_raw,SIFA,0,12,12,204,cc,0.002997172007080189,0.0009420920439938102,0.003939264051073999
sifa_guided_raw,SIFA,0,12,13,205,cd,0.002997172007080189,0.001699127172060473,0.004696299179140662
sifa_guided_raw,SIFA,0,12,14,206,ce,0.002997172007080189,0.0007690968792604592,0.003766268886340648
sifa_guided_raw,SIFA,0,12,15,207,cf,0.002997172007080189,0.0017861427040221584,0.0047833147111023475
sifa_guided_raw,SIFA,0,13,0,208,d0,0.000781635005517484,0.004695361989274507,0.0054769969947919914
sifa_guided_raw,SIFA,0,13,1,209,d1,0.000781635005517484,0.0009698541422863477,0.0017514891478038316
sifa_guided_raw,SIFA,0,13,2,210,d2,0.000781635005517484,0.0015980234111145145,0.0023796584166319986
sifa_guided_raw,SIFA,0,13,3,211,d3,0.000781635005517484,0.003223142060417992,0.004004777065935476
sifa_guided_raw,SIFA,0,13,4,212,d4,0.000781635005517484,0.001232558176875436,0.0020141931823929203
sifa_guided_raw,SIFA,0,13,5,213,d5,0.000781635005517484,0.00031640893322169096,0.0010980439387391749
sifa_guided_raw,SIFA,0,13,6,214,d6,0.000781635005517484,0.0013736476465561686,0.0021552826520736526
sifa_guided_raw,SIFA,0,13,7,215,d7,0.000781635005517484,0.00016060969504267322,0.0009422447005601572
sifa_guided_raw,SIFA,0,13,8,216,d8,0.000781635005517484,0.005453225836693187,0.006234860842210671
sifa_guided_raw,SIFA,0,13,9,217,d9,0.000781635005517484,0.0026107184592781296,0.0033923534647956133
sifa_guided_raw,SIFA,0,13,10,218,da,0.000781635005517484,0.0021393843278190005,0.0029210193333364847
sifa_guided_raw,SIFA,0,13,11,219,db,0.000781635005517484,0.011563580798945539,0.012345215804463022
sifa_guided_raw,SIFA,0,13,12,220,dc,0.000781635005517484,0.0009420920439938102,0.0017237270495112941
sifa_guided_raw,SIFA,0,13,13,221,dd,0.000781635005517484,0.001699127172060473,0.0024807621775779568
sifa_guided_raw,SIFA,0,13,14,222,de,0.000781635005517484,0.0007690968792604592,0.0015507318847779433
sifa_guided_raw,SIFA,0,13,15,223,df,0.000781635005517484,0.0017861427040221584,0.0025677777095396426
sifa_guided_raw,SIFA,0,14,0,224,e0,0.00039488127161473204,0.004695361989274507,0.005090243260889239
sifa_guided_raw,SIFA,0,14,1,225,e1,0.00039488127161473204,0.0009698541422863477,0.0013647354139010798
sifa_guided_raw,SIFA,0,14,2,226,e2,0.00039488127161473204,0.0015980234111145145,0.0019929046827292466
sifa_guided_raw,SIFA,0,14,3,227,e3,0.00039488127161473204,0.003223142060417992,0.003618023332032724
sifa_guided_raw,SIFA,0,14,4,228,e4,0.00039488127161473204,0.001232558176875436,0.0016274394484901682
sifa_guided_raw,SIFA,0,14,5,229,e5,0.00039488127161473204,0.00031640893322169096,0.000711290204836423
sifa_guided_raw,SIFA,0,14,6,230,e6,0.00039488127161473204,0.0013736476465561686,0.0017685289181709005
sifa_guided_raw,SIFA,0,14,7,231,e7,0.00039488127161473204,0.00016060969504267322,0.0005554909666574052
sifa_guided_raw,SIFA,0,14,8,232,e8,0.00039488127161473204,0.005453225836693187,0.005848107108307919
sifa_guided_raw,SIFA,0,14,9,233,e9,0.00039488127161473204,0.0026107184592781296,0.0030055997308928617
sifa_guided_raw,SIFA,0,14,10,234,ea,0.00039488127161473204,0.0021393843278190005,0.0025342655994337326
sifa_guided_raw,SIFA,0,14,11,235,eb,0.00039488127161473204,0.011563580798945539,0.01195846207056027
sifa_guided_raw,SIFA,0,14,12,236,ec,0.00039488127161473204,0.0009420920439938102,0.0013369733156085423
sifa_guided_raw,SIFA,0,14,13,237,ed,0.00039488127161473204,0.001699127172060473,0.002094008443675205
sifa_guided_raw,SIFA,0,14,14,238,ee,0.00039488127161473204,0.0007690968792604592,0.0011639781508751912
sifa_guided_raw,SIFA,0,14,15,239,ef,0.00039488127161473204,0.0017861427040221584,0.0021810239756368905
sifa_guided_raw,SIFA,0,15,0,240,f0,0.0035071480436282523,0.004695361989274507,0.00820251003290276
sifa_guided_raw,SIFA,0,15,1,241,f1,0.0035071480436282523,0.0009698541422863477,0.0044770021859146004
sifa_guided_raw,SIFA,0,15,2,242,f2,0.0035071480436282523,0.0015980234111145145,0.005105171454742766
sifa_guided_raw,SIFA,0,15,3,243,f3,0.0035071480436282523,0.003223142060417992,0.006730290104046244
sifa_guided_raw,SIFA,0,15,4,244,f4,0.0035071480436282523,0.001232558176875436,0.004739706220503688
sifa_guided_raw,SIFA,0,15,5,245,f5,0.0035071480436282523,0.00031640893322169096,0.0038235569768499435
sifa_guided_raw,SIFA,0,15,6,246,f6,0.0035071480436282523,0.0013736476465561686,0.004880795690184421
sifa_guided_raw,SIFA,0,15,7,247,f7,0.0035071480436282523,0.00016060969504267322,0.0036677577386709254
sifa_guided_raw,SIFA,0,15,8,248,f8,0.0035071480436282523,0.005453225836693187,0.00896037388032144
sifa_guided_raw,SIFA,0,15,9,249,f9,0.0035071480436282523,0.0026107184592781296,0.006117866502906382
sifa_guided_raw,SIFA,0,15,10,250,fa,0.0035071480436282523,0.0021393843278190005,0.005646532371447252
sifa_guided_raw,SIFA,0,15,11,251,fb,0.0035071480436282523,0.011563580798945539,0.01507072884257379
sifa_guided_raw,SIFA,0,15,12,252,fc,0.0035071480436282523,0.0009420920439938102,0.0044492400876220625
sifa_guided_raw,SIFA,0,15,13,253,fd,0.0035071480436282523,0.001699127172060473,0.005206275215688725
sifa_guided_raw,SIFA,0,15,14,254,fe,0.0035071480436282523,0.0007690968792604592,0.004276244922888712
sifa_guided_raw,SIFA,0,15,15,255,ff,0.0035071480436282523,0.0017861427040221584,0.005293290747650411
sifa_guided_raw,SIFA,1,0,0,0,00,0.0004705246161037133,0.0021289493769218867,0.0025994739930256
sifa_guided_raw,SIFA,1,0,1,1,01,0.0004705246161037133,0.001245880001155894,0.0017164046172596073
sifa_guided_raw,SIFA,1,0,2,2,02,0.0004705246161037133,0.0024691308183562837,0.002939655434459997
sifa_guided_raw,SIFA,1,0,3,3,03,0.0004705246161037133,0.001242055350346513,0.0017125799664502264
sifa_guided_raw,SIFA,1,0,4,4,04,0.0004705246161037133,0.003666459002293091,0.004136983618396805
sifa_guided_raw,SIFA,1,0,5,5,05,0.0004705246161037133,0.005986959640584816,0.006457484256688529
sifa_guided_raw,SIFA,1,0,6,6,06,0.0004705246161037133,0.014046136337752362,0.014516660953856075
sifa_guided_raw,SIFA,1,0,7,7,07,0.0004705246161037133,0.0032901558587700944,0.0037606804748738076
sifa_guided_raw,SIFA,1,0,8,8,08,0.0004705246161037133,0.0003672727180008465,0.0008377973341045598
sifa_guided_raw,SIFA,1,0,9,9,09,0.0004705246161037133,0.0011878727972136145,0.0016583974133173279
sifa_guided_raw,SIFA,1,0,10,10,0a,0.0004705246161037133,0.00017858994473804538,0.0006491145608417587
sifa_guided_raw,SIFA,1,0,11,11,0b,0.0004705246161037133,0.0014509237806588256,0.001921448396762539
sifa_guided_raw,SIFA,1,0,12,12,0c,0.0004705246161037133,0.0006494469554929636,0.0011199715715966769
sifa_guided_raw,SIFA,1,0,13,13,0d,0.0004705246161037133,0.005221604517507552,0.005692129133611265
sifa_guided_raw,SIFA,1,0,14,14,0e,0.0004705246161037133,0.0033103415158196054,0.0037808661319233185
sifa_guided_raw,SIFA,1,0,15,15,0f,0.0004705246161037133,0.001409277582956676,0.0018798021990603893
sifa_guided_raw,SIFA,1,1,0,16,10,0.00027951231159286874,0.0021289493769218867,0.0024084616885147554
sifa_guided_raw,SIFA,1,1,1,17,11,0.00027951231159286874,0.001245880001155894,0.0015253923127487626
sifa_guided_raw,SIFA,1,1,2,18,12,0.00027951231159286874,0.0024691308183562837,0.0027486431299491524
sifa_guided_raw,SIFA,1,1,3,19,13,0.00027951231159286874,0.001242055350346513,0.0015215676619393817
sifa_guided_raw,SIFA,1,1,4,20,14,0.00027951231159286874,0.003666459002293091,0.00394597131388596
sifa_guided_raw,SIFA,1,1,5,21,15,0.00027951231159286874,0.005986959640584816,0.006266471952177685
sifa_guided_raw,SIFA,1,1,6,22,16,0.00027951231159286874,0.014046136337752362,0.01432564864934523
sifa_guided_raw,SIFA,1,1,7,23,17,0.00027951231159286874,0.0032901558587700944,0.003569668170362963
sifa_guided_raw,SIFA,1,1,8,24,18,0.00027951231159286874,0.0003672727180008465,0.0006467850295937153
sifa_guided_raw,SIFA,1,1,9,25,19,0.00027951231159286874,0.0011878727972136145,0.0014673851088064832
sifa_guided_raw,SIFA,1,1,10,26,1a,0.00027951231159286874,0.00017858994473804538,0.0004581022563309141
sifa_guided_raw,SIFA,1,1,11,27,1b,0.00027951231159286874,0.0014509237806588256,0.0017304360922516943
sifa_guided_raw,SIFA,1,1,12,28,1c,0.00027951231159286874,0.0006494469554929636,0.0009289592670858324
sifa_guided_raw,SIFA,1,1,13,29,1d,0.00027951231159286874,0.005221604517507552,0.005501116829100421
sifa_guided_raw,SIFA,1,1,14,30,1e,0.00027951231159286874,0.0033103415158196054,0.003589853827412474
sifa_guided_raw,SIFA,1,1,15,31,1f,0.00027951231159286874,0.001409277582956676,0.0016887898945495447
sifa_guided_raw,SIFA,1,2,0,32,20,0.0009540447462510801,0.0021289493769218867,0.003082994123172967
sifa_guided_raw,SIFA,1,2,1,33,21,0.0009540447462510801,0.001245880001155894,0.002199924747406974
sifa_guided_raw,SIFA,1,2,2,34,22,0.0009540447462510801,0.0024691308183562837,0.003423175564607364
sifa_guided_raw,SIFA,1,2,3,35,23,0.0009540447462510801,0.001242055350346513,0.002196100096597593
sifa_guided_raw,SIFA,1,2,4,36,24,0.0009540447462510801,0.003666459002293091,0.004620503748544171
sifa_guided_raw,SIFA,1,2,5,37,25,0.0009540447462510801,0.005986959640584816,0.006941004386835896
sifa_guided_raw,SIFA,1,2,6,38,26,0.0009540447462510801,0.014046136337752362,0.015000181084003441
sifa_guided_raw,SIFA,1,2,7,39,27,0.0009540447462510801,0.0032901558587700944,0.004244200605021175
sifa_guided_raw,SIFA,1,2,8,40,28,0.0009540447462510801,0.0003672727180008465,0.0013213174642519266
sifa_guided_raw,SIFA,1,2,9,41,29,0.0009540447462510801,0.0011878727972136145,0.0021419175434646944
sifa_guided_raw,SIFA,1,2,10,42,2a,0.0009540447462510801,0.00017858994473804538,0.0011326346909891255
sifa_guided_raw,SIFA,1,2,11,43,2b,0.0009540447462510801,0.0014509237806588256,0.002404968526909906
sifa_guided_raw,SIFA,1,2,12,44,2c,0.0009540447462510801,0.0006494469554929636,0.0016034917017440438
sifa_guided_raw,SIFA,1,2,13,45,2d,0.0009540447462510801,0.005221604517507552,0.006175649263758632
sifa_guided_raw,SIFA,1,2,14,46,2e,0.0009540447462510801,0.0033103415158196054,0.004264386262070686
sifa_guided_raw,SIFA,1,2,15,47,2f,0.0009540447462510801,0.001409277582956676,0.002363322329207756
sifa_guided_raw,SIFA,1,3,0,48,30,0.0005278283074569667,0.0021289493769218867,0.0026567776843788534
sifa_guided_raw,SIFA,1,3,1,49,31,0.0005278283074569667,0.001245880001155894,0.0017737083086128607
sifa_guided_raw,SIFA,1,3,2,50,32,0.0005278283074569667,0.0024691308183562837,0.0029969591258132504
sifa_guided_raw,SIFA,1,3,3,51,33,0.0005278283074569667,0.001242055350346513,0.0017698836578034797
sifa_guided_raw,SIFA,1,3,4,52,34,0.0005278283074569667,0.003666459002293091,0.004194287309750058
sifa_guided_raw,SIFA,1,3,5,53,35,0.0005278283074569667,0.005986959640584816,0.006514787948041783
sifa_guided_raw,SIFA,1,3,6,54,36,0.0005278283074569667,0.014046136337752362,0.014573964645209329
sifa_guided_raw,SIFA,1,3,7,55,37,0.0005278283074569667,0.0032901558587700944,0.003817984166227061
sifa_guided_raw,SIFA,1,3,8,56,38,0.0005278283074569667,0.0003672727180008465,0.0008951010254578133
sifa_guided_raw,SIFA,1,3,9,57,39,0.0005278283074569667,0.0011878727972136145,0.0017157011046705813
sifa_guided_raw,SIFA,1,3,10,58,3a,0.0005278283074569667,0.00017858994473804538,0.0007064182521950122
sifa_guided_raw,SIFA,1,3,11,59,3b,0.0005278283074569667,0.0014509237806588256,0.0019787520881157923
sifa_guided_raw,SIFA,1,3,12,60,3c,0.0005278283074569667,0.0006494469554929636,0.0011772752629499303
sifa_guided_raw,SIFA,1,3,13,61,3d,0.0005278283074569667,0.005221604517507552,0.005749432824964519
sifa_guided_raw,SIFA,1,3,14,62,3e,0.0005278283074569667,0.0033103415158196054,0.003838169823276572
sifa_guided_raw,SIFA,1,3,15,63,3f,0.0005278283074569667,0.001409277582956676,0.0019371058904136427
sifa_guided_raw,SIFA,1,4,0,64,40,0.0007058906252213131,0.0021289493769218867,0.0028348400021431996
sifa_guided_raw,SIFA,1,4,1,65,41,0.0007058906252213131,0.001245880001155894,0.001951770626377207
sifa_guided_raw,SIFA,1,4,2,66,42,0.0007058906252213131,0.0024691308183562837,0.0031750214435775966
sifa_guided_raw,SIFA,1,4,3,67,43,0.0007058906252213131,0.001242055350346513,0.0019479459755678261
sifa_guided_raw,SIFA,1,4,4,68,44,0.0007058906252213131,0.003666459002293091,0.004372349627514404
sifa_guided_raw,SIFA,1,4,5,69,45,0.0007058906252213131,0.005986959640584816,0.006692850265806129
sifa_guided_raw,SIFA,1,4,6,70,46,0.0007058906252213131,0.014046136337752362,0.014752026962973674
sifa_guided_raw,SIFA,1,4,7,71,47,0.0007058906252213131,0.0032901558587700944,0.003996046483991407
sifa_guided_raw,SIFA,1,4,8,72,48,0.0007058906252213131,0.0003672727180008465,0.0010731633432221597
sifa_guided_raw,SIFA,1,4,9,73,49,0.0007058906252213131,0.0011878727972136145,0.0018937634224349277
sifa_guided_raw,SIFA,1,4,10,74,4a,0.0007058906252213131,0.00017858994473804538,0.0008844805699593586
sifa_guided_raw,SIFA,1,4,11,75,4b,0.0007058906252213131,0.0014509237806588256,0.0021568144058801385
sifa_guided_raw,SIFA,1,4,12,76,4c,0.0007058906252213131,0.0006494469554929636,0.0013553375807142769
sifa_guided_raw,SIFA,1,4,13,77,4d,0.0007058906252213131,0.005221604517507552,0.005927495142728865
sifa_guided_raw,SIFA,1,4,14,78,4e,0.0007058906252213131,0.0033103415158196054,0.004016232141040918
sifa_guided_raw,SIFA,1,4,15,79,4f,0.0007058906252213131,0.001409277582956676,0.0021151682081779893
sifa_guided_raw,SIFA,1,5,0,80,50,0.001773131407967075,0.0021289493769218867,0.0039020807848889616
sifa_guided_raw,SIFA,1,5,1,81,51,0.001773131407967075,0.001245880001155894,0.003019011409122969
sifa_guided_raw,SIFA,1,5,2,82,52,0.001773131407967075,0.0024691308183562837,0.004242262226323359
sifa_guided_raw,SIFA,1,5,3,83,53,0.001773131407967075,0.001242055350346513,0.0030151867583135877
sifa_guided_raw,SIFA,1,5,4,84,54,0.001773131407967075,0.003666459002293091,0.0054395904102601655
sifa_guided_raw,SIFA,1,5,5,85,55,0.001773131407967075,0.005986959640584816,0.007760091048551891
sifa_guided_raw,SIFA,1,5,6,86,56,0.001773131407967075,0.014046136337752362,0.015819267745719436
sifa_guided_raw,SIFA,1,5,7,87,57,0.001773131407967075,0.0032901558587700944,0.005063287266737169
sifa_guided_raw,SIFA,1,5,8,88,58,0.001773131407967075,0.0003672727180008465,0.0021404041259679213
sifa_guided_raw,SIFA,1,5,9,89,59,0.001773131407967075,0.0011878727972136145,0.0029610042051806894
sifa_guided_raw,SIFA,1,5,10,90,5a,0.001773131407967075,0.00017858994473804538,0.0019517213527051203
sifa_guided_raw,SIFA,1,5,11,91,5b,0.001773131407967075,0.0014509237806588256,0.0032240551886259005
sifa_guided_raw,SIFA,1,5,12,92,5c,0.001773131407967075,0.0006494469554929636,0.0024225783634600384
sifa_guided_raw,SIFA,1,5,13,93,5d,0.001773131407967075,0.005221604517507552,0.006994735925474627
sifa_guided_raw,SIFA,1,5,14,94,5e,0.001773131407967075,0.0033103415158196054,0.00508347292378668
sifa_guided_raw,SIFA,1,5,15,95,5f,0.001773131407967075,0.001409277582956676,0.003182408990923751
sifa_guided_raw,SIFA,1,6,0,96,60,0.0028636821668565323,0.0021289493769218867,0.004992631543778419
sifa_guided_raw,SIFA,1,6,1,97,61,0.0028636821668565323,0.001245880001155894,0.004109562168012426
sifa_guided_raw,SIFA,1,6,2,98,62,0.0028636821668565323,0.0024691308183562837,0.005332812985212816
sifa_guided_raw,SIFA,1,6,3,99,63,0.0028636821668565323,0.001242055350346513,0.004105737517203045
sifa_guided_raw,SIFA,1,6,4,100,64,0.0028636821668565323,0.003666459002293091,0.006530141169149623
sifa_guided_raw,SIFA,1,6,5,101,65,0.0028636821668565323,0.005986959640584816,0.00885064180744135
sifa_guided_raw,SIFA,1,6,6,102,66,0.0028636821668565323,0.014046136337752362,0.016909818504608893
sifa_guided_raw,SIFA,1,6,7,103,67,0.0028636821668565323,0.0032901558587700944,0.006153838025626627
sifa_guided_raw,SIFA,1,6,8,104,68,0.0028636821668565323,0.0003672727180008465,0.0032309548848573786
sifa_guided_raw,SIFA,1,6,9,105,69,0.0028636821668565323,0.0011878727972136145,0.004051554964070147
sifa_guided_raw,SIFA,1,6,10,106,6a,0.0028636821668565323,0.00017858994473804538,0.0030422721115945777
sifa_guided_raw,SIFA,1,6,11,107,6b,0.0028636821668565323,0.0014509237806588256,0.004314605947515358
sifa_guided_raw,SIFA,1,6,12,108,6c,0.0028636821668565323,0.0006494469554929636,0.003513129122349496
sifa_guided_raw,SIFA,1,6,13,109,6d,0.0028636821668565323,0.005221604517507552,0.008085286684364083
sifa_guided_raw,SIFA,1,6,14,110,6e,0.0028636821668565323,0.0033103415158196054,0.006174023682676138
sifa_guided_raw,SIFA,1,6,15,111,6f,0.0028636821668565323,0.001409277582956676,0.004272959749813208
sifa_guided_raw,SIFA,1,7,0,112,70,0.00038133158238720855,0.0021289493769218867,0.0025102809593090954
sifa_guided_raw,SIFA,1,7,1,113,71,0.00038133158238720855,0.001245880001155894,0.0016272115835431024
sifa_guided_raw,SIFA,1,7,2,114,72,0.00038133158238720855,0.0024691308183562837,0.0028504624007434924
sifa_guided_raw,SIFA,1,7,3,115,73,0.00038133158238720855,0.001242055350346513,0.0016233869327337215
sifa_guided_raw,SIFA,1,7,4,116,74,0.00038133158238720855,0.003666459002293091,0.0040477905846803
sifa_guided_raw,SIFA,1,7,5,117,75,0.00038133158238720855,0.005986959640584816,0.006368291222972024
sifa_guided_raw,SIFA,1,7,6,118,76,0.00038133158238720855,0.014046136337752362,0.01442746792013957
sifa_guided_raw,SIFA,1,7,7,119,77,0.00038133158238720855,0.0032901558587700944,0.003671487441157303
sifa_guided_raw,SIFA,1,7,8,120,78,0.00038133158238720855,0.0003672727180008465,0.0007486043003880551
sifa_guided_raw,SIFA,1,7,9,121,79,0.00038133158238720855,0.0011878727972136145,0.001569204379600823
sifa_guided_raw,SIFA,1,7,10,122,7a,0.00038133158238720855,0.00017858994473804538,0.0005599215271252539
sifa_guided_raw,SIFA,1,7,11,123,7b,0.00038133158238720855,0.0014509237806588256,0.001832255363046034
sifa_guided_raw,SIFA,1,7,12,124,7c,0.00038133158238720855,0.0006494469554929636,0.0010307785378801722
sifa_guided_raw,SIFA,1,7,13,125,7d,0.00038133158238720855,0.005221604517507552,0.00560293609989476
sifa_guided_raw,SIFA,1,7,14,126,7e,0.00038133158238720855,0.0033103415158196054,0.003691673098206814
sifa_guided_raw,SIFA,1,7,15,127,7f,0.00038133158238720855,0.001409277582956676,0.0017906091653438845
sifa_guided_raw,SIFA,1,8,0,128,80,0.0010051971938997467,0.0021289493769218867,0.0031341465708216334
sifa_guided_raw,SIFA,1,8,1,129,81,0.0010051971938997467,0.001245880001155894,0.0022510771950556407
sifa_guided_raw,SIFA,1,8,2,130,82,0.0010051971938997467,0.0024691308183562837,0.0034743280122560304
sifa_guided_raw,SIFA,1,8,3,131,83,0.0010051971938997467,0.001242055350346513,0.00224725254424626
sifa_guided_raw,SIFA,1,8,4,132,84,0.0010051971938997467,0.003666459002293091,0.004671656196192838
sifa_guided_raw,SIFA,1,8,5,133,85,0.0010051971938997467,0.005986959640584816,0.006992156834484562
sifa_guided_raw,SIFA,1,8,6,134,86,0.0010051971938997467,0.014046136337752362,0.015051333531652108
sifa_guided_raw,SIFA,1,8,7,135,87,0.0010051971938997467,0.0032901558587700944,0.004295353052669841
sifa_guided_raw,SIFA,1,8,8,136,88,0.0010051971938997467,0.0003672727180008465,0.0013724699119005933
sifa_guided_raw,SIFA,1,8,9,137,89,0.0010051971938997467,0.0011878727972136145,0.0021930699911133613
sifa_guided_raw,SIFA,1,8,10,138,8a,0.0010051971938997467,0.00017858994473804538,0.0011837871386377922
sifa_guided_raw,SIFA,1,8,11,139,8b,0.0010051971938997467,0.0014509237806588256,0.0024561209745585723
sifa_guided_raw,SIFA,1,8,12,140,8c,0.0010051971938997467,0.0006494469554929636,0.0016546441493927103
sifa_guided_raw,SIFA,1,8,13,141,8d,0.0010051971938997467,0.005221604517507552,0.006226801711407298
sifa_guided_raw,SIFA,1,8,14,142,8e,0.0010051971938997467,0.0033103415158196054,0.004315538709719352
sifa_guided_raw,SIFA,1,8,15,143,8f,0.0010051971938997467,0.001409277582956676,0.0024144747768564227
sifa_guided_raw,SIFA,1,9,0,144,90,0.0013192343725023218,0.0021289493769218867,0.0034481837494242085
sifa_guided_raw,SIFA,1,9,1,145,91,0.0013192343725023218,0.001245880001155894,0.0025651143736582158
sifa_guided_raw,SIFA,1,9,2,146,92,0.0013192343725023218,0.0024691308183562837,0.0037883651908586055
sifa_guided_raw,SIFA,1,9,3,147,93,0.0013192343725023218,0.001242055350346513,0.002561289722848835
sifa_guided_raw,SIFA,1,9,4,148,94,0.0013192343725023218,0.003666459002293091,0.004985693374795413
sifa_guided_raw,SIFA,1,9,5,149,95,0.0013192343725023218,0.005986959640584816,0.0073061940130871375
sifa_guided_raw,SIFA,1,9,6,150,96,0.0013192343725023218,0.014046136337752362,0.015365370710254683
sifa_guided_raw,SIFA,1,9,7,151,97,0.0013192343725023218,0.0032901558587700944,0.004609390231272416
sifa_guided_raw,SIFA,1,9,8,152,98,0.0013192343725023218,0.0003672727180008465,0.0016865070905031684
sifa_guided_raw,SIFA,1,9,9,153,99,0.0013192343725023218,0.0011878727972136145,0.0025071071697159364
sifa_guided_raw,SIFA,1,9,10,154,9a,0.0013192343725023218,0.00017858994473804538,0.0014978243172403673
sifa_guided_raw,SIFA,1,9,11,155,9b,0.0013192343725023218,0.0014509237806588256,0.0027701581531611474
sifa_guided_raw,SIFA,1,9,12,156,9c,0.0013192343725023218,0.0006494469554929636,0.0019686813279952853
sifa_guided_raw,SIFA,1,9,13,157,9d,0.0013192343725023218,0.005221604517507552,0.006540838890009873
sifa_guided_raw,SIFA,1,9,14,158,9e,0.0013192343725023218,0.0033103415158196054,0.004629575888321927
sifa_guided_raw,SIFA,1,9,15,159,9f,0.0013192343725023218,0.001409277582956676,0.002728511955458998
sifa_guided_raw,SIFA,1,10,0,160,a0,0.0006963400099957706,0.0021289493769218867,0.0028252893869176576
sifa_guided_raw,SIFA,1,10,1,161,a1,0.0006963400099957706,0.001245880001155894,0.0019422200111516646
sifa_guided_raw,SIFA,1,10,2,162,a2,0.0006963400099957706,0.0024691308183562837,0.0031654708283520546
sifa_guided_raw,SIFA,1,10,3,163,a3,0.0006963400099957706,0.001242055350346513,0.0019383953603422837
sifa_guided_raw,SIFA,1,10,4,164,a4,0.0006963400099957706,0.003666459002293091,0.0043627990122888614
sifa_guided_raw,SIFA,1,10,5,165,a5,0.0006963400099957706,0.005986959640584816,0.006683299650580587
sifa_guided_raw,SIFA,1,10,6,166,a6,0.0006963400099957706,0.014046136337752362,0.014742476347748132
sifa_guided_raw,SIFA,1,10,7,167,a7,0.0006963400099957706,0.0032901558587700944,0.003986495868765865
sifa_guided_raw,SIFA,1,10,8,168,a8,0.0006963400099957706,0.0003672727180008465,0.0010636127279966172
sifa_guided_raw,SIFA,1,10,9,169,a9,0.0006963400099957706,0.0011878727972136145,0.0018842128072093852
sifa_guided_raw,SIFA,1,10,10,170,aa,0.0006963400099957706,0.00017858994473804538,0.0008749299547338161
sifa_guided_raw,SIFA,1,10,11,171,ab,0.0006963400099957706,0.0014509237806588256,0.0021472637906545964
sifa_guided_raw,SIFA,1,10,12,172,ac,0.0006963400099957706,0.0006494469554929636,0.0013457869654887344
sifa_guided_raw,SIFA,1,10,13,173,ad,0.0006963400099957706,0.005221604517507552,0.005917944527503323
sifa_guided_raw,SIFA,1,10,14,174,ae,0.0006963400099957706,0.0033103415158196054,0.004006681525815376
sifa_guided_raw,SIFA,1,10,15,175,af,0.0006963400099957706,0.001409277582956676,0.0021056175929524464
sifa_guided_raw,SIFA,1,11,0,176,b0,0.0011164052050852981,0.0021289493769218867,0.003245354582007185
sifa_guided_raw,SIFA,1,11,1,177,b1,0.0011164052050852981,0.001245880001155894,0.002362285206241192
sifa_guided_raw,SIFA,1,11,2,178,b2,0.0011164052050852981,0.0024691308183562837,0.003585536023441582
sifa_guided_raw,SIFA,1,11,3,179,b3,0.0011164052050852981,0.001242055350346513,0.0023584605554318114
sifa_guided_raw,SIFA,1,11,4,180,b4,0.0011164052050852981,0.003666459002293091,0.004782864207378389
sifa_guided_raw,SIFA,1,11,5,181,b5,0.0011164052050852981,0.005986959640584816,0.007103364845670115
sifa_guided_raw,SIFA,1,11,6,182,b6,0.0011164052050852981,0.014046136337752362,0.01516254154283766
sifa_guided_raw,SIFA,1,11,7,183,b7,0.0011164052050852981,0.0032901558587700944,0.004406561063855393
sifa_guided_raw,SIFA,1,11,8,184,b8,0.0011164052050852981,0.0003672727180008465,0.0014836779230861447
sifa_guided_raw,SIFA,1,11,9,185,b9,0.0011164052050852981,0.0011878727972136145,0.0023042780022989127
sifa_guided_raw,SIFA,1,11,10,186,ba,0.0011164052050852981,0.00017858994473804538,0.0012949951498233436
sifa_guided_raw,SIFA,1,11,11,187,bb,0.0011164052050852981,0.0014509237806588256,0.0025673289857441237
sifa_guided_raw,SIFA,1,11,12,188,bc,0.0011164052050852981,0.0006494469554929636,0.0017658521605782617
sifa_guided_raw,SIFA,1,11,13,189,bd,0.0011164052050852981,0.005221604517507552,0.0063380097225928505
sifa_guided_raw,SIFA,1,11,14,190,be,0.0011164052050852981,0.0033103415158196054,0.004426746720904904
sifa_guided_raw,SIFA,1,11,15,191,bf,0.0011164052050852981,0.001409277582956676,0.002525682788041974
sifa_guided_raw,SIFA,1,12,0,192,c0,0.002160983511024687,0.0021289493769218867,0.004289932887946574
sifa_guided_raw,SIFA,1,12,1,193,c1,0.002160983511024687,0.001245880001155894,0.003406863512180581
sifa_guided_raw,SIFA,1,12,2,194,c2,0.002160983511024687,0.0024691308183562837,0.004630114329380971
sifa_guided_raw,SIFA,1,12,3,195,c3,0.002160983511024687,0.001242055350346513,0.0034030388613712
sifa_guided_raw,SIFA,1,12,4,196,c4,0.002160983511024687,0.003666459002293091,0.0058274425133177776
sifa_guided_raw,SIFA,1,12,5,197,c5,0.002160983511024687,0.005986959640584816,0.008147943151609504
sifa_guided_raw,SIFA,1,12,6,198,c6,0.002160983511024687,0.014046136337752362,0.016207119848777048
sifa_guided_raw,SIFA,1,12,7,199,c7,0.002160983511024687,0.0032901558587700944,0.005451139369794781
sifa_guided_raw,SIFA,1,12,8,200,c8,0.002160983511024687,0.0003672727180008465,0.0025282562290255333
sifa_guided_raw,SIFA,1,12,9,201,c9,0.002160983511024687,0.0011878727972136145,0.0033488563082383015
sifa_guided_raw,SIFA,1,12,10,202,ca,0.002160983511024687,0.00017858994473804538,0.0023395734557627324
sifa_guided_raw,SIFA,1,12,11,203,cb,0.002160983511024687,0.0014509237806588256,0.0036119072916835126
sifa_guided_raw,SIFA,1,12,12,204,cc,0.002160983511024687,0.0006494469554929636,0.0028104304665176505
sifa_guided_raw,SIFA,1,12,13,205,cd,0.002160983511024687,0.005221604517507552,0.007382588028532239
sifa_guided_raw,SIFA,1,12,14,206,ce,0.002160983511024687,0.0033103415158196054,0.005471325026844292
sifa_guided_raw,SIFA,1,12,15,207,cf,0.002160983511024687,0.001409277582956676,0.003570261093981363
sifa_guided_raw,SIFA,1,13,0,208,d0,0.008128823028313931,0.0021289493769218867,0.010257772405235819
sifa_guided_raw,SIFA,1,13,1,209,d1,0.008128823028313931,0.001245880001155894,0.009374703029469826
sifa_guided_raw,SIFA,1,13,2,210,d2,0.008128823028313931,0.0024691308183562837,0.010597953846670215
sifa_guided_raw,SIFA,1,13,3,211,d3,0.008128823028313931,0.001242055350346513,0.009370878378660444
sifa_guided_raw,SIFA,1,13,4,212,d4,0.008128823028313931,0.003666459002293091,0.011795282030607023
sifa_guided_raw,SIFA,1,13,5,213,d5,0.008128823028313931,0.005986959640584816,0.014115782668898747
sifa_guided_raw,SIFA,1,13,6,214,d6,0.008128823028313931,0.014046136337752362,0.022174959366066293
sifa_guided_raw,SIFA,1,13,7,215,d7,0.008128823028313931,0.0032901558587700944,0.011418978887084026
sifa_guided_raw,SIFA,1,13,8,216,d8,0.008128823028313931,0.0003672727180008465,0.008496095746314778
sifa_guided_raw,SIFA,1,13,9,217,d9,0.008128823028313931,0.0011878727972136145,0.009316695825527545
sifa_guided_raw,SIFA,1,13,10,218,da,0.008128823028313931,0.00017858994473804538,0.008307412973051976
sifa_guided_raw,SIFA,1,13,11,219,db,0.008128823028313931,0.0014509237806588256,0.009579746808972757
sifa_guided_raw,SIFA,1,13,12,220,dc,0.008128823028313931,0.0006494469554929636,0.008778269983806895
sifa_guided_raw,SIFA,1,13,13,221,dd,0.008128823028313931,0.005221604517507552,0.013350427545821483
sifa_guided_raw,SIFA,1,13,14,222,de,0.008128823028313931,0.0033103415158196054,0.011439164544133537
sifa_guided_raw,SIFA,1,13,15,223,df,0.008128823028313931,0.001409277582956676,0.009538100611270608
sifa_guided_raw,SIFA,1,14,0,224,e0,0.0033428316764769557,0.0021289493769218867,0.005471781053398843
sifa_guided_raw,SIFA,1,14,1,225,e1,0.0033428316764769557,0.001245880001155894,0.00458871167763285
sifa_guided_raw,SIFA,1,14,2,226,e2,0.0033428316764769557,0.0024691308183562837,0.005811962494833239
sifa_guided_raw,SIFA,1,14,3,227,e3,0.0033428316764769557,0.001242055350346513,0.004584887026823469
sifa_guided_raw,SIFA,1,14,4,228,e4,0.0033428316764769557,0.003666459002293091,0.007009290678770047
sifa_guided_raw,SIFA,1,14,5,229,e5,0.0033428316764769557,0.005986959640584816,0.009329791317061771
sifa_guided_raw,SIFA,1,14,6,230,e6,0.0033428316764769557,0.014046136337752362,0.017388968014229317
sifa_guided_raw,SIFA,1,14,7,231,e7,0.0033428316764769557,0.0032901558587700944,0.00663298753524705
sifa_guided_raw,SIFA,1,14,8,232,e8,0.0033428316764769557,0.0003672727180008465,0.003710104394477802
sifa_guided_raw,SIFA,1,14,9,233,e9,0.0033428316764769557,0.0011878727972136145,0.00453070447369057
sifa_guided_raw,SIFA,1,14,10,234,ea,0.0033428316764769557,0.00017858994473804538,0.003521421621215001
sifa_guided_raw,SIFA,1,14,11,235,eb,0.0033428316764769557,0.0014509237806588256,0.004793755457135781
sifa_guided_raw,SIFA,1,14,12,236,ec,0.0033428316764769557,0.0006494469554929636,0.003992278631969919
sifa_guided_raw,SIFA,1,14,13,237,ed,0.0033428316764769557,0.005221604517507552,0.008564436193984507
sifa_guided_raw,SIFA,1,14,14,238,ee,0.0033428316764769557,0.0033103415158196054,0.006653173192296561
sifa_guided_raw,SIFA,1,14,15,239,ef,0.0033428316764769557,0.001409277582956676,0.004752109259433632
sifa_guided_raw,SIFA,1,15,0,240,f0,0.0023672120499626677,0.0021289493769218867,0.004496161426884554
sifa_guided_raw,SIFA,1,15,1,241,f1,0.0023672120499626677,0.001245880001155894,0.0036130920511185617
sifa_guided_raw,SIFA,1,15,2,242,f2,0.0023672120499626677,0.0024691308183562837,0.004836342868318952
sifa_guided_raw,SIFA,1,15,3,243,f3,0.0023672120499626677,0.001242055350346513,0.003609267400309181
sifa_guided_raw,SIFA,1,15,4,244,f4,0.0023672120499626677,0.003666459002293091,0.006033671052255759
sifa_guided_raw,SIFA,1,15,5,245,f5,0.0023672120499626677,0.005986959640584816,0.008354171690547484
sifa_guided_raw,SIFA,1,15,6,246,f6,0.0023672120499626677,0.014046136337752362,0.016413348387715028
sifa_guided_raw,SIFA,1,15,7,247,f7,0.0023672120499626677,0.0032901558587700944,0.005657367908732763
sifa_guided_raw,SIFA,1,15,8,248,f8,0.0023672120499626677,0.0003672727180008465,0.002734484767963514
sifa_guided_raw,SIFA,1,15,9,249,f9,0.0023672120499626677,0.0011878727972136145,0.0035550848471762823
sifa_guided_raw,SIFA,1,15,10,250,fa,0.0023672120499626677,0.00017858994473804538,0.002545801994700713
sifa_guided_raw,SIFA,1,15,11,251,fb,0.0023672120499626677,0.0014509237806588256,0.0038181358306214933
sifa_guided_raw,SIFA,1,15,12,252,fc,0.0023672120499626677,0.0006494469554929636,0.0030166590054556313
sifa_guided_raw,SIFA,1,15,13,253,fd,0.0023672120499626677,0.005221604517507552,0.00758881656747022
sifa_guided_raw,SIFA,1,15,14,254,fe,0.0023672120499626677,0.0033103415158196054,0.005677553565782274
sifa_guided_raw,SIFA,1,15,15,255,ff,0.0023672120499626677,0.001409277582956676,0.0037764896329193437
sifa_guided_threshold,SIFA,0,0,0,0,00,0.0009873341027333913,0.004695361989274507,0.005682696092007899
sifa_guided_threshold,SIFA,0,0,1,1,01,0.0009873341027333913,0.0009698541422863477,0.001957188245019739
sifa_guided_threshold,SIFA,0,0,2,2,02,0.0009873341027333913,0.0015980234111145145,0.002585357513847906
sifa_guided_threshold,SIFA,0,0,3,3,03,0.0009873341027333913,0.003223142060417992,0.004210476163151383
sifa_guided_threshold,SIFA,0,0,4,4,04,0.0009873341027333913,0.001232558176875436,0.0022198922796088276
sifa_guided_threshold,SIFA,0,0,5,5,05,0.0009873341027333913,0.00031640893322169096,0.0013037430359550822
sifa_guided_threshold,SIFA,0,0,6,6,06,0.0009873341027333913,0.0013736476465561686,0.00236098174928956
sifa_guided_threshold,SIFA,0,0,7,7,07,0.0009873341027333913,0.00016060969504267322,0.0011479437977760646
sifa_guided_threshold,SIFA,0,0,8,8,08,0.0009873341027333913,0.005453225836693187,0.006440559939426578
sifa_guided_threshold,SIFA,0,0,9,9,09,0.0009873341027333913,0.0026107184592781296,0.0035980525620115207
sifa_guided_threshold,SIFA,0,0,10,10,0a,0.0009873341027333913,0.0021393843278190005,0.003126718430552392
sifa_guided_threshold,SIFA,0,0,11,11,0b,0.0009873341027333913,0.011563580798945539,0.01255091490167893
sifa_guided_threshold,SIFA,0,0,12,12,0c,0.0009873341027333913,0.0009420920439938102,0.0019294261467272015
sifa_guided_threshold,SIFA,0,0,13,13,0d,0.0009873341027333913,0.001699127172060473,0.002686461274793864
sifa_guided_threshold,SIFA,0,0,14,14,0e,0.0009873341027333913,0.0007690968792604592,0.0017564309819938506
sifa_guided_threshold,SIFA,0,0,15,15,0f,0.0009873341027333913,0.0017861427040221584,0.00277347680675555
sifa_guided_threshold,SIFA,0,1,0,16,10,0.0006092880782175745,0.004695361989274507,0.0053046500674920815
sifa_guided_threshold,SIFA,0,1,1,17,11,0.0006092880782175745,0.0009698541422863477,0.0015791422205039222
sifa_guided_threshold,SIFA,0,1,2,18,12,0.0006092880782175745,0.0015980234111145145,0.0022073114893320887
sifa_guided_threshold,SIFA,0,1,3,19,13,0.0006092880782175745,0.003223142060417992,0.003832430138635566
sifa_guided_threshold,SIFA,0,1,4,20,14,0.0006092880782175745,0.001232558176875436,0.0018418462550930106
sifa_guided_threshold,SIFA,0,1,5,21,15,0.0006092880782175745,0.00031640893322169096,0.0009256970114392654
sifa_guided_threshold,SIFA,0,1,6,22,16,0.0006092880782175745,0.0013736476465561686,0.001982935724773743
sifa_guided_threshold,SIFA,0,1,7,23,17,0.0006092880782175745,0.00016060969504267322,0.0007698977732602477
sifa_guided_threshold,SIFA,0,1,8,24,18,0.0006092880782175745,0.005453225836693187,0.006062513914910761
sifa_guided_threshold,SIFA,0,1,9,25,19,0.0006092880782175745,0.0026107184592781296,0.0032200065374957043
sifa_guided_threshold,SIFA,0,1,10,26,1a,0.0006092880782175745,0.0021393843278190005,0.0027486724060365748
sifa_guided_threshold,SIFA,0,1,11,27,1b,0.0006092880782175745,0.011563580798945539,0.012172868877163113
sifa_guided_threshold,SIFA,0,1,12,28,1c,0.0006092880782175745,0.0009420920439938102,0.0015513801222113847
sifa_guided_threshold,SIFA,0,1,13,29,1d,0.0006092880782175745,0.001699127172060473,0.0023084152502780477
sifa_guided_threshold,SIFA,0,1,14,30,1e,0.0006092880782175745,0.0007690968792604592,0.0013783849574780338
sifa_guided_threshold,SIFA,0,1,15,31,1f,0.0006092880782175745,0.0017861427040221584,0.0023954307822397327
sifa_guided_threshold,SIFA,0,2,0,32,20,0.0011562308055592316,0.004695361989274507,0.005851592794833739
sifa_guided_threshold,SIFA,0,2,1,33,21,0.0011562308055592316,0.0009698541422863477,0.0021260849478455792
sifa_guided_threshold,SIFA,0,2,2,34,22,0.0011562308055592316,0.0015980234111145145,0.002754254216673746
sifa_guided_threshold,SIFA,0,2,3,35,23,0.0011562308055592316,0.003223142060417992,0.004379372865977223
sifa_guided_threshold,SIFA,0,2,4,36,24,0.0011562308055592316,0.001232558176875436,0.0023887889824346677
sifa_guided_threshold,SIFA,0,2,5,37,25,0.0011562308055592316,0.00031640893322169096,0.0014726397387809225
sifa_guided_threshold,SIFA,0,2,6,38,26,0.0011562308055592316,0.0013736476465561686,0.0025298784521154
sifa_guided_threshold,SIFA,0,2,7,39,27,0.0011562308055592316,0.00016060969504267322,0.0013168405006019049
sifa_guided_threshold,SIFA,0,2,8,40,28,0.0011562308055592316,0.005453225836693187,0.0066094566422524184
sifa_guided_threshold,SIFA,0,2,9,41,29,0.0011562308055592316,0.0026107184592781296,0.003766949264837361
sifa_guided_threshold,SIFA,0,2,10,42,2a,0.0011562308055592316,0.0021393843278190005,0.003295615133378232
sifa_guided_threshold,SIFA,0,2,11,43,2b,0.0011562308055592316,0.011563580798945539,0.01271981160450477
sifa_guided_threshold,SIFA,0,2,12,44,2c,0.0011562308055592316,0.0009420920439938102,0.0020983228495530418
sifa_guided_threshold,SIFA,0,2,13,45,2d,0.0011562308055592316,0.001699127172060473,0.0028553579776197046
sifa_guided_threshold,SIFA,0,2,14,46,2e,0.0011562308055592316,0.0007690968792604592,0.0019253276848196907
sifa_guided_threshold,SIFA,0,2,15,47,2f,0.0011562308055592316,0.0017861427040221584,0.00294237350958139
sifa_guided_threshold,SIFA,0,3,0,48,30,0.0008931922635123727,0.004695361989274507,0.00558855425278688
sifa_guided_threshold,SIFA,0,3,1,49,31,0.0008931922635123727,0.0009698541422863477,0.0018630464057987203
sifa_guided_threshold,SIFA,0,3,2,50,32,0.0008931922635123727,0.0015980234111145145,0.002491215674626887
sifa_guided_threshold,SIFA,0,3,3,51,33,0.0008931922635123727,0.003223142060417992,0.0041163343239303644
sifa_guided_threshold,SIFA,0,3,4,52,34,0.0008931922635123727,0.001232558176875436,0.0021257504403878087
sifa_guided_threshold,SIFA,0,3,5,53,35,0.0008931922635123727,0.00031640893322169096,0.0012096011967340638
sifa_guided_threshold,SIFA,0,3,6,54,36,0.0008931922635123727,0.0013736476465561686,0.0022668399100685415
sifa_guided_threshold,SIFA,0,3,7,55,37,0.0008931922635123727,0.00016060969504267322,0.001053801958555046
sifa_guided_threshold,SIFA,0,3,8,56,38,0.0008931922635123727,0.005453225836693187,0.0063464181002055595
sifa_guided_threshold,SIFA,0,3,9,57,39,0.0008931922635123727,0.0026107184592781296,0.003503910722790502
sifa_guided_threshold,SIFA,0,3,10,58,3a,0.0008931922635123727,0.0021393843278190005,0.003032576591331373
sifa_guided_threshold,SIFA,0,3,11,59,3b,0.0008931922635123727,0.011563580798945539,0.012456773062457911
sifa_guided_threshold,SIFA,0,3,12,60,3c,0.0008931922635123727,0.0009420920439938102,0.0018352843075061828
sifa_guided_threshold,SIFA,0,3,13,61,3d,0.0008931922635123727,0.001699127172060473,0.0025923194355728456
sifa_guided_threshold,SIFA,0,3,14,62,3e,0.0008931922635123727,0.0007690968792604592,0.001662289142772832
sifa_guided_threshold,SIFA,0,3,15,63,3f,0.0008931922635123727,0.0017861427040221584,0.002679334967534531
sifa_guided_threshold,SIFA,0,4,0,64,40,0.009235670745407033,0.004695361989274507,0.01393103273468154
sifa_guided_threshold,SIFA,0,4,1,65,41,0.009235670745407033,0.0009698541422863477,0.010205524887693381
sifa_guided_threshold,SIFA,0,4,2,66,42,0.009235670745407033,0.0015980234111145145,0.010833694156521547
sifa_guided_threshold,SIFA,0,4,3,67,43,0.009235670745407033,0.003223142060417992,0.012458812805825024
sifa_guided_threshold,SIFA,0,4,4,68,44,0.009235670745407033,0.001232558176875436,0.010468228922282469
sifa_guided_threshold,SIFA,0,4,5,69,45,0.009235670745407033,0.00031640893322169096,0.009552079678628724
sifa_guided_threshold,SIFA,0,4,6,70,46,0.009235670745407033,0.0013736476465561686,0.010609318391963201
sifa_guided_threshold,SIFA,0,4,7,71,47,0.009235670745407033,0.00016060969504267322,0.009396280440449706
sifa_guided_threshold,SIFA,0,4,8,72,48,0.009235670745407033,0.005453225836693187,0.014688896582100219
sifa_guided_threshold,SIFA,0,4,9,73,49,0.009235670745407033,0.0026107184592781296,0.011846389204685162
sifa_guided_threshold,SIFA,0,4,10,74,4a,0.009235670745407033,0.0021393843278190005,0.011375055073226033
sifa_guided_threshold,SIFA,0,4,11,75,4b,0.009235670745407033,0.011563580798945539,0.02079925154435257
sifa_guided_threshold,SIFA,0,4,12,76,4c,0.009235670745407033,0.0009420920439938102,0.010177762789400843
sifa_guided_threshold,SIFA,0,4,13,77,4d,0.009235670745407033,0.001699127172060473,0.010934797917467506
sifa_guided_threshold,SIFA,0,4,14,78,4e,0.009235670745407033,0.0007690968792604592,0.010004767624667493
sifa_guided_threshold,SIFA,0,4,15,79,4f,0.009235670745407033,0.0017861427040221584,0.01102181344942919
sifa_guided_threshold,SIFA,0,5,0,80,50,0.002894815347682817,0.004695361989274507,0.007590177336957324
sifa_guided_threshold,SIFA,0,5,1,81,51,0.002894815347682817,0.0009698541422863477,0.0038646694899691645
sifa_guided_threshold,SIFA,0,5,2,82,52,0.002894815347682817,0.0015980234111145145,0.004492838758797331
sifa_guided_threshold,SIFA,0,5,3,83,53,0.002894815347682817,0.003223142060417992,0.006117957408100809
sifa_guided_threshold,SIFA,0,5,4,84,54,0.002894815347682817,0.001232558176875436,0.004127373524558253
sifa_guided_threshold,SIFA,0,5,5,85,55,0.002894815347682817,0.00031640893322169096,0.003211224280904508
sifa_guided_threshold,SIFA,0,5,6,86,56,0.002894815347682817,0.0013736476465561686,0.004268462994238985
sifa_guided_threshold,SIFA,0,5,7,87,57,0.002894815347682817,0.00016060969504267322,0.00305542504272549
sifa_guided_threshold,SIFA,0,5,8,88,58,0.002894815347682817,0.005453225836693187,0.008348041184376005
sifa_guided_threshold,SIFA,0,5,9,89,59,0.002894815347682817,0.0026107184592781296,0.005505533806960946
sifa_guided_threshold,SIFA,0,5,10,90,5a,0.002894815347682817,0.0021393843278190005,0.005034199675501817
sifa_guided_threshold,SIFA,0,5,11,91,5b,0.002894815347682817,0.011563580798945539,0.014458396146628355
sifa_guided_threshold,SIFA,0,5,12,92,5c,0.002894815347682817,0.0009420920439938102,0.003836907391676627
sifa_guided_threshold,SIFA,0,5,13,93,5d,0.002894815347682817,0.001699127172060473,0.00459394251974329
sifa_guided_threshold,SIFA,0,5,14,94,5e,0.002894815347682817,0.0007690968792604592,0.003663912226943276
sifa_guided_threshold,SIFA,0,5,15,95,5f,0.002894815347682817,0.0017861427040221584,0.004680958051704975
sifa_guided_threshold,SIFA,0,6,0,96,60,0.0028571914712751155,0.004695361989274507,0.007552553460549623
sifa_guided_threshold,SIFA,0,6,1,97,61,0.0028571914712751155,0.0009698541422863477,0.003827045613561463
sifa_guided_threshold,SIFA,0,6,2,98,62,0.0028571914712751155,0.0015980234111145145,0.00445521488238963
sifa_guided_threshold,SIFA,0,6,3,99,63,0.0028571914712751155,0.003223142060417992,0.006080333531693107
sifa_guided_threshold,SIFA,0,6,4,100,64,0.0028571914712751155,0.001232558176875436,0.004089749648150552
sifa_guided_threshold,SIFA,0,6,5,101,65,0.0028571914712751155,0.00031640893322169096,0.0031736004044968067
sifa_guided_threshold,SIFA,0,6,6,102,66,0.0028571914712751155,0.0013736476465561686,0.004230839117831284
sifa_guided_threshold,SIFA,0,6,7,103,67,0.0028571914712751155,0.00016060969504267322,0.0030178011663177886
sifa_guided_threshold,SIFA,0,6,8,104,68,0.0028571914712751155,0.005453225836693187,0.008310417307968302
sifa_guided_threshold,SIFA,0,6,9,105,69,0.0028571914712751155,0.0026107184592781296,0.0054679099305532455
sifa_guided_threshold,SIFA,0,6,10,106,6a,0.0028571914712751155,0.0021393843278190005,0.004996575799094116
sifa_guided_threshold,SIFA,0,6,11,107,6b,0.0028571914712751155,0.011563580798945539,0.014420772270220653
sifa_guided_threshold,SIFA,0,6,12,108,6c,0.0028571914712751155,0.0009420920439938102,0.0037992835152689257
sifa_guided_threshold,SIFA,0,6,13,109,6d,0.0028571914712751155,0.001699127172060473,0.004556318643335588
sifa_guided_threshold,SIFA,0,6,14,110,6e,0.0028571914712751155,0.0007690968792604592,0.0036262883505355746
sifa_guided_threshold,SIFA,0,6,15,111,6f,0.0028571914712751155,0.0017861427040221584,0.004643334175297274
sifa_guided_threshold,SIFA,0,7,0,112,70,0.005182478470393911,0.004695361989274507,0.009877840459668418
sifa_guided_threshold,SIFA,0,7,1,113,71,0.005182478470393911,0.0009698541422863477,0.006152332612680259
sifa_guided_threshold,SIFA,0,7,2,114,72,0.005182478470393911,0.0015980234111145145,0.006780501881508426
sifa_guided_threshold,SIFA,0,7,3,115,73,0.005182478470393911,0.003223142060417992,0.008405620530811904
sifa_guided_threshold,SIFA,0,7,4,116,74,0.005182478470393911,0.001232558176875436,0.006415036647269347
sifa_guided_threshold,SIFA,0,7,5,117,75,0.005182478470393911,0.00031640893322169096,0.005498887403615602
sifa_guided_threshold,SIFA,0,7,6,118,76,0.005182478470393911,0.0013736476465561686,0.00655612611695008
sifa_guided_threshold,SIFA,0,7,7,119,77,0.005182478470393911,0.00016060969504267322,0.005343088165436585
sifa_guided_threshold,SIFA,0,7,8,120,78,0.005182478470393911,0.005453225836693187,0.010635704307087098
sifa_guided_threshold,SIFA,0,7,9,121,79,0.005182478470393911,0.0026107184592781296,0.007793196929672041
sifa_guided_threshold,SIFA,0,7,10,122,7a,0.005182478470393911,0.0021393843278190005,0.007321862798212912
sifa_guided_threshold,SIFA,0,7,11,123,7b,0.005182478470393911,0.011563580798945539,0.01674605926933945
sifa_guided_threshold,SIFA,0,7,12,124,7c,0.005182478470393911,0.0009420920439938102,0.006124570514387721
sifa_guided_threshold,SIFA,0,7,13,125,7d,0.005182478470393911,0.001699127172060473,0.006881605642454384
sifa_guided_threshold,SIFA,0,7,14,126,7e,0.005182478470393911,0.0007690968792604592,0.00595157534965437
sifa_guided_threshold,SIFA,0,7,15,127,7f,0.005182478470393911,0.0017861427040221584,0.00696862117441607
sifa_guided_threshold,SIFA,0,8,0,128,80,0.000272644747390583,0.004695361989274507,0.0049680067366650905
sifa_guided_threshold,SIFA,0,8,1,129,81,0.000272644747390583,0.0009698541422863477,0.0012424988896769307
sifa_guided_threshold,SIFA,0,8,2,130,82,0.000272644747390583,0.0015980234111145145,0.0018706681585050975
sifa_guided_threshold,SIFA,0,8,3,131,83,0.000272644747390583,0.003223142060417992,0.0034957868078085747
sifa_guided_threshold,SIFA,0,8,4,132,84,0.000272644747390583,0.001232558176875436,0.0015052029242660192
sifa_guided_threshold,SIFA,0,8,5,133,85,0.000272644747390583,0.00031640893322169096,0.000589053680612274
sifa_guided_threshold,SIFA,0,8,6,134,86,0.000272644747390583,0.0013736476465561686,0.0016462923939467517
sifa_guided_threshold,SIFA,0,8,7,135,87,0.000272644747390583,0.00016060969504267322,0.00043325444243325626
sifa_guided_threshold,SIFA,0,8,8,136,88,0.000272644747390583,0.005453225836693187,0.00572587058408377
sifa_guided_threshold,SIFA,0,8,9,137,89,0.000272644747390583,0.0026107184592781296,0.0028833632066687124
sifa_guided_threshold,SIFA,0,8,10,138,8a,0.000272644747390583,0.0021393843278190005,0.0024120290752095833
sifa_guided_threshold,SIFA,0,8,11,139,8b,0.000272644747390583,0.011563580798945539,0.011836225546336121
sifa_guided_threshold,SIFA,0,8,12,140,8c,0.000272644747390583,0.0009420920439938102,0.0012147367913843932
sifa_guided_threshold,SIFA,0,8,13,141,8d,0.000272644747390583,0.001699127172060473,0.001971771919451056
sifa_guided_threshold,SIFA,0,8,14,142,8e,0.000272644747390583,0.0007690968792604592,0.0010417416266510421
sifa_guided_threshold,SIFA,0,8,15,143,8f,0.000272644747390583,0.0017861427040221584,0.0020587874514127412
sifa_guided_threshold,SIFA,0,9,0,144,90,0.00042281166021433577,0.004695361989274507,0.005118173649488843
sifa_guided_threshold,SIFA,0,9,1,145,91,0.00042281166021433577,0.0009698541422863477,0.0013926658025006835
sifa_guided_threshold,SIFA,0,9,2,146,92,0.00042281166021433577,0.0015980234111145145,0.0020208350713288503
sifa_guided_threshold,SIFA,0,9,3,147,93,0.00042281166021433577,0.003223142060417992,0.0036459537206323276
sifa_guided_threshold,SIFA,0,9,4,148,94,0.00042281166021433577,0.001232558176875436,0.001655369837089772
sifa_guided_threshold,SIFA,0,9,5,149,95,0.00042281166021433577,0.00031640893322169096,0.0007392205934360267
sifa_guided_threshold,SIFA,0,9,6,150,96,0.00042281166021433577,0.0013736476465561686,0.0017964593067705044
sifa_guided_threshold,SIFA,0,9,7,151,97,0.00042281166021433577,0.00016060969504267322,0.000583421355257009
sifa_guided_threshold,SIFA,0,9,8,152,98,0.00042281166021433577,0.005453225836693187,0.005876037496907523
sifa_guided_threshold,SIFA,0,9,9,153,99,0.00042281166021433577,0.0026107184592781296,0.0030335301194924654
sifa_guided_threshold,SIFA,0,9,10,154,9a,0.00042281166021433577,0.0021393843278190005,0.0025621959880333363
sifa_guided_threshold,SIFA,0,9,11,155,9b,0.00042281166021433577,0.011563580798945539,0.011986392459159874
sifa_guided_threshold,SIFA,0,9,12,156,9c,0.00042281166021433577,0.0009420920439938102,0.001364903704208146
sifa_guided_threshold,SIFA,0,9,13,157,9d,0.00042281166021433577,0.001699127172060473,0.002121938832274809
sifa_guided_threshold,SIFA,0,9,14,158,9e,0.00042281166021433577,0.0007690968792604592,0.001191908539474795
sifa_guided_threshold,SIFA,0,9,15,159,9f,0.00042281166021433577,0.0017861427040221584,0.002208954364236494
sifa_guided_threshold,SIFA,0,10,0,160,a0,0.0005319044721563189,0.004695361989274507,0.005227266461430826
sifa_guided_threshold,SIFA,0,10,1,161,a1,0.0005319044721563189,0.0009698541422863477,0.0015017586144426666
sifa_guided_threshold,SIFA,0,10,2,162,a2,0.0005319044721563189,0.0015980234111145145,0.0021299278832708334
sifa_guided_threshold,SIFA,0,10,3,163,a3,0.0005319044721563189,0.003223142060417992,0.0037550465325743108
sifa_guided_threshold,SIFA,0,10,4,164,a4,0.0005319044721563189,0.001232558176875436,0.001764462649031755
sifa_guided_threshold,SIFA,0,10,5,165,a5,0.0005319044721563189,0.00031640893322169096,0.0008483134053780099
sifa_guided_threshold,SIFA,0,10,6,166,a6,0.0005319044721563189,0.0013736476465561686,0.0019055521187124874
sifa_guided_threshold,SIFA,0,10,7,167,a7,0.0005319044721563189,0.00016060969504267322,0.000692514167198992
sifa_guided_threshold,SIFA,0,10,8,168,a8,0.0005319044721563189,0.005453225836693187,0.005985130308849506
sifa_guided_threshold,SIFA,0,10,9,169,a9,0.0005319044721563189,0.0026107184592781296,0.0031426229314344485
sifa_guided_threshold,SIFA,0,10,10,170,aa,0.0005319044721563189,0.0021393843278190005,0.0026712887999753195
sifa_guided_threshold,SIFA,0,10,11,171,ab,0.0005319044721563189,0.011563580798945539,0.012095485271101858
sifa_guided_threshold,SIFA,0,10,12,172,ac,0.0005319044721563189,0.0009420920439938102,0.0014739965161501291
sifa_guided_threshold,SIFA,0,10,13,173,ad,0.0005319044721563189,0.001699127172060473,0.002231031644216792
sifa_guided_threshold,SIFA,0,10,14,174,ae,0.0005319044721563189,0.0007690968792604592,0.001301001351416778
sifa_guided_threshold,SIFA,0,10,15,175,af,0.0005319044721563189,0.0017861427040221584,0.0023180471761784774
sifa_guided_threshold,SIFA,0,11,0,176,b0,0.0007394108298110236,0.004695361989274507,0.005434772819085531
sifa_guided_threshold,SIFA,0,11,1,177,b1,0.0007394108298110236,0.0009698541422863477,0.0017092649720973712
sifa_guided_threshold,SIFA,0,11,2,178,b2,0.0007394108298110236,0.0015980234111145145,0.002337434240925538
sifa_guided_threshold,SIFA,0,11,3,179,b3,0.0007394108298110236,0.003223142060417992,0.003962552890229016
sifa_guided_threshold,SIFA,0,11,4,180,b4,0.0007394108298110236,0.001232558176875436,0.0019719690066864596
sifa_guided_threshold,SIFA,0,11,5,181,b5,0.0007394108298110236,0.00031640893322169096,0.0010558197630327146
sifa_guided_threshold,SIFA,0,11,6,182,b6,0.0007394108298110236,0.0013736476465561686,0.0021130584763671923
sifa_guided_threshold,SIFA,0,11,7,183,b7,0.0007394108298110236,0.00016060969504267322,0.0009000205248536968
sifa_guided_threshold,SIFA,0,11,8,184,b8,0.0007394108298110236,0.005453225836693187,0.006192636666504211
sifa_guided_threshold,SIFA,0,11,9,185,b9,0.0007394108298110236,0.0026107184592781296,0.003350129289089153
sifa_guided_threshold,SIFA,0,11,10,186,ba,0.0007394108298110236,0.0021393843278190005,0.002878795157630024
sifa_guided_threshold,SIFA,0,11,11,187,bb,0.0007394108298110236,0.011563580798945539,0.012302991628756562
sifa_guided_threshold,SIFA,0,11,12,188,bc,0.0007394108298110236,0.0009420920439938102,0.0016815028738048337
sifa_guided_threshold,SIFA,0,11,13,189,bd,0.0007394108298110236,0.001699127172060473,0.0024385380018714965
sifa_guided_threshold,SIFA,0,11,14,190,be,0.0007394108298110236,0.0007690968792604592,0.0015085077090714828
sifa_guided_threshold,SIFA,0,11,15,191,bf,0.0007394108298110236,0.0017861427040221584,0.002525553533833182
sifa_guided_threshold,SIFA,0,12,0,192,c0,0.002997172007080189,0.004695361989274507,0.007692533996354696
sifa_guided_threshold,SIFA,0,12,1,193,c1,0.002997172007080189,0.0009698541422863477,0.003967026149366537
sifa_guided_threshold,SIFA,0,12,2,194,c2,0.002997172007080189,0.0015980234111145145,0.0045951954181947035
sifa_guided_threshold,SIFA,0,12,3,195,c3,0.002997172007080189,0.003223142060417992,0.006220314067498181
sifa_guided_threshold,SIFA,0,12,4,196,c4,0.002997172007080189,0.001232558176875436,0.004229730183955625
sifa_guided_threshold,SIFA,0,12,5,197,c5,0.002997172007080189,0.00031640893322169096,0.00331358094030188
sifa_guided_threshold,SIFA,0,12,6,198,c6,0.002997172007080189,0.0013736476465561686,0.0043708196536363575
sifa_guided_threshold,SIFA,0,12,7,199,c7,0.002997172007080189,0.00016060969504267322,0.003157781702122862
sifa_guided_threshold,SIFA,0,12,8,200,c8,0.002997172007080189,0.005453225836693187,0.008450397843773376
sifa_guided_threshold,SIFA,0,12,9,201,c9,0.002997172007080189,0.0026107184592781296,0.005607890466358319
sifa_guided_threshold,SIFA,0,12,10,202,ca,0.002997172007080189,0.0021393843278190005,0.0051365563348991896
sifa_guided_threshold,SIFA,0,12,11,203,cb,0.002997172007080189,0.011563580798945539,0.014560752806025729
sifa_guided_threshold,SIFA,0,12,12,204,cc,0.002997172007080189,0.0009420920439938102,0.003939264051073999
sifa_guided_threshold,SIFA,0,12,13,205,cd,0.002997172007080189,0.001699127172060473,0.004696299179140662
sifa_guided_threshold,SIFA,0,12,14,206,ce,0.002997172007080189,0.0007690968792604592,0.003766268886340648
sifa_guided_threshold,SIFA,0,12,15,207,cf,0.002997172007080189,0.0017861427040221584,0.0047833147111023475
sifa_guided_threshold,SIFA,0,13,0,208,d0,0.000781635005517484,0.004695361989274507,0.0054769969947919914
sifa_guided_threshold,SIFA,0,13,1,209,d1,0.000781635005517484,0.0009698541422863477,0.0017514891478038316
sifa_guided_threshold,SIFA,0,13,2,210,d2,0.000781635005517484,0.0015980234111145145,0.0023796584166319986
sifa_guided_threshold,SIFA,0,13,3,211,d3,0.000781635005517484,0.003223142060417992,0.004004777065935476
sifa_guided_threshold,SIFA,0,13,4,212,d4,0.000781635005517484,0.001232558176875436,0.0020141931823929203
sifa_guided_threshold,SIFA,0,13,5,213,d5,0.000781635005517484,0.00031640893322169096,0.0010980439387391749
sifa_guided_threshold,SIFA,0,13,6,214,d6,0.000781635005517484,0.0013736476465561686,0.0021552826520736526
sifa_guided_threshold,SIFA,0,13,7,215,d7,0.000781635005517484,0.00016060969504267322,0.0009422447005601572
sifa_guided_threshold,SIFA,0,13,8,216,d8,0.000781635005517484,0.005453225836693187,0.006234860842210671
sifa_guided_threshold,SIFA,0,13,9,217,d9,0.000781635005517484,0.0026107184592781296,0.0033923534647956133
sifa_guided_threshold,SIFA,0,13,10,218,da,0.000781635005517484,0.0021393843278190005,0.0029210193333364847
sifa_guided_threshold,SIFA,0,13,11,219,db,0.000781635005517484,0.011563580798945539,0.012345215804463022
sifa_guided_threshold,SIFA,0,13,12,220,dc,0.000781635005517484,0.0009420920439938102,0.0017237270495112941
sifa_guided_threshold,SIFA,0,13,13,221,dd,0.000781635005517484,0.001699127172060473,0.0024807621775779568
sifa_guided_threshold,SIFA,0,13,14,222,de,0.000781635005517484,0.0007690968792604592,0.0015507318847779433
sifa_guided_threshold,SIFA,0,13,15,223,df,0.000781635005517484,0.0017861427040221584,0.0025677777095396426
sifa_guided_threshold,SIFA,0,14,0,224,e0,0.00039488127161473204,0.004695361989274507,0.005090243260889239
sifa_guided_threshold,SIFA,0,14,1,225,e1,0.00039488127161473204,0.0009698541422863477,0.0013647354139010798
sifa_guided_threshold,SIFA,0,14,2,226,e2,0.00039488127161473204,0.0015980234111145145,0.0019929046827292466
sifa_guided_threshold,SIFA,0,14,3,227,e3,0.00039488127161473204,0.003223142060417992,0.003618023332032724
sifa_guided_threshold,SIFA,0,14,4,228,e4,0.00039488127161473204,0.001232558176875436,0.0016274394484901682
sifa_guided_threshold,SIFA,0,14,5,229,e5,0.00039488127161473204,0.00031640893322169096,0.000711290204836423
sifa_guided_threshold,SIFA,0,14,6,230,e6,0.00039488127161473204,0.0013736476465561686,0.0017685289181709005
sifa_guided_threshold,SIFA,0,14,7,231,e7,0.00039488127161473204,0.00016060969504267322,0.0005554909666574052
sifa_guided_threshold,SIFA,0,14,8,232,e8,0.00039488127161473204,0.005453225836693187,0.005848107108307919
sifa_guided_threshold,SIFA,0,14,9,233,e9,0.00039488127161473204,0.0026107184592781296,0.0030055997308928617
sifa_guided_threshold,SIFA,0,14,10,234,ea,0.00039488127161473204,0.0021393843278190005,0.0025342655994337326
sifa_guided_threshold,SIFA,0,14,11,235,eb,0.00039488127161473204,0.011563580798945539,0.01195846207056027
sifa_guided_threshold,SIFA,0,14,12,236,ec,0.00039488127161473204,0.0009420920439938102,0.0013369733156085423
sifa_guided_threshold,SIFA,0,14,13,237,ed,0.00039488127161473204,0.001699127172060473,0.002094008443675205
sifa_guided_threshold,SIFA,0,14,14,238,ee,0.00039488127161473204,0.0007690968792604592,0.0011639781508751912
sifa_guided_threshold,SIFA,0,14,15,239,ef,0.00039488127161473204,0.0017861427040221584,0.0021810239756368905
sifa_guided_threshold,SIFA,0,15,0,240,f0,0.0035071480436282523,0.004695361989274507,0.00820251003290276
sifa_guided_threshold,SIFA,0,15,1,241,f1,0.0035071480436282523,0.0009698541422863477,0.0044770021859146004
sifa_guided_threshold,SIFA,0,15,2,242,f2,0.0035071480436282523,0.0015980234111145145,0.005105171454742766
sifa_guided_threshold,SIFA,0,15,3,243,f3,0.0035071480436282523,0.003223142060417992,0.006730290104046244
sifa_guided_threshold,SIFA,0,15,4,244,f4,0.0035071480436282523,0.001232558176875436,0.004739706220503688
sifa_guided_threshold,SIFA,0,15,5,245,f5,0.0035071480436282523,0.00031640893322169096,0.0038235569768499435
sifa_guided_threshold,SIFA,0,15,6,246,f6,0.0035071480436282523,0.0013736476465561686,0.004880795690184421
sifa_guided_threshold,SIFA,0,15,7,247,f7,0.0035071480436282523,0.00016060969504267322,0.0036677577386709254
sifa_guided_threshold,SIFA,0,15,8,248,f8,0.0035071480436282523,0.005453225836693187,0.00896037388032144
sifa_guided_threshold,SIFA,0,15,9,249,f9,0.0035071480436282523,0.0026107184592781296,0.006117866502906382
sifa_guided_threshold,SIFA,0,15,10,250,fa,0.0035071480436282523,0.0021393843278190005,0.005646532371447252
sifa_guided_threshold,SIFA,0,15,11,251,fb,0.0035071480436282523,0.011563580798945539,0.01507072884257379
sifa_guided_threshold,SIFA,0,15,12,252,fc,0.0035071480436282523,0.0009420920439938102,0.0044492400876220625
sifa_guided_threshold,SIFA,0,15,13,253,fd,0.0035071480436282523,0.001699127172060473,0.005206275215688725
sifa_guided_threshold,SIFA,0,15,14,254,fe,0.0035071480436282523,0.0007690968792604592,0.004276244922888712
sifa_guided_threshold,SIFA,0,15,15,255,ff,0.0035071480436282523,0.0017861427040221584,0.005293290747650411
sifa_guided_threshold,SIFA,1,0,0,0,00,0.0004705246161037133,0.0021289493769218867,0.0025994739930256
sifa_guided_threshold,SIFA,1,0,1,1,01,0.0004705246161037133,0.001245880001155894,0.0017164046172596073
sifa_guided_threshold,SIFA,1,0,2,2,02,0.0004705246161037133,0.0024691308183562837,0.002939655434459997
sifa_guided_threshold,SIFA,1,0,3,3,03,0.0004705246161037133,0.001242055350346513,0.0017125799664502264
sifa_guided_threshold,SIFA,1,0,4,4,04,0.0004705246161037133,0.003666459002293091,0.004136983618396805
sifa_guided_threshold,SIFA,1,0,5,5,05,0.0004705246161037133,0.005986959640584816,0.006457484256688529
sifa_guided_threshold,SIFA,1,0,6,6,06,0.0004705246161037133,0.014046136337752362,0.014516660953856075
sifa_guided_threshold,SIFA,1,0,7,7,07,0.0004705246161037133,0.0032901558587700944,0.0037606804748738076
sifa_guided_threshold,SIFA,1,0,8,8,08,0.0004705246161037133,0.0003672727180008465,0.0008377973341045598
sifa_guided_threshold,SIFA,1,0,9,9,09,0.0004705246161037133,0.0011878727972136145,0.0016583974133173279
sifa_guided_threshold,SIFA,1,0,10,10,0a,0.0004705246161037133,0.00017858994473804538,0.0006491145608417587
sifa_guided_threshold,SIFA,1,0,11,11,0b,0.0004705246161037133,0.0014509237806588256,0.001921448396762539
sifa_guided_threshold,SIFA,1,0,12,12,0c,0.0004705246161037133,0.0006494469554929636,0.0011199715715966769
sifa_guided_threshold,SIFA,1,0,13,13,0d,0.0004705246161037133,0.005221604517507552,0.005692129133611265
sifa_guided_threshold,SIFA,1,0,14,14,0e,0.0004705246161037133,0.0033103415158196054,0.0037808661319233185
sifa_guided_threshold,SIFA,1,0,15,15,0f,0.0004705246161037133,0.001409277582956676,0.0018798021990603893
sifa_guided_threshold,SIFA,1,1,0,16,10,0.00027951231159286874,0.0021289493769218867,0.0024084616885147554
sifa_guided_threshold,SIFA,1,1,1,17,11,0.00027951231159286874,0.001245880001155894,0.0015253923127487626
sifa_guided_threshold,SIFA,1,1,2,18,12,0.00027951231159286874,0.0024691308183562837,0.0027486431299491524
sifa_guided_threshold,SIFA,1,1,3,19,13,0.00027951231159286874,0.001242055350346513,0.0015215676619393817
sifa_guided_threshold,SIFA,1,1,4,20,14,0.00027951231159286874,0.003666459002293091,0.00394597131388596
sifa_guided_threshold,SIFA,1,1,5,21,15,0.00027951231159286874,0.005986959640584816,0.006266471952177685
sifa_guided_threshold,SIFA,1,1,6,22,16,0.00027951231159286874,0.014046136337752362,0.01432564864934523
sifa_guided_threshold,SIFA,1,1,7,23,17,0.00027951231159286874,0.0032901558587700944,0.003569668170362963
sifa_guided_threshold,SIFA,1,1,8,24,18,0.00027951231159286874,0.0003672727180008465,0.0006467850295937153
sifa_guided_threshold,SIFA,1,1,9,25,19,0.00027951231159286874,0.0011878727972136145,0.0014673851088064832
sifa_guided_threshold,SIFA,1,1,10,26,1a,0.00027951231159286874,0.00017858994473804538,0.0004581022563309141
sifa_guided_threshold,SIFA,1,1,11,27,1b,0.00027951231159286874,0.0014509237806588256,0.0017304360922516943
sifa_guided_threshold,SIFA,1,1,12,28,1c,0.00027951231159286874,0.0006494469554929636,0.0009289592670858324
sifa_guided_threshold,SIFA,1,1,13,29,1d,0.00027951231159286874,0.005221604517507552,0.005501116829100421
sifa_guided_threshold,SIFA,1,1,14,30,1e,0.00027951231159286874,0.0033103415158196054,0.003589853827412474
sifa_guided_threshold,SIFA,1,1,15,31,1f,0.00027951231159286874,0.001409277582956676,0.0016887898945495447
sifa_guided_threshold,SIFA,1,2,0,32,20,0.0009540447462510801,0.0021289493769218867,0.003082994123172967
sifa_guided_threshold,SIFA,1,2,1,33,21,0.0009540447462510801,0.001245880001155894,0.002199924747406974
sifa_guided_threshold,SIFA,1,2,2,34,22,0.0009540447462510801,0.0024691308183562837,0.003423175564607364
sifa_guided_threshold,SIFA,1,2,3,35,23,0.0009540447462510801,0.001242055350346513,0.002196100096597593
sifa_guided_threshold,SIFA,1,2,4,36,24,0.0009540447462510801,0.003666459002293091,0.004620503748544171
sifa_guided_threshold,SIFA,1,2,5,37,25,0.0009540447462510801,0.005986959640584816,0.006941004386835896
sifa_guided_threshold,SIFA,1,2,6,38,26,0.0009540447462510801,0.014046136337752362,0.015000181084003441
sifa_guided_threshold,SIFA,1,2,7,39,27,0.0009540447462510801,0.0032901558587700944,0.004244200605021175
sifa_guided_threshold,SIFA,1,2,8,40,28,0.0009540447462510801,0.0003672727180008465,0.0013213174642519266
sifa_guided_threshold,SIFA,1,2,9,41,29,0.0009540447462510801,0.0011878727972136145,0.0021419175434646944
sifa_guided_threshold,SIFA,1,2,10,42,2a,0.0009540447462510801,0.00017858994473804538,0.0011326346909891255
sifa_guided_threshold,SIFA,1,2,11,43,2b,0.0009540447462510801,0.0014509237806588256,0.002404968526909906
sifa_guided_threshold,SIFA,1,2,12,44,2c,0.0009540447462510801,0.0006494469554929636,0.0016034917017440438
sifa_guided_threshold,SIFA,1,2,13,45,2d,0.0009540447462510801,0.005221604517507552,0.006175649263758632
sifa_guided_threshold,SIFA,1,2,14,46,2e,0.0009540447462510801,0.0033103415158196054,0.004264386262070686
sifa_guided_threshold,SIFA,1,2,15,47,2f,0.0009540447462510801,0.001409277582956676,0.002363322329207756
sifa_guided_threshold,SIFA,1,3,0,48,30,0.0005278283074569667,0.0021289493769218867,0.0026567776843788534
sifa_guided_threshold,SIFA,1,3,1,49,31,0.0005278283074569667,0.001245880001155894,0.0017737083086128607
sifa_guided_threshold,SIFA,1,3,2,50,32,0.0005278283074569667,0.0024691308183562837,0.0029969591258132504
sifa_guided_threshold,SIFA,1,3,3,51,33,0.0005278283074569667,0.001242055350346513,0.0017698836578034797
sifa_guided_threshold,SIFA,1,3,4,52,34,0.0005278283074569667,0.003666459002293091,0.004194287309750058
sifa_guided_threshold,SIFA,1,3,5,53,35,0.0005278283074569667,0.005986959640584816,0.006514787948041783
sifa_guided_threshold,SIFA,1,3,6,54,36,0.0005278283074569667,0.014046136337752362,0.014573964645209329
sifa_guided_threshold,SIFA,1,3,7,55,37,0.0005278283074569667,0.0032901558587700944,0.003817984166227061
sifa_guided_threshold,SIFA,1,3,8,56,38,0.0005278283074569667,0.0003672727180008465,0.0008951010254578133
sifa_guided_threshold,SIFA,1,3,9,57,39,0.0005278283074569667,0.0011878727972136145,0.0017157011046705813
sifa_guided_threshold,SIFA,1,3,10,58,3a,0.0005278283074569667,0.00017858994473804538,0.0007064182521950122
sifa_guided_threshold,SIFA,1,3,11,59,3b,0.0005278283074569667,0.0014509237806588256,0.0019787520881157923
sifa_guided_threshold,SIFA,1,3,12,60,3c,0.0005278283074569667,0.0006494469554929636,0.0011772752629499303
sifa_guided_threshold,SIFA,1,3,13,61,3d,0.0005278283074569667,0.005221604517507552,0.005749432824964519
sifa_guided_threshold,SIFA,1,3,14,62,3e,0.0005278283074569667,0.0033103415158196054,0.003838169823276572
sifa_guided_threshold,SIFA,1,3,15,63,3f,0.0005278283074569667,0.001409277582956676,0.0019371058904136427
sifa_guided_threshold,SIFA,1,4,0,64,40,0.0007058906252213131,0.0021289493769218867,0.0028348400021431996
sifa_guided_threshold,SIFA,1,4,1,65,41,0.0007058906252213131,0.001245880001155894,0.001951770626377207
sifa_guided_threshold,SIFA,1,4,2,66,42,0.0007058906252213131,0.0024691308183562837,0.0031750214435775966
sifa_guided_threshold,SIFA,1,4,3,67,43,0.0007058906252213131,0.001242055350346513,0.0019479459755678261
sifa_guided_threshold,SIFA,1,4,4,68,44,0.0007058906252213131,0.003666459002293091,0.004372349627514404
sifa_guided_threshold,SIFA,1,4,5,69,45,0.0007058906252213131,0.005986959640584816,0.006692850265806129
sifa_guided_threshold,SIFA,1,4,6,70,46,0.0007058906252213131,0.014046136337752362,0.014752026962973674
sifa_guided_threshold,SIFA,1,4,7,71,47,0.0007058906252213131,0.0032901558587700944,0.003996046483991407
sifa_guided_threshold,SIFA,1,4,8,72,48,0.0007058906252213131,0.0003672727180008465,0.0010731633432221597
sifa_guided_threshold,SIFA,1,4,9,73,49,0.0007058906252213131,0.0011878727972136145,0.0018937634224349277
sifa_guided_threshold,SIFA,1,4,10,74,4a,0.0007058906252213131,0.00017858994473804538,0.0008844805699593586
sifa_guided_threshold,SIFA,1,4,11,75,4b,0.0007058906252213131,0.0014509237806588256,0.0021568144058801385
sifa_guided_threshold,SIFA,1,4,12,76,4c,0.0007058906252213131,0.0006494469554929636,0.0013553375807142769
sifa_guided_threshold,SIFA,1,4,13,77,4d,0.0007058906252213131,0.005221604517507552,0.005927495142728865
sifa_guided_threshold,SIFA,1,4,14,78,4e,0.0007058906252213131,0.0033103415158196054,0.004016232141040918
sifa_guided_threshold,SIFA,1,4,15,79,4f,0.0007058906252213131,0.001409277582956676,0.0021151682081779893
sifa_guided_threshold,SIFA,1,5,0,80,50,0.001773131407967075,0.0021289493769218867,0.0039020807848889616
sifa_guided_threshold,SIFA,1,5,1,81,51,0.001773131407967075,0.001245880001155894,0.003019011409122969
sifa_guided_threshold,SIFA,1,5,2,82,52,0.001773131407967075,0.0024691308183562837,0.004242262226323359
sifa_guided_threshold,SIFA,1,5,3,83,53,0.001773131407967075,0.001242055350346513,0.0030151867583135877
sifa_guided_threshold,SIFA,1,5,4,84,54,0.001773131407967075,0.003666459002293091,0.0054395904102601655
sifa_guided_threshold,SIFA,1,5,5,85,55,0.001773131407967075,0.005986959640584816,0.007760091048551891
sifa_guided_threshold,SIFA,1,5,6,86,56,0.001773131407967075,0.014046136337752362,0.015819267745719436
sifa_guided_threshold,SIFA,1,5,7,87,57,0.001773131407967075,0.0032901558587700944,0.005063287266737169
sifa_guided_threshold,SIFA,1,5,8,88,58,0.001773131407967075,0.0003672727180008465,0.0021404041259679213
sifa_guided_threshold,SIFA,1,5,9,89,59,0.001773131407967075,0.0011878727972136145,0.0029610042051806894
sifa_guided_threshold,SIFA,1,5,10,90,5a,0.001773131407967075,0.00017858994473804538,0.0019517213527051203
sifa_guided_threshold,SIFA,1,5,11,91,5b,0.001773131407967075,0.0014509237806588256,0.0032240551886259005
sifa_guided_threshold,SIFA,1,5,12,92,5c,0.001773131407967075,0.0006494469554929636,0.0024225783634600384
sifa_guided_threshold,SIFA,1,5,13,93,5d,0.001773131407967075,0.005221604517507552,0.006994735925474627
sifa_guided_threshold,SIFA,1,5,14,94,5e,0.001773131407967075,0.0033103415158196054,0.00508347292378668
sifa_guided_threshold,SIFA,1,5,15,95,5f,0.001773131407967075,0.001409277582956676,0.003182408990923751
sifa_guided_threshold,SIFA,1,6,0,96,60,0.0028636821668565323,0.0021289493769218867,0.004992631543778419
sifa_guided_threshold,SIFA,1,6,1,97,61,0.0028636821668565323,0.001245880001155894,0.004109562168012426
sifa_guided_threshold,SIFA,1,6,2,98,62,0.0028636821668565323,0.0024691308183562837,0.005332812985212816
sifa_guided_threshold,SIFA,1,6,3,99,63,0.0028636821668565323,0.001242055350346513,0.004105737517203045
sifa_guided_threshold,SIFA,1,6,4,100,64,0.0028636821668565323,0.003666459002293091,0.006530141169149623
sifa_guided_threshold,SIFA,1,6,5,101,65,0.0028636821668565323,0.005986959640584816,0.00885064180744135
sifa_guided_threshold,SIFA,1,6,6,102,66,0.0028636821668565323,0.014046136337752362,0.016909818504608893
sifa_guided_threshold,SIFA,1,6,7,103,67,0.0028636821668565323,0.0032901558587700944,0.006153838025626627
sifa_guided_threshold,SIFA,1,6,8,104,68,0.0028636821668565323,0.0003672727180008465,0.0032309548848573786
sifa_guided_threshold,SIFA,1,6,9,105,69,0.0028636821668565323,0.0011878727972136145,0.004051554964070147
sifa_guided_threshold,SIFA,1,6,10,106,6a,0.0028636821668565323,0.00017858994473804538,0.0030422721115945777
sifa_guided_threshold,SIFA,1,6,11,107,6b,0.0028636821668565323,0.0014509237806588256,0.004314605947515358
sifa_guided_threshold,SIFA,1,6,12,108,6c,0.0028636821668565323,0.0006494469554929636,0.003513129122349496
sifa_guided_threshold,SIFA,1,6,13,109,6d,0.0028636821668565323,0.005221604517507552,0.008085286684364083
sifa_guided_threshold,SIFA,1,6,14,110,6e,0.0028636821668565323,0.0033103415158196054,0.006174023682676138
sifa_guided_threshold,SIFA,1,6,15,111,6f,0.0028636821668565323,0.001409277582956676,0.004272959749813208
sifa_guided_threshold,SIFA,1,7,0,112,70,0.00038133158238720855,0.0021289493769218867,0.0025102809593090954
sifa_guided_threshold,SIFA,1,7,1,113,71,0.00038133158238720855,0.001245880001155894,0.0016272115835431024
sifa_guided_threshold,SIFA,1,7,2,114,72,0.00038133158238720855,0.0024691308183562837,0.0028504624007434924
sifa_guided_threshold,SIFA,1,7,3,115,73,0.00038133158238720855,0.001242055350346513,0.0016233869327337215
sifa_guided_threshold,SIFA,1,7,4,116,74,0.00038133158238720855,0.003666459002293091,0.0040477905846803
sifa_guided_threshold,SIFA,1,7,5,117,75,0.00038133158238720855,0.005986959640584816,0.006368291222972024
sifa_guided_threshold,SIFA,1,7,6,118,76,0.00038133158238720855,0.014046136337752362,0.01442746792013957
sifa_guided_threshold,SIFA,1,7,7,119,77,0.00038133158238720855,0.0032901558587700944,0.003671487441157303
sifa_guided_threshold,SIFA,1,7,8,120,78,0.00038133158238720855,0.0003672727180008465,0.0007486043003880551
sifa_guided_threshold,SIFA,1,7,9,121,79,0.00038133158238720855,0.0011878727972136145,0.001569204379600823
sifa_guided_threshold,SIFA,1,7,10,122,7a,0.00038133158238720855,0.00017858994473804538,0.0005599215271252539
sifa_guided_threshold,SIFA,1,7,11,123,7b,0.00038133158238720855,0.0014509237806588256,0.001832255363046034
sifa_guided_threshold,SIFA,1,7,12,124,7c,0.00038133158238720855,0.0006494469554929636,0.0010307785378801722
sifa_guided_threshold,SIFA,1,7,13,125,7d,0.00038133158238720855,0.005221604517507552,0.00560293609989476
sifa_guided_threshold,SIFA,1,7,14,126,7e,0.00038133158238720855,0.0033103415158196054,0.003691673098206814
sifa_guided_threshold,SIFA,1,7,15,127,7f,0.00038133158238720855,0.001409277582956676,0.0017906091653438845
sifa_guided_threshold,SIFA,1,8,0,128,80,0.0010051971938997467,0.0021289493769218867,0.0031341465708216334
sifa_guided_threshold,SIFA,1,8,1,129,81,0.0010051971938997467,0.001245880001155894,0.0022510771950556407
sifa_guided_threshold,SIFA,1,8,2,130,82,0.0010051971938997467,0.0024691308183562837,0.0034743280122560304
sifa_guided_threshold,SIFA,1,8,3,131,83,0.0010051971938997467,0.001242055350346513,0.00224725254424626
sifa_guided_threshold,SIFA,1,8,4,132,84,0.0010051971938997467,0.003666459002293091,0.004671656196192838
sifa_guided_threshold,SIFA,1,8,5,133,85,0.0010051971938997467,0.005986959640584816,0.006992156834484562
sifa_guided_threshold,SIFA,1,8,6,134,86,0.0010051971938997467,0.014046136337752362,0.015051333531652108
sifa_guided_threshold,SIFA,1,8,7,135,87,0.0010051971938997467,0.0032901558587700944,0.004295353052669841
sifa_guided_threshold,SIFA,1,8,8,136,88,0.0010051971938997467,0.0003672727180008465,0.0013724699119005933
sifa_guided_threshold,SIFA,1,8,9,137,89,0.0010051971938997467,0.0011878727972136145,0.0021930699911133613
sifa_guided_threshold,SIFA,1,8,10,138,8a,0.0010051971938997467,0.00017858994473804538,0.0011837871386377922
sifa_guided_threshold,SIFA,1,8,11,139,8b,0.0010051971938997467,0.0014509237806588256,0.0024561209745585723
sifa_guided_threshold,SIFA,1,8,12,140,8c,0.0010051971938997467,0.0006494469554929636,0.0016546441493927103
sifa_guided_threshold,SIFA,1,8,13,141,8d,0.0010051971938997467,0.005221604517507552,0.006226801711407298
sifa_guided_threshold,SIFA,1,8,14,142,8e,0.0010051971938997467,0.0033103415158196054,0.004315538709719352
sifa_guided_threshold,SIFA,1,8,15,143,8f,0.0010051971938997467,0.001409277582956676,0.0024144747768564227
sifa_guided_threshold,SIFA,1,9,0,144,90,0.0013192343725023218,0.0021289493769218867,0.0034481837494242085
sifa_guided_threshold,SIFA,1,9,1,145,91,0.0013192343725023218,0.001245880001155894,0.0025651143736582158
sifa_guided_threshold,SIFA,1,9,2,146,92,0.0013192343725023218,0.0024691308183562837,0.0037883651908586055
sifa_guided_threshold,SIFA,1,9,3,147,93,0.0013192343725023218,0.001242055350346513,0.002561289722848835
sifa_guided_threshold,SIFA,1,9,4,148,94,0.0013192343725023218,0.003666459002293091,0.004985693374795413
sifa_guided_threshold,SIFA,1,9,5,149,95,0.0013192343725023218,0.005986959640584816,0.0073061940130871375
sifa_guided_threshold,SIFA,1,9,6,150,96,0.0013192343725023218,0.014046136337752362,0.015365370710254683
sifa_guided_threshold,SIFA,1,9,7,151,97,0.0013192343725023218,0.0032901558587700944,0.004609390231272416
sifa_guided_threshold,SIFA,1,9,8,152,98,0.0013192343725023218,0.0003672727180008465,0.0016865070905031684
sifa_guided_threshold,SIFA,1,9,9,153,99,0.0013192343725023218,0.0011878727972136145,0.0025071071697159364
sifa_guided_threshold,SIFA,1,9,10,154,9a,0.0013192343725023218,0.00017858994473804538,0.0014978243172403673
sifa_guided_threshold,SIFA,1,9,11,155,9b,0.0013192343725023218,0.0014509237806588256,0.0027701581531611474
sifa_guided_threshold,SIFA,1,9,12,156,9c,0.0013192343725023218,0.0006494469554929636,0.0019686813279952853
sifa_guided_threshold,SIFA,1,9,13,157,9d,0.0013192343725023218,0.005221604517507552,0.006540838890009873
sifa_guided_threshold,SIFA,1,9,14,158,9e,0.0013192343725023218,0.0033103415158196054,0.004629575888321927
sifa_guided_threshold,SIFA,1,9,15,159,9f,0.0013192343725023218,0.001409277582956676,0.002728511955458998
sifa_guided_threshold,SIFA,1,10,0,160,a0,0.0006963400099957706,0.0021289493769218867,0.0028252893869176576
sifa_guided_threshold,SIFA,1,10,1,161,a1,0.0006963400099957706,0.001245880001155894,0.0019422200111516646
sifa_guided_threshold,SIFA,1,10,2,162,a2,0.0006963400099957706,0.0024691308183562837,0.0031654708283520546
sifa_guided_threshold,SIFA,1,10,3,163,a3,0.0006963400099957706,0.001242055350346513,0.0019383953603422837
sifa_guided_threshold,SIFA,1,10,4,164,a4,0.0006963400099957706,0.003666459002293091,0.0043627990122888614
sifa_guided_threshold,SIFA,1,10,5,165,a5,0.0006963400099957706,0.005986959640584816,0.006683299650580587
sifa_guided_threshold,SIFA,1,10,6,166,a6,0.0006963400099957706,0.014046136337752362,0.014742476347748132
sifa_guided_threshold,SIFA,1,10,7,167,a7,0.0006963400099957706,0.0032901558587700944,0.003986495868765865
sifa_guided_threshold,SIFA,1,10,8,168,a8,0.0006963400099957706,0.0003672727180008465,0.0010636127279966172
sifa_guided_threshold,SIFA,1,10,9,169,a9,0.0006963400099957706,0.0011878727972136145,0.0018842128072093852
sifa_guided_threshold,SIFA,1,10,10,170,aa,0.0006963400099957706,0.00017858994473804538,0.0008749299547338161
sifa_guided_threshold,SIFA,1,10,11,171,ab,0.0006963400099957706,0.0014509237806588256,0.0021472637906545964
sifa_guided_threshold,SIFA,1,10,12,172,ac,0.0006963400099957706,0.0006494469554929636,0.0013457869654887344
sifa_guided_threshold,SIFA,1,10,13,173,ad,0.0006963400099957706,0.005221604517507552,0.005917944527503323
sifa_guided_threshold,SIFA,1,10,14,174,ae,0.0006963400099957706,0.0033103415158196054,0.004006681525815376
sifa_guided_threshold,SIFA,1,10,15,175,af,0.0006963400099957706,0.001409277582956676,0.0021056175929524464
sifa_guided_threshold,SIFA,1,11,0,176,b0,0.0011164052050852981,0.0021289493769218867,0.003245354582007185
sifa_guided_threshold,SIFA,1,11,1,177,b1,0.0011164052050852981,0.001245880001155894,0.002362285206241192
sifa_guided_threshold,SIFA,1,11,2,178,b2,0.0011164052050852981,0.0024691308183562837,0.003585536023441582
sifa_guided_threshold,SIFA,1,11,3,179,b3,0.0011164052050852981,0.001242055350346513,0.0023584605554318114
sifa_guided_threshold,SIFA,1,11,4,180,b4,0.0011164052050852981,0.003666459002293091,0.004782864207378389
sifa_guided_threshold,SIFA,1,11,5,181,b5,0.0011164052050852981,0.005986959640584816,0.007103364845670115
sifa_guided_threshold,SIFA,1,11,6,182,b6,0.0011164052050852981,0.014046136337752362,0.01516254154283766
sifa_guided_threshold,SIFA,1,11,7,183,b7,0.0011164052050852981,0.0032901558587700944,0.004406561063855393
sifa_guided_threshold,SIFA,1,11,8,184,b8,0.0011164052050852981,0.0003672727180008465,0.0014836779230861447
sifa_guided_threshold,SIFA,1,11,9,185,b9,0.0011164052050852981,0.0011878727972136145,0.0023042780022989127
sifa_guided_threshold,SIFA,1,11,10,186,ba,0.0011164052050852981,0.00017858994473804538,0.0012949951498233436
sifa_guided_threshold,SIFA,1,11,11,187,bb,0.0011164052050852981,0.0014509237806588256,0.0025673289857441237
sifa_guided_threshold,SIFA,1,11,12,188,bc,0.0011164052050852981,0.0006494469554929636,0.0017658521605782617
sifa_guided_threshold,SIFA,1,11,13,189,bd,0.0011164052050852981,0.005221604517507552,0.0063380097225928505
sifa_guided_threshold,SIFA,1,11,14,190,be,0.0011164052050852981,0.0033103415158196054,0.004426746720904904
sifa_guided_threshold,SIFA,1,11,15,191,bf,0.0011164052050852981,0.001409277582956676,0.002525682788041974
sifa_guided_threshold,SIFA,1,12,0,192,c0,0.002160983511024687,0.0021289493769218867,0.004289932887946574
sifa_guided_threshold,SIFA,1,12,1,193,c1,0.002160983511024687,0.001245880001155894,0.003406863512180581
sifa_guided_threshold,SIFA,1,12,2,194,c2,0.002160983511024687,0.0024691308183562837,0.004630114329380971
sifa_guided_threshold,SIFA,1,12,3,195,c3,0.002160983511024687,0.001242055350346513,0.0034030388613712
sifa_guided_threshold,SIFA,1,12,4,196,c4,0.002160983511024687,0.003666459002293091,0.0058274425133177776
sifa_guided_threshold,SIFA,1,12,5,197,c5,0.002160983511024687,0.005986959640584816,0.008147943151609504
sifa_guided_threshold,SIFA,1,12,6,198,c6,0.002160983511024687,0.014046136337752362,0.016207119848777048
sifa_guided_threshold,SIFA,1,12,7,199,c7,0.002160983511024687,0.0032901558587700944,0.005451139369794781
sifa_guided_threshold,SIFA,1,12,8,200,c8,0.002160983511024687,0.0003672727180008465,0.0025282562290255333
sifa_guided_threshold,SIFA,1,12,9,201,c9,0.002160983511024687,0.0011878727972136145,0.0033488563082383015
sifa_guided_threshold,SIFA,1,12,10,202,ca,0.002160983511024687,0.00017858994473804538,0.0023395734557627324
sifa_guided_threshold,SIFA,1,12,11,203,cb,0.002160983511024687,0.0014509237806588256,0.0036119072916835126
sifa_guided_threshold,SIFA,1,12,12,204,cc,0.002160983511024687,0.0006494469554929636,0.0028104304665176505
sifa_guided_threshold,SIFA,1,12,13,205,cd,0.002160983511024687,0.005221604517507552,0.007382588028532239
sifa_guided_threshold,SIFA,1,12,14,206,ce,0.002160983511024687,0.0033103415158196054,0.005471325026844292
sifa_guided_threshold,SIFA,1,12,15,207,cf,0.002160983511024687,0.001409277582956676,0.003570261093981363
sifa_guided_threshold,SIFA,1,13,0,208,d0,0.008128823028313931,0.0021289493769218867,0.010257772405235819
sifa_guided_threshold,SIFA,1,13,1,209,d1,0.008128823028313931,0.001245880001155894,0.009374703029469826
sifa_guided_threshold,SIFA,1,13,2,210,d2,0.008128823028313931,0.0024691308183562837,0.010597953846670215
sifa_guided_threshold,SIFA,1,13,3,211,d3,0.008128823028313931,0.001242055350346513,0.009370878378660444
sifa_guided_threshold,SIFA,1,13,4,212,d4,0.008128823028313931,0.003666459002293091,0.011795282030607023
sifa_guided_threshold,SIFA,1,13,5,213,d5,0.008128823028313931,0.005986959640584816,0.014115782668898747
sifa_guided_threshold,SIFA,1,13,6,214,d6,0.008128823028313931,0.014046136337752362,0.022174959366066293
sifa_guided_threshold,SIFA,1,13,7,215,d7,0.008128823028313931,0.0032901558587700944,0.011418978887084026
sifa_guided_threshold,SIFA,1,13,8,216,d8,0.008128823028313931,0.0003672727180008465,0.008496095746314778
sifa_guided_threshold,SIFA,1,13,9,217,d9,0.008128823028313931,0.0011878727972136145,0.009316695825527545
sifa_guided_threshold,SIFA,1,13,10,218,da,0.008128823028313931,0.00017858994473804538,0.008307412973051976
sifa_guided_threshold,SIFA,1,13,11,219,db,0.008128823028313931,0.0014509237806588256,0.009579746808972757
sifa_guided_threshold,SIFA,1,13,12,220,dc,0.008128823028313931,0.0006494469554929636,0.008778269983806895
sifa_guided_threshold,SIFA,1,13,13,221,dd,0.008128823028313931,0.005221604517507552,0.013350427545821483
sifa_guided_threshold,SIFA,1,13,14,222,de,0.008128823028313931,0.0033103415158196054,0.011439164544133537
sifa_guided_threshold,SIFA,1,13,15,223,df,0.008128823028313931,0.001409277582956676,0.009538100611270608
sifa_guided_threshold,SIFA,1,14,0,224,e0,0.0033428316764769557,0.0021289493769218867,0.005471781053398843
sifa_guided_threshold,SIFA,1,14,1,225,e1,0.0033428316764769557,0.001245880001155894,0.00458871167763285
sifa_guided_threshold,SIFA,1,14,2,226,e2,0.0033428316764769557,0.0024691308183562837,0.005811962494833239
sifa_guided_threshold,SIFA,1,14,3,227,e3,0.0033428316764769557,0.001242055350346513,0.004584887026823469
sifa_guided_threshold,SIFA,1,14,4,228,e4,0.0033428316764769557,0.003666459002293091,0.007009290678770047
sifa_guided_threshold,SIFA,1,14,5,229,e5,0.0033428316764769557,0.005986959640584816,0.009329791317061771
sifa_guided_threshold,SIFA,1,14,6,230,e6,0.0033428316764769557,0.014046136337752362,0.017388968014229317
sifa_guided_threshold,SIFA,1,14,7,231,e7,0.0033428316764769557,0.0032901558587700944,0.00663298753524705
sifa_guided_threshold,SIFA,1,14,8,232,e8,0.0033428316764769557,0.0003672727180008465,0.003710104394477802
sifa_guided_threshold,SIFA,1,14,9,233,e9,0.0033428316764769557,0.0011878727972136145,0.00453070447369057
sifa_guided_threshold,SIFA,1,14,10,234,ea,0.0033428316764769557,0.00017858994473804538,0.003521421621215001
sifa_guided_threshold,SIFA,1,14,11,235,eb,0.0033428316764769557,0.0014509237806588256,0.004793755457135781
sifa_guided_threshold,SIFA,1,14,12,236,ec,0.0033428316764769557,0.0006494469554929636,0.003992278631969919
sifa_guided_threshold,SIFA,1,14,13,237,ed,0.0033428316764769557,0.005221604517507552,0.008564436193984507
sifa_guided_threshold,SIFA,1,14,14,238,ee,0.0033428316764769557,0.0033103415158196054,0.006653173192296561
sifa_guided_threshold,SIFA,1,14,15,239,ef,0.0033428316764769557,0.001409277582956676,0.004752109259433632
sifa_guided_threshold,SIFA,1,15,0,240,f0,0.0023672120499626677,0.0021289493769218867,0.004496161426884554
sifa_guided_threshold,SIFA,1,15,1,241,f1,0.0023672120499626677,0.001245880001155894,0.0036130920511185617
sifa_guided_threshold,SIFA,1,15,2,242,f2,0.0023672120499626677,0.0024691308183562837,0.004836342868318952
sifa_guided_threshold,SIFA,1,15,3,243,f3,0.0023672120499626677,0.001242055350346513,0.003609267400309181
sifa_guided_threshold,SIFA,1,15,4,244,f4,0.0023672120499626677,0.003666459002293091,0.006033671052255759
sifa_guided_threshold,SIFA,1,15,5,245,f5,0.0023672120499626677,0.005986959640584816,0.008354171690547484
sifa_guided_threshold,SIFA,1,15,6,246,f6,0.0023672120499626677,0.014046136337752362,0.016413348387715028
sifa_guided_threshold,SIFA,1,15,7,247,f7,0.0023672120499626677,0.0032901558587700944,0.005657367908732763
sifa_guided_threshold,SIFA,1,15,8,248,f8,0.0023672120499626677,0.0003672727180008465,0.002734484767963514
sifa_guided_threshold,SIFA,1,15,9,249,f9,0.0023672120499626677,0.0011878727972136145,0.0035550848471762823
sifa_guided_threshold,SIFA,1,15,10,250,fa,0.0023672120499626677,0.00017858994473804538,0.002545801994700713
sifa_guided_threshold,SIFA,1,15,11,251,fb,0.0023672120499626677,0.0014509237806588256,0.0038181358306214933
sifa_guided_threshold,SIFA,1,15,12,252,fc,0.0023672120499626677,0.0006494469554929636,0.0030166590054556313
sifa_guided_threshold,SIFA,1,15,13,253,fd,0.0023672120499626677,0.005221604517507552,0.00758881656747022
sifa_guided_threshold,SIFA,1,15,14,254,fe,0.0023672120499626677,0.0033103415158196054,0.005677553565782274
sifa_guided_threshold,SIFA,1,15,15,255,ff,0.0023672120499626677,0.001409277582956676,0.0037764896329193437
sifa_guided_budget,SIFA,0,0,0,0,00,0.0016384307189596147,0.00667515237380821,0.008313583092767824
sifa_guided_budget,SIFA,0,0,1,1,01,0.0016384307189596147,0.001705730692036304,0.0033441614109959187
sifa_guided_budget,SIFA,0,0,2,2,02,0.0016384307189596147,0.001864948943366845,0.0035033796623264598
sifa_guided_budget,SIFA,0,0,3,3,03,0.0016384307189596147,0.004452569141820098,0.006090999860779713
sifa_guided_budget,SIFA,0,0,4,4,04,0.0016384307189596147,0.001813170650251222,0.0034516013692108367
sifa_guided_budget,SIFA,0,0,5,5,05,0.0016384307189596147,0.0004203345654409666,0.0020587652844005814
sifa_guided_budget,SIFA,0,0,6,6,06,0.0016384307189596147,0.0022882364895870618,0.0039266672085466765
sifa_guided_budget,SIFA,0,0,7,7,07,0.0016384307189596147,0.0010131960216148486,0.0026516267405744635
sifa_guided_budget,SIFA,0,0,8,8,08,0.0016384307189596147,0.006145719326700966,0.0077841500456605804
sifa_guided_budget,SIFA,0,0,9,9,09,0.0016384307189596147,0.002048761883927306,0.0036871926028869207
sifa_guided_budget,SIFA,0,0,10,10,0a,0.0016384307189596147,0.002109601378338163,0.0037480320972977776
sifa_guided_budget,SIFA,0,0,11,11,0b,0.0016384307189596147,0.012104106406981268,0.013742537125940882
sifa_guided_budget,SIFA,0,0,12,12,0c,0.0016384307189596147,0.00133422143893171,0.0029726521578913247
sifa_guided_budget,SIFA,0,0,13,13,0d,0.0016384307189596147,0.0019426163830402793,0.003581047101999894
sifa_guided_budget,SIFA,0,0,14,14,0e,0.0016384307189596147,0.0010326128815332071,0.002671043600492822
sifa_guided_budget,SIFA,0,0,15,15,0f,0.0016384307189596147,0.0016578357709043532,0.003296266489863968
sifa_guided_budget,SIFA,0,1,0,16,10,0.0008677063406704378,0.00667515237380821,0.007542858714478648
sifa_guided_budget,SIFA,0,1,1,17,11,0.0008677063406704378,0.001705730692036304,0.002573437032706742
sifa_guided_budget,SIFA,0,1,2,18,12,0.0008677063406704378,0.001864948943366845,0.002732655284037283
sifa_guided_budget,SIFA,0,1,3,19,13,0.0008677063406704378,0.004452569141820098,0.005320275482490536
sifa_guided_budget,SIFA,0,1,4,20,14,0.0008677063406704378,0.001813170650251222,0.00268087699092166
sifa_guided_budget,SIFA,0,1,5,21,15,0.0008677063406704378,0.0004203345654409666,0.0012880409061114045
sifa_guided_budget,SIFA,0,1,6,22,16,0.0008677063406704378,0.0022882364895870618,0.0031559428302574996
sifa_guided_budget,SIFA,0,1,7,23,17,0.0008677063406704378,0.0010131960216148486,0.0018809023622852865
sifa_guided_budget,SIFA,0,1,8,24,18,0.0008677063406704378,0.006145719326700966,0.007013425667371403
sifa_guided_budget,SIFA,0,1,9,25,19,0.0008677063406704378,0.002048761883927306,0.002916468224597744
sifa_guided_budget,SIFA,0,1,10,26,1a,0.0008677063406704378,0.002109601378338163,0.0029773077190086007
sifa_guided_budget,SIFA,0,1,11,27,1b,0.0008677063406704378,0.012104106406981268,0.012971812747651705
sifa_guided_budget,SIFA,0,1,12,28,1c,0.0008677063406704378,0.00133422143893171,0.002201927779602148
sifa_guided_budget,SIFA,0,1,13,29,1d,0.0008677063406704378,0.0019426163830402793,0.002810322723710717
sifa_guided_budget,SIFA,0,1,14,30,1e,0.0008677063406704378,0.0010326128815332071,0.001900319222203645
sifa_guided_budget,SIFA,0,1,15,31,1f,0.0008677063406704378,0.0016578357709043532,0.002525542111574791
sifa_guided_budget,SIFA,0,2,0,32,20,0.0013007898128915194,0.00667515237380821,0.00797594218669973
sifa_guided_budget,SIFA,0,2,1,33,21,0.0013007898128915194,0.001705730692036304,0.0030065205049278234
sifa_guided_budget,SIFA,0,2,2,34,22,0.0013007898128915194,0.001864948943366845,0.0031657387562583645
sifa_guided_budget,SIFA,0,2,3,35,23,0.0013007898128915194,0.004452569141820098,0.005753358954711617
sifa_guided_budget,SIFA,0,2,4,36,24,0.0013007898128915194,0.001813170650251222,0.0031139604631427414
sifa_guided_budget,SIFA,0,2,5,37,25,0.0013007898128915194,0.0004203345654409666,0.001721124378332486
sifa_guided_budget,SIFA,0,2,6,38,26,0.0013007898128915194,0.0022882364895870618,0.003589026302478581
sifa_guided_budget,SIFA,0,2,7,39,27,0.0013007898128915194,0.0010131960216148486,0.002313985834506368
sifa_guided_budget,SIFA,0,2,8,40,28,0.0013007898128915194,0.006145719326700966,0.007446509139592486
sifa_guided_budget,SIFA,0,2,9,41,29,0.0013007898128915194,0.002048761883927306,0.0033495516968188254
sifa_guided_budget,SIFA,0,2,10,42,2a,0.0013007898128915194,0.002109601378338163,0.0034103911912296823
sifa_guided_budget,SIFA,0,2,11,43,2b,0.0013007898128915194,0.012104106406981268,0.013404896219872788
sifa_guided_budget,SIFA,0,2,12,44,2c,0.0013007898128915194,0.00133422143893171,0.0026350112518232294
sifa_guided_budget,SIFA,0,2,13,45,2d,0.0013007898128915194,0.0019426163830402793,0.0032434061959317985
sifa_guided_budget,SIFA,0,2,14,46,2e,0.0013007898128915194,0.0010326128815332071,0.0023334026944247265
sifa_guided_budget,SIFA,0,2,15,47,2f,0.0013007898128915194,0.0016578357709043532,0.0029586255837958726
sifa_guided_budget,SIFA,0,3,0,48,30,0.001129403699477016,0.00667515237380821,0.007804556073285226
sifa_guided_budget,SIFA,0,3,1,49,31,0.001129403699477016,0.001705730692036304,0.00283513439151332
sifa_guided_budget,SIFA,0,3,2,50,32,0.001129403699477016,0.001864948943366845,0.002994352642843861
sifa_guided_budget,SIFA,0,3,3,51,33,0.001129403699477016,0.004452569141820098,0.005581972841297115
sifa_guided_budget,SIFA,0,3,4,52,34,0.001129403699477016,0.001813170650251222,0.002942574349728238
sifa_guided_budget,SIFA,0,3,5,53,35,0.001129403699477016,0.0004203345654409666,0.0015497382649179827
sifa_guided_budget,SIFA,0,3,6,54,36,0.001129403699477016,0.0022882364895870618,0.0034176401890640778
sifa_guided_budget,SIFA,0,3,7,55,37,0.001129403699477016,0.0010131960216148486,0.0021425997210918644
sifa_guided_budget,SIFA,0,3,8,56,38,0.001129403699477016,0.006145719326700966,0.007275123026177981
sifa_guided_budget,SIFA,0,3,9,57,39,0.001129403699477016,0.002048761883927306,0.003178165583404322
sifa_guided_budget,SIFA,0,3,10,58,3a,0.001129403699477016,0.002109601378338163,0.003239005077815179
sifa_guided_budget,SIFA,0,3,11,59,3b,0.001129403699477016,0.012104106406981268,0.013233510106458284
sifa_guided_budget,SIFA,0,3,12,60,3c,0.001129403699477016,0.00133422143893171,0.002463625138408726
sifa_guided_budget,SIFA,0,3,13,61,3d,0.001129403699477016,0.0019426163830402793,0.003072020082517295
sifa_guided_budget,SIFA,0,3,14,62,3e,0.001129403699477016,0.0010326128815332071,0.002162016581010223
sifa_guided_budget,SIFA,0,3,15,63,3f,0.001129403699477016,0.0016578357709043532,0.0027872394703813692
sifa_guided_budget,SIFA,0,4,0,64,40,0.009381593747177773,0.00667515237380821,0.016056746120985982
sifa_guided_budget,SIFA,0,4,1,65,41,0.009381593747177773,0.001705730692036304,0.011087324439214077
sifa_guided_budget,SIFA,0,4,2,66,42,0.009381593747177773,0.001864948943366845,0.011246542690544618
sifa_guided_budget,SIFA,0,4,3,67,43,0.009381593747177773,0.004452569141820098,0.013834162888997872
sifa_guided_budget,SIFA,0,4,4,68,44,0.009381593747177773,0.001813170650251222,0.011194764397428995
sifa_guided_budget,SIFA,0,4,5,69,45,0.009381593747177773,0.0004203345654409666,0.00980192831261874
sifa_guided_budget,SIFA,0,4,6,70,46,0.009381593747177773,0.0022882364895870618,0.011669830236764836
sifa_guided_budget,SIFA,0,4,7,71,47,0.009381593747177773,0.0010131960216148486,0.010394789768792621
sifa_guided_budget,SIFA,0,4,8,72,48,0.009381593747177773,0.006145719326700966,0.015527313073878739
sifa_guided_budget,SIFA,0,4,9,73,49,0.009381593747177773,0.002048761883927306,0.01143035563110508
sifa_guided_budget,SIFA,0,4,10,74,4a,0.009381593747177773,0.002109601378338163,0.011491195125515937
sifa_guided_budget,SIFA,0,4,11,75,4b,0.009381593747177773,0.012104106406981268,0.021485700154159043
sifa_guided_budget,SIFA,0,4,12,76,4c,0.009381593747177773,0.00133422143893171,0.010715815186109484
sifa_guided_budget,SIFA,0,4,13,77,4d,0.009381593747177773,0.0019426163830402793,0.011324210130218053
sifa_guided_budget,SIFA,0,4,14,78,4e,0.009381593747177773,0.0010326128815332071,0.010414206628710981
sifa_guided_budget,SIFA,0,4,15,79,4f,0.009381593747177773,0.0016578357709043532,0.011039429518082126
sifa_guided_budget,SIFA,0,5,0,80,50,0.003570886117519561,0.00667515237380821,0.01024603849132777
sifa_guided_budget,SIFA,0,5,1,81,51,0.003570886117519561,0.001705730692036304,0.005276616809555865
sifa_guided_budget,SIFA,0,5,2,82,52,0.003570886117519561,0.001864948943366845,0.005435835060886406
sifa_guided_budget,SIFA,0,5,3,83,53,0.003570886117519561,0.004452569141820098,0.00802345525933966
sifa_guided_budget,SIFA,0,5,4,84,54,0.003570886117519561,0.001813170650251222,0.005384056767770783
sifa_guided_budget,SIFA,0,5,5,85,55,0.003570886117519561,0.0004203345654409666,0.003991220682960528
sifa_guided_budget,SIFA,0,5,6,86,56,0.003570886117519561,0.0022882364895870618,0.005859122607106623
sifa_guided_budget,SIFA,0,5,7,87,57,0.003570886117519561,0.0010131960216148486,0.0045840821391344095
sifa_guided_budget,SIFA,0,5,8,88,58,0.003570886117519561,0.006145719326700966,0.009716605444220526
sifa_guided_budget,SIFA,0,5,9,89,59,0.003570886117519561,0.002048761883927306,0.005619648001446867
sifa_guided_budget,SIFA,0,5,10,90,5a,0.003570886117519561,0.002109601378338163,0.005680487495857724
sifa_guided_budget,SIFA,0,5,11,91,5b,0.003570886117519561,0.012104106406981268,0.01567499252450083
sifa_guided_budget,SIFA,0,5,12,92,5c,0.003570886117519561,0.00133422143893171,0.004905107556451271
sifa_guided_budget,SIFA,0,5,13,93,5d,0.003570886117519561,0.0019426163830402793,0.00551350250055984
sifa_guided_budget,SIFA,0,5,14,94,5e,0.003570886117519561,0.0010326128815332071,0.004603498999052769
sifa_guided_budget,SIFA,0,5,15,95,5f,0.003570886117519561,0.0016578357709043532,0.005228721888423915
sifa_guided_budget,SIFA,0,6,0,96,60,0.0034200252871487103,0.00667515237380821,0.010095177660956921
sifa_guided_budget,SIFA,0,6,1,97,61,0.0034200252871487103,0.001705730692036304,0.005125755979185014
sifa_guided_budget,SIFA,0,6,2,98,62,0.0034200252871487103,0.001864948943366845,0.005284974230515556
sifa_guided_budget,SIFA,0,6,3,99,63,0.0034200252871487103,0.004452569141820098,0.007872594428968809
sifa_guided_budget,SIFA,0,6,4,100,64,0.0034200252871487103,0.001813170650251222,0.005233195937399932
sifa_guided_budget,SIFA,0,6,5,101,65,0.0034200252871487103,0.0004203345654409666,0.003840359852589677
sifa_guided_budget,SIFA,0,6,6,102,66,0.0034200252871487103,0.0022882364895870618,0.005708261776735772
sifa_guided_budget,SIFA,0,6,7,103,67,0.0034200252871487103,0.0010131960216148486,0.004433221308763559
sifa_guided_budget,SIFA,0,6,8,104,68,0.0034200252871487103,0.006145719326700966,0.009565744613849677
sifa_guided_budget,SIFA,0,6,9,105,69,0.0034200252871487103,0.002048761883927306,0.005468787171076016
sifa_guided_budget,SIFA,0,6,10,106,6a,0.0034200252871487103,0.002109601378338163,0.005529626665486873
sifa_guided_budget,SIFA,0,6,11,107,6b,0.0034200252871487103,0.012104106406981268,0.01552413169412998
sifa_guided_budget,SIFA,0,6,12,108,6c,0.0034200252871487103,0.00133422143893171,0.00475424672608042
sifa_guided_budget,SIFA,0,6,13,109,6d,0.0034200252871487103,0.0019426163830402793,0.00536264167018899
sifa_guided_budget,SIFA,0,6,14,110,6e,0.0034200252871487103,0.0010326128815332071,0.0044526381686819175
sifa_guided_budget,SIFA,0,6,15,111,6f,0.0034200252871487103,0.0016578357709043532,0.005077861058053064
sifa_guided_budget,SIFA,0,7,0,112,70,0.006230962799977012,0.00667515237380821,0.012906115173785222
sifa_guided_budget,SIFA,0,7,1,113,71,0.006230962799977012,0.001705730692036304,0.007936693492013317
sifa_guided_budget,SIFA,0,7,2,114,72,0.006230962799977012,0.001864948943366845,0.008095911743343858
sifa_guided_budget,SIFA,0,7,3,115,73,0.006230962799977012,0.004452569141820098,0.01068353194179711
sifa_guided_budget,SIFA,0,7,4,116,74,0.006230962799977012,0.001813170650251222,0.008044133450228235
sifa_guided_budget,SIFA,0,7,5,117,75,0.006230962799977012,0.0004203345654409666,0.0066512973654179785
sifa_guided_budget,SIFA,0,7,6,118,76,0.006230962799977012,0.0022882364895870618,0.008519199289564074
sifa_guided_budget,SIFA,0,7,7,119,77,0.006230962799977012,0.0010131960216148486,0.007244158821591861
sifa_guided_budget,SIFA,0,7,8,120,78,0.006230962799977012,0.006145719326700966,0.012376682126677977
sifa_guided_budget,SIFA,0,7,9,121,79,0.006230962799977012,0.002048761883927306,0.008279724683904317
sifa_guided_budget,SIFA,0,7,10,122,7a,0.006230962799977012,0.002109601378338163,0.008340564178315175
sifa_guided_budget,SIFA,0,7,11,123,7b,0.006230962799977012,0.012104106406981268,0.01833506920695828
sifa_guided_budget,SIFA,0,7,12,124,7c,0.006230962799977012,0.00133422143893171,0.007565184238908722
sifa_guided_budget,SIFA,0,7,13,125,7d,0.006230962799977012,0.0019426163830402793,0.00817357918301729
sifa_guided_budget,SIFA,0,7,14,126,7e,0.006230962799977012,0.0010326128815332071,0.007263575681510219
sifa_guided_budget,SIFA,0,7,15,127,7f,0.006230962799977012,0.0016578357709043532,0.007888798570881365
sifa_guided_budget,SIFA,0,8,0,128,80,0.0007671324537565372,0.00667515237380821,0.007442284827564747
sifa_guided_budget,SIFA,0,8,1,129,81,0.0007671324537565372,0.001705730692036304,0.0024728631457928414
sifa_guided_budget,SIFA,0,8,2,130,82,0.0007671324537565372,0.001864948943366845,0.0026320813971233824
sifa_guided_budget,SIFA,0,8,3,131,83,0.0007671324537565372,0.004452569141820098,0.005219701595576635
sifa_guided_budget,SIFA,0,8,4,132,84,0.0007671324537565372,0.001813170650251222,0.0025803031040077594
sifa_guided_budget,SIFA,0,8,5,133,85,0.0007671324537565372,0.0004203345654409666,0.0011874670191975038
sifa_guided_budget,SIFA,0,8,6,134,86,0.0007671324537565372,0.0022882364895870618,0.003055368943343599
sifa_guided_budget,SIFA,0,8,7,135,87,0.0007671324537565372,0.0010131960216148486,0.0017803284753713858
sifa_guided_budget,SIFA,0,8,8,136,88,0.0007671324537565372,0.006145719326700966,0.006912851780457503
sifa_guided_budget,SIFA,0,8,9,137,89,0.0007671324537565372,0.002048761883927306,0.0028158943376838433
sifa_guided_budget,SIFA,0,8,10,138,8a,0.0007671324537565372,0.002109601378338163,0.0028767338320947002
sifa_guided_budget,SIFA,0,8,11,139,8b,0.0007671324537565372,0.012104106406981268,0.012871238860737806
sifa_guided_budget,SIFA,0,8,12,140,8c,0.0007671324537565372,0.00133422143893171,0.0021013538926882474
sifa_guided_budget,SIFA,0,8,13,141,8d,0.0007671324537565372,0.0019426163830402793,0.0027097488367968164
sifa_guided_budget,SIFA,0,8,14,142,8e,0.0007671324537565372,0.0010326128815332071,0.0017997453352897445
sifa_guided_budget,SIFA,0,8,15,143,8f,0.0007671324537565372,0.0016578357709043532,0.0024249682246608906
sifa_guided_budget,SIFA,0,9,0,144,90,0.0009498074728450504,0.00667515237380821,0.00762495984665326
sifa_guided_budget,SIFA,0,9,1,145,91,0.0009498074728450504,0.001705730692036304,0.0026555381648813545
sifa_guided_budget,SIFA,0,9,2,146,92,0.0009498074728450504,0.001864948943366845,0.0028147564162118955
sifa_guided_budget,SIFA,0,9,3,147,93,0.0009498074728450504,0.004452569141820098,0.005402376614665149
sifa_guided_budget,SIFA,0,9,4,148,94,0.0009498074728450504,0.001813170650251222,0.0027629781230962725
sifa_guided_budget,SIFA,0,9,5,149,95,0.0009498074728450504,0.0004203345654409666,0.0013701420382860171
sifa_guided_budget,SIFA,0,9,6,150,96,0.0009498074728450504,0.0022882364895870618,0.003238043962432112
sifa_guided_budget,SIFA,0,9,7,151,97,0.0009498074728450504,0.0010131960216148486,0.001963003494459899
sifa_guided_budget,SIFA,0,9,8,152,98,0.0009498074728450504,0.006145719326700966,0.007095526799546016
sifa_guided_budget,SIFA,0,9,9,153,99,0.0009498074728450504,0.002048761883927306,0.0029985693567723564
sifa_guided_budget,SIFA,0,9,10,154,9a,0.0009498074728450504,0.002109601378338163,0.0030594088511832133
sifa_guided_budget,SIFA,0,9,11,155,9b,0.0009498074728450504,0.012104106406981268,0.013053913879826318
sifa_guided_budget,SIFA,0,9,12,156,9c,0.0009498074728450504,0.00133422143893171,0.0022840289117767604
sifa_guided_budget,SIFA,0,9,13,157,9d,0.0009498074728450504,0.0019426163830402793,0.0028924238558853295
sifa_guided_budget,SIFA,0,9,14,158,9e,0.0009498074728450504,0.0010326128815332071,0.0019824203543782576
sifa_guided_budget,SIFA,0,9,15,159,9f,0.0009498074728450504,0.0016578357709043532,0.0026076432437494037
sifa_guided_budget,SIFA,0,10,0,160,a0,0.0006357706422771568,0.00667515237380821,0.007310923016085367
sifa_guided_budget,SIFA,0,10,1,161,a1,0.0006357706422771568,0.001705730692036304,0.0023415013343134608
sifa_guided_budget,SIFA,0,10,2,162,a2,0.0006357706422771568,0.001864948943366845,0.002500719585644002
sifa_guided_budget,SIFA,0,10,3,163,a3,0.0006357706422771568,0.004452569141820098,0.005088339784097255
sifa_guided_budget,SIFA,0,10,4,164,a4,0.0006357706422771568,0.001813170650251222,0.0024489412925283787
sifa_guided_budget,SIFA,0,10,5,165,a5,0.0006357706422771568,0.0004203345654409666,0.0010561052077181234
sifa_guided_budget,SIFA,0,10,6,166,a6,0.0006357706422771568,0.0022882364895870618,0.0029240071318642185
sifa_guided_budget,SIFA,0,10,7,167,a7,0.0006357706422771568,0.0010131960216148486,0.0016489666638920056
sifa_guided_budget,SIFA,0,10,8,168,a8,0.0006357706422771568,0.006145719326700966,0.0067814899689781225
sifa_guided_budget,SIFA,0,10,9,169,a9,0.0006357706422771568,0.002048761883927306,0.0026845325262044627
sifa_guided_budget,SIFA,0,10,10,170,aa,0.0006357706422771568,0.002109601378338163,0.0027453720206153196
sifa_guided_budget,SIFA,0,10,11,171,ab,0.0006357706422771568,0.012104106406981268,0.012739877049258426
sifa_guided_budget,SIFA,0,10,12,172,ac,0.0006357706422771568,0.00133422143893171,0.0019699920812088667
sifa_guided_budget,SIFA,0,10,13,173,ad,0.0006357706422771568,0.0019426163830402793,0.002578387025317436
sifa_guided_budget,SIFA,0,10,14,174,ae,0.0006357706422771568,0.0010326128815332071,0.0016683835238103639
sifa_guided_budget,SIFA,0,10,15,175,af,0.0006357706422771568,0.0016578357709043532,0.00229360641318151
sifa_guided_budget,SIFA,0,11,0,176,b0,0.0013110524544133468,0.00667515237380821,0.007986204828221558
sifa_guided_budget,SIFA,0,11,1,177,b1,0.0013110524544133468,0.001705730692036304,0.003016783146449651
sifa_guided_budget,SIFA,0,11,2,178,b2,0.0013110524544133468,0.001864948943366845,0.003176001397780192
sifa_guided_budget,SIFA,0,11,3,179,b3,0.0013110524544133468,0.004452569141820098,0.005763621596233445
sifa_guided_budget,SIFA,0,11,4,180,b4,0.0013110524544133468,0.001813170650251222,0.003124223104664569
sifa_guided_budget,SIFA,0,11,5,181,b5,0.0013110524544133468,0.0004203345654409666,0.0017313870198543135
sifa_guided_budget,SIFA,0,11,6,182,b6,0.0013110524544133468,0.0022882364895870618,0.0035992889440004086
sifa_guided_budget,SIFA,0,11,7,183,b7,0.0013110524544133468,0.0010131960216148486,0.0023242484760281953
sifa_guided_budget,SIFA,0,11,8,184,b8,0.0013110524544133468,0.006145719326700966,0.007456771781114313
sifa_guided_budget,SIFA,0,11,9,185,b9,0.0013110524544133468,0.002048761883927306,0.003359814338340653
sifa_guided_budget,SIFA,0,11,10,186,ba,0.0013110524544133468,0.002109601378338163,0.0034206538327515097
sifa_guided_budget,SIFA,0,11,11,187,bb,0.0013110524544133468,0.012104106406981268,0.013415158861394615
sifa_guided_budget,SIFA,0,11,12,188,bc,0.0013110524544133468,0.00133422143893171,0.002645273893345057
sifa_guided_budget,SIFA,0,11,13,189,bd,0.0013110524544133468,0.0019426163830402793,0.003253668837453626
sifa_guided_budget,SIFA,0,11,14,190,be,0.0013110524544133468,0.0010326128815332071,0.002343665335946554
sifa_guided_budget,SIFA,0,11,15,191,bf,0.0013110524544133468,0.0016578357709043532,0.0029688882253177
sifa_guided_budget,SIFA,0,12,0,192,c0,0.003515467853301696,0.00667515237380821,0.010190620227109906
sifa_guided_budget,SIFA,0,12,1,193,c1,0.003515467853301696,0.001705730692036304,0.005221198545338
sifa_guided_budget,SIFA,0,12,2,194,c2,0.003515467853301696,0.001864948943366845,0.005380416796668541
sifa_guided_budget,SIFA,0,12,3,195,c3,0.003515467853301696,0.004452569141820098,0.007968036995121795
sifa_guided_budget,SIFA,0,12,4,196,c4,0.003515467853301696,0.001813170650251222,0.005328638503552918
sifa_guided_budget,SIFA,0,12,5,197,c5,0.003515467853301696,0.0004203345654409666,0.0039358024187426625
sifa_guided_budget,SIFA,0,12,6,198,c6,0.003515467853301696,0.0022882364895870618,0.005803704342888758
sifa_guided_budget,SIFA,0,12,7,199,c7,0.003515467853301696,0.0010131960216148486,0.004528663874916545
sifa_guided_budget,SIFA,0,12,8,200,c8,0.003515467853301696,0.006145719326700966,0.009661187180002662
sifa_guided_budget,SIFA,0,12,9,201,c9,0.003515467853301696,0.002048761883927306,0.005564229737229002
sifa_guided_budget,SIFA,0,12,10,202,ca,0.003515467853301696,0.002109601378338163,0.005625069231639859
sifa_guided_budget,SIFA,0,12,11,203,cb,0.003515467853301696,0.012104106406981268,0.015619574260282964
sifa_guided_budget,SIFA,0,12,12,204,cc,0.003515467853301696,0.00133422143893171,0.004849689292233407
sifa_guided_budget,SIFA,0,12,13,205,cd,0.003515467853301696,0.0019426163830402793,0.005458084236341976
sifa_guided_budget,SIFA,0,12,14,206,ce,0.003515467853301696,0.0010326128815332071,0.004548080734834903
sifa_guided_budget,SIFA,0,12,15,207,cf,0.003515467853301696,0.0016578357709043532,0.0051733036242060495
sifa_guided_budget,SIFA,0,13,0,208,d0,0.0014537031715667358,0.00667515237380821,0.008128855545374946
sifa_guided_budget,SIFA,0,13,1,209,d1,0.0014537031715667358,0.001705730692036304,0.00315943386360304
sifa_guided_budget,SIFA,0,13,2,210,d2,0.0014537031715667358,0.001864948943366845,0.003318652114933581
sifa_guided_budget,SIFA,0,13,3,211,d3,0.0014537031715667358,0.004452569141820098,0.0059062723133868344
sifa_guided_budget,SIFA,0,13,4,212,d4,0.0014537031715667358,0.001813170650251222,0.003266873821817958
sifa_guided_budget,SIFA,0,13,5,213,d5,0.0014537031715667358,0.0004203345654409666,0.0018740377370077025
sifa_guided_budget,SIFA,0,13,6,214,d6,0.0014537031715667358,0.0022882364895870618,0.0037419396611537976
sifa_guided_budget,SIFA,0,13,7,215,d7,0.0014537031715667358,0.0010131960216148486,0.0024668991931815843
sifa_guided_budget,SIFA,0,13,8,216,d8,0.0014537031715667358,0.006145719326700966,0.007599422498267701
sifa_guided_budget,SIFA,0,13,9,217,d9,0.0014537031715667358,0.002048761883927306,0.003502465055494042
sifa_guided_budget,SIFA,0,13,10,218,da,0.0014537031715667358,0.002109601378338163,0.0035633045499048987
sifa_guided_budget,SIFA,0,13,11,219,db,0.0014537031715667358,0.012104106406981268,0.013557809578548003
sifa_guided_budget,SIFA,0,13,12,220,dc,0.0014537031715667358,0.00133422143893171,0.002787924610498446
sifa_guided_budget,SIFA,0,13,13,221,dd,0.0014537031715667358,0.0019426163830402793,0.003396319554607015
sifa_guided_budget,SIFA,0,13,14,222,de,0.0014537031715667358,0.0010326128815332071,0.002486316053099943
sifa_guided_budget,SIFA,0,13,15,223,df,0.0014537031715667358,0.0016578357709043532,0.003111538942471089
sifa_guided_budget,SIFA,0,14,0,224,e0,0.000867706340670438,0.00667515237380821,0.0075428587144786485
sifa_guided_budget,SIFA,0,14,1,225,e1,0.000867706340670438,0.001705730692036304,0.0025734370327067423
sifa_guided_budget,SIFA,0,14,2,226,e2,0.000867706340670438,0.001864948943366845,0.002732655284037283
sifa_guided_budget,SIFA,0,14,3,227,e3,0.000867706340670438,0.004452569141820098,0.005320275482490536
sifa_guided_budget,SIFA,0,14,4,228,e4,0.000867706340670438,0.001813170650251222,0.0026808769909216603
sifa_guided_budget,SIFA,0,14,5,229,e5,0.000867706340670438,0.0004203345654409666,0.0012880409061114045
sifa_guided_budget,SIFA,0,14,6,230,e6,0.000867706340670438,0.0022882364895870618,0.0031559428302575
sifa_guided_budget,SIFA,0,14,7,231,e7,0.000867706340670438,0.0010131960216148486,0.0018809023622852867
sifa_guided_budget,SIFA,0,14,8,232,e8,0.000867706340670438,0.006145719326700966,0.007013425667371404
sifa_guided_budget,SIFA,0,14,9,233,e9,0.000867706340670438,0.002048761883927306,0.0029164682245977442
sifa_guided_budget,SIFA,0,14,10,234,ea,0.000867706340670438,0.002109601378338163,0.002977307719008601
sifa_guided_budget,SIFA,0,14,11,235,eb,0.000867706340670438,0.012104106406981268,0.012971812747651705
sifa_guided_budget,SIFA,0,14,12,236,ec,0.000867706340670438,0.00133422143893171,0.002201927779602148
sifa_guided_budget,SIFA,0,14,13,237,ed,0.000867706340670438,0.0019426163830402793,0.0028103227237107173
sifa_guided_budget,SIFA,0,14,14,238,ee,0.000867706340670438,0.0010326128815332071,0.0019003192222036452
sifa_guided_budget,SIFA,0,14,15,239,ef,0.000867706340670438,0.0016578357709043532,0.0025255421115747915
sifa_guided_budget,SIFA,0,15,0,240,f0,0.003950603853827143,0.00667515237380821,0.010625756227635353
sifa_guided_budget,SIFA,0,15,1,241,f1,0.003950603853827143,0.001705730692036304,0.005656334545863447
sifa_guided_budget,SIFA,0,15,2,242,f2,0.003950603853827143,0.001864948943366845,0.005815552797193988
sifa_guided_budget,SIFA,0,15,3,243,f3,0.003950603853827143,0.004452569141820098,0.008403172995647242
sifa_guided_budget,SIFA,0,15,4,244,f4,0.003950603853827143,0.001813170650251222,0.005763774504078365
sifa_guided_budget,SIFA,0,15,5,245,f5,0.003950603853827143,0.0004203345654409666,0.004370938419268109
sifa_guided_budget,SIFA,0,15,6,246,f6,0.003950603853827143,0.0022882364895870618,0.006238840343414205
sifa_guided_budget,SIFA,0,15,7,247,f7,0.003950603853827143,0.0010131960216148486,0.004963799875441992
sifa_guided_budget,SIFA,0,15,8,248,f8,0.003950603853827143,0.006145719326700966,0.010096323180528109
sifa_guided_budget,SIFA,0,15,9,249,f9,0.003950603853827143,0.002048761883927306,0.005999365737754449
sifa_guided_budget,SIFA,0,15,10,250,fa,0.003950603853827143,0.002109601378338163,0.006060205232165306
sifa_guided_budget,SIFA,0,15,11,251,fb,0.003950603853827143,0.012104106406981268,0.01605471026080841
sifa_guided_budget,SIFA,0,15,12,252,fc,0.003950603853827143,0.00133422143893171,0.0052848252927588536
sifa_guided_budget,SIFA,0,15,13,253,fd,0.003950603853827143,0.0019426163830402793,0.005893220236867423
sifa_guided_budget,SIFA,0,15,14,254,fe,0.003950603853827143,0.0010326128815332071,0.00498321673536035
sifa_guided_budget,SIFA,0,15,15,255,ff,0.003950603853827143,0.0016578357709043532,0.005608439624731496
sifa_guided_budget,SIFA,1,0,0,0,00,0.0010024857904246984,0.00198165395684839,0.0029841397472730883
sifa_guided_budget,SIFA,1,0,1,1,01,0.0010024857904246984,0.0013612740106633617,0.00236375980108806
sifa_guided_budget,SIFA,1,0,2,2,02,0.0010024857904246984,0.0031001976713832804,0.004102683461807978
sifa_guided_budget,SIFA,1,0,3,3,03,0.0010024857904246984,0.0012749256241493855,0.002277411414574084
sifa_guided_budget,SIFA,1,0,4,4,04,0.0010024857904246984,0.0048510772625435985,0.005853563052968297
sifa_guided_budget,SIFA,1,0,5,5,05,0.0010024857904246984,0.007862643296807966,0.008865129087232665
sifa_guided_budget,SIFA,1,0,6,6,06,0.0010024857904246984,0.01544668850616627,0.016449174296590967
sifa_guided_budget,SIFA,1,0,7,7,07,0.0010024857904246984,0.003911872504614656,0.004914358295039355
sifa_guided_budget,SIFA,1,0,8,8,08,0.0010024857904246984,0.0010849591738186378,0.002087444964243336
sifa_guided_budget,SIFA,1,0,9,9,09,0.0010024857904246984,0.0016123485499116921,0.0026148343403363905
sifa_guided_budget,SIFA,1,0,10,10,0a,0.0010024857904246984,0.0006625162982579546,0.0016650020886826529
sifa_guided_budget,SIFA,1,0,11,11,0b,0.0010024857904246984,0.0015286570368289152,0.002531142827253614
sifa_guided_budget,SIFA,1,0,12,12,0c,0.0010024857904246984,0.0011075425979838317,0.00211002838840853
sifa_guided_budget,SIFA,1,0,13,13,0d,0.0010024857904246984,0.0061290333829504455,0.0071315191733751435
sifa_guided_budget,SIFA,1,0,14,14,0e,0.0010024857904246984,0.004180216721165782,0.005182702511590481
sifa_guided_budget,SIFA,1,0,15,15,0f,0.0010024857904246984,0.0017412069113248564,0.002743692701749555
sifa_guided_budget,SIFA,1,1,0,16,10,0.00033475209880839914,0.00198165395684839,0.002316406055656789
sifa_guided_budget,SIFA,1,1,1,17,11,0.00033475209880839914,0.0013612740106633617,0.0016960261094717609
sifa_guided_budget,SIFA,1,1,2,18,12,0.00033475209880839914,0.0031001976713832804,0.0034349497701916796
sifa_guided_budget,SIFA,1,1,3,19,13,0.00033475209880839914,0.0012749256241493855,0.0016096777229577847
sifa_guided_budget,SIFA,1,1,4,20,14,0.00033475209880839914,0.0048510772625435985,0.005185829361351997
sifa_guided_budget,SIFA,1,1,5,21,15,0.00033475209880839914,0.007862643296807966,0.008197395395616366
sifa_guided_budget,SIFA,1,1,6,22,16,0.00033475209880839914,0.01544668850616627,0.01578144060497467
sifa_guided_budget,SIFA,1,1,7,23,17,0.00033475209880839914,0.003911872504614656,0.004246624603423055
sifa_guided_budget,SIFA,1,1,8,24,18,0.00033475209880839914,0.0010849591738186378,0.001419711272627037
sifa_guided_budget,SIFA,1,1,9,25,19,0.00033475209880839914,0.0016123485499116921,0.0019471006487200913
sifa_guided_budget,SIFA,1,1,10,26,1a,0.00033475209880839914,0.0006625162982579546,0.0009972683970663537
sifa_guided_budget,SIFA,1,1,11,27,1b,0.00033475209880839914,0.0015286570368289152,0.0018634091356373144
sifa_guided_budget,SIFA,1,1,12,28,1c,0.00033475209880839914,0.0011075425979838317,0.001442294696792231
sifa_guided_budget,SIFA,1,1,13,29,1d,0.00033475209880839914,0.0061290333829504455,0.006463785481758844
sifa_guided_budget,SIFA,1,1,14,30,1e,0.00033475209880839914,0.004180216721165782,0.004514968819974181
sifa_guided_budget,SIFA,1,1,15,31,1f,0.00033475209880839914,0.0017412069113248564,0.0020759590101332554
sifa_guided_budget,SIFA,1,2,0,32,20,0.001642903103747605,0.00198165395684839,0.003624557060595995
sifa_guided_budget,SIFA,1,2,1,33,21,0.001642903103747605,0.0013612740106633617,0.0030041771144109666
sifa_guided_budget,SIFA,1,2,2,34,22,0.001642903103747605,0.0031001976713832804,0.004743100775130885
sifa_guided_budget,SIFA,1,2,3,35,23,0.001642903103747605,0.0012749256241493855,0.0029178287278969904
sifa_guided_budget,SIFA,1,2,4,36,24,0.001642903103747605,0.0048510772625435985,0.006493980366291204
sifa_guided_budget,SIFA,1,2,5,37,25,0.001642903103747605,0.007862643296807966,0.009505546400555571
sifa_guided_budget,SIFA,1,2,6,38,26,0.001642903103747605,0.01544668850616627,0.017089591609913874
sifa_guided_budget,SIFA,1,2,7,39,27,0.001642903103747605,0.003911872504614656,0.005554775608362261
sifa_guided_budget,SIFA,1,2,8,40,28,0.001642903103747605,0.0010849591738186378,0.0027278622775662427
sifa_guided_budget,SIFA,1,2,9,41,29,0.001642903103747605,0.0016123485499116921,0.003255251653659297
sifa_guided_budget,SIFA,1,2,10,42,2a,0.001642903103747605,0.0006625162982579546,0.0023054194020055594
sifa_guided_budget,SIFA,1,2,11,43,2b,0.001642903103747605,0.0015286570368289152,0.0031715601405765204
sifa_guided_budget,SIFA,1,2,12,44,2c,0.001642903103747605,0.0011075425979838317,0.0027504457017314366
sifa_guided_budget,SIFA,1,2,13,45,2d,0.001642903103747605,0.0061290333829504455,0.00777193648669805
sifa_guided_budget,SIFA,1,2,14,46,2e,0.001642903103747605,0.004180216721165782,0.0058231198249133875
sifa_guided_budget,SIFA,1,2,15,47,2f,0.001642903103747605,0.0017412069113248564,0.0033841100150724616
sifa_guided_budget,SIFA,1,3,0,48,30,0.0007991305297960984,0.00198165395684839,0.0027807844866444883
sifa_guided_budget,SIFA,1,3,1,49,31,0.0007991305297960984,0.0013612740106633617,0.00216040454045946
sifa_guided_budget,SIFA,1,3,2,50,32,0.0007991305297960984,0.0031001976713832804,0.003899328201179379
sifa_guided_budget,SIFA,1,3,3,51,33,0.0007991305297960984,0.0012749256241493855,0.002074056153945484
sifa_guided_budget,SIFA,1,3,4,52,34,0.0007991305297960984,0.0048510772625435985,0.005650207792339696
sifa_guided_budget,SIFA,1,3,5,53,35,0.0007991305297960984,0.007862643296807966,0.008661773826604064
sifa_guided_budget,SIFA,1,3,6,54,36,0.0007991305297960984,0.01544668850616627,0.01624581903596237
sifa_guided_budget,SIFA,1,3,7,55,37,0.0007991305297960984,0.003911872504614656,0.004711003034410754
sifa_guided_budget,SIFA,1,3,8,56,38,0.0007991305297960984,0.0010849591738186378,0.0018840897036147362
sifa_guided_budget,SIFA,1,3,9,57,39,0.0007991305297960984,0.0016123485499116921,0.0024114790797077905
sifa_guided_budget,SIFA,1,3,10,58,3a,0.0007991305297960984,0.0006625162982579546,0.0014616468280540529
sifa_guided_budget,SIFA,1,3,11,59,3b,0.0007991305297960984,0.0015286570368289152,0.002327787566625014
sifa_guided_budget,SIFA,1,3,12,60,3c,0.0007991305297960984,0.0011075425979838317,0.00190667312777993
sifa_guided_budget,SIFA,1,3,13,61,3d,0.0007991305297960984,0.0061290333829504455,0.006928163912746544
sifa_guided_budget,SIFA,1,3,14,62,3e,0.0007991305297960984,0.004180216721165782,0.00497934725096188
sifa_guided_budget,SIFA,1,3,15,63,3f,0.0007991305297960984,0.0017412069113248564,0.002540337441120955
sifa_guided_budget,SIFA,1,4,0,64,40,0.0011653723424704932,0.00198165395684839,0.003147026299318883
sifa_guided_budget,SIFA,1,4,1,65,41,0.0011653723424704932,0.0013612740106633617,0.002526646353133855
sifa_guided_budget,SIFA,1,4,2,66,42,0.0011653723424704932,0.0031001976713832804,0.004265570013853774
sifa_guided_budget,SIFA,1,4,3,67,43,0.0011653723424704932,0.0012749256241493855,0.002440297966619879
sifa_guided_budget,SIFA,1,4,4,68,44,0.0011653723424704932,0.0048510772625435985,0.006016449605014092
sifa_guided_budget,SIFA,1,4,5,69,45,0.0011653723424704932,0.007862643296807966,0.009028015639278459
sifa_guided_budget,SIFA,1,4,6,70,46,0.0011653723424704932,0.01544668850616627,0.016612060848636763
sifa_guided_budget,SIFA,1,4,7,71,47,0.0011653723424704932,0.003911872504614656,0.005077244847085149
sifa_guided_budget,SIFA,1,4,8,72,48,0.0011653723424704932,0.0010849591738186378,0.0022503315162891308
sifa_guided_budget,SIFA,1,4,9,73,49,0.0011653723424704932,0.0016123485499116921,0.0027777208923821855
sifa_guided_budget,SIFA,1,4,10,74,4a,0.0011653723424704932,0.0006625162982579546,0.001827888640728448
sifa_guided_budget,SIFA,1,4,11,75,4b,0.0011653723424704932,0.0015286570368289152,0.0026940293792994084
sifa_guided_budget,SIFA,1,4,12,76,4c,0.0011653723424704932,0.0011075425979838317,0.0022729149404543247
sifa_guided_budget,SIFA,1,4,13,77,4d,0.0011653723424704932,0.0061290333829504455,0.007294405725420939
sifa_guided_budget,SIFA,1,4,14,78,4e,0.0011653723424704932,0.004180216721165782,0.0053455890636362755
sifa_guided_budget,SIFA,1,4,15,79,4f,0.0011653723424704932,0.0017412069113248564,0.0029065792537953496
sifa_guided_budget,SIFA,1,5,0,80,50,0.0022205939187671616,0.00198165395684839,0.0042022478756155515
sifa_guided_budget,SIFA,1,5,1,81,51,0.0022205939187671616,0.0013612740106633617,0.0035818679294305233
sifa_guided_budget,SIFA,1,5,2,82,52,0.0022205939187671616,0.0031001976713832804,0.0053207915901504425
sifa_guided_budget,SIFA,1,5,3,83,53,0.0022205939187671616,0.0012749256241493855,0.003495519542916547
sifa_guided_budget,SIFA,1,5,4,84,54,0.0022205939187671616,0.0048510772625435985,0.00707167118131076
sifa_guided_budget,SIFA,1,5,5,85,55,0.0022205939187671616,0.007862643296807966,0.010083237215575127
sifa_guided_budget,SIFA,1,5,6,86,56,0.0022205939187671616,0.01544668850616627,0.01766728242493343
sifa_guided_budget,SIFA,1,5,7,87,57,0.0022205939187671616,0.003911872504614656,0.006132466423381817
sifa_guided_budget,SIFA,1,5,8,88,58,0.0022205939187671616,0.0010849591738186378,0.0033055530925857994
sifa_guided_budget,SIFA,1,5,9,89,59,0.0022205939187671616,0.0016123485499116921,0.0038329424686788537
sifa_guided_budget,SIFA,1,5,10,90,5a,0.0022205939187671616,0.0006625162982579546,0.002883110217025116
sifa_guided_budget,SIFA,1,5,11,91,5b,0.0022205939187671616,0.0015286570368289152,0.003749250955596077
sifa_guided_budget,SIFA,1,5,12,92,5c,0.0022205939187671616,0.0011075425979838317,0.0033281365167509933
sifa_guided_budget,SIFA,1,5,13,93,5d,0.0022205939187671616,0.0061290333829504455,0.008349627301717608
sifa_guided_budget,SIFA,1,5,14,94,5e,0.0022205939187671616,0.004180216721165782,0.006400810639932943
sifa_guided_budget,SIFA,1,5,15,95,5f,0.0022205939187671616,0.0017412069113248564,0.003961800830092018
sifa_guided_budget,SIFA,1,6,0,96,60,0.0033850810082374054,0.00198165395684839,0.005366734965085796
sifa_guided_budget,SIFA,1,6,1,97,61,0.0033850810082374054,0.0013612740106633617,0.004746355018900767
sifa_guided_budget,SIFA,1,6,2,98,62,0.0033850810082374054,0.0031001976713832804,0.006485278679620686
sifa_guided_budget,SIFA,1,6,3,99,63,0.0033850810082374054,0.0012749256241493855,0.004660006632386791
sifa_guided_budget,SIFA,1,6,4,100,64,0.0033850810082374054,0.0048510772625435985,0.008236158270781004
sifa_guided_budget,SIFA,1,6,5,101,65,0.0033850810082374054,0.007862643296807966,0.011247724305045372
sifa_guided_budget,SIFA,1,6,6,102,66,0.0033850810082374054,0.01544668850616627,0.018831769514403678
sifa_guided_budget,SIFA,1,6,7,103,67,0.0033850810082374054,0.003911872504614656,0.007296953512852061
sifa_guided_budget,SIFA,1,6,8,104,68,0.0033850810082374054,0.0010849591738186378,0.004470040182056044
sifa_guided_budget,SIFA,1,6,9,105,69,0.0033850810082374054,0.0016123485499116921,0.0049974295581490975
sifa_guided_budget,SIFA,1,6,10,106,6a,0.0033850810082374054,0.0006625162982579546,0.00404759730649536
sifa_guided_budget,SIFA,1,6,11,107,6b,0.0033850810082374054,0.0015286570368289152,0.00491373804506632
sifa_guided_budget,SIFA,1,6,12,108,6c,0.0033850810082374054,0.0011075425979838317,0.0044926236062212375
sifa_guided_budget,SIFA,1,6,13,109,6d,0.0033850810082374054,0.0061290333829504455,0.00951411439118785
sifa_guided_budget,SIFA,1,6,14,110,6e,0.0033850810082374054,0.004180216721165782,0.0075652977294031875
sifa_guided_budget,SIFA,1,6,15,111,6f,0.0033850810082374054,0.0017412069113248564,0.005126287919562262
sifa_guided_budget,SIFA,1,7,0,112,70,0.0005148378520018859,0.00198165395684839,0.002496491808850276
sifa_guided_budget,SIFA,1,7,1,113,71,0.0005148378520018859,0.0013612740106633617,0.0018761118626652476
sifa_guided_budget,SIFA,1,7,2,114,72,0.0005148378520018859,0.0031001976713832804,0.0036150355233851663
sifa_guided_budget,SIFA,1,7,3,115,73,0.0005148378520018859,0.0012749256241493855,0.0017897634761512714
sifa_guided_budget,SIFA,1,7,4,116,74,0.0005148378520018859,0.0048510772625435985,0.005365915114545485
sifa_guided_budget,SIFA,1,7,5,117,75,0.0005148378520018859,0.007862643296807966,0.008377481148809852
sifa_guided_budget,SIFA,1,7,6,118,76,0.0005148378520018859,0.01544668850616627,0.015961526358168155
sifa_guided_budget,SIFA,1,7,7,119,77,0.0005148378520018859,0.003911872504614656,0.004426710356616542
sifa_guided_budget,SIFA,1,7,8,120,78,0.0005148378520018859,0.0010849591738186378,0.0015997970258205237
sifa_guided_budget,SIFA,1,7,9,121,79,0.0005148378520018859,0.0016123485499116921,0.002127186401913578
sifa_guided_budget,SIFA,1,7,10,122,7a,0.0005148378520018859,0.0006625162982579546,0.0011773541502598404
sifa_guided_budget,SIFA,1,7,11,123,7b,0.0005148378520018859,0.0015286570368289152,0.0020434948888308014
sifa_guided_budget,SIFA,1,7,12,124,7c,0.0005148378520018859,0.0011075425979838317,0.0016223804499857176
sifa_guided_budget,SIFA,1,7,13,125,7d,0.0005148378520018859,0.0061290333829504455,0.006643871234952331
sifa_guided_budget,SIFA,1,7,14,126,7e,0.0005148378520018859,0.004180216721165782,0.004695054573167668
sifa_guided_budget,SIFA,1,7,15,127,7f,0.0005148378520018859,0.0017412069113248564,0.0022560447633267425
sifa_guided_budget,SIFA,1,8,0,128,80,0.0015063212122806346,0.00198165395684839,0.0034879751691290245
sifa_guided_budget,SIFA,1,8,1,129,81,0.0015063212122806346,0.0013612740106633617,0.0028675952229439963
sifa_guided_budget,SIFA,1,8,2,130,82,0.0015063212122806346,0.0031001976713832804,0.004606518883663915
sifa_guided_budget,SIFA,1,8,3,131,83,0.0015063212122806346,0.0012749256241493855,0.00278124683643002
sifa_guided_budget,SIFA,1,8,4,132,84,0.0015063212122806346,0.0048510772625435985,0.006357398474824233
sifa_guided_budget,SIFA,1,8,5,133,85,0.0015063212122806346,0.007862643296807966,0.009368964509088602
sifa_guided_budget,SIFA,1,8,6,134,86,0.0015063212122806346,0.01544668850616627,0.016953009718446904
sifa_guided_budget,SIFA,1,8,7,135,87,0.0015063212122806346,0.003911872504614656,0.0054181937168952905
sifa_guided_budget,SIFA,1,8,8,136,88,0.0015063212122806346,0.0010849591738186378,0.0025912803860992724
sifa_guided_budget,SIFA,1,8,9,137,89,0.0015063212122806346,0.0016123485499116921,0.0031186697621923267
sifa_guided_budget,SIFA,1,8,10,138,8a,0.0015063212122806346,0.0006625162982579546,0.002168837510538589
sifa_guided_budget,SIFA,1,8,11,139,8b,0.0015063212122806346,0.0015286570368289152,0.0030349782491095496
sifa_guided_budget,SIFA,1,8,12,140,8c,0.0015063212122806346,0.0011075425979838317,0.0026138638102644663
sifa_guided_budget,SIFA,1,8,13,141,8d,0.0015063212122806346,0.0061290333829504455,0.00763535459523108
sifa_guided_budget,SIFA,1,8,14,142,8e,0.0015063212122806346,0.004180216721165782,0.005686537933446417
sifa_guided_budget,SIFA,1,8,15,143,8f,0.0015063212122806346,0.0017412069113248564,0.003247528123605491
sifa_guided_budget,SIFA,1,9,0,144,90,0.0011168098921711261,0.00198165395684839,0.0030984638490195162
sifa_guided_budget,SIFA,1,9,1,145,91,0.0011168098921711261,0.0013612740106633617,0.0024780839028344876
sifa_guided_budget,SIFA,1,9,2,146,92,0.0011168098921711261,0.0031001976713832804,0.004217007563554406
sifa_guided_budget,SIFA,1,9,3,147,93,0.0011168098921711261,0.0012749256241493855,0.0023917355163205114
sifa_guided_budget,SIFA,1,9,4,148,94,0.0011168098921711261,0.0048510772625435985,0.005967887154714724
sifa_guided_budget,SIFA,1,9,5,149,95,0.0011168098921711261,0.007862643296807966,0.008979453188979093
sifa_guided_budget,SIFA,1,9,6,150,96,0.0011168098921711261,0.01544668850616627,0.016563498398337397
sifa_guided_budget,SIFA,1,9,7,151,97,0.0011168098921711261,0.003911872504614656,0.005028682396785782
sifa_guided_budget,SIFA,1,9,8,152,98,0.0011168098921711261,0.0010849591738186378,0.002201769065989764
sifa_guided_budget,SIFA,1,9,9,153,99,0.0011168098921711261,0.0016123485499116921,0.002729158442082818
sifa_guided_budget,SIFA,1,9,10,154,9a,0.0011168098921711261,0.0006625162982579546,0.0017793261904290808
sifa_guided_budget,SIFA,1,9,11,155,9b,0.0011168098921711261,0.0015286570368289152,0.0026454669290000414
sifa_guided_budget,SIFA,1,9,12,156,9c,0.0011168098921711261,0.0011075425979838317,0.002224352490154958
sifa_guided_budget,SIFA,1,9,13,157,9d,0.0011168098921711261,0.0061290333829504455,0.007245843275121571
sifa_guided_budget,SIFA,1,9,14,158,9e,0.0011168098921711261,0.004180216721165782,0.005297026613336908
sifa_guided_budget,SIFA,1,9,15,159,9f,0.0011168098921711261,0.0017412069113248564,0.0028580168034959825
sifa_guided_budget,SIFA,1,10,0,160,a0,0.000977192847560445,0.00198165395684839,0.002958846804408835
sifa_guided_budget,SIFA,1,10,1,161,a1,0.000977192847560445,0.0013612740106633617,0.0023384668582238067
sifa_guided_budget,SIFA,1,10,2,162,a2,0.000977192847560445,0.0031001976713832804,0.004077390518943725
sifa_guided_budget,SIFA,1,10,3,163,a3,0.000977192847560445,0.0012749256241493855,0.0022521184717098305
sifa_guided_budget,SIFA,1,10,4,164,a4,0.000977192847560445,0.0048510772625435985,0.005828270110104044
sifa_guided_budget,SIFA,1,10,5,165,a5,0.000977192847560445,0.007862643296807966,0.008839836144368412
sifa_guided_budget,SIFA,1,10,6,166,a6,0.000977192847560445,0.01544668850616627,0.016423881353726716
sifa_guided_budget,SIFA,1,10,7,167,a7,0.000977192847560445,0.003911872504614656,0.004889065352175101
sifa_guided_budget,SIFA,1,10,8,168,a8,0.000977192847560445,0.0010849591738186378,0.002062152021379083
sifa_guided_budget,SIFA,1,10,9,169,a9,0.000977192847560445,0.0016123485499116921,0.002589541397472137
sifa_guided_budget,SIFA,1,10,10,170,aa,0.000977192847560445,0.0006625162982579546,0.0016397091458183995
sifa_guided_budget,SIFA,1,10,11,171,ab,0.000977192847560445,0.0015286570368289152,0.0025058498843893605
sifa_guided_budget,SIFA,1,10,12,172,ac,0.000977192847560445,0.0011075425979838317,0.0020847354455442767
sifa_guided_budget,SIFA,1,10,13,173,ad,0.000977192847560445,0.0061290333829504455,0.00710622623051089
sifa_guided_budget,SIFA,1,10,14,174,ae,0.000977192847560445,0.004180216721165782,0.0051574095687262275
sifa_guided_budget,SIFA,1,10,15,175,af,0.000977192847560445,0.0017412069113248564,0.0027183997588853016
sifa_guided_budget,SIFA,1,11,0,176,b0,0.0019332660878292388,0.00198165395684839,0.0039149200446776285
sifa_guided_budget,SIFA,1,11,1,177,b1,0.0019332660878292388,0.0013612740106633617,0.0032945400984926007
sifa_guided_budget,SIFA,1,11,2,178,b2,0.0019332660878292388,0.0031001976713832804,0.005033463759212519
sifa_guided_budget,SIFA,1,11,3,179,b3,0.0019332660878292388,0.0012749256241493855,0.0032081917119786245
sifa_guided_budget,SIFA,1,11,4,180,b4,0.0019332660878292388,0.0048510772625435985,0.0067843433503728375
sifa_guided_budget,SIFA,1,11,5,181,b5,0.0019332660878292388,0.007862643296807966,0.009795909384637204
sifa_guided_budget,SIFA,1,11,6,182,b6,0.0019332660878292388,0.01544668850616627,0.01737995459399551
sifa_guided_budget,SIFA,1,11,7,183,b7,0.0019332660878292388,0.003911872504614656,0.005845138592443895
sifa_guided_budget,SIFA,1,11,8,184,b8,0.0019332660878292388,0.0010849591738186378,0.0030182252616478764
sifa_guided_budget,SIFA,1,11,9,185,b9,0.0019332660878292388,0.0016123485499116921,0.003545614637740931
sifa_guided_budget,SIFA,1,11,10,186,ba,0.0019332660878292388,0.0006625162982579546,0.0025957823860871935
sifa_guided_budget,SIFA,1,11,11,187,bb,0.0019332660878292388,0.0015286570368289152,0.003461923124658154
sifa_guided_budget,SIFA,1,11,12,188,bc,0.0019332660878292388,0.0011075425979838317,0.0030408086858130703
sifa_guided_budget,SIFA,1,11,13,189,bd,0.0019332660878292388,0.0061290333829504455,0.008062299470779685
sifa_guided_budget,SIFA,1,11,14,190,be,0.0019332660878292388,0.004180216721165782,0.006113482808995021
sifa_guided_budget,SIFA,1,11,15,191,bf,0.0019332660878292388,0.0017412069113248564,0.003674472999154095
sifa_guided_budget,SIFA,1,12,0,192,c0,0.002779062097209885,0.00198165395684839,0.004760716054058275
sifa_guided_budget,SIFA,1,12,1,193,c1,0.002779062097209885,0.0013612740106633617,0.0041403361078732465
sifa_guided_budget,SIFA,1,12,2,194,c2,0.002779062097209885,0.0031001976713832804,0.005879259768593165
sifa_guided_budget,SIFA,1,12,3,195,c3,0.002779062097209885,0.0012749256241493855,0.00405398772135927
sifa_guided_budget,SIFA,1,12,4,196,c4,0.002779062097209885,0.0048510772625435985,0.007630139359753483
sifa_guided_budget,SIFA,1,12,5,197,c5,0.002779062097209885,0.007862643296807966,0.010641705394017851
sifa_guided_budget,SIFA,1,12,6,198,c6,0.002779062097209885,0.01544668850616627,0.018225750603376153
sifa_guided_budget,SIFA,1,12,7,199,c7,0.002779062097209885,0.003911872504614656,0.006690934601824541
sifa_guided_budget,SIFA,1,12,8,200,c8,0.002779062097209885,0.0010849591738186378,0.0038640212710285226
sifa_guided_budget,SIFA,1,12,9,201,c9,0.002779062097209885,0.0016123485499116921,0.004391410647121577
sifa_guided_budget,SIFA,1,12,10,202,ca,0.002779062097209885,0.0006625162982579546,0.0034415783954678393
sifa_guided_budget,SIFA,1,12,11,203,cb,0.002779062097209885,0.0015286570368289152,0.0043077191340388
sifa_guided_budget,SIFA,1,12,12,204,cc,0.002779062097209885,0.0011075425979838317,0.0038866046951937165
sifa_guided_budget,SIFA,1,12,13,205,cd,0.002779062097209885,0.0061290333829504455,0.00890809548016033
sifa_guided_budget,SIFA,1,12,14,206,ce,0.002779062097209885,0.004180216721165782,0.006959278818375667
sifa_guided_budget,SIFA,1,12,15,207,cf,0.002779062097209885,0.0017412069113248564,0.004520269008534741
sifa_guided_budget,SIFA,1,13,0,208,d0,0.007952986489521637,0.00198165395684839,0.009934640446370028
sifa_guided_budget,SIFA,1,13,1,209,d1,0.007952986489521637,0.0013612740106633617,0.009314260500184999
sifa_guided_budget,SIFA,1,13,2,210,d2,0.007952986489521637,0.0031001976713832804,0.011053184160904918
sifa_guided_budget,SIFA,1,13,3,211,d3,0.007952986489521637,0.0012749256241493855,0.009227912113671022
sifa_guided_budget,SIFA,1,13,4,212,d4,0.007952986489521637,0.0048510772625435985,0.012804063752065236
sifa_guided_budget,SIFA,1,13,5,213,d5,0.007952986489521637,0.007862643296807966,0.015815629786329603
sifa_guided_budget,SIFA,1,13,6,214,d6,0.007952986489521637,0.01544668850616627,0.02339967499568791
sifa_guided_budget,SIFA,1,13,7,215,d7,0.007952986489521637,0.003911872504614656,0.011864858994136293
sifa_guided_budget,SIFA,1,13,8,216,d8,0.007952986489521637,0.0010849591738186378,0.009037945663340275
sifa_guided_budget,SIFA,1,13,9,217,d9,0.007952986489521637,0.0016123485499116921,0.00956533503943333
sifa_guided_budget,SIFA,1,13,10,218,da,0.007952986489521637,0.0006625162982579546,0.008615502787779592
sifa_guided_budget,SIFA,1,13,11,219,db,0.007952986489521637,0.0015286570368289152,0.009481643526350553
sifa_guided_budget,SIFA,1,13,12,220,dc,0.007952986489521637,0.0011075425979838317,0.00906052908750547
sifa_guided_budget,SIFA,1,13,13,221,dd,0.007952986489521637,0.0061290333829504455,0.014082019872472082
sifa_guided_budget,SIFA,1,13,14,222,de,0.007952986489521637,0.004180216721165782,0.01213320321068742
sifa_guided_budget,SIFA,1,13,15,223,df,0.007952986489521637,0.0017412069113248564,0.009694193400846493
sifa_guided_budget,SIFA,1,14,0,224,e0,0.003931408574105287,0.00198165395684839,0.005913062530953677
sifa_guided_budget,SIFA,1,14,1,225,e1,0.003931408574105287,0.0013612740106633617,0.005292682584768648
sifa_guided_budget,SIFA,1,14,2,226,e2,0.003931408574105287,0.0031001976713832804,0.007031606245488567
sifa_guided_budget,SIFA,1,14,3,227,e3,0.003931408574105287,0.0012749256241493855,0.005206334198254672
sifa_guided_budget,SIFA,1,14,4,228,e4,0.003931408574105287,0.0048510772625435985,0.008782485836648885
sifa_guided_budget,SIFA,1,14,5,229,e5,0.003931408574105287,0.007862643296807966,0.011794051870913253
sifa_guided_budget,SIFA,1,14,6,230,e6,0.003931408574105287,0.01544668850616627,0.019378097080271557
sifa_guided_budget,SIFA,1,14,7,231,e7,0.003931408574105287,0.003911872504614656,0.007843281078719943
sifa_guided_budget,SIFA,1,14,8,232,e8,0.003931408574105287,0.0010849591738186378,0.005016367747923925
sifa_guided_budget,SIFA,1,14,9,233,e9,0.003931408574105287,0.0016123485499116921,0.005543757124016979
sifa_guided_budget,SIFA,1,14,10,234,ea,0.003931408574105287,0.0006625162982579546,0.004593924872363242
sifa_guided_budget,SIFA,1,14,11,235,eb,0.003931408574105287,0.0015286570368289152,0.005460065610934202
sifa_guided_budget,SIFA,1,14,12,236,ec,0.003931408574105287,0.0011075425979838317,0.005038951172089119
sifa_guided_budget,SIFA,1,14,13,237,ed,0.003931408574105287,0.0061290333829504455,0.010060441957055733
sifa_guided_budget,SIFA,1,14,14,238,ee,0.003931408574105287,0.004180216721165782,0.008111625295271069
sifa_guided_budget,SIFA,1,14,15,239,ef,0.003931408574105287,0.0017412069113248564,0.005672615485430143
sifa_guided_budget,SIFA,1,15,0,240,f0,0.0023996679542460783,0.00198165395684839,0.004381321911094468
sifa_guided_budget,SIFA,1,15,1,241,f1,0.0023996679542460783,0.0013612740106633617,0.00376094196490944
sifa_guided_budget,SIFA,1,15,2,242,f2,0.0023996679542460783,0.0031001976713832804,0.005499865625629359
sifa_guided_budget,SIFA,1,15,3,243,f3,0.0023996679542460783,0.0012749256241493855,0.0036745935783954638
sifa_guided_budget,SIFA,1,15,4,244,f4,0.0023996679542460783,0.0048510772625435985,0.007250745216789677
sifa_guided_budget,SIFA,1,15,5,245,f5,0.0023996679542460783,0.007862643296807966,0.010262311251054045
sifa_guided_budget,SIFA,1,15,6,246,f6,0.0023996679542460783,0.01544668850616627,0.017846356460412348
sifa_guided_budget,SIFA,1,15,7,247,f7,0.0023996679542460783,0.003911872504614656,0.006311540458860734
sifa_guided_budget,SIFA,1,15,8,248,f8,0.0023996679542460783,0.0010849591738186378,0.003484627128064716
sifa_guided_budget,SIFA,1,15,9,249,f9,0.0023996679542460783,0.0016123485499116921,0.00401201650415777
sifa_guided_budget,SIFA,1,15,10,250,fa,0.0023996679542460783,0.0006625162982579546,0.003062184252504033
sifa_guided_budget,SIFA,1,15,11,251,fb,0.0023996679542460783,0.0015286570368289152,0.003928324991074993
sifa_guided_budget,SIFA,1,15,12,252,fc,0.0023996679542460783,0.0011075425979838317,0.00350721055222991
sifa_guided_budget,SIFA,1,15,13,253,fd,0.0023996679542460783,0.0061290333829504455,0.008528701337196524
sifa_guided_budget,SIFA,1,15,14,254,fe,0.0023996679542460783,0.004180216721165782,0.00657988467541186
sifa_guided_budget,SIFA,1,15,15,255,ff,0.0023996679542460783,0.0017412069113248564,0.0041408748655709345
