pipeline,attack_type,key_id,target_sbox,target_sbox_index,injection_checkpoint,key_guess,key_guess_hex,effective_sample_count,ineffective_sample_count,sei_effective_component,sei_ineffective_component,shfa_sei_joint,shfa_sei_joint_equivalent,alternative_sei_sum,alternative_sei_product
shfa_random_raw,SHFA,0,S0,0,250,0,0,84,68,0.0052437641723356,0.01578719723183391,0.0013972194269864808,0.0013972194269864808,0.02103096140416951,8.278433922588642e-05
shfa_random_raw,SHFA,0,S0,0,250,1,1,84,68,0.0143140589569161,0.01578719723183391,0.002107307383737809,0.0021073073837378086,0.03010125618875001,0.00022597887194093322
shfa_random_raw,SHFA,0,S0,0,250,2,2,84,68,0.013180272108843536,0.013624567474048442,0.001854877980604006,0.0018548779806040062,0.026804839582891978,0.0001795755066732575
shfa_random_raw,SHFA,0,S0,0,250,3,3,84,68,0.02026643990929705,0.013624567474048443,0.002394309439462059,0.0023943094394620595,0.033891007383345495,0.00027612147800296587
shfa_random_raw,SHFA,0,S0,0,250,4,4,84,68,0.013180272108843536,0.014057093425605537,0.0018876116623119832,0.0018876116623119837,0.027237365534449075,0.0001852763164089165
shfa_random_raw,SHFA,0,S0,0,250,5,5,84,68,0.0063775510204081625,0.009299307958477509,0.0010391104971400323,0.0010391104971400325,0.015676858978885672,5.930681095967798e-05
shfa_random_raw,SHFA,0,S0,0,250,6,6,84,68,0.012329931972789115,0.014922145328719725,0.0018872438681354895,0.0018872438681354895,0.02725207730150884,0.00018398903679118708
shfa_random_raw,SHFA,0,S0,0,250,7,7,84,68,0.012896825396825396,0.009731833910034602,0.0015398009694073708,0.0015398009694073708,0.022628659306859998,0.00012550976272862084
shfa_random_raw,SHFA,0,S0,0,250,8,8,84,68,0.011479591836734693,0.02573529411764706,0.0026213610444177668,0.002621361044417767,0.03721488595438176,0.00029543067226890754
shfa_random_raw,SHFA,0,S0,0,250,9,9,84,68,0.01459750566893424,0.012326989619377164,0.0018627242563692141,0.0018627242563692143,0.026924495288311402,0.00017994330084975167
shfa_random_raw,SHFA,0,S0,0,250,10,a,84,68,0.009495464852607709,0.012759515570934257,0.0015120938081114796,0.0015120938081114798,0.022254980423541966,0.00012115753164010702
shfa_random_raw,SHFA,0,S0,0,250,11,b,84,68,0.009778911564625849,0.014489619377162631,0.001658475890356142,0.0016584758903561425,0.02426853094178848,0.00014169270649436245
shfa_random_raw,SHFA,0,S0,0,250,12,c,84,68,0.015164399092970519,0.01448961937716263,0.0020731025253238546,0.002073102525323855,0.02965401847013315,0.00021972637094053304
shfa_random_raw,SHFA,0,S0,0,250,13,d,84,68,0.010345804988662131,0.01448961937716263,0.001702120799300112,0.001702120799300112,0.02483542436582476,0.0001499067764360646
shfa_random_raw,SHFA,0,S0,0,250,14,e,84,68,0.008928571428571428,0.02054498269896194,0.0020255344784972807,0.0020255344784972816,0.02947355412753337,0.0001834373455264459
shfa_random_raw,SHFA,0,S0,0,250,15,f,84,68,0.011763038548752835,0.015354671280276816,0.0018754744544876775,0.0018754744544876773,0.02711770982902965,0.00018061759017332424
shfa_random_raw,SHFA,0,S0,0,500,0,0,183,131,0.004596658604317835,0.010747479750597285,0.0010084111424525097,0.0010084111424525097,0.01534413835491512,4.9402495270314715e-05
shfa_random_raw,SHFA,0,S0,0,500,1,1,183,131,0.008538251366120218,0.006435376726298001,0.0009907986199009506,0.0009907986199009509,0.014973628092418218,5.4946864124812164e-05
shfa_random_raw,SHFA,0,S0,0,500,2,2,183,131,0.006627176087670578,0.006085746751354816,0.0008348889927852847,0.0008348889927852846,0.012712922839025394,4.033131534619754e-05
shfa_random_raw,SHFA,0,S0,0,500,3,3,183,131,0.007343829317089193,0.004337596876638892,0.0007619437082163805,0.0007619437082163805,0.011681426193728084,3.185457110837521e-05
shfa_random_raw,SHFA,0,S0,0,500,4,4,183,131,0.008777135775926424,0.004104510226676767,0.0008411287187159199,0.00084112871871592,0.012881646002603192,3.602584355322053e-05
shfa_random_raw,SHFA,0,S0,0,500,5,5,183,131,0.007821598136701604,0.00818352660101393,0.0010643285525213594,0.0010643285525213594,0.016005124737715534,6.400825641413857e-05
shfa_random_raw,SHFA,0,S0,0,500,6,6,183,131,0.004954985219027144,0.007717353301089681,0.0008302605290442113,0.0008302605290442112,0.012672338520116825,3.82393715369097e-05
shfa_random_raw,SHFA,0,S0,0,500,7,7,183,131,0.005014706321478693,0.00911587320086242,0.0009288746471124825,0.0009288746471124826,0.014130579522341114,4.571342696616299e-05
shfa_random_raw,SHFA,0,S0,0,500,8,8,183,131,0.0076424348293469505,0.012029456325388963,0.001321427533170255,0.0013214275331702554,0.019671891154735915,9.193433599926059e-05
shfa_random_raw,SHFA,0,S0,0,500,9,9,183,131,0.005313311833736451,0.00561957345143057,0.0007131638764429761,0.0007131638764429761,0.010932885285167022,2.9858546120037238e-05
shfa_random_raw,SHFA,0,S0,0,500,10,a,183,131,0.003461957657738362,0.007717353301089681,0.0007254240852849324,0.0007254240852849326,0.011179310958828043,2.6717150358179847e-05
shfa_random_raw,SHFA,0,S0,0,500,11,b,183,131,0.003103631043029054,0.01098056640055941,0.0009143419669750968,0.000914341966975097,0.014084197443588464,3.407962675081799e-05
shfa_random_raw,SHFA,0,S0,0,500,12,c,183,131,0.0075229926244438465,0.00841661325097605,0.001059543486623633,0.001059543486623633,0.0159396058754199,6.331811940988917e-05
shfa_random_raw,SHFA,0,S0,0,500,13,d,183,131,0.006866060497476785,0.004104510226676768,0.0007138424857884719,0.0007138424857884719,0.010970570724153552,2.8181815528874842e-05
shfa_random_raw,SHFA,0,S0,0,500,14,e,183,131,0.0038800053748992208,0.011446739700483653,0.0010023349787743785,0.0010023349787743785,0.015326745075382873,4.441341156294887e-05
shfa_random_raw,SHFA,0,S0,0,500,15,f,183,131,0.006209128370509719,0.005269943476487385,0.0007501637459881595,0.0007501637459881595,0.011479071846997105,3.272175555084044e-05
shfa_random_raw,SHFA,0,S0,0,1000,0,0,367,248,0.0012988254423152595,0.005950832466181062,0.00046083271189105175,0.0004608327118910517,0.007249657908496321,7.729092610031624e-06
shfa_random_raw,SHFA,0,S0,0,1000,1,1,367,248,0.001892786344838851,0.0023087929240374607,0.00026696875602444815,0.0002669687560244482,0.004201579268876312,4.370051719678669e-06
shfa_random_raw,SHFA,0,S0,0,1000,2,2,367,248,0.0025461433376148027,0.002666493236212279,0.00033257905985236943,0.00033257905985236943,0.005212636573827082,6.789273988176829e-06
shfa_random_raw,SHFA,0,S0,0,1000,3,3,367,248,0.0034073866462740092,0.0035119667013527576,0.0004444262126670213,0.0004444262126670213,0.006919353347626767,1.1966628440348368e-05
shfa_random_raw,SHFA,0,S0,0,1000,4,4,367,248,0.004654704541573551,0.0029266389177939646,0.00048745660567267124,0.0004874566056726712,0.007581343459367515,1.3622639462201469e-05
shfa_random_raw,SHFA,0,S0,0,1000,5,5,367,248,0.00267978454068261,0.00269901144640999,0.0003434075183425024,0.0003434075183425024,0.0053787959870926,7.232769149214902e-06
shfa_random_raw,SHFA,0,S0,0,1000,6,6,367,248,0.0014473156679461574,0.003577003121748179,0.0003191969770182944,0.00031919697701829445,0.005024318789694336,5.177052662398456e-06
shfa_random_raw,SHFA,0,S0,0,1000,7,7,367,248,0.0015958058935770555,0.005267950052029136,0.0004373913723404846,0.00043739137234048464,0.0068637559456061915,8.406625740097652e-06
shfa_random_raw,SHFA,0,S0,0,1000,8,8,367,248,0.001714598074081774,0.0032518210197710717,0.00031597675942356097,0.00031597675942356097,0.004966419093852845,5.57556605775811e-06
shfa_random_raw,SHFA,0,S0,0,1000,9,9,367,248,0.0039864985262345115,0.0018860561914672215,0.00037455343008403784,0.0003745534300840379,0.005872554717701733,7.518760227679554e-06
shfa_random_raw,SHFA,0,S0,0,1000,10,a,367,248,0.002070974615595929,0.0025689386056191466,0.00029531478296720385,0.0002953147829672039,0.004639913221215076,5.320206641261654e-06
shfa_random_raw,SHFA,0,S0,0,1000,11,b,367,248,0.0019521824350912107,0.005137877211238293,0.00045315880154102886,0.0004531588015410288,0.007090059646329504,1.003007364543481e-05
shfa_random_raw,SHFA,0,S0,0,1000,12,c,367,248,0.0039864985262345115,0.005105359001040583,0.0005885936015882398,0.0005885936015882397,0.009091857527275093,2.035250613354638e-05
shfa_random_raw,SHFA,0,S0,0,1000,13,d,367,248,0.002457049202236263,0.002146201873048907,0.00029297651580533597,0.0002929765158053359,0.00460325107528517,5.27332360001279e-06
shfa_random_raw,SHFA,0,S0,0,1000,14,e,367,248,0.0017888431868972232,0.004682622268470344,0.00041284306790223936,0.00041284306790223936,0.0064714654553675675,8.376476941766396e-06
shfa_random_raw,SHFA,0,S0,0,1000,15,f,367,248,0.001833390254586492,0.003544484911550468,0.0003426156219779255,0.0003426156219779255,0.00537787516613696,6.498424094365492e-06
shfa_random_raw,SHFA,0,S0,0,1500,0,0,571,357,0.0010840277756478476,0.0022710064417924033,0.00021215147265159386,0.00021215147265159383,0.003355034217440251,2.461834061578152e-06
shfa_random_raw,SHFA,0,S0,0,1500,1,1,571,357,0.0017219843516612934,0.00172176713822784,0.00021819932418730377,0.00021819932418730382,0.0034437514898891333,2.9648560692329874e-06
shfa_random_raw,SHFA,0,S0,0,1500,2,2,571,357,0.0011392355562643958,0.002490702163218228,0.00022970860393206684,0.00022970860393206684,0.003629937719482624,2.837496464402852e-06
shfa_random_raw,SHFA,0,S0,0,1500,3,3,571,357,0.0018692050999720884,0.002553472369339893,0.0002811903054074068,0.0002811903054074068,0.0044226774693119815,4.77296357540794e-06
shfa_random_raw,SHFA,0,S0,0,1500,4,4,571,357,0.0017771921322778418,0.00136083845302827,0.000198545382973655,0.00019854538297365496,0.0031380305853061117,2.418471392022991e-06
shfa_random_raw,SHFA,0,S0,0,1500,5,5,571,357,0.0013968718658082873,0.0017845373443495047,0.00020133084564466806,0.00020133084564466806,0.003181409210157792,2.4927700098060586e-06
shfa_random_raw,SHFA,0,S0,0,1500,6,6,571,357,0.0009858806101073175,0.0018159224474103368,0.00017690297382521382,0.00017690297382521385,0.002801803057517654,1.7902827303604761e-06
shfa_random_raw,SHFA,0,S0,0,1500,7,7,571,357,0.00101041740149245,0.0025534723693398926,0.0002253231835932326,0.0002253231835932326,0.0035638897708323426,2.5800729162111836e-06
shfa_random_raw,SHFA,0,S0,0,1500,8,8,571,357,0.0009858806101073173,0.0016589969321061761,0.00016694041929593431,0.00016694041929593434,0.002644877542213493,1.6355729075910045e-06
shfa_random_raw,SHFA,0,S0,0,1500,9,9,571,357,0.0018692050999720889,0.001423608659149935,0.00020846187651117398,0.00020846187651117398,0.003292813759122024,2.6610165660474857e-06
shfa_random_raw,SHFA,0,S0,0,1500,10,a,571,357,0.0008938676424130705,0.0010312948708895322,0.00012124449819628737,0.00012124449819628739,0.0019251625133026027,9.218411148747181e-07
shfa_random_raw,SHFA,0,S0,0,1500,11,b,571,357,0.000550352563021215,0.001925770308123249,0.00015581753207139477,0.00015581753207139477,0.0024761228711444637,1.0598526248657849e-06
shfa_random_raw,SHFA,0,S0,0,1500,12,c,571,357,0.0020470968375143,0.002679012781583222,0.0003008660497864345,0.0003008660497864345,0.004726109619097522,5.484198592839402e-06
shfa_random_raw,SHFA,0,S0,0,1500,13,d,571,357,0.0007098417070245764,0.0012823756953761899,0.00012542387140270053,0.00012542387140270056,0.0019922174024007665,9.102837526526627e-07
shfa_random_raw,SHFA,0,S0,0,1500,14,e,571,357,0.0013293956894991732,0.0026319351269919735,0.00025108205924356125,0.00025108205924356125,0.003961330816491146,3.4988832128645887e-06
shfa_random_raw,SHFA,0,S0,0,1500,15,f,571,357,0.0009552096208759015,0.0011568352831328613,0.00013310782669276487,0.00013310782669276487,0.002112044904008763,1.1050201922172066e-06
shfa_random_raw,SHFA,0,S0,0,2000,0,0,766,474,0.0009812426289633172,0.001992869732414677,0.00018783751132154066,0.00018783751132154066,0.0029741123613779945,1.9554887354160004e-06
shfa_random_raw,SHFA,0,S0,0,2000,1,1,766,474,0.0012334769478283994,0.0009335665580658371,0.00013659175194702752,0.0001365917519470275,0.0021670435058942367,1.1515328286377129e-06
shfa_random_raw,SHFA,0,S0,0,2000,2,2,766,474,0.0015743341354839146,0.00219760900140647,0.00023920621692301,0.00023920621692300996,0.0037719431368903847,3.459770867360924e-06
shfa_random_raw,SHFA,0,S0,0,2000,3,3,766,474,0.001512979841705922,0.001939459488329861,0.0002187118212368848,0.00021871182123688482,0.0034524393300357833,2.9343631096483615e-06
shfa_random_raw,SHFA,0,S0,0,2000,4,4,766,474,0.0014959369823231464,0.0012985365593120761,0.00017659712521417498,0.00017659712521417498,0.0027944735416352224,1.9425288619735886e-06
shfa_random_raw,SHFA,0,S0,0,2000,5,5,766,474,0.0010937255008896375,0.0020640833911944306,0.00019962059639616638,0.00019962059639616636,0.003157808892084068,2.25754064091211e-06
shfa_random_raw,SHFA,0,S0,0,2000,6,6,766,474,0.001086908357136527,0.0018059338781178228,0.00018276552432795913,0.0001827655243279591,0.00289284223525435,1.96288462456224e-06
shfa_random_raw,SHFA,0,S0,0,2000,7,7,766,474,0.0006131168662953597,0.0027762199789919707,0.0002135357001241243,0.00021353570012412428,0.0033893368452873303,1.7021472936661265e-06
shfa_random_raw,SHFA,0,S0,0,2000,8,8,766,474,0.0008108140351355589,0.001067092168277876,0.00011823435102016264,0.00011823435102016262,0.001877906203413435,8.652133068229375e-07
shfa_random_raw,SHFA,0,S0,0,2000,9,9,766,474,0.001966319901287758,0.0016991133899481926,0.00023243058117544658,0.00023243058117544655,0.0036654332912359508,3.3410004731996382e-06
shfa_random_raw,SHFA,0,S0,0,2000,10,a,766,474,0.0012709712384705058,0.0007288272890740444,0.00012591372649375997,0.00012591372649375994,0.0019997985275445503,9.263185222255394e-07
shfa_random_raw,SHFA,0,S0,0,2000,11,b,766,474,0.0007801368882465627,0.001690211682600722,0.00015571538216049743,0.00015571538216049743,0.002470348570847285,1.3185964825421143e-06
shfa_random_raw,SHFA,0,S0,0,2000,12,c,766,474,0.00135959410726094,0.0023756431483558547,0.00023668223890150914,0.00023668223890150914,0.003735237255616795,3.229910425459447e-06
shfa_random_raw,SHFA,0,S0,0,2000,13,d,766,474,0.0005858482912829181,0.0012095194858373832,0.00011291908099407007,0.00011291908099407005,0.0017953677771203012,7.085949240512245e-07
shfa_random_raw,SHFA,0,S0,0,2000,14,e,766,474,0.0010391883508647551,0.002117493635279246,0.00019949309885281257,0.00019949309885281254,0.0031566819861440013,2.200474718812455e-06
shfa_random_raw,SHFA,0,S0,0,2000,15,f,766,474,0.000981242628963317,0.0010047802168455908,0.00012511236104456466,0.00012511236104456464,0.0019860228458089078,9.859331815078993e-07
shfa_random_raw,SHFA,0,S0,0,3000,0,0,1180,694,0.000474719908072393,0.0015940461261201408,0.00013005460256748828,0.00013005460256748828,0.002068766034192534,7.567254304549074e-07
shfa_random_raw,SHFA,0,S0,0,3000,1,1,1180,694,0.0007806664751508188,0.0009296439634911012,0.00010762014429124385,0.00010762014429124385,0.0017103104386419201,7.257418761238345e-07
shfa_random_raw,SHFA,0,S0,0,3000,2,2,1180,694,0.0006887388681413389,0.0009504065310732589,0.0001031011693693979,0.0001031011693693979,0.0016391453992145978,6.545819184855326e-07
shfa_random_raw,SHFA,0,S0,0,3000,3,3,1180,694,0.0007619936799770182,0.0014570131800779012,0.00013979816358829504,0.00013979816358829504,0.0022190068600549196,1.1102348348625778e-06
shfa_random_raw,SHFA,0,S0,0,3000,4,4,1180,694,0.0007864119505889113,0.0011455746663455385,0.00012165005716630915,0.00012165005716630915,0.0019319866169344498,9.008936079060362e-07
shfa_random_raw,SHFA,0,S0,0,3000,5,5,1180,694,0.0008093938523412814,0.0015608260179886886,0.00014940206487915752,0.0001494020648791575,0.0023702198703299702,1.263322983534367e-06
shfa_random_raw,SHFA,0,S0,0,3000,6,6,1180,694,0.0009099396725079002,0.0011331171257962442,0.00012872211812036918,0.00012872211812036915,0.0020430567983041443,1.0310682263601276e-06
shfa_random_raw,SHFA,0,S0,0,3000,7,7,1180,694,0.0007232117207698939,0.0019345522344675235,0.0001675093380527471,0.0001675093380527471,0.0026577639552374174,1.399090850408501e-06
shfa_random_raw,SHFA,0,S0,0,3000,8,8,1180,694,0.0007763573685722493,0.0011787947744769912,0.0001231121749497772,0.0001231121749497772,0.0019551521430492404,9.151660091996749e-07
shfa_random_raw,SHFA,0,S0,0,3000,9,9,1180,694,0.0014083596667624242,0.001494385801725785,0.00018352622447024612,0.0001835262244702461,0.002902745468488209,2.1046326897330245e-06
shfa_random_raw,SHFA,0,S0,0,3000,10,a,1180,694,0.001348032174662453,0.0007095607471202319,0.00012955606832841337,0.00012955606832841342,0.002057592921782685,9.56510716995601e-07
shfa_random_raw,SHFA,0,S0,0,3000,11,b,1180,694,0.000644211433496122,0.0018390444235895987,0.00015638822451224124,0.00015638822451224124,0.0024832558570857207,1.184733444383705e-06
shfa_random_raw,SHFA,0,S0,0,3000,12,c,1180,694,0.0010291582878483195,0.001996839937213995,0.00019117995343728497,0.00019117995343728497,0.0030259982250623145,2.055064370890301e-06
shfa_random_raw,SHFA,0,S0,0,3000,13,d,1180,694,0.0004991381786842862,0.0011704897474441281,0.00010493598150373378,0.00010493598150373378,0.0016696279261284143,5.842361207078922e-07
shfa_random_raw,SHFA,0,S0,0,3000,14,e,1180,694,0.000724648089629417,0.002150482937321961,0.00018125403253677216,0.00018125403253677216,0.002875131026951378,1.5583433523110162e-06
shfa_random_raw,SHFA,0,S0,0,3000,15,f,1180,694,0.00093292157426027,0.0013864204502985658,0.0001462522980840064,0.0001462522980840064,0.0023193420245588357,1.2934215490791704e-06
shfa_random_raw,SHFA,0,S0,0,4000,0,0,1576,948,0.000505681671777165,0.0009624971069451121,9.224789081626301e-05,9.224789081626303e-05,0.0014681787787222773,4.867171461206891e-07
shfa_random_raw,SHFA,0,S0,0,4000,1,1,1576,948,0.0004791092272411039,0.0004840303370186402,6.042812616696426e-05,6.042812616696426e-05,0.0009631395642597441,2.3190340073025178e-07
shfa_random_raw,SHFA,0,S0,0,4000,2,2,1576,948,0.00043079569172099254,0.000942468265413306,8.623500858921748e-05,8.623500858921746e-05,0.0013732639571342985,4.0601126832380917e-07
shfa_random_raw,SHFA,0,S0,0,4000,3,3,1576,948,0.0005499690793372669,0.0007577578379533191,8.214967571116142e-05,8.21496757111614e-05,0.0013077269172905859,4.167433804997848e-07
shfa_random_raw,SHFA,0,S0,0,4000,4,4,1576,948,0.0007947576593058312,0.0012028432053267815,0.00012580602288991575,0.00012580602288991572,0.0019976008646326125,9.55968850377436e-07
shfa_random_raw,SHFA,0,S0,0,4000,5,5,1576,948,0.0003736246746888607,0.000862352899286083,7.757079469489674e-05,7.757079469489674e-05,0.0012359775739749436,3.221963214627586e-07
shfa_random_raw,SHFA,0,S0,0,4000,6,6,1576,948,0.00046864129454508006,0.0007488561306058499,7.644453397840829e-05,7.644453397840827e-05,0.00121749742515093,3.5094490647514504e-07
shfa_random_raw,SHFA,0,S0,0,4000,7,7,1576,948,0.000699741039449612,0.0014476401573821859,0.00013522429803046297,0.00013522429803046297,0.0021473811968317977,1.0129732284756106e-06
shfa_random_raw,SHFA,0,S0,0,4000,8,8,1576,948,0.0006361282176814654,0.000826746069896206,9.19555594775227e-05,9.19555594775227e-05,0.0014628742875776714,5.259165039182297e-07
shfa_random_raw,SHFA,0,S0,0,4000,9,9,1576,948,0.001003311087634312,0.0009179885702077658,0.00012100225672594087,0.00012100225672594087,0.0019212996578420777,9.210281108110203e-07
shfa_random_raw,SHFA,0,S0,0,4000,10,a,1576,948,0.0011490569197866475,0.0003638572878278051,9.497523071029663e-05,9.497523071029664e-05,0.0015129142076144527,4.1809273439334137e-07
shfa_random_raw,SHFA,0,S0,0,4000,11,b,1576,948,0.0005515795305212708,0.0010403870462354675,0.00010007176724581911,0.00010007176724581911,0.0015919665767567383,5.738561985229708e-07
shfa_random_raw,SHFA,0,S0,0,4000,12,c,1576,948,0.0008430711948259424,0.0014543164378927878,0.0001448128193418699,0.00014481281934186993,0.0022973876327187304,1.226092296949281e-06
shfa_random_raw,SHFA,0,S0,0,4000,13,d,1576,948,0.0004138859542889535,0.000655388203457423,6.710089083116622e-05,6.710089083116623e-05,0.0010692741577463766,2.7125597201769834e-07
shfa_random_raw,SHFA,0,S0,0,4000,14,e,1576,948,0.0003905344121208998,0.001207294059000516,0.00010033576932067735,0.00010033576932067732,0.0015978284711214159,4.714898755888215e-07
shfa_random_raw,SHFA,0,S0,0,4000,15,f,1576,948,0.0007754322450977867,0.0012050686321636486,0.00012471575390377528,0.00012471575390377528,0.0019805008772614354,9.344490749355769e-07
shfa_random_raw,SHFA,0,S0,0,6000,0,0,2395,1446,0.0003900675990777585,0.00042648772117100824,5.120106655698123e-05,5.1201066556981246e-05,0.0008165553202487668,1.663590414333197e-07
shfa_random_raw,SHFA,0,S0,0,6000,1,1,2395,1446,0.0003280037133729369,0.0003097924545988456,3.996387357371974e-05,3.996387357371974e-05,0.0006377961679717825,1.0161307548333831e-07
shfa_random_raw,SHFA,0,S0,0,6000,2,2,2395,1446,0.0002736106450024189,0.0005910089166661883,5.420042893517918e-05,5.4200428935179174e-05,0.0008646195616686073,1.6170633089121663e-07
shfa_random_raw,SHFA,0,S0,0,6000,3,3,2395,1446,0.00024955217245392055,0.000915268714764247,7.3029712747284e-05,7.3029712747284e-05,0.0011648208872181676,2.284072961485256e-07
shfa_random_raw,SHFA,0,S0,0,6000,4,4,2395,1446,0.000477584651391861,0.0006570086985799527,7.122586164351108e-05,7.12258616435111e-05,0.0011345933499718138,3.13777270272727e-07
shfa_random_raw,SHFA,0,S0,0,6000,5,5,2395,1446,0.0004266783181732994,0.0004915309845063122,5.759780703127494e-05,5.759780703127494e-05,0.0009182093026796115,2.0972561379921937e-07
shfa_random_raw,SHFA,0,S0,0,6000,6,6,2395,1446,0.00036356841192289075,0.0007287475919644788,6.853469984766375e-05,6.853469984766375e-05,0.0010923160038873695,2.6494960470315635e-07
shfa_random_raw,SHFA,0,S0,0,6000,7,7,2395,1446,0.00043818454417475516,0.0009516164207457401,8.727954391508463e-05,8.727954391508463e-05,0.0013898009649204951,4.1698360755368413e-07
shfa_random_raw,SHFA,0,S0,0,6000,8,8,2395,1446,0.0004193561743541912,0.00032414023327575076,4.660445568505216e-05,4.660445568505216e-05,0.0007434964076299419,1.3593020818079396e-07
shfa_random_raw,SHFA,0,S0,0,6000,9,9,2395,1446,0.0005051298590923157,0.0009114426404504053,8.899617811396153e-05,8.899617811396151e-05,0.001416572499542721,4.6039689254144143e-07
shfa_random_raw,SHFA,0,S0,0,6000,10,a,2395,1446,0.0006641249820215222,0.0003174446032265286,6.155892196941381e-05,6.155892196941383e-05,0.0009815695852480508,2.1082289141064756e-07
shfa_random_raw,SHFA,0,S0,0,6000,11,b,2395,1446,0.00043365178847721214,0.0007230084804937163,7.260480073133332e-05,7.260480073133333e-05,0.0011566602689709285,3.1353392065029166e-07
shfa_random_raw,SHFA,0,S0,0,6000,12,c,2395,1446,0.000699689680571476,0.0008569210814781654,9.7887751465877e-05,9.788775146587701e-05,0.0015566107620496414,5.995788377744213e-07
shfa_random_raw,SHFA,0,S0,0,6000,13,d,2395,1446,0.00035554892107339113,0.0007010085531891288,6.628408497615711e-05,6.628408497615711e-05,0.00105655747426252,2.4924283474961366e-07
shfa_random_raw,SHFA,0,S0,0,6000,14,e,2395,1446,0.00034125330695037074,0.0008837036016750555,7.686137356552471e-05,7.686137356552471e-05,0.0012249569086254263,3.0156677643556586e-07
shfa_random_raw,SHFA,0,S0,0,6000,15,f,2395,1446,0.0004441119939330807,0.0006943129231399061,7.145991001377085e-05,7.145991001377085e-05,0.0011384249170729869,3.083526967091695e-07
shfa_random_raw,SHFA,0,S0,0,8000,0,0,3230,1917,0.00023270135820337574,0.0002156357647809228,2.80712489218604e-05,2.8071248921860405e-05,0.00044833712298429857,5.017873534174439e-08
shfa_random_raw,SHFA,0,S0,0,8000,1,1,3230,1917,0.00019762002894688912,0.00019822027277558587,2.477919115369846e-05,2.477919115369846e-05,0.00039584030172247497,3.9172296043771536e-08
shfa_random_raw,SHFA,0,S0,0,8000,2,2,3230,1917,0.0002741088288011962,0.00028747466930293666,3.517776797642095e-05,3.517776797642094e-05,0.0005615834981041329,7.879934491263916e-08
shfa_random_raw,SHFA,0,S0,0,8000,3,3,3230,1917,0.00027391712754842846,0.0003239383556891108,3.7454699966239326e-05,3.745469996623932e-05,0.0005978554832375392,8.873226389312234e-08
shfa_random_raw,SHFA,0,S0,0,8000,4,4,3230,1917,0.000325676465795704,0.000573197585015493,5.63663051393903e-05,5.6366305139390286e-05,0.000898874050811197,1.8667696369047833e-07
shfa_random_raw,SHFA,0,S0,0,8000,5,5,3230,1917,0.0003095735605632182,0.0003277479945652779,3.9934059309176034e-05,3.9934059309176034e-05,0.0006373215551284961,1.0146211364502735e-07
shfa_random_raw,SHFA,0,S0,0,8000,6,6,3230,1917,0.0002164067517181224,0.0005068010217451466,4.53101610043376e-05,4.53101610043376e-05,0.0007232077734632689,1.0967516288329268e-07
shfa_random_raw,SHFA,0,S0,0,8000,7,7,3230,1917,0.00019033538134171716,0.0006717039616706789,5.4005307967968085e-05,5.4005307967968085e-05,0.000862039343012396,1.2784902969333085e-07
shfa_random_raw,SHFA,0,S0,0,8000,8,8,3230,1917,0.00038414534788984867,0.00028475349867710287,4.1915564642246636e-05,4.1915564642246636e-05,0.0006688988465669515,1.0938673181216725e-07
shfa_random_raw,SHFA,0,S0,0,8000,9,9,3230,1917,0.0003714930652071811,0.0004855758908636423,5.374719783051411e-05,5.374719783051411e-05,0.0008570689560708234,1.8038807608764213e-07
shfa_random_raw,SHFA,0,S0,0,8000,10,a,3230,1917,0.00040389057692492,0.0004561872481046367,5.3939113795170064e-05,5.393911379517007e-05,0.0008600778250295567,1.8424973082277334e-07
shfa_random_raw,SHFA,0,S0,0,8000,11,b,3230,1917,0.0003176250131794612,0.00037074249045345315,4.314072606547362e-05,4.314072606547361e-05,0.0006883675036329143,1.1775708841646433e-07
shfa_random_raw,SHFA,0,S0,0,8000,12,c,3230,1917,0.00045622501893049854,0.0006292536999076704,6.812950120853802e-05,6.812950120853804e-05,0.001085478718838169,2.8708128115246317e-07
shfa_random_raw,SHFA,0,S0,0,8000,13,d,3230,1917,0.00028733621524216655,0.00037672906583028785,4.1612327970975784e-05,4.161232797097579e-05,0.0006640652810724544,1.0824790394739192e-07
shfa_random_raw,SHFA,0,S0,0,8000,14,e,3230,1917,0.0002141063366849102,0.0004164581569674623,3.949944718364413e-05,3.9499447183644134e-05,0.0006305644936523725,8.916633037085265e-08
shfa_random_raw,SHFA,0,S0,0,8000,15,f,3230,1917,0.0003592241850300491,0.0007859931279557017,7.185842980243851e-05,7.185842980243853e-05,0.0011452173129857508,2.8234774082910607e-07
shfa_random_raw,SHFA,0,S5,5,250,0,0,120,52,0.009166666666666668,0.01812130177514793,0.0018716099605522686,0.0018716099605522686,0.0272879684418146,0.00016611193293885606
shfa_random_raw,SHFA,0,S5,5,250,1,1,120,52,0.009444444444444443,0.01146449704142012,0.0014150846482577253,0.0014150846482577253,0.020908941485864564,0.00010827580539119
shfa_random_raw,SHFA,0,S5,5,250,2,2,120,52,0.010138888888888888,0.010724852071005918,0.0014127218934911244,0.0014127218934911244,0.020863740959894808,0.00010873808349769888
shfa_random_raw,SHFA,0,S5,5,250,3,3,120,52,0.010972222222222223,0.02699704142011835,0.002669296515450362,0.0026692965154503623,0.03796926364234057,0.0002962175378040764
shfa_random_raw,SHFA,0,S5,5,250,4,4,120,52,0.005694444444444443,0.012943786982248521,0.0012385971400394478,0.0012385971400394476,0.018638231426692964,7.37076758711374e-05
shfa_random_raw,SHFA,0,S5,5,250,5,5,120,52,0.008888888888888889,0.01072485207100592,0.001321190828402367,0.001321190828402367,0.019613740959894807,9.533201840894151e-05
shfa_random_raw,SHFA,0,S5,5,250,6,6,120,52,0.005416666666666665,0.01812130177514793,0.0015692800788954637,0.0015692800788954637,0.023537968441814598,9.815705128205127e-05
shfa_random_raw,SHFA,0,S5,5,250,7,7,120,52,0.00902777777777778,0.015162721893491125,0.0016487919132149903,0.0016487919132149903,0.024190499671268906,0.00013688568376068382
shfa_random_raw,SHFA,0,S5,5,250,8,8,120,52,0.005277777777777778,0.012943786982248524,0.0012071622287968442,0.0012071622287968444,0.0182215647600263,6.831443129520055e-05
shfa_random_raw,SHFA,0,S5,5,250,9,9,120,52,0.010972222222222222,0.01664201183431953,0.0019084894806048656,0.0019084894806048653,0.027614234056541752,0.00018259985207100593
shfa_random_raw,SHFA,0,S5,5,250,10,a,120,52,0.009027777777777779,0.02699704142011835,0.0024952744904667983,0.0024952744904667987,0.03602481919789613,0.00024372329059829068
shfa_random_raw,SHFA,0,S5,5,250,11,b,120,52,0.01013888888888889,0.015162721893491124,0.0017350838264299803,0.0017350838264299803,0.025301610782380014,0.00015373315253122945
shfa_random_raw,SHFA,0,S5,5,250,12,c,120,52,0.003749999999999999,0.018121301775147924,0.00143491124260355,0.00143491124260355,0.021871301775147924,6.79548816568047e-05
shfa_random_raw,SHFA,0,S5,5,250,13,d,120,52,0.00638888888888889,0.0025887573964497044,0.0005776421761998686,0.0005776421761998687,0.008977646285338595,1.6539283366206448e-05
shfa_random_raw,SHFA,0,S5,5,250,14,e,120,52,0.010277777777777778,0.017381656804733733,0.0019073594674556213,0.0019073594674556217,0.02765943458251151,0.00017864480604865227
shfa_random_raw,SHFA,0,S5,5,250,15,f,120,52,0.01125,0.012943786982248521,0.0016577292899408289,0.0016577292899408284,0.02419378698224852,0.00014561760355029585
shfa_random_raw,SHFA,0,S5,5,500,0,0,225,98,0.006062962962962963,0.009553311120366514,0.0010339385017045367,0.0010339385017045367,0.015616274083329476,5.792137149644438e-05
shfa_random_raw,SHFA,0,S5,5,500,1,1,225,98,0.004680246913580247,0.007887338608912954,0.0008223887873365521,0.0008223887873365523,0.0125675855224932,3.691469218072717e-05
shfa_random_raw,SHFA,0,S5,5,500,2,2,225,98,0.0040876543209876545,0.009553311120366514,0.000891610973565541,0.000891610973565541,0.013640965441354168,3.905063348090559e-05
shfa_random_raw,SHFA,0,S5,5,500,3,3,225,98,0.005154320987654322,0.007470845481049563,0.0008275800399524891,0.000827580039952489,0.012625166468703885,3.850713565849621e-05
shfa_random_raw,SHFA,0,S5,5,500,4,4,225,98,0.003139506172839506,0.008095585172844649,0.0007276093487281534,0.0007276093487281534,0.011235091345684154,2.5416139622893754e-05
shfa_random_raw,SHFA,0,S5,5,500,5,5,225,98,0.0017962962962962963,0.003514160766347355,0.0003382160403844077,0.00033821604038440775,0.005310457062643652,6.312473969179508e-06
shfa_random_raw,SHFA,0,S5,5,500,6,6,225,98,0.0027444444444444443,0.01496772178259059,0.0011480884700819103,0.0011480884700819105,0.017712166227035035,4.1078080892220835e-05
shfa_random_raw,SHFA,0,S5,5,500,7,7,225,98,0.002625925925925926,0.013509995835068723,0.001043971358384624,0.001043971358384624,0.01613592176099465,3.547624832245824e-05
shfa_random_raw,SHFA,0,S5,5,500,8,8,225,98,0.003969135802469137,0.007887338608912954,0.0007723355687702141,0.0007723355687702142,0.01185647441138209,3.130591805883352e-05
shfa_random_raw,SHFA,0,S5,5,500,9,9,225,98,0.005707407407407408,0.007054352353186172,0.0008378720479121353,0.0008378720479121353,0.012761759760593579,4.0262062875036634e-05
shfa_random_raw,SHFA,0,S5,5,500,10,a,225,98,0.007208641975308641,0.013301749271137028,0.0013777870010438036,0.0013777870010438038,0.02051039124644567,9.58875481409495e-05
shfa_random_raw,SHFA,0,S5,5,500,11,b,225,98,0.005509876543209876,0.01059454394002499,0.0010649009093433293,0.0010649009093433293,0.016104420483234867,5.837462914115003e-05
shfa_random_raw,SHFA,0,S5,5,500,12,c,225,98,0.003218518518518519,0.012260516451478548,0.0010069003848705014,0.0010069003848705014,0.015479034969997068,3.946069924568467e-05
shfa_random_raw,SHFA,0,S5,5,500,13,d,225,98,0.002665432098765432,0.004347147022074135,0.00044987322026316187,0.0004498732202631619,0.007012579120839567,1.158702521068896e-05
shfa_random_raw,SHFA,0,S5,5,500,14,e,225,98,0.006537037037037037,0.0068461057892544785,0.00088119967374705,0.00088119967374705,0.013383142826291515,4.4753247103830206e-05
shfa_random_raw,SHFA,0,S5,5,500,15,f,225,98,0.00558888888888889,0.012677009579341942,0.0012124690522467493,0.0012124690522467491,0.018265898468230832,7.08503979823222e-05
shfa_random_raw,SHFA,0,S5,5,1000,0,0,448,182,0.0017438616071428575,0.003192549209032726,0.0003140930400055204,0.0003140930400055204,0.004936410816175583,5.567363994546467e-06
shfa_random_raw,SHFA,0,S5,5,1000,1,1,448,182,0.002262037627551021,0.0024076198526747977,0.00029729971921370286,0.00029729971921370286,0.004669657480225818,5.4461266995892374e-06
shfa_random_raw,SHFA,0,S5,5,1000,2,2,448,182,0.0019232302295918372,0.0020453447651249852,0.0002519696060520272,0.0002519696060520272,0.003968574994716823,3.933668882225787e-06
shfa_random_raw,SHFA,0,S5,5,1000,3,3,448,182,0.001933195153061225,0.002951032483999518,0.00031096914901089056,0.00031096914901089056,0.004884227637060743,5.704921694594095e-06
shfa_random_raw,SHFA,0,S5,5,1000,4,4,448,182,0.0019431600765306123,0.0066945417220142505,0.0005528649286139407,0.0005528649286139405,0.008637701798544863,1.3008566204886589e-05
shfa_random_raw,SHFA,0,S5,5,1000,5,5,448,182,0.0024214764030612247,0.0024076198526747977,0.0003076485106442952,0.0003076485106442952,0.004829096255736022,5.8299946607937645e-06
shfa_random_raw,SHFA,0,S5,5,1000,6,6,448,182,0.0011260363520408162,0.003615203477840841,0.0003003983399036767,0.00030039833990367677,0.004741239829881658,4.070850536073172e-06
shfa_random_raw,SHFA,0,S5,5,1000,7,7,448,182,0.0013751594387755102,0.0066945417220142505,0.0005135623847866643,0.0005135623847866644,0.00806970116078976,9.206062237304355e-06
shfa_random_raw,SHFA,0,S5,5,1000,8,8,448,182,0.0024812659438775515,0.005064303828040092,0.00048416399536281736,0.0004841639953628173,0.007545569771917644,1.2565884617964597e-05
shfa_random_raw,SHFA,0,S5,5,1000,9,9,448,182,0.0018734056122448979,0.004158616109165559,0.0003847921323462364,0.00038479213234623636,0.006032021721410457,7.7907747580828e-06
shfa_random_raw,SHFA,0,S5,5,1000,10,a,448,182,0.0028101084183673464,0.00953236324115445,0.0007981914529110157,0.0007981914529110157,0.012342471659521796,2.678697419090356e-05
shfa_random_raw,SHFA,0,S5,5,1000,11,b,448,182,0.002670599489795918,0.0027095157589663082,0.00034349323445112854,0.00034349323445112854,0.005380115248762226,7.236031403489422e-06
shfa_random_raw,SHFA,0,S5,5,1000,12,c,448,182,0.001963089923469388,0.007177575172080667,0.0005853817939671341,0.0005853817939671341,0.009140665095550055,1.4090225495255617e-05
shfa_random_raw,SHFA,0,S5,5,1000,13,d,448,182,0.0012954400510204083,0.0030114116652578187,0.0002730793355486742,0.00027307933554867426,0.004306851716278227,3.901103281285041e-06
shfa_random_raw,SHFA,0,S5,5,1000,14,e,448,182,0.0035176179846938774,0.0032529283902910278,0.0004346017078451656,0.0004346017078451656,0.006770546374984905,1.1442559408609023e-05
shfa_random_raw,SHFA,0,S5,5,1000,15,f,448,182,0.0027004942602040817,0.008264400434730104,0.0007076238843714035,0.0007076238843714034,0.010964894694934186,2.2317965938016764e-05
shfa_random_raw,SHFA,0,S5,5,1500,0,0,665,284,0.0007867883995703544,0.003012795080341202,0.00023984439971396737,0.00023984439971396737,0.0037995834799115563,2.3704322194950915e-06
shfa_random_raw,SHFA,0,S5,5,1500,1,1,665,284,0.0014470857595115607,0.0011034516960920456,0.0001610053802109491,0.00016100538021094908,0.0025505374556036063,1.5967892357236778e-06
shfa_random_raw,SHFA,0,S5,5,1500,2,2,665,284,0.001044575725026853,0.0008306883554850227,0.00011807172192319438,0.00011807172192319436,0.0018752640805118758,8.677168912021319e-07
shfa_random_raw,SHFA,0,S5,5,1500,3,3,665,284,0.0013747244049974558,0.002616048403094624,0.0002530196460901438,0.0002530196460901438,0.003990772808092079,3.596345584388801e-06
shfa_random_raw,SHFA,0,S5,5,1500,4,4,665,284,0.0015239696986827974,0.002467268399127157,0.0002532124233919096,0.00025321242339190953,0.003991238097809954,3.7600422787874012e-06
shfa_random_raw,SHFA,0,S5,5,1500,5,5,665,284,0.0015511052066255865,0.0017481650466177347,0.0002089159787335572,0.0002089159787335572,0.0032992702532433213,2.7115879058496296e-06
shfa_random_raw,SHFA,0,S5,5,1500,6,6,665,284,0.0005606591667137767,0.001673775044634001,0.00014059055553102692,0.00014059055553102692,0.002234434211347778,9.384173217908135e-07
shfa_random_raw,SHFA,0,S5,5,1500,7,7,665,284,0.0006465882751992764,0.002616048403094624,0.00020560629861816356,0.00020560629861816356,0.0032626366782939004,1.6915062247947741e-06
shfa_random_raw,SHFA,0,S5,5,1500,8,8,665,284,0.001750098931539375,0.0030127950803412024,0.00030295356519358834,0.0003029535651935883,0.004762894011880577,5.272689451052224e-06
shfa_random_raw,SHFA,0,S5,5,1500,9,9,665,284,0.0007506077223133018,0.002814421741717913,0.00022492686819513085,0.00022492686819513083,0.0035650294640312144,2.112526693179918e-06
shfa_random_raw,SHFA,0,S5,5,1500,10,a,665,284,0.0018631635479676634,0.004327018448720492,0.00039494831783804934,0.00039494831783804934,0.006190181996688156,8.061943045039607e-06
shfa_random_raw,SHFA,0,S5,5,1500,11,b,665,284,0.0013204533891118773,0.0021449117238643125,0.00021941757551613428,0.0002194175755161343,0.00346536511297619,2.8322559551224305e-06
shfa_random_raw,SHFA,0,S5,5,1500,12,c,665,284,0.0011983436033693258,0.003335151755604047,0.0002873401177084299,0.0002873401177084299,0.004533495358973373,3.996657772594087e-06
shfa_random_raw,SHFA,0,S5,5,1500,13,d,665,284,0.0006465882751992762,0.00142580837135489,0.00013044670138523444,0.00013044670138523441,0.002072396646554166,9.219109755990473e-07
shfa_random_raw,SHFA,0,S5,5,1500,14,e,665,284,0.0021706993046526086,0.002715235072406269,0.0003112648574498205,0.00031126485744982046,0.004885934377058877,5.893958883640663e-06
shfa_random_raw,SHFA,0,S5,5,1500,15,f,665,284,0.0018495957939962684,0.0037318984328506243,0.0003557458928229526,0.0003557458928229526,0.005581494226846893,6.90250364502178e-06
shfa_random_raw,SHFA,0,S5,5,2000,0,0,889,384,0.0007945347523348108,0.003553602430555555,0.0002745820345577057,0.0002745820345577057,0.004348137182890366,2.82346062705784e-06
shfa_random_raw,SHFA,0,S5,5,2000,1,1,889,384,0.0010349433964174054,0.0017225477430555553,0.00017412593562874908,0.0001741259356287491,0.002757491139472961,1.7827394116890524e-06
shfa_random_raw,SHFA,0,S5,5,2000,2,2,889,384,0.0011513517924995036,0.001532660590277778,0.00016951540544148975,0.00016951540544148975,0.0026840123827772816,1.764631517909667e-06
shfa_random_raw,SHFA,0,S5,5,2000,3,3,889,384,0.0007287387023753639,0.0020751953125000004,0.00017675815106891696,0.00017675815106891696,0.002803934014875364,1.512275139206688e-06
shfa_random_raw,SHFA,0,S5,5,2000,4,4,889,384,0.001201964138622155,0.0032958984375000004,0.0002850779627340505,0.0002850779627340505,0.004497862576122155,3.961551726415795e-06
shfa_random_raw,SHFA,0,S5,5,2000,5,5,889,384,0.00113869870596884,0.0013699001736111114,0.00015834733352874442,0.00015834733352874442,0.0025085988795799513,1.559903554997462e-06
shfa_random_raw,SHFA,0,S5,5,2000,6,6,889,384,0.0005642485774767469,0.0017361111111111114,0.00014475207876152717,0.00014475207876152717,0.0023003596885878583,9.79598224786019e-07
shfa_random_raw,SHFA,0,S5,5,2000,7,7,889,384,0.0009590248772334284,0.002156575520833334,0.0001967932344532844,0.00019679323445328446,0.0031156003980667623,2.068209574111805e-06
shfa_random_raw,SHFA,0,S5,5,2000,8,8,889,384,0.0020041698246661796,0.002400716145833333,0.0002801168160132876,0.0002801168160132876,0.004404885970499513,4.8114428570680575e-06
shfa_random_raw,SHFA,0,S5,5,2000,9,9,889,384,0.0006730651216404473,0.003146701388888889,0.00024085334186116217,0.00024085334186116217,0.0038197665105293363,2.1179349530786645e-06
shfa_random_raw,SHFA,0,S5,5,2000,10,a,889,384,0.0014929851288274004,0.0030246310763888886,0.0002868667420432558,0.0002868667420432559,0.004517616205216289,4.515729217237823e-06
shfa_random_raw,SHFA,0,S5,5,2000,11,b,889,384,0.0013588624116023743,0.001614040798611111,0.00018799971001036815,0.00018799971001036815,0.0029729032102134853,2.1932593720253164e-06
shfa_random_raw,SHFA,0,S5,5,2000,12,c,889,384,0.001158943644417901,0.002048068576388889,0.0002028118598603623,0.00020281185986036228,0.00320701222080679,2.373596059937921e-06
shfa_random_raw,SHFA,0,S5,5,2000,13,d,889,384,0.0005364117871092885,0.0018174913194444445,0.00014809386792632707,0.00014809386792632713,0.002353903106553733,9.749237667188133e-07
shfa_random_raw,SHFA,0,S5,5,2000,14,e,889,384,0.00218131303609546,0.002332899305555555,0.0002872270550202949,0.00028722705502029483,0.004514212341651015,5.0887836671063785e-06
shfa_random_raw,SHFA,0,S5,5,2000,15,f,889,384,0.001614454759521764,0.0036349826388888894,0.000333958352422799,0.000333958352422799,0.0052494373984106535,5.868515022133149e-06
shfa_random_raw,SHFA,0,S5,5,3000,0,0,1359,573,0.000634008092562542,0.002523193199504156,0.00019892480566175303,0.00019892480566175303,0.003157201292066698,1.5997249075844076e-06
shfa_random_raw,SHFA,0,S5,5,3000,1,1,1359,573,0.0003492036032640978,0.001140433833136884,9.350058337887705e-05,9.350058337887706e-05,0.001489637436400982,3.982436038156868e-07
shfa_random_raw,SHFA,0,S5,5,3000,2,2,1359,573,0.0005473755482892508,0.000884592893104173,8.998223210696465e-05,8.998223210696466e-05,0.0014319684413934238,4.842045198756713e-07
shfa_random_raw,SHFA,0,S5,5,3000,3,3,1359,573,0.0006502516946137839,0.0006592092078372608,8.22699583076915e-05,8.226995830769147e-05,0.0013094609024510446,4.286519045011889e-07
shfa_random_raw,SHFA,0,S5,5,3000,4,4,1359,573,0.00057011659116099,0.002511010297597836,0.00019400199917866327,0.00019400199917866324,0.003081126888758826,1.4315686312366212e-06
shfa_random_raw,SHFA,0,S5,5,3000,5,5,1359,573,0.0011299794085271328,0.001719121673687064,0.00018001138973040642,0.0001800113897304064,0.002849101082214197,1.942572092019083e-06
shfa_random_raw,SHFA,0,S5,5,3000,6,6,1359,573,0.0004022660366314885,0.0009759646574015697,8.653201581169148e-05,8.653201581169148e-05,0.0013782306940330583,3.9259743462533797e-07
shfa_random_raw,SHFA,0,S5,5,3000,7,7,1359,573,0.0005874431000156483,0.0017008473208275847,0.00014401730232550233,0.0001440173023255023,0.0022882904208432328,9.991510228002662e-07
shfa_random_raw,SHFA,0,S5,5,3000,8,8,1359,573,0.0012133632323901755,0.001688664418921265,0.0001834256915247296,0.0001834256915247296,0.0029020276513114403,2.0489633177645836e-06
shfa_random_raw,SHFA,0,S5,5,3000,9,9,1359,573,0.0006350909993659581,0.0022064377499398475,0.0001789968355872609,0.00017899683558726093,0.0028415287493058056,1.4012887556480736e-06
shfa_random_raw,SHFA,0,S5,5,3000,10,a,1359,573,0.0008040244606988751,0.0016399328112959867,0.00015406587559386352,0.0001540658755938635,0.0024439572719948616,1.3185460941846459e-06
shfa_random_raw,SHFA,0,S5,5,3000,11,b,1359,573,0.0007574594681519813,0.002035877123251373,0.00017612563136571038,0.0001761256313657104,0.0027933365914033542,1.5420944030007705e-06
shfa_random_raw,SHFA,0,S5,5,3000,12,c,1359,573,0.0006134328632976353,0.001847042143703419,0.0001549127242884093,0.0001549127242884093,0.0024604750070010544,1.1330363508433908e-06
shfa_random_raw,SHFA,0,S5,5,3000,13,d,1359,573,0.0003957685958109915,0.001109976578371085,9.454836725818479e-05,9.454836725818479e-05,0.0015057451741820765,4.392938718050132e-07
shfa_random_raw,SHFA,0,S5,5,3000,14,e,1359,573,0.0011397255697578783,0.001920139555141337,0.00019343000245469907,0.00019343000245469907,0.0030598651248992153,2.1884321484980992e-06
shfa_random_raw,SHFA,0,S5,5,3000,15,f,1359,573,0.000799692833485211,0.0028582230019279435,0.0002309054401644665,0.00023090544016446653,0.0036579158354131548,2.285700451144363e-06
shfa_random_raw,SHFA,0,S5,5,4000,0,0,1822,748,0.0005102142252093875,0.0009705024450227348,9.303995604255873e-05,9.303995604255873e-05,0.0014807166702321224,4.951641530510908e-07
shfa_random_raw,SHFA,0,S5,5,4000,1,1,1822,748,0.0005499770460079937,0.0009097343361262832,9.173229438622709e-05,9.173229438622709e-05,0.001459711382134277,5.003330028347765e-07
shfa_random_raw,SHFA,0,S5,5,4000,2,2,1822,748,0.0004897303478282873,0.0009633532557407991,9.128950854808336e-05,9.128950854808335e-05,0.0014530836035690864,4.7178332501545454e-07
shfa_random_raw,SHFA,0,S5,5,4000,3,3,1822,748,0.0004349058524847543,0.0010276959592782175,9.185956422245076e-05,9.185956422245077e-05,0.001462601811762972,4.4695098726503057e-07
shfa_random_raw,SHFA,0,S5,5,4000,4,4,1822,748,0.0005957645366245702,0.0019856873230575654,0.00016252374331803617,0.00016252374331803614,0.0025814518596821356,1.1830020879026737e-06
shfa_random_raw,SHFA,0,S5,5,4000,5,5,1822,748,0.00104701230599057,0.0015781835339872458,0.00016572711757980983,0.00016572711757980983,0.002625195839977816,1.6523775811963335e-06
shfa_random_raw,SHFA,0,S5,5,4000,6,6,1822,748,0.0002830841730718948,0.0014387743429895054,0.00010802345149895975,0.00010802345149895975,0.0017218585160614001,4.072942451222428e-07
shfa_random_raw,SHFA,0,S5,5,4000,7,7,1822,748,0.000554194314880573,0.001335111098401441,0.00011882149931059392,0.00011882149931059391,0.001889305413282014,7.399109804680359e-07
shfa_random_raw,SHFA,0,S5,5,4000,8,8,1822,748,0.0006969789895664769,0.0015567359661414397,0.00014194219699244784,0.00014194219699244787,0.002253714955707917,1.0850122607030539e-06
shfa_random_raw,SHFA,0,S5,5,4000,9,9,1822,748,0.0007867465698542389,0.0021930138122336932,0.00018796036997491356,0.0001879603699749136,0.002979760382087932,1.7253460944178263e-06
shfa_random_raw,SHFA,0,S5,5,4000,10,a,1822,748,0.0006517939659316972,0.0010419943378420886,0.00010654093460780206,0.00010654093460780207,0.0016937883037737857,6.791656219404677e-07
shfa_random_raw,SHFA,0,S5,5,4000,11,b,1822,748,0.0009060350322500577,0.0006309159541308018,9.663106860565171e-05,9.66310686056517e-05,0.0015369509863808594,5.716319568479769e-07
shfa_random_raw,SHFA,0,S5,5,4000,12,c,1822,748,0.00045960699873843423,0.0007095570362320915,7.339886956551423e-05,7.339886956551423e-05,0.0011691640349705257,3.2611737985637004e-07
shfa_random_raw,SHFA,0,S5,5,4000,13,d,1822,748,0.0003861060269591927,0.0006845348737453171,6.717935933444867e-05,6.717935933444867e-05,0.0010706409007045098,2.6430304041681694e-07
shfa_random_raw,SHFA,0,S5,5,4000,14,e,1822,748,0.0013615000704886367,0.0008489662272298319,0.00013931001118562019,0.00013931001118562019,0.0022104662977184687,1.155867578215888e-06
shfa_random_raw,SHFA,0,S5,5,4000,15,f,1822,748,0.0007319220745107065,0.0025933684120220766,0.0002097287989963967,0.00020972879899639667,0.003325290486532783,1.898143588097735e-06
shfa_random_raw,SHFA,0,S5,5,6000,0,0,2744,1120,0.00046988287193261305,0.0008705357142857139,8.418521146019391e-05,8.41852114601939e-05,0.0013404185862183268,4.0904982154847995e-07
shfa_random_raw,SHFA,0,S5,5,6000,1,1,2744,1120,0.00045846118539044124,0.0009502551020408167,8.848042304495857e-05,8.848042304495857e-05,0.001408716287431258,4.356550805049475e-07
shfa_random_raw,SHFA,0,S5,5,6000,2,2,2744,1120,0.00026854244404967315,0.0007828443877551021,6.592190393299677e-05,6.592190393299678e-05,0.0010513868318047753,2.1022694519832515e-07
shfa_random_raw,SHFA,0,S5,5,6000,3,3,2744,1120,0.0003036043655279686,0.0008067602040816326,6.96427215204935e-05,6.96427215204935e-05,0.0011103645696096012,2.449359198934185e-07
shfa_random_raw,SHFA,0,S5,5,6000,4,4,2744,1120,0.0003131667077493222,0.0013376913265306125,0.00010359754753121032,0.00010359754753121033,0.0016508580342799346,4.189203887144154e-07
shfa_random_raw,SHFA,0,S5,5,6000,5,5,2744,1120,0.0004632423565011179,0.0009135841836734692,8.647486965101872e-05,8.647486965101875e-05,0.0013768265401745872,4.2321089010704796e-07
shfa_random_raw,SHFA,0,S5,5,6000,6,6,2744,1120,0.0002741204770121293,0.0012834821428571433,9.770199247906609e-05,9.770199247906609e-05,0.0015576026198692726,3.5182873723655e-07
shfa_random_raw,SHFA,0,S5,5,6000,7,7,2744,1120,0.000472539078105211,0.0008019770408163262,8.003622292412496e-05,8.003622292412496e-05,0.0012745161189215372,3.7896549152889194e-07
shfa_random_raw,SHFA,0,S5,5,6000,8,8,2744,1120,0.0003681501755221039,0.0010666454081632653,9.00674096745707e-05,9.006740967457072e-05,0.0014347955836853691,3.926856942351523e-07
shfa_random_raw,SHFA,0,S5,5,6000,9,9,2744,1120,0.0004475707400827887,0.0012420280612244902,0.00010615582050027076,0.00010615582050027077,0.0016895988013072788,5.558954185658363e-07
shfa_random_raw,SHFA,0,S5,5,6000,10,a,2744,1120,0.0004130400598390126,0.0007971938775510205,7.596889409376402e-05,7.596889409376403e-05,0.001210233937390033,3.29273006886968e-07
shfa_random_raw,SHFA,0,S5,5,6000,11,b,2744,1120,0.00042153991959132666,0.0006871811224489796,6.958473940262096e-05,6.958473940262095e-05,0.0011087210420403061,2.896742751018205e-07
shfa_random_raw,SHFA,0,S5,5,6000,12,c,2744,1120,0.0002889952315786789,0.0005197704081632653,5.069806365334641e-05,5.0698063653346396e-05,0.0008087656397419441,1.5021116947488727e-07
shfa_random_raw,SHFA,0,S5,5,6000,13,d,2744,1120,0.0004053370619384781,0.0004910714285714287,5.622458010692825e-05,5.622458010692825e-05,0.0008964084905099068,1.990494500590741e-07
shfa_random_raw,SHFA,0,S5,5,6000,14,e,2744,1120,0.0007206287346258789,0.0006728316326530612,8.75761347629888e-05,8.757613476298879e-05,0.00139346036727894,4.848618080550396e-07
shfa_random_raw,SHFA,0,S5,5,6000,15,f,2744,1120,0.00039975902897602207,0.0016964285714285707,0.00013168988766372854,0.0001316898876637285,0.0020961876004045926,6.781626384414658e-07
shfa_random_raw,SHFA,0,S5,5,8000,0,0,3658,1499,0.00034509845478995386,0.0008319700347262861,7.385389216818057e-05,7.385389216818059e-05,0.00117706848951624,2.8711157341558557e-07
shfa_random_raw,SHFA,0,S5,5,8000,1,1,3658,1499,0.00035496321490738645,0.0007705548417646453,7.061839716589721e-05,7.061839716589721e-05,0.0011255180566720317,2.7351862389523093e-07
shfa_random_raw,SHFA,0,S5,5,8000,2,2,3658,1499,0.00029726931482664486,0.0003094958569221821,3.801482685563064e-05,3.801482685563063e-05,0.000606765171748827,9.200362132894238e-08
shfa_random_raw,SHFA,0,S5,5,8000,3,3,3658,1499,0.00031983869024683107,0.0004127445871185638,4.591846652348766e-05,4.591846652348766e-05,0.000732583277365395,1.3201168815047052e-07
shfa_random_raw,SHFA,0,S5,5,8000,4,4,3658,1499,0.0003817176400743623,0.0006895579930761048,6.721794352171562e-05,6.721794352171561e-05,0.001071275633150467,2.6321644981142414e-07
shfa_random_raw,SHFA,0,S5,5,8000,5,5,3658,1499,0.00030025863607435147,0.0007803456696280954,6.777207463283198e-05,6.777207463283199e-05,0.0010806043057024468,2.343055264290584e-07
shfa_random_raw,SHFA,0,S5,5,8000,6,6,3658,1499,0.0001923441390321355,0.000785686121189977,6.127801338441183e-05,6.127801338441182e-05,0.0009780302602221125,1.5112212052978418e-07
shfa_random_raw,SHFA,0,S5,5,8000,7,7,3658,1499,0.00032402373999362085,0.0005711779834543909,5.613518294190164e-05,5.613518294190164e-05,0.0008952017234480118,1.8507522640090623e-07
shfa_random_raw,SHFA,0,S5,5,8000,8,8,3658,1499,0.0002817248443385693,0.0009815026784589773,7.922823386415339e-05,7.92282338641534e-05,0.0012632275227975466,2.765136893067442e-07
shfa_random_raw,SHFA,0,S5,5,8000,9,9,3658,1499,0.000256166147670676,0.0010126553125699544,7.956074927537868e-05,7.956074927537868e-05,0.0012688214602406304,2.594080103392895e-07
shfa_random_raw,SHFA,0,S5,5,8000,10,a,3658,1499,0.00039935463543583257,0.0009022859802910635,8.171287057164901e-05,8.171287057164901e-05,0.001301640615726896,3.6033208871800045e-07
shfa_random_raw,SHFA,0,S5,5,8000,11,b,3658,1499,0.00036243651802665336,0.0009165271844560814,8.026741432658195e-05,8.026741432658195e-05,0.0012789637024827347,3.321829214110344e-07
shfa_random_raw,SHFA,0,S5,5,8000,12,c,3658,1499,0.00023867861837159122,0.0004430071459692273,4.271109660482984e-05,4.271109660482983e-05,0.0006816857643408185,1.0573633352867701e-07
shfa_random_raw,SHFA,0,S5,5,8000,13,d,3658,1499,0.0003876962825697759,0.0003949430819122915,4.9068078244813256e-05,4.9068078244813256e-05,0.0007826393644820674,1.531179646840459e-07
shfa_random_raw,SHFA,0,S5,5,8000,14,e,3658,1499,0.0004474827075239125,0.0005293444462196503,6.128856959497978e-05,6.128856959497978e-05,0.0009768271537435628,2.3687248600711518e-07
shfa_random_raw,SHFA,0,S5,5,8000,15,f,3658,1499,0.00030369635550921435,0.0008684631203991458,7.352371632883187e-05,7.352371632883188e-05,0.0011721594759083601,2.6374908455938064e-07
shfa_random_raw,SHFA,1,S0,0,250,0,0,104,64,0.005917159763313609,0.01416015625,0.0013386201576368346,0.0013386201576368341,0.02007731601331361,8.378790680473372e-05
shfa_random_raw,SHFA,1,S0,0,250,1,1,104,64,0.008136094674556213,0.01318359375,0.0014397434934356507,0.001439743493435651,0.021319688424556213,0.00010726296690088757
shfa_random_raw,SHFA,1,S0,0,250,2,2,104,64,0.007951183431952662,0.01806640625,0.0017697486651719677,0.0017697486651719674,0.02601758968195266,0.000143649310049926
shfa_random_raw,SHFA,1,S0,0,250,3,3,104,64,0.0059171597633136085,0.0263671875,0.002173790564903846,0.0021737905649038465,0.03228434726331361,0.00015601886094674555
shfa_random_raw,SHFA,1,S0,0,250,4,4,104,64,0.008875739644970414,0.02587890625,0.002401859802607249,0.0024018598026072486,0.03475464589497042,0.00022969443417159764
shfa_random_raw,SHFA,1,S0,0,250,5,5,104,64,0.009800295857988167,0.02880859375,0.0026953883425018493,0.0026953883425018493,0.03860888960798817,0.0002823327420025888
shfa_random_raw,SHFA,1,S0,0,250,6,6,104,64,0.006656804733727811,0.01806640625,0.0016654652251294377,0.0016654652251294377,0.02472321098372781,0.00012026453864644971
shfa_random_raw,SHFA,1,S0,0,250,7,7,104,64,0.0029585798816568042,0.0146484375,0.0011437771588387572,0.0011437771588387574,0.017607017381656806,4.333857248520709e-05
shfa_random_raw,SHFA,1,S0,0,250,8,8,104,64,0.008136094674556211,0.01953125,0.0018881171412721896,0.0018881171412721894,0.027667344674556213,0.000158908099112426
shfa_random_raw,SHFA,1,S0,0,250,9,9,104,64,0.00610207100591716,0.013671875,0.001319298377403846,0.0013192983774038462,0.01977394600591716,8.342675203402367e-05
shfa_random_raw,SHFA,1,S0,0,250,10,a,104,64,0.008136094674556213,0.01220703125,0.0013707629322300295,0.0013707629322300295,0.020343125924556213,9.931756194526628e-05
shfa_random_raw,SHFA,1,S0,0,250,11,b,104,64,0.008505917159763312,0.00830078125,0.0011210244082840238,0.0011210244082840235,0.016806698409763312,7.060575767381656e-05
shfa_random_raw,SHFA,1,S0,0,250,12,c,104,64,0.0055473372781065095,0.01953125,0.0016757581360946744,0.0016757581360946747,0.02507858727810651,0.00010834643121301776
shfa_random_raw,SHFA,1,S0,0,250,13,d,104,64,0.0064718934911242604,0.02294921875,0.001987344414524778,0.001987344414524778,0.02942111224112426,0.00014852489945451182
shfa_random_raw,SHFA,1,S0,0,250,14,e,104,64,0.009245562130177515,0.0126953125,0.001488679964866864,0.0014886799648668638,0.021940874630177513,0.00011737530048076923
shfa_random_raw,SHFA,1,S0,0,250,15,f,104,64,0.0073964497041420114,0.01611328125,0.0015885392589681953,0.0015885392589681953,0.02350973095414201,0.00011918107433431953
shfa_random_raw,SHFA,1,S0,0,500,0,0,205,121,0.005626115407495538,0.010650741069599071,0.00107722582825133,0.00107722582825133,0.01627685647709461,5.992229843291685e-05
shfa_random_raw,SHFA,1,S0,0,500,1,1,205,121,0.006530339083878643,0.005596441499897549,0.0007944704471434333,0.0007944704471434334,0.012126780583776193,3.654666065742138e-05
shfa_random_raw,SHFA,1,S0,0,500,2,2,205,121,0.004388756692444973,0.007782084557065775,0.0007948312537754169,0.0007948312537754168,0.012170841249510747,3.415367568099509e-05
shfa_random_raw,SHFA,1,S0,0,500,3,3,205,121,0.004245984533016061,0.008328495321357831,0.0008212676532161501,0.0008212676532161502,0.012574479854373892,3.536266231778198e-05
shfa_random_raw,SHFA,1,S0,0,500,4,4,205,121,0.005578524687685901,0.012563178744621269,0.0012039404673018787,0.0012039404673018787,0.01814170343230717,7.008400278268051e-05
shfa_random_raw,SHFA,1,S0,0,500,5,5,205,121,0.0074821534800713855,0.0109239464517451,0.0012321158896985685,0.0012321158896985685,0.018406099931816487,8.173464396003806e-05
shfa_random_raw,SHFA,1,S0,0,500,6,6,205,121,0.0030562165377751344,0.006416057646335634,0.0006116259979929725,0.0006116259979929725,0.009472274184110768,1.9608861486049567e-05
shfa_random_raw,SHFA,1,S0,0,500,7,7,205,121,0.003532123735871505,0.0077820845570657745,0.0007346253038871512,0.000734625303887151,0.01131420829293728,2.748728557857111e-05
shfa_random_raw,SHFA,1,S0,0,500,8,8,205,121,0.005673706127305174,0.009148111467795915,0.0009782672957819225,0.0009782672957819225,0.01482181759510109,5.1903696088104415e-05
shfa_random_raw,SHFA,1,S0,0,500,9,9,205,121,0.0041508030933967875,0.005596441499897548,0.0006324325137706849,0.0006324325137706849,0.009747244593294336,2.3229726689788897e-05
shfa_random_raw,SHFA,1,S0,0,500,10,a,205,121,0.005721296847114812,0.0066892630284816615,0.0008139312516991533,0.0008139312516991534,0.012410559875596474,3.827125947437381e-05
shfa_random_raw,SHFA,1,S0,0,500,11,b,205,121,0.004864663890541344,0.005323236117751521,0.0006626395050411554,0.0006626395050411553,0.010187900008292864,2.589575452285131e-05
shfa_random_raw,SHFA,1,S0,0,500,12,c,205,121,0.004150803093396788,0.013656000273205382,0.0011696085785900842,0.0011696085785900838,0.01780680336660217,5.6683368177448286e-05
shfa_random_raw,SHFA,1,S0,0,500,13,d,205,121,0.004245984533016062,0.008055289939211802,0.0008030322910050949,0.0008030322910050948,0.012301274472227865,3.420263649085321e-05
shfa_random_raw,SHFA,1,S0,0,500,14,e,205,121,0.005197798929208804,0.006825865719554675,0.000786958518075742,0.0007869585180757417,0.012023664648763479,3.547947752802437e-05
shfa_random_raw,SHFA,1,S0,0,500,15,f,205,121,0.004436347412254611,0.006006249573116591,0.0006793081213367512,0.0006793081213367512,0.010442596985371201,2.6645809751051147e-05
shfa_random_raw,SHFA,1,S0,0,1000,0,0,395,251,0.0032651017465149816,0.004340208885573245,0.0004895031381180392,0.0004895031381180392,0.007605310632088226,1.4171223612525044e-05
shfa_random_raw,SHFA,1,S0,0,1000,1,1,395,251,0.00422648614004166,0.005451302360279996,0.0006279016351410034,0.0006279016351410032,0.009677788500321655,2.3039853870899792e-05
shfa_random_raw,SHFA,1,S0,0,1000,2,2,395,251,0.0030215510334882234,0.00408624466278313,0.0004565840278008776,0.00045658402780087765,0.007107795696271353,1.2346796783918102e-05
shfa_random_raw,SHFA,1,S0,0,1000,3,3,395,251,0.002124258932863324,0.0031973698830177295,0.00033939384252823436,0.0003393938425282344,0.005321628815881054,6.792041535668572e-06
shfa_random_raw,SHFA,1,S0,0,1000,4,4,395,251,0.0023934465630507935,0.004594173108363359,0.00044772213729965717,0.00044772213729965717,0.006987619671414152,1.0995907836272663e-05
shfa_random_raw,SHFA,1,S0,0,1000,5,5,395,251,0.0044828553116487745,0.005927485278011461,0.0006772183457170183,0.0006772183457170182,0.010410340589660234,2.657205886325359e-05
shfa_random_raw,SHFA,1,S0,0,1000,6,6,395,251,0.0012910591251402022,0.0027529324931350294,0.00025630367475835893,0.00025630367475835893,0.004043991618275232,3.554198616156947e-06
shfa_random_raw,SHFA,1,S0,0,1000,7,7,395,251,0.0035086524595417403,0.0037687893842954867,0.0004680634873825299,0.00046806348738252985,0.007277441843837227,1.322337214270316e-05
shfa_random_raw,SHFA,1,S0,0,1000,8,8,395,251,0.003931661592693479,0.005863994222313932,0.0006352837293016112,0.0006352837293016113,0.00979565581500741,2.305524086364815e-05
shfa_random_raw,SHFA,1,S0,0,1000,9,9,395,251,0.0027010895689793305,0.0031973698830177295,0.0003772900981890041,0.0003772900981890041,0.0058984594519970596,8.636382439187852e-06
shfa_random_raw,SHFA,1,S0,0,1000,10,a,395,251,0.0016243390482294508,0.004689409691909651,0.0004022264875344084,0.00040222648753440835,0.006313748740139102,7.617191275714485e-06
shfa_random_raw,SHFA,1,S0,0,1000,11,b,395,251,0.0035855632110238745,0.002276749575403565,0.00037455797866999625,0.0003745579786699962,0.005862312786427439,8.163429518281249e-06
shfa_random_raw,SHFA,1,S0,0,1000,12,c,395,251,0.001573065213908028,0.003641807272900431,0.0003316583307622856,0.0003316583307622856,0.005214872486808459,5.728800336756929e-06
shfa_random_raw,SHFA,1,S0,0,1000,13,d,395,251,0.002495994231693639,0.0033243519944127866,0.0003720692025338252,0.00037206920253382515,0.005820346226106426,8.29756340217356e-06
shfa_random_raw,SHFA,1,S0,0,1000,14,e,395,251,0.002636997276077552,0.005070356026094824,0.0004950800964153289,0.0004950800964153289,0.007707353302172376,1.3370515029555452e-05
shfa_random_raw,SHFA,1,S0,0,1000,15,f,395,251,0.0020986220157026125,0.0035148251615053725,0.00035821673804077976,0.0003582167380407797,0.005613447177207985,7.3762894652806654e-06
shfa_random_raw,SHFA,1,S0,0,1500,0,0,604,365,0.0026670979343011267,0.0031708575717770693,0.00037332920680953693,0.00037332920680953693,0.0058379555060781956,8.456987679649708e-06
shfa_random_raw,SHFA,1,S0,0,1500,1,1,604,365,0.0024752203850708305,0.004341808969787954,0.0004368112687487765,0.00043681126874877655,0.006817029354858784,1.0746934070102525e-05
shfa_random_raw,SHFA,1,S0,0,1500,2,2,604,365,0.001954409894302882,0.002840589228748358,0.0003052391208850185,0.00030523912088501853,0.0047949991230512405,5.551675694315984e-06
shfa_random_raw,SHFA,1,S0,0,1500,3,3,604,365,0.00135136616815052,0.0010391255395008443,0.00015080997082675288,0.00015080997082675288,0.0023904917076513644,1.4042390985425979e-06
shfa_random_raw,SHFA,1,S0,0,1500,4,4,604,365,0.002118876365071707,0.002089979358228561,0.000267481890571905,0.000267481890571905,0.004208855723300268,4.4284078656382316e-06
shfa_random_raw,SHFA,1,S0,0,1500,5,5,604,365,0.00308922854260778,0.003666260086320136,0.0004335439546112786,0.0004335439546112786,0.006755488628927916,1.1325915303283828e-05
shfa_random_raw,SHFA,1,S0,0,1500,6,6,604,365,0.0012197929915354587,0.0013994182773503473,0.00016540770491230145,0.00016540770491230145,0.0026192112688858057,1.7070006069385784e-06
shfa_random_raw,SHFA,1,S0,0,1500,7,7,604,365,0.001789943423534055,0.0020449427659973733,0.0002433407187012148,0.00024334071870121482,0.0038348861895314283,3.6603318555005384e-06
shfa_random_raw,SHFA,1,S0,0,1500,8,8,604,365,0.002014714266918118,0.0025853818727716274,0.00029271481447511356,0.00029271481447511356,0.004600096139689746,5.208805744504481e-06
shfa_random_raw,SHFA,1,S0,0,1500,9,9,604,365,0.002042125345379588,0.00272049164946519,0.00030321914712706495,0.00030321914712706506,0.0047626169948447785,5.555584949266386e-06
shfa_random_raw,SHFA,1,S0,0,1500,10,a,604,365,0.0016967457567650542,0.0026154062675924185,0.00027394718100909625,0.0002739471810090962,0.004312152024357472,4.437679486754164e-06
shfa_random_raw,SHFA,1,S0,0,1500,11,b,604,365,0.0023052716986097102,0.0017146744229686618,0.0002551994230182478,0.0002551994230182479,0.004019946121578372,3.9527904195995915e-06
shfa_random_raw,SHFA,1,S0,0,1500,12,c,604,365,0.0015377615016885222,0.00239022330643648,0.00024917464388888927,0.00024917464388888927,0.003927984808125002,3.6755933810766663e-06
shfa_random_raw,SHFA,1,S0,0,1500,13,d,604,365,0.0015432437173808168,0.0013393694877087638,0.0001822302988652569,0.00018223029886525692,0.0028826132050895808,2.066973547158113e-06
shfa_random_raw,SHFA,1,S0,0,1500,14,e,604,365,0.0021353230121485905,0.0021500281478701445,0.0002724254520820853,0.0002724254520820853,0.004285351160018735,4.591004580914332e-06
shfa_random_raw,SHFA,1,S0,0,1500,15,f,604,365,0.0012855795798429898,0.0013844060799399506,0.0001686538679230151,0.0001686538679230151,0.0026699856597829407,1.7797641865812823e-06
shfa_random_raw,SHFA,1,S0,0,2000,0,0,790,505,0.0013775837205576027,0.0014113812371336137,0.00017625460567147674,0.00017625460567147674,0.0027889649576912164,1.9442958157757157e-06
shfa_random_raw,SHFA,1,S0,0,2000,1,1,790,505,0.00186468514661112,0.0030112243897657104,0.00031035933141626115,0.00031035933141626115,0.00487590953637683,5.614985392709254e-06
shfa_random_raw,SHFA,1,S0,0,2000,2,2,790,505,0.0014192437109437593,0.001387854131947848,0.00017741331842919975,0.00017741331842919975,0.0028070978428916074,1.9697032484742934e-06
shfa_random_raw,SHFA,1,S0,0,2000,3,3,790,505,0.0007398654061849062,0.0012623762376237626,0.00012607409124584947,0.00012607409124584947,0.002002241643808669,9.339885078076787e-07
shfa_random_raw,SHFA,1,S0,0,2000,4,4,790,505,0.00123658067617369,0.0015211743946671897,0.00017424074678909068,0.00017424074678909065,0.00275775507084088,1.8810548615356572e-06
shfa_random_raw,SHFA,1,S0,0,2000,5,5,790,505,0.002608155744271751,0.002344623076169002,0.00031566381842180937,0.00031566381842180937,0.004952778820440753,6.115142144262286e-06
shfa_random_raw,SHFA,1,S0,0,2000,6,6,790,505,0.0009000961384393526,0.0016937064993628075,0.00016363716354236108,0.0001636371635423611,0.00259380263780216,1.524498679726097e-06
shfa_random_raw,SHFA,1,S0,0,2000,7,7,790,505,0.0016083159750040058,0.001019262817370846,0.00016586297119533338,0.00016586297119533335,0.0026275787923748517,1.6392966719051223e-06
shfa_random_raw,SHFA,1,S0,0,2000,8,8,790,505,0.0014320621695241148,0.0013800117635525927,0.00017773088345737612,0.00017773088345737615,0.0028120739330767075,1.9762626400819255e-06
shfa_random_raw,SHFA,1,S0,0,2000,9,9,790,505,0.0017012497997115844,0.0019132928144299584,0.00022916390240118503,0.000229163902401185,0.003614542614141543,3.2549890173385803e-06
shfa_random_raw,SHFA,1,S0,0,2000,10,a,790,505,0.001380788335202692,0.001191794922066464,0.00016243207010566542,0.00016243207010566542,0.002572583257269156,1.6456165263431747e-06
shfa_random_raw,SHFA,1,S0,0,2000,11,b,790,505,0.0013551514180419806,0.0010035780805803356,0.00014878059392290903,0.00014878059392290906,0.002358729498622316,1.3600002590142908e-06
shfa_random_raw,SHFA,1,S0,0,2000,12,c,790,505,0.0015410190674571382,0.0011525830800901873,0.0001701262867249553,0.00017012628672495532,0.0026936021475473257,1.7761525032474564e-06
shfa_random_raw,SHFA,1,S0,0,2000,13,d,790,505,0.0014064252523634034,0.0010192628173708459,0.000153039021323536,0.000153039021323536,0.0024256880697342493,1.4335169651454253e-06
shfa_random_raw,SHFA,1,S0,0,2000,14,e,790,505,0.0017877743951289853,0.001450593079109891,0.00020499130030451372,0.00020499130030451375,0.0032383674742388763,2.593333164583978e-06
shfa_random_raw,SHFA,1,S0,0,2000,15,f,790,505,0.0012205576029482457,0.0019838741299872563,0.00020269841596111713,0.00020269841596111716,0.003204431732935502,2.421432652648282e-06
shfa_random_raw,SHFA,1,S0,0,3000,0,0,1186,762,0.0010349453574444972,0.001208571861588168,0.00014147063202683033,0.0001414706320268303,0.0022435172190326653,1.250805837288728e-06
shfa_random_raw,SHFA,1,S0,0,3000,1,1,1186,762,0.0007790083293283924,0.002868797404261476,0.0002302226754224421,0.00023022267542244216,0.0036478057335898686,2.234817073075361e-06
shfa_random_raw,SHFA,1,S0,0,3000,2,2,1186,762,0.0005898993029981602,0.0015047946762560193,0.00013180605103406499,0.00013180605103406499,0.0020946939792541794,8.876773306787679e-07
shfa_random_raw,SHFA,1,S0,0,3000,3,3,1186,762,0.00055435249353759,0.0009261268522537048,9.304335984183487e-05,9.304335984183487e-05,0.0014804793457912947,5.134007298789604e-07
shfa_random_raw,SHFA,1,S0,0,3000,4,4,1186,762,0.001034945357444497,0.0009674602682538702,0.0001261516201192893,0.0001261516201192893,0.0020024056256983673,1.0012685131413506e-06
shfa_random_raw,SHFA,1,S0,0,3000,5,5,1186,762,0.001360554132103319,0.0017493507209236643,0.00019674913966603706,0.0001967491396660371,0.0031099048530269834,2.3800863518506117e-06
shfa_random_raw,SHFA,1,S0,0,3000,6,6,1186,762,0.0005756805792139323,0.001022571489587424,0.00010047942884749812,0.00010047942884749812,0.0015982520688013564,5.886745474133419e-07
shfa_random_raw,SHFA,1,S0,0,3000,7,7,1186,762,0.001131632679177248,0.0017217951102568873,0.00018028767645324775,0.00018028767645324775,0.002853427789434135,1.9484396136142864e-06
shfa_random_raw,SHFA,1,S0,0,3000,8,8,1186,762,0.0005884774306197374,0.0010914605162543661,0.00010563842155985973,0.00010563842155985973,0.0016799379468741035,6.422998802282615e-07
shfa_random_raw,SHFA,1,S0,0,3000,9,9,1186,762,0.0008756956510611433,0.0013463499149220521,0.00014005684063925347,0.0001400568406392535,0.0022220455659831954,1.1789927653037813e-06
shfa_random_raw,SHFA,1,S0,0,3000,10,a,1186,762,0.0004747276403459128,0.0011431272862545729,0.000101658607031749,0.00010165860703174901,0.0016178549266004857,5.426741192186601e-07
shfa_random_raw,SHFA,1,S0,0,3000,11,b,1186,762,0.0007733208398147016,0.0009743491709205644,0.00010998286019008319,0.00010998286019008318,0.001747670010735266,7.534845191290491e-07
shfa_random_raw,SHFA,1,S0,0,3000,12,c,1186,762,0.0008458363311142645,0.000864126728253457,0.00010760360099192628,0.00010760360099192626,0.0017099630593677214,7.309097814436771e-07
shfa_random_raw,SHFA,1,S0,0,3000,13,d,1186,762,0.0007178678170562126,0.0008985712415869279,0.00010167249654086379,0.00010167249654086379,0.0016164390586431406,6.450553756674986e-07
shfa_random_raw,SHFA,1,S0,0,3000,14,e,1186,762,0.0010619609326345302,0.0015220169329227553,0.00016311493911890253,0.00016311493911890253,0.0025839778655572855,1.6163225215721963e-06
shfa_random_raw,SHFA,1,S0,0,3000,15,f,1186,762,0.0005742587068355091,0.0015323502869227963,0.0001325430276040814,0.0001325430276040814,0.0021066089937583055,8.799654941873063e-07
shfa_random_raw,SHFA,1,S0,0,4000,0,0,1590,1001,0.0008274000237332381,0.0008342681294729247,0.00010454453304551095,0.00010454453304551096,0.0016616681532061629,6.90273470125782e-07
shfa_random_raw,SHFA,1,S0,0,4000,1,1,1590,1001,0.0006217119575966137,0.0014450459630279814,0.0001300707723935284,0.0001300707723935284,0.002066757920624595,8.984023544912102e-07
shfa_random_raw,SHFA,1,S0,0,4000,2,2,1590,1001,0.0005117479530081877,0.0008342681294729246,8.455294016258727e-05,8.455294016258725e-05,0.0013460160824811122,4.269350075177388e-07
shfa_random_raw,SHFA,1,S0,0,4000,3,3,1590,1001,0.0004824769589810528,0.0006606156081680559,7.176201725650363e-05,7.176201725650362e-05,0.0011430925671491086,3.187318096843423e-07
shfa_random_raw,SHFA,1,S0,0,4000,4,4,1590,1001,0.0006058897986630273,0.0005687993325355964,7.376270041298364e-05,7.376270041298364e-05,0.0011746891311986236,3.446297130696568e-07
shfa_random_raw,SHFA,1,S0,0,4000,5,5,1590,1001,0.0012387761560064868,0.000922092393121364,0.0001361965503907244,0.00013619655039072437,0.0021608685491278506,1.1422660702337057e-06
shfa_random_raw,SHFA,1,S0,0,4000,6,6,1590,1001,0.0006644317867172973,0.0007304758178884052,8.766707664068977e-05,8.766707664068978e-05,0.0013949076046057024,4.853513528333721e-07
shfa_random_raw,SHFA,1,S0,0,4000,7,7,1590,1001,0.0012451050195799213,0.0009081203511772942,0.00013570729087995952,0.00013570729087995952,0.0021532253707572157,1.1307052076335298e-06
shfa_random_raw,SHFA,1,S0,0,4000,8,8,1590,1001,0.00042789051066017945,0.0007384598418564455,7.321287699112305e-05,7.321287699112305e-05,0.0011663503525166249,3.159799588339898e-07
shfa_random_raw,SHFA,1,S0,0,4000,9,9,1590,1001,0.0007206004509315294,0.0008422521534409645,9.828521505484847e-05,9.828521505484848e-05,0.0015628526043724939,6.069272815676107e-07
shfa_random_raw,SHFA,1,S0,0,4000,10,a,1590,1001,0.0004563703967406351,0.0007903559976487049,7.828109472954702e-05,7.828109472954703e-05,0.00124672639438934,3.606950802132799e-07
shfa_random_raw,SHFA,1,S0,0,4000,11,b,1590,1001,0.0007522447687987024,0.0009460444650254837,0.00010685473411387802,0.00010685473411387802,0.001698289233824186,7.116569998663871e-07
shfa_random_raw,SHFA,1,S0,0,4000,12,c,1590,1001,0.0008542976939203353,0.0005907553984477059,9.082049924756744e-05,9.082049924756743e-05,0.0014450530923680411,5.04680974564864e-07
shfa_random_raw,SHFA,1,S0,0,4000,13,d,1590,1001,0.000992741584589217,0.0007703959377286047,0.00011096089922884565,0.00011096089922884565,0.0017631375223178217,7.648040839817908e-07
shfa_random_raw,SHFA,1,S0,0,4000,14,e,1590,1001,0.0011533364977651197,0.0009260844051053845,0.00013103189337382567,0.00013103189337382567,0.0020794209028705043,1.0680869444191386e-06
shfa_random_raw,SHFA,1,S0,0,4000,15,f,1590,1001,0.0003986195166330444,0.0011436490582344724,9.684766676401107e-05,9.684766676401106e-05,0.0015422685748675167,4.5588083479126185e-07
shfa_random_raw,SHFA,1,S0,0,6000,0,0,2421,1523,0.00040971485390209995,0.0004899432169203316,5.642936643994281e-05,5.6429366439942807e-05,0.0008996580708224315,2.0073701354083853e-07
shfa_random_raw,SHFA,1,S0,0,6000,1,1,2421,1523,0.000421316492531189,0.0005916880107987442,6.35620693755033e-05,6.35620693755033e-05,0.0010130045033299331,2.4928791738248317e-07
shfa_random_raw,SHFA,1,S0,0,6000,2,2,2421,1523,0.0003827581053227466,0.0004994279010954378,5.532778547830513e-05,5.5327785478305134e-05,0.0008821860064181844,1.9116007716860587e-07
shfa_random_raw,SHFA,1,S0,0,6000,3,3,2421,1523,0.00016710411668791652,0.0004011320832807006,3.558179332049038e-05,3.558179332049038e-05,0.0005682361999686171,6.703082245180525e-08
shfa_random_raw,SHFA,1,S0,0,6000,4,4,2421,1523,0.00042097526786562766,0.0005080503412546255,5.8277977198514704e-05,5.827797719851471e-05,0.0009290256091202531,2.138766284988895e-07
shfa_random_raw,SHFA,1,S0,0,6000,5,5,2421,1523,0.0007041917402816232,0.000688259340581644,8.751285909676347e-05,8.751285909676348e-05,0.0013924510808632673,4.846665428092703e-07
shfa_random_raw,SHFA,1,S0,0,6000,6,6,2421,1523,0.00036467319804799037,0.0005373666377958626,5.657345295057012e-05,5.6573452950570126e-05,0.000902039835843853,1.9596321032931332e-07
shfa_random_raw,SHFA,1,S0,0,6000,7,7,2421,1523,0.0005984120939575767,0.0005054636092068696,6.929470698458271e-05,6.929470698458272e-05,0.0011038757031644462,3.024755368048371e-07
shfa_random_raw,SHFA,1,S0,0,6000,8,8,2421,1523,0.0002964282649357023,0.00041751471958315664,4.474519969633983e-05,4.474519969633984e-05,0.000713942984518859,1.237631639111514e-07
shfa_random_raw,SHFA,1,S0,0,6000,9,9,2421,1523,0.00038924137396841426,0.0005951369868624191,6.175529949039283e-05,6.175529949039283e-05,0.0009843783608308333,2.316519384657501e-07
shfa_random_raw,SHFA,1,S0,0,6000,10,a,2421,1523,0.00028653274963442044,0.0006244532834036566,5.7115553381191705e-05,5.711555338119171e-05,0.0009109860330380771,1.7892631631189175e-07
shfa_random_raw,SHFA,1,S0,0,6000,11,b,2421,1523,0.0004011842372630642,0.00035025968634149455,4.710576389039383e-05,4.7105763890393835e-05,0.0007514439236045588,1.405186651089126e-07
shfa_random_raw,SHFA,1,S0,0,6000,12,c,2421,1523,0.0004550977344217716,0.0003218056338161757,4.870291352974562e-05,4.870291352974561e-05,0.0007769033682379473,1.4645301487390382e-07
shfa_random_raw,SHFA,1,S0,0,6000,13,d,2421,1523,0.0005680430987226085,0.00041061676745580663,6.1399489657124e-05,6.139948965712401e-05,0.0009786598661784152,2.3324802097305715e-07
shfa_random_raw,SHFA,1,S0,0,6000,14,e,2421,1523,0.0005462047201266764,0.0005865145467032313,7.11153111907015e-05,7.111531119070149e-05,0.0011327192668299077,3.203570138322629e-07
shfa_random_raw,SHFA,1,S0,0,6000,15,f,2421,1523,0.0005073051082526721,0.0006891215845975626,7.51262632032132e-05,7.512626320321318e-05,0.0011964266928502347,3.495949000735195e-07
shfa_random_raw,SHFA,1,S0,0,8000,0,0,3232,1998,0.0003385084795608274,0.0003361093826559291,4.227739226463627e-05,4.227739226463627e-05,0.0006746178622167565,1.137758760889869e-07
shfa_random_raw,SHFA,1,S0,0,8000,1,1,3232,1998,0.0001748066978727577,0.0003982335689042395,3.588463056872456e-05,3.588463056872455e-05,0.0005730402667769971,6.961389516223342e-08
shfa_random_raw,SHFA,1,S0,0,8000,2,2,3232,1998,0.00026977287765905306,0.00039372455538621713,4.157480577164096e-05,4.157480577164096e-05,0.0006634974330452702,1.0621620631157102e-07
shfa_random_raw,SHFA,1,S0,0,8000,3,3,3232,1998,0.00030308762621311636,0.00037017748479209944,4.219126565296916e-05,4.219126565296917e-05,0.0006732651110052158,1.121962151431794e-07
shfa_random_raw,SHFA,1,S0,0,8000,4,4,3232,1998,0.00029274856631702757,0.00038620953285617963,4.254794348536707e-05,4.254794348536707e-05,0.0006789580991732072,1.1306228704161554e-07
shfa_random_raw,SHFA,1,S0,0,8000,5,5,3232,1998,0.00046870404862268413,0.0007233835437038642,7.484452731605031e-05,7.48445273160503e-05,0.0011920875923265484,3.390527956410255e-07
shfa_random_raw,SHFA,1,S0,0,8000,6,6,3232,1998,0.00028911074894618174,0.0004849068287506727,4.851629038248262e-05,4.851629038248263e-05,0.0007740175776968544,1.4019177642922486e-07
shfa_random_raw,SHFA,1,S0,0,8000,7,7,3232,1998,0.00040973311440054905,0.00033310337364391405,4.6563763985479387e-05,4.656376398547939e-05,0.0007428364880444631,1.3648348270045066e-07
shfa_random_raw,SHFA,1,S0,0,8000,8,8,3232,1998,0.00020371777276737582,0.0002940252564877188,3.1168837498832455e-05,3.116883749883245e-05,0.0004977430292550946,5.98981703890345e-08
shfa_random_raw,SHFA,1,S0,0,8000,9,9,3232,1998,0.00047617114743652583,0.0005991351712072434,6.74919357971789e-05,6.74919357971789e-05,0.0010753063186437692,2.8529088194333244e-07
shfa_random_raw,SHFA,1,S0,0,8000,10,a,3232,1998,0.0003189791442015491,0.00041727162598033455,4.614877408252253e-05,4.614877408252253e-05,0.0007362507701818837,1.33100946154796e-07
shfa_random_raw,SHFA,1,S0,0,8000,11,b,3232,1998,0.0003383170154886778,0.00032709135561988397,4.169868376551057e-05,4.1698683765510574e-05,0.0006654083711085618,1.106605712254649e-07
shfa_random_raw,SHFA,1,S0,0,8000,12,c,3232,1998,0.00045721620429369707,0.00031356431506581676,4.8317149145905965e-05,4.831714914590596e-05,0.0007707805193595138,1.4336668593634567e-07
shfa_random_raw,SHFA,1,S0,0,8000,13,d,3232,1998,0.0005041249019703953,0.0005705780855931008,6.745657934418459e-05,6.745657934418459e-05,0.0010747029875634961,2.876426214660778e-07
shfa_random_raw,SHFA,1,S0,0,8000,14,e,3232,1998,0.0004409417581609651,0.0006647663679695713,6.93998811342173e-05,6.93998811342173e-05,0.0011057081261305363,2.931232510587818e-07
shfa_random_raw,SHFA,1,S0,0,8000,15,f,3232,1998,0.0004219868150181355,0.0007845057269481696,7.573683494597241e-05,7.573683494597242e-05,0.0012064925419663051,3.3105107307834517e-07
shfa_random_raw,SHFA,1,S5,5,250,0,0,109,45,0.012325351401397192,0.016018518518518515,0.001968925739665261,0.0019689257396652607,0.028343869919915707,0.00019743386967052904
shfa_random_raw,SHFA,1,S5,5,250,1,1,109,45,0.006433591448531268,0.01404320987654321,0.0013701483577888132,0.001370148357788813,0.020476801325074477,9.034827497165825e-05
shfa_random_raw,SHFA,1,S5,5,250,2,2,109,45,0.007275271441797829,0.023919753086419752,0.002123711729538084,0.002123711729538084,0.031195024528217583,0.0001740226965244851
shfa_random_raw,SHFA,1,S5,5,250,3,3,109,45,0.004581895463344836,0.03280864197530864,0.0024872343577410144,0.002487234357741014,0.037390537438653476,0.00015032576782517162
shfa_random_raw,SHFA,1,S5,5,250,4,4,109,45,0.006096919451224644,0.02688271604938271,0.002225128973171191,0.00222512897317119,0.032979635500607354,0.00016390175438323035
shfa_random_raw,SHFA,1,S5,5,250,5,5,109,45,0.011988679404090565,0.017006172839506173,0.0020160598192881887,0.0020160598192881882,0.028994852243596738,0.00020388155406339203
shfa_random_raw,SHFA,1,S5,5,250,6,6,109,45,0.003066871475465029,0.017993827160493824,0.001371478420000395,0.0013714784200003947,0.02106069863595885,5.518475525296641e-05
shfa_random_raw,SHFA,1,S5,5,250,7,7,109,45,0.009295303425637575,0.012067901234567899,0.001447375094948777,0.001447375094948777,0.021363204660205474,0.00011217480368593491
shfa_random_raw,SHFA,1,S5,5,250,8,8,109,45,0.011146999410824004,0.03083333333333333,0.0029674699450102406,0.00296746994501024,0.041980332744157335,0.0003436991485004068
shfa_random_raw,SHFA,1,S5,5,250,9,9,109,45,0.004076887467384901,0.013055555555555555,0.0011240037197579704,0.0011240037197579702,0.017132443022940456,5.322603082419176e-05
shfa_random_raw,SHFA,1,S5,5,250,10,a,109,45,0.009631975422944196,0.011080246913580245,0.0014012385619845361,0.001401238561984536,0.020712222336524443,0.0001067246659517582
shfa_random_raw,SHFA,1,S5,5,250,11,b,109,45,0.010810327413517382,0.014043209876543207,0.0017051577773309601,0.00170515777733096,0.02485353729006059,0.00015181169670217307
shfa_random_raw,SHFA,1,S5,5,250,12,c,109,45,0.008790295429677637,0.014043209876543209,0.0015505380452345847,0.0015505380452345845,0.022833505306220844,0.00012344396359578163
shfa_random_raw,SHFA,1,S5,5,250,13,d,109,45,0.005086903459304773,0.012067901234567902,0.001133563541903714,0.0011335635419037142,0.017154804693872677,6.138824853667181e-05
shfa_random_raw,SHFA,1,S5,5,250,14,e,109,45,0.008285287433717701,0.02391975308641975,0.002210997062173135,0.0022109970621731344,0.03220504052013745,0.00019818202966454375
shfa_random_raw,SHFA,1,S5,5,250,15,f,109,45,0.015355399377156806,0.010092592592592592,0.0017454752881195315,0.001745475288119531,0.0254479919697494,0.0001549757900101937
shfa_random_raw,SHFA,1,S5,5,500,0,0,217,95,0.005562604854636962,0.006530470914127424,0.000792143664757765,0.0007921436647577649,0.012093075768764387,3.632642920999069e-05
shfa_random_raw,SHFA,1,S5,5,500,1,1,217,95,0.0037362759880226804,0.006308864265927978,0.0006513929239403972,0.0006513929239403972,0.010045140253950658,2.357165806848104e-05
shfa_random_raw,SHFA,1,S5,5,500,2,2,217,95,0.004245949160101084,0.011405817174515234,0.0010266639157659194,0.0010266639157659194,0.01565176633461632,4.842851985239948e-05
shfa_random_raw,SHFA,1,S5,5,500,3,3,217,95,0.0025895113508462688,0.01273545706371191,0.0009907891365345833,0.0009907891365345833,0.015324968414558177,3.2978610624697285e-05
shfa_random_raw,SHFA,1,S5,5,500,4,4,217,95,0.005222822739918028,0.01118421052631579,0.001083852728204486,0.0010838527282044862,0.016407033266233818,5.841314906487268e-05
shfa_random_raw,SHFA,1,S5,5,500,5,5,217,95,0.005265295504257894,0.0076385041551246535,0.0008467064602986423,0.0008467064602986423,0.012903799659382547,4.021898158723308e-05
shfa_random_raw,SHFA,1,S5,5,500,6,6,217,95,0.0028018751725456047,0.009189750692520773,0.0007752251508739065,0.0007752251508739064,0.011991625865066378,2.574853430725773e-05
shfa_random_raw,SHFA,1,S5,5,500,7,7,217,95,0.004798095096519357,0.0076385041551246535,0.0008139377225591969,0.000813937722559197,0.01243659925164401,3.6650269331446336e-05
shfa_random_raw,SHFA,1,S5,5,500,8,8,217,95,0.004203476395761217,0.01406509695290859,0.0012009081373375071,0.0012009081373375071,0.018268573348669805,5.912230304564427e-05
shfa_random_raw,SHFA,1,S5,5,500,9,9,217,95,0.003991112574061883,0.007638504155124654,0.0007573371755547005,0.0007573371755547005,0.011629616729186536,3.0486129980541947e-05
shfa_random_raw,SHFA,1,S5,5,500,10,a,217,95,0.0038636942810422806,0.007195290858725762,0.0007189869753767973,0.0007189869753767973,0.011058985139768043,2.7800404141294528e-05
shfa_random_raw,SHFA,1,S5,5,500,11,b,217,95,0.0033540211089638774,0.010076177285318559,0.000873183110955273,0.0008731831109552731,0.013430198394282437,3.379571131262079e-05
shfa_random_raw,SHFA,1,S5,5,500,12,c,217,95,0.005477659325957229,0.008303324099722991,0.0009067942447963069,0.0009067942447963069,0.01378098342568022,4.5482780691293054e-05
shfa_random_raw,SHFA,1,S5,5,500,13,d,217,95,0.005052931682558558,0.010297783933518007,0.001011453724702601,0.001011453724702601,0.015350715616076566,5.203399869781564e-05
shfa_random_raw,SHFA,1,S5,5,500,14,e,217,95,0.004373367453120686,0.008303324099722991,0.000828606709423171,0.000828606709423171,0.012676691552843677,3.6313487370441154e-05
shfa_random_raw,SHFA,1,S5,5,500,15,f,217,95,0.007473879249930981,0.009411357340720222,0.0011256666352581948,0.0011256666352581946,0.016885236590651203,7.033934834249449e-05
shfa_random_raw,SHFA,1,S5,5,1000,0,0,445,192,0.0023554475445019575,0.0031467013888888894,0.00035129619839666717,0.00035129619839666717,0.005502148933390847,7.411890059739234e-06
shfa_random_raw,SHFA,1,S5,5,1000,1,1,445,192,0.002395846484029795,0.004503038194444445,0.00044196888063025155,0.00044196888063025155,0.0068988846784742396,1.07885882256116e-05
shfa_random_raw,SHFA,1,S5,5,1000,2,2,445,192,0.001820161595758111,0.005262586805555556,0.0004522505334799198,0.00045225053347991976,0.007082748401313667,9.57875839781558e-06
shfa_random_raw,SHFA,1,S5,5,1000,3,3,445,192,0.0011232798889029164,0.007649739583333333,0.0005569065156440685,0.0005569065156440685,0.00877301947223625,8.592798629302908e-06
shfa_random_raw,SHFA,1,S5,5,1000,4,4,445,192,0.0020726549678070955,0.004448784722222222,0.00041681077638205054,0.0004168107763820505,0.006521439690029317,9.220795755218197e-06
shfa_random_raw,SHFA,1,S5,5,1000,5,5,445,192,0.0026685393258426967,0.00412326388888889,0.00043549079275905124,0.00043549079275905124,0.006791803214731587,1.1003091838327094e-05
shfa_random_raw,SHFA,1,S5,5,1000,6,6,445,192,0.002981631107183437,0.0032552083333333335,0.00039950829545932755,0.00039950829545932755,0.00623683944051677,9.705830427029417e-06
shfa_random_raw,SHFA,1,S5,5,1000,7,7,445,192,0.002537242772377225,0.003038194444444445,0.0003561734629465976,0.00035617346294659766,0.00557543721682167,7.708636895243306e-06
shfa_random_raw,SHFA,1,S5,5,1000,8,8,445,192,0.0015777679585910868,0.004448784722222222,0.00038367869254022355,0.00038367869254022355,0.006026552680813309,7.019149989391771e-06
shfa_random_raw,SHFA,1,S5,5,1000,9,9,445,192,0.0026685393258426967,0.005859375,0.000548630617977528,0.0005486306179775281,0.008527914325842698,1.563597261235955e-05
shfa_random_raw,SHFA,1,S5,5,1000,10,a,445,192,0.002537242772377225,0.006998697916666668,0.0006137536887703572,0.0006137536887703573,0.009535940689043893,1.7757395705114044e-05
shfa_random_raw,SHFA,1,S5,5,1000,11,b,445,192,0.0020625552329251364,0.002604166666666666,0.0002970413563102302,0.0002970413563102302,0.0046667218995918025,5.371237585742542e-06
shfa_random_raw,SHFA,1,S5,5,1000,12,c,445,192,0.0032240247443504613,0.002007378472222222,0.00033343453890151355,0.0003334345389015136,0.005231403216572683,6.471837865720869e-06
shfa_random_raw,SHFA,1,S5,5,1000,13,d,445,192,0.003274523418760258,0.003255208333333333,0.000418767490426293,0.00041876749042629296,0.006529731752093591,1.0659255920443546e-05
shfa_random_raw,SHFA,1,S5,5,1000,14,e,445,192,0.002072654967807095,0.003743489583333333,0.00037126799672810684,0.0003712679967281067,0.005816144551140428,7.758962281829945e-06
shfa_random_raw,SHFA,1,S5,5,1000,15,f,445,192,0.004961179144047467,0.0019531249999999998,0.0004418338120186845,0.0004418338120186844,0.006914304144047467,9.689803015717708e-06
shfa_random_raw,SHFA,1,S5,5,1500,0,0,658,302,0.0017501455086335117,0.00302344195430025,0.0003036406797902928,0.00030364067979029284,0.004773587462933762,5.291463356932709e-06
shfa_random_raw,SHFA,1,S5,5,1500,1,1,658,302,0.002096594636043643,0.0045803912109118015,0.00042691483907849454,0.00042691483907849443,0.006676985846955445,9.603223643779129e-06
shfa_random_raw,SHFA,1,S5,5,1500,2,2,658,302,0.0014545089199102,0.005194399368448751,0.0004231120682374191,0.0004231120682374191,0.0066489082883589515,7.555300214984619e-06
shfa_random_raw,SHFA,1,S5,5,1500,3,3,658,302,0.0012096848698737073,0.003396232621376256,0.000291978214419773,0.0002919782144197731,0.004605917491249964,4.108371216650376e-06
shfa_random_raw,SHFA,1,S5,5,1500,4,4,658,302,0.002045782097356824,0.002979584228761897,0.00032018097545518786,0.00032018097545518786,0.00502536632611872,6.095580072767828e-06
shfa_random_raw,SHFA,1,S5,5,1500,5,5,658,302,0.0020319241322604184,0.0027164378755317746,0.00030229222116009134,0.0003022922211600913,0.004748362007792193,5.519595673079235e-06
shfa_random_raw,SHFA,1,S5,5,1500,6,6,658,302,0.001953395663380789,0.003396232621376255,0.00034098595387174394,0.000340985953871744,0.005349628284757044,6.634186074428745e-06
shfa_random_raw,SHFA,1,S5,5,1500,7,7,658,302,0.0022444129304052987,0.0020147142669181173,0.0002707173005844566,0.00027071730058445654,0.004259127197323416,4.521850751743055e-06
shfa_random_raw,SHFA,1,S5,5,1500,8,8,658,302,0.0011727302962832933,0.0021682163063023556,0.0002113518956128993,0.00021135189561289928,0.003340946602585649,2.5427329512962295e-06
shfa_random_raw,SHFA,1,S5,5,1500,9,9,658,302,0.001653139752958675,0.004646177799219332,0.00040138812823032894,0.00040138812823032894,0.006299317552178007,7.680781219203527e-06
shfa_random_raw,SHFA,1,S5,5,1500,10,a,658,302,0.0011542530094880864,0.005698763212139819,0.00043489132843971647,0.00043489132843971647,0.006853016221627905,6.57781458797238e-06
shfa_random_raw,SHFA,1,S5,5,1500,11,b,658,302,0.0018379126209107453,0.0026287224244550675,0.00028399605245614035,0.00028399605245614035,0.004466635045365813,4.831362120777062e-06
shfa_random_raw,SHFA,1,S5,5,1500,12,c,658,302,0.002262890217200506,0.002826082189377659,0.0003244558891504826,0.0003244558891504826,0.005088972406578165,6.395113739347292e-06
shfa_random_raw,SHFA,1,S5,5,1500,13,d,658,302,0.0017316682218383047,0.003637450111837201,0.00034186875262190984,0.0003418687526219098,0.005369118333675506,6.298856767190668e-06
shfa_random_raw,SHFA,1,S5,5,1500,14,e,658,302,0.0016208045010670628,0.002804153326608482,0.0002811048485631708,0.00028110484856317075,0.004424957827675545,4.544984333449206e-06
shfa_random_raw,SHFA,1,S5,5,1500,15,f,658,302,0.0021427878530316602,0.0024094337967633,0.0002896767585845734,0.00028967675858457335,0.00455222164979496,5.162905472388353e-06
shfa_random_raw,SHFA,1,S5,5,2000,0,0,905,415,0.0014601965751961173,0.0015847728262447383,0.00019262466744339994,0.0001926246674433999,0.0030449694014408556,2.3140798533464383e-06
shfa_random_raw,SHFA,1,S5,5,2000,1,1,905,415,0.0013063551173651598,0.0028621715778777766,0.00026427193094022124,0.0002642719309402213,0.004168526695242937,3.7390124875377475e-06
shfa_random_raw,SHFA,1,S5,5,2000,2,2,905,415,0.001257516559323586,0.002873784293801713,0.00026182013465771083,0.0002618201346577109,0.004131300853125299,3.613831337379691e-06
shfa_random_raw,SHFA,1,S5,5,2000,3,3,905,415,0.0009473917157595923,0.002304761213528814,0.00020544306976102663,0.00020544306976102663,0.0032521529292884065,2.1835116805012236e-06
shfa_random_raw,SHFA,1,S5,5,2000,4,4,905,415,0.0016238057446353897,0.0022350849179851944,0.0002448100101433588,0.0002448100101433588,0.003858890662620584,3.6293437295722773e-06
shfa_random_raw,SHFA,1,S5,5,2000,5,5,905,415,0.0015261286285522416,0.0017125127014080417,0.00020502859778289586,0.00020502859778289586,0.0032386413299602835,2.6135146603781493e-06
shfa_random_raw,SHFA,1,S5,5,2000,6,6,905,415,0.0016555508073624124,0.0017589635651037887,0.00021631920182946625,0.00021631920182946623,0.003414514372466201,2.912053550328645e-06
shfa_random_raw,SHFA,1,S5,5,2000,7,7,905,415,0.00166043466316657,0.0018750907243431562,0.0002240838023546394,0.00022408380235463936,0.003535525387509726,3.1134656352814884e-06
shfa_random_raw,SHFA,1,S5,5,2000,8,8,905,415,0.0008887854461097038,0.001933154303962839,0.00017808939378998042,0.00017808939378998042,0.0028219397500725426,1.7181594104465056e-06
shfa_random_raw,SHFA,1,S5,5,2000,9,9,905,415,0.0015993864656146026,0.0025254028160836117,0.00026183842519040754,0.00026183842519040754,0.0041247892816982145,4.0390950842691315e-06
shfa_random_raw,SHFA,1,S5,5,2000,10,a,905,415,0.0005566832514270014,0.002827333430105966,0.00021307497176255015,0.0002130749717625501,0.0033840166815329673,1.5739291667396457e-06
shfa_random_raw,SHFA,1,S5,5,2000,11,b,905,415,0.001089023534080156,0.0013292930759181308,0.00015259241956825756,0.00015259241956825756,0.0024183166099982865,1.4476314433646438e-06
shfa_random_raw,SHFA,1,S5,5,2000,12,c,905,415,0.0017849729861725832,0.0008996225867324724,0.00016939302532163416,0.00016939302532163414,0.0026845955729050556,1.605802015068165e-06
shfa_random_raw,SHFA,1,S5,5,2000,13,d,905,415,0.0013503098196025764,0.0014802583829293075,0.0001789093200882612,0.00017890932008826123,0.002830568202531884,1.998807430018475e-06
shfa_random_raw,SHFA,1,S5,5,2000,14,e,905,415,0.0011891425780653825,0.001689287269560169,0.0001819106688954148,0.00018191066889541478,0.0028784298476255514,2.00880341881781e-06
shfa_random_raw,SHFA,1,S5,5,2000,15,f,905,415,0.0014797319984127468,0.0023163739294527505,0.0002406842331152939,0.00024068423311529387,0.0037961059278654972,3.4276126237003054e-06
shfa_random_raw,SHFA,1,S5,5,3000,0,0,1368,590,0.0006134366129749326,0.0015907785119218616,0.00013873928708839627,0.00013873928708839627,0.002204215124896794,9.758417823466503e-07
shfa_random_raw,SHFA,1,S5,5,3000,1,1,1368,590,0.0007021391197291477,0.0012173226084458489,0.00012082108783565782,0.00012082108783565784,0.0019194617281749966,8.547298247205583e-07
shfa_random_raw,SHFA,1,S5,5,3000,2,2,1368,590,0.0004905355493998155,0.0017401608733122668,0.00014027213718953942,0.00014027213718953945,0.0022306964227120822,8.536107700342956e-07
shfa_random_raw,SHFA,1,S5,5,3000,3,3,1368,590,0.00021801579973325125,0.0024928181557023845,0.00016997059595853223,0.00016997059595853225,0.0027108339554356357,5.434737438050238e-07
shfa_random_raw,SHFA,1,S5,5,3000,4,4,1368,590,0.0006818337266167369,0.0018148520540074691,0.00015728028862825485,0.00015728028862825483,0.002496685780624206,1.2374273392419522e-06
shfa_random_raw,SHFA,1,S5,5,3000,5,5,1368,590,0.001033437638931637,0.001964234415397874,0.0001893844171721515,0.0001893844171721515,0.002997672054329511,2.0299137765570434e-06
shfa_random_raw,SHFA,1,S5,5,3000,6,6,1368,590,0.0010077887213159604,0.0017976156276931917,0.00017714938856792256,0.00017714938856792253,0.0028054043490091524,1.8116167548505093e-06
shfa_random_raw,SHFA,1,S5,5,3000,7,7,1368,590,0.000638016825689956,0.0022917265153691467,0.00018457111889287923,0.00018457111889287926,0.0029297433410591027,1.4621600766853271e-06
shfa_random_raw,SHFA,1,S5,5,3000,8,8,1368,590,0.0005396959748298626,0.001378195920712439,0.0001206120502623293,0.0001206120502623293,0.0019178918955423017,7.438067909354398e-07
shfa_random_raw,SHFA,1,S5,5,3000,9,9,1368,590,0.0006305358913853837,0.001401177822464809,0.0001278656000229143,0.0001278656000229143,0.0020317137138501926,8.834929072772792e-07
shfa_random_raw,SHFA,1,S5,5,3000,10,a,1368,590,0.0004061078622482133,0.0014873599540361966,0.00011894576708910286,0.00011894576708910286,0.0018934678162844099,6.040285713272406e-07
shfa_random_raw,SHFA,1,S5,5,3000,11,b,1368,590,0.0005514517287370476,0.0008840850330364841,9.020857783066424e-05,9.020857783066424e-05,0.0014355367617735317,4.87530219818519e-07
shfa_random_raw,SHFA,1,S5,5,3000,12,c,1368,590,0.0009148113949591327,0.0010334673944268889,0.0001227128520853668,0.0001227128520853668,0.0019482787893860217,9.454277487404425e-07
shfa_random_raw,SHFA,1,S5,5,3000,13,d,1368,590,0.0009490099517800349,0.0016080149382361392,0.00016134007780500793,0.00016134007780500793,0.0025570248900161742,1.5260221789970542e-06
shfa_random_raw,SHFA,1,S5,5,3000,14,e,1368,590,0.00091053657535652,0.0015390692329790292,0.0001545017418496051,0.00015450174184960513,0.002449605808335549,1.4013788286333112e-06
shfa_random_raw,SHFA,1,S5,5,3000,15,f,1368,590,0.0008635135597277796,0.001958488939959782,0.0001780663379867047,0.00017806633798670476,0.0028220024996875614,1.691181756232157e-06
shfa_random_raw,SHFA,1,S5,5,4000,0,0,1823,763,0.00046908912719745787,0.0011430314908557478,0.00010129372227273009,0.00010129372227273009,0.0016121206180532057,5.361836444047318e-07
shfa_random_raw,SHFA,1,S5,5,4000,1,1,1823,763,0.000503993886852611,0.0009162932069553684,8.922974953786878e-05,8.922974953786878e-05,0.0014202870938079793,4.6180617487008e-07
shfa_random_raw,SHFA,1,S5,5,4000,2,2,1823,763,0.000532278778297304,0.001019356063273723,9.751975919819846e-05,9.751975919819847e-05,0.001551634841571027,5.425816000092865e-07
shfa_random_raw,SHFA,1,S5,5,4000,3,3,1823,763,0.00026447501887414706,0.0014281720600031946,0.00010616815826235873,0.00010616815826235872,0.0016926470788773415,3.777158325248744e-07
shfa_random_raw,SHFA,1,S5,5,4000,4,4,1823,763,0.0005196408480773347,0.0010090497776418877,9.606750758965745e-05,9.606750758965748e-05,0.0015286906257192224,5.243434822060765e-07
shfa_random_raw,SHFA,1,S5,5,4000,5,5,1823,763,0.0007513362354434366,0.0015862017730246714,0.0001472878963980548,0.0001472878963980548,0.002337538008468108,1.191770868798061e-06
shfa_random_raw,SHFA,1,S5,5,4000,6,6,1823,763,0.00091803655310684,0.0014968806308820978,0.00015230651513409597,0.000152306515134096,0.0024149171839889377,1.374191134787393e-06
shfa_random_raw,SHFA,1,S5,5,4000,7,7,1823,763,0.0006532418246884373,0.0021942726253029628,0.00017940304377807927,0.0001794030437780793,0.0028475144499914,1.433390653616795e-06
shfa_random_raw,SHFA,1,S5,5,4000,8,8,1823,763,0.0006580562742960448,0.0011945629190149255,0.00011657478920583481,0.00011657478920583481,0.0018526191933109703,7.860896238991698e-07
shfa_random_raw,SHFA,1,S5,5,4000,9,9,1823,763,0.0003613658172272443,0.0009884372063782164,8.471987639420196e-05,8.471987639420196e-05,0.0013498030236054606,3.5718741886067853e-07
shfa_random_raw,SHFA,1,S5,5,4000,10,a,1823,763,0.0003156285459549748,0.0008235366362688498,7.145775556003524e-05,7.145775556003524e-05,0.0011391651822238247,2.59931671046188e-07
shfa_random_raw,SHFA,1,S5,5,4000,11,b,1823,763,0.000307203259141662,0.0009472120638508751,7.869194432014685e-05,7.869194432014685e-05,0.001254415322992537,2.9098663311328886e-07
shfa_random_raw,SHFA,1,S5,5,4000,12,c,1823,763,0.0007453181734339273,0.0012907549182453895,0.00012821659132797482,0.0001282165913279748,0.0020360730916793167,9.620230980175118e-07
shfa_random_raw,SHFA,1,S5,5,4000,13,d,1823,763,0.0007405037238263197,0.0018026337712932156,0.00016028095046530865,0.00016028095046530865,0.002543137495119535,1.3348570203377085e-06
shfa_random_raw,SHFA,1,S5,5,4000,14,e,1823,763,0.0006267623518465975,0.0013044966324211704,0.00012152129589404774,0.00012152129589404775,0.001931258984267768,8.176093773122592e-07
shfa_random_raw,SHFA,1,S5,5,4000,15,f,1823,763,0.0006309749952532538,0.0014453492027229208,0.00013068224157983832,0.0001306822415798383,0.0020763241979761746,9.119792063273891e-07
shfa_random_raw,SHFA,1,S5,5,6000,0,0,2752,1109,0.0002397833288263927,0.0004971517569586001,4.6177651564777476e-05,4.6177651564777476e-05,0.0007369350857849928,1.1920870321542287e-07
shfa_random_raw,SHFA,1,S5,5,6000,1,1,2752,1109,0.0005215551480530018,0.0005150396664392734,6.50557974952501e-05,6.50557974952501e-05,0.0010365948144922751,2.6862158948290383e-07
shfa_random_raw,SHFA,1,S5,5,6000,2,2,2752,1109,0.00037129444970254185,0.0005800866100053583,5.96766991703855e-05,5.967669917038551e-05,0.0009513810597079001,2.1538293864175253e-07
shfa_random_raw,SHFA,1,S5,5,6000,3,3,2752,1109,0.00028362036911844257,0.0008662931616961321,7.211529406219596e-05,7.211529406219596e-05,0.0011499135308145748,2.4569838628503967e-07
shfa_random_raw,SHFA,1,S5,5,6000,4,4,2752,1109,0.00047692587209302324,0.0011703876228675784,0.00010351528157276059,0.0001035152815727606,0.0016473134949606017,5.581881377230002e-07
shfa_random_raw,SHFA,1,S5,5,6000,5,5,2752,1109,0.0005899514940508381,0.0013850425366356582,0.00012425423483171816,0.0001242542348317182,0.001974994030686496,8.171079138121693e-07
shfa_random_raw,SHFA,1,S5,5,6000,6,6,2752,1109,0.0005577339102217414,0.0010972098113557326,0.0001040459337170132,0.00010404593371701322,0.001654943721577474,6.11951118421092e-07
shfa_random_raw,SHFA,1,S5,5,6000,7,7,2752,1109,0.0004101139974310437,0.0013525190648526158,0.00011071925339301712,0.00011071925339301712,0.0017626330622836596,5.546870002884033e-07
shfa_random_raw,SHFA,1,S5,5,6000,8,8,2752,1109,0.0003430380442130881,0.0005768342628270541,5.7689895287364185e-05,5.768989528736418e-05,0.0009198723070401422,1.9787609735529107e-07
shfa_random_raw,SHFA,1,S5,5,6000,9,9,2752,1109,0.0002543076494050839,0.0009069475014249345,7.280909061409735e-05,7.280909061409735e-05,0.0011612551508300185,2.306436872211891e-07
shfa_random_raw,SHFA,1,S5,5,6000,10,a,2752,1109,0.0002907504901298,0.0004353571605708194,4.55083084766062e-05,4.5508308476606196e-05,0.0007261076507006194,1.265803078174838e-07
shfa_random_raw,SHFA,1,S5,5,6000,11,b,2752,1109,0.00037287892103839935,0.000693918761246007,6.69336028217571e-05,6.69336028217571e-05,0.0010667976822844062,2.5874767898171373e-07
shfa_random_raw,SHFA,1,S5,5,6000,12,c,2752,1109,0.00039849454096809107,0.0009199568901381518,8.276981224278622e-05,8.27698122427862e-05,0.0013184514311062427,3.665977986460354e-07
shfa_random_raw,SHFA,1,S5,5,6000,13,d,2752,1109,0.0004859045429962142,0.0006304979912690741,7.008152022988815e-05,7.008152022988815e-05,0.0011164025342652883,3.063618383076305e-07
shfa_random_raw,SHFA,1,S5,5,6000,14,e,2752,1109,0.00043335291035694957,0.0007150590179049842,7.208561842285698e-05,7.208561842285696e-05,0.0011484119282619337,3.0987290648610703e-07
shfa_random_raw,SHFA,1,S5,5,6000,15,f,2752,1109,0.00042067713967009195,0.0011313594567279274,9.747822433507123e-05,9.747822433507121e-05,0.0015520365963980192,4.7593706019501365e-07
shfa_random_raw,SHFA,1,S5,5,8000,0,0,3657,1489,0.000144907160341953,0.0008573900567447603,6.27678180263479e-05,6.276781802634789e-05,0.0010022972170867133,1.2424195842830919e-07
shfa_random_raw,SHFA,1,S5,5,8000,1,1,3657,1489,0.00041783192455551984,0.0004667934226413444,5.54841253939561e-05,5.548412539395611e-05,0.0008846253471968642,1.9504119415209111e-07
shfa_random_raw,SHFA,1,S5,5,8000,2,2,3657,1489,0.00023089715454622744,0.0003892153382697652,3.884689951511177e-05,3.884689951511178e-05,0.0006201124928159927,8.986871411223617e-08
shfa_random_raw,SHFA,1,S5,5,8000,3,3,3657,1489,0.0002404682147707031,0.0005173093845577214,4.748549642221525e-05,4.748549642221525e-05,0.0007577775993284244,1.243964641887264e-07
shfa_random_raw,SHFA,1,S5,5,8000,4,4,3657,1489,0.00041828056800354187,0.0006769759070434136,6.873669555735755e-05,6.873669555735755e-05,0.0010952564750469555,2.83165866922832e-07
shfa_random_raw,SHFA,1,S5,5,8000,5,5,3657,1489,0.0005380683686254962,0.0012380639126146021,0.00011167443060722078,0.00011167443060722078,0.0017761322812400982,6.661630297146378e-07
shfa_random_raw,SHFA,1,S5,5,8000,6,6,3657,1489,0.000416934637659475,0.0009340660703678328,8.482698875030557e-05,8.482698875030555e-05,0.0013510007080273078,3.8944449859882205e-07
shfa_random_raw,SHFA,1,S5,5,8000,7,7,3657,1489,0.0003912124133061965,0.0009015915234215902,8.115295984118082e-05,8.115295984118085e-05,0.0012928039367277868,3.527137956941705e-07
shfa_random_raw,SHFA,1,S5,5,8000,8,8,3657,1489,0.00025392751821137207,0.00023856952326914042,3.084164445949664e-05,3.084164445949664e-05,0.0004924970414805125,6.0579366964603e-08
shfa_random_raw,SHFA,1,S5,5,8000,9,9,3657,1489,0.00016016103757471122,0.000736512576444858,5.616006149465331e-05,5.6160061494653314e-05,0.0008966736140195693,1.1796061843023228e-07
shfa_random_raw,SHFA,1,S5,5,8000,10,a,3657,1489,0.0002480951533870825,0.000288183414437011,3.3588907397414197e-05,3.35889073974142e-05,0.0005362785678240935,7.14969084083634e-08
shfa_random_raw,SHFA,1,S5,5,8000,11,b,3657,1489,0.00023014941546619025,0.0004604789274017975,4.327025038522526e-05,4.327025038522526e-05,0.0006906283428679878,1.0597895597602195e-07
shfa_random_raw,SHFA,1,S5,5,8000,12,c,3657,1489,0.00037236938848925975,0.0005389590825218833,5.715872130217584e-05,5.715872130217585e-05,0.000911328471011143,2.0069186397940616e-07
shfa_random_raw,SHFA,1,S5,5,8000,13,d,3657,1489,0.0004137941335233189,0.0005064845355756407,5.772699714822646e-05,5.772699714822646e-05,0.0009202786690989596,2.095803295414828e-07
shfa_random_raw,SHFA,1,S5,5,8000,14,e,3657,1489,0.0004532747569492815,0.000481226554617452,5.862445982250261e-05,5.862445982250261e-05,0.0009345013115667335,2.1812784958176572e-07
shfa_random_raw,SHFA,1,S5,5,8000,15,f,3657,1489,0.00035995691976064263,0.0004505561491682231,5.081924761168791e-05,5.0819247611687924e-05,0.0008105130689288658,1.621808036338102e-07
shfa_random_threshold,SHFA,0,S0,0,1500,0,0,49,16,0.012885256143273637,0.0546875,0.004927959704289879,0.00492795970428988,0.06757275614327364,0.000704662445335277
shfa_random_threshold,SHFA,0,S0,0,1500,1,1,49,16,0.017883173677634322,0.03125,0.0036296725322782176,0.003629672532278218,0.049133173677634326,0.0005588491774260726
shfa_random_threshold,SHFA,0,S0,0,1500,2,2,49,16,0.022881091211995004,0.046875,0.005432306851311953,0.005432306851311953,0.069756091211995,0.001072551150562266
shfa_random_threshold,SHFA,0,S0,0,1500,3,3,49,16,0.007887338608912954,0.046875,0.003792365160349854,0.0037923651603498543,0.054762338608912955,0.0003697189972927947
shfa_random_threshold,SHFA,0,S0,0,1500,4,4,49,16,0.007054352353186172,0.0234375,0.0020710771553519363,0.0020710771553519368,0.03049185235318617,0.0001653363832778009
shfa_random_threshold,SHFA,0,S0,0,1500,5,5,49,16,0.011219283631820074,0.046875,0.0041567966472303205,0.0041567966472303205,0.05809428363182007,0.000525903920241566
shfa_random_threshold,SHFA,0,S0,0,1500,6,6,49,16,0.02621303623490212,0.0625,0.007182879529362765,0.007182879529362765,0.08871303623490212,0.0016383147646813825
shfa_random_threshold,SHFA,0,S0,0,1500,7,7,49,16,0.020382132444814658,0.0546875,0.005806499895876718,0.005806499895876718,0.07506963244481465,0.0011146478680758016
shfa_random_threshold,SHFA,0,S0,0,1500,8,8,49,16,0.020382132444814665,0.03125,0.003863949916701374,0.003863949916701375,0.05163213244481467,0.0006369416389004583
shfa_random_threshold,SHFA,0,S0,0,1500,9,9,49,16,0.01954914618908788,0.0625,0.006349893273635984,0.006349893273635984,0.08204914618908787,0.0012218216368179925
shfa_random_threshold,SHFA,0,S0,0,1500,10,a,49,16,0.01788317367763432,0.03125,0.0036296725322782176,0.0036296725322782176,0.04913317367763432,0.0005588491774260725
shfa_random_threshold,SHFA,0,S0,0,1500,11,b,49,16,0.010386297376093295,0.0546875,0.004635112973760933,0.004635112973760933,0.0650737973760933,0.000568000637755102
shfa_random_threshold,SHFA,0,S0,0,1500,12,c,49,16,0.0270460224906289,0.0625,0.007287002811328613,0.007287002811328613,0.0895460224906289,0.0016903764056643063
shfa_random_threshold,SHFA,0,S0,0,1500,13,d,49,16,0.017883173677634315,0.0390625,0.004257666076634734,0.004257666076634735,0.05694567367763431,0.0006985614717825904
shfa_random_threshold,SHFA,0,S0,0,1500,14,e,49,16,0.022048104956268223,0.0234375,0.0033596027696793,0.0033596027696793005,0.04548560495626822,0.0005167524599125365
shfa_random_threshold,SHFA,0,S0,0,1500,15,f,49,16,0.014551228654727199,0.046875,0.004521228134110787,0.004521228134110787,0.0614262286547272,0.0006820888431903374
shfa_random_threshold,SHFA,0,S0,0,2000,0,0,67,21,0.010790265092448206,0.05314625850340136,0.004569494942664077,0.004569494942664077,0.06393652359584956,0.0005734622179234803
shfa_random_threshold,SHFA,0,S0,0,2000,1,1,67,21,0.01524560035642682,0.03047052154195011,0.003321799012729024,0.003321799012729024,0.04571612189837693,0.0004645413940804657
shfa_random_threshold,SHFA,0,S0,0,2000,2,2,67,21,0.013908999777233234,0.035005668934240355,0.0035440606358753484,0.003544060635875349,0.04891466871147359,0.00048689384140824946
shfa_random_threshold,SHFA,0,S0,0,2000,3,3,67,21,0.009899198039652484,0.04407596371882086,0.0038097643035457287,0.0038097643035457296,0.05397516175847335,0.00043631669364114546
shfa_random_threshold,SHFA,0,S0,0,2000,4,4,67,21,0.00945366451325462,0.025935374149659858,0.0024569992426687753,0.0024569992426687753,0.03538903866291448,0.00024518432623662063
shfa_random_threshold,SHFA,0,S0,0,2000,5,5,67,21,0.013017932724437511,0.035005668934240355,0.00345717654682724,0.00345717654682724,0.04802360165867787,0.0004557014431598731
shfa_random_threshold,SHFA,0,S0,0,2000,6,6,67,21,0.021928603252394742,0.035005668934240355,0.00432601743730833,0.00432601743730833,0.0569342721866351,0.0007676254256436366
shfa_random_threshold,SHFA,0,S0,0,2000,7,7,67,21,0.016582200935620402,0.03954081632653061,0.004163362340369429,0.004163362340369428,0.056123017262151007,0.0006556737614849904
shfa_random_threshold,SHFA,0,S0,0,2000,8,8,67,21,0.012126865671641788,0.03047052154195011,0.00303184862253359,0.00303184862253359,0.042597387213591895,0.0003695119216840964
shfa_random_threshold,SHFA,0,S0,0,2000,9,9,67,21,0.012572399198039652,0.035005668934240355,0.003413734502303186,0.0034137345023031855,0.04757806813228001,0.000440105244035685
shfa_random_threshold,SHFA,0,S0,0,2000,10,a,67,21,0.012126865671641788,0.025935374149659858,0.002693404787288049,0.002693404787288049,0.03806223982130165,0.00031451479845669595
shfa_random_threshold,SHFA,0,S0,0,2000,11,b,67,21,0.00989919803965248,0.04407596371882086,0.0038097643035457287,0.003809764303545729,0.05397516175847334,0.0004363166936411453
shfa_random_threshold,SHFA,0,S0,0,2000,12,c,67,21,0.02103753619959902,0.05314625850340136,0.005754553506076077,0.005754553506076077,0.07418379470300038,0.0011180663371385532
shfa_random_threshold,SHFA,0,S0,0,2000,13,d,67,21,0.017918801514813985,0.030470521541950107,0.0035703279186108244,0.0035703279186108236,0.04838932305676409,0.0005459952275630677
shfa_random_threshold,SHFA,0,S0,0,2000,14,e,67,21,0.01880986856760971,0.01686507936507936,0.0025469141720325162,0.0025469141720325162,0.03567494793268907,0.0003172299262394494
shfa_random_threshold,SHFA,0,S0,0,2000,15,f,67,21,0.011681332145243929,0.05314625850340136,0.004672543513395556,0.004672543513395556,0.06482759064864528,0.0006208190978552258
shfa_random_threshold,SHFA,0,S0,0,3000,0,0,113,32,0.004615670765134309,0.03515625,0.0026480147231576472,0.0026480147231576472,0.039771920765134305,0.00016226967533675303
shfa_random_threshold,SHFA,0,S0,0,3000,1,1,113,32,0.004772300101809068,0.017578125,0.0014807896565901793,0.0014807896565901793,0.02235042510180907,8.388808772711253e-05
shfa_random_threshold,SHFA,0,S0,0,3000,2,2,113,32,0.0074349988252799745,0.029296875,0.002513564345289373,0.002513564345289373,0.036731873825279975,0.00021782223120937424
shfa_random_threshold,SHFA,0,S0,0,3000,3,3,113,32,0.008218145508653771,0.041015625,0.003414183031169238,0.0034141830311692377,0.04923377050865377,0.00033707237437837737
shfa_random_threshold,SHFA,0,S0,0,3000,4,4,113,32,0.004302412091784791,0.0390625,0.002878369978071893,0.002878369978071893,0.043364912091784794,0.0001680629723353434
shfa_random_threshold,SHFA,0,S0,0,3000,5,5,113,32,0.005555446785182865,0.033203125,0.0026068689306132037,0.002606868930613204,0.03875857178518287,0.00018445819403927483
shfa_random_threshold,SHFA,0,S0,0,3000,6,6,113,32,0.006025334795207143,0.021484375,0.0018488074144412249,0.0018488074144412249,0.027509709795207143,0.00012945055224077845
shfa_random_threshold,SHFA,0,S0,0,3000,7,7,113,32,0.012917025608896546,0.0234375,0.002574900638264547,0.002574900638264547,0.03635452560889654,0.00030274278770851283
shfa_random_threshold,SHFA,0,S0,0,3000,8,8,113,32,0.003989153418435273,0.02734375,0.002067384877437544,0.0020673848774375443,0.031332903418435275,0.00010907841378533949
shfa_random_threshold,SHFA,0,S0,0,3000,9,9,113,32,0.004772300101809068,0.033203125,0.002531919345680946,0.002531919345680946,0.03797542510180907,0.00015845527681787922
shfa_random_threshold,SHFA,0,S0,0,3000,10,a,113,32,0.006495222805231419,0.02734375,0.0022925395489075103,0.0022925395489075103,0.03383897280523142,0.00017760374858054662
shfa_random_threshold,SHFA,0,S0,0,3000,11,b,113,32,0.0016397133683138851,0.021484375,0.0014804837399169865,0.0014804837399169863,0.023124088368313884,3.5228216897368625e-05
shfa_random_threshold,SHFA,0,S0,0,3000,12,c,113,32,0.008688033518678048,0.037109375,0.003184745526274571,0.0031847455262745713,0.04579740851867805,0.0003224074938571932
shfa_random_threshold,SHFA,0,S0,0,3000,13,d,113,32,0.007591628161954732,0.01953125,0.0018434538726603493,0.001843453872660349,0.02712287816195473,0.00014827398753817836
shfa_random_threshold,SHFA,0,S0,0,3000,14,e,113,32,0.009001292192027567,0.017578125,0.0018194394138147077,0.0018194394138147077,0.02657941719202757,0.00015822583931298457
shfa_random_threshold,SHFA,0,S0,0,3000,15,f,113,32,0.011663990915498475,0.056640625,0.00492969423016681,0.00492969423016681,0.06830461591549847,0.0006606557354481558
shfa_random_threshold,SHFA,0,S0,0,4000,0,0,154,40,0.004037358745150953,0.0175,0.0014167386996120765,0.0014167386996120762,0.021537358745150954,7.065377804014167e-05
shfa_random_threshold,SHFA,0,S0,0,4000,1,1,154,40,0.005386658795749705,0.0175,0.0015246827036599763,0.0015246827036599765,0.022886658795749706,9.426652892561984e-05
shfa_random_threshold,SHFA,0,S0,0,4000,2,2,154,40,0.006145640074211502,0.0175,0.0015854012059369205,0.0015854012059369202,0.023645640074211504,0.0001075487012987013
shfa_random_threshold,SHFA,0,S0,0,4000,3,3,154,40,0.00816959015010963,0.035,0.0029840350396356887,0.002984035039635689,0.043169590150109634,0.0002859356552538371
shfa_random_threshold,SHFA,0,S0,0,4000,4,4,154,40,0.005639652555236971,0.01875,0.0016300967701130035,0.001630096770113004,0.024389652555236972,0.0001057434854106932
shfa_random_threshold,SHFA,0,S0,0,4000,5,5,154,40,0.00310971496036431,0.0325,0.0023266729212346095,0.0023266729212346095,0.03560971496036431,0.00010106573621184009
shfa_random_threshold,SHFA,0,S0,0,4000,6,6,154,40,0.004206021251475796,0.02375,0.0018471443329397875,0.0018471443329397875,0.027956021251475796,9.989300472255015e-05
shfa_random_threshold,SHFA,0,S0,0,4000,7,7,154,40,0.009265896441221114,0.01625,0.001745314344746163,0.0017453143447461628,0.025515896441221115,0.00015057081716984312
shfa_random_threshold,SHFA,0,S0,0,4000,8,8,154,40,0.004880671276775174,0.0225,0.0018211070585258896,0.0018211070585258898,0.027380671276775174,0.0001098151037274414
shfa_random_threshold,SHFA,0,S0,0,4000,9,9,154,40,0.004965002529937593,0.022499999999999996,0.0018282752150446952,0.0018282752150446952,0.02746500252993759,0.00011171255692359583
shfa_random_threshold,SHFA,0,S0,0,4000,10,a,154,40,0.006398633833698769,0.021249999999999998,0.001864010583572272,0.0018640105835722718,0.02764863383369877,0.00013597096896609883
shfa_random_threshold,SHFA,0,S0,0,4000,11,b,154,40,0.002097739922415246,0.013750000000000002,0.0010193276690841622,0.0010193276690841626,0.015847739922415248,2.884392393320964e-05
shfa_random_threshold,SHFA,0,S0,0,4000,12,c,154,40,0.00901290268173385,0.028749999999999998,0.0026193023697082133,0.0026193023697082137,0.03776290268173385,0.0002591209520998482
shfa_random_threshold,SHFA,0,S0,0,4000,13,d,154,40,0.005133665036262438,0.01625,0.0014199011216056673,0.0014199011216056673,0.02138366503626244,8.342205683926462e-05
shfa_random_threshold,SHFA,0,S0,0,4000,14,e,154,40,0.008338252656434474,0.015,0.001583714580873672,0.0015837145808736716,0.023338252656434473,0.0001250737898465171
shfa_random_threshold,SHFA,0,S0,0,4000,15,f,154,40,0.011711502782931354,0.03875,0.0036076646567717993,0.0036076646567717993,0.05046150278293135,0.00045382073283858996
shfa_random_threshold,SHFA,0,S0,0,6000,0,0,227,72,0.003152351103262241,0.01388888888888889,0.0011088601537214214,0.0011088601537214214,0.017041239992151132,4.3782654211975576e-05
shfa_random_threshold,SHFA,0,S0,0,6000,1,1,227,72,0.005752828504337364,0.012345679012345678,0.0012021792939203118,0.001202179293920312,0.018098507516683043,7.102257412762177e-05
shfa_random_threshold,SHFA,0,S0,0,6000,2,2,227,72,0.004471996351569019,0.007716049382716049,0.0007962590030808494,0.0007962590030808493,0.012188045734285068,3.4506144688032556e-05
shfa_random_threshold,SHFA,0,S0,0,6000,3,3,227,72,0.0031911641988006745,0.011574074074074075,0.0009597621628741243,0.0009597621628741242,0.01476523827287475,3.6934770819452256e-05
shfa_random_threshold,SHFA,0,S0,0,6000,4,4,227,72,0.004937753498030235,0.017746913580246916,0.0015054215770024264,0.0015054215770024264,0.02268466707827715,8.762988461010448e-05
shfa_random_threshold,SHFA,0,S0,0,6000,5,5,227,72,0.0010952570397252032,0.015817901234567902,0.0010743970598241577,0.0010743970598241577,0.016913158274293107,1.732466768083848e-05
shfa_random_threshold,SHFA,0,S0,0,6000,6,6,227,72,0.0028806594344931978,0.012345679012345677,0.0009872098496495681,0.000987209849649568,0.015226338446838874,3.556369672213824e-05
shfa_random_threshold,SHFA,0,S0,0,6000,7,7,227,72,0.00548113683556832,0.02314814814814815,0.0019162084789722867,0.001916208478972287,0.02862928498371647,0.00012687816749000743
shfa_random_threshold,SHFA,0,S0,0,6000,8,8,227,72,0.0028418463389547634,0.007330246913580247,0.0006565872636384307,0.0006565872636384307,0.01017209325253501,2.083143535499248e-05
shfa_random_threshold,SHFA,0,S0,0,6000,9,9,227,72,0.0035404820586465873,0.007716049382716051,0.0007308517494883022,0.0007308517494883021,0.011256531441362638,2.7318534403137253e-05
shfa_random_threshold,SHFA,0,S0,0,6000,10,a,227,72,0.004045052300646238,0.008487654320987654,0.0008176271694903194,0.0008176271694903193,0.012532706621633891,3.433300563820109e-05
shfa_random_threshold,SHFA,0,S0,0,6000,11,b,227,72,0.0015998272817248542,0.022376543209876545,0.001534321760022943,0.001534321760022943,0.0239763704916014,3.5798604297855535e-05
shfa_random_threshold,SHFA,0,S0,0,6000,12,c,227,72,0.007577043994643794,0.018132716049382717,0.001744252390000213,0.0017442523900002133,0.02570976004402651,0.00013739238724855645
shfa_random_threshold,SHFA,0,S0,0,6000,13,d,227,72,0.0050930058801839755,0.009645061728395063,0.0009702515816336433,0.0009702515816336434,0.014738067608579038,4.9122356097453474e-05
shfa_random_threshold,SHFA,0,S0,0,6000,14,e,227,72,0.006102146364183275,0.010030864197530864,0.001069522961599713,0.0010695229615997127,0.016133010561714137,6.120980149257914e-05
shfa_random_threshold,SHFA,0,S0,0,6000,15,f,227,72,0.008236866618797183,0.0308641975308642,0.002698040787711774,0.0026980407877117744,0.039101064149661385,0.00025422427835793777
shfa_random_threshold,SHFA,0,S0,0,8000,0,0,316,91,0.0027139080275596856,0.013457010022944088,0.0010472034656847048,0.001047203465684705,0.016170918050503774,3.652108752821911e-05
shfa_random_threshold,SHFA,0,S0,0,8000,1,1,316,91,0.003194600224323025,0.011041842772612005,0.0009250519607067651,0.0009250519607067652,0.01423644299693503,3.5274273398325885e-05
shfa_random_threshold,SHFA,0,S0,0,8000,2,2,316,91,0.0018726966832238424,0.008626675522279918,0.0006723659094818068,0.0006723659094818069,0.01049937220550376,1.615514663782191e-05
shfa_random_threshold,SHFA,0,S0,0,8000,3,3,316,91,0.0018927255247556483,0.012007909672744838,0.0008915173769803448,0.0008915173769803448,0.013900635197500486,2.2727677136564398e-05
shfa_random_threshold,SHFA,0,S0,0,8000,4,4,316,91,0.003995753885595257,0.024566779374471683,0.0018833211328962904,0.0018833211328962904,0.02856253326006694,9.816280414210665e-05
shfa_random_threshold,SHFA,0,S0,0,8000,5,5,316,91,0.0018326390001602308,0.01635521072334259,0.0011667138047463626,0.0011667138047463626,0.01818784972350282,2.997319702743645e-05
shfa_random_threshold,SHFA,0,S0,0,8000,6,6,316,91,0.0017925813170966193,0.008868192247313125,0.0006821953035145637,0.0006821953035145637,0.010660773564409745,1.589695573895459e-05
shfa_random_threshold,SHFA,0,S0,0,8000,7,7,316,91,0.004576590290017625,0.015630660548242963,0.0013344883066829373,0.001334488306682937,0.02020725083826059,7.15351292916503e-05
shfa_random_threshold,SHFA,0,S0,0,8000,8,8,316,91,0.0030343694920685785,0.007177575172080666,0.0006600259566385182,0.0006600259566385182,0.010211944664149245,2.177941512919045e-05
shfa_random_threshold,SHFA,0,S0,0,8000,9,9,316,91,0.0021531004646691233,0.006453024996981042,0.0005517768524726567,0.0005517768524726567,0.008606125461650165,1.389401111952135e-05
shfa_random_threshold,SHFA,0,S0,0,8000,10,a,316,91,0.0026137638199006576,0.00983425914744596,0.000803705866214285,0.0008037058662142849,0.012448022967346617,2.5704430755121337e-05
shfa_random_threshold,SHFA,0,S0,0,8000,11,b,316,91,0.0017725524755648125,0.01756279434850863,0.001239590151104875,0.001239590151104875,0.019335346824073445,3.113097460028467e-05
shfa_random_threshold,SHFA,0,S0,0,8000,12,c,316,91,0.0049571382791219355,0.015147627098176545,0.0013316367182073909,0.0013316367182073907,0.02010476537729848,7.508888212623567e-05
shfa_random_threshold,SHFA,0,S0,0,8000,13,d,316,91,0.003154542541259413,0.006936058447047458,0.0006525426532090524,0.0006525426532090524,0.010090600988306872,2.1880091439872906e-05
shfa_random_threshold,SHFA,0,S0,0,8000,14,e,316,91,0.0030543983336003846,0.009592742422412752,0.0008197463537204962,0.0008197463537204962,0.012647140756013137,2.9300056469675226e-05
shfa_random_threshold,SHFA,0,S0,0,8000,15,f,316,91,0.0037353789456817817,0.030604697500301894,0.002260574920555567,0.0022605749205555675,0.03434007644598368,0.00011432014268158755
shfa_random_threshold,SHFA,0,S5,5,1500,0,0,49,17,0.03704185755935027,0.08628892733564014,0.010904476211252808,0.010904476211252808,0.12333078489499041,0.003196302155315908
shfa_random_threshold,SHFA,0,S5,5,1500,1,1,49,17,0.02038213244481466,0.05860726643598617,0.0061313784967768625,0.006131378496776863,0.07898939888080084,0.001194541066726811
shfa_random_threshold,SHFA,0,S5,5,1500,2,2,49,17,0.016217201166180757,0.08628892733564013,0.007805997924379835,0.007805997924379835,0.10250612850182089,0.0013993648930160298
shfa_random_threshold,SHFA,0,S5,5,1500,3,3,49,17,0.02787900874635569,0.051686851211072665,0.006413844424324354,0.006413844424324352,0.07956585995742835,0.00144097817698508
shfa_random_threshold,SHFA,0,S5,5,1500,4,4,49,17,0.024547063723448566,0.09320934256055363,0.009647791064204794,0.009647791064204794,0.11775640628400219,0.0022880156714546566
shfa_random_threshold,SHFA,0,S5,5,1500,5,5,49,17,0.02204810495626822,0.051686851211072665,0.005748031880819555,0.005748031880819554,0.07373495616734088,0.0011395971203607494
shfa_random_threshold,SHFA,0,S5,5,1500,6,6,49,17,0.012885256143273635,0.051686851211072665,0.004701755026740588,0.004701755026740588,0.0645721073543463,0.0006659983170939444
shfa_random_threshold,SHFA,0,S5,5,1500,7,7,49,17,0.022048104956268223,0.04476643598615917,0.005162923888042612,0.005162923888042612,0.06681454094242739,0.0009870150791409002
shfa_random_threshold,SHFA,0,S5,5,1500,8,8,49,17,0.01954914618908788,0.030925605536332182,0.0037592411664545775,0.003759241166454577,0.05047475172542006,0.0006045691836158233
shfa_random_threshold,SHFA,0,S5,5,1500,9,9,49,17,0.016217201166180757,0.05860726643598617,0.005626975054727774,0.005626975054727775,0.07482446760216693,0.0009504458295923413
shfa_random_threshold,SHFA,0,S5,5,1500,10,a,49,17,0.02121511870054144,0.06552768166089964,0.006811602567197346,0.006811602567197346,0.08674280036144108,0.0013901775446072784
shfa_random_threshold,SHFA,0,S5,5,1500,11,b,49,17,0.012885256143273637,0.07936851211072664,0.006788544124132246,0.006788544124132246,0.09225376825400028,0.0010226836082572286
shfa_random_threshold,SHFA,0,S5,5,1500,12,c,49,17,0.02454706372344856,0.06552768166089966,0.00723818376390172,0.007238183763901719,0.09007474538434822,0.0016085121773799554
shfa_random_threshold,SHFA,0,S5,5,1500,13,d,49,17,0.027046022490628905,0.06552768166089964,0.007558119661429998,0.007558119661429997,0.09257370415152855,0.001772263151959463
shfa_random_threshold,SHFA,0,S5,5,1500,14,e,49,17,0.031210953769262806,0.051686851211072665,0.006794308734898521,0.006794308734898521,0.08289780498033547,0.0016131959236275542
shfa_random_threshold,SHFA,0,S5,5,1500,15,f,49,17,0.03537588504789671,0.09320934256055363,0.011333939713340319,0.011333939713340319,0.12858522760845034,0.0032973629878121718
shfa_random_threshold,SHFA,0,S5,5,2000,0,0,60,20,0.025833333333333333,0.0675,0.007577083333333333,0.007577083333333333,0.09333333333333334,0.00174375
shfa_random_threshold,SHFA,0,S5,5,2000,1,1,60,20,0.013611111111111112,0.0475,0.004465972222222222,0.004465972222222223,0.061111111111111116,0.0006465277777777779
shfa_random_threshold,SHFA,0,S5,5,2000,2,2,60,20,0.016944444444444443,0.0925,0.008407638888888888,0.008407638888888888,0.10944444444444444,0.001567361111111111
shfa_random_threshold,SHFA,0,S5,5,2000,3,3,60,20,0.02361111111111111,0.052500000000000005,0.0059965277777777794,0.005996527777777778,0.07611111111111112,0.0012395833333333334
shfa_random_threshold,SHFA,0,S5,5,2000,4,4,60,20,0.022500000000000003,0.0675,0.007143750000000001,0.007143750000000001,0.09000000000000001,0.0015187500000000004
shfa_random_threshold,SHFA,0,S5,5,2000,5,5,60,20,0.013055555555555556,0.0375,0.003649305555555556,0.0036493055555555554,0.050555555555555555,0.0004895833333333333
shfa_random_threshold,SHFA,0,S5,5,2000,6,6,60,20,0.006944444444444444,0.0475,0.0037326388888888895,0.003732638888888889,0.05444444444444445,0.0003298611111111111
shfa_random_threshold,SHFA,0,S5,5,2000,7,7,60,20,0.01916666666666667,0.0425,0.00466875,0.004668750000000001,0.061666666666666675,0.0008145833333333335
shfa_random_threshold,SHFA,0,S5,5,2000,8,8,60,20,0.02527777777777778,0.04250000000000001,0.005310416666666668,0.005310416666666668,0.0677777777777778,0.001074305555555556
shfa_random_threshold,SHFA,0,S5,5,2000,9,9,60,20,0.0175,0.0575,0.00569375,0.005693750000000001,0.07500000000000001,0.0010062500000000002
shfa_random_threshold,SHFA,0,S5,5,2000,10,a,60,20,0.019166666666666665,0.052500000000000005,0.005485416666666667,0.005485416666666667,0.07166666666666667,0.00100625
shfa_random_threshold,SHFA,0,S5,5,2000,11,b,60,20,0.011944444444444445,0.0675,0.005771527777777777,0.005771527777777778,0.07944444444444446,0.0008062500000000001
shfa_random_threshold,SHFA,0,S5,5,2000,12,c,60,20,0.016944444444444443,0.05750000000000001,0.005627083333333333,0.005627083333333334,0.07444444444444445,0.0009743055555555556
shfa_random_threshold,SHFA,0,S5,5,2000,13,d,60,20,0.020277777777777773,0.0725,0.00726875,0.007268749999999999,0.09277777777777776,0.0014701388888888885
shfa_random_threshold,SHFA,0,S5,5,2000,14,e,60,20,0.024166666666666663,0.0475,0.005627083333333333,0.005627083333333333,0.07166666666666666,0.0011479166666666664
shfa_random_threshold,SHFA,0,S5,5,2000,15,f,60,20,0.02972222222222222,0.0775,0.009004861111111111,0.009004861111111111,0.10722222222222222,0.002303472222222222
shfa_random_threshold,SHFA,0,S5,5,3000,0,0,100,30,0.0097,0.03527777777777778,0.003153305555555556,0.003153305555555556,0.04497777777777778,0.0003421944444444445
shfa_random_threshold,SHFA,0,S5,5,3000,1,1,100,30,0.0075,0.035277777777777776,0.0029381944444444447,0.0029381944444444442,0.042777777777777776,0.0002645833333333333
shfa_random_threshold,SHFA,0,S5,5,3000,2,2,100,30,0.0081,0.04638888888888888,0.003781305555555555,0.0037813055555555547,0.05448888888888888,0.00037574999999999994
shfa_random_threshold,SHFA,0,S5,5,3000,3,3,100,30,0.018299999999999997,0.059722222222222225,0.005969305555555556,0.005969305555555555,0.07802222222222222,0.0010929166666666665
shfa_random_threshold,SHFA,0,S5,5,3000,4,4,100,30,0.0157,0.03305555555555555,0.0035661944444444443,0.003566194444444444,0.04875555555555555,0.0005189722222222221
shfa_random_threshold,SHFA,0,S5,5,3000,5,5,100,30,0.0071,0.013055555555555556,0.0013524166666666671,0.001352416666666667,0.02015555555555556,9.269444444444445e-05
shfa_random_threshold,SHFA,0,S5,5,3000,6,6,100,30,0.0057,0.02861111111111111,0.0023075277777777773,0.0023075277777777777,0.03431111111111111,0.00016308333333333333
shfa_random_threshold,SHFA,0,S5,5,3000,7,7,100,30,0.0079,0.03083333333333333,0.0026644166666666665,0.0026644166666666665,0.03873333333333333,0.00024358333333333334
shfa_random_threshold,SHFA,0,S5,5,3000,8,8,100,30,0.014099999999999998,0.04416666666666667,0.004264416666666666,0.004264416666666666,0.05826666666666666,0.0006227499999999999
shfa_random_threshold,SHFA,0,S5,5,3000,9,9,100,30,0.014499999999999999,0.0375,0.0037937500000000002,0.00379375,0.052,0.00054375
shfa_random_threshold,SHFA,0,S5,5,3000,10,a,100,30,0.0057,0.0375,0.0029137499999999997,0.00291375,0.0432,0.00021375
shfa_random_threshold,SHFA,0,S5,5,3000,11,b,100,30,0.0055,0.050833333333333335,0.0038004166666666672,0.003800416666666667,0.05633333333333333,0.00027958333333333334
shfa_random_threshold,SHFA,0,S5,5,3000,12,c,100,30,0.0089,0.026388888888888892,0.002440416666666667,0.0024404166666666667,0.03528888888888889,0.00023486111111111114
shfa_random_threshold,SHFA,0,S5,5,3000,13,d,100,30,0.014699999999999998,0.04861111111111112,0.004671527777777778,0.004671527777777779,0.06331111111111112,0.0007145833333333333
shfa_random_threshold,SHFA,0,S5,5,3000,14,e,100,30,0.0101,0.03972222222222222,0.0035150833333333336,0.003515083333333333,0.04982222222222222,0.0004011944444444444
shfa_random_threshold,SHFA,0,S5,5,3000,15,f,100,30,0.0197,0.05083333333333333,0.00540975,0.00540975,0.07053333333333332,0.0010014166666666665
shfa_random_threshold,SHFA,0,S5,5,4000,0,0,142,38,0.0055420551477881365,0.027527700831024925,0.00221941978477317,0.00221941978477317,0.033069755978813065,0.00015256003609735345
shfa_random_threshold,SHFA,0,S5,5,4000,1,1,142,38,0.004054255108113469,0.02198753462603878,0.001716754932956955,0.001716754932956955,0.02604178973415225,8.91430745724395e-05
shfa_random_threshold,SHFA,0,S5,5,4000,2,2,142,38,0.005740428486411426,0.0413781163434903,0.0031824371696410757,0.0031824371696410757,0.04711854482990172,0.00023752811777221787
shfa_random_threshold,SHFA,0,S5,5,4000,3,3,142,38,0.012782682007538182,0.04553324099722991,0.004226782128238196,0.004226782128238196,0.058315923004768094,0.0005820369404401908
shfa_random_threshold,SHFA,0,S5,5,4000,4,4,142,38,0.01109650862924023,0.03306786703601108,0.003127211350993872,0.003127211350993872,0.044164375665251304,0.0003669378719156655
shfa_random_threshold,SHFA,0,S5,5,4000,5,5,142,38,0.005839615155723069,0.019217451523545703,0.001678289188625569,0.001678289188625569,0.025057066679268773,0.00011222252117127088
shfa_random_threshold,SHFA,0,S5,5,4000,6,6,142,38,0.0039550684388018256,0.023372576177285317,0.0018004179268777188,0.0018004179268777192,0.027327644616087145,9.244013837227259e-05
shfa_random_threshold,SHFA,0,S5,5,4000,7,7,142,38,0.00603798849434636,0.02198753462603878,0.0018843556761151356,0.0018843556761151356,0.02802552312038514,0.00013276048109106433
shfa_random_threshold,SHFA,0,S5,5,4000,8,8,142,38,0.0070298551874628055,0.03306786703601108,0.0027385699555885507,0.0027385699555885503,0.04009772222347388,0.00023246231662143278
shfa_random_threshold,SHFA,0,S5,5,4000,9,9,142,38,0.01089813529061694,0.034452908587257615,0.003209912701306351,0.0032099127013063516,0.04535104387787456,0.0003754724589391916
shfa_random_threshold,SHFA,0,S5,5,4000,10,a,142,38,0.0037566951001785356,0.02614265927977839,0.0019669196487692884,0.0019669196487692884,0.029899354379956927,9.82100000219804e-05
shfa_random_threshold,SHFA,0,S5,5,4000,11,b,142,38,0.0029632017456853806,0.03306786703601108,0.002349928560183228,0.0023499285601832286,0.03603106878169646,9.798676132720007e-05
shfa_random_threshold,SHFA,0,S5,5,4000,12,c,142,38,0.005839615155723069,0.019217451523545703,0.001678289188625569,0.001678289188625569,0.025057066679268773,0.00011222252117127088
shfa_random_threshold,SHFA,0,S5,5,4000,13,d,142,38,0.01109650862924023,0.035837950138504146,0.003331079795950217,0.003331079795950216,0.04693445876774438,0.00039767612296619237
shfa_random_threshold,SHFA,0,S5,5,4000,14,e,142,38,0.006533921840904581,0.034452908587257615,0.002786789513661109,0.002786789513661109,0.040986830428162195,0.0002251126119009715
shfa_random_threshold,SHFA,0,S5,5,4000,15,f,142,38,0.012683495338226542,0.037222991689750684,0.0035912730808203746,0.0035912730808203746,0.049906487027977224,0.0004721176415717981
shfa_random_threshold,SHFA,0,S5,5,6000,0,0,220,62,0.004194214876033057,0.01710457856399584,0.001402914867863193,0.0014029148678631935,0.021298793440028895,7.174027786138749e-05
shfa_random_threshold,SHFA,0,S5,5,6000,1,1,220,62,0.0034090909090909085,0.016584287200832465,0.0013061234746003215,0.0013061234746003217,0.019993378109923375,5.653734273011067e-05
shfa_random_threshold,SHFA,0,S5,5,6000,2,2,220,62,0.003533057851239669,0.02438865764828304,0.001831273757105632,0.0018312737571056321,0.027921715499522708,8.61665383854628e-05
shfa_random_threshold,SHFA,0,S5,5,6000,3,3,220,62,0.00506198347107438,0.02646982310093652,0.002104727717769884,0.0021047277177698846,0.0315318065720109,0.00013398980701920344
shfa_random_threshold,SHFA,0,S5,5,6000,4,4,220,62,0.005433884297520662,0.013982830385015608,0.001289525750122548,0.001289525750122548,0.01941671468253627,7.59810824640311e-05
shfa_random_threshold,SHFA,0,S5,5,6000,5,5,220,62,0.0046487603305785125,0.013462539021852238,0.0011945403268805738,0.0011945403268805738,0.01811129935243075,6.258411735365194e-05
shfa_random_threshold,SHFA,0,S5,5,6000,6,6,220,62,0.003450413223140496,0.015543704474505723,0.0012407645595583112,0.0012407645595583115,0.01899411769764622,5.363220345542264e-05
shfa_random_threshold,SHFA,0,S5,5,6000,7,7,220,62,0.0037809917355371902,0.019185744016649325,0.0015079621240787402,0.0015079621240787404,0.022966735752186516,7.25411395670832e-05
shfa_random_threshold,SHFA,0,S5,5,6000,8,8,220,62,0.0027892561983471073,0.02074661810613944,0.0015288597771776985,0.0015288597771776987,0.023535874304486545,5.786763314728976e-05
shfa_random_threshold,SHFA,0,S5,5,6000,9,9,220,62,0.004483471074380165,0.01086108220603538,0.0010077299279331962,0.0010077299279331964,0.015344553280415545,4.8695347907224745e-05
shfa_random_threshold,SHFA,0,S5,5,6000,10,a,220,62,0.0024999999999999996,0.012421956295525494,0.000963677159209157,0.0009636771592091571,0.014921956295525493,3.105489073881373e-05
shfa_random_threshold,SHFA,0,S5,5,6000,11,b,220,62,0.005020661157024793,0.039477107180020815,0.0029793116996757853,0.0029793116996757853,0.04449776833704561,0.00019820117861043507
shfa_random_threshold,SHFA,0,S5,5,6000,12,c,220,62,0.0027892561983471065,0.01710457856399584,0.0012910737244261742,0.0012910737244261744,0.019893834762342945,4.770905177974044e-05
shfa_random_threshold,SHFA,0,S5,5,6000,13,d,220,62,0.007417355371900825,0.01710457856399584,0.0016594916086892955,0.0016594916086892955,0.02452193393589666,0.00012687073769575424
shfa_random_threshold,SHFA,0,S5,5,6000,14,e,220,62,0.004276859504132232,0.015023413111342351,0.0012705200656169106,0.0012705200656169106,0.01930027261547458,6.425302714974932e-05
shfa_random_threshold,SHFA,0,S5,5,6000,15,f,220,62,0.005309917355371899,0.022307492195629552,0.001844539036901987,0.0018445390369019872,0.027617409551001452,0.00011845093996439655
shfa_random_threshold,SHFA,0,S5,5,8000,0,0,288,92,0.0031828703703703698,0.0124054820415879,0.0010137570669677238,0.0010137570669677236,0.01558835241195827,3.9485041220331855e-05
shfa_random_threshold,SHFA,0,S5,5,8000,1,1,288,92,0.0026765046296296302,0.01027882797731569,0.0008372196186025346,0.0008372196186025345,0.01295533260694532,2.751133066845201e-05
shfa_random_threshold,SHFA,0,S5,5,8000,2,2,288,92,0.0038580246913580245,0.015477315689981097,0.0012681706399215852,0.001268170639921585,0.01933534038133912,5.971186608789003e-05
shfa_random_threshold,SHFA,0,S5,5,8000,3,3,288,92,0.003038194444444445,0.013823251417769376,0.0010958380920499896,0.0010958380920499894,0.01686144586221382,4.199772566162572e-05
shfa_random_threshold,SHFA,0,S5,5,8000,4,4,288,92,0.004147376543209876,0.007443289224952741,0.0007552867336460595,0.0007552867336460594,0.011590665768162617,3.0870123135895815e-05
shfa_random_threshold,SHFA,0,S5,5,8000,5,5,288,92,0.0038821373456790127,0.008152173913043478,0.000783792312466452,0.000783792312466452,0.01203431125872249,3.16478587962963e-05
shfa_random_threshold,SHFA,0,S5,5,8000,6,6,288,92,0.003520447530864197,0.012169187145557654,0.0010234431521155686,0.0010234431521155684,0.01568963467642185,4.284098483920277e-05
shfa_random_threshold,SHFA,0,S5,5,8000,7,7,288,92,0.003520447530864198,0.013350661625708886,0.001101444626041448,0.0011014446260414479,0.016871109156573083,4.7000303755630245e-05
shfa_random_threshold,SHFA,0,S5,5,8000,8,8,288,92,0.0015432098765432107,0.017840264650283558,0.0012389984305351352,0.0012389984305351352,0.019383474526826767,2.7531272608462294e-05
shfa_random_threshold,SHFA,0,S5,5,8000,9,9,288,92,0.0037133487654320996,0.006025519848771267,0.0006310541450792319,0.0006310541450792318,0.009738868614203366,2.2374856691521396e-05
shfa_random_threshold,SHFA,0,S5,5,8000,10,a,288,92,0.003134645061728395,0.012641776937618147,0.0010256538586081356,0.0010256538586081356,0.015776421999346542,3.962748364897664e-05
shfa_random_threshold,SHFA,0,S5,5,8000,11,b,288,92,0.004460841049382716,0.040760869565217385,0.0030081846735775628,0.0030081846735775623,0.0452217106146001,0.00018182776016505633
shfa_random_threshold,SHFA,0,S5,5,8000,12,c,288,92,0.0027488425925925927,0.013114366729678638,0.0010274999124833717,0.0010274999124833717,0.01586320932227123,3.604932984141987e-05
shfa_random_threshold,SHFA,0,S5,5,8000,13,d,288,92,0.006438078703703704,0.012641776937618148,0.0012738797324616678,0.0012738797324616678,0.019079855641321853,8.138875487905202e-05
shfa_random_threshold,SHFA,0,S5,5,8000,14,e,288,92,0.0027729552469135813,0.011460302457466919,0.0009213575123544308,0.0009213575123544308,0.014233257704380501,3.17789058306495e-05
shfa_random_threshold,SHFA,0,S5,5,8000,15,f,288,92,0.0032069830246913584,0.014532136105860113,0.0011552992594634649,0.0011552992594634646,0.01773911913055147,4.6604313803997764e-05
shfa_random_threshold,SHFA,1,S0,0,1000,0,0,30,16,0.024166666666666666,0.0546875,0.006250000000000001,0.00625,0.07885416666666667,0.0013216145833333333
shfa_random_threshold,SHFA,1,S0,0,1000,1,1,30,16,0.026388888888888885,0.046875,0.005815972222222222,0.0058159722222222215,0.07326388888888888,0.0012369791666666666
shfa_random_threshold,SHFA,1,S0,0,1000,2,2,30,16,0.0375,0.0390625,0.0062499999999999995,0.00625,0.0765625,0.00146484375
shfa_random_threshold,SHFA,1,S0,0,1000,3,3,30,16,0.030833333333333338,0.09375,0.010677083333333334,0.010677083333333334,0.12458333333333334,0.0028906250000000004
shfa_random_threshold,SHFA,1,S0,0,1000,4,4,30,16,0.02416666666666667,0.0546875,0.006250000000000001,0.00625,0.07885416666666667,0.0013216145833333335
shfa_random_threshold,SHFA,1,S0,0,1000,5,5,30,16,0.02416666666666667,0.015625,0.002864583333333333,0.0028645833333333336,0.03979166666666667,0.0003776041666666667
shfa_random_threshold,SHFA,1,S0,0,1000,6,6,30,16,0.03305555555555556,0.03125,0.005052083333333334,0.005052083333333334,0.06430555555555556,0.0010329861111111113
shfa_random_threshold,SHFA,1,S0,0,1000,7,7,30,16,0.035277777777777776,0.0546875,0.007552083333333334,0.0075520833333333325,0.08996527777777777,0.0019292534722222222
shfa_random_threshold,SHFA,1,S0,0,1000,8,8,30,16,0.03305555555555556,0.046875,0.006545138888888889,0.006545138888888889,0.07993055555555556,0.0015494791666666669
shfa_random_threshold,SHFA,1,S0,0,1000,9,9,30,16,0.04638888888888888,0.0703125,0.010555555555555556,0.010555555555555554,0.11670138888888888,0.0032617187499999994
shfa_random_threshold,SHFA,1,S0,0,1000,10,a,30,16,0.030833333333333338,0.03125,0.00484375,0.004843750000000001,0.06208333333333334,0.0009635416666666668
shfa_random_threshold,SHFA,1,S0,0,1000,11,b,30,16,0.05305555555555555,0.0703125,0.011440972222222222,0.01144097222222222,0.12336805555555555,0.0037304687499999994
shfa_random_threshold,SHFA,1,S0,0,1000,12,c,30,16,0.03972222222222223,0.0625,0.00887152777777778,0.008871527777777779,0.10222222222222223,0.0024826388888888893
shfa_random_threshold,SHFA,1,S0,0,1000,13,d,30,16,0.037500000000000006,0.078125,0.010156250000000002,0.01015625,0.115625,0.0029296875000000004
shfa_random_threshold,SHFA,1,S0,0,1000,14,e,30,16,0.03972222222222223,0.0625,0.00887152777777778,0.008871527777777779,0.10222222222222223,0.0024826388888888893
shfa_random_threshold,SHFA,1,S0,0,1000,15,f,30,16,0.05305555555555555,0.03125,0.006927083333333333,0.006927083333333333,0.08430555555555555,0.001657986111111111
shfa_random_threshold,SHFA,1,S0,0,1500,0,0,46,19,0.015949905482041588,0.051073407202216065,0.005003573060287272,0.005003573060287272,0.06702331268425765,0.0008146160175211683
shfa_random_threshold,SHFA,1,S0,0,1500,1,1,46,19,0.018785444234404536,0.028912742382271463,0.003524275373228116,0.003524275373228115,0.047698186616676,0.0005431387096858651
shfa_random_threshold,SHFA,1,S0,0,1500,2,2,46,19,0.0320179584120983,0.028912742382271466,0.0047338957828233896,0.00473389578282339,0.06093070079436977,0.0009257269831752797
shfa_random_threshold,SHFA,1,S0,0,1500,3,3,46,19,0.017840264650283554,0.0787742382271468,0.007443759687436181,0.0074437596874361795,0.09661450287743036,0.0014053532575967825
shfa_random_threshold,SHFA,1,S0,0,1500,4,4,46,19,0.015004725897920604,0.04553324099722991,0.004466836731354304,0.004466836731354303,0.060537966895150515,0.0006832138004073959
shfa_random_threshold,SHFA,1,S0,0,1500,5,5,46,19,0.030127599243856336,0.017832409972299165,0.0035347482772072956,0.003534748277207295,0.0479600092161555,0.0005372477011975765
shfa_random_threshold,SHFA,1,S0,0,1500,6,6,46,19,0.01689508506616257,0.03445290858725761,0.0037913344246972023,0.003791334424697201,0.051347993653420174,0.0005820848213584401
shfa_random_threshold,SHFA,1,S0,0,1500,7,7,46,19,0.02256616257088847,0.05107340720221606,0.0057550039207934275,0.005755003920793427,0.07363956977310453,0.0011525308099743935
shfa_random_threshold,SHFA,1,S0,0,1500,8,8,46,19,0.020675803402646502,0.0566135734072022,0.006001117164304154,0.006001117164304153,0.07728937680984871,0.001170531113688609
shfa_random_threshold,SHFA,1,S0,0,1500,9,9,46,19,0.031072778827977317,0.04553324099722991,0.006202720565903366,0.006202720565903367,0.07660601982520723,0.0014148443268279145
shfa_random_threshold,SHFA,1,S0,0,1500,10,a,46,19,0.016895085066162573,0.028912742382271463,0.0033514724575716475,0.0033514724575716475,0.045807827448434035,0.0004884832420445202
shfa_random_threshold,SHFA,1,S0,0,1500,11,b,46,19,0.035798676748582225,0.06769390581717451,0.008891638662557797,0.008891638662557795,0.10349258256575673,0.002423352252198
shfa_random_threshold,SHFA,1,S0,0,1500,12,c,46,19,0.023511342155009454,0.05661357340720221,0.006338868317632706,0.006338868317632704,0.08012491556221166,0.0013310610949944755
shfa_random_threshold,SHFA,1,S0,0,1500,13,d,46,19,0.028237240075614366,0.04553324099722991,0.005896388124512355,0.005896388124512355,0.07377048107284429,0.0012857330574595875
shfa_random_threshold,SHFA,1,S0,0,1500,14,e,46,19,0.02540170132325142,0.04553324099722991,0.005590055683121346,0.005590055683121344,0.07093494232048134,0.001156621788091261
shfa_random_threshold,SHFA,1,S0,0,1500,15,f,46,19,0.023511342155009447,0.04553324099722991,0.005385834055527337,0.005385834055527335,0.06904458315223935,0.001070547608512376
shfa_random_threshold,SHFA,1,S0,0,2000,0,0,65,29,0.007795857988165682,0.026679548156956005,0.002362702852690162,0.002362702852690162,0.034475406145121686,0.00020798996862005645
shfa_random_threshold,SHFA,1,S0,0,2000,1,1,65,29,0.013476331360946748,0.02430142687277051,0.0026886039706886,0.0026886039706885997,0.037777758233717255,0.00032749408108127126
shfa_random_threshold,SHFA,1,S0,0,2000,2,2,65,29,0.017263313609467458,0.03143579072532699,0.0035863799347775616,0.0035863799347775616,0.04869910433479445,0.0005426859138529084
shfa_random_threshold,SHFA,1,S0,0,2000,3,3,65,29,0.013002958579881659,0.048082639714625446,0.004443066466027342,0.004443066466027342,0.061085598294507104,0.0006252165726206476
shfa_random_threshold,SHFA,1,S0,0,2000,4,4,65,29,0.01678994082840237,0.0290576694411415,0.0033533521923745334,0.0033533521923745334,0.04584761026954387,0.00048787655052804155
shfa_random_threshold,SHFA,1,S0,0,2000,5,5,65,29,0.015369822485207102,0.012410820451843043,0.0019270422908062397,0.0019270422908062397,0.027780642937050147,0.00019075210724060537
shfa_random_threshold,SHFA,1,S0,0,2000,6,6,65,29,0.009689349112426037,0.021923305588585018,0.0021882134803593916,0.002188213480359392,0.03161265470101106,0.000212422561546201
shfa_random_threshold,SHFA,1,S0,0,2000,7,7,65,29,0.01205621301775148,0.02430142687277051,0.002565335672171056,0.0025653356721710555,0.03635763989052199,0.0002929831790134315
shfa_random_threshold,SHFA,1,S0,0,2000,8,8,65,29,0.014423076923076924,0.03381391200951248,0.0035025124622701915,0.003502512462270191,0.0482369889325894,0.00048770065398335313
shfa_random_threshold,SHFA,1,S0,0,2000,9,9,65,29,0.021523668639053258,0.026679548156956008,0.0035869428037205646,0.003586942803720564,0.048203216796009266,0.0005742417539699852
shfa_random_threshold,SHFA,1,S0,0,2000,10,a,65,29,0.01252958579881657,0.03143579072532699,0.0031417134698055993,0.0031417134698055993,0.04396537652414356,0.0003938774370466267
shfa_random_threshold,SHFA,1,S0,0,2000,11,b,65,29,0.017736686390532545,0.040948275862068964,0.004394096867986126,0.004394096867986125,0.05868496225260151,0.0007262867271985309
shfa_random_threshold,SHFA,1,S0,0,2000,12,c,65,29,0.015369822485207102,0.021923305588585018,0.002667777819797508,0.002667777819797508,0.03729312807379212,0.0003369573151855005
shfa_random_threshold,SHFA,1,S0,0,2000,13,d,65,29,0.01631656804733728,0.040948275862068964,0.004247188073862478,0.004247188073862477,0.05726484390940624,0.0006681353295245869
shfa_random_threshold,SHFA,1,S0,0,2000,14,e,65,29,0.02057692307692308,0.03143579072532699,0.0038976464602579353,0.0038976464602579353,0.052012713802250074,0.0006468518476173055
shfa_random_threshold,SHFA,1,S0,0,2000,15,f,65,29,0.01252958579881657,0.04332639714625446,0.004033860744464536,0.004033860744464536,0.055855982945071034,0.0005428618103975966
shfa_random_threshold,SHFA,1,S0,0,3000,0,0,99,42,0.0033096112641567196,0.019132653061224487,0.001465963164420957,0.0014659631644209565,0.022442264325381205,6.33216440846311e-05
shfa_random_threshold,SHFA,1,S0,0,3000,1,1,99,42,0.007798949086827875,0.022534013605442174,0.002071551793097608,0.002071551793097608,0.03033296269227005,0.00017574162483073016
shfa_random_threshold,SHFA,1,S0,0,3000,2,2,99,42,0.011063922048770533,0.02026643990929705,0.0021823739337417784,0.002182373933741779,0.031330361958067585,0.00022422631136255472
shfa_random_threshold,SHFA,1,S0,0,3000,3,3,99,42,0.00596240179573513,0.04407596371882086,0.0033901964498856034,0.0033901964498856034,0.05003836551455599,0.00026279860522585393
shfa_random_threshold,SHFA,1,S0,0,3000,4,4,99,42,0.009023313947556372,0.023667800453514735,0.002256756644007125,0.002256756644007125,0.03269111440107111,0.00021356199394018054
shfa_random_threshold,SHFA,1,S0,0,3000,5,5,99,42,0.013104530149984694,0.016865079365079364,0.0020941095357130705,0.002094109535713071,0.02996960951506406,0.00022100894102156725
shfa_random_threshold,SHFA,1,S0,0,3000,6,6,99,42,0.008003009896949291,0.01686507936507936,0.0016892269759483565,0.001689226975948356,0.02486808926202865,0.00013497139707156539
shfa_random_threshold,SHFA,1,S0,0,3000,7,7,99,42,0.004942097745128047,0.01686507936507936,0.0014462974400895274,0.0014462974400895274,0.02180717711020741,8.334887070156426e-05
shfa_random_threshold,SHFA,1,S0,0,3000,8,8,99,42,0.009023313947556372,0.03273809523809523,0.0029054941854815596,0.0029054941854815587,0.041761409185651605,0.00029540611137833354
shfa_random_threshold,SHFA,1,S0,0,3000,9,9,99,42,0.016369503111927353,0.024801587301587297,0.0029791828113587366,0.0029791828113587366,0.04117109041351465,0.00040598966051407116
shfa_random_threshold,SHFA,1,S0,0,3000,10,a,99,42,0.006574584226099378,0.02140022675736961,0.001889123279740764,0.0018891232797407637,0.027974810983468986,0.00014069759327395206
shfa_random_threshold,SHFA,1,S0,0,3000,11,b,99,42,0.012084226099377614,0.03160430839002267,0.0031124470138870087,0.0031124470138870087,0.043688534489400285,0.00038191360829949086
shfa_random_threshold,SHFA,1,S0,0,3000,12,c,99,42,0.008615192327313538,0.03047052154195011,0.0027053665202264286,0.0027053665202264286,0.03908571386926365,0.00026250940339745044
shfa_random_threshold,SHFA,1,S0,0,3000,13,d,99,42,0.011676104479134784,0.04067460317460317,0.003746840144672636,0.003746840144672636,0.05235070765373795,0.00047492091631401396
shfa_random_threshold,SHFA,1,S0,0,3000,14,e,99,42,0.013716712580348941,0.016865079365079364,0.0021426954428848365,0.0021426954428848365,0.030581791945428306,0.00023133344629556744
shfa_random_threshold,SHFA,1,S0,0,3000,15,f,99,42,0.010451739618406286,0.0157312925170068,0.0018008588817120562,0.001800858881712056,0.026183032135413085,0.0001644193732487383
shfa_random_threshold,SHFA,1,S0,0,4000,0,0,146,56,0.0037413210733721145,0.014668367346938778,0.0012054845981364958,0.0012054845981364962,0.01840968842031089,5.487907186706546e-05
shfa_random_threshold,SHFA,1,S0,0,4000,1,1,146,56,0.004304278476261962,0.029974489795918366,0.0022714415682767754,0.002271441568276776,0.03427876827218033,0.00012901855126550523
shfa_random_threshold,SHFA,1,S0,0,4000,2,2,146,56,0.0041166260086320135,0.016581632653061222,0.0013619015466010008,0.001361901546601001,0.020698258661693236,6.826038024517369e-05
shfa_random_threshold,SHFA,1,S0,0,4000,3,3,146,56,0.006086976918746481,0.025510204081632654,0.002130103835961106,0.0021301038359611063,0.031597181000379136,0.00015528002343741023
shfa_random_threshold,SHFA,1,S0,0,4000,4,4,146,56,0.005993150684931506,0.01785714285714286,0.0015976638943248534,0.0015976638943248534,0.023850293542074366,0.00010702054794520547
shfa_random_threshold,SHFA,1,S0,0,4000,5,5,146,56,0.007494370425971101,0.014030612244897957,0.0014504620223957472,0.0014504620223957474,0.02152498267086906,0.00010515060546643124
shfa_random_threshold,SHFA,1,S0,0,4000,6,6,146,56,0.005711671983486582,0.015306122448979591,0.0014010357027967875,0.0014010357027967877,0.021017794432466173,8.742355076765176e-05
shfa_random_threshold,SHFA,1,S0,0,4000,7,7,146,56,0.004022799774817038,0.021045918367346945,0.0016514583995542295,0.00165145839955423,0.025068718142163982,8.466351566898107e-05
shfa_random_threshold,SHFA,1,S0,0,4000,8,8,146,56,0.003366016138112216,0.019132653061224487,0.0014705676439275275,0.0014705676439275275,0.022498669199336702,6.440081896898371e-05
shfa_random_threshold,SHFA,1,S0,0,4000,9,9,146,56,0.007212891724526177,0.02614795918367347,0.0022736555801716445,0.0022736555801716445,0.033360850908199645,0.00018860239840916661
shfa_random_threshold,SHFA,1,S0,0,4000,10,a,146,56,0.00364749483955714,0.02359693877551021,0.0017888468133547284,0.0017888468133547286,0.02724443361506735,8.606971241301928e-05
shfa_random_threshold,SHFA,1,S0,0,4000,11,b,146,56,0.005430193282041659,0.02040816326530612,0.0017257175552713106,0.0017257175552713108,0.025838356547347778,0.00011082027106207467
shfa_random_threshold,SHFA,1,S0,0,4000,12,c,146,56,0.006556108087821354,0.02423469387755102,0.00208331039537226,0.00208331039537226,0.030790801965372372,0.0001588852725364869
shfa_random_threshold,SHFA,1,S0,0,4000,13,d,146,56,0.00646228185400638,0.032525510204081634,0.0026469260180146366,0.002646926018014637,0.038987792058088014,0.00021018901438413608
shfa_random_threshold,SHFA,1,S0,0,4000,14,e,146,56,0.007963501595045974,0.01721938775510204,0.0017110572062377207,0.0017110572062377211,0.025182889350148015,0.0001371266218534702
shfa_random_threshold,SHFA,1,S0,0,4000,15,f,146,56,0.005899324451116531,0.013392857142857144,0.0012847701592365224,0.0012847701592365226,0.019292181593973674,7.900880961316783e-05
shfa_random_threshold,SHFA,1,S0,0,6000,0,0,216,101,0.003472222222222222,0.006414812273306536,0.0006402133096973064,0.0006402133096973061,0.009887034495528758,2.2273653726758803e-05
shfa_random_threshold,SHFA,1,S0,0,6000,1,1,216,101,0.0015003429355281207,0.01955077933535928,0.001345028015590338,0.0013450280155903381,0.0210511222708874,2.9332873659875462e-05
shfa_random_threshold,SHFA,1,S0,0,6000,2,2,216,101,0.0030864197530864204,0.012884766199392217,0.0010379669189416194,0.0010379669189416192,0.015971185952478636,3.9767796911704385e-05
shfa_random_threshold,SHFA,1,S0,0,6000,3,3,216,101,0.0026148834019204398,0.010532055680815606,0.0008492237902588695,0.0008492237902588695,0.013146939082736045,2.7540097587866604e-05
shfa_random_threshold,SHFA,1,S0,0,6000,4,4,216,101,0.006601508916323731,0.008963582001764532,0.0010319913488873642,0.001031991348887364,0.015565090918088264,5.917316650684748e-05
shfa_random_threshold,SHFA,1,S0,0,6000,5,5,216,101,0.004372427983539095,0.011120233310459759,0.0010169137501850663,0.0010169137501850663,0.015492661293998854,4.8622419310137836e-05
shfa_random_threshold,SHFA,1,S0,0,6000,6,6,216,101,0.0022290809327846373,0.008179345162238994,0.0006687590532827882,0.0006687590532827882,0.010408426095023631,1.8232422343811207e-05
shfa_random_threshold,SHFA,1,S0,0,6000,7,7,216,101,0.003986625514403292,0.0073951083227134584,0.0007408398923409026,0.0007408398923409025,0.01138173383711675,2.948152752110561e-05
shfa_random_threshold,SHFA,1,S0,0,6000,8,8,216,101,0.00411522633744856,0.008179345162238996,0.0008020705753652006,0.0008020705753652006,0.012294571499687556,3.365985663472838e-05
shfa_random_threshold,SHFA,1,S0,0,6000,9,9,216,101,0.004543895747599452,0.016413831977257133,0.0013844407241268071,0.0013844407241268074,0.020957727724856587,7.458274132327059e-05
shfa_random_threshold,SHFA,1,S0,0,6000,10,a,216,101,0.0035150891632373116,0.017982305656308203,0.0014067965839641048,0.0014067965839641046,0.021497394819545514,6.320940774250997e-05
shfa_random_threshold,SHFA,1,S0,0,6000,11,b,216,101,0.0034722222222222225,0.010924174100578374,0.00093770593024649,0.0009377059302464899,0.014396396322800596,3.793116007145269e-05
shfa_random_threshold,SHFA,1,S0,0,6000,12,c,216,101,0.005787037037037038,0.012884766199392217,0.0012415523214862742,0.0012415523214862742,0.018671803236429255,7.456461920944571e-05
shfa_random_threshold,SHFA,1,S0,0,6000,13,d,216,101,0.0045010288065843625,0.017002009606901285,0.00142046643585334,0.0014204664358533398,0.021503038413485647,7.652653501048675e-05
shfa_random_threshold,SHFA,1,S0,0,6000,14,e,216,101,0.005144032921810699,0.01210052935986668,0.0011400306640033274,0.0011400306640033274,0.01724456228167738,6.224552139849114e-05
shfa_random_threshold,SHFA,1,S0,0,6000,15,f,216,101,0.006044238683127572,0.009551759631408686,0.001032483009714613,0.0010324830097146128,0.015595998314536258,5.773311505609674e-05
shfa_random_threshold,SHFA,1,S0,0,8000,0,0,285,134,0.0021229609110495536,0.007448763644464246,0.000614046218772457,0.000614046218772457,0.009571724555513798,1.5813434052844607e-05
shfa_random_threshold,SHFA,1,S0,0,8000,1,1,285,134,0.001876731301939058,0.014131766540432168,0.0010270526437663257,0.0010270526437663257,0.016008497842371225,2.652152861812408e-05
shfa_random_threshold,SHFA,1,S0,0,8000,2,2,285,134,0.0022953216374269002,0.009119514368456226,0.0007343594690204386,0.0007343594690204386,0.011414836005883127,2.093221865274309e-05
shfa_random_threshold,SHFA,1,S0,0,8000,3,3,285,134,0.001728993536472761,0.007782913789262642,0.0006079508154950226,0.0006079508154950225,0.009511907325735404,1.3456607636559832e-05
shfa_random_threshold,SHFA,1,S0,0,8000,4,4,285,134,0.004068174823022469,0.007225996881265315,0.000735282350101589,0.0007352823501015889,0.011294171704287783,2.9396618583602433e-05
shfa_random_threshold,SHFA,1,S0,0,8000,5,5,285,134,0.0032063711911357344,0.008005680552461574,0.0007264224174636802,0.0007264224174636803,0.01121205174359731,2.56691834888484e-05
shfa_random_threshold,SHFA,1,S0,0,8000,6,6,285,134,0.001605878731917513,0.007894297170862107,0.0006064382778538503,0.0006064382778538503,0.00950017590277962,1.267728393012405e-05
shfa_random_threshold,SHFA,1,S0,0,8000,7,7,285,134,0.0023938134810710986,0.0074487636444642465,0.0006329920211753899,0.0006329920211753899,0.009842577125535344,1.7830950829430802e-05
shfa_random_threshold,SHFA,1,S0,0,8000,8,8,285,134,0.0034033548784241302,0.007003230118066384,0.0006742460396677052,0.0006742460396677052,0.010406584996490515,2.3834477387048026e-05
shfa_random_threshold,SHFA,1,S0,0,8000,9,9,285,134,0.00394506001846722,0.011569948763644464,0.0010153321911651482,0.0010153321911651482,0.015515008782111685,4.564414228316802e-05
shfa_random_threshold,SHFA,1,S0,0,8000,10,a,285,134,0.002369190520160049,0.011013031855647136,0.0008624808691585688,0.0008624808691585689,0.013382222375807185,2.6091970670619828e-05
shfa_random_threshold,SHFA,1,S0,0,8000,11,b,285,134,0.0025415512465373964,0.007448763644464245,0.0006433260952133531,0.0006433260952133531,0.00999031489100164,1.893141452575054e-05
shfa_random_threshold,SHFA,1,S0,0,8000,12,c,285,134,0.005447060634041243,0.011792715526843394,0.0011417216465700055,0.0011417216465700055,0.017239776160884637,6.42356365147156e-05
shfa_random_threshold,SHFA,1,S0,0,8000,13,d,285,134,0.003920437057556171,0.016470817554020942,0.0013390262167306,0.0013390262167306,0.020391254611577113,6.457280350703039e-05
shfa_random_threshold,SHFA,1,S0,0,8000,14,e,285,134,0.003895814096645121,0.010233348184450878,0.0009229398646813616,0.0009229398646813615,0.014129162281096,3.9867222112861486e-05
shfa_random_threshold,SHFA,1,S0,0,8000,15,f,285,134,0.004166666666666666,0.010901648474047673,0.000987193231603178,0.0009871932316031782,0.015068315140714338,4.542353530853196e-05
shfa_random_threshold,SHFA,1,S5,5,2000,0,0,68,20,0.017949826989619378,0.0475,0.004943230968858132,0.004943230968858132,0.06544982698961938,0.0008526167820069204
shfa_random_threshold,SHFA,1,S5,5,2000,1,1,68,20,0.01535467128027682,0.06749999999999999,0.006214857266435987,0.006214857266435985,0.0828546712802768,0.0010364403114186851
shfa_random_threshold,SHFA,1,S5,5,2000,2,2,68,20,0.008434256055363323,0.0875,0.006733888408304498,0.006733888408304498,0.09593425605536332,0.0007379974048442907
shfa_random_threshold,SHFA,1,S5,5,2000,3,3,68,20,0.020977508650519033,0.052500000000000005,0.005693663494809688,0.00569366349480969,0.07347750865051904,0.0011013192041522493
shfa_random_threshold,SHFA,1,S5,5,2000,4,4,68,20,0.016219723183391002,0.0425,0.004359320934256054,0.004359320934256055,0.058719723183391005,0.0006893382352941177
shfa_random_threshold,SHFA,1,S5,5,2000,5,5,68,20,0.007136678200692042,0.05750000000000001,0.004450151384083045,0.004450151384083045,0.06463667820069205,0.00041035899653979246
shfa_random_threshold,SHFA,1,S5,5,2000,6,6,68,20,0.019247404844290657,0.052500000000000005,0.005494701557093426,0.005494701557093426,0.07174740484429067,0.0010104887543252595
shfa_random_threshold,SHFA,1,S5,5,2000,7,7,68,20,0.024437716262975778,0.037500000000000006,0.0047875216262975775,0.004787521626297578,0.061937716262975784,0.0009164143598615919
shfa_random_threshold,SHFA,1,S5,5,2000,8,8,68,20,0.010164359861591697,0.0325,0.0029968641868512113,0.0029968641868512113,0.0426643598615917,0.00033034169550173016
shfa_random_threshold,SHFA,1,S5,5,2000,9,9,68,20,0.01967993079584775,0.0375,0.004311743079584774,0.004311743079584775,0.05717993079584775,0.0007379974048442906
shfa_random_threshold,SHFA,1,S5,5,2000,10,a,68,20,0.01751730103806229,0.052500000000000005,0.005295739619377163,0.005295739619377163,0.0700173010380623,0.0009196583044982702
shfa_random_threshold,SHFA,1,S5,5,2000,11,b,68,20,0.023572664359861592,0.037500000000000006,0.00470101643598616,0.004701016435986159,0.0610726643598616,0.0008839749134948098
shfa_random_threshold,SHFA,1,S5,5,2000,12,c,68,20,0.010596885813148788,0.0375,0.003403438581314879,0.003403438581314879,0.04809688581314879,0.00039738321799307955
shfa_random_threshold,SHFA,1,S5,5,2000,13,d,68,20,0.009299307958477509,0.0325,0.0029146842560553634,0.002914684256055364,0.04179930795847751,0.0003022275086505191
shfa_random_threshold,SHFA,1,S5,5,2000,14,e,68,20,0.019247404844290657,0.0475,0.005085964532871973,0.005085964532871972,0.06674740484429066,0.0009142517301038062
shfa_random_threshold,SHFA,1,S5,5,2000,15,f,68,20,0.017949826989619378,0.0475,0.004943230968858131,0.004943230968858132,0.06544982698961938,0.0008526167820069204
shfa_random_threshold,SHFA,1,S5,5,3000,0,0,112,32,0.012276785714285716,0.025390625,0.002665928431919643,0.002665928431919643,0.03766741071428571,0.00031171526227678575
shfa_random_threshold,SHFA,1,S5,5,3000,1,1,112,32,0.009247448979591837,0.033203125,0.002960205078125,0.002960205078125,0.04245057397959184,0.0003070442044005102
shfa_random_threshold,SHFA,1,S5,5,3000,2,2,112,32,0.00542091836734694,0.0546875,0.00405323262117347,0.00405323262117347,0.06010841836734694,0.00029645647321428575
shfa_random_threshold,SHFA,1,S5,5,3000,3,3,112,32,0.011639030612244899,0.017578125,0.002030664560746173,0.0020306645607461736,0.0292171556122449,0.00020459233498086737
shfa_random_threshold,SHFA,1,S5,5,3000,4,4,112,32,0.012436224489795918,0.0390625,0.003704460299744898,0.0037044602997448983,0.05149872448979592,0.0004857900191326531
shfa_random_threshold,SHFA,1,S5,5,3000,5,5,112,32,0.007334183673469387,0.033203125,0.002777099609375,0.002777099609375,0.040537308673469385,0.00024351781728316324
shfa_random_threshold,SHFA,1,S5,5,3000,6,6,112,32,0.010682397959183673,0.03515625,0.00324046855070153,0.0032404685507015306,0.04583864795918367,0.000375553053252551
shfa_random_threshold,SHFA,1,S5,5,3000,7,7,112,32,0.015943877551020412,0.05078125,0.004979970503826531,0.004979970503826531,0.06672512755102042,0.0008096500318877553
shfa_random_threshold,SHFA,1,S5,5,3000,8,8,112,32,0.008131377551020409,0.021484375,0.0020256820990114796,0.0020256820990114796,0.02961575255102041,0.0001746975645727041
shfa_random_threshold,SHFA,1,S5,5,3000,9,9,112,32,0.007971938775510206,0.02734375,0.002425213249362245,0.002425213249362245,0.03531568877551021,0.00021798270089285718
shfa_random_threshold,SHFA,1,S5,5,3000,10,a,112,32,0.00892857142857143,0.021484375,0.002092633928571429,0.002092633928571429,0.03041294642857143,0.0001918247767857143
shfa_random_threshold,SHFA,1,S5,5,3000,11,b,112,32,0.010044642857142858,0.013671875,0.0016196114676339287,0.0016196114676339285,0.023716517857142856,0.0001373291015625
shfa_random_threshold,SHFA,1,S5,5,3000,12,c,112,32,0.008290816326530611,0.048828125,0.003974758848852041,0.003974758848852041,0.057118941326530615,0.0004048250159438775
shfa_random_threshold,SHFA,1,S5,5,3000,13,d,112,32,0.007971938775510206,0.015625,0.0015993702168367347,0.001599370216836735,0.023596938775510206,0.00012456154336734697
shfa_random_threshold,SHFA,1,S5,5,3000,14,e,112,32,0.01211734693877551,0.029296875,0.0029433892697704076,0.002943389269770408,0.04141422193877551,0.0003550003985969388
shfa_random_threshold,SHFA,1,S5,5,3000,15,f,112,32,0.010044642857142858,0.025390625,0.0024697440011160715,0.0024697440011160715,0.035435267857142856,0.00025503976004464287
shfa_random_threshold,SHFA,1,S5,5,4000,0,0,142,40,0.010600575282682006,0.0175,0.0019417960226145602,0.0019417960226145604,0.028100575282682005,0.0001855100674469351
shfa_random_threshold,SHFA,1,S5,5,4000,1,1,142,40,0.008716028565760762,0.0225,0.0021471124280896645,0.002147112428089665,0.03121602856576076,0.00019611064272961713
shfa_random_threshold,SHFA,1,S5,5,4000,2,2,142,40,0.00474856179329498,0.03625,0.002734545477087879,0.002734545477087879,0.040998561793294974,0.000172135365006943
shfa_random_threshold,SHFA,1,S5,5,4000,3,3,142,40,0.010600575282682007,0.01875,0.0020331717417179135,0.002033171741717913,0.029350575282682007,0.00019876078655028763
shfa_random_threshold,SHFA,1,S5,5,4000,4,4,142,40,0.011294881967863518,0.023749999999999997,0.002458558569728228,0.002458558569728228,0.03504488196786351,0.0002682534467367585
shfa_random_threshold,SHFA,1,S5,5,4000,5,5,142,40,0.0070298551874628055,0.0225,0.0020037876909343383,0.0020037876909343383,0.029529855187462803,0.0001581717417179131
shfa_random_threshold,SHFA,1,S5,5,4000,6,6,142,40,0.010303015274747074,0.03,0.0028280289129141035,0.002828028912914104,0.04030301527474707,0.0003090904582424122
shfa_random_threshold,SHFA,1,S5,5,4000,7,7,142,40,0.011394068637175164,0.041249999999999995,0.003760259621106923,0.003760259621106923,0.05264406863717516,0.00047000533128347543
shfa_random_threshold,SHFA,1,S5,5,4000,8,8,142,40,0.006236361832969648,0.0225,0.0019363407558024197,0.00193634075580242,0.028736361832969647,0.00014031814124181708
shfa_random_threshold,SHFA,1,S5,5,4000,9,9,142,40,0.006732295179527872,0.02375,0.002065035459234279,0.002065035459234279,0.03048229517952787,0.00015989201051378696
shfa_random_threshold,SHFA,1,S5,5,4000,10,a,142,40,0.008220095219202538,0.021249999999999998,0.0020165579746082123,0.0020165579746082123,0.029470095219202536,0.00017467702340805393
shfa_random_threshold,SHFA,1,S5,5,4000,11,b,142,40,0.007029855187462804,0.0075,0.0009608398631223963,0.0009608398631223963,0.014529855187462803,5.2723913905971025e-05
shfa_random_threshold,SHFA,1,S5,5,4000,12,c,142,40,0.005244495139853203,0.04625,0.0034609638464590357,0.0034609638464590357,0.0514944951398532,0.00024255790021821062
shfa_random_threshold,SHFA,1,S5,5,4000,13,d,142,40,0.007624975203332671,0.008749999999999999,0.001090154483237453,0.0010901544832374527,0.01637497520333267,6.671853302916087e-05
shfa_random_threshold,SHFA,1,S5,5,4000,14,e,142,40,0.010798948621305296,0.024999999999999998,0.002507408004364213,0.0025074080043642135,0.035798948621305296,0.0002699737155326324
shfa_random_threshold,SHFA,1,S5,5,4000,15,f,142,40,0.006533921840904582,0.0225,0.0019616333564768896,0.001961633356476889,0.02903392184090458,0.0001470132414203531
shfa_random_threshold,SHFA,1,S5,5,6000,0,0,203,59,0.00532498968671892,0.015351192186153405,0.0013740063071246273,0.0013740063071246273,0.020676181872872325,8.174494007010696e-05
shfa_random_threshold,SHFA,1,S5,5,6000,1,1,203,59,0.004063129413477639,0.015925739729962654,0.0013140126629932192,0.001314012662993219,0.019988869143440294,6.470834152820069e-05
shfa_random_threshold,SHFA,1,S5,5,6000,2,2,203,59,0.004402861025504138,0.02224576271186441,0.001763483985212215,0.0017634839852122153,0.026648623737368548,9.794500162668105e-05
shfa_random_threshold,SHFA,1,S5,5,6000,3,3,203,59,0.0069751146594190586,0.016500287273771907,0.0015823040164723474,0.0015823040164723474,0.023475401933190965,0.00011509139564791216
shfa_random_threshold,SHFA,1,S5,5,6000,4,4,203,59,0.004742592637530635,0.013053002010916404,0.0011741297367625846,0.0011741297367625849,0.01779559464844704,6.190507123464471e-05
shfa_random_threshold,SHFA,1,S5,5,6000,5,5,203,59,0.0052279235118542055,0.01707483481758116,0.0014831883259935697,0.0014831883259935697,0.022302758329435367,8.926593040385936e-05
shfa_random_threshold,SHFA,1,S5,5,6000,6,6,203,59,0.009159103593875124,0.023969405343292158,0.0022900700751957524,0.002290070075195752,0.03312850893716728,0.0002195382666227968
shfa_random_threshold,SHFA,1,S5,5,6000,7,7,203,59,0.0079457764080662,0.02167121516805516,0.002023256603724044,0.002023256603724044,0.02961699157612136,0.0001721946302164591
shfa_random_threshold,SHFA,1,S5,5,6000,8,8,203,59,0.003577798539154068,0.021671215168055157,0.001655598598670538,0.001655598598670538,0.025249013707209226,7.753524196996122e-05
shfa_random_threshold,SHFA,1,S5,5,6000,9,9,203,59,0.0058588536484748465,0.014202097098534905,0.0013370174300898548,0.0013370174300898546,0.02006095074700975,8.320800840174526e-05
shfa_random_threshold,SHFA,1,S5,5,6000,10,a,203,59,0.005713254386177776,0.018223929905199655,0.0016001919656753677,0.0016001919656753675,0.02393718429137743,0.00010411794746427826
shfa_random_threshold,SHFA,1,S5,5,6000,11,b,203,59,0.0055676551238807055,0.006732979029014651,0.0008062765397458346,0.0008062765397458346,0.012300634152895357,3.7486905189874757e-05
shfa_random_threshold,SHFA,1,S5,5,6000,12,c,203,59,0.003529265451721711,0.03143852341281241,0.002296441698567366,0.0022964416985673656,0.034967788864534124,0.00011095489453398299
shfa_random_threshold,SHFA,1,S5,5,6000,13,d,203,59,0.007072180834283773,0.0050093363975869006,0.0007905217598554114,0.0007905217598554113,0.012081517231870674,3.54269328634942e-05
shfa_random_threshold,SHFA,1,S5,5,6000,14,e,203,59,0.007023647746851417,0.017074834817581156,0.0016260827853714,0.0016260827853714,0.024098482564432575,0.00011992762509436401
shfa_random_threshold,SHFA,1,S5,5,6000,15,f,203,59,0.00775164405833677,0.021096667624245904,0.0019665533384016086,0.0019665533384016086,0.028848311682582672,0.00016353385824019145
shfa_random_threshold,SHFA,1,S5,5,8000,0,0,268,78,0.0051932501670750725,0.012121959237343854,0.0011451529546107962,0.0011451529546107962,0.017315209404418927,6.295236683461319e-05
shfa_random_threshold,SHFA,1,S5,5,8000,1,1,268,78,0.00399587881488082,0.009820841551610782,0.0009027879156061079,0.0009027879156061079,0.013816720366491602,3.924289270038281e-05
shfa_random_threshold,SHFA,1,S5,5,8000,2,2,268,78,0.002826353308086434,0.012779421433267584,0.0010114800813779729,0.0010114800813779727,0.01560577474135402,3.611916004334651e-05
shfa_random_threshold,SHFA,1,S5,5,8000,3,3,268,78,0.00452494987747828,0.015738001314924387,0.001337648116646887,0.0013376481166468867,0.020262951192402665,7.12136671217201e-05
shfa_random_threshold,SHFA,1,S5,5,8000,4,4,268,78,0.004664179104477612,0.009163379355687049,0.0009069620462774884,0.0009069620462774883,0.01382755846016466,4.273964251719706e-05
shfa_random_threshold,SHFA,1,S5,5,8000,5,5,268,78,0.004413566495878814,0.010807034845496385,0.0009989851507498277,0.0009989851507498277,0.0152206013413752,4.769756691387772e-05
shfa_random_threshold,SHFA,1,S5,5,8000,6,6,268,78,0.008005680552461572,0.0196827744904668,0.00188810244513984,0.00188810244513984,0.02768845504292837,0.00015757400495681678
shfa_random_threshold,SHFA,1,S5,5,8000,7,7,268,78,0.006251392292269994,0.01738165680473373,0.0015857251239387274,0.0015857251239387274,0.023633049097003724,0.00010865955537599474
shfa_random_threshold,SHFA,1,S5,5,8000,8,8,268,78,0.0036338828246825577,0.01343688362919132,0.001115750964004494,0.0011157509640044938,0.017070766453873877,4.882806063737657e-05
shfa_random_threshold,SHFA,1,S5,5,8000,9,9,268,78,0.003968032969480953,0.007848454963839579,0.0007696734238885352,0.0007696734238885352,0.011816487933320532,3.114292805600189e-05
shfa_random_threshold,SHFA,1,S5,5,8000,10,a,268,78,0.0048034083314769434,0.01606673241288626,0.0013815588728543688,0.0013815588728543688,0.020870140744363205,7.717507633166852e-05
shfa_random_threshold,SHFA,1,S5,5,8000,11,b,268,78,0.003773112051681889,0.004561143984220907,0.0005381007095802451,0.0005381007095802451,0.008334256035902796,1.7209707336320254e-05
shfa_random_threshold,SHFA,1,S5,5,8000,12,c,268,78,0.003968032969480954,0.02494247205785667,0.0019058791156745345,0.0019058791156745343,0.028910505027337625,9.897255146593272e-05
shfa_random_threshold,SHFA,1,S5,5,8000,13,d,268,78,0.006362775673869458,0.00423241288625904,0.0006891291787624917,0.0006891291787624917,0.010595188560128498,2.6929893754460637e-05
shfa_random_threshold,SHFA,1,S5,5,8000,14,e,268,78,0.006669079973267988,0.016395463510848127,0.0015508766251099006,0.0015508766251099006,0.023064543484116115,0.0001093426573526433
shfa_random_threshold,SHFA,1,S5,5,8000,15,f,268,78,0.004692024949877478,0.014094345825115059,0.001240279195700675,0.001240279195700675,0.01878637077499254,6.613102226364132e-05
shfa_random_budget,SHFA,0,S0,0,250,0,0,55,27,0.01584710743801653,0.04038065843621399,0.004154151999795939,0.004154151999795939,0.05622776587423052,0.0006399166326565316
shfa_random_budget,SHFA,0,S0,0,250,1,1,55,27,0.018491735537190083,0.0458676268861454,0.004870632177555578,0.004870632177555578,0.06435936242333548,0.0008481720260971103
shfa_random_budget,SHFA,0,S0,0,250,2,2,55,27,0.01915289256198347,0.034893689986282575,0.004046226504665056,0.004046226504665056,0.054046582548266046,0.0006683150953984287
shfa_random_budget,SHFA,0,S0,0,250,3,3,55,27,0.017169421487603306,0.026663237311385455,0.003197333534559965,0.003197333534559965,0.04383265879898876,0.0004577923596231676
shfa_random_budget,SHFA,0,S0,0,250,4,4,55,27,0.013863636363636363,0.034893689986282575,0.0035310863262252145,0.0035310863262252145,0.04875732634991894,0.0004837534293552811
shfa_random_budget,SHFA,0,S0,0,250,5,5,55,27,0.010557851239669423,0.023919753086419752,0.0024073914651566164,0.002407391465156617,0.03447760432608918,0.0002525411947760433
shfa_random_budget,SHFA,0,S0,0,250,6,6,55,27,0.021136363636363634,0.023919753086419752,0.0033215838945005608,0.0033215838945005608,0.04505611672278338,0.0005055765993265992
shfa_random_budget,SHFA,0,S0,0,250,7,7,55,27,0.01915289256198347,0.03763717421124828,0.004270239927331677,0.004270239927331678,0.05679006677323175,0.0007208607540046932
shfa_random_budget,SHFA,0,S0,0,250,8,8,55,27,0.01518595041322314,0.03763717421124828,0.003873001550295321,0.0038730015502953206,0.05282312462447142,0.0005715562612658571
shfa_random_budget,SHFA,0,S0,0,250,9,9,55,27,0.020475206611570245,0.04038065843621399,0.004630293890079243,0.004630293890079243,0.06085586504778423,0.0008268023245927284
shfa_random_budget,SHFA,0,S0,0,250,10,a,55,27,0.021797520661157026,0.01843278463648834,0.0029161830850593477,0.0029161830850593473,0.04023030529764536,0.00040178900395651236
shfa_random_budget,SHFA,0,S0,0,250,11,b,55,27,0.01849173553719008,0.03215020576131687,0.003759634433561201,0.003759634433561201,0.05064194129850695,0.0005945131024045165
shfa_random_budget,SHFA,0,S0,0,250,12,c,55,27,0.020475206611570245,0.03215020576131687,0.003947370378872904,0.003947370378872904,0.05262541237288712,0.000658282105567459
shfa_random_budget,SHFA,0,S0,0,250,13,d,55,27,0.01518595041322314,0.04038065843621398,0.004086131729755466,0.004086131729755466,0.05556660884943712,0.0006132186766656462
shfa_random_budget,SHFA,0,S0,0,250,14,e,55,27,0.013863636363636364,0.048611111111111105,0.004578598484848484,0.004578598484848484,0.06247474747474747,0.0006739267676767677
shfa_random_budget,SHFA,0,S0,0,250,15,f,55,27,0.013863636363636363,0.0458676268861454,0.00436909605312383,0.00436909605312383,0.059731263249781764,0.0006358921000124703
shfa_random_budget,SHFA,0,S0,0,500,0,0,119,52,0.01058805875291293,0.021079881656804734,0.002202441301094054,0.0022024413010940545,0.03166794040971767,0.0002231950254867001
shfa_random_budget,SHFA,0,S0,0,500,1,1,119,52,0.010164359861591695,0.015162721893491125,0.0017370619714993556,0.0017370619714993552,0.02532708175508282,0.0001541193618066788
shfa_random_budget,SHFA,0,S0,0,500,2,2,119,52,0.009175729115175483,0.011464497041420121,0.001395209254081027,0.001395209254081027,0.020640226156595602,0.00010519511929380179
shfa_random_budget,SHFA,0,S0,0,500,3,3,119,52,0.005786137984605607,0.01886094674556213,0.0016495748360256042,0.0016495748360256042,0.02464708473016774,0.00010913204039012055
shfa_random_budget,SHFA,0,S0,0,500,4,4,119,52,0.007198467622343054,0.012204142011834321,0.0013005142232667519,0.0013005142232667519,0.019402609634177375,8.785112113066599e-05
shfa_random_budget,SHFA,0,S0,0,500,5,5,119,52,0.01087052468046042,0.021079881656804734,0.002226049769890553,0.0022260497698905527,0.031950406337265154,0.00022914937381148076
shfa_random_budget,SHFA,0,S0,0,500,6,6,119,52,0.00846956429630676,0.013683431952662724,0.001500454972277808,0.0015004549722778082,0.022152996248969485,0.00011589270671721529
shfa_random_budget,SHFA,0,S0,0,500,7,7,119,52,0.009034496151401736,0.029955621301775155,0.002707516286187291,0.002707516286187291,0.03899011745317689,0.00027063394536373553
shfa_random_budget,SHFA,0,S0,0,500,8,8,119,52,0.005362439093284373,0.024038461538461536,0.0019664610753803782,0.0019664610753803782,0.02940090063174591,0.00012890478589625896
shfa_random_budget,SHFA,0,S0,0,500,9,9,119,52,0.006209836875926841,0.021079881656804737,0.0018365100347483235,0.0018365100347483235,0.02728971853273158,0.00013090262645259985
shfa_random_budget,SHFA,0,S0,0,500,10,a,119,52,0.0033851776004519447,0.011464497041420121,0.000966914023702067,0.0009669140237020671,0.014849674641872066,3.8809358585062983e-05
shfa_random_budget,SHFA,0,S0,0,500,11,b,119,52,0.004515041310641904,0.018121301775147928,0.0014965898689792661,0.0014965898689792657,0.02263634308578983,8.181842611740136e-05
shfa_random_budget,SHFA,0,S0,0,500,12,c,119,52,0.008752030223854249,0.018860946745562133,0.001890882636556189,0.001890882636556189,0.02761297696941638,0.00016507157596766522
shfa_random_budget,SHFA,0,S0,0,500,13,d,119,52,0.009740660970270461,0.015902366863905327,0.0017575888038821516,0.0017575888038821518,0.02564302783417579,0.00015489956424616488
shfa_random_budget,SHFA,0,S0,0,500,14,e,119,52,0.005503672057058118,0.03217455621301775,0.002531967472857573,0.002531967472857573,0.037678228270075866,0.00017707820597783144
shfa_random_budget,SHFA,0,S0,0,500,15,f,119,52,0.007480933549890547,0.028476331360946745,0.002460358599583238,0.0024603585995832374,0.03595726491083729,0.00021302954265590683
shfa_random_budget,SHFA,0,S0,0,1000,0,0,239,99,0.0035877785753050534,0.013104530149984694,0.0010902854478421634,0.0010902854478421634,0.016692308725289748,4.7016152511554206e-05
shfa_random_budget,SHFA,0,S0,0,1000,1,1,239,99,0.003622791967927732,0.005350219365370881,0.0005801959400746804,0.0005801959400746804,0.008973011333298614,1.9382731743517035e-05
shfa_random_budget,SHFA,0,S0,0,1000,2,2,239,99,0.005548528562175033,0.005758340985613713,0.0007386296661662174,0.0007386296661662174,0.011306869547788746,3.195031942942081e-05
shfa_random_budget,SHFA,0,S0,0,1000,3,3,239,99,0.005968689273647169,0.007390827466585042,0.0008790833488876962,0.0008790833488876962,0.01335951674023221,4.411355262318302e-05
shfa_random_budget,SHFA,0,S0,0,1000,4,4,239,99,0.003972925894154515,0.007390827466585043,0.0007395977948674464,0.0007395977948674464,0.011363753360739557,2.936320982122413e-05
shfa_random_budget,SHFA,0,S0,0,1000,5,5,239,99,0.005688582132665744,0.0071867666564636255,0.0008455918117141826,0.0008455918117141826,0.01287534878912937,4.088251239359691e-05
shfa_random_budget,SHFA,0,S0,0,1000,6,6,239,99,0.003657805360550411,0.005962401795735129,0.0006230722525180415,0.0006230722525180415,0.009620207156285539,2.180930525019535e-05
shfa_random_budget,SHFA,0,S0,0,1000,7,7,239,99,0.002502363404002031,0.011676104479134782,0.0009153720992459419,0.000915372099245942,0.014178467883136814,2.9217856549891075e-05
shfa_random_budget,SHFA,0,S0,0,1000,8,8,239,99,0.0038328723236638017,0.006166462605856545,0.000648593696951917,0.000648593696951917,0.009999334929520346,2.3635263856895317e-05
shfa_random_budget,SHFA,0,S0,0,1000,9,9,239,99,0.004673193746608077,0.007798949086827874,0.0008159549271924258,0.0008159549271924257,0.01247214283343595,3.64460001026788e-05
shfa_random_budget,SHFA,0,S0,0,1000,10,a,239,99,0.0057586089179111006,0.007798949086827874,0.0008922584730579276,0.0008922584730579275,0.013557558004738974,4.491109776174163e-05
shfa_random_budget,SHFA,0,S0,0,1000,11,b,239,99,0.0035527651826823764,0.011472043669013367,0.0009798080305524664,0.0009798080305524664,0.015024808851695742,4.075747732148247e-05
shfa_random_budget,SHFA,0,S0,0,1000,12,c,239,99,0.007264184800686262,0.00902331394755637,0.0010835156917948239,0.0010835156917948239,0.016287498748242632,6.554702002965934e-05
shfa_random_budget,SHFA,0,S0,0,1000,13,d,239,99,0.004323059820381295,0.00596240179573513,0.0006686171706433883,0.0006686171706433883,0.010285461616116424,2.577581963611182e-05
shfa_random_budget,SHFA,0,S0,0,1000,14,e,239,99,0.0032726580417009503,0.012084226099377612,0.0009993527985392707,0.000999352798539271,0.015356884141078563,3.954753972186065e-05
shfa_random_budget,SHFA,0,S0,0,1000,15,f,239,99,0.0036928187531730886,0.009227374757677789,0.0008415871169758882,0.0008415871169758884,0.012920193510850877,3.407502254770852e-05
shfa_random_budget,SHFA,0,S0,0,1500,0,0,371,143,0.002284475555975327,0.010999926646779795,0.0008554042012142852,0.0008554042012142853,0.013284402202755122,2.5129063542090087e-05
shfa_random_budget,SHFA,0,S0,0,1500,1,1,371,143,0.003156308803336215,0.0035668003325345994,0.0004314522442812474,0.0004314522442812474,0.006723109135870814,1.1257923289321495e-05
shfa_random_budget,SHFA,0,S0,0,1500,2,2,371,143,0.0028075755043918604,0.007381167783265686,0.0006575196413406998,0.0006575196413406998,0.010188743287657547,2.0723185862103107e-05
shfa_random_budget,SHFA,0,S0,0,1500,3,3,371,143,0.002938350491495993,0.00669653772800626,0.0006218572886432994,0.0006218572886432994,0.009634888219502253,1.9676774924408655e-05
shfa_random_budget,SHFA,0,S0,0,1500,4,4,371,143,0.0021246394606258315,0.003958017506968557,0.00038857542065580256,0.00038857542065580256,0.006082656967594389,8.409360181153273e-06
shfa_random_budget,SHFA,0,S0,0,1500,5,5,371,143,0.0032289615739496224,0.008750427893784538,0.0007769666371580323,0.0007769666371580322,0.01197938946773416,2.82547954246472e-05
shfa_random_budget,SHFA,0,S0,0,1500,6,6,371,143,0.0031708393574588966,0.0033711917453176205,0.000419566451391126,0.00041956645139112594,0.006542031102776517,1.068950746759366e-05
shfa_random_budget,SHFA,0,S0,0,1500,7,7,371,143,0.002633208854919682,0.010608709472345837,0.0008555548431759462,0.0008555548431759463,0.013241918327265519,2.7934947721851365e-05
shfa_random_budget,SHFA,0,S0,0,1500,8,8,371,143,0.0028221060585145417,0.0034689960389261095,0.000402983755828457,0.000402983755828457,0.006291102097440651,9.789874738416321e-06
shfa_random_budget,SHFA,0,S0,0,1500,9,9,371,143,0.0021391700147485124,0.006305320553572302,0.0005412688131816303,0.0005412688131816302,0.008444490568320815,1.348815266157936e-05
shfa_random_budget,SHFA,0,S0,0,1500,10,a,371,143,0.0027058616255330897,0.003468996038926109,0.00039531522728955635,0.00039531522728955635,0.006174857664459198,9.386623260856451e-06
shfa_random_budget,SHFA,0,S0,0,1500,11,b,371,143,0.0015434172957185716,0.00826140642574209,0.0006255522801557423,0.0006255522801557422,0.009804823721460661,1.2750797564450888e-05
shfa_random_budget,SHFA,0,S0,0,1500,12,c,371,143,0.004638425323849725,0.007772384957699644,0.0008117272698113381,0.0008117272698113382,0.012410810281549368,3.60516272145027e-05
shfa_random_budget,SHFA,0,S0,0,1500,13,d,371,143,0.0030110032621094,0.0047404518558364726,0.0004987394608734132,0.0004987394608734132,0.007751455117945873,1.427351600179618e-05
shfa_random_budget,SHFA,0,S0,0,1500,14,e,371,143,0.0030691254786001268,0.012564795344515624,0.0010156829849699836,0.0010156829849699836,0.01563392082311575,3.856293352524916e-05
shfa_random_budget,SHFA,0,S0,0,1500,15,f,371,143,0.001863089486417565,0.004642647562227983,0.00041525823340267577,0.0004152582334026758,0.006505737048645548,8.649667862329093e-06
shfa_random_budget,SHFA,0,S0,0,2000,0,0,498,190,0.001966702149965323,0.0071398891966758995,0.0005832039945986931,0.0005832039945986931,0.009106591346641223,1.4042035433616675e-05
shfa_random_budget,SHFA,0,S0,0,2000,1,1,498,190,0.0030473298817761,0.004314404432132964,0.00047325580816742253,0.00047325580816742253,0.007361734313909064,1.3147413548106027e-05
shfa_random_budget,SHFA,0,S0,0,2000,2,2,498,190,0.0026360461928033423,0.004868421052631579,0.00048186258562043566,0.0004818625856204357,0.007504467245434921,1.2833382780753114e-05
shfa_random_budget,SHFA,0,S0,0,2000,3,3,498,190,0.0024989516298124224,0.003317174515235457,0.00037179734272671234,0.00037179734272671234,0.0058161261450478795,8.289458661219878e-06
shfa_random_budget,SHFA,0,S0,0,2000,4,4,498,190,0.001442517056176514,0.00597645429362881,0.00047230684661685163,0.00047230684661685163,0.0074189713498053235,8.621137254018917e-06
shfa_random_budget,SHFA,0,S0,0,2000,5,5,498,190,0.002700561281269658,0.00597645429362881,0.0005584532544958059,0.0005584532544958059,0.008677015574898467,1.6139781064651767e-05
shfa_random_budget,SHFA,0,S0,0,2000,6,6,498,190,0.002821527072143998,0.0023753462603878115,0.0003315066870626383,0.0003315066870626383,0.00519687333253181,6.702103779400217e-06
shfa_random_budget,SHFA,0,S0,0,2000,7,7,498,190,0.001603804777342301,0.009078947368421053,0.0006822328682729226,0.0006822328682729226,0.010682752145763353,1.4560859162712996e-05
shfa_random_budget,SHFA,0,S0,0,2000,8,8,498,190,0.001974766536023612,0.0013781163434903043,0.00021227663800749158,0.00021227663800749163,0.0033528828795139163,2.7214580378718746e-06
shfa_random_budget,SHFA,0,S0,0,2000,9,9,498,190,0.0022570200480637407,0.0038157894736842103,0.00038816290845054277,0.00038816290845054277,0.006072809521747951,8.612313341295852e-06
shfa_random_budget,SHFA,0,S0,0,2000,10,a,498,190,0.0018376719730326934,0.003483379501385042,0.00033896702603224035,0.00033896702603224035,0.005321051474417735,6.40130888113189e-06
shfa_random_budget,SHFA,0,S0,0,2000,11,b,498,190,0.0015231609167594066,0.007970914127423822,0.0006055206751311891,0.0006055206751311893,0.00949407504418323,1.2140984869737375e-05
shfa_random_budget,SHFA,0,S0,0,2000,12,c,498,190,0.0029908791793680748,0.0058656509695290855,0.0005710765876642773,0.0005710765876642772,0.00885653014889716,1.7543453358204704e-05
shfa_random_budget,SHFA,0,S0,0,2000,13,d,498,190,0.002498951629812423,0.0033725761772853188,0.0003753983926785026,0.00037539839267850255,0.005871527807097742,8.427904734893698e-06
shfa_random_budget,SHFA,0,S0,0,2000,14,e,498,190,0.0021037967129562424,0.009189750692520777,0.0007251800801421262,0.0007251800801421263,0.01129354740547702,1.9333367299812563e-05
shfa_random_budget,SHFA,0,S0,0,2000,15,f,498,190,0.001660255479750327,0.002098337950138504,0.00023839586644813746,0.00023839586644813744,0.003758593429888831,3.4837770800855193e-06
shfa_random_budget,SHFA,0,S0,0,3000,0,0,767,278,0.0009773045220971325,0.004525516277625381,0.0003483491075056046,0.0003483491075056046,0.005502820799722514,4.4228075229474676e-06
shfa_random_budget,SHFA,0,S0,0,3000,1,1,767,278,0.0013036747244976532,0.0033609802805237825,0.0002959225628550937,0.00029592256285509365,0.004664655005021436,4.381625041253887e-06
shfa_random_budget,SHFA,0,S0,0,3000,2,2,767,278,0.0008821132130636469,0.004732544899332333,0.00035509077241186674,0.0003550907724118668,0.00561465811239598,4.174640387118018e-06
shfa_random_budget,SHFA,0,S0,0,3000,3,3,767,278,0.0014294632400061874,0.0027916515708296674,0.0002678102389766475,0.00026781023897664744,0.004221114810835855,3.990563299406539e-06
shfa_random_budget,SHFA,0,S0,0,3000,4,4,767,278,0.0007529250079467745,0.002869287303969773,0.00022854862766092721,0.00022854862766092724,0.0036222123119165474,2.1603581661430204e-06
shfa_random_budget,SHFA,0,S0,0,3000,5,5,767,278,0.001432862929614526,0.0039820661456446355,0.00034413882216706475,0.0003441388221670648,0.0054149290752591615,5.705754963367196e-06
shfa_random_budget,SHFA,0,S0,0,3000,6,6,767,278,0.0015348536178646888,0.0014718441074478546,0.00019017767308528313,0.00019017767308528313,0.0030066977253125435,2.2590652532491634e-06
shfa_random_budget,SHFA,0,S0,0,3000,7,7,767,278,0.0016062470996398024,0.005560659386160137,0.0004568634483736008,0.0004568634483736008,0.007166906485799939,8.931793011104564e-06
shfa_random_budget,SHFA,0,S0,0,3000,8,8,767,278,0.0017218365463233208,0.0026622586822628224,0.00027858992608152064,0.00027858992608152064,0.004384095228586143,4.583974294886693e-06
shfa_random_budget,SHFA,0,S0,0,3000,9,9,767,278,0.0017490340631900303,0.0030245587702499867,0.00030363960840528847,0.0003036396084052884,0.004773592833440017,5.290056315287376e-06
shfa_random_budget,SHFA,0,S0,0,3000,10,a,767,278,0.0014974570321729622,0.0028434087262564044,0.00027556199229431005,0.00027556199229431,0.004340865758429366,4.257882392474618e-06
shfa_random_budget,SHFA,0,S0,0,3000,11,b,767,278,0.0010181007973971976,0.005612416541586875,0.0004201213394428193,0.00042012133944281936,0.006630517338984072,5.714005756314819e-06
shfa_random_budget,SHFA,0,S0,0,3000,12,c,767,278,0.0013852672750977835,0.002688137259976192,0.0002583115720193395,0.0002583115720193395,0.004073404535073976,3.723788577216042e-06
shfa_random_budget,SHFA,0,S0,0,3000,13,d,767,278,0.0014906576529562852,0.001963537084001864,0.00021881413264101518,0.00021881413264101518,0.0034541947369581493,2.926961581130847e-06
shfa_random_budget,SHFA,0,S0,0,3000,14,e,767,278,0.0010011023493555035,0.007812095647223228,0.0005586455820919959,0.0005586455820919958,0.008813197996578731,7.820707305825076e-06
shfa_random_budget,SHFA,0,S0,0,3000,15,f,767,278,0.0014770588945229297,0.002325837171989027,0.00024111640263909574,0.00024111640263909574,0.0038028960665119566,3.4353984820984493e-06
shfa_random_budget,SHFA,0,S0,0,4000,0,0,1024,379,0.000820159912109375,0.003657991102818833,0.00028288457609439784,0.00028288457609439773,0.004478151014928208,3.00013766138477e-06
shfa_random_budget,SHFA,0,S0,0,4000,1,1,1024,379,0.0009403228759765625,0.002070700565994389,0.00019013609223468661,0.00019013609223468661,0.0030110234419709514,1.9471271115021395e-06
shfa_random_budget,SHFA,0,S0,0,4000,2,2,1024,379,0.00057220458984375,0.00326813026921283,0.00024189096783128712,0.00024189096783128712,0.00384033485905658,1.8700391402508717e-06
shfa_random_budget,SHFA,0,S0,0,4000,3,3,1024,379,0.0011081695556640625,0.0019314645539922448,0.00019211752207009771,0.0001921175220700977,0.0030396341096563073,2.1403902165784726e-06
shfa_random_budget,SHFA,0,S0,0,4000,4,4,1024,379,0.0012416839599609375,0.002070700565994389,0.00020959518855088517,0.00020959518855088517,0.0033123845259553264,2.5711556786772676e-06
shfa_random_budget,SHFA,0,S0,0,4000,5,5,1024,379,0.000904083251953125,0.002878269435606827,0.00023899923816383766,0.00023899923816383768,0.003782352687559952,2.6021951913407057e-06
shfa_random_budget,SHFA,0,S0,0,4000,6,6,1024,379,0.00092315673828125,0.002056776964794175,0.00018814458395640548,0.00018814458395640545,0.002979933703075425,1.8987275141913998e-06
shfa_random_budget,SHFA,0,S0,0,4000,7,7,1024,379,0.001270294189453125,0.0033795190788145444,0.00029490631271569345,0.00029490631271569345,0.004649813268267669,4.292983448964093e-06
shfa_random_budget,SHFA,0,S0,0,4000,8,8,1024,379,0.001117706298828125,0.0029339638404076835,0.00025650869356719566,0.00025650869356719566,0.004051670139235809,3.2793098649576236e-06
shfa_random_budget,SHFA,0,S0,0,4000,9,9,1024,379,0.0015277862548828125,0.00216816577439589,0.00023430949569834832,0.0002343094956983483,0.0036959520292787025,3.3124938684293896e-06
shfa_random_budget,SHFA,0,S0,0,4000,10,a,1024,379,0.0012531280517578125,0.002140318571995462,0.00021477250722684533,0.0002147725072268454,0.0033934466237532743,2.6820932422657366e-06
shfa_random_budget,SHFA,0,S0,0,4000,11,b,1024,379,0.0008144378662109375,0.003783303513620763,0.0002904401018803429,0.0002904401018803429,0.004597741379831701,3.081265640861637e-06
shfa_random_budget,SHFA,0,S0,0,4000,12,c,1024,379,0.001171112060546875,0.0022656309827973915,0.00021744974797771935,0.00021744974797771935,0.0034367430433442665,2.6533077687026946e-06
shfa_random_budget,SHFA,0,S0,0,4000,13,d,1024,379,0.0010471343994140625,0.001249208095181738,0.00014482949468072885,0.00014482949468072885,0.0022963424945958008,1.3080887684913144e-06
shfa_random_budget,SHFA,0,S0,0,4000,14,e,1024,379,0.000469207763671875,0.003783303513620763,0.0002675571102117078,0.00026755711021170784,0.004252511277292638,1.7751553809179454e-06
shfa_random_budget,SHFA,0,S0,0,4000,15,f,1024,379,0.0013828277587890625,0.002182089375596105,0.00022582477465980593,0.00022582477465980596,0.0035649171343851674,3.0174537607329866e-06
shfa_random_budget,SHFA,0,S0,0,6000,0,0,1557,578,0.0006201662865489475,0.0016036386058596044,0.00013998232837469698,0.00013998232837469696,0.002223804892408552,9.94522599162482e-07
shfa_random_budget,SHFA,0,S0,0,6000,1,1,1557,578,0.0006391412350793997,0.002753050131104752,0.0002137715482475393,0.00021377154824753927,0.0033921913661841517,1.7595878610297946e-06
shfa_random_budget,SHFA,0,S0,0,6000,2,2,1557,578,0.0007076160493414663,0.0028787670166784407,0.0002261860033695607,0.0002261860033695607,0.003586383066019907,2.0370617433165173e-06
shfa_random_budget,SHFA,0,S0,0,6000,3,3,1557,578,0.0006622411724208196,0.0021124926665150087,0.00017481984455369255,0.00017481984455369257,0.0027747338389358285,1.3989796202032829e-06
shfa_random_budget,SHFA,0,S0,0,6000,4,4,1557,578,0.0008874655614996642,0.002537535470121286,0.0002163145398171259,0.0002163145398171259,0.00342500103162095,2.2519753408165013e-06
shfa_random_budget,SHFA,0,S0,0,6000,5,5,1557,578,0.0005252915438966874,0.0014539756468433089,0.00012446796053356828,0.00012446796053356828,0.0019792671907399965,7.637611123185065e-07
shfa_random_budget,SHFA,0,S0,0,6000,6,6,1557,578,0.000588816371585592,0.002190317405203482,0.00017498555579646983,0.0001749855557964698,0.002779133776789074,1.2896947471526832e-06
shfa_random_budget,SHFA,0,S0,0,6000,7,7,1557,578,0.0008742655973045671,0.0037707582524155606,0.00029361063482334713,0.0002936106348233472,0.0046450238497201275,3.2966442158392156e-06
shfa_random_budget,SHFA,0,S0,0,6000,8,8,1557,578,0.0006589411813720452,0.0022082769602854374,0.0001806562584825998,0.0001806562584825998,0.0028672181416574826,1.4551246290071552e-06
shfa_random_budget,SHFA,0,S0,0,6000,9,9,1557,578,0.0005945913559209469,0.002040654446187187,0.00016591621812588286,0.00016591621812588292,0.002635245802108134,1.2133554941245484e-06
shfa_random_budget,SHFA,0,S0,0,6000,10,a,1557,578,0.0008041407875181135,0.0017533015648758996,0.0001612500483257619,0.0001612500483257619,0.0025574423523940133,1.4099013011360466e-06
shfa_random_budget,SHFA,0,S0,0,6000,11,b,1557,578,0.000568191427530753,0.0032439446366782,0.00024010168554700447,0.0002401016855470045,0.003812136064208953,1.8431815339449163e-06
shfa_random_budget,SHFA,0,S0,0,6000,12,c,1557,578,0.0010021402504445708,0.002351953400941081,0.0002119878403818563,0.0002119878403818563,0.003354093651385652,2.3569871702530548e-06
shfa_random_budget,SHFA,0,S0,0,6000,13,d,1557,578,0.0006416162283659809,0.0016455442343841667,0.0001440033368071592,0.00014400333680715917,0.0022871604627501475,1.0558078852749546e-06
shfa_random_budget,SHFA,0,S0,0,6000,14,e,1557,578,0.0005426164969027521,0.0035911627015960063,0.00026030982403112016,0.0002603098240311202,0.004133779198498758,1.948624124947848e-06
shfa_random_budget,SHFA,0,S0,0,6000,15,f,1557,578,0.000870965606255793,0.0022382095520886965,0.00019627285093599302,0.00019627285093599302,0.0031091751583444895,1.9494035394624382e-06
shfa_random_budget,SHFA,0,S0,0,8000,0,0,2100,767,0.00044693877551020415,0.001164287450555764,0.0001012220043366163,0.00010122200433661631,0.0016112262260659684,5.203652074932905e-07
shfa_random_budget,SHFA,0,S0,0,8000,1,1,2100,767,0.0004673469387755103,0.0013784678958811058,0.00011600764991737887,0.00011600764991737886,0.001845814834656616,6.442227513403537e-07
shfa_random_budget,SHFA,0,S0,0,8000,2,2,2100,767,0.0005349206349206348,0.0015008567217813008,0.0001280389240244111,0.00012803892402441113,0.0020357773567019357,8.02839230540156e-07
shfa_random_budget,SHFA,0,S0,0,8000,3,3,2100,767,0.0006768707482993196,0.001130290554472377,0.00011371264203663241,0.00011371264203663241,0.0018071613027716967,7.650606134013707e-07
shfa_random_budget,SHFA,0,S0,0,8000,4,4,2100,767,0.0007630385487528346,0.00240857384720775,0.00020006360944047394,0.00020006360944047397,0.0031716123959605845,1.837834692937433e-06
shfa_random_budget,SHFA,0,S0,0,8000,5,5,2100,767,0.00048185941043083906,0.0014532610672645585,0.00012164529737703652,0.00012164529737703655,0.0019351204776953976,7.002675210741921e-07
shfa_random_budget,SHFA,0,S0,0,8000,6,6,2100,767,0.00033446712018140586,0.0016402439957231905,0.00012396805242968165,0.00012396805242968165,0.0019747111159045963,5.486076856443777e-07
shfa_random_budget,SHFA,0,S0,0,8000,7,7,2100,767,0.00037437641723356003,0.0030375164247504203,0.0002143804771403849,0.00021438047714038495,0.0034118928419839805,1.1371745163861549e-06
shfa_random_budget,SHFA,0,S0,0,8000,8,8,2100,767,0.0006283446712018142,0.001225481863505862,0.00011663418341781812,0.00011663418341781812,0.001853826534707676,7.700249985883773e-07
shfa_random_budget,SHFA,0,S0,0,8000,9,9,2100,767,0.000447392290249433,0.0013988660335311383,0.00011601698711477934,0.00011601698711477934,0.0018462583237805713,6.258418784936361e-07
shfa_random_budget,SHFA,0,S0,0,8000,10,a,2100,767,0.0006287981859410432,0.0017252362359316592,0.00014821197678251748,0.00014821197678251748,0.002354034421872702,1.084825415473581e-06
shfa_random_budget,SHFA,0,S0,0,8000,11,b,2100,767,0.0004292517006802721,0.0019530154396903564,0.00014973003147210622,0.00014973003147210622,0.0023822671403706287,8.383351989419149e-07
shfa_random_budget,SHFA,0,S0,0,8000,12,c,2100,767,0.000626984126984127,0.001633444616506513,0.00014230094031502226,0.00014230094031502223,0.00226042874349064,1.0241438468572582e-06
shfa_random_budget,SHFA,0,S0,0,8000,13,d,2100,767,0.00042653061224489784,0.0016028474100314642,0.0001275197898794085,0.0001275197898794085,0.0020293780222763623,6.836634871358693e-07
shfa_random_budget,SHFA,0,S0,0,8000,14,e,2100,767,0.00033673469387755095,0.0027485428080416255,0.00019375537359102378,0.00019375537359102378,0.0030852775019191763,9.25529721075241e-07
shfa_random_budget,SHFA,0,S0,0,8000,15,f,2100,767,0.0004659863945578228,0.0018408256826151776,0.00014503355454616382,0.0001450335545461638,0.0023068120771730003,8.577997228512897e-07
shfa_random_budget,SHFA,0,S5,5,250,0,0,78,21,0.013108152531229454,0.03500566893424036,0.0034659734894396063,0.0034659734894396067,0.048113821465469817,0.00045885964784774305
shfa_random_budget,SHFA,0,S5,5,250,1,1,78,21,0.018696581196581193,0.03954081632653061,0.0043791154282225705,0.0043791154282225705,0.0582373975231118,0.0007392780830280828
shfa_random_budget,SHFA,0,S5,5,250,2,2,78,21,0.015080539119000655,0.039540816326530615,0.004010131542755168,0.004010131542755169,0.05462135544553127,0.0005962968274094647
shfa_random_budget,SHFA,0,S5,5,250,3,3,78,21,0.015738001314924394,0.05768140589569161,0.005496502992496582,0.005496502992496583,0.073419407210616,0.0009077900418330823
shfa_random_budget,SHFA,0,S5,5,250,4,4,78,21,0.009163379355687049,0.025935374149659858,0.002431327766149195,0.0024313277661491945,0.03509875350534691,0.0002376556720650127
shfa_random_budget,SHFA,0,S5,5,250,5,5,78,21,0.009163379355687047,0.03954081632653061,0.003406339730172147,0.0034063397301721476,0.048704195682217656,0.0003623275000335439
shfa_random_budget,SHFA,0,S5,5,250,6,6,78,21,0.007519723865877712,0.0758219954648526,0.005779017927026168,0.0057790179270261685,0.08334171933073031,0.0005701604688555237
shfa_random_budget,SHFA,0,S5,5,250,7,7,78,21,0.014751808021038792,0.04407596371882085,0.004326935888863544,0.004326935888863544,0.05882777173985965,0.0006502001551223162
shfa_random_budget,SHFA,0,S5,5,250,8,8,78,21,0.007519723865877713,0.05314625850340135,0.004191269086530076,0.004191269086530075,0.060665982369279066,0.0003996451884501335
shfa_random_budget,SHFA,0,S5,5,250,9,9,78,21,0.011464497041420118,0.03954081632653061,0.003641147657287767,0.0036411476572877667,0.05100531336795072,0.0004533155717908464
shfa_random_budget,SHFA,0,S5,5,250,10,a,78,21,0.01376561472715319,0.10303287981859409,0.008718216836921047,0.008718216836921049,0.11679849454574728,0.0014183109278118435
shfa_random_budget,SHFA,0,S5,5,250,11,b,78,21,0.016066732412886264,0.03047052154195011,0.0033981400882728725,0.0033981400882728725,0.04653725395483638,0.000489561716095599
shfa_random_budget,SHFA,0,S5,5,250,12,c,78,21,0.009163379355687049,0.035005668934240355,0.0030813357421644967,0.0030813357421644962,0.044169048289927404,0.0003207702240440335
shfa_random_budget,SHFA,0,S5,5,250,13,d,78,21,0.008834648257725179,0.025935374149659858,0.002402256308506308,0.002402256308506308,0.03477002240738504,0.0002291299080447431
shfa_random_budget,SHFA,0,S5,5,250,14,e,78,21,0.018367850098619333,0.03954081632653061,0.004345571438634626,0.0043455714386346255,0.05790866642514994,0.0007262797870627542
shfa_random_budget,SHFA,0,S5,5,250,15,f,78,21,0.019354043392504933,0.03954081632653061,0.0044462034073984615,0.004446203407398462,0.05889485971903554,0.0007652746749587408
shfa_random_budget,SHFA,0,S5,5,500,0,0,146,39,0.009746200037530493,0.01705292570677186,0.0018411465841822413,0.0018411465841822417,0.026799125744302352,0.0001662012251633446
shfa_random_budget,SHFA,0,S5,5,500,1,1,146,39,0.008807937699380746,0.020997698882314265,0.002047798709941719,0.002047798709941719,0.02980563658169501,0.00018494642358578078
shfa_random_budget,SHFA,0,S5,5,500,2,2,146,39,0.00505488834678176,0.03020216962524655,0.0023562347185379535,0.0023562347185379544,0.03525705797202831,0.00015266859528618483
shfa_random_budget,SHFA,0,S5,5,500,3,3,146,39,0.011435072246200037,0.019682774490466796,0.002169939369345828,0.002169939369345828,0.031117846736666833,0.00022507394830415092
shfa_random_budget,SHFA,0,S5,5,500,4,4,146,39,0.004585757177706887,0.02099769888231427,0.0016952563521162227,0.0016952563521162227,0.025583456060021156,9.629034836490053e-05
shfa_random_budget,SHFA,0,S5,5,500,5,5,146,39,0.0071190654907112025,0.02494247205785667,0.0021814131888656077,0.0021814131888656077,0.03206153754856787,0.00017756709208011586
shfa_random_budget,SHFA,0,S5,5,500,6,6,146,39,0.006649934321636328,0.036776791584483895,0.002958733617729839,0.0029587336177298394,0.04342672590612022,0.00024456324859732556
shfa_random_budget,SHFA,0,S5,5,500,7,7,146,39,0.0071190654907112025,0.03414694280078895,0.0028222198403251453,0.0028222198403251453,0.04126600829150015,0.00024309432210638593
shfa_random_budget,SHFA,0,S5,5,500,8,8,146,39,0.004679583411521861,0.035461867192636415,0.002674787428216145,0.002674787428216145,0.040141450604158274,0.00016594676545625268
shfa_random_budget,SHFA,0,S5,5,500,9,9,146,39,0.006180803152561456,0.0196827744904668,0.0017381289573110991,0.0017381289573110993,0.025863577643028254,0.0001216553546218334
shfa_random_budget,SHFA,0,S5,5,500,10,a,146,39,0.013499249390129479,0.04992603550295857,0.004638044310132899,0.004638044310132899,0.06342528489308805,0.0006739640043148962
shfa_random_budget,SHFA,0,S5,5,500,11,b,146,39,0.006180803152561455,0.02888724523339908,0.002370299400529942,0.0023702994005299423,0.03506804838596053,0.0001785463764074089
shfa_random_budget,SHFA,0,S5,5,500,12,c,146,39,0.006086976918746481,0.02231262327416174,0.0019107914349232715,0.0019107914349232719,0.02839960019290822,0.00013581642286650803
shfa_random_budget,SHFA,0,S5,5,500,13,d,146,39,0.005805498217301557,0.024942472057856675,0.00206655161926437,0.0020665516192643705,0.030747970275158232,0.00014480347706698083
shfa_random_budget,SHFA,0,S5,5,500,14,e,146,39,0.010965941077125164,0.01705292570677186,0.001938180552486617,0.001938180552486617,0.028018866783897024,0.0001870013784930532
shfa_random_budget,SHFA,0,S5,5,500,15,f,146,39,0.008432632764120847,0.03283201840894148,0.0028559010524638545,0.002855901052463854,0.04126465117306233,0.00027686035414745873
shfa_random_budget,SHFA,0,S5,5,1000,0,0,291,73,0.003051894757974044,0.01087211484331019,0.0009034311503786546,0.0009034311503786547,0.013924009601284234,3.318055029839016e-05
shfa_random_budget,SHFA,0,S5,5,1000,1,1,291,73,0.005153901111229202,0.0056178457496716076,0.0007021880002582473,0.0007021880002582474,0.01077174686090081,2.8953821451946746e-05
shfa_random_budget,SHFA,0,S5,5,1000,2,2,291,73,0.0033825474427557536,0.007869675361231,0.000729883475517622,0.000729883475517622,0.011252222803986753,2.661955026844988e-05
shfa_random_budget,SHFA,0,S5,5,1000,3,3,291,73,0.004256415252535988,0.008995590167010695,0.0008665393059140949,0.0008665393059140948,0.013252005419546683,3.828896719242708e-05
shfa_random_budget,SHFA,0,S5,5,1000,4,4,291,73,0.001989082556889975,0.010872114843310188,0.000825450371503843,0.000825450371503843,0.012861197400200162,2.162553399133288e-05
shfa_random_budget,SHFA,0,S5,5,1000,5,5,291,73,0.005815206480792623,0.011998029649089885,0.0011830982778897863,0.0011830982778897863,0.017813236129882507,6.977101977212954e-05
shfa_random_budget,SHFA,0,S5,5,1000,6,6,291,73,0.0022488810949327473,0.01049680990805029,0.0008202117650457567,0.0008202117650457569,0.012745691002983037,2.360607735931705e-05
shfa_random_budget,SHFA,0,S5,5,1000,7,7,291,73,0.003760436225363423,0.018002908613248263,0.0014279078421243962,0.0014279078421243962,0.021763344838611684,6.769878971116596e-05
shfa_random_budget,SHFA,0,S5,5,1000,8,8,291,73,0.0034770196384076714,0.016876993807468568,0.0013308074792731178,0.0013308074792731178,0.02035401344587624,5.868163890585287e-05
shfa_random_budget,SHFA,0,S5,5,1000,9,9,291,73,0.003028276709061064,0.008995590167010695,0.0007787328159415022,0.000778732815941502,0.012023866876071758,2.7241136187017215e-05
shfa_random_budget,SHFA,0,S5,5,1000,10,a,291,73,0.004752394279708553,0.023632482642146742,0.0018863656829398061,0.001886365682939806,0.028384876921855297,0.00011231087532384985
shfa_random_budget,SHFA,0,S5,5,1000,11,b,291,73,0.00383129037210236,0.012373334584349784,0.0010601948974420794,0.0010601948974420794,0.016204624956452144,4.740583766382048e-05
shfa_random_budget,SHFA,0,S5,5,1000,12,c,291,73,0.0045870679373176985,0.010872114843310188,0.001016070053197827,0.001016070053197827,0.015459182780627887,4.9871129408584e-05
shfa_random_budget,SHFA,0,S5,5,1000,13,d,291,73,0.002555915730801478,0.008244980296490899,0.0006961294765457228,0.0006961294765457229,0.010800896027292377,2.1073474839949322e-05
shfa_random_budget,SHFA,0,S5,5,1000,14,e,291,73,0.006618220143833918,0.008244980296490897,0.0009835171222040509,0.0009835171222040506,0.014863200440324815,5.45670946837498e-05
shfa_random_budget,SHFA,0,S5,5,1000,15,f,291,73,0.004587067937317699,0.01875351848376806,0.001544810314666647,0.0015448103146666473,0.02334058642108576,8.60236633487873e-05
shfa_random_budget,SHFA,0,S5,5,1500,0,0,432,114,0.0013717421124828538,0.007521545090797168,0.0005661480703569864,0.0005661480703569864,0.008893287203280021,1.0317620151985145e-05
shfa_random_budget,SHFA,0,S5,5,1500,1,1,432,114,0.002893518518518518,0.0035203139427516152,0.0004110506224137341,0.00041105062241373404,0.006413832461270133,1.0186093584350737e-05
shfa_random_budget,SHFA,0,S5,5,1500,2,2,432,114,0.0015967935528120717,0.0033664204370575557,0.0003155763528168,0.0003155763528168,0.004963213989869627,5.375478449948301e-06
shfa_random_budget,SHFA,0,S5,5,1500,3,3,432,114,0.002046896433470508,0.003828100954139735,0.00037502306291563385,0.0003750230629156339,0.005874997387610243,7.835726189993672e-06
shfa_random_budget,SHFA,0,S5,5,1500,4,4,432,114,0.0014360425240054877,0.0067520775623268695,0.0005214537759006569,0.000521453775900657,0.008188120086332358,9.696270504884698e-06
shfa_random_budget,SHFA,0,S5,5,1500,5,5,432,114,0.0026470336076817565,0.0033664204370575557,0.000384751905830685,0.0003847519058306851,0.006013454044739313,8.911028034478058e-06
shfa_random_budget,SHFA,0,S5,5,1500,6,6,432,114,0.0013395919067215366,0.003366420437057556,0.0002986354010582976,0.0002986354010582976,0.004706012343779093,4.50962957210428e-06
shfa_random_budget,SHFA,0,S5,5,1500,7,7,432,114,0.0012860082304526751,0.012138350261618958,0.0008546324240950365,0.0008546324240950365,0.013424358492071634,1.561001834055936e-05
shfa_random_budget,SHFA,0,S5,5,1500,8,8,432,114,0.0030328360768175585,0.0055209295167743914,0.0005513544238155371,0.0005513544238155371,0.00855376559359195,1.6744074216040303e-05
shfa_random_budget,SHFA,0,S5,5,1500,9,9,432,114,0.0011466906721536354,0.007521545090797168,0.0005503896207802253,0.0005503896207802253,0.008668235762950803,8.62488559580008e-06
shfa_random_budget,SHFA,0,S5,5,1500,10,a,432,114,0.0031507201646090535,0.011984456755924898,0.0009837082270961498,0.0009837082270961496,0.015135176920533951,3.7759669562777776e-05
shfa_random_budget,SHFA,0,S5,5,1500,11,b,432,114,0.0024969993141289444,0.007213758079409048,0.0006249350860727011,0.000624935086072701,0.009710757393537993,1.8012748976576522e-05
shfa_random_budget,SHFA,0,S5,5,1500,12,c,432,114,0.0020254629629629633,0.008598799630655584,0.0006814329622789918,0.0006814329622789917,0.010624262593618547,1.7416550177832492e-05
shfa_random_budget,SHFA,0,S5,5,1500,13,d,432,114,0.0016503772290809332,0.0065981840566328095,0.0005264245730774606,0.0005264245730774605,0.008248561285713742,1.0889492720351648e-05
shfa_random_budget,SHFA,0,S5,5,1500,14,e,432,114,0.003622256515775034,0.007213758079409048,0.0007033809944053693,0.0007033809944053693,0.010836014595184082,2.613008220636422e-05
shfa_random_budget,SHFA,0,S5,5,1500,15,f,432,114,0.0028720850480109736,0.009522160664819944,0.00080198881232212,0.00080198881232212,0.012394245712830917,2.7348455270187594e-05
shfa_random_budget,SHFA,0,S5,5,2000,0,0,578,154,0.0017113959363513364,0.00994054646652049,0.0007452586110074041,0.0007452586110074039,0.011651942402871826,1.7012210827914804e-05
shfa_random_budget,SHFA,0,S5,5,2000,1,1,578,154,0.002154398295039571,0.004121689998313375,0.0004011352802396071,0.00040113528023960713,0.006276088293352946,8.879761905047988e-06
shfa_random_budget,SHFA,0,S5,5,2000,2,2,578,154,0.0017473150465152478,0.0037000337325012646,0.00034692442330194544,0.00034692442330194544,0.005447348779016512,6.465124613413433e-06
shfa_random_budget,SHFA,0,S5,5,2000,3,3,578,154,0.0018790184504495877,0.004627677517287907,0.0004153639894213081,0.00041536398942130815,0.006506695967737495,8.695491437714718e-06
shfa_random_budget,SHFA,0,S5,5,2000,4,4,578,154,0.0015377869038924344,0.007494940124810254,0.0005760710600633092,0.0005760710600633092,0.009032727028702689,1.1525620769391137e-05
shfa_random_budget,SHFA,0,S5,5,2000,5,5,578,154,0.0016814633445480776,0.0025193961882273566,0.0002667899931393631,0.0002667899931393631,0.004200859532775434,4.236272340898449e-06
shfa_random_budget,SHFA,0,S5,5,2000,6,6,578,154,0.0005739574478274926,0.005892646314724237,0.0004075448633992323,0.0004075448633992323,0.00646660376255173,3.3821282397492026e-06
shfa_random_budget,SHFA,0,S5,5,2000,7,7,578,154,0.0011067575819255038,0.005892646314724237,0.0004439844745270352,0.0004439844745270352,0.00699940389664974,6.521730986426427e-06
shfa_random_budget,SHFA,0,S5,5,2000,8,8,578,154,0.003196052489792986,0.008506915162759317,0.0007586240256709136,0.0007586240256709135,0.011702967652552302,2.718854738639462e-05
shfa_random_budget,SHFA,0,S5,5,2000,9,9,578,154,0.0013102992061876655,0.007326277618485411,0.0005493856672898792,0.0005493856672898792,0.008636576824673076,9.599615747811895e-06
shfa_random_budget,SHFA,0,S5,5,2000,10,a,578,154,0.002339980364219778,0.010530865238657447,0.0008290698680565296,0.0008290698680565295,0.012870845602877224,2.464201787670305e-05
shfa_random_budget,SHFA,0,S5,5,2000,11,b,578,154,0.002711144502580189,0.008000927643784786,0.0006911961801447999,0.0006911961801447999,0.010712072146364975,2.1691670996988986e-05
shfa_random_budget,SHFA,0,S5,5,2000,12,c,578,154,0.0013522048347122282,0.004374683757800641,0.00036384600555968935,0.0003638460055596894,0.005726888592512869,5.915468527635085e-06
shfa_random_budget,SHFA,0,S5,5,2000,13,d,578,154,0.0009570946229092087,0.006229971327373924,0.0004551542939510039,0.00045515429395100393,0.007187065950283133,5.962672058308128e-06
shfa_random_budget,SHFA,0,S5,5,2000,14,e,578,154,0.003279863746842111,0.004459015010963062,0.0004983048840439059,0.0004983048840439059,0.007738878757805174,1.4624961681082526e-05
shfa_random_budget,SHFA,0,S5,5,2000,15,f,578,154,0.0025016163599573754,0.007241946365322989,0.0006270892418354485,0.0006270892418354486,0.009743562725280364,1.811657150542584e-05
shfa_random_budget,SHFA,0,S5,5,3000,0,0,883,229,0.0008778339825238012,0.006854131309471597,0.0004892646201338469,0.0004892646201338469,0.007731965291995399,6.0167893841345285e-06
shfa_random_budget,SHFA,0,S5,5,3000,1,1,883,229,0.0007264915883127759,0.002468250033370836,0.00020146451424232238,0.00020146451424232238,0.0031947416216836118,1.7931628870966407e-06
shfa_random_budget,SHFA,0,S5,5,3000,2,2,883,229,0.0006418424525676263,0.0020105928567342355,0.00016706769068164764,0.0001670676906816476,0.0026524353093018618,1.2904838502812518e-06
shfa_random_budget,SHFA,0,S5,5,3000,3,3,883,229,0.0012318212774580636,0.0031547357983257376,0.00027804588791762385,0.00027804588791762385,0.004386557075783801,3.886070681136294e-06
shfa_random_budget,SHFA,0,S5,5,3000,4,4,883,229,0.0007777940948249875,0.0060150931523044945,0.0004292339568792772,0.00042923395687927726,0.006792887247129482,4.678503933684655e-06
shfa_random_budget,SHFA,0,S5,5,3000,5,5,883,229,0.0016191552016252635,0.00433701683797029,0.00037928305584745807,0.000379283055847458,0.005956172039595553,7.0223033727359484e-06
shfa_random_budget,SHFA,0,S5,5,3000,6,6,883,229,0.0005366723142175918,0.004832812112659941,0.0003381864131405259,0.0003381864131405258,0.005369484426877532,2.5936364606800194e-06
shfa_random_budget,SHFA,0,S5,5,3000,7,7,883,229,0.0010471322540141004,0.005481159779561795,0.0004137577512930774,0.00041375775129307745,0.006528292033575895,5.739499194583972e-06
shfa_random_budget,SHFA,0,S5,5,3000,8,8,883,229,0.0019167097393960927,0.00422260254381114,0.00039180052112177354,0.0003918005211217736,0.006139312283207233,8.093503421321528e-06
shfa_random_budget,SHFA,0,S5,5,3000,9,9,883,229,0.0011446070163873031,0.00391749775938674,0.0003208655439079533,0.00032086554390795333,0.0050621047757740435,4.483995422075601e-06
shfa_random_budget,SHFA,0,S5,5,3000,10,a,883,229,0.0008957898598030754,0.0032310119944318387,0.00026081942367119624,0.0002608194236711963,0.004126801854234914,2.894307781514152e-06
shfa_random_budget,SHFA,0,S5,5,3000,11,b,883,229,0.0016473715802069802,0.0076931694666387,0.0005964573241689117,0.0005964573241689117,0.00934054104684568,1.2673508741056686e-05
shfa_random_budget,SHFA,0,S5,5,3000,12,c,883,229,0.001139476765736082,0.00395563585743979,0.0003229518941017572,0.00032295189410175713,0.005095112623175872,4.507355153265165e-06
shfa_random_budget,SHFA,0,S5,5,3000,13,d,883,229,0.0006469727032188475,0.00437515493602334,0.0003167135832685971,0.00031671358326859704,0.005022127639242187,2.8306058159603038e-06
shfa_random_budget,SHFA,0,S5,5,3000,14,e,883,229,0.0017602370945338467,0.005061640700978242,0.0004352770499405698,0.0004352770499405697,0.006821877795512088,8.909687721064203e-06
shfa_random_budget,SHFA,0,S5,5,3000,15,f,883,229,0.0009445272409896765,0.006739717015312447,0.00048663111233640695,0.00048663111233640695,0.007684244256302123,6.3658463175242425e-06
shfa_random_budget,SHFA,0,S5,5,4000,0,0,1184,299,0.0009216353177501824,0.003796797574971198,0.0002984013185345279,0.00029840131853452797,0.00471843289272138,3.499262739441702e-06
shfa_random_budget,SHFA,0,S5,5,4000,1,1,1184,299,0.0007518603907962014,0.0028124685406203517,0.0002248851419095874,0.0002248851419095874,0.003564328931416553,2.11458369605284e-06
shfa_random_budget,SHFA,0,S5,5,4000,2,2,1184,299,0.0005235915814463109,0.0017833972774353754,0.00014512057548094485,0.00014512057548094485,0.0023069888588816865,9.337718008394335e-07
shfa_random_budget,SHFA,0,S5,5,4000,3,3,1184,299,0.0007718339116143168,0.0031032930280421923,0.0002445906605252511,0.0002445906605252511,0.0038751269396565093,2.395226796719243e-06
shfa_random_budget,SHFA,0,S5,5,4000,4,4,1184,299,0.0010229296018991964,0.003908653147056521,0.00031222219881741286,0.0003122221988174129,0.004931582748955717,3.9982770076805686e-06
shfa_random_budget,SHFA,0,S5,5,4000,5,5,1184,299,0.0012126780496712927,0.0036625708884688093,0.00030914457795556754,0.0003091445779555676,0.0048752489381401025,4.441519321811209e-06
shfa_random_budget,SHFA,0,S5,5,4000,6,6,1184,299,0.000408030496712929,0.004266590977729556,0.00029390474138856913,0.0002939047413885692,0.004674621474442485,1.7408992359138922e-06
shfa_random_budget,SHFA,0,S5,5,4000,7,7,1184,299,0.0012083980094959824,0.0020518506504401523,0.00020624499348778335,0.00020624499348778335,0.0032602486599361347,2.479452241774917e-06
shfa_random_budget,SHFA,0,S5,5,4000,8,8,1184,299,0.0010757167640613589,0.0036401997740517444,0.0002986606075535488,0.0002986606075535488,0.004715916538113103,3.915823921479832e-06
shfa_random_budget,SHFA,0,S5,5,4000,9,9,1184,299,0.0012012646092037981,0.0036625708884688093,0.0003083894353915557,0.00030838943539155566,0.0048638354976726075,4.399716787017692e-06
shfa_random_budget,SHFA,0,S5,5,4000,10,a,1184,299,0.0009016617969320672,0.0026558707397008985,0.0002247404807231384,0.00022474048072313837,0.003557532536632966,2.394697183578011e-06
shfa_random_budget,SHFA,0,S5,5,4000,11,b,1184,299,0.0016463887874360848,0.004087622062393039,0.00036510549324512054,0.0003651054932451205,0.005734010849829123,6.729815130800263e-06
shfa_random_budget,SHFA,0,S5,5,4000,12,c,1184,299,0.0006234591855368882,0.0015596861332647287,0.00013741898307143946,0.00013741898307143948,0.002183145318801617,9.724006463384062e-07
shfa_random_budget,SHFA,0,S5,5,4000,13,d,1184,299,0.0004365640978816653,0.0016715417053500521,0.00013248634779865003,0.00013248634779865006,0.0021081058032317176,7.297350966677259e-07
shfa_random_budget,SHFA,0,S5,5,4000,14,e,1184,299,0.0016948959094229361,0.002163706222525475,0.00024482989007252714,0.0002448298900725271,0.0038586021319484114,3.667256825751381e-06
shfa_random_budget,SHFA,0,S5,5,4000,15,f,1184,299,0.0008788349159970779,0.007823598170042842,0.0005507777191180595,0.0005507777191180595,0.00870243308603992,6.8756512405644935e-06
shfa_random_budget,SHFA,0,S5,5,6000,0,0,1784,448,0.0008558889179352087,0.003208705357142857,0.00025678343754847706,0.000256783437548477,0.004064594275078066,2.7462953560979072e-06
shfa_random_budget,SHFA,0,S5,5,6000,1,1,1784,448,0.0005335166602988196,0.002471301020408164,0.00018911958531118766,0.0001891195853111877,0.0030048176807069833,1.3184802670012285e-06
shfa_random_budget,SHFA,0,S5,5,6000,2,2,1784,448,0.00040720706227754405,0.0016242825255102038,0.00012762951855225602,0.000127629518552256,0.0020314895877877478,6.614193155217601e-07
shfa_random_budget,SHFA,0,S5,5,6000,3,3,1784,448,0.000451195479498884,0.0017737563775510206,0.0001398598019249024,0.0001398598019249024,0.0022249518570499048,8.003108592833363e-07
shfa_random_budget,SHFA,0,S5,5,6000,4,4,1784,448,0.000569964205996501,0.0016840720663265306,0.00014183712781831416,0.00014183712781831414,0.0022540362723230314,9.598607981246877e-07
shfa_random_budget,SHFA,0,S5,5,6000,5,5,1784,448,0.0005441995616240023,0.002022879464285714,0.0001615432892370398,0.00016154328923703975,0.002567079025909716,1.100850117682482e-06
shfa_random_budget,SHFA,0,S5,5,6000,6,6,1784,448,0.00043611373645156755,0.0036073022959183672,0.0002542866961059042,0.0002542866961059042,0.004043416032369935,1.5731940827832774e-06
shfa_random_budget,SHFA,0,S5,5,6000,7,7,1784,448,0.0006749080013674113,0.0015744579081632655,0.00014164798358570288,0.0001416479835857029,0.002249365909530677,1.0626142400355847e-06
shfa_random_budget,SHFA,0,S5,5,6000,8,8,1784,448,0.000519063323211808,0.0028200733418367345,0.00021015983820604872,0.00021015983820604872,0.0033391366650485426,1.4637966405148043e-06
shfa_random_budget,SHFA,0,S5,5,6000,9,9,1784,448,0.0008502332642924651,0.0019929846938775506,0.00017939562426758644,0.0001793956242675864,0.002843217958170016,1.6945018819604293e-06
shfa_random_budget,SHFA,0,S5,5,6000,10,a,1784,448,0.0006648535060025337,0.0016442123724489796,0.000145409777763655,0.00014540977776365504,0.0023090658784515133,1.0931603604354477e-06
shfa_random_budget,SHFA,0,S5,5,6000,11,b,1784,448,0.0007094703291841782,0.005400988520408164,0.00038573551920301533,0.0003857355192030154,0.006110458849592343,3.831841103493948e-06
shfa_random_budget,SHFA,0,S5,5,6000,12,c,1784,448,0.0003167166039936456,0.0007573341836734691,6.736803453993604e-05,6.736803453993603e-05,0.0010740507876671147,2.3986031074136097e-07
shfa_random_budget,SHFA,0,S5,5,6000,13,d,1784,448,0.00043611373645156717,0.001235650510204082,0.00010502414957693145,0.00010502414957693145,0.001671764246655649,5.388841609533875e-07
shfa_random_budget,SHFA,0,S5,5,6000,14,e,1784,448,0.0007295793199139337,0.0015744579081632655,0.00014515101868469582,0.00014515101868469582,0.002304037228077199,1.1486919298708699e-06
shfa_random_budget,SHFA,0,S5,5,6000,15,f,1784,448,0.000353792555651632,0.0026207748724489796,0.00018683767489619955,0.00018683767489619953,0.0029745674281006114,9.272106399113043e-07
shfa_random_budget,SHFA,0,S5,5,8000,0,0,2378,600,0.0007115530574986154,0.0024111111111111104,0.00019688214402118788,0.00019688214402118786,0.003122664168609726,1.7156334830799944e-06
shfa_random_budget,SHFA,0,S5,5,8000,1,1,2378,600,0.000547447127120556,0.0017666666666666664,0.00014559926870294772,0.0001455992687029477,0.002314113793787222,9.671565912463155e-07
shfa_random_budget,SHFA,0,S5,5,8000,2,2,2378,600,0.0005976692006414277,0.0009944444444444443,0.00010010145163406041,0.00010010145163406041,0.001592113645085872,5.943488161934197e-07
shfa_random_budget,SHFA,0,S5,5,8000,3,3,2378,600,0.0004537228349865356,0.000727777777777778,7.417399769434313e-05,7.417399769434313e-05,0.0011815006127643135,3.3020939657353434e-07
shfa_random_budget,SHFA,0,S5,5,8000,4,4,2378,600,0.0006623920137000161,0.0012944444444444446,0.00012315970829620716,0.00012315970829620716,0.0019568364581444607,8.574296621783543e-07
shfa_random_budget,SHFA,0,S5,5,8000,5,5,2378,600,0.0004441735674860878,0.0016888888888888895,0.00013406656332630145,0.0001340665633263015,0.0021330624563749775,7.50159802865393e-07
shfa_random_budget,SHFA,0,S5,5,8000,6,6,2378,600,0.000388646345353857,0.0030833333333333338,0.00021819705614945713,0.00021819705614945715,0.0034719796786871907,1.198326231507726e-06
shfa_random_budget,SHFA,0,S5,5,8000,7,7,2378,600,0.0005895346394373428,0.00075,8.416306594441192e-05,8.416306594441193e-05,0.0013395346394373428,4.421509795780071e-07
shfa_random_budget,SHFA,0,S5,5,8000,8,8,2378,600,0.00048237063748787784,0.0025777777777777774,0.00019250272026407217,0.0001925027202640722,0.003060148415265655,1.2434443099687515e-06
shfa_random_budget,SHFA,0,S5,5,8000,9,9,2378,600,0.0005485081568428283,0.0017722222222222223,0.00014601772703619266,0.00014601772703619266,0.0023207303790650506,9.720783446270125e-07
shfa_random_budget,SHFA,0,S5,5,8000,10,a,2378,600,0.0005555816883246411,0.002277777777777777,0.00017835045825480728,0.00017835045825480725,0.002833359466102418,1.2654916234061265e-06
shfa_random_budget,SHFA,0,S5,5,8000,11,b,2378,600,0.0005803390485109864,0.004977777777777777,0.0003502711004623024,0.0003502711004623024,0.005558116826288763,2.8887988192546874e-06
shfa_random_budget,SHFA,0,S5,5,8000,12,c,2378,600,0.0003645963383156931,0.0007777777777777781,7.168195718564305e-05,7.168195718564304e-05,0.001142374116093471,2.8357492980109473e-07
shfa_random_budget,SHFA,0,S5,5,8000,13,d,2378,600,0.0006065111149936937,0.0014333333333333338,0.00012835961061859685,0.00012835961061859685,0.0020398444483270273,8.693325981576279e-07
shfa_random_budget,SHFA,0,S5,5,8000,14,e,2378,600,0.0004116353226697488,0.0013666666666666664,0.00011170644260784128,0.00011170644260784128,0.0017783019893364152,5.625682743153233e-07
shfa_random_budget,SHFA,0,S5,5,8000,15,f,2378,600,0.00034691250961116094,0.0016777777777777776,0.00012712518506126738,0.00012712518506126738,0.0020246902873889386,5.820420994587255e-07
shfa_random_budget,SHFA,1,S0,0,250,0,0,68,26,0.007569204152249136,0.029215976331360954,0.0025202154695849804,0.0025202154695849804,0.03678518048361009,0.00022114168935934983
shfa_random_budget,SHFA,1,S0,0,250,1,1,68,26,0.016652249134948095,0.017381656804733733,0.002416562800720706,0.0024165628007207065,0.03403390593968183,0.000289443679490592
shfa_random_budget,SHFA,1,S0,0,250,2,2,68,26,0.017084775086505192,0.03809171597633137,0.004099319091541943,0.004099319091541943,0.05517649106283656,0.0006507884001146579
shfa_random_budget,SHFA,1,S0,0,250,3,3,68,26,0.011461937716262976,0.04696745562130178,0.004190175134620504,0.004190175134620504,0.05842939333756476,0.0005383380510227064
shfa_random_budget,SHFA,1,S0,0,250,4,4,68,26,0.011461937716262976,0.041050295857988174,0.0037525305327491248,0.0037525305327491256,0.05251223357425115,0.0004705159343584285
shfa_random_budget,SHFA,1,S0,0,250,5,5,68,26,0.01967993079584775,0.04696745562130178,0.005089777927356116,0.005089777927356115,0.06664738641714953,0.0009243162762842694
shfa_random_budget,SHFA,1,S0,0,250,6,6,68,26,0.011029411764705883,0.046967455621301786,0.004142827619213366,0.004142827619213367,0.05799686738600767,0.0005180234075878874
shfa_random_budget,SHFA,1,S0,0,250,7,7,68,26,0.014922145328719723,0.026257396449704144,0.0029655380469277865,0.002965538046927786,0.04117954177842387,0.00039181668577629455
shfa_random_budget,SHFA,1,S0,0,250,8,8,68,26,0.012326989619377164,0.04400887573964497,0.004063488539341947,0.004063488539341947,0.05633586535902214,0.0005424969544030631
shfa_random_budget,SHFA,1,S0,0,250,9,9,68,26,0.011029411764705881,0.04400887573964497,0.003925284980856248,0.003925284980856248,0.05503828750435086,0.0004853920118343195
shfa_random_budget,SHFA,1,S0,0,250,10,a,68,26,0.010596885813148788,0.01146449704142012,0.0015003243944636678,0.0015003243944636678,0.022061382854568906,0.00012148796605311112
shfa_random_budget,SHFA,1,S0,0,250,11,b,68,26,0.013624567474048443,0.026257396449704148,0.0028503684148563713,0.0028503684148563713,0.039881963923752595,0.0003577456696218342
shfa_random_budget,SHFA,1,S0,0,250,12,c,68,26,0.014057093425605537,0.02921597633136095,0.0031152585686206264,0.0031152585686206264,0.04327306975696649,0.000410691708810221
shfa_random_budget,SHFA,1,S0,0,250,13,d,68,26,0.014057093425605537,0.026257396449704148,0.0028887582922135103,0.0028887582922135094,0.04031448987530968,0.0003691026750066543
shfa_random_budget,SHFA,1,S0,0,250,14,e,68,26,0.012759515570934257,0.023298816568047342,0.002550927371470691,0.002550927371470691,0.0360583321389816,0.0002972816127843411
shfa_random_budget,SHFA,1,S0,0,250,15,f,68,26,0.01448961937716263,0.02329881656804734,0.0026993682305849597,0.0026993682305849593,0.03778843594520997,0.00033759098400933644
shfa_random_budget,SHFA,1,S0,0,500,0,0,133,48,0.004716914466617672,0.011284722222222224,0.001053331362554255,0.0010533313625542553,0.016001636688839894,5.3229069501761925e-05
shfa_random_budget,SHFA,1,S0,0,500,1,1,133,48,0.013083696082311039,0.00607638888888889,0.0012770069362001493,0.0012770069362001493,0.019160084971199927,7.95016255001539e-05
shfa_random_budget,SHFA,1,S0,0,500,2,2,133,48,0.00573449601447227,0.009548611111111112,0.0010099506677093736,0.0010099506677093736,0.015283107125583381,5.475647236041231e-05
shfa_random_budget,SHFA,1,S0,0,500,3,3,133,48,0.009013369890892645,0.013020833333333334,0.0014944992886351215,0.0014944992886351217,0.02203420322422598,0.00011736158712099798
shfa_random_budget,SHFA,1,S0,0,500,4,4,133,48,0.005056108315902538,0.017361111111111115,0.0014888558724505498,0.00148885587245055,0.022417219427013652,8.777965826219685e-05
shfa_random_budget,SHFA,1,S0,0,500,5,5,133,48,0.012857566849454462,0.014756944444444446,0.001915645355556812,0.0019156453555568117,0.027614511293898907,0.00018973839968813012
shfa_random_budget,SHFA,1,S0,0,500,6,6,133,48,0.004151591384476227,0.00607638888888889,0.000664475450845158,0.000664475450845158,0.010227980273365116,2.522668375983819e-05
shfa_random_budget,SHFA,1,S0,0,500,7,7,133,48,0.005734496014472271,0.015625,0.001424570001130646,0.0014245700011306461,0.02135949601447227,8.960150022612923e-05
shfa_random_budget,SHFA,1,S0,0,500,8,8,133,48,0.008561111425179489,0.013020833333333336,0.0014603443524224093,0.0014603443524224095,0.021581944758512824,0.00011147280501535794
shfa_random_budget,SHFA,1,S0,0,500,9,9,133,48,0.005169172932330827,0.022569444444444448,0.0018503289473684207,0.0018503289473684212,0.027738617376775274,0.00011666536131996659
shfa_random_budget,SHFA,1,S0,0,500,10,a,133,48,0.007204336028040024,0.009548611111111112,0.0011158505992424669,0.001115850599242467,0.016752947139151136,6.879140304552107e-05
shfa_random_budget,SHFA,1,S0,0,500,11,b,133,48,0.008561111425179489,0.011284722222222224,0.0013369743673092506,0.0013369743673092506,0.019845833647401712,9.660976434664355e-05
shfa_random_budget,SHFA,1,S0,0,500,12,c,133,48,0.011048532986601842,0.013020833333333334,0.0016481965015923265,0.0016481965015923267,0.024069366319935177,0.00014386110659637817
shfa_random_budget,SHFA,1,S0,0,500,13,d,133,48,0.011387726835886708,0.016493055555555556,0.0019303673108209117,0.0019303673108209119,0.027880782391442264,0.00018781841135577035
shfa_random_budget,SHFA,1,S0,0,500,14,e,133,48,0.008334982192322912,0.019097222222222224,0.001873687783054126,0.0018736877830541267,0.027432204414545136,0.00015917500714505563
shfa_random_budget,SHFA,1,S0,0,500,15,f,133,48,0.010483209904460397,0.016493055555555556,0.0018589167546058127,0.0018589167546058127,0.026976265460015955,0.0001729001633548156
shfa_random_budget,SHFA,1,S0,0,1000,0,0,257,100,0.0033450544292873475,0.0057,0.0005843827120773971,0.0005843827120773971,0.009045054429287347,1.9066810246937883e-05
shfa_random_budget,SHFA,1,S0,0,1000,1,1,257,100,0.008583589456312738,0.005300000000000001,0.0009132173651380038,0.0009132173651380037,0.01388358945631274,4.549302411845752e-05
shfa_random_budget,SHFA,1,S0,0,1000,2,2,257,100,0.0025274795984799167,0.0051,0.0004896076208572423,0.0004896076208572424,0.007627479598479917,1.2890145952247575e-05
shfa_random_budget,SHFA,1,S0,0,1000,3,3,257,100,0.004919642992323881,0.004700000000000001,0.0006243500090841649,0.0006243500090841649,0.009619642992323882,2.3122322063922247e-05
shfa_random_budget,SHFA,1,S0,0,1000,4,4,257,100,0.0016493436690941574,0.0057,0.00046873523823222157,0.00046873523823222157,0.007349343669094158,9.401258913836697e-06
shfa_random_budget,SHFA,1,S0,0,1000,5,5,257,100,0.006857598146830383,0.0077,0.000962653389907493,0.0009626533899074928,0.014557598146830383,5.2803505730593954e-05
shfa_random_budget,SHFA,1,S0,0,1000,6,6,257,100,0.0031936516828415273,0.0031000000000000003,0.0004032535503944042,0.00040325355039440416,0.006293651682841527,9.900320216808736e-06
shfa_random_budget,SHFA,1,S0,0,1000,7,7,257,100,0.004616837499432239,0.0049,0.000617424847461733,0.0006174248474617329,0.009516837499432239,2.262250374721797e-05
shfa_random_budget,SHFA,1,S0,0,1000,8,8,257,100,0.007523770231191994,0.005300000000000001,0.0008413616216748172,0.0008413616216748172,0.012823770231191994,3.9875982225317574e-05
shfa_random_budget,SHFA,1,S0,0,1000,9,9,257,100,0.003223932232130691,0.007300000000000001,0.0006812804698027224,0.0006812804698027224,0.010523932232130693,2.3534705294554048e-05
shfa_random_budget,SHFA,1,S0,0,1000,10,a,257,100,0.002951407288528214,0.0071,0.0006491679472815638,0.0006491679472815637,0.010051407288528214,2.095499174855032e-05
shfa_random_budget,SHFA,1,S0,0,1000,11,b,257,100,0.005373851231661343,0.006699999999999999,0.0007906205052309649,0.0007906205052309649,0.012073851231661343,3.600480325213099e-05
shfa_random_budget,SHFA,1,S0,0,1000,12,c,257,100,0.0049499235416130445,0.0049,0.0006398748467047193,0.0006398748467047192,0.009849923541613044,2.4254625353903916e-05
shfa_random_budget,SHFA,1,S0,0,1000,13,d,257,100,0.00461683749943224,0.011499999999999998,0.0010603959749579859,0.0010603959749579857,0.016116837499432237,5.309363124347075e-05
shfa_random_budget,SHFA,1,S0,0,1000,14,e,257,100,0.005676656724552984,0.0063,0.0007843039826492453,0.0007843039826492453,0.011976656724552984,3.57629373646838e-05
shfa_random_budget,SHFA,1,S0,0,1000,15,f,257,100,0.0058583400202879676,0.0079,0.0009061771374282731,0.000906177137428273,0.013758340020287968,4.6280886160274945e-05
shfa_random_budget,SHFA,1,S0,0,1500,0,0,393,146,0.002641244035247881,0.00505488834678176,0.000494359467571634,0.000494359467571634,0.007696132382029641,1.3351193694781346e-05
shfa_random_budget,SHFA,1,S0,0,1500,1,1,393,146,0.004013865418358164,0.00646228185400638,0.0006806979341802635,0.0006806979341802637,0.010476147272364544,2.593872965747969e-05
shfa_random_budget,SHFA,1,S0,0,1500,2,2,393,146,0.001980831860355198,0.0041166260086320135,0.0003892454607667658,0.0003892454607667658,0.006097457868987211,8.154343955065144e-06
shfa_random_budget,SHFA,1,S0,0,1500,3,3,393,146,0.0033275547268030218,0.0030845374366672918,0.0004110197273442776,0.0004110197273442777,0.006412092163470313,1.0263967127383123e-05
shfa_random_budget,SHFA,1,S0,0,1500,4,4,393,146,0.00195493334369274,0.003835147307187089,0.00036937749802878276,0.00036937749802878276,0.005790080650879829,7.497457348793463e-06
shfa_random_budget,SHFA,1,S0,0,1500,5,5,393,146,0.0034181995351216256,0.005336367048226683,0.0005654011788227562,0.0005654011788227561,0.008754566583348309,1.8240767363486808e-05
shfa_random_budget,SHFA,1,S0,0,1500,6,6,393,146,0.002434055901948216,0.004961062112966786,0.00047427037844818604,0.0004742703784481861,0.0073951180149150015,1.207550251599849e-05
shfa_random_budget,SHFA,1,S0,0,1500,7,7,393,146,0.0019031363103678236,0.0026154062675924185,0.0002873863857567338,0.0002873863857567339,0.0045185425779602426,4.977474634218716e-06
shfa_random_budget,SHFA,1,S0,0,1500,8,8,393,146,0.0034699965684465424,0.003835147307187089,0.00046987944022252806,0.00046987944022252817,0.007305143875633632,1.3307947995426196e-05
shfa_random_budget,SHFA,1,S0,0,1500,9,9,393,146,0.002900229201872463,0.007119065490711202,0.0006468528399126822,0.0006468528399126822,0.010019294692583666,2.064692162620314e-05
shfa_random_budget,SHFA,1,S0,0,1500,10,a,393,146,0.002252766285311009,0.004773409645336835,0.00044988937198048345,0.0004498893719804835,0.007026175930647844,1.0753376314993203e-05
shfa_random_budget,SHFA,1,S0,0,1500,11,b,393,146,0.003314605468471793,0.003553668605742165,0.0004410461390321018,0.0004410461390321019,0.0068682740742139585,1.1779009393729513e-05
shfa_random_budget,SHFA,1,S0,0,1500,12,c,393,146,0.0029649754935286085,0.004304278476261962,0.00046709045331134997,0.00046709045331135,0.007269253969790571,1.2762080199439379e-05
shfa_random_budget,SHFA,1,S0,0,1500,13,d,393,146,0.0030944680768408995,0.007400544192156126,0.0006788390145661914,0.0006788390145661916,0.010495012268997026,2.2900747753877457e-05
shfa_random_budget,SHFA,1,S0,0,1500,14,e,393,146,0.0031980621434907304,0.0028968849690373427,0.00039019861268653017,0.0003901986126865302,0.0060949471125280735,9.264418153525643e-06
shfa_random_budget,SHFA,1,S0,0,1500,15,f,393,146,0.0034052502767903964,0.006086976918746481,0.000613991879558433,0.0006139918795584331,0.009492227195536877,2.072767983737821e-05
shfa_random_budget,SHFA,1,S0,0,2000,0,0,514,202,0.0014828006480037542,0.002248554063327125,0.00023654382688035287,0.0002365438268803529,0.0037313547113308793,3.3341574221729354e-06
shfa_random_budget,SHFA,1,S0,0,2000,1,1,514,202,0.002784864267437811,0.004405205372022351,0.00046164725149753025,0.00046164725149753025,0.007190069639460162,1.2267899031270133e-05
shfa_random_budget,SHFA,1,S0,0,2000,2,2,514,202,0.0011572847431452404,0.0031308205077933537,0.00027162982899085763,0.00027162982899085763,0.004288105250938594,3.6232508071954826e-06
shfa_random_budget,SHFA,1,S0,0,2000,3,3,514,202,0.0018915880634074698,0.00366998333496716,0.0003545403090677425,0.00035454030906774257,0.00556157139837463,6.942096669328217e-06
shfa_random_budget,SHFA,1,S0,0,2000,4,4,514,202,0.001119434056533785,0.0023465836682678167,0.00021925295347486506,0.00021925295347486508,0.0034660177248016016,2.6268456747649714e-06
shfa_random_budget,SHFA,1,S0,0,2000,5,5,514,202,0.002610751109025117,0.005238457014018234,0.0005042518151491379,0.000504251815149138,0.007849208123043351,1.3676307458928508e-05
shfa_random_budget,SHFA,1,S0,0,2000,6,6,514,202,0.0011572847431452406,0.0024446132732085088,0.0002279477396660839,0.00022794773966608388,0.003601898016353749,2.829113643974555e-06
shfa_random_budget,SHFA,1,S0,0,2000,7,7,514,202,0.0012935472149464785,0.0019054504460347026,0.00020240214392901055,0.00020240214392901055,0.003198997660981181,2.4647901176867147e-06
shfa_random_budget,SHFA,1,S0,0,2000,8,8,514,202,0.0025729004224136626,0.0039640721497892365,0.0004187599486713521,0.00041875994867135213,0.006536972572202899,1.0199162908670962e-05
shfa_random_budget,SHFA,1,S0,0,2000,9,9,514,202,0.002671312207603445,0.0029347612979119695,0.00035821925777622783,0.0003582192577762278,0.005606073505515415,7.839663681514376e-06
shfa_random_budget,SHFA,1,S0,0,2000,10,a,514,202,0.0015963527078381198,0.0030818057053230074,0.00029730454970529384,0.0002973045497052938,0.004678158413161127,4.9196488827233496e-06
shfa_random_budget,SHFA,1,S0,0,2000,11,b,514,202,0.0017628957289285228,0.003817027742378198,0.00035547423886091026,0.00035547423886091026,0.005579923471306721,6.729021904240208e-06
shfa_random_budget,SHFA,1,S0,0,2000,12,c,514,202,0.0018461672394737233,0.003964072149789236,0.00037045830196678604,0.000370458301966786,0.005810239389262959,7.318340137851061e-06
shfa_random_budget,SHFA,1,S0,0,2000,13,d,514,202,0.002572900422413662,0.006218753063425154,0.0005654785752486988,0.0005654785752486988,0.008791653485838815,1.6000232383772835e-05
shfa_random_budget,SHFA,1,S0,0,2000,14,e,514,202,0.00226252479219973,0.003473924125085776,0.0003663878967895714,0.00036638789678957145,0.005736448917285506,7.859839459227324e-06
shfa_random_budget,SHFA,1,S0,0,2000,15,f,514,202,0.002360936577389513,0.005777619841192041,0.0005223003701746688,0.0005223003701746688,0.008138556418581553,1.3640594013321678e-05
shfa_random_budget,SHFA,1,S0,0,3000,0,0,771,305,0.0009629845518731045,0.0018160440741736095,0.00017543811151686953,0.0001754381115168695,0.002779028626046714,1.74882238894988e-06
shfa_random_budget,SHFA,1,S0,0,3000,1,1,771,305,0.0013835477364448282,0.003106019887127116,0.0002848953032574339,0.00028489530325743383,0.004489567623571944,4.297326784187342e-06
shfa_random_budget,SHFA,1,S0,0,3000,2,2,771,305,0.0008485913656695958,0.002633028755710831,0.00021983562305393268,0.00021983562305393265,0.003481620121380427,2.2343654676559706e-06
shfa_random_budget,SHFA,1,S0,0,3000,3,3,771,305,0.0010874712545063344,0.0033640150497178186,0.00028187616368030447,0.00028187616368030436,0.004451486304224153,3.658269666294825e-06
shfa_random_budget,SHFA,1,S0,0,3000,4,4,771,305,0.0012052289461864172,0.0019450416554689597,0.0001992361331081706,0.00019923613310817058,0.0031502706016553767,2.3442205047095385e-06
shfa_random_budget,SHFA,1,S0,0,3000,5,5,771,305,0.0017973819100634044,0.003127519484009675,0.0003134276840734973,0.0003134276840734973,0.0049249013940730795,5.621346943929822e-06
shfa_random_budget,SHFA,1,S0,0,3000,6,6,771,305,0.0010336391668811537,0.0020525396398817525,0.00019500776078603955,0.00019500776078603955,0.0030861788067629062,2.121585363357918e-06
shfa_random_budget,SHFA,1,S0,0,3000,7,7,771,305,0.0010100876285451374,0.0026330287557108298,0.0002303543637877451,0.00023035436378774507,0.0036431163842559674,2.659589771747106e-06
shfa_random_budget,SHFA,1,S0,0,3000,8,8,771,305,0.00090578795877135,0.0030200214995968833,0.00024809859025758,0.00024809859025758,0.003925809458368233,2.7354991095654525e-06
shfa_random_budget,SHFA,1,S0,0,3000,9,9,771,305,0.0013128931214367785,0.002203036818059662,0.00022263797310323,0.00022263797310323002,0.0035159299394964404,2.8923518847024978e-06
shfa_random_budget,SHFA,1,S0,0,3000,10,a,771,305,0.00048522477419962615,0.00347151303413061,0.00024898057714875684,0.00024898057714875684,0.003956737808330236,1.6844641281170843e-06
shfa_random_budget,SHFA,1,S0,0,3000,11,b,771,305,0.0007442916958958081,0.0036650094060736364,0.00027830915493941093,0.0002783091549394109,0.004409301101969444,2.727836066320635e-06
shfa_random_budget,SHFA,1,S0,0,3000,12,c,771,305,0.0010370036723577278,0.0029340231120666494,0.0002512317667685191,0.0002512317667685191,0.003971026784424377,3.0425927419955645e-06
shfa_random_budget,SHFA,1,S0,0,3000,13,d,771,305,0.0017199982841022074,0.005191480784735286,0.0004408967798440376,0.00044089677984403763,0.006911479068837494,8.929338041694274e-06
shfa_random_budget,SHFA,1,S0,0,3000,14,e,771,305,0.001645979163617584,0.002783525933888739,0.00028142569428271516,0.0002814256942827152,0.004429505097506323,4.581625688570042e-06
shfa_random_budget,SHFA,1,S0,0,3000,15,f,771,305,0.0013431736707259423,0.003342515452835259,0.0002973451489728181,0.000297345148972818,0.004685689123561201,4.48957875024292e-06
shfa_random_budget,SHFA,1,S0,0,4000,0,0,1034,400,0.0007480199334802403,0.0013500000000000003,0.0001321360727527134,0.00013213607275271337,0.0020980199334802406,1.0098269101983246e-06
shfa_random_budget,SHFA,1,S0,0,4000,1,1,1034,400,0.0009949436751980067,0.0018250000000000002,0.0001780622519071118,0.0001780622519071118,0.002819943675198007,1.8157722072363626e-06
shfa_random_budget,SHFA,1,S0,0,4000,2,2,1034,400,0.0005721802992266797,0.0023625,0.00018476929465859054,0.00018476929465859052,0.0029346802992266797,1.3517759569230308e-06
shfa_random_budget,SHFA,1,S0,0,4000,3,3,1034,400,0.0008078802345027293,0.0026625,0.0002190497457807841,0.0002190497457807841,0.003470380234502729,2.1509811243635164e-06
shfa_random_budget,SHFA,1,S0,0,4000,4,4,1034,400,0.0006956421700855632,0.0011249999999999997,0.00011457273307169394,0.00011457273307169392,0.0018206421700855627,7.825974413462583e-07
shfa_random_budget,SHFA,1,S0,0,4000,5,5,1034,400,0.0014476372016805775,0.0021125,0.00022556670869358636,0.0002255667086935863,0.0035601372016805773,3.0581335885502198e-06
shfa_random_budget,SHFA,1,S0,0,4000,6,6,1034,400,0.0009594016214659035,0.0018625,0.00017815573686159918,0.0001781557368615992,0.0028219016214659034,1.7868855199802453e-06
shfa_random_budget,SHFA,1,S0,0,4000,7,7,1034,400,0.0013484935781120809,0.002575,0.0002486907195956437,0.0002486907195956437,0.003923493578112081,3.4723709636386084e-06
shfa_random_budget,SHFA,1,S0,0,4000,8,8,1034,400,0.0005983691809240188,0.002675,0.0002061862113667229,0.00020618621136672292,0.0032733691809240188,1.6006375589717501e-06
shfa_random_budget,SHFA,1,S0,0,4000,9,9,1034,400,0.0006956421700855624,0.002625,0.00020936619632682229,0.00020936619632682226,0.0033206421700855623,1.8260606964746014e-06
shfa_random_budget,SHFA,1,S0,0,4000,10,a,1034,400,0.0004431065251469384,0.0025125,0.0001858387129661153,0.00018583871296611534,0.0029556065251469385,1.1133051444316827e-06
shfa_random_budget,SHFA,1,S0,0,4000,11,b,1034,400,0.0010211325568953455,0.0032624999999999998,0.00027105847977283015,0.0002710584797728301,0.004283632556895345,3.3314449668710644e-06
shfa_random_budget,SHFA,1,S0,0,4000,12,c,1034,400,0.001146465062161181,0.0026625000000000004,0.00024111277961307796,0.000241112779613078,0.0038089650621611817,3.052463228004145e-06
shfa_random_budget,SHFA,1,S0,0,4000,13,d,1034,400,0.001984509276476024,0.004625,0.00042227268518345317,0.0004222726851834531,0.006609509276476024,9.17835540370161e-06
shfa_random_budget,SHFA,1,S0,0,4000,14,e,1034,400,0.0021566076419156795,0.0017125,0.0002455124182065106,0.0002455124182065106,0.0038691076419156796,3.6931905867806014e-06
shfa_random_budget,SHFA,1,S0,0,4000,15,f,1034,400,0.001054803976220495,0.002550000000000001,0.00022798999865314326,0.00022798999865314328,0.003604803976220496,2.6897501393622634e-06
shfa_random_budget,SHFA,1,S0,0,6000,0,0,1574,609,0.00038496841139934343,0.0008114125555097185,7.508617863430045e-05,7.508617863430042e-05,0.0011963809669090619,3.123682024840579e-07
shfa_random_budget,SHFA,1,S0,0,6000,1,1,1574,609,0.0007433977160626379,0.0014045947352385266,0.0001352937007244927,0.0001352937007244927,0.0021479924513011645,1.0441725181699264e-06
shfa_random_budget,SHFA,1,S0,0,6000,2,2,1574,609,0.0004011138755733661,0.002262012613210167,0.00016735273019485142,0.0001673527301948514,0.002663126488783533,9.073246458805676e-07
shfa_random_budget,SHFA,1,S0,0,6000,3,3,1574,609,0.00048264846965217817,0.0017551114778055488,0.00014070709858493975,0.00014070709858493975,0.002237759947457727,8.47101868831821e-07
shfa_random_budget,SHFA,1,S0,0,6000,4,4,1574,609,0.0005633757905222894,0.0005579619878074099,7.03979534215686e-05,7.03979534215686e-05,0.0011213377783296993,3.1434227596238755e-07
shfa_random_budget,SHFA,1,S0,0,6000,5,5,1574,609,0.00097669967337726,0.0014746980837519314,0.00015465269695730504,0.00015465269695730502,0.002451397757129191,1.4403371367305825e-06
shfa_random_budget,SHFA,1,S0,0,6000,6,6,1574,609,0.0008386559546893693,0.0015124460406437648,0.00014821229658645315,0.00014821229658645312,0.002351101995333134,1.2684218781322534e-06
shfa_random_budget,SHFA,1,S0,0,6000,7,7,1574,609,0.0007127213341319957,0.0012913508645630268,0.0001261748857294628,0.00012617488572946276,0.002004072198695022,9.203733110238665e-07
shfa_random_budget,SHFA,1,S0,0,6000,8,8,1574,609,0.0005036375730784073,0.0012266400813198846,0.0001087601354334899,0.0001087601354334899,0.001730277654398292,6.177820335966469e-07
shfa_random_budget,SHFA,1,S0,0,6000,9,9,1574,609,0.00046811755189555827,0.0019869917844268104,0.00015437447924991052,0.00015437447924991052,0.002455109336322369,9.301457297624654e-07
shfa_random_budget,SHFA,1,S0,0,6000,10,a,1574,609,0.0005351212282177507,0.0018144296957784297,0.00014781787259708097,0.000147817872597081,0.0023495509239961805,9.709398473197131e-07
shfa_random_budget,SHFA,1,S0,0,6000,11,b,1574,609,0.0005391575942612563,0.0014477352574006216,0.0001249613606873747,0.00012496136068737467,0.001986892851661878,7.805574585073197e-07
shfa_random_budget,SHFA,1,S0,0,6000,12,c,1574,609,0.0009823505858381676,0.0018683553484810495,0.00018000450086608528,0.00018000450086608528,0.002850705934319217,1.8353799711342328e-06
shfa_random_budget,SHFA,1,S0,0,6000,13,d,1574,609,0.001247943471500834,0.0029145130109118553,0.0002637906776353648,0.0002637906776353648,0.00416245648241269,3.637147484571689e-06
shfa_random_budget,SHFA,1,S0,0,6000,14,e,1574,609,0.001285885312309786,0.0013722393436169556,0.00016789733341235203,0.000167897333412352,0.0026581246559267413,1.7645424169306647e-06
shfa_random_budget,SHFA,1,S0,0,6000,15,f,1574,609,0.0010687288191691866,0.001447735257400622,0.0001588262411777244,0.0001588262411777244,0.0025164640765698086,1.5472363921113652e-06
shfa_random_budget,SHFA,1,S0,0,8000,0,0,2101,799,0.0002807841101934417,0.0006812920092543716,6.0321053436088705e-05,6.032105343608872e-05,0.0009620761194478133,1.9129597060039076e-07
shfa_random_budget,SHFA,1,S0,0,8000,1,1,2101,799,0.00036007365772424056,0.0006781591820814818,6.513373974506901e-05,6.513373974506901e-05,0.0010382328398057224,2.441872572113584e-07
shfa_random_budget,SHFA,1,S0,0,8000,2,2,2101,799,0.00023366346480370952,0.001173145875398065,8.81997050925766e-05,8.81997050925766e-05,0.0014068093402017745,2.7412132996569276e-07
shfa_random_budget,SHFA,1,S0,0,8000,3,3,2101,799,0.0005245428334595549,0.00123893524602875,0.00011086725457244389,0.00011086725457244388,0.0017634780794883048,6.498746044248312e-07
shfa_random_budget,SHFA,1,S0,0,8000,4,4,2101,799,0.00046881360862362155,0.0005998385027592376,6.707196941449865e-05,6.707196941449865e-05,0.0010686521113828591,2.812124530699483e-07
shfa_random_budget,SHFA,1,S0,0,8000,5,5,2101,799,0.0006903712585811116,0.0012859276536220962,0.00012440644950537582,0.00012440644950537582,0.0019762989122032075,8.877674926753422e-07
shfa_random_budget,SHFA,1,S0,0,8000,6,6,2101,799,0.00045204953285996735,0.0010446999613095845,9.40190995150858e-05,9.401909951508582e-05,0.001496749494169552,4.722561294888236e-07
shfa_random_budget,SHFA,1,S0,0,8000,7,7,2101,799,0.0006314704518439466,0.0010916923689029308,0.00010838704777014556,0.00010838704777014556,0.0017231628207468775,6.893714734657221e-07
shfa_random_budget,SHFA,1,S0,0,8000,8,8,2101,799,0.00037774389974539,0.0007878081331326235,7.31445917713365e-05,7.31445917713365e-05,0.0011655520328780135,2.975897164606526e-07
shfa_random_budget,SHFA,1,S0,0,8000,9,9,2101,799,0.0004801406868423076,0.0010697625786927026,9.738259063522985e-05,9.738259063522985e-05,0.0015499032655350103,5.136365392917124e-07
shfa_random_budget,SHFA,1,S0,0,8000,10,a,2101,799,0.0005218243346870704,0.001144950430842057,0.00010477088584239427,0.00010477088584239429,0.0016667747655291273,5.97462996823831e-07
shfa_random_budget,SHFA,1,S0,0,8000,11,b,2101,799,0.00040221038869775076,0.0008285348863801902,7.725482503107193e-05,7.725482503107193e-05,0.001230745275077941,3.3324533870062306e-07
shfa_random_budget,SHFA,1,S0,0,8000,12,c,2101,799,0.0007764570530431215,0.0011386847764962775,0.00012058050417211577,0.0001205805041721158,0.001915141829539399,8.841398259033651e-07
shfa_random_budget,SHFA,1,S0,0,8000,13,d,2101,799,0.0009246152361435285,0.0025703867945069004,0.00022081424570863497,0.000220814245708635,0.003495002030650429,2.376618792983205e-06
shfa_random_budget,SHFA,1,S0,0,8000,14,e,2101,799,0.0010188565269229923,0.0008535975037633086,0.00011789807030596822,0.00011789807030596823,0.001872454030686301,8.696933880744205e-07
shfa_random_budget,SHFA,1,S0,0,8000,15,f,2101,799,0.0008471380211277195,0.0013360528883883328,0.00013758125304474454,0.00013758125304474454,0.0021831909095160525,1.1318211999912662e-06
shfa_random_budget,SHFA,1,S5,5,250,0,0,71,18,0.020221682205911525,0.054783950617283944,0.005795675690816783,0.005795675690816783,0.07500563282319547,0.0011078236393670664
shfa_random_budget,SHFA,1,S5,5,250,1,1,71,18,0.013080242015473122,0.048611111111111105,0.004491554668385901,0.004491554668385902,0.06169135312658423,0.0006358450979743877
shfa_random_budget,SHFA,1,S5,5,250,2,2,71,18,0.008319281888514182,0.10416666666666667,0.007896963648085696,0.007896963648085696,0.11248594855518085,0.000866591863386894
shfa_random_budget,SHFA,1,S5,5,250,3,3,71,18,0.011890001983733385,0.0794753086419753,0.006655293491517704,0.006655293491517702,0.09136531062570868,0.0009449615774109094
shfa_random_budget,SHFA,1,S5,5,250,4,4,71,18,0.01069976195199365,0.07330246913580246,0.006034458413233705,0.006034458413233705,0.08400223108779611,0.000784318970246448
shfa_random_budget,SHFA,1,S5,5,250,5,5,71,18,0.01268349533822654,0.07330246913580249,0.006303854305191259,0.0063038543051912605,0.08598596447402904,0.0009297315255644457
shfa_random_budget,SHFA,1,S5,5,250,6,6,71,18,0.004351815116048404,0.07330246913580248,0.005172391558969537,0.005172391558969537,0.07765428425185088,0.00031899879322885676
shfa_random_budget,SHFA,1,S5,5,250,7,7,71,18,0.01069976195199365,0.042438271604938266,0.0037752065011351353,0.0037752065011351357,0.05313803355693192,0.0004540794038268909
shfa_random_budget,SHFA,1,S5,5,250,8,8,71,18,0.016254215433445744,0.048611111111111105,0.004844218381493971,0.004844218381493971,0.06486532654455684,0.000790135472459168
shfa_random_budget,SHFA,1,S5,5,250,9,9,71,18,0.007922535211267604,0.042438271604938266,0.003483769127108328,0.0034837691271083285,0.05036080681620587,0.0003362187010954615
shfa_random_budget,SHFA,1,S5,5,250,10,a,71,18,0.015460722078952587,0.030092592592592587,0.0033123353776807946,0.003312335377680795,0.04555331467154518,0.0004652532107092213
shfa_random_budget,SHFA,1,S5,5,250,11,b,71,18,0.01268349533822654,0.048611111111111105,0.004447471704247393,0.004447471704247393,0.061294606449337645,0.0006165588011637901
shfa_random_budget,SHFA,1,S5,5,250,12,c,71,18,0.009906268597500495,0.048611111111111105,0.004138890955277833,0.004138890955277833,0.0585173797086116,0.00048155472348960734
shfa_random_budget,SHFA,1,S5,5,250,13,d,71,18,0.00911277524300734,0.048611111111111105,0.004050725027000815,0.0040507250270008155,0.057723886354118445,0.0004429821298684123
shfa_random_budget,SHFA,1,S5,5,250,14,e,71,18,0.015063975401706009,0.042438271604938266,0.004233179517462975,0.004233179517462975,0.057502247006644275,0.0006392890795477086
shfa_random_budget,SHFA,1,S5,5,250,15,f,71,18,0.01268349533822654,0.03009259259259259,0.0030551847535394937,0.0030551847535394945,0.042776087930819134,0.00038167925786329864
shfa_random_budget,SHFA,1,S5,5,500,0,0,141,38,0.007164503797595694,0.03306786703601108,0.0027514380360583136,0.002751438036058314,0.04023237083360677,0.00023691485895789083
shfa_random_budget,SHFA,1,S5,5,500,1,1,141,38,0.0057561239374276955,0.02198753462603878,0.0018605416346026168,0.0018605416346026168,0.027743658563466476,0.00012656297438596212
shfa_random_budget,SHFA,1,S5,5,500,2,2,141,38,0.0044483426387002655,0.03306786703601108,0.002491860307576618,0.002491860307576618,0.037516209674711344,0.00014709720290715904
shfa_random_budget,SHFA,1,S5,5,500,3,3,141,38,0.0034423570242945525,0.034452908587257615,0.0024870533126047346,0.002487053312604735,0.03789526561155217,0.00011859921188272436
shfa_random_budget,SHFA,1,S5,5,500,4,4,141,38,0.006661510990392838,0.042763157894736836,0.0033739090516202988,0.0033739090516202983,0.049424668885129676,0.0002848672462996937
shfa_random_budget,SHFA,1,S5,5,500,5,5,141,38,0.006259116744630551,0.013677285318559555,0.0013316328545078674,0.0013316328545078674,0.019936402063190105,8.560772555848571e-05
shfa_random_budget,SHFA,1,S5,5,500,6,6,141,38,0.003341758462853981,0.027527700831024928,0.002021332133082422,0.002021332133082422,0.03086945929387891,9.199092721499012e-05
shfa_random_budget,SHFA,1,S5,5,500,7,7,141,38,0.0035429555857351244,0.024757617728531852,0.0018565009721624828,0.001856500972162483,0.028300573314266976,8.771514002079687e-05
shfa_random_budget,SHFA,1,S5,5,500,8,8,141,38,0.006259116744630551,0.03722299168975069,0.00295061482771939,0.0029506148277193903,0.043482108434381245,0.00023298305057056242
shfa_random_budget,SHFA,1,S5,5,500,9,9,141,38,0.005554926814546551,0.019217451523545703,0.0016550251829061586,0.0016550251829061584,0.024772378338092253,0.0001067515367753925
shfa_random_budget,SHFA,1,S5,5,500,10,a,141,38,0.00897527790352598,0.028912742382271463,0.002627501165696281,0.0026275011656962804,0.03788802028579744,0.0002594998978339402
shfa_random_budget,SHFA,1,S5,5,500,11,b,141,38,0.005756123937427694,0.02198753462603878,0.0018605416346026168,0.0018605416346026166,0.027743658563466472,0.0001265629743859621
shfa_random_budget,SHFA,1,S5,5,500,12,c,141,38,0.007566898043357979,0.013677285318559555,0.001431256083635303,0.001431256083635303,0.021244183361917534,0.00010349462351545712
shfa_random_budget,SHFA,1,S5,5,500,13,d,141,38,0.006862708113273978,0.016447368421052627,0.0015697532721005774,0.001569753272100577,0.023310076534326606,0.00011287348870516408
shfa_random_budget,SHFA,1,S5,5,500,14,e,141,38,0.008774080780644835,0.02198753462603878,0.0021155213678938157,0.0021155213678938157,0.030761615406683616,0.00019292040497608968
shfa_random_budget,SHFA,1,S5,5,500,15,f,141,38,0.0073657009204768364,0.024757617728531855,0.0021900646232549037,0.002190064623254904,0.03212331864900869,0.00018235720769186074
shfa_random_budget,SHFA,1,S5,5,1000,0,0,289,77,0.0030523760491373425,0.010868190251307135,0.0009032091973983377,0.0009032091973983377,0.013920566300444477,3.317380362055785e-05
shfa_random_budget,SHFA,1,S5,5,1000,1,1,289,77,0.00508779229175896,0.01592806544105245,0.0013945297968743322,0.001394529796874332,0.021015857732811408,8.103868857361893e-05
shfa_random_budget,SHFA,1,S5,5,1000,2,2,289,77,0.00281291531471127,0.01491609040310339,0.0011500205564939237,0.0011500205564939237,0.01772900571781466,4.195769913050733e-05
shfa_random_budget,SHFA,1,S5,5,1000,3,3,289,77,0.0019269105973348023,0.015590740428402765,0.0011248951520603833,0.0011248951520603833,0.017517651025737567,3.0041962951785424e-05
shfa_random_budget,SHFA,1,S5,5,1000,4,4,289,77,0.004273625794710313,0.01727736549165121,0.0014207739502273536,0.0014207739502273536,0.021550991286361523,7.383699482975844e-05
shfa_random_budget,SHFA,1,S5,5,1000,5,5,289,77,0.0027650231678260553,0.009518890200708383,0.0007940645374703534,0.0007940645374703534,0.012283913368534438,2.6319951936951086e-05
shfa_random_budget,SHFA,1,S5,5,1000,6,6,289,77,0.0024058320661869467,0.009518890200708383,0.000768195992960335,0.000768195992960335,0.01192472226689533,2.2900851279376927e-05
shfa_random_budget,SHFA,1,S5,5,1000,7,7,289,77,0.002549508506842591,0.009181565188058695,0.0007566005844844157,0.0007566005844844158,0.011731073694901286,2.3408478553085438e-05
shfa_random_budget,SHFA,1,S5,5,1000,8,8,289,77,0.0013522048347122282,0.008506915162759318,0.0006276980916535416,0.0006276980916535415,0.009859119997471546,1.1503091811569913e-05
shfa_random_budget,SHFA,1,S5,5,1000,9,9,289,77,0.0022142634786460895,0.016602715466351826,0.0012128239705658653,0.0012128239705658651,0.018816978944997915,3.676278650349543e-05
shfa_random_budget,SHFA,1,S5,5,1000,10,a,289,77,0.004058111133726848,0.018289340529600268,0.0014709359053896374,0.0014709359053896372,0.022347451663327116,7.422017643169253e-05
shfa_random_budget,SHFA,1,S5,5,1000,11,b,289,77,0.003842596472743383,0.007494940124810254,0.0007373960678341209,0.0007373960678341211,0.011337536597553637,2.8800030487018734e-05
shfa_random_budget,SHFA,1,S5,5,1000,12,c,289,77,0.0026452928006130195,0.010868190251307135,0.000873342236172485,0.0008733422361724849,0.013513483051920154,2.8749545427475366e-05
shfa_random_budget,SHFA,1,S5,5,1000,13,d,289,77,0.0030044839022521285,0.006145640074211502,0.0005903472252009809,0.000590347225200981,0.009150123976463632,1.8464476672004034e-05
shfa_random_budget,SHFA,1,S5,5,1000,14,e,289,77,0.0030044839022521285,0.008506915162759317,0.0007450213312275504,0.0007450213312275503,0.011511399065011446,2.5558889664334913e-05
shfa_random_budget,SHFA,1,S5,5,1000,15,f,289,77,0.004704655116677244,0.010193540226007757,0.0009790943000991552,0.0009790943000991554,0.014898195342685001,4.79570911813427e-05
shfa_random_budget,SHFA,1,S5,5,1500,0,0,428,121,0.0018287623373220362,0.006825865719554676,0.0005533971397023336,0.0005533971397023338,0.008654628056876713,1.2482886147539172e-05
shfa_random_budget,SHFA,1,S5,5,1500,1,1,428,121,0.002778626954319154,0.016114848712519638,0.0012256193821748068,0.0012256193821748068,0.018893475666838792,4.477715299738238e-05
shfa_random_budget,SHFA,1,S5,5,1500,2,2,428,121,0.0024292514630098695,0.011470357216037157,0.0008965899244887431,0.0008965899244887433,0.013899608679047028,2.7864382048304078e-05
shfa_random_budget,SHFA,1,S5,5,1500,3,3,428,121,0.002341907590182548,0.008328495321357831,0.0006864047483791614,0.0006864047483791614,0.010670402911540379,1.9504566407887743e-05
shfa_random_budget,SHFA,1,S5,5,1500,4,4,428,121,0.0028878067953533055,0.007099071101700704,0.0006446806143340631,0.0006446806143340631,0.009986877897054009,2.0500745768187568e-05
shfa_random_budget,SHFA,1,S5,5,1500,5,5,428,121,0.001643156607563979,0.004367017280240421,0.00038281156128714804,0.00038281156128714815,0.0060101738878044,7.175693299373124e-06
shfa_random_budget,SHFA,1,S5,5,1500,6,6,428,121,0.0019925320988732637,0.005323236117751519,0.00046784223237355036,0.0004678422323735503,0.007315768216624783,1.0606718834501399e-05
shfa_random_budget,SHFA,1,S5,5,1500,7,7,428,121,0.0018942702419425272,0.0025911822962912372,0.0002852491831549231,0.00028524918315492304,0.004485452538233764,4.908399515312795e-06
shfa_random_budget,SHFA,1,S5,5,1500,8,8,428,121,0.0013483710367717698,0.004776825353459463,0.0003892657073437738,0.00038926570734377385,0.006125196390231233,6.440932954321812e-06
shfa_random_budget,SHFA,1,S5,5,1500,9,9,428,121,0.001883352257839112,0.013382794891059355,0.0009793387137804284,0.0009793387137804286,0.015266147148898467,2.5204516974274368e-05
shfa_random_budget,SHFA,1,S5,5,1500,10,a,428,121,0.001588566687046903,0.018027286387541835,0.0012546283637748991,0.0012546283637748991,0.019615853074588737,2.8637546613103065e-05
shfa_random_budget,SHFA,1,S5,5,1500,11,b,428,121,0.0026476111450781724,0.004776825353459463,0.00047667445720251344,0.0004766744572025135,0.007424436498537636,1.2647176043911254e-05
shfa_random_budget,SHFA,1,S5,5,1500,12,c,428,121,0.0019816141147698486,0.004776825353459463,0.0004318682913085377,0.00043186829130853775,0.006758439468229312,9.465824544205744e-06
shfa_random_budget,SHFA,1,S5,5,1500,13,d,428,121,0.002243645733251812,0.005596441499897548,0.0005025618841644735,0.0005025618841644735,0.00784008723314936,1.2556432092638504e-05
shfa_random_budget,SHFA,1,S5,5,1500,14,e,428,121,0.00247292339942353,0.00764548186599276,0.0006513070200947998,0.0006513070200947999,0.01011840526541629,1.890669100628177e-05
shfa_random_budget,SHFA,1,S5,5,1500,15,f,428,121,0.002713119049698663,0.0055964414998975484,0.0005345313463936594,0.0005345313463936594,0.008309560549596211,1.5183812043896198e-05
shfa_random_budget,SHFA,1,S5,5,2000,0,0,588,166,0.001564741542875654,0.004853752358832921,0.00040875073681148253,0.00040875073681148253,0.006418493901708575,7.594867954696571e-06
shfa_random_budget,SHFA,1,S5,5,2000,1,1,588,166,0.0015647415428756539,0.010152053999129046,0.0007481850620132478,0.0007481850620132479,0.0117167955420047,1.5885340637954134e-05
shfa_random_budget,SHFA,1,S5,5,2000,2,2,588,166,0.001732495719376186,0.00630534184932501,0.000513288825806984,0.0005132888258069839,0.008037837568701196,1.0923977763159104e-05
shfa_random_budget,SHFA,1,S5,5,2000,3,3,588,166,0.002068004072377251,0.0059424444767019885,0.0005129420336951478,0.000512942033695148,0.00801044854907924,1.2288999377695414e-05
shfa_random_budget,SHFA,1,S5,5,2000,4,4,588,166,0.0023167430237401084,0.004853752358832921,0.0004594008583271027,0.0004594008583271026,0.0071704953825730295,1.1244896916288266e-05
shfa_random_budget,SHFA,1,S5,5,2000,5,5,588,166,0.0014085566199268829,0.005216649731455945,0.0004214233434745087,0.00042142334347450874,0.006625206351382827,7.3479465130820665e-06
shfa_random_budget,SHFA,1,S5,5,2000,6,6,588,166,0.0017382803461520662,0.0044908549862099,0.0003971273232325706,0.0003971273232325706,0.006229135332361966,7.806364959947677e-06
shfa_random_budget,SHFA,1,S5,5,2000,7,7,588,166,0.002490281827016521,0.003402162868340833,0.0003767501378234142,0.00037675013782341416,0.0058924446953573534,8.472344363579577e-06
shfa_random_budget,SHFA,1,S5,5,2000,8,8,588,166,0.001414341246702763,0.005216649731455945,0.00042181505901971823,0.00042181505901971823,0.0066309909781587075,7.378122884799034e-06
shfa_random_budget,SHFA,1,S5,5,2000,9,9,588,166,0.0016399416909620992,0.007321454492669473,0.0005720940199379838,0.0005720940199379837,0.008961396183631572,1.2006758461010433e-05
shfa_random_budget,SHFA,1,S5,5,2000,10,a,588,166,0.0007606784210282755,0.008845623457686165,0.000607122542304456,0.000607122542304456,0.009606301878714441,6.728674884803387e-06
shfa_random_budget,SHFA,1,S5,5,2000,11,b,588,166,0.001969665417187283,0.004127957613586877,0.00038923213477848215,0.0003892321347784821,0.006097623030774161,8.13069535509702e-06
shfa_random_budget,SHFA,1,S5,5,2000,12,c,588,166,0.0016920033319450226,0.0036924807664392508,0.0003427779459089752,0.00034277794590897517,0.005384484098384273,6.247689759958123e-06
shfa_random_budget,SHFA,1,S5,5,2000,13,d,588,166,0.0011887408024434266,0.004345696037160691,0.00035106820866964694,0.00035106820866964694,0.005534436839604117,5.165906194389618e-06
shfa_random_budget,SHFA,1,S5,5,2000,14,e,588,166,0.0016457263177379802,0.008337567136013935,0.00063767719452114,0.0006376771945211401,0.009983293453751915,1.3721353661645411e-05
shfa_random_budget,SHFA,1,S5,5,2000,15,f,588,166,0.0019233884029802393,0.004781172884308317,0.000428231132933857,0.00042823113293385696,0.006704561287288556,9.196052478322197e-06
shfa_random_budget,SHFA,1,S5,5,3000,0,0,889,236,0.0007920041350286781,0.004219333524849181,0.00031655033334111184,0.0003165503333411119,0.005011337659877859,3.3417295987456792e-06
shfa_random_budget,SHFA,1,S5,5,3000,1,1,889,236,0.0012323315462957458,0.004470698075265728,0.0003619487336197058,0.0003619487336197058,0.005703029621561474,5.509382272113629e-06
shfa_random_budget,SHFA,1,S5,5,3000,2,2,889,236,0.0009185350003353065,0.00597888537776501,0.00043658058911373983,0.0004365805891137399,0.006897420378100316,5.491815482470143e-06
shfa_random_budget,SHFA,1,S5,5,3000,3,3,889,236,0.0005541261082522167,0.0031779661016949155,0.00023501675710978546,0.00023501675710978543,0.003732092209947132,1.760993988089672e-06
shfa_random_budget,SHFA,1,S5,5,3000,4,4,889,236,0.0012576377193570718,0.003177966101694915,0.0002812219688560788,0.0002812219688560788,0.004435603821051987,3.996730040329677e-06
shfa_random_budget,SHFA,1,S5,5,3000,5,5,889,236,0.0010906169771523215,0.004291151967825337,0.00034104056224875464,0.0003410405622487546,0.005381768944977659,4.680003187650905e-06
shfa_random_budget,SHFA,1,S5,5,3000,6,6,889,236,0.0015992710556849683,0.003967968974432634,0.00035429835981301626,0.0003542983598130162,0.005567240030117602,6.34585793066608e-06
shfa_random_budget,SHFA,1,S5,5,3000,7,7,889,236,0.0012955969789490596,0.00558388394139615,0.0004372020206868506,0.0004372020206868506,0.006879480920345209,7.23446316527502e-06
shfa_random_budget,SHFA,1,S5,5,3000,8,8,889,236,0.0010804945079277914,0.003967968974432634,0.00031981633633202896,0.0003198163363320289,0.0050484634823604255,4.287368684502332e-06
shfa_random_budget,SHFA,1,S5,5,3000,9,9,889,236,0.0006755957389465798,0.005978885377765009,0.0004199443792793424,0.00041994437927934237,0.006654481116711589,4.039309484868052e-06
shfa_random_budget,SHFA,1,S5,5,3000,10,a,889,236,0.0004857994409866372,0.006984343579431197,0.0004702769289826609,0.0004702769289826609,0.007470143020417834,3.3929902065462844e-06
shfa_random_budget,SHFA,1,S5,5,3000,11,b,889,236,0.001022290309886742,0.003142056880206837,0.00026348379368259714,0.0002634837936825971,0.0041643471900935786,3.2120943017484172e-06
shfa_random_budget,SHFA,1,S5,5,3000,12,c,889,236,0.0011159231502136469,0.004147515081873025,0.0003335931976011394,0.0003335931976011393,0.0052634382320866716,4.628308095722358e-06
shfa_random_budget,SHFA,1,S5,5,3000,13,d,889,236,0.0012222090770712154,0.004506607296753807,0.00036355903970895185,0.0003635590397089518,0.0057288163738250224,5.508016344887875e-06
shfa_random_budget,SHFA,1,S5,5,3000,14,e,889,236,0.0011690661136424313,0.004578425739729963,0.0003645707232219212,0.0003645707232219212,0.005747491853372394,5.352482386146581e-06
shfa_random_budget,SHFA,1,S5,5,3000,15,f,889,236,0.001169066113642431,0.0024956908934214306,0.00023196494059511634,0.00023196494059511637,0.003664757007063862,2.9176276536249986e-06
shfa_random_budget,SHFA,1,S5,5,4000,0,0,1185,305,0.000593165269098613,0.003321015855952701,0.0002466062315795841,0.0002466062315795841,0.003914181125051314,1.9699112638769445e-06
shfa_random_budget,SHFA,1,S5,5,4000,1,1,1185,305,0.0008680499919884636,0.0038155065842515453,0.00029603433647489203,0.00029603433647489203,0.004683556576240009,3.312050459891484e-06
shfa_random_budget,SHFA,1,S5,5,4000,2,2,1185,305,0.0006430148302444409,0.005062483203439935,0.0003598488788829488,0.00035984887888294875,0.005705498033684375,3.255251777675263e-06
shfa_random_budget,SHFA,1,S5,5,4000,3,3,1185,305,0.00043364667343196426,0.0022890352055898954,0.00017116024994113895,0.00017116024994113895,0.00272268187902186,9.926325022727105e-07
shfa_random_budget,SHFA,1,S5,5,4000,4,4,1185,305,0.001204178461428902,0.002633028755710831,0.00024299608758718324,0.00024299608758718324,0.003837207217139733,3.1706365159499248e-06
shfa_random_budget,SHFA,1,S5,5,4000,5,5,1185,305,0.0011429347148783136,0.004116500940607365,0.0003334196202967043,0.0003334196202967043,0.0052594356554856786,4.704891828849389e-06
shfa_random_budget,SHFA,1,S5,5,4000,6,6,1185,305,0.001617217682351475,0.0032135178715399088,0.0003071179300426183,0.00030711793004261826,0.004830735553891383,5.196957924406816e-06
shfa_random_budget,SHFA,1,S5,5,4000,7,7,1185,305,0.0010816909683277252,0.005750470303681805,0.00043323031129172503,0.00043323031129172503,0.00683216127200953,6.2202317911294e-06
shfa_random_budget,SHFA,1,S5,5,4000,8,8,1185,305,0.0009976588509676156,0.004460494490728299,0.00034558463566436204,0.00034558463566436204,0.005458153341695915,4.450051808367375e-06
shfa_random_budget,SHFA,1,S5,5,4000,9,9,1185,305,0.000378100019583756,0.004782988443966676,0.00032437647699623464,0.0003243764769962347,0.005161088463550432,1.8084480243326788e-06
shfa_random_budget,SHFA,1,S5,5,4000,10,a,1185,305,0.0003795242927593509,0.0065244557914539095,0.00043397494473322,0.00043397494473321993,0.00690398008421326,2.476189469891196e-06
shfa_random_budget,SHFA,1,S5,5,4000,11,b,1185,305,0.0005162545176164783,0.002203036818059662,0.00017109303618955746,0.0001710930361895575,0.00271929133567614,1.1373277097987319e-06
shfa_random_budget,SHFA,1,S5,5,4000,12,c,1185,305,0.0007768965087503779,0.003106019887127117,0.00024509533074876174,0.00024509533074876174,0.0038829163958774946,2.4130560064182997e-06
shfa_random_budget,SHFA,1,S5,5,4000,13,d,1185,305,0.0007811693282771632,0.004696990056436442,0.0003460541061119113,0.0003460541061119113,0.005478159384713605,3.6691445673109705e-06
shfa_random_budget,SHFA,1,S5,5,4000,14,e,1185,305,0.0012597251152771103,0.0043099973125503895,0.0003535370636006153,0.00035353706360061535,0.0055697224278275,5.429411861396575e-06
shfa_random_budget,SHFA,1,S5,5,4000,15,f,1185,305,0.0009164752799586958,0.0032135178715399088,0.00026106968165963456,0.0002610696816596346,0.004129993151498605,2.94510969097181e-06
shfa_random_budget,SHFA,1,S5,5,6000,0,0,1789,444,0.0005319251146922641,0.0019732570408246084,0.0001576235096975625,0.0001576235096975625,0.0025051821555168727,1.0496249777579475e-06
shfa_random_budget,SHFA,1,S5,5,6000,1,1,1789,444,0.0008275019910820769,0.0023993588182777367,0.00020366427478443354,0.0002036642747844335,0.0032268608093598133,1.985474199445166e-06
shfa_random_budget,SHFA,1,S5,5,6000,2,2,1789,444,0.0005669194171823899,0.0025515380245109973,0.0001963501065556112,0.0001963501065556112,0.0031184574416933874,1.446516449774481e-06
shfa_random_budget,SHFA,1,S5,5,6000,3,3,1789,444,0.00047318467836955267,0.0017399155912669428,0.00013914206825172478,0.00013914206825172478,0.0022131002696364954,8.233013994438184e-07
shfa_random_budget,SHFA,1,S5,5,6000,4,4,1789,444,0.0009412334741749861,0.0031196737277818356,0.0002567430414633939,0.0002567430414633939,0.004060907201956822,2.936341341092527e-06
shfa_random_budget,SHFA,1,S5,5,6000,5,5,1789,444,0.0010168461634840079,0.0031704001298595887,0.0002649267025427317,0.0002649267025427317,0.004187246293343596,3.223809208756923e-06
shfa_random_budget,SHFA,1,S5,5,6000,6,6,1789,444,0.001208065030662195,0.003789262235208181,0.00031691062931526234,0.00031691062931526234,0.004997327265870375,4.577675198363869e-06
shfa_random_budget,SHFA,1,S5,5,6000,7,7,1789,444,0.0007581382843605775,0.004590739388036686,0.00033778526980842165,0.00033778526980842165,0.005348877672397264,3.4804152835926607e-06
shfa_random_budget,SHFA,1,S5,5,6000,8,8,1789,444,0.000652530478631448,0.002399358818277737,0.0001923087358149234,0.00019230873581492343,0.003051889296909185,1.5656547580993573e-06
shfa_random_budget,SHFA,1,S5,5,6000,9,9,1789,444,0.00025884457561753247,0.0032414170927684443,0.0002196053775059006,0.0002196053775059006,0.003500261668385977,8.390232317770638e-07
shfa_random_budget,SHFA,1,S5,5,6000,10,a,1789,444,0.0003263335875627751,0.0031906906906906908,0.00022085524693073785,0.00022085524693073787,0.003517024278253466,1.041229539896242e-06
shfa_random_budget,SHFA,1,S5,5,6000,11,b,1789,444,0.0005900406527562228,0.0012123610096583068,0.00011336544618242308,0.00011336544618242308,0.0018024016624145296,7.153422815149807e-07
shfa_random_budget,SHFA,1,S5,5,6000,12,c,1789,444,0.0005306753181747597,0.0026225549874198516,0.00019846861930204304,0.00019846861930204304,0.003153230305594611,1.3917252023798328e-06
shfa_random_budget,SHFA,1,S5,5,6000,13,d,1789,444,0.0006137867865888085,0.0028761869978086193,0.00021988872709985272,0.0002198887270998527,0.0034899737843974276,1.7653655750134649e-06
shfa_random_budget,SHFA,1,S5,5,6000,14,e,1789,444,0.0006206606674350832,0.002774734193653113,0.00021393434719459996,0.00021393434719459996,0.0033953948610881963,1.7221683765876887e-06
shfa_random_budget,SHFA,1,S5,5,6000,15,f,1789,444,0.0007350170487867446,0.0035559207856505157,0.00027079727705391706,0.00027079727705391706,0.0042909378344372605,2.6136624015882847e-06
shfa_random_budget,SHFA,1,S5,5,8000,0,0,2377,596,0.00038051122372604224,0.002041011666141165,0.00015212180846342296,0.00015212180846342293,0.002421522889867207,7.76627846722503e-07
shfa_random_budget,SHFA,1,S5,5,8000,1,1,2377,596,0.0006902386653472867,0.001917143371920184,0.00016428466381153048,0.00016428466381153048,0.0026073820372674705,1.3232864823135847e-06
shfa_random_budget,SHFA,1,S5,5,8000,2,2,2377,596,0.00039360826982888356,0.001297801900815279,0.0001062239612260207,0.0001062239612260207,0.0016914101706441626,5.108255607605383e-07
shfa_random_budget,SHFA,1,S5,5,8000,3,3,2377,596,0.0003210435549347635,0.0012640196387550115,9.947225496394419e-05,9.94722549639442e-05,0.001585063193689775,4.058053583332644e-07
shfa_random_budget,SHFA,1,S5,5,8000,4,4,2377,596,0.0006321868934319909,0.0025646367280753118,0.00020142280607010995,0.00020142280607010995,0.0031968236215073028,1.621329725903517e-06
shfa_random_budget,SHFA,1,S5,5,8000,5,5,2377,596,0.0007277599325608317,0.002474550695914599,0.0002019452931272916,0.00020194529312729157,0.0032023106284754304,1.8008788475771676e-06
shfa_random_budget,SHFA,1,S5,5,8000,6,6,2377,596,0.0008038643896449087,0.00383710193234539,0.0002931449047272438,0.0002931449047272438,0.004640966321990299,3.084509602850127e-06
shfa_random_budget,SHFA,1,S5,5,8000,7,7,2377,596,0.0007157248091149775,0.0026490923832259814,0.0002121970956616223,0.0002121970956616223,0.003364817192340959,1.8960211403123565e-06
shfa_random_budget,SHFA,1,S5,5,8000,8,8,2377,596,0.0005967894715324197,0.001359736047925769,0.000123094321123602,0.00012309432112360202,0.001956525519458189,8.114761574652007e-07
shfa_random_budget,SHFA,1,S5,5,8000,9,9,2377,596,0.00026476165411444595,0.0023337912706634834,0.00016302745623579933,0.0001630274562357993,0.002598552924777929,6.178984371787185e-07
shfa_random_budget,SHFA,1,S5,5,8000,10,a,2377,596,0.00021449731501705526,0.0017200801765686234,0.00012128004580359295,0.00012128004580359295,0.0019345774915856787,3.68952579488032e-07
shfa_random_budget,SHFA,1,S5,5,8000,11,b,2377,596,0.0003794493010690553,0.0009430881491824691,8.30164447797741e-05,8.301644477977407e-05,0.0013225374502515244,3.5785413905379683e-07
shfa_random_budget,SHFA,1,S5,5,8000,12,c,2377,596,0.0006120103629492353,0.0011908247376244312,0.0001134059908657366,0.00011340599086573662,0.0018028351005736666,7.287970798824561e-07
shfa_random_budget,SHFA,1,S5,5,8000,13,d,2377,596,0.0005118356589734501,0.002395725417773974,0.00018294878499463976,0.0001829487849946398,0.002907561076747424,1.226217697925786e-06
shfa_random_budget,SHFA,1,S5,5,8000,14,e,2377,596,0.0005574983332238962,0.0020466420431512096,0.00016389977305120685,0.00016389977305120688,0.002604140376375106,1.1409995277627488e-06
shfa_random_budget,SHFA,1,S5,5,8000,15,f,2377,596,0.0005405075707121023,0.002114206567271744,0.00016706237827965006,0.00016706237827965003,0.0026547141379838464,1.1427446556596233e-06
shfa_guided_raw,SHFA,0,S0,0,250,0,0,149,101,0.006550943651186882,0.01406112145868052,0.0013803676837150236,0.0013803676837150234,0.020612065109867402,9.211361434831078e-05
shfa_guided_raw,SHFA,0,S0,0,250,1,1,149,101,0.0070914598441511635,0.015237476717968825,0.0015036144894041636,0.0015036144894041636,0.02232893656211999,0.00010805595427166418
shfa_guided_raw,SHFA,0,S0,0,250,2,2,149,101,0.005199653168776181,0.007787226742476228,0.0008521708726607707,0.0008521708726607707,0.012986879911252408,4.0490878207495136e-05
shfa_guided_raw,SHFA,0,S0,0,250,3,3,149,101,0.012046191612990403,0.009943878051171452,0.0014941652143907371,0.001494165214390737,0.021990069664161855,0.0001197858603806209
shfa_guided_raw,SHFA,0,S0,0,250,4,4,149,101,0.015379374802936805,0.022099549063817274,0.0026823099897004673,0.0026823099897004673,0.03747892386675408,0.00033987724802833706
shfa_guided_raw,SHFA,0,S0,0,250,5,5,149,101,0.004659136975811901,0.013276884619154983,0.0011828601737381237,0.0011828601737381237,0.017936021594966885,6.18588240526933e-05
shfa_guided_raw,SHFA,0,S0,0,250,6,6,149,101,0.007361717940633304,0.01249264777962945,0.001332865206801733,0.0013328652068017332,0.019854365720262755,9.196734928531094e-05
shfa_guided_raw,SHFA,0,S0,0,250,7,7,149,101,0.01321731003107968,0.017590187236545436,0.002157963537436731,0.0021579635374367316,0.030807497267625116,0.00023249495821016174
shfa_guided_raw,SHFA,0,S0,0,250,8,8,149,101,0.007181545876311878,0.008963582001764534,0.0010734428677415312,0.0010734428677415312,0.016145127878076412,6.437237536175546e-05
shfa_guided_raw,SHFA,0,S0,0,250,9,9,149,101,0.014208256384847528,0.005826634643662386,0.0013349670081598598,0.0013349670081598596,0.020034891028509916,8.27863188779899e-05
shfa_guided_raw,SHFA,0,S0,0,250,10,a,149,101,0.005469911265258321,0.006806930693069308,0.0008045359292753293,0.0008045359292753293,0.01227684195832763,3.723330687985244e-05
shfa_guided_raw,SHFA,0,S0,0,250,11,b,149,101,0.0079923201657583,0.013865062248799138,0.0014769004175204114,0.0014769004175204114,0.02185738241455744,0.00011081401661057148
shfa_guided_raw,SHFA,0,S0,0,250,12,c,149,101,0.006010427458222602,0.010139937261052837,0.0010703431522932016,0.0010703431522932013,0.016150364719275438,6.094535733848646e-05
shfa_guided_raw,SHFA,0,S0,0,250,13,d,149,101,0.012046191612990406,0.011316292520341144,0.0015964734863819015,0.0015964734863819015,0.02336248413333155,0.00013631822804867954
shfa_guided_raw,SHFA,0,S0,0,250,14,e,149,101,0.009073352551686861,0.006806930693069307,0.0010542793847703766,0.0010542793847703766,0.01588028324475617,6.176168197311601e-05
shfa_guided_raw,SHFA,0,S0,0,250,15,f,149,101,0.01168584748434755,0.011512351730222529,0.0015844190374161753,0.001584419037416175,0.02319819921457008,0.0001345315865055451
shfa_guided_raw,SHFA,0,S0,0,500,0,0,302,198,0.004097956229989912,0.006268493010917253,0.0006735910875434344,0.0006735910875434344,0.010366449240907166,2.568800998673658e-05
shfa_guided_raw,SHFA,0,S0,0,500,1,1,302,198,0.005172470505679575,0.003105550454035303,0.0005334396781095773,0.0005334396781095773,0.008278020959714878,1.6063368127397416e-05
shfa_guided_raw,SHFA,0,S0,0,500,2,2,302,198,0.0028260821893776587,0.0043299153147637985,0.0004594865405614087,0.00045948654056140857,0.007155997504141457,1.223669655256753e-05
shfa_guided_raw,SHFA,0,S0,0,500,3,3,302,198,0.005611047761063111,0.005299204162840528,0.0007116248328973001,0.0007116248328973001,0.010910251923903639,2.973408765332266e-05
shfa_guided_raw,SHFA,0,S0,0,500,4,4,302,198,0.009207381255208105,0.013512651770227526,0.0015444182007070745,0.0015444182007070748,0.022720033025435633,0.00012441613661734756
shfa_guided_raw,SHFA,0,S0,0,500,5,5,302,198,0.005391759133371344,0.007339812264054687,0.0008352977121510749,0.0008352977121510747,0.01273157139742603,3.957449981194786e-05
shfa_guided_raw,SHFA,0,S0,0,500,6,6,302,198,0.00534790140783299,0.006268493010917253,0.0007595479337699659,0.0007595479337699658,0.011616394418750243,3.3523282598075634e-05
shfa_guided_raw,SHFA,0,S0,0,500,7,7,302,198,0.004711964387526862,0.008156055504540353,0.0008426822863342876,0.0008426822863342875,0.012868019892067215,3.8431043080086575e-05
shfa_guided_raw,SHFA,0,S0,0,500,8,8,302,198,0.004997039603526161,0.004074839302112029,0.0005873545649730457,0.0005873545649730457,0.009071878905638191,2.0362133370658714e-05
shfa_guided_raw,SHFA,0,S0,0,500,9,9,302,198,0.00541368799614052,0.006064432200795836,0.0007502134561173788,0.0007502134561173788,0.011478120196936357,3.2830943808856456e-05
shfa_guided_raw,SHFA,0,S0,0,500,10,a,302,198,0.002760295601070129,0.003105550454035303,0.0003751876157012645,0.00037518761570126447,0.005865846055105432,8.572237257174988e-06
shfa_guided_raw,SHFA,0,S0,0,500,11,b,302,198,0.002848011052146836,0.005656310580553005,0.0005476293370915303,0.0005476293370915301,0.008504321632699841,1.6109235047790047e-05
shfa_guided_raw,SHFA,0,S0,0,500,12,c,302,198,0.004076027367220737,0.005911386593204775,0.0006483083460587189,0.0006483083460587188,0.00998741396042551,2.409497353212442e-05
shfa_guided_raw,SHFA,0,S0,0,500,13,d,302,198,0.005545261172755581,0.006931690643811855,0.0008182475235241479,0.0008182475235241477,0.012476951816567435,3.843803498868301e-05
shfa_guided_raw,SHFA,0,S0,0,500,14,e,302,198,0.0038567387395289678,0.006064432200795838,0.0006434621143723567,0.0006434621143723566,0.009921170940324806,2.3388930602056224e-05
shfa_guided_raw,SHFA,0,S0,0,500,15,f,302,198,0.005150541642910399,0.005452249770431588,0.0006907565028240307,0.0006907565028240307,0.010602791413341986,2.8082039490156557e-05
shfa_guided_raw,SHFA,0,S0,0,1000,0,0,578,421,0.001968816225859364,0.0025470263652315204,0.0002872547887787397,0.0002872547887787397,0.0045158425910908845,5.014626835559416e-06
shfa_guided_raw,SHFA,0,S0,0,1000,1,1,578,421,0.00205262748290849,0.0010800971558499444,0.00019801232702871104,0.00019801232702871104,0.0031327246387584345,2.2170371063088907e-06
shfa_guided_raw,SHFA,0,S0,0,1000,2,2,578,421,0.0014898947570072202,0.0010462449433257543,0.00016006752612641726,0.00016006752612641726,0.0025361397003329745,1.5587948556063575e-06
shfa_guided_raw,SHFA,0,S0,0,1000,3,3,578,421,0.0029685647920882174,0.0024116175151347595,0.0003434204370488484,0.0003434204370488484,0.005380182307222977,7.159042847412321e-06
shfa_guided_raw,SHFA,0,S0,0,1000,4,4,578,421,0.007727846888806407,0.011641987463397296,0.0013005821436112694,0.0013005821436112694,0.019369834352203703,8.996749659853798e-05
shfa_guided_raw,SHFA,0,S0,0,1000,5,5,578,421,0.00307632212257995,0.004950533454449027,0.0005169079091488047,0.0005169079091488047,0.008026855577028976,1.5229435584493682e-05
shfa_guided_raw,SHFA,0,S0,0,1000,6,6,578,421,0.0029086996084816993,0.0039913874329303035,0.00044286518715171326,0.00044286518715171337,0.006900087041412003,1.160974706346315e-05
shfa_guided_raw,SHFA,0,S0,0,1000,7,7,578,421,0.003890488619628597,0.009204628161655598,0.0008542552999410962,0.0008542552999410961,0.013095116781284194,3.5810501110834e-05
shfa_guided_raw,SHFA,0,S0,0,1000,8,8,578,421,0.0029685647920882174,0.0020053909648444774,0.0003168253678209025,0.00031682536782090255,0.004973955756932695,5.953133012609136e-06
shfa_guided_raw,SHFA,0,S0,0,1000,9,9,578,421,0.003710893068809042,0.002987105128045994,0.00042970971501890955,0.00042970971501890955,0.006697998196855036,1.1084827715469825e-05
shfa_guided_raw,SHFA,0,S0,0,1000,10,a,578,421,0.0020286814094658827,0.0020956635315756513,0.00026202299246209904,0.00026202299246209904,0.004124344941041534,4.251433647003142e-06
shfa_guided_raw,SHFA,0,S0,0,1000,11,b,578,421,0.0021843308868428296,0.0022762086650379995,0.0002837557148844936,0.00028375571488449357,0.004460539551880829,4.971992891941787e-06
shfa_guided_raw,SHFA,0,S0,0,1000,12,c,578,421,0.0024058320661869475,0.00528905557969093,0.0004936550573808328,0.0004936550573808328,0.007694887645877877,1.2724579513465433e-05
shfa_guided_raw,SHFA,0,S0,0,1000,13,d,578,421,0.002627333245531064,0.0039913874329303035,0.0004241567473021681,0.00042415674730216814,0.006618720678461368,1.0486704898332676e-05
shfa_guided_raw,SHFA,0,S0,0,1000,14,e,578,421,0.0015078543120891751,0.0029419688446804073,0.0002825500077065823,0.00028255000770658224,0.004449823156769582,4.436060408483361e-06
shfa_guided_raw,SHFA,0,S0,0,1000,15,f,578,421,0.0025914141353671535,0.004927965312766233,0.00048273161447843805,0.0004827316144784381,0.007519379448133387,1.2770398970101432e-05
shfa_guided_raw,SHFA,0,S0,0,1500,0,0,882,617,0.0017453504455448095,0.0019541870135464908,0.00023463183236797748,0.0002346318323679775,0.0036995374590913003,3.4107411747712484e-06
shfa_guided_raw,SHFA,0,S0,0,1500,1,1,882,617,0.0018944652691008372,0.0012239321335788531,0.00019721853458628229,0.00019721853458628226,0.00311839740267969,2.318696918801624e-06
shfa_guided_raw,SHFA,0,S0,0,1500,2,2,882,617,0.0012877221939418247,0.0013447656748684625,0.00016626217640582222,0.00016626217640582222,0.002632487868810287,1.731684605179275e-06
shfa_guided_raw,SHFA,0,S0,0,1500,3,3,882,617,0.0019510260642427793,0.0015233891706878844,0.00022012312416116377,0.00022012312416116374,0.0034744152349306637,2.9721719779972547e-06
shfa_guided_raw,SHFA,0,S0,0,1500,4,4,882,617,0.007625102195073041,0.010275940465839569,0.0011971702625095512,0.0011971702625095512,0.01790104266091261,7.835509620251319e-05
shfa_guided_raw,SHFA,0,S0,0,1500,5,5,882,617,0.0028380021698777777,0.004113429860069506,0.00044613842474022254,0.00044613842474022254,0.006951432029947284,1.1673922868517301e-05
shfa_guided_raw,SHFA,0,S0,0,1500,6,6,882,617,0.002493495508558677,0.0034829939924715453,0.0003822154236909535,0.00038221542369095356,0.005976489501030222,8.684829876564652e-06
shfa_guided_raw,SHFA,0,S0,0,1500,7,7,882,617,0.0033007723119482107,0.007586080764088271,0.0007054682425945858,0.0007054682425945856,0.010886853076036481,2.503992534230549e-05
shfa_guided_raw,SHFA,0,S0,0,1500,8,8,882,617,0.0007915297638329706,0.00111360585674921,0.00011995242846718202,0.000119952428467182,0.0019051356205821806,8.81452180795715e-07
shfa_guided_raw,SHFA,0,S0,0,1500,9,9,882,617,0.0014445498531990275,0.002111795980445981,0.00022532220917635253,0.00022532220917635259,0.0035563458336450087,3.050594573539538e-06
shfa_guided_raw,SHFA,0,S0,0,1500,10,a,882,617,0.00107433373954268,0.0013815411004783435,0.00015497641371812278,0.00015497641371812278,0.0024558748400210235,1.484236216808808e-06
shfa_guided_raw,SHFA,0,S0,0,1500,11,b,882,617,0.0008660871756109851,0.0019541870135464908,0.00017795963313352038,0.00017795963313352038,0.002820274189157476,1.6924963111781462e-06
shfa_guided_raw,SHFA,0,S0,0,1500,12,c,882,617,0.0021618435734081995,0.004118683492299489,0.00040143689104546064,0.00040143689104546064,0.006280527065707689,8.90394943873009e-06
shfa_guided_raw,SHFA,0,S0,0,1500,13,d,882,617,0.0015628133339503606,0.0030259279884630244,0.00029152529325878016,0.00029152529325878016,0.0045887413224133845,4.728960607943607e-06
shfa_guided_raw,SHFA,0,S0,0,1500,14,e,882,617,0.001333999208148868,0.002731724583583975,0.00025775185541468447,0.00025775185541468447,0.004065723791732843,3.6441184313818188e-06
shfa_guided_raw,SHFA,0,S0,0,1500,15,f,882,617,0.002352093520703822,0.004339336045958774,0.00042842087211426855,0.00042842087211426844,0.006691429566662596,1.0206524197856175e-05
shfa_guided_raw,SHFA,0,S0,0,2000,0,0,1149,850,0.001509192539620861,0.0013006920415224912,0.00017758078104686948,0.00017758078104686948,0.002809884581143352,1.9629947254099706e-06
shfa_guided_raw,SHFA,0,S0,0,2000,1,1,1149,850,0.001603117631330381,0.0011567474048442905,0.00017434596692061856,0.0001743459669206185,0.0027598650361746716,1.8544021597015443e-06
shfa_guided_raw,SHFA,0,S0,0,2000,2,2,1149,850,0.0016818935146996551,0.001286851211072664,0.00018771089206705646,0.00018771089206705646,0.002968744725772319,2.1643467062865106e-06
shfa_guided_raw,SHFA,0,S0,0,2000,3,3,1149,850,0.00218333231076177,0.0009823529411764704,0.00020000013116318246,0.00020000013116318248,0.0031656852519382408,2.1448029170424445e-06
shfa_guided_raw,SHFA,0,S0,0,2000,4,4,1149,850,0.00703713866297632,0.009372664359861591,0.0010915694276692517,0.0010915694276692517,0.016409803022837913,6.59567387418822e-05
shfa_guided_raw,SHFA,0,S0,0,2000,5,5,1149,850,0.0028392930318943852,0.0032384083044982703,0.0003890511236579318,0.00038905112365793183,0.0060777013363926555,9.19479013339085e-06
shfa_guided_raw,SHFA,0,S0,0,2000,6,6,1149,850,0.0024499583775500853,0.002621107266435986,0.00032336320645499173,0.0003233632064549917,0.005071065643986071,6.421603705862247e-06
shfa_guided_raw,SHFA,0,S0,0,2000,7,7,1149,850,0.0030680460778320876,0.006266782006920414,0.0006026535312539923,0.0006026535312539923,0.009334828084752502,1.9226775956960875e-05
shfa_guided_raw,SHFA,0,S0,0,2000,8,8,1149,850,0.0005805460683638325,0.0006003460207612455,7.415428409232819e-05,7.415428409232819e-05,0.001180892089125078,3.4852852201081285e-07
shfa_guided_raw,SHFA,0,S0,0,2000,9,9,1149,850,0.0012562007603387662,0.0014280276816608997,0.00016955816708446637,0.00016955816708446634,0.002684228441999666,1.7938894594872278e-06
shfa_guided_raw,SHFA,0,S0,0,2000,10,a,1149,850,0.0008395975309820246,0.0009768166089965395,0.00011434601656179597,0.00011434601656179598,0.001816414139978564,8.201328131357284e-07
shfa_guided_raw,SHFA,0,S0,0,2000,11,b,1149,850,0.000710829260089941,0.001134602076124567,0.00011614596686767488,0.00011614596686767488,0.0018454313362145079,8.065083542681368e-07
shfa_guided_raw,SHFA,0,S0,0,2000,12,c,1149,850,0.0016864382772017292,0.0036868512110726642,0.0003420482400218501,0.00034204824002185007,0.005373289488274393,6.217647004700493e-06
shfa_guided_raw,SHFA,0,S0,0,2000,13,d,1149,850,0.0011016788352682663,0.0018294117647058824,0.00018520858672055153,0.0001852085867205515,0.0029310905999741484,2.01542422216724e-06
shfa_guided_raw,SHFA,0,S0,0,2000,14,e,1149,850,0.0007729410142849459,0.001541522491349481,0.0001458454750601584,0.0001458454750601584,0.002314463505634427,1.1915059580067248e-06
shfa_guided_raw,SHFA,0,S0,0,2000,15,f,1149,850,0.0022651380357990936,0.004005190311418685,0.0004009678306161197,0.0004009678306161196,0.006270328347217778,9.07230891500848e-06
shfa_guided_raw,SHFA,0,S0,0,3000,0,0,1716,1283,0.0012262892507647755,0.0009273116459681101,0.00013573720834936503,0.00013573720834936503,0.0021536008967328853,1.1371523035596844e-06
shfa_guided_raw,SHFA,0,S0,0,3000,1,1,1716,1283,0.0013315647056905797,0.000794876522472357,0.0001339610062828898,0.0001339610062828898,0.0021264412281629366,1.0584295227062555e-06
shfa_guided_raw,SHFA,0,S0,0,3000,2,2,1716,1283,0.000966156997625529,0.001475277156945949,0.00015401498400933778,0.0001540149840093378,0.002441434154571478,1.4253493486204243e-06
shfa_guided_raw,SHFA,0,S0,0,3000,3,3,1716,1283,0.0014755543601697447,0.0007863715145414371,0.00014253070108644376,0.00014253070108644376,0.0022619258747111817,1.1603339169949034e-06
shfa_guided_raw,SHFA,0,S0,0,3000,4,4,1716,1283,0.007192351160882629,0.008869774052314303,0.0010676773555267378,0.0010676773555267378,0.016062125213196932,6.379452970192939e-05
shfa_guided_raw,SHFA,0,S0,0,3000,5,5,1716,1283,0.0028502480425557346,0.0026842032842695628,0.0003535538530833921,0.00035355385308339206,0.005534451326825297,7.650645156810995e-06
shfa_guided_raw,SHFA,0,S0,0,3000,6,6,1716,1283,0.00248959470987443,0.0024655030803316224,0.00031583171531385104,0.000315831715313851,0.004955097790206052,6.138103425972719e-06
shfa_guided_raw,SHFA,0,S0,0,3000,7,7,1716,1283,0.003623173640656158,0.005176170608029093,0.0005687131804493783,0.0005687131804493783,0.00879934424868525,1.8754164906550167e-05
shfa_guided_raw,SHFA,0,S0,0,3000,8,8,1716,1283,0.0003324666786205245,0.0005494462936086689,5.530223334864102e-05,5.530223334864102e-05,0.0008819129722291934,1.8267258431643167e-07
shfa_guided_raw,SHFA,0,S0,0,3000,9,9,1716,1283,0.0007189294776707365,0.0012419969394121457,0.0001234508092786004,0.00012345080927860037,0.001960926417082882,8.929082109202273e-07
shfa_guided_raw,SHFA,0,S0,0,3000,10,a,1716,1283,0.0004180454355279533,0.0007426314737538492,7.285276052799486e-05,7.285276052799484e-05,0.0011606769092818024,3.104536978821937e-07
shfa_guided_raw,SHFA,0,S0,0,3000,11,b,1716,1283,0.0002951108720339488,0.0010864767943896108,8.666986026570944e-05,8.666986026570945e-05,0.0013815876664235597,3.2063111423696736e-07
shfa_guided_raw,SHFA,0,S0,0,3000,12,c,1716,1283,0.0016901804489217076,0.0032151587793855622,0.00031201790027830085,0.0003120179002783008,0.00490533922830727,5.434198509096459e-06
shfa_guided_raw,SHFA,0,S0,0,3000,13,d,1716,1283,0.0006686689378997072,0.000932171650500064,0.00010067585100246578,0.0001006758510024658,0.0016008405883997713,6.233142274800949e-07
shfa_guided_raw,SHFA,0,S0,0,3000,14,e,1716,1283,0.0007773403752424728,0.0010597467694638618,0.00011564173049558295,0.00011564173049558295,0.0018370871447063346,8.237839514370367e-07
shfa_guided_raw,SHFA,0,S0,0,3000,15,f,1716,1283,0.0021513548611450713,0.0038080793322839766,0.0003806571670724507,0.0003806571670724507,0.005959434193429048,8.19252998313521e-06
shfa_guided_raw,SHFA,0,S0,0,4000,0,0,2287,1711,0.0011599444513379462,0.0006295215303323185,0.00011257183386049827,0.00011257183386049829,0.0017894659816702647,7.302100061067454e-07
shfa_guided_raw,SHFA,0,S0,0,4000,1,1,2287,1711,0.0009928434303583555,0.000596729280507296,9.994075317495736e-05,9.994075317495736e-05,0.0015895727108656515,5.924587458541371e-07
shfa_guided_raw,SHFA,0,S0,0,4000,2,2,2287,1711,0.0011515320429591105,0.0013386539327984322,0.00015717812638289705,0.00015717812638289705,0.0024901859757575427,1.5415028980506264e-06
shfa_guided_raw,SHFA,0,S0,0,4000,3,3,2287,1711,0.0012012417288340459,0.0007511261234334442,0.00012292527480980373,0.00012292527480980373,0.00195236785226749,9.022840430856054e-07
shfa_guided_raw,SHFA,0,S0,0,4000,4,4,2287,1711,0.007487987463217223,0.008122550615349982,0.0010364801870875384,0.0010364801870875384,0.015610538078567205,6.0821557177088e-05
shfa_guided_raw,SHFA,0,S0,0,4000,5,5,2287,1711,0.0025009588233640876,0.0025157590671424732,0.0003198366779930882,0.00031983667799308826,0.005016717890506561,6.2918098364281745e-06
shfa_guided_raw,SHFA,0,S0,0,4000,6,6,2287,1711,0.002427541441148798,0.0028887709089021056,0.00033928213297352644,0.0003392821329735264,0.005316312350050903,7.012611095344941e-06
shfa_guided_raw,SHFA,0,S0,0,4000,7,7,2287,1711,0.0032072187449872086,0.005211555271507873,0.0005428879737882596,0.0005428879737882596,0.008418774016495082,1.671459775731695e-05
shfa_guided_raw,SHFA,0,S0,0,4000,8,8,2287,1711,0.000337057959008246,0.0005229467184009954,5.3926555691651885e-05,5.392655569165189e-05,0.0008600046774092415,1.762633535742995e-07
shfa_guided_raw,SHFA,0,S0,0,4000,9,9,2287,1711,0.0009469575664737994,0.0009827213878226661,0.00012153553009746342,0.0001215355300974634,0.0019296789542964654,9.305954539343067e-07
shfa_guided_raw,SHFA,0,S0,0,4000,10,a,2287,1711,0.0004896284564243939,0.0007866510607438856,8.015263656763411e-05,8.015263656763411e-05,0.0012762795171682795,3.8516674461664083e-07
shfa_guided_raw,SHFA,0,S0,0,4000,11,b,2287,1711,0.0003645894773389791,0.0007811856857730484,7.189575977538241e-05,7.189575977538241e-05,0.0011457751631120275,2.848120808806877e-07
shfa_guided_raw,SHFA,0,S0,0,4000,12,c,2287,1711,0.0015461504723662902,0.0031155839701918443,0.0002961755642870924,0.0002961755642870924,0.004661734442558135,4.817161627208962e-06
shfa_guided_raw,SHFA,0,S0,0,4000,13,d,2287,1711,0.0007500307339692477,0.0008781960915054065,0.00010242285065124662,0.00010242285065124662,0.0016282268254746543,6.586740590807246e-07
shfa_guided_raw,SHFA,0,S0,0,4000,14,e,2287,1711,0.0005003351579974568,0.0008638494822069593,8.569375427994205e-05,8.569375427994203e-05,0.001364184640204416,4.322142671660402e-07
shfa_guided_raw,SHFA,0,S0,0,4000,15,f,2287,1711,0.0020589250012762,0.003677834420316711,0.0003661198490881012,0.0003661198490881012,0.005736759421592911,7.572385238544237e-06
shfa_guided_raw,SHFA,0,S0,0,6000,0,0,3410,2586,0.0008049251382427053,0.000919004946020843,0.00010848536044969334,0.00010848536044969332,0.0017239300842635482,7.39730183221557e-07
shfa_guided_raw,SHFA,0,S0,0,6000,1,1,3410,2586,0.0008107730411675165,0.0005610180704118614,8.619180280080888e-05,8.619180280080888e-05,0.001371791111579378,4.5485832709775676e-07
shfa_guided_raw,SHFA,0,S0,0,6000,2,2,3410,2586,0.0010097737377559534,0.0011959438322480076,0.0001390649807988828,0.0001390649807988828,0.002205717570003961,1.2076326736352494e-06
shfa_guided_raw,SHFA,0,S0,0,6000,3,3,3410,2586,0.0008489564073236388,0.0007954890064832412,0.00010345317385193946,0.00010345317385193945,0.0016444454138068798,6.753354890094633e-07
shfa_guided_raw,SHFA,0,S0,0,6000,4,4,3410,2586,0.006819665293556126,0.009434427092398896,0.0010802204091288074,0.0010802204091288072,0.016254092385955023,6.43396350066184e-05
shfa_guided_raw,SHFA,0,S0,0,6000,5,5,3410,2586,0.002380074990755154,0.0029996354335828173,0.0003433712587979767,0.0003433712587979767,0.005379710424337971,7.139357276853456e-06
shfa_guided_raw,SHFA,0,S0,0,6000,6,6,3410,2586,0.0022429932663117786,0.0031165718315469882,0.0003419632682483098,0.0003419632682483098,0.005359565097858766,6.9904496321368615e-06
shfa_guided_raw,SHFA,0,S0,0,6000,7,7,3410,2586,0.003325199301691592,0.005580012010654072,0.0005751303590628616,0.0005751303590628616,0.008905211312345663,1.8554652041257615e-05
shfa_guided_raw,SHFA,0,S0,0,6000,8,8,3410,2586,0.00024163448886748486,0.0002688266105371958,3.196877649342368e-05,3.196877649342368e-05,0.0005104610994046807,6.495778063113373e-08
shfa_guided_raw,SHFA,0,S0,0,6000,9,9,3410,2586,0.0008651241389392935,0.00046292308695342684,8.340343755529073e-05,8.340343755529073e-05,0.0013280472258927205,4.004859369957031e-07
shfa_guided_raw,SHFA,0,S0,0,6000,10,a,3410,2586,0.000481742503074449,0.0005598217901257828,6.53674582754653e-05,6.53674582754653e-05,0.001041564293200232,2.696899504508135e-07
shfa_guided_raw,SHFA,0,S0,0,6000,11,b,3410,2586,0.00026175815481463004,0.0009345565897398626,7.501429934315596e-05,7.501429934315596e-05,0.0011963147445544927,2.4462780850015964e-07
shfa_guided_raw,SHFA,0,S0,0,6000,12,c,3410,2586,0.0016196756133848179,0.0030717113208190445,0.00029818685930543007,0.00029818685930543007,0.004691386934203862,4.975175917688675e-06
shfa_guided_raw,SHFA,0,S0,0,6000,13,d,3410,2586,0.0006122883360136222,0.000868761174005547,9.309752670982316e-05,9.309752670982317e-05,0.0014810495100191692,5.319323336250972e-07
shfa_guided_raw,SHFA,0,S0,0,6000,14,e,3410,2586,0.00044046318831107397,0.0006363837284348046,6.758323590263311e-05,6.75832359026331e-05,0.0010768469167458787,2.803036060156827e-07
shfa_guided_raw,SHFA,0,S0,0,6000,15,f,3410,2586,0.0018319200901265045,0.003556802976823864,0.00034331097051426345,0.00034331097051426345,0.005388723066950369,6.515778829865392e-06
shfa_guided_raw,SHFA,0,S0,0,8000,0,0,4507,3489,0.0008361835537343508,0.0009873341027333913,0.00011479544606798062,0.00011479544606798061,0.0018235176564677421,8.255925387467237e-07
shfa_guided_raw,SHFA,0,S0,0,8000,1,1,4507,3489,0.0007949292841266716,0.0006092880782175745,8.824792608235979e-05,8.824792608235979e-05,0.0014042173623442461,4.84340935844412e-07
shfa_guided_raw,SHFA,0,S0,0,8000,2,2,4507,3489,0.0008045782541065104,0.0011562308055592316,0.0001234808443919899,0.00012348084439198987,0.001960809059665742,9.302781628810106e-07
shfa_guided_raw,SHFA,0,S0,0,8000,3,3,4507,3489,0.000678255514472495,0.0008931922635123727,9.882129870226566e-05,9.882129870226566e-05,0.0015714477779848676,6.058125782114367e-07
shfa_guided_raw,SHFA,0,S0,0,8000,4,4,4507,3489,0.006367701741870461,0.009235670745407033,0.0010340207771477137,0.0010340207771477137,0.015603372487277493,5.880999669287042e-05
shfa_guided_raw,SHFA,0,S0,0,8000,5,5,4507,3489,0.0021018724220081384,0.002894815347682817,0.00031837751815178505,0.0003183775181517851,0.004996687769690955,6.084532546100413e-06
shfa_guided_raw,SHFA,0,S0,0,8000,6,6,4507,3489,0.0018855582684805222,0.0028571914712751155,0.0003018092597380221,0.0003018092597380222,0.004742749739755638,5.387401003294822e-06
shfa_guided_raw,SHFA,0,S0,0,8000,7,7,4507,3489,0.0029488156849323804,0.005182478470393911,0.0005234880585082151,0.0005234880585082151,0.00813129415532629,1.5282173800321937e-05
shfa_guided_raw,SHFA,0,S0,0,8000,8,8,4507,3489,0.0002417873112007951,0.000272644747390583,3.221792570234572e-05,3.221792570234572e-05,0.0005144320585913781,6.592204038458906e-08
shfa_guided_raw,SHFA,0,S0,0,8000,9,9,4507,3489,0.0006358197383366721,0.00042281166021433577,6.643329440860117e-05,6.643329440860117e-05,0.001058631398551008,2.688319991631729e-07
shfa_guided_raw,SHFA,0,S0,0,8000,10,a,4507,3489,0.0002853061349874161,0.0005319044721563189,5.122741855561688e-05,5.122741855561687e-05,0.0008172106071437349,1.51755609133441e-07
shfa_guided_raw,SHFA,0,S0,0,8000,11,b,4507,3489,0.00032872649989669196,0.0007394108298110236,6.70016470408017e-05,6.70016470408017e-05,0.0010681373297077156,2.430639340694864e-07
shfa_guided_raw,SHFA,0,S0,0,8000,12,c,4507,3489,0.0014440686624642121,0.002997172007080189,0.0002819056640179645,0.0002819056640179646,0.004441240669544402,4.328122171439467e-06
shfa_guided_raw,SHFA,0,S0,0,8000,13,d,4507,3489,0.0005248565835685229,0.000781635005517484,8.20659705964689e-05,8.20659705964689e-05,0.0013064915890860069,4.102462785934702e-07
shfa_guided_raw,SHFA,0,S0,0,8000,14,e,4507,3489,0.00031897907103950766,0.00039488127161473204,4.474223027708055e-05,4.4742230277080546e-05,0.0007138603426542397,1.2595886119056674e-07
shfa_guided_raw,SHFA,0,S0,0,8000,15,f,4507,3489,0.0017413160131696623,0.0035071480436282523,0.0003341360565987962,0.0003341360565987962,0.005248464056797915,6.107053048926529e-06
shfa_guided_raw,SHFA,0,S5,5,250,0,0,159,91,0.00937215695581662,0.022634645574206014,0.0022125606090871532,0.0022125606090871537,0.03200680253002264,0.00021213545096073876
shfa_guided_raw,SHFA,0,S5,5,250,1,1,159,91,0.005574838811755864,0.011283359497645213,0.001116540304792034,0.0011165403047920341,0.01685819830940108,6.290291045446669e-05
shfa_guided_raw,SHFA,0,S5,5,250,2,2,159,91,0.010321486491831813,0.010317292597512379,0.0013964134892615124,0.0013964134892615124,0.02063877908934419,0.00010648979617750037
shfa_guided_raw,SHFA,0,S5,5,250,3,3,159,91,0.004071733713065149,0.015872177273276174,0.0013111217159496777,0.0013111217159496777,0.019943910986341323,6.462727930334506e-05
shfa_guided_raw,SHFA,0,S5,5,250,4,4,159,91,0.003913512123729283,0.023842229199372057,0.0018280406857223088,0.0018280406857223085,0.027755741323101338,9.330685302847486e-05
shfa_guided_raw,SHFA,0,S5,5,250,5,5,159,91,0.00415084450773308,0.006936058447047458,0.0007217219347840263,0.0007217219347840263,0.011086902954780539,2.879050011024258e-05
shfa_guided_raw,SHFA,0,S5,5,250,6,6,159,91,0.005653949606423795,0.0165967274483758,0.001484504376549642,0.0014845043765496421,0.022250677054799595,9.383706062466736e-05
shfa_guided_raw,SHFA,0,S5,5,250,7,7,159,91,0.00510017404374827,0.010800326047578796,0.0010488647982798212,0.0010488647982798212,0.015900500091327065,5.508354257187971e-05
shfa_guided_raw,SHFA,0,S5,5,250,8,8,159,91,0.00771083026779004,0.01804582779857505,0.0017489394443443978,0.0017489394443443974,0.02575665806636509,0.0001391483151965794
shfa_guided_raw,SHFA,0,S5,5,250,9,9,159,91,0.007157054705114513,0.015630660548242963,0.0015361016959556926,0.0015361016959556922,0.022787715253357474,0.00011186949262085009
shfa_guided_raw,SHFA,0,S5,5,250,10,a,159,91,0.0028059609983782275,0.013698526747977297,0.0010699680159372853,0.0010699680159372855,0.016504487746355524,3.843753179006523e-05
shfa_guided_raw,SHFA,0,S5,5,250,11,b,159,91,0.009134824571812824,0.02263464557420601,0.002192355400691709,0.002192355400691709,0.03176947014601884,0.00020676351656553145
shfa_guided_raw,SHFA,0,S5,5,250,12,c,159,91,0.005891281990427594,0.007902125347180294,0.0009086416073444376,0.0009086416073444377,0.013793407337607888,4.6553648743944666e-05
shfa_guided_raw,SHFA,0,S5,5,250,13,d,159,91,0.0020939638463668363,0.016838244173409008,0.0012185216757714056,0.0012185216757714056,0.018932208019775843,3.52586745354155e-05
shfa_guided_raw,SHFA,0,S5,5,250,14,e,159,91,0.0083437166251335,0.01466459364811013,0.0015603766059002903,0.0015603766059002905,0.02300831027324363,0.0001223572138225636
shfa_guided_raw,SHFA,0,S5,5,250,15,f,159,91,0.0023312962303706332,0.011766392947711628,0.000908536521154201,0.000908536521154201,0.01409768917808226,2.7430947524059722e-05
shfa_guided_raw,SHFA,0,S5,5,500,0,0,294,206,0.006082535054838262,0.009090159298708642,0.001003584609685141,0.0010035846096851408,0.015172694353546904,5.529121258845931e-05
shfa_guided_raw,SHFA,0,S5,5,500,1,1,294,206,0.0038612383729001807,0.005743943821283816,0.0006225026234310237,0.0006225026234310236,0.009605182194183996,2.2178736294523967e-05
shfa_guided_raw,SHFA,0,S5,5,500,2,2,294,206,0.00619822759035587,0.00484847770760675,0.0007204710494211772,0.0007204710494211773,0.01104670529796262,3.0051968298513535e-05
shfa_guided_raw,SHFA,0,S5,5,500,3,3,294,206,0.003514160766347355,0.005508294844000377,0.0005832605092769929,0.0005832605092769928,0.009022455610347733,1.935703363025955e-05
shfa_guided_raw,SHFA,0,S5,5,500,4,4,294,206,0.0029356980887593133,0.008665991139598454,0.0007505463103980849,0.0007505463103980848,0.011601689228357767,2.5440733625724325e-05
shfa_guided_raw,SHFA,0,S5,5,500,5,5,294,206,0.0022415428756536633,0.0018793005938354229,0.00026176524970039134,0.0002617652497003914,0.004120843469489086,4.212532857323491e-06
shfa_guided_raw,SHFA,0,S5,5,500,6,6,294,206,0.004254592993660049,0.0050841266848901875,0.0006053008696818038,0.0006053008696818036,0.009338719678550236,2.1630889772413884e-05
shfa_guided_raw,SHFA,0,S5,5,500,7,7,294,206,0.003236498681105095,0.004377179753039872,0.0004900216386317339,0.0004900216386317339,0.007613678434144967,1.416673649767347e-05
shfa_guided_raw,SHFA,0,S5,5,500,8,8,294,206,0.004254592993660048,0.007534876048637951,0.0007688996459882568,0.0007688996459882569,0.011789469042297999,3.205783084463193e-05
shfa_guided_raw,SHFA,0,S5,5,500,9,9,294,206,0.0027043130177240964,0.006403760957677444,0.0005865723975828367,0.0005865723975828367,0.00910807397540154,1.7317774120240438e-05
shfa_guided_raw,SHFA,0,S5,5,500,10,a,294,206,0.0022878198898607064,0.0037173626166462446,0.0003838285627888724,0.0003838285627888723,0.0060051825065069505,8.504656132187919e-06
shfa_guided_raw,SHFA,0,S5,5,500,11,b,294,206,0.006290781618769958,0.008430342162315016,0.0009731036778324435,0.0009731036778324435,0.014721123781084974,5.303344151463268e-05
shfa_guided_raw,SHFA,0,S5,5,500,12,c,294,206,0.0026117589893100094,0.0036231030257328684,0.00039914154783683405,0.00039914154783683394,0.006234862015042877,9.462671896654113e-06
shfa_guided_raw,SHFA,0,S5,5,500,13,d,294,206,0.0034447452450367894,0.005225516071260251,0.0005598919039079022,0.0005598919039079021,0.00867026131629704,1.8000571639337073e-05
shfa_guided_raw,SHFA,0,S5,5,500,14,e,294,206,0.003606714794761443,0.005366905457630314,0.000580208163090606,0.0005802081630906059,0.008973620252391757,1.9356897316121186e-05
shfa_guided_raw,SHFA,0,S5,5,500,15,f,294,206,0.0020795733259290116,0.0031989348666226795,0.0003365591816544935,0.0003365591816544935,0.005278508192551691,6.652419620012804e-06
shfa_guided_raw,SHFA,0,S5,5,1000,0,0,596,403,0.003910296833475969,0.00662794241698428,0.0006845571753993603,0.0006845571753993603,0.01053823925046025,2.5917222245594692e-05
shfa_guided_raw,SHFA,0,S5,5,1000,1,1,596,403,0.001534277735237152,0.001689792437611216,0.00020409699671722201,0.00020409699671722201,0.0032240701728483683,2.592610914199003e-06
shfa_guided_raw,SHFA,0,S5,5,1000,2,2,596,403,0.002457659564884464,0.0033645764705157962,0.00037215873575706463,0.00037215873575706463,0.005822236035400261,8.268983544548358e-06
shfa_guided_raw,SHFA,0,S5,5,1000,3,3,596,403,0.0036569298680239628,0.0049531583840797,0.0005562438685922734,0.0005562438685922733,0.008610088252103663,1.8113352835794362e-05
shfa_guided_raw,SHFA,0,S5,5,1000,4,4,596,403,0.002063533174181343,0.006098415112462979,0.0005227060498097663,0.0005227060498097663,0.008161948286644322,1.2584281894496205e-05
shfa_guided_raw,SHFA,0,S5,5,1000,5,5,596,403,0.001686297914508356,0.0015297027874071017,0.00020357957848993836,0.00020357957848993834,0.0032160007019154577,2.5795346202222147e-06
shfa_guided_raw,SHFA,0,S5,5,1000,6,6,596,403,0.0017876447006891583,0.0038079016556964206,0.0003565288224896499,0.00035652882248964985,0.005595546356385579,6.807175215551178e-06
shfa_guided_raw,SHFA,0,S5,5,1000,7,7,596,403,0.0021254673212918332,0.0028104199890400163,0.0003144664127415505,0.0003144664127415505,0.0049358873103318495,5.973455845809907e-06
shfa_guided_raw,SHFA,0,S5,5,1000,8,8,596,403,0.0043269447322192706,0.00611072970094022,0.0006787954417619671,0.0006787954417619672,0.01043767443315949,2.6440789689499123e-05
shfa_guided_raw,SHFA,0,S5,5,1000,9,9,596,403,0.0026716138912661596,0.0034754077668109526,0.00039347380129744596,0.00039347380129744596,0.006147021658077113,9.284947667626443e-06
shfa_guided_raw,SHFA,0,S5,5,1000,10,a,596,403,0.0026885050222962927,0.0020469155034511625,0.0003014669254704606,0.00030146692547046054,0.004735420525747455,5.503142611244595e-06
shfa_guided_raw,SHFA,0,S5,5,1000,11,b,596,403,0.0059710148191522905,0.009891308363452766,0.0010504563477317973,0.0010504563477317975,0.015862323182605057,5.906114881898145e-05
shfa_guided_raw,SHFA,0,S5,5,1000,12,c,596,403,0.0026828746452862485,0.0013449839602485084,0.0002553495862111897,0.0002553495862111897,0.0040278586055347565,3.608423365267411e-06
shfa_guided_raw,SHFA,0,S5,5,1000,13,d,596,403,0.0030995225440295475,0.003906418363514338,0.0004499793385056165,0.00044997933850561653,0.007005940907543885,1.2108031784123702e-05
shfa_guided_raw,SHFA,0,S5,5,1000,14,e,596,403,0.002970023872798523,0.0036724411824467854,0.0004260613039361472,0.0004260613039361472,0.0066424650552453085,1.0907237983315389e-05
shfa_guided_raw,SHFA,0,S5,5,1000,15,f,596,403,0.0028067429395072295,0.002083859268882882,0.0003115114953142457,0.0003115114953142457,0.0048906022083901116,5.848857289863727e-06
shfa_guided_raw,SHFA,0,S5,5,1500,0,0,912,587,0.0025801208064019704,0.006696590523233374,0.0005970724706431576,0.0005970724706431576,0.009276711329635343,1.7278012540948683e-05
shfa_guided_raw,SHFA,0,S5,5,1500,1,1,912,587,0.0011301554324407513,0.0014552600495111284,0.0001632331376725615,0.0001632331376725615,0.0025854154819518796,1.6446700505689983e-06
shfa_guided_raw,SHFA,0,S5,5,1500,2,2,912,587,0.001692828562634657,0.002389760831647653,0.000259207292536323,0.0002592072925363231,0.00408258939428231,4.045455393678699e-06
shfa_guided_raw,SHFA,0,S5,5,1500,3,3,912,587,0.002520006155740228,0.004798567195539936,0.00046950325332650395,0.000469503253326504,0.007318573351280164,1.209241887149376e-05
shfa_guided_raw,SHFA,0,S5,5,1500,4,4,912,587,0.001536530470914128,0.004845002017012558,0.000406290273726198,0.0004062902737261981,0.006381532487926686,7.444493230780206e-06
shfa_guided_raw,SHFA,0,S5,5,1500,5,5,912,587,0.0015028662665435518,0.0011998685314117059,0.0001707241668123494,0.0001707241668123494,0.0027027347979552575,1.803241940145805e-06
shfa_guided_raw,SHFA,0,S5,5,1500,6,6,912,587,0.0011325600184672207,0.0025000435326451307,0.00022986917129402338,0.00022986917129402338,0.0036326035511123514,2.8314493495014247e-06
shfa_guided_raw,SHFA,0,S5,5,1500,7,7,912,587,0.0012407663896583567,0.002198217193073085,0.00021766394793104935,0.00021766394793104932,0.0034389835827314417,2.7274740103342185e-06
shfa_guided_raw,SHFA,0,S5,5,1500,8,8,912,587,0.0031596260387811636,0.005791111504517237,0.0005777188431593077,0.0005777188431593078,0.0089507375432984,1.8297746703157823e-05
shfa_guided_raw,SHFA,0,S5,5,1500,9,9,912,587,0.0019068367189904593,0.002749630698060476,0.0002962723103444085,0.0002962723103444086,0.0046564674170509355,5.2430967787250846e-06
shfa_guided_raw,SHFA,0,S5,5,1500,10,a,912,587,0.001397064481378886,0.002563891412169986,0.0002511416649728595,0.00025114166497285957,0.003960955893548872,3.581921626055041e-06
shfa_guided_raw,SHFA,0,S5,5,1500,11,b,912,587,0.00477550784856879,0.010388158830306846,0.0009973379014560368,0.0009973379014560368,0.015163666678875636,4.960873402630952e-05
shfa_guided_raw,SHFA,0,S5,5,1500,12,c,912,587,0.0014331332717759313,0.0018325429739761846,0.00020673104366747175,0.00020673104366747175,0.003265676245752116,2.6262783079644846e-06
shfa_guided_raw,SHFA,0,S5,5,1500,13,d,912,587,0.001709660664819945,0.003765392417774089,0.00034862836096640675,0.00034862836096640675,0.005475053082594034,6.437543304279629e-06
shfa_guided_raw,SHFA,0,S5,5,1500,14,e,912,587,0.0023204255155432445,0.0028483046936897977,0.0003296549169643445,0.00032965491696434454,0.005168730209233042,6.609278887279392e-06
shfa_guided_raw,SHFA,0,S5,5,1500,15,f,912,587,0.0023613034779932296,0.0024478043584884304,0.00030634924872524947,0.00030634924872524947,0.00480910783648166,5.780008945145717e-06
shfa_guided_raw,SHFA,0,S5,5,2000,0,0,1210,789,0.0022756300799125742,0.004917805985661526,0.00046078086132652675,0.0004607808613265268,0.007193436065574101,1.1191107228145474e-05
shfa_guided_raw,SHFA,0,S5,5,2000,1,1,1210,789,0.0008836486578785602,0.0014351925477212816,0.00014619578131858134,0.00014619578131858132,0.0023188412055998417,1.268205968591222e-06
shfa_guided_raw,SHFA,0,S5,5,2000,2,2,1210,789,0.0014792363909569015,0.0016536590733485295,0.00019825211919862265,0.00019825211919862265,0.003132895464305431,2.4461526795332127e-06
shfa_guided_raw,SHFA,0,S5,5,2000,3,3,1210,789,0.0022442114609657815,0.0038286861005492182,0.0003881484788219804,0.00038814847882198044,0.006072897561515,8.592381227292942e-06
shfa_guided_raw,SHFA,0,S5,5,2000,4,4,1210,789,0.0013180452154907452,0.002896990623609485,0.00026725810457453445,0.0002672581045745344,0.00421503583910023,3.818364630770032e-06
shfa_guided_raw,SHFA,0,S5,5,2000,5,5,1210,789,0.0010639642100949388,0.0010239614406582266,0.00013158481149745045,0.00013158481149745045,0.0020879256507531654,1.0894583253776056e-06
shfa_guided_raw,SHFA,0,S5,5,2000,6,6,1210,789,0.0006090772488218016,0.001994209833885122,0.00016392007050837883,0.00016392007050837886,0.0026032870827069235,1.2146278391961318e-06
shfa_guided_raw,SHFA,0,S5,5,2000,7,7,1210,789,0.001043473806433987,0.0013998523744580501,0.00015416859559137374,0.0001541685955913737,0.002443326180892037,1.4607092856213965e-06
shfa_guided_raw,SHFA,0,S5,5,2000,8,8,1210,789,0.003125298818386722,0.004898529527517948,0.0005167986401632261,0.0005167986401632262,0.00802382834590467,1.530936854418431e-05
shfa_guided_raw,SHFA,0,S5,5,2000,9,9,1210,789,0.0020666279625708626,0.002810246561963371,0.00031061239191006174,0.00031061239191006174,0.0048768745245342335,5.807734126672132e-06
shfa_guided_raw,SHFA,0,S5,5,2000,10,a,1210,789,0.0015393415750290284,0.0028809269084898335,0.00028070151078478714,0.00028070151078478714,0.004420268483518862,4.43473056485825e-06
shfa_guided_raw,SHFA,0,S5,5,2000,11,b,1210,789,0.0048314664298886685,0.010948124641578356,0.001039119938642712,0.0010391199386427118,0.015779591071467026,5.289549667602274e-05
shfa_guided_raw,SHFA,0,S5,5,2000,12,c,1210,789,0.0013002868656512528,0.001737190391970713,0.00019210117445118795,0.00019210117445118792,0.0030374772576219657,2.25884584981507e-06
shfa_guided_raw,SHFA,0,S5,5,2000,13,d,1210,789,0.001480602417867632,0.0029098415957052046,0.00027871106935051525,0.00027871106935051525,0.004390444013572837,4.308318502212934e-06
shfa_guided_raw,SHFA,0,S5,5,2000,14,e,1210,789,0.0023630558021993037,0.002463270315378919,0.0003074662275597803,0.00030746622755978037,0.004826326117578223,5.820845211141464e-06
shfa_guided_raw,SHFA,0,S5,5,2000,15,f,1210,789,0.0018466976299433102,0.0021966126443927194,0.0002567633715103054,0.00025676337151030534,0.004043310274336029,4.056479364303542e-06
shfa_guided_raw,SHFA,0,S5,5,3000,0,0,1819,1179,0.0018343535540947201,0.005180737474650028,0.0004479464934960027,0.00044794649349600275,0.007015091028744748,9.503304199455983e-06
shfa_guided_raw,SHFA,0,S5,5,3000,1,1,1819,1179,0.0006586868921629576,0.001103159906794116,0.0001108420619053821,0.00011084206190538209,0.0017618467989570735,7.266369705649942e-07
shfa_guided_raw,SHFA,0,S5,5,3000,2,2,1819,1179,0.0009506390760771176,0.0015491899159808956,0.0001577120324740219,0.00015771203247402188,0.002499828992058013,1.472720470396066e-06
shfa_guided_raw,SHFA,0,S5,5,3000,3,3,1819,1179,0.0018833144793474052,0.0037807787683960398,0.00036112622338169484,0.00036112622338169484,0.005664093247743445,7.120395397729511e-06
shfa_guided_raw,SHFA,0,S5,5,3000,4,4,1819,1179,0.0009034915184263839,0.002313196157523411,0.00020313293285564111,0.0002031329328556411,0.003216687675949795,2.0899531087789036e-06
shfa_guided_raw,SHFA,0,S5,5,3000,5,5,1819,1179,0.0009198118268439451,0.0011405688753065558,0.00012982290262524338,0.00012982290262524335,0.0020603807021505006,1.0491087408370667e-06
shfa_guided_raw,SHFA,0,S5,5,3000,6,6,1819,1179,0.0005879655556868569,0.0014830048178435026,0.0001303076040974571,0.00013030760409745711,0.0020709703735303595,8.719557518096409e-07
shfa_guided_raw,SHFA,0,S5,5,3000,7,7,1819,1179,0.00046102982355026575,0.0010412912281004658,9.437513203932633e-05,9.437513203932631e-05,0.0015023210516507315,4.800663111555972e-07
shfa_guided_raw,SHFA,0,S5,5,3000,8,8,1819,1179,0.0027301571494586646,0.004878588113588016,0.000488865891157994,0.000488865891157994,0.007608745263046681,1.3319312217576382e-05
shfa_guided_raw,SHFA,0,S5,5,3000,9,9,1819,1179,0.0014378305051347012,0.002467148451016913,0.00024760852606304384,0.00024760852606304384,0.003904978956151614,3.547341303567943e-06
shfa_guided_raw,SHFA,0,S5,5,3000,10,a,1819,1179,0.0014196968291151886,0.002357799158442089,0.0002394408592112606,0.00023944085921126057,0.0037774959875572778,3.347359988930694e-06
shfa_guided_raw,SHFA,0,S5,5,3000,11,b,1819,1179,0.004675900586352415,0.011964710033732819,0.0010959839584175947,0.0010959839584175949,0.016640610620085233,5.594579466226791e-05
shfa_guided_raw,SHFA,0,S5,5,3000,12,c,1819,1179,0.0010080623834722428,0.0014326465909998342,0.00015398850804170149,0.00015398850804170149,0.002440708974472077,1.4441971371966764e-06
shfa_guided_raw,SHFA,0,S5,5,3000,13,d,1819,1179,0.0009959732661259004,0.0023923305139920328,0.00021415168349304413,0.00021415168349304413,0.0033883037801179334,2.382697235673299e-06
shfa_guided_raw,SHFA,0,S5,5,3000,14,e,1819,1179,0.0015599305903327557,0.0020283124742363715,0.00022742921821088528,0.0002274292182108853,0.0035882430645691275,3.1640266753148354e-06
shfa_guided_raw,SHFA,0,S5,5,3000,15,f,1819,1179,0.0012057194520849342,0.0024613932250919213,0.00023216229201427689,0.00023216229201427686,0.0036671126771768555,2.9677496907234005e-06
shfa_guided_raw,SHFA,0,S5,5,4000,0,0,2441,1555,0.0017407016150592742,0.004511300544866161,0.00039860296313980604,0.00039860296313980604,0.006252002159925435,7.852828144466311e-06
shfa_guided_raw,SHFA,0,S5,5,4000,1,1,2441,1555,0.0006696232647213273,0.0010944624228450906,0.00011098823297360147,0.00011098823297360144,0.0017640856875664177,7.328775007003433e-07
shfa_guided_raw,SHFA,0,S5,5,4000,2,2,2441,1555,0.0008673246587511145,0.001656904912066666,0.00015920142266355258,0.00015920142266355255,0.0025242295708177804,1.4370744874412663e-06
shfa_guided_raw,SHFA,0,S5,5,4000,3,3,2441,1555,0.0015943555916348479,0.0034840158807291077,0.0003229529772235323,0.0003229529772235323,0.005078371472363955,5.5547602007850625e-06
shfa_guided_raw,SHFA,0,S5,5,4000,4,4,2441,1555,0.000679357289215154,0.0013765107887635571,0.00012942689751169927,0.00012942689751169927,0.002055868077978711,9.351426380298236e-07
shfa_guided_raw,SHFA,0,S5,5,4000,5,5,2441,1555,0.0010002444414944011,0.0009116686138480787,0.00012040645742239144,0.00012040645742239144,0.0019119130553424798,9.118914634864463e-07
shfa_guided_raw,SHFA,0,S5,5,4000,6,6,2441,1555,0.0005746326119022614,0.0015121586832228787,0.0001312933916390723,0.00013129339163907232,0.00208679129512514,8.689356937510471e-07
shfa_guided_raw,SHFA,0,S5,5,4000,7,7,2441,1555,0.0004272796204267497,0.0007164679852358844,7.179035752269415e-05,7.179035752269415e-05,0.0011437476056626343,3.061321687795068e-07
shfa_guided_raw,SHFA,0,S5,5,4000,8,8,2441,1555,0.002738606953685008,0.005029078483473083,0.0004992530091278478,0.0004992530091278477,0.007767685437158091,1.377266930546704e-05
shfa_guided_raw,SHFA,0,S5,5,4000,9,9,2441,1555,0.001635976937746382,0.002885180053969666,0.0002872924000117932,0.00028729240001179325,0.004521156991716048,4.7200880295402355e-06
shfa_guided_raw,SHFA,0,S5,5,4000,10,a,2441,1555,0.0019065156874713534,0.0022375440700571746,0.0002632696477165055,0.0002632696477165055,0.004144059757528528,4.265912870972504e-06
shfa_guided_raw,SHFA,0,S5,5,4000,11,b,2441,1555,0.005051948223045437,0.01141445497875332,0.0010868154356593674,0.0010868154356593672,0.016466403201798756,5.766523554694498e-05
shfa_guided_raw,SHFA,0,S5,5,4000,12,c,2441,1555,0.000840136521371806,0.001311995326764612,0.0001356104956984102,0.0001356104956984102,0.0021521318481364177,1.102255189884087e-06
shfa_guided_raw,SHFA,0,S5,5,4000,13,d,2441,1555,0.001049921532014619,0.0019248922157545933,0.00018794684501970382,0.00018794684501970387,0.0029748137477692126,2.020985784128077e-06
shfa_guided_raw,SHFA,0,S5,5,4000,14,e,2441,1555,0.0015178260197523494,0.0013425988151487271,0.0001808143835970387,0.0001808143835970387,0.0028604248349010765,2.037831415721413e-06
shfa_guided_raw,SHFA,0,S5,5,4000,15,f,2441,1555,0.0012221130687502402,0.002531999255590823,0.00023772640965163987,0.00023772640965163987,0.003754112324341063,3.0943893803234243e-06
shfa_guided_raw,SHFA,0,S5,5,6000,0,0,3677,2319,0.00226802450591254,0.004743040365683786,0.0004489488862566736,0.00044894888625667353,0.0070110648715963255,1.0757331781903203e-05
shfa_guided_raw,SHFA,0,S5,5,6000,1,1,3677,2319,0.0005168836867801073,0.000940342551481927,9.156268761622333e-05,9.156268761622333e-05,0.0014572262382620343,4.860477248461913e-07
shfa_guided_raw,SHFA,0,S5,5,6000,2,2,3677,2319,0.0006991277727043478,0.0018697256162927278,0.00016186051391800426,0.00016186051391800423,0.0025688533889970757,1.3071771056869988e-06
shfa_guided_raw,SHFA,0,S5,5,6000,3,3,3677,2319,0.0017659657172543657,0.0030010514598919516,0.0003032383275655302,0.00030323832756553015,0.004767017177146317,5.299753993885352e-06
shfa_guided_raw,SHFA,0,S5,5,6000,4,4,3677,2319,0.0009045961455523752,0.001594146244133943,0.00015761345790328525,0.00015761345790328522,0.002498742389686318,1.4420585478903604e-06
shfa_guided_raw,SHFA,0,S5,5,6000,5,5,3677,2319,0.0004812336667251216,0.0006167878230363898,6.892316217576566e-05,6.892316217576567e-05,0.0010980214897615115,2.968190656712073e-07
shfa_guided_raw,SHFA,0,S5,5,6000,6,6,3677,2319,0.0005196942692740686,0.0016067909116823898,0.00013374036383850162,0.00013374036383850162,0.002126485180956458,8.35040028722994e-07
shfa_guided_raw,SHFA,0,S5,5,6000,7,7,3677,2319,0.0002553515894472687,0.0003434398627979191,3.7512163680169234e-05,3.751216368016924e-05,0.0005987914522451878,8.769791484500053e-08
shfa_guided_raw,SHFA,0,S5,5,6000,8,8,3677,2319,0.002639613096693135,0.005026057777576951,0.0004923712775763089,0.0004923712775763089,0.007665670874270086,1.3266847934428512e-05
shfa_guided_raw,SHFA,0,S5,5,6000,9,9,3677,2319,0.0013393488797498936,0.0029192330228137693,0.00027007124038906346,0.00027007124038906346,0.004258581902563663,3.909871478834518e-06
shfa_guided_raw,SHFA,0,S5,5,6000,10,a,3677,2319,0.0015202616371243628,0.0023695618864430753,0.00024671632425571637,0.0002467163242557163,0.0038898235235674383,3.602354032751443e-06
shfa_guided_raw,SHFA,0,S5,5,6000,11,b,3677,2319,0.005339399470234785,0.012455915668249296,0.0011787143056755946,0.0011787143056755944,0.01779531513848408,6.650710952033944e-05
shfa_guided_raw,SHFA,0,S5,5,6000,12,c,3677,2319,0.0005270905389950201,0.0010772024825945218,0.00010083609708650388,0.00010083609708650388,0.001604293021589542,5.677832371575202e-07
shfa_guided_raw,SHFA,0,S5,5,6000,13,d,3677,2319,0.0012048846962229988,0.0019128662467521327,0.0001971642172025789,0.0001971642172025789,0.0031177509429751314,2.304783266633171e-06
shfa_guided_raw,SHFA,0,S5,5,6000,14,e,3677,2319,0.0008992708313532903,0.001315963558068125,0.00013963555698173302,0.00013963555698173302,0.002215234389421415,1.1834076428945567e-06
shfa_guided_raw,SHFA,0,S5,5,6000,15,f,3677,2319,0.0008437988084461555,0.0026536950042963968,0.00022083254797901434,0.0002208325479790143,0.003497493812742552,2.239184682604815e-06
shfa_guided_raw,SHFA,0,S5,5,8000,0,0,4889,3107,0.002198026605868108,0.004695361989274507,0.00044115731777302064,0.00044115731777302064,0.006893388595142615,1.0320530576607173e-05
shfa_guided_raw,SHFA,0,S5,5,8000,1,1,4889,3107,0.0005337530819705753,0.0009698541422863477,9.449311415356496e-05,9.449311415356496e-05,0.001503607224256923,5.176626375072669e-07
shfa_guided_raw,SHFA,0,S5,5,8000,2,2,4889,3107,0.000749966394476921,0.0015980234111145145,0.00014794782670538798,0.00014794782670538798,0.0023479898055914356,1.1984638559232628e-06
shfa_guided_raw,SHFA,0,S5,5,8000,3,3,4889,3107,0.0017387406645572204,0.003223142060417992,0.0003157218784790443,0.0003157218784790443,0.004961882724975213,5.604208168093508e-06
shfa_guided_raw,SHFA,0,S5,5,8000,4,4,4889,3107,0.0008543913998979432,0.001232558176875436,0.00013148743565453248,0.00013148743565453248,0.0020869495767733793,1.0530871061962607e-06
shfa_guided_raw,SHFA,0,S5,5,8000,5,5,4889,3107,0.00024390675282120076,0.00031640893322169096,3.509690465314645e-05,3.509690465314645e-05,0.0005603156860428917,7.71742754657228e-08
shfa_guided_raw,SHFA,0,S5,5,8000,6,6,4889,3107,0.0004260647951301466,0.0013736476465561686,0.00011306729050850566,0.00011306729050850567,0.0017997124416863153,5.85262903110962e-07
shfa_guided_raw,SHFA,0,S5,5,8000,7,7,4889,3107,0.00019412079270460805,0.00016060969504267322,2.22018331655228e-05,2.220183316552281e-05,0.0003547304877472813,3.1177681317729083e-08
shfa_guided_raw,SHFA,0,S5,5,8000,8,8,4889,3107,0.0026896943397254182,0.005453225836693187,0.0005236000216923608,0.0005236000216923608,0.008142920176418605,1.4667510666198073e-05
shfa_guided_raw,SHFA,0,S5,5,8000,9,9,4889,3107,0.0012321789796062065,0.0026107184592781296,0.00024339796233746342,0.00024339796233746342,0.003842897438884336,3.2168724071924133e-06
shfa_guided_raw,SHFA,0,S5,5,8000,10,a,4889,3107,0.0015923950439792021,0.0021393843278190005,0.0002366429557381734,0.0002366429557381734,0.0037317793717982026,3.406745000785753e-06
shfa_guided_raw,SHFA,0,S5,5,8000,11,b,4889,3107,0.0055488309064211806,0.011563580798945539,0.0011336900861115074,0.0011336900861115074,0.017112411705366717,6.416435452608753e-05
shfa_guided_raw,SHFA,0,S5,5,8000,12,c,4889,3107,0.0005560940086111305,0.0009420920439938102,9.416052002903396e-05,9.416052002903396e-05,0.0014981860526049407,5.238917412251714e-07
shfa_guided_raw,SHFA,0,S5,5,8000,13,d,4889,3107,0.0010390596586833554,0.001699127172060473,0.00017290217142095003,0.00017290217142095006,0.0027381868307438284,1.76549449946077e-06
shfa_guided_raw,SHFA,0,S5,5,8000,14,e,4889,3107,0.0006281372214857297,0.0007690968792604592,8.781022967342881e-05,8.781022967342882e-05,0.001397234100746189,4.830983767920106e-07
shfa_guided_raw,SHFA,0,S5,5,8000,15,f,4889,3107,0.0007916359879862717,0.0017861427040221584,0.00016252514309470994,0.00016252514309470992,0.00257777869200843,1.4139748441830522e-06
shfa_guided_raw,SHFA,1,S0,0,250,0,0,136,114,0.009839965397923875,0.007829332102185288,0.0011813714507311803,0.0011813714507311805,0.017669297500109163,7.704035697435782e-05
shfa_guided_raw,SHFA,1,S0,0,250,1,1,136,114,0.0030276816608996553,0.008752693136349646,0.0007627737933204893,0.0007627737933204894,0.011780374797249301,2.650036849240811e-05
shfa_guided_raw,SHFA,1,S0,0,250,2,2,136,114,0.006487889273356402,0.0053670360110803315,0.0007757535656433014,0.0007757535656433014,0.011854925284436733,3.482073536600561e-05
shfa_guided_raw,SHFA,1,S0,0,250,3,3,136,114,0.006487889273356402,0.00629039704524469,0.000839454294427564,0.000839454294427564,0.012778286318601092,4.0811399514995826e-05
shfa_guided_raw,SHFA,1,S0,0,250,4,4,136,114,0.0067041522491349485,0.009829947676208064,0.0010992827111562674,0.0010992827111562676,0.016534099925343014,6.590146582232915e-05
shfa_guided_raw,SHFA,1,S0,0,250,5,5,136,114,0.012110726643598614,0.007367651585103108,0.0013066262536463175,0.0013066262536463175,0.019478378228701722,8.922761435245976e-05
shfa_guided_raw,SHFA,1,S0,0,250,6,6,136,114,0.013408304498269897,0.009060480147737764,0.001525784717096876,0.0015257847170968763,0.022468784646007663,0.00012148567672139736
shfa_guided_raw,SHFA,1,S0,0,250,7,7,136,114,0.007352941176470588,0.00613650353955063,0.0008882116443068454,0.0008882116443068455,0.013489444716021218,4.5121349555519333e-05
shfa_guided_raw,SHFA,1,S0,0,250,8,8,136,114,0.005406574394463667,0.005828716528162511,0.0007337190721978866,0.0007337190721978867,0.011235290922626179,3.15133895337506e-05
shfa_guided_raw,SHFA,1,S0,0,250,9,9,136,114,0.00865051903114187,0.004135887965527854,0.000834928014848327,0.000834928014848327,0.012786406996669723,3.577757755646933e-05
shfa_guided_raw,SHFA,1,S0,0,250,10,a,136,114,0.004433391003460207,0.007059864573714989,0.0007496276136602051,0.0007496276136602052,0.011493255577175196,3.129914008675546e-05
shfa_guided_raw,SHFA,1,S0,0,250,11,b,136,114,0.006920415224913495,0.007983225607879348,0.00098672478809024,0.0009867247880902402,0.014903640832792843,5.5247236040687526e-05
shfa_guided_raw,SHFA,1,S0,0,250,12,c,136,114,0.005947231833910035,0.007367651585103107,0.0008759973457364042,0.0008759973457364042,0.013314883419013141,4.381713204808292e-05
shfa_guided_raw,SHFA,1,S0,0,250,13,d,136,114,0.020112456747404847,0.009060480147737766,0.002005537071028509,0.0020055370710285094,0.029172936895142613,0.00018222851508209608
shfa_guided_raw,SHFA,1,S0,0,250,14,e,136,114,0.010380622837370242,0.009060480147737766,0.0013091223637083965,0.0013091223637083968,0.019441102985108007,9.405342713914635e-05
shfa_guided_raw,SHFA,1,S0,0,250,15,f,136,114,0.010488754325259517,0.008598799630655584,0.0012831628190627725,0.0012831628190627725,0.0190875539559151,9.019069681807869e-05
shfa_guided_raw,SHFA,1,S0,0,500,0,0,282,218,0.009578869272169409,0.0032772914737816683,0.0008349027932160924,0.0008349027932160923,0.012856160745951077,3.1392746594150015e-05
shfa_guided_raw,SHFA,1,S0,0,500,1,1,282,218,0.0020339771641265537,0.007696111438431109,0.000623784252578196,0.0006237842525781959,0.009730088602557663,1.565371491834204e-05
shfa_guided_raw,SHFA,1,S0,0,500,2,2,282,218,0.005605226095266838,0.004497727464018181,0.0006566453768060267,0.0006566453768060267,0.010102953559285019,2.5210779350713045e-05
shfa_guided_raw,SHFA,1,S0,0,500,3,3,282,218,0.004347744077259696,0.004455643464354853,0.000569583718833439,0.0005695837188334389,0.008803387541614548,1.9371997482529685e-05
shfa_guided_raw,SHFA,1,S0,0,500,4,4,282,218,0.0022351742870076966,0.005044819459641445,0.000466275659904358,0.000466275659904358,0.007279993746649142,1.1276050738786621e-05
shfa_guided_raw,SHFA,1,S0,0,500,5,5,282,218,0.006158518183189982,0.005465659456274725,0.0007601714656111364,0.0007601714656111363,0.011624177639464706,3.366036314459216e-05
shfa_guided_raw,SHFA,1,S0,0,500,6,6,282,218,0.009729767114330264,0.004666063462671493,0.0009451391218950891,0.0009451391218950889,0.014395830577001757,4.539971083247909e-05
shfa_guided_raw,SHFA,1,S0,0,500,7,7,282,218,0.005278280770584981,0.0020568554835451564,0.0004693026766298023,0.00046930267662980226,0.007335136254130138,1.0856660746668672e-05
shfa_guided_raw,SHFA,1,S0,0,500,8,8,282,218,0.00412139731401841,0.0066019274471845815,0.0006974169636233579,0.0006974169636233579,0.010723324761202992,2.7209166048170954e-05
shfa_guided_raw,SHFA,1,S0,0,500,9,9,282,218,0.004976485086263267,0.004329391465364868,0.0006031624365367423,0.0006031624365367422,0.009305876551628135,2.1545152059983736e-05
shfa_guided_raw,SHFA,1,S0,0,500,10,a,282,218,0.0043980433579799815,0.005802331453581349,0.0006630423310328049,0.0006630423310328049,0.01020037481156133,2.5518905310221783e-05
shfa_guided_raw,SHFA,1,S0,0,500,11,b,282,218,0.0050267843669835515,0.004118971467048229,0.0005923149210055956,0.0005923149210055956,0.00914575583403178,2.0705181378609342e-05
shfa_guided_raw,SHFA,1,S0,0,500,12,c,282,218,0.0038950505507771237,0.006517759447857926,0.0006761876274419023,0.0006761876274419024,0.01041280999863505,2.5387002527211817e-05
shfa_guided_raw,SHFA,1,S0,0,500,13,d,282,218,0.010886650570896838,0.008537791431697668,0.0013069755771262462,0.0013069755771262462,0.019424442002594508,9.294795196408955e-05
shfa_guided_raw,SHFA,1,S0,0,500,14,e,282,218,0.0061585181831899805,0.007022767443817861,0.0008670801926870572,0.0008670801926870571,0.013181285627007842,4.3249840999066915e-05
shfa_guided_raw,SHFA,1,S0,0,500,15,f,282,218,0.0024363714098888387,0.007106935443144518,0.0006137718126401877,0.0006137718126401878,0.009543306853033357,1.7315134325602968e-05
shfa_guided_raw,SHFA,1,S0,0,1000,0,0,560,440,0.003322704081632653,0.001962809917355372,0.00033686646146061723,0.0003368664614606173,0.005285513998988025,6.521836523865745e-06
shfa_guided_raw,SHFA,1,S0,0,1000,1,1,560,440,0.0008482142857142859,0.002923553719008265,0.00023821530032467537,0.00023821530032467537,0.003771768004722551,2.4798000295159396e-06
shfa_guided_raw,SHFA,1,S0,0,1000,2,2,560,440,0.003118622448979592,0.0022417355371900827,0.000342013500906561,0.00034201350090656103,0.005360357986169675,6.9911267709563165e-06
shfa_guided_raw,SHFA,1,S0,0,1000,3,3,560,440,0.0032525510204081632,0.0019318181818181817,0.0003303064123376623,0.0003303064123376623,0.0051843692022263445,6.2833371985157695e-06
shfa_guided_raw,SHFA,1,S0,0,1000,4,4,560,440,0.00173469387755102,0.0016735537190082643,0.00021591857817507162,0.00021591857817507165,0.0034082475965592843,2.903103390116376e-06
shfa_guided_raw,SHFA,1,S0,0,1000,5,5,560,440,0.003163265306122449,0.0031818181818181815,0.00040663265306122443,0.00040663265306122443,0.00634508348794063,1.0064935064935065e-05
shfa_guided_raw,SHFA,1,S0,0,1000,6,6,560,440,0.0033290816326530617,0.00253099173553719,0.0003746804636110643,0.00037468046361106426,0.005860073368190251,8.425878099173555e-06
shfa_guided_raw,SHFA,1,S0,0,1000,7,7,560,440,0.0026466836734693874,0.0014049586776859503,0.0002569461281413391,0.00025694612814133915,0.004051642351155338,3.718481194130544e-06
shfa_guided_raw,SHFA,1,S0,0,1000,8,8,560,440,0.004043367346938775,0.0019834710743801653,0.0003846973035081801,0.00038469730350818016,0.006026838421318941,8.019902175746331e-06
shfa_guided_raw,SHFA,1,S0,0,1000,9,9,560,440,0.002582908163265306,0.0024173553719008265,0.00031876027787147915,0.00031876027787147915,0.005000263535166132,6.243806923595884e-06
shfa_guided_raw,SHFA,1,S0,0,1000,10,a,560,440,0.002665816326530612,0.00118801652892562,0.0002440315873250126,0.00024403158732501265,0.003853832855456232,3.167033858998145e-06
shfa_guided_raw,SHFA,1,S0,0,1000,11,b,560,440,0.0038392857142857152,0.0008264462809917352,0.00029478121310507675,0.00029478121310507675,0.00466573199527745,3.172963400236127e-06
shfa_guided_raw,SHFA,1,S0,0,1000,12,c,560,440,0.003903061224489796,0.0019008264462809915,0.0003701620214201383,0.0003701620214201383,0.005803887670770788,7.419041996964074e-06
shfa_guided_raw,SHFA,1,S0,0,1000,13,d,560,440,0.008915816326530612,0.005981404958677685,0.0009844054383116884,0.0009844054383116882,0.014897221285208297,5.3329107986169666e-05
shfa_guided_raw,SHFA,1,S0,0,1000,14,e,560,440,0.004113520408163266,0.0035640495867768594,0.0004945089153946703,0.0004945089153946703,0.0076775699949401255,1.4660790710912467e-05
shfa_guided_raw,SHFA,1,S0,0,1000,15,f,560,440,0.002869897959183673,0.001911157024793388,0.00030430076214370044,0.0003043007621437004,0.004781054983977061,5.484825645134085e-06
shfa_guided_raw,SHFA,1,S0,0,1500,0,0,843,657,0.0016315192169411342,0.001480224673287787,0.000196899008139167,0.000196899008139167,0.003111743890228921,2.4150149998594365e-06
shfa_guided_raw,SHFA,1,S0,0,1500,1,1,843,657,0.0008632074343311536,0.0026663736044795655,0.00022290044844376104,0.00022290044844376104,0.003529581038810719,2.3016335180911157e-06
shfa_guided_raw,SHFA,1,S0,0,1500,2,2,843,657,0.0016990631099178355,0.0017026275978862452,0.00021549854097925155,0.00021549854097925158,0.0034016907078040807,2.8928717414965377e-06
shfa_guided_raw,SHFA,1,S0,0,1500,3,3,843,657,0.00227037187134577,0.0014987582503376584,0.0002389733711787283,0.0002389733711787283,0.0037691301216834284,3.4027385735140216e-06
shfa_guided_raw,SHFA,1,S0,0,1500,4,4,843,657,0.0013866726049005904,0.0010122518527785306,0.00015133644051845295,0.00015133644051845292,0.002398924457679121,1.4036619135078539e-06
shfa_guided_raw,SHFA,1,S0,0,1500,5,5,843,657,0.002655934927087776,0.0023837365544690245,0.0003213105167692901,0.00032131051676929017,0.0050396714815568,6.331049171990155e-06
shfa_guided_raw,SHFA,1,S0,0,1500,6,6,843,657,0.003230058017389738,0.0019435640995345753,0.0003296292071097821,0.0003296292071097821,0.005173622116924313,6.277824802012522e-06
shfa_guided_raw,SHFA,1,S0,0,1500,7,7,843,657,0.0011671549527263105,0.0015358254044374017,0.00017072881855004397,0.00017072881855004403,0.0027029803571637125,1.7925462273120023e-06
shfa_guided_raw,SHFA,1,S0,0,1500,8,8,843,657,0.0021324697565183372,0.001920397128222236,0.0002573993690927244,0.0002573993690927244,0.004052866884740573,4.095188796438586e-06
shfa_guided_raw,SHFA,1,S0,0,1500,9,9,843,657,0.0017891216338867713,0.001549725587224805,0.0002114505988941653,0.0002114505988941653,0.0033388472211115764,2.7726475746917794e-06
shfa_guided_raw,SHFA,1,S0,0,1500,10,a,843,657,0.001924209419840174,0.0009844514872037232,0.00018368559751529668,0.00018368559751529663,0.002908660907043897,1.8942908250530728e-06
shfa_guided_raw,SHFA,1,S0,0,1500,11,b,843,657,0.0026362346249695703,0.00048404490685719176,0.00019629352668266973,0.00019629352668266973,0.003120279531826762,1.2760559434970996e-06
shfa_guided_raw,SHFA,1,S0,0,1500,12,c,843,657,0.002990840063097254,0.00239300334299396,0.0003436473031500528,0.00034364730315005284,0.005383843406091214,7.1570902693519945e-06
shfa_guided_raw,SHFA,1,S0,0,1500,13,d,843,657,0.007958130525758849,0.005641012720983947,0.000894838368452481,0.0008948383684524811,0.013599143246742796,4.489191553105633e-05
shfa_guided_raw,SHFA,1,S0,0,1500,14,e,843,657,0.003511490904792662,0.0033521159553248124,0.0004407463534462756,0.0004407463534462756,0.006863606860117475,1.1770924688933445e-05
shfa_guided_raw,SHFA,1,S0,0,1500,15,f,843,657,0.0020367825748013437,0.0022169343610201806,0.00027037272176484955,0.0002703727217648495,0.004253716935821524,4.515413276004255e-06
shfa_guided_raw,SHFA,1,S0,0,2000,0,0,1139,861,0.0012521476951348203,0.0012146391374316932,0.00015569508463176272,0.00015569508463176274,0.0024667868325665135,1.520907596355641e-06
shfa_guided_raw,SHFA,1,S0,0,2000,1,1,1139,861,0.0006678667037687666,0.0023720324933463374,0.0001915779013422576,0.00019157790134225763,0.003039899197115104,1.5842015225636272e-06
shfa_guided_raw,SHFA,1,S0,0,2000,2,2,1139,861,0.0013816453291051324,0.0013900017671157302,0.00017514843296278723,0.00017514843296278723,0.0027716470962208624,1.9204894489833285e-06
shfa_guided_raw,SHFA,1,S0,0,2000,3,3,1139,861,0.00165297370504293,0.0012308264570948342,0.0001822720339026592,0.00018227203390265914,0.002883800162137764,2.034523769048911e-06
shfa_guided_raw,SHFA,1,S0,0,2000,4,4,1139,861,0.0013569791131107878,0.0009853187755371829,0.00014773067503865802,0.000147730675038658,0.0023422978886479704,1.3370569981598537e-06
shfa_guided_raw,SHFA,1,S0,0,2000,5,5,1139,861,0.002385251992375056,0.00239631347284105,0.0003045636530614559,0.0003045636530614559,0.004781565465216106,5.715811485449304e-06
shfa_guided_raw,SHFA,1,S0,0,2000,6,6,1139,861,0.0031375715802025865,0.0024799479577672827,0.00035887598535578897,0.0003588759853557889,0.00561751953796987,7.78101423267207e-06
shfa_guided_raw,SHFA,1,S0,0,2000,7,7,1139,861,0.0011056920376683952,0.001152587745389649,0.00014241689353391925,0.00014241689353391925,0.002258279783058044,1.2744070927915024e-06
shfa_guided_raw,SHFA,1,S0,0,2000,8,8,1139,861,0.0019350935504782551,0.0016489988817259995,0.00022719674411353973,0.00022719674411353976,0.0035840924322042547,3.1909671007738367e-06
shfa_guided_raw,SHFA,1,S0,0,2000,9,9,1139,861,0.0019705512359701255,0.0013063672821894965,0.00020738167104752584,0.00020738167104752584,0.003276918518159622,2.574263662549446e-06
shfa_guided_raw,SHFA,1,S0,0,2000,10,a,1139,861,0.0010563596056797043,0.001017693414863467,0.0001307033639983762,0.00013070336399837623,0.0020740530205431715,1.0750502144280038e-06
shfa_guided_raw,SHFA,1,S0,0,2000,11,b,1139,861,0.001819470663004761,0.0005779378973481122,0.00015088957607131814,0.00015088957607131811,0.0023974085603528732,1.0515410492635473e-06
shfa_guided_raw,SHFA,1,S0,0,2000,12,c,1139,861,0.002493166687350316,0.0025096247104830433,0.0003189313750905125,0.00031893137509051247,0.0050027913978333595,6.256912725927506e-06
shfa_guided_raw,SHFA,1,S0,0,2000,13,d,1139,861,0.007370910900232093,0.006783077101552499,0.000934621707056485,0.000934621707056485,0.014153988001784593,4.999745694494803e-05
shfa_guided_raw,SHFA,1,S0,0,2000,14,e,1139,861,0.0035507306981078703,0.003324386466861184,0.0004414988238908243,0.00044149882389082424,0.006875117164969054,1.180400108025837e-05
shfa_guided_raw,SHFA,1,S0,0,2000,15,f,1139,861,0.0017408470995227854,0.0021777846573886343,0.00024870567491116395,0.00024870567491116395,0.0039186317569114195,3.791190104200227e-06
shfa_guided_raw,SHFA,1,S0,0,3000,0,0,1695,1305,0.0008315059910721278,0.0006529190704775328,9.331947246564109e-05,9.331947246564109e-05,0.0014844250615496605,5.429061187873134e-07
shfa_guided_raw,SHFA,1,S0,0,3000,1,1,1695,1305,0.0006498159605294071,0.0011719954199145635,0.000114624792607276,0.00011462479260727601,0.0018218113804439706,7.615813295278479e-07
shfa_guided_raw,SHFA,1,S0,0,3000,2,2,1695,1305,0.0007939149502701855,0.0014655906401843779,0.00014238265372362865,0.00014238265372362865,0.0022595055904545635,1.1635543202184297e-06
shfa_guided_raw,SHFA,1,S0,0,3000,3,3,1695,1305,0.000878842857267166,0.0007304282086287637,0.00010122137323239545,0.00010122137323239544,0.0016092710658959296,6.419316138998403e-07
shfa_guided_raw,SHFA,1,S0,0,3000,4,4,1695,1305,0.0010835051905221848,0.0007961935379692015,0.00011834385036176149,0.00011834385036176149,0.0018796987284913863,8.62679831049852e-07
shfa_guided_raw,SHFA,1,S0,0,3000,5,5,1695,1305,0.002362992838558662,0.0019928876557889644,0.0002769517101554079,0.00027695171015540795,0.0043558804943476265,4.709179258681283e-06
shfa_guided_raw,SHFA,1,S0,0,3000,6,6,1695,1305,0.0028495879778282474,0.0026681566624095357,0.00035246218716302596,0.00035246218716302596,0.005517744640237783,7.603147148164554e-06
shfa_guided_raw,SHFA,1,S0,0,3000,7,7,1695,1305,0.0007834729944918683,0.001002884573039151,0.0001124330809502574,0.00011243308095025739,0.0017863575675310193,7.857329795686824e-07
shfa_guided_raw,SHFA,1,S0,0,3000,8,8,1695,1305,0.0010486986712611272,0.002194881167334596,0.00020502550887599257,0.00020502550887599257,0.003243579838595723,2.3017689637598626e-06
shfa_guided_raw,SHFA,1,S0,0,3000,9,9,1695,1305,0.0016306636733060102,0.000989966383347279,0.0001654036807599491,0.00016540368075994912,0.0026206300566532894,1.6143022191185398e-06
shfa_guided_raw,SHFA,1,S0,0,3000,10,a,1695,1305,0.0007236057813628492,0.0007257306851044463,9.110867207365997e-05,9.110867207365997e-05,0.0014493364664672956,5.251429194539988e-07
shfa_guided_raw,SHFA,1,S0,0,3000,11,b,1695,1305,0.0016445862810104332,0.0011978317992983076,0.0001796210677633803,0.00017962106776338034,0.0028424180803087408,1.9699377440840393e-06
shfa_guided_raw,SHFA,1,S0,0,3000,12,c,1695,1305,0.0022251590222848736,0.0026340996168582372,0.00030956495547449365,0.00030956495547449365,0.004859258639143111,5.861290528049235e-06
shfa_guided_raw,SHFA,1,S0,0,3000,13,d,1695,1305,0.006973464379878351,0.007877710250877117,0.0009831333462517109,0.0009831333462517109,0.014851174630755469,5.493493182949413e-05
shfa_guided_raw,SHFA,1,S0,0,3000,14,e,1695,1305,0.0033786470705963224,0.003510187754143363,0.00044241186211900984,0.0004424118621190099,0.006888834824739685,1.1859685572779557e-05
shfa_guided_raw,SHFA,1,S0,0,3000,15,f,1695,1305,0.0012296925714186267,0.001929471088210684,0.0001998203849907716,0.00019982038499077162,0.003159163659629311,2.372656263939692e-06
shfa_guided_raw,SHFA,1,S0,0,4000,0,0,2261,1738,0.0008339860304558519,0.0003594432180687296,7.488909865539777e-05,7.488909865539777e-05,0.0011934292485245815,2.9977062261141694e-07
shfa_guided_raw,SHFA,1,S0,0,4000,1,1,2261,1738,0.00044041162171239655,0.0008970769147241451,8.398811662609826e-05,8.398811662609826e-05,0.0013374885364365416,3.95083098814414e-07
shfa_guided_raw,SHFA,1,S0,0,4000,2,2,2261,1738,0.000689232023263925,0.0012758041000528364,0.0001236940827484654,0.0001236940827484654,0.001965036123316761,8.793250411678274e-07
shfa_guided_raw,SHFA,1,S0,0,4000,3,3,2261,1738,0.00048305536977704533,0.000684539455824652,7.330534706006643e-05,7.330534706006644e-05,0.0011675948256016973,3.3067045996035463e-07
shfa_guided_raw,SHFA,1,S0,0,4000,4,4,2261,1738,0.0007013600617043298,0.0005905197699563405,8.115665646108611e-05,8.11566564610861e-05,0.0012918798316606704,4.1416698229420564e-07
shfa_guided_raw,SHFA,1,S0,0,4000,5,5,2261,1738,0.00195876378904177,0.002310682755068125,0.00027136649071545914,0.00027136649071545914,0.004269446544109895,4.5260817085907164e-06
shfa_guided_raw,SHFA,1,S0,0,4000,6,6,2261,1738,0.002531128958019578,0.0034051513518309345,0.0003796363965587158,0.0003796363965587158,0.005936280309850512,8.61887719305879e-06
shfa_guided_raw,SHFA,1,S0,0,4000,7,7,2261,1738,0.0005170921228194716,0.0006865257872162359,7.558111645391367e-05,7.558111645391367e-05,0.0012036179100357075,3.549970766819523e-07
shfa_guided_raw,SHFA,1,S0,0,4000,8,8,2261,1738,0.0009071454881447445,0.001965061092932501,0.00018129550762171034,0.00018129550762171034,0.0028722065810772453,1.7825963043824985e-06
shfa_guided_raw,SHFA,1,S0,0,4000,9,9,2261,1738,0.0015487578443467982,0.0018379358838711219,0.00021451487563117186,0.00021451487563117186,0.00338669372821792,2.846517617551866e-06
shfa_guided_raw,SHFA,1,S0,0,4000,10,a,2261,1738,0.000709184602633623,0.0006474612698484166,8.52495365935056e-05,8.524953659350559e-05,0.0013566458724820396,4.5916956337811027e-07
shfa_guided_raw,SHFA,1,S0,0,4000,11,b,2261,1738,0.0013637074513690112,0.0012638861117033324,0.00016594816860023308,0.00016594816860023313,0.0026275935630723436,1.723570908211641e-06
shfa_guided_raw,SHFA,1,S0,0,4000,12,c,2261,1738,0.0021688527129932957,0.0022643350225978296,0.00028198524263133235,0.00028198524263133235,0.004433187735591125,4.911009156887038e-06
shfa_guided_raw,SHFA,1,S0,0,4000,13,d,2261,1738,0.007126090618747091,0.008321983656465307,0.001024807851864479,0.0010248078518644789,0.015448074275212397,5.930320966370404e-05
shfa_guided_raw,SHFA,1,S0,0,4000,14,e,2261,1738,0.0031707851789893084,0.0033117937764264842,0.00041566217133564914,0.00041566217133564914,0.006482578955415793,1.0500986622162127e-05
shfa_guided_raw,SHFA,1,S0,0,4000,15,f,2261,1738,0.0015452368009286166,0.0018942152732993362,0.00021789276578843022,0.00021789276578843025,0.0034394520742279527,2.9270111491831914e-06
shfa_guided_raw,SHFA,1,S0,0,6000,0,0,3393,2605,0.0007778481798268985,0.0004386128108870806,7.636998609622097e-05,7.636998609622097e-05,0.001216460990713979,3.411741765972753e-07
shfa_guided_raw,SHFA,1,S0,0,6000,1,1,3393,2605,0.00024260150902731452,0.0004306552805213657,4.218302696771757e-05,4.218302696771758e-05,0.0006732567895486802,1.0447762092506476e-07
shfa_guided_raw,SHFA,1,S0,0,6000,2,2,3393,2605,0.0006737869153644023,0.000878929491123301,9.763698659612822e-05,9.763698659612822e-05,0.0015527164064877033,5.922111906467728e-07
shfa_guided_raw,SHFA,1,S0,0,6000,3,3,3393,2605,0.0005094430820062698,0.0005052202872815823,6.367384156073558e-05,6.367384156073558e-05,0.001014663369287852,2.5738098024482233e-07
shfa_guided_raw,SHFA,1,S0,0,6000,4,4,3393,2605,0.000592309898614969,0.0006475716638238143,7.787616075896937e-05,7.787616075896937e-05,0.0012398815624387832,3.835631065454102e-07
shfa_guided_raw,SHFA,1,S0,0,6000,5,5,3393,2605,0.001749665731418224,0.00221992071941969,0.0002519832723866035,0.0002519832723866035,0.003969586450837914,3.884119209233922e-06
shfa_guided_raw,SHFA,1,S0,0,6000,6,6,3393,2605,0.002585630346766357,0.003141815348455097,0.00036608892906024273,0.00036608892906024273,0.0057274456952214545,8.123573108901816e-06
shfa_guided_raw,SHFA,1,S0,0,6000,7,7,3393,2605,0.0005587809770101913,0.000449812298068457,6.328842624780141e-05,6.328842624780141e-05,0.0010085932750786483,2.5134655538589183e-07
shfa_guided_raw,SHFA,1,S0,0,6000,8,8,3393,2605,0.0008661004708902509,0.0012555859284338038,0.0001336928635216131,0.00013369286352161314,0.002121686399324055,1.0874635638596904e-06
shfa_guided_raw,SHFA,1,S0,0,6000,9,9,3393,2605,0.0013876228680795891,0.0016098433913815523,0.0001895754967202292,0.0001895754967202292,0.0029974662594611417,2.2338555039078422e-06
shfa_guided_raw,SHFA,1,S0,0,6000,10,a,3393,2605,0.0007808015045278379,0.0007822602333472097,9.830214858432028e-05,9.830214858432027e-05,0.0015630617378750477,6.10789967129799e-07
shfa_guided_raw,SHFA,1,S0,0,6000,11,b,3393,2605,0.0014367870381011027,0.0011117609351571796,0.00016088161202974362,0.00016088161202974362,0.002548547973258282,1.5973637011009963e-06
shfa_guided_raw,SHFA,1,S0,0,6000,12,c,3393,2605,0.002083565147606735,0.0021836697477536555,0.0002712519991403271,0.0002712519991403271,0.00426723489536039,4.549818180302707e-06
shfa_guided_raw,SHFA,1,S0,0,6000,13,d,3393,2605,0.0069398733058448295,0.00822962448561566,0.0010052061632511316,0.0010052061632511316,0.01516949779146049,5.711255128485111e-05
shfa_guided_raw,SHFA,1,S0,0,6000,14,e,3393,2605,0.0030423533255174466,0.003312460166297648,0.0004072535174410232,0.00040725351744102313,0.006354813491815095,1.0077674202579724e-05
shfa_guided_raw,SHFA,1,S0,0,6000,15,f,3393,2605,0.0017428904571043051,0.0020587070486772444,0.00024118794498045976,0.0002411879449804598,0.0038015975057815498,3.5881008691129375e-06
shfa_guided_raw,SHFA,1,S0,0,8000,0,0,4482,3515,0.000734344487872657,0.0004705246161037133,7.56498461567673e-05,7.564984615676731e-05,0.0012048691039763704,3.455271582441599e-07
shfa_guided_raw,SHFA,1,S0,0,8000,1,1,4482,3515,0.00011906169972168911,0.00027951231159286874,2.4944154918071247e-05,2.494415491807125e-05,0.00039857401131455786,3.327921091138534e-08
shfa_guided_raw,SHFA,1,S0,0,8000,2,2,4482,3515,0.0006679377532939033,0.0009540447462510801,0.00010201114872591426,0.00010201114872591426,0.0016219824995449834,6.372425043527986e-07
shfa_guided_raw,SHFA,1,S0,0,8000,3,3,4482,3515,0.00029538302946527557,0.0005278283074569667,5.1606620082134315e-05,5.160662008213431e-05,0.0008232113369222423,1.5591152449416772e-07
shfa_guided_raw,SHFA,1,S0,0,8000,4,4,4482,3515,0.0006324942787661129,0.0007058906252213131,8.409552828110124e-05,8.409552828110124e-05,0.001338384903987426,4.464717818871149e-07
shfa_guided_raw,SHFA,1,S0,0,8000,5,5,4482,3515,0.001596636434179377,0.001773131407967075,0.00021344153634270124,0.00021344153634270124,0.0033697678421464516,2.8310462085480087e-06
shfa_guided_raw,SHFA,1,S0,0,8000,6,6,4482,3515,0.002246765334927892,0.0028636821668565323,0.0003258369906842709,0.0003258369906842709,0.005110447501784424,6.434021822744447e-06
shfa_guided_raw,SHFA,1,S0,0,8000,7,7,4482,3515,0.0003583051527842743,0.00038133158238720855,4.636392901910639e-05,4.63639290191064e-05,0.0007396367351714828,1.3663307088871784e-07
shfa_guided_raw,SHFA,1,S0,0,8000,8,8,4482,3515,0.000787509699664342,0.0010051971938997467,0.00011283578338802696,0.00011283578338802699,0.0017927068935640889,7.916025402714289e-07
shfa_guided_raw,SHFA,1,S0,0,8000,9,9,4482,3515,0.0014146401660984761,0.0013192343725023218,0.00017273340059438937,0.00017273340059438937,0.002733874538600798,1.8662419318395034e-06
shfa_guided_raw,SHFA,1,S0,0,8000,10,a,4482,3515,0.0005933670723351534,0.0006963400099957706,8.101987787876379e-05,8.101987787876377e-05,0.001289707082330924,4.131852330810219e-07
shfa_guided_raw,SHFA,1,S0,0,8000,11,b,4482,3515,0.0013234429114146109,0.0011164052050852981,0.00015396800583618084,0.00015396800583618084,0.002439848116499909,1.4774985549365128e-06
shfa_guided_raw,SHFA,1,S0,0,8000,12,c,4482,3515,0.0019519672223526456,0.002160983511024687,0.00026127758981764804,0.00026127758981764804,0.004112950733377333,4.218168981564726e-06
shfa_guided_raw,SHFA,1,S0,0,8000,13,d,4482,3515,0.006819869591908215,0.008128823028313931,0.0009897308017526856,0.0009897308017526856,0.014948692620222147,5.543751298880143e-05
shfa_guided_raw,SHFA,1,S0,0,8000,14,e,4482,3515,0.0028784755761605604,0.0033428316764769557,0.00039845396262579955,0.0003984539626257995,0.006221307252637516,9.622259335954777e-06
shfa_guided_raw,SHFA,1,S0,0,8000,15,f,4482,3515,0.0016499012062927696,0.0023672120499626677,0.00025497524453274903,0.000254975244532749,0.004017113256255437,3.905666016784186e-06
shfa_guided_raw,SHFA,1,S5,5,250,0,0,158,92,0.008161752924210864,0.01193289224952741,0.0013533086415705156,0.0013533086415705156,0.020094645173738275,9.739331821187348e-05
shfa_guided_raw,SHFA,1,S5,5,250,1,1,158,92,0.007600945361320301,0.003426275992438564,0.000715244271221258,0.0007152442712212582,0.011027221353758866,2.6042936611329014e-05
shfa_guided_raw,SHFA,1,S5,5,250,2,2,158,92,0.005598061208139722,0.009569943289224952,0.0010015734093767993,0.0010015734093767993,0.015168004497364674,5.357312829150726e-05
shfa_guided_raw,SHFA,1,S5,5,250,3,3,158,92,0.010885675372536454,0.010278827977315691,0.0014346734439369636,0.0014346734439369632,0.021164503349852145,0.00011189198457120411
shfa_guided_raw,SHFA,1,S5,5,250,4,4,158,92,0.00904302195161032,0.006025519848771268,0.0009962727707861514,0.0009962727707861516,0.015068541800381589,5.448890826230227e-05
shfa_guided_raw,SHFA,1,S5,5,250,5,5,158,92,0.00880267585322865,0.014295841209829865,0.001569498972660518,0.0015694989726605176,0.023098517063058516,0.00012584165621936042
shfa_guided_raw,SHFA,1,S5,5,250,6,6,158,92,0.009523714148373658,0.019494328922495273,0.0019992861081015263,0.0019992861081015263,0.02901804307086893,0.00018565841617221803
shfa_guided_raw,SHFA,1,S5,5,250,7,7,158,92,0.008001522191956417,0.007679584120982987,0.001041517507327754,0.0010415175073277543,0.015681106312939404,6.144836276904148e-05
shfa_guided_raw,SHFA,1,S5,5,250,8,8,158,92,0.006479330235539175,0.008861058601134217,0.0010161880272053004,0.0010161880272053004,0.015340388836673392,5.74137249132134e-05
shfa_guided_raw,SHFA,1,S5,5,250,9,9,158,92,0.004716792180740266,0.00815217391304348,0.0008427624910305624,0.0008427624910305624,0.012868966093783745,3.845211016907826e-05
shfa_guided_raw,SHFA,1,S5,5,250,10,a,158,92,0.0067997917000480685,0.012169187145557654,0.0012683091155990523,0.0012683091155990523,0.018968978845605722,8.274793774869459e-05
shfa_guided_raw,SHFA,1,S5,5,250,11,b,158,92,0.0028741387598141322,0.007443289224952741,0.0006662322951098733,0.0006662322951098731,0.010317427984766873,2.1393046061943566e-05
shfa_guided_raw,SHFA,1,S5,5,250,12,c,158,92,0.005758291940394168,0.010278827977315691,0.001061508487155341,0.001061508487155341,0.01603711991770986,5.918849229847503e-05
shfa_guided_raw,SHFA,1,S5,5,250,13,d,158,92,0.006960022432302515,0.018785444234404536,0.001739838779941414,0.0017398387799414142,0.025745466666707052,0.0001307471132722235
shfa_guided_raw,SHFA,1,S5,5,250,14,e,158,92,0.008081637558083641,0.01760396975425331,0.001747619360158401,0.0017476193601584013,0.02568560731233695,0.00014226890313734199
shfa_guided_raw,SHFA,1,S5,5,250,15,f,158,92,0.010244752443518667,0.015004725897920604,0.0017318120986470043,0.0017318120986470043,0.02524947834143927,0.00015371970230704994
shfa_guided_raw,SHFA,1,S5,5,500,0,0,311,189,0.0038247898594927685,0.0065070266789843505,0.0006706265433120481,0.0006706265433120483,0.01033181653847712,2.488800965722825e-05
shfa_guided_raw,SHFA,1,S5,5,500,1,1,311,189,0.004631233134479586,0.0033156266621875087,0.0005120341773511802,0.0005120341773511802,0.007946859796667094,1.5355440059486743e-05
shfa_guided_raw,SHFA,1,S5,5,500,2,2,311,189,0.0038454678921847375,0.007850774054477757,0.0007612050212216971,0.0007612050212216971,0.011696241946662495,3.0189899555291206e-05
shfa_guided_raw,SHFA,1,S5,5,500,3,3,311,189,0.005168861984470799,0.004155468771870887,0.0006042497168339343,0.0006042497168339344,0.009324330756341686,2.1479044562578988e-05
shfa_guided_raw,SHFA,1,S5,5,500,4,4,311,189,0.005851237063305797,0.004099479297891995,0.0006459067977829425,0.0006459067977829425,0.009950716361197792,2.3987025208080468e-05
shfa_guided_raw,SHFA,1,S5,5,500,5,5,311,189,0.005086149853702918,0.01333774250440917,0.0012193310294695333,0.0012193310294695335,0.01842389235811209,6.783775708752789e-05
shfa_guided_raw,SHFA,1,S5,5,500,6,6,311,189,0.008787517705565493,0.01960856359004507,0.0019470656807038882,0.0019470656807038882,0.028396081295610564,0.00017231059972822792
shfa_guided_raw,SHFA,1,S5,5,500,7,7,311,189,0.002956312486430042,0.00365156350606086,0.0004237874123186414,0.0004237874123186414,0.006607875992490902,1.0795162787959982e-05
shfa_guided_raw,SHFA,1,S5,5,500,8,8,311,189,0.0031217367479657986,0.0065070266789843505,0.0006221109384881636,0.0006221109384881636,0.009628763426950149,2.0313224303779296e-05
shfa_guided_raw,SHFA,1,S5,5,500,9,9,311,189,0.004010892153720496,0.004771352985638699,0.0005680277034626788,0.0005680277034626789,0.008782245139359195,1.9137382252729117e-05
shfa_guided_raw,SHFA,1,S5,5,500,10,a,311,189,0.004031570186412465,0.006283068783068783,0.0006699955683775769,0.0006699955683775769,0.010314638969481248,2.5330632784998953e-05
shfa_guided_raw,SHFA,1,S5,5,500,11,b,311,189,0.0016742744595279204,0.009866395117717868,0.0007378109019310678,0.0007378109019310678,0.01154066957724579,1.6519053353205997e-05
shfa_guided_raw,SHFA,1,S5,5,500,12,c,311,189,0.003576653467189131,0.008690616164161138,0.0007977876743949486,0.0007977876743949486,0.012267269631350268,3.108332243555684e-05
shfa_guided_raw,SHFA,1,S5,5,500,13,d,311,189,0.005603100671002161,0.018544763584446122,0.0016131496932491043,0.001613149693249104,0.024147864255448282,0.0001039081772835865
shfa_guided_raw,SHFA,1,S5,5,500,14,e,311,189,0.0033698731402694347,0.014849458301839254,0.001188749005810712,0.0011887490058107122,0.01821933144210869,5.0040790678919075e-05
shfa_guided_raw,SHFA,1,S5,5,500,15,f,311,189,0.004672589199863525,0.011154153019232383,0.0010412901636247848,0.0010412901636247846,0.015826742219095906,5.211877493129036e-05
shfa_guided_raw,SHFA,1,S5,5,1000,0,0,616,384,0.001828934052960027,0.004014756944444444,0.0003725734130278316,0.0003725734130278316,0.005843690997404471,7.342725690052191e-06
shfa_guided_raw,SHFA,1,S5,5,1000,1,1,616,384,0.0024297942317422837,0.0015326605902777778,0.0002513774762377295,0.0002513774762377295,0.003962454822020061,3.724049861475668e-06
shfa_guided_raw,SHFA,1,S5,5,1000,2,2,616,384,0.0017762270197335128,0.0029296875,0.00029932344758022006,0.00029932344758022006,0.004705914519733513,5.203790096875526e-06
shfa_guided_raw,SHFA,1,S5,5,1000,3,3,616,384,0.002103010625737898,0.0031331380208333326,0.00033384831296041787,0.00033384831296041776,0.00523614864657123,6.589022549715906e-06
shfa_guided_raw,SHFA,1,S5,5,1000,4,4,616,384,0.003157151290268173,0.0029432508680555555,0.0003905674231708975,0.00039056742317089755,0.006100402158323729,9.292288275664518e-06
shfa_guided_raw,SHFA,1,S5,5,1000,5,5,616,384,0.0041796677348625395,0.007921006944444444,0.000789399344610003,0.0007893993446100031,0.012100674679306984,3.310717715331655e-05
shfa_guided_raw,SHFA,1,S5,5,1000,6,6,616,384,0.0072893826952268505,0.01384819878472222,0.0014220436630782325,0.0014220436630782325,0.02113758147994907,0.00010094482058141566
shfa_guided_raw,SHFA,1,S5,5,1000,7,7,616,384,0.002893616124135605,0.003974066840277778,0.0004407296091632568,0.00044072960916325684,0.0068676829644133824,1.1499423887420413e-05
shfa_guided_raw,SHFA,1,S5,5,1000,8,8,616,384,0.0023032973519986504,0.0030788845486111114,0.0003434779554160357,0.00034347795541603564,0.005382181900609762,7.091586627925533e-06
shfa_guided_raw,SHFA,1,S5,5,1000,9,9,616,384,0.0017446027997976047,0.0021837022569444445,0.0002493287591177677,0.0002493287591177677,0.003928305056742049,3.8096930713896264e-06
shfa_guided_raw,SHFA,1,S5,5,1000,10,a,616,384,0.0020344914825434304,0.0031195746527777775,0.00032847588151781025,0.00032847588151781025,0.005154066135321208,6.346748060234768e-06
shfa_guided_raw,SHFA,1,S5,5,1000,11,b,616,384,0.0010541406645302746,0.004123263888888889,0.0003279342847245648,0.0003279342847245648,0.005177404553419164,4.346500135867018e-06
shfa_guided_raw,SHFA,1,S5,5,1000,12,c,616,384,0.002103010625737898,0.0035942925347222225,0.00036364028292128875,0.00036364028292128875,0.00569730316046012,7.558835392531236e-06
shfa_guided_raw,SHFA,1,S5,5,1000,13,d,616,384,0.003157151290268173,0.013441297743055556,0.0010798392750950995,0.0010798392750950997,0.01659844903332373,4.243621051236653e-05
shfa_guided_raw,SHFA,1,S5,5,1000,14,e,616,384,0.002124093439028504,0.008680555555555556,0.0006937288732641817,0.0006937288732641818,0.010804648994584061,1.8438311102677987e-05
shfa_guided_raw,SHFA,1,S5,5,1000,15,f,616,384,0.002356004385225164,0.005574544270833335,0.0005087929417513712,0.0005087929417513713,0.007930548656058498,1.313365074771515e-05
shfa_guided_raw,SHFA,1,S5,5,1500,0,0,936,564,0.0014541785375118711,0.0028450530657411596,0.00027283919030959754,0.00027283919030959754,0.004299231603253031,4.137215106283145e-06
shfa_guided_raw,SHFA,1,S5,5,1500,1,1,936,564,0.001673332602819782,0.0021157134952970173,0.00024035567350220625,0.00024035567350220625,0.0037890460981167993,3.5402923699062964e-06
shfa_guided_raw,SHFA,1,S5,5,1500,2,2,936,564,0.001497552779604062,0.0029582264473618034,0.00028291630192431153,0.0002829163019243115,0.004455779226965865,4.430100238944918e-06
shfa_guided_raw,SHFA,1,S5,5,1500,3,3,936,564,0.001645938344656294,0.00200882752376641,0.00023172927302558707,0.00023172927302558707,0.003654765868422704,3.306406249168087e-06
shfa_guided_raw,SHFA,1,S5,5,1500,4,4,936,564,0.0034288479801300314,0.0028387656556511237,0.0004014595481207641,0.00040145954812076406,0.006267613635781155,9.73369588444186e-06
shfa_guided_raw,SHFA,1,S5,5,1500,5,5,936,564,0.004154795821462488,0.006516900558322017,0.0006940574149451343,0.0006940574149451343,0.010671696379784504,2.707639120860287e-05
shfa_guided_raw,SHFA,1,S5,5,1500,6,6,936,564,0.006227628022499818,0.011804612444042052,0.001200529764410133,0.0012005297644101332,0.01803224046654187,7.351473525126635e-05
shfa_guided_raw,SHFA,1,S5,5,1500,7,7,936,564,0.002796497187522829,0.003291459182133695,0.00038970182944921575,0.00038970182944921586,0.006087956369656524,9.20455634568307e-06
shfa_guided_raw,SHFA,1,S5,5,1500,8,8,936,564,0.0014359156987362115,0.0018390674513354458,0.0002073271927038859,0.00020732719270388593,0.0032749831500716573,2.6407458244073604e-06
shfa_guided_raw,SHFA,1,S5,5,1500,9,9,936,564,0.0014153700051135949,0.00236092248880841,0.0002393598597451829,0.00023935985974518287,0.003776292493922005,3.3415788750575606e-06
shfa_guided_raw,SHFA,1,S5,5,1500,10,a,936,564,0.0014610271020527434,0.002832478245561088,0.000272482411708604,0.000272482411708604,0.004293505347613831,4.138327482739556e-06
shfa_guided_raw,SHFA,1,S5,5,1500,11,b,936,564,0.000783019212506392,0.003763014938886374,0.00028707364745614446,0.00028707364745614446,0.0045460341513927655,2.9465129940965973e-06
shfa_guided_raw,SHFA,1,S5,5,1500,12,c,936,564,0.0013423186500109577,0.0019396660127760173,0.00020772769128792762,0.0002077276912879276,0.003281984662786975,2.6036498637416405e-06
shfa_guided_raw,SHFA,1,S5,5,1500,13,d,936,564,0.002670940170940171,0.009597731502439515,0.000792426946205994,0.0007924269462059941,0.012268671673379687,2.563496661976366e-05
shfa_guided_raw,SHFA,1,S5,5,1500,14,e,936,564,0.002050003652567755,0.006372290126251194,0.0005394565792102207,0.0005394565792102206,0.008422293778818948,1.3063218034036387e-05
shfa_guided_raw,SHFA,1,S5,5,1500,15,f,936,564,0.0020271751040981806,0.0023923595392585885,0.0002810706469078349,0.0002810706469078349,0.004419534643356769,4.849731698036804e-06
shfa_guided_raw,SHFA,1,S5,5,2000,0,0,1251,749,0.0014098633163812675,0.0026068358166919485,0.0002547189780068588,0.0002547189780068588,0.004016699133073216,3.6752821897827803e-06
shfa_guided_raw,SHFA,1,S5,5,2000,1,1,1251,749,0.0014890964925901007,0.0014874082220887302,0.00018824643903398892,0.00018824643903398895,0.002976504714678831,2.214894366562006e-06
shfa_guided_raw,SHFA,1,S5,5,2000,2,2,1251,749,0.0017881378350556962,0.0030275124286765973,0.00030639175100308637,0.0003063917510030863,0.004815650263732293,5.413609519817984e-06
shfa_guided_raw,SHFA,1,S5,5,2000,3,3,1251,749,0.0012283937837739396,0.001127337562678141,0.00014861802360746374,0.00014861802360746371,0.0023557313464520804,1.3848144542086924e-06
shfa_guided_raw,SHFA,1,S5,5,2000,4,4,1251,749,0.0025715239159591584,0.002606835816691949,0.0003303510239382965,0.00033035102393829644,0.005178359732651107,6.703540647602271e-06
shfa_guided_raw,SHFA,1,S5,5,2000,5,5,1251,749,0.0032105011434497488,0.005273497729950569,0.0005471805000795059,0.0005471805000795058,0.008483998873400317,1.6930570491985956e-05
shfa_guided_raw,SHFA,1,S5,5,2000,6,6,1251,749,0.005668007560378556,0.011095234233094057,0.0011105904836093863,0.0011105904836093863,0.016763241793472612,6.288787151734809e-05
shfa_guided_raw,SHFA,1,S5,5,2000,7,7,1251,749,0.002544686872404554,0.0028171741226842724,0.00034228513820032413,0.0003422851382003242,0.005361860995088827,7.1688260072724844e-06
shfa_guided_raw,SHFA,1,S5,5,2000,8,8,1251,749,0.000908905170028645,0.0012128989074885784,0.0001337151649325649,0.0001337151649325649,0.0021218040775172232,1.1024100877384642e-06
shfa_guided_raw,SHFA,1,S5,5,2000,9,9,1251,749,0.0010686494769012928,0.0014410624936497436,0.00015839698883946064,0.00015839698883946066,0.0025097119705510366,1.539990680020871e-06
shfa_guided_raw,SHFA,1,S5,5,2000,10,a,1251,749,0.0009868603917824975,0.0013982818212445252,0.00015045129726012465,0.00015045129726012465,0.002385142213027023,1.3799089459357163e-06
shfa_guided_raw,SHFA,1,S5,5,2000,11,b,1251,749,0.000779831770075546,0.003009687148507756,0.0002391919820678508,0.0002391919820678508,0.003789518918583302,2.3470496563944263e-06
shfa_guided_raw,SHFA,1,S5,5,2000,12,c,1251,749,0.0012820678708831492,0.0014802781100211942,0.00017454444081135124,0.00017454444081135126,0.0027623459809043432,1.8978170048298046e-06
shfa_guided_raw,SHFA,1,S5,5,2000,13,d,1251,749,0.0025574664169543664,0.006931248785652789,0.00061077113615981,0.00061077113615981,0.009488715202607155,1.772643599686274e-05
shfa_guided_raw,SHFA,1,S5,5,2000,14,e,1251,749,0.0018367001043449816,0.004831430781763312,0.0004256320698027686,0.0004256320698027686,0.006668130886108294,8.873889421000232e-06
shfa_guided_raw,SHFA,1,S5,5,2000,15,f,1251,749,0.0016565085261926345,0.0021362484202345454,0.0002405860228738828,0.00024058602287388282,0.00379275694642718,3.5387137221840705e-06
shfa_guided_raw,SHFA,1,S5,5,3000,0,0,1848,1151,0.0009030471692809352,0.0023920101962483426,0.00020810118338219304,0.00020810118338219306,0.003295057365529278,2.1600980366132e-06
shfa_guided_raw,SHFA,1,S5,5,3000,1,1,1848,1151,0.0011296874121549444,0.0013005255128883508,0.00015335749511630228,0.00015335749511630228,0.002430212925043295,1.4691873010963227e-06
shfa_guided_raw,SHFA,1,S5,5,3000,2,2,1848,1151,0.001567741421637526,0.002502215427071689,0.0002582951298152066,0.00025829512981520667,0.004069956848709215,3.922826770880719e-06
shfa_guided_raw,SHFA,1,S5,5,3000,3,3,1848,1151,0.0009452127958621468,0.0014031824402306464,0.00014810100825323464,0.00014810100825323467,0.0023483952360927934,1.3263059974350789e-06
shfa_guided_raw,SHFA,1,S5,5,3000,4,4,1848,1151,0.002240634545829351,0.0027256452101108017,0.00031649965956370805,0.0003164996595637081,0.004966279755940153,6.107174817448562e-06
shfa_guided_raw,SHFA,1,S5,5,3000,5,5,1848,1151,0.003136654110680085,0.005196959769806936,0.0005371519327554428,0.0005371519327554427,0.00833361388048702,1.6301065225003955e-05
shfa_guided_raw,SHFA,1,S5,5,3000,6,6,1848,1151,0.005893231948426754,0.011222015608381937,0.0011358369132096033,0.0011358369132096033,0.01711524755680869,6.613394090906014e-05
shfa_guided_raw,SHFA,1,S5,5,3000,7,7,1848,1151,0.0019560165664061764,0.003358193041822885,0.00033870678173731185,0.00033870678173731185,0.005314209608229061,6.568681222995513e-06
shfa_guided_raw,SHFA,1,S5,5,3000,8,8,1848,1151,0.0006102303180225256,0.0007026998771891024,8.248694597025826e-05,8.248694597025824e-05,0.001312930195211628,4.2880876953149567e-07
shfa_guided_raw,SHFA,1,S5,5,3000,9,9,1848,1151,0.001187079515001593,0.0014756461536487367,0.0001681720636110329,0.00016817206361103293,0.00266272566865033,1.7517093203873086e-06
shfa_guided_raw,SHFA,1,S5,5,3000,10,a,1848,1151,0.001070538408200746,0.0008989557676964313,0.0001240557526701662,0.00012405575267016621,0.0019694941758971775,9.623666765926172e-07
shfa_guided_raw,SHFA,1,S5,5,3000,11,b,1848,1151,0.0006752356590018925,0.002251611751500791,0.00018444833170125878,0.00018444833170125878,0.0029268474105026837,1.520368544841042e-06
shfa_guided_raw,SHFA,1,S5,5,3000,12,c,1848,1151,0.0008310142238713665,0.000998593373646306,0.00011518032014221834,0.00011518032014221831,0.0018296075975176725,8.298452973637745e-07
shfa_guided_raw,SHFA,1,S5,5,3000,13,d,1848,1151,0.0026166113828451484,0.006280896149685878,0.0005725288851429254,0.0005725288851429254,0.008897507532531025,1.643466435973633e-05
shfa_guided_raw,SHFA,1,S5,5,3000,14,e,1848,1151,0.0018488455988455985,0.0036812604308118745,0.000352437708999303,0.00035243770899930305,0.005530106029657473,6.806082145710986e-06
shfa_guided_raw,SHFA,1,S5,5,3000,15,f,1848,1151,0.0012397865482281067,0.0016915276332067984,0.00018530426954528747,0.0001853042695452875,0.0029313141814349053,2.0971332056059156e-06
shfa_guided_raw,SHFA,1,S5,5,4000,0,0,2475,1523,0.0008341087644117944,0.002395502492100767,0.00020384881315586663,0.00020384881315586663,0.0032296112565125615,1.9981096238315452e-06
shfa_guided_raw,SHFA,1,S5,5,4000,1,1,2475,1523,0.0010032343638404244,0.0014461718305742244,0.00015453873642736567,0.0001545387364273656,0.0024494061944146488,1.4508492764500739e-06
shfa_guided_raw,SHFA,1,S5,5,4000,2,2,2475,1523,0.0013731558004285275,0.003235328163605628,0.0002924728573862796,0.00029247285738627954,0.0046084839640341555,4.442609634144845e-06
shfa_guided_raw,SHFA,1,S5,5,4000,3,3,2475,1523,0.0011142434445464747,0.001808314317260099,0.00018467476248659742,0.00018467476248659745,0.0029225577618065737,2.0149023736865994e-06
shfa_guided_raw,SHFA,1,S5,5,4000,4,4,2475,1523,0.0020398632792572187,0.0033551800818183344,0.00034403431871141854,0.00034403431871141854,0.0053950433610755535,6.844108644196451e-06
shfa_guided_raw,SHFA,1,S5,5,4000,5,5,2475,1523,0.003010866238138965,0.0057496317140247,0.0005648424940197192,0.0005648424940197192,0.008760497952163666,1.731137200949004e-05
shfa_guided_raw,SHFA,1,S5,5,4000,6,6,2475,1523,0.006076675849403123,0.013431363651844839,0.001300870511955714,0.0013008705119557141,0.01950803950124796,8.161804312771646e-05
shfa_guided_raw,SHFA,1,S5,5,4000,7,7,2475,1523,0.0019409345985103564,0.003460373851760422,0.000344298137474586,0.00034429813747458596,0.005401308450270778,6.716359332662349e-06
shfa_guided_raw,SHFA,1,S5,5,4000,8,8,2475,1523,0.0007142842567084994,0.0006658409961677564,8.67334280457997e-05,8.673342804579972e-05,0.0013801252528762558,4.755997410337327e-07
shfa_guided_raw,SHFA,1,S5,5,4000,9,9,2475,1523,0.000950015304560759,0.0017522684562253806,0.00017055741690024688,0.00017055741690024688,0.0027022837607861396,1.664681851113166e-06
shfa_guided_raw,SHFA,1,S5,5,4000,10,a,2475,1523,0.0006816345270890724,0.0007011930008204251,8.690467785385599e-05,8.690467785385599e-05,0.0013828275279094975,4.779573595123981e-07
shfa_guided_raw,SHFA,1,S5,5,4000,11,b,2475,1523,0.000729303132333435,0.001822110221514799,0.0001607922053075221,0.00016079220530752214,0.002551413353848234,1.3288706920075118e-06
shfa_guided_raw,SHFA,1,S5,5,4000,12,c,2475,1523,0.0005970717273747577,0.0009745243538666688,9.88066160169211e-05,9.88066160169211e-05,0.0015715960812414265,5.818609393319415e-07
shfa_guided_raw,SHFA,1,S5,5,4000,13,d,2475,1523,0.0020950413223140493,0.005766014350327156,0.0005033960178690666,0.0005033960178690665,0.007861055672641205,1.2080038328991188e-05
shfa_guided_raw,SHFA,1,S5,5,4000,14,e,2475,1523,0.0016513314967860422,0.003504348296572278,0.00032801682780273336,0.0003280168278027333,0.00515567979335832,5.786840717838317e-06
shfa_guided_raw,SHFA,1,S5,5,4000,15,f,2475,1523,0.001120446893174166,0.002054053861796943,0.00020070775545355708,0.00020070775545355708,0.003174500754971109,2.3014582678627825e-06
shfa_guided_raw,SHFA,1,S5,5,6000,0,0,3673,2323,0.0009369212083170848,0.002041839461604361,0.00018808558456564621,0.00018808558456564621,0.0029787606699214456,1.9130426955558634e-06
shfa_guided_raw,SHFA,1,S5,5,6000,1,1,3673,2323,0.0007769618756425153,0.0015329750094925645,0.0001455621184596309,0.00014556211845963093,0.0023099368851350797,1.1910631386884455e-06
shfa_guided_raw,SHFA,1,S5,5,6000,2,2,3673,2323,0.0010850207202187487,0.0023805882665790023,0.00021918354927040728,0.00021918354927040728,0.003465608986797751,2.5829875955478517e-06
shfa_guided_raw,SHFA,1,S5,5,6000,3,3,3673,2323,0.0008570156658596307,0.001470339836581498,0.00014671982317665836,0.0001467198231766584,0.0023273555024411288,1.2601042740878331e-06
shfa_guided_raw,SHFA,1,S5,5,6000,4,4,3673,2323,0.0019091300161760546,0.0038630775662492033,0.0003681380912381214,0.00036813809123812134,0.005772207582425258,7.375117336542695e-06
shfa_guided_raw,SHFA,1,S5,5,6000,5,5,3673,2323,0.00306561078929405,0.00619355074533076,0.0005976846119029769,0.0005976846119029768,0.00925916153462481,1.8987015988926183e-05
shfa_guided_raw,SHFA,1,S5,5,6000,6,6,3673,2323,0.006015296463275434,0.01404147847545989,0.0013380120894835499,0.0013380120894835499,0.020056774938735325,8.446365581259201e-05
shfa_guided_raw,SHFA,1,S5,5,6000,7,7,3673,2323,0.002119641834895136,0.00363217985782557,0.0003671877761735546,0.0003671877761735547,0.005751821692720706,7.698920378510545e-06
shfa_guided_raw,SHFA,1,S5,5,6000,8,8,3673,2323,0.0006054392177143623,0.0003688502869265383,6.111641046922681e-05,6.111641046922681e-05,0.0009742895046409006,2.2331642917052142e-07
shfa_guided_raw,SHFA,1,S5,5,6000,9,9,3673,2323,0.0006659243036561827,0.0013880616804498023,0.00012929846801460946,0.00012929846801460943,0.002053985984105985,9.243440079853653e-07
shfa_guided_raw,SHFA,1,S5,5,6000,10,a,3673,2323,0.00041123465255802597,0.0002283844257827869,4.007011198628724e-05,4.0070111986287255e-05,0.0006396190783408129,9.391958998644863e-08
shfa_guided_raw,SHFA,1,S5,5,6000,11,b,3673,2323,0.0005829055582458405,0.0013628593623554086,0.0001224047258350024,0.00012240472583500243,0.001945764920601249,7.944182974243497e-07
shfa_guided_raw,SHFA,1,S5,5,6000,12,c,3673,2323,0.00045585722821608513,0.0006968510444785702,7.236193162903144e-05,7.236193162903144e-05,0.0011527082726946554,3.1766458561548485e-07
shfa_guided_raw,SHFA,1,S5,5,6000,13,d,3673,2323,0.0022419462366157295,0.005097620530549565,0.00047015151411199156,0.00047015151411199156,0.0073395667671652945,1.1428591164160675e-05
shfa_guided_raw,SHFA,1,S5,5,6000,14,e,3673,2323,0.0016554780993955271,0.00333271701929219,0.00031727943495490327,0.00031727943495490327,0.004988195118687717,5.517240036920961e-06
shfa_guided_raw,SHFA,1,S5,5,6000,15,f,3673,2323,0.0007825952905096454,0.0016078407191259098,0.0001506605391768998,0.00015066053917689977,0.002390436009635555,1.2582885746775784e-06
shfa_guided_raw,SHFA,1,S5,5,8000,0,0,4926,3068,0.0007852205330734088,0.0021289493769218867,0.00018380731413933883,0.0001838073141393389,0.0029141699099952956,1.6716947646329052e-06
shfa_guided_raw,SHFA,1,S5,5,8000,1,1,4926,3068,0.0007330476434915187,0.001245880001155894,0.00012459626718938383,0.00012459626718938383,0.001978927644647413,9.132893989205386e-07
shfa_guided_raw,SHFA,1,S5,5,8000,2,2,4926,3068,0.0009795707283879367,0.0024691308183562837,0.00021796253494573613,0.00021796253494573613,0.0034487015467442204,2.418688274222367e-06
shfa_guided_raw,SHFA,1,S5,5,8000,3,3,4926,3068,0.0008529711100660048,0.001242055350346513,0.00013199859110673084,0.00013199859110673084,0.002095026460412518,1.0594373309484858e-06
shfa_guided_raw,SHFA,1,S5,5,8000,4,4,4926,3068,0.002011242227434565,0.003666459002293091,0.00036223046402854796,0.00036223046402854796,0.005677701229727656,7.374137170569469e-06
shfa_guided_raw,SHFA,1,S5,5,8000,5,5,4926,3068,0.003039452018167705,0.005986959640584816,0.0005823478052342968,0.0005823478052342967,0.009026411658752521,1.8197076562264116e-05
shfa_guided_raw,SHFA,1,S5,5,8000,6,6,4926,3068,0.005711561149676189,0.014046136337752362,0.001315081459574046,0.0013150814595740458,0.01975769748742855,8.022536660976137e-05
shfa_guided_raw,SHFA,1,S5,5,8000,7,7,4926,3068,0.002179547188771405,0.0032901558587700944,0.0003490274904239459,0.00034902749042394583,0.0054697030475415,7.171049952602128e-06
shfa_guided_raw,SHFA,1,S5,5,8000,8,8,4926,3068,0.00048817299112533386,0.0003672727180008465,5.364464944169148e-05,5.3644649441691475e-05,0.0008554457091261803,1.792926213052045e-07
shfa_guided_raw,SHFA,1,S5,5,8000,9,9,4926,3068,0.0005465275026955996,0.0011878727972136145,0.00010904922389770708,0.00010904922389770708,0.001734400299909214,6.492051533811931e-07
shfa_guided_raw,SHFA,1,S5,5,8000,10,a,4926,3068,0.00028384977900289265,0.00017858994473804538,2.8953175450154654e-05,2.895317545015466e-05,0.00046243972374093804,5.0692716346032995e-08
shfa_guided_raw,SHFA,1,S5,5,8000,11,b,4926,3068,0.00039792131009505,0.0014509237806588256,0.00011613017166376505,0.00011613017166376505,0.0018488450907538756,5.773534916478228e-07
shfa_guided_raw,SHFA,1,S5,5,8000,12,c,4926,3068,0.00039643772081784,0.0006494469554929636,6.562525754025294e-05,6.562525754025295e-05,0.0010458846763108038,2.574652708277157e-07
shfa_guided_raw,SHFA,1,S5,5,8000,13,d,4926,3068,0.0019277491197782393,0.005221604517507552,0.00045690054584281723,0.0004569005458428172,0.007149353637285791,1.006594351245526e-05
shfa_guided_raw,SHFA,1,S5,5,8000,14,e,4926,3068,0.0015524834542705855,0.0033103415158196054,0.00030906581106193194,0.00030906581106193183,0.0048628249700901904,5.1392504312949466e-06
shfa_guided_raw,SHFA,1,S5,5,8000,15,f,4926,3068,0.0006784845267407901,0.001409277582956676,0.00013144130489001042,0.00013144130489001042,0.0020877621096974663,9.56173033918765e-07
shfa_guided_threshold,SHFA,0,S0,0,250,0,0,149,101,0.006550943651186882,0.01406112145868052,0.0013803676837150236,0.0013803676837150234,0.020612065109867402,9.211361434831078e-05
shfa_guided_threshold,SHFA,0,S0,0,250,1,1,149,101,0.0070914598441511635,0.015237476717968825,0.0015036144894041636,0.0015036144894041636,0.02232893656211999,0.00010805595427166418
shfa_guided_threshold,SHFA,0,S0,0,250,2,2,149,101,0.005199653168776181,0.007787226742476228,0.0008521708726607707,0.0008521708726607707,0.012986879911252408,4.0490878207495136e-05
shfa_guided_threshold,SHFA,0,S0,0,250,3,3,149,101,0.012046191612990403,0.009943878051171452,0.0014941652143907371,0.001494165214390737,0.021990069664161855,0.0001197858603806209
shfa_guided_threshold,SHFA,0,S0,0,250,4,4,149,101,0.015379374802936805,0.022099549063817274,0.0026823099897004673,0.0026823099897004673,0.03747892386675408,0.00033987724802833706
shfa_guided_threshold,SHFA,0,S0,0,250,5,5,149,101,0.004659136975811901,0.013276884619154983,0.0011828601737381237,0.0011828601737381237,0.017936021594966885,6.18588240526933e-05
shfa_guided_threshold,SHFA,0,S0,0,250,6,6,149,101,0.007361717940633304,0.01249264777962945,0.001332865206801733,0.0013328652068017332,0.019854365720262755,9.196734928531094e-05
shfa_guided_threshold,SHFA,0,S0,0,250,7,7,149,101,0.01321731003107968,0.017590187236545436,0.002157963537436731,0.0021579635374367316,0.030807497267625116,0.00023249495821016174
shfa_guided_threshold,SHFA,0,S0,0,250,8,8,149,101,0.007181545876311878,0.008963582001764534,0.0010734428677415312,0.0010734428677415312,0.016145127878076412,6.437237536175546e-05
shfa_guided_threshold,SHFA,0,S0,0,250,9,9,149,101,0.014208256384847528,0.005826634643662386,0.0013349670081598598,0.0013349670081598596,0.020034891028509916,8.27863188779899e-05
shfa_guided_threshold,SHFA,0,S0,0,250,10,a,149,101,0.005469911265258321,0.006806930693069308,0.0008045359292753293,0.0008045359292753293,0.01227684195832763,3.723330687985244e-05
shfa_guided_threshold,SHFA,0,S0,0,250,11,b,149,101,0.0079923201657583,0.013865062248799138,0.0014769004175204114,0.0014769004175204114,0.02185738241455744,0.00011081401661057148
shfa_guided_threshold,SHFA,0,S0,0,250,12,c,149,101,0.006010427458222602,0.010139937261052837,0.0010703431522932016,0.0010703431522932013,0.016150364719275438,6.094535733848646e-05
shfa_guided_threshold,SHFA,0,S0,0,250,13,d,149,101,0.012046191612990406,0.011316292520341144,0.0015964734863819015,0.0015964734863819015,0.02336248413333155,0.00013631822804867954
shfa_guided_threshold,SHFA,0,S0,0,250,14,e,149,101,0.009073352551686861,0.006806930693069307,0.0010542793847703766,0.0010542793847703766,0.01588028324475617,6.176168197311601e-05
shfa_guided_threshold,SHFA,0,S0,0,250,15,f,149,101,0.01168584748434755,0.011512351730222529,0.0015844190374161753,0.001584419037416175,0.02319819921457008,0.0001345315865055451
shfa_guided_threshold,SHFA,0,S0,0,500,0,0,302,198,0.004097956229989912,0.006268493010917253,0.0006735910875434344,0.0006735910875434344,0.010366449240907166,2.568800998673658e-05
shfa_guided_threshold,SHFA,0,S0,0,500,1,1,302,198,0.005172470505679575,0.003105550454035303,0.0005334396781095773,0.0005334396781095773,0.008278020959714878,1.6063368127397416e-05
shfa_guided_threshold,SHFA,0,S0,0,500,2,2,302,198,0.0028260821893776587,0.0043299153147637985,0.0004594865405614087,0.00045948654056140857,0.007155997504141457,1.223669655256753e-05
shfa_guided_threshold,SHFA,0,S0,0,500,3,3,302,198,0.005611047761063111,0.005299204162840528,0.0007116248328973001,0.0007116248328973001,0.010910251923903639,2.973408765332266e-05
shfa_guided_threshold,SHFA,0,S0,0,500,4,4,302,198,0.009207381255208105,0.013512651770227526,0.0015444182007070745,0.0015444182007070748,0.022720033025435633,0.00012441613661734756
shfa_guided_threshold,SHFA,0,S0,0,500,5,5,302,198,0.005391759133371344,0.007339812264054687,0.0008352977121510749,0.0008352977121510747,0.01273157139742603,3.957449981194786e-05
shfa_guided_threshold,SHFA,0,S0,0,500,6,6,302,198,0.00534790140783299,0.006268493010917253,0.0007595479337699659,0.0007595479337699658,0.011616394418750243,3.3523282598075634e-05
shfa_guided_threshold,SHFA,0,S0,0,500,7,7,302,198,0.004711964387526862,0.008156055504540353,0.0008426822863342876,0.0008426822863342875,0.012868019892067215,3.8431043080086575e-05
shfa_guided_threshold,SHFA,0,S0,0,500,8,8,302,198,0.004997039603526161,0.004074839302112029,0.0005873545649730457,0.0005873545649730457,0.009071878905638191,2.0362133370658714e-05
shfa_guided_threshold,SHFA,0,S0,0,500,9,9,302,198,0.00541368799614052,0.006064432200795836,0.0007502134561173788,0.0007502134561173788,0.011478120196936357,3.2830943808856456e-05
shfa_guided_threshold,SHFA,0,S0,0,500,10,a,302,198,0.002760295601070129,0.003105550454035303,0.0003751876157012645,0.00037518761570126447,0.005865846055105432,8.572237257174988e-06
shfa_guided_threshold,SHFA,0,S0,0,500,11,b,302,198,0.002848011052146836,0.005656310580553005,0.0005476293370915303,0.0005476293370915301,0.008504321632699841,1.6109235047790047e-05
shfa_guided_threshold,SHFA,0,S0,0,500,12,c,302,198,0.004076027367220737,0.005911386593204775,0.0006483083460587189,0.0006483083460587188,0.00998741396042551,2.409497353212442e-05
shfa_guided_threshold,SHFA,0,S0,0,500,13,d,302,198,0.005545261172755581,0.006931690643811855,0.0008182475235241479,0.0008182475235241477,0.012476951816567435,3.843803498868301e-05
shfa_guided_threshold,SHFA,0,S0,0,500,14,e,302,198,0.0038567387395289678,0.006064432200795838,0.0006434621143723567,0.0006434621143723566,0.009921170940324806,2.3388930602056224e-05
shfa_guided_threshold,SHFA,0,S0,0,500,15,f,302,198,0.005150541642910399,0.005452249770431588,0.0006907565028240307,0.0006907565028240307,0.010602791413341986,2.8082039490156557e-05
shfa_guided_threshold,SHFA,0,S0,0,1000,0,0,578,421,0.001968816225859364,0.0025470263652315204,0.0002872547887787397,0.0002872547887787397,0.0045158425910908845,5.014626835559416e-06
shfa_guided_threshold,SHFA,0,S0,0,1000,1,1,578,421,0.00205262748290849,0.0010800971558499444,0.00019801232702871104,0.00019801232702871104,0.0031327246387584345,2.2170371063088907e-06
shfa_guided_threshold,SHFA,0,S0,0,1000,2,2,578,421,0.0014898947570072202,0.0010462449433257543,0.00016006752612641726,0.00016006752612641726,0.0025361397003329745,1.5587948556063575e-06
shfa_guided_threshold,SHFA,0,S0,0,1000,3,3,578,421,0.0029685647920882174,0.0024116175151347595,0.0003434204370488484,0.0003434204370488484,0.005380182307222977,7.159042847412321e-06
shfa_guided_threshold,SHFA,0,S0,0,1000,4,4,578,421,0.007727846888806407,0.011641987463397296,0.0013005821436112694,0.0013005821436112694,0.019369834352203703,8.996749659853798e-05
shfa_guided_threshold,SHFA,0,S0,0,1000,5,5,578,421,0.00307632212257995,0.004950533454449027,0.0005169079091488047,0.0005169079091488047,0.008026855577028976,1.5229435584493682e-05
shfa_guided_threshold,SHFA,0,S0,0,1000,6,6,578,421,0.0029086996084816993,0.0039913874329303035,0.00044286518715171326,0.00044286518715171337,0.006900087041412003,1.160974706346315e-05
shfa_guided_threshold,SHFA,0,S0,0,1000,7,7,578,421,0.003890488619628597,0.009204628161655598,0.0008542552999410962,0.0008542552999410961,0.013095116781284194,3.5810501110834e-05
shfa_guided_threshold,SHFA,0,S0,0,1000,8,8,578,421,0.0029685647920882174,0.0020053909648444774,0.0003168253678209025,0.00031682536782090255,0.004973955756932695,5.953133012609136e-06
shfa_guided_threshold,SHFA,0,S0,0,1000,9,9,578,421,0.003710893068809042,0.002987105128045994,0.00042970971501890955,0.00042970971501890955,0.006697998196855036,1.1084827715469825e-05
shfa_guided_threshold,SHFA,0,S0,0,1000,10,a,578,421,0.0020286814094658827,0.0020956635315756513,0.00026202299246209904,0.00026202299246209904,0.004124344941041534,4.251433647003142e-06
shfa_guided_threshold,SHFA,0,S0,0,1000,11,b,578,421,0.0021843308868428296,0.0022762086650379995,0.0002837557148844936,0.00028375571488449357,0.004460539551880829,4.971992891941787e-06
shfa_guided_threshold,SHFA,0,S0,0,1000,12,c,578,421,0.0024058320661869475,0.00528905557969093,0.0004936550573808328,0.0004936550573808328,0.007694887645877877,1.2724579513465433e-05
shfa_guided_threshold,SHFA,0,S0,0,1000,13,d,578,421,0.002627333245531064,0.0039913874329303035,0.0004241567473021681,0.00042415674730216814,0.006618720678461368,1.0486704898332676e-05
shfa_guided_threshold,SHFA,0,S0,0,1000,14,e,578,421,0.0015078543120891751,0.0029419688446804073,0.0002825500077065823,0.00028255000770658224,0.004449823156769582,4.436060408483361e-06
shfa_guided_threshold,SHFA,0,S0,0,1000,15,f,578,421,0.0025914141353671535,0.004927965312766233,0.00048273161447843805,0.0004827316144784381,0.007519379448133387,1.2770398970101432e-05
shfa_guided_threshold,SHFA,0,S0,0,1500,0,0,882,617,0.0017453504455448095,0.0019541870135464908,0.00023463183236797748,0.0002346318323679775,0.0036995374590913003,3.4107411747712484e-06
shfa_guided_threshold,SHFA,0,S0,0,1500,1,1,882,617,0.0018944652691008372,0.0012239321335788531,0.00019721853458628229,0.00019721853458628226,0.00311839740267969,2.318696918801624e-06
shfa_guided_threshold,SHFA,0,S0,0,1500,2,2,882,617,0.0012877221939418247,0.0013447656748684625,0.00016626217640582222,0.00016626217640582222,0.002632487868810287,1.731684605179275e-06
shfa_guided_threshold,SHFA,0,S0,0,1500,3,3,882,617,0.0019510260642427793,0.0015233891706878844,0.00022012312416116377,0.00022012312416116374,0.0034744152349306637,2.9721719779972547e-06
shfa_guided_threshold,SHFA,0,S0,0,1500,4,4,882,617,0.007625102195073041,0.010275940465839569,0.0011971702625095512,0.0011971702625095512,0.01790104266091261,7.835509620251319e-05
shfa_guided_threshold,SHFA,0,S0,0,1500,5,5,882,617,0.0028380021698777777,0.004113429860069506,0.00044613842474022254,0.00044613842474022254,0.006951432029947284,1.1673922868517301e-05
shfa_guided_threshold,SHFA,0,S0,0,1500,6,6,882,617,0.002493495508558677,0.0034829939924715453,0.0003822154236909535,0.00038221542369095356,0.005976489501030222,8.684829876564652e-06
shfa_guided_threshold,SHFA,0,S0,0,1500,7,7,882,617,0.0033007723119482107,0.007586080764088271,0.0007054682425945858,0.0007054682425945856,0.010886853076036481,2.503992534230549e-05
shfa_guided_threshold,SHFA,0,S0,0,1500,8,8,882,617,0.0007915297638329706,0.00111360585674921,0.00011995242846718202,0.000119952428467182,0.0019051356205821806,8.81452180795715e-07
shfa_guided_threshold,SHFA,0,S0,0,1500,9,9,882,617,0.0014445498531990275,0.002111795980445981,0.00022532220917635253,0.00022532220917635259,0.0035563458336450087,3.050594573539538e-06
shfa_guided_threshold,SHFA,0,S0,0,1500,10,a,882,617,0.00107433373954268,0.0013815411004783435,0.00015497641371812278,0.00015497641371812278,0.0024558748400210235,1.484236216808808e-06
shfa_guided_threshold,SHFA,0,S0,0,1500,11,b,882,617,0.0008660871756109851,0.0019541870135464908,0.00017795963313352038,0.00017795963313352038,0.002820274189157476,1.6924963111781462e-06
shfa_guided_threshold,SHFA,0,S0,0,1500,12,c,882,617,0.0021618435734081995,0.004118683492299489,0.00040143689104546064,0.00040143689104546064,0.006280527065707689,8.90394943873009e-06
shfa_guided_threshold,SHFA,0,S0,0,1500,13,d,882,617,0.0015628133339503606,0.0030259279884630244,0.00029152529325878016,0.00029152529325878016,0.0045887413224133845,4.728960607943607e-06
shfa_guided_threshold,SHFA,0,S0,0,1500,14,e,882,617,0.001333999208148868,0.002731724583583975,0.00025775185541468447,0.00025775185541468447,0.004065723791732843,3.6441184313818188e-06
shfa_guided_threshold,SHFA,0,S0,0,1500,15,f,882,617,0.002352093520703822,0.004339336045958774,0.00042842087211426855,0.00042842087211426844,0.006691429566662596,1.0206524197856175e-05
shfa_guided_threshold,SHFA,0,S0,0,2000,0,0,1149,850,0.001509192539620861,0.0013006920415224912,0.00017758078104686948,0.00017758078104686948,0.002809884581143352,1.9629947254099706e-06
shfa_guided_threshold,SHFA,0,S0,0,2000,1,1,1149,850,0.001603117631330381,0.0011567474048442905,0.00017434596692061856,0.0001743459669206185,0.0027598650361746716,1.8544021597015443e-06
shfa_guided_threshold,SHFA,0,S0,0,2000,2,2,1149,850,0.0016818935146996551,0.001286851211072664,0.00018771089206705646,0.00018771089206705646,0.002968744725772319,2.1643467062865106e-06
shfa_guided_threshold,SHFA,0,S0,0,2000,3,3,1149,850,0.00218333231076177,0.0009823529411764704,0.00020000013116318246,0.00020000013116318248,0.0031656852519382408,2.1448029170424445e-06
shfa_guided_threshold,SHFA,0,S0,0,2000,4,4,1149,850,0.00703713866297632,0.009372664359861591,0.0010915694276692517,0.0010915694276692517,0.016409803022837913,6.59567387418822e-05
shfa_guided_threshold,SHFA,0,S0,0,2000,5,5,1149,850,0.0028392930318943852,0.0032384083044982703,0.0003890511236579318,0.00038905112365793183,0.0060777013363926555,9.19479013339085e-06
shfa_guided_threshold,SHFA,0,S0,0,2000,6,6,1149,850,0.0024499583775500853,0.002621107266435986,0.00032336320645499173,0.0003233632064549917,0.005071065643986071,6.421603705862247e-06
shfa_guided_threshold,SHFA,0,S0,0,2000,7,7,1149,850,0.0030680460778320876,0.006266782006920414,0.0006026535312539923,0.0006026535312539923,0.009334828084752502,1.9226775956960875e-05
shfa_guided_threshold,SHFA,0,S0,0,2000,8,8,1149,850,0.0005805460683638325,0.0006003460207612455,7.415428409232819e-05,7.415428409232819e-05,0.001180892089125078,3.4852852201081285e-07
shfa_guided_threshold,SHFA,0,S0,0,2000,9,9,1149,850,0.0012562007603387662,0.0014280276816608997,0.00016955816708446637,0.00016955816708446634,0.002684228441999666,1.7938894594872278e-06
shfa_guided_threshold,SHFA,0,S0,0,2000,10,a,1149,850,0.0008395975309820246,0.0009768166089965395,0.00011434601656179597,0.00011434601656179598,0.001816414139978564,8.201328131357284e-07
shfa_guided_threshold,SHFA,0,S0,0,2000,11,b,1149,850,0.000710829260089941,0.001134602076124567,0.00011614596686767488,0.00011614596686767488,0.0018454313362145079,8.065083542681368e-07
shfa_guided_threshold,SHFA,0,S0,0,2000,12,c,1149,850,0.0016864382772017292,0.0036868512110726642,0.0003420482400218501,0.00034204824002185007,0.005373289488274393,6.217647004700493e-06
shfa_guided_threshold,SHFA,0,S0,0,2000,13,d,1149,850,0.0011016788352682663,0.0018294117647058824,0.00018520858672055153,0.0001852085867205515,0.0029310905999741484,2.01542422216724e-06
shfa_guided_threshold,SHFA,0,S0,0,2000,14,e,1149,850,0.0007729410142849459,0.001541522491349481,0.0001458454750601584,0.0001458454750601584,0.002314463505634427,1.1915059580067248e-06
shfa_guided_threshold,SHFA,0,S0,0,2000,15,f,1149,850,0.0022651380357990936,0.004005190311418685,0.0004009678306161197,0.0004009678306161196,0.006270328347217778,9.07230891500848e-06
shfa_guided_threshold,SHFA,0,S0,0,3000,0,0,1716,1283,0.0012262892507647755,0.0009273116459681101,0.00013573720834936503,0.00013573720834936503,0.0021536008967328853,1.1371523035596844e-06
shfa_guided_threshold,SHFA,0,S0,0,3000,1,1,1716,1283,0.0013315647056905797,0.000794876522472357,0.0001339610062828898,0.0001339610062828898,0.0021264412281629366,1.0584295227062555e-06
shfa_guided_threshold,SHFA,0,S0,0,3000,2,2,1716,1283,0.000966156997625529,0.001475277156945949,0.00015401498400933778,0.0001540149840093378,0.002441434154571478,1.4253493486204243e-06
shfa_guided_threshold,SHFA,0,S0,0,3000,3,3,1716,1283,0.0014755543601697447,0.0007863715145414371,0.00014253070108644376,0.00014253070108644376,0.0022619258747111817,1.1603339169949034e-06
shfa_guided_threshold,SHFA,0,S0,0,3000,4,4,1716,1283,0.007192351160882629,0.008869774052314303,0.0010676773555267378,0.0010676773555267378,0.016062125213196932,6.379452970192939e-05
shfa_guided_threshold,SHFA,0,S0,0,3000,5,5,1716,1283,0.0028502480425557346,0.0026842032842695628,0.0003535538530833921,0.00035355385308339206,0.005534451326825297,7.650645156810995e-06
shfa_guided_threshold,SHFA,0,S0,0,3000,6,6,1716,1283,0.00248959470987443,0.0024655030803316224,0.00031583171531385104,0.000315831715313851,0.004955097790206052,6.138103425972719e-06
shfa_guided_threshold,SHFA,0,S0,0,3000,7,7,1716,1283,0.003623173640656158,0.005176170608029093,0.0005687131804493783,0.0005687131804493783,0.00879934424868525,1.8754164906550167e-05
shfa_guided_threshold,SHFA,0,S0,0,3000,8,8,1716,1283,0.0003324666786205245,0.0005494462936086689,5.530223334864102e-05,5.530223334864102e-05,0.0008819129722291934,1.8267258431643167e-07
shfa_guided_threshold,SHFA,0,S0,0,3000,9,9,1716,1283,0.0007189294776707365,0.0012419969394121457,0.0001234508092786004,0.00012345080927860037,0.001960926417082882,8.929082109202273e-07
shfa_guided_threshold,SHFA,0,S0,0,3000,10,a,1716,1283,0.0004180454355279533,0.0007426314737538492,7.285276052799486e-05,7.285276052799484e-05,0.0011606769092818024,3.104536978821937e-07
shfa_guided_threshold,SHFA,0,S0,0,3000,11,b,1716,1283,0.0002951108720339488,0.0010864767943896108,8.666986026570944e-05,8.666986026570945e-05,0.0013815876664235597,3.2063111423696736e-07
shfa_guided_threshold,SHFA,0,S0,0,3000,12,c,1716,1283,0.0016901804489217076,0.0032151587793855622,0.00031201790027830085,0.0003120179002783008,0.00490533922830727,5.434198509096459e-06
shfa_guided_threshold,SHFA,0,S0,0,3000,13,d,1716,1283,0.0006686689378997072,0.000932171650500064,0.00010067585100246578,0.0001006758510024658,0.0016008405883997713,6.233142274800949e-07
shfa_guided_threshold,SHFA,0,S0,0,3000,14,e,1716,1283,0.0007773403752424728,0.0010597467694638618,0.00011564173049558295,0.00011564173049558295,0.0018370871447063346,8.237839514370367e-07
shfa_guided_threshold,SHFA,0,S0,0,3000,15,f,1716,1283,0.0021513548611450713,0.0038080793322839766,0.0003806571670724507,0.0003806571670724507,0.005959434193429048,8.19252998313521e-06
shfa_guided_threshold,SHFA,0,S0,0,4000,0,0,2287,1711,0.0011599444513379462,0.0006295215303323185,0.00011257183386049827,0.00011257183386049829,0.0017894659816702647,7.302100061067454e-07
shfa_guided_threshold,SHFA,0,S0,0,4000,1,1,2287,1711,0.0009928434303583555,0.000596729280507296,9.994075317495736e-05,9.994075317495736e-05,0.0015895727108656515,5.924587458541371e-07
shfa_guided_threshold,SHFA,0,S0,0,4000,2,2,2287,1711,0.0011515320429591105,0.0013386539327984322,0.00015717812638289705,0.00015717812638289705,0.0024901859757575427,1.5415028980506264e-06
shfa_guided_threshold,SHFA,0,S0,0,4000,3,3,2287,1711,0.0012012417288340459,0.0007511261234334442,0.00012292527480980373,0.00012292527480980373,0.00195236785226749,9.022840430856054e-07
shfa_guided_threshold,SHFA,0,S0,0,4000,4,4,2287,1711,0.007487987463217223,0.008122550615349982,0.0010364801870875384,0.0010364801870875384,0.015610538078567205,6.0821557177088e-05
shfa_guided_threshold,SHFA,0,S0,0,4000,5,5,2287,1711,0.0025009588233640876,0.0025157590671424732,0.0003198366779930882,0.00031983667799308826,0.005016717890506561,6.2918098364281745e-06
shfa_guided_threshold,SHFA,0,S0,0,4000,6,6,2287,1711,0.002427541441148798,0.0028887709089021056,0.00033928213297352644,0.0003392821329735264,0.005316312350050903,7.012611095344941e-06
shfa_guided_threshold,SHFA,0,S0,0,4000,7,7,2287,1711,0.0032072187449872086,0.005211555271507873,0.0005428879737882596,0.0005428879737882596,0.008418774016495082,1.671459775731695e-05
shfa_guided_threshold,SHFA,0,S0,0,4000,8,8,2287,1711,0.000337057959008246,0.0005229467184009954,5.3926555691651885e-05,5.392655569165189e-05,0.0008600046774092415,1.762633535742995e-07
shfa_guided_threshold,SHFA,0,S0,0,4000,9,9,2287,1711,0.0009469575664737994,0.0009827213878226661,0.00012153553009746342,0.0001215355300974634,0.0019296789542964654,9.305954539343067e-07
shfa_guided_threshold,SHFA,0,S0,0,4000,10,a,2287,1711,0.0004896284564243939,0.0007866510607438856,8.015263656763411e-05,8.015263656763411e-05,0.0012762795171682795,3.8516674461664083e-07
shfa_guided_threshold,SHFA,0,S0,0,4000,11,b,2287,1711,0.0003645894773389791,0.0007811856857730484,7.189575977538241e-05,7.189575977538241e-05,0.0011457751631120275,2.848120808806877e-07
shfa_guided_threshold,SHFA,0,S0,0,4000,12,c,2287,1711,0.0015461504723662902,0.0031155839701918443,0.0002961755642870924,0.0002961755642870924,0.004661734442558135,4.817161627208962e-06
shfa_guided_threshold,SHFA,0,S0,0,4000,13,d,2287,1711,0.0007500307339692477,0.0008781960915054065,0.00010242285065124662,0.00010242285065124662,0.0016282268254746543,6.586740590807246e-07
shfa_guided_threshold,SHFA,0,S0,0,4000,14,e,2287,1711,0.0005003351579974568,0.0008638494822069593,8.569375427994205e-05,8.569375427994203e-05,0.001364184640204416,4.322142671660402e-07
shfa_guided_threshold,SHFA,0,S0,0,4000,15,f,2287,1711,0.0020589250012762,0.003677834420316711,0.0003661198490881012,0.0003661198490881012,0.005736759421592911,7.572385238544237e-06
shfa_guided_threshold,SHFA,0,S0,0,6000,0,0,3410,2586,0.0008049251382427053,0.000919004946020843,0.00010848536044969334,0.00010848536044969332,0.0017239300842635482,7.39730183221557e-07
shfa_guided_threshold,SHFA,0,S0,0,6000,1,1,3410,2586,0.0008107730411675165,0.0005610180704118614,8.619180280080888e-05,8.619180280080888e-05,0.001371791111579378,4.5485832709775676e-07
shfa_guided_threshold,SHFA,0,S0,0,6000,2,2,3410,2586,0.0010097737377559534,0.0011959438322480076,0.0001390649807988828,0.0001390649807988828,0.002205717570003961,1.2076326736352494e-06
shfa_guided_threshold,SHFA,0,S0,0,6000,3,3,3410,2586,0.0008489564073236388,0.0007954890064832412,0.00010345317385193946,0.00010345317385193945,0.0016444454138068798,6.753354890094633e-07
shfa_guided_threshold,SHFA,0,S0,0,6000,4,4,3410,2586,0.006819665293556126,0.009434427092398896,0.0010802204091288074,0.0010802204091288072,0.016254092385955023,6.43396350066184e-05
shfa_guided_threshold,SHFA,0,S0,0,6000,5,5,3410,2586,0.002380074990755154,0.0029996354335828173,0.0003433712587979767,0.0003433712587979767,0.005379710424337971,7.139357276853456e-06
shfa_guided_threshold,SHFA,0,S0,0,6000,6,6,3410,2586,0.0022429932663117786,0.0031165718315469882,0.0003419632682483098,0.0003419632682483098,0.005359565097858766,6.9904496321368615e-06
shfa_guided_threshold,SHFA,0,S0,0,6000,7,7,3410,2586,0.003325199301691592,0.005580012010654072,0.0005751303590628616,0.0005751303590628616,0.008905211312345663,1.8554652041257615e-05
shfa_guided_threshold,SHFA,0,S0,0,6000,8,8,3410,2586,0.00024163448886748486,0.0002688266105371958,3.196877649342368e-05,3.196877649342368e-05,0.0005104610994046807,6.495778063113373e-08
shfa_guided_threshold,SHFA,0,S0,0,6000,9,9,3410,2586,0.0008651241389392935,0.00046292308695342684,8.340343755529073e-05,8.340343755529073e-05,0.0013280472258927205,4.004859369957031e-07
shfa_guided_threshold,SHFA,0,S0,0,6000,10,a,3410,2586,0.000481742503074449,0.0005598217901257828,6.53674582754653e-05,6.53674582754653e-05,0.001041564293200232,2.696899504508135e-07
shfa_guided_threshold,SHFA,0,S0,0,6000,11,b,3410,2586,0.00026175815481463004,0.0009345565897398626,7.501429934315596e-05,7.501429934315596e-05,0.0011963147445544927,2.4462780850015964e-07
shfa_guided_threshold,SHFA,0,S0,0,6000,12,c,3410,2586,0.0016196756133848179,0.0030717113208190445,0.00029818685930543007,0.00029818685930543007,0.004691386934203862,4.975175917688675e-06
shfa_guided_threshold,SHFA,0,S0,0,6000,13,d,3410,2586,0.0006122883360136222,0.000868761174005547,9.309752670982316e-05,9.309752670982317e-05,0.0014810495100191692,5.319323336250972e-07
shfa_guided_threshold,SHFA,0,S0,0,6000,14,e,3410,2586,0.00044046318831107397,0.0006363837284348046,6.758323590263311e-05,6.75832359026331e-05,0.0010768469167458787,2.803036060156827e-07
shfa_guided_threshold,SHFA,0,S0,0,6000,15,f,3410,2586,0.0018319200901265045,0.003556802976823864,0.00034331097051426345,0.00034331097051426345,0.005388723066950369,6.515778829865392e-06
shfa_guided_threshold,SHFA,0,S0,0,8000,0,0,4507,3489,0.0008361835537343508,0.0009873341027333913,0.00011479544606798062,0.00011479544606798061,0.0018235176564677421,8.255925387467237e-07
shfa_guided_threshold,SHFA,0,S0,0,8000,1,1,4507,3489,0.0007949292841266716,0.0006092880782175745,8.824792608235979e-05,8.824792608235979e-05,0.0014042173623442461,4.84340935844412e-07
shfa_guided_threshold,SHFA,0,S0,0,8000,2,2,4507,3489,0.0008045782541065104,0.0011562308055592316,0.0001234808443919899,0.00012348084439198987,0.001960809059665742,9.302781628810106e-07
shfa_guided_threshold,SHFA,0,S0,0,8000,3,3,4507,3489,0.000678255514472495,0.0008931922635123727,9.882129870226566e-05,9.882129870226566e-05,0.0015714477779848676,6.058125782114367e-07
shfa_guided_threshold,SHFA,0,S0,0,8000,4,4,4507,3489,0.006367701741870461,0.009235670745407033,0.0010340207771477137,0.0010340207771477137,0.015603372487277493,5.880999669287042e-05
shfa_guided_threshold,SHFA,0,S0,0,8000,5,5,4507,3489,0.0021018724220081384,0.002894815347682817,0.00031837751815178505,0.0003183775181517851,0.004996687769690955,6.084532546100413e-06
shfa_guided_threshold,SHFA,0,S0,0,8000,6,6,4507,3489,0.0018855582684805222,0.0028571914712751155,0.0003018092597380221,0.0003018092597380222,0.004742749739755638,5.387401003294822e-06
shfa_guided_threshold,SHFA,0,S0,0,8000,7,7,4507,3489,0.0029488156849323804,0.005182478470393911,0.0005234880585082151,0.0005234880585082151,0.00813129415532629,1.5282173800321937e-05
shfa_guided_threshold,SHFA,0,S0,0,8000,8,8,4507,3489,0.0002417873112007951,0.000272644747390583,3.221792570234572e-05,3.221792570234572e-05,0.0005144320585913781,6.592204038458906e-08
shfa_guided_threshold,SHFA,0,S0,0,8000,9,9,4507,3489,0.0006358197383366721,0.00042281166021433577,6.643329440860117e-05,6.643329440860117e-05,0.001058631398551008,2.688319991631729e-07
shfa_guided_threshold,SHFA,0,S0,0,8000,10,a,4507,3489,0.0002853061349874161,0.0005319044721563189,5.122741855561688e-05,5.122741855561687e-05,0.0008172106071437349,1.51755609133441e-07
shfa_guided_threshold,SHFA,0,S0,0,8000,11,b,4507,3489,0.00032872649989669196,0.0007394108298110236,6.70016470408017e-05,6.70016470408017e-05,0.0010681373297077156,2.430639340694864e-07
shfa_guided_threshold,SHFA,0,S0,0,8000,12,c,4507,3489,0.0014440686624642121,0.002997172007080189,0.0002819056640179645,0.0002819056640179646,0.004441240669544402,4.328122171439467e-06
shfa_guided_threshold,SHFA,0,S0,0,8000,13,d,4507,3489,0.0005248565835685229,0.000781635005517484,8.20659705964689e-05,8.20659705964689e-05,0.0013064915890860069,4.102462785934702e-07
shfa_guided_threshold,SHFA,0,S0,0,8000,14,e,4507,3489,0.00031897907103950766,0.00039488127161473204,4.474223027708055e-05,4.4742230277080546e-05,0.0007138603426542397,1.2595886119056674e-07
shfa_guided_threshold,SHFA,0,S0,0,8000,15,f,4507,3489,0.0017413160131696623,0.0035071480436282523,0.0003341360565987962,0.0003341360565987962,0.005248464056797915,6.107053048926529e-06
shfa_guided_threshold,SHFA,0,S5,5,250,0,0,159,91,0.00937215695581662,0.022634645574206014,0.0022125606090871532,0.0022125606090871537,0.03200680253002264,0.00021213545096073876
shfa_guided_threshold,SHFA,0,S5,5,250,1,1,159,91,0.005574838811755864,0.011283359497645213,0.001116540304792034,0.0011165403047920341,0.01685819830940108,6.290291045446669e-05
shfa_guided_threshold,SHFA,0,S5,5,250,2,2,159,91,0.010321486491831813,0.010317292597512379,0.0013964134892615124,0.0013964134892615124,0.02063877908934419,0.00010648979617750037
shfa_guided_threshold,SHFA,0,S5,5,250,3,3,159,91,0.004071733713065149,0.015872177273276174,0.0013111217159496777,0.0013111217159496777,0.019943910986341323,6.462727930334506e-05
shfa_guided_threshold,SHFA,0,S5,5,250,4,4,159,91,0.003913512123729283,0.023842229199372057,0.0018280406857223088,0.0018280406857223085,0.027755741323101338,9.330685302847486e-05
shfa_guided_threshold,SHFA,0,S5,5,250,5,5,159,91,0.00415084450773308,0.006936058447047458,0.0007217219347840263,0.0007217219347840263,0.011086902954780539,2.879050011024258e-05
shfa_guided_threshold,SHFA,0,S5,5,250,6,6,159,91,0.005653949606423795,0.0165967274483758,0.001484504376549642,0.0014845043765496421,0.022250677054799595,9.383706062466736e-05
shfa_guided_threshold,SHFA,0,S5,5,250,7,7,159,91,0.00510017404374827,0.010800326047578796,0.0010488647982798212,0.0010488647982798212,0.015900500091327065,5.508354257187971e-05
shfa_guided_threshold,SHFA,0,S5,5,250,8,8,159,91,0.00771083026779004,0.01804582779857505,0.0017489394443443978,0.0017489394443443974,0.02575665806636509,0.0001391483151965794
shfa_guided_threshold,SHFA,0,S5,5,250,9,9,159,91,0.007157054705114513,0.015630660548242963,0.0015361016959556926,0.0015361016959556922,0.022787715253357474,0.00011186949262085009
shfa_guided_threshold,SHFA,0,S5,5,250,10,a,159,91,0.0028059609983782275,0.013698526747977297,0.0010699680159372853,0.0010699680159372855,0.016504487746355524,3.843753179006523e-05
shfa_guided_threshold,SHFA,0,S5,5,250,11,b,159,91,0.009134824571812824,0.02263464557420601,0.002192355400691709,0.002192355400691709,0.03176947014601884,0.00020676351656553145
shfa_guided_threshold,SHFA,0,S5,5,250,12,c,159,91,0.005891281990427594,0.007902125347180294,0.0009086416073444376,0.0009086416073444377,0.013793407337607888,4.6553648743944666e-05
shfa_guided_threshold,SHFA,0,S5,5,250,13,d,159,91,0.0020939638463668363,0.016838244173409008,0.0012185216757714056,0.0012185216757714056,0.018932208019775843,3.52586745354155e-05
shfa_guided_threshold,SHFA,0,S5,5,250,14,e,159,91,0.0083437166251335,0.01466459364811013,0.0015603766059002903,0.0015603766059002905,0.02300831027324363,0.0001223572138225636
shfa_guided_threshold,SHFA,0,S5,5,250,15,f,159,91,0.0023312962303706332,0.011766392947711628,0.000908536521154201,0.000908536521154201,0.01409768917808226,2.7430947524059722e-05
shfa_guided_threshold,SHFA,0,S5,5,500,0,0,294,206,0.006082535054838262,0.009090159298708642,0.001003584609685141,0.0010035846096851408,0.015172694353546904,5.529121258845931e-05
shfa_guided_threshold,SHFA,0,S5,5,500,1,1,294,206,0.0038612383729001807,0.005743943821283816,0.0006225026234310237,0.0006225026234310236,0.009605182194183996,2.2178736294523967e-05
shfa_guided_threshold,SHFA,0,S5,5,500,2,2,294,206,0.00619822759035587,0.00484847770760675,0.0007204710494211772,0.0007204710494211773,0.01104670529796262,3.0051968298513535e-05
shfa_guided_threshold,SHFA,0,S5,5,500,3,3,294,206,0.003514160766347355,0.005508294844000377,0.0005832605092769929,0.0005832605092769928,0.009022455610347733,1.935703363025955e-05
shfa_guided_threshold,SHFA,0,S5,5,500,4,4,294,206,0.0029356980887593133,0.008665991139598454,0.0007505463103980849,0.0007505463103980848,0.011601689228357767,2.5440733625724325e-05
shfa_guided_threshold,SHFA,0,S5,5,500,5,5,294,206,0.0022415428756536633,0.0018793005938354229,0.00026176524970039134,0.0002617652497003914,0.004120843469489086,4.212532857323491e-06
shfa_guided_threshold,SHFA,0,S5,5,500,6,6,294,206,0.004254592993660049,0.0050841266848901875,0.0006053008696818038,0.0006053008696818036,0.009338719678550236,2.1630889772413884e-05
shfa_guided_threshold,SHFA,0,S5,5,500,7,7,294,206,0.003236498681105095,0.004377179753039872,0.0004900216386317339,0.0004900216386317339,0.007613678434144967,1.416673649767347e-05
shfa_guided_threshold,SHFA,0,S5,5,500,8,8,294,206,0.004254592993660048,0.007534876048637951,0.0007688996459882568,0.0007688996459882569,0.011789469042297999,3.205783084463193e-05
shfa_guided_threshold,SHFA,0,S5,5,500,9,9,294,206,0.0027043130177240964,0.006403760957677444,0.0005865723975828367,0.0005865723975828367,0.00910807397540154,1.7317774120240438e-05
shfa_guided_threshold,SHFA,0,S5,5,500,10,a,294,206,0.0022878198898607064,0.0037173626166462446,0.0003838285627888724,0.0003838285627888723,0.0060051825065069505,8.504656132187919e-06
shfa_guided_threshold,SHFA,0,S5,5,500,11,b,294,206,0.006290781618769958,0.008430342162315016,0.0009731036778324435,0.0009731036778324435,0.014721123781084974,5.303344151463268e-05
shfa_guided_threshold,SHFA,0,S5,5,500,12,c,294,206,0.0026117589893100094,0.0036231030257328684,0.00039914154783683405,0.00039914154783683394,0.006234862015042877,9.462671896654113e-06
shfa_guided_threshold,SHFA,0,S5,5,500,13,d,294,206,0.0034447452450367894,0.005225516071260251,0.0005598919039079022,0.0005598919039079021,0.00867026131629704,1.8000571639337073e-05
shfa_guided_threshold,SHFA,0,S5,5,500,14,e,294,206,0.003606714794761443,0.005366905457630314,0.000580208163090606,0.0005802081630906059,0.008973620252391757,1.9356897316121186e-05
shfa_guided_threshold,SHFA,0,S5,5,500,15,f,294,206,0.0020795733259290116,0.0031989348666226795,0.0003365591816544935,0.0003365591816544935,0.005278508192551691,6.652419620012804e-06
shfa_guided_threshold,SHFA,0,S5,5,1000,0,0,596,403,0.003910296833475969,0.00662794241698428,0.0006845571753993603,0.0006845571753993603,0.01053823925046025,2.5917222245594692e-05
shfa_guided_threshold,SHFA,0,S5,5,1000,1,1,596,403,0.001534277735237152,0.001689792437611216,0.00020409699671722201,0.00020409699671722201,0.0032240701728483683,2.592610914199003e-06
shfa_guided_threshold,SHFA,0,S5,5,1000,2,2,596,403,0.002457659564884464,0.0033645764705157962,0.00037215873575706463,0.00037215873575706463,0.005822236035400261,8.268983544548358e-06
shfa_guided_threshold,SHFA,0,S5,5,1000,3,3,596,403,0.0036569298680239628,0.0049531583840797,0.0005562438685922734,0.0005562438685922733,0.008610088252103663,1.8113352835794362e-05
shfa_guided_threshold,SHFA,0,S5,5,1000,4,4,596,403,0.002063533174181343,0.006098415112462979,0.0005227060498097663,0.0005227060498097663,0.008161948286644322,1.2584281894496205e-05
shfa_guided_threshold,SHFA,0,S5,5,1000,5,5,596,403,0.001686297914508356,0.0015297027874071017,0.00020357957848993836,0.00020357957848993834,0.0032160007019154577,2.5795346202222147e-06
shfa_guided_threshold,SHFA,0,S5,5,1000,6,6,596,403,0.0017876447006891583,0.0038079016556964206,0.0003565288224896499,0.00035652882248964985,0.005595546356385579,6.807175215551178e-06
shfa_guided_threshold,SHFA,0,S5,5,1000,7,7,596,403,0.0021254673212918332,0.0028104199890400163,0.0003144664127415505,0.0003144664127415505,0.0049358873103318495,5.973455845809907e-06
shfa_guided_threshold,SHFA,0,S5,5,1000,8,8,596,403,0.0043269447322192706,0.00611072970094022,0.0006787954417619671,0.0006787954417619672,0.01043767443315949,2.6440789689499123e-05
shfa_guided_threshold,SHFA,0,S5,5,1000,9,9,596,403,0.0026716138912661596,0.0034754077668109526,0.00039347380129744596,0.00039347380129744596,0.006147021658077113,9.284947667626443e-06
shfa_guided_threshold,SHFA,0,S5,5,1000,10,a,596,403,0.0026885050222962927,0.0020469155034511625,0.0003014669254704606,0.00030146692547046054,0.004735420525747455,5.503142611244595e-06
shfa_guided_threshold,SHFA,0,S5,5,1000,11,b,596,403,0.0059710148191522905,0.009891308363452766,0.0010504563477317973,0.0010504563477317975,0.015862323182605057,5.906114881898145e-05
shfa_guided_threshold,SHFA,0,S5,5,1000,12,c,596,403,0.0026828746452862485,0.0013449839602485084,0.0002553495862111897,0.0002553495862111897,0.0040278586055347565,3.608423365267411e-06
shfa_guided_threshold,SHFA,0,S5,5,1000,13,d,596,403,0.0030995225440295475,0.003906418363514338,0.0004499793385056165,0.00044997933850561653,0.007005940907543885,1.2108031784123702e-05
shfa_guided_threshold,SHFA,0,S5,5,1000,14,e,596,403,0.002970023872798523,0.0036724411824467854,0.0004260613039361472,0.0004260613039361472,0.0066424650552453085,1.0907237983315389e-05
shfa_guided_threshold,SHFA,0,S5,5,1000,15,f,596,403,0.0028067429395072295,0.002083859268882882,0.0003115114953142457,0.0003115114953142457,0.0048906022083901116,5.848857289863727e-06
shfa_guided_threshold,SHFA,0,S5,5,1500,0,0,912,587,0.0025801208064019704,0.006696590523233374,0.0005970724706431576,0.0005970724706431576,0.009276711329635343,1.7278012540948683e-05
shfa_guided_threshold,SHFA,0,S5,5,1500,1,1,912,587,0.0011301554324407513,0.0014552600495111284,0.0001632331376725615,0.0001632331376725615,0.0025854154819518796,1.6446700505689983e-06
shfa_guided_threshold,SHFA,0,S5,5,1500,2,2,912,587,0.001692828562634657,0.002389760831647653,0.000259207292536323,0.0002592072925363231,0.00408258939428231,4.045455393678699e-06
shfa_guided_threshold,SHFA,0,S5,5,1500,3,3,912,587,0.002520006155740228,0.004798567195539936,0.00046950325332650395,0.000469503253326504,0.007318573351280164,1.209241887149376e-05
shfa_guided_threshold,SHFA,0,S5,5,1500,4,4,912,587,0.001536530470914128,0.004845002017012558,0.000406290273726198,0.0004062902737261981,0.006381532487926686,7.444493230780206e-06
shfa_guided_threshold,SHFA,0,S5,5,1500,5,5,912,587,0.0015028662665435518,0.0011998685314117059,0.0001707241668123494,0.0001707241668123494,0.0027027347979552575,1.803241940145805e-06
shfa_guided_threshold,SHFA,0,S5,5,1500,6,6,912,587,0.0011325600184672207,0.0025000435326451307,0.00022986917129402338,0.00022986917129402338,0.0036326035511123514,2.8314493495014247e-06
shfa_guided_threshold,SHFA,0,S5,5,1500,7,7,912,587,0.0012407663896583567,0.002198217193073085,0.00021766394793104935,0.00021766394793104932,0.0034389835827314417,2.7274740103342185e-06
shfa_guided_threshold,SHFA,0,S5,5,1500,8,8,912,587,0.0031596260387811636,0.005791111504517237,0.0005777188431593077,0.0005777188431593078,0.0089507375432984,1.8297746703157823e-05
shfa_guided_threshold,SHFA,0,S5,5,1500,9,9,912,587,0.0019068367189904593,0.002749630698060476,0.0002962723103444085,0.0002962723103444086,0.0046564674170509355,5.2430967787250846e-06
shfa_guided_threshold,SHFA,0,S5,5,1500,10,a,912,587,0.001397064481378886,0.002563891412169986,0.0002511416649728595,0.00025114166497285957,0.003960955893548872,3.581921626055041e-06
shfa_guided_threshold,SHFA,0,S5,5,1500,11,b,912,587,0.00477550784856879,0.010388158830306846,0.0009973379014560368,0.0009973379014560368,0.015163666678875636,4.960873402630952e-05
shfa_guided_threshold,SHFA,0,S5,5,1500,12,c,912,587,0.0014331332717759313,0.0018325429739761846,0.00020673104366747175,0.00020673104366747175,0.003265676245752116,2.6262783079644846e-06
shfa_guided_threshold,SHFA,0,S5,5,1500,13,d,912,587,0.001709660664819945,0.003765392417774089,0.00034862836096640675,0.00034862836096640675,0.005475053082594034,6.437543304279629e-06
shfa_guided_threshold,SHFA,0,S5,5,1500,14,e,912,587,0.0023204255155432445,0.0028483046936897977,0.0003296549169643445,0.00032965491696434454,0.005168730209233042,6.609278887279392e-06
shfa_guided_threshold,SHFA,0,S5,5,1500,15,f,912,587,0.0023613034779932296,0.0024478043584884304,0.00030634924872524947,0.00030634924872524947,0.00480910783648166,5.780008945145717e-06
shfa_guided_threshold,SHFA,0,S5,5,2000,0,0,1210,789,0.0022756300799125742,0.004917805985661526,0.00046078086132652675,0.0004607808613265268,0.007193436065574101,1.1191107228145474e-05
shfa_guided_threshold,SHFA,0,S5,5,2000,1,1,1210,789,0.0008836486578785602,0.0014351925477212816,0.00014619578131858134,0.00014619578131858132,0.0023188412055998417,1.268205968591222e-06
shfa_guided_threshold,SHFA,0,S5,5,2000,2,2,1210,789,0.0014792363909569015,0.0016536590733485295,0.00019825211919862265,0.00019825211919862265,0.003132895464305431,2.4461526795332127e-06
shfa_guided_threshold,SHFA,0,S5,5,2000,3,3,1210,789,0.0022442114609657815,0.0038286861005492182,0.0003881484788219804,0.00038814847882198044,0.006072897561515,8.592381227292942e-06
shfa_guided_threshold,SHFA,0,S5,5,2000,4,4,1210,789,0.0013180452154907452,0.002896990623609485,0.00026725810457453445,0.0002672581045745344,0.00421503583910023,3.818364630770032e-06
shfa_guided_threshold,SHFA,0,S5,5,2000,5,5,1210,789,0.0010639642100949388,0.0010239614406582266,0.00013158481149745045,0.00013158481149745045,0.0020879256507531654,1.0894583253776056e-06
shfa_guided_threshold,SHFA,0,S5,5,2000,6,6,1210,789,0.0006090772488218016,0.001994209833885122,0.00016392007050837883,0.00016392007050837886,0.0026032870827069235,1.2146278391961318e-06
shfa_guided_threshold,SHFA,0,S5,5,2000,7,7,1210,789,0.001043473806433987,0.0013998523744580501,0.00015416859559137374,0.0001541685955913737,0.002443326180892037,1.4607092856213965e-06
shfa_guided_threshold,SHFA,0,S5,5,2000,8,8,1210,789,0.003125298818386722,0.004898529527517948,0.0005167986401632261,0.0005167986401632262,0.00802382834590467,1.530936854418431e-05
shfa_guided_threshold,SHFA,0,S5,5,2000,9,9,1210,789,0.0020666279625708626,0.002810246561963371,0.00031061239191006174,0.00031061239191006174,0.0048768745245342335,5.807734126672132e-06
shfa_guided_threshold,SHFA,0,S5,5,2000,10,a,1210,789,0.0015393415750290284,0.0028809269084898335,0.00028070151078478714,0.00028070151078478714,0.004420268483518862,4.43473056485825e-06
shfa_guided_threshold,SHFA,0,S5,5,2000,11,b,1210,789,0.0048314664298886685,0.010948124641578356,0.001039119938642712,0.0010391199386427118,0.015779591071467026,5.289549667602274e-05
shfa_guided_threshold,SHFA,0,S5,5,2000,12,c,1210,789,0.0013002868656512528,0.001737190391970713,0.00019210117445118795,0.00019210117445118792,0.0030374772576219657,2.25884584981507e-06
shfa_guided_threshold,SHFA,0,S5,5,2000,13,d,1210,789,0.001480602417867632,0.0029098415957052046,0.00027871106935051525,0.00027871106935051525,0.004390444013572837,4.308318502212934e-06
shfa_guided_threshold,SHFA,0,S5,5,2000,14,e,1210,789,0.0023630558021993037,0.002463270315378919,0.0003074662275597803,0.00030746622755978037,0.004826326117578223,5.820845211141464e-06
shfa_guided_threshold,SHFA,0,S5,5,2000,15,f,1210,789,0.0018466976299433102,0.0021966126443927194,0.0002567633715103054,0.00025676337151030534,0.004043310274336029,4.056479364303542e-06
shfa_guided_threshold,SHFA,0,S5,5,3000,0,0,1819,1179,0.0018343535540947201,0.005180737474650028,0.0004479464934960027,0.00044794649349600275,0.007015091028744748,9.503304199455983e-06
shfa_guided_threshold,SHFA,0,S5,5,3000,1,1,1819,1179,0.0006586868921629576,0.001103159906794116,0.0001108420619053821,0.00011084206190538209,0.0017618467989570735,7.266369705649942e-07
shfa_guided_threshold,SHFA,0,S5,5,3000,2,2,1819,1179,0.0009506390760771176,0.0015491899159808956,0.0001577120324740219,0.00015771203247402188,0.002499828992058013,1.472720470396066e-06
shfa_guided_threshold,SHFA,0,S5,5,3000,3,3,1819,1179,0.0018833144793474052,0.0037807787683960398,0.00036112622338169484,0.00036112622338169484,0.005664093247743445,7.120395397729511e-06
shfa_guided_threshold,SHFA,0,S5,5,3000,4,4,1819,1179,0.0009034915184263839,0.002313196157523411,0.00020313293285564111,0.0002031329328556411,0.003216687675949795,2.0899531087789036e-06
shfa_guided_threshold,SHFA,0,S5,5,3000,5,5,1819,1179,0.0009198118268439451,0.0011405688753065558,0.00012982290262524338,0.00012982290262524335,0.0020603807021505006,1.0491087408370667e-06
shfa_guided_threshold,SHFA,0,S5,5,3000,6,6,1819,1179,0.0005879655556868569,0.0014830048178435026,0.0001303076040974571,0.00013030760409745711,0.0020709703735303595,8.719557518096409e-07
shfa_guided_threshold,SHFA,0,S5,5,3000,7,7,1819,1179,0.00046102982355026575,0.0010412912281004658,9.437513203932633e-05,9.437513203932631e-05,0.0015023210516507315,4.800663111555972e-07
shfa_guided_threshold,SHFA,0,S5,5,3000,8,8,1819,1179,0.0027301571494586646,0.004878588113588016,0.000488865891157994,0.000488865891157994,0.007608745263046681,1.3319312217576382e-05
shfa_guided_threshold,SHFA,0,S5,5,3000,9,9,1819,1179,0.0014378305051347012,0.002467148451016913,0.00024760852606304384,0.00024760852606304384,0.003904978956151614,3.547341303567943e-06
shfa_guided_threshold,SHFA,0,S5,5,3000,10,a,1819,1179,0.0014196968291151886,0.002357799158442089,0.0002394408592112606,0.00023944085921126057,0.0037774959875572778,3.347359988930694e-06
shfa_guided_threshold,SHFA,0,S5,5,3000,11,b,1819,1179,0.004675900586352415,0.011964710033732819,0.0010959839584175947,0.0010959839584175949,0.016640610620085233,5.594579466226791e-05
shfa_guided_threshold,SHFA,0,S5,5,3000,12,c,1819,1179,0.0010080623834722428,0.0014326465909998342,0.00015398850804170149,0.00015398850804170149,0.002440708974472077,1.4441971371966764e-06
shfa_guided_threshold,SHFA,0,S5,5,3000,13,d,1819,1179,0.0009959732661259004,0.0023923305139920328,0.00021415168349304413,0.00021415168349304413,0.0033883037801179334,2.382697235673299e-06
shfa_guided_threshold,SHFA,0,S5,5,3000,14,e,1819,1179,0.0015599305903327557,0.0020283124742363715,0.00022742921821088528,0.0002274292182108853,0.0035882430645691275,3.1640266753148354e-06
shfa_guided_threshold,SHFA,0,S5,5,3000,15,f,1819,1179,0.0012057194520849342,0.0024613932250919213,0.00023216229201427689,0.00023216229201427686,0.0036671126771768555,2.9677496907234005e-06
shfa_guided_threshold,SHFA,0,S5,5,4000,0,0,2441,1555,0.0017407016150592742,0.004511300544866161,0.00039860296313980604,0.00039860296313980604,0.006252002159925435,7.852828144466311e-06
shfa_guided_threshold,SHFA,0,S5,5,4000,1,1,2441,1555,0.0006696232647213273,0.0010944624228450906,0.00011098823297360147,0.00011098823297360144,0.0017640856875664177,7.328775007003433e-07
shfa_guided_threshold,SHFA,0,S5,5,4000,2,2,2441,1555,0.0008673246587511145,0.001656904912066666,0.00015920142266355258,0.00015920142266355255,0.0025242295708177804,1.4370744874412663e-06
shfa_guided_threshold,SHFA,0,S5,5,4000,3,3,2441,1555,0.0015943555916348479,0.0034840158807291077,0.0003229529772235323,0.0003229529772235323,0.005078371472363955,5.5547602007850625e-06
shfa_guided_threshold,SHFA,0,S5,5,4000,4,4,2441,1555,0.000679357289215154,0.0013765107887635571,0.00012942689751169927,0.00012942689751169927,0.002055868077978711,9.351426380298236e-07
shfa_guided_threshold,SHFA,0,S5,5,4000,5,5,2441,1555,0.0010002444414944011,0.0009116686138480787,0.00012040645742239144,0.00012040645742239144,0.0019119130553424798,9.118914634864463e-07
shfa_guided_threshold,SHFA,0,S5,5,4000,6,6,2441,1555,0.0005746326119022614,0.0015121586832228787,0.0001312933916390723,0.00013129339163907232,0.00208679129512514,8.689356937510471e-07
shfa_guided_threshold,SHFA,0,S5,5,4000,7,7,2441,1555,0.0004272796204267497,0.0007164679852358844,7.179035752269415e-05,7.179035752269415e-05,0.0011437476056626343,3.061321687795068e-07
shfa_guided_threshold,SHFA,0,S5,5,4000,8,8,2441,1555,0.002738606953685008,0.005029078483473083,0.0004992530091278478,0.0004992530091278477,0.007767685437158091,1.377266930546704e-05
shfa_guided_threshold,SHFA,0,S5,5,4000,9,9,2441,1555,0.001635976937746382,0.002885180053969666,0.0002872924000117932,0.00028729240001179325,0.004521156991716048,4.7200880295402355e-06
shfa_guided_threshold,SHFA,0,S5,5,4000,10,a,2441,1555,0.0019065156874713534,0.0022375440700571746,0.0002632696477165055,0.0002632696477165055,0.004144059757528528,4.265912870972504e-06
shfa_guided_threshold,SHFA,0,S5,5,4000,11,b,2441,1555,0.005051948223045437,0.01141445497875332,0.0010868154356593674,0.0010868154356593672,0.016466403201798756,5.766523554694498e-05
shfa_guided_threshold,SHFA,0,S5,5,4000,12,c,2441,1555,0.000840136521371806,0.001311995326764612,0.0001356104956984102,0.0001356104956984102,0.0021521318481364177,1.102255189884087e-06
shfa_guided_threshold,SHFA,0,S5,5,4000,13,d,2441,1555,0.001049921532014619,0.0019248922157545933,0.00018794684501970382,0.00018794684501970387,0.0029748137477692126,2.020985784128077e-06
shfa_guided_threshold,SHFA,0,S5,5,4000,14,e,2441,1555,0.0015178260197523494,0.0013425988151487271,0.0001808143835970387,0.0001808143835970387,0.0028604248349010765,2.037831415721413e-06
shfa_guided_threshold,SHFA,0,S5,5,4000,15,f,2441,1555,0.0012221130687502402,0.002531999255590823,0.00023772640965163987,0.00023772640965163987,0.003754112324341063,3.0943893803234243e-06
shfa_guided_threshold,SHFA,0,S5,5,6000,0,0,3677,2319,0.00226802450591254,0.004743040365683786,0.0004489488862566736,0.00044894888625667353,0.0070110648715963255,1.0757331781903203e-05
shfa_guided_threshold,SHFA,0,S5,5,6000,1,1,3677,2319,0.0005168836867801073,0.000940342551481927,9.156268761622333e-05,9.156268761622333e-05,0.0014572262382620343,4.860477248461913e-07
shfa_guided_threshold,SHFA,0,S5,5,6000,2,2,3677,2319,0.0006991277727043478,0.0018697256162927278,0.00016186051391800426,0.00016186051391800423,0.0025688533889970757,1.3071771056869988e-06
shfa_guided_threshold,SHFA,0,S5,5,6000,3,3,3677,2319,0.0017659657172543657,0.0030010514598919516,0.0003032383275655302,0.00030323832756553015,0.004767017177146317,5.299753993885352e-06
shfa_guided_threshold,SHFA,0,S5,5,6000,4,4,3677,2319,0.0009045961455523752,0.001594146244133943,0.00015761345790328525,0.00015761345790328522,0.002498742389686318,1.4420585478903604e-06
shfa_guided_threshold,SHFA,0,S5,5,6000,5,5,3677,2319,0.0004812336667251216,0.0006167878230363898,6.892316217576566e-05,6.892316217576567e-05,0.0010980214897615115,2.968190656712073e-07
shfa_guided_threshold,SHFA,0,S5,5,6000,6,6,3677,2319,0.0005196942692740686,0.0016067909116823898,0.00013374036383850162,0.00013374036383850162,0.002126485180956458,8.35040028722994e-07
shfa_guided_threshold,SHFA,0,S5,5,6000,7,7,3677,2319,0.0002553515894472687,0.0003434398627979191,3.7512163680169234e-05,3.751216368016924e-05,0.0005987914522451878,8.769791484500053e-08
shfa_guided_threshold,SHFA,0,S5,5,6000,8,8,3677,2319,0.002639613096693135,0.005026057777576951,0.0004923712775763089,0.0004923712775763089,0.007665670874270086,1.3266847934428512e-05
shfa_guided_threshold,SHFA,0,S5,5,6000,9,9,3677,2319,0.0013393488797498936,0.0029192330228137693,0.00027007124038906346,0.00027007124038906346,0.004258581902563663,3.909871478834518e-06
shfa_guided_threshold,SHFA,0,S5,5,6000,10,a,3677,2319,0.0015202616371243628,0.0023695618864430753,0.00024671632425571637,0.0002467163242557163,0.0038898235235674383,3.602354032751443e-06
shfa_guided_threshold,SHFA,0,S5,5,6000,11,b,3677,2319,0.005339399470234785,0.012455915668249296,0.0011787143056755946,0.0011787143056755944,0.01779531513848408,6.650710952033944e-05
shfa_guided_threshold,SHFA,0,S5,5,6000,12,c,3677,2319,0.0005270905389950201,0.0010772024825945218,0.00010083609708650388,0.00010083609708650388,0.001604293021589542,5.677832371575202e-07
shfa_guided_threshold,SHFA,0,S5,5,6000,13,d,3677,2319,0.0012048846962229988,0.0019128662467521327,0.0001971642172025789,0.0001971642172025789,0.0031177509429751314,2.304783266633171e-06
shfa_guided_threshold,SHFA,0,S5,5,6000,14,e,3677,2319,0.0008992708313532903,0.001315963558068125,0.00013963555698173302,0.00013963555698173302,0.002215234389421415,1.1834076428945567e-06
shfa_guided_threshold,SHFA,0,S5,5,6000,15,f,3677,2319,0.0008437988084461555,0.0026536950042963968,0.00022083254797901434,0.0002208325479790143,0.003497493812742552,2.239184682604815e-06
shfa_guided_threshold,SHFA,0,S5,5,8000,0,0,4888,3107,0.0021988449618424895,0.004695361989274507,0.0004412123074989552,0.0004412123074989553,0.006894206951116997,1.032437305414298e-05
shfa_guided_threshold,SHFA,0,S5,5,8000,1,1,4888,3107,0.0005394151413930642,0.0009698541422863477,9.485248423925528e-05,9.485248423925527e-05,0.0015092692836794117,5.231540092920392e-07
shfa_guided_threshold,SHFA,0,S5,5,8000,2,2,4888,3107,0.0007516152319317692,0.0015980234111145145,0.00014805351392716996,0.00014805351392716996,0.0023496386430462836,1.2010987367772329e-06
shfa_guided_threshold,SHFA,0,S5,5,8000,3,3,4888,3107,0.0017367761256398653,0.003223142060417992,0.0003155927628086957,0.0003155927628086957,0.004959918186057857,5.597876180079652e-06
shfa_guided_threshold,SHFA,0,S5,5,8000,4,4,4888,3107,0.0008523161032998413,0.001232558176875436,0.00013135517169335966,0.00013135517169335966,0.0020848742801752775,1.0505291824048283e-06
shfa_guided_threshold,SHFA,0,S5,5,8000,5,5,4888,3107,0.00024392546896638567,0.00031640893322169096,3.509808033417605e-05,3.509808033417605e-05,0.0005603344021880767,7.718019742125477e-08
shfa_guided_threshold,SHFA,0,S5,5,8000,6,6,4888,3107,0.00042791592222243076,0.0013736476465561686,0.0001131855287481472,0.0001131855287481472,0.0018015635687785993,5.878056994847545e-07
shfa_guided_threshold,SHFA,0,S5,5,8000,7,7,4888,3107,0.00019562588228361102,0.00016060969504267322,2.229614299618879e-05,2.2296142996188788e-05,0.0003562355773262842,3.1419413296024655e-08
shfa_guided_threshold,SHFA,0,S5,5,8000,8,8,4888,3107,0.002686109942917757,0.005453225836693187,0.0005233564503666015,0.0005233564503666015,0.008139335779610943,1.4647964140917572e-05
shfa_guided_threshold,SHFA,0,S5,5,8000,9,9,4888,3107,0.0012283329895719768,0.0026107184592781296,0.0002431475471631475,0.0002431475471631475,0.0038390514488501064,3.20683161001585e-06
shfa_guided_threshold,SHFA,0,S5,5,8000,10,a,4888,3107,0.0015897009544065298,0.0021393843278190005,0.00023646881144687187,0.0002364688114468719,0.0037290852822255303,3.4009813077762373e-06
shfa_guided_threshold,SHFA,0,S5,5,8000,11,b,4888,3107,0.005543821536961488,0.011563580798945539,0.0011333190742717778,0.0011333190742717778,0.017107402335907025,6.41064282775886e-05
shfa_guided_threshold,SHFA,0,S5,5,8000,12,c,4888,3107,0.0005574123877306661,0.0009420920439938102,9.42441607584844e-05,9.424416075848442e-05,0.0014995044317244763,5.251337757046535e-07
shfa_guided_threshold,SHFA,0,S5,5,8000,13,d,4888,3107,0.0010440077038259296,0.001699127172060473,0.00017321983160031127,0.00017321983160031127,0.002743134875886403,1.7739018574110997e-06
shfa_guided_threshold,SHFA,0,S5,5,8000,14,e,4888,3107,0.0006280620431210675,0.0007690968792604592,8.780547320619175e-05,8.780547320619176e-05,0.0013971589223815265,4.830405573463609e-07
shfa_guided_threshold,SHFA,0,S5,5,8000,15,f,4888,3107,0.0007881956814644771,0.0017861427040221584,0.00016230397905870426,0.00016230397905870426,0.0025743383854866355,1.407829965789549e-06
shfa_guided_threshold,SHFA,1,S0,0,250,0,0,136,114,0.009839965397923875,0.007829332102185288,0.0011813714507311803,0.0011813714507311805,0.017669297500109163,7.704035697435782e-05
shfa_guided_threshold,SHFA,1,S0,0,250,1,1,136,114,0.0030276816608996553,0.008752693136349646,0.0007627737933204893,0.0007627737933204894,0.011780374797249301,2.650036849240811e-05
shfa_guided_threshold,SHFA,1,S0,0,250,2,2,136,114,0.006487889273356402,0.0053670360110803315,0.0007757535656433014,0.0007757535656433014,0.011854925284436733,3.482073536600561e-05
shfa_guided_threshold,SHFA,1,S0,0,250,3,3,136,114,0.006487889273356402,0.00629039704524469,0.000839454294427564,0.000839454294427564,0.012778286318601092,4.0811399514995826e-05
shfa_guided_threshold,SHFA,1,S0,0,250,4,4,136,114,0.0067041522491349485,0.009829947676208064,0.0010992827111562674,0.0010992827111562676,0.016534099925343014,6.590146582232915e-05
shfa_guided_threshold,SHFA,1,S0,0,250,5,5,136,114,0.012110726643598614,0.007367651585103108,0.0013066262536463175,0.0013066262536463175,0.019478378228701722,8.922761435245976e-05
shfa_guided_threshold,SHFA,1,S0,0,250,6,6,136,114,0.013408304498269897,0.009060480147737764,0.001525784717096876,0.0015257847170968763,0.022468784646007663,0.00012148567672139736
shfa_guided_threshold,SHFA,1,S0,0,250,7,7,136,114,0.007352941176470588,0.00613650353955063,0.0008882116443068454,0.0008882116443068455,0.013489444716021218,4.5121349555519333e-05
shfa_guided_threshold,SHFA,1,S0,0,250,8,8,136,114,0.005406574394463667,0.005828716528162511,0.0007337190721978866,0.0007337190721978867,0.011235290922626179,3.15133895337506e-05
shfa_guided_threshold,SHFA,1,S0,0,250,9,9,136,114,0.00865051903114187,0.004135887965527854,0.000834928014848327,0.000834928014848327,0.012786406996669723,3.577757755646933e-05
shfa_guided_threshold,SHFA,1,S0,0,250,10,a,136,114,0.004433391003460207,0.007059864573714989,0.0007496276136602051,0.0007496276136602052,0.011493255577175196,3.129914008675546e-05
shfa_guided_threshold,SHFA,1,S0,0,250,11,b,136,114,0.006920415224913495,0.007983225607879348,0.00098672478809024,0.0009867247880902402,0.014903640832792843,5.5247236040687526e-05
shfa_guided_threshold,SHFA,1,S0,0,250,12,c,136,114,0.005947231833910035,0.007367651585103107,0.0008759973457364042,0.0008759973457364042,0.013314883419013141,4.381713204808292e-05
shfa_guided_threshold,SHFA,1,S0,0,250,13,d,136,114,0.020112456747404847,0.009060480147737766,0.002005537071028509,0.0020055370710285094,0.029172936895142613,0.00018222851508209608
shfa_guided_threshold,SHFA,1,S0,0,250,14,e,136,114,0.010380622837370242,0.009060480147737766,0.0013091223637083965,0.0013091223637083968,0.019441102985108007,9.405342713914635e-05
shfa_guided_threshold,SHFA,1,S0,0,250,15,f,136,114,0.010488754325259517,0.008598799630655584,0.0012831628190627725,0.0012831628190627725,0.0190875539559151,9.019069681807869e-05
shfa_guided_threshold,SHFA,1,S0,0,500,0,0,282,218,0.009578869272169409,0.0032772914737816683,0.0008349027932160924,0.0008349027932160923,0.012856160745951077,3.1392746594150015e-05
shfa_guided_threshold,SHFA,1,S0,0,500,1,1,282,218,0.0020339771641265537,0.007696111438431109,0.000623784252578196,0.0006237842525781959,0.009730088602557663,1.565371491834204e-05
shfa_guided_threshold,SHFA,1,S0,0,500,2,2,282,218,0.005605226095266838,0.004497727464018181,0.0006566453768060267,0.0006566453768060267,0.010102953559285019,2.5210779350713045e-05
shfa_guided_threshold,SHFA,1,S0,0,500,3,3,282,218,0.004347744077259696,0.004455643464354853,0.000569583718833439,0.0005695837188334389,0.008803387541614548,1.9371997482529685e-05
shfa_guided_threshold,SHFA,1,S0,0,500,4,4,282,218,0.0022351742870076966,0.005044819459641445,0.000466275659904358,0.000466275659904358,0.007279993746649142,1.1276050738786621e-05
shfa_guided_threshold,SHFA,1,S0,0,500,5,5,282,218,0.006158518183189982,0.005465659456274725,0.0007601714656111364,0.0007601714656111363,0.011624177639464706,3.366036314459216e-05
shfa_guided_threshold,SHFA,1,S0,0,500,6,6,282,218,0.009729767114330264,0.004666063462671493,0.0009451391218950891,0.0009451391218950889,0.014395830577001757,4.539971083247909e-05
shfa_guided_threshold,SHFA,1,S0,0,500,7,7,282,218,0.005278280770584981,0.0020568554835451564,0.0004693026766298023,0.00046930267662980226,0.007335136254130138,1.0856660746668672e-05
shfa_guided_threshold,SHFA,1,S0,0,500,8,8,282,218,0.00412139731401841,0.0066019274471845815,0.0006974169636233579,0.0006974169636233579,0.010723324761202992,2.7209166048170954e-05
shfa_guided_threshold,SHFA,1,S0,0,500,9,9,282,218,0.004976485086263267,0.004329391465364868,0.0006031624365367423,0.0006031624365367422,0.009305876551628135,2.1545152059983736e-05
shfa_guided_threshold,SHFA,1,S0,0,500,10,a,282,218,0.0043980433579799815,0.005802331453581349,0.0006630423310328049,0.0006630423310328049,0.01020037481156133,2.5518905310221783e-05
shfa_guided_threshold,SHFA,1,S0,0,500,11,b,282,218,0.0050267843669835515,0.004118971467048229,0.0005923149210055956,0.0005923149210055956,0.00914575583403178,2.0705181378609342e-05
shfa_guided_threshold,SHFA,1,S0,0,500,12,c,282,218,0.0038950505507771237,0.006517759447857926,0.0006761876274419023,0.0006761876274419024,0.01041280999863505,2.5387002527211817e-05
shfa_guided_threshold,SHFA,1,S0,0,500,13,d,282,218,0.010886650570896838,0.008537791431697668,0.0013069755771262462,0.0013069755771262462,0.019424442002594508,9.294795196408955e-05
shfa_guided_threshold,SHFA,1,S0,0,500,14,e,282,218,0.0061585181831899805,0.007022767443817861,0.0008670801926870572,0.0008670801926870571,0.013181285627007842,4.3249840999066915e-05
shfa_guided_threshold,SHFA,1,S0,0,500,15,f,282,218,0.0024363714098888387,0.007106935443144518,0.0006137718126401877,0.0006137718126401878,0.009543306853033357,1.7315134325602968e-05
shfa_guided_threshold,SHFA,1,S0,0,1000,0,0,560,440,0.003322704081632653,0.001962809917355372,0.00033686646146061723,0.0003368664614606173,0.005285513998988025,6.521836523865745e-06
shfa_guided_threshold,SHFA,1,S0,0,1000,1,1,560,440,0.0008482142857142859,0.002923553719008265,0.00023821530032467537,0.00023821530032467537,0.003771768004722551,2.4798000295159396e-06
shfa_guided_threshold,SHFA,1,S0,0,1000,2,2,560,440,0.003118622448979592,0.0022417355371900827,0.000342013500906561,0.00034201350090656103,0.005360357986169675,6.9911267709563165e-06
shfa_guided_threshold,SHFA,1,S0,0,1000,3,3,560,440,0.0032525510204081632,0.0019318181818181817,0.0003303064123376623,0.0003303064123376623,0.0051843692022263445,6.2833371985157695e-06
shfa_guided_threshold,SHFA,1,S0,0,1000,4,4,560,440,0.00173469387755102,0.0016735537190082643,0.00021591857817507162,0.00021591857817507165,0.0034082475965592843,2.903103390116376e-06
shfa_guided_threshold,SHFA,1,S0,0,1000,5,5,560,440,0.003163265306122449,0.0031818181818181815,0.00040663265306122443,0.00040663265306122443,0.00634508348794063,1.0064935064935065e-05
shfa_guided_threshold,SHFA,1,S0,0,1000,6,6,560,440,0.0033290816326530617,0.00253099173553719,0.0003746804636110643,0.00037468046361106426,0.005860073368190251,8.425878099173555e-06
shfa_guided_threshold,SHFA,1,S0,0,1000,7,7,560,440,0.0026466836734693874,0.0014049586776859503,0.0002569461281413391,0.00025694612814133915,0.004051642351155338,3.718481194130544e-06
shfa_guided_threshold,SHFA,1,S0,0,1000,8,8,560,440,0.004043367346938775,0.0019834710743801653,0.0003846973035081801,0.00038469730350818016,0.006026838421318941,8.019902175746331e-06
shfa_guided_threshold,SHFA,1,S0,0,1000,9,9,560,440,0.002582908163265306,0.0024173553719008265,0.00031876027787147915,0.00031876027787147915,0.005000263535166132,6.243806923595884e-06
shfa_guided_threshold,SHFA,1,S0,0,1000,10,a,560,440,0.002665816326530612,0.00118801652892562,0.0002440315873250126,0.00024403158732501265,0.003853832855456232,3.167033858998145e-06
shfa_guided_threshold,SHFA,1,S0,0,1000,11,b,560,440,0.0038392857142857152,0.0008264462809917352,0.00029478121310507675,0.00029478121310507675,0.00466573199527745,3.172963400236127e-06
shfa_guided_threshold,SHFA,1,S0,0,1000,12,c,560,440,0.003903061224489796,0.0019008264462809915,0.0003701620214201383,0.0003701620214201383,0.005803887670770788,7.419041996964074e-06
shfa_guided_threshold,SHFA,1,S0,0,1000,13,d,560,440,0.008915816326530612,0.005981404958677685,0.0009844054383116884,0.0009844054383116882,0.014897221285208297,5.3329107986169666e-05
shfa_guided_threshold,SHFA,1,S0,0,1000,14,e,560,440,0.004113520408163266,0.0035640495867768594,0.0004945089153946703,0.0004945089153946703,0.0076775699949401255,1.4660790710912467e-05
shfa_guided_threshold,SHFA,1,S0,0,1000,15,f,560,440,0.002869897959183673,0.001911157024793388,0.00030430076214370044,0.0003043007621437004,0.004781054983977061,5.484825645134085e-06
shfa_guided_threshold,SHFA,1,S0,0,1500,0,0,843,657,0.0016315192169411342,0.001480224673287787,0.000196899008139167,0.000196899008139167,0.003111743890228921,2.4150149998594365e-06
shfa_guided_threshold,SHFA,1,S0,0,1500,1,1,843,657,0.0008632074343311536,0.0026663736044795655,0.00022290044844376104,0.00022290044844376104,0.003529581038810719,2.3016335180911157e-06
shfa_guided_threshold,SHFA,1,S0,0,1500,2,2,843,657,0.0016990631099178355,0.0017026275978862452,0.00021549854097925155,0.00021549854097925158,0.0034016907078040807,2.8928717414965377e-06
shfa_guided_threshold,SHFA,1,S0,0,1500,3,3,843,657,0.00227037187134577,0.0014987582503376584,0.0002389733711787283,0.0002389733711787283,0.0037691301216834284,3.4027385735140216e-06
shfa_guided_threshold,SHFA,1,S0,0,1500,4,4,843,657,0.0013866726049005904,0.0010122518527785306,0.00015133644051845295,0.00015133644051845292,0.002398924457679121,1.4036619135078539e-06
shfa_guided_threshold,SHFA,1,S0,0,1500,5,5,843,657,0.002655934927087776,0.0023837365544690245,0.0003213105167692901,0.00032131051676929017,0.0050396714815568,6.331049171990155e-06
shfa_guided_threshold,SHFA,1,S0,0,1500,6,6,843,657,0.003230058017389738,0.0019435640995345753,0.0003296292071097821,0.0003296292071097821,0.005173622116924313,6.277824802012522e-06
shfa_guided_threshold,SHFA,1,S0,0,1500,7,7,843,657,0.0011671549527263105,0.0015358254044374017,0.00017072881855004397,0.00017072881855004403,0.0027029803571637125,1.7925462273120023e-06
shfa_guided_threshold,SHFA,1,S0,0,1500,8,8,843,657,0.0021324697565183372,0.001920397128222236,0.0002573993690927244,0.0002573993690927244,0.004052866884740573,4.095188796438586e-06
shfa_guided_threshold,SHFA,1,S0,0,1500,9,9,843,657,0.0017891216338867713,0.001549725587224805,0.0002114505988941653,0.0002114505988941653,0.0033388472211115764,2.7726475746917794e-06
shfa_guided_threshold,SHFA,1,S0,0,1500,10,a,843,657,0.001924209419840174,0.0009844514872037232,0.00018368559751529668,0.00018368559751529663,0.002908660907043897,1.8942908250530728e-06
shfa_guided_threshold,SHFA,1,S0,0,1500,11,b,843,657,0.0026362346249695703,0.00048404490685719176,0.00019629352668266973,0.00019629352668266973,0.003120279531826762,1.2760559434970996e-06
shfa_guided_threshold,SHFA,1,S0,0,1500,12,c,843,657,0.002990840063097254,0.00239300334299396,0.0003436473031500528,0.00034364730315005284,0.005383843406091214,7.1570902693519945e-06
shfa_guided_threshold,SHFA,1,S0,0,1500,13,d,843,657,0.007958130525758849,0.005641012720983947,0.000894838368452481,0.0008948383684524811,0.013599143246742796,4.489191553105633e-05
shfa_guided_threshold,SHFA,1,S0,0,1500,14,e,843,657,0.003511490904792662,0.0033521159553248124,0.0004407463534462756,0.0004407463534462756,0.006863606860117475,1.1770924688933445e-05
shfa_guided_threshold,SHFA,1,S0,0,1500,15,f,843,657,0.0020367825748013437,0.0022169343610201806,0.00027037272176484955,0.0002703727217648495,0.004253716935821524,4.515413276004255e-06
shfa_guided_threshold,SHFA,1,S0,0,2000,0,0,1139,861,0.0012521476951348203,0.0012146391374316932,0.00015569508463176272,0.00015569508463176274,0.0024667868325665135,1.520907596355641e-06
shfa_guided_threshold,SHFA,1,S0,0,2000,1,1,1139,861,0.0006678667037687666,0.0023720324933463374,0.0001915779013422576,0.00019157790134225763,0.003039899197115104,1.5842015225636272e-06
shfa_guided_threshold,SHFA,1,S0,0,2000,2,2,1139,861,0.0013816453291051324,0.0013900017671157302,0.00017514843296278723,0.00017514843296278723,0.0027716470962208624,1.9204894489833285e-06
shfa_guided_threshold,SHFA,1,S0,0,2000,3,3,1139,861,0.00165297370504293,0.0012308264570948342,0.0001822720339026592,0.00018227203390265914,0.002883800162137764,2.034523769048911e-06
shfa_guided_threshold,SHFA,1,S0,0,2000,4,4,1139,861,0.0013569791131107878,0.0009853187755371829,0.00014773067503865802,0.000147730675038658,0.0023422978886479704,1.3370569981598537e-06
shfa_guided_threshold,SHFA,1,S0,0,2000,5,5,1139,861,0.002385251992375056,0.00239631347284105,0.0003045636530614559,0.0003045636530614559,0.004781565465216106,5.715811485449304e-06
shfa_guided_threshold,SHFA,1,S0,0,2000,6,6,1139,861,0.0031375715802025865,0.0024799479577672827,0.00035887598535578897,0.0003588759853557889,0.00561751953796987,7.78101423267207e-06
shfa_guided_threshold,SHFA,1,S0,0,2000,7,7,1139,861,0.0011056920376683952,0.001152587745389649,0.00014241689353391925,0.00014241689353391925,0.002258279783058044,1.2744070927915024e-06
shfa_guided_threshold,SHFA,1,S0,0,2000,8,8,1139,861,0.0019350935504782551,0.0016489988817259995,0.00022719674411353973,0.00022719674411353976,0.0035840924322042547,3.1909671007738367e-06
shfa_guided_threshold,SHFA,1,S0,0,2000,9,9,1139,861,0.0019705512359701255,0.0013063672821894965,0.00020738167104752584,0.00020738167104752584,0.003276918518159622,2.574263662549446e-06
shfa_guided_threshold,SHFA,1,S0,0,2000,10,a,1139,861,0.0010563596056797043,0.001017693414863467,0.0001307033639983762,0.00013070336399837623,0.0020740530205431715,1.0750502144280038e-06
shfa_guided_threshold,SHFA,1,S0,0,2000,11,b,1139,861,0.001819470663004761,0.0005779378973481122,0.00015088957607131814,0.00015088957607131811,0.0023974085603528732,1.0515410492635473e-06
shfa_guided_threshold,SHFA,1,S0,0,2000,12,c,1139,861,0.002493166687350316,0.0025096247104830433,0.0003189313750905125,0.00031893137509051247,0.0050027913978333595,6.256912725927506e-06
shfa_guided_threshold,SHFA,1,S0,0,2000,13,d,1139,861,0.007370910900232093,0.006783077101552499,0.000934621707056485,0.000934621707056485,0.014153988001784593,4.999745694494803e-05
shfa_guided_threshold,SHFA,1,S0,0,2000,14,e,1139,861,0.0035507306981078703,0.003324386466861184,0.0004414988238908243,0.00044149882389082424,0.006875117164969054,1.180400108025837e-05
shfa_guided_threshold,SHFA,1,S0,0,2000,15,f,1139,861,0.0017408470995227854,0.0021777846573886343,0.00024870567491116395,0.00024870567491116395,0.0039186317569114195,3.791190104200227e-06
shfa_guided_threshold,SHFA,1,S0,0,3000,0,0,1695,1305,0.0008315059910721278,0.0006529190704775328,9.331947246564109e-05,9.331947246564109e-05,0.0014844250615496605,5.429061187873134e-07
shfa_guided_threshold,SHFA,1,S0,0,3000,1,1,1695,1305,0.0006498159605294071,0.0011719954199145635,0.000114624792607276,0.00011462479260727601,0.0018218113804439706,7.615813295278479e-07
shfa_guided_threshold,SHFA,1,S0,0,3000,2,2,1695,1305,0.0007939149502701855,0.0014655906401843779,0.00014238265372362865,0.00014238265372362865,0.0022595055904545635,1.1635543202184297e-06
shfa_guided_threshold,SHFA,1,S0,0,3000,3,3,1695,1305,0.000878842857267166,0.0007304282086287637,0.00010122137323239545,0.00010122137323239544,0.0016092710658959296,6.419316138998403e-07
shfa_guided_threshold,SHFA,1,S0,0,3000,4,4,1695,1305,0.0010835051905221848,0.0007961935379692015,0.00011834385036176149,0.00011834385036176149,0.0018796987284913863,8.62679831049852e-07
shfa_guided_threshold,SHFA,1,S0,0,3000,5,5,1695,1305,0.002362992838558662,0.0019928876557889644,0.0002769517101554079,0.00027695171015540795,0.0043558804943476265,4.709179258681283e-06
shfa_guided_threshold,SHFA,1,S0,0,3000,6,6,1695,1305,0.0028495879778282474,0.0026681566624095357,0.00035246218716302596,0.00035246218716302596,0.005517744640237783,7.603147148164554e-06
shfa_guided_threshold,SHFA,1,S0,0,3000,7,7,1695,1305,0.0007834729944918683,0.001002884573039151,0.0001124330809502574,0.00011243308095025739,0.0017863575675310193,7.857329795686824e-07
shfa_guided_threshold,SHFA,1,S0,0,3000,8,8,1695,1305,0.0010486986712611272,0.002194881167334596,0.00020502550887599257,0.00020502550887599257,0.003243579838595723,2.3017689637598626e-06
shfa_guided_threshold,SHFA,1,S0,0,3000,9,9,1695,1305,0.0016306636733060102,0.000989966383347279,0.0001654036807599491,0.00016540368075994912,0.0026206300566532894,1.6143022191185398e-06
shfa_guided_threshold,SHFA,1,S0,0,3000,10,a,1695,1305,0.0007236057813628492,0.0007257306851044463,9.110867207365997e-05,9.110867207365997e-05,0.0014493364664672956,5.251429194539988e-07
shfa_guided_threshold,SHFA,1,S0,0,3000,11,b,1695,1305,0.0016445862810104332,0.0011978317992983076,0.0001796210677633803,0.00017962106776338034,0.0028424180803087408,1.9699377440840393e-06
shfa_guided_threshold,SHFA,1,S0,0,3000,12,c,1695,1305,0.0022251590222848736,0.0026340996168582372,0.00030956495547449365,0.00030956495547449365,0.004859258639143111,5.861290528049235e-06
shfa_guided_threshold,SHFA,1,S0,0,3000,13,d,1695,1305,0.006973464379878351,0.007877710250877117,0.0009831333462517109,0.0009831333462517109,0.014851174630755469,5.493493182949413e-05
shfa_guided_threshold,SHFA,1,S0,0,3000,14,e,1695,1305,0.0033786470705963224,0.003510187754143363,0.00044241186211900984,0.0004424118621190099,0.006888834824739685,1.1859685572779557e-05
shfa_guided_threshold,SHFA,1,S0,0,3000,15,f,1695,1305,0.0012296925714186267,0.001929471088210684,0.0001998203849907716,0.00019982038499077162,0.003159163659629311,2.372656263939692e-06
shfa_guided_threshold,SHFA,1,S0,0,4000,0,0,2261,1738,0.0008339860304558519,0.0003594432180687296,7.488909865539777e-05,7.488909865539777e-05,0.0011934292485245815,2.9977062261141694e-07
shfa_guided_threshold,SHFA,1,S0,0,4000,1,1,2261,1738,0.00044041162171239655,0.0008970769147241451,8.398811662609826e-05,8.398811662609826e-05,0.0013374885364365416,3.95083098814414e-07
shfa_guided_threshold,SHFA,1,S0,0,4000,2,2,2261,1738,0.000689232023263925,0.0012758041000528364,0.0001236940827484654,0.0001236940827484654,0.001965036123316761,8.793250411678274e-07
shfa_guided_threshold,SHFA,1,S0,0,4000,3,3,2261,1738,0.00048305536977704533,0.000684539455824652,7.330534706006643e-05,7.330534706006644e-05,0.0011675948256016973,3.3067045996035463e-07
shfa_guided_threshold,SHFA,1,S0,0,4000,4,4,2261,1738,0.0007013600617043298,0.0005905197699563405,8.115665646108611e-05,8.11566564610861e-05,0.0012918798316606704,4.1416698229420564e-07
shfa_guided_threshold,SHFA,1,S0,0,4000,5,5,2261,1738,0.00195876378904177,0.002310682755068125,0.00027136649071545914,0.00027136649071545914,0.004269446544109895,4.5260817085907164e-06
shfa_guided_threshold,SHFA,1,S0,0,4000,6,6,2261,1738,0.002531128958019578,0.0034051513518309345,0.0003796363965587158,0.0003796363965587158,0.005936280309850512,8.61887719305879e-06
shfa_guided_threshold,SHFA,1,S0,0,4000,7,7,2261,1738,0.0005170921228194716,0.0006865257872162359,7.558111645391367e-05,7.558111645391367e-05,0.0012036179100357075,3.549970766819523e-07
shfa_guided_threshold,SHFA,1,S0,0,4000,8,8,2261,1738,0.0009071454881447445,0.001965061092932501,0.00018129550762171034,0.00018129550762171034,0.0028722065810772453,1.7825963043824985e-06
shfa_guided_threshold,SHFA,1,S0,0,4000,9,9,2261,1738,0.0015487578443467982,0.0018379358838711219,0.00021451487563117186,0.00021451487563117186,0.00338669372821792,2.846517617551866e-06
shfa_guided_threshold,SHFA,1,S0,0,4000,10,a,2261,1738,0.000709184602633623,0.0006474612698484166,8.52495365935056e-05,8.524953659350559e-05,0.0013566458724820396,4.5916956337811027e-07
shfa_guided_threshold,SHFA,1,S0,0,4000,11,b,2261,1738,0.0013637074513690112,0.0012638861117033324,0.00016594816860023308,0.00016594816860023313,0.0026275935630723436,1.723570908211641e-06
shfa_guided_threshold,SHFA,1,S0,0,4000,12,c,2261,1738,0.0021688527129932957,0.0022643350225978296,0.00028198524263133235,0.00028198524263133235,0.004433187735591125,4.911009156887038e-06
shfa_guided_threshold,SHFA,1,S0,0,4000,13,d,2261,1738,0.007126090618747091,0.008321983656465307,0.001024807851864479,0.0010248078518644789,0.015448074275212397,5.930320966370404e-05
shfa_guided_threshold,SHFA,1,S0,0,4000,14,e,2261,1738,0.0031707851789893084,0.0033117937764264842,0.00041566217133564914,0.00041566217133564914,0.006482578955415793,1.0500986622162127e-05
shfa_guided_threshold,SHFA,1,S0,0,4000,15,f,2261,1738,0.0015452368009286166,0.0018942152732993362,0.00021789276578843022,0.00021789276578843025,0.0034394520742279527,2.9270111491831914e-06
shfa_guided_threshold,SHFA,1,S0,0,6000,0,0,3393,2605,0.0007778481798268985,0.0004386128108870806,7.636998609622097e-05,7.636998609622097e-05,0.001216460990713979,3.411741765972753e-07
shfa_guided_threshold,SHFA,1,S0,0,6000,1,1,3393,2605,0.00024260150902731452,0.0004306552805213657,4.218302696771757e-05,4.218302696771758e-05,0.0006732567895486802,1.0447762092506476e-07
shfa_guided_threshold,SHFA,1,S0,0,6000,2,2,3393,2605,0.0006737869153644023,0.000878929491123301,9.763698659612822e-05,9.763698659612822e-05,0.0015527164064877033,5.922111906467728e-07
shfa_guided_threshold,SHFA,1,S0,0,6000,3,3,3393,2605,0.0005094430820062698,0.0005052202872815823,6.367384156073558e-05,6.367384156073558e-05,0.001014663369287852,2.5738098024482233e-07
shfa_guided_threshold,SHFA,1,S0,0,6000,4,4,3393,2605,0.000592309898614969,0.0006475716638238143,7.787616075896937e-05,7.787616075896937e-05,0.0012398815624387832,3.835631065454102e-07
shfa_guided_threshold,SHFA,1,S0,0,6000,5,5,3393,2605,0.001749665731418224,0.00221992071941969,0.0002519832723866035,0.0002519832723866035,0.003969586450837914,3.884119209233922e-06
shfa_guided_threshold,SHFA,1,S0,0,6000,6,6,3393,2605,0.002585630346766357,0.003141815348455097,0.00036608892906024273,0.00036608892906024273,0.0057274456952214545,8.123573108901816e-06
shfa_guided_threshold,SHFA,1,S0,0,6000,7,7,3393,2605,0.0005587809770101913,0.000449812298068457,6.328842624780141e-05,6.328842624780141e-05,0.0010085932750786483,2.5134655538589183e-07
shfa_guided_threshold,SHFA,1,S0,0,6000,8,8,3393,2605,0.0008661004708902509,0.0012555859284338038,0.0001336928635216131,0.00013369286352161314,0.002121686399324055,1.0874635638596904e-06
shfa_guided_threshold,SHFA,1,S0,0,6000,9,9,3393,2605,0.0013876228680795891,0.0016098433913815523,0.0001895754967202292,0.0001895754967202292,0.0029974662594611417,2.2338555039078422e-06
shfa_guided_threshold,SHFA,1,S0,0,6000,10,a,3393,2605,0.0007808015045278379,0.0007822602333472097,9.830214858432028e-05,9.830214858432027e-05,0.0015630617378750477,6.10789967129799e-07
shfa_guided_threshold,SHFA,1,S0,0,6000,11,b,3393,2605,0.0014367870381011027,0.0011117609351571796,0.00016088161202974362,0.00016088161202974362,0.002548547973258282,1.5973637011009963e-06
shfa_guided_threshold,SHFA,1,S0,0,6000,12,c,3393,2605,0.002083565147606735,0.0021836697477536555,0.0002712519991403271,0.0002712519991403271,0.00426723489536039,4.549818180302707e-06
shfa_guided_threshold,SHFA,1,S0,0,6000,13,d,3393,2605,0.0069398733058448295,0.00822962448561566,0.0010052061632511316,0.0010052061632511316,0.01516949779146049,5.711255128485111e-05
shfa_guided_threshold,SHFA,1,S0,0,6000,14,e,3393,2605,0.0030423533255174466,0.003312460166297648,0.0004072535174410232,0.00040725351744102313,0.006354813491815095,1.0077674202579724e-05
shfa_guided_threshold,SHFA,1,S0,0,6000,15,f,3393,2605,0.0017428904571043051,0.0020587070486772444,0.00024118794498045976,0.0002411879449804598,0.0038015975057815498,3.5881008691129375e-06
shfa_guided_threshold,SHFA,1,S0,0,8000,0,0,4482,3515,0.000734344487872657,0.0004705246161037133,7.56498461567673e-05,7.564984615676731e-05,0.0012048691039763704,3.455271582441599e-07
shfa_guided_threshold,SHFA,1,S0,0,8000,1,1,4482,3515,0.00011906169972168911,0.00027951231159286874,2.4944154918071247e-05,2.494415491807125e-05,0.00039857401131455786,3.327921091138534e-08
shfa_guided_threshold,SHFA,1,S0,0,8000,2,2,4482,3515,0.0006679377532939033,0.0009540447462510801,0.00010201114872591426,0.00010201114872591426,0.0016219824995449834,6.372425043527986e-07
shfa_guided_threshold,SHFA,1,S0,0,8000,3,3,4482,3515,0.00029538302946527557,0.0005278283074569667,5.1606620082134315e-05,5.160662008213431e-05,0.0008232113369222423,1.5591152449416772e-07
shfa_guided_threshold,SHFA,1,S0,0,8000,4,4,4482,3515,0.0006324942787661129,0.0007058906252213131,8.409552828110124e-05,8.409552828110124e-05,0.001338384903987426,4.464717818871149e-07
shfa_guided_threshold,SHFA,1,S0,0,8000,5,5,4482,3515,0.001596636434179377,0.001773131407967075,0.00021344153634270124,0.00021344153634270124,0.0033697678421464516,2.8310462085480087e-06
shfa_guided_threshold,SHFA,1,S0,0,8000,6,6,4482,3515,0.002246765334927892,0.0028636821668565323,0.0003258369906842709,0.0003258369906842709,0.005110447501784424,6.434021822744447e-06
shfa_guided_threshold,SHFA,1,S0,0,8000,7,7,4482,3515,0.0003583051527842743,0.00038133158238720855,4.636392901910639e-05,4.63639290191064e-05,0.0007396367351714828,1.3663307088871784e-07
shfa_guided_threshold,SHFA,1,S0,0,8000,8,8,4482,3515,0.000787509699664342,0.0010051971938997467,0.00011283578338802696,0.00011283578338802699,0.0017927068935640889,7.916025402714289e-07
shfa_guided_threshold,SHFA,1,S0,0,8000,9,9,4482,3515,0.0014146401660984761,0.0013192343725023218,0.00017273340059438937,0.00017273340059438937,0.002733874538600798,1.8662419318395034e-06
shfa_guided_threshold,SHFA,1,S0,0,8000,10,a,4482,3515,0.0005933670723351534,0.0006963400099957706,8.101987787876379e-05,8.101987787876377e-05,0.001289707082330924,4.131852330810219e-07
shfa_guided_threshold,SHFA,1,S0,0,8000,11,b,4482,3515,0.0013234429114146109,0.0011164052050852981,0.00015396800583618084,0.00015396800583618084,0.002439848116499909,1.4774985549365128e-06
shfa_guided_threshold,SHFA,1,S0,0,8000,12,c,4482,3515,0.0019519672223526456,0.002160983511024687,0.00026127758981764804,0.00026127758981764804,0.004112950733377333,4.218168981564726e-06
shfa_guided_threshold,SHFA,1,S0,0,8000,13,d,4482,3515,0.006819869591908215,0.008128823028313931,0.0009897308017526856,0.0009897308017526856,0.014948692620222147,5.543751298880143e-05
shfa_guided_threshold,SHFA,1,S0,0,8000,14,e,4482,3515,0.0028784755761605604,0.0033428316764769557,0.00039845396262579955,0.0003984539626257995,0.006221307252637516,9.622259335954777e-06
shfa_guided_threshold,SHFA,1,S0,0,8000,15,f,4482,3515,0.0016499012062927696,0.0023672120499626677,0.00025497524453274903,0.000254975244532749,0.004017113256255437,3.905666016784186e-06
shfa_guided_threshold,SHFA,1,S5,5,250,0,0,158,92,0.008161752924210864,0.01193289224952741,0.0013533086415705156,0.0013533086415705156,0.020094645173738275,9.739331821187348e-05
shfa_guided_threshold,SHFA,1,S5,5,250,1,1,158,92,0.007600945361320301,0.003426275992438564,0.000715244271221258,0.0007152442712212582,0.011027221353758866,2.6042936611329014e-05
shfa_guided_threshold,SHFA,1,S5,5,250,2,2,158,92,0.005598061208139722,0.009569943289224952,0.0010015734093767993,0.0010015734093767993,0.015168004497364674,5.357312829150726e-05
shfa_guided_threshold,SHFA,1,S5,5,250,3,3,158,92,0.010885675372536454,0.010278827977315691,0.0014346734439369636,0.0014346734439369632,0.021164503349852145,0.00011189198457120411
shfa_guided_threshold,SHFA,1,S5,5,250,4,4,158,92,0.00904302195161032,0.006025519848771268,0.0009962727707861514,0.0009962727707861516,0.015068541800381589,5.448890826230227e-05
shfa_guided_threshold,SHFA,1,S5,5,250,5,5,158,92,0.00880267585322865,0.014295841209829865,0.001569498972660518,0.0015694989726605176,0.023098517063058516,0.00012584165621936042
shfa_guided_threshold,SHFA,1,S5,5,250,6,6,158,92,0.009523714148373658,0.019494328922495273,0.0019992861081015263,0.0019992861081015263,0.02901804307086893,0.00018565841617221803
shfa_guided_threshold,SHFA,1,S5,5,250,7,7,158,92,0.008001522191956417,0.007679584120982987,0.001041517507327754,0.0010415175073277543,0.015681106312939404,6.144836276904148e-05
shfa_guided_threshold,SHFA,1,S5,5,250,8,8,158,92,0.006479330235539175,0.008861058601134217,0.0010161880272053004,0.0010161880272053004,0.015340388836673392,5.74137249132134e-05
shfa_guided_threshold,SHFA,1,S5,5,250,9,9,158,92,0.004716792180740266,0.00815217391304348,0.0008427624910305624,0.0008427624910305624,0.012868966093783745,3.845211016907826e-05
shfa_guided_threshold,SHFA,1,S5,5,250,10,a,158,92,0.0067997917000480685,0.012169187145557654,0.0012683091155990523,0.0012683091155990523,0.018968978845605722,8.274793774869459e-05
shfa_guided_threshold,SHFA,1,S5,5,250,11,b,158,92,0.0028741387598141322,0.007443289224952741,0.0006662322951098733,0.0006662322951098731,0.010317427984766873,2.1393046061943566e-05
shfa_guided_threshold,SHFA,1,S5,5,250,12,c,158,92,0.005758291940394168,0.010278827977315691,0.001061508487155341,0.001061508487155341,0.01603711991770986,5.918849229847503e-05
shfa_guided_threshold,SHFA,1,S5,5,250,13,d,158,92,0.006960022432302515,0.018785444234404536,0.001739838779941414,0.0017398387799414142,0.025745466666707052,0.0001307471132722235
shfa_guided_threshold,SHFA,1,S5,5,250,14,e,158,92,0.008081637558083641,0.01760396975425331,0.001747619360158401,0.0017476193601584013,0.02568560731233695,0.00014226890313734199
shfa_guided_threshold,SHFA,1,S5,5,250,15,f,158,92,0.010244752443518667,0.015004725897920604,0.0017318120986470043,0.0017318120986470043,0.02524947834143927,0.00015371970230704994
shfa_guided_threshold,SHFA,1,S5,5,500,0,0,311,189,0.0038247898594927685,0.0065070266789843505,0.0006706265433120481,0.0006706265433120483,0.01033181653847712,2.488800965722825e-05
shfa_guided_threshold,SHFA,1,S5,5,500,1,1,311,189,0.004631233134479586,0.0033156266621875087,0.0005120341773511802,0.0005120341773511802,0.007946859796667094,1.5355440059486743e-05
shfa_guided_threshold,SHFA,1,S5,5,500,2,2,311,189,0.0038454678921847375,0.007850774054477757,0.0007612050212216971,0.0007612050212216971,0.011696241946662495,3.0189899555291206e-05
shfa_guided_threshold,SHFA,1,S5,5,500,3,3,311,189,0.005168861984470799,0.004155468771870887,0.0006042497168339343,0.0006042497168339344,0.009324330756341686,2.1479044562578988e-05
shfa_guided_threshold,SHFA,1,S5,5,500,4,4,311,189,0.005851237063305797,0.004099479297891995,0.0006459067977829425,0.0006459067977829425,0.009950716361197792,2.3987025208080468e-05
shfa_guided_threshold,SHFA,1,S5,5,500,5,5,311,189,0.005086149853702918,0.01333774250440917,0.0012193310294695333,0.0012193310294695335,0.01842389235811209,6.783775708752789e-05
shfa_guided_threshold,SHFA,1,S5,5,500,6,6,311,189,0.008787517705565493,0.01960856359004507,0.0019470656807038882,0.0019470656807038882,0.028396081295610564,0.00017231059972822792
shfa_guided_threshold,SHFA,1,S5,5,500,7,7,311,189,0.002956312486430042,0.00365156350606086,0.0004237874123186414,0.0004237874123186414,0.006607875992490902,1.0795162787959982e-05
shfa_guided_threshold,SHFA,1,S5,5,500,8,8,311,189,0.0031217367479657986,0.0065070266789843505,0.0006221109384881636,0.0006221109384881636,0.009628763426950149,2.0313224303779296e-05
shfa_guided_threshold,SHFA,1,S5,5,500,9,9,311,189,0.004010892153720496,0.004771352985638699,0.0005680277034626788,0.0005680277034626789,0.008782245139359195,1.9137382252729117e-05
shfa_guided_threshold,SHFA,1,S5,5,500,10,a,311,189,0.004031570186412465,0.006283068783068783,0.0006699955683775769,0.0006699955683775769,0.010314638969481248,2.5330632784998953e-05
shfa_guided_threshold,SHFA,1,S5,5,500,11,b,311,189,0.0016742744595279204,0.009866395117717868,0.0007378109019310678,0.0007378109019310678,0.01154066957724579,1.6519053353205997e-05
shfa_guided_threshold,SHFA,1,S5,5,500,12,c,311,189,0.003576653467189131,0.008690616164161138,0.0007977876743949486,0.0007977876743949486,0.012267269631350268,3.108332243555684e-05
shfa_guided_threshold,SHFA,1,S5,5,500,13,d,311,189,0.005603100671002161,0.018544763584446122,0.0016131496932491043,0.001613149693249104,0.024147864255448282,0.0001039081772835865
shfa_guided_threshold,SHFA,1,S5,5,500,14,e,311,189,0.0033698731402694347,0.014849458301839254,0.001188749005810712,0.0011887490058107122,0.01821933144210869,5.0040790678919075e-05
shfa_guided_threshold,SHFA,1,S5,5,500,15,f,311,189,0.004672589199863525,0.011154153019232383,0.0010412901636247848,0.0010412901636247846,0.015826742219095906,5.211877493129036e-05
shfa_guided_threshold,SHFA,1,S5,5,1000,0,0,616,384,0.001828934052960027,0.004014756944444444,0.0003725734130278316,0.0003725734130278316,0.005843690997404471,7.342725690052191e-06
shfa_guided_threshold,SHFA,1,S5,5,1000,1,1,616,384,0.0024297942317422837,0.0015326605902777778,0.0002513774762377295,0.0002513774762377295,0.003962454822020061,3.724049861475668e-06
shfa_guided_threshold,SHFA,1,S5,5,1000,2,2,616,384,0.0017762270197335128,0.0029296875,0.00029932344758022006,0.00029932344758022006,0.004705914519733513,5.203790096875526e-06
shfa_guided_threshold,SHFA,1,S5,5,1000,3,3,616,384,0.002103010625737898,0.0031331380208333326,0.00033384831296041787,0.00033384831296041776,0.00523614864657123,6.589022549715906e-06
shfa_guided_threshold,SHFA,1,S5,5,1000,4,4,616,384,0.003157151290268173,0.0029432508680555555,0.0003905674231708975,0.00039056742317089755,0.006100402158323729,9.292288275664518e-06
shfa_guided_threshold,SHFA,1,S5,5,1000,5,5,616,384,0.0041796677348625395,0.007921006944444444,0.000789399344610003,0.0007893993446100031,0.012100674679306984,3.310717715331655e-05
shfa_guided_threshold,SHFA,1,S5,5,1000,6,6,616,384,0.0072893826952268505,0.01384819878472222,0.0014220436630782325,0.0014220436630782325,0.02113758147994907,0.00010094482058141566
shfa_guided_threshold,SHFA,1,S5,5,1000,7,7,616,384,0.002893616124135605,0.003974066840277778,0.0004407296091632568,0.00044072960916325684,0.0068676829644133824,1.1499423887420413e-05
shfa_guided_threshold,SHFA,1,S5,5,1000,8,8,616,384,0.0023032973519986504,0.0030788845486111114,0.0003434779554160357,0.00034347795541603564,0.005382181900609762,7.091586627925533e-06
shfa_guided_threshold,SHFA,1,S5,5,1000,9,9,616,384,0.0017446027997976047,0.0021837022569444445,0.0002493287591177677,0.0002493287591177677,0.003928305056742049,3.8096930713896264e-06
shfa_guided_threshold,SHFA,1,S5,5,1000,10,a,616,384,0.0020344914825434304,0.0031195746527777775,0.00032847588151781025,0.00032847588151781025,0.005154066135321208,6.346748060234768e-06
shfa_guided_threshold,SHFA,1,S5,5,1000,11,b,616,384,0.0010541406645302746,0.004123263888888889,0.0003279342847245648,0.0003279342847245648,0.005177404553419164,4.346500135867018e-06
shfa_guided_threshold,SHFA,1,S5,5,1000,12,c,616,384,0.002103010625737898,0.0035942925347222225,0.00036364028292128875,0.00036364028292128875,0.00569730316046012,7.558835392531236e-06
shfa_guided_threshold,SHFA,1,S5,5,1000,13,d,616,384,0.003157151290268173,0.013441297743055556,0.0010798392750950995,0.0010798392750950997,0.01659844903332373,4.243621051236653e-05
shfa_guided_threshold,SHFA,1,S5,5,1000,14,e,616,384,0.002124093439028504,0.008680555555555556,0.0006937288732641817,0.0006937288732641818,0.010804648994584061,1.8438311102677987e-05
shfa_guided_threshold,SHFA,1,S5,5,1000,15,f,616,384,0.002356004385225164,0.005574544270833335,0.0005087929417513712,0.0005087929417513713,0.007930548656058498,1.313365074771515e-05
shfa_guided_threshold,SHFA,1,S5,5,1500,0,0,936,564,0.0014541785375118711,0.0028450530657411596,0.00027283919030959754,0.00027283919030959754,0.004299231603253031,4.137215106283145e-06
shfa_guided_threshold,SHFA,1,S5,5,1500,1,1,936,564,0.001673332602819782,0.0021157134952970173,0.00024035567350220625,0.00024035567350220625,0.0037890460981167993,3.5402923699062964e-06
shfa_guided_threshold,SHFA,1,S5,5,1500,2,2,936,564,0.001497552779604062,0.0029582264473618034,0.00028291630192431153,0.0002829163019243115,0.004455779226965865,4.430100238944918e-06
shfa_guided_threshold,SHFA,1,S5,5,1500,3,3,936,564,0.001645938344656294,0.00200882752376641,0.00023172927302558707,0.00023172927302558707,0.003654765868422704,3.306406249168087e-06
shfa_guided_threshold,SHFA,1,S5,5,1500,4,4,936,564,0.0034288479801300314,0.0028387656556511237,0.0004014595481207641,0.00040145954812076406,0.006267613635781155,9.73369588444186e-06
shfa_guided_threshold,SHFA,1,S5,5,1500,5,5,936,564,0.004154795821462488,0.006516900558322017,0.0006940574149451343,0.0006940574149451343,0.010671696379784504,2.707639120860287e-05
shfa_guided_threshold,SHFA,1,S5,5,1500,6,6,936,564,0.006227628022499818,0.011804612444042052,0.001200529764410133,0.0012005297644101332,0.01803224046654187,7.351473525126635e-05
shfa_guided_threshold,SHFA,1,S5,5,1500,7,7,936,564,0.002796497187522829,0.003291459182133695,0.00038970182944921575,0.00038970182944921586,0.006087956369656524,9.20455634568307e-06
shfa_guided_threshold,SHFA,1,S5,5,1500,8,8,936,564,0.0014359156987362115,0.0018390674513354458,0.0002073271927038859,0.00020732719270388593,0.0032749831500716573,2.6407458244073604e-06
shfa_guided_threshold,SHFA,1,S5,5,1500,9,9,936,564,0.0014153700051135949,0.00236092248880841,0.0002393598597451829,0.00023935985974518287,0.003776292493922005,3.3415788750575606e-06
shfa_guided_threshold,SHFA,1,S5,5,1500,10,a,936,564,0.0014610271020527434,0.002832478245561088,0.000272482411708604,0.000272482411708604,0.004293505347613831,4.138327482739556e-06
shfa_guided_threshold,SHFA,1,S5,5,1500,11,b,936,564,0.000783019212506392,0.003763014938886374,0.00028707364745614446,0.00028707364745614446,0.0045460341513927655,2.9465129940965973e-06
shfa_guided_threshold,SHFA,1,S5,5,1500,12,c,936,564,0.0013423186500109577,0.0019396660127760173,0.00020772769128792762,0.0002077276912879276,0.003281984662786975,2.6036498637416405e-06
shfa_guided_threshold,SHFA,1,S5,5,1500,13,d,936,564,0.002670940170940171,0.009597731502439515,0.000792426946205994,0.0007924269462059941,0.012268671673379687,2.563496661976366e-05
shfa_guided_threshold,SHFA,1,S5,5,1500,14,e,936,564,0.002050003652567755,0.006372290126251194,0.0005394565792102207,0.0005394565792102206,0.008422293778818948,1.3063218034036387e-05
shfa_guided_threshold,SHFA,1,S5,5,1500,15,f,936,564,0.0020271751040981806,0.0023923595392585885,0.0002810706469078349,0.0002810706469078349,0.004419534643356769,4.849731698036804e-06
shfa_guided_threshold,SHFA,1,S5,5,2000,0,0,1251,749,0.0014098633163812675,0.0026068358166919485,0.0002547189780068588,0.0002547189780068588,0.004016699133073216,3.6752821897827803e-06
shfa_guided_threshold,SHFA,1,S5,5,2000,1,1,1251,749,0.0014890964925901007,0.0014874082220887302,0.00018824643903398892,0.00018824643903398895,0.002976504714678831,2.214894366562006e-06
shfa_guided_threshold,SHFA,1,S5,5,2000,2,2,1251,749,0.0017881378350556962,0.0030275124286765973,0.00030639175100308637,0.0003063917510030863,0.004815650263732293,5.413609519817984e-06
shfa_guided_threshold,SHFA,1,S5,5,2000,3,3,1251,749,0.0012283937837739396,0.001127337562678141,0.00014861802360746374,0.00014861802360746371,0.0023557313464520804,1.3848144542086924e-06
shfa_guided_threshold,SHFA,1,S5,5,2000,4,4,1251,749,0.0025715239159591584,0.002606835816691949,0.0003303510239382965,0.00033035102393829644,0.005178359732651107,6.703540647602271e-06
shfa_guided_threshold,SHFA,1,S5,5,2000,5,5,1251,749,0.0032105011434497488,0.005273497729950569,0.0005471805000795059,0.0005471805000795058,0.008483998873400317,1.6930570491985956e-05
shfa_guided_threshold,SHFA,1,S5,5,2000,6,6,1251,749,0.005668007560378556,0.011095234233094057,0.0011105904836093863,0.0011105904836093863,0.016763241793472612,6.288787151734809e-05
shfa_guided_threshold,SHFA,1,S5,5,2000,7,7,1251,749,0.002544686872404554,0.0028171741226842724,0.00034228513820032413,0.0003422851382003242,0.005361860995088827,7.1688260072724844e-06
shfa_guided_threshold,SHFA,1,S5,5,2000,8,8,1251,749,0.000908905170028645,0.0012128989074885784,0.0001337151649325649,0.0001337151649325649,0.0021218040775172232,1.1024100877384642e-06
shfa_guided_threshold,SHFA,1,S5,5,2000,9,9,1251,749,0.0010686494769012928,0.0014410624936497436,0.00015839698883946064,0.00015839698883946066,0.0025097119705510366,1.539990680020871e-06
shfa_guided_threshold,SHFA,1,S5,5,2000,10,a,1251,749,0.0009868603917824975,0.0013982818212445252,0.00015045129726012465,0.00015045129726012465,0.002385142213027023,1.3799089459357163e-06
shfa_guided_threshold,SHFA,1,S5,5,2000,11,b,1251,749,0.000779831770075546,0.003009687148507756,0.0002391919820678508,0.0002391919820678508,0.003789518918583302,2.3470496563944263e-06
shfa_guided_threshold,SHFA,1,S5,5,2000,12,c,1251,749,0.0012820678708831492,0.0014802781100211942,0.00017454444081135124,0.00017454444081135126,0.0027623459809043432,1.8978170048298046e-06
shfa_guided_threshold,SHFA,1,S5,5,2000,13,d,1251,749,0.0025574664169543664,0.006931248785652789,0.00061077113615981,0.00061077113615981,0.009488715202607155,1.772643599686274e-05
shfa_guided_threshold,SHFA,1,S5,5,2000,14,e,1251,749,0.0018367001043449816,0.004831430781763312,0.0004256320698027686,0.0004256320698027686,0.006668130886108294,8.873889421000232e-06
shfa_guided_threshold,SHFA,1,S5,5,2000,15,f,1251,749,0.0016565085261926345,0.0021362484202345454,0.0002405860228738828,0.00024058602287388282,0.00379275694642718,3.5387137221840705e-06
shfa_guided_threshold,SHFA,1,S5,5,3000,0,0,1848,1151,0.0009030471692809352,0.0023920101962483426,0.00020810118338219304,0.00020810118338219306,0.003295057365529278,2.1600980366132e-06
shfa_guided_threshold,SHFA,1,S5,5,3000,1,1,1848,1151,0.0011296874121549444,0.0013005255128883508,0.00015335749511630228,0.00015335749511630228,0.002430212925043295,1.4691873010963227e-06
shfa_guided_threshold,SHFA,1,S5,5,3000,2,2,1848,1151,0.001567741421637526,0.002502215427071689,0.0002582951298152066,0.00025829512981520667,0.004069956848709215,3.922826770880719e-06
shfa_guided_threshold,SHFA,1,S5,5,3000,3,3,1848,1151,0.0009452127958621468,0.0014031824402306464,0.00014810100825323464,0.00014810100825323467,0.0023483952360927934,1.3263059974350789e-06
shfa_guided_threshold,SHFA,1,S5,5,3000,4,4,1848,1151,0.002240634545829351,0.0027256452101108017,0.00031649965956370805,0.0003164996595637081,0.004966279755940153,6.107174817448562e-06
shfa_guided_threshold,SHFA,1,S5,5,3000,5,5,1848,1151,0.003136654110680085,0.005196959769806936,0.0005371519327554428,0.0005371519327554427,0.00833361388048702,1.6301065225003955e-05
shfa_guided_threshold,SHFA,1,S5,5,3000,6,6,1848,1151,0.005893231948426754,0.011222015608381937,0.0011358369132096033,0.0011358369132096033,0.01711524755680869,6.613394090906014e-05
shfa_guided_threshold,SHFA,1,S5,5,3000,7,7,1848,1151,0.0019560165664061764,0.003358193041822885,0.00033870678173731185,0.00033870678173731185,0.005314209608229061,6.568681222995513e-06
shfa_guided_threshold,SHFA,1,S5,5,3000,8,8,1848,1151,0.0006102303180225256,0.0007026998771891024,8.248694597025826e-05,8.248694597025824e-05,0.001312930195211628,4.2880876953149567e-07
shfa_guided_threshold,SHFA,1,S5,5,3000,9,9,1848,1151,0.001187079515001593,0.0014756461536487367,0.0001681720636110329,0.00016817206361103293,0.00266272566865033,1.7517093203873086e-06
shfa_guided_threshold,SHFA,1,S5,5,3000,10,a,1848,1151,0.001070538408200746,0.0008989557676964313,0.0001240557526701662,0.00012405575267016621,0.0019694941758971775,9.623666765926172e-07
shfa_guided_threshold,SHFA,1,S5,5,3000,11,b,1848,1151,0.0006752356590018925,0.002251611751500791,0.00018444833170125878,0.00018444833170125878,0.0029268474105026837,1.520368544841042e-06
shfa_guided_threshold,SHFA,1,S5,5,3000,12,c,1848,1151,0.0008310142238713665,0.000998593373646306,0.00011518032014221834,0.00011518032014221831,0.0018296075975176725,8.298452973637745e-07
shfa_guided_threshold,SHFA,1,S5,5,3000,13,d,1848,1151,0.0026166113828451484,0.006280896149685878,0.0005725288851429254,0.0005725288851429254,0.008897507532531025,1.643466435973633e-05
shfa_guided_threshold,SHFA,1,S5,5,3000,14,e,1848,1151,0.0018488455988455985,0.0036812604308118745,0.000352437708999303,0.00035243770899930305,0.005530106029657473,6.806082145710986e-06
shfa_guided_threshold,SHFA,1,S5,5,3000,15,f,1848,1151,0.0012397865482281067,0.0016915276332067984,0.00018530426954528747,0.0001853042695452875,0.0029313141814349053,2.0971332056059156e-06
shfa_guided_threshold,SHFA,1,S5,5,4000,0,0,2475,1523,0.0008341087644117944,0.002395502492100767,0.00020384881315586663,0.00020384881315586663,0.0032296112565125615,1.9981096238315452e-06
shfa_guided_threshold,SHFA,1,S5,5,4000,1,1,2475,1523,0.0010032343638404244,0.0014461718305742244,0.00015453873642736567,0.0001545387364273656,0.0024494061944146488,1.4508492764500739e-06
shfa_guided_threshold,SHFA,1,S5,5,4000,2,2,2475,1523,0.0013731558004285275,0.003235328163605628,0.0002924728573862796,0.00029247285738627954,0.0046084839640341555,4.442609634144845e-06
shfa_guided_threshold,SHFA,1,S5,5,4000,3,3,2475,1523,0.0011142434445464747,0.001808314317260099,0.00018467476248659742,0.00018467476248659745,0.0029225577618065737,2.0149023736865994e-06
shfa_guided_threshold,SHFA,1,S5,5,4000,4,4,2475,1523,0.0020398632792572187,0.0033551800818183344,0.00034403431871141854,0.00034403431871141854,0.0053950433610755535,6.844108644196451e-06
shfa_guided_threshold,SHFA,1,S5,5,4000,5,5,2475,1523,0.003010866238138965,0.0057496317140247,0.0005648424940197192,0.0005648424940197192,0.008760497952163666,1.731137200949004e-05
shfa_guided_threshold,SHFA,1,S5,5,4000,6,6,2475,1523,0.006076675849403123,0.013431363651844839,0.001300870511955714,0.0013008705119557141,0.01950803950124796,8.161804312771646e-05
shfa_guided_threshold,SHFA,1,S5,5,4000,7,7,2475,1523,0.0019409345985103564,0.003460373851760422,0.000344298137474586,0.00034429813747458596,0.005401308450270778,6.716359332662349e-06
shfa_guided_threshold,SHFA,1,S5,5,4000,8,8,2475,1523,0.0007142842567084994,0.0006658409961677564,8.67334280457997e-05,8.673342804579972e-05,0.0013801252528762558,4.755997410337327e-07
shfa_guided_threshold,SHFA,1,S5,5,4000,9,9,2475,1523,0.000950015304560759,0.0017522684562253806,0.00017055741690024688,0.00017055741690024688,0.0027022837607861396,1.664681851113166e-06
shfa_guided_threshold,SHFA,1,S5,5,4000,10,a,2475,1523,0.0006816345270890724,0.0007011930008204251,8.690467785385599e-05,8.690467785385599e-05,0.0013828275279094975,4.779573595123981e-07
shfa_guided_threshold,SHFA,1,S5,5,4000,11,b,2475,1523,0.000729303132333435,0.001822110221514799,0.0001607922053075221,0.00016079220530752214,0.002551413353848234,1.3288706920075118e-06
shfa_guided_threshold,SHFA,1,S5,5,4000,12,c,2475,1523,0.0005970717273747577,0.0009745243538666688,9.88066160169211e-05,9.88066160169211e-05,0.0015715960812414265,5.818609393319415e-07
shfa_guided_threshold,SHFA,1,S5,5,4000,13,d,2475,1523,0.0020950413223140493,0.005766014350327156,0.0005033960178690666,0.0005033960178690665,0.007861055672641205,1.2080038328991188e-05
shfa_guided_threshold,SHFA,1,S5,5,4000,14,e,2475,1523,0.0016513314967860422,0.003504348296572278,0.00032801682780273336,0.0003280168278027333,0.00515567979335832,5.786840717838317e-06
shfa_guided_threshold,SHFA,1,S5,5,4000,15,f,2475,1523,0.001120446893174166,0.002054053861796943,0.00020070775545355708,0.00020070775545355708,0.003174500754971109,2.3014582678627825e-06
shfa_guided_threshold,SHFA,1,S5,5,6000,0,0,3673,2323,0.0009369212083170848,0.002041839461604361,0.00018808558456564621,0.00018808558456564621,0.0029787606699214456,1.9130426955558634e-06
shfa_guided_threshold,SHFA,1,S5,5,6000,1,1,3673,2323,0.0007769618756425153,0.0015329750094925645,0.0001455621184596309,0.00014556211845963093,0.0023099368851350797,1.1910631386884455e-06
shfa_guided_threshold,SHFA,1,S5,5,6000,2,2,3673,2323,0.0010850207202187487,0.0023805882665790023,0.00021918354927040728,0.00021918354927040728,0.003465608986797751,2.5829875955478517e-06
shfa_guided_threshold,SHFA,1,S5,5,6000,3,3,3673,2323,0.0008570156658596307,0.001470339836581498,0.00014671982317665836,0.0001467198231766584,0.0023273555024411288,1.2601042740878331e-06
shfa_guided_threshold,SHFA,1,S5,5,6000,4,4,3673,2323,0.0019091300161760546,0.0038630775662492033,0.0003681380912381214,0.00036813809123812134,0.005772207582425258,7.375117336542695e-06
shfa_guided_threshold,SHFA,1,S5,5,6000,5,5,3673,2323,0.00306561078929405,0.00619355074533076,0.0005976846119029769,0.0005976846119029768,0.00925916153462481,1.8987015988926183e-05
shfa_guided_threshold,SHFA,1,S5,5,6000,6,6,3673,2323,0.006015296463275434,0.01404147847545989,0.0013380120894835499,0.0013380120894835499,0.020056774938735325,8.446365581259201e-05
shfa_guided_threshold,SHFA,1,S5,5,6000,7,7,3673,2323,0.002119641834895136,0.00363217985782557,0.0003671877761735546,0.0003671877761735547,0.005751821692720706,7.698920378510545e-06
shfa_guided_threshold,SHFA,1,S5,5,6000,8,8,3673,2323,0.0006054392177143623,0.0003688502869265383,6.111641046922681e-05,6.111641046922681e-05,0.0009742895046409006,2.2331642917052142e-07
shfa_guided_threshold,SHFA,1,S5,5,6000,9,9,3673,2323,0.0006659243036561827,0.0013880616804498023,0.00012929846801460946,0.00012929846801460943,0.002053985984105985,9.243440079853653e-07
shfa_guided_threshold,SHFA,1,S5,5,6000,10,a,3673,2323,0.00041123465255802597,0.0002283844257827869,4.007011198628724e-05,4.0070111986287255e-05,0.0006396190783408129,9.391958998644863e-08
shfa_guided_threshold,SHFA,1,S5,5,6000,11,b,3673,2323,0.0005829055582458405,0.0013628593623554086,0.0001224047258350024,0.00012240472583500243,0.001945764920601249,7.944182974243497e-07
shfa_guided_threshold,SHFA,1,S5,5,6000,12,c,3673,2323,0.00045585722821608513,0.0006968510444785702,7.236193162903144e-05,7.236193162903144e-05,0.0011527082726946554,3.1766458561548485e-07
shfa_guided_threshold,SHFA,1,S5,5,6000,13,d,3673,2323,0.0022419462366157295,0.005097620530549565,0.00047015151411199156,0.00047015151411199156,0.0073395667671652945,1.1428591164160675e-05
shfa_guided_threshold,SHFA,1,S5,5,6000,14,e,3673,2323,0.0016554780993955271,0.00333271701929219,0.00031727943495490327,0.00031727943495490327,0.004988195118687717,5.517240036920961e-06
shfa_guided_threshold,SHFA,1,S5,5,6000,15,f,3673,2323,0.0007825952905096454,0.0016078407191259098,0.0001506605391768998,0.00015066053917689977,0.002390436009635555,1.2582885746775784e-06
shfa_guided_threshold,SHFA,1,S5,5,8000,0,0,4925,3068,0.0007896080805998608,0.0021289493769218867,0.00018409087672631476,0.0001840908767263148,0.0029185574575217475,1.6810356312055606e-06
shfa_guided_threshold,SHFA,1,S5,5,8000,1,1,4925,3068,0.0007356824447937336,0.001245880001155894,0.00012476422491702172,0.00012476422491702172,0.0019815624459496276,9.165720451699877e-07
shfa_guided_threshold,SHFA,1,S5,5,8000,2,2,4925,3068,0.0009807390038393156,0.0024691308183562837,0.00021803843678636862,0.00021803843678636865,0.0034498698221955993,2.4215728991436956e-06
shfa_guided_threshold,SHFA,1,S5,5,8000,3,3,4925,3068,0.0008522739570718134,0.001242055350346513,0.00013195415314198744,0.00013195415314198744,0.0020943293074183263,1.0585714283420402e-06
shfa_guided_threshold,SHFA,1,S5,5,8000,4,4,4925,3068,0.002008954108583061,0.003666459002293091,0.0003620790673063675,0.0003620790673063675,0.005675413110876152,7.365747876608055e-06
shfa_guided_threshold,SHFA,1,S5,5,8000,5,5,4925,3068,0.0030417866989615816,0.005986959640584816,0.0005825077004236005,0.0005825077004236006,0.009028746339546399,1.8211054201950707e-05
shfa_guided_threshold,SHFA,1,S5,5,8000,6,6,4925,3068,0.005708714473446881,0.014046136337752362,0.001314863557507288,0.0013148635575072878,0.019754850811199244,8.018538180733508e-05
shfa_guided_threshold,SHFA,1,S5,5,8000,7,7,4925,3068,0.0021782344301579538,0.0032901558587700944,0.0003489411238301619,0.00034894112383016196,0.005468390288928048,7.166730772158929e-06
shfa_guided_threshold,SHFA,1,S5,5,8000,8,8,4925,3068,0.0004940065448736118,0.0003672727180008465,5.401138905609959e-05,5.401138905609958e-05,0.0008612792628744583,1.8143512644593856e-07
shfa_guided_threshold,SHFA,1,S5,5,8000,9,9,4925,3068,0.0005472725398747712,0.0011878727972136145,0.00010909667373080337,0.00010909667373080337,0.0017351453370883859,6.500901627792439e-07
shfa_guided_threshold,SHFA,1,S5,5,8000,10,a,4925,3068,0.00028687933211368494,0.00017858994473804538,2.9143063567301815e-05,2.9143063567301815e-05,0.00046546927685173033,5.123376406867036e-08
shfa_guided_threshold,SHFA,1,S5,5,8000,11,b,4925,3068,0.00040107964647375613,0.0014509237806588256,0.00011633215019279337,0.00011633215019279337,0.0018520034271325818,5.819359970070074e-07
shfa_guided_threshold,SHFA,1,S5,5,8000,12,c,4925,3068,0.0003949779690278029,0.0006494469554929636,6.553307502201982e-05,6.55330750220198e-05,0.0010444249245207665,2.565172394719007e-07
shfa_guided_threshold,SHFA,1,S5,5,8000,13,d,4925,3068,0.0019372181710427992,0.005221604517507552,0.00045754180518771176,0.0004575418051877117,0.007158822688550351,1.0115387153314797e-05
shfa_guided_threshold,SHFA,1,S5,5,8000,14,e,4925,3068,0.0015589966244943182,0.0033103415158196054,0.0003094944450187064,0.0003094944450187064,0.004869338140313924,5.16081124908617e-06
shfa_guided_threshold,SHFA,1,S5,5,8000,15,f,4925,3068,0.0006780463294596612,0.001409277582956676,0.00013141330001833465,0.00013141330001833462,0.0020873239124163372,9.555554923135573e-07
shfa_guided_budget,SHFA,0,S0,0,250,0,0,97,40,0.012428260176426826,0.01625,0.0019943504888936124,0.001994350488893613,0.02867826017642683,0.00020195922786693594
shfa_guided_budget,SHFA,0,S0,0,250,1,1,97,40,0.006263949410139228,0.02375,0.0020246406366245086,0.002024640636624508,0.030013949410139226,0.00014876879849080665
shfa_guided_budget,SHFA,0,S0,0,250,2,2,97,40,0.008389573812307365,0.01875,0.0018535278722499732,0.0018535278722499734,0.027139573812307364,0.0001573045089807631
shfa_guided_budget,SHFA,0,S0,0,250,3,3,97,40,0.015404134339462217,0.0175,0.0023260807471569772,0.0023260807471569772,0.03290413433946222,0.0002695723509405888
shfa_guided_budget,SHFA,0,S0,0,250,4,4,97,40,0.017742321181847168,0.02375,0.0030146502019343176,0.003014650201934318,0.04149232118184717,0.00042138012806887024
shfa_guided_budget,SHFA,0,S0,0,250,5,5,97,40,0.0062639494101392286,0.015,0.0014229560792857901,0.0014229560792857901,0.02126394941013923,9.395924115208842e-05
shfa_guided_budget,SHFA,0,S0,0,250,6,6,97,40,0.009027261132957806,0.026250000000000002,0.002441794425550005,0.0024417944255500056,0.03527726113295781,0.00023696560474014244
shfa_guided_budget,SHFA,0,S0,0,250,7,7,97,40,0.02326894462748432,0.03,0.004027377378042301,0.004027377378042299,0.05326894462748432,0.0006980683388245296
shfa_guided_budget,SHFA,0,S0,0,250,8,8,97,40,0.011578010415559573,0.0125,0.0016496007811669681,0.001649600781166968,0.024078010415559573,0.00014472513019449465
shfa_guided_budget,SHFA,0,S0,0,250,9,9,97,40,0.020293070464448934,0.01625,0.0026137042990753536,0.0026137042990753536,0.036543070464448935,0.0003297623950472952
shfa_guided_budget,SHFA,0,S0,0,250,10,a,97,40,0.0062639494101392286,0.027499999999999997,0.00228250544691253,0.00228250544691253,0.03376394941013922,0.00017225860877882876
shfa_guided_budget,SHFA,0,S0,0,250,11,b,97,40,0.007114199171006483,0.027500000000000004,0.0023590279253905833,0.0023590279253905837,0.034614199171006485,0.00019564047720267832
shfa_guided_budget,SHFA,0,S0,0,250,12,c,97,40,0.007751886491656923,0.030000000000000002,0.0025920495004782655,0.0025920495004782655,0.03775188649165692,0.0002325565947497077
shfa_guided_budget,SHFA,0,S0,0,250,13,d,97,40,0.022418694866617073,0.02,0.0030995423264959087,0.0030995423264959087,0.04241869486661708,0.0004483738973323415
shfa_guided_budget,SHFA,0,S0,0,250,14,e,97,40,0.016466946540546284,0.015,0.002213688356892337,0.002213688356892337,0.031466946540546284,0.00024700419810819423
shfa_guided_budget,SHFA,0,S0,0,250,15,f,97,40,0.01327850993729408,0.035,0.0034821547188861727,0.003482154718886173,0.04827850993729409,0.0004647478478052928
shfa_guided_budget,SHFA,0,S0,0,500,0,0,196,79,0.005440441482715536,0.012968674891844258,0.001221125090267428,0.0012211250902674279,0.018409116374559793,7.055531685744091e-05
shfa_guided_budget,SHFA,0,S0,0,500,1,1,196,79,0.006689920866305705,0.01232775196282647,0.001271076236911515,0.0012710762369115148,0.019017672829132175,8.24716850907539e-05
shfa_guided_budget,SHFA,0,S0,0,500,2,2,196,79,0.003930653894210745,0.007841291459701971,0.0007665679874312639,0.0007665679874312637,0.011771945353912716,3.082140281171901e-05
shfa_guided_budget,SHFA,0,S0,0,500,3,3,196,79,0.00564868804664723,0.008161752924210865,0.000909255756861309,0.000909255756861309,0.013810440970858096,4.6103196182677995e-05
shfa_guided_budget,SHFA,0,S0,0,500,4,4,196,79,0.008095585172844649,0.012968674891844258,0.0014215052662089138,0.0014215052662089138,0.02106426006468891,0.00010498901216585705
shfa_guided_budget,SHFA,0,S0,0,500,5,5,196,79,0.002785297792586422,0.005277599743630829,0.0005186307829296677,0.0005186307829296678,0.00806289753621725,1.4699686916089613e-05
shfa_guided_budget,SHFA,0,S0,0,500,6,6,196,79,0.00455539358600583,0.0110459061047909,0.0010253996804961826,0.0010253996804961828,0.01560129969079673,5.031844982138711e-05
shfa_guided_budget,SHFA,0,S0,0,500,7,7,196,79,0.006065181174510621,0.013289136356353147,0.0012902458653330433,0.001290245865333043,0.019354317530863765,8.060101965405777e-05
shfa_guided_budget,SHFA,0,S0,0,500,8,8,196,79,0.006221366097459392,0.0065594456016664,0.0008396094436796985,0.0008396094436796984,0.012780811699125792,4.080871248433647e-05
shfa_guided_budget,SHFA,0,S0,0,500,9,9,196,79,0.007470845481049561,0.012007290498317578,0.0013070881106694513,0.0013070881106694516,0.01947813597936714,8.97046119590052e-05
shfa_guided_budget,SHFA,0,S0,0,500,10,a,196,79,0.005388379841732612,0.01360959782086204,0.0012607072864641868,0.0012607072864641868,0.018997977662594652,7.33336825520211e-05
shfa_guided_budget,SHFA,0,S0,0,500,11,b,196,79,0.004295085381091211,0.015532366607915397,0.00130592859006432,0.0013059285900643197,0.01982745198900661,6.671284075140671e-05
shfa_guided_budget,SHFA,0,S0,0,500,12,c,196,79,0.004919825072886299,0.017134673930459865,0.0014627057861279426,0.0014627057861279428,0.022054499003346162,8.429959841880767e-05
shfa_guided_budget,SHFA,0,S0,0,500,13,d,196,79,0.009188879633486049,0.013930059285370933,0.0015729353204891596,0.0015729353204891596,0.023118938918856982,0.00012800163806059818
shfa_guided_budget,SHFA,0,S0,0,500,14,e,196,79,0.005492503123698459,0.0110459061047909,0.001094320250565229,0.0010943202505652287,0.016538409228489356,6.066967378464389e-05
shfa_guided_budget,SHFA,0,S0,0,500,15,f,196,79,0.006585797584339859,0.009443598782246435,0.0010640309029592368,0.0010640309029592368,0.016029396366586294,6.219363004759341e-05
shfa_guided_budget,SHFA,0,S0,0,1000,0,0,376,168,0.003041534631054776,0.0036848072562358273,0.00043160383683426586,0.0004316038368342659,0.006726341887290603,1.1207468878603198e-05
shfa_guided_budget,SHFA,0,S0,0,1000,1,1,376,168,0.0021502942507922135,0.005031179138321996,0.0004596606023954776,0.00045966060239547766,0.00718147338911421,1.081851557583951e-05
shfa_guided_budget,SHFA,0,S0,0,1000,2,2,376,168,0.0013580805794477136,0.003543083900226758,0.00031113457341590625,0.0003111345734159063,0.0049011644796744715,4.81179343625182e-06
shfa_guided_budget,SHFA,0,S0,0,1000,3,3,376,168,0.0033103214124038023,0.005598072562358277,0.0005753060428939948,0.0005753060428939947,0.008908393974762079,1.8531419471364825e-05
shfa_guided_budget,SHFA,0,S0,0,1000,4,4,376,168,0.00803531009506564,0.007865646258503401,0.0010570126788832326,0.0010570126788832328,0.015900956353569043,6.320290678516766e-05
shfa_guided_budget,SHFA,0,S0,0,1000,5,5,376,168,0.0009902670891806247,0.004535147392290249,0.0003498294122990979,0.0003498294122990979,0.005525414481470873,4.491007207168365e-06
shfa_guided_budget,SHFA,0,S0,0,1000,6,6,376,168,0.0030415346310547764,0.005598072562358277,0.000557002181153886,0.0005570021811538861,0.008639607193413053,1.702673156557025e-05
shfa_guided_budget,SHFA,0,S0,0,1000,7,7,376,168,0.003918628338614758,0.011621315192743766,0.0010167860857561676,0.0010167860857561678,0.015539943531358524,4.553961504625995e-05
shfa_guided_budget,SHFA,0,S0,0,1000,8,8,376,168,0.003706428248076052,0.0025510204081632655,0.0004005457151171922,0.00040054571511719217,0.006257448656239318,9.455174102234828e-06
shfa_guided_budget,SHFA,0,S0,0,1000,9,9,376,168,0.0042440018107741066,0.011550453514739227,0.0010361736034763989,0.0010361736034763989,0.015794455325513334,4.9020145631815426e-05
shfa_guided_budget,SHFA,0,S0,0,1000,10,a,376,168,0.0039752150294250785,0.007511337868480726,0.000747768739304987,0.000747768739304987,0.011486552897905804,2.9859183185874313e-05
shfa_guided_budget,SHFA,0,S0,0,1000,11,b,376,168,0.0023059076505205977,0.004322562358276645,0.0004242468051616301,0.0004242468051616301,0.0066284700087972425,9.967429611802472e-06
shfa_guided_budget,SHFA,0,S0,0,1000,12,c,376,168,0.0019239474875509279,0.008503401360544217,0.0006680694006892027,0.0006680694006892027,0.010427348848095144,1.6360097683256187e-05
shfa_guided_budget,SHFA,0,S0,0,1000,13,d,376,168,0.003946921684019918,0.006731859410430839,0.0006939939402839753,0.0006939939402839754,0.010678781094450758,2.6570121880803018e-05
shfa_guided_budget,SHFA,0,S0,0,1000,14,e,376,168,0.0031971480307831607,0.005527210884353742,0.0005629437435906912,0.0005629437435906913,0.008724358915136904,1.767131139463482e-05
shfa_guided_budget,SHFA,0,S0,0,1000,15,f,376,168,0.0020654142145767316,0.005881519274376417,0.0005088311165721759,0.0005088311165721759,0.007946933488953149,1.2147773512604077e-05
shfa_guided_budget,SHFA,0,S0,0,1500,0,0,573,247,0.0019505968099071357,0.0029493599305020573,0.0003120003083472798,0.0003120003083472798,0.004899956740409193,5.753012071705244e-06
shfa_guided_budget,SHFA,0,S0,0,1500,1,1,573,247,0.0019688711627666154,0.004260641872510613,0.0003977332196224889,0.00039773321962248886,0.006229513035277228,8.3886549176621e-06
shfa_guided_budget,SHFA,0,S0,0,1500,2,2,573,247,0.001036879166933168,0.0025887573964497044,0.00022928651382405236,0.00022928651382405236,0.0036256365633828723,2.6842286126228463e-06
shfa_guided_budget,SHFA,0,S0,0,1500,3,3,573,247,0.0021028830837361307,0.003703347047156977,0.00037067708903948973,0.0003706770890394898,0.005806230130893108,7.787705858670559e-06
shfa_guided_budget,SHFA,0,S0,0,1500,4,4,573,247,0.005745570753725683,0.0077683210673835,0.0008892516771496336,0.0008892516771496336,0.013513891821109182,4.4633438330309716e-05
shfa_guided_budget,SHFA,0,S0,0,1500,5,5,573,247,0.0006409348549777814,0.004326205969611041,0.0003132191177325381,0.00031321911773253807,0.004967140824588823,2.772816195736665e-06
shfa_guided_budget,SHFA,0,S0,0,1500,6,6,573,247,0.001481555086513832,0.004621244406562966,0.00038827159647386686,0.00038827159647386675,0.006102799493076797,6.846628156566956e-06
shfa_guided_budget,SHFA,0,S0,0,1500,7,7,573,247,0.0021516146913614087,0.0089484748151912,0.0007130092640371811,0.000713009264037181,0.01110008950655261,1.9253669877642953e-05
shfa_guided_budget,SHFA,0,S0,0,1500,8,8,573,247,0.0008663185402446936,0.001474167745742431,0.00014755749172376266,0.00014755749172376268,0.0023404862859871247,1.2770988495673937e-06
shfa_guided_budget,SHFA,0,S0,0,1500,9,9,573,247,0.0017617618303591822,0.00642425707682473,0.0005229441926053592,0.0005229441926053591,0.008186018907183911,1.1318010906364666e-05
shfa_guided_budget,SHFA,0,S0,0,1500,10,a,573,247,0.0023891812785346404,0.00271988559065056,0.0003258149790570135,0.0003258149790570135,0.0051090668691852,6.498299732938451e-06
shfa_guided_budget,SHFA,0,S0,0,1500,11,b,573,247,0.0009637817554952503,0.004162295726859972,0.00032439138732972487,0.00032439138732972487,0.005126077482355222,4.011544682523483e-06
shfa_guided_budget,SHFA,0,S0,0,1500,12,c,573,247,0.0017130302227339037,0.007243808290580077,0.0005722112696115778,0.000572211269611578,0.008956838513313982,1.2408862529454088e-05
shfa_guided_budget,SHFA,0,S0,0,1500,13,d,573,247,0.0018470421437034197,0.005244103329017031,0.0004528826718996581,0.00045288267189965803,0.0070911454727204505,9.686079854629857e-06
shfa_guided_budget,SHFA,0,S0,0,1500,14,e,573,247,0.0022612608085182846,0.004096731629759543,0.0004066383060697567,0.00040663830606975674,0.006357992438277828,9.263778677392495e-06
shfa_guided_budget,SHFA,0,S0,0,1500,15,f,573,247,0.0026937538261926305,0.005899744300021308,0.0005529860916701118,0.0005529860916701117,0.008593498126213938,1.589245878174056e-05
shfa_guided_budget,SHFA,0,S0,0,2000,0,0,747,340,0.001203273603113928,0.002326989619377162,0.0002234414565894098,0.0002234414565894098,0.0035302632224910903,2.8000051837166663e-06
shfa_guided_budget,SHFA,0,S0,0,2000,1,1,747,340,0.0020276330668501765,0.0028460207612456758,0.00031037405006043456,0.0003103740500604346,0.004873653828095853,5.770685804443844e-06
shfa_guided_budget,SHFA,0,S0,0,2000,2,2,747,340,0.0009380449060857439,0.0017560553633217987,0.00017002852562634,0.00017002852562634,0.0026941002694075428,1.6472587883685636e-06
shfa_guided_budget,SHFA,0,S0,0,2000,3,3,747,340,0.0023036142786227462,0.002794117647058823,0.0003250448146630146,0.00032504481466301454,0.005097731925681569,6.436569307916495e-06
shfa_guided_budget,SHFA,0,S0,0,2000,4,4,747,340,0.005572378760916043,0.007517301038062284,0.0008599942360800559,0.0008599942360800559,0.013089679798978328,4.188924864391039e-05
shfa_guided_budget,SHFA,0,S0,0,2000,5,5,747,340,0.0008878665039452769,0.00523356401384083,0.0003872361135457743,0.00038723611354577435,0.006121430517786107,4.646706184142669e-06
shfa_guided_budget,SHFA,0,S0,0,2000,6,6,747,340,0.001640542536052286,0.0048356401384083035,0.00041269449048988744,0.00041269449048988744,0.006476182674460589,7.933073336100584e-06
shfa_guided_budget,SHFA,0,S0,0,2000,7,7,747,340,0.0013502246379538678,0.0064965397923875436,0.0004991945649854676,0.0004991945649854676,0.007846764430341411,8.771788089129367e-06
shfa_guided_budget,SHFA,0,S0,0,2000,8,8,747,340,0.0005975486058468591,0.0018425605536332174,0.00015360784195751675,0.00015360784195751672,0.0024401091594800765,1.1010194900119458e-06
shfa_guided_budget,SHFA,0,S0,0,2000,9,9,747,340,0.0008520247881306574,0.005077854671280277,0.0003749439242636391,0.0003749439242636392,0.005929879459410934,4.326458050455847e-06
shfa_guided_budget,SHFA,0,S0,0,2000,10,a,747,340,0.0015545224180971992,0.0029325259515570936,0.00028499920043674064,0.00028499920043674064,0.004487048369654293,4.558677333347323e-06
shfa_guided_budget,SHFA,0,S0,0,2000,11,b,747,340,0.0007229946111980271,0.0024480968858131484,0.00019996317941933206,0.00019996317941933204,0.0031710914970111753,1.7699608561335782e-06
shfa_guided_budget,SHFA,0,S0,0,2000,12,c,747,340,0.0009918074798076736,0.005406574394463667,0.0004052611480665245,0.0004052611480665245,0.006398381874271341,5.362280924565709e-06
shfa_guided_budget,SHFA,0,S0,0,2000,13,d,747,340,0.0015007598443752695,0.0033823529411764705,0.00031027064857060594,0.000310270648570606,0.00488311278555174,5.076099473622235e-06
shfa_guided_budget,SHFA,0,S0,0,2000,14,e,747,340,0.001515096530701118,0.0039013840830449823,0.00034444101184828534,0.0003444410118482853,0.0054164806137461,5.910973489154016e-06
shfa_guided_budget,SHFA,0,S0,0,2000,15,f,747,340,0.002260604219645203,0.006081314878892733,0.0005351173897348371,0.0005351173897348371,0.008341919098537936,1.3747446076216068e-05
shfa_guided_budget,SHFA,0,S0,0,3000,0,0,1115,513,0.001001779645679583,0.0011511139229924494,0.00013570901053991424,0.00013570901053991424,0.0021528935686720325,1.153162497912211e-06
shfa_guided_budget,SHFA,0,S0,0,3000,1,1,1115,513,0.001603440648313861,0.0020326767210423714,0.0002305166120641652,0.00023051661206416522,0.0036361173693562326,3.259276479400673e-06
shfa_guided_budget,SHFA,0,S0,0,3000,2,2,1115,513,0.0007476020028554771,0.0017742876250622223,0.0001589445627269944,0.00015894456272699443,0.0025218896279176994,1.3264609821382053e-06
shfa_guided_budget,SHFA,0,S0,0,3000,3,3,1115,513,0.0017884433630276097,0.0015082988497885385,0.00020874389536837575,0.00020874389536837577,0.0032967422128161485,2.6975070673664895e-06
shfa_guided_budget,SHFA,0,S0,0,3000,4,4,1115,513,0.005470801745460396,0.007648839718963859,0.0008618228772117702,0.0008618228772117702,0.013119641464424254,4.1845285685254286e-05
shfa_guided_budget,SHFA,0,S0,0,3000,5,5,1115,513,0.0012430875344366466,0.004844558059649883,0.00038650005936421343,0.00038650005936421343,0.006087645594086529,6.022209733805357e-06
shfa_guided_budget,SHFA,0,S0,0,3000,6,6,1115,513,0.00152300468539484,0.004137787885351238,0.00036010140600818984,0.00036010140600818984,0.005660792570746078,6.301870336559943e-06
shfa_guided_budget,SHFA,0,S0,0,3000,7,7,1115,513,0.0016243539986728066,0.006364493918356645,0.0005096411859601521,0.000509641185960152,0.007988847917029451,1.0338191145811374e-05
shfa_guided_budget,SHFA,0,S0,0,3000,8,8,1115,513,0.0004950330792897503,0.001705890511420418,0.00013840219665218513,0.00013840219665218513,0.0022009235907101683,8.444722327996165e-07
shfa_guided_budget,SHFA,0,S0,0,3000,9,9,1115,513,0.0005191638681654566,0.004054191413122366,0.0002879394947768087,0.0002879394947768087,0.004573355281287822,2.1047896963197863e-06
shfa_guided_budget,SHFA,0,S0,0,3000,10,a,1115,513,0.0006607311629029337,0.0025190561958285357,0.00020040112885040448,0.00020040112885040448,0.0031797873587314693,1.6644189296876286e-06
shfa_guided_budget,SHFA,0,S0,0,3000,11,b,1115,513,0.0005577731303665867,0.0016450930770721473,0.0001385967266802638,0.0001385967266802638,0.002202866207438734,9.17588715342932e-07
shfa_guided_budget,SHFA,0,S0,0,3000,12,c,1115,513,0.0008280379657744976,0.004304980829808982,0.00032437836229298067,0.0003243783622929807,0.00513301879558348,3.564687569013238e-06
shfa_guided_budget,SHFA,0,S0,0,3000,13,d,1115,513,0.0011465643789338215,0.002025077041748838,0.00020054946999333213,0.00020054946999333213,0.0031716414206826595,2.321881200665897e-06
shfa_guided_budget,SHFA,0,S0,0,3000,14,e,1115,513,0.0011015202396991697,0.0032106270115401124,0.00027304577383779145,0.0002730457738377914,0.004312147251239282,3.5365706353362937e-06
shfa_guided_budget,SHFA,0,S0,0,3000,15,f,1115,513,0.0014827867039353296,0.0047837606253016115,0.00039875250472731544,0.0003987525047273154,0.006266547329236941,7.093296650006587e-06
shfa_guided_budget,SHFA,0,S0,0,4000,0,0,1487,684,0.0012676269882582474,0.0015923703019732566,0.00018076836220955124,0.00018076836220955124,0.002859997290231504,2.0185315700822352e-06
shfa_guided_budget,SHFA,0,S0,0,4000,1,1,1487,684,0.0012260200373648508,0.001340155945419103,0.00016202905696627458,0.00016202905696627456,0.0025661759827839536,1.6430580422774556e-06
shfa_guided_budget,SHFA,0,S0,0,4000,2,2,1487,684,0.0007529670956855853,0.0017804623644882185,0.0001596799708364289,0.00015967997083642894,0.002533429460173804,1.3406295755661839e-06
shfa_guided_budget,SHFA,0,S0,0,4000,3,3,1487,684,0.001253155005338805,0.0014812249923053247,0.00017275495436589844,0.00017275495436589846,0.00273437999764413,1.8562045131403507e-06
shfa_guided_budget,SHFA,0,S0,0,4000,4,4,1487,684,0.005638165829929779,0.008799716151978386,0.000951981882790426,0.000951981882790426,0.014437881981908166,4.961425892116569e-05
shfa_guided_budget,SHFA,0,S0,0,4000,5,5,1487,684,0.0011970760715259664,0.0040888649498991144,0.000335265996230293,0.00033526599623029304,0.005285941021425081,4.894682391225449e-06
shfa_guided_budget,SHFA,0,S0,0,4000,6,6,1487,684,0.0015923421050132304,0.0046958893334701265,0.0004004919272113768,0.00040049192721137685,0.006288231438483357,7.477462306166996e-06
shfa_guided_budget,SHFA,0,S0,0,4000,7,7,1487,684,0.0013553633847073652,0.007081238671728053,0.0005368852801412476,0.0005368852801412476,0.008436602056435418,9.59765161403402e-06
shfa_guided_budget,SHFA,0,S0,0,4000,8,8,1487,684,0.000548550336948465,0.001878783215348312,0.000152738954184381,0.000152738954184381,0.002427333552296777,1.030607165832437e-06
shfa_guided_budget,SHFA,0,S0,0,4000,9,9,1487,684,0.0007782930657946093,0.0030201600492459216,0.00023975388931395117,0.0002397538893139512,0.003798453115040531,2.3505696239180067e-06
shfa_guided_budget,SHFA,0,S0,0,4000,10,a,1487,684,0.0007909560508491209,0.001600919941178482,0.00015075850681612533,0.00015075850681612533,0.002391875992027603,1.2662573144001392e-06
shfa_guided_budget,SHFA,0,S0,0,4000,11,b,1487,684,0.0005802077995847442,0.0022977155364043637,0.0001812033609747681,0.00018120336097476812,0.002877923335989108,1.3331524754488562e-06
shfa_guided_budget,SHFA,0,S0,0,4000,12,c,1487,684,0.0010035132999784277,0.0041658117027461436,0.00032726326011919723,0.00032726326011919723,0.005169325002724571,4.180447448911535e-06
shfa_guided_budget,SHFA,0,S0,0,4000,13,d,1487,684,0.0010677327241834524,0.0020198522622345335,0.00019513072400952793,0.0001951307240095279,0.003087584986417986,2.1566623584037875e-06
shfa_guided_budget,SHFA,0,S0,0,4000,14,e,1487,684,0.000966428843747357,0.0024430594028931976,0.00021545405848897884,0.00021545405848897887,0.0034094882466405548,2.3610430739441815e-06
shfa_guided_budget,SHFA,0,S0,0,4000,15,f,1487,684,0.0015932466039456955,0.005123371293731404,0.0004279514125193091,0.0004279514125193091,0.006716617897677099,8.162793914490423e-06
shfa_guided_budget,SHFA,0,S0,0,6000,0,0,2216,1034,0.0009061925738638585,0.0017001728466192025,0.0001644385227880826,0.0001644385227880826,0.002606365420483061,1.540684007891298e-06
shfa_guided_budget,SHFA,0,S0,0,6000,1,1,2216,1034,0.0010128992949210859,0.0010024262128258178,0.00012697320103836315,0.00012697320103836315,0.0020153255077469037,1.0153568041816852e-06
shfa_guided_budget,SHFA,0,S0,0,6000,2,2,2216,1034,0.0007457252147167303,0.0015561339972838392,0.0001450266491092881,0.0001450266491092881,0.0023018592120005697,1.1604483592524947e-06
shfa_guided_budget,SHFA,0,S0,0,6000,3,3,2216,1034,0.0009025270758122745,0.0012474793201366313,0.00013550128360974583,0.00013550128360974583,0.002150006395948906,1.1258838629391982e-06
shfa_guided_budget,SHFA,0,S0,0,6000,4,4,2216,1034,0.005103595120488993,0.009990824538233897,0.000994390352033173,0.0009943903520331727,0.01509441965872289,5.0989123362992214e-05
shfa_guided_budget,SHFA,0,S0,0,6000,5,5,2216,1034,0.0011411917267265311,0.003948675403776436,0.0003226228913587537,0.0003226228913587537,0.0050898671305029675,4.506195702318214e-06
shfa_guided_budget,SHFA,0,S0,0,6000,6,6,2216,1034,0.0011892504789584118,0.0046857053601158305,0.0003727572172859159,0.00037275721728591586,0.005874955839074242,5.5724773437757484e-06
shfa_guided_budget,SHFA,0,S0,0,6000,7,7,2216,1034,0.0012784442648802927,0.00779469974447134,0.0005770365897692603,0.0005770365897692603,0.009073144009351632,9.965089184783269e-06
shfa_guided_budget,SHFA,0,S0,0,6000,8,8,2216,1034,0.0003926155690807908,0.0012175491696253871,0.00010111332492925246,0.00010111332492925243,0.001610164738706178,4.780287601163157e-07
shfa_guided_budget,SHFA,0,S0,0,6000,9,9,2216,1034,0.0006178400604725726,0.001801187104594652,0.00015230204336632674,0.00015230204336632672,0.0024190271650672245,1.1128455496251778e-06
shfa_guided_budget,SHFA,0,S0,0,6000,10,a,2216,1034,0.0006288365546273248,0.0009463071806172345,9.904155599986338e-05,9.90415559998634e-05,0.0015751437352445592,5.950725470784392e-07
shfa_guided_budget,SHFA,0,S0,0,6000,11,b,2216,1034,0.0005029877881896024,0.0015598752660977446,0.00012971353910290533,0.00012971353910290535,0.002062863054287347,7.84598209946172e-07
shfa_guided_budget,SHFA,0,S0,0,6000,12,c,2216,1034,0.0008459154947933639,0.004257330080923645,0.0003225541899642162,0.0003225541899642162,0.005103245575717008,3.601341481903197e-06
shfa_guided_budget,SHFA,0,S0,0,6000,13,d,2216,1034,0.0007888966362131657,0.0012100666319975761,0.00012588982175874803,0.00012588982175874803,0.0019989632682107417,9.546174955766825e-07
shfa_guided_budget,SHFA,0,S0,0,6000,14,e,2216,1034,0.0006646769800205921,0.0016403125455967137,0.00014515212334017874,0.00014515212334017874,0.002304989525617306,1.0902779890971134e-06
shfa_guided_budget,SHFA,0,S0,0,6000,15,f,2216,1034,0.001125307901836333,0.004691317263336689,0.00036881824920976787,0.0003688182492097678,0.005816625165173022,5.2791763864539765e-06
shfa_guided_budget,SHFA,0,S0,0,8000,0,0,2930,1396,0.0007491933511164952,0.0016384307189596147,0.00015045400578066645,0.00015045400578066643,0.00238762407007611,1.2275014009095623e-06
shfa_guided_budget,SHFA,0,S0,0,8000,1,1,2930,1396,0.0008330615382823327,0.0008677063406704378,0.0001070208452134844,0.00010702084521348441,0.0017007678789527705,7.228527789362488e-07
shfa_guided_budget,SHFA,0,S0,0,8000,2,2,2930,1396,0.0006958438653915593,0.0013007898128915194,0.00012569475150415684,0.00012569475150415682,0.001996633678283079,9.051466114643981e-07
shfa_guided_budget,SHFA,0,S0,0,8000,3,3,2930,1396,0.0007286922386981794,0.001129403699477016,0.00011695398384611562,0.00011695398384611561,0.0018580959381751952,8.229877101659126e-07
shfa_guided_budget,SHFA,0,S0,0,8000,4,4,2930,1396,0.0044261144567787625,0.009381593747177773,0.0009045057704592922,0.0009045057704592923,0.013807708203956536,4.1524007712008784e-05
shfa_guided_budget,SHFA,0,S0,0,8000,5,5,2930,1396,0.0009914792251511373,0.003570886117519561,0.0002886882933178199,0.00028868829331781985,0.004562365342670698,3.5404594009012472e-06
shfa_guided_budget,SHFA,0,S0,0,8000,6,6,2930,1396,0.000942090181597922,0.0034200252871487103,0.0002758541890405039,0.0002758541890405039,0.004362115468746632,3.2219722438394135e-06
shfa_guided_budget,SHFA,0,S0,0,8000,7,7,2930,1396,0.0010271232046966184,0.006230962799977012,0.0004600303417715597,0.00046003034177155973,0.007258086004673631,6.399966479457803e-06
shfa_guided_budget,SHFA,0,S0,0,8000,8,8,2930,1396,0.00036642826357907515,0.0007671324537565372,7.112864384644094e-05,7.112864384644094e-05,0.0011335607173356124,2.810990129651631e-07
shfa_guided_budget,SHFA,0,S0,0,8000,9,9,2930,1396,0.000573070158068236,0.0009498074728450504,9.57241582506781e-05,9.57241582506781e-05,0.0015228776309132864,5.443063185977048e-07
shfa_guided_budget,SHFA,0,S0,0,8000,10,a,2930,1396,0.0005437162925601932,0.0006357706422771568,7.406361228387192e-05,7.406361228387192e-05,0.0011794869348373499,3.4567885653754854e-07
shfa_guided_budget,SHFA,0,S0,0,8000,11,b,2930,1396,0.0003899579494228239,0.0013110524544133468,0.00010682440556646945,0.00010682440556646947,0.0017010104038361709,5.11255326708789e-07
shfa_guided_budget,SHFA,0,S0,0,8000,12,c,2930,1396,0.0006795361623315359,0.003515467853301696,0.00026457663851090955,0.00026457663851090955,0.004195004015633232,2.3888875338325174e-06
shfa_guided_budget,SHFA,0,S0,0,8000,13,d,2930,1396,0.0007547845635942178,0.0014537031715667358,0.00013912771616150614,0.00013912771616150614,0.0022084877351609537,1.097232713946529e-06
shfa_guided_budget,SHFA,0,S0,0,8000,14,e,2930,1396,0.0006820988013838253,0.000867706340670438,9.74546828333159e-05,9.745468283331591e-05,0.0015498051420542633,5.91861454924451e-07
shfa_guided_budget,SHFA,0,S0,0,8000,15,f,2930,1396,0.0009576989830982306,0.003950603853827143,0.0003105524166012701,0.00031055241660127005,0.004908302836925373,3.783489293434206e-06
shfa_guided_budget,SHFA,0,S5,5,250,0,0,103,36,0.012624893957960223,0.059413580246913573,0.0052524947880846565,0.0052524947880846565,0.0720384742048738,0.0007500901502800441
shfa_guided_budget,SHFA,0,S5,5,250,1,1,103,36,0.011682298048826468,0.0162037037037037,0.0019321716056946753,0.0019321716056946753,0.027886001752530167,0.00018929649616153993
shfa_guided_budget,SHFA,0,S5,5,250,2,2,103,36,0.00998562541238571,0.02700617283950617,0.002581660916540696,0.002581660916540696,0.03699179825189188,0.0002696735257974536
shfa_guided_budget,SHFA,0,S5,5,250,3,3,103,36,0.005649684230370439,0.03317901234567901,0.00261424447883174,0.0026142444788317394,0.03882869657604945,0.0001874509428286488
shfa_guided_budget,SHFA,0,S5,5,250,4,4,103,36,0.008288952775944953,0.031635802469135804,0.0027575248755133362,0.0027575248755133367,0.039924755245080754,0.0002622276726957894
shfa_guided_budget,SHFA,0,S5,5,250,5,5,103,36,0.0031989348666226786,0.028549382716049385,0.002075597464707929,0.002075597464707929,0.03174831758267206,9.132761579092524e-05
shfa_guided_budget,SHFA,0,S5,5,250,6,6,103,36,0.007157837684984446,0.017746913580246913,0.0016835764808938135,0.0016835764808938137,0.02490475126523136,0.0001270295268168536
shfa_guided_budget,SHFA,0,S5,5,250,7,7,103,36,0.0028218965029691767,0.033179012345679014,0.002343684541950754,0.0023436845419507546,0.03600090884864819,9.362773891024276e-05
shfa_guided_budget,SHFA,0,S5,5,250,8,8,103,36,0.006780799321330945,0.033179012345679014,0.002722468453584134,0.002722468453584134,0.03995981166700996,0.0002249802243960113
shfa_guided_budget,SHFA,0,S5,5,250,9,9,103,36,0.00546116504854369,0.023919753086419755,0.0019669371029605656,0.001966937102960566,0.029380918134963446,0.00013062971952535062
shfa_guided_budget,SHFA,0,S5,5,250,10,a,103,36,0.0037644924121029316,0.016203703703703703,0.0013090109768784716,0.0013090109768784716,0.019968196115806636,6.0998719640556755e-05
shfa_guided_budget,SHFA,0,S5,5,250,11,b,103,36,0.01696083513997549,0.03472222222222222,0.003819108971942061,0.003819108971942061,0.05168305736219771,0.0005889178868047044
shfa_guided_budget,SHFA,0,S5,5,250,12,c,103,36,0.0062152417758506925,0.02391975308641975,0.002032104227542652,0.002032104227542652,0.03013499486227044,0.00014866704865074956
shfa_guided_budget,SHFA,0,S5,5,250,13,d,103,36,0.0035759732302761806,0.04089506172839506,0.002925679330908185,0.0029256793309081854,0.044471034958671246,0.0001462396459912327
shfa_guided_budget,SHFA,0,S5,5,250,14,e,103,36,0.00998562541238571,0.020833333333333332,0.0021342187843654756,0.0021342187843654756,0.030818958745719043,0.00020803386275803563
shfa_guided_budget,SHFA,0,S5,5,250,15,f,103,36,0.005272645866716937,0.02237654320987654,0.0018460579053540607,0.0018460579053540607,0.027649189076593476,0.00011798358806696848
shfa_guided_budget,SHFA,0,S5,5,500,0,0,191,82,0.009016679915572489,0.018404223676383103,0.0018797514684817719,0.0018797514684817716,0.027420903591955592,0.0001659449939845472
shfa_guided_budget,SHFA,0,S5,5,500,1,1,191,82,0.005891765576601518,0.005019333729922665,0.0007115164443451947,0.0007115164443451946,0.010911099306524182,2.9572737687433255e-05
shfa_guided_budget,SHFA,0,S5,5,500,2,2,191,82,0.007481634275376223,0.012455383700178464,0.0013392502490763855,0.0013392502490763855,0.019937017975554687,9.318662560421752e-05
shfa_guided_budget,SHFA,0,S5,5,500,3,3,191,82,0.0037536662920424333,0.016024687685901248,0.0012962984536285553,0.001296298453628555,0.019778353977943683,6.015133000707498e-05
shfa_guided_budget,SHFA,0,S5,5,500,4,4,191,82,0.004740481346454318,0.015132361689470556,0.0013137873680620395,0.00131378736806204,0.019872843035924875,7.173467831673511e-05
shfa_guided_budget,SHFA,0,S5,5,500,5,5,191,82,0.0024927359447383573,0.009183521713265915,0.00075265819829921,0.0007526581982992101,0.011676257658004272,2.2892094673943127e-05
shfa_guided_budget,SHFA,0,S5,5,500,6,6,191,82,0.006220703928072148,0.01156305770374777,0.0011834154604669733,0.0011834154604669735,0.017783761631819918,7.193035847822867e-05
shfa_guided_budget,SHFA,0,S5,5,500,7,7,191,82,0.00326025876483649,0.020188875669244495,0.00153139186098291,0.0015313918609829102,0.023449134434080986,6.582095885284852e-05
shfa_guided_budget,SHFA,0,S5,5,500,8,8,191,82,0.004466366053562128,0.013347709696609162,0.0011729954918674426,0.0011729954918674429,0.017814075750171292,5.961575748173721e-05
shfa_guided_budget,SHFA,0,S5,5,500,9,9,191,82,0.0016155670074833473,0.005316775728732898,0.00044186102846704436,0.0004418610284670444,0.006932342736216245,8.589607453529101e-06
shfa_guided_budget,SHFA,0,S5,5,500,10,a,191,82,0.0017800361832186618,0.0076963117192147545,0.0006059714572396206,0.0006059714572396206,0.009476347902433416,1.369971333753209e-05
shfa_guided_budget,SHFA,0,S5,5,500,11,b,191,82,0.0075912803925331,0.017511897679952412,0.0017018863550242128,0.0017018863550242133,0.025103178072485514,0.00013293772549386864
shfa_guided_budget,SHFA,0,S5,5,500,12,c,191,82,0.0032054357062580516,0.01840422367638311,0.0014095972671333105,0.0014095972671333108,0.02160965938264116,5.899355571823825e-05
shfa_guided_budget,SHFA,0,S5,5,500,13,d,191,82,0.003424727940571805,0.017511897679952412,0.001368512586559731,0.001368512586559731,0.020936625620524216,5.99734852769676e-05
shfa_guided_budget,SHFA,0,S5,5,500,14,e,191,82,0.004247073819248376,0.011860499702558003,0.001057095762882836,0.001057095762882836,0.01610757352180638,5.037241776993725e-05
shfa_guided_budget,SHFA,0,S5,5,500,15,f,191,82,0.0022734437104246037,0.009183521713265915,0.0007369385586592296,0.0007369385586592297,0.01145696542369052,2.0878219678572177e-05
shfa_guided_budget,SHFA,0,S5,5,1000,0,0,387,161,0.0034615808344851066,0.013770205624782997,0.0011246533335819242,0.0011246533335819242,0.0172317864592681,4.766667987766784e-05
shfa_guided_budget,SHFA,0,S5,5,1000,1,1,387,161,0.002233022187502087,0.00381688592261101,0.0003866424478344233,0.00038664244783442333,0.006049908110113097,8.52319095235476e-06
shfa_guided_budget,SHFA,0,S5,5,1000,2,2,387,161,0.0037153049028837743,0.009217912117588056,0.0008425734178643161,0.000842573417864316,0.01293321702047183,3.424735408482666e-05
shfa_guided_budget,SHFA,0,S5,5,1000,3,3,387,161,0.0034749347328218794,0.013384418039427495,0.0011002195273893999,0.0011002195273894,0.016859352772249373,4.6509979123814326e-05
shfa_guided_budget,SHFA,0,S5,5,1000,4,4,387,161,0.002927424901014229,0.009835172254156862,0.000826454050360776,0.0008264540503607763,0.012762597155171092,2.8791728162583042e-05
shfa_guided_budget,SHFA,0,S5,5,1000,5,5,387,161,0.0025535157475846133,0.004511303576250916,0.000453070892463812,0.0004530708924638121,0.0070648193238355295,1.1519684724091497e-05
shfa_guided_budget,SHFA,0,S5,5,1000,6,6,387,161,0.00191252862741956,0.007443289224952742,0.0005989741194981546,0.0005989741194981545,0.009355817852372302,1.4235503724885668e-05
shfa_guided_budget,SHFA,0,S5,5,1000,7,7,387,161,0.002700408629289105,0.015159040932062804,0.0011571512025291835,0.0011571512025291835,0.01785944956135191,4.093560494468915e-05
shfa_guided_budget,SHFA,0,S5,5,1000,8,8,387,161,0.0035550581228425107,0.008060549361521546,0.0007546311892550038,0.0007546311892550037,0.011615607484364056,2.8655721482250184e-05
shfa_guided_budget,SHFA,0,S5,5,1000,9,9,387,161,0.003287980156107072,0.0025052081324022997,0.0003703113426580925,0.00037031134265809256,0.005793188288509372,8.23707462625682e-06
shfa_guided_budget,SHFA,0,S5,5,1000,10,a,387,161,0.0030609638843819486,0.004974248678677519,0.0005174267807485833,0.0005174267807485832,0.008035212563059467,1.5225995557366515e-05
shfa_guided_budget,SHFA,0,S5,5,1000,11,b,387,161,0.006599746943626519,0.011146850044365574,0.0011827287012608704,0.0011827287012608706,0.017746596987992094,7.356638951136482e-05
shfa_guided_budget,SHFA,0,S5,5,1000,12,c,387,161,0.0027938859176465094,0.007597604259094942,0.0006706949755936771,0.0006706949755936772,0.010391490176741451,2.12268395473365e-05
shfa_guided_budget,SHFA,0,S5,5,1000,13,d,387,161,0.002673700832615561,0.007983391844450446,0.0006874134937382289,0.0006874134937382289,0.010657092677066007,2.1345201421603436e-05
shfa_guided_budget,SHFA,0,S5,5,1000,14,e,387,161,0.003328041851117388,0.010220959839512364,0.0008808283877688467,0.0008808283877688467,0.013549001690629753,3.401578210448721e-05
shfa_guided_budget,SHFA,0,S5,5,1000,15,f,387,161,0.003474934732821878,0.004588461093322016,0.00051990684195738,0.0005199068419573799,0.008063395826143894,1.5944602823386524e-05
shfa_guided_budget,SHFA,0,S5,5,1500,0,0,593,235,0.0022378493895901883,0.012592802172928927,0.0009550965173133636,0.0009550965173133637,0.014830651562519115,2.8180794655918997e-05
shfa_guided_budget,SHFA,0,S5,5,1500,1,1,593,235,0.0021639120259122017,0.001800588501584428,0.0002516775980808371,0.00025167759808083714,0.00396450052749663,3.896315112297775e-06
shfa_guided_budget,SHFA,0,S5,5,1500,2,2,593,235,0.0026530361240896462,0.007884789497510186,0.0006795327327177265,0.0006795327327177266,0.010537825621599831,2.091863136773717e-05
shfa_guided_budget,SHFA,0,S5,5,1500,3,3,593,235,0.0016236005221115378,0.011107967406066094,0.0008137578971911888,0.0008137578971911888,0.012731567928177631,1.8034901680086855e-05
shfa_guided_budget,SHFA,0,S5,5,1500,4,4,593,235,0.0018056001865496558,0.008319375282933455,0.0006478324324055357,0.0006478324324055356,0.01012497546948311,1.5021465562841241e-05
shfa_guided_budget,SHFA,0,S5,5,1500,5,5,593,235,0.002635973655548572,0.005639429606156633,0.0005320780917307249,0.0005320780917307249,0.008275403261705205,1.4865387874149543e-05
shfa_guided_budget,SHFA,0,S5,5,1500,6,6,593,235,0.0014359133681597278,0.0059653689452240834,0.0004711458976009403,0.00047114589760094037,0.0074012823133838114,8.565753014452156e-06
shfa_guided_budget,SHFA,0,S5,5,1500,7,7,593,235,0.0011117264658793286,0.009260977818017203,0.0006585896918837443,0.0006585896918837443,0.010372704283896531,1.029567414021112e-05
shfa_guided_budget,SHFA,0,S5,5,1500,8,8,593,235,0.001771475249467509,0.007232910819375283,0.0005755870518008036,0.0005755870518008036,0.009004386068842792,1.2812922498129074e-05
shfa_guided_budget,SHFA,0,S5,5,1500,9,9,593,235,0.001470038305241875,0.0029232684472612043,0.00027887898862542136,0.00027887898862542136,0.004393306752503079,4.297316593978908e-06
shfa_guided_budget,SHFA,0,S5,5,1500,10,a,593,235,0.0017202878438442879,0.004263241285649614,0.0003813045727524471,0.000381304572752447,0.005983529129493902,7.334002159078125e-06
shfa_guided_budget,SHFA,0,S5,5,1500,11,b,593,235,0.005240843852819145,0.01357062019013128,0.0012468380040867944,0.0012468380040867946,0.018811464042950428,7.112150140239291e-05
shfa_guided_budget,SHFA,0,S5,5,1500,12,c,593,235,0.0017885377180085825,0.00531349026708918,0.00045338012682557074,0.00045338012682557063,0.007102027985097762,9.503377756960495e-06
shfa_guided_budget,SHFA,0,S5,5,1500,13,d,593,235,0.0012937261303174476,0.008862607514712538,0.0006462366397389056,0.0006462366397389055,0.010156333645029986,1.1465786924531383e-05
shfa_guided_budget,SHFA,0,S5,5,1500,14,e,593,235,0.002783848382904544,0.008645314622000905,0.0007383899329367488,0.0007383899329367488,0.011429163004905448,2.4067245130158226e-05
shfa_guided_budget,SHFA,0,S5,5,1500,15,f,593,235,0.0023402242008366296,0.0037924400181077417,0.00039216667359462024,0.00039216667359462024,0.006132664218944371,8.875159910597043e-06
shfa_guided_budget,SHFA,0,S5,5,2000,0,0,786,316,0.001854576591625715,0.010985819580195481,0.0008228988045720787,0.0008228988045720787,0.012840396171821197,2.0374043833253977e-05
shfa_guided_budget,SHFA,0,S5,5,2000,1,1,786,316,0.0017995422437179914,0.0016924371094375903,0.00022129432164549276,0.00022129432164549276,0.0034919793531555817,3.045612073268913e-06
shfa_guided_budget,SHFA,0,S5,5,2000,2,2,786,316,0.002353123037378034,0.004997195962185548,0.0004711539544136351,0.0004711539544136352,0.007350318999563582,1.1759016940911304e-05
shfa_guided_budget,SHFA,0,S5,5,2000,3,3,786,316,0.0014110644937811185,0.01004446402820061,0.0007301439191731135,0.0007301439191731135,0.011455528521981728,1.4173386549255547e-05
shfa_guided_budget,SHFA,0,S5,5,2000,4,4,786,316,0.0012815719104688282,0.007641003044383912,0.0005674534295477855,0.0005674534295477855,0.00892257495485274,9.792494869489222e-06
shfa_guided_budget,SHFA,0,S5,5,2000,5,5,786,316,0.0022301050832313576,0.005097340169844577,0.00046933293254097563,0.00046933293254097574,0.007327445253075935,1.1367604223729784e-05
shfa_guided_budget,SHFA,0,S5,5,2000,6,6,786,316,0.0007830254647165082,0.0065394167601345934,0.00046277316890077323,0.0004627731689007732,0.0073224422248511015,5.120529847579313e-06
shfa_guided_budget,SHFA,0,S5,5,2000,7,7,786,316,0.001190927102150224,0.007220397372215991,0.0005343067465667548,0.0005343067465667547,0.008411324474366214,8.598966918866283e-06
shfa_guided_budget,SHFA,0,S5,5,2000,8,8,786,316,0.0020293915790973067,0.006479330235539177,0.000544944211632974,0.000544944211632974,0.008508721814636484,1.3149098218193775e-05
shfa_guided_budget,SHFA,0,S5,5,2000,9,9,786,316,0.0016150153124979767,0.004476446082358598,0.00038794586614711654,0.0003879458661471166,0.006091461394856574,7.229528968580714e-06
shfa_guided_budget,SHFA,0,S5,5,2000,10,a,786,316,0.0013657420896218166,0.00445641724082679,0.0003699712747477513,0.0003699712747477514,0.005822159330448606,6.08631659471347e-06
shfa_guided_budget,SHFA,0,S5,5,2000,11,b,786,316,0.005496555497283893,0.01487141483736581,0.0013547397028923188,0.0013547397028923188,0.020367970334649703,8.17415569767123e-05
shfa_guided_budget,SHFA,0,S5,5,2000,12,c,786,316,0.0015502690208418315,0.005277599743630828,0.0004349234971664948,0.0004349234971664949,0.00682786876447266,8.181699386953665e-06
shfa_guided_budget,SHFA,0,S5,5,2000,13,d,786,316,0.0007603642626368575,0.004877022912994713,0.00035604501240807547,0.00035604501240807547,0.005637387175631571,3.7083139311022834e-06
shfa_guided_budget,SHFA,0,S5,5,2000,14,e,786,316,0.0027318888435664845,0.00746074347059766,0.0006574214414872962,0.0006574214414872963,0.010192632314164144,2.038192185203724e-05
shfa_guided_budget,SHFA,0,S5,5,2000,15,f,786,316,0.0022171558249001284,0.00559806120813972,0.000500862838580765,0.000500862838580765,0.007815217033039848,1.2411774015774431e-05
shfa_guided_budget,SHFA,0,S5,5,3000,0,0,1182,472,0.0013225383001079357,0.007083093938523412,0.0005347196779314189,0.0005347196779314188,0.008405632238631347,9.367663016959577e-06
shfa_guided_budget,SHFA,0,S5,5,3000,1,1,1182,472,0.0013497370312155546,0.001759551852915829,0.0001967054875524359,0.0001967054875524359,0.0031092888841313835,2.374932294224439e-06
shfa_guided_budget,SHFA,0,S5,5,3000,2,2,1182,472,0.0015243815151697343,0.0029984199942545246,0.0002872458303529731,0.0002872458303529731,0.004522801509424259,4.570736013956938e-06
shfa_guided_budget,SHFA,0,S5,5,3000,3,3,1182,472,0.0012409421067850815,0.007154912381499569,0.0005336197375623514,0.0005336197375623514,0.00839585448828465,8.87883204456074e-06
shfa_guided_budget,SHFA,0,S5,5,3000,4,4,1182,472,0.0010247837700876942,0.004883654122378626,0.00037428205776248043,0.0003742820577624805,0.00590843789246632,5.004689483335477e-06
shfa_guided_budget,SHFA,0,S5,5,3000,5,5,1182,472,0.0013182437636172592,0.0033485349037632867,0.00029608785196542475,0.0002960878519654248,0.004666778667380546,4.414185254140672e-06
shfa_guided_budget,SHFA,0,S5,5,3000,6,6,1182,472,0.0005509532439497138,0.003339557598391266,0.00024499686773850186,0.0002449968677385018,0.0038905108423409798,1.8399400921905836e-06
shfa_guided_budget,SHFA,0,S5,5,3000,7,7,1182,472,0.0006540221197259514,0.004641266877334098,0.00033399105351758105,0.000333991053517581,0.0052952889970600495,3.0354912013278942e-06
shfa_guided_budget,SHFA,0,S5,5,3000,8,8,1182,472,0.001753423461339151,0.00614945417983338,0.0005047124498066332,0.0005047124498066332,0.00790287764117253,1.0782597233349956e-05
shfa_guided_budget,SHFA,0,S5,5,3000,9,9,1182,472,0.0013168122514537008,0.0030792157426027004,0.00027880649864325347,0.00027880649864325347,0.004396027994056402,4.054749014728341e-06
shfa_guided_budget,SHFA,0,S5,5,3000,10,a,1182,472,0.0009073997726758683,0.003043306521114622,0.000249680639007348,0.000249680639007348,0.00395070629379049,2.7614956454423955e-06
shfa_guided_budget,SHFA,0,S5,5,3000,11,b,1182,472,0.00505305899834231,0.01385198218902614,0.001251559957455664,0.0012515599574556642,0.01890504118736845,6.999488324513595e-05
shfa_guided_budget,SHFA,0,S5,5,3000,12,c,1182,472,0.0015129294178612637,0.003537058316575697,0.00032097555298214817,0.0003209755529821482,0.005049987734436961,5.351319579838211e-06
shfa_guided_budget,SHFA,0,S5,5,3000,13,d,1182,472,0.0006354124615996862,0.003797400172364263,0.0002794637050139479,0.0002794637050139479,0.004432812633963949,2.412915391201049e-06
shfa_guided_budget,SHFA,0,S5,5,3000,14,e,1182,472,0.0019767393588543316,0.0055389974145360526,0.0004806827025348048,0.0004806827025348048,0.007515736773390384,1.0949154197905797e-05
shfa_guided_budget,SHFA,0,S5,5,3000,15,f,1182,472,0.0014241756637206142,0.005422292444699798,0.00043562655371759336,0.0004356265537175934,0.006846468108420413,7.722296941317607e-06
shfa_guided_budget,SHFA,0,S5,5,4000,0,0,1587,622,0.0012477075275682341,0.00474496231428542,0.00038046219031341485,0.00038046219031341485,0.005992669841853654,5.920325197561507e-06
shfa_guided_budget,SHFA,0,S5,5,4000,1,1,1587,622,0.0014541739773657183,0.0014313075753972769,0.00018242396727743634,0.00018242396727743634,0.002885481552762995,2.081370229749141e-06
shfa_guided_budget,SHFA,0,S5,5,4000,2,2,1587,622,0.0014462329600658148,0.002310123964805988,0.00023811328522422805,0.00023811328522422803,0.003756356924871803,3.34097741974034e-06
shfa_guided_budget,SHFA,0,S5,5,4000,3,3,1587,622,0.0009816834480214755,0.004631233134479586,0.00035535369131836354,0.00035535369131836354,0.005612916582501061,4.546404912047226e-06
shfa_guided_budget,SHFA,0,S5,5,4000,4,4,1587,622,0.0009483311753618821,0.0037058911715139426,0.00029440330881018407,0.00029440330881018407,0.0046542223468758245,3.5144121304450395e-06
shfa_guided_budget,SHFA,0,S5,5,4000,5,5,1587,622,0.001529613641714799,0.0024341921609578065,0.00025146123620299415,0.00025146123620299415,0.003963805802672605,3.7233735359562863e-06
shfa_guided_budget,SHFA,0,S5,5,4000,6,6,1587,622,0.0007315414030745238,0.0028580918311431848,0.0002264428896468771,0.00022644288964687712,0.0035896332342177087,2.0908125082703204e-06
shfa_guided_budget,SHFA,0,S5,5,4000,7,7,1587,622,0.000690248113115027,0.0035404669099781847,0.00026686348954748436,0.00026686348954748436,0.004230715023093212,2.443800604158632e-06
shfa_guided_budget,SHFA,0,S5,5,4000,8,8,1587,622,0.001625699951043628,0.004408944283040911,0.00038433288513537735,0.00038433288513537735,0.006034644234084539,7.167620505093692e-06
shfa_guided_budget,SHFA,0,S5,5,4000,9,9,1587,622,0.0011627386424592698,0.002656481012396481,0.0002417900215545571,0.00024179002155455713,0.003819219654855751,3.088793126072711e-06
shfa_guided_budget,SHFA,0,S5,5,4000,10,a,1587,622,0.0010515644002606237,0.002356649538362921,0.0002154915399224046,0.0002154915399224046,0.0034082139386235446,2.4781687584330805e-06
shfa_guided_budget,SHFA,0,S5,5,4000,11,b,1587,622,0.0052047164481100186,0.01003853868342966,0.0010049511931218649,0.001004951193121865,0.01524325513153968,5.2247747400635044e-05
shfa_guided_budget,SHFA,0,S5,5,4000,12,c,1587,622,0.0009872421601314083,0.002749532159510344,0.00023626284904611528,0.00023626284904611528,0.0037367743196417523,2.714454068505768e-06
shfa_guided_budget,SHFA,0,S5,5,4000,13,d,1587,622,0.0006989832321449203,0.0027495321595103444,0.000217454088854195,0.00021745408885419498,0.0034485153916552647,1.921876875740943e-06
shfa_guided_budget,SHFA,0,S5,5,4000,14,e,1587,622,0.0018821948098305037,0.0039023324820876538,0.0003688779056889032,0.0003688779056889032,0.005784527291918157,7.3449499440183684e-06
shfa_guided_budget,SHFA,0,S5,5,4000,15,f,1587,622,0.0014922908604052538,0.003669704614302996,0.0003281009838255769,0.00032810098382557695,0.005161995474708249,5.476266656311348e-06
shfa_guided_budget,SHFA,0,S5,5,6000,0,0,2390,928,0.00157871010661578,0.006437648632580261,0.0005111856021588483,0.0005111856021588483,0.008016358739196042,1.0163180959095716e-05
shfa_guided_budget,SHFA,0,S5,5,6000,1,1,2390,928,0.0012576372962658216,0.0014932929548156955,0.000173811161606822,0.00017381116160682203,0.002750930251081517,1.878020914227211e-06
shfa_guided_budget,SHFA,0,S5,5,6000,2,2,2390,928,0.0011508464487666533,0.0021807186385255648,0.00021073249025667,0.00021073249025667002,0.003331565087292218,2.509672300906397e-06
shfa_guided_budget,SHFA,0,S5,5,6000,3,3,2390,928,0.0008700390399327743,0.0043126672116527934,0.0003276713295644739,0.00032767132956447394,0.005182706251585568,3.752188840375951e-06
shfa_guided_budget,SHFA,0,S5,5,6000,4,4,2390,928,0.0008224208259659321,0.003093415576694412,0.00024728386455991243,0.00024728386455991243,0.003915836402660344,2.5440893936408985e-06
shfa_guided_budget,SHFA,0,S5,5,6000,5,5,2390,928,0.0009215087270881113,0.001096165279429251,0.00012711475127866016,0.00012711475127866016,0.0020176740065173623,1.010125871325033e-06
shfa_guided_budget,SHFA,0,S5,5,6000,6,6,2390,928,0.0005699742651564224,0.0029215591557669434,0.00021988605234062966,0.00021988605234062963,0.003491533420923366,1.6652135329192814e-06
shfa_guided_budget,SHFA,0,S5,5,6000,7,7,2390,928,0.0003563925701580852,0.0018509401010701546,0.00013861795325159404,0.00013861795325159404,0.00220733267122824,6.596612998290584e-07
shfa_guided_budget,SHFA,0,S5,5,6000,8,8,2390,928,0.0015752087673535128,0.005169626932223545,0.00042969547289115143,0.0004296954728911515,0.006744835699577058,8.143241667585372e-06
shfa_guided_budget,SHFA,0,S5,5,6000,9,9,2390,928,0.0007947602457940164,0.002048342746730083,0.0001793218784176178,0.0001793218784176178,0.0028431029925240995,1.6279413848615914e-06
shfa_guided_budget,SHFA,0,S5,5,6000,10,a,2390,928,0.0008374765847936835,0.002445470422116528,0.00020723221214921634,0.00020723221214921634,0.0032829470069102116,2.0480242173281175e-06
shfa_guided_budget,SHFA,0,S5,5,6000,11,b,2390,928,0.004866467673885261,0.013274747324613558,0.0011984270661404028,0.001198427066140403,0.01814121499849882,6.460112873422673e-05
shfa_guided_budget,SHFA,0,S5,5,6000,12,c,2390,928,0.0007460916300484936,0.001876486325802616,0.00016531115298227612,0.00016531115298227612,0.0026225779558511093,1.4000307415817822e-06
shfa_guided_budget,SHFA,0,S5,5,6000,13,d,2390,928,0.0008976996201046899,0.002508174791914387,0.00021511873830905003,0.00021511873830905003,0.003405874412019077,2.251587557857705e-06
shfa_guided_budget,SHFA,0,S5,5,6000,14,e,2390,928,0.0010818700652999774,0.0019972502972651603,0.00019460578796984376,0.0001946057879698438,0.003079120362565138,2.1607653095226583e-06
shfa_guided_budget,SHFA,0,S5,5,6000,15,f,2390,928,0.0009057527004079056,0.002896012931034483,0.00024023342349784995,0.00024023342349784998,0.0038017656314423883,2.6230715327006966e-06
shfa_guided_budget,SHFA,0,S5,5,8000,0,0,3178,1243,0.0014505156795004675,0.00667515237380821,0.0005175366665130559,0.000517536666513056,0.008125668053308678,9.682413181263575e-06
shfa_guided_budget,SHFA,0,S5,5,8000,1,1,3178,1243,0.0012976396093184695,0.001705730692036304,0.00018992406754348985,0.00018992406754348985,0.0030033703013547736,2.213423708816512e-06
shfa_guided_budget,SHFA,0,S5,5,8000,2,2,3178,1243,0.001142189201167086,0.001864948943366845,0.00019007625857721226,0.00019007625857721228,0.003007138144533931,2.130124543841578e-06
shfa_guided_budget,SHFA,0,S5,5,8000,3,3,3178,1243,0.0008077232911445545,0.004452569141820098,0.00033236472086157034,0.0003323647208615704,0.005260292432964653,3.5964438012796144e-06
shfa_guided_budget,SHFA,0,S5,5,8000,4,4,3178,1243,0.0007734647935519572,0.001813170650251222,0.00016306713890036972,0.00016306713890036975,0.0025866354438031794,1.4024236626710294e-06
shfa_guided_budget,SHFA,0,S5,5,8000,5,5,3178,1243,0.0006861353285904791,0.0004203345654409666,6.944277477214213e-05,6.944277477214213e-05,0.0011064698940314458,2.8840639517677384e-07
shfa_guided_budget,SHFA,0,S5,5,8000,6,6,3178,1243,0.00046454423722564007,0.0022882364895870618,0.00017311178250044093,0.00017311178250044095,0.002752780726812702,1.062987074647098e-06
shfa_guided_budget,SHFA,0,S5,5,8000,7,7,3178,1243,0.0002823603193921712,0.0010131960216148486,8.125835766520877e-05,8.125835766520878e-05,0.0012955563410070197,2.8608635227004585e-07
shfa_guided_budget,SHFA,0,S5,5,8000,8,8,3178,1243,0.0015891338778520202,0.006145719326700966,0.000493194696070392,0.000493194696070392,0.0077348532045529855,9.766370785830412e-06
shfa_guided_budget,SHFA,0,S5,5,8000,9,9,3178,1243,0.000699403070432699,0.002048761883927306,0.00017319321999970452,0.00017319321999970455,0.002748164954360005,1.4329103522042386e-06
shfa_guided_budget,SHFA,0,S5,5,8000,10,a,3178,1243,0.0009287171757056953,0.002109601378338163,0.00019185413266169623,0.00019185413266169623,0.0030383185540438585,1.959223033955061e-06
shfa_guided_budget,SHFA,0,S5,5,8000,11,b,3178,1243,0.004812403041520902,0.012104106406981268,0.0011155316790192348,0.0011155316790192348,0.01691650944850217,5.824983848784929e-05
shfa_guided_budget,SHFA,0,S5,5,8000,12,c,3178,1243,0.000845744282692409,0.00133422143893171,0.00013737626775532955,0.00013737626775532955,0.002179965721624119,1.1284101538221329e-06
shfa_guided_budget,SHFA,0,S5,5,8000,13,d,3178,1243,0.0008497048026453107,0.0019426163830402793,0.00017617072457571617,0.00017617072457571617,0.00279232118568559,1.650650470366788e-06
shfa_guided_budget,SHFA,0,S5,5,8000,14,e,3178,1243,0.0007277207880959447,0.0010326128815332071,0.00011077230821176934,0.00011077230821176936,0.0017603336696291518,7.514538599473699e-07
shfa_guided_budget,SHFA,0,S5,5,8000,15,f,3178,1243,0.0008257436569302565,0.0016578357709043532,0.00015659266161171945,0.00015659266161171948,0.00248357942783461,1.3689473720563517e-06
shfa_guided_budget,SHFA,1,S0,0,250,0,0,88,46,0.017045454545454544,0.018785444234404536,0.002559637609554906,0.002559637609554906,0.03583089877985908,0.00032020643581371364
shfa_guided_budget,SHFA,1,S0,0,250,1,1,88,46,0.010330578512396695,0.015949905482041588,0.0018073020004999297,0.0018073020004999297,0.026280483994438282,0.00016477175084753706
shfa_guided_budget,SHFA,1,S0,0,250,2,2,88,46,0.013946280991735534,0.02256616257088847,0.0025967417667827957,0.0025967417667827957,0.036512443562624,0.0003147140441187957
shfa_guided_budget,SHFA,1,S0,0,250,3,3,88,46,0.009297520661157025,0.012169187145557656,0.0014548125068349763,0.0014548125068349765,0.021466707806714683,0.00011314326891530879
shfa_guided_budget,SHFA,1,S0,0,250,4,4,88,46,0.010847107438016527,0.009333648393194706,0.0013625403263603554,0.0013625403263603554,0.020180755831211233,0.00010124308690965331
shfa_guided_budget,SHFA,1,S0,0,250,5,5,88,46,0.022210743801652888,0.016895085066162573,0.0028193667101501347,0.002819366710150135,0.03910582886781546,0.0003752524059116686
shfa_guided_budget,SHFA,1,S0,0,250,6,6,88,46,0.017820247933884294,0.03012759924385633,0.0035336217367870136,0.0035336217367870136,0.04794784717774062,0.0005368812881782248
shfa_guided_budget,SHFA,1,S0,0,250,7,7,88,46,0.01265495867768595,0.016895085066162573,0.0020606843373588086,0.002060684337358809,0.029550043743848523,0.00021380660336827635
shfa_guided_budget,SHFA,1,S0,0,250,8,8,88,46,0.007231404958677686,0.01311436672967864,0.001366446027121186,0.001366446027121186,0.020345771688356325,9.483529659891578e-05
shfa_guided_budget,SHFA,1,S0,0,250,9,9,88,46,0.011363636363636364,0.0320179584120983,0.0030751901099845334,0.003075190109984534,0.043381594775734666,0.00036384043650111703
shfa_guided_budget,SHFA,1,S0,0,250,10,a,88,46,0.007489669421487602,0.02729206049149338,0.0023782666304738393,0.002378266630473839,0.03478172991298098,0.00020440851091252786
shfa_guided_budget,SHFA,1,S0,0,250,11,b,88,46,0.009297520661157025,0.015949905482041588,0.0017262587097126966,0.0017262587097126966,0.025247426143198613,0.00014829457576278336
shfa_guided_budget,SHFA,1,S0,0,250,12,c,88,46,0.005940082644628099,0.01784026465028355,0.0015922443523566998,0.0015922443523566996,0.02378034729491165,0.00010597264642472151
shfa_guided_budget,SHFA,1,S0,0,250,13,d,88,46,0.018853305785123963,0.01594990548204159,0.0024759091494946026,0.002475909149494602,0.034803211267165554,0.00030070844529675515
shfa_guided_budget,SHFA,1,S0,0,250,14,e,88,46,0.01084710743801653,0.024456521739130432,0.0024717593424362196,0.0024717593424362196,0.03530362917714696,0.00026528251886453466
shfa_guided_budget,SHFA,1,S0,0,250,15,f,88,46,0.010588842975206608,0.0320179584120983,0.003001958220718961,0.0030019582207189612,0.04260680138730491,0.0003390331340124044
shfa_guided_budget,SHFA,1,S0,0,500,0,0,183,87,0.01044932664456986,0.005804927995772229,0.0010765485037974127,0.0010765485037974127,0.016254254640342088,6.065758877603227e-05
shfa_guided_budget,SHFA,1,S0,0,500,1,1,183,87,0.005014706321478694,0.009768463469414717,0.0009729340874420457,0.000972934087442046,0.014783169790893412,4.898597551120768e-05
shfa_guided_budget,SHFA,1,S0,0,500,2,2,183,87,0.00477582191167249,0.011618113357114546,0.001080106994642392,0.0010801069946423923,0.016393935268787036,5.5486040343202476e-05
shfa_guided_budget,SHFA,1,S0,0,500,3,3,183,87,0.004536937501866283,0.011618113357114546,0.0010624013328771283,0.0010624013328771283,0.016155050858980828,5.2710654190826566e-05
shfa_guided_budget,SHFA,1,S0,0,500,4,4,183,87,0.0042383319896085285,0.0063333993922578945,0.0006875762606138252,0.0006875762606138253,0.010571731381866423,2.6843049247173848e-05
shfa_guided_budget,SHFA,1,S0,0,500,5,5,183,87,0.006448012780315925,0.011089641960628883,0.0011676095744003131,0.0011676095744003133,0.01753765474094481,7.150615309126279e-05
shfa_guided_budget,SHFA,1,S0,0,500,6,6,183,87,0.008299366956314013,0.01373199894305721,0.0014909272669828494,0.0014909272669828492,0.02203136589937122,0.00011396689827214795
shfa_guided_budget,SHFA,1,S0,0,500,7,7,183,87,0.0056119173459942065,0.009768463469414717,0.001016093610550777,0.0010160936105507769,0.015380380815408923,5.4819809587719195e-05
shfa_guided_budget,SHFA,1,S0,0,500,8,8,183,87,0.00668689719012213,0.00976846346941472,0.001093780752146493,0.0010937807521464932,0.01645536065953685,6.532071092543997e-05
shfa_guided_budget,SHFA,1,S0,0,500,9,9,183,87,0.005014706321478695,0.008975756374686221,0.0009194147007424988,0.000919414700742499,0.013990462696164916,4.5010782232191684e-05
shfa_guided_budget,SHFA,1,S0,0,500,10,a,183,87,0.005671638448445758,0.010561170564143216,0.001074449704318999,0.001074449704318999,0.016232809012588972,5.989914103218824e-05
shfa_guided_budget,SHFA,1,S0,0,500,11,b,183,87,0.006567454985219028,0.006861870788743559,0.0008843978883921243,0.0008843978883921244,0.013429325773962587,4.506502751946271e-05
shfa_guided_budget,SHFA,1,S0,0,500,12,c,183,87,0.0032827943503837085,0.009768463469414717,0.000847771470426726,0.0008477714704267259,0.013051257819798425,3.2067856689324274e-05
shfa_guided_budget,SHFA,1,S0,0,500,13,d,183,87,0.010867374361730717,0.011353877658871714,0.0015122150902639013,0.0015122150902639017,0.022221252020602433,0.00012338683897624965
shfa_guided_budget,SHFA,1,S0,0,500,14,e,183,87,0.0037605631699961176,0.015581648830757036,0.00126748402476783,0.00126748402476783,0.019342212000753152,5.859577472075798e-05
shfa_guided_budget,SHFA,1,S0,0,500,15,f,183,87,0.003103631043029054,0.011618113357114549,0.0009561673622855461,0.0009561673622855465,0.014721744400143604,3.6058337276571214e-05
shfa_guided_budget,SHFA,1,S0,0,1000,0,0,364,176,0.004717123535804855,0.003938533057851239,0.0005595570840872414,0.0005595570840872414,0.008655656593656094,1.857854698373554e-05
shfa_guided_budget,SHFA,1,S0,0,1000,1,1,364,176,0.0019849655838666833,0.009555785123966942,0.0007402648238375012,0.0007402648238375011,0.011540750707833624,1.8967904597899608e-05
shfa_guided_budget,SHFA,1,S0,0,1000,2,2,364,176,0.0033887815481222065,0.006456611570247934,0.0006372171160507823,0.0006372171160507823,0.009845393118370141,2.1880046152648544e-05
shfa_guided_budget,SHFA,1,S0,0,1000,3,3,364,176,0.0046718391498611275,0.009491219008264462,0.0009295325834255655,0.0009295325834255654,0.01416305815812559,4.434144854271602e-05
shfa_guided_budget,SHFA,1,S0,0,1000,4,4,364,176,0.002634041782393431,0.003873966942148759,0.0004169547360731177,0.00041695473607311764,0.00650800872454219,1.0204190789230747e-05
shfa_guided_budget,SHFA,1,S0,0,1000,5,5,364,176,0.003343497162178481,0.0024535123966942145,0.00037051640916526025,0.00037051640916526025,0.005797009558872695,8.20331173571683e-06
shfa_guided_budget,SHFA,1,S0,0,1000,6,6,364,176,0.0029661272793140916,0.005036157024793387,0.0005150806517408664,0.0005150806517408664,0.008002284304107479,1.493788273414896e-05
shfa_guided_budget,SHFA,1,S0,0,1000,7,7,364,176,0.0039020045888177755,0.0032283057851239657,0.00045824126235901957,0.0004582412623590195,0.007130310373941741,1.2596863987660686e-05
shfa_guided_budget,SHFA,1,S0,0,1000,8,8,364,176,0.005124683009298394,0.006585743801652892,0.0007656515250483783,0.0007656515250483782,0.011710426810951286,3.3749849363922794e-05
shfa_guided_budget,SHFA,1,S0,0,1000,9,9,364,176,0.002769894940224611,0.0046487603305785125,0.00047654253214318156,0.0004765425321431815,0.0074186552708031235,1.2876577717986312e-05
shfa_guided_budget,SHFA,1,S0,0,1000,10,a,364,176,0.0035095399106388116,0.004390495867768594,0.0005091608566258916,0.0005091608566258916,0.007900035778407406,1.5408620475428665e-05
shfa_guided_budget,SHFA,1,S0,0,1000,11,b,364,176,0.00459636517328825,0.004777892561983471,0.0006078520474280964,0.0006078520474280964,0.00937425773527172,2.1960938973613797e-05
shfa_guided_budget,SHFA,1,S0,0,1000,12,c,364,176,0.0033133075715493297,0.0038094008264462813,0.00045779099147605655,0.0004577909914760564,0.007122708397995611,1.2621716601330738e-05
shfa_guided_budget,SHFA,1,S0,0,1000,13,d,364,176,0.00628698224852071,0.00774793388429752,0.00092589338109443,0.00092589338109443,0.01403491613281823,4.871112279329062e-05
shfa_guided_budget,SHFA,1,S0,0,1000,14,e,364,176,0.0026038521917642796,0.004519628099173554,0.00045698596171560703,0.00045698596171560714,0.007123480290937834,1.1768443531992485e-05
shfa_guided_budget,SHFA,1,S0,0,1000,15,f,364,176,0.0020302499698104087,0.004196797520661157,0.0003977110161940956,0.00039771101619409557,0.006227047490471566,8.520548039622711e-06
shfa_guided_budget,SHFA,1,S0,0,1500,0,0,548,263,0.0026406574671000056,0.004480872934407032,0.0004569281006675581,0.0004569281006675581,0.007121530401507038,1.1832450573368242e-05
shfa_guided_budget,SHFA,1,S0,0,1500,1,1,548,263,0.0020745644413660827,0.005637460423021873,0.000493696828957457,0.000493696828957457,0.007712024864387956,1.1695274933209773e-05
shfa_guided_budget,SHFA,1,S0,0,1500,2,2,548,263,0.002041264851617028,0.003931493877314982,0.0003813226408243612,0.00038132264082436126,0.00597275872893201,8.02522026611062e-06
shfa_guided_budget,SHFA,1,S0,0,1500,3,3,548,263,0.0027605359901966007,0.005463972299729646,0.0005291152603032314,0.0005291152603032314,0.008224508289926246,1.5083492182840974e-05
shfa_guided_budget,SHFA,1,S0,0,1500,4,4,548,263,0.002487479354254355,0.0026014182654079134,0.0003245270754558741,0.0003245270754558741,0.005088897619662268,6.470974226982361e-06
shfa_guided_budget,SHFA,1,S0,0,1500,5,5,548,263,0.0018947466567211893,0.001444830776793072,0.00021146117787849787,0.00021146117787849787,0.003339577433514261,2.7375882838565517e-06
shfa_guided_budget,SHFA,1,S0,0,1500,6,6,548,263,0.0024342000106558686,0.0026592476398386564,0.0003248136187891397,0.0003248136187891397,0.0050934476504945255,6.473140633231851e-06
shfa_guided_budget,SHFA,1,S0,0,1500,7,7,548,263,0.0020146251798177843,0.002196612644392719,0.00026762771515685614,0.00026762771515685614,0.004211237824210503,4.4253511436997e-06
shfa_guided_budget,SHFA,1,S0,0,1500,8,8,548,263,0.0021145239490649474,0.003815835128453498,0.00037871611710970103,0.0003787161171097011,0.005930359077518445,8.06867476479824e-06
shfa_guided_budget,SHFA,1,S0,0,1500,9,9,548,263,0.0022810218978102192,0.004278470123899434,0.00041972753539859476,0.00041972753539859476,0.006559492021709653,9.75928404174141e-06
shfa_guided_budget,SHFA,1,S0,0,1500,10,a,548,263,0.004418855559699505,0.002399015454900316,0.00043671784119318015,0.0004367178411931801,0.006817871014599821,1.0600902780691298e-05
shfa_guided_budget,SHFA,1,S0,0,1500,11,b,548,263,0.0037728435185678515,0.0019942098338851214,0.00036796467617474855,0.00036796467617474855,0.0057670533524529725,7.523841646437752e-06
shfa_guided_budget,SHFA,1,S0,0,1500,12,c,548,263,0.0027605359901966007,0.004770019806560743,0.0004838275486472955,0.00048382754864729555,0.007530555796757344,1.3167811349961559e-05
shfa_guided_budget,SHFA,1,S0,0,1500,13,d,548,263,0.00640351110874314,0.004914593242637598,0.0007388521743854799,0.0007388521743854799,0.011318104351380738,3.1470652424183826e-05
shfa_guided_budget,SHFA,1,S0,0,1500,14,e,548,263,0.001621690020778944,0.003642347005161272,0.0003349090719117476,0.0003349090719117476,0.005264037025940216,5.906757790484107e-06
shfa_guided_budget,SHFA,1,S0,0,1500,15,f,548,263,0.0014085726463849964,0.003931493877314982,0.00033929195246626463,0.00033929195246626463,0.005340066523699978,5.537794735015975e-06
shfa_guided_budget,SHFA,1,S0,0,2000,0,0,740,344,0.0016709276844411982,0.004326663061114116,0.0003820789626872719,0.0003820789626872718,0.005997590745555314,7.229541090064676e-06
shfa_guided_budget,SHFA,1,S0,0,2000,1,1,740,344,0.001177867056245435,0.0037351270957274203,0.0003114616176552505,0.0003114616176552504,0.004912994151972855,4.399483156947018e-06
shfa_guided_budget,SHFA,1,S0,0,2000,2,2,740,344,0.0015577063550036526,0.002805570578691184,0.0002770750634757659,0.00027707506347576577,0.004363276933694836,4.370255119838532e-06
shfa_guided_budget,SHFA,1,S0,0,2000,3,3,740,344,0.0024817384952520094,0.0045463764196863165,0.0004505400995582869,0.0004505400995582869,0.007028114914938326,1.1282917374641537e-05
shfa_guided_budget,SHFA,1,S0,0,2000,4,4,740,344,0.0027702702702702706,0.0032280962682531104,0.0003838406077792234,0.0003838406077792233,0.005998366538523381,8.942699121511996e-06
shfa_guided_budget,SHFA,1,S0,0,2000,5,5,740,344,0.0011742147552958365,0.0014872904272579777,0.00016809047227470995,0.00016809047227470995,0.0026615051825538143,1.7463983650965664e-06
shfa_guided_budget,SHFA,1,S0,0,2000,6,6,740,344,0.0018133674214755296,0.0024844510546241216,0.00027311887735893413,0.0002731188773589341,0.004297818476099651,4.505222602705904e-06
shfa_guided_budget,SHFA,1,S0,0,2000,7,7,740,344,0.0020105916727538352,0.0017577068685776097,0.0002390526896263197,0.00023905268962631966,0.0037682985413314447,3.534030793104362e-06
shfa_guided_budget,SHFA,1,S0,0,2000,8,8,740,344,0.0025766983199415634,0.0035661168199026504,0.0003931147534588219,0.0003931147534588219,0.006142815139844214,9.18880721855851e-06
shfa_guided_budget,SHFA,1,S0,0,2000,9,9,740,344,0.0018097151205259316,0.005188615467820443,0.0004467855776383578,0.00044678557763835777,0.006998330588346374,9.389915866709386e-06
shfa_guided_budget,SHFA,1,S0,0,2000,10,a,740,344,0.002587655222790358,0.0021971335857220117,0.0003047347247302848,0.00030473472473028476,0.00478478880851237,5.68542419826167e-06
shfa_guided_budget,SHFA,1,S0,0,2000,11,b,740,344,0.0026716581446311173,0.0013858842617631153,0.0002572990093750951,0.00025729900937509505,0.004057542406394232,3.7026089754555106e-06
shfa_guided_budget,SHFA,1,S0,0,2000,12,c,740,344,0.0016745799853907966,0.004563277447268793,0.00039750766262220587,0.00039750766262220587,0.00623785743265959,7.641573080981528e-06
shfa_guided_budget,SHFA,1,S0,0,2000,13,d,740,344,0.005440102264426589,0.006422390481341265,0.0007763442576110672,0.0007763442576110671,0.011862492745767853,3.493846100057638e-05
shfa_guided_budget,SHFA,1,S0,0,2000,14,e,740,344,0.0016964937910883856,0.003921038399134666,0.0003577477791876919,0.00035774777918769186,0.005617532190223052,6.652017298751105e-06
shfa_guided_budget,SHFA,1,S0,0,2000,15,f,740,344,0.001035427319211103,0.002636560302866414,0.00023222919294618025,0.0002322291929461802,0.003671987622077517,2.729966566335385e-06
shfa_guided_budget,SHFA,1,S0,0,3000,0,0,1102,522,0.0013090783627194903,0.0022964651135479516,0.00022835272005760084,0.0002283527200576009,0.003605543476267442,3.006252790885781e-06
shfa_guided_budget,SHFA,1,S0,0,3000,1,1,1102,522,0.0010208711433756805,0.002105628220372572,0.00019755578532312167,0.00019755578532312164,0.0031264993637482525,2.149575088855847e-06
shfa_guided_budget,SHFA,1,S0,0,3000,2,2,1102,522,0.0010093428546019277,0.0031332114913169215,0.00026207213125064546,0.0002620721312506454,0.004142554345918849,3.1624846307173845e-06
shfa_guided_budget,SHFA,1,S0,0,3000,3,3,1102,522,0.0017965602880095914,0.0019441508492241749,0.00023728723028672668,0.00023728723028672668,0.0037407111372337663,3.4927842096162754e-06
shfa_guided_budget,SHFA,1,S0,0,3000,4,4,1102,522,0.00212923376405216,0.00154045742135318,0.00023263569304146365,0.00023263569304146368,0.00366969118540534,3.279993953629916e-06
shfa_guided_budget,SHFA,1,S0,0,3000,5,5,1102,522,0.0010406339241306845,0.0019955300127713917,0.00019183686228429063,0.00019183686228429063,0.0030361639369020765,2.0766162279108482e-06
shfa_guided_budget,SHFA,1,S0,0,3000,6,6,1102,522,0.0013288411434744945,0.0027515377049661628,0.0002586800345377215,0.0002586800345377215,0.004080378848440657,3.656356510180422e-06
shfa_guided_budget,SHFA,1,S0,0,3000,7,7,1102,522,0.001468827507155774,0.0017606538365555406,0.00020442868076766928,0.0002044286807676693,0.003229481343711315,2.586096785712124e-06
shfa_guided_budget,SHFA,1,S0,0,3000,8,8,1102,522,0.0016615146195170637,0.0039552781080724,0.0003576212978751596,0.0003576212978751596,0.005616792727589464,6.571752400818086e-06
shfa_guided_budget,SHFA,1,S0,0,3000,9,9,1102,522,0.0013535446194182493,0.001679915150981342,0.00019186507576366443,0.00019186507576366443,0.003033459770399591,2.273840113689991e-06
shfa_guided_budget,SHFA,1,S0,0,3000,10,a,1102,522,0.0011361540311132046,0.0016432157484476155,0.00017557755741913868,0.0001755775574191387,0.00277936977956082,1.8669461965874598e-06
shfa_guided_budget,SHFA,1,S0,0,3000,11,b,1102,522,0.0022000503950909255,0.0028249365100336166,0.0003202766842552901,0.0003202766842552901,0.005024986905124542,6.2150026850062385e-06
shfa_guided_budget,SHFA,1,S0,0,3000,12,c,1102,522,0.0013881294857395073,0.0038158203784442383,0.00033054371929108826,0.00033054371929108826,0.005203949864183746,5.296852779604133e-06
shfa_guided_budget,SHFA,1,S0,0,3000,13,d,1102,522,0.0053011600752303194,0.007999552267289088,0.000873701428506534,0.0008737014285065341,0.013300712342519408,4.2406907099071096e-05
shfa_guided_budget,SHFA,1,S0,0,3000,14,e,1102,522,0.0016302235499883065,0.00352956503868117,0.0003282407668391158,0.0003282407668391157,0.005159788588669476,5.753980047273431e-06
shfa_guided_budget,SHFA,1,S0,0,3000,15,f,1102,522,0.0008660626941281484,0.0025900603338177655,0.00021825084387728028,0.0002182508438772803,0.003456123027945914,2.2431546306606653e-06
shfa_guided_budget,SHFA,1,S0,0,4000,0,0,1470,695,0.0010790642787727337,0.0013414160757724749,0.0001527274963294131,0.0001527274963294131,0.0024204803545452083,1.4474741703375763e-06
shfa_guided_budget,SHFA,1,S0,0,4000,1,1,1470,695,0.0009754037669489567,0.0011840743232751922,0.00013612233119427944,0.00013612233119427946,0.0021594780902241487,1.1549505552701593e-06
shfa_guided_budget,SHFA,1,S0,0,4000,2,2,1470,695,0.0008430515063168123,0.0021571088452978626,0.00018932857583723486,0.00018932857583723486,0.003000160351614675,1.8185538613176827e-06
shfa_guided_budget,SHFA,1,S0,0,4000,3,3,1470,695,0.0010864686010458606,0.0011302468816313852,0.00013977269541565036,0.00013977269541565033,0.0022167154826772456,1.2279777483224975e-06
shfa_guided_budget,SHFA,1,S0,0,4000,4,4,1470,695,0.0016251330464158457,0.0014946172558356194,0.0001974133457849184,0.0001974133457849184,0.0031197503022514653,2.4289518942018316e-06
shfa_guided_budget,SHFA,1,S0,0,4000,5,5,1470,695,0.000727358970799204,0.0025131980746338177,0.00020436281250454407,0.00020436281250454407,0.0032405570454330217,1.8279971649801948e-06
shfa_guided_budget,SHFA,1,S0,0,4000,6,6,1470,695,0.0013280346152066268,0.0035234977485637388,0.00030790009971234304,0.00030790009971234315,0.004851532363770366,4.679326976695261e-06
shfa_guided_budget,SHFA,1,S0,0,4000,7,7,1470,695,0.001125341292979777,0.0010515760053827438,0.00013724071304922148,0.00013724071304922148,0.002176917298362521,1.1833819015639258e-06
shfa_guided_budget,SHFA,1,S0,0,4000,8,8,1470,695,0.0010707344162154658,0.0034241240101444024,0.00028459497907054306,0.0002845949790705431,0.004494858426359868,3.6663274230513264e-06
shfa_guided_budget,SHFA,1,S0,0,4000,9,9,1470,695,0.001335438937479754,0.001647818435898762,0.00018865414673735346,0.00018865414673735346,0.002983257373378516,2.200560901196193e-06
shfa_guided_budget,SHFA,1,S0,0,4000,10,a,1470,695,0.0012447359896339486,0.0015650069872159827,0.00017755695657413703,0.00017755695657413703,0.0028097429768499313,1.9480205210163304e-06
shfa_guided_budget,SHFA,1,S0,0,4000,11,b,1470,695,0.0020314452311536862,0.002960379897520832,0.0003180029201673793,0.0003180029201673793,0.004991825128674518,6.013849625221933e-06
shfa_guided_budget,SHFA,1,S0,0,4000,12,c,1470,695,0.0012262251839511322,0.002774054137984576,0.0002534190726666223,0.0002534190726666223,0.004000279321935708,3.4016150456405365e-06
shfa_guided_budget,SHFA,1,S0,0,4000,13,d,1470,695,0.005391156462585033,0.009278893432016976,0.0009669020847042818,0.0009669020847042816,0.014670049894602008,5.002396629165614e-05
shfa_guided_budget,SHFA,1,S0,0,4000,14,e,1470,695,0.0013798648711185158,0.0030142073391646396,0.0002787887119642781,0.0002787887119642781,0.004394072210283155,4.1591988215809e-06
shfa_guided_budget,SHFA,1,S0,0,4000,15,f,1470,695,0.0009670739043916891,0.0017720356089229337,0.0001729080339772061,0.0001729080339772061,0.0027391095133146226,1.7136893950422057e-06
shfa_guided_budget,SHFA,1,S0,0,6000,0,0,2205,1042,0.0009132897301021697,0.0010091972104435219,0.00012107712323205155,0.00012107712323205154,0.0019224869405456914,9.216894479458266e-07
shfa_guided_budget,SHFA,1,S0,0,6000,1,1,2205,1042,0.0005356692941726957,0.0004694850814725851,6.307363722004708e-05,6.307363722004708e-05,0.0010051543756452808,2.5148874221703014e-07
shfa_guided_budget,SHFA,1,S0,0,6000,2,2,2205,1042,0.0007154297849147216,0.001683376866427695,0.0001511297536583798,0.00015112975365837983,0.0023988066513424165,1.2043379494787839e-06
shfa_guided_budget,SHFA,1,S0,0,6000,3,3,2205,1042,0.001216044240825582,0.0010589317752292397,0.0001434737088901211,0.00014347370889012108,0.0022749760160548217,1.2877078866947267e-06
shfa_guided_budget,SHFA,1,S0,0,6000,4,4,2205,1042,0.0011095042703400337,0.0011915572813244865,0.0001451383848710168,0.0001451383848710168,0.00230106155166452,1.3220378919842787e-06
shfa_guided_budget,SHFA,1,S0,0,6000,5,5,2205,1042,0.0005825633352358327,0.0029046367350547635,0.0002196421392571843,0.0002196421392571843,0.0034872000702905965,1.6921348640220228e-06
shfa_guided_budget,SHFA,1,S0,0,6000,6,6,2205,1042,0.0015977781891290152,0.0034664531150415735,0.0003220530796915136,0.0003220530796915136,0.005064231304170589,5.538623180851759e-06
shfa_guided_budget,SHFA,1,S0,0,6000,7,7,2205,1042,0.001100865894354718,0.0007071057798932366,0.0001137766582772827,0.00011377665827728272,0.0018079716742479546,7.784286367855582e-07
shfa_guided_budget,SHFA,1,S0,0,6000,8,8,2205,1042,0.0010831777911466931,0.002072043280123489,0.00019944570821771087,0.0001994457082177109,0.003155221071270182,2.2443912633245096e-06
shfa_guided_budget,SHFA,1,S0,0,6000,9,9,2205,1042,0.0013172366452249833,0.0011841891976525284,0.00015789897258587193,0.00015789897258587196,0.0025014258428775115,1.5598574060274813e-06
shfa_guided_budget,SHFA,1,S0,0,6000,10,a,2205,1042,0.00149494037978003,0.0011510328211287169,0.00016709405049955412,0.00016709405049955412,0.002645973200908747,1.7207254427574434e-06
shfa_guided_budget,SHFA,1,S0,0,6000,11,b,2205,1042,0.0015562317141520252,0.002278349622938318,0.0002432069735072894,0.00024320697350728936,0.003834581337090343,3.5456399391429187e-06
shfa_guided_budget,SHFA,1,S0,0,6000,12,c,2205,1042,0.0011132064314765965,0.0026338596601103,0.00023712366023742257,0.00023712366023742257,0.0037470660915868963,2.9320295132415482e-06
shfa_guided_budget,SHFA,1,S0,0,6000,13,d,2205,1042,0.0052694993341251845,0.008515432451250918,0.0009064303022176611,0.0009064303022176611,0.013784931785376103,4.48720656316547e-05
shfa_guided_budget,SHFA,1,S0,0,6000,14,e,2205,1042,0.0011843701955460946,0.0034406648221897203,0.00029313970947675386,0.00029313970947675386,0.004625035017735815,4.075020868265408e-06
shfa_guided_budget,SHFA,1,S0,0,6000,15,f,2205,1042,0.0008923108169949768,0.0020094145689118444,0.00018315085897484365,0.00018315085897484365,0.0029017253859068212,1.793022355667337e-06
shfa_guided_budget,SHFA,1,S0,0,8000,0,0,2913,1406,0.0007449043782449944,0.0010024857904246984,0.00010995864159627155,0.00010995864159627155,0.0017473901686696927,7.467560544157516e-07
shfa_guided_budget,SHFA,1,S0,0,8000,1,1,2913,1406,0.00046725652693413975,0.00033475209880839914,5.028195421198182e-05,5.0281954211981804e-05,0.0008020086257425388,1.5641510307312657e-07
shfa_guided_budget,SHFA,1,S0,0,8000,2,2,2913,1406,0.000615508223432041,0.001642903103747605,0.0001421619283193865,0.00014216192831938655,0.002258411327179646,1.0112203706586744e-06
shfa_guided_budget,SHFA,1,S0,0,8000,3,3,2913,1406,0.0006499195870070704,0.0007991305297960984,9.108500288408788e-05,9.108500288408788e-05,0.0014490501168031688,5.193705838898216e-07
shfa_guided_budget,SHFA,1,S0,0,8000,4,4,2913,1406,0.0010359868030063743,0.0011653723424704932,0.0001387922569596923,0.00013879225695969226,0.0022013591454768675,1.2073103673880557e-06
shfa_guided_budget,SHFA,1,S0,0,8000,5,5,2913,1406,0.00038947741748373047,0.0022205939187671616,0.00016399432970044223,0.00016399432970044226,0.002610071336250892,8.648711847615108e-07
shfa_guided_budget,SHFA,1,S0,0,8000,6,6,2913,1406,0.001271681074068221,0.0033850810082374054,0.000295352373596465,0.0002953523735964649,0.004656762082305626,4.30474345236328e-06
shfa_guided_budget,SHFA,1,S0,0,8000,7,7,2913,1406,0.0008370608382301764,0.0005148378520018859,8.492461874345323e-05,8.492461874345322e-05,0.0013518986902320623,4.309506039493221e-07
shfa_guided_budget,SHFA,1,S0,0,8000,8,8,2913,1406,0.0009763561524277273,0.0015063212122806346,0.0001566380412774152,0.00015663804127741523,0.002482677364708362,1.4707059831425903e-06
shfa_guided_budget,SHFA,1,S0,0,8000,9,9,2913,1406,0.001155483798434731,0.0011168098921711261,0.00014330881139920144,0.00014330881139920144,0.002272293690605857,1.2904557363353752e-06
shfa_guided_budget,SHFA,1,S0,0,8000,10,a,2913,1406,0.0012144073662001924,0.000977192847560445,0.00013816172355231537,0.00013816172355231537,0.0021916002137606374,1.186710192275546e-06
shfa_guided_budget,SHFA,1,S0,0,8000,11,b,2913,1406,0.0013742080819801245,0.0019332660878292388,0.00020937384549559823,0.00020937384549559823,0.003307474169809363,2.6567098825130372e-06
shfa_guided_budget,SHFA,1,S0,0,8000,12,c,2913,1406,0.00095113686542411,0.002779062097209885,0.00023578070357658384,0.00023578070357658384,0.0037301989626339948,2.643268411959163e-06
shfa_guided_budget,SHFA,1,S0,0,8000,13,d,2913,1406,0.005073429666295801,0.007952986489521637,0.0008544999273301788,0.0008544999273301787,0.013026416155817438,4.034891759158877e-05
shfa_guided_budget,SHFA,1,S0,0,8000,14,e,2913,1406,0.0010322156946693853,0.003931408574105287,0.0003142845784307663,0.0003142845784307663,0.0049636242687746725,4.058061632349266e-06
shfa_guided_budget,SHFA,1,S0,0,8000,15,f,2913,1406,0.0008339968127063726,0.0023996679542460783,0.00020410536335992304,0.00020410536335992304,0.003233664766952451,2.001315425394851e-06
shfa_guided_budget,SHFA,1,S5,5,250,0,0,103,37,0.010739702139692713,0.017120160701241782,0.0019251068540734155,0.0019251068540734155,0.027859862840934495,0.00018386542651500947
shfa_guided_budget,SHFA,1,S5,5,250,1,1,103,37,0.013001932321613726,0.014198319941563186,0.00188462136140938,0.00188462136140938,0.027200252263176912,0.0001846055949608231
shfa_guided_budget,SHFA,1,S5,5,250,2,2,103,37,0.0069693185031576965,0.018581081081081086,0.0017263974462019757,0.0017263974462019757,0.025550399584238784,0.0001294974721870518
shfa_guided_budget,SHFA,1,S5,5,250,3,3,103,37,0.011870817230653218,0.014198319941563186,0.001797866734272161,0.0017978667342721606,0.026069137172216404,0.00016854566100863545
shfa_guided_budget,SHFA,1,S5,5,250,4,4,103,37,0.013944528230747478,0.018581081081081082,0.002291954991682228,0.002291954991682228,0.03252560931182856,0.000259104409692943
shfa_guided_budget,SHFA,1,S5,5,250,5,5,103,37,0.01582972004901499,0.03611212563915267,0.0038180101947531218,0.003818010194753122,0.05194184568816766,0.0005716448392426432
shfa_guided_budget,SHFA,1,S5,5,250,6,6,103,37,0.010928221321519462,0.02150292184075968,0.002261935136577603,0.002261935136577603,0.032431143162279144,0.00023498868893515645
shfa_guided_budget,SHFA,1,S5,5,250,7,7,103,37,0.009608587048732208,0.012737399561723888,0.0015190125756168135,0.0015190125756168133,0.022345986610456094,0.00012238841246330745
shfa_guided_budget,SHFA,1,S5,5,250,8,8,103,37,0.011493778866999718,0.021502921840759682,0.0023094436228670327,0.0023094436228670327,0.0329967007077594,0.0002471498286320703
shfa_guided_budget,SHFA,1,S5,5,250,9,9,103,37,0.008288952775944951,0.020042001460920382,0.0019368118434490724,0.001936811843449072,0.02833095423686533,0.00016612720364498877
shfa_guided_budget,SHFA,1,S5,5,250,10,a,103,37,0.0077233952304647,0.03319028487947407,0.0028134466948070676,0.002813446694807068,0.040913680109938774,0.0002563416879358947
shfa_guided_budget,SHFA,1,S5,5,250,11,b,103,37,0.007157837684984447,0.014198319941563186,0.001436389121200414,0.0014363891212004142,0.021356157626547634,0.00010162926954118714
shfa_guided_budget,SHFA,1,S5,5,250,12,c,103,37,0.010928221321519466,0.021502921840759682,0.0022619351365776035,0.002261935136577603,0.032431143162279144,0.00023498868893515656
shfa_guided_budget,SHFA,1,S5,5,250,13,d,103,37,0.007534876048637948,0.024424762600438278,0.0021815149742789746,0.0021815149742789746,0.03195963864907623,0.00018403755871171032
shfa_guided_budget,SHFA,1,S5,5,250,14,e,103,37,0.00791191441229145,0.03903396639883126,0.0032429509520149834,0.003242950952014983,0.04694588081112271,0.00030883340131981327
shfa_guided_budget,SHFA,1,S5,5,250,15,f,103,37,0.01677231595814874,0.025885682980277575,0.0031002877873893336,0.003100287787389333,0.04265799893842631,0.0004341628537376888
shfa_guided_budget,SHFA,1,S5,5,500,0,0,202,76,0.00504239780413685,0.00917590027700831,0.0009349121694793379,0.0009349121694793379,0.014218298081145159,4.626853940776541e-05
shfa_guided_budget,SHFA,1,S5,5,500,1,1,202,76,0.005091412606607195,0.010560941828254847,0.0010320422645408995,0.0010320422645408995,0.015652354434862042,5.377011236202197e-05
shfa_guided_budget,SHFA,1,S5,5,500,2,2,202,76,0.005042397804136849,0.00917590027700831,0.0009349121694793378,0.0009349121694793378,0.014218298081145157,4.62685394077654e-05
shfa_guided_budget,SHFA,1,S5,5,500,3,3,202,76,0.005385501421429272,0.010907202216066482,0.0010770347303819272,0.0010770347303819272,0.016292703637495753,5.874075303844254e-05
shfa_guided_budget,SHFA,1,S5,5,500,4,4,202,76,0.007395108322713459,0.010560941828254847,0.0012003524432453393,0.0012003524432453393,0.01795605015096831,7.809930880982012e-05
shfa_guided_budget,SHFA,1,S5,5,500,5,5,202,76,0.006855945495539653,0.025796398891966763,0.002217630229003674,0.0022176302290036745,0.032652344387506416,0.00017685870478452364
shfa_guided_budget,SHFA,1,S5,5,500,6,6,202,76,0.008032300754827958,0.02579639889196676,0.0023214981622164572,0.0023214981622164577,0.03382869964679472,0.0002072044342917877
shfa_guided_budget,SHFA,1,S5,5,500,7,7,202,76,0.0036699833349671607,0.011253462603878113,0.0009740153913947385,0.0009740153913947384,0.014923445938845273,4.130002021690882e-05
shfa_guided_budget,SHFA,1,S5,5,500,8,8,202,76,0.006316782668365847,0.011253462603878115,0.0011692260070505281,0.0011692260070505281,0.01757024527224396,7.108567753528047e-05
shfa_guided_budget,SHFA,1,S5,5,500,9,9,202,76,0.00577761984119204,0.008137119113573406,0.0009166843655135649,0.0009166843655135651,0.013914738954765447,4.701318084072469e-05
shfa_guided_budget,SHFA,1,S5,5,500,10,a,202,76,0.003718998137437506,0.011599722991689751,0.0010005594187713386,0.0010005594187713388,0.015318721129127258,4.31393482008852e-05
shfa_guided_budget,SHFA,1,S5,5,500,11,b,202,76,0.00391505734731889,0.00848337950138504,0.0008081152202909877,0.0008081152202909876,0.01239843684870393,3.321291724699196e-05
shfa_guided_budget,SHFA,1,S5,5,500,12,c,202,76,0.005581560631310656,0.011945983379501382,0.001162148731209069,0.0011621487312090688,0.017527544010812038,6.667723053331634e-05
shfa_guided_budget,SHFA,1,S5,5,500,13,d,202,76,0.007052004705421037,0.02094875346260388,0.001897778093492545,0.0018977780934925452,0.028000758168024917,0.0001477307079909878
shfa_guided_budget,SHFA,1,S5,5,500,14,e,202,76,0.003375894520145083,0.023026315789473683,0.0017278725576439875,0.0017278725576439873,0.026402210309618767,7.773441329281441e-05
shfa_guided_budget,SHFA,1,S5,5,500,15,f,202,76,0.009600774433879031,0.025450138504155125,0.0024350230977165078,0.0024350230977165073,0.035050912938034154,0.0002443410390893728
shfa_guided_budget,SHFA,1,S5,5,1000,0,0,400,154,0.0039625,0.004037358745150953,0.0005159892055995952,0.0005159892055995952,0.007999858745150953,1.5998034027660648e-05
shfa_guided_budget,SHFA,1,S5,5,1000,1,1,400,154,0.00235,0.00226640242874009,0.00029385119750379487,0.00029385119750379487,0.004616402428740091,5.326045707539212e-06
shfa_guided_budget,SHFA,1,S5,5,1000,2,2,400,154,0.0035375000000000007,0.007916596390622364,0.0007438859841457243,0.0007438859841457245,0.011454096390622365,2.800495973182662e-05
shfa_guided_budget,SHFA,1,S5,5,1000,3,3,400,154,0.0012749999999999997,0.005049333783100017,0.0004017087620172036,0.0004017087620172036,0.006324333783100017,6.43790057345252e-06
shfa_guided_budget,SHFA,1,S5,5,1000,4,4,400,154,0.0024999999999999996,0.004627677517287907,0.00045704903862371394,0.00045704903862371394,0.007127677517287907,1.1569193793219767e-05
shfa_guided_budget,SHFA,1,S5,5,1000,5,5,400,154,0.003575,0.01449443413729128,0.0011811572356215214,0.0011811572356215212,0.018069434137291278,5.1817602040816324e-05
shfa_guided_budget,SHFA,1,S5,5,1000,6,6,400,154,0.006575,0.015169084162590656,0.0014587419885309497,0.0014587419885309495,0.021744084162590657,9.973672836903357e-05
shfa_guided_budget,SHFA,1,S5,5,1000,7,7,400,154,0.0025,0.0069889526058357215,0.0006105319193793219,0.0006105319193793219,0.009488952605835722,1.7472381514589304e-05
shfa_guided_budget,SHFA,1,S5,5,1000,8,8,400,154,0.0036499999999999996,0.006651627593186035,0.0006681301652892562,0.0006681301652892563,0.010301627593186036,2.4278440715129027e-05
shfa_guided_budget,SHFA,1,S5,5,1000,9,9,400,154,0.0027624999999999998,0.004121689998313374,0.0004416480435149266,0.0004416480435149265,0.006884189998313374,1.1386168620340695e-05
shfa_guided_budget,SHFA,1,S5,5,1000,10,a,400,154,0.0024625000000000003,0.005555321302074549,0.000514793810086018,0.0005147938100860178,0.008017821302074549,1.3679978706358579e-05
shfa_guided_budget,SHFA,1,S5,5,1000,11,b,400,154,0.0017874999999999998,0.004121689998313374,0.0003766918957665711,0.00037669189576657107,0.005909189998313374,7.367520871985155e-06
shfa_guided_budget,SHFA,1,S5,5,1000,12,c,400,154,0.0037,0.004965002529937595,0.0005599331674818687,0.0005599331674818688,0.008665002529937595,1.8370509360769104e-05
shfa_guided_budget,SHFA,1,S5,5,1000,13,d,400,154,0.0036250000000000006,0.01204882779558104,0.0010232912379827962,0.0010232912379827962,0.01567382779558104,4.367700075898128e-05
shfa_guided_budget,SHFA,1,S5,5,1000,14,e,400,154,0.0020749999999999996,0.01204882779558104,0.0009077405548996456,0.0009077405548996456,0.01412382779558104,2.5001317675830652e-05
shfa_guided_budget,SHFA,1,S5,5,1000,15,f,400,154,0.0058625,0.010362202732332602,0.0010747923342890873,0.0010747923342890875,0.0162247027323326,6.074841351829987e-05
shfa_guided_budget,SHFA,1,S5,5,1500,0,0,608,226,0.0037277094875346256,0.003440950740073617,0.00046086812894542684,0.0004608681289454269,0.0071686602276082425,1.2826864719911714e-05
shfa_guided_budget,SHFA,1,S5,5,1500,1,1,608,226,0.0018557392659279777,0.004459041428459551,0.00040294861166641254,0.00040294861166641254,0.006314780694387529,8.27481826719197e-06
shfa_guided_budget,SHFA,1,S5,5,1500,2,2,608,226,0.0028782894736842117,0.005555446785182865,0.000543098700182597,0.000543098700182597,0.008433736258867078,1.5990184003404636e-05
shfa_guided_budget,SHFA,1,S5,5,1500,3,3,608,226,0.0015798130193905818,0.002618646722531131,0.0002665407060555462,0.00026654070605554623,0.004198459741921713,4.136972185439157e-06
shfa_guided_budget,SHFA,1,S5,5,1500,4,4,608,226,0.0033976800554016617,0.003362636071736237,0.000433944919460631,0.0004339449194606311,0.006760316127137899,1.1425161514512405e-05
shfa_guided_budget,SHFA,1,S5,5,1500,5,5,608,226,0.0028782894736842104,0.012055564257185371,0.0009680652618801291,0.0009680652618801292,0.014933853730869582,3.4699403700780264e-05
shfa_guided_budget,SHFA,1,S5,5,1500,6,6,608,226,0.005664603531855956,0.014992364319837104,0.0013759862906078367,0.0013759862906078369,0.02065696785169306,8.492579987702047e-05
shfa_guided_budget,SHFA,1,S5,5,1500,7,7,608,226,0.001769174168975069,0.0037150520792544454,0.0003493367146893587,0.00034933671468935875,0.005484226248229514,6.572574175014086e-06
shfa_guided_budget,SHFA,1,S5,5,1500,8,8,608,226,0.002926982340720222,0.0016005560341451957,0.00028765594767636473,0.0002876559476763648,0.004527538374865418,4.68479924727618e-06
shfa_guided_budget,SHFA,1,S5,5,1500,9,9,608,226,0.001974766274238227,0.005947020126869764,0.0005068556248480078,0.0005068556248480078,0.00792178640110799,1.1743974778758351e-05
shfa_guided_budget,SHFA,1,S5,5,1500,10,a,608,226,0.0010658327562326868,0.00673016681024356,0.000494423205146033,0.0004944232051460331,0.007795999566476247,7.1732322412676435e-06
shfa_guided_budget,SHFA,1,S5,5,1500,11,b,608,226,0.001779994806094183,0.005398817448508107,0.00045828563293003814,0.0004582856329300382,0.0071788122546022895,9.60986701739508e-06
shfa_guided_budget,SHFA,1,S5,5,1500,12,c,608,226,0.002082972645429363,0.004067468086772654,0.0003928749705235303,0.00039287497052353034,0.006150440732202016,8.472424760904344e-06
shfa_guided_budget,SHFA,1,S5,5,1500,13,d,608,226,0.0023102060249307475,0.01005854021458219,0.0007962839401752947,0.0007962839401752946,0.012368746239512937,2.323730020573599e-05
shfa_guided_budget,SHFA,1,S5,5,1500,14,e,608,226,0.0016122749307479222,0.010998316234630746,0.0008058942573816999,0.0008058942573816998,0.012610591165378668,1.7732309545533034e-05
shfa_guided_budget,SHFA,1,S5,5,1500,15,f,608,226,0.003624913434903047,0.005320502780170726,0.0005783748754503908,0.0005783748754503907,0.008945416215073772,1.9286362008279877e-05
shfa_guided_budget,SHFA,1,S5,5,2000,0,0,813,300,0.0028086604666784677,0.0035444444444444434,0.00040702419793263114,0.0004070241979326312,0.0063531049111229115,9.955140987449233e-06
shfa_guided_budget,SHFA,1,S5,5,2000,1,1,813,300,0.0017072472385240456,0.0027888888888888894,0.0002857698308174144,0.0002857698308174144,0.004496136127412935,4.76132285410595e-06
shfa_guided_budget,SHFA,1,S5,5,2000,2,2,813,300,0.002878255258567346,0.004855555555555556,0.0004973387041937251,0.000497338704193725,0.007733810814122902,1.397552831104367e-05
shfa_guided_budget,SHFA,1,S5,5,2000,3,3,813,300,0.0010869458325579564,0.001966666666666667,0.00019298844133890293,0.00019298844133890293,0.0030536124992246233,2.137660137363981e-06
shfa_guided_budget,SHFA,1,S5,5,2000,4,4,813,300,0.002418324459997368,0.002766666666666667,0.00033075264308916153,0.0003307526430891616,0.005184991126664035,6.690697672659385e-06
shfa_guided_budget,SHFA,1,S5,5,2000,5,5,813,300,0.0025605399042920316,0.007344444444444445,0.0006378672648708857,0.0006378672648708856,0.009904984348736476,1.8805743074855923e-05
shfa_guided_budget,SHFA,1,S5,5,2000,6,6,813,300,0.0050024093414365875,0.011522222222222222,0.0010904283448072282,0.0010904283448072282,0.01652463156365881,5.763887207855268e-05
shfa_guided_budget,SHFA,1,S5,5,2000,7,7,813,300,0.0016981696569733226,0.0030999999999999995,0.00030514992949744993,0.00030514992949744993,0.004798169656973322,5.264325936617299e-06
shfa_guided_budget,SHFA,1,S5,5,2000,8,8,813,300,0.002085479803137515,0.0021666666666666666,0.00027027769393622595,0.00027027769393622595,0.004252146469804182,4.518539573464616e-06
shfa_guided_budget,SHFA,1,S5,5,2000,9,9,813,300,0.0017193506805916771,0.0034999999999999996,0.0003322271449190507,0.00033222714491905065,0.005219350680591677,6.017727382070869e-06
shfa_guided_budget,SHFA,1,S5,5,2000,10,a,813,300,0.0008569804332729677,0.005411111111111111,0.00039639293786849307,0.0003963929378684931,0.006268091544384079,4.63721634448817e-06
shfa_guided_budget,SHFA,1,S5,5,2000,11,b,813,300,0.001056687227388879,0.0028777777777777777,0.00024894497384395737,0.00024894497384395737,0.003934465005166657,3.0409110210413293e-06
shfa_guided_budget,SHFA,1,S5,5,2000,12,c,813,300,0.0019826005455626516,0.002033333333333333,0.0002550271552069764,0.00025502715520697646,0.004015933878895985,4.031287775977391e-06
shfa_guided_budget,SHFA,1,S5,5,2000,13,d,813,300,0.0017647385883452931,0.00561111111111111,0.00047089275051729603,0.000470892750517296,0.007375849699456403,9.90214430127081e-06
shfa_guided_budget,SHFA,1,S5,5,2000,14,e,813,300,0.0013108595108091302,0.0057666666666666665,0.00044990467593790325,0.0004499046759379033,0.007077526177475797,7.559289845665984e-06
shfa_guided_budget,SHFA,1,S5,5,2000,15,f,813,300,0.0027693242799586666,0.0038555555555555556,0.00042473227333236844,0.0004247322733323684,0.006624879835514222,1.0677283612729526e-05
shfa_guided_budget,SHFA,1,S5,5,3000,0,0,1201,460,0.0019792952861236233,0.0028308128544423435,0.0003062347733240688,0.00030623477332406885,0.004810108140565967,5.603014538695889e-06
shfa_guided_budget,SHFA,1,S5,5,3000,1,1,1201,460,0.001628491314135251,0.0023487712665406424,0.0002524038648986952,0.0002524038648986952,0.003977262580675893,3.824953606451888e-06
shfa_guided_budget,SHFA,1,S5,5,3000,2,2,1201,460,0.0021761892150657138,0.00309546313799622,0.00033621458556291173,0.0003362145855629117,0.005271652353061934,6.736313496540845e-06
shfa_guided_budget,SHFA,1,S5,5,3000,3,3,1201,460,0.0010946591828485974,0.0014886578449905485,0.0001630868872200851,0.0001630868872200851,0.002583317027839146,1.6295729801385077e-06
shfa_guided_budget,SHFA,1,S5,5,3000,4,4,1201,460,0.0020167328641619076,0.0031238185255198486,0.0003275843693372034,0.0003275843693372034,0.005140551389681756,6.299907482093671e-06
shfa_guided_budget,SHFA,1,S5,5,3000,5,5,1201,460,0.0023814026057940897,0.007377126654064273,0.0006274759873784095,0.0006274759873784093,0.009758529259858362,1.7567908637261694e-05
shfa_guided_budget,SHFA,1,S5,5,3000,6,6,1201,460,0.005398594080286967,0.012027410207939508,0.00115405637356392,0.00115405637356392,0.017426004288226476,6.493110554976526e-05
shfa_guided_budget,SHFA,1,S5,5,3000,7,7,1201,460,0.0011320967608868828,0.003653119092627599,0.00030321167513655285,0.00030321167513655285,0.004785215853514482,4.135684291897733e-06
shfa_guided_budget,SHFA,1,S5,5,3000,8,8,1201,460,0.0014329839621575417,0.0028969754253308127,0.00027477378104128576,0.0002747737810412857,0.004329959387488354,4.1513193232635775e-06
shfa_guided_budget,SHFA,1,S5,5,3000,9,9,1201,460,0.0015785745434175377,0.0027079395085066165,0.0002721818126185028,0.0002721818126185028,0.004286514051924154,4.274684373243143e-06
shfa_guided_budget,SHFA,1,S5,5,3000,10,a,1201,460,0.0010960457598129787,0.002783553875236294,0.0002455258796127433,0.0002455258796127433,0.003879599635049273,3.050902422163725e-06
shfa_guided_budget,SHFA,1,S5,5,3000,11,b,1201,460,0.0006357022076385137,0.002934782608695652,0.0002250209488041723,0.0002250209488041723,0.0035704848163341657,1.8656477832869423e-06
shfa_guided_budget,SHFA,1,S5,5,3000,12,c,1201,460,0.0017352577403925815,0.0016304347826086958,0.0002131850072643069,0.00021318500726430687,0.0033656925230012773,2.8292245767270352e-06
shfa_guided_budget,SHFA,1,S5,5,3000,13,d,1201,460,0.0017768550493240088,0.007301512287334594,0.0005803716875166145,0.0005803716875166144,0.009078367336658602,1.2973728975451766e-05
shfa_guided_budget,SHFA,1,S5,5,3000,14,e,1201,460,0.0014939933485903021,0.004673913043478261,0.0003924769445031312,0.0003924769445031312,0.006167906392068563,6.982794998845978e-06
shfa_guided_budget,SHFA,1,S5,5,3000,15,f,1201,460,0.001987614747909909,0.003265595463137997,0.00033481638389373493,0.0003348163838937349,0.005253210211047906,6.490745703240772e-06
shfa_guided_budget,SHFA,1,S5,5,4000,0,0,1609,609,0.0014708816280083938,0.0027689137486147843,0.00026905995540132596,0.00026905995540132596,0.004239795376623178,4.0727443623773385e-06
shfa_guided_budget,SHFA,1,S5,5,4000,1,1,1609,609,0.0014376626426629885,0.0022512274826696436,0.00023379213848525988,0.00023379213848525988,0.003688890125332632,3.236505651970387e-06
shfa_guided_budget,SHFA,1,S5,5,4000,2,2,1609,609,0.0020471923970240427,0.003906745020640044,0.00038011894730737125,0.00038011894730737125,0.005953937417664087,7.997858703365834e-06
shfa_guided_budget,SHFA,1,S5,5,4000,3,3,1609,609,0.0016632427291945829,0.001582549389157169,0.00020549417116209147,0.0002054941711620915,0.003245792118351752,2.6321637651069897e-06
shfa_guided_budget,SHFA,1,S5,5,4000,4,4,1609,609,0.0016562899183083354,0.004095484805099211,0.00036626923040624244,0.0003662692304062425,0.005751774723407547,6.7833101932708015e-06
shfa_guided_budget,SHFA,1,S5,5,4000,5,5,1609,609,0.002151484560317759,0.008533566022524745,0.0006861754969695708,0.0006861754969695708,0.010685050582842505,1.835983554191422e-05
shfa_guided_budget,SHFA,1,S5,5,4000,6,6,1609,609,0.005270206510071339,0.016207186402107415,0.0014277522762974983,0.0014277522762974983,0.021477392912178754,8.541521928632618e-05
shfa_guided_budget,SHFA,1,S5,5,4000,7,7,1609,609,0.001260752232335129,0.004149410457801829,0.0003433665466311082,0.0003433665466311082,0.005410162690136958,5.231378497548385e-06
shfa_guided_budget,SHFA,1,S5,5,4000,8,8,1609,609,0.001662470194651666,0.002693417834831118,0.00027672072871482394,0.00027672072871482394,0.004355888029482784,4.4777268721499574e-06
shfa_guided_budget,SHFA,1,S5,5,4000,9,9,1609,609,0.0013186923230538604,0.0022997605701020004,0.00022918598243089677,0.00022918598243089677,0.0036184528931558608,3.0326766086554773e-06
shfa_guided_budget,SHFA,1,S5,5,4000,10,a,1609,609,0.0006666731688324027,0.0016472601724003115,0.00014571901798607014,0.00014571901798607017,0.002313933341232714,1.0981841590255257e-06
shfa_guided_budget,SHFA,1,S5,5,4000,11,b,1609,609,0.0004295050641570622,0.0017766817388865969,0.00013864976899447586,0.00013864976899447586,0.002206186803043659,7.630938042471687e-07
shfa_guided_budget,SHFA,1,S5,5,4000,12,c,1609,609,0.0014840147152379733,0.001582549389157169,0.0001940087831057965,0.0001940087831057965,0.0030665641043951426,2.348526581100105e-06
shfa_guided_budget,SHFA,1,S5,5,4000,13,d,1609,609,0.0011356016363826688,0.007314846271445559,0.0005364597456350053,0.0005364597456350054,0.008450447907828227,8.30675139574124e-06
shfa_guided_budget,SHFA,1,S5,5,4000,14,e,1609,609,0.001131738963668087,0.004947510117800589,0.0003855523575652492,0.0003855523575652492,0.006079249081468676,5.599289973457013e-06
shfa_guided_budget,SHFA,1,S5,5,4000,15,f,1609,609,0.001819294706863699,0.002305153135372262,0.00026197174303744055,0.0002619717430374406,0.004124447842235961,4.193752897693016e-06
shfa_guided_budget,SHFA,1,S5,5,6000,0,0,2387,929,0.0013321771205536766,0.0014888487337218043,0.00017829752611124702,0.00017829752611124705,0.0028210258542754807,1.9834102190295007e-06
shfa_guided_budget,SHFA,1,S5,5,6000,1,1,2387,929,0.0012567089855696151,0.002042704228420203,0.00020878041063308037,0.00020878041063308034,0.0032994132139898182,2.567084758716717e-06
shfa_guided_budget,SHFA,1,S5,5,6000,2,2,2387,929,0.001772700420111802,0.0026591291723104702,0.00028170318892727835,0.00028170318892727835,0.004431829592422273,4.713839400886319e-06
shfa_guided_budget,SHFA,1,S5,5,6000,3,3,2387,929,0.0014690728072689501,0.0016464310502050305,0.00019713771817702326,0.00019713771817702326,0.0031155038574739806,2.41872708489947e-06
shfa_guided_budget,SHFA,1,S5,5,6000,4,4,2387,929,0.0012577620293135789,0.005335711165518208,0.00041880312958035993,0.00041880312958036,0.006593473194831787,6.711054903373301e-06
shfa_guided_budget,SHFA,1,S5,5,6000,5,5,2387,929,0.0015227780382110962,0.00782921958516455,0.0005964220151015988,0.0005964220151015987,0.009351997623375647,1.1922163640620767e-05
shfa_guided_budget,SHFA,1,S5,5,6000,6,6,2387,929,0.004672782890987683,0.015444153290515749,0.0013294756866056778,0.0013294756866056776,0.020116936181503432,7.216717526171312e-05
shfa_guided_budget,SHFA,1,S5,5,6000,7,7,2387,929,0.00135920524331541,0.00443424761975387,0.0003681178565567584,0.00036811785655675836,0.00579345286306928,6.027052614928337e-06
shfa_guided_budget,SHFA,1,S5,5,6000,8,8,2387,929,0.001567356890038891,0.0014448183805867857,0.00019052550045777232,0.00019052550045777232,0.0030121752706256766,2.264546043667531e-06
shfa_guided_budget,SHFA,1,S5,5,6000,9,9,2387,929,0.0011131440218092375,0.0012826012900893466,0.0001511618019520893,0.0001511618019520893,0.002395745311898584,1.4277199584277718e-06
shfa_guided_budget,SHFA,1,S5,5,6000,10,a,2387,929,0.0005118560440059961,0.000865471628810219,8.652597643513566e-05,8.652597643513567e-05,0.001377327672816215,4.429968841222246e-07
shfa_guided_budget,SHFA,1,S5,5,6000,11,b,2387,929,0.0006006627330802637,0.0012524752589969648,0.0001165734397170113,0.00011657343971701131,0.0018531379920772285,7.523152121845279e-07
shfa_guided_budget,SHFA,1,S5,5,6000,12,c,2387,929,0.001127535619643408,0.0015097052167857609,0.0001665297986839105,0.00016652979868391046,0.002637240836429169,1.7022464070874185e-06
shfa_guided_budget,SHFA,1,S5,5,6000,13,d,2387,929,0.0013827232202639314,0.0060587359117353625,0.00047346875058055935,0.00047346875058055935,0.007441459131999294,8.377554830603447e-06
shfa_guided_budget,SHFA,1,S5,5,6000,14,e,2387,929,0.0007084242095458765,0.004218730628092989,0.0003109358282629228,0.0003109358282629228,0.004927154837638865,2.9886509104937544e-06
shfa_guided_budget,SHFA,1,S5,5,6000,15,f,2387,929,0.0013223487122766822,0.0022605386070881917,0.00022691967777643942,0.0002269196777764394,0.003582887319364874,2.9892203161347952e-06
shfa_guided_budget,SHFA,1,S5,5,8000,0,0,3202,1227,0.0009940451412121017,0.00198165395684839,0.0001879510471161496,0.0001879510471161496,0.0029756990980604916,1.9698534873688777e-06
shfa_guided_budget,SHFA,1,S5,5,8000,1,1,3202,1227,0.0011268868496852177,0.0013612740106633617,0.000157044055553221,0.000157044055553221,0.0024881608603485794,1.534001781434797e-06
shfa_guided_budget,SHFA,1,S5,5,8000,2,2,3202,1227,0.0013715028591202954,0.0031001976713832804,0.00028373321312661373,0.00028373321312661373,0.004471700530503575,4.251929970140251e-06
shfa_guided_budget,SHFA,1,S5,5,8000,3,3,3202,1227,0.0013623346354811815,0.0012749256241493855,0.0001665656415623516,0.00016656564156235159,0.002637260259630567,1.736875335441171e-06
shfa_guided_budget,SHFA,1,S5,5,8000,4,4,3202,1227,0.0009448878570194062,0.0048510772625435985,0.00036683154397152817,0.00036683154397152817,0.005795965119563005,4.583723998840389e-06
shfa_guided_budget,SHFA,1,S5,5,8000,5,5,3202,1227,0.0014372409732986212,0.007862643296807966,0.0005925432799862659,0.0005925432799862659,0.009299884270106588,1.1300513104604161e-05
shfa_guided_budget,SHFA,1,S5,5,8000,6,6,3202,1227,0.0042680763233160415,0.01544668850616627,0.0012981004473294508,0.0012981004473294508,0.019714764829482312,6.592764548680629e-05
shfa_guided_budget,SHFA,1,S5,5,8000,7,7,3202,1227,0.0013582381951317906,0.003911872504614656,0.0003346951733844064,0.00033469517338440637,0.005270110699746446,5.313254650253487e-06
shfa_guided_budget,SHFA,1,S5,5,8000,8,8,3202,1227,0.001156732343659354,0.0010849591738186378,0.00014136072721028043,0.00014136072721028043,0.0022416915174779915,1.2550073679059494e-06
shfa_guided_budget,SHFA,1,S5,5,8000,9,9,3202,1227,0.000940596348081949,0.0016123485499116921,0.00016107562528248472,0.00016107562528248472,0.002552944897993641,1.5165691578821637e-06
shfa_guided_budget,SHFA,1,S5,5,8000,10,a,3202,1227,0.0004197632179450619,0.0006625162982579546,6.792056973598634e-05,6.792056973598635e-05,0.0010822795162030165,2.7809997329780947e-07
shfa_guided_budget,SHFA,1,S5,5,8000,11,b,3202,1227,0.00041781253206439915,0.0015286570368289152,0.0001222930401230477,0.0001222930401230477,0.0019464695688933143,6.386920672155506e-07
shfa_guided_budget,SHFA,1,S5,5,8000,12,c,3202,1227,0.0010886534064242328,0.0011075425979838317,0.00013846798029755908,0.00013846798029755906,0.0021961960044080643,1.205730022055043e-06
shfa_guided_budget,SHFA,1,S5,5,8000,13,d,3202,1227,0.0009829262316923253,0.0061290333829504455,0.00045052186360219307,0.0004505218636021931,0.007111959614642771,6.024387687019946e-06
shfa_guided_budget,SHFA,1,S5,5,8000,14,e,3202,1227,0.0006883726637122877,0.004180216721165782,0.00030716438347412297,0.0003071643834741229,0.00486858938487807,2.877546919243535e-06
shfa_guided_budget,SHFA,1,S5,5,8000,15,f,3202,1227,0.0011949657869203393,0.0017412069113248564,0.00018559147632730717,0.0001855914763273072,0.002936172698245196,2.0806826869824404e-06
