pipeline,attack_type,key_id,guess_s0,guess_s5,joint_guess,joint_guess_hex,score_s0,score_s5,joint_8bit_score
shfa_random_raw,SHFA,0,0,0,0,00,2.80712489218604e-05,7.385389216818057e-05,0.00010192514109004097
shfa_random_raw,SHFA,0,0,1,1,01,2.80712489218604e-05,7.061839716589721e-05,9.868964608775761e-05
shfa_random_raw,SHFA,0,0,2,2,02,2.80712489218604e-05,3.801482685563064e-05,6.608607577749104e-05
shfa_random_raw,SHFA,0,0,3,3,03,2.80712489218604e-05,4.591846652348766e-05,7.398971544534807e-05
shfa_random_raw,SHFA,0,0,4,4,04,2.80712489218604e-05,6.721794352171562e-05,9.528919244357602e-05
shfa_random_raw,SHFA,0,0,5,5,05,2.80712489218604e-05,6.777207463283198e-05,9.584332355469238e-05
shfa_random_raw,SHFA,0,0,6,6,06,2.80712489218604e-05,6.127801338441183e-05,8.934926230627223e-05
shfa_random_raw,SHFA,0,0,7,7,07,2.80712489218604e-05,5.613518294190164e-05,8.420643186376204e-05
shfa_random_raw,SHFA,0,0,8,8,08,2.80712489218604e-05,7.922823386415339e-05,0.0001072994827860138
shfa_random_raw,SHFA,0,0,9,9,09,2.80712489218604e-05,7.956074927537868e-05,0.00010763199819723909
shfa_random_raw,SHFA,0,0,10,10,0a,2.80712489218604e-05,8.171287057164901e-05,0.00010978411949350941
shfa_random_raw,SHFA,0,0,11,11,0b,2.80712489218604e-05,8.026741432658195e-05,0.00010833866324844235
shfa_random_raw,SHFA,0,0,12,12,0c,2.80712489218604e-05,4.271109660482984e-05,7.078234552669024e-05
shfa_random_raw,SHFA,0,0,13,13,0d,2.80712489218604e-05,4.9068078244813256e-05,7.713932716667366e-05
shfa_random_raw,SHFA,0,0,14,14,0e,2.80712489218604e-05,6.128856959497978e-05,8.935981851684019e-05
shfa_random_raw,SHFA,0,0,15,15,0f,2.80712489218604e-05,7.352371632883187e-05,0.00010159496525069227
shfa_random_raw,SHFA,0,1,0,16,10,2.477919115369846e-05,7.385389216818057e-05,9.863308332187903e-05
shfa_random_raw,SHFA,0,1,1,17,11,2.477919115369846e-05,7.061839716589721e-05,9.539758831959567e-05
shfa_random_raw,SHFA,0,1,2,18,12,2.477919115369846e-05,3.801482685563064e-05,6.27940180093291e-05
shfa_random_raw,SHFA,0,1,3,19,13,2.477919115369846e-05,4.591846652348766e-05,7.069765767718611e-05
shfa_random_raw,SHFA,0,1,4,20,14,2.477919115369846e-05,6.721794352171562e-05,9.199713467541408e-05
shfa_random_raw,SHFA,0,1,5,21,15,2.477919115369846e-05,6.777207463283198e-05,9.255126578653044e-05
shfa_random_raw,SHFA,0,1,6,22,16,2.477919115369846e-05,6.127801338441183e-05,8.605720453811029e-05
shfa_random_raw,SHFA,0,1,7,23,17,2.477919115369846e-05,5.613518294190164e-05,8.09143740956001e-05
shfa_random_raw,SHFA,0,1,8,24,18,2.477919115369846e-05,7.922823386415339e-05,0.00010400742501785185
shfa_random_raw,SHFA,0,1,9,25,19,2.477919115369846e-05,7.956074927537868e-05,0.00010433994042907715
shfa_random_raw,SHFA,0,1,10,26,1a,2.477919115369846e-05,8.171287057164901e-05,0.00010649206172534747
shfa_random_raw,SHFA,0,1,11,27,1b,2.477919115369846e-05,8.026741432658195e-05,0.00010504660548028041
shfa_random_raw,SHFA,0,1,12,28,1c,2.477919115369846e-05,4.271109660482984e-05,6.74902877585283e-05
shfa_random_raw,SHFA,0,1,13,29,1d,2.477919115369846e-05,4.9068078244813256e-05,7.384726939851172e-05
shfa_random_raw,SHFA,0,1,14,30,1e,2.477919115369846e-05,6.128856959497978e-05,8.606776074867825e-05
shfa_random_raw,SHFA,0,1,15,31,1f,2.477919115369846e-05,7.352371632883187e-05,9.830290748253033e-05
shfa_random_raw,SHFA,0,2,0,32,20,3.517776797642095e-05,7.385389216818057e-05,0.00010903166014460152
shfa_random_raw,SHFA,0,2,1,33,21,3.517776797642095e-05,7.061839716589721e-05,0.00010579616514231816
shfa_random_raw,SHFA,0,2,2,34,22,3.517776797642095e-05,3.801482685563064e-05,7.319259483205159e-05
shfa_random_raw,SHFA,0,2,3,35,23,3.517776797642095e-05,4.591846652348766e-05,8.10962344999086e-05
shfa_random_raw,SHFA,0,2,4,36,24,3.517776797642095e-05,6.721794352171562e-05,0.00010239571149813657
shfa_random_raw,SHFA,0,2,5,37,25,3.517776797642095e-05,6.777207463283198e-05,0.00010294984260925293
shfa_random_raw,SHFA,0,2,6,38,26,3.517776797642095e-05,6.127801338441183e-05,9.645578136083278e-05
shfa_random_raw,SHFA,0,2,7,39,27,3.517776797642095e-05,5.613518294190164e-05,9.13129509183226e-05
shfa_random_raw,SHFA,0,2,8,40,28,3.517776797642095e-05,7.922823386415339e-05,0.00011440600184057434
shfa_random_raw,SHFA,0,2,9,41,29,3.517776797642095e-05,7.956074927537868e-05,0.00011473851725179963
shfa_random_raw,SHFA,0,2,10,42,2a,3.517776797642095e-05,8.171287057164901e-05,0.00011689063854806996
shfa_random_raw,SHFA,0,2,11,43,2b,3.517776797642095e-05,8.026741432658195e-05,0.0001154451823030029
shfa_random_raw,SHFA,0,2,12,44,2c,3.517776797642095e-05,4.271109660482984e-05,7.788886458125079e-05
shfa_random_raw,SHFA,0,2,13,45,2d,3.517776797642095e-05,4.9068078244813256e-05,8.42458462212342e-05
shfa_random_raw,SHFA,0,2,14,46,2e,3.517776797642095e-05,6.128856959497978e-05,9.646633757140073e-05
shfa_random_raw,SHFA,0,2,15,47,2f,3.517776797642095e-05,7.352371632883187e-05,0.00010870148430525282
shfa_random_raw,SHFA,0,3,0,48,30,3.7454699966239326e-05,7.385389216818057e-05,0.0001113085921344199
shfa_random_raw,SHFA,0,3,1,49,31,3.7454699966239326e-05,7.061839716589721e-05,0.00010807309713213654
shfa_random_raw,SHFA,0,3,2,50,32,3.7454699966239326e-05,3.801482685563064e-05,7.546952682186997e-05
shfa_random_raw,SHFA,0,3,3,51,33,3.7454699966239326e-05,4.591846652348766e-05,8.337316648972698e-05
shfa_random_raw,SHFA,0,3,4,52,34,3.7454699966239326e-05,6.721794352171562e-05,0.00010467264348795494
shfa_random_raw,SHFA,0,3,5,53,35,3.7454699966239326e-05,6.777207463283198e-05,0.00010522677459907131
shfa_random_raw,SHFA,0,3,6,54,36,3.7454699966239326e-05,6.127801338441183e-05,9.873271335065115e-05
shfa_random_raw,SHFA,0,3,7,55,37,3.7454699966239326e-05,5.613518294190164e-05,9.358988290814097e-05
shfa_random_raw,SHFA,0,3,8,56,38,3.7454699966239326e-05,7.922823386415339e-05,0.00011668293383039271
shfa_random_raw,SHFA,0,3,9,57,39,3.7454699966239326e-05,7.956074927537868e-05,0.00011701544924161802
shfa_random_raw,SHFA,0,3,10,58,3a,3.7454699966239326e-05,8.171287057164901e-05,0.00011916757053788833
shfa_random_raw,SHFA,0,3,11,59,3b,3.7454699966239326e-05,8.026741432658195e-05,0.00011772211429282128
shfa_random_raw,SHFA,0,3,12,60,3c,3.7454699966239326e-05,4.271109660482984e-05,8.016579657106916e-05
shfa_random_raw,SHFA,0,3,13,61,3d,3.7454699966239326e-05,4.9068078244813256e-05,8.652277821105257e-05
shfa_random_raw,SHFA,0,3,14,62,3e,3.7454699966239326e-05,6.128856959497978e-05,9.874326956121912e-05
shfa_random_raw,SHFA,0,3,15,63,3f,3.7454699966239326e-05,7.352371632883187e-05,0.00011097841629507119
shfa_random_raw,SHFA,0,4,0,64,40,5.63663051393903e-05,7.385389216818057e-05,0.00013022019730757087
shfa_random_raw,SHFA,0,4,1,65,41,5.63663051393903e-05,7.061839716589721e-05,0.0001269847023052875
shfa_random_raw,SHFA,0,4,2,66,42,5.63663051393903e-05,3.801482685563064e-05,9.438113199502094e-05
shfa_random_raw,SHFA,0,4,3,67,43,5.63663051393903e-05,4.591846652348766e-05,0.00010228477166287795
shfa_random_raw,SHFA,0,4,4,68,44,5.63663051393903e-05,6.721794352171562e-05,0.0001235842486611059
shfa_random_raw,SHFA,0,4,5,69,45,5.63663051393903e-05,6.777207463283198e-05,0.00012413837977222228
shfa_random_raw,SHFA,0,4,6,70,46,5.63663051393903e-05,6.127801338441183e-05,0.00011764431852380213
shfa_random_raw,SHFA,0,4,7,71,47,5.63663051393903e-05,5.613518294190164e-05,0.00011250148808129195
shfa_random_raw,SHFA,0,4,8,72,48,5.63663051393903e-05,7.922823386415339e-05,0.00013559453900354368
shfa_random_raw,SHFA,0,4,9,73,49,5.63663051393903e-05,7.956074927537868e-05,0.00013592705441476898
shfa_random_raw,SHFA,0,4,10,74,4a,5.63663051393903e-05,8.171287057164901e-05,0.0001380791757110393
shfa_random_raw,SHFA,0,4,11,75,4b,5.63663051393903e-05,8.026741432658195e-05,0.00013663371946597225
shfa_random_raw,SHFA,0,4,12,76,4c,5.63663051393903e-05,4.271109660482984e-05,9.907740174422014e-05
shfa_random_raw,SHFA,0,4,13,77,4d,5.63663051393903e-05,4.9068078244813256e-05,0.00010543438338420356
shfa_random_raw,SHFA,0,4,14,78,4e,5.63663051393903e-05,6.128856959497978e-05,0.00011765487473437008
shfa_random_raw,SHFA,0,4,15,79,4f,5.63663051393903e-05,7.352371632883187e-05,0.00012989002146822218
shfa_random_raw,SHFA,0,5,0,80,50,3.9934059309176034e-05,7.385389216818057e-05,0.0001137879514773566
shfa_random_raw,SHFA,0,5,1,81,51,3.9934059309176034e-05,7.061839716589721e-05,0.00011055245647507324
shfa_random_raw,SHFA,0,5,2,82,52,3.9934059309176034e-05,3.801482685563064e-05,7.794888616480668e-05
shfa_random_raw,SHFA,0,5,3,83,53,3.9934059309176034e-05,4.591846652348766e-05,8.585252583266368e-05
shfa_random_raw,SHFA,0,5,4,84,54,3.9934059309176034e-05,6.721794352171562e-05,0.00010715200283089166
shfa_random_raw,SHFA,0,5,5,85,55,3.9934059309176034e-05,6.777207463283198e-05,0.00010770613394200801
shfa_random_raw,SHFA,0,5,6,86,56,3.9934059309176034e-05,6.127801338441183e-05,0.00010121207269358786
shfa_random_raw,SHFA,0,5,7,87,57,3.9934059309176034e-05,5.613518294190164e-05,9.606924225107768e-05
shfa_random_raw,SHFA,0,5,8,88,58,3.9934059309176034e-05,7.922823386415339e-05,0.00011916229317332943
shfa_random_raw,SHFA,0,5,9,89,59,3.9934059309176034e-05,7.956074927537868e-05,0.00011949480858455472
shfa_random_raw,SHFA,0,5,10,90,5a,3.9934059309176034e-05,8.171287057164901e-05,0.00012164692988082504
shfa_random_raw,SHFA,0,5,11,91,5b,3.9934059309176034e-05,8.026741432658195e-05,0.00012020147363575798
shfa_random_raw,SHFA,0,5,12,92,5c,3.9934059309176034e-05,4.271109660482984e-05,8.264515591400587e-05
shfa_random_raw,SHFA,0,5,13,93,5d,3.9934059309176034e-05,4.9068078244813256e-05,8.900213755398929e-05
shfa_random_raw,SHFA,0,5,14,94,5e,3.9934059309176034e-05,6.128856959497978e-05,0.00010122262890415582
shfa_random_raw,SHFA,0,5,15,95,5f,3.9934059309176034e-05,7.352371632883187e-05,0.0001134577756380079
shfa_random_raw,SHFA,0,6,0,96,60,4.53101610043376e-05,7.385389216818057e-05,0.00011916405317251817
shfa_random_raw,SHFA,0,6,1,97,61,4.53101610043376e-05,7.061839716589721e-05,0.00011592855817023481
shfa_random_raw,SHFA,0,6,2,98,62,4.53101610043376e-05,3.801482685563064e-05,8.332498785996824e-05
shfa_random_raw,SHFA,0,6,3,99,63,4.53101610043376e-05,4.591846652348766e-05,9.122862752782525e-05
shfa_random_raw,SHFA,0,6,4,100,64,4.53101610043376e-05,6.721794352171562e-05,0.00011252810452605322
shfa_random_raw,SHFA,0,6,5,101,65,4.53101610043376e-05,6.777207463283198e-05,0.00011308223563716958
shfa_random_raw,SHFA,0,6,6,102,66,4.53101610043376e-05,6.127801338441183e-05,0.00010658817438874943
shfa_random_raw,SHFA,0,6,7,103,67,4.53101610043376e-05,5.613518294190164e-05,0.00010144534394623925
shfa_random_raw,SHFA,0,6,8,104,68,4.53101610043376e-05,7.922823386415339e-05,0.00012453839486849098
shfa_random_raw,SHFA,0,6,9,105,69,4.53101610043376e-05,7.956074927537868e-05,0.00012487091027971628
shfa_random_raw,SHFA,0,6,10,106,6a,4.53101610043376e-05,8.171287057164901e-05,0.0001270230315759866
shfa_random_raw,SHFA,0,6,11,107,6b,4.53101610043376e-05,8.026741432658195e-05,0.00012557757533091955
shfa_random_raw,SHFA,0,6,12,108,6c,4.53101610043376e-05,4.271109660482984e-05,8.802125760916744e-05
shfa_random_raw,SHFA,0,6,13,109,6d,4.53101610043376e-05,4.9068078244813256e-05,9.437823924915086e-05
shfa_random_raw,SHFA,0,6,14,110,6e,4.53101610043376e-05,6.128856959497978e-05,0.00010659873059931738
shfa_random_raw,SHFA,0,6,15,111,6f,4.53101610043376e-05,7.352371632883187e-05,0.00011883387733316947
shfa_random_raw,SHFA,0,7,0,112,70,5.4005307967968085e-05,7.385389216818057e-05,0.00012785920013614867
shfa_random_raw,SHFA,0,7,1,113,71,5.4005307967968085e-05,7.061839716589721e-05,0.00012462370513386528
shfa_random_raw,SHFA,0,7,2,114,72,5.4005307967968085e-05,3.801482685563064e-05,9.202013482359873e-05
shfa_random_raw,SHFA,0,7,3,115,73,5.4005307967968085e-05,4.591846652348766e-05,9.992377449145575e-05
shfa_random_raw,SHFA,0,7,4,116,74,5.4005307967968085e-05,6.721794352171562e-05,0.00012122325148968371
shfa_random_raw,SHFA,0,7,5,117,75,5.4005307967968085e-05,6.777207463283198e-05,0.00012177738260080006
shfa_random_raw,SHFA,0,7,6,118,76,5.4005307967968085e-05,6.127801338441183e-05,0.00011528332135237991
shfa_random_raw,SHFA,0,7,7,119,77,5.4005307967968085e-05,5.613518294190164e-05,0.00011014049090986972
shfa_random_raw,SHFA,0,7,8,120,78,5.4005307967968085e-05,7.922823386415339e-05,0.00013323354183212148
shfa_random_raw,SHFA,0,7,9,121,79,5.4005307967968085e-05,7.956074927537868e-05,0.00013356605724334678
shfa_random_raw,SHFA,0,7,10,122,7a,5.4005307967968085e-05,8.171287057164901e-05,0.0001357181785396171
shfa_random_raw,SHFA,0,7,11,123,7b,5.4005307967968085e-05,8.026741432658195e-05,0.00013427272229455002
shfa_random_raw,SHFA,0,7,12,124,7c,5.4005307967968085e-05,4.271109660482984e-05,9.671640457279792e-05
shfa_random_raw,SHFA,0,7,13,125,7d,5.4005307967968085e-05,4.9068078244813256e-05,0.00010307338621278134
shfa_random_raw,SHFA,0,7,14,126,7e,5.4005307967968085e-05,6.128856959497978e-05,0.00011529387756294787
shfa_random_raw,SHFA,0,7,15,127,7f,5.4005307967968085e-05,7.352371632883187e-05,0.00012752902429679996
shfa_random_raw,SHFA,0,8,0,128,80,4.1915564642246636e-05,7.385389216818057e-05,0.00011576945681042721
shfa_random_raw,SHFA,0,8,1,129,81,4.1915564642246636e-05,7.061839716589721e-05,0.00011253396180814385
shfa_random_raw,SHFA,0,8,2,130,82,4.1915564642246636e-05,3.801482685563064e-05,7.993039149787728e-05
shfa_random_raw,SHFA,0,8,3,131,83,4.1915564642246636e-05,4.591846652348766e-05,8.783403116573429e-05
shfa_random_raw,SHFA,0,8,4,132,84,4.1915564642246636e-05,6.721794352171562e-05,0.00010913350816396226
shfa_random_raw,SHFA,0,8,5,133,85,4.1915564642246636e-05,6.777207463283198e-05,0.00010968763927507862
shfa_random_raw,SHFA,0,8,6,134,86,4.1915564642246636e-05,6.127801338441183e-05,0.00010319357802665847
shfa_random_raw,SHFA,0,8,7,135,87,4.1915564642246636e-05,5.613518294190164e-05,9.805074758414828e-05
shfa_random_raw,SHFA,0,8,8,136,88,4.1915564642246636e-05,7.922823386415339e-05,0.00012114379850640003
shfa_random_raw,SHFA,0,8,9,137,89,4.1915564642246636e-05,7.956074927537868e-05,0.00012147631391762532
shfa_random_raw,SHFA,0,8,10,138,8a,4.1915564642246636e-05,8.171287057164901e-05,0.00012362843521389566
shfa_random_raw,SHFA,0,8,11,139,8b,4.1915564642246636e-05,8.026741432658195e-05,0.00012218297896882859
shfa_random_raw,SHFA,0,8,12,140,8c,4.1915564642246636e-05,4.271109660482984e-05,8.462666124707648e-05
shfa_random_raw,SHFA,0,8,13,141,8d,4.1915564642246636e-05,4.9068078244813256e-05,9.098364288705989e-05
shfa_random_raw,SHFA,0,8,14,142,8e,4.1915564642246636e-05,6.128856959497978e-05,0.00010320413423722642
shfa_random_raw,SHFA,0,8,15,143,8f,4.1915564642246636e-05,7.352371632883187e-05,0.0001154392809710785
shfa_random_raw,SHFA,0,9,0,144,90,5.374719783051411e-05,7.385389216818057e-05,0.00012760108999869467
shfa_random_raw,SHFA,0,9,1,145,91,5.374719783051411e-05,7.061839716589721e-05,0.00012436559499641133
shfa_random_raw,SHFA,0,9,2,146,92,5.374719783051411e-05,3.801482685563064e-05,9.176202468614475e-05
shfa_random_raw,SHFA,0,9,3,147,93,5.374719783051411e-05,4.591846652348766e-05,9.966566435400177e-05
shfa_random_raw,SHFA,0,9,4,148,94,5.374719783051411e-05,6.721794352171562e-05,0.00012096514135222973
shfa_random_raw,SHFA,0,9,5,149,95,5.374719783051411e-05,6.777207463283198e-05,0.00012151927246334609
shfa_random_raw,SHFA,0,9,6,150,96,5.374719783051411e-05,6.127801338441183e-05,0.00011502521121492594
shfa_random_raw,SHFA,0,9,7,151,97,5.374719783051411e-05,5.613518294190164e-05,0.00010988238077241574
shfa_random_raw,SHFA,0,9,8,152,98,5.374719783051411e-05,7.922823386415339e-05,0.0001329754316946675
shfa_random_raw,SHFA,0,9,9,153,99,5.374719783051411e-05,7.956074927537868e-05,0.00013330794710589278
shfa_random_raw,SHFA,0,9,10,154,9a,5.374719783051411e-05,8.171287057164901e-05,0.00013546006840216312
shfa_random_raw,SHFA,0,9,11,155,9b,5.374719783051411e-05,8.026741432658195e-05,0.00013401461215709607
shfa_random_raw,SHFA,0,9,12,156,9c,5.374719783051411e-05,4.271109660482984e-05,9.645829443534395e-05
shfa_random_raw,SHFA,0,9,13,157,9d,5.374719783051411e-05,4.9068078244813256e-05,0.00010281527607532736
shfa_random_raw,SHFA,0,9,14,158,9e,5.374719783051411e-05,6.128856959497978e-05,0.00011503576742549389
shfa_random_raw,SHFA,0,9,15,159,9f,5.374719783051411e-05,7.352371632883187e-05,0.00012727091415934598
shfa_random_raw,SHFA,0,10,0,160,a0,5.3939113795170064e-05,7.385389216818057e-05,0.00012779300596335065
shfa_random_raw,SHFA,0,10,1,161,a1,5.3939113795170064e-05,7.061839716589721e-05,0.00012455751096106726
shfa_random_raw,SHFA,0,10,2,162,a2,5.3939113795170064e-05,3.801482685563064e-05,9.19539406508007e-05
shfa_random_raw,SHFA,0,10,3,163,a3,5.3939113795170064e-05,4.591846652348766e-05,9.985758031865773e-05
shfa_random_raw,SHFA,0,10,4,164,a4,5.3939113795170064e-05,6.721794352171562e-05,0.00012115705731688569
shfa_random_raw,SHFA,0,10,5,165,a5,5.3939113795170064e-05,6.777207463283198e-05,0.00012171118842800204
shfa_random_raw,SHFA,0,10,6,166,a6,5.3939113795170064e-05,6.127801338441183e-05,0.0001152171271795819
shfa_random_raw,SHFA,0,10,7,167,a7,5.3939113795170064e-05,5.613518294190164e-05,0.0001100742967370717
shfa_random_raw,SHFA,0,10,8,168,a8,5.3939113795170064e-05,7.922823386415339e-05,0.00013316734765932346
shfa_random_raw,SHFA,0,10,9,169,a9,5.3939113795170064e-05,7.956074927537868e-05,0.00013349986307054876
shfa_random_raw,SHFA,0,10,10,170,aa,5.3939113795170064e-05,8.171287057164901e-05,0.00013565198436681907
shfa_random_raw,SHFA,0,10,11,171,ab,5.3939113795170064e-05,8.026741432658195e-05,0.000134206528121752
shfa_random_raw,SHFA,0,10,12,172,ac,5.3939113795170064e-05,4.271109660482984e-05,9.66502103999999e-05
shfa_random_raw,SHFA,0,10,13,173,ad,5.3939113795170064e-05,4.9068078244813256e-05,0.00010300719203998332
shfa_random_raw,SHFA,0,10,14,174,ae,5.3939113795170064e-05,6.128856959497978e-05,0.00011522768339014985
shfa_random_raw,SHFA,0,10,15,175,af,5.3939113795170064e-05,7.352371632883187e-05,0.00012746283012400193
shfa_random_raw,SHFA,0,11,0,176,b0,4.314072606547362e-05,7.385389216818057e-05,0.0001169946182336542
shfa_random_raw,SHFA,0,11,1,177,b1,4.314072606547362e-05,7.061839716589721e-05,0.00011375912323137083
shfa_random_raw,SHFA,0,11,2,178,b2,4.314072606547362e-05,3.801482685563064e-05,8.115555292110427e-05
shfa_random_raw,SHFA,0,11,3,179,b3,4.314072606547362e-05,4.591846652348766e-05,8.905919258896127e-05
shfa_random_raw,SHFA,0,11,4,180,b4,4.314072606547362e-05,6.721794352171562e-05,0.00011035866958718923
shfa_random_raw,SHFA,0,11,5,181,b5,4.314072606547362e-05,6.777207463283198e-05,0.0001109128006983056
shfa_random_raw,SHFA,0,11,6,182,b6,4.314072606547362e-05,6.127801338441183e-05,0.00010441873944988544
shfa_random_raw,SHFA,0,11,7,183,b7,4.314072606547362e-05,5.613518294190164e-05,9.927590900737526e-05
shfa_random_raw,SHFA,0,11,8,184,b8,4.314072606547362e-05,7.922823386415339e-05,0.000122368959929627
shfa_random_raw,SHFA,0,11,9,185,b9,4.314072606547362e-05,7.956074927537868e-05,0.0001227014753408523
shfa_random_raw,SHFA,0,11,10,186,ba,4.314072606547362e-05,8.171287057164901e-05,0.00012485359663712262
shfa_random_raw,SHFA,0,11,11,187,bb,4.314072606547362e-05,8.026741432658195e-05,0.00012340814039205557
shfa_random_raw,SHFA,0,11,12,188,bc,4.314072606547362e-05,4.271109660482984e-05,8.585182267030345e-05
shfa_random_raw,SHFA,0,11,13,189,bd,4.314072606547362e-05,4.9068078244813256e-05,9.220880431028687e-05
shfa_random_raw,SHFA,0,11,14,190,be,4.314072606547362e-05,6.128856959497978e-05,0.00010442929566045341
shfa_random_raw,SHFA,0,11,15,191,bf,4.314072606547362e-05,7.352371632883187e-05,0.00011666444239430548
shfa_random_raw,SHFA,0,12,0,192,c0,6.812950120853802e-05,7.385389216818057e-05,0.0001419833933767186
shfa_random_raw,SHFA,0,12,1,193,c1,6.812950120853802e-05,7.061839716589721e-05,0.00013874789837443522
shfa_random_raw,SHFA,0,12,2,194,c2,6.812950120853802e-05,3.801482685563064e-05,0.00010614432806416866
shfa_random_raw,SHFA,0,12,3,195,c3,6.812950120853802e-05,4.591846652348766e-05,0.00011404796773202569
shfa_random_raw,SHFA,0,12,4,196,c4,6.812950120853802e-05,6.721794352171562e-05,0.00013534744473025364
shfa_random_raw,SHFA,0,12,5,197,c5,6.812950120853802e-05,6.777207463283198e-05,0.00013590157584137
shfa_random_raw,SHFA,0,12,6,198,c6,6.812950120853802e-05,6.127801338441183e-05,0.00012940751459294985
shfa_random_raw,SHFA,0,12,7,199,c7,6.812950120853802e-05,5.613518294190164e-05,0.00012426468415043966
shfa_random_raw,SHFA,0,12,8,200,c8,6.812950120853802e-05,7.922823386415339e-05,0.00014735773507269141
shfa_random_raw,SHFA,0,12,9,201,c9,6.812950120853802e-05,7.956074927537868e-05,0.00014769025048391672
shfa_random_raw,SHFA,0,12,10,202,ca,6.812950120853802e-05,8.171287057164901e-05,0.00014984237178018703
shfa_random_raw,SHFA,0,12,11,203,cb,6.812950120853802e-05,8.026741432658195e-05,0.00014839691553511996
shfa_random_raw,SHFA,0,12,12,204,cc,6.812950120853802e-05,4.271109660482984e-05,0.00011084059781336786
shfa_random_raw,SHFA,0,12,13,205,cd,6.812950120853802e-05,4.9068078244813256e-05,0.00011719757945335128
shfa_random_raw,SHFA,0,12,14,206,ce,6.812950120853802e-05,6.128856959497978e-05,0.0001294180708035178
shfa_random_raw,SHFA,0,12,15,207,cf,6.812950120853802e-05,7.352371632883187e-05,0.0001416532175373699
shfa_random_raw,SHFA,0,13,0,208,d0,4.1612327970975784e-05,7.385389216818057e-05,0.00011546622013915636
shfa_random_raw,SHFA,0,13,1,209,d1,4.1612327970975784e-05,7.061839716589721e-05,0.000112230725136873
shfa_random_raw,SHFA,0,13,2,210,d2,4.1612327970975784e-05,3.801482685563064e-05,7.962715482660643e-05
shfa_random_raw,SHFA,0,13,3,211,d3,4.1612327970975784e-05,4.591846652348766e-05,8.753079449446343e-05
shfa_random_raw,SHFA,0,13,4,212,d4,4.1612327970975784e-05,6.721794352171562e-05,0.0001088302714926914
shfa_random_raw,SHFA,0,13,5,213,d5,4.1612327970975784e-05,6.777207463283198e-05,0.00010938440260380776
shfa_random_raw,SHFA,0,13,6,214,d6,4.1612327970975784e-05,6.127801338441183e-05,0.00010289034135538761
shfa_random_raw,SHFA,0,13,7,215,d7,4.1612327970975784e-05,5.613518294190164e-05,9.774751091287743e-05
shfa_random_raw,SHFA,0,13,8,216,d8,4.1612327970975784e-05,7.922823386415339e-05,0.00012084056183512918
shfa_random_raw,SHFA,0,13,9,217,d9,4.1612327970975784e-05,7.956074927537868e-05,0.00012117307724635447
shfa_random_raw,SHFA,0,13,10,218,da,4.1612327970975784e-05,8.171287057164901e-05,0.0001233251985426248
shfa_random_raw,SHFA,0,13,11,219,db,4.1612327970975784e-05,8.026741432658195e-05,0.00012187974229755773
shfa_random_raw,SHFA,0,13,12,220,dc,4.1612327970975784e-05,4.271109660482984e-05,8.432342457580562e-05
shfa_random_raw,SHFA,0,13,13,221,dd,4.1612327970975784e-05,4.9068078244813256e-05,9.068040621578904e-05
shfa_random_raw,SHFA,0,13,14,222,de,4.1612327970975784e-05,6.128856959497978e-05,0.00010290089756595557
shfa_random_raw,SHFA,0,13,15,223,df,4.1612327970975784e-05,7.352371632883187e-05,0.00011513604429980765
shfa_random_raw,SHFA,0,14,0,224,e0,3.949944718364413e-05,7.385389216818057e-05,0.0001133533393518247
shfa_random_raw,SHFA,0,14,1,225,e1,3.949944718364413e-05,7.061839716589721e-05,0.00011011784434954134
shfa_random_raw,SHFA,0,14,2,226,e2,3.949944718364413e-05,3.801482685563064e-05,7.751427403927477e-05
shfa_random_raw,SHFA,0,14,3,227,e3,3.949944718364413e-05,4.591846652348766e-05,8.541791370713178e-05
shfa_random_raw,SHFA,0,14,4,228,e4,3.949944718364413e-05,6.721794352171562e-05,0.00010671739070535975
shfa_random_raw,SHFA,0,14,5,229,e5,3.949944718364413e-05,6.777207463283198e-05,0.00010727152181647611
shfa_random_raw,SHFA,0,14,6,230,e6,3.949944718364413e-05,6.127801338441183e-05,0.00010077746056805596
shfa_random_raw,SHFA,0,14,7,231,e7,3.949944718364413e-05,5.613518294190164e-05,9.563463012554578e-05
shfa_random_raw,SHFA,0,14,8,232,e8,3.949944718364413e-05,7.922823386415339e-05,0.00011872768104779752
shfa_random_raw,SHFA,0,14,9,233,e9,3.949944718364413e-05,7.956074927537868e-05,0.00011906019645902281
shfa_random_raw,SHFA,0,14,10,234,ea,3.949944718364413e-05,8.171287057164901e-05,0.00012121231775529314
shfa_random_raw,SHFA,0,14,11,235,eb,3.949944718364413e-05,8.026741432658195e-05,0.00011976686151022608
shfa_random_raw,SHFA,0,14,12,236,ec,3.949944718364413e-05,4.271109660482984e-05,8.221054378847397e-05
shfa_random_raw,SHFA,0,14,13,237,ed,3.949944718364413e-05,4.9068078244813256e-05,8.856752542845738e-05
shfa_random_raw,SHFA,0,14,14,238,ee,3.949944718364413e-05,6.128856959497978e-05,0.00010078801677862391
shfa_random_raw,SHFA,0,14,15,239,ef,3.949944718364413e-05,7.352371632883187e-05,0.000113023163512476
shfa_random_raw,SHFA,0,15,0,240,f0,7.185842980243851e-05,7.385389216818057e-05,0.0001457123219706191
shfa_random_raw,SHFA,0,15,1,241,f1,7.185842980243851e-05,7.061839716589721e-05,0.0001424768269683357
shfa_random_raw,SHFA,0,15,2,242,f2,7.185842980243851e-05,3.801482685563064e-05,0.00010987325665806916
shfa_random_raw,SHFA,0,15,3,243,f3,7.185842980243851e-05,4.591846652348766e-05,0.00011777689632592618
shfa_random_raw,SHFA,0,15,4,244,f4,7.185842980243851e-05,6.721794352171562e-05,0.00013907637332415414
shfa_random_raw,SHFA,0,15,5,245,f5,7.185842980243851e-05,6.777207463283198e-05,0.00013963050443527048
shfa_random_raw,SHFA,0,15,6,246,f6,7.185842980243851e-05,6.127801338441183e-05,0.00013313644318685034
shfa_random_raw,SHFA,0,15,7,247,f7,7.185842980243851e-05,5.613518294190164e-05,0.00012799361274434015
shfa_random_raw,SHFA,0,15,8,248,f8,7.185842980243851e-05,7.922823386415339e-05,0.0001510866636665919
shfa_random_raw,SHFA,0,15,9,249,f9,7.185842980243851e-05,7.956074927537868e-05,0.0001514191790778172
shfa_random_raw,SHFA,0,15,10,250,fa,7.185842980243851e-05,8.171287057164901e-05,0.00015357130037408753
shfa_random_raw,SHFA,0,15,11,251,fb,7.185842980243851e-05,8.026741432658195e-05,0.00015212584412902045
shfa_random_raw,SHFA,0,15,12,252,fc,7.185842980243851e-05,4.271109660482984e-05,0.00011456952640726835
shfa_random_raw,SHFA,0,15,13,253,fd,7.185842980243851e-05,4.9068078244813256e-05,0.00012092650804725177
shfa_random_raw,SHFA,0,15,14,254,fe,7.185842980243851e-05,6.128856959497978e-05,0.00013314699939741829
shfa_random_raw,SHFA,0,15,15,255,ff,7.185842980243851e-05,7.352371632883187e-05,0.00014538214613127039
shfa_random_raw,SHFA,1,0,0,0,00,4.227739226463627e-05,6.27678180263479e-05,0.00010504521029098418
shfa_random_raw,SHFA,1,0,1,1,01,4.227739226463627e-05,5.54841253939561e-05,9.776151765859237e-05
shfa_random_raw,SHFA,1,0,2,2,02,4.227739226463627e-05,3.884689951511177e-05,8.112429177974803e-05
shfa_random_raw,SHFA,1,0,3,3,03,4.227739226463627e-05,4.748549642221525e-05,8.976288868685152e-05
shfa_random_raw,SHFA,1,0,4,4,04,4.227739226463627e-05,6.873669555735755e-05,0.00011101408782199381
shfa_random_raw,SHFA,1,0,5,5,05,4.227739226463627e-05,0.00011167443060722078,0.00015395182287185704
shfa_random_raw,SHFA,1,0,6,6,06,4.227739226463627e-05,8.482698875030557e-05,0.00012710438101494183
shfa_random_raw,SHFA,1,0,7,7,07,4.227739226463627e-05,8.115295984118082e-05,0.00012343035210581708
shfa_random_raw,SHFA,1,0,8,8,08,4.227739226463627e-05,3.084164445949664e-05,7.31190367241329e-05
shfa_random_raw,SHFA,1,0,9,9,09,4.227739226463627e-05,5.616006149465331e-05,9.843745375928958e-05
shfa_random_raw,SHFA,1,0,10,10,0a,4.227739226463627e-05,3.3588907397414197e-05,7.586629966205047e-05
shfa_random_raw,SHFA,1,0,11,11,0b,4.227739226463627e-05,4.327025038522526e-05,8.554764264986152e-05
shfa_random_raw,SHFA,1,0,12,12,0c,4.227739226463627e-05,5.715872130217584e-05,9.943611356681211e-05
shfa_random_raw,SHFA,1,0,13,13,0d,4.227739226463627e-05,5.772699714822646e-05,0.00010000438941286273
shfa_random_raw,SHFA,1,0,14,14,0e,4.227739226463627e-05,5.862445982250261e-05,0.00010090185208713889
shfa_random_raw,SHFA,1,0,15,15,0f,4.227739226463627e-05,5.081924761168791e-05,9.309663987632419e-05
shfa_random_raw,SHFA,1,1,0,16,10,3.588463056872456e-05,6.27678180263479e-05,9.865244859507246e-05
shfa_random_raw,SHFA,1,1,1,17,11,3.588463056872456e-05,5.54841253939561e-05,9.136875596268066e-05
shfa_random_raw,SHFA,1,1,2,18,12,3.588463056872456e-05,3.884689951511177e-05,7.473153008383634e-05
shfa_random_raw,SHFA,1,1,3,19,13,3.588463056872456e-05,4.748549642221525e-05,8.33701269909398e-05
shfa_random_raw,SHFA,1,1,4,20,14,3.588463056872456e-05,6.873669555735755e-05,0.00010462132612608211
shfa_random_raw,SHFA,1,1,5,21,15,3.588463056872456e-05,0.00011167443060722078,0.00014755906117594535
shfa_random_raw,SHFA,1,1,6,22,16,3.588463056872456e-05,8.482698875030557e-05,0.00012071161931903013
shfa_random_raw,SHFA,1,1,7,23,17,3.588463056872456e-05,8.115295984118082e-05,0.00011703759040990538
shfa_random_raw,SHFA,1,1,8,24,18,3.588463056872456e-05,3.084164445949664e-05,6.67262750282212e-05
shfa_random_raw,SHFA,1,1,9,25,19,3.588463056872456e-05,5.616006149465331e-05,9.204469206337787e-05
shfa_random_raw,SHFA,1,1,10,26,1a,3.588463056872456e-05,3.3588907397414197e-05,6.947353796613875e-05
shfa_random_raw,SHFA,1,1,11,27,1b,3.588463056872456e-05,4.327025038522526e-05,7.915488095394983e-05
shfa_random_raw,SHFA,1,1,12,28,1c,3.588463056872456e-05,5.715872130217584e-05,9.30433518709004e-05
shfa_random_raw,SHFA,1,1,13,29,1d,3.588463056872456e-05,5.772699714822646e-05,9.361162771695102e-05
shfa_random_raw,SHFA,1,1,14,30,1e,3.588463056872456e-05,5.862445982250261e-05,9.450909039122716e-05
shfa_random_raw,SHFA,1,1,15,31,1f,3.588463056872456e-05,5.081924761168791e-05,8.670387818041246e-05
shfa_random_raw,SHFA,1,2,0,32,20,4.157480577164096e-05,6.27678180263479e-05,0.00010434262379798886
shfa_random_raw,SHFA,1,2,1,33,21,4.157480577164096e-05,5.54841253939561e-05,9.705893116559707e-05
shfa_random_raw,SHFA,1,2,2,34,22,4.157480577164096e-05,3.884689951511177e-05,8.042170528675273e-05
shfa_random_raw,SHFA,1,2,3,35,23,4.157480577164096e-05,4.748549642221525e-05,8.90603021938562e-05
shfa_random_raw,SHFA,1,2,4,36,24,4.157480577164096e-05,6.873669555735755e-05,0.0001103115013289985
shfa_random_raw,SHFA,1,2,5,37,25,4.157480577164096e-05,0.00011167443060722078,0.00015324923637886174
shfa_random_raw,SHFA,1,2,6,38,26,4.157480577164096e-05,8.482698875030557e-05,0.00012640179452194652
shfa_random_raw,SHFA,1,2,7,39,27,4.157480577164096e-05,8.115295984118082e-05,0.00012272776561282178
shfa_random_raw,SHFA,1,2,8,40,28,4.157480577164096e-05,3.084164445949664e-05,7.241645023113759e-05
shfa_random_raw,SHFA,1,2,9,41,29,4.157480577164096e-05,5.616006149465331e-05,9.773486726629427e-05
shfa_random_raw,SHFA,1,2,10,42,2a,4.157480577164096e-05,3.3588907397414197e-05,7.516371316905515e-05
shfa_random_raw,SHFA,1,2,11,43,2b,4.157480577164096e-05,4.327025038522526e-05,8.484505615686622e-05
shfa_random_raw,SHFA,1,2,12,44,2c,4.157480577164096e-05,5.715872130217584e-05,9.87335270738168e-05
shfa_random_raw,SHFA,1,2,13,45,2d,4.157480577164096e-05,5.772699714822646e-05,9.930180291986741e-05
shfa_random_raw,SHFA,1,2,14,46,2e,4.157480577164096e-05,5.862445982250261e-05,0.00010019926559414357
shfa_random_raw,SHFA,1,2,15,47,2f,4.157480577164096e-05,5.081924761168791e-05,9.239405338332887e-05
shfa_random_raw,SHFA,1,3,0,48,30,4.219126565296916e-05,6.27678180263479e-05,0.00010495908367931707
shfa_random_raw,SHFA,1,3,1,49,31,4.219126565296916e-05,5.54841253939561e-05,9.767539104692526e-05
shfa_random_raw,SHFA,1,3,2,50,32,4.219126565296916e-05,3.884689951511177e-05,8.103816516808093e-05
shfa_random_raw,SHFA,1,3,3,51,33,4.219126565296916e-05,4.748549642221525e-05,8.967676207518441e-05
shfa_random_raw,SHFA,1,3,4,52,34,4.219126565296916e-05,6.873669555735755e-05,0.00011092796121032671
shfa_random_raw,SHFA,1,3,5,53,35,4.219126565296916e-05,0.00011167443060722078,0.00015386569626018996
shfa_random_raw,SHFA,1,3,6,54,36,4.219126565296916e-05,8.482698875030557e-05,0.00012701825440327471
shfa_random_raw,SHFA,1,3,7,55,37,4.219126565296916e-05,8.115295984118082e-05,0.00012334422549415
shfa_random_raw,SHFA,1,3,8,56,38,4.219126565296916e-05,3.084164445949664e-05,7.30329101124658e-05
shfa_random_raw,SHFA,1,3,9,57,39,4.219126565296916e-05,5.616006149465331e-05,9.835132714762246e-05
shfa_random_raw,SHFA,1,3,10,58,3a,4.219126565296916e-05,3.3588907397414197e-05,7.578017305038336e-05
shfa_random_raw,SHFA,1,3,11,59,3b,4.219126565296916e-05,4.327025038522526e-05,8.546151603819442e-05
shfa_random_raw,SHFA,1,3,12,60,3c,4.219126565296916e-05,5.715872130217584e-05,9.934998695514501e-05
shfa_random_raw,SHFA,1,3,13,61,3d,4.219126565296916e-05,5.772699714822646e-05,9.991826280119563e-05
shfa_random_raw,SHFA,1,3,14,62,3e,4.219126565296916e-05,5.862445982250261e-05,0.00010081572547547177
shfa_random_raw,SHFA,1,3,15,63,3f,4.219126565296916e-05,5.081924761168791e-05,9.301051326465707e-05
shfa_random_raw,SHFA,1,4,0,64,40,4.254794348536707e-05,6.27678180263479e-05,0.00010531576151171496
shfa_random_raw,SHFA,1,4,1,65,41,4.254794348536707e-05,5.54841253939561e-05,9.803206887932317e-05
shfa_random_raw,SHFA,1,4,2,66,42,4.254794348536707e-05,3.884689951511177e-05,8.139484300047884e-05
shfa_random_raw,SHFA,1,4,3,67,43,4.254794348536707e-05,4.748549642221525e-05,9.003343990758231e-05
shfa_random_raw,SHFA,1,4,4,68,44,4.254794348536707e-05,6.873669555735755e-05,0.00011128463904272462
shfa_random_raw,SHFA,1,4,5,69,45,4.254794348536707e-05,0.00011167443060722078,0.00015422237409258785
shfa_random_raw,SHFA,1,4,6,70,46,4.254794348536707e-05,8.482698875030557e-05,0.00012737493223567264
shfa_random_raw,SHFA,1,4,7,71,47,4.254794348536707e-05,8.115295984118082e-05,0.0001237009033265479
shfa_random_raw,SHFA,1,4,8,72,48,4.254794348536707e-05,3.084164445949664e-05,7.33895879448637e-05
shfa_random_raw,SHFA,1,4,9,73,49,4.254794348536707e-05,5.616006149465331e-05,9.870800498002037e-05
shfa_random_raw,SHFA,1,4,10,74,4a,4.254794348536707e-05,3.3588907397414197e-05,7.613685088278126e-05
shfa_random_raw,SHFA,1,4,11,75,4b,4.254794348536707e-05,4.327025038522526e-05,8.581819387059233e-05
shfa_random_raw,SHFA,1,4,12,76,4c,4.254794348536707e-05,5.715872130217584e-05,9.970666478754291e-05
shfa_random_raw,SHFA,1,4,13,77,4d,4.254794348536707e-05,5.772699714822646e-05,0.00010027494063359353
shfa_random_raw,SHFA,1,4,14,78,4e,4.254794348536707e-05,5.862445982250261e-05,0.00010117240330786967
shfa_random_raw,SHFA,1,4,15,79,4f,4.254794348536707e-05,5.081924761168791e-05,9.336719109705497e-05
shfa_random_raw,SHFA,1,5,0,80,50,7.484452731605031e-05,6.27678180263479e-05,0.00013761234534239822
shfa_random_raw,SHFA,1,5,1,81,51,7.484452731605031e-05,5.54841253939561e-05,0.0001303286527100064
shfa_random_raw,SHFA,1,5,2,82,52,7.484452731605031e-05,3.884689951511177e-05,0.00011369142683116208
shfa_random_raw,SHFA,1,5,3,83,53,7.484452731605031e-05,4.748549642221525e-05,0.00012233002373826556
shfa_random_raw,SHFA,1,5,4,84,54,7.484452731605031e-05,6.873669555735755e-05,0.00014358122287340787
shfa_random_raw,SHFA,1,5,5,85,55,7.484452731605031e-05,0.00011167443060722078,0.00018651895792327108
shfa_random_raw,SHFA,1,5,6,86,56,7.484452731605031e-05,8.482698875030557e-05,0.0001596715160663559
shfa_random_raw,SHFA,1,5,7,87,57,7.484452731605031e-05,8.115295984118082e-05,0.00015599748715723112
shfa_random_raw,SHFA,1,5,8,88,58,7.484452731605031e-05,3.084164445949664e-05,0.00010568617177554696
shfa_random_raw,SHFA,1,5,9,89,59,7.484452731605031e-05,5.616006149465331e-05,0.0001310045888107036
shfa_random_raw,SHFA,1,5,10,90,5a,7.484452731605031e-05,3.3588907397414197e-05,0.00010843343471346451
shfa_random_raw,SHFA,1,5,11,91,5b,7.484452731605031e-05,4.327025038522526e-05,0.00011811477770127557
shfa_random_raw,SHFA,1,5,12,92,5c,7.484452731605031e-05,5.715872130217584e-05,0.00013200324861822616
shfa_random_raw,SHFA,1,5,13,93,5d,7.484452731605031e-05,5.772699714822646e-05,0.00013257152446427678
shfa_random_raw,SHFA,1,5,14,94,5e,7.484452731605031e-05,5.862445982250261e-05,0.00013346898713855292
shfa_random_raw,SHFA,1,5,15,95,5f,7.484452731605031e-05,5.081924761168791e-05,0.00012566377492773822
shfa_random_raw,SHFA,1,6,0,96,60,4.851629038248262e-05,6.27678180263479e-05,0.00011128410840883052
shfa_random_raw,SHFA,1,6,1,97,61,4.851629038248262e-05,5.54841253939561e-05,0.00010400041577643873
shfa_random_raw,SHFA,1,6,2,98,62,4.851629038248262e-05,3.884689951511177e-05,8.736318989759439e-05
shfa_random_raw,SHFA,1,6,3,99,63,4.851629038248262e-05,4.748549642221525e-05,9.600178680469787e-05
shfa_random_raw,SHFA,1,6,4,100,64,4.851629038248262e-05,6.873669555735755e-05,0.00011725298593984017
shfa_random_raw,SHFA,1,6,5,101,65,4.851629038248262e-05,0.00011167443060722078,0.0001601907209897034
shfa_random_raw,SHFA,1,6,6,102,66,4.851629038248262e-05,8.482698875030557e-05,0.0001333432791327882
shfa_random_raw,SHFA,1,6,7,103,67,4.851629038248262e-05,8.115295984118082e-05,0.00012966925022366344
shfa_random_raw,SHFA,1,6,8,104,68,4.851629038248262e-05,3.084164445949664e-05,7.935793484197925e-05
shfa_random_raw,SHFA,1,6,9,105,69,4.851629038248262e-05,5.616006149465331e-05,0.00010467635187713593
shfa_random_raw,SHFA,1,6,10,106,6a,4.851629038248262e-05,3.3588907397414197e-05,8.210519777989682e-05
shfa_random_raw,SHFA,1,6,11,107,6b,4.851629038248262e-05,4.327025038522526e-05,9.178654076770788e-05
shfa_random_raw,SHFA,1,6,12,108,6c,4.851629038248262e-05,5.715872130217584e-05,0.00010567501168465846
shfa_random_raw,SHFA,1,6,13,109,6d,4.851629038248262e-05,5.772699714822646e-05,0.00010624328753070907
shfa_random_raw,SHFA,1,6,14,110,6e,4.851629038248262e-05,5.862445982250261e-05,0.00010714075020498523
shfa_random_raw,SHFA,1,6,15,111,6f,4.851629038248262e-05,5.081924761168791e-05,9.933553799417053e-05
shfa_random_raw,SHFA,1,7,0,112,70,4.6563763985479387e-05,6.27678180263479e-05,0.0001093315820118273
shfa_random_raw,SHFA,1,7,1,113,71,4.6563763985479387e-05,5.54841253939561e-05,0.00010204788937943549
shfa_random_raw,SHFA,1,7,2,114,72,4.6563763985479387e-05,3.884689951511177e-05,8.541066350059115e-05
shfa_random_raw,SHFA,1,7,3,115,73,4.6563763985479387e-05,4.748549642221525e-05,9.404926040769464e-05
shfa_random_raw,SHFA,1,7,4,116,74,4.6563763985479387e-05,6.873669555735755e-05,0.00011530045954283693
shfa_random_raw,SHFA,1,7,5,117,75,4.6563763985479387e-05,0.00011167443060722078,0.00015823819459270016
shfa_random_raw,SHFA,1,7,6,118,76,4.6563763985479387e-05,8.482698875030557e-05,0.00013139075273578495
shfa_random_raw,SHFA,1,7,7,119,77,4.6563763985479387e-05,8.115295984118082e-05,0.0001277167238266602
shfa_random_raw,SHFA,1,7,8,120,78,4.6563763985479387e-05,3.084164445949664e-05,7.740540844497602e-05
shfa_random_raw,SHFA,1,7,9,121,79,4.6563763985479387e-05,5.616006149465331e-05,0.0001027238254801327
shfa_random_raw,SHFA,1,7,10,122,7a,4.6563763985479387e-05,3.3588907397414197e-05,8.015267138289359e-05
shfa_random_raw,SHFA,1,7,11,123,7b,4.6563763985479387e-05,4.327025038522526e-05,8.983401437070464e-05
shfa_random_raw,SHFA,1,7,12,124,7c,4.6563763985479387e-05,5.715872130217584e-05,0.00010372248528765523
shfa_random_raw,SHFA,1,7,13,125,7d,4.6563763985479387e-05,5.772699714822646e-05,0.00010429076113370585
shfa_random_raw,SHFA,1,7,14,126,7e,4.6563763985479387e-05,5.862445982250261e-05,0.000105188223807982
shfa_random_raw,SHFA,1,7,15,127,7f,4.6563763985479387e-05,5.081924761168791e-05,9.73830115971673e-05
shfa_random_raw,SHFA,1,8,0,128,80,3.1168837498832455e-05,6.27678180263479e-05,9.393665552518036e-05
shfa_random_raw,SHFA,1,8,1,129,81,3.1168837498832455e-05,5.54841253939561e-05,8.665296289278856e-05
shfa_random_raw,SHFA,1,8,2,130,82,3.1168837498832455e-05,3.884689951511177e-05,7.001573701394422e-05
shfa_random_raw,SHFA,1,8,3,131,83,3.1168837498832455e-05,4.748549642221525e-05,7.865433392104771e-05
shfa_random_raw,SHFA,1,8,4,132,84,3.1168837498832455e-05,6.873669555735755e-05,9.990553305619e-05
shfa_random_raw,SHFA,1,8,5,133,85,3.1168837498832455e-05,0.00011167443060722078,0.00014284326810605323
shfa_random_raw,SHFA,1,8,6,134,86,3.1168837498832455e-05,8.482698875030557e-05,0.00011599582624913801
shfa_random_raw,SHFA,1,8,7,135,87,3.1168837498832455e-05,8.115295984118082e-05,0.00011232179734001327
shfa_random_raw,SHFA,1,8,8,136,88,3.1168837498832455e-05,3.084164445949664e-05,6.201048195832909e-05
shfa_random_raw,SHFA,1,8,9,137,89,3.1168837498832455e-05,5.616006149465331e-05,8.732889899348576e-05
shfa_random_raw,SHFA,1,8,10,138,8a,3.1168837498832455e-05,3.3588907397414197e-05,6.475774489624666e-05
shfa_random_raw,SHFA,1,8,11,139,8b,3.1168837498832455e-05,4.327025038522526e-05,7.443908788405771e-05
shfa_random_raw,SHFA,1,8,12,140,8c,3.1168837498832455e-05,5.715872130217584e-05,8.83275588010083e-05
shfa_random_raw,SHFA,1,8,13,141,8d,3.1168837498832455e-05,5.772699714822646e-05,8.889583464705891e-05
shfa_random_raw,SHFA,1,8,14,142,8e,3.1168837498832455e-05,5.862445982250261e-05,8.979329732133507e-05
shfa_random_raw,SHFA,1,8,15,143,8f,3.1168837498832455e-05,5.081924761168791e-05,8.198808511052037e-05
shfa_random_raw,SHFA,1,9,0,144,90,6.74919357971789e-05,6.27678180263479e-05,0.0001302597538235268
shfa_random_raw,SHFA,1,9,1,145,91,6.74919357971789e-05,5.54841253939561e-05,0.00012297606119113501
shfa_random_raw,SHFA,1,9,2,146,92,6.74919357971789e-05,3.884689951511177e-05,0.00010633883531229067
shfa_random_raw,SHFA,1,9,3,147,93,6.74919357971789e-05,4.748549642221525e-05,0.00011497743221939415
shfa_random_raw,SHFA,1,9,4,148,94,6.74919357971789e-05,6.873669555735755e-05,0.00013622863135453645
shfa_random_raw,SHFA,1,9,5,149,95,6.74919357971789e-05,0.00011167443060722078,0.00017916636640439969
shfa_random_raw,SHFA,1,9,6,150,96,6.74919357971789e-05,8.482698875030557e-05,0.00015231892454748447
shfa_random_raw,SHFA,1,9,7,151,97,6.74919357971789e-05,8.115295984118082e-05,0.00014864489563835972
shfa_random_raw,SHFA,1,9,8,152,98,6.74919357971789e-05,3.084164445949664e-05,9.833358025667554e-05
shfa_random_raw,SHFA,1,9,9,153,99,6.74919357971789e-05,5.616006149465331e-05,0.00012365199729183222
shfa_random_raw,SHFA,1,9,10,154,9a,6.74919357971789e-05,3.3588907397414197e-05,0.0001010808431945931
shfa_random_raw,SHFA,1,9,11,155,9b,6.74919357971789e-05,4.327025038522526e-05,0.00011076218618240416
shfa_random_raw,SHFA,1,9,12,156,9c,6.74919357971789e-05,5.715872130217584e-05,0.00012465065709935474
shfa_random_raw,SHFA,1,9,13,157,9d,6.74919357971789e-05,5.772699714822646e-05,0.00012521893294540536
shfa_random_raw,SHFA,1,9,14,158,9e,6.74919357971789e-05,5.862445982250261e-05,0.0001261163956196815
shfa_random_raw,SHFA,1,9,15,159,9f,6.74919357971789e-05,5.081924761168791e-05,0.00011831118340886682
shfa_random_raw,SHFA,1,10,0,160,a0,4.614877408252253e-05,6.27678180263479e-05,0.00010891659210887042
shfa_random_raw,SHFA,1,10,1,161,a1,4.614877408252253e-05,5.54841253939561e-05,0.00010163289947647863
shfa_random_raw,SHFA,1,10,2,162,a2,4.614877408252253e-05,3.884689951511177e-05,8.49956735976343e-05
shfa_random_raw,SHFA,1,10,3,163,a3,4.614877408252253e-05,4.748549642221525e-05,9.363427050473777e-05
shfa_random_raw,SHFA,1,10,4,164,a4,4.614877408252253e-05,6.873669555735755e-05,0.00011488546963988008
shfa_random_raw,SHFA,1,10,5,165,a5,4.614877408252253e-05,0.00011167443060722078,0.00015782320468974331
shfa_random_raw,SHFA,1,10,6,166,a6,4.614877408252253e-05,8.482698875030557e-05,0.0001309757628328281
shfa_random_raw,SHFA,1,10,7,167,a7,4.614877408252253e-05,8.115295984118082e-05,0.00012730173392370335
shfa_random_raw,SHFA,1,10,8,168,a8,4.614877408252253e-05,3.084164445949664e-05,7.699041854201916e-05
shfa_random_raw,SHFA,1,10,9,169,a9,4.614877408252253e-05,5.616006149465331e-05,0.00010230883557717583
shfa_random_raw,SHFA,1,10,10,170,aa,4.614877408252253e-05,3.3588907397414197e-05,7.973768147993672e-05
shfa_random_raw,SHFA,1,10,11,171,ab,4.614877408252253e-05,4.327025038522526e-05,8.94190244677478e-05
shfa_random_raw,SHFA,1,10,12,172,ac,4.614877408252253e-05,5.715872130217584e-05,0.00010330749538469837
shfa_random_raw,SHFA,1,10,13,173,ad,4.614877408252253e-05,5.772699714822646e-05,0.00010387577123074899
shfa_random_raw,SHFA,1,10,14,174,ae,4.614877408252253e-05,5.862445982250261e-05,0.00010477323390502513
shfa_random_raw,SHFA,1,10,15,175,af,4.614877408252253e-05,5.081924761168791e-05,9.696802169421043e-05
shfa_random_raw,SHFA,1,11,0,176,b0,4.169868376551057e-05,6.27678180263479e-05,0.00010446650179185847
shfa_random_raw,SHFA,1,11,1,177,b1,4.169868376551057e-05,5.54841253939561e-05,9.718280915946666e-05
shfa_random_raw,SHFA,1,11,2,178,b2,4.169868376551057e-05,3.884689951511177e-05,8.054558328062234e-05
shfa_random_raw,SHFA,1,11,3,179,b3,4.169868376551057e-05,4.748549642221525e-05,8.918418018772582e-05
shfa_random_raw,SHFA,1,11,4,180,b4,4.169868376551057e-05,6.873669555735755e-05,0.00011043537932286811
shfa_random_raw,SHFA,1,11,5,181,b5,4.169868376551057e-05,0.00011167443060722078,0.00015337311437273133
shfa_random_raw,SHFA,1,11,6,182,b6,4.169868376551057e-05,8.482698875030557e-05,0.00012652567251581615
shfa_random_raw,SHFA,1,11,7,183,b7,4.169868376551057e-05,8.115295984118082e-05,0.00012285164360669137
shfa_random_raw,SHFA,1,11,8,184,b8,4.169868376551057e-05,3.084164445949664e-05,7.254032822500721e-05
shfa_random_raw,SHFA,1,11,9,185,b9,4.169868376551057e-05,5.616006149465331e-05,9.785874526016387e-05
shfa_random_raw,SHFA,1,11,10,186,ba,4.169868376551057e-05,3.3588907397414197e-05,7.528759116292476e-05
shfa_random_raw,SHFA,1,11,11,187,bb,4.169868376551057e-05,4.327025038522526e-05,8.496893415073583e-05
shfa_random_raw,SHFA,1,11,12,188,bc,4.169868376551057e-05,5.715872130217584e-05,9.885740506768642e-05
shfa_random_raw,SHFA,1,11,13,189,bd,4.169868376551057e-05,5.772699714822646e-05,9.942568091373703e-05
shfa_random_raw,SHFA,1,11,14,190,be,4.169868376551057e-05,5.862445982250261e-05,0.00010032314358801318
shfa_random_raw,SHFA,1,11,15,191,bf,4.169868376551057e-05,5.081924761168791e-05,9.251793137719848e-05
shfa_random_raw,SHFA,1,12,0,192,c0,4.8317149145905965e-05,6.27678180263479e-05,0.00011108496717225386
shfa_random_raw,SHFA,1,12,1,193,c1,4.8317149145905965e-05,5.54841253939561e-05,0.00010380127453986207
shfa_random_raw,SHFA,1,12,2,194,c2,4.8317149145905965e-05,3.884689951511177e-05,8.716404866101774e-05
shfa_random_raw,SHFA,1,12,3,195,c3,4.8317149145905965e-05,4.748549642221525e-05,9.58026455681212e-05
shfa_random_raw,SHFA,1,12,4,196,c4,4.8317149145905965e-05,6.873669555735755e-05,0.00011705384470326352
shfa_random_raw,SHFA,1,12,5,197,c5,4.8317149145905965e-05,0.00011167443060722078,0.00015999157975312675
shfa_random_raw,SHFA,1,12,6,198,c6,4.8317149145905965e-05,8.482698875030557e-05,0.00013314413789621154
shfa_random_raw,SHFA,1,12,7,199,c7,4.8317149145905965e-05,8.115295984118082e-05,0.0001294701089870868
shfa_random_raw,SHFA,1,12,8,200,c8,4.8317149145905965e-05,3.084164445949664e-05,7.91587936054026e-05
shfa_random_raw,SHFA,1,12,9,201,c9,4.8317149145905965e-05,5.616006149465331e-05,0.00010447721064055927
shfa_random_raw,SHFA,1,12,10,202,ca,4.8317149145905965e-05,3.3588907397414197e-05,8.190605654332015e-05
shfa_random_raw,SHFA,1,12,11,203,cb,4.8317149145905965e-05,4.327025038522526e-05,9.158739953113123e-05
shfa_random_raw,SHFA,1,12,12,204,cc,4.8317149145905965e-05,5.715872130217584e-05,0.00010547587044808181
shfa_random_raw,SHFA,1,12,13,205,cd,4.8317149145905965e-05,5.772699714822646e-05,0.00010604414629413242
shfa_random_raw,SHFA,1,12,14,206,ce,4.8317149145905965e-05,5.862445982250261e-05,0.00010694160896840857
shfa_random_raw,SHFA,1,12,15,207,cf,4.8317149145905965e-05,5.081924761168791e-05,9.913639675759387e-05
shfa_random_raw,SHFA,1,13,0,208,d0,6.745657934418459e-05,6.27678180263479e-05,0.0001302243973705325
shfa_random_raw,SHFA,1,13,1,209,d1,6.745657934418459e-05,5.54841253939561e-05,0.00012294070473814069
shfa_random_raw,SHFA,1,13,2,210,d2,6.745657934418459e-05,3.884689951511177e-05,0.00010630347885929636
shfa_random_raw,SHFA,1,13,3,211,d3,6.745657934418459e-05,4.748549642221525e-05,0.00011494207576639984
shfa_random_raw,SHFA,1,13,4,212,d4,6.745657934418459e-05,6.873669555735755e-05,0.00013619327490154212
shfa_random_raw,SHFA,1,13,5,213,d5,6.745657934418459e-05,0.00011167443060722078,0.00017913100995140538
shfa_random_raw,SHFA,1,13,6,214,d6,6.745657934418459e-05,8.482698875030557e-05,0.00015228356809449014
shfa_random_raw,SHFA,1,13,7,215,d7,6.745657934418459e-05,8.115295984118082e-05,0.00014860953918536542
shfa_random_raw,SHFA,1,13,8,216,d8,6.745657934418459e-05,3.084164445949664e-05,9.829822380368123e-05
shfa_random_raw,SHFA,1,13,9,217,d9,6.745657934418459e-05,5.616006149465331e-05,0.0001236166408388379
shfa_random_raw,SHFA,1,13,10,218,da,6.745657934418459e-05,3.3588907397414197e-05,0.00010104548674159879
shfa_random_raw,SHFA,1,13,11,219,db,6.745657934418459e-05,4.327025038522526e-05,0.00011072682972940985
shfa_random_raw,SHFA,1,13,12,220,dc,6.745657934418459e-05,5.715872130217584e-05,0.00012461530064636044
shfa_random_raw,SHFA,1,13,13,221,dd,6.745657934418459e-05,5.772699714822646e-05,0.00012518357649241106
shfa_random_raw,SHFA,1,13,14,222,de,6.745657934418459e-05,5.862445982250261e-05,0.0001260810391666872
shfa_random_raw,SHFA,1,13,15,223,df,6.745657934418459e-05,5.081924761168791e-05,0.0001182758269558725
shfa_random_raw,SHFA,1,14,0,224,e0,6.93998811342173e-05,6.27678180263479e-05,0.0001321676991605652
shfa_random_raw,SHFA,1,14,1,225,e1,6.93998811342173e-05,5.54841253939561e-05,0.0001248840065281734
shfa_random_raw,SHFA,1,14,2,226,e2,6.93998811342173e-05,3.884689951511177e-05,0.00010824678064932907
shfa_random_raw,SHFA,1,14,3,227,e3,6.93998811342173e-05,4.748549642221525e-05,0.00011688537755643255
shfa_random_raw,SHFA,1,14,4,228,e4,6.93998811342173e-05,6.873669555735755e-05,0.00013813657669157483
shfa_random_raw,SHFA,1,14,5,229,e5,6.93998811342173e-05,0.00011167443060722078,0.0001810743117414381
shfa_random_raw,SHFA,1,14,6,230,e6,6.93998811342173e-05,8.482698875030557e-05,0.00015422686988452285
shfa_random_raw,SHFA,1,14,7,231,e7,6.93998811342173e-05,8.115295984118082e-05,0.00015055284097539813
shfa_random_raw,SHFA,1,14,8,232,e8,6.93998811342173e-05,3.084164445949664e-05,0.00010024152559371394
shfa_random_raw,SHFA,1,14,9,233,e9,6.93998811342173e-05,5.616006149465331e-05,0.0001255599426288706
shfa_random_raw,SHFA,1,14,10,234,ea,6.93998811342173e-05,3.3588907397414197e-05,0.0001029887885316315
shfa_random_raw,SHFA,1,14,11,235,eb,6.93998811342173e-05,4.327025038522526e-05,0.00011267013151944256
shfa_random_raw,SHFA,1,14,12,236,ec,6.93998811342173e-05,5.715872130217584e-05,0.00012655860243639315
shfa_random_raw,SHFA,1,14,13,237,ed,6.93998811342173e-05,5.772699714822646e-05,0.00012712687828244376
shfa_random_raw,SHFA,1,14,14,238,ee,6.93998811342173e-05,5.862445982250261e-05,0.0001280243409567199
shfa_random_raw,SHFA,1,14,15,239,ef,6.93998811342173e-05,5.081924761168791e-05,0.00012021912874590521
shfa_random_raw,SHFA,1,15,0,240,f0,7.573683494597241e-05,6.27678180263479e-05,0.00013850465297232033
shfa_random_raw,SHFA,1,15,1,241,f1,7.573683494597241e-05,5.54841253939561e-05,0.00013122096033992852
shfa_random_raw,SHFA,1,15,2,242,f2,7.573683494597241e-05,3.884689951511177e-05,0.00011458373446108418
shfa_random_raw,SHFA,1,15,3,243,f3,7.573683494597241e-05,4.748549642221525e-05,0.00012322233136818764
shfa_random_raw,SHFA,1,15,4,244,f4,7.573683494597241e-05,6.873669555735755e-05,0.00014447353050332996
shfa_random_raw,SHFA,1,15,5,245,f5,7.573683494597241e-05,0.00011167443060722078,0.0001874112655531932
shfa_random_raw,SHFA,1,15,6,246,f6,7.573683494597241e-05,8.482698875030557e-05,0.00016056382369627797
shfa_random_raw,SHFA,1,15,7,247,f7,7.573683494597241e-05,8.115295984118082e-05,0.00015688979478715323
shfa_random_raw,SHFA,1,15,8,248,f8,7.573683494597241e-05,3.084164445949664e-05,0.00010657847940546904
shfa_random_raw,SHFA,1,15,9,249,f9,7.573683494597241e-05,5.616006149465331e-05,0.00013189689644062572
shfa_random_raw,SHFA,1,15,10,250,fa,7.573683494597241e-05,3.3588907397414197e-05,0.0001093257423433866
shfa_random_raw,SHFA,1,15,11,251,fb,7.573683494597241e-05,4.327025038522526e-05,0.00011900708533119767
shfa_random_raw,SHFA,1,15,12,252,fc,7.573683494597241e-05,5.715872130217584e-05,0.00013289555624814824
shfa_random_raw,SHFA,1,15,13,253,fd,7.573683494597241e-05,5.772699714822646e-05,0.00013346383209419886
shfa_random_raw,SHFA,1,15,14,254,fe,7.573683494597241e-05,5.862445982250261e-05,0.00013436129476847503
shfa_random_raw,SHFA,1,15,15,255,ff,7.573683494597241e-05,5.081924761168791e-05,0.0001265560825576603
shfa_random_threshold,SHFA,0,0,0,0,00,0.0010472034656847048,0.0010137570669677238,0.002060960532652429
shfa_random_threshold,SHFA,0,0,1,1,01,0.0010472034656847048,0.0008372196186025346,0.0018844230842872394
shfa_random_threshold,SHFA,0,0,2,2,02,0.0010472034656847048,0.0012681706399215852,0.00231537410560629
shfa_random_threshold,SHFA,0,0,3,3,03,0.0010472034656847048,0.0010958380920499896,0.0021430415577346944
shfa_random_threshold,SHFA,0,0,4,4,04,0.0010472034656847048,0.0007552867336460595,0.0018024901993307643
shfa_random_threshold,SHFA,0,0,5,5,05,0.0010472034656847048,0.000783792312466452,0.0018309957781511568
shfa_random_threshold,SHFA,0,0,6,6,06,0.0010472034656847048,0.0010234431521155686,0.0020706466178002734
shfa_random_threshold,SHFA,0,0,7,7,07,0.0010472034656847048,0.001101444626041448,0.002148648091726153
shfa_random_threshold,SHFA,0,0,8,8,08,0.0010472034656847048,0.0012389984305351352,0.00228620189621984
shfa_random_threshold,SHFA,0,0,9,9,09,0.0010472034656847048,0.0006310541450792319,0.0016782576107639367
shfa_random_threshold,SHFA,0,0,10,10,0a,0.0010472034656847048,0.0010256538586081356,0.0020728573242928404
shfa_random_threshold,SHFA,0,0,11,11,0b,0.0010472034656847048,0.0030081846735775628,0.0040553881392622676
shfa_random_threshold,SHFA,0,0,12,12,0c,0.0010472034656847048,0.0010274999124833717,0.0020747033781680765
shfa_random_threshold,SHFA,0,0,13,13,0d,0.0010472034656847048,0.0012738797324616678,0.0023210831981463724
shfa_random_threshold,SHFA,0,0,14,14,0e,0.0010472034656847048,0.0009213575123544308,0.0019685609780391356
shfa_random_threshold,SHFA,0,0,15,15,0f,0.0010472034656847048,0.0011552992594634649,0.0022025027251481697
shfa_random_threshold,SHFA,0,1,0,16,10,0.0009250519607067651,0.0010137570669677238,0.0019388090276744889
shfa_random_threshold,SHFA,0,1,1,17,11,0.0009250519607067651,0.0008372196186025346,0.0017622715793092997
shfa_random_threshold,SHFA,0,1,2,18,12,0.0009250519607067651,0.0012681706399215852,0.0021932226006283503
shfa_random_threshold,SHFA,0,1,3,19,13,0.0009250519607067651,0.0010958380920499896,0.0020208900527567547
shfa_random_threshold,SHFA,0,1,4,20,14,0.0009250519607067651,0.0007552867336460595,0.0016803386943528246
shfa_random_threshold,SHFA,0,1,5,21,15,0.0009250519607067651,0.000783792312466452,0.001708844273173217
shfa_random_threshold,SHFA,0,1,6,22,16,0.0009250519607067651,0.0010234431521155686,0.0019484951128223337
shfa_random_threshold,SHFA,0,1,7,23,17,0.0009250519607067651,0.001101444626041448,0.0020264965867482134
shfa_random_threshold,SHFA,0,1,8,24,18,0.0009250519607067651,0.0012389984305351352,0.0021640503912419003
shfa_random_threshold,SHFA,0,1,9,25,19,0.0009250519607067651,0.0006310541450792319,0.001556106105785997
shfa_random_threshold,SHFA,0,1,10,26,1a,0.0009250519607067651,0.0010256538586081356,0.0019507058193149007
shfa_random_threshold,SHFA,0,1,11,27,1b,0.0009250519607067651,0.0030081846735775628,0.003933236634284328
shfa_random_threshold,SHFA,0,1,12,28,1c,0.0009250519607067651,0.0010274999124833717,0.0019525518731901368
shfa_random_threshold,SHFA,0,1,13,29,1d,0.0009250519607067651,0.0012738797324616678,0.0021989316931684327
shfa_random_threshold,SHFA,0,1,14,30,1e,0.0009250519607067651,0.0009213575123544308,0.001846409473061196
shfa_random_threshold,SHFA,0,1,15,31,1f,0.0009250519607067651,0.0011552992594634649,0.00208035122017023
shfa_random_threshold,SHFA,0,2,0,32,20,0.0006723659094818068,0.0010137570669677238,0.0016861229764495306
shfa_random_threshold,SHFA,0,2,1,33,21,0.0006723659094818068,0.0008372196186025346,0.0015095855280843414
shfa_random_threshold,SHFA,0,2,2,34,22,0.0006723659094818068,0.0012681706399215852,0.001940536549403392
shfa_random_threshold,SHFA,0,2,3,35,23,0.0006723659094818068,0.0010958380920499896,0.0017682040015317964
shfa_random_threshold,SHFA,0,2,4,36,24,0.0006723659094818068,0.0007552867336460595,0.0014276526431278662
shfa_random_threshold,SHFA,0,2,5,37,25,0.0006723659094818068,0.000783792312466452,0.0014561582219482587
shfa_random_threshold,SHFA,0,2,6,38,26,0.0006723659094818068,0.0010234431521155686,0.0016958090615973754
shfa_random_threshold,SHFA,0,2,7,39,27,0.0006723659094818068,0.001101444626041448,0.0017738105355232549
shfa_random_threshold,SHFA,0,2,8,40,28,0.0006723659094818068,0.0012389984305351352,0.001911364340016942
shfa_random_threshold,SHFA,0,2,9,41,29,0.0006723659094818068,0.0006310541450792319,0.0013034200545610386
shfa_random_threshold,SHFA,0,2,10,42,2a,0.0006723659094818068,0.0010256538586081356,0.0016980197680899424
shfa_random_threshold,SHFA,0,2,11,43,2b,0.0006723659094818068,0.0030081846735775628,0.0036805505830593693
shfa_random_threshold,SHFA,0,2,12,44,2c,0.0006723659094818068,0.0010274999124833717,0.0016998658219651785
shfa_random_threshold,SHFA,0,2,13,45,2d,0.0006723659094818068,0.0012738797324616678,0.0019462456419434746
shfa_random_threshold,SHFA,0,2,14,46,2e,0.0006723659094818068,0.0009213575123544308,0.0015937234218362376
shfa_random_threshold,SHFA,0,2,15,47,2f,0.0006723659094818068,0.0011552992594634649,0.0018276651689452716
shfa_random_threshold,SHFA,0,3,0,48,30,0.0008915173769803448,0.0010137570669677238,0.0019052744439480686
shfa_random_threshold,SHFA,0,3,1,49,31,0.0008915173769803448,0.0008372196186025346,0.0017287369955828794
shfa_random_threshold,SHFA,0,3,2,50,32,0.0008915173769803448,0.0012681706399215852,0.0021596880169019303
shfa_random_threshold,SHFA,0,3,3,51,33,0.0008915173769803448,0.0010958380920499896,0.001987355469030334
shfa_random_threshold,SHFA,0,3,4,52,34,0.0008915173769803448,0.0007552867336460595,0.0016468041106264043
shfa_random_threshold,SHFA,0,3,5,53,35,0.0008915173769803448,0.000783792312466452,0.0016753096894467968
shfa_random_threshold,SHFA,0,3,6,54,36,0.0008915173769803448,0.0010234431521155686,0.0019149605290959134
shfa_random_threshold,SHFA,0,3,7,55,37,0.0008915173769803448,0.001101444626041448,0.001992962003021793
shfa_random_threshold,SHFA,0,3,8,56,38,0.0008915173769803448,0.0012389984305351352,0.00213051580751548
shfa_random_threshold,SHFA,0,3,9,57,39,0.0008915173769803448,0.0006310541450792319,0.0015225715220595767
shfa_random_threshold,SHFA,0,3,10,58,3a,0.0008915173769803448,0.0010256538586081356,0.0019171712355884804
shfa_random_threshold,SHFA,0,3,11,59,3b,0.0008915173769803448,0.0030081846735775628,0.0038997020505579074
shfa_random_threshold,SHFA,0,3,12,60,3c,0.0008915173769803448,0.0010274999124833717,0.0019190172894637165
shfa_random_threshold,SHFA,0,3,13,61,3d,0.0008915173769803448,0.0012738797324616678,0.0021653971094420126
shfa_random_threshold,SHFA,0,3,14,62,3e,0.0008915173769803448,0.0009213575123544308,0.0018128748893347757
shfa_random_threshold,SHFA,0,3,15,63,3f,0.0008915173769803448,0.0011552992594634649,0.00204681663644381
shfa_random_threshold,SHFA,0,4,0,64,40,0.0018833211328962904,0.0010137570669677238,0.002897078199864014
shfa_random_threshold,SHFA,0,4,1,65,41,0.0018833211328962904,0.0008372196186025346,0.002720540751498825
shfa_random_threshold,SHFA,0,4,2,66,42,0.0018833211328962904,0.0012681706399215852,0.003151491772817876
shfa_random_threshold,SHFA,0,4,3,67,43,0.0018833211328962904,0.0010958380920499896,0.00297915922494628
shfa_random_threshold,SHFA,0,4,4,68,44,0.0018833211328962904,0.0007552867336460595,0.00263860786654235
shfa_random_threshold,SHFA,0,4,5,69,45,0.0018833211328962904,0.000783792312466452,0.0026671134453627424
shfa_random_threshold,SHFA,0,4,6,70,46,0.0018833211328962904,0.0010234431521155686,0.0029067642850118588
shfa_random_threshold,SHFA,0,4,7,71,47,0.0018833211328962904,0.001101444626041448,0.0029847657589377385
shfa_random_threshold,SHFA,0,4,8,72,48,0.0018833211328962904,0.0012389984305351352,0.003122319563431426
shfa_random_threshold,SHFA,0,4,9,73,49,0.0018833211328962904,0.0006310541450792319,0.002514375277975522
shfa_random_threshold,SHFA,0,4,10,74,4a,0.0018833211328962904,0.0010256538586081356,0.0029089749915044262
shfa_random_threshold,SHFA,0,4,11,75,4b,0.0018833211328962904,0.0030081846735775628,0.004891505806473853
shfa_random_threshold,SHFA,0,4,12,76,4c,0.0018833211328962904,0.0010274999124833717,0.002910821045379662
shfa_random_threshold,SHFA,0,4,13,77,4d,0.0018833211328962904,0.0012738797324616678,0.0031572008653579582
shfa_random_threshold,SHFA,0,4,14,78,4e,0.0018833211328962904,0.0009213575123544308,0.0028046786452507215
shfa_random_threshold,SHFA,0,4,15,79,4f,0.0018833211328962904,0.0011552992594634649,0.0030386203923597555
shfa_random_threshold,SHFA,0,5,0,80,50,0.0011667138047463626,0.0010137570669677238,0.0021804708717140867
shfa_random_threshold,SHFA,0,5,1,81,51,0.0011667138047463626,0.0008372196186025346,0.002003933423348897
shfa_random_threshold,SHFA,0,5,2,82,52,0.0011667138047463626,0.0012681706399215852,0.002434884444667948
shfa_random_threshold,SHFA,0,5,3,83,53,0.0011667138047463626,0.0010958380920499896,0.0022625518967963523
shfa_random_threshold,SHFA,0,5,4,84,54,0.0011667138047463626,0.0007552867336460595,0.001922000538392422
shfa_random_threshold,SHFA,0,5,5,85,55,0.0011667138047463626,0.000783792312466452,0.0019505061172128146
shfa_random_threshold,SHFA,0,5,6,86,56,0.0011667138047463626,0.0010234431521155686,0.0021901569568619312
shfa_random_threshold,SHFA,0,5,7,87,57,0.0011667138047463626,0.001101444626041448,0.002268158430787811
shfa_random_threshold,SHFA,0,5,8,88,58,0.0011667138047463626,0.0012389984305351352,0.002405712235281498
shfa_random_threshold,SHFA,0,5,9,89,59,0.0011667138047463626,0.0006310541450792319,0.0017977679498255945
shfa_random_threshold,SHFA,0,5,10,90,5a,0.0011667138047463626,0.0010256538586081356,0.0021923676633544983
shfa_random_threshold,SHFA,0,5,11,91,5b,0.0011667138047463626,0.0030081846735775628,0.004174898478323925
shfa_random_threshold,SHFA,0,5,12,92,5c,0.0011667138047463626,0.0010274999124833717,0.0021942137172297344
shfa_random_threshold,SHFA,0,5,13,93,5d,0.0011667138047463626,0.0012738797324616678,0.0024405935372080302
shfa_random_threshold,SHFA,0,5,14,94,5e,0.0011667138047463626,0.0009213575123544308,0.0020880713171007935
shfa_random_threshold,SHFA,0,5,15,95,5f,0.0011667138047463626,0.0011552992594634649,0.0023220130642098275
shfa_random_threshold,SHFA,0,6,0,96,60,0.0006821953035145637,0.0010137570669677238,0.0016959523704822873
shfa_random_threshold,SHFA,0,6,1,97,61,0.0006821953035145637,0.0008372196186025346,0.0015194149221170981
shfa_random_threshold,SHFA,0,6,2,98,62,0.0006821953035145637,0.0012681706399215852,0.001950365943436149
shfa_random_threshold,SHFA,0,6,3,99,63,0.0006821953035145637,0.0010958380920499896,0.0017780333955645534
shfa_random_threshold,SHFA,0,6,4,100,64,0.0006821953035145637,0.0007552867336460595,0.001437482037160623
shfa_random_threshold,SHFA,0,6,5,101,65,0.0006821953035145637,0.000783792312466452,0.0014659876159810155
shfa_random_threshold,SHFA,0,6,6,102,66,0.0006821953035145637,0.0010234431521155686,0.0017056384556301324
shfa_random_threshold,SHFA,0,6,7,103,67,0.0006821953035145637,0.001101444626041448,0.0017836399295560116
shfa_random_threshold,SHFA,0,6,8,104,68,0.0006821953035145637,0.0012389984305351352,0.001921193734049699
shfa_random_threshold,SHFA,0,6,9,105,69,0.0006821953035145637,0.0006310541450792319,0.0013132494485937956
shfa_random_threshold,SHFA,0,6,10,106,6a,0.0006821953035145637,0.0010256538586081356,0.0017078491621226994
shfa_random_threshold,SHFA,0,6,11,107,6b,0.0006821953035145637,0.0030081846735775628,0.0036903799770921265
shfa_random_threshold,SHFA,0,6,12,108,6c,0.0006821953035145637,0.0010274999124833717,0.0017096952159979355
shfa_random_threshold,SHFA,0,6,13,109,6d,0.0006821953035145637,0.0012738797324616678,0.0019560750359762314
shfa_random_threshold,SHFA,0,6,14,110,6e,0.0006821953035145637,0.0009213575123544308,0.0016035528158689946
shfa_random_threshold,SHFA,0,6,15,111,6f,0.0006821953035145637,0.0011552992594634649,0.0018374945629780286
shfa_random_threshold,SHFA,0,7,0,112,70,0.0013344883066829373,0.0010137570669677238,0.0023482453736506613
shfa_random_threshold,SHFA,0,7,1,113,71,0.0013344883066829373,0.0008372196186025346,0.0021717079252854717
shfa_random_threshold,SHFA,0,7,2,114,72,0.0013344883066829373,0.0012681706399215852,0.0026026589466045225
shfa_random_threshold,SHFA,0,7,3,115,73,0.0013344883066829373,0.0010958380920499896,0.002430326398732927
shfa_random_threshold,SHFA,0,7,4,116,74,0.0013344883066829373,0.0007552867336460595,0.0020897750403289965
shfa_random_threshold,SHFA,0,7,5,117,75,0.0013344883066829373,0.000783792312466452,0.002118280619149389
shfa_random_threshold,SHFA,0,7,6,118,76,0.0013344883066829373,0.0010234431521155686,0.002357931458798506
shfa_random_threshold,SHFA,0,7,7,119,77,0.0013344883066829373,0.001101444626041448,0.0024359329327243856
shfa_random_threshold,SHFA,0,7,8,120,78,0.0013344883066829373,0.0012389984305351352,0.0025734867372180724
shfa_random_threshold,SHFA,0,7,9,121,79,0.0013344883066829373,0.0006310541450792319,0.001965542451762169
shfa_random_threshold,SHFA,0,7,10,122,7a,0.0013344883066829373,0.0010256538586081356,0.002360142165291073
shfa_random_threshold,SHFA,0,7,11,123,7b,0.0013344883066829373,0.0030081846735775628,0.0043426729802605
shfa_random_threshold,SHFA,0,7,12,124,7c,0.0013344883066829373,0.0010274999124833717,0.002361988219166309
shfa_random_threshold,SHFA,0,7,13,125,7d,0.0013344883066829373,0.0012738797324616678,0.002608368039144605
shfa_random_threshold,SHFA,0,7,14,126,7e,0.0013344883066829373,0.0009213575123544308,0.002255845819037368
shfa_random_threshold,SHFA,0,7,15,127,7f,0.0013344883066829373,0.0011552992594634649,0.002489787566146402
shfa_random_threshold,SHFA,0,8,0,128,80,0.0006600259566385182,0.0010137570669677238,0.001673783023606242
shfa_random_threshold,SHFA,0,8,1,129,81,0.0006600259566385182,0.0008372196186025346,0.0014972455752410528
shfa_random_threshold,SHFA,0,8,2,130,82,0.0006600259566385182,0.0012681706399215852,0.0019281965965601035
shfa_random_threshold,SHFA,0,8,3,131,83,0.0006600259566385182,0.0010958380920499896,0.0017558640486885079
shfa_random_threshold,SHFA,0,8,4,132,84,0.0006600259566385182,0.0007552867336460595,0.0014153126902845777
shfa_random_threshold,SHFA,0,8,5,133,85,0.0006600259566385182,0.000783792312466452,0.0014438182691049702
shfa_random_threshold,SHFA,0,8,6,134,86,0.0006600259566385182,0.0010234431521155686,0.0016834691087540868
shfa_random_threshold,SHFA,0,8,7,135,87,0.0006600259566385182,0.001101444626041448,0.0017614705826799663
shfa_random_threshold,SHFA,0,8,8,136,88,0.0006600259566385182,0.0012389984305351352,0.0018990243871736534
shfa_random_threshold,SHFA,0,8,9,137,89,0.0006600259566385182,0.0006310541450792319,0.0012910801017177501
shfa_random_threshold,SHFA,0,8,10,138,8a,0.0006600259566385182,0.0010256538586081356,0.0016856798152466539
shfa_random_threshold,SHFA,0,8,11,139,8b,0.0006600259566385182,0.0030081846735775628,0.003668210630216081
shfa_random_threshold,SHFA,0,8,12,140,8c,0.0006600259566385182,0.0010274999124833717,0.00168752586912189
shfa_random_threshold,SHFA,0,8,13,141,8d,0.0006600259566385182,0.0012738797324616678,0.001933905689100186
shfa_random_threshold,SHFA,0,8,14,142,8e,0.0006600259566385182,0.0009213575123544308,0.001581383468992949
shfa_random_threshold,SHFA,0,8,15,143,8f,0.0006600259566385182,0.0011552992594634649,0.001815325216101983
shfa_random_threshold,SHFA,0,9,0,144,90,0.0005517768524726567,0.0010137570669677238,0.0015655339194403806
shfa_random_threshold,SHFA,0,9,1,145,91,0.0005517768524726567,0.0008372196186025346,0.0013889964710751914
shfa_random_threshold,SHFA,0,9,2,146,92,0.0005517768524726567,0.0012681706399215852,0.0018199474923942418
shfa_random_threshold,SHFA,0,9,3,147,93,0.0005517768524726567,0.0010958380920499896,0.0016476149445226462
shfa_random_threshold,SHFA,0,9,4,148,94,0.0005517768524726567,0.0007552867336460595,0.0013070635861187163
shfa_random_threshold,SHFA,0,9,5,149,95,0.0005517768524726567,0.000783792312466452,0.0013355691649391088
shfa_random_threshold,SHFA,0,9,6,150,96,0.0005517768524726567,0.0010234431521155686,0.0015752200045882252
shfa_random_threshold,SHFA,0,9,7,151,97,0.0005517768524726567,0.001101444626041448,0.001653221478514105
shfa_random_threshold,SHFA,0,9,8,152,98,0.0005517768524726567,0.0012389984305351352,0.0017907752830077918
shfa_random_threshold,SHFA,0,9,9,153,99,0.0005517768524726567,0.0006310541450792319,0.0011828309975518885
shfa_random_threshold,SHFA,0,9,10,154,9a,0.0005517768524726567,0.0010256538586081356,0.0015774307110807922
shfa_random_threshold,SHFA,0,9,11,155,9b,0.0005517768524726567,0.0030081846735775628,0.0035599615260502194
shfa_random_threshold,SHFA,0,9,12,156,9c,0.0005517768524726567,0.0010274999124833717,0.0015792767649560283
shfa_random_threshold,SHFA,0,9,13,157,9d,0.0005517768524726567,0.0012738797324616678,0.0018256565849343247
shfa_random_threshold,SHFA,0,9,14,158,9e,0.0005517768524726567,0.0009213575123544308,0.0014731343648270875
shfa_random_threshold,SHFA,0,9,15,159,9f,0.0005517768524726567,0.0011552992594634649,0.0017070761119361215
shfa_random_threshold,SHFA,0,10,0,160,a0,0.000803705866214285,0.0010137570669677238,0.0018174629331820088
shfa_random_threshold,SHFA,0,10,1,161,a1,0.000803705866214285,0.0008372196186025346,0.0016409254848168196
shfa_random_threshold,SHFA,0,10,2,162,a2,0.000803705866214285,0.0012681706399215852,0.0020718765061358705
shfa_random_threshold,SHFA,0,10,3,163,a3,0.000803705866214285,0.0010958380920499896,0.0018995439582642746
shfa_random_threshold,SHFA,0,10,4,164,a4,0.000803705866214285,0.0007552867336460595,0.0015589925998603445
shfa_random_threshold,SHFA,0,10,5,165,a5,0.000803705866214285,0.000783792312466452,0.001587498178680737
shfa_random_threshold,SHFA,0,10,6,166,a6,0.000803705866214285,0.0010234431521155686,0.0018271490183298536
shfa_random_threshold,SHFA,0,10,7,167,a7,0.000803705866214285,0.001101444626041448,0.0019051504922557331
shfa_random_threshold,SHFA,0,10,8,168,a8,0.000803705866214285,0.0012389984305351352,0.0020427042967494204
shfa_random_threshold,SHFA,0,10,9,169,a9,0.000803705866214285,0.0006310541450792319,0.0014347600112935169
shfa_random_threshold,SHFA,0,10,10,170,aa,0.000803705866214285,0.0010256538586081356,0.0018293597248224206
shfa_random_threshold,SHFA,0,10,11,171,ab,0.000803705866214285,0.0030081846735775628,0.0038118905397918476
shfa_random_threshold,SHFA,0,10,12,172,ac,0.000803705866214285,0.0010274999124833717,0.0018312057786976567
shfa_random_threshold,SHFA,0,10,13,173,ad,0.000803705866214285,0.0012738797324616678,0.002077585598675953
shfa_random_threshold,SHFA,0,10,14,174,ae,0.000803705866214285,0.0009213575123544308,0.0017250633785687159
shfa_random_threshold,SHFA,0,10,15,175,af,0.000803705866214285,0.0011552992594634649,0.00195900512567775
shfa_random_threshold,SHFA,0,11,0,176,b0,0.001239590151104875,0.0010137570669677238,0.0022533472180725988
shfa_random_threshold,SHFA,0,11,1,177,b1,0.001239590151104875,0.0008372196186025346,0.0020768097697074096
shfa_random_threshold,SHFA,0,11,2,178,b2,0.001239590151104875,0.0012681706399215852,0.00250776079102646
shfa_random_threshold,SHFA,0,11,3,179,b3,0.001239590151104875,0.0010958380920499896,0.002335428243154865
shfa_random_threshold,SHFA,0,11,4,180,b4,0.001239590151104875,0.0007552867336460595,0.0019948768847509344
shfa_random_threshold,SHFA,0,11,5,181,b5,0.001239590151104875,0.000783792312466452,0.002023382463571327
shfa_random_threshold,SHFA,0,11,6,182,b6,0.001239590151104875,0.0010234431521155686,0.0022630333032204438
shfa_random_threshold,SHFA,0,11,7,183,b7,0.001239590151104875,0.001101444626041448,0.002341034777146323
shfa_random_threshold,SHFA,0,11,8,184,b8,0.001239590151104875,0.0012389984305351352,0.00247858858164001
shfa_random_threshold,SHFA,0,11,9,185,b9,0.001239590151104875,0.0006310541450792319,0.0018706442961841068
shfa_random_threshold,SHFA,0,11,10,186,ba,0.001239590151104875,0.0010256538586081356,0.0022652440097130104
shfa_random_threshold,SHFA,0,11,11,187,bb,0.001239590151104875,0.0030081846735775628,0.004247774824682438
shfa_random_threshold,SHFA,0,11,12,188,bc,0.001239590151104875,0.0010274999124833717,0.002267090063588247
shfa_random_threshold,SHFA,0,11,13,189,bd,0.001239590151104875,0.0012738797324616678,0.002513469883566543
shfa_random_threshold,SHFA,0,11,14,190,be,0.001239590151104875,0.0009213575123544308,0.0021609476634593056
shfa_random_threshold,SHFA,0,11,15,191,bf,0.001239590151104875,0.0011552992594634649,0.0023948894105683396
shfa_random_threshold,SHFA,0,12,0,192,c0,0.0013316367182073909,0.0010137570669677238,0.0023453937851751145
shfa_random_threshold,SHFA,0,12,1,193,c1,0.0013316367182073909,0.0008372196186025346,0.0021688563368099257
shfa_random_threshold,SHFA,0,12,2,194,c2,0.0013316367182073909,0.0012681706399215852,0.002599807358128976
shfa_random_threshold,SHFA,0,12,3,195,c3,0.0013316367182073909,0.0010958380920499896,0.0024274748102573805
shfa_random_threshold,SHFA,0,12,4,196,c4,0.0013316367182073909,0.0007552867336460595,0.0020869234518534506
shfa_random_threshold,SHFA,0,12,5,197,c5,0.0013316367182073909,0.000783792312466452,0.002115429030673843
shfa_random_threshold,SHFA,0,12,6,198,c6,0.0013316367182073909,0.0010234431521155686,0.0023550798703229595
shfa_random_threshold,SHFA,0,12,7,199,c7,0.0013316367182073909,0.001101444626041448,0.0024330813442488388
shfa_random_threshold,SHFA,0,12,8,200,c8,0.0013316367182073909,0.0012389984305351352,0.002570635148742526
shfa_random_threshold,SHFA,0,12,9,201,c9,0.0013316367182073909,0.0006310541450792319,0.0019626908632866228
shfa_random_threshold,SHFA,0,12,10,202,ca,0.0013316367182073909,0.0010256538586081356,0.0023572905768155265
shfa_random_threshold,SHFA,0,12,11,203,cb,0.0013316367182073909,0.0030081846735775628,0.004339821391784954
shfa_random_threshold,SHFA,0,12,12,204,cc,0.0013316367182073909,0.0010274999124833717,0.0023591366306907626
shfa_random_threshold,SHFA,0,12,13,205,cd,0.0013316367182073909,0.0012738797324616678,0.002605516450669059
shfa_random_threshold,SHFA,0,12,14,206,ce,0.0013316367182073909,0.0009213575123544308,0.0022529942305618217
shfa_random_threshold,SHFA,0,12,15,207,cf,0.0013316367182073909,0.0011552992594634649,0.0024869359776708557
shfa_random_threshold,SHFA,0,13,0,208,d0,0.0006525426532090524,0.0010137570669677238,0.0016662997201767763
shfa_random_threshold,SHFA,0,13,1,209,d1,0.0006525426532090524,0.0008372196186025346,0.001489762271811587
shfa_random_threshold,SHFA,0,13,2,210,d2,0.0006525426532090524,0.0012681706399215852,0.0019207132931306375
shfa_random_threshold,SHFA,0,13,3,211,d3,0.0006525426532090524,0.0010958380920499896,0.0017483807452590419
shfa_random_threshold,SHFA,0,13,4,212,d4,0.0006525426532090524,0.0007552867336460595,0.001407829386855112
shfa_random_threshold,SHFA,0,13,5,213,d5,0.0006525426532090524,0.000783792312466452,0.0014363349656755045
shfa_random_threshold,SHFA,0,13,6,214,d6,0.0006525426532090524,0.0010234431521155686,0.0016759858053246209
shfa_random_threshold,SHFA,0,13,7,215,d7,0.0006525426532090524,0.001101444626041448,0.0017539872792505006
shfa_random_threshold,SHFA,0,13,8,216,d8,0.0006525426532090524,0.0012389984305351352,0.0018915410837441874
shfa_random_threshold,SHFA,0,13,9,217,d9,0.0006525426532090524,0.0006310541450792319,0.0012835967982882841
shfa_random_threshold,SHFA,0,13,10,218,da,0.0006525426532090524,0.0010256538586081356,0.0016781965118171879
shfa_random_threshold,SHFA,0,13,11,219,db,0.0006525426532090524,0.0030081846735775628,0.003660727326786615
shfa_random_threshold,SHFA,0,13,12,220,dc,0.0006525426532090524,0.0010274999124833717,0.001680042565692424
shfa_random_threshold,SHFA,0,13,13,221,dd,0.0006525426532090524,0.0012738797324616678,0.0019264223856707203
shfa_random_threshold,SHFA,0,13,14,222,de,0.0006525426532090524,0.0009213575123544308,0.001573900165563483
shfa_random_threshold,SHFA,0,13,15,223,df,0.0006525426532090524,0.0011552992594634649,0.0018078419126725171
shfa_random_threshold,SHFA,0,14,0,224,e0,0.0008197463537204962,0.0010137570669677238,0.0018335034206882202
shfa_random_threshold,SHFA,0,14,1,225,e1,0.0008197463537204962,0.0008372196186025346,0.001656965972323031
shfa_random_threshold,SHFA,0,14,2,226,e2,0.0008197463537204962,0.0012681706399215852,0.0020879169936420814
shfa_random_threshold,SHFA,0,14,3,227,e3,0.0008197463537204962,0.0010958380920499896,0.0019155844457704858
shfa_random_threshold,SHFA,0,14,4,228,e4,0.0008197463537204962,0.0007552867336460595,0.0015750330873665558
shfa_random_threshold,SHFA,0,14,5,229,e5,0.0008197463537204962,0.000783792312466452,0.0016035386661869483
shfa_random_threshold,SHFA,0,14,6,230,e6,0.0008197463537204962,0.0010234431521155686,0.0018431895058360647
shfa_random_threshold,SHFA,0,14,7,231,e7,0.0008197463537204962,0.001101444626041448,0.0019211909797619445
shfa_random_threshold,SHFA,0,14,8,232,e8,0.0008197463537204962,0.0012389984305351352,0.0020587447842556313
shfa_random_threshold,SHFA,0,14,9,233,e9,0.0008197463537204962,0.0006310541450792319,0.001450800498799728
shfa_random_threshold,SHFA,0,14,10,234,ea,0.0008197463537204962,0.0010256538586081356,0.0018454002123286318
shfa_random_threshold,SHFA,0,14,11,235,eb,0.0008197463537204962,0.0030081846735775628,0.003827931027298059
shfa_random_threshold,SHFA,0,14,12,236,ec,0.0008197463537204962,0.0010274999124833717,0.0018472462662038678
shfa_random_threshold,SHFA,0,14,13,237,ed,0.0008197463537204962,0.0012738797324616678,0.002093626086182164
shfa_random_threshold,SHFA,0,14,14,238,ee,0.0008197463537204962,0.0009213575123544308,0.001741103866074927
shfa_random_threshold,SHFA,0,14,15,239,ef,0.0008197463537204962,0.0011552992594634649,0.001975045613183961
shfa_random_threshold,SHFA,0,15,0,240,f0,0.002260574920555567,0.0010137570669677238,0.0032743319875232907
shfa_random_threshold,SHFA,0,15,1,241,f1,0.002260574920555567,0.0008372196186025346,0.003097794539158102
shfa_random_threshold,SHFA,0,15,2,242,f2,0.002260574920555567,0.0012681706399215852,0.0035287455604771523
shfa_random_threshold,SHFA,0,15,3,243,f3,0.002260574920555567,0.0010958380920499896,0.0033564130126055567
shfa_random_threshold,SHFA,0,15,4,244,f4,0.002260574920555567,0.0007552867336460595,0.003015861654201627
shfa_random_threshold,SHFA,0,15,5,245,f5,0.002260574920555567,0.000783792312466452,0.0030443672330220193
shfa_random_threshold,SHFA,0,15,6,246,f6,0.002260574920555567,0.0010234431521155686,0.0032840180726711357
shfa_random_threshold,SHFA,0,15,7,247,f7,0.002260574920555567,0.001101444626041448,0.003362019546597015
shfa_random_threshold,SHFA,0,15,8,248,f8,0.002260574920555567,0.0012389984305351352,0.0034995733510907023
shfa_random_threshold,SHFA,0,15,9,249,f9,0.002260574920555567,0.0006310541450792319,0.002891629065634799
shfa_random_threshold,SHFA,0,15,10,250,fa,0.002260574920555567,0.0010256538586081356,0.0032862287791637027
shfa_random_threshold,SHFA,0,15,11,251,fb,0.002260574920555567,0.0030081846735775628,0.0052687595941331294
shfa_random_threshold,SHFA,0,15,12,252,fc,0.002260574920555567,0.0010274999124833717,0.003288074833038939
shfa_random_threshold,SHFA,0,15,13,253,fd,0.002260574920555567,0.0012738797324616678,0.003534454653017235
shfa_random_threshold,SHFA,0,15,14,254,fe,0.002260574920555567,0.0009213575123544308,0.003181932432909998
shfa_random_threshold,SHFA,0,15,15,255,ff,0.002260574920555567,0.0011552992594634649,0.003415874180019032
shfa_random_threshold,SHFA,1,0,0,0,00,0.000614046218772457,0.0011451529546107962,0.0017591991733832532
shfa_random_threshold,SHFA,1,0,1,1,01,0.000614046218772457,0.0009027879156061079,0.001516834134378565
shfa_random_threshold,SHFA,1,0,2,2,02,0.000614046218772457,0.0010114800813779729,0.0016255263001504299
shfa_random_threshold,SHFA,1,0,3,3,03,0.000614046218772457,0.001337648116646887,0.001951694335419344
shfa_random_threshold,SHFA,1,0,4,4,04,0.000614046218772457,0.0009069620462774884,0.0015210082650499454
shfa_random_threshold,SHFA,1,0,5,5,05,0.000614046218772457,0.0009989851507498277,0.0016130313695222847
shfa_random_threshold,SHFA,1,0,6,6,06,0.000614046218772457,0.00188810244513984,0.0025021486639122967
shfa_random_threshold,SHFA,1,0,7,7,07,0.000614046218772457,0.0015857251239387274,0.0021997713427111846
shfa_random_threshold,SHFA,1,0,8,8,08,0.000614046218772457,0.001115750964004494,0.001729797182776951
shfa_random_threshold,SHFA,1,0,9,9,09,0.000614046218772457,0.0007696734238885352,0.0013837196426609922
shfa_random_threshold,SHFA,1,0,10,10,0a,0.000614046218772457,0.0013815588728543688,0.001995605091626826
shfa_random_threshold,SHFA,1,0,11,11,0b,0.000614046218772457,0.0005381007095802451,0.0011521469283527022
shfa_random_threshold,SHFA,1,0,12,12,0c,0.000614046218772457,0.0019058791156745345,0.0025199253344469915
shfa_random_threshold,SHFA,1,0,13,13,0d,0.000614046218772457,0.0006891291787624917,0.0013031753975349487
shfa_random_threshold,SHFA,1,0,14,14,0e,0.000614046218772457,0.0015508766251099006,0.0021649228438823578
shfa_random_threshold,SHFA,1,0,15,15,0f,0.000614046218772457,0.001240279195700675,0.001854325414473132
shfa_random_threshold,SHFA,1,1,0,16,10,0.0010270526437663257,0.0011451529546107962,0.002172205598377122
shfa_random_threshold,SHFA,1,1,1,17,11,0.0010270526437663257,0.0009027879156061079,0.0019298405593724337
shfa_random_threshold,SHFA,1,1,2,18,12,0.0010270526437663257,0.0010114800813779729,0.002038532725144299
shfa_random_threshold,SHFA,1,1,3,19,13,0.0010270526437663257,0.001337648116646887,0.0023647007604132124
shfa_random_threshold,SHFA,1,1,4,20,14,0.0010270526437663257,0.0009069620462774884,0.0019340146900438141
shfa_random_threshold,SHFA,1,1,5,21,15,0.0010270526437663257,0.0009989851507498277,0.0020260377945161535
shfa_random_threshold,SHFA,1,1,6,22,16,0.0010270526437663257,0.00188810244513984,0.0029151550889061654
shfa_random_threshold,SHFA,1,1,7,23,17,0.0010270526437663257,0.0015857251239387274,0.0026127777677050533
shfa_random_threshold,SHFA,1,1,8,24,18,0.0010270526437663257,0.001115750964004494,0.0021428036077708198
shfa_random_threshold,SHFA,1,1,9,25,19,0.0010270526437663257,0.0007696734238885352,0.0017967260676548609
shfa_random_threshold,SHFA,1,1,10,26,1a,0.0010270526437663257,0.0013815588728543688,0.0024086115166206947
shfa_random_threshold,SHFA,1,1,11,27,1b,0.0010270526437663257,0.0005381007095802451,0.0015651533533465709
shfa_random_threshold,SHFA,1,1,12,28,1c,0.0010270526437663257,0.0019058791156745345,0.00293293175944086
shfa_random_threshold,SHFA,1,1,13,29,1d,0.0010270526437663257,0.0006891291787624917,0.0017161818225288174
shfa_random_threshold,SHFA,1,1,14,30,1e,0.0010270526437663257,0.0015508766251099006,0.0025779292688762265
shfa_random_threshold,SHFA,1,1,15,31,1f,0.0010270526437663257,0.001240279195700675,0.0022673318394670007
shfa_random_threshold,SHFA,1,2,0,32,20,0.0007343594690204386,0.0011451529546107962,0.0018795124236312348
shfa_random_threshold,SHFA,1,2,1,33,21,0.0007343594690204386,0.0009027879156061079,0.0016371473846265466
shfa_random_threshold,SHFA,1,2,2,34,22,0.0007343594690204386,0.0010114800813779729,0.0017458395503984114
shfa_random_threshold,SHFA,1,2,3,35,23,0.0007343594690204386,0.001337648116646887,0.0020720075856673252
shfa_random_threshold,SHFA,1,2,4,36,24,0.0007343594690204386,0.0009069620462774884,0.001641321515297927
shfa_random_threshold,SHFA,1,2,5,37,25,0.0007343594690204386,0.0009989851507498277,0.0017333446197702663
shfa_random_threshold,SHFA,1,2,6,38,26,0.0007343594690204386,0.00188810244513984,0.0026224619141602783
shfa_random_threshold,SHFA,1,2,7,39,27,0.0007343594690204386,0.0015857251239387274,0.002320084592959166
shfa_random_threshold,SHFA,1,2,8,40,28,0.0007343594690204386,0.001115750964004494,0.0018501104330249326
shfa_random_threshold,SHFA,1,2,9,41,29,0.0007343594690204386,0.0007696734238885352,0.0015040328929089737
shfa_random_threshold,SHFA,1,2,10,42,2a,0.0007343594690204386,0.0013815588728543688,0.0021159183418748076
shfa_random_threshold,SHFA,1,2,11,43,2b,0.0007343594690204386,0.0005381007095802451,0.0012724601786006837
shfa_random_threshold,SHFA,1,2,12,44,2c,0.0007343594690204386,0.0019058791156745345,0.002640238584694973
shfa_random_threshold,SHFA,1,2,13,45,2d,0.0007343594690204386,0.0006891291787624917,0.0014234886477829303
shfa_random_threshold,SHFA,1,2,14,46,2e,0.0007343594690204386,0.0015508766251099006,0.0022852360941303393
shfa_random_threshold,SHFA,1,2,15,47,2f,0.0007343594690204386,0.001240279195700675,0.0019746386647211136
shfa_random_threshold,SHFA,1,3,0,48,30,0.0006079508154950226,0.0011451529546107962,0.0017531037701058187
shfa_random_threshold,SHFA,1,3,1,49,31,0.0006079508154950226,0.0009027879156061079,0.0015107387311011306
shfa_random_threshold,SHFA,1,3,2,50,32,0.0006079508154950226,0.0010114800813779729,0.0016194308968729954
shfa_random_threshold,SHFA,1,3,3,51,33,0.0006079508154950226,0.001337648116646887,0.0019455989321419094
shfa_random_threshold,SHFA,1,3,4,52,34,0.0006079508154950226,0.0009069620462774884,0.0015149128617725112
shfa_random_threshold,SHFA,1,3,5,53,35,0.0006079508154950226,0.0009989851507498277,0.0016069359662448505
shfa_random_threshold,SHFA,1,3,6,54,36,0.0006079508154950226,0.00188810244513984,0.0024960532606348625
shfa_random_threshold,SHFA,1,3,7,55,37,0.0006079508154950226,0.0015857251239387274,0.00219367593943375
shfa_random_threshold,SHFA,1,3,8,56,38,0.0006079508154950226,0.001115750964004494,0.0017237017794995168
shfa_random_threshold,SHFA,1,3,9,57,39,0.0006079508154950226,0.0007696734238885352,0.0013776242393835577
shfa_random_threshold,SHFA,1,3,10,58,3a,0.0006079508154950226,0.0013815588728543688,0.0019895096883493914
shfa_random_threshold,SHFA,1,3,11,59,3b,0.0006079508154950226,0.0005381007095802451,0.0011460515250752677
shfa_random_threshold,SHFA,1,3,12,60,3c,0.0006079508154950226,0.0019058791156745345,0.0025138299311695572
shfa_random_threshold,SHFA,1,3,13,61,3d,0.0006079508154950226,0.0006891291787624917,0.0012970799942575145
shfa_random_threshold,SHFA,1,3,14,62,3e,0.0006079508154950226,0.0015508766251099006,0.002158827440604923
shfa_random_threshold,SHFA,1,3,15,63,3f,0.0006079508154950226,0.001240279195700675,0.0018482300111956978
shfa_random_threshold,SHFA,1,4,0,64,40,0.000735282350101589,0.0011451529546107962,0.0018804353047123853
shfa_random_threshold,SHFA,1,4,1,65,41,0.000735282350101589,0.0009027879156061079,0.0016380702657076969
shfa_random_threshold,SHFA,1,4,2,66,42,0.000735282350101589,0.0010114800813779729,0.001746762431479562
shfa_random_threshold,SHFA,1,4,3,67,43,0.000735282350101589,0.001337648116646887,0.002072930466748476
shfa_random_threshold,SHFA,1,4,4,68,44,0.000735282350101589,0.0009069620462774884,0.0016422443963790773
shfa_random_threshold,SHFA,1,4,5,69,45,0.000735282350101589,0.0009989851507498277,0.0017342675008514166
shfa_random_threshold,SHFA,1,4,6,70,46,0.000735282350101589,0.00188810244513984,0.002623384795241429
shfa_random_threshold,SHFA,1,4,7,71,47,0.000735282350101589,0.0015857251239387274,0.0023210074740403165
shfa_random_threshold,SHFA,1,4,8,72,48,0.000735282350101589,0.001115750964004494,0.001851033314106083
shfa_random_threshold,SHFA,1,4,9,73,49,0.000735282350101589,0.0007696734238885352,0.0015049557739901243
shfa_random_threshold,SHFA,1,4,10,74,4a,0.000735282350101589,0.0013815588728543688,0.002116841222955958
shfa_random_threshold,SHFA,1,4,11,75,4b,0.000735282350101589,0.0005381007095802451,0.001273383059681834
shfa_random_threshold,SHFA,1,4,12,76,4c,0.000735282350101589,0.0019058791156745345,0.0026411614657761233
shfa_random_threshold,SHFA,1,4,13,77,4d,0.000735282350101589,0.0006891291787624917,0.0014244115288640806
shfa_random_threshold,SHFA,1,4,14,78,4e,0.000735282350101589,0.0015508766251099006,0.0022861589752114896
shfa_random_threshold,SHFA,1,4,15,79,4f,0.000735282350101589,0.001240279195700675,0.001975561545802264
shfa_random_threshold,SHFA,1,5,0,80,50,0.0007264224174636802,0.0011451529546107962,0.0018715753720744764
shfa_random_threshold,SHFA,1,5,1,81,51,0.0007264224174636802,0.0009027879156061079,0.0016292103330697882
shfa_random_threshold,SHFA,1,5,2,82,52,0.0007264224174636802,0.0010114800813779729,0.001737902498841653
shfa_random_threshold,SHFA,1,5,3,83,53,0.0007264224174636802,0.001337648116646887,0.002064070534110567
shfa_random_threshold,SHFA,1,5,4,84,54,0.0007264224174636802,0.0009069620462774884,0.0016333844637411686
shfa_random_threshold,SHFA,1,5,5,85,55,0.0007264224174636802,0.0009989851507498277,0.001725407568213508
shfa_random_threshold,SHFA,1,5,6,86,56,0.0007264224174636802,0.00188810244513984,0.00261452486260352
shfa_random_threshold,SHFA,1,5,7,87,57,0.0007264224174636802,0.0015857251239387274,0.002312147541402408
shfa_random_threshold,SHFA,1,5,8,88,58,0.0007264224174636802,0.001115750964004494,0.0018421733814681742
shfa_random_threshold,SHFA,1,5,9,89,59,0.0007264224174636802,0.0007696734238885352,0.0014960958413522153
shfa_random_threshold,SHFA,1,5,10,90,5a,0.0007264224174636802,0.0013815588728543688,0.002107981290318049
shfa_random_threshold,SHFA,1,5,11,91,5b,0.0007264224174636802,0.0005381007095802451,0.0012645231270439253
shfa_random_threshold,SHFA,1,5,12,92,5c,0.0007264224174636802,0.0019058791156745345,0.0026323015331382147
shfa_random_threshold,SHFA,1,5,13,93,5d,0.0007264224174636802,0.0006891291787624917,0.0014155515962261719
shfa_random_threshold,SHFA,1,5,14,94,5e,0.0007264224174636802,0.0015508766251099006,0.002277299042573581
shfa_random_threshold,SHFA,1,5,15,95,5f,0.0007264224174636802,0.001240279195700675,0.001966701613164355
shfa_random_threshold,SHFA,1,6,0,96,60,0.0006064382778538503,0.0011451529546107962,0.0017515912324646465
shfa_random_threshold,SHFA,1,6,1,97,61,0.0006064382778538503,0.0009027879156061079,0.0015092261934599584
shfa_random_threshold,SHFA,1,6,2,98,62,0.0006064382778538503,0.0010114800813779729,0.0016179183592318232
shfa_random_threshold,SHFA,1,6,3,99,63,0.0006064382778538503,0.001337648116646887,0.0019440863945007372
shfa_random_threshold,SHFA,1,6,4,100,64,0.0006064382778538503,0.0009069620462774884,0.0015134003241313388
shfa_random_threshold,SHFA,1,6,5,101,65,0.0006064382778538503,0.0009989851507498277,0.001605423428603678
shfa_random_threshold,SHFA,1,6,6,102,66,0.0006064382778538503,0.00188810244513984,0.00249454072299369
shfa_random_threshold,SHFA,1,6,7,103,67,0.0006064382778538503,0.0015857251239387274,0.002192163401792578
shfa_random_threshold,SHFA,1,6,8,104,68,0.0006064382778538503,0.001115750964004494,0.0017221892418583444
shfa_random_threshold,SHFA,1,6,9,105,69,0.0006064382778538503,0.0007696734238885352,0.0013761117017423855
shfa_random_threshold,SHFA,1,6,10,106,6a,0.0006064382778538503,0.0013815588728543688,0.0019879971507082194
shfa_random_threshold,SHFA,1,6,11,107,6b,0.0006064382778538503,0.0005381007095802451,0.0011445389874340955
shfa_random_threshold,SHFA,1,6,12,108,6c,0.0006064382778538503,0.0019058791156745345,0.002512317393528385
shfa_random_threshold,SHFA,1,6,13,109,6d,0.0006064382778538503,0.0006891291787624917,0.001295567456616342
shfa_random_threshold,SHFA,1,6,14,110,6e,0.0006064382778538503,0.0015508766251099006,0.002157314902963751
shfa_random_threshold,SHFA,1,6,15,111,6f,0.0006064382778538503,0.001240279195700675,0.0018467174735545253
shfa_random_threshold,SHFA,1,7,0,112,70,0.0006329920211753899,0.0011451529546107962,0.001778144975786186
shfa_random_threshold,SHFA,1,7,1,113,71,0.0006329920211753899,0.0009027879156061079,0.0015357799367814978
shfa_random_threshold,SHFA,1,7,2,114,72,0.0006329920211753899,0.0010114800813779729,0.0016444721025533626
shfa_random_threshold,SHFA,1,7,3,115,73,0.0006329920211753899,0.001337648116646887,0.0019706401378222767
shfa_random_threshold,SHFA,1,7,4,116,74,0.0006329920211753899,0.0009069620462774884,0.0015399540674528784
shfa_random_threshold,SHFA,1,7,5,117,75,0.0006329920211753899,0.0009989851507498277,0.0016319771719252177
shfa_random_threshold,SHFA,1,7,6,118,76,0.0006329920211753899,0.00188810244513984,0.0025210944663152297
shfa_random_threshold,SHFA,1,7,7,119,77,0.0006329920211753899,0.0015857251239387274,0.002218717145114117
shfa_random_threshold,SHFA,1,7,8,120,78,0.0006329920211753899,0.001115750964004494,0.001748742985179884
shfa_random_threshold,SHFA,1,7,9,121,79,0.0006329920211753899,0.0007696734238885352,0.001402665445063925
shfa_random_threshold,SHFA,1,7,10,122,7a,0.0006329920211753899,0.0013815588728543688,0.0020145508940297586
shfa_random_threshold,SHFA,1,7,11,123,7b,0.0006329920211753899,0.0005381007095802451,0.001171092730755635
shfa_random_threshold,SHFA,1,7,12,124,7c,0.0006329920211753899,0.0019058791156745345,0.0025388711368499245
shfa_random_threshold,SHFA,1,7,13,125,7d,0.0006329920211753899,0.0006891291787624917,0.0013221211999378817
shfa_random_threshold,SHFA,1,7,14,126,7e,0.0006329920211753899,0.0015508766251099006,0.0021838686462852903
shfa_random_threshold,SHFA,1,7,15,127,7f,0.0006329920211753899,0.001240279195700675,0.001873271216876065
shfa_random_threshold,SHFA,1,8,0,128,80,0.0006742460396677052,0.0011451529546107962,0.0018193989942785014
shfa_random_threshold,SHFA,1,8,1,129,81,0.0006742460396677052,0.0009027879156061079,0.001577033955273813
shfa_random_threshold,SHFA,1,8,2,130,82,0.0006742460396677052,0.0010114800813779729,0.001685726121045678
shfa_random_threshold,SHFA,1,8,3,131,83,0.0006742460396677052,0.001337648116646887,0.002011894156314592
shfa_random_threshold,SHFA,1,8,4,132,84,0.0006742460396677052,0.0009069620462774884,0.0015812080859451936
shfa_random_threshold,SHFA,1,8,5,133,85,0.0006742460396677052,0.0009989851507498277,0.001673231190417533
shfa_random_threshold,SHFA,1,8,6,134,86,0.0006742460396677052,0.00188810244513984,0.002562348484807545
shfa_random_threshold,SHFA,1,8,7,135,87,0.0006742460396677052,0.0015857251239387274,0.0022599711636064326
shfa_random_threshold,SHFA,1,8,8,136,88,0.0006742460396677052,0.001115750964004494,0.0017899970036721992
shfa_random_threshold,SHFA,1,8,9,137,89,0.0006742460396677052,0.0007696734238885352,0.0014439194635562404
shfa_random_threshold,SHFA,1,8,10,138,8a,0.0006742460396677052,0.0013815588728543688,0.002055804912522074
shfa_random_threshold,SHFA,1,8,11,139,8b,0.0006742460396677052,0.0005381007095802451,0.0012123467492479501
shfa_random_threshold,SHFA,1,8,12,140,8c,0.0006742460396677052,0.0019058791156745345,0.00258012515534224
shfa_random_threshold,SHFA,1,8,13,141,8d,0.0006742460396677052,0.0006891291787624917,0.001363375218430197
shfa_random_threshold,SHFA,1,8,14,142,8e,0.0006742460396677052,0.0015508766251099006,0.0022251226647776057
shfa_random_threshold,SHFA,1,8,15,143,8f,0.0006742460396677052,0.001240279195700675,0.0019145252353683802
shfa_random_threshold,SHFA,1,9,0,144,90,0.0010153321911651482,0.0011451529546107962,0.0021604851457759445
shfa_random_threshold,SHFA,1,9,1,145,91,0.0010153321911651482,0.0009027879156061079,0.001918120106771256
shfa_random_threshold,SHFA,1,9,2,146,92,0.0010153321911651482,0.0010114800813779729,0.002026812272543121
shfa_random_threshold,SHFA,1,9,3,147,93,0.0010153321911651482,0.001337648116646887,0.002352980307812035
shfa_random_threshold,SHFA,1,9,4,148,94,0.0010153321911651482,0.0009069620462774884,0.0019222942374426367
shfa_random_threshold,SHFA,1,9,5,149,95,0.0010153321911651482,0.0009989851507498277,0.002014317341914976
shfa_random_threshold,SHFA,1,9,6,150,96,0.0010153321911651482,0.00188810244513984,0.002903434636304988
shfa_random_threshold,SHFA,1,9,7,151,97,0.0010153321911651482,0.0015857251239387274,0.0026010573151038757
shfa_random_threshold,SHFA,1,9,8,152,98,0.0010153321911651482,0.001115750964004494,0.0021310831551696425
shfa_random_threshold,SHFA,1,9,9,153,99,0.0010153321911651482,0.0007696734238885352,0.0017850056150536834
shfa_random_threshold,SHFA,1,9,10,154,9a,0.0010153321911651482,0.0013815588728543688,0.002396891064019517
shfa_random_threshold,SHFA,1,9,11,155,9b,0.0010153321911651482,0.0005381007095802451,0.0015534329007453932
shfa_random_threshold,SHFA,1,9,12,156,9c,0.0010153321911651482,0.0019058791156745345,0.002921211306839683
shfa_random_threshold,SHFA,1,9,13,157,9d,0.0010153321911651482,0.0006891291787624917,0.00170446136992764
shfa_random_threshold,SHFA,1,9,14,158,9e,0.0010153321911651482,0.0015508766251099006,0.002566208816275049
shfa_random_threshold,SHFA,1,9,15,159,9f,0.0010153321911651482,0.001240279195700675,0.0022556113868658235
shfa_random_threshold,SHFA,1,10,0,160,a0,0.0008624808691585688,0.0011451529546107962,0.002007633823769365
shfa_random_threshold,SHFA,1,10,1,161,a1,0.0008624808691585688,0.0009027879156061079,0.0017652687847646768
shfa_random_threshold,SHFA,1,10,2,162,a2,0.0008624808691585688,0.0010114800813779729,0.0018739609505365417
shfa_random_threshold,SHFA,1,10,3,163,a3,0.0008624808691585688,0.001337648116646887,0.0022001289858054555
shfa_random_threshold,SHFA,1,10,4,164,a4,0.0008624808691585688,0.0009069620462774884,0.0017694429154360572
shfa_random_threshold,SHFA,1,10,5,165,a5,0.0008624808691585688,0.0009989851507498277,0.0018614660199083965
shfa_random_threshold,SHFA,1,10,6,166,a6,0.0008624808691585688,0.00188810244513984,0.0027505833142984085
shfa_random_threshold,SHFA,1,10,7,167,a7,0.0008624808691585688,0.0015857251239387274,0.0024482059930972964
shfa_random_threshold,SHFA,1,10,8,168,a8,0.0008624808691585688,0.001115750964004494,0.001978231833163063
shfa_random_threshold,SHFA,1,10,9,169,a9,0.0008624808691585688,0.0007696734238885352,0.001632154293047104
shfa_random_threshold,SHFA,1,10,10,170,aa,0.0008624808691585688,0.0013815588728543688,0.002244039742012938
shfa_random_threshold,SHFA,1,10,11,171,ab,0.0008624808691585688,0.0005381007095802451,0.001400581578738814
shfa_random_threshold,SHFA,1,10,12,172,ac,0.0008624808691585688,0.0019058791156745345,0.0027683599848331033
shfa_random_threshold,SHFA,1,10,13,173,ad,0.0008624808691585688,0.0006891291787624917,0.0015516100479210605
shfa_random_threshold,SHFA,1,10,14,174,ae,0.0008624808691585688,0.0015508766251099006,0.0024133574942684696
shfa_random_threshold,SHFA,1,10,15,175,af,0.0008624808691585688,0.001240279195700675,0.002102760064859244
shfa_random_threshold,SHFA,1,11,0,176,b0,0.0006433260952133531,0.0011451529546107962,0.0017884790498241493
shfa_random_threshold,SHFA,1,11,1,177,b1,0.0006433260952133531,0.0009027879156061079,0.0015461140108194611
shfa_random_threshold,SHFA,1,11,2,178,b2,0.0006433260952133531,0.0010114800813779729,0.001654806176591326
shfa_random_threshold,SHFA,1,11,3,179,b3,0.0006433260952133531,0.001337648116646887,0.0019809742118602402
shfa_random_threshold,SHFA,1,11,4,180,b4,0.0006433260952133531,0.0009069620462774884,0.0015502881414908415
shfa_random_threshold,SHFA,1,11,5,181,b5,0.0006433260952133531,0.0009989851507498277,0.0016423112459631808
shfa_random_threshold,SHFA,1,11,6,182,b6,0.0006433260952133531,0.00188810244513984,0.0025314285403531932
shfa_random_threshold,SHFA,1,11,7,183,b7,0.0006433260952133531,0.0015857251239387274,0.0022290512191520803
shfa_random_threshold,SHFA,1,11,8,184,b8,0.0006433260952133531,0.001115750964004494,0.0017590770592178472
shfa_random_threshold,SHFA,1,11,9,185,b9,0.0006433260952133531,0.0007696734238885352,0.0014129995191018883
shfa_random_threshold,SHFA,1,11,10,186,ba,0.0006433260952133531,0.0013815588728543688,0.0020248849680677217
shfa_random_threshold,SHFA,1,11,11,187,bb,0.0006433260952133531,0.0005381007095802451,0.0011814268047935983
shfa_random_threshold,SHFA,1,11,12,188,bc,0.0006433260952133531,0.0019058791156745345,0.0025492052108878876
shfa_random_threshold,SHFA,1,11,13,189,bd,0.0006433260952133531,0.0006891291787624917,0.0013324552739758448
shfa_random_threshold,SHFA,1,11,14,190,be,0.0006433260952133531,0.0015508766251099006,0.0021942027203232534
shfa_random_threshold,SHFA,1,11,15,191,bf,0.0006433260952133531,0.001240279195700675,0.0018836052909140281
shfa_random_threshold,SHFA,1,12,0,192,c0,0.0011417216465700055,0.0011451529546107962,0.0022868746011808017
shfa_random_threshold,SHFA,1,12,1,193,c1,0.0011417216465700055,0.0009027879156061079,0.0020445095621761133
shfa_random_threshold,SHFA,1,12,2,194,c2,0.0011417216465700055,0.0010114800813779729,0.0021532017279479784
shfa_random_threshold,SHFA,1,12,3,195,c3,0.0011417216465700055,0.001337648116646887,0.0024793697632168924
shfa_random_threshold,SHFA,1,12,4,196,c4,0.0011417216465700055,0.0009069620462774884,0.0020486836928474937
shfa_random_threshold,SHFA,1,12,5,197,c5,0.0011417216465700055,0.0009989851507498277,0.0021407067973198335
shfa_random_threshold,SHFA,1,12,6,198,c6,0.0011417216465700055,0.00188810244513984,0.0030298240917098454
shfa_random_threshold,SHFA,1,12,7,199,c7,0.0011417216465700055,0.0015857251239387274,0.002727446770508733
shfa_random_threshold,SHFA,1,12,8,200,c8,0.0011417216465700055,0.001115750964004494,0.0022574726105744998
shfa_random_threshold,SHFA,1,12,9,201,c9,0.0011417216465700055,0.0007696734238885352,0.0019113950704585407
shfa_random_threshold,SHFA,1,12,10,202,ca,0.0011417216465700055,0.0013815588728543688,0.0025232805194243743
shfa_random_threshold,SHFA,1,12,11,203,cb,0.0011417216465700055,0.0005381007095802451,0.0016798223561502504
shfa_random_threshold,SHFA,1,12,12,204,cc,0.0011417216465700055,0.0019058791156745345,0.00304760076224454
shfa_random_threshold,SHFA,1,12,13,205,cd,0.0011417216465700055,0.0006891291787624917,0.0018308508253324972
shfa_random_threshold,SHFA,1,12,14,206,ce,0.0011417216465700055,0.0015508766251099006,0.002692598271679906
shfa_random_threshold,SHFA,1,12,15,207,cf,0.0011417216465700055,0.001240279195700675,0.0023820008422706807
shfa_random_threshold,SHFA,1,13,0,208,d0,0.0013390262167306,0.0011451529546107962,0.0024841791713413964
shfa_random_threshold,SHFA,1,13,1,209,d1,0.0013390262167306,0.0009027879156061079,0.002241814132336708
shfa_random_threshold,SHFA,1,13,2,210,d2,0.0013390262167306,0.0010114800813779729,0.002350506298108573
shfa_random_threshold,SHFA,1,13,3,211,d3,0.0013390262167306,0.001337648116646887,0.0026766743333774866
shfa_random_threshold,SHFA,1,13,4,212,d4,0.0013390262167306,0.0009069620462774884,0.0022459882630080884
shfa_random_threshold,SHFA,1,13,5,213,d5,0.0013390262167306,0.0009989851507498277,0.0023380113674804277
shfa_random_threshold,SHFA,1,13,6,214,d6,0.0013390262167306,0.00188810244513984,0.0032271286618704396
shfa_random_threshold,SHFA,1,13,7,215,d7,0.0013390262167306,0.0015857251239387274,0.0029247513406693276
shfa_random_threshold,SHFA,1,13,8,216,d8,0.0013390262167306,0.001115750964004494,0.002454777180735094
shfa_random_threshold,SHFA,1,13,9,217,d9,0.0013390262167306,0.0007696734238885352,0.0021086996406191353
shfa_random_threshold,SHFA,1,13,10,218,da,0.0013390262167306,0.0013815588728543688,0.002720585089584969
shfa_random_threshold,SHFA,1,13,11,219,db,0.0013390262167306,0.0005381007095802451,0.001877126926310845
shfa_random_threshold,SHFA,1,13,12,220,dc,0.0013390262167306,0.0019058791156745345,0.0032449053324051344
shfa_random_threshold,SHFA,1,13,13,221,dd,0.0013390262167306,0.0006891291787624917,0.0020281553954930916
shfa_random_threshold,SHFA,1,13,14,222,de,0.0013390262167306,0.0015508766251099006,0.0028899028418405007
shfa_random_threshold,SHFA,1,13,15,223,df,0.0013390262167306,0.001240279195700675,0.002579305412431275
shfa_random_threshold,SHFA,1,14,0,224,e0,0.0009229398646813616,0.0011451529546107962,0.0020680928192921577
shfa_random_threshold,SHFA,1,14,1,225,e1,0.0009229398646813616,0.0009027879156061079,0.0018257277802874695
shfa_random_threshold,SHFA,1,14,2,226,e2,0.0009229398646813616,0.0010114800813779729,0.0019344199460593343
shfa_random_threshold,SHFA,1,14,3,227,e3,0.0009229398646813616,0.001337648116646887,0.0022605879813282484
shfa_random_threshold,SHFA,1,14,4,228,e4,0.0009229398646813616,0.0009069620462774884,0.0018299019109588501
shfa_random_threshold,SHFA,1,14,5,229,e5,0.0009229398646813616,0.0009989851507498277,0.0019219250154311894
shfa_random_threshold,SHFA,1,14,6,230,e6,0.0009229398646813616,0.00188810244513984,0.0028110423098212014
shfa_random_threshold,SHFA,1,14,7,231,e7,0.0009229398646813616,0.0015857251239387274,0.002508664988620089
shfa_random_threshold,SHFA,1,14,8,232,e8,0.0009229398646813616,0.001115750964004494,0.0020386908286858557
shfa_random_threshold,SHFA,1,14,9,233,e9,0.0009229398646813616,0.0007696734238885352,0.0016926132885698966
shfa_random_threshold,SHFA,1,14,10,234,ea,0.0009229398646813616,0.0013815588728543688,0.0023044987375357303
shfa_random_threshold,SHFA,1,14,11,235,eb,0.0009229398646813616,0.0005381007095802451,0.0014610405742616066
shfa_random_threshold,SHFA,1,14,12,236,ec,0.0009229398646813616,0.0019058791156745345,0.002828818980355896
shfa_random_threshold,SHFA,1,14,13,237,ed,0.0009229398646813616,0.0006891291787624917,0.0016120690434438534
shfa_random_threshold,SHFA,1,14,14,238,ee,0.0009229398646813616,0.0015508766251099006,0.002473816489791262
shfa_random_threshold,SHFA,1,14,15,239,ef,0.0009229398646813616,0.001240279195700675,0.0021632190603820367
shfa_random_threshold,SHFA,1,15,0,240,f0,0.000987193231603178,0.0011451529546107962,0.002132346186213974
shfa_random_threshold,SHFA,1,15,1,241,f1,0.000987193231603178,0.0009027879156061079,0.0018899811472092858
shfa_random_threshold,SHFA,1,15,2,242,f2,0.000987193231603178,0.0010114800813779729,0.001998673312981151
shfa_random_threshold,SHFA,1,15,3,243,f3,0.000987193231603178,0.001337648116646887,0.002324841348250065
shfa_random_threshold,SHFA,1,15,4,244,f4,0.000987193231603178,0.0009069620462774884,0.0018941552778806664
shfa_random_threshold,SHFA,1,15,5,245,f5,0.000987193231603178,0.0009989851507498277,0.001986178382353006
shfa_random_threshold,SHFA,1,15,6,246,f6,0.000987193231603178,0.00188810244513984,0.002875295676743018
shfa_random_threshold,SHFA,1,15,7,247,f7,0.000987193231603178,0.0015857251239387274,0.0025729183555419054
shfa_random_threshold,SHFA,1,15,8,248,f8,0.000987193231603178,0.001115750964004494,0.0021029441956076722
shfa_random_threshold,SHFA,1,15,9,249,f9,0.000987193231603178,0.0007696734238885352,0.0017568666554917131
shfa_random_threshold,SHFA,1,15,10,250,fa,0.000987193231603178,0.0013815588728543688,0.002368752104457547
shfa_random_threshold,SHFA,1,15,11,251,fb,0.000987193231603178,0.0005381007095802451,0.001525293941183423
shfa_random_threshold,SHFA,1,15,12,252,fc,0.000987193231603178,0.0019058791156745345,0.0028930723472777127
shfa_random_threshold,SHFA,1,15,13,253,fd,0.000987193231603178,0.0006891291787624917,0.0016763224103656697
shfa_random_threshold,SHFA,1,15,14,254,fe,0.000987193231603178,0.0015508766251099006,0.0025380698567130785
shfa_random_threshold,SHFA,1,15,15,255,ff,0.000987193231603178,0.001240279195700675,0.002227472427303853
shfa_random_budget,SHFA,0,0,0,0,00,0.0001012220043366163,0.00019688214402118788,0.00029810414835780417
shfa_random_budget,SHFA,0,0,1,1,01,0.0001012220043366163,0.00014559926870294772,0.00024682127303956404
shfa_random_budget,SHFA,0,0,2,2,02,0.0001012220043366163,0.00010010145163406041,0.0002013234559706767
shfa_random_budget,SHFA,0,0,3,3,03,0.0001012220043366163,7.417399769434313e-05,0.0001753960020309594
shfa_random_budget,SHFA,0,0,4,4,04,0.0001012220043366163,0.00012315970829620716,0.00022438171263282347
shfa_random_budget,SHFA,0,0,5,5,05,0.0001012220043366163,0.00013406656332630145,0.00023528856766291776
shfa_random_budget,SHFA,0,0,6,6,06,0.0001012220043366163,0.00021819705614945713,0.00031941906048607344
shfa_random_budget,SHFA,0,0,7,7,07,0.0001012220043366163,8.416306594441192e-05,0.00018538507028102822
shfa_random_budget,SHFA,0,0,8,8,08,0.0001012220043366163,0.00019250272026407217,0.00029372472460068846
shfa_random_budget,SHFA,0,0,9,9,09,0.0001012220043366163,0.00014601772703619266,0.00024723973137280895
shfa_random_budget,SHFA,0,0,10,10,0a,0.0001012220043366163,0.00017835045825480728,0.00027957246259142357
shfa_random_budget,SHFA,0,0,11,11,0b,0.0001012220043366163,0.0003502711004623024,0.0004514931047989187
shfa_random_budget,SHFA,0,0,12,12,0c,0.0001012220043366163,7.168195718564305e-05,0.00017290396152225935
shfa_random_budget,SHFA,0,0,13,13,0d,0.0001012220043366163,0.00012835961061859685,0.00022958161495521313
shfa_random_budget,SHFA,0,0,14,14,0e,0.0001012220043366163,0.00011170644260784128,0.00021292844694445758
shfa_random_budget,SHFA,0,0,15,15,0f,0.0001012220043366163,0.00012712518506126738,0.00022834718939788366
shfa_random_budget,SHFA,0,1,0,16,10,0.00011600764991737887,0.00019688214402118788,0.00031288979393856675
shfa_random_budget,SHFA,0,1,1,17,11,0.00011600764991737887,0.00014559926870294772,0.00026160691862032656
shfa_random_budget,SHFA,0,1,2,18,12,0.00011600764991737887,0.00010010145163406041,0.00021610910155143927
shfa_random_budget,SHFA,0,1,3,19,13,0.00011600764991737887,7.417399769434313e-05,0.000190181647611722
shfa_random_budget,SHFA,0,1,4,20,14,0.00011600764991737887,0.00012315970829620716,0.00023916735821358603
shfa_random_budget,SHFA,0,1,5,21,15,0.00011600764991737887,0.00013406656332630145,0.0002500742132436803
shfa_random_budget,SHFA,0,1,6,22,16,0.00011600764991737887,0.00021819705614945713,0.000334204706066836
shfa_random_budget,SHFA,0,1,7,23,17,0.00011600764991737887,8.416306594441192e-05,0.0002001707158617908
shfa_random_budget,SHFA,0,1,8,24,18,0.00011600764991737887,0.00019250272026407217,0.00030851037018145104
shfa_random_budget,SHFA,0,1,9,25,19,0.00011600764991737887,0.00014601772703619266,0.00026202537695357153
shfa_random_budget,SHFA,0,1,10,26,1a,0.00011600764991737887,0.00017835045825480728,0.00029435810817218615
shfa_random_budget,SHFA,0,1,11,27,1b,0.00011600764991737887,0.0003502711004623024,0.0004662787503796813
shfa_random_budget,SHFA,0,1,12,28,1c,0.00011600764991737887,7.168195718564305e-05,0.00018768960710302193
shfa_random_budget,SHFA,0,1,13,29,1d,0.00011600764991737887,0.00012835961061859685,0.0002443672605359757
shfa_random_budget,SHFA,0,1,14,30,1e,0.00011600764991737887,0.00011170644260784128,0.00022771409252522013
shfa_random_budget,SHFA,0,1,15,31,1f,0.00011600764991737887,0.00012712518506126738,0.00024313283497864625
shfa_random_budget,SHFA,0,2,0,32,20,0.0001280389240244111,0.00019688214402118788,0.000324921068045599
shfa_random_budget,SHFA,0,2,1,33,21,0.0001280389240244111,0.00014559926870294772,0.0002736381927273588
shfa_random_budget,SHFA,0,2,2,34,22,0.0001280389240244111,0.00010010145163406041,0.0002281403756584715
shfa_random_budget,SHFA,0,2,3,35,23,0.0001280389240244111,7.417399769434313e-05,0.00020221292171875423
shfa_random_budget,SHFA,0,2,4,36,24,0.0001280389240244111,0.00012315970829620716,0.0002511986323206183
shfa_random_budget,SHFA,0,2,5,37,25,0.0001280389240244111,0.00013406656332630145,0.0002621054873507125
shfa_random_budget,SHFA,0,2,6,38,26,0.0001280389240244111,0.00021819705614945713,0.00034623598017386825
shfa_random_budget,SHFA,0,2,7,39,27,0.0001280389240244111,8.416306594441192e-05,0.00021220198996882303
shfa_random_budget,SHFA,0,2,8,40,28,0.0001280389240244111,0.00019250272026407217,0.0003205416442884833
shfa_random_budget,SHFA,0,2,9,41,29,0.0001280389240244111,0.00014601772703619266,0.00027405665106060376
shfa_random_budget,SHFA,0,2,10,42,2a,0.0001280389240244111,0.00017835045825480728,0.0003063893822792184
shfa_random_budget,SHFA,0,2,11,43,2b,0.0001280389240244111,0.0003502711004623024,0.0004783100244867135
shfa_random_budget,SHFA,0,2,12,44,2c,0.0001280389240244111,7.168195718564305e-05,0.00019972088121005416
shfa_random_budget,SHFA,0,2,13,45,2d,0.0001280389240244111,0.00012835961061859685,0.00025639853464300795
shfa_random_budget,SHFA,0,2,14,46,2e,0.0001280389240244111,0.00011170644260784128,0.00023974536663225237
shfa_random_budget,SHFA,0,2,15,47,2f,0.0001280389240244111,0.00012712518506126738,0.0002551641090856785
shfa_random_budget,SHFA,0,3,0,48,30,0.00011371264203663241,0.00019688214402118788,0.00031059478605782026
shfa_random_budget,SHFA,0,3,1,49,31,0.00011371264203663241,0.00014559926870294772,0.00025931191073958013
shfa_random_budget,SHFA,0,3,2,50,32,0.00011371264203663241,0.00010010145163406041,0.00021381409367069283
shfa_random_budget,SHFA,0,3,3,51,33,0.00011371264203663241,7.417399769434313e-05,0.00018788663973097553
shfa_random_budget,SHFA,0,3,4,52,34,0.00011371264203663241,0.00012315970829620716,0.00023687235033283957
shfa_random_budget,SHFA,0,3,5,53,35,0.00011371264203663241,0.00013406656332630145,0.00024777920536293385
shfa_random_budget,SHFA,0,3,6,54,36,0.00011371264203663241,0.00021819705614945713,0.00033190969818608953
shfa_random_budget,SHFA,0,3,7,55,37,0.00011371264203663241,8.416306594441192e-05,0.0001978757079810443
shfa_random_budget,SHFA,0,3,8,56,38,0.00011371264203663241,0.00019250272026407217,0.0003062153623007046
shfa_random_budget,SHFA,0,3,9,57,39,0.00011371264203663241,0.00014601772703619266,0.00025973036907282504
shfa_random_budget,SHFA,0,3,10,58,3a,0.00011371264203663241,0.00017835045825480728,0.0002920631002914397
shfa_random_budget,SHFA,0,3,11,59,3b,0.00011371264203663241,0.0003502711004623024,0.0004639837424989348
shfa_random_budget,SHFA,0,3,12,60,3c,0.00011371264203663241,7.168195718564305e-05,0.00018539459922227544
shfa_random_budget,SHFA,0,3,13,61,3d,0.00011371264203663241,0.00012835961061859685,0.00024207225265522925
shfa_random_budget,SHFA,0,3,14,62,3e,0.00011371264203663241,0.00011170644260784128,0.0002254190846444737
shfa_random_budget,SHFA,0,3,15,63,3f,0.00011371264203663241,0.00012712518506126738,0.00024083782709789978
shfa_random_budget,SHFA,0,4,0,64,40,0.00020006360944047394,0.00019688214402118788,0.0003969457534616618
shfa_random_budget,SHFA,0,4,1,65,41,0.00020006360944047394,0.00014559926870294772,0.00034566287814342164
shfa_random_budget,SHFA,0,4,2,66,42,0.00020006360944047394,0.00010010145163406041,0.00030016506107453434
shfa_random_budget,SHFA,0,4,3,67,43,0.00020006360944047394,7.417399769434313e-05,0.00027423760713481707
shfa_random_budget,SHFA,0,4,4,68,44,0.00020006360944047394,0.00012315970829620716,0.00032322331773668113
shfa_random_budget,SHFA,0,4,5,69,45,0.00020006360944047394,0.00013406656332630145,0.00033413017276677536
shfa_random_budget,SHFA,0,4,6,70,46,0.00020006360944047394,0.00021819705614945713,0.0004182606655899311
shfa_random_budget,SHFA,0,4,7,71,47,0.00020006360944047394,8.416306594441192e-05,0.0002842266753848859
shfa_random_budget,SHFA,0,4,8,72,48,0.00020006360944047394,0.00019250272026407217,0.0003925663297045461
shfa_random_budget,SHFA,0,4,9,73,49,0.00020006360944047394,0.00014601772703619266,0.0003460813364766666
shfa_random_budget,SHFA,0,4,10,74,4a,0.00020006360944047394,0.00017835045825480728,0.0003784140676952812
shfa_random_budget,SHFA,0,4,11,75,4b,0.00020006360944047394,0.0003502711004623024,0.0005503347099027763
shfa_random_budget,SHFA,0,4,12,76,4c,0.00020006360944047394,7.168195718564305e-05,0.000271745566626117
shfa_random_budget,SHFA,0,4,13,77,4d,0.00020006360944047394,0.00012835961061859685,0.0003284232200590708
shfa_random_budget,SHFA,0,4,14,78,4e,0.00020006360944047394,0.00011170644260784128,0.0003117700520483152
shfa_random_budget,SHFA,0,4,15,79,4f,0.00020006360944047394,0.00012712518506126738,0.0003271887945017413
shfa_random_budget,SHFA,0,5,0,80,50,0.00012164529737703652,0.00019688214402118788,0.0003185274413982244
shfa_random_budget,SHFA,0,5,1,81,51,0.00012164529737703652,0.00014559926870294772,0.00026724456607998424
shfa_random_budget,SHFA,0,5,2,82,52,0.00012164529737703652,0.00010010145163406041,0.00022174674901109695
shfa_random_budget,SHFA,0,5,3,83,53,0.00012164529737703652,7.417399769434313e-05,0.00019581929507137965
shfa_random_budget,SHFA,0,5,4,84,54,0.00012164529737703652,0.00012315970829620716,0.0002448050056732437
shfa_random_budget,SHFA,0,5,5,85,55,0.00012164529737703652,0.00013406656332630145,0.00025571186070333797
shfa_random_budget,SHFA,0,5,6,86,56,0.00012164529737703652,0.00021819705614945713,0.00033984235352649365
shfa_random_budget,SHFA,0,5,7,87,57,0.00012164529737703652,8.416306594441192e-05,0.00020580836332144843
shfa_random_budget,SHFA,0,5,8,88,58,0.00012164529737703652,0.00019250272026407217,0.0003141480176411087
shfa_random_budget,SHFA,0,5,9,89,59,0.00012164529737703652,0.00014601772703619266,0.00026766302441322916
shfa_random_budget,SHFA,0,5,10,90,5a,0.00012164529737703652,0.00017835045825480728,0.00029999575563184383
shfa_random_budget,SHFA,0,5,11,91,5b,0.00012164529737703652,0.0003502711004623024,0.0004719163978393389
shfa_random_budget,SHFA,0,5,12,92,5c,0.00012164529737703652,7.168195718564305e-05,0.00019332725456267956
shfa_random_budget,SHFA,0,5,13,93,5d,0.00012164529737703652,0.00012835961061859685,0.0002500049079956334
shfa_random_budget,SHFA,0,5,14,94,5e,0.00012164529737703652,0.00011170644260784128,0.0002333517399848778
shfa_random_budget,SHFA,0,5,15,95,5f,0.00012164529737703652,0.00012712518506126738,0.00024877048243830387
shfa_random_budget,SHFA,0,6,0,96,60,0.00012396805242968165,0.00019688214402118788,0.00032085019645086953
shfa_random_budget,SHFA,0,6,1,97,61,0.00012396805242968165,0.00014559926870294772,0.00026956732113262935
shfa_random_budget,SHFA,0,6,2,98,62,0.00012396805242968165,0.00010010145163406041,0.00022406950406374205
shfa_random_budget,SHFA,0,6,3,99,63,0.00012396805242968165,7.417399769434313e-05,0.00019814205012402478
shfa_random_budget,SHFA,0,6,4,100,64,0.00012396805242968165,0.00012315970829620716,0.00024712776072588884
shfa_random_budget,SHFA,0,6,5,101,65,0.00012396805242968165,0.00013406656332630145,0.00025803461575598307
shfa_random_budget,SHFA,0,6,6,102,66,0.00012396805242968165,0.00021819705614945713,0.0003421651085791388
shfa_random_budget,SHFA,0,6,7,103,67,0.00012396805242968165,8.416306594441192e-05,0.00020813111837409358
shfa_random_budget,SHFA,0,6,8,104,68,0.00012396805242968165,0.00019250272026407217,0.0003164707726937538
shfa_random_budget,SHFA,0,6,9,105,69,0.00012396805242968165,0.00014601772703619266,0.0002699857794658743
shfa_random_budget,SHFA,0,6,10,106,6a,0.00012396805242968165,0.00017835045825480728,0.00030231851068448893
shfa_random_budget,SHFA,0,6,11,107,6b,0.00012396805242968165,0.0003502711004623024,0.00047423915289198406
shfa_random_budget,SHFA,0,6,12,108,6c,0.00012396805242968165,7.168195718564305e-05,0.00019565000961532472
shfa_random_budget,SHFA,0,6,13,109,6d,0.00012396805242968165,0.00012835961061859685,0.0002523276630482785
shfa_random_budget,SHFA,0,6,14,110,6e,0.00012396805242968165,0.00011170644260784128,0.00023567449503752292
shfa_random_budget,SHFA,0,6,15,111,6f,0.00012396805242968165,0.00012712518506126738,0.00025109323749094903
shfa_random_budget,SHFA,0,7,0,112,70,0.0002143804771403849,0.00019688214402118788,0.0004112626211615728
shfa_random_budget,SHFA,0,7,1,113,71,0.0002143804771403849,0.00014559926870294772,0.0003599797458433326
shfa_random_budget,SHFA,0,7,2,114,72,0.0002143804771403849,0.00010010145163406041,0.0003144819287744453
shfa_random_budget,SHFA,0,7,3,115,73,0.0002143804771403849,7.417399769434313e-05,0.000288554474834728
shfa_random_budget,SHFA,0,7,4,116,74,0.0002143804771403849,0.00012315970829620716,0.0003375401854365921
shfa_random_budget,SHFA,0,7,5,117,75,0.0002143804771403849,0.00013406656332630145,0.0003484470404666863
shfa_random_budget,SHFA,0,7,6,118,76,0.0002143804771403849,0.00021819705614945713,0.00043257753328984204
shfa_random_budget,SHFA,0,7,7,119,77,0.0002143804771403849,8.416306594441192e-05,0.0002985435430847968
shfa_random_budget,SHFA,0,7,8,120,78,0.0002143804771403849,0.00019250272026407217,0.00040688319740445707
shfa_random_budget,SHFA,0,7,9,121,79,0.0002143804771403849,0.00014601772703619266,0.00036039820417657756
shfa_random_budget,SHFA,0,7,10,122,7a,0.0002143804771403849,0.00017835045825480728,0.0003927309353951922
shfa_random_budget,SHFA,0,7,11,123,7b,0.0002143804771403849,0.0003502711004623024,0.0005646515776026872
shfa_random_budget,SHFA,0,7,12,124,7c,0.0002143804771403849,7.168195718564305e-05,0.00028606243432602796
shfa_random_budget,SHFA,0,7,13,125,7d,0.0002143804771403849,0.00012835961061859685,0.00034274008775898174
shfa_random_budget,SHFA,0,7,14,126,7e,0.0002143804771403849,0.00011170644260784128,0.00032608691974822616
shfa_random_budget,SHFA,0,7,15,127,7f,0.0002143804771403849,0.00012712518506126738,0.00034150566220165227
shfa_random_budget,SHFA,0,8,0,128,80,0.00011663418341781812,0.00019688214402118788,0.000313516327439006
shfa_random_budget,SHFA,0,8,1,129,81,0.00011663418341781812,0.00014559926870294772,0.00026223345212076586
shfa_random_budget,SHFA,0,8,2,130,82,0.00011663418341781812,0.00010010145163406041,0.00021673563505187853
shfa_random_budget,SHFA,0,8,3,131,83,0.00011663418341781812,7.417399769434313e-05,0.00019080818111216123
shfa_random_budget,SHFA,0,8,4,132,84,0.00011663418341781812,0.00012315970829620716,0.0002397938917140253
shfa_random_budget,SHFA,0,8,5,133,85,0.00011663418341781812,0.00013406656332630145,0.0002507007467441196
shfa_random_budget,SHFA,0,8,6,134,86,0.00011663418341781812,0.00021819705614945713,0.00033483123956727526
shfa_random_budget,SHFA,0,8,7,135,87,0.00011663418341781812,8.416306594441192e-05,0.00020079724936223004
shfa_random_budget,SHFA,0,8,8,136,88,0.00011663418341781812,0.00019250272026407217,0.0003091369036818903
shfa_random_budget,SHFA,0,8,9,137,89,0.00011663418341781812,0.00014601772703619266,0.00026265191045401077
shfa_random_budget,SHFA,0,8,10,138,8a,0.00011663418341781812,0.00017835045825480728,0.0002949846416726254
shfa_random_budget,SHFA,0,8,11,139,8b,0.00011663418341781812,0.0003502711004623024,0.0004669052838801205
shfa_random_budget,SHFA,0,8,12,140,8c,0.00011663418341781812,7.168195718564305e-05,0.00018831614060346117
shfa_random_budget,SHFA,0,8,13,141,8d,0.00011663418341781812,0.00012835961061859685,0.00024499379403641495
shfa_random_budget,SHFA,0,8,14,142,8e,0.00011663418341781812,0.00011170644260784128,0.0002283406260256594
shfa_random_budget,SHFA,0,8,15,143,8f,0.00011663418341781812,0.00012712518506126738,0.00024375936847908548
shfa_random_budget,SHFA,0,9,0,144,90,0.00011601698711477934,0.00019688214402118788,0.0003128991311359672
shfa_random_budget,SHFA,0,9,1,145,91,0.00011601698711477934,0.00014559926870294772,0.0002616162558177271
shfa_random_budget,SHFA,0,9,2,146,92,0.00011601698711477934,0.00010010145163406041,0.00021611843874883976
shfa_random_budget,SHFA,0,9,3,147,93,0.00011601698711477934,7.417399769434313e-05,0.00019019098480912245
shfa_random_budget,SHFA,0,9,4,148,94,0.00011601698711477934,0.00012315970829620716,0.00023917669541098651
shfa_random_budget,SHFA,0,9,5,149,95,0.00011601698711477934,0.00013406656332630145,0.0002500835504410808
shfa_random_budget,SHFA,0,9,6,150,96,0.00011601698711477934,0.00021819705614945713,0.0003342140432642365
shfa_random_budget,SHFA,0,9,7,151,97,0.00011601698711477934,8.416306594441192e-05,0.00020018005305919126
shfa_random_budget,SHFA,0,9,8,152,98,0.00011601698711477934,0.00019250272026407217,0.0003085197073788515
shfa_random_budget,SHFA,0,9,9,153,99,0.00011601698711477934,0.00014601772703619266,0.000262034714150972
shfa_random_budget,SHFA,0,9,10,154,9a,0.00011601698711477934,0.00017835045825480728,0.0002943674453695866
shfa_random_budget,SHFA,0,9,11,155,9b,0.00011601698711477934,0.0003502711004623024,0.00046628808757708174
shfa_random_budget,SHFA,0,9,12,156,9c,0.00011601698711477934,7.168195718564305e-05,0.0001876989443004224
shfa_random_budget,SHFA,0,9,13,157,9d,0.00011601698711477934,0.00012835961061859685,0.0002443765977333762
shfa_random_budget,SHFA,0,9,14,158,9e,0.00011601698711477934,0.00011170644260784128,0.00022772342972262062
shfa_random_budget,SHFA,0,9,15,159,9f,0.00011601698711477934,0.00012712518506126738,0.0002431421721760467
shfa_random_budget,SHFA,0,10,0,160,a0,0.00014821197678251748,0.00019688214402118788,0.00034509412080370536
shfa_random_budget,SHFA,0,10,1,161,a1,0.00014821197678251748,0.00014559926870294772,0.00029381124548546523
shfa_random_budget,SHFA,0,10,2,162,a2,0.00014821197678251748,0.00010010145163406041,0.0002483134284165779
shfa_random_budget,SHFA,0,10,3,163,a3,0.00014821197678251748,7.417399769434313e-05,0.0002223859744768606
shfa_random_budget,SHFA,0,10,4,164,a4,0.00014821197678251748,0.00012315970829620716,0.0002713716850787246
shfa_random_budget,SHFA,0,10,5,165,a5,0.00014821197678251748,0.00013406656332630145,0.00028227854010881895
shfa_random_budget,SHFA,0,10,6,166,a6,0.00014821197678251748,0.00021819705614945713,0.0003664090329319746
shfa_random_budget,SHFA,0,10,7,167,a7,0.00014821197678251748,8.416306594441192e-05,0.0002323750427269294
shfa_random_budget,SHFA,0,10,8,168,a8,0.00014821197678251748,0.00019250272026407217,0.00034071469704658966
shfa_random_budget,SHFA,0,10,9,169,a9,0.00014821197678251748,0.00014601772703619266,0.00029422970381871015
shfa_random_budget,SHFA,0,10,10,170,aa,0.00014821197678251748,0.00017835045825480728,0.00032656243503732476
shfa_random_budget,SHFA,0,10,11,171,ab,0.00014821197678251748,0.0003502711004623024,0.0004984830772448199
shfa_random_budget,SHFA,0,10,12,172,ac,0.00014821197678251748,7.168195718564305e-05,0.00021989393396816054
shfa_random_budget,SHFA,0,10,13,173,ad,0.00014821197678251748,0.00012835961061859685,0.0002765715874011143
shfa_random_budget,SHFA,0,10,14,174,ae,0.00014821197678251748,0.00011170644260784128,0.00025991841939035875
shfa_random_budget,SHFA,0,10,15,175,af,0.00014821197678251748,0.00012712518506126738,0.00027533716184378486
shfa_random_budget,SHFA,0,11,0,176,b0,0.00014973003147210622,0.00019688214402118788,0.0003466121754932941
shfa_random_budget,SHFA,0,11,1,177,b1,0.00014973003147210622,0.00014559926870294772,0.00029532930017505397
shfa_random_budget,SHFA,0,11,2,178,b2,0.00014973003147210622,0.00010010145163406041,0.0002498314831061666
shfa_random_budget,SHFA,0,11,3,179,b3,0.00014973003147210622,7.417399769434313e-05,0.00022390402916644934
shfa_random_budget,SHFA,0,11,4,180,b4,0.00014973003147210622,0.00012315970829620716,0.00027288973976831335
shfa_random_budget,SHFA,0,11,5,181,b5,0.00014973003147210622,0.00013406656332630145,0.0002837965947984077
shfa_random_budget,SHFA,0,11,6,182,b6,0.00014973003147210622,0.00021819705614945713,0.0003679270876215633
shfa_random_budget,SHFA,0,11,7,183,b7,0.00014973003147210622,8.416306594441192e-05,0.00023389309741651815
shfa_random_budget,SHFA,0,11,8,184,b8,0.00014973003147210622,0.00019250272026407217,0.0003422327517361784
shfa_random_budget,SHFA,0,11,9,185,b9,0.00014973003147210622,0.00014601772703619266,0.0002957477585082989
shfa_random_budget,SHFA,0,11,10,186,ba,0.00014973003147210622,0.00017835045825480728,0.0003280804897269135
shfa_random_budget,SHFA,0,11,11,187,bb,0.00014973003147210622,0.0003502711004623024,0.0005000011319344086
shfa_random_budget,SHFA,0,11,12,188,bc,0.00014973003147210622,7.168195718564305e-05,0.00022141198865774928
shfa_random_budget,SHFA,0,11,13,189,bd,0.00014973003147210622,0.00012835961061859685,0.00027808964209070306
shfa_random_budget,SHFA,0,11,14,190,be,0.00014973003147210622,0.00011170644260784128,0.0002614364740799475
shfa_random_budget,SHFA,0,11,15,191,bf,0.00014973003147210622,0.00012712518506126738,0.0002768552165333736
shfa_random_budget,SHFA,0,12,0,192,c0,0.00014230094031502226,0.00019688214402118788,0.00033918308433621017
shfa_random_budget,SHFA,0,12,1,193,c1,0.00014230094031502226,0.00014559926870294772,0.00028790020901797
shfa_random_budget,SHFA,0,12,2,194,c2,0.00014230094031502226,0.00010010145163406041,0.0002424023919490827
shfa_random_budget,SHFA,0,12,3,195,c3,0.00014230094031502226,7.417399769434313e-05,0.00021647493800936539
shfa_random_budget,SHFA,0,12,4,196,c4,0.00014230094031502226,0.00012315970829620716,0.0002654606486112294
shfa_random_budget,SHFA,0,12,5,197,c5,0.00014230094031502226,0.00013406656332630145,0.0002763675036413237
shfa_random_budget,SHFA,0,12,6,198,c6,0.00014230094031502226,0.00021819705614945713,0.0003604979964644794
shfa_random_budget,SHFA,0,12,7,199,c7,0.00014230094031502226,8.416306594441192e-05,0.00022646400625943417
shfa_random_budget,SHFA,0,12,8,200,c8,0.00014230094031502226,0.00019250272026407217,0.0003348036605790944
shfa_random_budget,SHFA,0,12,9,201,c9,0.00014230094031502226,0.00014601772703619266,0.00028831866735121495
shfa_random_budget,SHFA,0,12,10,202,ca,0.00014230094031502226,0.00017835045825480728,0.0003206513985698295
shfa_random_budget,SHFA,0,12,11,203,cb,0.00014230094031502226,0.0003502711004623024,0.0004925720407773247
shfa_random_budget,SHFA,0,12,12,204,cc,0.00014230094031502226,7.168195718564305e-05,0.0002139828975006653
shfa_random_budget,SHFA,0,12,13,205,cd,0.00014230094031502226,0.00012835961061859685,0.0002706605509336191
shfa_random_budget,SHFA,0,12,14,206,ce,0.00014230094031502226,0.00011170644260784128,0.00025400738292286355
shfa_random_budget,SHFA,0,12,15,207,cf,0.00014230094031502226,0.00012712518506126738,0.00026942612537628966
shfa_random_budget,SHFA,0,13,0,208,d0,0.0001275197898794085,0.00019688214402118788,0.0003244019339005964
shfa_random_budget,SHFA,0,13,1,209,d1,0.0001275197898794085,0.00014559926870294772,0.00027311905858235625
shfa_random_budget,SHFA,0,13,2,210,d2,0.0001275197898794085,0.00010010145163406041,0.0002276212415134689
shfa_random_budget,SHFA,0,13,3,211,d3,0.0001275197898794085,7.417399769434313e-05,0.00020169378757375163
shfa_random_budget,SHFA,0,13,4,212,d4,0.0001275197898794085,0.00012315970829620716,0.00025067949817561563
shfa_random_budget,SHFA,0,13,5,213,d5,0.0001275197898794085,0.00013406656332630145,0.00026158635320570997
shfa_random_budget,SHFA,0,13,6,214,d6,0.0001275197898794085,0.00021819705614945713,0.0003457168460288656
shfa_random_budget,SHFA,0,13,7,215,d7,0.0001275197898794085,8.416306594441192e-05,0.00021168285582382043
shfa_random_budget,SHFA,0,13,8,216,d8,0.0001275197898794085,0.00019250272026407217,0.0003200225101434807
shfa_random_budget,SHFA,0,13,9,217,d9,0.0001275197898794085,0.00014601772703619266,0.00027353751691560116
shfa_random_budget,SHFA,0,13,10,218,da,0.0001275197898794085,0.00017835045825480728,0.0003058702481342158
shfa_random_budget,SHFA,0,13,11,219,db,0.0001275197898794085,0.0003502711004623024,0.0004777908903417109
shfa_random_budget,SHFA,0,13,12,220,dc,0.0001275197898794085,7.168195718564305e-05,0.00019920174706505156
shfa_random_budget,SHFA,0,13,13,221,dd,0.0001275197898794085,0.00012835961061859685,0.00025587940049800535
shfa_random_budget,SHFA,0,13,14,222,de,0.0001275197898794085,0.00011170644260784128,0.00023922623248724976
shfa_random_budget,SHFA,0,13,15,223,df,0.0001275197898794085,0.00012712518506126738,0.0002546449749406759
shfa_random_budget,SHFA,0,14,0,224,e0,0.00019375537359102378,0.00019688214402118788,0.00039063751761221166
shfa_random_budget,SHFA,0,14,1,225,e1,0.00019375537359102378,0.00014559926870294772,0.0003393546422939715
shfa_random_budget,SHFA,0,14,2,226,e2,0.00019375537359102378,0.00010010145163406041,0.0002938568252250842
shfa_random_budget,SHFA,0,14,3,227,e3,0.00019375537359102378,7.417399769434313e-05,0.0002679293712853669
shfa_random_budget,SHFA,0,14,4,228,e4,0.00019375537359102378,0.00012315970829620716,0.0003169150818872309
shfa_random_budget,SHFA,0,14,5,229,e5,0.00019375537359102378,0.00013406656332630145,0.00032782193691732525
shfa_random_budget,SHFA,0,14,6,230,e6,0.00019375537359102378,0.00021819705614945713,0.0004119524297404809
shfa_random_budget,SHFA,0,14,7,231,e7,0.00019375537359102378,8.416306594441192e-05,0.0002779184395354357
shfa_random_budget,SHFA,0,14,8,232,e8,0.00019375537359102378,0.00019250272026407217,0.00038625809385509595
shfa_random_budget,SHFA,0,14,9,233,e9,0.00019375537359102378,0.00014601772703619266,0.00033977310062721644
shfa_random_budget,SHFA,0,14,10,234,ea,0.00019375537359102378,0.00017835045825480728,0.00037210583184583106
shfa_random_budget,SHFA,0,14,11,235,eb,0.00019375537359102378,0.0003502711004623024,0.0005440264740533262
shfa_random_budget,SHFA,0,14,12,236,ec,0.00019375537359102378,7.168195718564305e-05,0.00026543733077666684
shfa_random_budget,SHFA,0,14,13,237,ed,0.00019375537359102378,0.00012835961061859685,0.0003221149842096206
shfa_random_budget,SHFA,0,14,14,238,ee,0.00019375537359102378,0.00011170644260784128,0.00030546181619886504
shfa_random_budget,SHFA,0,14,15,239,ef,0.00019375537359102378,0.00012712518506126738,0.00032088055865229115
shfa_random_budget,SHFA,0,15,0,240,f0,0.00014503355454616382,0.00019688214402118788,0.0003419156985673517
shfa_random_budget,SHFA,0,15,1,241,f1,0.00014503355454616382,0.00014559926870294772,0.00029063282324911155
shfa_random_budget,SHFA,0,15,2,242,f2,0.00014503355454616382,0.00010010145163406041,0.00024513500618022425
shfa_random_budget,SHFA,0,15,3,243,f3,0.00014503355454616382,7.417399769434313e-05,0.00021920755224050695
shfa_random_budget,SHFA,0,15,4,244,f4,0.00014503355454616382,0.00012315970829620716,0.000268193262842371
shfa_random_budget,SHFA,0,15,5,245,f5,0.00014503355454616382,0.00013406656332630145,0.00027910011787246527
shfa_random_budget,SHFA,0,15,6,246,f6,0.00014503355454616382,0.00021819705614945713,0.00036323061069562095
shfa_random_budget,SHFA,0,15,7,247,f7,0.00014503355454616382,8.416306594441192e-05,0.00022919662049057573
shfa_random_budget,SHFA,0,15,8,248,f8,0.00014503355454616382,0.00019250272026407217,0.000337536274810236
shfa_random_budget,SHFA,0,15,9,249,f9,0.00014503355454616382,0.00014601772703619266,0.00029105128158235646
shfa_random_budget,SHFA,0,15,10,250,fa,0.00014503355454616382,0.00017835045825480728,0.00032338401280097113
shfa_random_budget,SHFA,0,15,11,251,fb,0.00014503355454616382,0.0003502711004623024,0.0004953046550084662
shfa_random_budget,SHFA,0,15,12,252,fc,0.00014503355454616382,7.168195718564305e-05,0.00021671551173180686
shfa_random_budget,SHFA,0,15,13,253,fd,0.00014503355454616382,0.00012835961061859685,0.0002733931651647607
shfa_random_budget,SHFA,0,15,14,254,fe,0.00014503355454616382,0.00011170644260784128,0.0002567399971540051
shfa_random_budget,SHFA,0,15,15,255,ff,0.00014503355454616382,0.00012712518506126738,0.00027215873960743117
shfa_random_budget,SHFA,1,0,0,0,00,6.0321053436088705e-05,0.00015212180846342296,0.00021244286189951166
shfa_random_budget,SHFA,1,0,1,1,01,6.0321053436088705e-05,0.00016428466381153048,0.0002246057172476192
shfa_random_budget,SHFA,1,0,2,2,02,6.0321053436088705e-05,0.0001062239612260207,0.0001665450146621094
shfa_random_budget,SHFA,1,0,3,3,03,6.0321053436088705e-05,9.947225496394419e-05,0.0001597933084000329
shfa_random_budget,SHFA,1,0,4,4,04,6.0321053436088705e-05,0.00020142280607010995,0.0002617438595061987
shfa_random_budget,SHFA,1,0,5,5,05,6.0321053436088705e-05,0.0002019452931272916,0.0002622663465633803
shfa_random_budget,SHFA,1,0,6,6,06,6.0321053436088705e-05,0.0002931449047272438,0.0003534659581633325
shfa_random_budget,SHFA,1,0,7,7,07,6.0321053436088705e-05,0.0002121970956616223,0.000272518149097711
shfa_random_budget,SHFA,1,0,8,8,08,6.0321053436088705e-05,0.000123094321123602,0.0001834153745596907
shfa_random_budget,SHFA,1,0,9,9,09,6.0321053436088705e-05,0.00016302745623579933,0.00022334850967188803
shfa_random_budget,SHFA,1,0,10,10,0a,6.0321053436088705e-05,0.00012128004580359295,0.00018160109923968167
shfa_random_budget,SHFA,1,0,11,11,0b,6.0321053436088705e-05,8.30164447797741e-05,0.0001433374982158628
shfa_random_budget,SHFA,1,0,12,12,0c,6.0321053436088705e-05,0.0001134059908657366,0.00017372704430182532
shfa_random_budget,SHFA,1,0,13,13,0d,6.0321053436088705e-05,0.00018294878499463976,0.00024326983843072847
shfa_random_budget,SHFA,1,0,14,14,0e,6.0321053436088705e-05,0.00016389977305120685,0.00022422082648729556
shfa_random_budget,SHFA,1,0,15,15,0f,6.0321053436088705e-05,0.00016706237827965006,0.00022738343171573876
shfa_random_budget,SHFA,1,1,0,16,10,6.513373974506901e-05,0.00015212180846342296,0.00021725554820849197
shfa_random_budget,SHFA,1,1,1,17,11,6.513373974506901e-05,0.00016428466381153048,0.0002294184035565995
shfa_random_budget,SHFA,1,1,2,18,12,6.513373974506901e-05,0.0001062239612260207,0.0001713577009710897
shfa_random_budget,SHFA,1,1,3,19,13,6.513373974506901e-05,9.947225496394419e-05,0.0001646059947090132
shfa_random_budget,SHFA,1,1,4,20,14,6.513373974506901e-05,0.00020142280607010995,0.00026655654581517896
shfa_random_budget,SHFA,1,1,5,21,15,6.513373974506901e-05,0.0002019452931272916,0.0002670790328723606
shfa_random_budget,SHFA,1,1,6,22,16,6.513373974506901e-05,0.0002931449047272438,0.0003582786444723128
shfa_random_budget,SHFA,1,1,7,23,17,6.513373974506901e-05,0.0002121970956616223,0.0002773308354066913
shfa_random_budget,SHFA,1,1,8,24,18,6.513373974506901e-05,0.000123094321123602,0.000188228060868671
shfa_random_budget,SHFA,1,1,9,25,19,6.513373974506901e-05,0.00016302745623579933,0.00022816119598086833
shfa_random_budget,SHFA,1,1,10,26,1a,6.513373974506901e-05,0.00012128004580359295,0.00018641378554866195
shfa_random_budget,SHFA,1,1,11,27,1b,6.513373974506901e-05,8.30164447797741e-05,0.0001481501845248431
shfa_random_budget,SHFA,1,1,12,28,1c,6.513373974506901e-05,0.0001134059908657366,0.0001785397306108056
shfa_random_budget,SHFA,1,1,13,29,1d,6.513373974506901e-05,0.00018294878499463976,0.00024808252473970877
shfa_random_budget,SHFA,1,1,14,30,1e,6.513373974506901e-05,0.00016389977305120685,0.00022903351279627586
shfa_random_budget,SHFA,1,1,15,31,1f,6.513373974506901e-05,0.00016706237827965006,0.00023219611802471906
shfa_random_budget,SHFA,1,2,0,32,20,8.81997050925766e-05,0.00015212180846342296,0.00024032151355599956
shfa_random_budget,SHFA,1,2,1,33,21,8.81997050925766e-05,0.00016428466381153048,0.0002524843689041071
shfa_random_budget,SHFA,1,2,2,34,22,8.81997050925766e-05,0.0001062239612260207,0.0001944236663185973
shfa_random_budget,SHFA,1,2,3,35,23,8.81997050925766e-05,9.947225496394419e-05,0.00018767196005652079
shfa_random_budget,SHFA,1,2,4,36,24,8.81997050925766e-05,0.00020142280607010995,0.0002896225111626865
shfa_random_budget,SHFA,1,2,5,37,25,8.81997050925766e-05,0.0002019452931272916,0.0002901449982198682
shfa_random_budget,SHFA,1,2,6,38,26,8.81997050925766e-05,0.0002931449047272438,0.00038134460981982044
shfa_random_budget,SHFA,1,2,7,39,27,8.81997050925766e-05,0.0002121970956616223,0.0003003968007541989
shfa_random_budget,SHFA,1,2,8,40,28,8.81997050925766e-05,0.000123094321123602,0.0002112940262161786
shfa_random_budget,SHFA,1,2,9,41,29,8.81997050925766e-05,0.00016302745623579933,0.0002512271613283759
shfa_random_budget,SHFA,1,2,10,42,2a,8.81997050925766e-05,0.00012128004580359295,0.00020947975089616956
shfa_random_budget,SHFA,1,2,11,43,2b,8.81997050925766e-05,8.30164447797741e-05,0.0001712161498723507
shfa_random_budget,SHFA,1,2,12,44,2c,8.81997050925766e-05,0.0001134059908657366,0.00020160569595831321
shfa_random_budget,SHFA,1,2,13,45,2d,8.81997050925766e-05,0.00018294878499463976,0.0002711484900872164
shfa_random_budget,SHFA,1,2,14,46,2e,8.81997050925766e-05,0.00016389977305120685,0.00025209947814378345
shfa_random_budget,SHFA,1,2,15,47,2f,8.81997050925766e-05,0.00016706237827965006,0.0002552620833722267
shfa_random_budget,SHFA,1,3,0,48,30,0.00011086725457244389,0.00015212180846342296,0.0002629890630358668
shfa_random_budget,SHFA,1,3,1,49,31,0.00011086725457244389,0.00016428466381153048,0.0002751519183839744
shfa_random_budget,SHFA,1,3,2,50,32,0.00011086725457244389,0.0001062239612260207,0.0002170912157984646
shfa_random_budget,SHFA,1,3,3,51,33,0.00011086725457244389,9.947225496394419e-05,0.00021033950953638808
shfa_random_budget,SHFA,1,3,4,52,34,0.00011086725457244389,0.00020142280607010995,0.0003122900606425538
shfa_random_budget,SHFA,1,3,5,53,35,0.00011086725457244389,0.0002019452931272916,0.0003128125476997355
shfa_random_budget,SHFA,1,3,6,54,36,0.00011086725457244389,0.0002931449047272438,0.00040401215929968773
shfa_random_budget,SHFA,1,3,7,55,37,0.00011086725457244389,0.0002121970956616223,0.0003230643502340662
shfa_random_budget,SHFA,1,3,8,56,38,0.00011086725457244389,0.000123094321123602,0.00023396157569604588
shfa_random_budget,SHFA,1,3,9,57,39,0.00011086725457244389,0.00016302745623579933,0.0002738947108082432
shfa_random_budget,SHFA,1,3,10,58,3a,0.00011086725457244389,0.00012128004580359295,0.00023214730037603685
shfa_random_budget,SHFA,1,3,11,59,3b,0.00011086725457244389,8.30164447797741e-05,0.00019388369935221798
shfa_random_budget,SHFA,1,3,12,60,3c,0.00011086725457244389,0.0001134059908657366,0.0002242732454381805
shfa_random_budget,SHFA,1,3,13,61,3d,0.00011086725457244389,0.00018294878499463976,0.0002938160395670837
shfa_random_budget,SHFA,1,3,14,62,3e,0.00011086725457244389,0.00016389977305120685,0.00027476702762365074
shfa_random_budget,SHFA,1,3,15,63,3f,0.00011086725457244389,0.00016706237827965006,0.00027792963285209397
shfa_random_budget,SHFA,1,4,0,64,40,6.707196941449865e-05,0.00015212180846342296,0.0002191937778779216
shfa_random_budget,SHFA,1,4,1,65,41,6.707196941449865e-05,0.00016428466381153048,0.00023135663322602912
shfa_random_budget,SHFA,1,4,2,66,42,6.707196941449865e-05,0.0001062239612260207,0.00017329593064051936
shfa_random_budget,SHFA,1,4,3,67,43,6.707196941449865e-05,9.947225496394419e-05,0.00016654422437844282
shfa_random_budget,SHFA,1,4,4,68,44,6.707196941449865e-05,0.00020142280607010995,0.0002684947754846086
shfa_random_budget,SHFA,1,4,5,69,45,6.707196941449865e-05,0.0002019452931272916,0.00026901726254179026
shfa_random_budget,SHFA,1,4,6,70,46,6.707196941449865e-05,0.0002931449047272438,0.00036021687414174245
shfa_random_budget,SHFA,1,4,7,71,47,6.707196941449865e-05,0.0002121970956616223,0.00027926906507612094
shfa_random_budget,SHFA,1,4,8,72,48,6.707196941449865e-05,0.000123094321123602,0.00019016629053810065
shfa_random_budget,SHFA,1,4,9,73,49,6.707196941449865e-05,0.00016302745623579933,0.000230099425650298
shfa_random_budget,SHFA,1,4,10,74,4a,6.707196941449865e-05,0.00012128004580359295,0.0001883520152180916
shfa_random_budget,SHFA,1,4,11,75,4b,6.707196941449865e-05,8.30164447797741e-05,0.00015008841419427273
shfa_random_budget,SHFA,1,4,12,76,4c,6.707196941449865e-05,0.0001134059908657366,0.00018047796028023525
shfa_random_budget,SHFA,1,4,13,77,4d,6.707196941449865e-05,0.00018294878499463976,0.0002500207544091384
shfa_random_budget,SHFA,1,4,14,78,4e,6.707196941449865e-05,0.00016389977305120685,0.00023097174246570552
shfa_random_budget,SHFA,1,4,15,79,4f,6.707196941449865e-05,0.00016706237827965006,0.0002341343476941487
shfa_random_budget,SHFA,1,5,0,80,50,0.00012440644950537582,0.00015212180846342296,0.0002765282579687988
shfa_random_budget,SHFA,1,5,1,81,51,0.00012440644950537582,0.00016428466381153048,0.0002886911133169063
shfa_random_budget,SHFA,1,5,2,82,52,0.00012440644950537582,0.0001062239612260207,0.00023063041073139652
shfa_random_budget,SHFA,1,5,3,83,53,0.00012440644950537582,9.947225496394419e-05,0.00022387870446932
shfa_random_budget,SHFA,1,5,4,84,54,0.00012440644950537582,0.00020142280607010995,0.00032582925557548577
shfa_random_budget,SHFA,1,5,5,85,55,0.00012440644950537582,0.0002019452931272916,0.0003263517426326674
shfa_random_budget,SHFA,1,5,6,86,56,0.00012440644950537582,0.0002931449047272438,0.00041755135423261964
shfa_random_budget,SHFA,1,5,7,87,57,0.00012440644950537582,0.0002121970956616223,0.0003366035451669981
shfa_random_budget,SHFA,1,5,8,88,58,0.00012440644950537582,0.000123094321123602,0.00024750077062897784
shfa_random_budget,SHFA,1,5,9,89,59,0.00012440644950537582,0.00016302745623579933,0.0002874339057411751
shfa_random_budget,SHFA,1,5,10,90,5a,0.00012440644950537582,0.00012128004580359295,0.00024568649530896876
shfa_random_budget,SHFA,1,5,11,91,5b,0.00012440644950537582,8.30164447797741e-05,0.00020742289428514991
shfa_random_budget,SHFA,1,5,12,92,5c,0.00012440644950537582,0.0001134059908657366,0.0002378124403711124
shfa_random_budget,SHFA,1,5,13,93,5d,0.00012440644950537582,0.00018294878499463976,0.0003073552345000156
shfa_random_budget,SHFA,1,5,14,94,5e,0.00012440644950537582,0.00016389977305120685,0.00028830622255658265
shfa_random_budget,SHFA,1,5,15,95,5f,0.00012440644950537582,0.00016706237827965006,0.0002914688277850259
shfa_random_budget,SHFA,1,6,0,96,60,9.40190995150858e-05,0.00015212180846342296,0.00024614090797850873
shfa_random_budget,SHFA,1,6,1,97,61,9.40190995150858e-05,0.00016428466381153048,0.0002583037633266163
shfa_random_budget,SHFA,1,6,2,98,62,9.40190995150858e-05,0.0001062239612260207,0.0002002430607411065
shfa_random_budget,SHFA,1,6,3,99,63,9.40190995150858e-05,9.947225496394419e-05,0.00019349135447902999
shfa_random_budget,SHFA,1,6,4,100,64,9.40190995150858e-05,0.00020142280607010995,0.0002954419055851957
shfa_random_budget,SHFA,1,6,5,101,65,9.40190995150858e-05,0.0002019452931272916,0.0002959643926423774
shfa_random_budget,SHFA,1,6,6,102,66,9.40190995150858e-05,0.0002931449047272438,0.00038716400424232964
shfa_random_budget,SHFA,1,6,7,103,67,9.40190995150858e-05,0.0002121970956616223,0.0003062161951767081
shfa_random_budget,SHFA,1,6,8,104,68,9.40190995150858e-05,0.000123094321123602,0.0002171134206386878
shfa_random_budget,SHFA,1,6,9,105,69,9.40190995150858e-05,0.00016302745623579933,0.0002570465557508851
shfa_random_budget,SHFA,1,6,10,106,6a,9.40190995150858e-05,0.00012128004580359295,0.00021529914531867876
shfa_random_budget,SHFA,1,6,11,107,6b,9.40190995150858e-05,8.30164447797741e-05,0.0001770355442948599
shfa_random_budget,SHFA,1,6,12,108,6c,9.40190995150858e-05,0.0001134059908657366,0.00020742509038082241
shfa_random_budget,SHFA,1,6,13,109,6d,9.40190995150858e-05,0.00018294878499463976,0.0002769678845097256
shfa_random_budget,SHFA,1,6,14,110,6e,9.40190995150858e-05,0.00016389977305120685,0.00025791887256629265
shfa_random_budget,SHFA,1,6,15,111,6f,9.40190995150858e-05,0.00016706237827965006,0.0002610814777947359
shfa_random_budget,SHFA,1,7,0,112,70,0.00010838704777014556,0.00015212180846342296,0.00026050885623356854
shfa_random_budget,SHFA,1,7,1,113,71,0.00010838704777014556,0.00016428466381153048,0.00027267171158167606
shfa_random_budget,SHFA,1,7,2,114,72,0.00010838704777014556,0.0001062239612260207,0.00021461100899616625
shfa_random_budget,SHFA,1,7,3,115,73,0.00010838704777014556,9.947225496394419e-05,0.00020785930273408977
shfa_random_budget,SHFA,1,7,4,116,74,0.00010838704777014556,0.00020142280607010995,0.0003098098538402555
shfa_random_budget,SHFA,1,7,5,117,75,0.00010838704777014556,0.0002019452931272916,0.00031033234089743715
shfa_random_budget,SHFA,1,7,6,118,76,0.00010838704777014556,0.0002931449047272438,0.0004015319524973894
shfa_random_budget,SHFA,1,7,7,119,77,0.00010838704777014556,0.0002121970956616223,0.0003205841434317679
shfa_random_budget,SHFA,1,7,8,120,78,0.00010838704777014556,0.000123094321123602,0.00023148136889374754
shfa_random_budget,SHFA,1,7,9,121,79,0.00010838704777014556,0.00016302745623579933,0.0002714145040059449
shfa_random_budget,SHFA,1,7,10,122,7a,0.00010838704777014556,0.00012128004580359295,0.00022966709357373852
shfa_random_budget,SHFA,1,7,11,123,7b,0.00010838704777014556,8.30164447797741e-05,0.00019140349254991967
shfa_random_budget,SHFA,1,7,12,124,7c,0.00010838704777014556,0.0001134059908657366,0.00022179303863588217
shfa_random_budget,SHFA,1,7,13,125,7d,0.00010838704777014556,0.00018294878499463976,0.00029133583276478534
shfa_random_budget,SHFA,1,7,14,126,7e,0.00010838704777014556,0.00016389977305120685,0.0002722868208213524
shfa_random_budget,SHFA,1,7,15,127,7f,0.00010838704777014556,0.00016706237827965006,0.00027544942604979563
shfa_random_budget,SHFA,1,8,0,128,80,7.31445917713365e-05,0.00015212180846342296,0.00022526640023475946
shfa_random_budget,SHFA,1,8,1,129,81,7.31445917713365e-05,0.00016428466381153048,0.00023742925558286698
shfa_random_budget,SHFA,1,8,2,130,82,7.31445917713365e-05,0.0001062239612260207,0.0001793685529973572
shfa_random_budget,SHFA,1,8,3,131,83,7.31445917713365e-05,9.947225496394419e-05,0.0001726168467352807
shfa_random_budget,SHFA,1,8,4,132,84,7.31445917713365e-05,0.00020142280607010995,0.00027456739784144645
shfa_random_budget,SHFA,1,8,5,133,85,7.31445917713365e-05,0.0002019452931272916,0.00027508988489862807
shfa_random_budget,SHFA,1,8,6,134,86,7.31445917713365e-05,0.0002931449047272438,0.0003662894964985803
shfa_random_budget,SHFA,1,8,7,135,87,7.31445917713365e-05,0.0002121970956616223,0.0002853416874329588
shfa_random_budget,SHFA,1,8,8,136,88,7.31445917713365e-05,0.000123094321123602,0.0001962389128949385
shfa_random_budget,SHFA,1,8,9,137,89,7.31445917713365e-05,0.00016302745623579933,0.00023617204800713583
shfa_random_budget,SHFA,1,8,10,138,8a,7.31445917713365e-05,0.00012128004580359295,0.00019442463757492944
shfa_random_budget,SHFA,1,8,11,139,8b,7.31445917713365e-05,8.30164447797741e-05,0.0001561610365511106
shfa_random_budget,SHFA,1,8,12,140,8c,7.31445917713365e-05,0.0001134059908657366,0.0001865505826370731
shfa_random_budget,SHFA,1,8,13,141,8d,7.31445917713365e-05,0.00018294878499463976,0.00025609337676597626
shfa_random_budget,SHFA,1,8,14,142,8e,7.31445917713365e-05,0.00016389977305120685,0.00023704436482254335
shfa_random_budget,SHFA,1,8,15,143,8f,7.31445917713365e-05,0.00016706237827965006,0.00024020697005098656
shfa_random_budget,SHFA,1,9,0,144,90,9.738259063522985e-05,0.00015212180846342296,0.0002495043990986528
shfa_random_budget,SHFA,1,9,1,145,91,9.738259063522985e-05,0.00016428466381153048,0.00026166725444676036
shfa_random_budget,SHFA,1,9,2,146,92,9.738259063522985e-05,0.0001062239612260207,0.00020360655186125055
shfa_random_budget,SHFA,1,9,3,147,93,9.738259063522985e-05,9.947225496394419e-05,0.00019685484559917404
shfa_random_budget,SHFA,1,9,4,148,94,9.738259063522985e-05,0.00020142280607010995,0.00029880539670533977
shfa_random_budget,SHFA,1,9,5,149,95,9.738259063522985e-05,0.0002019452931272916,0.00029932788376252145
shfa_random_budget,SHFA,1,9,6,150,96,9.738259063522985e-05,0.0002931449047272438,0.0003905274953624737
shfa_random_budget,SHFA,1,9,7,151,97,9.738259063522985e-05,0.0002121970956616223,0.0003095796862968522
shfa_random_budget,SHFA,1,9,8,152,98,9.738259063522985e-05,0.000123094321123602,0.00022047691175883184
shfa_random_budget,SHFA,1,9,9,153,99,9.738259063522985e-05,0.00016302745623579933,0.0002604100468710292
shfa_random_budget,SHFA,1,9,10,154,9a,9.738259063522985e-05,0.00012128004580359295,0.00021866263643882281
shfa_random_budget,SHFA,1,9,11,155,9b,9.738259063522985e-05,8.30164447797741e-05,0.00018039903541500394
shfa_random_budget,SHFA,1,9,12,156,9c,9.738259063522985e-05,0.0001134059908657366,0.00021078858150096647
shfa_random_budget,SHFA,1,9,13,157,9d,9.738259063522985e-05,0.00018294878499463976,0.00028033137562986964
shfa_random_budget,SHFA,1,9,14,158,9e,9.738259063522985e-05,0.00016389977305120685,0.0002612823636864367
shfa_random_budget,SHFA,1,9,15,159,9f,9.738259063522985e-05,0.00016706237827965006,0.00026444496891487993
shfa_random_budget,SHFA,1,10,0,160,a0,0.00010477088584239427,0.00015212180846342296,0.00025689269430581726
shfa_random_budget,SHFA,1,10,1,161,a1,0.00010477088584239427,0.00016428466381153048,0.00026905554965392473
shfa_random_budget,SHFA,1,10,2,162,a2,0.00010477088584239427,0.0001062239612260207,0.00021099484706841497
shfa_random_budget,SHFA,1,10,3,163,a3,0.00010477088584239427,9.947225496394419e-05,0.00020424314080633846
shfa_random_budget,SHFA,1,10,4,164,a4,0.00010477088584239427,0.00020142280607010995,0.00030619369191250425
shfa_random_budget,SHFA,1,10,5,165,a5,0.00010477088584239427,0.0002019452931272916,0.00030671617896968587
shfa_random_budget,SHFA,1,10,6,166,a6,0.00010477088584239427,0.0002931449047272438,0.00039791579056963806
shfa_random_budget,SHFA,1,10,7,167,a7,0.00010477088584239427,0.0002121970956616223,0.00031696798150401655
shfa_random_budget,SHFA,1,10,8,168,a8,0.00010477088584239427,0.000123094321123602,0.00022786520696599626
shfa_random_budget,SHFA,1,10,9,169,a9,0.00010477088584239427,0.00016302745623579933,0.0002677983420781936
shfa_random_budget,SHFA,1,10,10,170,aa,0.00010477088584239427,0.00012128004580359295,0.00022605093164598724
shfa_random_budget,SHFA,1,10,11,171,ab,0.00010477088584239427,8.30164447797741e-05,0.00018778733062216837
shfa_random_budget,SHFA,1,10,12,172,ac,0.00010477088584239427,0.0001134059908657366,0.0002181768767081309
shfa_random_budget,SHFA,1,10,13,173,ad,0.00010477088584239427,0.00018294878499463976,0.000287719670837034
shfa_random_budget,SHFA,1,10,14,174,ae,0.00010477088584239427,0.00016389977305120685,0.0002686706588936011
shfa_random_budget,SHFA,1,10,15,175,af,0.00010477088584239427,0.00016706237827965006,0.0002718332641220443
shfa_random_budget,SHFA,1,11,0,176,b0,7.725482503107193e-05,0.00015212180846342296,0.0002293766334944949
shfa_random_budget,SHFA,1,11,1,177,b1,7.725482503107193e-05,0.00016428466381153048,0.00024153948884260242
shfa_random_budget,SHFA,1,11,2,178,b2,7.725482503107193e-05,0.0001062239612260207,0.00018347878625709263
shfa_random_budget,SHFA,1,11,3,179,b3,7.725482503107193e-05,9.947225496394419e-05,0.00017672707999501612
shfa_random_budget,SHFA,1,11,4,180,b4,7.725482503107193e-05,0.00020142280607010995,0.0002786776311011819
shfa_random_budget,SHFA,1,11,5,181,b5,7.725482503107193e-05,0.0002019452931272916,0.00027920011815836353
shfa_random_budget,SHFA,1,11,6,182,b6,7.725482503107193e-05,0.0002931449047272438,0.0003703997297583157
shfa_random_budget,SHFA,1,11,7,183,b7,7.725482503107193e-05,0.0002121970956616223,0.0002894519206926942
shfa_random_budget,SHFA,1,11,8,184,b8,7.725482503107193e-05,0.000123094321123602,0.00020034914615467392
shfa_random_budget,SHFA,1,11,9,185,b9,7.725482503107193e-05,0.00016302745623579933,0.00024028228126687126
shfa_random_budget,SHFA,1,11,10,186,ba,7.725482503107193e-05,0.00012128004580359295,0.0001985348708346649
shfa_random_budget,SHFA,1,11,11,187,bb,7.725482503107193e-05,8.30164447797741e-05,0.00016027126981084603
shfa_random_budget,SHFA,1,11,12,188,bc,7.725482503107193e-05,0.0001134059908657366,0.00019066081589680855
shfa_random_budget,SHFA,1,11,13,189,bd,7.725482503107193e-05,0.00018294878499463976,0.00026020361002571167
shfa_random_budget,SHFA,1,11,14,190,be,7.725482503107193e-05,0.00016389977305120685,0.00024115459808227879
shfa_random_budget,SHFA,1,11,15,191,bf,7.725482503107193e-05,0.00016706237827965006,0.00024431720331072196
shfa_random_budget,SHFA,1,12,0,192,c0,0.00012058050417211577,0.00015212180846342296,0.00027270231263553876
shfa_random_budget,SHFA,1,12,1,193,c1,0.00012058050417211577,0.00016428466381153048,0.00028486516798364623
shfa_random_budget,SHFA,1,12,2,194,c2,0.00012058050417211577,0.0001062239612260207,0.00022680446539813647
shfa_random_budget,SHFA,1,12,3,195,c3,0.00012058050417211577,9.947225496394419e-05,0.00022005275913605996
shfa_random_budget,SHFA,1,12,4,196,c4,0.00012058050417211577,0.00020142280607010995,0.00032200331024222575
shfa_random_budget,SHFA,1,12,5,197,c5,0.00012058050417211577,0.0002019452931272916,0.00032252579729940737
shfa_random_budget,SHFA,1,12,6,198,c6,0.00012058050417211577,0.0002931449047272438,0.00041372540889935956
shfa_random_budget,SHFA,1,12,7,199,c7,0.00012058050417211577,0.0002121970956616223,0.00033277759983373805
shfa_random_budget,SHFA,1,12,8,200,c8,0.00012058050417211577,0.000123094321123602,0.00024367482529571776
shfa_random_budget,SHFA,1,12,9,201,c9,0.00012058050417211577,0.00016302745623579933,0.0002836079604079151
shfa_random_budget,SHFA,1,12,10,202,ca,0.00012058050417211577,0.00012128004580359295,0.00024186054997570874
shfa_random_budget,SHFA,1,12,11,203,cb,0.00012058050417211577,8.30164447797741e-05,0.00020359694895188987
shfa_random_budget,SHFA,1,12,12,204,cc,0.00012058050417211577,0.0001134059908657366,0.0002339864950378524
shfa_random_budget,SHFA,1,12,13,205,cd,0.00012058050417211577,0.00018294878499463976,0.0003035292891667555
shfa_random_budget,SHFA,1,12,14,206,ce,0.00012058050417211577,0.00016389977305120685,0.0002844802772233226
shfa_random_budget,SHFA,1,12,15,207,cf,0.00012058050417211577,0.00016706237827965006,0.0002876428824517658
shfa_random_budget,SHFA,1,13,0,208,d0,0.00022081424570863497,0.00015212180846342296,0.00037293605417205793
shfa_random_budget,SHFA,1,13,1,209,d1,0.00022081424570863497,0.00016428466381153048,0.00038509890952016546
shfa_random_budget,SHFA,1,13,2,210,d2,0.00022081424570863497,0.0001062239612260207,0.0003270382069346557
shfa_random_budget,SHFA,1,13,3,211,d3,0.00022081424570863497,9.947225496394419e-05,0.00032028650067257916
shfa_random_budget,SHFA,1,13,4,212,d4,0.00022081424570863497,0.00020142280607010995,0.0004222370517787449
shfa_random_budget,SHFA,1,13,5,213,d5,0.00022081424570863497,0.0002019452931272916,0.0004227595388359266
shfa_random_budget,SHFA,1,13,6,214,d6,0.00022081424570863497,0.0002931449047272438,0.0005139591504358788
shfa_random_budget,SHFA,1,13,7,215,d7,0.00022081424570863497,0.0002121970956616223,0.0004330113413702573
shfa_random_budget,SHFA,1,13,8,216,d8,0.00022081424570863497,0.000123094321123602,0.00034390856683223694
shfa_random_budget,SHFA,1,13,9,217,d9,0.00022081424570863497,0.00016302745623579933,0.00038384170194443433
shfa_random_budget,SHFA,1,13,10,218,da,0.00022081424570863497,0.00012128004580359295,0.0003420942915122279
shfa_random_budget,SHFA,1,13,11,219,db,0.00022081424570863497,8.30164447797741e-05,0.00030383069048840907
shfa_random_budget,SHFA,1,13,12,220,dc,0.00022081424570863497,0.0001134059908657366,0.00033422023657437157
shfa_random_budget,SHFA,1,13,13,221,dd,0.00022081424570863497,0.00018294878499463976,0.00040376303070327474
shfa_random_budget,SHFA,1,13,14,222,de,0.00022081424570863497,0.00016389977305120685,0.00038471401875984185
shfa_random_budget,SHFA,1,13,15,223,df,0.00022081424570863497,0.00016706237827965006,0.00038787662398828503
shfa_random_budget,SHFA,1,14,0,224,e0,0.00011789807030596822,0.00015212180846342296,0.00027001987876939116
shfa_random_budget,SHFA,1,14,1,225,e1,0.00011789807030596822,0.00016428466381153048,0.0002821827341174987
shfa_random_budget,SHFA,1,14,2,226,e2,0.00011789807030596822,0.0001062239612260207,0.00022412203153198893
shfa_random_budget,SHFA,1,14,3,227,e3,0.00011789807030596822,9.947225496394419e-05,0.0002173703252699124
shfa_random_budget,SHFA,1,14,4,228,e4,0.00011789807030596822,0.00020142280607010995,0.00031932087637607815
shfa_random_budget,SHFA,1,14,5,229,e5,0.00011789807030596822,0.0002019452931272916,0.0003198433634332598
shfa_random_budget,SHFA,1,14,6,230,e6,0.00011789807030596822,0.0002931449047272438,0.000411042975033212
shfa_random_budget,SHFA,1,14,7,231,e7,0.00011789807030596822,0.0002121970956616223,0.0003300951659675905
shfa_random_budget,SHFA,1,14,8,232,e8,0.00011789807030596822,0.000123094321123602,0.00024099239142957022
shfa_random_budget,SHFA,1,14,9,233,e9,0.00011789807030596822,0.00016302745623579933,0.00028092552654176756
shfa_random_budget,SHFA,1,14,10,234,ea,0.00011789807030596822,0.00012128004580359295,0.00023917811610956117
shfa_random_budget,SHFA,1,14,11,235,eb,0.00011789807030596822,8.30164447797741e-05,0.0002009145150857423
shfa_random_budget,SHFA,1,14,12,236,ec,0.00011789807030596822,0.0001134059908657366,0.00023130406117170482
shfa_random_budget,SHFA,1,14,13,237,ed,0.00011789807030596822,0.00018294878499463976,0.00030084685530060797
shfa_random_budget,SHFA,1,14,14,238,ee,0.00011789807030596822,0.00016389977305120685,0.0002817978433571751
shfa_random_budget,SHFA,1,14,15,239,ef,0.00011789807030596822,0.00016706237827965006,0.00028496044858561826
shfa_random_budget,SHFA,1,15,0,240,f0,0.00013758125304474454,0.00015212180846342296,0.00028970306150816747
shfa_random_budget,SHFA,1,15,1,241,f1,0.00013758125304474454,0.00016428466381153048,0.00030186591685627505
shfa_random_budget,SHFA,1,15,2,242,f2,0.00013758125304474454,0.0001062239612260207,0.00024380521427076524
shfa_random_budget,SHFA,1,15,3,243,f3,0.00013758125304474454,9.947225496394419e-05,0.00023705350800868873
shfa_random_budget,SHFA,1,15,4,244,f4,0.00013758125304474454,0.00020142280607010995,0.00033900405911485446
shfa_random_budget,SHFA,1,15,5,245,f5,0.00013758125304474454,0.0002019452931272916,0.00033952654617203613
shfa_random_budget,SHFA,1,15,6,246,f6,0.00013758125304474454,0.0002931449047272438,0.0004307261577719884
shfa_random_budget,SHFA,1,15,7,247,f7,0.00013758125304474454,0.0002121970956616223,0.00034977834870636687
shfa_random_budget,SHFA,1,15,8,248,f8,0.00013758125304474454,0.000123094321123602,0.00026067557416834653
shfa_random_budget,SHFA,1,15,9,249,f9,0.00013758125304474454,0.00016302745623579933,0.00030060870928054386
shfa_random_budget,SHFA,1,15,10,250,fa,0.00013758125304474454,0.00012128004580359295,0.0002588612988483375
shfa_random_budget,SHFA,1,15,11,251,fb,0.00013758125304474454,8.30164447797741e-05,0.00022059769782451863
shfa_random_budget,SHFA,1,15,12,252,fc,0.00013758125304474454,0.0001134059908657366,0.00025098724391048116
shfa_random_budget,SHFA,1,15,13,253,fd,0.00013758125304474454,0.00018294878499463976,0.00032053003803938433
shfa_random_budget,SHFA,1,15,14,254,fe,0.00013758125304474454,0.00016389977305120685,0.0003014810260959514
shfa_random_budget,SHFA,1,15,15,255,ff,0.00013758125304474454,0.00016706237827965006,0.0003046436313243946
shfa_guided_raw,SHFA,0,0,0,0,00,0.00011479544606798062,0.00044115731777302064,0.0005559527638410013
shfa_guided_raw,SHFA,0,0,1,1,01,0.00011479544606798062,9.449311415356496e-05,0.00020928856022154558
shfa_guided_raw,SHFA,0,0,2,2,02,0.00011479544606798062,0.00014794782670538798,0.00026274327277336863
shfa_guided_raw,SHFA,0,0,3,3,03,0.00011479544606798062,0.0003157218784790443,0.00043051732454702494
shfa_guided_raw,SHFA,0,0,4,4,04,0.00011479544606798062,0.00013148743565453248,0.0002462828817225131
shfa_guided_raw,SHFA,0,0,5,5,05,0.00011479544606798062,3.509690465314645e-05,0.00014989235072112707
shfa_guided_raw,SHFA,0,0,6,6,06,0.00011479544606798062,0.00011306729050850566,0.00022786273657648628
shfa_guided_raw,SHFA,0,0,7,7,07,0.00011479544606798062,2.22018331655228e-05,0.00013699727923350343
shfa_guided_raw,SHFA,0,0,8,8,08,0.00011479544606798062,0.0005236000216923608,0.0006383954677603415
shfa_guided_raw,SHFA,0,0,9,9,09,0.00011479544606798062,0.00024339796233746342,0.00035819340840544404
shfa_guided_raw,SHFA,0,0,10,10,0a,0.00011479544606798062,0.0002366429557381734,0.00035143840180615403
shfa_guided_raw,SHFA,0,0,11,11,0b,0.00011479544606798062,0.0011336900861115074,0.0012484855321794881
shfa_guided_raw,SHFA,0,0,12,12,0c,0.00011479544606798062,9.416052002903396e-05,0.0002089559660970146
shfa_guided_raw,SHFA,0,0,13,13,0d,0.00011479544606798062,0.00017290217142095003,0.00028769761748893065
shfa_guided_raw,SHFA,0,0,14,14,0e,0.00011479544606798062,8.781022967342881e-05,0.00020260567574140943
shfa_guided_raw,SHFA,0,0,15,15,0f,0.00011479544606798062,0.00016252514309470994,0.0002773205891626906
shfa_guided_raw,SHFA,0,1,0,16,10,8.824792608235979e-05,0.00044115731777302064,0.0005294052438553805
shfa_guided_raw,SHFA,0,1,1,17,11,8.824792608235979e-05,9.449311415356496e-05,0.00018274104023592474
shfa_guided_raw,SHFA,0,1,2,18,12,8.824792608235979e-05,0.00014794782670538798,0.00023619575278774777
shfa_guided_raw,SHFA,0,1,3,19,13,8.824792608235979e-05,0.0003157218784790443,0.0004039698045614041
shfa_guided_raw,SHFA,0,1,4,20,14,8.824792608235979e-05,0.00013148743565453248,0.00021973536173689227
shfa_guided_raw,SHFA,0,1,5,21,15,8.824792608235979e-05,3.509690465314645e-05,0.00012334483073550624
shfa_guided_raw,SHFA,0,1,6,22,16,8.824792608235979e-05,0.00011306729050850566,0.00020131521659086545
shfa_guided_raw,SHFA,0,1,7,23,17,8.824792608235979e-05,2.22018331655228e-05,0.0001104497592478826
shfa_guided_raw,SHFA,0,1,8,24,18,8.824792608235979e-05,0.0005236000216923608,0.0006118479477747207
shfa_guided_raw,SHFA,0,1,9,25,19,8.824792608235979e-05,0.00024339796233746342,0.0003316458884198232
shfa_guided_raw,SHFA,0,1,10,26,1a,8.824792608235979e-05,0.0002366429557381734,0.0003248908818205332
shfa_guided_raw,SHFA,0,1,11,27,1b,8.824792608235979e-05,0.0011336900861115074,0.0012219380121938671
shfa_guided_raw,SHFA,0,1,12,28,1c,8.824792608235979e-05,9.416052002903396e-05,0.00018240844611139376
shfa_guided_raw,SHFA,0,1,13,29,1d,8.824792608235979e-05,0.00017290217142095003,0.0002611500975033098
shfa_guided_raw,SHFA,0,1,14,30,1e,8.824792608235979e-05,8.781022967342881e-05,0.0001760581557557886
shfa_guided_raw,SHFA,0,1,15,31,1f,8.824792608235979e-05,0.00016252514309470994,0.0002507730691770697
shfa_guided_raw,SHFA,0,2,0,32,20,0.0001234808443919899,0.00044115731777302064,0.0005646381621650105
shfa_guided_raw,SHFA,0,2,1,33,21,0.0001234808443919899,9.449311415356496e-05,0.00021797395854555486
shfa_guided_raw,SHFA,0,2,2,34,22,0.0001234808443919899,0.00014794782670538798,0.00027142867109737785
shfa_guided_raw,SHFA,0,2,3,35,23,0.0001234808443919899,0.0003157218784790443,0.0004392027228710342
shfa_guided_raw,SHFA,0,2,4,36,24,0.0001234808443919899,0.00013148743565453248,0.0002549682800465224
shfa_guided_raw,SHFA,0,2,5,37,25,0.0001234808443919899,3.509690465314645e-05,0.00015857774904513635
shfa_guided_raw,SHFA,0,2,6,38,26,0.0001234808443919899,0.00011306729050850566,0.00023654813490049556
shfa_guided_raw,SHFA,0,2,7,39,27,0.0001234808443919899,2.22018331655228e-05,0.0001456826775575127
shfa_guided_raw,SHFA,0,2,8,40,28,0.0001234808443919899,0.0005236000216923608,0.0006470808660843507
shfa_guided_raw,SHFA,0,2,9,41,29,0.0001234808443919899,0.00024339796233746342,0.0003668788067294533
shfa_guided_raw,SHFA,0,2,10,42,2a,0.0001234808443919899,0.0002366429557381734,0.0003601238001301633
shfa_guided_raw,SHFA,0,2,11,43,2b,0.0001234808443919899,0.0011336900861115074,0.0012571709305034973
shfa_guided_raw,SHFA,0,2,12,44,2c,0.0001234808443919899,9.416052002903396e-05,0.00021764136442102387
shfa_guided_raw,SHFA,0,2,13,45,2d,0.0001234808443919899,0.00017290217142095003,0.00029638301581293993
shfa_guided_raw,SHFA,0,2,14,46,2e,0.0001234808443919899,8.781022967342881e-05,0.0002112910740654187
shfa_guided_raw,SHFA,0,2,15,47,2f,0.0001234808443919899,0.00016252514309470994,0.0002860059874866998
shfa_guided_raw,SHFA,0,3,0,48,30,9.882129870226566e-05,0.00044115731777302064,0.0005399786164752863
shfa_guided_raw,SHFA,0,3,1,49,31,9.882129870226566e-05,9.449311415356496e-05,0.00019331441285583062
shfa_guided_raw,SHFA,0,3,2,50,32,9.882129870226566e-05,0.00014794782670538798,0.00024676912540765364
shfa_guided_raw,SHFA,0,3,3,51,33,9.882129870226566e-05,0.0003157218784790443,0.00041454317718130995
shfa_guided_raw,SHFA,0,3,4,52,34,9.882129870226566e-05,0.00013148743565453248,0.00023030873435679814
shfa_guided_raw,SHFA,0,3,5,53,35,9.882129870226566e-05,3.509690465314645e-05,0.00013391820335541211
shfa_guided_raw,SHFA,0,3,6,54,36,9.882129870226566e-05,0.00011306729050850566,0.00021188858921077132
shfa_guided_raw,SHFA,0,3,7,55,37,9.882129870226566e-05,2.22018331655228e-05,0.00012102313186778847
shfa_guided_raw,SHFA,0,3,8,56,38,9.882129870226566e-05,0.0005236000216923608,0.0006224213203946265
shfa_guided_raw,SHFA,0,3,9,57,39,9.882129870226566e-05,0.00024339796233746342,0.00034221926103972906
shfa_guided_raw,SHFA,0,3,10,58,3a,9.882129870226566e-05,0.0002366429557381734,0.00033546425444043904
shfa_guided_raw,SHFA,0,3,11,59,3b,9.882129870226566e-05,0.0011336900861115074,0.001232511384813773
shfa_guided_raw,SHFA,0,3,12,60,3c,9.882129870226566e-05,9.416052002903396e-05,0.0001929818187312996
shfa_guided_raw,SHFA,0,3,13,61,3d,9.882129870226566e-05,0.00017290217142095003,0.0002717234701232157
shfa_guided_raw,SHFA,0,3,14,62,3e,9.882129870226566e-05,8.781022967342881e-05,0.00018663152837569447
shfa_guided_raw,SHFA,0,3,15,63,3f,9.882129870226566e-05,0.00016252514309470994,0.0002613464417969756
shfa_guided_raw,SHFA,0,4,0,64,40,0.0010340207771477137,0.00044115731777302064,0.0014751780949207342
shfa_guided_raw,SHFA,0,4,1,65,41,0.0010340207771477137,9.449311415356496e-05,0.0011285138913012787
shfa_guided_raw,SHFA,0,4,2,66,42,0.0010340207771477137,0.00014794782670538798,0.0011819686038531017
shfa_guided_raw,SHFA,0,4,3,67,43,0.0010340207771477137,0.0003157218784790443,0.0013497426556267579
shfa_guided_raw,SHFA,0,4,4,68,44,0.0010340207771477137,0.00013148743565453248,0.001165508212802246
shfa_guided_raw,SHFA,0,4,5,69,45,0.0010340207771477137,3.509690465314645e-05,0.0010691176818008602
shfa_guided_raw,SHFA,0,4,6,70,46,0.0010340207771477137,0.00011306729050850566,0.0011470880676562193
shfa_guided_raw,SHFA,0,4,7,71,47,0.0010340207771477137,2.22018331655228e-05,0.0010562226103132365
shfa_guided_raw,SHFA,0,4,8,72,48,0.0010340207771477137,0.0005236000216923608,0.0015576207988400744
shfa_guided_raw,SHFA,0,4,9,73,49,0.0010340207771477137,0.00024339796233746342,0.001277418739485177
shfa_guided_raw,SHFA,0,4,10,74,4a,0.0010340207771477137,0.0002366429557381734,0.001270663732885887
shfa_guided_raw,SHFA,0,4,11,75,4b,0.0010340207771477137,0.0011336900861115074,0.002167710863259221
shfa_guided_raw,SHFA,0,4,12,76,4c,0.0010340207771477137,9.416052002903396e-05,0.0011281812971767476
shfa_guided_raw,SHFA,0,4,13,77,4d,0.0010340207771477137,0.00017290217142095003,0.0012069229485686638
shfa_guided_raw,SHFA,0,4,14,78,4e,0.0010340207771477137,8.781022967342881e-05,0.0011218310068211424
shfa_guided_raw,SHFA,0,4,15,79,4f,0.0010340207771477137,0.00016252514309470994,0.0011965459202424235
shfa_guided_raw,SHFA,0,5,0,80,50,0.00031837751815178505,0.00044115731777302064,0.0007595348359248057
shfa_guided_raw,SHFA,0,5,1,81,51,0.00031837751815178505,9.449311415356496e-05,0.00041287063230535
shfa_guided_raw,SHFA,0,5,2,82,52,0.00031837751815178505,0.00014794782670538798,0.00046632534485717306
shfa_guided_raw,SHFA,0,5,3,83,53,0.00031837751815178505,0.0003157218784790443,0.0006340993966308294
shfa_guided_raw,SHFA,0,5,4,84,54,0.00031837751815178505,0.00013148743565453248,0.0004498649538063175
shfa_guided_raw,SHFA,0,5,5,85,55,0.00031837751815178505,3.509690465314645e-05,0.00035347442280493147
shfa_guided_raw,SHFA,0,5,6,86,56,0.00031837751815178505,0.00011306729050850566,0.0004314448086602907
shfa_guided_raw,SHFA,0,5,7,87,57,0.00031837751815178505,2.22018331655228e-05,0.00034057935131730785
shfa_guided_raw,SHFA,0,5,8,88,58,0.00031837751815178505,0.0005236000216923608,0.0008419775398441459
shfa_guided_raw,SHFA,0,5,9,89,59,0.00031837751815178505,0.00024339796233746342,0.0005617754804892485
shfa_guided_raw,SHFA,0,5,10,90,5a,0.00031837751815178505,0.0002366429557381734,0.0005550204738899585
shfa_guided_raw,SHFA,0,5,11,91,5b,0.00031837751815178505,0.0011336900861115074,0.0014520676042632924
shfa_guided_raw,SHFA,0,5,12,92,5c,0.00031837751815178505,9.416052002903396e-05,0.000412538038180819
shfa_guided_raw,SHFA,0,5,13,93,5d,0.00031837751815178505,0.00017290217142095003,0.0004912796895727351
shfa_guided_raw,SHFA,0,5,14,94,5e,0.00031837751815178505,8.781022967342881e-05,0.0004061877478252139
shfa_guided_raw,SHFA,0,5,15,95,5f,0.00031837751815178505,0.00016252514309470994,0.000480902661246495
shfa_guided_raw,SHFA,0,6,0,96,60,0.0003018092597380221,0.00044115731777302064,0.0007429665775110427
shfa_guided_raw,SHFA,0,6,1,97,61,0.0003018092597380221,9.449311415356496e-05,0.00039630237389158703
shfa_guided_raw,SHFA,0,6,2,98,62,0.0003018092597380221,0.00014794782670538798,0.0004497570864434101
shfa_guided_raw,SHFA,0,6,3,99,63,0.0003018092597380221,0.0003157218784790443,0.0006175311382170664
shfa_guided_raw,SHFA,0,6,4,100,64,0.0003018092597380221,0.00013148743565453248,0.0004332966953925546
shfa_guided_raw,SHFA,0,6,5,101,65,0.0003018092597380221,3.509690465314645e-05,0.00033690616439116853
shfa_guided_raw,SHFA,0,6,6,102,66,0.0003018092597380221,0.00011306729050850566,0.00041487655024652776
shfa_guided_raw,SHFA,0,6,7,103,67,0.0003018092597380221,2.22018331655228e-05,0.0003240110929035449
shfa_guided_raw,SHFA,0,6,8,104,68,0.0003018092597380221,0.0005236000216923608,0.0008254092814303829
shfa_guided_raw,SHFA,0,6,9,105,69,0.0003018092597380221,0.00024339796233746342,0.0005452072220754855
shfa_guided_raw,SHFA,0,6,10,106,6a,0.0003018092597380221,0.0002366429557381734,0.0005384522154761955
shfa_guided_raw,SHFA,0,6,11,107,6b,0.0003018092597380221,0.0011336900861115074,0.0014354993458495294
shfa_guided_raw,SHFA,0,6,12,108,6c,0.0003018092597380221,9.416052002903396e-05,0.0003959697797670561
shfa_guided_raw,SHFA,0,6,13,109,6d,0.0003018092597380221,0.00017290217142095003,0.00047471143115897213
shfa_guided_raw,SHFA,0,6,14,110,6e,0.0003018092597380221,8.781022967342881e-05,0.00038961948941145094
shfa_guided_raw,SHFA,0,6,15,111,6f,0.0003018092597380221,0.00016252514309470994,0.00046433440283273207
shfa_guided_raw,SHFA,0,7,0,112,70,0.0005234880585082151,0.00044115731777302064,0.0009646453762812357
shfa_guided_raw,SHFA,0,7,1,113,71,0.0005234880585082151,9.449311415356496e-05,0.00061798117266178
shfa_guided_raw,SHFA,0,7,2,114,72,0.0005234880585082151,0.00014794782670538798,0.0006714358852136031
shfa_guided_raw,SHFA,0,7,3,115,73,0.0005234880585082151,0.0003157218784790443,0.0008392099369872594
shfa_guided_raw,SHFA,0,7,4,116,74,0.0005234880585082151,0.00013148743565453248,0.0006549754941627475
shfa_guided_raw,SHFA,0,7,5,117,75,0.0005234880585082151,3.509690465314645e-05,0.0005585849631613615
shfa_guided_raw,SHFA,0,7,6,118,76,0.0005234880585082151,0.00011306729050850566,0.0006365553490167207
shfa_guided_raw,SHFA,0,7,7,119,77,0.0005234880585082151,2.22018331655228e-05,0.0005456898916737379
shfa_guided_raw,SHFA,0,7,8,120,78,0.0005234880585082151,0.0005236000216923608,0.001047088080200576
shfa_guided_raw,SHFA,0,7,9,121,79,0.0005234880585082151,0.00024339796233746342,0.0007668860208456785
shfa_guided_raw,SHFA,0,7,10,122,7a,0.0005234880585082151,0.0002366429557381734,0.0007601310142463885
shfa_guided_raw,SHFA,0,7,11,123,7b,0.0005234880585082151,0.0011336900861115074,0.0016571781446197225
shfa_guided_raw,SHFA,0,7,12,124,7c,0.0005234880585082151,9.416052002903396e-05,0.0006176485785372491
shfa_guided_raw,SHFA,0,7,13,125,7d,0.0005234880585082151,0.00017290217142095003,0.0006963902299291652
shfa_guided_raw,SHFA,0,7,14,126,7e,0.0005234880585082151,8.781022967342881e-05,0.0006112982881816439
shfa_guided_raw,SHFA,0,7,15,127,7f,0.0005234880585082151,0.00016252514309470994,0.0006860132016029251
shfa_guided_raw,SHFA,0,8,0,128,80,3.221792570234572e-05,0.00044115731777302064,0.00047337524347536633
shfa_guided_raw,SHFA,0,8,1,129,81,3.221792570234572e-05,9.449311415356496e-05,0.00012671103985591067
shfa_guided_raw,SHFA,0,8,2,130,82,3.221792570234572e-05,0.00014794782670538798,0.0001801657524077337
shfa_guided_raw,SHFA,0,8,3,131,83,3.221792570234572e-05,0.0003157218784790443,0.00034793980418139
shfa_guided_raw,SHFA,0,8,4,132,84,3.221792570234572e-05,0.00013148743565453248,0.0001637053613568782
shfa_guided_raw,SHFA,0,8,5,133,85,3.221792570234572e-05,3.509690465314645e-05,6.731483035549217e-05
shfa_guided_raw,SHFA,0,8,6,134,86,3.221792570234572e-05,0.00011306729050850566,0.00014528521621085138
shfa_guided_raw,SHFA,0,8,7,135,87,3.221792570234572e-05,2.22018331655228e-05,5.4419758867868517e-05
shfa_guided_raw,SHFA,0,8,8,136,88,3.221792570234572e-05,0.0005236000216923608,0.0005558179473947065
shfa_guided_raw,SHFA,0,8,9,137,89,3.221792570234572e-05,0.00024339796233746342,0.0002756158880398091
shfa_guided_raw,SHFA,0,8,10,138,8a,3.221792570234572e-05,0.0002366429557381734,0.0002688608814405191
shfa_guided_raw,SHFA,0,8,11,139,8b,3.221792570234572e-05,0.0011336900861115074,0.001165908011813853
shfa_guided_raw,SHFA,0,8,12,140,8c,3.221792570234572e-05,9.416052002903396e-05,0.00012637844573137966
shfa_guided_raw,SHFA,0,8,13,141,8d,3.221792570234572e-05,0.00017290217142095003,0.00020512009712329575
shfa_guided_raw,SHFA,0,8,14,142,8e,3.221792570234572e-05,8.781022967342881e-05,0.00012002815537577453
shfa_guided_raw,SHFA,0,8,15,143,8f,3.221792570234572e-05,0.00016252514309470994,0.00019474306879705566
shfa_guided_raw,SHFA,0,9,0,144,90,6.643329440860117e-05,0.00044115731777302064,0.0005075906121816218
shfa_guided_raw,SHFA,0,9,1,145,91,6.643329440860117e-05,9.449311415356496e-05,0.00016092640856216612
shfa_guided_raw,SHFA,0,9,2,146,92,6.643329440860117e-05,0.00014794782670538798,0.00021438112111398915
shfa_guided_raw,SHFA,0,9,3,147,93,6.643329440860117e-05,0.0003157218784790443,0.0003821551728876455
shfa_guided_raw,SHFA,0,9,4,148,94,6.643329440860117e-05,0.00013148743565453248,0.00019792073006313365
shfa_guided_raw,SHFA,0,9,5,149,95,6.643329440860117e-05,3.509690465314645e-05,0.00010153019906174762
shfa_guided_raw,SHFA,0,9,6,150,96,6.643329440860117e-05,0.00011306729050850566,0.00017950058491710683
shfa_guided_raw,SHFA,0,9,7,151,97,6.643329440860117e-05,2.22018331655228e-05,8.863512757412397e-05
shfa_guided_raw,SHFA,0,9,8,152,98,6.643329440860117e-05,0.0005236000216923608,0.000590033316100962
shfa_guided_raw,SHFA,0,9,9,153,99,6.643329440860117e-05,0.00024339796233746342,0.0003098312567460646
shfa_guided_raw,SHFA,0,9,10,154,9a,6.643329440860117e-05,0.0002366429557381734,0.0003030762501467746
shfa_guided_raw,SHFA,0,9,11,155,9b,6.643329440860117e-05,0.0011336900861115074,0.0012001233805201085
shfa_guided_raw,SHFA,0,9,12,156,9c,6.643329440860117e-05,9.416052002903396e-05,0.00016059381443763512
shfa_guided_raw,SHFA,0,9,13,157,9d,6.643329440860117e-05,0.00017290217142095003,0.0002393354658295512
shfa_guided_raw,SHFA,0,9,14,158,9e,6.643329440860117e-05,8.781022967342881e-05,0.00015424352408202998
shfa_guided_raw,SHFA,0,9,15,159,9f,6.643329440860117e-05,0.00016252514309470994,0.0002289584375033111
shfa_guided_raw,SHFA,0,10,0,160,a0,5.122741855561688e-05,0.00044115731777302064,0.0004923847363286375
shfa_guided_raw,SHFA,0,10,1,161,a1,5.122741855561688e-05,9.449311415356496e-05,0.00014572053270918184
shfa_guided_raw,SHFA,0,10,2,162,a2,5.122741855561688e-05,0.00014794782670538798,0.00019917524526100487
shfa_guided_raw,SHFA,0,10,3,163,a3,5.122741855561688e-05,0.0003157218784790443,0.0003669492970346612
shfa_guided_raw,SHFA,0,10,4,164,a4,5.122741855561688e-05,0.00013148743565453248,0.00018271485421014936
shfa_guided_raw,SHFA,0,10,5,165,a5,5.122741855561688e-05,3.509690465314645e-05,8.632432320876334e-05
shfa_guided_raw,SHFA,0,10,6,166,a6,5.122741855561688e-05,0.00011306729050850566,0.00016429470906412254
shfa_guided_raw,SHFA,0,10,7,167,a7,5.122741855561688e-05,2.22018331655228e-05,7.342925172113968e-05
shfa_guided_raw,SHFA,0,10,8,168,a8,5.122741855561688e-05,0.0005236000216923608,0.0005748274402479777
shfa_guided_raw,SHFA,0,10,9,169,a9,5.122741855561688e-05,0.00024339796233746342,0.0002946253808930803
shfa_guided_raw,SHFA,0,10,10,170,aa,5.122741855561688e-05,0.0002366429557381734,0.00028787037429379026
shfa_guided_raw,SHFA,0,10,11,171,ab,5.122741855561688e-05,0.0011336900861115074,0.0011849175046671242
shfa_guided_raw,SHFA,0,10,12,172,ac,5.122741855561688e-05,9.416052002903396e-05,0.00014538793858465083
shfa_guided_raw,SHFA,0,10,13,173,ad,5.122741855561688e-05,0.00017290217142095003,0.00022412958997656692
shfa_guided_raw,SHFA,0,10,14,174,ae,5.122741855561688e-05,8.781022967342881e-05,0.0001390376482290457
shfa_guided_raw,SHFA,0,10,15,175,af,5.122741855561688e-05,0.00016252514309470994,0.00021375256165032683
shfa_guided_raw,SHFA,0,11,0,176,b0,6.70016470408017e-05,0.00044115731777302064,0.0005081589648138224
shfa_guided_raw,SHFA,0,11,1,177,b1,6.70016470408017e-05,9.449311415356496e-05,0.00016149476119436666
shfa_guided_raw,SHFA,0,11,2,178,b2,6.70016470408017e-05,0.00014794782670538798,0.0002149494737461897
shfa_guided_raw,SHFA,0,11,3,179,b3,6.70016470408017e-05,0.0003157218784790443,0.000382723525519846
shfa_guided_raw,SHFA,0,11,4,180,b4,6.70016470408017e-05,0.00013148743565453248,0.00019848908269533419
shfa_guided_raw,SHFA,0,11,5,181,b5,6.70016470408017e-05,3.509690465314645e-05,0.00010209855169394816
shfa_guided_raw,SHFA,0,11,6,182,b6,6.70016470408017e-05,0.00011306729050850566,0.00018006893754930737
shfa_guided_raw,SHFA,0,11,7,183,b7,6.70016470408017e-05,2.22018331655228e-05,8.920348020632451e-05
shfa_guided_raw,SHFA,0,11,8,184,b8,6.70016470408017e-05,0.0005236000216923608,0.0005906016687331625
shfa_guided_raw,SHFA,0,11,9,185,b9,6.70016470408017e-05,0.00024339796233746342,0.00031039960937826513
shfa_guided_raw,SHFA,0,11,10,186,ba,6.70016470408017e-05,0.0002366429557381734,0.0003036446027789751
shfa_guided_raw,SHFA,0,11,11,187,bb,6.70016470408017e-05,0.0011336900861115074,0.001200691733152309
shfa_guided_raw,SHFA,0,11,12,188,bc,6.70016470408017e-05,9.416052002903396e-05,0.00016116216706983568
shfa_guided_raw,SHFA,0,11,13,189,bd,6.70016470408017e-05,0.00017290217142095003,0.00023990381846175174
shfa_guided_raw,SHFA,0,11,14,190,be,6.70016470408017e-05,8.781022967342881e-05,0.00015481187671423052
shfa_guided_raw,SHFA,0,11,15,191,bf,6.70016470408017e-05,0.00016252514309470994,0.00022952679013551165
shfa_guided_raw,SHFA,0,12,0,192,c0,0.0002819056640179645,0.00044115731777302064,0.0007230629817909851
shfa_guided_raw,SHFA,0,12,1,193,c1,0.0002819056640179645,9.449311415356496e-05,0.0003763987781715295
shfa_guided_raw,SHFA,0,12,2,194,c2,0.0002819056640179645,0.00014794782670538798,0.0004298534907233525
shfa_guided_raw,SHFA,0,12,3,195,c3,0.0002819056640179645,0.0003157218784790443,0.0005976275424970088
shfa_guided_raw,SHFA,0,12,4,196,c4,0.0002819056640179645,0.00013148743565453248,0.000413393099672497
shfa_guided_raw,SHFA,0,12,5,197,c5,0.0002819056640179645,3.509690465314645e-05,0.000317002568671111
shfa_guided_raw,SHFA,0,12,6,198,c6,0.0002819056640179645,0.00011306729050850566,0.0003949729545264702
shfa_guided_raw,SHFA,0,12,7,199,c7,0.0002819056640179645,2.22018331655228e-05,0.0003041074971834873
shfa_guided_raw,SHFA,0,12,8,200,c8,0.0002819056640179645,0.0005236000216923608,0.0008055056857103253
shfa_guided_raw,SHFA,0,12,9,201,c9,0.0002819056640179645,0.00024339796233746342,0.000525303626355428
shfa_guided_raw,SHFA,0,12,10,202,ca,0.0002819056640179645,0.0002366429557381734,0.0005185486197561379
shfa_guided_raw,SHFA,0,12,11,203,cb,0.0002819056640179645,0.0011336900861115074,0.001415595750129472
shfa_guided_raw,SHFA,0,12,12,204,cc,0.0002819056640179645,9.416052002903396e-05,0.0003760661840469985
shfa_guided_raw,SHFA,0,12,13,205,cd,0.0002819056640179645,0.00017290217142095003,0.00045480783543891455
shfa_guided_raw,SHFA,0,12,14,206,ce,0.0002819056640179645,8.781022967342881e-05,0.0003697158936913933
shfa_guided_raw,SHFA,0,12,15,207,cf,0.0002819056640179645,0.00016252514309470994,0.00044443080711267444
shfa_guided_raw,SHFA,0,13,0,208,d0,8.20659705964689e-05,0.00044115731777302064,0.0005232232883694895
shfa_guided_raw,SHFA,0,13,1,209,d1,8.20659705964689e-05,9.449311415356496e-05,0.00017655908475003386
shfa_guided_raw,SHFA,0,13,2,210,d2,8.20659705964689e-05,0.00014794782670538798,0.00023001379730185688
shfa_guided_raw,SHFA,0,13,3,211,d3,8.20659705964689e-05,0.0003157218784790443,0.0003977878490755132
shfa_guided_raw,SHFA,0,13,4,212,d4,8.20659705964689e-05,0.00013148743565453248,0.00021355340625100138
shfa_guided_raw,SHFA,0,13,5,213,d5,8.20659705964689e-05,3.509690465314645e-05,0.00011716287524961535
shfa_guided_raw,SHFA,0,13,6,214,d6,8.20659705964689e-05,0.00011306729050850566,0.00019513326110497456
shfa_guided_raw,SHFA,0,13,7,215,d7,8.20659705964689e-05,2.22018331655228e-05,0.0001042678037619917
shfa_guided_raw,SHFA,0,13,8,216,d8,8.20659705964689e-05,0.0005236000216923608,0.0006056659922888297
shfa_guided_raw,SHFA,0,13,9,217,d9,8.20659705964689e-05,0.00024339796233746342,0.0003254639329339323
shfa_guided_raw,SHFA,0,13,10,218,da,8.20659705964689e-05,0.0002366429557381734,0.0003187089263346423
shfa_guided_raw,SHFA,0,13,11,219,db,8.20659705964689e-05,0.0011336900861115074,0.0012157560567079763
shfa_guided_raw,SHFA,0,13,12,220,dc,8.20659705964689e-05,9.416052002903396e-05,0.00017622649062550287
shfa_guided_raw,SHFA,0,13,13,221,dd,8.20659705964689e-05,0.00017290217142095003,0.00025496814201741893
shfa_guided_raw,SHFA,0,13,14,222,de,8.20659705964689e-05,8.781022967342881e-05,0.0001698762002698977
shfa_guided_raw,SHFA,0,13,15,223,df,8.20659705964689e-05,0.00016252514309470994,0.0002445911136911788
shfa_guided_raw,SHFA,0,14,0,224,e0,4.474223027708055e-05,0.00044115731777302064,0.0004858995480501012
shfa_guided_raw,SHFA,0,14,1,225,e1,4.474223027708055e-05,9.449311415356496e-05,0.0001392353444306455
shfa_guided_raw,SHFA,0,14,2,226,e2,4.474223027708055e-05,0.00014794782670538798,0.00019269005698246852
shfa_guided_raw,SHFA,0,14,3,227,e3,4.474223027708055e-05,0.0003157218784790443,0.0003604641087561249
shfa_guided_raw,SHFA,0,14,4,228,e4,4.474223027708055e-05,0.00013148743565453248,0.00017622966593161304
shfa_guided_raw,SHFA,0,14,5,229,e5,4.474223027708055e-05,3.509690465314645e-05,7.9839134930227e-05
shfa_guided_raw,SHFA,0,14,6,230,e6,4.474223027708055e-05,0.00011306729050850566,0.00015780952078558622
shfa_guided_raw,SHFA,0,14,7,231,e7,4.474223027708055e-05,2.22018331655228e-05,6.694406344260335e-05
shfa_guided_raw,SHFA,0,14,8,232,e8,4.474223027708055e-05,0.0005236000216923608,0.0005683422519694414
shfa_guided_raw,SHFA,0,14,9,233,e9,4.474223027708055e-05,0.00024339796233746342,0.000288140192614544
shfa_guided_raw,SHFA,0,14,10,234,ea,4.474223027708055e-05,0.0002366429557381734,0.00028138518601525397
shfa_guided_raw,SHFA,0,14,11,235,eb,4.474223027708055e-05,0.0011336900861115074,0.001178432316388588
shfa_guided_raw,SHFA,0,14,12,236,ec,4.474223027708055e-05,9.416052002903396e-05,0.0001389027503061145
shfa_guided_raw,SHFA,0,14,13,237,ed,4.474223027708055e-05,0.00017290217142095003,0.0002176444016980306
shfa_guided_raw,SHFA,0,14,14,238,ee,4.474223027708055e-05,8.781022967342881e-05,0.00013255245995050935
shfa_guided_raw,SHFA,0,14,15,239,ef,4.474223027708055e-05,0.00016252514309470994,0.00020726737337179048
shfa_guided_raw,SHFA,0,15,0,240,f0,0.0003341360565987962,0.00044115731777302064,0.0007752933743718168
shfa_guided_raw,SHFA,0,15,1,241,f1,0.0003341360565987962,9.449311415356496e-05,0.0004286291707523612
shfa_guided_raw,SHFA,0,15,2,242,f2,0.0003341360565987962,0.00014794782670538798,0.00048208388330418415
shfa_guided_raw,SHFA,0,15,3,243,f3,0.0003341360565987962,0.0003157218784790443,0.0006498579350778405
shfa_guided_raw,SHFA,0,15,4,244,f4,0.0003341360565987962,0.00013148743565453248,0.00046562349225332867
shfa_guided_raw,SHFA,0,15,5,245,f5,0.0003341360565987962,3.509690465314645e-05,0.00036923296125194267
shfa_guided_raw,SHFA,0,15,6,246,f6,0.0003341360565987962,0.00011306729050850566,0.00044720334710730185
shfa_guided_raw,SHFA,0,15,7,247,f7,0.0003341360565987962,2.22018331655228e-05,0.000356337889764319
shfa_guided_raw,SHFA,0,15,8,248,f8,0.0003341360565987962,0.0005236000216923608,0.000857736078291157
shfa_guided_raw,SHFA,0,15,9,249,f9,0.0003341360565987962,0.00024339796233746342,0.0005775340189362597
shfa_guided_raw,SHFA,0,15,10,250,fa,0.0003341360565987962,0.0002366429557381734,0.0005707790123369695
shfa_guided_raw,SHFA,0,15,11,251,fb,0.0003341360565987962,0.0011336900861115074,0.0014678261427103036
shfa_guided_raw,SHFA,0,15,12,252,fc,0.0003341360565987962,9.416052002903396e-05,0.00042829657662783017
shfa_guided_raw,SHFA,0,15,13,253,fd,0.0003341360565987962,0.00017290217142095003,0.0005070382280197462
shfa_guided_raw,SHFA,0,15,14,254,fe,0.0003341360565987962,8.781022967342881e-05,0.000421946286272225
shfa_guided_raw,SHFA,0,15,15,255,ff,0.0003341360565987962,0.00016252514309470994,0.0004966611996935061
shfa_guided_raw,SHFA,1,0,0,0,00,7.56498461567673e-05,0.00018380731413933883,0.00025945716029610613
shfa_guided_raw,SHFA,1,0,1,1,01,7.56498461567673e-05,0.00012459626718938383,0.00020024611334615113
shfa_guided_raw,SHFA,1,0,2,2,02,7.56498461567673e-05,0.00021796253494573613,0.00029361238110250346
shfa_guided_raw,SHFA,1,0,3,3,03,7.56498461567673e-05,0.00013199859110673084,0.00020764843726349814
shfa_guided_raw,SHFA,1,0,4,4,04,7.56498461567673e-05,0.00036223046402854796,0.00043788031018531523
shfa_guided_raw,SHFA,1,0,5,5,05,7.56498461567673e-05,0.0005823478052342968,0.000657997651391064
shfa_guided_raw,SHFA,1,0,6,6,06,7.56498461567673e-05,0.001315081459574046,0.0013907313057308134
shfa_guided_raw,SHFA,1,0,7,7,07,7.56498461567673e-05,0.0003490274904239459,0.0004246773365807132
shfa_guided_raw,SHFA,1,0,8,8,08,7.56498461567673e-05,5.364464944169148e-05,0.00012929449559845877
shfa_guided_raw,SHFA,1,0,9,9,09,7.56498461567673e-05,0.00010904922389770708,0.00018469907005447438
shfa_guided_raw,SHFA,1,0,10,10,0a,7.56498461567673e-05,2.8953175450154654e-05,0.00010460302160692195
shfa_guided_raw,SHFA,1,0,11,11,0b,7.56498461567673e-05,0.00011613017166376505,0.00019178001782053233
shfa_guided_raw,SHFA,1,0,12,12,0c,7.56498461567673e-05,6.562525754025294e-05,0.00014127510369702024
shfa_guided_raw,SHFA,1,0,13,13,0d,7.56498461567673e-05,0.00045690054584281723,0.0005325503919995845
shfa_guided_raw,SHFA,1,0,14,14,0e,7.56498461567673e-05,0.00030906581106193194,0.00038471565721869927
shfa_guided_raw,SHFA,1,0,15,15,0f,7.56498461567673e-05,0.00013144130489001042,0.00020709115104677772
shfa_guided_raw,SHFA,1,1,0,16,10,2.4944154918071247e-05,0.00018380731413933883,0.00020875146905741007
shfa_guided_raw,SHFA,1,1,1,17,11,2.4944154918071247e-05,0.00012459626718938383,0.0001495404221074551
shfa_guided_raw,SHFA,1,1,2,18,12,2.4944154918071247e-05,0.00021796253494573613,0.0002429066898638074
shfa_guided_raw,SHFA,1,1,3,19,13,2.4944154918071247e-05,0.00013199859110673084,0.00015694274602480208
shfa_guided_raw,SHFA,1,1,4,20,14,2.4944154918071247e-05,0.00036223046402854796,0.0003871746189466192
shfa_guided_raw,SHFA,1,1,5,21,15,2.4944154918071247e-05,0.0005823478052342968,0.000607291960152368
shfa_guided_raw,SHFA,1,1,6,22,16,2.4944154918071247e-05,0.001315081459574046,0.0013400256144921172
shfa_guided_raw,SHFA,1,1,7,23,17,2.4944154918071247e-05,0.0003490274904239459,0.00037397164534201714
shfa_guided_raw,SHFA,1,1,8,24,18,2.4944154918071247e-05,5.364464944169148e-05,7.858880435976273e-05
shfa_guided_raw,SHFA,1,1,9,25,19,2.4944154918071247e-05,0.00010904922389770708,0.00013399337881577834
shfa_guided_raw,SHFA,1,1,10,26,1a,2.4944154918071247e-05,2.8953175450154654e-05,5.38973303682259e-05
shfa_guided_raw,SHFA,1,1,11,27,1b,2.4944154918071247e-05,0.00011613017166376505,0.0001410743265818363
shfa_guided_raw,SHFA,1,1,12,28,1c,2.4944154918071247e-05,6.562525754025294e-05,9.056941245832419e-05
shfa_guided_raw,SHFA,1,1,13,29,1d,2.4944154918071247e-05,0.00045690054584281723,0.0004818447007608885
shfa_guided_raw,SHFA,1,1,14,30,1e,2.4944154918071247e-05,0.00030906581106193194,0.0003340099659800032
shfa_guided_raw,SHFA,1,1,15,31,1f,2.4944154918071247e-05,0.00013144130489001042,0.00015638545980808168
shfa_guided_raw,SHFA,1,2,0,32,20,0.00010201114872591426,0.00018380731413933883,0.0002858184628652531
shfa_guided_raw,SHFA,1,2,1,33,21,0.00010201114872591426,0.00012459626718938383,0.00022660741591529809
shfa_guided_raw,SHFA,1,2,2,34,22,0.00010201114872591426,0.00021796253494573613,0.0003199736836716504
shfa_guided_raw,SHFA,1,2,3,35,23,0.00010201114872591426,0.00013199859110673084,0.0002340097398326451
shfa_guided_raw,SHFA,1,2,4,36,24,0.00010201114872591426,0.00036223046402854796,0.0004642416127544622
shfa_guided_raw,SHFA,1,2,5,37,25,0.00010201114872591426,0.0005823478052342968,0.000684358953960211
shfa_guided_raw,SHFA,1,2,6,38,26,0.00010201114872591426,0.001315081459574046,0.0014170926082999603
shfa_guided_raw,SHFA,1,2,7,39,27,0.00010201114872591426,0.0003490274904239459,0.00045103863914986017
shfa_guided_raw,SHFA,1,2,8,40,28,0.00010201114872591426,5.364464944169148e-05,0.00015565579816760573
shfa_guided_raw,SHFA,1,2,9,41,29,0.00010201114872591426,0.00010904922389770708,0.00021106037262362133
shfa_guided_raw,SHFA,1,2,10,42,2a,0.00010201114872591426,2.8953175450154654e-05,0.00013096432417606893
shfa_guided_raw,SHFA,1,2,11,43,2b,0.00010201114872591426,0.00011613017166376505,0.0002181413203896793
shfa_guided_raw,SHFA,1,2,12,44,2c,0.00010201114872591426,6.562525754025294e-05,0.0001676364062661672
shfa_guided_raw,SHFA,1,2,13,45,2d,0.00010201114872591426,0.00045690054584281723,0.0005589116945687315
shfa_guided_raw,SHFA,1,2,14,46,2e,0.00010201114872591426,0.00030906581106193194,0.0004110769597878462
shfa_guided_raw,SHFA,1,2,15,47,2f,0.00010201114872591426,0.00013144130489001042,0.00023345245361592468
shfa_guided_raw,SHFA,1,3,0,48,30,5.1606620082134315e-05,0.00018380731413933883,0.00023541393422147315
shfa_guided_raw,SHFA,1,3,1,49,31,5.1606620082134315e-05,0.00012459626718938383,0.00017620288727151814
shfa_guided_raw,SHFA,1,3,2,50,32,5.1606620082134315e-05,0.00021796253494573613,0.0002695691550278704
shfa_guided_raw,SHFA,1,3,3,51,33,5.1606620082134315e-05,0.00013199859110673084,0.00018360521118886516
shfa_guided_raw,SHFA,1,3,4,52,34,5.1606620082134315e-05,0.00036223046402854796,0.0004138370841106823
shfa_guided_raw,SHFA,1,3,5,53,35,5.1606620082134315e-05,0.0005823478052342968,0.0006339544253164311
shfa_guided_raw,SHFA,1,3,6,54,36,5.1606620082134315e-05,0.001315081459574046,0.0013666880796561803
shfa_guided_raw,SHFA,1,3,7,55,37,5.1606620082134315e-05,0.0003490274904239459,0.00040063411050608017
shfa_guided_raw,SHFA,1,3,8,56,38,5.1606620082134315e-05,5.364464944169148e-05,0.0001052512695238258
shfa_guided_raw,SHFA,1,3,9,57,39,5.1606620082134315e-05,0.00010904922389770708,0.0001606558439798414
shfa_guided_raw,SHFA,1,3,10,58,3a,5.1606620082134315e-05,2.8953175450154654e-05,8.055979553228897e-05
shfa_guided_raw,SHFA,1,3,11,59,3b,5.1606620082134315e-05,0.00011613017166376505,0.00016773679174589935
shfa_guided_raw,SHFA,1,3,12,60,3c,5.1606620082134315e-05,6.562525754025294e-05,0.00011723187762238726
shfa_guided_raw,SHFA,1,3,13,61,3d,5.1606620082134315e-05,0.00045690054584281723,0.0005085071659249516
shfa_guided_raw,SHFA,1,3,14,62,3e,5.1606620082134315e-05,0.00030906581106193194,0.00036067243114406623
shfa_guided_raw,SHFA,1,3,15,63,3f,5.1606620082134315e-05,0.00013144130489001042,0.00018304792497214473
shfa_guided_raw,SHFA,1,4,0,64,40,8.409552828110124e-05,0.00018380731413933883,0.0002679028424204401
shfa_guided_raw,SHFA,1,4,1,65,41,8.409552828110124e-05,0.00012459626718938383,0.00020869179547048505
shfa_guided_raw,SHFA,1,4,2,66,42,8.409552828110124e-05,0.00021796253494573613,0.00030205806322683735
shfa_guided_raw,SHFA,1,4,3,67,43,8.409552828110124e-05,0.00013199859110673084,0.0002160941193878321
shfa_guided_raw,SHFA,1,4,4,68,44,8.409552828110124e-05,0.00036223046402854796,0.0004463259923096492
shfa_guided_raw,SHFA,1,4,5,69,45,8.409552828110124e-05,0.0005823478052342968,0.000666443333515398
shfa_guided_raw,SHFA,1,4,6,70,46,8.409552828110124e-05,0.001315081459574046,0.0013991769878551473
shfa_guided_raw,SHFA,1,4,7,71,47,8.409552828110124e-05,0.0003490274904239459,0.0004331230187050471
shfa_guided_raw,SHFA,1,4,8,72,48,8.409552828110124e-05,5.364464944169148e-05,0.00013774017772279272
shfa_guided_raw,SHFA,1,4,9,73,49,8.409552828110124e-05,0.00010904922389770708,0.0001931447521788083
shfa_guided_raw,SHFA,1,4,10,74,4a,8.409552828110124e-05,2.8953175450154654e-05,0.00011304870373125589
shfa_guided_raw,SHFA,1,4,11,75,4b,8.409552828110124e-05,0.00011613017166376505,0.00020022569994486628
shfa_guided_raw,SHFA,1,4,12,76,4c,8.409552828110124e-05,6.562525754025294e-05,0.00014972078582135416
shfa_guided_raw,SHFA,1,4,13,77,4d,8.409552828110124e-05,0.00045690054584281723,0.0005409960741239185
shfa_guided_raw,SHFA,1,4,14,78,4e,8.409552828110124e-05,0.00030906581106193194,0.00039316133934303316
shfa_guided_raw,SHFA,1,4,15,79,4f,8.409552828110124e-05,0.00013144130489001042,0.00021553683317111164
shfa_guided_raw,SHFA,1,5,0,80,50,0.00021344153634270124,0.00018380731413933883,0.00039724885048204005
shfa_guided_raw,SHFA,1,5,1,81,51,0.00021344153634270124,0.00012459626718938383,0.00033803780353208507
shfa_guided_raw,SHFA,1,5,2,82,52,0.00021344153634270124,0.00021796253494573613,0.00043140407128843737
shfa_guided_raw,SHFA,1,5,3,83,53,0.00021344153634270124,0.00013199859110673084,0.0003454401274494321
shfa_guided_raw,SHFA,1,5,4,84,54,0.00021344153634270124,0.00036223046402854796,0.0005756720003712492
shfa_guided_raw,SHFA,1,5,5,85,55,0.00021344153634270124,0.0005823478052342968,0.000795789341576998
shfa_guided_raw,SHFA,1,5,6,86,56,0.00021344153634270124,0.001315081459574046,0.0015285229959167471
shfa_guided_raw,SHFA,1,5,7,87,57,0.00021344153634270124,0.0003490274904239459,0.0005624690267666472
shfa_guided_raw,SHFA,1,5,8,88,58,0.00021344153634270124,5.364464944169148e-05,0.00026708618578439274
shfa_guided_raw,SHFA,1,5,9,89,59,0.00021344153634270124,0.00010904922389770708,0.0003224907602404083
shfa_guided_raw,SHFA,1,5,10,90,5a,0.00021344153634270124,2.8953175450154654e-05,0.00024239471179285588
shfa_guided_raw,SHFA,1,5,11,91,5b,0.00021344153634270124,0.00011613017166376505,0.0003295717080064663
shfa_guided_raw,SHFA,1,5,12,92,5c,0.00021344153634270124,6.562525754025294e-05,0.0002790667938829542
shfa_guided_raw,SHFA,1,5,13,93,5d,0.00021344153634270124,0.00045690054584281723,0.0006703420821855185
shfa_guided_raw,SHFA,1,5,14,94,5e,0.00021344153634270124,0.00030906581106193194,0.0005225073474046332
shfa_guided_raw,SHFA,1,5,15,95,5f,0.00021344153634270124,0.00013144130489001042,0.00034488284123271166
shfa_guided_raw,SHFA,1,6,0,96,60,0.0003258369906842709,0.00018380731413933883,0.0005096443048236098
shfa_guided_raw,SHFA,1,6,1,97,61,0.0003258369906842709,0.00012459626718938383,0.00045043325787365475
shfa_guided_raw,SHFA,1,6,2,98,62,0.0003258369906842709,0.00021796253494573613,0.000543799525630007
shfa_guided_raw,SHFA,1,6,3,99,63,0.0003258369906842709,0.00013199859110673084,0.00045783558179100174
shfa_guided_raw,SHFA,1,6,4,100,64,0.0003258369906842709,0.00036223046402854796,0.0006880674547128189
shfa_guided_raw,SHFA,1,6,5,101,65,0.0003258369906842709,0.0005823478052342968,0.0009081847959185676
shfa_guided_raw,SHFA,1,6,6,102,66,0.0003258369906842709,0.001315081459574046,0.0016409184502583168
shfa_guided_raw,SHFA,1,6,7,103,67,0.0003258369906842709,0.0003490274904239459,0.0006748644811082168
shfa_guided_raw,SHFA,1,6,8,104,68,0.0003258369906842709,5.364464944169148e-05,0.0003794816401259624
shfa_guided_raw,SHFA,1,6,9,105,69,0.0003258369906842709,0.00010904922389770708,0.000434886214581978
shfa_guided_raw,SHFA,1,6,10,106,6a,0.0003258369906842709,2.8953175450154654e-05,0.00035479016613442556
shfa_guided_raw,SHFA,1,6,11,107,6b,0.0003258369906842709,0.00011613017166376505,0.000441967162348036
shfa_guided_raw,SHFA,1,6,12,108,6c,0.0003258369906842709,6.562525754025294e-05,0.00039146224822452386
shfa_guided_raw,SHFA,1,6,13,109,6d,0.0003258369906842709,0.00045690054584281723,0.0007827375365270881
shfa_guided_raw,SHFA,1,6,14,110,6e,0.0003258369906842709,0.00030906581106193194,0.0006349028017462029
shfa_guided_raw,SHFA,1,6,15,111,6f,0.0003258369906842709,0.00013144130489001042,0.00045727829557428134
shfa_guided_raw,SHFA,1,7,0,112,70,4.636392901910639e-05,0.00018380731413933883,0.00023017124315844522
shfa_guided_raw,SHFA,1,7,1,113,71,4.636392901910639e-05,0.00012459626718938383,0.0001709601962084902
shfa_guided_raw,SHFA,1,7,2,114,72,4.636392901910639e-05,0.00021796253494573613,0.0002643264639648425
shfa_guided_raw,SHFA,1,7,3,115,73,4.636392901910639e-05,0.00013199859110673084,0.00017836252012583723
shfa_guided_raw,SHFA,1,7,4,116,74,4.636392901910639e-05,0.00036223046402854796,0.00040859439304765434
shfa_guided_raw,SHFA,1,7,5,117,75,4.636392901910639e-05,0.0005823478052342968,0.0006287117342534032
shfa_guided_raw,SHFA,1,7,6,118,76,4.636392901910639e-05,0.001315081459574046,0.0013614453885931524
shfa_guided_raw,SHFA,1,7,7,119,77,4.636392901910639e-05,0.0003490274904239459,0.00039539141944305227
shfa_guided_raw,SHFA,1,7,8,120,78,4.636392901910639e-05,5.364464944169148e-05,0.00010000857846079788
shfa_guided_raw,SHFA,1,7,9,121,79,4.636392901910639e-05,0.00010904922389770708,0.00015541315291681346
shfa_guided_raw,SHFA,1,7,10,122,7a,4.636392901910639e-05,2.8953175450154654e-05,7.531710446926105e-05
shfa_guided_raw,SHFA,1,7,11,123,7b,4.636392901910639e-05,0.00011613017166376505,0.00016249410068287144
shfa_guided_raw,SHFA,1,7,12,124,7c,4.636392901910639e-05,6.562525754025294e-05,0.00011198918655935933
shfa_guided_raw,SHFA,1,7,13,125,7d,4.636392901910639e-05,0.00045690054584281723,0.0005032644748619237
shfa_guided_raw,SHFA,1,7,14,126,7e,4.636392901910639e-05,0.00030906581106193194,0.0003554297400810383
shfa_guided_raw,SHFA,1,7,15,127,7f,4.636392901910639e-05,0.00013144130489001042,0.0001778052339091168
shfa_guided_raw,SHFA,1,8,0,128,80,0.00011283578338802696,0.00018380731413933883,0.0002966430975273658
shfa_guided_raw,SHFA,1,8,1,129,81,0.00011283578338802696,0.00012459626718938383,0.0002374320505774108
shfa_guided_raw,SHFA,1,8,2,130,82,0.00011283578338802696,0.00021796253494573613,0.0003307983183337631
shfa_guided_raw,SHFA,1,8,3,131,83,0.00011283578338802696,0.00013199859110673084,0.0002448343744947578
shfa_guided_raw,SHFA,1,8,4,132,84,0.00011283578338802696,0.00036223046402854796,0.0004750662474165749
shfa_guided_raw,SHFA,1,8,5,133,85,0.00011283578338802696,0.0005823478052342968,0.0006951835886223237
shfa_guided_raw,SHFA,1,8,6,134,86,0.00011283578338802696,0.001315081459574046,0.0014279172429620729
shfa_guided_raw,SHFA,1,8,7,135,87,0.00011283578338802696,0.0003490274904239459,0.00046186327381197284
shfa_guided_raw,SHFA,1,8,8,136,88,0.00011283578338802696,5.364464944169148e-05,0.00016648043282971846
shfa_guided_raw,SHFA,1,8,9,137,89,0.00011283578338802696,0.00010904922389770708,0.00022188500728573404
shfa_guided_raw,SHFA,1,8,10,138,8a,0.00011283578338802696,2.8953175450154654e-05,0.0001417889588381816
shfa_guided_raw,SHFA,1,8,11,139,8b,0.00011283578338802696,0.00011613017166376505,0.00022896595505179202
shfa_guided_raw,SHFA,1,8,12,140,8c,0.00011283578338802696,6.562525754025294e-05,0.0001784610409282799
shfa_guided_raw,SHFA,1,8,13,141,8d,0.00011283578338802696,0.00045690054584281723,0.0005697363292308441
shfa_guided_raw,SHFA,1,8,14,142,8e,0.00011283578338802696,0.00030906581106193194,0.0004219015944499589
shfa_guided_raw,SHFA,1,8,15,143,8f,0.00011283578338802696,0.00013144130489001042,0.0002442770882780374
shfa_guided_raw,SHFA,1,9,0,144,90,0.00017273340059438937,0.00018380731413933883,0.0003565407147337282
shfa_guided_raw,SHFA,1,9,1,145,91,0.00017273340059438937,0.00012459626718938383,0.0002973296677837732
shfa_guided_raw,SHFA,1,9,2,146,92,0.00017273340059438937,0.00021796253494573613,0.0003906959355401255
shfa_guided_raw,SHFA,1,9,3,147,93,0.00017273340059438937,0.00013199859110673084,0.00030473199170112024
shfa_guided_raw,SHFA,1,9,4,148,94,0.00017273340059438937,0.00036223046402854796,0.0005349638646229373
shfa_guided_raw,SHFA,1,9,5,149,95,0.00017273340059438937,0.0005823478052342968,0.0007550812058286861
shfa_guided_raw,SHFA,1,9,6,150,96,0.00017273340059438937,0.001315081459574046,0.0014878148601684352
shfa_guided_raw,SHFA,1,9,7,151,97,0.00017273340059438937,0.0003490274904239459,0.0005217608910183353
shfa_guided_raw,SHFA,1,9,8,152,98,0.00017273340059438937,5.364464944169148e-05,0.00022637805003608086
shfa_guided_raw,SHFA,1,9,9,153,99,0.00017273340059438937,0.00010904922389770708,0.00028178262449209644
shfa_guided_raw,SHFA,1,9,10,154,9a,0.00017273340059438937,2.8953175450154654e-05,0.000201686576044544
shfa_guided_raw,SHFA,1,9,11,155,9b,0.00017273340059438937,0.00011613017166376505,0.0002888635722581544
shfa_guided_raw,SHFA,1,9,12,156,9c,0.00017273340059438937,6.562525754025294e-05,0.0002383586581346423
shfa_guided_raw,SHFA,1,9,13,157,9d,0.00017273340059438937,0.00045690054584281723,0.0006296339464372066
shfa_guided_raw,SHFA,1,9,14,158,9e,0.00017273340059438937,0.00030906581106193194,0.0004817992116563213
shfa_guided_raw,SHFA,1,9,15,159,9f,0.00017273340059438937,0.00013144130489001042,0.0003041747054843998
shfa_guided_raw,SHFA,1,10,0,160,a0,8.101987787876379e-05,0.00018380731413933883,0.0002648271920181026
shfa_guided_raw,SHFA,1,10,1,161,a1,8.101987787876379e-05,0.00012459626718938383,0.00020561614506814762
shfa_guided_raw,SHFA,1,10,2,162,a2,8.101987787876379e-05,0.00021796253494573613,0.0002989824128244999
shfa_guided_raw,SHFA,1,10,3,163,a3,8.101987787876379e-05,0.00013199859110673084,0.00021301846898549463
shfa_guided_raw,SHFA,1,10,4,164,a4,8.101987787876379e-05,0.00036223046402854796,0.0004432503419073118
shfa_guided_raw,SHFA,1,10,5,165,a5,8.101987787876379e-05,0.0005823478052342968,0.0006633676831130606
shfa_guided_raw,SHFA,1,10,6,166,a6,8.101987787876379e-05,0.001315081459574046,0.0013961013374528097
shfa_guided_raw,SHFA,1,10,7,167,a7,8.101987787876379e-05,0.0003490274904239459,0.00043004736830270964
shfa_guided_raw,SHFA,1,10,8,168,a8,8.101987787876379e-05,5.364464944169148e-05,0.00013466452732045526
shfa_guided_raw,SHFA,1,10,9,169,a9,8.101987787876379e-05,0.00010904922389770708,0.00019006910177647086
shfa_guided_raw,SHFA,1,10,10,170,aa,8.101987787876379e-05,2.8953175450154654e-05,0.00010997305332891844
shfa_guided_raw,SHFA,1,10,11,171,ab,8.101987787876379e-05,0.00011613017166376505,0.00019715004954252882
shfa_guided_raw,SHFA,1,10,12,172,ac,8.101987787876379e-05,6.562525754025294e-05,0.00014664513541901673
shfa_guided_raw,SHFA,1,10,13,173,ad,8.101987787876379e-05,0.00045690054584281723,0.000537920423721581
shfa_guided_raw,SHFA,1,10,14,174,ae,8.101987787876379e-05,0.00030906581106193194,0.0003900856889406957
shfa_guided_raw,SHFA,1,10,15,175,af,8.101987787876379e-05,0.00013144130489001042,0.0002124611827687742
shfa_guided_raw,SHFA,1,11,0,176,b0,0.00015396800583618084,0.00018380731413933883,0.00033777531997551967
shfa_guided_raw,SHFA,1,11,1,177,b1,0.00015396800583618084,0.00012459626718938383,0.00027856427302556464
shfa_guided_raw,SHFA,1,11,2,178,b2,0.00015396800583618084,0.00021796253494573613,0.000371930540781917
shfa_guided_raw,SHFA,1,11,3,179,b3,0.00015396800583618084,0.00013199859110673084,0.0002859665969429117
shfa_guided_raw,SHFA,1,11,4,180,b4,0.00015396800583618084,0.00036223046402854796,0.0005161984698647288
shfa_guided_raw,SHFA,1,11,5,181,b5,0.00015396800583618084,0.0005823478052342968,0.0007363158110704776
shfa_guided_raw,SHFA,1,11,6,182,b6,0.00015396800583618084,0.001315081459574046,0.001469049465410227
shfa_guided_raw,SHFA,1,11,7,183,b7,0.00015396800583618084,0.0003490274904239459,0.0005029954962601267
shfa_guided_raw,SHFA,1,11,8,184,b8,0.00015396800583618084,5.364464944169148e-05,0.0002076126552778723
shfa_guided_raw,SHFA,1,11,9,185,b9,0.00015396800583618084,0.00010904922389770708,0.0002630172297338879
shfa_guided_raw,SHFA,1,11,10,186,ba,0.00015396800583618084,2.8953175450154654e-05,0.0001829211812863355
shfa_guided_raw,SHFA,1,11,11,187,bb,0.00015396800583618084,0.00011613017166376505,0.00027009817749994587
shfa_guided_raw,SHFA,1,11,12,188,bc,0.00015396800583618084,6.562525754025294e-05,0.00021959326337643378
shfa_guided_raw,SHFA,1,11,13,189,bd,0.00015396800583618084,0.00045690054584281723,0.000610868551678998
shfa_guided_raw,SHFA,1,11,14,190,be,0.00015396800583618084,0.00030906581106193194,0.0004630338168981128
shfa_guided_raw,SHFA,1,11,15,191,bf,0.00015396800583618084,0.00013144130489001042,0.00028540931072619123
shfa_guided_raw,SHFA,1,12,0,192,c0,0.00026127758981764804,0.00018380731413933883,0.00044508490395698684
shfa_guided_raw,SHFA,1,12,1,193,c1,0.00026127758981764804,0.00012459626718938383,0.00038587385700703187
shfa_guided_raw,SHFA,1,12,2,194,c2,0.00026127758981764804,0.00021796253494573613,0.00047924012476338417
shfa_guided_raw,SHFA,1,12,3,195,c3,0.00026127758981764804,0.00013199859110673084,0.0003932761809243789
shfa_guided_raw,SHFA,1,12,4,196,c4,0.00026127758981764804,0.00036223046402854796,0.000623508053846196
shfa_guided_raw,SHFA,1,12,5,197,c5,0.00026127758981764804,0.0005823478052342968,0.0008436253950519448
shfa_guided_raw,SHFA,1,12,6,198,c6,0.00026127758981764804,0.001315081459574046,0.0015763590493916941
shfa_guided_raw,SHFA,1,12,7,199,c7,0.00026127758981764804,0.0003490274904239459,0.000610305080241594
shfa_guided_raw,SHFA,1,12,8,200,c8,0.00026127758981764804,5.364464944169148e-05,0.00031492223925933953
shfa_guided_raw,SHFA,1,12,9,201,c9,0.00026127758981764804,0.00010904922389770708,0.0003703268137153551
shfa_guided_raw,SHFA,1,12,10,202,ca,0.00026127758981764804,2.8953175450154654e-05,0.0002902307652678027
shfa_guided_raw,SHFA,1,12,11,203,cb,0.00026127758981764804,0.00011613017166376505,0.0003774077614814131
shfa_guided_raw,SHFA,1,12,12,204,cc,0.00026127758981764804,6.562525754025294e-05,0.000326902847357901
shfa_guided_raw,SHFA,1,12,13,205,cd,0.00026127758981764804,0.00045690054584281723,0.0007181781356604653
shfa_guided_raw,SHFA,1,12,14,206,ce,0.00026127758981764804,0.00030906581106193194,0.00057034340087958
shfa_guided_raw,SHFA,1,12,15,207,cf,0.00026127758981764804,0.00013144130489001042,0.00039271889470765846
shfa_guided_raw,SHFA,1,13,0,208,d0,0.0009897308017526856,0.00018380731413933883,0.0011735381158920245
shfa_guided_raw,SHFA,1,13,1,209,d1,0.0009897308017526856,0.00012459626718938383,0.0011143270689420695
shfa_guided_raw,SHFA,1,13,2,210,d2,0.0009897308017526856,0.00021796253494573613,0.0012076933366984217
shfa_guided_raw,SHFA,1,13,3,211,d3,0.0009897308017526856,0.00013199859110673084,0.0011217293928594164
shfa_guided_raw,SHFA,1,13,4,212,d4,0.0009897308017526856,0.00036223046402854796,0.0013519612657812334
shfa_guided_raw,SHFA,1,13,5,213,d5,0.0009897308017526856,0.0005823478052342968,0.0015720786069869824
shfa_guided_raw,SHFA,1,13,6,214,d6,0.0009897308017526856,0.001315081459574046,0.002304812261326732
shfa_guided_raw,SHFA,1,13,7,215,d7,0.0009897308017526856,0.0003490274904239459,0.0013387582921766314
shfa_guided_raw,SHFA,1,13,8,216,d8,0.0009897308017526856,5.364464944169148e-05,0.001043375451194377
shfa_guided_raw,SHFA,1,13,9,217,d9,0.0009897308017526856,0.00010904922389770708,0.0010987800256503926
shfa_guided_raw,SHFA,1,13,10,218,da,0.0009897308017526856,2.8953175450154654e-05,0.0010186839772028402
shfa_guided_raw,SHFA,1,13,11,219,db,0.0009897308017526856,0.00011613017166376505,0.0011058609734164507
shfa_guided_raw,SHFA,1,13,12,220,dc,0.0009897308017526856,6.562525754025294e-05,0.0010553560592929385
shfa_guided_raw,SHFA,1,13,13,221,dd,0.0009897308017526856,0.00045690054584281723,0.0014466313475955028
shfa_guided_raw,SHFA,1,13,14,222,de,0.0009897308017526856,0.00030906581106193194,0.0012987966128146175
shfa_guided_raw,SHFA,1,13,15,223,df,0.0009897308017526856,0.00013144130489001042,0.0011211721066426961
shfa_guided_raw,SHFA,1,14,0,224,e0,0.00039845396262579955,0.00018380731413933883,0.0005822612767651384
shfa_guided_raw,SHFA,1,14,1,225,e1,0.00039845396262579955,0.00012459626718938383,0.0005230502298151833
shfa_guided_raw,SHFA,1,14,2,226,e2,0.00039845396262579955,0.00021796253494573613,0.0006164164975715357
shfa_guided_raw,SHFA,1,14,3,227,e3,0.00039845396262579955,0.00013199859110673084,0.0005304525537325304
shfa_guided_raw,SHFA,1,14,4,228,e4,0.00039845396262579955,0.00036223046402854796,0.0007606844266543475
shfa_guided_raw,SHFA,1,14,5,229,e5,0.00039845396262579955,0.0005823478052342968,0.0009808017678600964
shfa_guided_raw,SHFA,1,14,6,230,e6,0.00039845396262579955,0.001315081459574046,0.0017135354221998456
shfa_guided_raw,SHFA,1,14,7,231,e7,0.00039845396262579955,0.0003490274904239459,0.0007474814530497454
shfa_guided_raw,SHFA,1,14,8,232,e8,0.00039845396262579955,5.364464944169148e-05,0.00045209861206749104
shfa_guided_raw,SHFA,1,14,9,233,e9,0.00039845396262579955,0.00010904922389770708,0.0005075031865235066
shfa_guided_raw,SHFA,1,14,10,234,ea,0.00039845396262579955,2.8953175450154654e-05,0.0004274071380759542
shfa_guided_raw,SHFA,1,14,11,235,eb,0.00039845396262579955,0.00011613017166376505,0.0005145841342895646
shfa_guided_raw,SHFA,1,14,12,236,ec,0.00039845396262579955,6.562525754025294e-05,0.0004640792201660525
shfa_guided_raw,SHFA,1,14,13,237,ed,0.00039845396262579955,0.00045690054584281723,0.0008553545084686168
shfa_guided_raw,SHFA,1,14,14,238,ee,0.00039845396262579955,0.00030906581106193194,0.0007075197736877315
shfa_guided_raw,SHFA,1,14,15,239,ef,0.00039845396262579955,0.00013144130489001042,0.0005298952675158099
shfa_guided_raw,SHFA,1,15,0,240,f0,0.00025497524453274903,0.00018380731413933883,0.00043878255867208784
shfa_guided_raw,SHFA,1,15,1,241,f1,0.00025497524453274903,0.00012459626718938383,0.00037957151172213286
shfa_guided_raw,SHFA,1,15,2,242,f2,0.00025497524453274903,0.00021796253494573613,0.00047293777947848516
shfa_guided_raw,SHFA,1,15,3,243,f3,0.00025497524453274903,0.00013199859110673084,0.0003869738356394799
shfa_guided_raw,SHFA,1,15,4,244,f4,0.00025497524453274903,0.00036223046402854796,0.000617205708561297
shfa_guided_raw,SHFA,1,15,5,245,f5,0.00025497524453274903,0.0005823478052342968,0.0008373230497670458
shfa_guided_raw,SHFA,1,15,6,246,f6,0.00025497524453274903,0.001315081459574046,0.001570056704106795
shfa_guided_raw,SHFA,1,15,7,247,f7,0.00025497524453274903,0.0003490274904239459,0.0006040027349566949
shfa_guided_raw,SHFA,1,15,8,248,f8,0.00025497524453274903,5.364464944169148e-05,0.00030861989397444053
shfa_guided_raw,SHFA,1,15,9,249,f9,0.00025497524453274903,0.00010904922389770708,0.0003640244684304561
shfa_guided_raw,SHFA,1,15,10,250,fa,0.00025497524453274903,2.8953175450154654e-05,0.0002839284199829037
shfa_guided_raw,SHFA,1,15,11,251,fb,0.00025497524453274903,0.00011613017166376505,0.0003711054161965141
shfa_guided_raw,SHFA,1,15,12,252,fc,0.00025497524453274903,6.562525754025294e-05,0.000320600502073002
shfa_guided_raw,SHFA,1,15,13,253,fd,0.00025497524453274903,0.00045690054584281723,0.0007118757903755663
shfa_guided_raw,SHFA,1,15,14,254,fe,0.00025497524453274903,0.00030906581106193194,0.0005640410555946809
shfa_guided_raw,SHFA,1,15,15,255,ff,0.00025497524453274903,0.00013144130489001042,0.00038641654942275945
shfa_guided_threshold,SHFA,0,0,0,0,00,0.00011479544606798062,0.0004412123074989552,0.0005560077535669358
shfa_guided_threshold,SHFA,0,0,1,1,01,0.00011479544606798062,9.485248423925528e-05,0.0002096479303072359
shfa_guided_threshold,SHFA,0,0,2,2,02,0.00011479544606798062,0.00014805351392716996,0.0002628489599951506
shfa_guided_threshold,SHFA,0,0,3,3,03,0.00011479544606798062,0.0003155927628086957,0.00043038820887667634
shfa_guided_threshold,SHFA,0,0,4,4,04,0.00011479544606798062,0.00013135517169335966,0.0002461506177613403
shfa_guided_threshold,SHFA,0,0,5,5,05,0.00011479544606798062,3.509808033417605e-05,0.00014989352640215668
shfa_guided_threshold,SHFA,0,0,6,6,06,0.00011479544606798062,0.0001131855287481472,0.00022798097481612783
shfa_guided_threshold,SHFA,0,0,7,7,07,0.00011479544606798062,2.229614299618879e-05,0.00013709158906416942
shfa_guided_threshold,SHFA,0,0,8,8,08,0.00011479544606798062,0.0005233564503666015,0.0006381518964345822
shfa_guided_threshold,SHFA,0,0,9,9,09,0.00011479544606798062,0.0002431475471631475,0.00035794299323112813
shfa_guided_threshold,SHFA,0,0,10,10,0a,0.00011479544606798062,0.00023646881144687187,0.0003512642575148525
shfa_guided_threshold,SHFA,0,0,11,11,0b,0.00011479544606798062,0.0011333190742717778,0.0012481145203397585
shfa_guided_threshold,SHFA,0,0,12,12,0c,0.00011479544606798062,9.42441607584844e-05,0.00020903960682646503
shfa_guided_threshold,SHFA,0,0,13,13,0d,0.00011479544606798062,0.00017321983160031127,0.00028801527766829187
shfa_guided_threshold,SHFA,0,0,14,14,0e,0.00011479544606798062,8.780547320619175e-05,0.00020260091927417237
shfa_guided_threshold,SHFA,0,0,15,15,0f,0.00011479544606798062,0.00016230397905870426,0.0002770994251266849
shfa_guided_threshold,SHFA,0,1,0,16,10,8.824792608235979e-05,0.0004412123074989552,0.0005294602335813149
shfa_guided_threshold,SHFA,0,1,1,17,11,8.824792608235979e-05,9.485248423925528e-05,0.00018310041032161507
shfa_guided_threshold,SHFA,0,1,2,18,12,8.824792608235979e-05,0.00014805351392716996,0.00023630144000952975
shfa_guided_threshold,SHFA,0,1,3,19,13,8.824792608235979e-05,0.0003155927628086957,0.0004038406888910555
shfa_guided_threshold,SHFA,0,1,4,20,14,8.824792608235979e-05,0.00013135517169335966,0.00021960309777571945
shfa_guided_threshold,SHFA,0,1,5,21,15,8.824792608235979e-05,3.509808033417605e-05,0.00012334600641653585
shfa_guided_threshold,SHFA,0,1,6,22,16,8.824792608235979e-05,0.0001131855287481472,0.000201433454830507
shfa_guided_threshold,SHFA,0,1,7,23,17,8.824792608235979e-05,2.229614299618879e-05,0.00011054406907854858
shfa_guided_threshold,SHFA,0,1,8,24,18,8.824792608235979e-05,0.0005233564503666015,0.0006116043764489614
shfa_guided_threshold,SHFA,0,1,9,25,19,8.824792608235979e-05,0.0002431475471631475,0.0003313954732455073
shfa_guided_threshold,SHFA,0,1,10,26,1a,8.824792608235979e-05,0.00023646881144687187,0.00032471673752923166
shfa_guided_threshold,SHFA,0,1,11,27,1b,8.824792608235979e-05,0.0011333190742717778,0.0012215670003541375
shfa_guided_threshold,SHFA,0,1,12,28,1c,8.824792608235979e-05,9.42441607584844e-05,0.0001824920868408442
shfa_guided_threshold,SHFA,0,1,13,29,1d,8.824792608235979e-05,0.00017321983160031127,0.0002614677576826711
shfa_guided_threshold,SHFA,0,1,14,30,1e,8.824792608235979e-05,8.780547320619175e-05,0.00017605339928855154
shfa_guided_threshold,SHFA,0,1,15,31,1f,8.824792608235979e-05,0.00016230397905870426,0.00025055190514106405
shfa_guided_threshold,SHFA,0,2,0,32,20,0.0001234808443919899,0.0004412123074989552,0.0005646931518909451
shfa_guided_threshold,SHFA,0,2,1,33,21,0.0001234808443919899,9.485248423925528e-05,0.00021833332863124518
shfa_guided_threshold,SHFA,0,2,2,34,22,0.0001234808443919899,0.00014805351392716996,0.00027153435831915986
shfa_guided_threshold,SHFA,0,2,3,35,23,0.0001234808443919899,0.0003155927628086957,0.0004390736072006856
shfa_guided_threshold,SHFA,0,2,4,36,24,0.0001234808443919899,0.00013135517169335966,0.00025483601608534956
shfa_guided_threshold,SHFA,0,2,5,37,25,0.0001234808443919899,3.509808033417605e-05,0.00015857892472616596
shfa_guided_threshold,SHFA,0,2,6,38,26,0.0001234808443919899,0.0001131855287481472,0.0002366663731401371
shfa_guided_threshold,SHFA,0,2,7,39,27,0.0001234808443919899,2.229614299618879e-05,0.0001457769873881787
shfa_guided_threshold,SHFA,0,2,8,40,28,0.0001234808443919899,0.0005233564503666015,0.0006468372947585914
shfa_guided_threshold,SHFA,0,2,9,41,29,0.0001234808443919899,0.0002431475471631475,0.0003666283915551374
shfa_guided_threshold,SHFA,0,2,10,42,2a,0.0001234808443919899,0.00023646881144687187,0.00035994965583886177
shfa_guided_threshold,SHFA,0,2,11,43,2b,0.0001234808443919899,0.0011333190742717778,0.0012567999186637677
shfa_guided_threshold,SHFA,0,2,12,44,2c,0.0001234808443919899,9.42441607584844e-05,0.0002177250051504743
shfa_guided_threshold,SHFA,0,2,13,45,2d,0.0001234808443919899,0.00017321983160031127,0.0002967006759923012
shfa_guided_threshold,SHFA,0,2,14,46,2e,0.0001234808443919899,8.780547320619175e-05,0.00021128631759818165
shfa_guided_threshold,SHFA,0,2,15,47,2f,0.0001234808443919899,0.00016230397905870426,0.00028578482345069416
shfa_guided_threshold,SHFA,0,3,0,48,30,9.882129870226566e-05,0.0004412123074989552,0.0005400336062012208
shfa_guided_threshold,SHFA,0,3,1,49,31,9.882129870226566e-05,9.485248423925528e-05,0.00019367378294152094
shfa_guided_threshold,SHFA,0,3,2,50,32,9.882129870226566e-05,0.00014805351392716996,0.00024687481262943565
shfa_guided_threshold,SHFA,0,3,3,51,33,9.882129870226566e-05,0.0003155927628086957,0.00041441406151096136
shfa_guided_threshold,SHFA,0,3,4,52,34,9.882129870226566e-05,0.00013135517169335966,0.00023017647039562532
shfa_guided_threshold,SHFA,0,3,5,53,35,9.882129870226566e-05,3.509808033417605e-05,0.0001339193790364417
shfa_guided_threshold,SHFA,0,3,6,54,36,9.882129870226566e-05,0.0001131855287481472,0.00021200682745041286
shfa_guided_threshold,SHFA,0,3,7,55,37,9.882129870226566e-05,2.229614299618879e-05,0.00012111744169845445
shfa_guided_threshold,SHFA,0,3,8,56,38,9.882129870226566e-05,0.0005233564503666015,0.0006221777490688672
shfa_guided_threshold,SHFA,0,3,9,57,39,9.882129870226566e-05,0.0002431475471631475,0.0003419688458654132
shfa_guided_threshold,SHFA,0,3,10,58,3a,9.882129870226566e-05,0.00023646881144687187,0.00033529011014913756
shfa_guided_threshold,SHFA,0,3,11,59,3b,9.882129870226566e-05,0.0011333190742717778,0.0012321403729740434
shfa_guided_threshold,SHFA,0,3,12,60,3c,9.882129870226566e-05,9.42441607584844e-05,0.00019306545946075007
shfa_guided_threshold,SHFA,0,3,13,61,3d,9.882129870226566e-05,0.00017321983160031127,0.00027204113030257694
shfa_guided_threshold,SHFA,0,3,14,62,3e,9.882129870226566e-05,8.780547320619175e-05,0.0001866267719084574
shfa_guided_threshold,SHFA,0,3,15,63,3f,9.882129870226566e-05,0.00016230397905870426,0.0002611252777609699
shfa_guided_threshold,SHFA,0,4,0,64,40,0.0010340207771477137,0.0004412123074989552,0.0014752330846466689
shfa_guided_threshold,SHFA,0,4,1,65,41,0.0010340207771477137,9.485248423925528e-05,0.001128873261386969
shfa_guided_threshold,SHFA,0,4,2,66,42,0.0010340207771477137,0.00014805351392716996,0.0011820742910748836
shfa_guided_threshold,SHFA,0,4,3,67,43,0.0010340207771477137,0.0003155927628086957,0.0013496135399564094
shfa_guided_threshold,SHFA,0,4,4,68,44,0.0010340207771477137,0.00013135517169335966,0.0011653759488410734
shfa_guided_threshold,SHFA,0,4,5,69,45,0.0010340207771477137,3.509808033417605e-05,0.0010691188574818897
shfa_guided_threshold,SHFA,0,4,6,70,46,0.0010340207771477137,0.0001131855287481472,0.001147206305895861
shfa_guided_threshold,SHFA,0,4,7,71,47,0.0010340207771477137,2.229614299618879e-05,0.0010563169201439025
shfa_guided_threshold,SHFA,0,4,8,72,48,0.0010340207771477137,0.0005233564503666015,0.001557377227514315
shfa_guided_threshold,SHFA,0,4,9,73,49,0.0010340207771477137,0.0002431475471631475,0.0012771683243108611
shfa_guided_threshold,SHFA,0,4,10,74,4a,0.0010340207771477137,0.00023646881144687187,0.0012704895885945855
shfa_guided_threshold,SHFA,0,4,11,75,4b,0.0010340207771477137,0.0011333190742717778,0.0021673398514194912
shfa_guided_threshold,SHFA,0,4,12,76,4c,0.0010340207771477137,9.42441607584844e-05,0.0011282649379061982
shfa_guided_threshold,SHFA,0,4,13,77,4d,0.0010340207771477137,0.00017321983160031127,0.001207240608748025
shfa_guided_threshold,SHFA,0,4,14,78,4e,0.0010340207771477137,8.780547320619175e-05,0.0011218262503539054
shfa_guided_threshold,SHFA,0,4,15,79,4f,0.0010340207771477137,0.00016230397905870426,0.001196324756206418
shfa_guided_threshold,SHFA,0,5,0,80,50,0.00031837751815178505,0.0004412123074989552,0.0007595898256507402
shfa_guided_threshold,SHFA,0,5,1,81,51,0.00031837751815178505,9.485248423925528e-05,0.00041323000239104033
shfa_guided_threshold,SHFA,0,5,2,82,52,0.00031837751815178505,0.00014805351392716996,0.000466431032078955
shfa_guided_threshold,SHFA,0,5,3,83,53,0.00031837751815178505,0.0003155927628086957,0.0006339702809604808
shfa_guided_threshold,SHFA,0,5,4,84,54,0.00031837751815178505,0.00013135517169335966,0.0004497326898451447
shfa_guided_threshold,SHFA,0,5,5,85,55,0.00031837751815178505,3.509808033417605e-05,0.0003534755984859611
shfa_guided_threshold,SHFA,0,5,6,86,56,0.00031837751815178505,0.0001131855287481472,0.0004315630468999322
shfa_guided_threshold,SHFA,0,5,7,87,57,0.00031837751815178505,2.229614299618879e-05,0.0003406736611479738
shfa_guided_threshold,SHFA,0,5,8,88,58,0.00031837751815178505,0.0005233564503666015,0.0008417339685183866
shfa_guided_threshold,SHFA,0,5,9,89,59,0.00031837751815178505,0.0002431475471631475,0.0005615250653149325
shfa_guided_threshold,SHFA,0,5,10,90,5a,0.00031837751815178505,0.00023646881144687187,0.0005548463295986569
shfa_guided_threshold,SHFA,0,5,11,91,5b,0.00031837751815178505,0.0011333190742717778,0.0014516965924235628
shfa_guided_threshold,SHFA,0,5,12,92,5c,0.00031837751815178505,9.42441607584844e-05,0.0004126216789102694
shfa_guided_threshold,SHFA,0,5,13,93,5d,0.00031837751815178505,0.00017321983160031127,0.0004915973497520963
shfa_guided_threshold,SHFA,0,5,14,94,5e,0.00031837751815178505,8.780547320619175e-05,0.00040618299135797677
shfa_guided_threshold,SHFA,0,5,15,95,5f,0.00031837751815178505,0.00016230397905870426,0.0004806814972104893
shfa_guided_threshold,SHFA,0,6,0,96,60,0.0003018092597380221,0.0004412123074989552,0.0007430215672369773
shfa_guided_threshold,SHFA,0,6,1,97,61,0.0003018092597380221,9.485248423925528e-05,0.0003966617439772774
shfa_guided_threshold,SHFA,0,6,2,98,62,0.0003018092597380221,0.00014805351392716996,0.00044986277366519206
shfa_guided_threshold,SHFA,0,6,3,99,63,0.0003018092597380221,0.0003155927628086957,0.0006174020225467178
shfa_guided_threshold,SHFA,0,6,4,100,64,0.0003018092597380221,0.00013135517169335966,0.00043316443143138176
shfa_guided_threshold,SHFA,0,6,5,101,65,0.0003018092597380221,3.509808033417605e-05,0.00033690734007219816
shfa_guided_threshold,SHFA,0,6,6,102,66,0.0003018092597380221,0.0001131855287481472,0.0004149947884861693
shfa_guided_threshold,SHFA,0,6,7,103,67,0.0003018092597380221,2.229614299618879e-05,0.0003241054027342109
shfa_guided_threshold,SHFA,0,6,8,104,68,0.0003018092597380221,0.0005233564503666015,0.0008251657101046236
shfa_guided_threshold,SHFA,0,6,9,105,69,0.0003018092597380221,0.0002431475471631475,0.0005449568069011697
shfa_guided_threshold,SHFA,0,6,10,106,6a,0.0003018092597380221,0.00023646881144687187,0.000538278071184894
shfa_guided_threshold,SHFA,0,6,11,107,6b,0.0003018092597380221,0.0011333190742717778,0.0014351283340097998
shfa_guided_threshold,SHFA,0,6,12,108,6c,0.0003018092597380221,9.42441607584844e-05,0.0003960534204965065
shfa_guided_threshold,SHFA,0,6,13,109,6d,0.0003018092597380221,0.00017321983160031127,0.00047502909133833335
shfa_guided_threshold,SHFA,0,6,14,110,6e,0.0003018092597380221,8.780547320619175e-05,0.0003896147329442138
shfa_guided_threshold,SHFA,0,6,15,111,6f,0.0003018092597380221,0.00016230397905870426,0.00046411323879672636
shfa_guided_threshold,SHFA,0,7,0,112,70,0.0005234880585082151,0.0004412123074989552,0.0009647003660071703
shfa_guided_threshold,SHFA,0,7,1,113,71,0.0005234880585082151,9.485248423925528e-05,0.0006183405427474704
shfa_guided_threshold,SHFA,0,7,2,114,72,0.0005234880585082151,0.00014805351392716996,0.000671541572435385
shfa_guided_threshold,SHFA,0,7,3,115,73,0.0005234880585082151,0.0003155927628086957,0.0008390808213169108
shfa_guided_threshold,SHFA,0,7,4,116,74,0.0005234880585082151,0.00013135517169335966,0.0006548432302015748
shfa_guided_threshold,SHFA,0,7,5,117,75,0.0005234880585082151,3.509808033417605e-05,0.0005585861388423912
shfa_guided_threshold,SHFA,0,7,6,118,76,0.0005234880585082151,0.0001131855287481472,0.0006366735872563623
shfa_guided_threshold,SHFA,0,7,7,119,77,0.0005234880585082151,2.229614299618879e-05,0.0005457842015044039
shfa_guided_threshold,SHFA,0,7,8,120,78,0.0005234880585082151,0.0005233564503666015,0.0010468445088748168
shfa_guided_threshold,SHFA,0,7,9,121,79,0.0005234880585082151,0.0002431475471631475,0.0007666356056713626
shfa_guided_threshold,SHFA,0,7,10,122,7a,0.0005234880585082151,0.00023646881144687187,0.0007599568699550869
shfa_guided_threshold,SHFA,0,7,11,123,7b,0.0005234880585082151,0.0011333190742717778,0.0016568071327799929
shfa_guided_threshold,SHFA,0,7,12,124,7c,0.0005234880585082151,9.42441607584844e-05,0.0006177322192666995
shfa_guided_threshold,SHFA,0,7,13,125,7d,0.0005234880585082151,0.00017321983160031127,0.0006967078901085264
shfa_guided_threshold,SHFA,0,7,14,126,7e,0.0005234880585082151,8.780547320619175e-05,0.0006112935317144068
shfa_guided_threshold,SHFA,0,7,15,127,7f,0.0005234880585082151,0.00016230397905870426,0.0006857920375669194
shfa_guided_threshold,SHFA,0,8,0,128,80,3.221792570234572e-05,0.0004412123074989552,0.0004734302332013009
shfa_guided_threshold,SHFA,0,8,1,129,81,3.221792570234572e-05,9.485248423925528e-05,0.000127070409941601
shfa_guided_threshold,SHFA,0,8,2,130,82,3.221792570234572e-05,0.00014805351392716996,0.00018027143962951568
shfa_guided_threshold,SHFA,0,8,3,131,83,3.221792570234572e-05,0.0003155927628086957,0.0003478106885110414
shfa_guided_threshold,SHFA,0,8,4,132,84,3.221792570234572e-05,0.00013135517169335966,0.00016357309739570538
shfa_guided_threshold,SHFA,0,8,5,133,85,3.221792570234572e-05,3.509808033417605e-05,6.731600603652176e-05
shfa_guided_threshold,SHFA,0,8,6,134,86,3.221792570234572e-05,0.0001131855287481472,0.00014540345445049292
shfa_guided_threshold,SHFA,0,8,7,135,87,3.221792570234572e-05,2.229614299618879e-05,5.4514068698534505e-05
shfa_guided_threshold,SHFA,0,8,8,136,88,3.221792570234572e-05,0.0005233564503666015,0.0005555743760689472
shfa_guided_threshold,SHFA,0,8,9,137,89,3.221792570234572e-05,0.0002431475471631475,0.00027536547286549325
shfa_guided_threshold,SHFA,0,8,10,138,8a,3.221792570234572e-05,0.00023646881144687187,0.0002686867371492176
shfa_guided_threshold,SHFA,0,8,11,139,8b,3.221792570234572e-05,0.0011333190742717778,0.0011655369999741235
shfa_guided_threshold,SHFA,0,8,12,140,8c,3.221792570234572e-05,9.42441607584844e-05,0.00012646208646083012
shfa_guided_threshold,SHFA,0,8,13,141,8d,3.221792570234572e-05,0.00017321983160031127,0.000205437757302657
shfa_guided_threshold,SHFA,0,8,14,142,8e,3.221792570234572e-05,8.780547320619175e-05,0.00012002339890853747
shfa_guided_threshold,SHFA,0,8,15,143,8f,3.221792570234572e-05,0.00016230397905870426,0.00019452190476104998
shfa_guided_threshold,SHFA,0,9,0,144,90,6.643329440860117e-05,0.0004412123074989552,0.0005076456019075564
shfa_guided_threshold,SHFA,0,9,1,145,91,6.643329440860117e-05,9.485248423925528e-05,0.00016128577864785645
shfa_guided_threshold,SHFA,0,9,2,146,92,6.643329440860117e-05,0.00014805351392716996,0.00021448680833577113
shfa_guided_threshold,SHFA,0,9,3,147,93,6.643329440860117e-05,0.0003155927628086957,0.0003820260572172969
shfa_guided_threshold,SHFA,0,9,4,148,94,6.643329440860117e-05,0.00013135517169335966,0.00019778846610196083
shfa_guided_threshold,SHFA,0,9,5,149,95,6.643329440860117e-05,3.509808033417605e-05,0.00010153137474277722
shfa_guided_threshold,SHFA,0,9,6,150,96,6.643329440860117e-05,0.0001131855287481472,0.00017961882315674837
shfa_guided_threshold,SHFA,0,9,7,151,97,6.643329440860117e-05,2.229614299618879e-05,8.872943740478996e-05
shfa_guided_threshold,SHFA,0,9,8,152,98,6.643329440860117e-05,0.0005233564503666015,0.0005897897447752027
shfa_guided_threshold,SHFA,0,9,9,153,99,6.643329440860117e-05,0.0002431475471631475,0.00030958084157174865
shfa_guided_threshold,SHFA,0,9,10,154,9a,6.643329440860117e-05,0.00023646881144687187,0.000302902105855473
shfa_guided_threshold,SHFA,0,9,11,155,9b,6.643329440860117e-05,0.0011333190742717778,0.0011997523686803789
shfa_guided_threshold,SHFA,0,9,12,156,9c,6.643329440860117e-05,9.42441607584844e-05,0.00016067745516708557
shfa_guided_threshold,SHFA,0,9,13,157,9d,6.643329440860117e-05,0.00017321983160031127,0.00023965312600891244
shfa_guided_threshold,SHFA,0,9,14,158,9e,6.643329440860117e-05,8.780547320619175e-05,0.00015423876761479292
shfa_guided_threshold,SHFA,0,9,15,159,9f,6.643329440860117e-05,0.00016230397905870426,0.00022873727346730543
shfa_guided_threshold,SHFA,0,10,0,160,a0,5.122741855561688e-05,0.0004412123074989552,0.000492439726054572
shfa_guided_threshold,SHFA,0,10,1,161,a1,5.122741855561688e-05,9.485248423925528e-05,0.00014607990279487217
shfa_guided_threshold,SHFA,0,10,2,162,a2,5.122741855561688e-05,0.00014805351392716996,0.00019928093248278684
shfa_guided_threshold,SHFA,0,10,3,163,a3,5.122741855561688e-05,0.0003155927628086957,0.0003668201813643126
shfa_guided_threshold,SHFA,0,10,4,164,a4,5.122741855561688e-05,0.00013135517169335966,0.00018258259024897655
shfa_guided_threshold,SHFA,0,10,5,165,a5,5.122741855561688e-05,3.509808033417605e-05,8.632549888979292e-05
shfa_guided_threshold,SHFA,0,10,6,166,a6,5.122741855561688e-05,0.0001131855287481472,0.0001644129473037641
shfa_guided_threshold,SHFA,0,10,7,167,a7,5.122741855561688e-05,2.229614299618879e-05,7.352356155180567e-05
shfa_guided_threshold,SHFA,0,10,8,168,a8,5.122741855561688e-05,0.0005233564503666015,0.0005745838689222184
shfa_guided_threshold,SHFA,0,10,9,169,a9,5.122741855561688e-05,0.0002431475471631475,0.00029437496571876437
shfa_guided_threshold,SHFA,0,10,10,170,aa,5.122741855561688e-05,0.00023646881144687187,0.0002876962300024887
shfa_guided_threshold,SHFA,0,10,11,171,ab,5.122741855561688e-05,0.0011333190742717778,0.0011845464928273946
shfa_guided_threshold,SHFA,0,10,12,172,ac,5.122741855561688e-05,9.42441607584844e-05,0.0001454715793141013
shfa_guided_threshold,SHFA,0,10,13,173,ad,5.122741855561688e-05,0.00017321983160031127,0.00022444725015592816
shfa_guided_threshold,SHFA,0,10,14,174,ae,5.122741855561688e-05,8.780547320619175e-05,0.00013903289176180864
shfa_guided_threshold,SHFA,0,10,15,175,af,5.122741855561688e-05,0.00016230397905870426,0.00021353139761432115
shfa_guided_threshold,SHFA,0,11,0,176,b0,6.70016470408017e-05,0.0004412123074989552,0.0005082139545397569
shfa_guided_threshold,SHFA,0,11,1,177,b1,6.70016470408017e-05,9.485248423925528e-05,0.000161854131280057
shfa_guided_threshold,SHFA,0,11,2,178,b2,6.70016470408017e-05,0.00014805351392716996,0.00021505516096797167
shfa_guided_threshold,SHFA,0,11,3,179,b3,6.70016470408017e-05,0.0003155927628086957,0.00038259440984949743
shfa_guided_threshold,SHFA,0,11,4,180,b4,6.70016470408017e-05,0.00013135517169335966,0.00019835681873416137
shfa_guided_threshold,SHFA,0,11,5,181,b5,6.70016470408017e-05,3.509808033417605e-05,0.00010209972737497775
shfa_guided_threshold,SHFA,0,11,6,182,b6,6.70016470408017e-05,0.0001131855287481472,0.0001801871757889489
shfa_guided_threshold,SHFA,0,11,7,183,b7,6.70016470408017e-05,2.229614299618879e-05,8.92977900369905e-05
shfa_guided_threshold,SHFA,0,11,8,184,b8,6.70016470408017e-05,0.0005233564503666015,0.0005903580974074032
shfa_guided_threshold,SHFA,0,11,9,185,b9,6.70016470408017e-05,0.0002431475471631475,0.0003101491942039492
shfa_guided_threshold,SHFA,0,11,10,186,ba,6.70016470408017e-05,0.00023646881144687187,0.0003034704584876736
shfa_guided_threshold,SHFA,0,11,11,187,bb,6.70016470408017e-05,0.0011333190742717778,0.0012003207213125795
shfa_guided_threshold,SHFA,0,11,12,188,bc,6.70016470408017e-05,9.42441607584844e-05,0.0001612458077992861
shfa_guided_threshold,SHFA,0,11,13,189,bd,6.70016470408017e-05,0.00017321983160031127,0.00024022147864111298
shfa_guided_threshold,SHFA,0,11,14,190,be,6.70016470408017e-05,8.780547320619175e-05,0.00015480712024699346
shfa_guided_threshold,SHFA,0,11,15,191,bf,6.70016470408017e-05,0.00016230397905870426,0.00022930562609950597
shfa_guided_threshold,SHFA,0,12,0,192,c0,0.0002819056640179645,0.0004412123074989552,0.0007231179715169198
shfa_guided_threshold,SHFA,0,12,1,193,c1,0.0002819056640179645,9.485248423925528e-05,0.0003767581482572198
shfa_guided_threshold,SHFA,0,12,2,194,c2,0.0002819056640179645,0.00014805351392716996,0.0004299591779451345
shfa_guided_threshold,SHFA,0,12,3,195,c3,0.0002819056640179645,0.0003155927628086957,0.0005974984268266603
shfa_guided_threshold,SHFA,0,12,4,196,c4,0.0002819056640179645,0.00013135517169335966,0.0004132608357113242
shfa_guided_threshold,SHFA,0,12,5,197,c5,0.0002819056640179645,3.509808033417605e-05,0.0003170037443521406
shfa_guided_threshold,SHFA,0,12,6,198,c6,0.0002819056640179645,0.0001131855287481472,0.00039509119276611175
shfa_guided_threshold,SHFA,0,12,7,199,c7,0.0002819056640179645,2.229614299618879e-05,0.0003042018070141533
shfa_guided_threshold,SHFA,0,12,8,200,c8,0.0002819056640179645,0.0005233564503666015,0.000805262114384566
shfa_guided_threshold,SHFA,0,12,9,201,c9,0.0002819056640179645,0.0002431475471631475,0.000525053211181112
shfa_guided_threshold,SHFA,0,12,10,202,ca,0.0002819056640179645,0.00023646881144687187,0.0005183744754648364
shfa_guided_threshold,SHFA,0,12,11,203,cb,0.0002819056640179645,0.0011333190742717778,0.0014152247382897424
shfa_guided_threshold,SHFA,0,12,12,204,cc,0.0002819056640179645,9.42441607584844e-05,0.00037614982477644895
shfa_guided_threshold,SHFA,0,12,13,205,cd,0.0002819056640179645,0.00017321983160031127,0.0004551254956182758
shfa_guided_threshold,SHFA,0,12,14,206,ce,0.0002819056640179645,8.780547320619175e-05,0.0003697111372241563
shfa_guided_threshold,SHFA,0,12,15,207,cf,0.0002819056640179645,0.00016230397905870426,0.0004442096430766688
shfa_guided_threshold,SHFA,0,13,0,208,d0,8.20659705964689e-05,0.0004412123074989552,0.0005232782780954241
shfa_guided_threshold,SHFA,0,13,1,209,d1,8.20659705964689e-05,9.485248423925528e-05,0.00017691845483572418
shfa_guided_threshold,SHFA,0,13,2,210,d2,8.20659705964689e-05,0.00014805351392716996,0.00023011948452363886
shfa_guided_threshold,SHFA,0,13,3,211,d3,8.20659705964689e-05,0.0003155927628086957,0.0003976587334051646
shfa_guided_threshold,SHFA,0,13,4,212,d4,8.20659705964689e-05,0.00013135517169335966,0.00021342114228982856
shfa_guided_threshold,SHFA,0,13,5,213,d5,8.20659705964689e-05,3.509808033417605e-05,0.00011716405093064495
shfa_guided_threshold,SHFA,0,13,6,214,d6,8.20659705964689e-05,0.0001131855287481472,0.0001952514993446161
shfa_guided_threshold,SHFA,0,13,7,215,d7,8.20659705964689e-05,2.229614299618879e-05,0.00010436211359265769
shfa_guided_threshold,SHFA,0,13,8,216,d8,8.20659705964689e-05,0.0005233564503666015,0.0006054224209630704
shfa_guided_threshold,SHFA,0,13,9,217,d9,8.20659705964689e-05,0.0002431475471631475,0.0003252135177596164
shfa_guided_threshold,SHFA,0,13,10,218,da,8.20659705964689e-05,0.00023646881144687187,0.00031853478204334077
shfa_guided_threshold,SHFA,0,13,11,219,db,8.20659705964689e-05,0.0011333190742717778,0.0012153850448682467
shfa_guided_threshold,SHFA,0,13,12,220,dc,8.20659705964689e-05,9.42441607584844e-05,0.0001763101313549533
shfa_guided_threshold,SHFA,0,13,13,221,dd,8.20659705964689e-05,0.00017321983160031127,0.0002552858021967802
shfa_guided_threshold,SHFA,0,13,14,222,de,8.20659705964689e-05,8.780547320619175e-05,0.00016987144380266065
shfa_guided_threshold,SHFA,0,13,15,223,df,8.20659705964689e-05,0.00016230397905870426,0.00024436994965517316
shfa_guided_threshold,SHFA,0,14,0,224,e0,4.474223027708055e-05,0.0004412123074989552,0.00048595453777603576
shfa_guided_threshold,SHFA,0,14,1,225,e1,4.474223027708055e-05,9.485248423925528e-05,0.00013959471451633585
shfa_guided_threshold,SHFA,0,14,2,226,e2,4.474223027708055e-05,0.00014805351392716996,0.00019279574420425052
shfa_guided_threshold,SHFA,0,14,3,227,e3,4.474223027708055e-05,0.0003155927628086957,0.0003603349930857763
shfa_guided_threshold,SHFA,0,14,4,228,e4,4.474223027708055e-05,0.00013135517169335966,0.00017609740197044023
shfa_guided_threshold,SHFA,0,14,5,229,e5,4.474223027708055e-05,3.509808033417605e-05,7.98403106112566e-05
shfa_guided_threshold,SHFA,0,14,6,230,e6,4.474223027708055e-05,0.0001131855287481472,0.00015792775902522774
shfa_guided_threshold,SHFA,0,14,7,231,e7,4.474223027708055e-05,2.229614299618879e-05,6.703837327326934e-05
shfa_guided_threshold,SHFA,0,14,8,232,e8,4.474223027708055e-05,0.0005233564503666015,0.0005680986806436821
shfa_guided_threshold,SHFA,0,14,9,233,e9,4.474223027708055e-05,0.0002431475471631475,0.0002878897774402281
shfa_guided_threshold,SHFA,0,14,10,234,ea,4.474223027708055e-05,0.00023646881144687187,0.00028121104172395243
shfa_guided_threshold,SHFA,0,14,11,235,eb,4.474223027708055e-05,0.0011333190742717778,0.0011780613045488583
shfa_guided_threshold,SHFA,0,14,12,236,ec,4.474223027708055e-05,9.42441607584844e-05,0.00013898639103556495
shfa_guided_threshold,SHFA,0,14,13,237,ed,4.474223027708055e-05,0.00017321983160031127,0.0002179620618773918
shfa_guided_threshold,SHFA,0,14,14,238,ee,4.474223027708055e-05,8.780547320619175e-05,0.0001325477034832723
shfa_guided_threshold,SHFA,0,14,15,239,ef,4.474223027708055e-05,0.00016230397905870426,0.00020704620933578483
shfa_guided_threshold,SHFA,0,15,0,240,f0,0.0003341360565987962,0.0004412123074989552,0.0007753483640977514
shfa_guided_threshold,SHFA,0,15,1,241,f1,0.0003341360565987962,9.485248423925528e-05,0.0004289885408380515
shfa_guided_threshold,SHFA,0,15,2,242,f2,0.0003341360565987962,0.00014805351392716996,0.00048218957052596615
shfa_guided_threshold,SHFA,0,15,3,243,f3,0.0003341360565987962,0.0003155927628086957,0.000649728819407492
shfa_guided_threshold,SHFA,0,15,4,244,f4,0.0003341360565987962,0.00013135517169335966,0.00046549122829215586
shfa_guided_threshold,SHFA,0,15,5,245,f5,0.0003341360565987962,3.509808033417605e-05,0.00036923413693297225
shfa_guided_threshold,SHFA,0,15,6,246,f6,0.0003341360565987962,0.0001131855287481472,0.0004473215853469434
shfa_guided_threshold,SHFA,0,15,7,247,f7,0.0003341360565987962,2.229614299618879e-05,0.00035643219959498497
shfa_guided_threshold,SHFA,0,15,8,248,f8,0.0003341360565987962,0.0005233564503666015,0.0008574925069653977
shfa_guided_threshold,SHFA,0,15,9,249,f9,0.0003341360565987962,0.0002431475471631475,0.0005772836037619437
shfa_guided_threshold,SHFA,0,15,10,250,fa,0.0003341360565987962,0.00023646881144687187,0.0005706048680456681
shfa_guided_threshold,SHFA,0,15,11,251,fb,0.0003341360565987962,0.0011333190742717778,0.001467455130870574
shfa_guided_threshold,SHFA,0,15,12,252,fc,0.0003341360565987962,9.42441607584844e-05,0.0004283802173572806
shfa_guided_threshold,SHFA,0,15,13,253,fd,0.0003341360565987962,0.00017321983160031127,0.0005073558881991075
shfa_guided_threshold,SHFA,0,15,14,254,fe,0.0003341360565987962,8.780547320619175e-05,0.00042194152980498797
shfa_guided_threshold,SHFA,0,15,15,255,ff,0.0003341360565987962,0.00016230397905870426,0.0004964400356575005
shfa_guided_threshold,SHFA,1,0,0,0,00,7.56498461567673e-05,0.00018409087672631476,0.00025974072288308206
shfa_guided_threshold,SHFA,1,0,1,1,01,7.56498461567673e-05,0.00012476422491702172,0.00020041407107378902
shfa_guided_threshold,SHFA,1,0,2,2,02,7.56498461567673e-05,0.00021803843678636862,0.0002936882829431359
shfa_guided_threshold,SHFA,1,0,3,3,03,7.56498461567673e-05,0.00013195415314198744,0.00020760399929875474
shfa_guided_threshold,SHFA,1,0,4,4,04,7.56498461567673e-05,0.0003620790673063675,0.00043772891346313485
shfa_guided_threshold,SHFA,1,0,5,5,05,7.56498461567673e-05,0.0005825077004236005,0.0006581575465803678
shfa_guided_threshold,SHFA,1,0,6,6,06,7.56498461567673e-05,0.001314863557507288,0.0013905134036640554
shfa_guided_threshold,SHFA,1,0,7,7,07,7.56498461567673e-05,0.0003489411238301619,0.0004245909699869292
shfa_guided_threshold,SHFA,1,0,8,8,08,7.56498461567673e-05,5.401138905609959e-05,0.0001296612352128669
shfa_guided_threshold,SHFA,1,0,9,9,09,7.56498461567673e-05,0.00010909667373080337,0.00018474651988757067
shfa_guided_threshold,SHFA,1,0,10,10,0a,7.56498461567673e-05,2.9143063567301815e-05,0.00010479290972406912
shfa_guided_threshold,SHFA,1,0,11,11,0b,7.56498461567673e-05,0.00011633215019279337,0.00019198199634956067
shfa_guided_threshold,SHFA,1,0,12,12,0c,7.56498461567673e-05,6.553307502201982e-05,0.00014118292117878712
shfa_guided_threshold,SHFA,1,0,13,13,0d,7.56498461567673e-05,0.00045754180518771176,0.000533191651344479
shfa_guided_threshold,SHFA,1,0,14,14,0e,7.56498461567673e-05,0.0003094944450187064,0.00038514429117547373
shfa_guided_threshold,SHFA,1,0,15,15,0f,7.56498461567673e-05,0.00013141330001833465,0.00020706314617510195
shfa_guided_threshold,SHFA,1,1,0,16,10,2.4944154918071247e-05,0.00018409087672631476,0.000209035031644386
shfa_guided_threshold,SHFA,1,1,1,17,11,2.4944154918071247e-05,0.00012476422491702172,0.00014970837983509298
shfa_guided_threshold,SHFA,1,1,2,18,12,2.4944154918071247e-05,0.00021803843678636862,0.00024298259170443988
shfa_guided_threshold,SHFA,1,1,3,19,13,2.4944154918071247e-05,0.00013195415314198744,0.00015689830806005868
shfa_guided_threshold,SHFA,1,1,4,20,14,2.4944154918071247e-05,0.0003620790673063675,0.0003870232222244388
shfa_guided_threshold,SHFA,1,1,5,21,15,2.4944154918071247e-05,0.0005825077004236005,0.0006074518553416718
shfa_guided_threshold,SHFA,1,1,6,22,16,2.4944154918071247e-05,0.001314863557507288,0.0013398077124253593
shfa_guided_threshold,SHFA,1,1,7,23,17,2.4944154918071247e-05,0.0003489411238301619,0.00037388527874823317
shfa_guided_threshold,SHFA,1,1,8,24,18,2.4944154918071247e-05,5.401138905609959e-05,7.895554397417084e-05
shfa_guided_threshold,SHFA,1,1,9,25,19,2.4944154918071247e-05,0.00010909667373080337,0.0001340408286488746
shfa_guided_threshold,SHFA,1,1,10,26,1a,2.4944154918071247e-05,2.9143063567301815e-05,5.408721848537306e-05
shfa_guided_threshold,SHFA,1,1,11,27,1b,2.4944154918071247e-05,0.00011633215019279337,0.0001412763051108646
shfa_guided_threshold,SHFA,1,1,12,28,1c,2.4944154918071247e-05,6.553307502201982e-05,9.047722994009106e-05
shfa_guided_threshold,SHFA,1,1,13,29,1d,2.4944154918071247e-05,0.00045754180518771176,0.000482485960105783
shfa_guided_threshold,SHFA,1,1,14,30,1e,2.4944154918071247e-05,0.0003094944450187064,0.00033443859993677766
shfa_guided_threshold,SHFA,1,1,15,31,1f,2.4944154918071247e-05,0.00013141330001833465,0.0001563574549364059
shfa_guided_threshold,SHFA,1,2,0,32,20,0.00010201114872591426,0.00018409087672631476,0.000286102025452229
shfa_guided_threshold,SHFA,1,2,1,33,21,0.00010201114872591426,0.00012476422491702172,0.00022677537364293598
shfa_guided_threshold,SHFA,1,2,2,34,22,0.00010201114872591426,0.00021803843678636862,0.00032004958551228285
shfa_guided_threshold,SHFA,1,2,3,35,23,0.00010201114872591426,0.00013195415314198744,0.0002339653018679017
shfa_guided_threshold,SHFA,1,2,4,36,24,0.00010201114872591426,0.0003620790673063675,0.0004640902160322818
shfa_guided_threshold,SHFA,1,2,5,37,25,0.00010201114872591426,0.0005825077004236005,0.0006845188491495148
shfa_guided_threshold,SHFA,1,2,6,38,26,0.00010201114872591426,0.001314863557507288,0.0014168747062332024
shfa_guided_threshold,SHFA,1,2,7,39,27,0.00010201114872591426,0.0003489411238301619,0.00045095227255607614
shfa_guided_threshold,SHFA,1,2,8,40,28,0.00010201114872591426,5.401138905609959e-05,0.00015602253778201384
shfa_guided_threshold,SHFA,1,2,9,41,29,0.00010201114872591426,0.00010909667373080337,0.00021110782245671762
shfa_guided_threshold,SHFA,1,2,10,42,2a,0.00010201114872591426,2.9143063567301815e-05,0.00013115421229321607
shfa_guided_threshold,SHFA,1,2,11,43,2b,0.00010201114872591426,0.00011633215019279337,0.00021834329891870762
shfa_guided_threshold,SHFA,1,2,12,44,2c,0.00010201114872591426,6.553307502201982e-05,0.00016754422374793407
shfa_guided_threshold,SHFA,1,2,13,45,2d,0.00010201114872591426,0.00045754180518771176,0.000559552953913626
shfa_guided_threshold,SHFA,1,2,14,46,2e,0.00010201114872591426,0.0003094944450187064,0.0004115055937446207
shfa_guided_threshold,SHFA,1,2,15,47,2f,0.00010201114872591426,0.00013141330001833465,0.0002334244487442489
shfa_guided_threshold,SHFA,1,3,0,48,30,5.1606620082134315e-05,0.00018409087672631476,0.00023569749680844908
shfa_guided_threshold,SHFA,1,3,1,49,31,5.1606620082134315e-05,0.00012476422491702172,0.00017637084499915604
shfa_guided_threshold,SHFA,1,3,2,50,32,5.1606620082134315e-05,0.00021803843678636862,0.00026964505686850296
shfa_guided_threshold,SHFA,1,3,3,51,33,5.1606620082134315e-05,0.00013195415314198744,0.00018356077322412176
shfa_guided_threshold,SHFA,1,3,4,52,34,5.1606620082134315e-05,0.0003620790673063675,0.0004136856873885018
shfa_guided_threshold,SHFA,1,3,5,53,35,5.1606620082134315e-05,0.0005825077004236005,0.0006341143205057349
shfa_guided_threshold,SHFA,1,3,6,54,36,5.1606620082134315e-05,0.001314863557507288,0.0013664701775894224
shfa_guided_threshold,SHFA,1,3,7,55,37,5.1606620082134315e-05,0.0003489411238301619,0.00040054774391229625
shfa_guided_threshold,SHFA,1,3,8,56,38,5.1606620082134315e-05,5.401138905609959e-05,0.0001056180091382339
shfa_guided_threshold,SHFA,1,3,9,57,39,5.1606620082134315e-05,0.00010909667373080337,0.00016070329381293768
shfa_guided_threshold,SHFA,1,3,10,58,3a,5.1606620082134315e-05,2.9143063567301815e-05,8.074968364943613e-05
shfa_guided_threshold,SHFA,1,3,11,59,3b,5.1606620082134315e-05,0.00011633215019279337,0.00016793877027492768
shfa_guided_threshold,SHFA,1,3,12,60,3c,5.1606620082134315e-05,6.553307502201982e-05,0.00011713969510415413
shfa_guided_threshold,SHFA,1,3,13,61,3d,5.1606620082134315e-05,0.00045754180518771176,0.0005091484252698461
shfa_guided_threshold,SHFA,1,3,14,62,3e,5.1606620082134315e-05,0.0003094944450187064,0.0003611010651008407
shfa_guided_threshold,SHFA,1,3,15,63,3f,5.1606620082134315e-05,0.00013141330001833465,0.00018301992010046896
shfa_guided_threshold,SHFA,1,4,0,64,40,8.409552828110124e-05,0.00018409087672631476,0.000268186405007416
shfa_guided_threshold,SHFA,1,4,1,65,41,8.409552828110124e-05,0.00012476422491702172,0.00020885975319812294
shfa_guided_threshold,SHFA,1,4,2,66,42,8.409552828110124e-05,0.00021803843678636862,0.00030213396506746984
shfa_guided_threshold,SHFA,1,4,3,67,43,8.409552828110124e-05,0.00013195415314198744,0.0002160496814230887
shfa_guided_threshold,SHFA,1,4,4,68,44,8.409552828110124e-05,0.0003620790673063675,0.00044617459558746875
shfa_guided_threshold,SHFA,1,4,5,69,45,8.409552828110124e-05,0.0005825077004236005,0.0006666032287047018
shfa_guided_threshold,SHFA,1,4,6,70,46,8.409552828110124e-05,0.001314863557507288,0.0013989590857883894
shfa_guided_threshold,SHFA,1,4,7,71,47,8.409552828110124e-05,0.0003489411238301619,0.00043303665211126313
shfa_guided_threshold,SHFA,1,4,8,72,48,8.409552828110124e-05,5.401138905609959e-05,0.0001381069173372008
shfa_guided_threshold,SHFA,1,4,9,73,49,8.409552828110124e-05,0.00010909667373080337,0.00019319220201190462
shfa_guided_threshold,SHFA,1,4,10,74,4a,8.409552828110124e-05,2.9143063567301815e-05,0.00011323859184840305
shfa_guided_threshold,SHFA,1,4,11,75,4b,8.409552828110124e-05,0.00011633215019279337,0.00020042767847389462
shfa_guided_threshold,SHFA,1,4,12,76,4c,8.409552828110124e-05,6.553307502201982e-05,0.00014962860330312107
shfa_guided_threshold,SHFA,1,4,13,77,4d,8.409552828110124e-05,0.00045754180518771176,0.000541637333468813
shfa_guided_threshold,SHFA,1,4,14,78,4e,8.409552828110124e-05,0.0003094944450187064,0.00039358997329980763
shfa_guided_threshold,SHFA,1,4,15,79,4f,8.409552828110124e-05,0.00013141330001833465,0.00021550882829943587
shfa_guided_threshold,SHFA,1,5,0,80,50,0.00021344153634270124,0.00018409087672631476,0.000397532413069016
shfa_guided_threshold,SHFA,1,5,1,81,51,0.00021344153634270124,0.00012476422491702172,0.00033820576125972296
shfa_guided_threshold,SHFA,1,5,2,82,52,0.00021344153634270124,0.00021803843678636862,0.00043147997312906986
shfa_guided_threshold,SHFA,1,5,3,83,53,0.00021344153634270124,0.00013195415314198744,0.0003453956894846887
shfa_guided_threshold,SHFA,1,5,4,84,54,0.00021344153634270124,0.0003620790673063675,0.0005755206036490688
shfa_guided_threshold,SHFA,1,5,5,85,55,0.00021344153634270124,0.0005825077004236005,0.0007959492367663018
shfa_guided_threshold,SHFA,1,5,6,86,56,0.00021344153634270124,0.001314863557507288,0.0015283050938499892
shfa_guided_threshold,SHFA,1,5,7,87,57,0.00021344153634270124,0.0003489411238301619,0.0005623826601728632
shfa_guided_threshold,SHFA,1,5,8,88,58,0.00021344153634270124,5.401138905609959e-05,0.00026745292539880083
shfa_guided_threshold,SHFA,1,5,9,89,59,0.00021344153634270124,0.00010909667373080337,0.00032253821007350463
shfa_guided_threshold,SHFA,1,5,10,90,5a,0.00021344153634270124,2.9143063567301815e-05,0.00024258459991000306
shfa_guided_threshold,SHFA,1,5,11,91,5b,0.00021344153634270124,0.00011633215019279337,0.0003297736865354946
shfa_guided_threshold,SHFA,1,5,12,92,5c,0.00021344153634270124,6.553307502201982e-05,0.0002789746113647211
shfa_guided_threshold,SHFA,1,5,13,93,5d,0.00021344153634270124,0.00045754180518771176,0.000670983341530413
shfa_guided_threshold,SHFA,1,5,14,94,5e,0.00021344153634270124,0.0003094944450187064,0.0005229359813614077
shfa_guided_threshold,SHFA,1,5,15,95,5f,0.00021344153634270124,0.00013141330001833465,0.0003448548363610359
shfa_guided_threshold,SHFA,1,6,0,96,60,0.0003258369906842709,0.00018409087672631476,0.0005099278674105857
shfa_guided_threshold,SHFA,1,6,1,97,61,0.0003258369906842709,0.00012476422491702172,0.00045060121560129264
shfa_guided_threshold,SHFA,1,6,2,98,62,0.0003258369906842709,0.00021803843678636862,0.0005438754274706395
shfa_guided_threshold,SHFA,1,6,3,99,63,0.0003258369906842709,0.00013195415314198744,0.00045779114382625834
shfa_guided_threshold,SHFA,1,6,4,100,64,0.0003258369906842709,0.0003620790673063675,0.0006879160579906384
shfa_guided_threshold,SHFA,1,6,5,101,65,0.0003258369906842709,0.0005825077004236005,0.0009083446911078714
shfa_guided_threshold,SHFA,1,6,6,102,66,0.0003258369906842709,0.001314863557507288,0.001640700548191559
shfa_guided_threshold,SHFA,1,6,7,103,67,0.0003258369906842709,0.0003489411238301619,0.0006747781145144329
shfa_guided_threshold,SHFA,1,6,8,104,68,0.0003258369906842709,5.401138905609959e-05,0.0003798483797403705
shfa_guided_threshold,SHFA,1,6,9,105,69,0.0003258369906842709,0.00010909667373080337,0.00043493366441507426
shfa_guided_threshold,SHFA,1,6,10,106,6a,0.0003258369906842709,2.9143063567301815e-05,0.0003549800542515727
shfa_guided_threshold,SHFA,1,6,11,107,6b,0.0003258369906842709,0.00011633215019279337,0.0004421691408770643
shfa_guided_threshold,SHFA,1,6,12,108,6c,0.0003258369906842709,6.553307502201982e-05,0.0003913700657062907
shfa_guided_threshold,SHFA,1,6,13,109,6d,0.0003258369906842709,0.00045754180518771176,0.0007833787958719826
shfa_guided_threshold,SHFA,1,6,14,110,6e,0.0003258369906842709,0.0003094944450187064,0.0006353314357029773
shfa_guided_threshold,SHFA,1,6,15,111,6f,0.0003258369906842709,0.00013141330001833465,0.00045725029070260557
shfa_guided_threshold,SHFA,1,7,0,112,70,4.636392901910639e-05,0.00018409087672631476,0.00023045480574542115
shfa_guided_threshold,SHFA,1,7,1,113,71,4.636392901910639e-05,0.00012476422491702172,0.0001711281539361281
shfa_guided_threshold,SHFA,1,7,2,114,72,4.636392901910639e-05,0.00021803843678636862,0.000264402365805475
shfa_guided_threshold,SHFA,1,7,3,115,73,4.636392901910639e-05,0.00013195415314198744,0.00017831808216109383
shfa_guided_threshold,SHFA,1,7,4,116,74,4.636392901910639e-05,0.0003620790673063675,0.0004084429963254739
shfa_guided_threshold,SHFA,1,7,5,117,75,4.636392901910639e-05,0.0005825077004236005,0.000628871629442707
shfa_guided_threshold,SHFA,1,7,6,118,76,4.636392901910639e-05,0.001314863557507288,0.0013612274865263945
shfa_guided_threshold,SHFA,1,7,7,119,77,4.636392901910639e-05,0.0003489411238301619,0.0003953050528492683
shfa_guided_threshold,SHFA,1,7,8,120,78,4.636392901910639e-05,5.401138905609959e-05,0.00010037531807520597
shfa_guided_threshold,SHFA,1,7,9,121,79,4.636392901910639e-05,0.00010909667373080337,0.00015546060274990975
shfa_guided_threshold,SHFA,1,7,10,122,7a,4.636392901910639e-05,2.9143063567301815e-05,7.55069925864082e-05
shfa_guided_threshold,SHFA,1,7,11,123,7b,4.636392901910639e-05,0.00011633215019279337,0.00016269607921189975
shfa_guided_threshold,SHFA,1,7,12,124,7c,4.636392901910639e-05,6.553307502201982e-05,0.0001118970040411262
shfa_guided_threshold,SHFA,1,7,13,125,7d,4.636392901910639e-05,0.00045754180518771176,0.0005039057342068182
shfa_guided_threshold,SHFA,1,7,14,126,7e,4.636392901910639e-05,0.0003094944450187064,0.0003558583740378128
shfa_guided_threshold,SHFA,1,7,15,127,7f,4.636392901910639e-05,0.00013141330001833465,0.00017777722903744103
shfa_guided_threshold,SHFA,1,8,0,128,80,0.00011283578338802696,0.00018409087672631476,0.00029692666011434175
shfa_guided_threshold,SHFA,1,8,1,129,81,0.00011283578338802696,0.00012476422491702172,0.00023760000830504868
shfa_guided_threshold,SHFA,1,8,2,130,82,0.00011283578338802696,0.00021803843678636862,0.0003308742201743956
shfa_guided_threshold,SHFA,1,8,3,131,83,0.00011283578338802696,0.00013195415314198744,0.0002447899365300144
shfa_guided_threshold,SHFA,1,8,4,132,84,0.00011283578338802696,0.0003620790673063675,0.0004749148506943945
shfa_guided_threshold,SHFA,1,8,5,133,85,0.00011283578338802696,0.0005825077004236005,0.0006953434838116274
shfa_guided_threshold,SHFA,1,8,6,134,86,0.00011283578338802696,0.001314863557507288,0.001427699340895315
shfa_guided_threshold,SHFA,1,8,7,135,87,0.00011283578338802696,0.0003489411238301619,0.00046177690721818887
shfa_guided_threshold,SHFA,1,8,8,136,88,0.00011283578338802696,5.401138905609959e-05,0.00016684717244412655
shfa_guided_threshold,SHFA,1,8,9,137,89,0.00011283578338802696,0.00010909667373080337,0.00022193245711883033
shfa_guided_threshold,SHFA,1,8,10,138,8a,0.00011283578338802696,2.9143063567301815e-05,0.00014197884695532878
shfa_guided_threshold,SHFA,1,8,11,139,8b,0.00011283578338802696,0.00011633215019279337,0.00022916793358082033
shfa_guided_threshold,SHFA,1,8,12,140,8c,0.00011283578338802696,6.553307502201982e-05,0.00017836885841004678
shfa_guided_threshold,SHFA,1,8,13,141,8d,0.00011283578338802696,0.00045754180518771176,0.0005703775885757387
shfa_guided_threshold,SHFA,1,8,14,142,8e,0.00011283578338802696,0.0003094944450187064,0.00042233022840673336
shfa_guided_threshold,SHFA,1,8,15,143,8f,0.00011283578338802696,0.00013141330001833465,0.0002442490834063616
shfa_guided_threshold,SHFA,1,9,0,144,90,0.00017273340059438937,0.00018409087672631476,0.0003568242773207041
shfa_guided_threshold,SHFA,1,9,1,145,91,0.00017273340059438937,0.00012476422491702172,0.0002974976255114111
shfa_guided_threshold,SHFA,1,9,2,146,92,0.00017273340059438937,0.00021803843678636862,0.000390771837380758
shfa_guided_threshold,SHFA,1,9,3,147,93,0.00017273340059438937,0.00013195415314198744,0.00030468755373637684
shfa_guided_threshold,SHFA,1,9,4,148,94,0.00017273340059438937,0.0003620790673063675,0.000534812467900757
shfa_guided_threshold,SHFA,1,9,5,149,95,0.00017273340059438937,0.0005825077004236005,0.0007552411010179899
shfa_guided_threshold,SHFA,1,9,6,150,96,0.00017273340059438937,0.001314863557507288,0.0014875969581016773
shfa_guided_threshold,SHFA,1,9,7,151,97,0.00017273340059438937,0.0003489411238301619,0.0005216745244245513
shfa_guided_threshold,SHFA,1,9,8,152,98,0.00017273340059438937,5.401138905609959e-05,0.00022674478965048895
shfa_guided_threshold,SHFA,1,9,9,153,99,0.00017273340059438937,0.00010909667373080337,0.00028183007432519276
shfa_guided_threshold,SHFA,1,9,10,154,9a,0.00017273340059438937,2.9143063567301815e-05,0.00020187646416169118
shfa_guided_threshold,SHFA,1,9,11,155,9b,0.00017273340059438937,0.00011633215019279337,0.0002890655507871827
shfa_guided_threshold,SHFA,1,9,12,156,9c,0.00017273340059438937,6.553307502201982e-05,0.00023826647561640918
shfa_guided_threshold,SHFA,1,9,13,157,9d,0.00017273340059438937,0.00045754180518771176,0.0006302752057821011
shfa_guided_threshold,SHFA,1,9,14,158,9e,0.00017273340059438937,0.0003094944450187064,0.00048222784561309577
shfa_guided_threshold,SHFA,1,9,15,159,9f,0.00017273340059438937,0.00013141330001833465,0.000304146700612724
shfa_guided_threshold,SHFA,1,10,0,160,a0,8.101987787876379e-05,0.00018409087672631476,0.00026511075460507855
shfa_guided_threshold,SHFA,1,10,1,161,a1,8.101987787876379e-05,0.00012476422491702172,0.0002057841027957855
shfa_guided_threshold,SHFA,1,10,2,162,a2,8.101987787876379e-05,0.00021803843678636862,0.00029905831466513243
shfa_guided_threshold,SHFA,1,10,3,163,a3,8.101987787876379e-05,0.00013195415314198744,0.00021297403102075123
shfa_guided_threshold,SHFA,1,10,4,164,a4,8.101987787876379e-05,0.0003620790673063675,0.0004430989451851313
shfa_guided_threshold,SHFA,1,10,5,165,a5,8.101987787876379e-05,0.0005825077004236005,0.0006635275783023643
shfa_guided_threshold,SHFA,1,10,6,166,a6,8.101987787876379e-05,0.001314863557507288,0.0013958834353860518
shfa_guided_threshold,SHFA,1,10,7,167,a7,8.101987787876379e-05,0.0003489411238301619,0.0004299610017089257
shfa_guided_threshold,SHFA,1,10,8,168,a8,8.101987787876379e-05,5.401138905609959e-05,0.00013503126693486338
shfa_guided_threshold,SHFA,1,10,9,169,a9,8.101987787876379e-05,0.00010909667373080337,0.00019011655160956715
shfa_guided_threshold,SHFA,1,10,10,170,aa,8.101987787876379e-05,2.9143063567301815e-05,0.0001101629414460656
shfa_guided_threshold,SHFA,1,10,11,171,ab,8.101987787876379e-05,0.00011633215019279337,0.00019735202807155715
shfa_guided_threshold,SHFA,1,10,12,172,ac,8.101987787876379e-05,6.553307502201982e-05,0.0001465529529007836
shfa_guided_threshold,SHFA,1,10,13,173,ad,8.101987787876379e-05,0.00045754180518771176,0.0005385616830664756
shfa_guided_threshold,SHFA,1,10,14,174,ae,8.101987787876379e-05,0.0003094944450187064,0.00039051432289747016
shfa_guided_threshold,SHFA,1,10,15,175,af,8.101987787876379e-05,0.00013141330001833465,0.00021243317789709844
shfa_guided_threshold,SHFA,1,11,0,176,b0,0.00015396800583618084,0.00018409087672631476,0.0003380588825624956
shfa_guided_threshold,SHFA,1,11,1,177,b1,0.00015396800583618084,0.00012476422491702172,0.00027873223075320253
shfa_guided_threshold,SHFA,1,11,2,178,b2,0.00015396800583618084,0.00021803843678636862,0.00037200644262254943
shfa_guided_threshold,SHFA,1,11,3,179,b3,0.00015396800583618084,0.00013195415314198744,0.0002859221589781683
shfa_guided_threshold,SHFA,1,11,4,180,b4,0.00015396800583618084,0.0003620790673063675,0.0005160470731425484
shfa_guided_threshold,SHFA,1,11,5,181,b5,0.00015396800583618084,0.0005825077004236005,0.0007364757062597813
shfa_guided_threshold,SHFA,1,11,6,182,b6,0.00015396800583618084,0.001314863557507288,0.001468831563343469
shfa_guided_threshold,SHFA,1,11,7,183,b7,0.00015396800583618084,0.0003489411238301619,0.0005029091296663427
shfa_guided_threshold,SHFA,1,11,8,184,b8,0.00015396800583618084,5.401138905609959e-05,0.00020797939489228042
shfa_guided_threshold,SHFA,1,11,9,185,b9,0.00015396800583618084,0.00010909667373080337,0.0002630646795669842
shfa_guided_threshold,SHFA,1,11,10,186,ba,0.00015396800583618084,2.9143063567301815e-05,0.00018311106940348265
shfa_guided_threshold,SHFA,1,11,11,187,bb,0.00015396800583618084,0.00011633215019279337,0.0002703001560289742
shfa_guided_threshold,SHFA,1,11,12,188,bc,0.00015396800583618084,6.553307502201982e-05,0.00021950108085820065
shfa_guided_threshold,SHFA,1,11,13,189,bd,0.00015396800583618084,0.00045754180518771176,0.0006115098110238926
shfa_guided_threshold,SHFA,1,11,14,190,be,0.00015396800583618084,0.0003094944450187064,0.00046346245085488727
shfa_guided_threshold,SHFA,1,11,15,191,bf,0.00015396800583618084,0.00013141330001833465,0.00028538130585451546
shfa_guided_threshold,SHFA,1,12,0,192,c0,0.00026127758981764804,0.00018409087672631476,0.0004453684665439628
shfa_guided_threshold,SHFA,1,12,1,193,c1,0.00026127758981764804,0.00012476422491702172,0.00038604181473466976
shfa_guided_threshold,SHFA,1,12,2,194,c2,0.00026127758981764804,0.00021803843678636862,0.00047931602660401665
shfa_guided_threshold,SHFA,1,12,3,195,c3,0.00026127758981764804,0.00013195415314198744,0.0003932317429596355
shfa_guided_threshold,SHFA,1,12,4,196,c4,0.00026127758981764804,0.0003620790673063675,0.0006233566571240156
shfa_guided_threshold,SHFA,1,12,5,197,c5,0.00026127758981764804,0.0005825077004236005,0.0008437852902412486
shfa_guided_threshold,SHFA,1,12,6,198,c6,0.00026127758981764804,0.001314863557507288,0.0015761411473249362
shfa_guided_threshold,SHFA,1,12,7,199,c7,0.00026127758981764804,0.0003489411238301619,0.0006102187136478099
shfa_guided_threshold,SHFA,1,12,8,200,c8,0.00026127758981764804,5.401138905609959e-05,0.0003152889788737476
shfa_guided_threshold,SHFA,1,12,9,201,c9,0.00026127758981764804,0.00010909667373080337,0.00037037426354845143
shfa_guided_threshold,SHFA,1,12,10,202,ca,0.00026127758981764804,2.9143063567301815e-05,0.0002904206533849499
shfa_guided_threshold,SHFA,1,12,11,203,cb,0.00026127758981764804,0.00011633215019279337,0.0003776097400104414
shfa_guided_threshold,SHFA,1,12,12,204,cc,0.00026127758981764804,6.553307502201982e-05,0.0003268106648396679
shfa_guided_threshold,SHFA,1,12,13,205,cd,0.00026127758981764804,0.00045754180518771176,0.0007188193950053598
shfa_guided_threshold,SHFA,1,12,14,206,ce,0.00026127758981764804,0.0003094944450187064,0.0005707720348363545
shfa_guided_threshold,SHFA,1,12,15,207,cf,0.00026127758981764804,0.00013141330001833465,0.0003926908898359827
shfa_guided_threshold,SHFA,1,13,0,208,d0,0.0009897308017526856,0.00018409087672631476,0.0011738216784790004
shfa_guided_threshold,SHFA,1,13,1,209,d1,0.0009897308017526856,0.00012476422491702172,0.0011144950266697073
shfa_guided_threshold,SHFA,1,13,2,210,d2,0.0009897308017526856,0.00021803843678636862,0.0012077692385390542
shfa_guided_threshold,SHFA,1,13,3,211,d3,0.0009897308017526856,0.00013195415314198744,0.001121684954894673
shfa_guided_threshold,SHFA,1,13,4,212,d4,0.0009897308017526856,0.0003620790673063675,0.001351809869059053
shfa_guided_threshold,SHFA,1,13,5,213,d5,0.0009897308017526856,0.0005825077004236005,0.0015722385021762861
shfa_guided_threshold,SHFA,1,13,6,214,d6,0.0009897308017526856,0.001314863557507288,0.0023045943592599734
shfa_guided_threshold,SHFA,1,13,7,215,d7,0.0009897308017526856,0.0003489411238301619,0.0013386719255828474
shfa_guided_threshold,SHFA,1,13,8,216,d8,0.0009897308017526856,5.401138905609959e-05,0.0010437421908087853
shfa_guided_threshold,SHFA,1,13,9,217,d9,0.0009897308017526856,0.00010909667373080337,0.0010988274754834889
shfa_guided_threshold,SHFA,1,13,10,218,da,0.0009897308017526856,2.9143063567301815e-05,0.0010188738653199873
shfa_guided_threshold,SHFA,1,13,11,219,db,0.0009897308017526856,0.00011633215019279337,0.001106062951945479
shfa_guided_threshold,SHFA,1,13,12,220,dc,0.0009897308017526856,6.553307502201982e-05,0.0010552638767747054
shfa_guided_threshold,SHFA,1,13,13,221,dd,0.0009897308017526856,0.00045754180518771176,0.0014472726069403973
shfa_guided_threshold,SHFA,1,13,14,222,de,0.0009897308017526856,0.0003094944450187064,0.001299225246771392
shfa_guided_threshold,SHFA,1,13,15,223,df,0.0009897308017526856,0.00013141330001833465,0.0011211441017710201
shfa_guided_threshold,SHFA,1,14,0,224,e0,0.00039845396262579955,0.00018409087672631476,0.0005825448393521143
shfa_guided_threshold,SHFA,1,14,1,225,e1,0.00039845396262579955,0.00012476422491702172,0.0005232181875428213
shfa_guided_threshold,SHFA,1,14,2,226,e2,0.00039845396262579955,0.00021803843678636862,0.0006164923994121682
shfa_guided_threshold,SHFA,1,14,3,227,e3,0.00039845396262579955,0.00013195415314198744,0.000530408115767787
shfa_guided_threshold,SHFA,1,14,4,228,e4,0.00039845396262579955,0.0003620790673063675,0.0007605330299321671
shfa_guided_threshold,SHFA,1,14,5,229,e5,0.00039845396262579955,0.0005825077004236005,0.0009809616630494001
shfa_guided_threshold,SHFA,1,14,6,230,e6,0.00039845396262579955,0.001314863557507288,0.0017133175201330877
shfa_guided_threshold,SHFA,1,14,7,231,e7,0.00039845396262579955,0.0003489411238301619,0.0007473950864559614
shfa_guided_threshold,SHFA,1,14,8,232,e8,0.00039845396262579955,5.401138905609959e-05,0.00045246535168189914
shfa_guided_threshold,SHFA,1,14,9,233,e9,0.00039845396262579955,0.00010909667373080337,0.0005075506363566029
shfa_guided_threshold,SHFA,1,14,10,234,ea,0.00039845396262579955,2.9143063567301815e-05,0.00042759702619310134
shfa_guided_threshold,SHFA,1,14,11,235,eb,0.00039845396262579955,0.00011633215019279337,0.0005147861128185929
shfa_guided_threshold,SHFA,1,14,12,236,ec,0.00039845396262579955,6.553307502201982e-05,0.00046398703764781934
shfa_guided_threshold,SHFA,1,14,13,237,ed,0.00039845396262579955,0.00045754180518771176,0.0008559957678135114
shfa_guided_threshold,SHFA,1,14,14,238,ee,0.00039845396262579955,0.0003094944450187064,0.000707948407644506
shfa_guided_threshold,SHFA,1,14,15,239,ef,0.00039845396262579955,0.00013141330001833465,0.0005298672626441341
shfa_guided_threshold,SHFA,1,15,0,240,f0,0.00025497524453274903,0.00018409087672631476,0.00043906612125906377
shfa_guided_threshold,SHFA,1,15,1,241,f1,0.00025497524453274903,0.00012476422491702172,0.00037973946944977075
shfa_guided_threshold,SHFA,1,15,2,242,f2,0.00025497524453274903,0.00021803843678636862,0.00047301368131911765
shfa_guided_threshold,SHFA,1,15,3,243,f3,0.00025497524453274903,0.00013195415314198744,0.0003869293976747365
shfa_guided_threshold,SHFA,1,15,4,244,f4,0.00025497524453274903,0.0003620790673063675,0.0006170543118391165
shfa_guided_threshold,SHFA,1,15,5,245,f5,0.00025497524453274903,0.0005825077004236005,0.0008374829449563496
shfa_guided_threshold,SHFA,1,15,6,246,f6,0.00025497524453274903,0.001314863557507288,0.001569838802040037
shfa_guided_threshold,SHFA,1,15,7,247,f7,0.00025497524453274903,0.0003489411238301619,0.0006039163683629109
shfa_guided_threshold,SHFA,1,15,8,248,f8,0.00025497524453274903,5.401138905609959e-05,0.0003089866335888486
shfa_guided_threshold,SHFA,1,15,9,249,f9,0.00025497524453274903,0.00010909667373080337,0.0003640719182635524
shfa_guided_threshold,SHFA,1,15,10,250,fa,0.00025497524453274903,2.9143063567301815e-05,0.0002841183081000509
shfa_guided_threshold,SHFA,1,15,11,251,fb,0.00025497524453274903,0.00011633215019279337,0.0003713073947255424
shfa_guided_threshold,SHFA,1,15,12,252,fc,0.00025497524453274903,6.553307502201982e-05,0.0003205083195547689
shfa_guided_threshold,SHFA,1,15,13,253,fd,0.00025497524453274903,0.00045754180518771176,0.0007125170497204608
shfa_guided_threshold,SHFA,1,15,14,254,fe,0.00025497524453274903,0.0003094944450187064,0.0005644696895514554
shfa_guided_threshold,SHFA,1,15,15,255,ff,0.00025497524453274903,0.00013141330001833465,0.0003863885445510837
shfa_guided_budget,SHFA,0,0,0,0,00,0.00015045400578066645,0.0005175366665130559,0.0006679906722937224
shfa_guided_budget,SHFA,0,0,1,1,01,0.00015045400578066645,0.00018992406754348985,0.00034037807332415633
shfa_guided_budget,SHFA,0,0,2,2,02,0.00015045400578066645,0.00019007625857721226,0.0003405302643578787
shfa_guided_budget,SHFA,0,0,3,3,03,0.00015045400578066645,0.00033236472086157034,0.0004828187266422368
shfa_guided_budget,SHFA,0,0,4,4,04,0.00015045400578066645,0.00016306713890036972,0.0003135211446810362
shfa_guided_budget,SHFA,0,0,5,5,05,0.00015045400578066645,6.944277477214213e-05,0.00021989678055280858
shfa_guided_budget,SHFA,0,0,6,6,06,0.00015045400578066645,0.00017311178250044093,0.0003235657882811074
shfa_guided_budget,SHFA,0,0,7,7,07,0.00015045400578066645,8.125835766520877e-05,0.00023171236344587522
shfa_guided_budget,SHFA,0,0,8,8,08,0.00015045400578066645,0.000493194696070392,0.0006436487018510585
shfa_guided_budget,SHFA,0,0,9,9,09,0.00015045400578066645,0.00017319321999970452,0.000323647225780371
shfa_guided_budget,SHFA,0,0,10,10,0a,0.00015045400578066645,0.00019185413266169623,0.00034230813844236265
shfa_guided_budget,SHFA,0,0,11,11,0b,0.00015045400578066645,0.0011155316790192348,0.0012659856847999013
shfa_guided_budget,SHFA,0,0,12,12,0c,0.00015045400578066645,0.00013737626775532955,0.00028783027353599603
shfa_guided_budget,SHFA,0,0,13,13,0d,0.00015045400578066645,0.00017617072457571617,0.00032662473035638265
shfa_guided_budget,SHFA,0,0,14,14,0e,0.00015045400578066645,0.00011077230821176934,0.0002612263139924358
shfa_guided_budget,SHFA,0,0,15,15,0f,0.00015045400578066645,0.00015659266161171945,0.0003070466673923859
shfa_guided_budget,SHFA,0,1,0,16,10,0.0001070208452134844,0.0005175366665130559,0.0006245575117265402
shfa_guided_budget,SHFA,0,1,1,17,11,0.0001070208452134844,0.00018992406754348985,0.0002969449127569742
shfa_guided_budget,SHFA,0,1,2,18,12,0.0001070208452134844,0.00019007625857721226,0.00029709710379069665
shfa_guided_budget,SHFA,0,1,3,19,13,0.0001070208452134844,0.00033236472086157034,0.0004393855660750547
shfa_guided_budget,SHFA,0,1,4,20,14,0.0001070208452134844,0.00016306713890036972,0.0002700879841138541
shfa_guided_budget,SHFA,0,1,5,21,15,0.0001070208452134844,6.944277477214213e-05,0.00017646361998562653
shfa_guided_budget,SHFA,0,1,6,22,16,0.0001070208452134844,0.00017311178250044093,0.0002801326277139253
shfa_guided_budget,SHFA,0,1,7,23,17,0.0001070208452134844,8.125835766520877e-05,0.00018827920287869317
shfa_guided_budget,SHFA,0,1,8,24,18,0.0001070208452134844,0.000493194696070392,0.0006002155412838764
shfa_guided_budget,SHFA,0,1,9,25,19,0.0001070208452134844,0.00017319321999970452,0.0002802140652131889
shfa_guided_budget,SHFA,0,1,10,26,1a,0.0001070208452134844,0.00019185413266169623,0.00029887497787518065
shfa_guided_budget,SHFA,0,1,11,27,1b,0.0001070208452134844,0.0011155316790192348,0.0012225525242327193
shfa_guided_budget,SHFA,0,1,12,28,1c,0.0001070208452134844,0.00013737626775532955,0.0002443971129688139
shfa_guided_budget,SHFA,0,1,13,29,1d,0.0001070208452134844,0.00017617072457571617,0.00028319156978920054
shfa_guided_budget,SHFA,0,1,14,30,1e,0.0001070208452134844,0.00011077230821176934,0.00021779315342525374
shfa_guided_budget,SHFA,0,1,15,31,1f,0.0001070208452134844,0.00015659266161171945,0.0002636135068252039
shfa_guided_budget,SHFA,0,2,0,32,20,0.00012569475150415684,0.0005175366665130559,0.0006432314180172127
shfa_guided_budget,SHFA,0,2,1,33,21,0.00012569475150415684,0.00018992406754348985,0.0003156188190476467
shfa_guided_budget,SHFA,0,2,2,34,22,0.00012569475150415684,0.00019007625857721226,0.00031577101008136907
shfa_guided_budget,SHFA,0,2,3,35,23,0.00012569475150415684,0.00033236472086157034,0.0004580594723657272
shfa_guided_budget,SHFA,0,2,4,36,24,0.00012569475150415684,0.00016306713890036972,0.0002887618904045266
shfa_guided_budget,SHFA,0,2,5,37,25,0.00012569475150415684,6.944277477214213e-05,0.00019513752627629897
shfa_guided_budget,SHFA,0,2,6,38,26,0.00012569475150415684,0.00017311178250044093,0.0002988065340045978
shfa_guided_budget,SHFA,0,2,7,39,27,0.00012569475150415684,8.125835766520877e-05,0.00020695310916936561
shfa_guided_budget,SHFA,0,2,8,40,28,0.00012569475150415684,0.000493194696070392,0.0006188894475745489
shfa_guided_budget,SHFA,0,2,9,41,29,0.00012569475150415684,0.00017319321999970452,0.00029888797150386137
shfa_guided_budget,SHFA,0,2,10,42,2a,0.00012569475150415684,0.00019185413266169623,0.00031754888416585307
shfa_guided_budget,SHFA,0,2,11,43,2b,0.00012569475150415684,0.0011155316790192348,0.0012412264305233917
shfa_guided_budget,SHFA,0,2,12,44,2c,0.00012569475150415684,0.00013737626775532955,0.0002630710192594864
shfa_guided_budget,SHFA,0,2,13,45,2d,0.00012569475150415684,0.00017617072457571617,0.000301865476079873
shfa_guided_budget,SHFA,0,2,14,46,2e,0.00012569475150415684,0.00011077230821176934,0.00023646705971592618
shfa_guided_budget,SHFA,0,2,15,47,2f,0.00012569475150415684,0.00015659266161171945,0.0002822874131158763
shfa_guided_budget,SHFA,0,3,0,48,30,0.00011695398384611562,0.0005175366665130559,0.0006344906503591715
shfa_guided_budget,SHFA,0,3,1,49,31,0.00011695398384611562,0.00018992406754348985,0.0003068780513896055
shfa_guided_budget,SHFA,0,3,2,50,32,0.00011695398384611562,0.00019007625857721226,0.00030703024242332785
shfa_guided_budget,SHFA,0,3,3,51,33,0.00011695398384611562,0.00033236472086157034,0.00044931870470768596
shfa_guided_budget,SHFA,0,3,4,52,34,0.00011695398384611562,0.00016306713890036972,0.0002800211227464854
shfa_guided_budget,SHFA,0,3,5,53,35,0.00011695398384611562,6.944277477214213e-05,0.00018639675861825775
shfa_guided_budget,SHFA,0,3,6,54,36,0.00011695398384611562,0.00017311178250044093,0.0002900657663465566
shfa_guided_budget,SHFA,0,3,7,55,37,0.00011695398384611562,8.125835766520877e-05,0.0001982123415113244
shfa_guided_budget,SHFA,0,3,8,56,38,0.00011695398384611562,0.000493194696070392,0.0006101486799165077
shfa_guided_budget,SHFA,0,3,9,57,39,0.00011695398384611562,0.00017319321999970452,0.00029014720384582015
shfa_guided_budget,SHFA,0,3,10,58,3a,0.00011695398384611562,0.00019185413266169623,0.00030880811650781185
shfa_guided_budget,SHFA,0,3,11,59,3b,0.00011695398384611562,0.0011155316790192348,0.0012324856628653505
shfa_guided_budget,SHFA,0,3,12,60,3c,0.00011695398384611562,0.00013737626775532955,0.0002543302516014452
shfa_guided_budget,SHFA,0,3,13,61,3d,0.00011695398384611562,0.00017617072457571617,0.0002931247084218318
shfa_guided_budget,SHFA,0,3,14,62,3e,0.00011695398384611562,0.00011077230821176934,0.00022772629205788496
shfa_guided_budget,SHFA,0,3,15,63,3f,0.00011695398384611562,0.00015659266161171945,0.0002735466454578351
shfa_guided_budget,SHFA,0,4,0,64,40,0.0009045057704592922,0.0005175366665130559,0.0014220424369723482
shfa_guided_budget,SHFA,0,4,1,65,41,0.0009045057704592922,0.00018992406754348985,0.001094429838002782
shfa_guided_budget,SHFA,0,4,2,66,42,0.0009045057704592922,0.00019007625857721226,0.0010945820290365045
shfa_guided_budget,SHFA,0,4,3,67,43,0.0009045057704592922,0.00033236472086157034,0.0012368704913208626
shfa_guided_budget,SHFA,0,4,4,68,44,0.0009045057704592922,0.00016306713890036972,0.001067572909359662
shfa_guided_budget,SHFA,0,4,5,69,45,0.0009045057704592922,6.944277477214213e-05,0.0009739485452314343
shfa_guided_budget,SHFA,0,4,6,70,46,0.0009045057704592922,0.00017311178250044093,0.001077617552959733
shfa_guided_budget,SHFA,0,4,7,71,47,0.0009045057704592922,8.125835766520877e-05,0.000985764128124501
shfa_guided_budget,SHFA,0,4,8,72,48,0.0009045057704592922,0.000493194696070392,0.0013977004665296842
shfa_guided_budget,SHFA,0,4,9,73,49,0.0009045057704592922,0.00017319321999970452,0.0010776989904589967
shfa_guided_budget,SHFA,0,4,10,74,4a,0.0009045057704592922,0.00019185413266169623,0.0010963599031209885
shfa_guided_budget,SHFA,0,4,11,75,4b,0.0009045057704592922,0.0011155316790192348,0.002020037449478527
shfa_guided_budget,SHFA,0,4,12,76,4c,0.0009045057704592922,0.00013737626775532955,0.0010418820382146216
shfa_guided_budget,SHFA,0,4,13,77,4d,0.0009045057704592922,0.00017617072457571617,0.0010806764950350082
shfa_guided_budget,SHFA,0,4,14,78,4e,0.0009045057704592922,0.00011077230821176934,0.0010152780786710615
shfa_guided_budget,SHFA,0,4,15,79,4f,0.0009045057704592922,0.00015659266161171945,0.0010610984320710117
shfa_guided_budget,SHFA,0,5,0,80,50,0.0002886882933178199,0.0005175366665130559,0.0008062249598308757
shfa_guided_budget,SHFA,0,5,1,81,51,0.0002886882933178199,0.00018992406754348985,0.00047861236086130975
shfa_guided_budget,SHFA,0,5,2,82,52,0.0002886882933178199,0.00019007625857721226,0.0004787645518950322
shfa_guided_budget,SHFA,0,5,3,83,53,0.0002886882933178199,0.00033236472086157034,0.0006210530141793902
shfa_guided_budget,SHFA,0,5,4,84,54,0.0002886882933178199,0.00016306713890036972,0.0004517554322181896
shfa_guided_budget,SHFA,0,5,5,85,55,0.0002886882933178199,6.944277477214213e-05,0.00035813106808996203
shfa_guided_budget,SHFA,0,5,6,86,56,0.0002886882933178199,0.00017311178250044093,0.0004618000758182608
shfa_guided_budget,SHFA,0,5,7,87,57,0.0002886882933178199,8.125835766520877e-05,0.00036994665098302867
shfa_guided_budget,SHFA,0,5,8,88,58,0.0002886882933178199,0.000493194696070392,0.000781882989388212
shfa_guided_budget,SHFA,0,5,9,89,59,0.0002886882933178199,0.00017319321999970452,0.0004618815133175244
shfa_guided_budget,SHFA,0,5,10,90,5a,0.0002886882933178199,0.00019185413266169623,0.00048054242597951613
shfa_guided_budget,SHFA,0,5,11,91,5b,0.0002886882933178199,0.0011155316790192348,0.0014042199723370548
shfa_guided_budget,SHFA,0,5,12,92,5c,0.0002886882933178199,0.00013737626775532955,0.00042606456107314945
shfa_guided_budget,SHFA,0,5,13,93,5d,0.0002886882933178199,0.00017617072457571617,0.0004648590178935361
shfa_guided_budget,SHFA,0,5,14,94,5e,0.0002886882933178199,0.00011077230821176934,0.00039946060152958924
shfa_guided_budget,SHFA,0,5,15,95,5f,0.0002886882933178199,0.00015659266161171945,0.00044528095492953935
shfa_guided_budget,SHFA,0,6,0,96,60,0.0002758541890405039,0.0005175366665130559,0.0007933908555535598
shfa_guided_budget,SHFA,0,6,1,97,61,0.0002758541890405039,0.00018992406754348985,0.00046577825658399377
shfa_guided_budget,SHFA,0,6,2,98,62,0.0002758541890405039,0.00019007625857721226,0.00046593044761771615
shfa_guided_budget,SHFA,0,6,3,99,63,0.0002758541890405039,0.00033236472086157034,0.0006082189099020743
shfa_guided_budget,SHFA,0,6,4,100,64,0.0002758541890405039,0.00016306713890036972,0.00043892132794087367
shfa_guided_budget,SHFA,0,6,5,101,65,0.0002758541890405039,6.944277477214213e-05,0.00034529696381264605
shfa_guided_budget,SHFA,0,6,6,102,66,0.0002758541890405039,0.00017311178250044093,0.00044896597154094487
shfa_guided_budget,SHFA,0,6,7,103,67,0.0002758541890405039,8.125835766520877e-05,0.0003571125467057127
shfa_guided_budget,SHFA,0,6,8,104,68,0.0002758541890405039,0.000493194696070392,0.000769048885110896
shfa_guided_budget,SHFA,0,6,9,105,69,0.0002758541890405039,0.00017319321999970452,0.00044904740904020844
shfa_guided_budget,SHFA,0,6,10,106,6a,0.0002758541890405039,0.00019185413266169623,0.00046770832170220015
shfa_guided_budget,SHFA,0,6,11,107,6b,0.0002758541890405039,0.0011155316790192348,0.0013913858680597389
shfa_guided_budget,SHFA,0,6,12,108,6c,0.0002758541890405039,0.00013737626775532955,0.00041323045679583347
shfa_guided_budget,SHFA,0,6,13,109,6d,0.0002758541890405039,0.00017617072457571617,0.0004520249136162201
shfa_guided_budget,SHFA,0,6,14,110,6e,0.0002758541890405039,0.00011077230821176934,0.00038662649725227326
shfa_guided_budget,SHFA,0,6,15,111,6f,0.0002758541890405039,0.00015659266161171945,0.00043244685065222337
shfa_guided_budget,SHFA,0,7,0,112,70,0.0004600303417715597,0.0005175366665130559,0.0009775670082846155
shfa_guided_budget,SHFA,0,7,1,113,71,0.0004600303417715597,0.00018992406754348985,0.0006499544093150495
shfa_guided_budget,SHFA,0,7,2,114,72,0.0004600303417715597,0.00019007625857721226,0.0006501066003487719
shfa_guided_budget,SHFA,0,7,3,115,73,0.0004600303417715597,0.00033236472086157034,0.00079239506263313
shfa_guided_budget,SHFA,0,7,4,116,74,0.0004600303417715597,0.00016306713890036972,0.0006230974806719294
shfa_guided_budget,SHFA,0,7,5,117,75,0.0004600303417715597,6.944277477214213e-05,0.0005294731165437018
shfa_guided_budget,SHFA,0,7,6,118,76,0.0004600303417715597,0.00017311178250044093,0.0006331421242720006
shfa_guided_budget,SHFA,0,7,7,119,77,0.0004600303417715597,8.125835766520877e-05,0.0005412886994367685
shfa_guided_budget,SHFA,0,7,8,120,78,0.0004600303417715597,0.000493194696070392,0.0009532250378419517
shfa_guided_budget,SHFA,0,7,9,121,79,0.0004600303417715597,0.00017319321999970452,0.0006332235617712642
shfa_guided_budget,SHFA,0,7,10,122,7a,0.0004600303417715597,0.00019185413266169623,0.0006518844744332558
shfa_guided_budget,SHFA,0,7,11,123,7b,0.0004600303417715597,0.0011155316790192348,0.0015755620207907944
shfa_guided_budget,SHFA,0,7,12,124,7c,0.0004600303417715597,0.00013737626775532955,0.0005974066095268892
shfa_guided_budget,SHFA,0,7,13,125,7d,0.0004600303417715597,0.00017617072457571617,0.0006362010663472758
shfa_guided_budget,SHFA,0,7,14,126,7e,0.0004600303417715597,0.00011077230821176934,0.000570802649983329
shfa_guided_budget,SHFA,0,7,15,127,7f,0.0004600303417715597,0.00015659266161171945,0.0006166230033832791
shfa_guided_budget,SHFA,0,8,0,128,80,7.112864384644094e-05,0.0005175366665130559,0.0005886653103594968
shfa_guided_budget,SHFA,0,8,1,129,81,7.112864384644094e-05,0.00018992406754348985,0.0002610527113899308
shfa_guided_budget,SHFA,0,8,2,130,82,7.112864384644094e-05,0.00019007625857721226,0.0002612049024236532
shfa_guided_budget,SHFA,0,8,3,131,83,7.112864384644094e-05,0.00033236472086157034,0.0004034933647080113
shfa_guided_budget,SHFA,0,8,4,132,84,7.112864384644094e-05,0.00016306713890036972,0.00023419578274681065
shfa_guided_budget,SHFA,0,8,5,133,85,7.112864384644094e-05,6.944277477214213e-05,0.00014057141861858308
shfa_guided_budget,SHFA,0,8,6,134,86,7.112864384644094e-05,0.00017311178250044093,0.00024424042634688185
shfa_guided_budget,SHFA,0,8,7,135,87,7.112864384644094e-05,8.125835766520877e-05,0.00015238700151164972
shfa_guided_budget,SHFA,0,8,8,136,88,7.112864384644094e-05,0.000493194696070392,0.000564323339916833
shfa_guided_budget,SHFA,0,8,9,137,89,7.112864384644094e-05,0.00017319321999970452,0.0002443218638461455
shfa_guided_budget,SHFA,0,8,10,138,8a,7.112864384644094e-05,0.00019185413266169623,0.0002629827765081372
shfa_guided_budget,SHFA,0,8,11,139,8b,7.112864384644094e-05,0.0011155316790192348,0.0011866603228656758
shfa_guided_budget,SHFA,0,8,12,140,8c,7.112864384644094e-05,0.00013737626775532955,0.0002085049116017705
shfa_guided_budget,SHFA,0,8,13,141,8d,7.112864384644094e-05,0.00017617072457571617,0.0002472993684221571
shfa_guided_budget,SHFA,0,8,14,142,8e,7.112864384644094e-05,0.00011077230821176934,0.0001819009520582103
shfa_guided_budget,SHFA,0,8,15,143,8f,7.112864384644094e-05,0.00015659266161171945,0.0002277213054581604
shfa_guided_budget,SHFA,0,9,0,144,90,9.57241582506781e-05,0.0005175366665130559,0.000613260824763734
shfa_guided_budget,SHFA,0,9,1,145,91,9.57241582506781e-05,0.00018992406754348985,0.000285648225794168
shfa_guided_budget,SHFA,0,9,2,146,92,9.57241582506781e-05,0.00019007625857721226,0.00028580041682789035
shfa_guided_budget,SHFA,0,9,3,147,93,9.57241582506781e-05,0.00033236472086157034,0.00042808887911224846
shfa_guided_budget,SHFA,0,9,4,148,94,9.57241582506781e-05,0.00016306713890036972,0.0002587912971510478
shfa_guided_budget,SHFA,0,9,5,149,95,9.57241582506781e-05,6.944277477214213e-05,0.00016516693302282023
shfa_guided_budget,SHFA,0,9,6,150,96,9.57241582506781e-05,0.00017311178250044093,0.000268835940751119
shfa_guided_budget,SHFA,0,9,7,151,97,9.57241582506781e-05,8.125835766520877e-05,0.00017698251591588687
shfa_guided_budget,SHFA,0,9,8,152,98,9.57241582506781e-05,0.000493194696070392,0.0005889188543210702
shfa_guided_budget,SHFA,0,9,9,153,99,9.57241582506781e-05,0.00017319321999970452,0.00026891737825038265
shfa_guided_budget,SHFA,0,9,10,154,9a,9.57241582506781e-05,0.00019185413266169623,0.0002875782909123743
shfa_guided_budget,SHFA,0,9,11,155,9b,9.57241582506781e-05,0.0011155316790192348,0.001211255837269913
shfa_guided_budget,SHFA,0,9,12,156,9c,9.57241582506781e-05,0.00013737626775532955,0.00023310042600600765
shfa_guided_budget,SHFA,0,9,13,157,9d,9.57241582506781e-05,0.00017617072457571617,0.0002718948828263943
shfa_guided_budget,SHFA,0,9,14,158,9e,9.57241582506781e-05,0.00011077230821176934,0.00020649646646244744
shfa_guided_budget,SHFA,0,9,15,159,9f,9.57241582506781e-05,0.00015659266161171945,0.0002523168198623975
shfa_guided_budget,SHFA,0,10,0,160,a0,7.406361228387192e-05,0.0005175366665130559,0.0005916002787969278
shfa_guided_budget,SHFA,0,10,1,161,a1,7.406361228387192e-05,0.00018992406754348985,0.00026398767982736175
shfa_guided_budget,SHFA,0,10,2,162,a2,7.406361228387192e-05,0.00019007625857721226,0.0002641398708610842
shfa_guided_budget,SHFA,0,10,3,163,a3,7.406361228387192e-05,0.00033236472086157034,0.00040642833314544224
shfa_guided_budget,SHFA,0,10,4,164,a4,7.406361228387192e-05,0.00016306713890036972,0.00023713075118424166
shfa_guided_budget,SHFA,0,10,5,165,a5,7.406361228387192e-05,6.944277477214213e-05,0.00014350638705601403
shfa_guided_budget,SHFA,0,10,6,166,a6,7.406361228387192e-05,0.00017311178250044093,0.00024717539478431286
shfa_guided_budget,SHFA,0,10,7,167,a7,7.406361228387192e-05,8.125835766520877e-05,0.00015532196994908067
shfa_guided_budget,SHFA,0,10,8,168,a8,7.406361228387192e-05,0.000493194696070392,0.000567258308354264
shfa_guided_budget,SHFA,0,10,9,169,a9,7.406361228387192e-05,0.00017319321999970452,0.00024725683228357643
shfa_guided_budget,SHFA,0,10,10,170,aa,7.406361228387192e-05,0.00019185413266169623,0.00026591774494556813
shfa_guided_budget,SHFA,0,10,11,171,ab,7.406361228387192e-05,0.0011155316790192348,0.0011895952913031067
shfa_guided_budget,SHFA,0,10,12,172,ac,7.406361228387192e-05,0.00013737626775532955,0.00021143988003920146
shfa_guided_budget,SHFA,0,10,13,173,ad,7.406361228387192e-05,0.00017617072457571617,0.0002502343368595881
shfa_guided_budget,SHFA,0,10,14,174,ae,7.406361228387192e-05,0.00011077230821176934,0.00018483592049564125
shfa_guided_budget,SHFA,0,10,15,175,af,7.406361228387192e-05,0.00015659266161171945,0.00023065627389559136
shfa_guided_budget,SHFA,0,11,0,176,b0,0.00010682440556646945,0.0005175366665130559,0.0006243610720795253
shfa_guided_budget,SHFA,0,11,1,177,b1,0.00010682440556646945,0.00018992406754348985,0.0002967484731099593
shfa_guided_budget,SHFA,0,11,2,178,b2,0.00010682440556646945,0.00019007625857721226,0.0002969006641436817
shfa_guided_budget,SHFA,0,11,3,179,b3,0.00010682440556646945,0.00033236472086157034,0.0004391891264280398
shfa_guided_budget,SHFA,0,11,4,180,b4,0.00010682440556646945,0.00016306713890036972,0.0002698915444668392
shfa_guided_budget,SHFA,0,11,5,181,b5,0.00010682440556646945,6.944277477214213e-05,0.00017626718033861158
shfa_guided_budget,SHFA,0,11,6,182,b6,0.00010682440556646945,0.00017311178250044093,0.0002799361880669104
shfa_guided_budget,SHFA,0,11,7,183,b7,0.00010682440556646945,8.125835766520877e-05,0.00018808276323167822
shfa_guided_budget,SHFA,0,11,8,184,b8,0.00010682440556646945,0.000493194696070392,0.0006000191016368615
shfa_guided_budget,SHFA,0,11,9,185,b9,0.00010682440556646945,0.00017319321999970452,0.000280017625566174
shfa_guided_budget,SHFA,0,11,10,186,ba,0.00010682440556646945,0.00019185413266169623,0.0002986785382281657
shfa_guided_budget,SHFA,0,11,11,187,bb,0.00010682440556646945,0.0011155316790192348,0.0012223560845857043
shfa_guided_budget,SHFA,0,11,12,188,bc,0.00010682440556646945,0.00013737626775532955,0.000244200673321799
shfa_guided_budget,SHFA,0,11,13,189,bd,0.00010682440556646945,0.00017617072457571617,0.0002829951301421856
shfa_guided_budget,SHFA,0,11,14,190,be,0.00010682440556646945,0.00011077230821176934,0.0002175967137782388
shfa_guided_budget,SHFA,0,11,15,191,bf,0.00010682440556646945,0.00015659266161171945,0.0002634170671781889
shfa_guided_budget,SHFA,0,12,0,192,c0,0.00026457663851090955,0.0005175366665130559,0.0007821133050239654
shfa_guided_budget,SHFA,0,12,1,193,c1,0.00026457663851090955,0.00018992406754348985,0.0004545007060543994
shfa_guided_budget,SHFA,0,12,2,194,c2,0.00026457663851090955,0.00019007625857721226,0.00045465289708812183
shfa_guided_budget,SHFA,0,12,3,195,c3,0.00026457663851090955,0.00033236472086157034,0.0005969413593724798
shfa_guided_budget,SHFA,0,12,4,196,c4,0.00026457663851090955,0.00016306713890036972,0.00042764377741127924
shfa_guided_budget,SHFA,0,12,5,197,c5,0.00026457663851090955,6.944277477214213e-05,0.0003340194132830517
shfa_guided_budget,SHFA,0,12,6,198,c6,0.00026457663851090955,0.00017311178250044093,0.00043768842101135044
shfa_guided_budget,SHFA,0,12,7,199,c7,0.00026457663851090955,8.125835766520877e-05,0.0003458349961761183
shfa_guided_budget,SHFA,0,12,8,200,c8,0.00026457663851090955,0.000493194696070392,0.0007577713345813016
shfa_guided_budget,SHFA,0,12,9,201,c9,0.00026457663851090955,0.00017319321999970452,0.00043776985851061407
shfa_guided_budget,SHFA,0,12,10,202,ca,0.00026457663851090955,0.00019185413266169623,0.0004564307711726058
shfa_guided_budget,SHFA,0,12,11,203,cb,0.00026457663851090955,0.0011155316790192348,0.0013801083175301444
shfa_guided_budget,SHFA,0,12,12,204,cc,0.00026457663851090955,0.00013737626775532955,0.0004019529062662391
shfa_guided_budget,SHFA,0,12,13,205,cd,0.00026457663851090955,0.00017617072457571617,0.0004407473630866257
shfa_guided_budget,SHFA,0,12,14,206,ce,0.00026457663851090955,0.00011077230821176934,0.0003753489467226789
shfa_guided_budget,SHFA,0,12,15,207,cf,0.00026457663851090955,0.00015659266161171945,0.000421169300122629
shfa_guided_budget,SHFA,0,13,0,208,d0,0.00013912771616150614,0.0005175366665130559,0.000656664382674562
shfa_guided_budget,SHFA,0,13,1,209,d1,0.00013912771616150614,0.00018992406754348985,0.000329051783704996
shfa_guided_budget,SHFA,0,13,2,210,d2,0.00013912771616150614,0.00019007625857721226,0.00032920397473871837
shfa_guided_budget,SHFA,0,13,3,211,d3,0.00013912771616150614,0.00033236472086157034,0.0004714924370230765
shfa_guided_budget,SHFA,0,13,4,212,d4,0.00013912771616150614,0.00016306713890036972,0.0003021948550618759
shfa_guided_budget,SHFA,0,13,5,213,d5,0.00013912771616150614,6.944277477214213e-05,0.00020857049093364827
shfa_guided_budget,SHFA,0,13,6,214,d6,0.00013912771616150614,0.00017311178250044093,0.0003122394986619471
shfa_guided_budget,SHFA,0,13,7,215,d7,0.00013912771616150614,8.125835766520877e-05,0.0002203860738267149
shfa_guided_budget,SHFA,0,13,8,216,d8,0.00013912771616150614,0.000493194696070392,0.0006323224122318982
shfa_guided_budget,SHFA,0,13,9,217,d9,0.00013912771616150614,0.00017319321999970452,0.00031232093616121066
shfa_guided_budget,SHFA,0,13,10,218,da,0.00013912771616150614,0.00019185413266169623,0.00033098184882320237
shfa_guided_budget,SHFA,0,13,11,219,db,0.00013912771616150614,0.0011155316790192348,0.001254659395180741
shfa_guided_budget,SHFA,0,13,12,220,dc,0.00013912771616150614,0.00013737626775532955,0.0002765039839168357
shfa_guided_budget,SHFA,0,13,13,221,dd,0.00013912771616150614,0.00017617072457571617,0.0003152984407372223
shfa_guided_budget,SHFA,0,13,14,222,de,0.00013912771616150614,0.00011077230821176934,0.0002499000243732755
shfa_guided_budget,SHFA,0,13,15,223,df,0.00013912771616150614,0.00015659266161171945,0.0002957203777732256
shfa_guided_budget,SHFA,0,14,0,224,e0,9.74546828333159e-05,0.0005175366665130559,0.0006149913493463718
shfa_guided_budget,SHFA,0,14,1,225,e1,9.74546828333159e-05,0.00018992406754348985,0.00028737875037680575
shfa_guided_budget,SHFA,0,14,2,226,e2,9.74546828333159e-05,0.00019007625857721226,0.0002875309414105281
shfa_guided_budget,SHFA,0,14,3,227,e3,9.74546828333159e-05,0.00033236472086157034,0.00042981940369488623
shfa_guided_budget,SHFA,0,14,4,228,e4,9.74546828333159e-05,0.00016306713890036972,0.00026052182173368565
shfa_guided_budget,SHFA,0,14,5,229,e5,9.74546828333159e-05,6.944277477214213e-05,0.00016689745760545803
shfa_guided_budget,SHFA,0,14,6,230,e6,9.74546828333159e-05,0.00017311178250044093,0.00027056646533375685
shfa_guided_budget,SHFA,0,14,7,231,e7,9.74546828333159e-05,8.125835766520877e-05,0.00017871304049852467
shfa_guided_budget,SHFA,0,14,8,232,e8,9.74546828333159e-05,0.000493194696070392,0.0005906493789037079
shfa_guided_budget,SHFA,0,14,9,233,e9,9.74546828333159e-05,0.00017319321999970452,0.0002706479028330204
shfa_guided_budget,SHFA,0,14,10,234,ea,9.74546828333159e-05,0.00019185413266169623,0.0002893088154950121
shfa_guided_budget,SHFA,0,14,11,235,eb,9.74546828333159e-05,0.0011155316790192348,0.0012129863618525506
shfa_guided_budget,SHFA,0,14,12,236,ec,9.74546828333159e-05,0.00013737626775532955,0.00023483095058864545
shfa_guided_budget,SHFA,0,14,13,237,ed,9.74546828333159e-05,0.00017617072457571617,0.00027362540740903207
shfa_guided_budget,SHFA,0,14,14,238,ee,9.74546828333159e-05,0.00011077230821176934,0.00020822699104508524
shfa_guided_budget,SHFA,0,14,15,239,ef,9.74546828333159e-05,0.00015659266161171945,0.00025404734444503535
shfa_guided_budget,SHFA,0,15,0,240,f0,0.0003105524166012701,0.0005175366665130559,0.0008280890831143259
shfa_guided_budget,SHFA,0,15,1,241,f1,0.0003105524166012701,0.00018992406754348985,0.00050047648414476
shfa_guided_budget,SHFA,0,15,2,242,f2,0.0003105524166012701,0.00019007625857721226,0.0005006286751784824
shfa_guided_budget,SHFA,0,15,3,243,f3,0.0003105524166012701,0.00033236472086157034,0.0006429171374628404
shfa_guided_budget,SHFA,0,15,4,244,f4,0.0003105524166012701,0.00016306713890036972,0.0004736195555016398
shfa_guided_budget,SHFA,0,15,5,245,f5,0.0003105524166012701,6.944277477214213e-05,0.00037999519137341223
shfa_guided_budget,SHFA,0,15,6,246,f6,0.0003105524166012701,0.00017311178250044093,0.000483664199101711
shfa_guided_budget,SHFA,0,15,7,247,f7,0.0003105524166012701,8.125835766520877e-05,0.00039181077426647887
shfa_guided_budget,SHFA,0,15,8,248,f8,0.0003105524166012701,0.000493194696070392,0.0008037471126716622
shfa_guided_budget,SHFA,0,15,9,249,f9,0.0003105524166012701,0.00017319321999970452,0.0004837456366009746
shfa_guided_budget,SHFA,0,15,10,250,fa,0.0003105524166012701,0.00019185413266169623,0.0005024065492629663
shfa_guided_budget,SHFA,0,15,11,251,fb,0.0003105524166012701,0.0011155316790192348,0.001426084095620505
shfa_guided_budget,SHFA,0,15,12,252,fc,0.0003105524166012701,0.00013737626775532955,0.00044792868435659965
shfa_guided_budget,SHFA,0,15,13,253,fd,0.0003105524166012701,0.00017617072457571617,0.0004867231411769863
shfa_guided_budget,SHFA,0,15,14,254,fe,0.0003105524166012701,0.00011077230821176934,0.00042132472481303944
shfa_guided_budget,SHFA,0,15,15,255,ff,0.0003105524166012701,0.00015659266161171945,0.00046714507821298955
shfa_guided_budget,SHFA,1,0,0,0,00,0.00010995864159627155,0.0001879510471161496,0.00029790968871242114
shfa_guided_budget,SHFA,1,0,1,1,01,0.00010995864159627155,0.000157044055553221,0.00026700269714949256
shfa_guided_budget,SHFA,1,0,2,2,02,0.00010995864159627155,0.00028373321312661373,0.0003936918547228853
shfa_guided_budget,SHFA,1,0,3,3,03,0.00010995864159627155,0.0001665656415623516,0.0002765242831586232
shfa_guided_budget,SHFA,1,0,4,4,04,0.00010995864159627155,0.00036683154397152817,0.0004767901855677997
shfa_guided_budget,SHFA,1,0,5,5,05,0.00010995864159627155,0.0005925432799862659,0.0007025019215825374
shfa_guided_budget,SHFA,1,0,6,6,06,0.00010995864159627155,0.0012981004473294508,0.0014080590889257224
shfa_guided_budget,SHFA,1,0,7,7,07,0.00010995864159627155,0.0003346951733844064,0.000444653814980678
shfa_guided_budget,SHFA,1,0,8,8,08,0.00010995864159627155,0.00014136072721028043,0.000251319368806552
shfa_guided_budget,SHFA,1,0,9,9,09,0.00010995864159627155,0.00016107562528248472,0.00027103426687875626
shfa_guided_budget,SHFA,1,0,10,10,0a,0.00010995864159627155,6.792056973598634e-05,0.00017787921133225788
shfa_guided_budget,SHFA,1,0,11,11,0b,0.00010995864159627155,0.0001222930401230477,0.00023225168171931923
shfa_guided_budget,SHFA,1,0,12,12,0c,0.00010995864159627155,0.00013846798029755908,0.00024842662189383065
shfa_guided_budget,SHFA,1,0,13,13,0d,0.00010995864159627155,0.00045052186360219307,0.0005604805051984646
shfa_guided_budget,SHFA,1,0,14,14,0e,0.00010995864159627155,0.00030716438347412297,0.00041712302507039453
shfa_guided_budget,SHFA,1,0,15,15,0f,0.00010995864159627155,0.00018559147632730717,0.0002955501179235787
shfa_guided_budget,SHFA,1,1,0,16,10,5.028195421198182e-05,0.0001879510471161496,0.00023823300132813142
shfa_guided_budget,SHFA,1,1,1,17,11,5.028195421198182e-05,0.000157044055553221,0.0002073260097652028
shfa_guided_budget,SHFA,1,1,2,18,12,5.028195421198182e-05,0.00028373321312661373,0.00033401516733859557
shfa_guided_budget,SHFA,1,1,3,19,13,5.028195421198182e-05,0.0001665656415623516,0.00021684759577433342
shfa_guided_budget,SHFA,1,1,4,20,14,5.028195421198182e-05,0.00036683154397152817,0.00041711349818351
shfa_guided_budget,SHFA,1,1,5,21,15,5.028195421198182e-05,0.0005925432799862659,0.0006428252341982477
shfa_guided_budget,SHFA,1,1,6,22,16,5.028195421198182e-05,0.0012981004473294508,0.0013483824015414327
shfa_guided_budget,SHFA,1,1,7,23,17,5.028195421198182e-05,0.0003346951733844064,0.00038497712759638826
shfa_guided_budget,SHFA,1,1,8,24,18,5.028195421198182e-05,0.00014136072721028043,0.00019164268142226224
shfa_guided_budget,SHFA,1,1,9,25,19,5.028195421198182e-05,0.00016107562528248472,0.00021135757949446653
shfa_guided_budget,SHFA,1,1,10,26,1a,5.028195421198182e-05,6.792056973598634e-05,0.00011820252394796816
shfa_guided_budget,SHFA,1,1,11,27,1b,5.028195421198182e-05,0.0001222930401230477,0.0001725749943350295
shfa_guided_budget,SHFA,1,1,12,28,1c,5.028195421198182e-05,0.00013846798029755908,0.0001887499345095409
shfa_guided_budget,SHFA,1,1,13,29,1d,5.028195421198182e-05,0.00045052186360219307,0.0005008038178141749
shfa_guided_budget,SHFA,1,1,14,30,1e,5.028195421198182e-05,0.00030716438347412297,0.0003574463376861048
shfa_guided_budget,SHFA,1,1,15,31,1f,5.028195421198182e-05,0.00018559147632730717,0.00023587343053928898
shfa_guided_budget,SHFA,1,2,0,32,20,0.0001421619283193865,0.0001879510471161496,0.0003301129754355361
shfa_guided_budget,SHFA,1,2,1,33,21,0.0001421619283193865,0.000157044055553221,0.0002992059838726075
shfa_guided_budget,SHFA,1,2,2,34,22,0.0001421619283193865,0.00028373321312661373,0.00042589514144600023
shfa_guided_budget,SHFA,1,2,3,35,23,0.0001421619283193865,0.0001665656415623516,0.0003087275698817381
shfa_guided_budget,SHFA,1,2,4,36,24,0.0001421619283193865,0.00036683154397152817,0.0005089934722909146
shfa_guided_budget,SHFA,1,2,5,37,25,0.0001421619283193865,0.0005925432799862659,0.0007347052083056525
shfa_guided_budget,SHFA,1,2,6,38,26,0.0001421619283193865,0.0012981004473294508,0.0014402623756488372
shfa_guided_budget,SHFA,1,2,7,39,27,0.0001421619283193865,0.0003346951733844064,0.0004768571017037929
shfa_guided_budget,SHFA,1,2,8,40,28,0.0001421619283193865,0.00014136072721028043,0.0002835226555296669
shfa_guided_budget,SHFA,1,2,9,41,29,0.0001421619283193865,0.00016107562528248472,0.0003032375536018712
shfa_guided_budget,SHFA,1,2,10,42,2a,0.0001421619283193865,6.792056973598634e-05,0.00021008249805537282
shfa_guided_budget,SHFA,1,2,11,43,2b,0.0001421619283193865,0.0001222930401230477,0.0002644549684424342
shfa_guided_budget,SHFA,1,2,12,44,2c,0.0001421619283193865,0.00013846798029755908,0.0002806299086169456
shfa_guided_budget,SHFA,1,2,13,45,2d,0.0001421619283193865,0.00045052186360219307,0.0005926837919215796
shfa_guided_budget,SHFA,1,2,14,46,2e,0.0001421619283193865,0.00030716438347412297,0.00044932631179350947
shfa_guided_budget,SHFA,1,2,15,47,2f,0.0001421619283193865,0.00018559147632730717,0.00032775340464669367
shfa_guided_budget,SHFA,1,3,0,48,30,9.108500288408788e-05,0.0001879510471161496,0.0002790360500002375
shfa_guided_budget,SHFA,1,3,1,49,31,9.108500288408788e-05,0.000157044055553221,0.00024812905843730885
shfa_guided_budget,SHFA,1,3,2,50,32,9.108500288408788e-05,0.00028373321312661373,0.0003748182160107016
shfa_guided_budget,SHFA,1,3,3,51,33,9.108500288408788e-05,0.0001665656415623516,0.00025765064444643947
shfa_guided_budget,SHFA,1,3,4,52,34,9.108500288408788e-05,0.00036683154397152817,0.00045791654685561607
shfa_guided_budget,SHFA,1,3,5,53,35,9.108500288408788e-05,0.0005925432799862659,0.0006836282828703538
shfa_guided_budget,SHFA,1,3,6,54,36,9.108500288408788e-05,0.0012981004473294508,0.0013891854502135386
shfa_guided_budget,SHFA,1,3,7,55,37,9.108500288408788e-05,0.0003346951733844064,0.00042578017626849433
shfa_guided_budget,SHFA,1,3,8,56,38,9.108500288408788e-05,0.00014136072721028043,0.0002324457300943683
shfa_guided_budget,SHFA,1,3,9,57,39,9.108500288408788e-05,0.00016107562528248472,0.0002521606281665726
shfa_guided_budget,SHFA,1,3,10,58,3a,9.108500288408788e-05,6.792056973598634e-05,0.00015900557262007423
shfa_guided_budget,SHFA,1,3,11,59,3b,9.108500288408788e-05,0.0001222930401230477,0.00021337804300713557
shfa_guided_budget,SHFA,1,3,12,60,3c,9.108500288408788e-05,0.00013846798029755908,0.00022955298318164696
shfa_guided_budget,SHFA,1,3,13,61,3d,9.108500288408788e-05,0.00045052186360219307,0.000541606866486281
shfa_guided_budget,SHFA,1,3,14,62,3e,9.108500288408788e-05,0.00030716438347412297,0.0003982493863582109
shfa_guided_budget,SHFA,1,3,15,63,3f,9.108500288408788e-05,0.00018559147632730717,0.00027667647921139507
shfa_guided_budget,SHFA,1,4,0,64,40,0.0001387922569596923,0.0001879510471161496,0.00032674330407584187
shfa_guided_budget,SHFA,1,4,1,65,41,0.0001387922569596923,0.000157044055553221,0.0002958363125129133
shfa_guided_budget,SHFA,1,4,2,66,42,0.0001387922569596923,0.00028373321312661373,0.000422525470086306
shfa_guided_budget,SHFA,1,4,3,67,43,0.0001387922569596923,0.0001665656415623516,0.0003053578985220439
shfa_guided_budget,SHFA,1,4,4,68,44,0.0001387922569596923,0.00036683154397152817,0.0005056238009312204
shfa_guided_budget,SHFA,1,4,5,69,45,0.0001387922569596923,0.0005925432799862659,0.0007313355369459582
shfa_guided_budget,SHFA,1,4,6,70,46,0.0001387922569596923,0.0012981004473294508,0.001436892704289143
shfa_guided_budget,SHFA,1,4,7,71,47,0.0001387922569596923,0.0003346951733844064,0.0004734874303440987
shfa_guided_budget,SHFA,1,4,8,72,48,0.0001387922569596923,0.00014136072721028043,0.0002801529841699727
shfa_guided_budget,SHFA,1,4,9,73,49,0.0001387922569596923,0.00016107562528248472,0.000299867882242177
shfa_guided_budget,SHFA,1,4,10,74,4a,0.0001387922569596923,6.792056973598634e-05,0.0002067128266956786
shfa_guided_budget,SHFA,1,4,11,75,4b,0.0001387922569596923,0.0001222930401230477,0.00026108529708274
shfa_guided_budget,SHFA,1,4,12,76,4c,0.0001387922569596923,0.00013846798029755908,0.0002772602372572514
shfa_guided_budget,SHFA,1,4,13,77,4d,0.0001387922569596923,0.00045052186360219307,0.0005893141205618854
shfa_guided_budget,SHFA,1,4,14,78,4e,0.0001387922569596923,0.00030716438347412297,0.00044595664043381526
shfa_guided_budget,SHFA,1,4,15,79,4f,0.0001387922569596923,0.00018559147632730717,0.00032438373328699945
shfa_guided_budget,SHFA,1,5,0,80,50,0.00016399432970044223,0.0001879510471161496,0.0003519453768165918
shfa_guided_budget,SHFA,1,5,1,81,51,0.00016399432970044223,0.000157044055553221,0.0003210383852536632
shfa_guided_budget,SHFA,1,5,2,82,52,0.00016399432970044223,0.00028373321312661373,0.00044772754282705596
shfa_guided_budget,SHFA,1,5,3,83,53,0.00016399432970044223,0.0001665656415623516,0.00033055997126279384
shfa_guided_budget,SHFA,1,5,4,84,54,0.00016399432970044223,0.00036683154397152817,0.0005308258736719704
shfa_guided_budget,SHFA,1,5,5,85,55,0.00016399432970044223,0.0005925432799862659,0.0007565376096867081
shfa_guided_budget,SHFA,1,5,6,86,56,0.00016399432970044223,0.0012981004473294508,0.001462094777029893
shfa_guided_budget,SHFA,1,5,7,87,57,0.00016399432970044223,0.0003346951733844064,0.0004986895030848486
shfa_guided_budget,SHFA,1,5,8,88,58,0.00016399432970044223,0.00014136072721028043,0.00030535505691072265
shfa_guided_budget,SHFA,1,5,9,89,59,0.00016399432970044223,0.00016107562528248472,0.0003250699549829269
shfa_guided_budget,SHFA,1,5,10,90,5a,0.00016399432970044223,6.792056973598634e-05,0.00023191489943642855
shfa_guided_budget,SHFA,1,5,11,91,5b,0.00016399432970044223,0.0001222930401230477,0.00028628736982348995
shfa_guided_budget,SHFA,1,5,12,92,5c,0.00016399432970044223,0.00013846798029755908,0.0003024623099980013
shfa_guided_budget,SHFA,1,5,13,93,5d,0.00016399432970044223,0.00045052186360219307,0.0006145161933026352
shfa_guided_budget,SHFA,1,5,14,94,5e,0.00016399432970044223,0.00030716438347412297,0.0004711587131745652
shfa_guided_budget,SHFA,1,5,15,95,5f,0.00016399432970044223,0.00018559147632730717,0.0003495858060277494
shfa_guided_budget,SHFA,1,6,0,96,60,0.000295352373596465,0.0001879510471161496,0.0004833034207126146
shfa_guided_budget,SHFA,1,6,1,97,61,0.000295352373596465,0.000157044055553221,0.000452396429149686
shfa_guided_budget,SHFA,1,6,2,98,62,0.000295352373596465,0.00028373321312661373,0.0005790855867230788
shfa_guided_budget,SHFA,1,6,3,99,63,0.000295352373596465,0.0001665656415623516,0.0004619180151588166
shfa_guided_budget,SHFA,1,6,4,100,64,0.000295352373596465,0.00036683154397152817,0.0006621839175679932
shfa_guided_budget,SHFA,1,6,5,101,65,0.000295352373596465,0.0005925432799862659,0.0008878956535827309
shfa_guided_budget,SHFA,1,6,6,102,66,0.000295352373596465,0.0012981004473294508,0.0015934528209259158
shfa_guided_budget,SHFA,1,6,7,103,67,0.000295352373596465,0.0003346951733844064,0.0006300475469808714
shfa_guided_budget,SHFA,1,6,8,104,68,0.000295352373596465,0.00014136072721028043,0.0004367131008067454
shfa_guided_budget,SHFA,1,6,9,105,69,0.000295352373596465,0.00016107562528248472,0.00045642799887894974
shfa_guided_budget,SHFA,1,6,10,106,6a,0.000295352373596465,6.792056973598634e-05,0.0003632729433324513
shfa_guided_budget,SHFA,1,6,11,107,6b,0.000295352373596465,0.0001222930401230477,0.00041764541371951266
shfa_guided_budget,SHFA,1,6,12,108,6c,0.000295352373596465,0.00013846798029755908,0.0004338203538940241
shfa_guided_budget,SHFA,1,6,13,109,6d,0.000295352373596465,0.00045052186360219307,0.0007458742371986581
shfa_guided_budget,SHFA,1,6,14,110,6e,0.000295352373596465,0.00030716438347412297,0.000602516757070588
shfa_guided_budget,SHFA,1,6,15,111,6f,0.000295352373596465,0.00018559147632730717,0.00048094384992377216
shfa_guided_budget,SHFA,1,7,0,112,70,8.492461874345323e-05,0.0001879510471161496,0.0002728756658596028
shfa_guided_budget,SHFA,1,7,1,113,71,8.492461874345323e-05,0.000157044055553221,0.00024196867429667423
shfa_guided_budget,SHFA,1,7,2,114,72,8.492461874345323e-05,0.00028373321312661373,0.00036865783187006696
shfa_guided_budget,SHFA,1,7,3,115,73,8.492461874345323e-05,0.0001665656415623516,0.00025149026030580484
shfa_guided_budget,SHFA,1,7,4,116,74,8.492461874345323e-05,0.00036683154397152817,0.0004517561627149814
shfa_guided_budget,SHFA,1,7,5,117,75,8.492461874345323e-05,0.0005925432799862659,0.0006774678987297191
shfa_guided_budget,SHFA,1,7,6,118,76,8.492461874345323e-05,0.0012981004473294508,0.001383025066072904
shfa_guided_budget,SHFA,1,7,7,119,77,8.492461874345323e-05,0.0003346951733844064,0.00041961979212785965
shfa_guided_budget,SHFA,1,7,8,120,78,8.492461874345323e-05,0.00014136072721028043,0.00022628534595373366
shfa_guided_budget,SHFA,1,7,9,121,79,8.492461874345323e-05,0.00016107562528248472,0.00024600024402593793
shfa_guided_budget,SHFA,1,7,10,122,7a,8.492461874345323e-05,6.792056973598634e-05,0.00015284518847943955
shfa_guided_budget,SHFA,1,7,11,123,7b,8.492461874345323e-05,0.0001222930401230477,0.00020721765886650093
shfa_guided_budget,SHFA,1,7,12,124,7c,8.492461874345323e-05,0.00013846798029755908,0.00022339259904101232
shfa_guided_budget,SHFA,1,7,13,125,7d,8.492461874345323e-05,0.00045052186360219307,0.0005354464823456462
shfa_guided_budget,SHFA,1,7,14,126,7e,8.492461874345323e-05,0.00030716438347412297,0.0003920890022175762
shfa_guided_budget,SHFA,1,7,15,127,7f,8.492461874345323e-05,0.00018559147632730717,0.0002705160950707604
shfa_guided_budget,SHFA,1,8,0,128,80,0.0001566380412774152,0.0001879510471161496,0.0003445890883935648
shfa_guided_budget,SHFA,1,8,1,129,81,0.0001566380412774152,0.000157044055553221,0.0003136820968306362
shfa_guided_budget,SHFA,1,8,2,130,82,0.0001566380412774152,0.00028373321312661373,0.00044037125440402893
shfa_guided_budget,SHFA,1,8,3,131,83,0.0001566380412774152,0.0001665656415623516,0.0003232036828397668
shfa_guided_budget,SHFA,1,8,4,132,84,0.0001566380412774152,0.00036683154397152817,0.0005234695852489434
shfa_guided_budget,SHFA,1,8,5,133,85,0.0001566380412774152,0.0005925432799862659,0.000749181321263681
shfa_guided_budget,SHFA,1,8,6,134,86,0.0001566380412774152,0.0012981004473294508,0.001454738488606866
shfa_guided_budget,SHFA,1,8,7,135,87,0.0001566380412774152,0.0003346951733844064,0.0004913332146618216
shfa_guided_budget,SHFA,1,8,8,136,88,0.0001566380412774152,0.00014136072721028043,0.00029799876848769563
shfa_guided_budget,SHFA,1,8,9,137,89,0.0001566380412774152,0.00016107562528248472,0.0003177136665598999
shfa_guided_budget,SHFA,1,8,10,138,8a,0.0001566380412774152,6.792056973598634e-05,0.00022455861101340152
shfa_guided_budget,SHFA,1,8,11,139,8b,0.0001566380412774152,0.0001222930401230477,0.0002789310814004629
shfa_guided_budget,SHFA,1,8,12,140,8c,0.0001566380412774152,0.00013846798029755908,0.0002951060215749743
shfa_guided_budget,SHFA,1,8,13,141,8d,0.0001566380412774152,0.00045052186360219307,0.0006071599048796082
shfa_guided_budget,SHFA,1,8,14,142,8e,0.0001566380412774152,0.00030716438347412297,0.00046380242475153817
shfa_guided_budget,SHFA,1,8,15,143,8f,0.0001566380412774152,0.00018559147632730717,0.00034222951760472237
shfa_guided_budget,SHFA,1,9,0,144,90,0.00014330881139920144,0.0001879510471161496,0.000331259858515351
shfa_guided_budget,SHFA,1,9,1,145,91,0.00014330881139920144,0.000157044055553221,0.00030035286695242244
shfa_guided_budget,SHFA,1,9,2,146,92,0.00014330881139920144,0.00028373321312661373,0.00042704202452581517
shfa_guided_budget,SHFA,1,9,3,147,93,0.00014330881139920144,0.0001665656415623516,0.00030987445296155305
shfa_guided_budget,SHFA,1,9,4,148,94,0.00014330881139920144,0.00036683154397152817,0.0005101403553707297
shfa_guided_budget,SHFA,1,9,5,149,95,0.00014330881139920144,0.0005925432799862659,0.0007358520913854673
shfa_guided_budget,SHFA,1,9,6,150,96,0.00014330881139920144,0.0012981004473294508,0.0014414092587286523
shfa_guided_budget,SHFA,1,9,7,151,97,0.00014330881139920144,0.0003346951733844064,0.00047800398478360786
shfa_guided_budget,SHFA,1,9,8,152,98,0.00014330881139920144,0.00014136072721028043,0.00028466953860948187
shfa_guided_budget,SHFA,1,9,9,153,99,0.00014330881139920144,0.00016107562528248472,0.00030438443668168614
shfa_guided_budget,SHFA,1,9,10,154,9a,0.00014330881139920144,6.792056973598634e-05,0.00021122938113518776
shfa_guided_budget,SHFA,1,9,11,155,9b,0.00014330881139920144,0.0001222930401230477,0.00026560185152224916
shfa_guided_budget,SHFA,1,9,12,156,9c,0.00014330881139920144,0.00013846798029755908,0.0002817767916967605
shfa_guided_budget,SHFA,1,9,13,157,9d,0.00014330881139920144,0.00045052186360219307,0.0005938306750013945
shfa_guided_budget,SHFA,1,9,14,158,9e,0.00014330881139920144,0.00030716438347412297,0.0004504731948733244
shfa_guided_budget,SHFA,1,9,15,159,9f,0.00014330881139920144,0.00018559147632730717,0.0003289002877265086
shfa_guided_budget,SHFA,1,10,0,160,a0,0.00013816172355231537,0.0001879510471161496,0.00032611277066846495
shfa_guided_budget,SHFA,1,10,1,161,a1,0.00013816172355231537,0.000157044055553221,0.00029520577910553637
shfa_guided_budget,SHFA,1,10,2,162,a2,0.00013816172355231537,0.00028373321312661373,0.0004218949366789291
shfa_guided_budget,SHFA,1,10,3,163,a3,0.00013816172355231537,0.0001665656415623516,0.000304727365114667
shfa_guided_budget,SHFA,1,10,4,164,a4,0.00013816172355231537,0.00036683154397152817,0.0005049932675238436
shfa_guided_budget,SHFA,1,10,5,165,a5,0.00013816172355231537,0.0005925432799862659,0.0007307050035385812
shfa_guided_budget,SHFA,1,10,6,166,a6,0.00013816172355231537,0.0012981004473294508,0.0014362621708817662
shfa_guided_budget,SHFA,1,10,7,167,a7,0.00013816172355231537,0.0003346951733844064,0.0004728568969367218
shfa_guided_budget,SHFA,1,10,8,168,a8,0.00013816172355231537,0.00014136072721028043,0.0002795224507625958
shfa_guided_budget,SHFA,1,10,9,169,a9,0.00013816172355231537,0.00016107562528248472,0.00029923734883480007
shfa_guided_budget,SHFA,1,10,10,170,aa,0.00013816172355231537,6.792056973598634e-05,0.0002060822932883017
shfa_guided_budget,SHFA,1,10,11,171,ab,0.00013816172355231537,0.0001222930401230477,0.0002604547636753631
shfa_guided_budget,SHFA,1,10,12,172,ac,0.00013816172355231537,0.00013846798029755908,0.00027662970384987446
shfa_guided_budget,SHFA,1,10,13,173,ad,0.00013816172355231537,0.00045052186360219307,0.0005886835871545084
shfa_guided_budget,SHFA,1,10,14,174,ae,0.00013816172355231537,0.00030716438347412297,0.00044532610702643834
shfa_guided_budget,SHFA,1,10,15,175,af,0.00013816172355231537,0.00018559147632730717,0.00032375319987962254
shfa_guided_budget,SHFA,1,11,0,176,b0,0.00020937384549559823,0.0001879510471161496,0.00039732489261174787
shfa_guided_budget,SHFA,1,11,1,177,b1,0.00020937384549559823,0.000157044055553221,0.00036641790104881923
shfa_guided_budget,SHFA,1,11,2,178,b2,0.00020937384549559823,0.00028373321312661373,0.0004931070586222119
shfa_guided_budget,SHFA,1,11,3,179,b3,0.00020937384549559823,0.0001665656415623516,0.00037593948705794985
shfa_guided_budget,SHFA,1,11,4,180,b4,0.00020937384549559823,0.00036683154397152817,0.0005762053894671264
shfa_guided_budget,SHFA,1,11,5,181,b5,0.00020937384549559823,0.0005925432799862659,0.0008019171254818641
shfa_guided_budget,SHFA,1,11,6,182,b6,0.00020937384549559823,0.0012981004473294508,0.001507474292825049
shfa_guided_budget,SHFA,1,11,7,183,b7,0.00020937384549559823,0.0003346951733844064,0.0005440690188800047
shfa_guided_budget,SHFA,1,11,8,184,b8,0.00020937384549559823,0.00014136072721028043,0.00035073457270587866
shfa_guided_budget,SHFA,1,11,9,185,b9,0.00020937384549559823,0.00016107562528248472,0.000370449470778083
shfa_guided_budget,SHFA,1,11,10,186,ba,0.00020937384549559823,6.792056973598634e-05,0.00027729441523158455
shfa_guided_budget,SHFA,1,11,11,187,bb,0.00020937384549559823,0.0001222930401230477,0.0003316668856186459
shfa_guided_budget,SHFA,1,11,12,188,bc,0.00020937384549559823,0.00013846798029755908,0.0003478418257931573
shfa_guided_budget,SHFA,1,11,13,189,bd,0.00020937384549559823,0.00045052186360219307,0.0006598957090977913
shfa_guided_budget,SHFA,1,11,14,190,be,0.00020937384549559823,0.00030716438347412297,0.0005165382289697212
shfa_guided_budget,SHFA,1,11,15,191,bf,0.00020937384549559823,0.00018559147632730717,0.0003949653218229054
shfa_guided_budget,SHFA,1,12,0,192,c0,0.00023578070357658384,0.0001879510471161496,0.00042373175069273345
shfa_guided_budget,SHFA,1,12,1,193,c1,0.00023578070357658384,0.000157044055553221,0.00039282475912980487
shfa_guided_budget,SHFA,1,12,2,194,c2,0.00023578070357658384,0.00028373321312661373,0.0005195139167031976
shfa_guided_budget,SHFA,1,12,3,195,c3,0.00023578070357658384,0.0001665656415623516,0.0004023463451389355
shfa_guided_budget,SHFA,1,12,4,196,c4,0.00023578070357658384,0.00036683154397152817,0.000602612247548112
shfa_guided_budget,SHFA,1,12,5,197,c5,0.00023578070357658384,0.0005925432799862659,0.0008283239835628497
shfa_guided_budget,SHFA,1,12,6,198,c6,0.00023578070357658384,0.0012981004473294508,0.0015338811509060346
shfa_guided_budget,SHFA,1,12,7,199,c7,0.00023578070357658384,0.0003346951733844064,0.0005704758769609902
shfa_guided_budget,SHFA,1,12,8,200,c8,0.00023578070357658384,0.00014136072721028043,0.0003771414307868643
shfa_guided_budget,SHFA,1,12,9,201,c9,0.00023578070357658384,0.00016107562528248472,0.00039685632885906857
shfa_guided_budget,SHFA,1,12,10,202,ca,0.00023578070357658384,6.792056973598634e-05,0.0003037012733125702
shfa_guided_budget,SHFA,1,12,11,203,cb,0.00023578070357658384,0.0001222930401230477,0.00035807374369963154
shfa_guided_budget,SHFA,1,12,12,204,cc,0.00023578070357658384,0.00013846798029755908,0.00037424868387414296
shfa_guided_budget,SHFA,1,12,13,205,cd,0.00023578070357658384,0.00045052186360219307,0.0006863025671787769
shfa_guided_budget,SHFA,1,12,14,206,ce,0.00023578070357658384,0.00030716438347412297,0.0005429450870507068
shfa_guided_budget,SHFA,1,12,15,207,cf,0.00023578070357658384,0.00018559147632730717,0.000421372179903891
shfa_guided_budget,SHFA,1,13,0,208,d0,0.0008544999273301788,0.0001879510471161496,0.0010424509744463284
shfa_guided_budget,SHFA,1,13,1,209,d1,0.0008544999273301788,0.000157044055553221,0.0010115439828833998
shfa_guided_budget,SHFA,1,13,2,210,d2,0.0008544999273301788,0.00028373321312661373,0.0011382331404567925
shfa_guided_budget,SHFA,1,13,3,211,d3,0.0008544999273301788,0.0001665656415623516,0.0010210655688925303
shfa_guided_budget,SHFA,1,13,4,212,d4,0.0008544999273301788,0.00036683154397152817,0.0012213314713017068
shfa_guided_budget,SHFA,1,13,5,213,d5,0.0008544999273301788,0.0005925432799862659,0.0014470432073164447
shfa_guided_budget,SHFA,1,13,6,214,d6,0.0008544999273301788,0.0012981004473294508,0.0021526003746596294
shfa_guided_budget,SHFA,1,13,7,215,d7,0.0008544999273301788,0.0003346951733844064,0.0011891951007145852
shfa_guided_budget,SHFA,1,13,8,216,d8,0.0008544999273301788,0.00014136072721028043,0.0009958606545404593
shfa_guided_budget,SHFA,1,13,9,217,d9,0.0008544999273301788,0.00016107562528248472,0.0010155755526126634
shfa_guided_budget,SHFA,1,13,10,218,da,0.0008544999273301788,6.792056973598634e-05,0.0009224204970661651
shfa_guided_budget,SHFA,1,13,11,219,db,0.0008544999273301788,0.0001222930401230477,0.0009767929674532265
shfa_guided_budget,SHFA,1,13,12,220,dc,0.0008544999273301788,0.00013846798029755908,0.000992967907627738
shfa_guided_budget,SHFA,1,13,13,221,dd,0.0008544999273301788,0.00045052186360219307,0.0013050217909323719
shfa_guided_budget,SHFA,1,13,14,222,de,0.0008544999273301788,0.00030716438347412297,0.0011616643108043018
shfa_guided_budget,SHFA,1,13,15,223,df,0.0008544999273301788,0.00018559147632730717,0.0010400914036574858
shfa_guided_budget,SHFA,1,14,0,224,e0,0.0003142845784307663,0.0001879510471161496,0.0005022356255469159
shfa_guided_budget,SHFA,1,14,1,225,e1,0.0003142845784307663,0.000157044055553221,0.0004713286339839873
shfa_guided_budget,SHFA,1,14,2,226,e2,0.0003142845784307663,0.00028373321312661373,0.00059801779155738
shfa_guided_budget,SHFA,1,14,3,227,e3,0.0003142845784307663,0.0001665656415623516,0.0004808502199931179
shfa_guided_budget,SHFA,1,14,4,228,e4,0.0003142845784307663,0.00036683154397152817,0.0006811161224022945
shfa_guided_budget,SHFA,1,14,5,229,e5,0.0003142845784307663,0.0005925432799862659,0.0009068278584170321
shfa_guided_budget,SHFA,1,14,6,230,e6,0.0003142845784307663,0.0012981004473294508,0.0016123850257602171
shfa_guided_budget,SHFA,1,14,7,231,e7,0.0003142845784307663,0.0003346951733844064,0.0006489797518151727
shfa_guided_budget,SHFA,1,14,8,232,e8,0.0003142845784307663,0.00014136072721028043,0.0004556453056410467
shfa_guided_budget,SHFA,1,14,9,233,e9,0.0003142845784307663,0.00016107562528248472,0.000475360203713251
shfa_guided_budget,SHFA,1,14,10,234,ea,0.0003142845784307663,6.792056973598634e-05,0.0003822051481667526
shfa_guided_budget,SHFA,1,14,11,235,eb,0.0003142845784307663,0.0001222930401230477,0.000436577618553814
shfa_guided_budget,SHFA,1,14,12,236,ec,0.0003142845784307663,0.00013846798029755908,0.0004527525587283254
shfa_guided_budget,SHFA,1,14,13,237,ed,0.0003142845784307663,0.00045052186360219307,0.0007648064420329593
shfa_guided_budget,SHFA,1,14,14,238,ee,0.0003142845784307663,0.00030716438347412297,0.0006214489619048892
shfa_guided_budget,SHFA,1,14,15,239,ef,0.0003142845784307663,0.00018559147632730717,0.0004998760547580735
shfa_guided_budget,SHFA,1,15,0,240,f0,0.00020410536335992304,0.0001879510471161496,0.0003920564104760726
shfa_guided_budget,SHFA,1,15,1,241,f1,0.00020410536335992304,0.000157044055553221,0.00036114941891314404
shfa_guided_budget,SHFA,1,15,2,242,f2,0.00020410536335992304,0.00028373321312661373,0.00048783857648653677
shfa_guided_budget,SHFA,1,15,3,243,f3,0.00020410536335992304,0.0001665656415623516,0.00037067100492227465
shfa_guided_budget,SHFA,1,15,4,244,f4,0.00020410536335992304,0.00036683154397152817,0.0005709369073314513
shfa_guided_budget,SHFA,1,15,5,245,f5,0.00020410536335992304,0.0005925432799862659,0.0007966486433461889
shfa_guided_budget,SHFA,1,15,6,246,f6,0.00020410536335992304,0.0012981004473294508,0.0015022058106893739
shfa_guided_budget,SHFA,1,15,7,247,f7,0.00020410536335992304,0.0003346951733844064,0.0005388005367443294
shfa_guided_budget,SHFA,1,15,8,248,f8,0.00020410536335992304,0.00014136072721028043,0.00034546609057020347
shfa_guided_budget,SHFA,1,15,9,249,f9,0.00020410536335992304,0.00016107562528248472,0.00036518098864240774
shfa_guided_budget,SHFA,1,15,10,250,fa,0.00020410536335992304,6.792056973598634e-05,0.00027202593309590936
shfa_guided_budget,SHFA,1,15,11,251,fb,0.00020410536335992304,0.0001222930401230477,0.00032639840348297076
shfa_guided_budget,SHFA,1,15,12,252,fc,0.00020410536335992304,0.00013846798029755908,0.0003425733436574821
shfa_guided_budget,SHFA,1,15,13,253,fd,0.00020410536335992304,0.00045052186360219307,0.0006546272269621161
shfa_guided_budget,SHFA,1,15,14,254,fe,0.00020410536335992304,0.00030716438347412297,0.000511269746834046
shfa_guided_budget,SHFA,1,15,15,255,ff,0.00020410536335992304,0.00018559147632730717,0.0003896968396872302
