campaign_arm,key_id,target_sbox,target_sbox_index,top_fraction,key_guess,key_guess_hex,sample_count,sei,chi
random_uniform,0,S0,0,0.05,0,0,36,0.020833333333333332,12.0
random_uniform,0,S0,0,0.05,1,1,36,0.02700617283950617,15.555555555555555
random_uniform,0,S0,0,0.05,2,2,36,0.019290123456790122,11.11111111111111
random_uniform,0,S0,0,0.05,3,3,36,0.016203703703703703,9.333333333333332
random_uniform,0,S0,0,0.05,4,4,36,0.03780864197530864,21.77777777777778
random_uniform,0,S0,0,0.05,5,5,36,0.03780864197530864,21.77777777777778
random_uniform,0,S0,0,0.05,6,6,36,0.028549382716049385,16.444444444444446
random_uniform,0,S0,0,0.05,7,7,36,0.039351851851851846,22.666666666666664
random_uniform,0,S0,0,0.05,8,8,36,0.023919753086419752,13.777777777777777
random_uniform,0,S0,0,0.05,9,9,36,0.014660493827160495,8.444444444444445
random_uniform,0,S0,0,0.05,10,a,36,0.03626543209876543,20.888888888888886
random_uniform,0,S0,0,0.05,11,b,36,0.04243827160493827,24.444444444444446
random_uniform,0,S0,0,0.05,12,c,36,0.034722222222222224,20.0
random_uniform,0,S0,0,0.05,13,d,36,0.020833333333333336,12.000000000000002
random_uniform,0,S0,0,0.05,14,e,36,0.034722222222222224,20.0
random_uniform,0,S0,0,0.05,15,f,36,0.0316358024691358,18.222222222222218
random_uniform,0,S0,0,0.075,0,0,53,0.011903702385190462,10.094339622641511
random_uniform,0,S0,0,0.075,1,1,53,0.020447668209327162,17.339622641509433
random_uniform,0,S0,0,0.075,2,2,53,0.011903702385190462,10.094339622641511
random_uniform,0,S0,0,0.075,3,3,53,0.014039693841224634,11.90566037735849
random_uniform,0,S0,0,0.075,4,4,53,0.027567639729441085,23.377358490566042
random_uniform,0,S0,0,0.075,5,5,53,0.024007653969384122,20.358490566037734
random_uniform,0,S0,0,0.075,6,6,53,0.016887682449270205,14.320754716981135
random_uniform,0,S0,0,0.075,7,7,53,0.03397561409754361,28.811320754716984
random_uniform,0,S0,0,0.075,8,8,53,0.0083437166251335,7.0754716981132075
random_uniform,0,S0,0,0.075,9,9,53,0.015463688145247418,13.11320754716981
random_uniform,0,S0,0,0.075,10,a,53,0.02685564257742969,22.77358490566038
random_uniform,0,S0,0,0.075,11,b,53,0.021159665361338557,17.943396226415096
random_uniform,0,S0,0,0.075,12,c,53,0.03183962264150944,27.000000000000007
random_uniform,0,S0,0,0.075,13,d,53,0.014751690993236028,12.509433962264152
random_uniform,0,S0,0,0.075,14,e,53,0.021871662513349946,18.547169811320753
random_uniform,0,S0,0,0.075,15,f,53,0.0175996796012816,14.924528301886797
random_uniform,0,S0,0,0.1,0,0,71,0.013080242015473118,14.859154929577462
random_uniform,0,S0,0,0.1,1,1,71,0.01466722872445943,16.661971830985912
random_uniform,0,S0,0,0.1,2,2,71,0.010699761951993653,12.15492957746479
random_uniform,0,S0,0,0.1,3,3,71,0.014270482047212856,16.211267605633804
random_uniform,0,S0,0,0.1,4,4,71,0.020221682205911525,22.971830985915492
random_uniform,0,S0,0,0.1,5,5,71,0.02141192223765126,24.323943661971832
random_uniform,0,S0,0,0.1,6,6,71,0.017444455465185478,19.816901408450704
random_uniform,0,S0,0,0.1,7,7,71,0.03212408252330886,36.492957746478865
random_uniform,0,S0,0,0.1,8,8,71,0.0055420551477881365,6.295774647887323
random_uniform,0,S0,0,0.1,9,9,71,0.012286748660979962,13.957746478873236
random_uniform,0,S0,0,0.1,10,a,71,0.02022168220591152,22.97183098591549
random_uniform,0,S0,0,0.1,11,b,71,0.016254215433445744,18.464788732394364
random_uniform,0,S0,0,0.1,12,c,71,0.021808668914897834,24.77464788732394
random_uniform,0,S0,0,0.1,13,d,71,0.011493255306486806,13.05633802816901
random_uniform,0,S0,0,0.1,14,e,71,0.011890001983733384,13.507042253521124
random_uniform,0,S0,0,0.1,15,f,71,0.013476988692719696,15.309859154929574
random_uniform,0,S0,0,0.15,0,0,107,0.004667438204209974,7.990654205607475
random_uniform,0,S0,0,0.15,1,1,107,0.0072877543890296085,12.476635514018689
random_uniform,0,S0,0,0.15,2,2,107,0.004143374967246047,7.093457943925233
random_uniform,0,S0,0,0.15,3,3,107,0.007113066643374966,12.177570093457941
random_uniform,0,S0,0,0.15,4,4,107,0.013576513232596732,23.242990654205606
random_uniform,0,S0,0,0.15,5,5,107,0.017070268145689578,29.224299065420556
random_uniform,0,S0,0,0.15,6,6,107,0.009209319591230674,15.766355140186915
random_uniform,0,S0,0,0.15,7,7,107,0.01200432352170495,20.551401869158877
random_uniform,0,S0,0,0.15,8,8,107,0.008510568608612105,14.570093457943923
random_uniform,0,S0,0,0.15,9,9,107,0.007811817625993535,13.373831775700932
random_uniform,0,S0,0,0.15,10,a,107,0.010082758319503884,17.26168224299065
random_uniform,0,S0,0,0.15,11,b,107,0.010606821556467812,18.158878504672895
random_uniform,0,S0,0,0.15,12,c,107,0.009384007336885315,16.065420560747658
random_uniform,0,S0,0,0.15,13,d,107,0.007811817625993535,13.373831775700932
random_uniform,0,S0,0,0.15,14,e,107,0.007811817625993536,13.373831775700934
random_uniform,0,S0,0,0.15,15,f,107,0.008510568608612105,14.570093457943923
random_uniform,0,S0,0,0.2,0,0,143,0.003175583158100641,7.265734265734267
random_uniform,0,S0,0,0.2,1,1,143,0.005229473323878919,11.965034965034965
random_uniform,0,S0,0,0.2,2,2,143,0.004544843268619493,10.3986013986014
random_uniform,0,S0,0,0.2,3,3,143,0.005816299085529855,13.307692307692308
random_uniform,0,S0,0,0.2,4,4,143,0.007478972076874175,17.111888111888113
random_uniform,0,S0,0,0.2,5,5,143,0.01158675240843073,26.510489510489514
random_uniform,0,S0,0,0.2,6,6,143,0.005718494791921366,13.083916083916087
random_uniform,0,S0,0,0.2,7,7,143,0.0052294733238789195,11.965034965034969
random_uniform,0,S0,0,0.2,8,8,143,0.004642647562227983,10.622377622377625
random_uniform,0,S0,0,0.2,9,9,143,0.005816299085529856,13.307692307692312
random_uniform,0,S0,0,0.2,10,a,143,0.004936060443053451,11.293706293706295
random_uniform,0,S0,0,0.2,11,b,143,0.006598733434397771,15.0979020979021
random_uniform,0,S0,0,0.2,12,c,143,0.0056206904983128764,12.860139860139862
random_uniform,0,S0,0,0.2,13,d,143,0.004544843268619493,10.3986013986014
random_uniform,0,S0,0,0.2,14,e,143,0.004740451855836472,10.846153846153847
random_uniform,0,S0,0,0.2,15,f,143,0.0054250819110958975,12.412587412587413
random_uniform,0,S0,0,0.3,0,0,214,0.002396497510699624,8.205607476635514
random_uniform,0,S0,0,0.3,1,1,214,0.002920560747663551,9.999999999999998
random_uniform,0,S0,0,0.3,2,2,214,0.0035319678574547986,12.09345794392523
random_uniform,0,S0,0,0.3,3,3,214,0.005453533059655864,18.672897196261676
random_uniform,0,S0,0,0.3,4,4,214,0.004099703030832387,14.037383177570092
random_uniform,0,S0,0,0.3,5,5,214,0.005977596296619791,20.467289719626166
random_uniform,0,S0,0,0.3,6,6,214,0.0030952484933181932,10.598130841121494
random_uniform,0,S0,0,0.3,7,7,214,0.0020471220193903393,7.009345794392522
random_uniform,0,S0,0,0.3,8,8,214,0.0032262643025591743,11.046728971962613
random_uniform,0,S0,0,0.3,9,9,214,0.0027458730020089085,9.401869158878503
random_uniform,0,S0,0,0.3,10,a,214,0.002571185256354266,8.803738317757007
random_uniform,0,S0,0,0.3,11,b,214,0.0023964975106996237,8.205607476635512
random_uniform,0,S0,0,0.3,12,c,214,0.002178137828631321,7.457943925233643
random_uniform,0,S0,0,0.3,13,d,214,0.0023091536378723027,7.906542056074764
random_uniform,0,S0,0,0.3,14,e,214,0.003444623984627478,11.794392523364484
random_uniform,0,S0,0,0.3,15,f,214,0.003313608175386496,11.345794392523363
random_uniform,0,S0,0,0.4,0,0,285,0.002172206832871652,9.905263157894733
random_uniform,0,S0,0,0.4,1,1,285,0.0019752231455832563,9.007017543859648
random_uniform,0,S0,0,0.4,2,2,285,0.0014088950446291162,6.42456140350877
random_uniform,0,S0,0,0.4,3,3,285,0.00340335487842413,15.519298245614031
random_uniform,0,S0,0,0.4,4,4,285,0.0038711911357340715,17.652631578947368
random_uniform,0,S0,0,0.4,5,5,285,0.0051515851031086485,23.49122807017544
random_uniform,0,S0,0,0.4,6,6,285,0.002172206832871652,9.905263157894733
random_uniform,0,S0,0,0.4,7,7,285,0.0011872883964296707,5.414035087719299
random_uniform,0,S0,0,0.4,8,8,285,0.0023199445983379504,10.578947368421053
random_uniform,0,S0,0,0.4,9,9,285,0.001728993536472761,7.8842105263157904
random_uniform,0,S0,0,0.4,10,a,285,0.0021722068328716526,9.905263157894735
random_uniform,0,S0,0,0.4,11,b,285,0.0014335180055401655,6.536842105263155
random_uniform,0,S0,0,0.4,12,c,285,0.0015812557710064633,7.210526315789473
random_uniform,0,S0,0,0.4,13,d,285,0.002172206832871653,9.905263157894737
random_uniform,0,S0,0,0.4,14,e,285,0.002467682363804247,11.252631578947366
random_uniform,0,S0,0,0.4,15,f,285,0.0023445675592489996,10.691228070175438
random_uniform,0,S0,0,0.5,0,0,356,0.0025801666456255526,14.696629213483147
random_uniform,0,S0,0,0.5,1,1,356,0.001649097336194925,9.393258426966293
random_uniform,0,S0,0,0.5,2,2,356,0.001159891427850019,6.606741573033708
random_uniform,0,S0,0,0.5,3,3,356,0.003227180911501074,18.382022471910116
random_uniform,0,S0,0,0.5,4,4,356,0.0034165509405378117,19.460674157303377
random_uniform,0,S0,0,0.5,5,5,356,0.0036059209695745494,20.539325842696634
random_uniform,0,S0,0,0.5,6,6,356,0.002075179901527585,11.820224719101125
random_uniform,0,S0,0,0.5,7,7,356,0.0009073980558010355,5.168539325842698
random_uniform,0,S0,0,0.5,8,8,356,0.0018700290367377863,10.65168539325843
random_uniform,0,S0,0,0.5,9,9,356,0.0017280015149602327,9.842696629213485
random_uniform,0,S0,0,0.5,10,a,356,0.0015228506501704332,8.674157303370787
random_uniform,0,S0,0,0.5,11,b,356,0.0016175356646888025,9.21348314606742
random_uniform,0,S0,0,0.5,12,c,356,0.000986302234566343,5.61797752808989
random_uniform,0,S0,0,0.5,13,d,356,0.002706413331650044,15.415730337078651
random_uniform,0,S0,0,0.5,14,e,356,0.002832660017674536,16.134831460674157
random_uniform,0,S0,0,0.5,15,f,356,0.001664878171947987,9.483146067415733
random_uniform,0,S0,0,0.65,0,0,463,0.0020382494670404773,15.099352051835856
random_uniform,0,S0,0,0.65,1,1,463,0.0013478511351921222,9.984881209503241
random_uniform,0,S0,0,0.65,2,2,463,0.0017210394226777192,12.749460043196544
random_uniform,0,S0,0,0.65,3,3,463,0.0030271984288773096,22.42548596112311
random_uniform,0,S0,0,0.65,4,4,463,0.0032417816941815274,24.015118790496754
random_uniform,0,S0,0,0.65,5,5,463,0.002719318091701692,20.144708423326133
random_uniform,0,S0,0,0.65,6,6,463,0.0018050067873619786,13.371490280777538
random_uniform,0,S0,0,0.65,7,7,463,0.0010306410908293645,7.634989200863933
random_uniform,0,S0,0,0.65,8,8,463,0.0018983038592333783,14.062634989200866
random_uniform,0,S0,0,0.65,9,9,463,0.0013385214280049822,9.915766738660908
random_uniform,0,S0,0,0.65,10,a,463,0.001105278748326484,8.187904967602593
random_uniform,0,S0,0,0.65,11,b,463,0.0017956770801748389,13.302375809935207
random_uniform,0,S0,0,0.65,12,c,463,0.0016464017651805997,12.196544276457882
random_uniform,0,S0,0,0.65,13,d,463,0.0015064561573735016,11.159827213822899
random_uniform,0,S0,0,0.65,14,e,463,0.0025980318982688727,19.246220302375807
random_uniform,0,S0,0,0.65,15,f,463,0.0017210394226777194,12.749460043196546
random_uniform,0,S0,0,0.8,0,0,570,0.0017413050169282854,15.880701754385964
random_uniform,0,S0,0,0.8,1,1,570,0.0009656817482302247,8.807017543859649
random_uniform,0,S0,0,0.8,2,2,570,0.001279624499846106,11.670175438596486
random_uniform,0,S0,0,0.8,3,3,570,0.0024738381040320103,22.561403508771935
random_uniform,0,S0,0,0.8,4,4,570,0.0018890427823945828,17.228070175438596
random_uniform,0,S0,0,0.8,5,5,570,0.0020614035087719294,18.799999999999997
random_uniform,0,S0,0,0.8,6,6,570,0.002166051092643891,19.754385964912284
random_uniform,0,S0,0,0.8,7,7,570,0.0008364112034472148,7.628070175438599
random_uniform,0,S0,0,0.8,8,8,570,0.0013781163434903048,12.56842105263158
random_uniform,0,S0,0,0.8,9,9,570,0.0019198214835333943,17.508771929824555
random_uniform,0,S0,0,0.8,10,a,570,0.0009841489689135115,8.975438596491225
random_uniform,0,S0,0,0.8,11,b,570,0.0011134195136965222,10.154385964912283
random_uniform,0,S0,0,0.8,12,c,570,0.0017105263157894733,15.599999999999996
random_uniform,0,S0,0,0.8,13,d,570,0.0016181902123730382,14.75789473684211
random_uniform,0,S0,0,0.8,14,e,570,0.0023938134810710986,21.83157894736842
random_uniform,0,S0,0,0.8,15,f,570,0.0012611572791628191,11.50175438596491
random_uniform,0,S0,0,1.0,0,0,713,0.0018095861470703366,20.6437587657784
random_uniform,0,S0,0,1.0,1,1,713,0.0009362048039908018,10.680224403927067
random_uniform,0,S0,0,1.0,2,2,713,0.001416171127665141,16.155680224403927
random_uniform,0,S0,0,1.0,3,3,713,0.0030016336558680795,34.24263674614305
random_uniform,0,S0,0,1.0,4,4,713,0.0017309031431892974,19.746143057503506
random_uniform,0,S0,0,1.0,5,5,713,0.0019158082023097395,21.855539971949508
random_uniform,0,S0,0,1.0,6,6,713,0.0017269689929952454,19.70126227208976
random_uniform,0,S0,0,1.0,7,7,713,0.0009519414047670097,10.859747545582048
random_uniform,0,S0,0,1.0,8,8,713,0.0016797591906666219,19.162692847124823
random_uniform,0,S0,0,1.0,9,9,713,0.0014987882817402319,17.098176718092564
random_uniform,0,S0,0,1.0,10,a,713,0.0007198265433179443,8.211781206171109
random_uniform,0,S0,0,1.0,11,b,713,0.0010345585588421007,11.802244039270684
random_uniform,0,S0,0,1.0,12,c,713,0.0012824100210673743,14.629733520336606
random_uniform,0,S0,0,1.0,13,d,713,0.0012588051199030623,14.360448807854135
random_uniform,0,S0,0,1.0,14,e,713,0.0015538663844569594,17.726507713884992
random_uniform,0,S0,0,1.0,15,f,713,0.001589273736203427,18.130434782608695
random_uniform,0,S5,5,0.05,0,0,30,0.026388888888888892,12.666666666666668
random_uniform,0,S5,5,0.05,1,1,30,0.028611111111111115,13.733333333333334
random_uniform,0,S5,5,0.05,2,2,30,0.035277777777777776,16.933333333333334
random_uniform,0,S5,5,0.05,3,3,30,0.03305555555555555,15.866666666666665
random_uniform,0,S5,5,0.05,4,4,30,0.030833333333333334,14.8
random_uniform,0,S5,5,0.05,5,5,30,0.02861111111111111,13.733333333333334
random_uniform,0,S5,5,0.05,6,6,30,0.03527777777777778,16.933333333333337
random_uniform,0,S5,5,0.05,7,7,30,0.010833333333333335,5.200000000000001
random_uniform,0,S5,5,0.05,8,8,30,0.037500000000000006,18.000000000000004
random_uniform,0,S5,5,0.05,9,9,30,0.04194444444444444,20.13333333333333
random_uniform,0,S5,5,0.05,10,a,30,0.028611111111111108,13.733333333333333
random_uniform,0,S5,5,0.05,11,b,30,0.050833333333333335,24.400000000000002
random_uniform,0,S5,5,0.05,12,c,30,0.04416666666666666,21.199999999999996
random_uniform,0,S5,5,0.05,13,d,30,0.03972222222222222,19.066666666666666
random_uniform,0,S5,5,0.05,14,e,30,0.021944444444444447,10.533333333333335
random_uniform,0,S5,5,0.05,15,f,30,0.035277777777777776,16.933333333333334
random_uniform,0,S5,5,0.075,0,0,46,0.018785444234404536,13.826086956521738
random_uniform,0,S5,5,0.075,1,1,46,0.01784026465028355,13.130434782608694
random_uniform,0,S5,5,0.075,2,2,46,0.01405954631379962,10.347826086956522
random_uniform,0,S5,5,0.075,3,3,46,0.01689508506616257,12.43478260869565
random_uniform,0,S5,5,0.075,4,4,46,0.012169187145557654,8.956521739130434
random_uniform,0,S5,5,0.075,5,5,46,0.017840264650283554,13.130434782608695
random_uniform,0,S5,5,0.075,6,6,46,0.030127599243856332,22.17391304347826
random_uniform,0,S5,5,0.075,7,7,46,0.011224007561436673,8.26086956521739
random_uniform,0,S5,5,0.075,8,8,46,0.03390831758034027,24.956521739130437
random_uniform,0,S5,5,0.075,9,9,46,0.03390831758034027,24.956521739130437
random_uniform,0,S5,5,0.075,10,a,46,0.012169187145557654,8.956521739130434
random_uniform,0,S5,5,0.075,11,b,46,0.04052457466918716,29.82608695652175
random_uniform,0,S5,5,0.075,12,c,46,0.037689035916824196,27.73913043478261
random_uniform,0,S5,5,0.075,13,d,46,0.028237240075614366,20.782608695652172
random_uniform,0,S5,5,0.075,14,e,46,0.018785444234404536,13.826086956521738
random_uniform,0,S5,5,0.075,15,f,46,0.024456521739130436,18.0
random_uniform,0,S5,5,0.1,0,0,61,0.008717414673474873,8.508196721311476
random_uniform,0,S5,5,0.1,1,1,61,0.01355482397205052,13.229508196721309
random_uniform,0,S5,5,0.1,2,2,61,0.010329884439666755,10.081967213114753
random_uniform,0,S5,5,0.1,3,3,61,0.01140486428379468,11.131147540983607
random_uniform,0,S5,5,0.1,4,4,61,0.009792394517602793,9.557377049180326
random_uniform,0,S5,5,0.1,5,5,61,0.009254904595538831,9.0327868852459
random_uniform,0,S5,5,0.1,6,6,61,0.021079682880945978,20.573770491803273
random_uniform,0,S5,5,0.1,7,7,61,0.01140486428379468,11.131147540983607
random_uniform,0,S5,5,0.1,8,8,61,0.02430462241332975,23.721311475409838
random_uniform,0,S5,5,0.1,9,9,61,0.02430462241332975,23.721311475409838
random_uniform,0,S5,5,0.1,10,a,61,0.013554823972050524,13.229508196721312
random_uniform,0,S5,5,0.1,11,b,61,0.02752956194571352,26.868852459016395
random_uniform,0,S5,5,0.1,12,c,61,0.02699207202364956,26.344262295081972
random_uniform,0,S5,5,0.1,13,d,61,0.021079682880945985,20.57377049180328
random_uniform,0,S5,5,0.1,14,e,61,0.010867374361730717,10.60655737704918
random_uniform,0,S5,5,0.1,15,f,61,0.013554823972050524,13.229508196721312
random_uniform,0,S5,5,0.15,0,0,91,0.00838515879724671,12.20879120879121
random_uniform,0,S5,5,0.15,1,1,91,0.01345701002294409,19.593406593406595
random_uniform,0,S5,5,0.15,2,2,91,0.00983425914744596,14.318681318681318
random_uniform,0,S5,5,0.15,3,3,91,0.007419091897113875,10.802197802197803
random_uniform,0,S5,5,0.15,4,4,91,0.005969991546914625,8.692307692307693
random_uniform,0,S5,5,0.15,5,5,91,0.0081436420722135,11.857142857142856
random_uniform,0,S5,5,0.15,6,6,91,0.01997796159884072,29.087912087912088
random_uniform,0,S5,5,0.15,7,7,91,0.005728474821881416,8.340659340659341
random_uniform,0,S5,5,0.15,8,8,91,0.01611369399830938,23.46153846153846
random_uniform,0,S5,5,0.15,9,9,91,0.012732459847844463,18.538461538461537
random_uniform,0,S5,5,0.15,10,a,91,0.007177575172080667,10.45054945054945
random_uniform,0,S5,5,0.15,11,b,91,0.014423076923076926,21.000000000000004
random_uniform,0,S5,5,0.15,12,c,91,0.012732459847844463,18.538461538461537
random_uniform,0,S5,5,0.15,13,d,91,0.017321277623475427,25.219780219780223
random_uniform,0,S5,5,0.15,14,e,91,0.005245441371814999,7.637362637362639
random_uniform,0,S5,5,0.15,15,f,91,0.009109708972346336,13.263736263736266
random_uniform,0,S5,5,0.2,0,0,122,0.006836199946251008,13.344262295081968
random_uniform,0,S5,5,0.2,1,1,122,0.0065674549852190265,12.81967213114754
random_uniform,0,S5,5,0.2,2,2,122,0.006298710024187047,12.295081967213116
random_uniform,0,S5,5,0.2,3,3,122,0.007239317387798978,14.131147540983605
random_uniform,0,S5,5,0.2,4,4,122,0.00791117979037893,15.44262295081967
random_uniform,0,S5,5,0.2,5,5,122,0.004686240257995163,9.147540983606557
random_uniform,0,S5,5,0.2,6,6,122,0.013286079011018545,25.934426229508198
random_uniform,0,S5,5,0.2,7,7,122,0.005761220102123085,11.245901639344263
random_uniform,0,S5,5,0.2,8,8,122,0.010598629400698736,20.688524590163933
random_uniform,0,S5,5,0.2,9,9,122,0.011270491803278687,21.999999999999996
random_uniform,0,S5,5,0.2,10,a,122,0.004686240257995163,9.147540983606557
random_uniform,0,S5,5,0.2,11,b,122,0.0073736898683149695,14.39344262295082
random_uniform,0,S5,5,0.2,12,c,122,0.007508062348830958,14.65573770491803
random_uniform,0,S5,5,0.2,13,d,122,0.008986159634506854,17.54098360655738
random_uniform,0,S5,5,0.2,14,e,122,0.004417495296963182,8.62295081967213
random_uniform,0,S5,5,0.2,15,f,122,0.010195511959150765,19.901639344262293
random_uniform,0,S5,5,0.3,0,0,182,0.0024076198526747986,7.010989010989014
random_uniform,0,S5,5,0.3,1,1,182,0.004339753652940466,12.637362637362635
random_uniform,0,S5,5,0.3,2,2,182,0.0034340659340659344,10.000000000000002
random_uniform,0,S5,5,0.3,3,3,182,0.002769894940224611,8.065934065934067
random_uniform,0,S5,5,0.3,4,4,182,0.0027095157589663087,7.8901098901098905
random_uniform,0,S5,5,0.3,5,5,182,0.002769894940224611,8.065934065934067
random_uniform,0,S5,5,0.3,6,6,182,0.007902125347180294,23.010989010989018
random_uniform,0,S5,5,0.3,7,7,182,0.003917099384132351,11.406593406593407
random_uniform,0,S5,5,0.3,8,8,182,0.006211508271947832,18.087912087912084
random_uniform,0,S5,5,0.3,9,9,182,0.006573783359497647,19.142857142857146
random_uniform,0,S5,5,0.3,10,a,182,0.0029510324839995172,8.593406593406595
random_uniform,0,S5,5,0.3,11,b,182,0.002226482308899891,6.483516483516483
random_uniform,0,S5,5,0.3,12,c,182,0.005486958096848207,15.978021978021978
random_uniform,0,S5,5,0.3,13,d,182,0.0061511290906895305,17.912087912087912
random_uniform,0,S5,5,0.3,14,e,182,0.0030114116652578196,8.76923076923077
random_uniform,0,S5,5,0.3,15,f,182,0.006211508271947833,18.08791208791209
random_uniform,0,S5,5,0.4,0,0,243,0.0027508933258818947,10.695473251028806
random_uniform,0,S5,5,0.4,1,1,243,0.002886374028349337,11.222222222222221
random_uniform,0,S5,5,0.4,2,2,243,0.001971879286694102,7.666666666666668
random_uniform,0,S5,5,0.4,3,3,243,0.0016670477061423569,6.481481481481484
random_uniform,0,S5,5,0.4,4,4,243,0.0018025284086097986,7.008230452674897
random_uniform,0,S5,5,0.4,5,5,243,0.001971879286694102,7.666666666666668
random_uniform,0,S5,5,0.4,6,6,243,0.0047831038628935296,18.596707818930042
random_uniform,0,S5,5,0.4,7,7,243,0.0024121915697132897,9.37860082304527
random_uniform,0,S5,5,0.4,8,8,243,0.004410531931108063,17.14814814814815
random_uniform,0,S5,5,0.4,9,9,243,0.0031573354332842213,12.275720164609051
random_uniform,0,S5,5,0.4,10,a,243,0.0029202442039661975,11.353909465020577
random_uniform,0,S5,5,0.4,11,b,243,0.002107359989161544,8.193415637860083
random_uniform,0,S5,5,0.4,12,c,243,0.004071830174939457,15.83127572016461
random_uniform,0,S5,5,0.4,13,d,243,0.0035637775406865482,13.8559670781893
random_uniform,0,S5,5,0.4,14,e,243,0.0014638266524411932,5.691358024691359
random_uniform,0,S5,5,0.4,15,f,243,0.003902479296855154,15.172839506172838
random_uniform,0,S5,5,0.5,0,0,304,0.00281336565096953,13.684210526315795
random_uniform,0,S5,5,0.5,1,1,304,0.0027268005540166205,13.263157894736842
random_uniform,0,S5,5,0.5,2,2,304,0.001839508310249308,8.947368421052634
random_uniform,0,S5,5,0.5,3,3,304,0.0021208448753462605,10.31578947368421
random_uniform,0,S5,5,0.5,4,4,304,0.00196935595567867,9.578947368421051
random_uniform,0,S5,5,0.5,5,5,304,0.0018827908587257622,9.157894736842108
random_uniform,0,S5,5,0.5,6,6,304,0.003354397506925208,16.315789473684212
random_uniform,0,S5,5,0.5,7,7,304,0.0019477146814404437,9.473684210526319
random_uniform,0,S5,5,0.5,8,8,304,0.002445463988919668,11.894736842105265
random_uniform,0,S5,5,0.5,9,9,304,0.003332756232686981,16.210526315789476
random_uniform,0,S5,5,0.5,10,a,304,0.002445463988919668,11.894736842105265
random_uniform,0,S5,5,0.5,11,b,304,0.0015798130193905818,7.68421052631579
random_uniform,0,S5,5,0.5,12,c,304,0.0024671052631578946,12.0
random_uniform,0,S5,5,0.5,13,d,304,0.0016447368421052633,8.0
random_uniform,0,S5,5,0.5,14,e,304,0.0013850415512465378,6.73684210526316
random_uniform,0,S5,5,0.5,15,f,304,0.003051419667590028,14.842105263157897
random_uniform,0,S5,5,0.65,0,0,395,0.001931982054157988,12.210126582278484
random_uniform,0,S5,5,0.65,1,1,395,0.001534609838166961,9.698734177215194
random_uniform,0,S5,5,0.65,2,2,395,0.0012397852908187794,7.835443037974686
random_uniform,0,S5,5,0.65,3,3,395,0.0025216311488543506,15.936708860759495
random_uniform,0,S5,5,0.65,4,4,395,0.0030728248678096462,19.420253164556964
random_uniform,0,S5,5,0.65,5,5,395,0.0015987021310687392,10.103797468354433
random_uniform,0,S5,5,0.65,6,6,395,0.0025857234417561293,16.341772151898738
random_uniform,0,S5,5,0.65,7,7,395,0.0019191635955776323,12.129113924050637
random_uniform,0,S5,5,0.65,8,8,395,0.001355151418041981,8.56455696202532
random_uniform,0,S5,5,0.65,9,9,395,0.002188351225765102,13.830379746835446
random_uniform,0,S5,5,0.65,10,a,395,0.0022011696843454577,13.911392405063292
random_uniform,0,S5,5,0.65,11,b,395,0.001034689953533088,6.539240506329117
random_uniform,0,S5,5,0.65,12,c,395,0.0019191635955776321,12.129113924050635
random_uniform,0,S5,5,0.65,13,d,395,0.0015858836724883837,10.022784810126586
random_uniform,0,S5,5,0.65,14,e,395,0.0015089729210062495,9.536708860759497
random_uniform,0,S5,5,0.65,15,f,395,0.0032779202050953376,20.716455696202534
random_uniform,0,S5,5,0.8,0,0,486,0.002539204728276516,19.744855967078188
random_uniform,0,S5,5,0.8,1,1,486,0.001413021389015902,10.987654320987653
random_uniform,0,S5,5,0.8,2,2,486,0.0010065792816135754,7.827160493827162
random_uniform,0,S5,5,0.8,3,3,486,0.002048087181832038,15.925925925925926
random_uniform,0,S5,5,0.8,4,4,486,0.001954944198885671,15.201646090534979
random_uniform,0,S5,5,0.8,5,5,486,0.0013876187573032565,10.790123456790123
random_uniform,0,S5,5,0.8,6,6,486,0.002192035428203695,17.045267489711932
random_uniform,0,S5,5,0.8,7,7,486,0.0018363985842266594,14.279835390946504
random_uniform,0,S5,5,0.8,8,8,486,0.0013283459499737508,10.329218106995887
random_uniform,0,S5,5,0.8,9,9,486,0.0018787363037477353,14.609053497942389
random_uniform,0,S5,5,0.8,10,a,486,0.002115827533065759,16.45267489711934
random_uniform,0,S5,5,0.8,11,b,486,0.0014384240207285476,11.185185185185185
random_uniform,0,S5,5,0.8,12,c,486,0.0008456959474334876,6.5761316872428
random_uniform,0,S5,5,0.8,13,d,486,0.0010743196328472963,8.353909465020577
random_uniform,0,S5,5,0.8,14,e,486,0.0013029433182611052,10.131687242798353
random_uniform,0,S5,5,0.8,15,f,486,0.0017178529695676477,13.358024691358029
random_uniform,0,S5,5,1.0,0,0,608,0.0031542157202216073,30.684210526315795
random_uniform,0,S5,5,1.0,1,1,608,0.0012010907202216069,11.684210526315791
random_uniform,0,S5,5,1.0,2,2,608,0.0010874740304709142,10.578947368421053
random_uniform,0,S5,5,1.0,3,3,608,0.001644736842105263,16.0
random_uniform,0,S5,5,1.0,4,4,608,0.0013634002770083102,13.263157894736842
random_uniform,0,S5,5,1.0,5,5,608,0.0017042503462603878,16.57894736842105
random_uniform,0,S5,5,1.0,6,6,608,0.0020667416897506927,20.10526315789474
random_uniform,0,S5,5,1.0,7,7,608,0.0014499653739612189,14.105263157894736
random_uniform,0,S5,5,1.0,8,8,608,0.0012389629501385047,12.052631578947373
random_uniform,0,S5,5,1.0,9,9,608,0.0016014542936288092,15.578947368421055
random_uniform,0,S5,5,1.0,10,a,608,0.0014337344182825482,13.94736842105263
random_uniform,0,S5,5,1.0,11,b,608,0.0014553756925207758,14.157894736842108
random_uniform,0,S5,5,1.0,12,c,608,0.00106042243767313,10.315789473684209
random_uniform,0,S5,5,1.0,13,d,608,0.0007033414127423822,6.842105263157894
random_uniform,0,S5,5,1.0,14,e,608,0.0014391447368421054,14.000000000000002
random_uniform,0,S5,5,1.0,15,f,608,0.0018611495844875346,18.105263157894736
random_uniform,1,S0,0,0.05,0,0,38,0.01644736842105263,10.0
random_uniform,1,S0,0,0.05,1,1,38,0.019217451523545703,11.684210526315788
random_uniform,1,S0,0,0.05,2,2,38,0.026142659279778394,15.894736842105264
random_uniform,1,S0,0,0.05,3,3,38,0.02060249307479224,12.526315789473683
random_uniform,1,S0,0,0.05,4,4,38,0.028912742382271466,17.57894736842105
random_uniform,1,S0,0,0.05,5,5,38,0.015062326869806093,9.157894736842104
random_uniform,1,S0,0,0.05,6,6,38,0.012292243767313018,7.473684210526315
random_uniform,1,S0,0,0.05,7,7,38,0.021987534626038776,13.368421052631575
random_uniform,1,S0,0,0.05,8,8,38,0.023372576177285317,14.210526315789473
random_uniform,1,S0,0,0.05,9,9,38,0.03722299168975069,22.63157894736842
random_uniform,1,S0,0,0.05,10,a,38,0.028912742382271466,17.57894736842105
random_uniform,1,S0,0,0.05,11,b,38,0.016447368421052627,9.999999999999996
random_uniform,1,S0,0,0.05,12,c,38,0.027527700831024925,16.736842105263154
random_uniform,1,S0,0,0.05,13,d,38,0.023372576177285314,14.21052631578947
random_uniform,1,S0,0,0.05,14,e,38,0.023372576177285317,14.210526315789473
random_uniform,1,S0,0,0.05,15,f,38,0.02198753462603878,13.368421052631579
random_uniform,1,S0,0,0.075,0,0,58,0.01716706302021403,15.931034482758621
random_uniform,1,S0,0,0.075,1,1,58,0.015978002378121286,14.827586206896553
random_uniform,1,S0,0,0.075,2,2,58,0.020734244946492272,19.24137931034483
random_uniform,1,S0,0,0.075,3,3,58,0.020734244946492272,19.24137931034483
random_uniform,1,S0,0,0.075,4,4,58,0.027868608799048754,25.862068965517242
random_uniform,1,S0,0,0.075,5,5,58,0.010627229488703926,9.862068965517244
random_uniform,1,S0,0,0.075,6,6,58,0.010032699167657554,9.31034482758621
random_uniform,1,S0,0,0.075,7,7,58,0.013005350772889418,12.06896551724138
random_uniform,1,S0,0,0.075,8,8,58,0.01359988109393579,12.620689655172415
random_uniform,1,S0,0,0.075,9,9,58,0.026679548156956005,24.75862068965517
random_uniform,1,S0,0,0.075,10,a,58,0.020734244946492272,19.24137931034483
random_uniform,1,S0,0,0.075,11,b,58,0.01359988109393579,12.620689655172415
random_uniform,1,S0,0,0.075,12,c,58,0.01478894173602854,13.724137931034486
random_uniform,1,S0,0,0.075,13,d,58,0.01716706302021403,15.931034482758621
random_uniform,1,S0,0,0.075,14,e,58,0.02489595719381689,23.103448275862075
random_uniform,1,S0,0,0.075,15,f,58,0.014194411414982164,13.172413793103448
random_uniform,1,S0,0,0.1,0,0,77,0.011542840276606509,14.22077922077922
random_uniform,1,S0,0,0.1,1,1,77,0.013904115365154325,17.129870129870127
random_uniform,1,S0,0,0.1,2,2,77,0.015928065441052453,19.623376623376622
random_uniform,1,S0,0,0.1,3,3,77,0.015590740428402765,19.207792207792206
random_uniform,1,S0,0,0.1,4,4,77,0.020313290605498396,25.025974025974023
random_uniform,1,S0,0,0.1,5,5,77,0.008506915162759318,10.480519480519481
random_uniform,1,S0,0,0.1,6,6,77,0.01154284027660651,14.220779220779221
random_uniform,1,S0,0,0.1,7,7,77,0.00783226513745994,9.649350649350646
random_uniform,1,S0,0,0.1,8,8,77,0.00985621521335807,12.142857142857142
random_uniform,1,S0,0,0.1,9,9,77,0.01930131556754933,23.779220779220775
random_uniform,1,S0,0,0.1,10,a,77,0.018626665542249954,22.948051948051944
random_uniform,1,S0,0,0.1,11,b,77,0.012217490301905887,15.051948051948052
random_uniform,1,S0,0,0.1,12,c,77,0.010193540226007759,12.558441558441558
random_uniform,1,S0,0,0.1,13,d,77,0.008506915162759318,10.480519480519481
random_uniform,1,S0,0,0.1,14,e,77,0.017614690504300888,21.701298701298693
random_uniform,1,S0,0,0.1,15,f,77,0.008844240175409007,10.896103896103895
random_uniform,1,S0,0,0.15,0,0,115,0.005174858223062382,9.521739130434783
random_uniform,1,S0,0,0.15,1,1,115,0.011224007561436673,20.652173913043477
random_uniform,1,S0,0,0.15,2,2,115,0.011224007561436674,20.65217391304348
random_uniform,1,S0,0,0.15,3,3,115,0.011828922495274105,21.765217391304354
random_uniform,1,S0,0,0.15,4,4,115,0.010165406427221173,18.70434782608696
random_uniform,1,S0,0,0.15,5,5,115,0.006838374291115313,12.582608695652176
random_uniform,1,S0,0,0.15,6,6,115,0.008804347826086956,16.2
random_uniform,1,S0,0,0.15,7,7,115,0.00804820415879017,14.808695652173913
random_uniform,1,S0,0,0.15,8,8,115,0.010316635160680529,18.982608695652175
random_uniform,1,S0,0,0.15,9,9,115,0.015609640831758035,28.721739130434784
random_uniform,1,S0,0,0.15,10,a,115,0.01303875236294896,23.991304347826087
random_uniform,1,S0,0,0.15,11,b,115,0.008350661625708885,15.365217391304348
random_uniform,1,S0,0,0.15,12,c,115,0.008653119092627597,15.92173913043478
random_uniform,1,S0,0,0.15,13,d,115,0.009409262759924385,17.31304347826087
random_uniform,1,S0,0,0.15,14,e,115,0.00638468809073724,11.747826086956522
random_uniform,1,S0,0,0.15,15,f,115,0.0066871455576559555,12.304347826086959
random_uniform,1,S0,0,0.2,0,0,154,0.006229971327373925,15.35064935064935
random_uniform,1,S0,0,0.2,1,1,154,0.009940546466520492,24.493506493506494
random_uniform,1,S0,0,0.2,2,2,154,0.009940546466520494,24.493506493506498
random_uniform,1,S0,0,0.2,3,3,154,0.0063143025805363455,15.558441558441555
random_uniform,1,S0,0,0.2,4,4,154,0.010783858998144713,26.571428571428573
random_uniform,1,S0,0,0.2,5,5,154,0.004037358745150953,9.948051948051948
random_uniform,1,S0,0,0.2,6,6,154,0.00555532130207455,13.68831168831169
random_uniform,1,S0,0,0.2,7,7,154,0.005470990048912128,13.480519480519483
random_uniform,1,S0,0,0.2,8,8,154,0.0053023275425872814,13.064935064935062
random_uniform,1,S0,0,0.2,9,9,154,0.011036852757631978,27.194805194805195
random_uniform,1,S0,0,0.2,10,a,154,0.010024877719682915,24.701298701298704
random_uniform,1,S0,0,0.2,11,b,154,0.005555321302074548,13.688311688311686
random_uniform,1,S0,0,0.2,12,c,154,0.006314302580536347,15.55844155844156
random_uniform,1,S0,0,0.2,13,d,154,0.014072777871479172,34.67532467532468
random_uniform,1,S0,0,0.2,14,e,154,0.008000927643784786,19.71428571428571
random_uniform,1,S0,0,0.2,15,f,154,0.004037358745150953,9.948051948051948
random_uniform,1,S0,0,0.3,0,0,231,0.0033345983021307703,12.324675324675328
random_uniform,1,S0,0,0.3,1,1,231,0.0053585483780288976,19.805194805194805
random_uniform,1,S0,0,0.3,2,2,231,0.006857770656471956,25.346320346320347
random_uniform,1,S0,0,0.3,3,3,231,0.004121689998313375,15.233766233766234
random_uniform,1,S0,0,0.3,4,4,231,0.0059582372894061205,22.02164502164502
random_uniform,1,S0,0,0.3,5,5,231,0.002997273289481082,11.077922077922079
random_uniform,1,S0,0,0.3,6,6,231,0.0032971177451696938,12.186147186147188
random_uniform,1,S0,0,0.3,7,7,231,0.0024350649350649354,9.000000000000002
random_uniform,1,S0,0,0.3,8,8,231,0.003447039973013999,12.74025974025974
random_uniform,1,S0,0,0.3,9,9,231,0.008094629036187477,29.917748917748916
random_uniform,1,S0,0,0.3,10,a,231,0.005133665036262438,18.97402597402597
random_uniform,1,S0,0,0.3,11,b,231,0.004908781694495979,18.14285714285714
random_uniform,1,S0,0,0.3,12,c,231,0.0024350649350649354,9.000000000000002
random_uniform,1,S0,0,0.3,13,d,231,0.008844240175409007,32.688311688311686
random_uniform,1,S0,0,0.3,14,e,231,0.004833820580573828,17.865800865800868
random_uniform,1,S0,0,0.3,15,f,231,0.003784364985663687,13.987012987012987
random_uniform,1,S0,0,0.4,0,0,308,0.0020555742958340353,10.129870129870126
random_uniform,1,S0,0,0.4,1,1,308,0.0031307977736549164,15.428571428571429
random_uniform,1,S0,0,0.4,2,2,308,0.00348920559959521,17.194805194805195
random_uniform,1,S0,0,0.4,3,3,308,0.0038476134255355033,18.96103896103896
random_uniform,1,S0,0,0.4,4,4,308,0.004037358745150953,19.896103896103895
random_uniform,1,S0,0,0.4,5,5,308,0.0025615618148085674,12.62337662337662
random_uniform,1,S0,0,0.4,6,6,308,0.001950160229381008,9.610389610389607
random_uniform,1,S0,0,0.4,7,7,308,0.0023507336819025126,11.584415584415583
random_uniform,1,S0,0,0.4,8,8,308,0.004712008770450329,23.22077922077922
random_uniform,1,S0,0,0.4,9,9,308,0.00555532130207455,27.37662337662338
random_uniform,1,S0,0,0.4,10,a,308,0.004775257210322146,23.532467532467535
random_uniform,1,S0,0,0.4,11,b,308,0.0037632821723730817,18.545454545454547
random_uniform,1,S0,0,0.4,12,c,308,0.002245319615449485,11.064935064935064
random_uniform,1,S0,0,0.4,13,d,308,0.004353600944510035,21.454545454545453
random_uniform,1,S0,0,0.4,14,e,308,0.0032362118401079443,15.94805194805195
random_uniform,1,S0,0,0.4,15,f,308,0.0043114353179288245,21.246753246753247
random_uniform,1,S0,0,0.5,0,0,384,0.0018988715277777775,11.666666666666664
random_uniform,1,S0,0,0.5,1,1,384,0.0030110677083333335,18.5
random_uniform,1,S0,0,0.5,2,2,384,0.002916124131944444,17.916666666666664
random_uniform,1,S0,0,0.5,3,3,384,0.002468532986111112,15.166666666666671
random_uniform,1,S0,0,0.5,4,4,384,0.003228081597222222,19.833333333333332
random_uniform,1,S0,0,0.5,5,5,384,0.001885308159722223,11.583333333333337
random_uniform,1,S0,0,0.5,6,6,384,0.0011664496527777773,7.166666666666664
random_uniform,1,S0,0,0.5,7,7,384,0.0018717447916666667,11.5
random_uniform,1,S0,0,0.5,8,8,384,0.003119574652777778,19.166666666666668
random_uniform,1,S0,0,0.5,9,9,384,0.004163953993055556,25.583333333333336
random_uniform,1,S0,0,0.5,10,a,384,0.004191080729166667,25.75
random_uniform,1,S0,0,0.5,11,b,384,0.003065321180555556,18.833333333333336
random_uniform,1,S0,0,0.5,12,c,384,0.0019938151041666665,12.25
random_uniform,1,S0,0,0.5,13,d,384,0.003065321180555555,18.83333333333333
random_uniform,1,S0,0,0.5,14,e,384,0.002685546875,16.5
random_uniform,1,S0,0,0.5,15,f,384,0.003078884548611111,18.916666666666664
random_uniform,1,S0,0,0.65,0,0,500,0.001316,10.527999999999999
random_uniform,1,S0,0,0.65,1,1,500,0.0023319999999999994,18.655999999999995
random_uniform,1,S0,0,0.65,2,2,500,0.002268,18.144000000000002
random_uniform,1,S0,0,0.65,3,3,500,0.002876,23.008
random_uniform,1,S0,0,0.65,4,4,500,0.001556,12.448
random_uniform,1,S0,0,0.65,5,5,500,0.0007719999999999999,6.175999999999999
random_uniform,1,S0,0,0.65,6,6,500,0.001268,10.144
random_uniform,1,S0,0,0.65,7,7,500,0.001156,9.248
random_uniform,1,S0,0,0.65,8,8,500,0.001796,14.368
random_uniform,1,S0,0,0.65,9,9,500,0.0023400000000000005,18.720000000000002
random_uniform,1,S0,0,0.65,10,a,500,0.003211999999999999,25.695999999999994
random_uniform,1,S0,0,0.65,11,b,500,0.002916,23.328000000000003
random_uniform,1,S0,0,0.65,12,c,500,0.001324,10.592
random_uniform,1,S0,0,0.65,13,d,500,0.00286,22.880000000000003
random_uniform,1,S0,0,0.65,14,e,500,0.001548,12.383999999999999
random_uniform,1,S0,0,0.65,15,f,500,0.0018359999999999997,14.687999999999997
random_uniform,1,S0,0,0.8,0,0,615,0.0012160420384691652,11.965853658536586
random_uniform,1,S0,0,0.8,1,1,615,0.002104402141582391,20.707317073170724
random_uniform,1,S0,0,0.8,2,2,615,0.0020250842752329965,19.926829268292686
random_uniform,1,S0,0,0.8,3,3,615,0.0023793707449269613,23.413008130081298
random_uniform,1,S0,0,0.8,4,4,615,0.0009410734351245949,9.260162601626014
random_uniform,1,S0,0,0.8,5,5,615,0.00041757551721858697,4.108943089430896
random_uniform,1,S0,0,0.8,6,6,615,0.0009939520126908583,9.780487804878046
random_uniform,1,S0,0,0.8,7,7,615,0.0012953599048185602,12.746341463414632
random_uniform,1,S0,0,0.8,8,8,615,0.0015386013616233726,15.139837398373986
random_uniform,1,S0,0,0.8,9,9,615,0.00241109789146672,23.725203252032525
random_uniform,1,S0,0,0.8,10,a,615,0.0027918236499438168,27.471544715447155
random_uniform,1,S0,0,0.8,11,b,615,0.0027389450723775523,26.951219512195113
random_uniform,1,S0,0,0.8,12,c,615,0.0011737391764161545,11.54959349593496
random_uniform,1,S0,0,0.8,13,d,615,0.0022736135897944345,22.372357723577235
random_uniform,1,S0,0,0.8,14,e,615,0.0017395399563751733,17.117073170731704
random_uniform,1,S0,0,0.8,15,f,615,0.0023317800251173243,22.944715447154472
random_uniform,1,S0,0,1.0,0,0,769,0.0006272606749515101,7.71781534460338
random_uniform,1,S0,0,1.0,1,1,769,0.001134565011896287,13.959687906371915
random_uniform,1,S0,0,1.0,2,2,769,0.0012495539949371028,15.374512353706113
random_uniform,1,S0,0,1.0,3,3,769,0.00148967804775763,18.32899869960988
random_uniform,1,S0,0,1.0,4,4,769,0.0010567783468980873,13.002600780234065
random_uniform,1,S0,0,1.0,5,5,769,0.0007523957447312219,9.257477243172954
random_uniform,1,S0,0,1.0,6,6,769,0.001063542404724018,13.085825747724318
random_uniform,1,S0,0,1.0,7,7,769,0.0009417893638572715,11.58777633289987
random_uniform,1,S0,0,1.0,8,8,769,0.0008775308145109335,10.797139141742525
random_uniform,1,S0,0,1.0,9,9,769,0.001317194573196406,16.20676202860858
random_uniform,1,S0,0,1.0,10,a,769,0.0019259597775301382,23.69700910273082
random_uniform,1,S0,0,1.0,11,b,769,0.0017568583318818796,21.616384915474647
random_uniform,1,S0,0,1.0,12,c,769,0.0009417893638572717,11.587776332899871
random_uniform,1,S0,0,1.0,13,d,769,0.0011616212432000081,14.2925877763329
random_uniform,1,S0,0,1.0,14,e,769,0.0012664641395019286,15.582574772431729
random_uniform,1,S0,0,1.0,15,f,769,0.0016181951464503063,19.91027308192457
random_uniform,1,S5,5,0.05,0,0,30,0.02861111111111111,13.733333333333334
random_uniform,1,S5,5,0.05,1,1,30,0.03305555555555556,15.866666666666669
random_uniform,1,S5,5,0.05,2,2,30,0.019722222222222224,9.466666666666669
random_uniform,1,S5,5,0.05,3,3,30,0.0175,8.4
random_uniform,1,S5,5,0.05,4,4,30,0.028611111111111115,13.733333333333334
random_uniform,1,S5,5,0.05,5,5,30,0.05972222222222222,28.666666666666664
random_uniform,1,S5,5,0.05,6,6,30,0.04194444444444444,20.13333333333333
random_uniform,1,S5,5,0.05,7,7,30,0.03972222222222223,19.06666666666667
random_uniform,1,S5,5,0.05,8,8,30,0.04861111111111112,23.333333333333336
random_uniform,1,S5,5,0.05,9,9,30,0.04194444444444444,20.13333333333333
random_uniform,1,S5,5,0.05,10,a,30,0.03972222222222223,19.06666666666667
random_uniform,1,S5,5,0.05,11,b,30,0.03972222222222222,19.066666666666666
random_uniform,1,S5,5,0.05,12,c,30,0.05527777777777779,26.53333333333334
random_uniform,1,S5,5,0.05,13,d,30,0.08861111111111111,42.53333333333333
random_uniform,1,S5,5,0.05,14,e,30,0.05527777777777777,26.53333333333333
random_uniform,1,S5,5,0.05,15,f,30,0.02416666666666667,11.600000000000001
random_uniform,1,S5,5,0.075,0,0,45,0.019969135802469132,14.377777777777775
random_uniform,1,S5,5,0.075,1,1,45,0.013055555555555553,9.399999999999999
random_uniform,1,S5,5,0.075,2,2,45,0.015030864197530861,10.82222222222222
random_uniform,1,S5,5,0.075,3,3,45,0.019969135802469132,14.377777777777775
random_uniform,1,S5,5,0.075,4,4,45,0.015030864197530861,10.82222222222222
random_uniform,1,S5,5,0.075,5,5,45,0.03280864197530864,23.62222222222222
random_uniform,1,S5,5,0.075,6,6,45,0.02194444444444444,15.799999999999997
random_uniform,1,S5,5,0.075,7,7,45,0.034783950617283954,25.044444444444448
random_uniform,1,S5,5,0.075,8,8,45,0.02589506172839506,18.644444444444442
random_uniform,1,S5,5,0.075,9,9,45,0.02688271604938271,19.35555555555555
random_uniform,1,S5,5,0.075,10,a,45,0.017993827160493824,12.955555555555552
random_uniform,1,S5,5,0.075,11,b,45,0.015030864197530863,10.822222222222221
random_uniform,1,S5,5,0.075,12,c,45,0.03083333333333333,22.2
random_uniform,1,S5,5,0.075,13,d,45,0.04169753086419753,30.022222222222222
random_uniform,1,S5,5,0.075,14,e,45,0.022932098765432098,16.51111111111111
random_uniform,1,S5,5,0.075,15,f,45,0.013055555555555556,9.4
random_uniform,1,S5,5,0.1,0,0,59,0.012478454467107155,11.779661016949154
random_uniform,1,S5,5,0.1,1,1,59,0.012478454467107153,11.779661016949152
random_uniform,1,S5,5,0.1,2,2,59,0.017649382361390405,16.661016949152543
random_uniform,1,S5,5,0.1,3,3,59,0.016500287273771907,15.57627118644068
random_uniform,1,S5,5,0.1,4,4,59,0.011903906923297902,11.23728813559322
random_uniform,1,S5,5,0.1,5,5,59,0.029714880781384664,28.050847457627125
random_uniform,1,S5,5,0.1,6,6,59,0.018798477449008907,17.74576271186441
random_uniform,1,S5,5,0.1,7,7,59,0.030289428325193914,28.593220338983055
random_uniform,1,S5,5,0.1,8,8,59,0.016500287273771903,15.576271186440676
random_uniform,1,S5,5,0.1,9,9,59,0.017649382361390405,16.661016949152543
random_uniform,1,S5,5,0.1,10,a,59,0.011329359379488651,10.694915254237287
random_uniform,1,S5,5,0.1,11,b,59,0.013053002010916403,12.322033898305085
random_uniform,1,S5,5,0.1,12,c,59,0.019947572536627406,18.83050847457627
random_uniform,1,S5,5,0.1,13,d,59,0.02741669060614766,25.88135593220339
random_uniform,1,S5,5,0.1,14,e,59,0.026842143062338408,25.338983050847457
random_uniform,1,S5,5,0.1,15,f,59,0.009031169204251652,8.52542372881356
random_uniform,1,S5,5,0.15,0,0,89,0.01084932458022977,15.449438202247192
random_uniform,1,S5,5,0.15,1,1,89,0.007061923999495013,10.0561797752809
random_uniform,1,S5,5,0.15,2,2,89,0.011101817952278752,15.808988764044944
random_uniform,1,S5,5,0.15,3,3,89,0.008324390859739933,11.853932584269664
random_uniform,1,S5,5,0.15,4,4,89,0.00680943062744603,9.696629213483147
random_uniform,1,S5,5,0.15,5,5,89,0.015899192021209443,22.640449438202246
random_uniform,1,S5,5,0.15,6,6,89,0.0088293776038379,12.573033707865168
random_uniform,1,S5,5,0.15,7,7,89,0.013626751672768589,19.40449438202247
random_uniform,1,S5,5,0.15,8,8,89,0.009839351092033835,14.011235955056181
random_uniform,1,S5,5,0.15,9,9,89,0.013121764928670622,18.685393258426966
random_uniform,1,S5,5,0.15,10,a,89,0.01084932458022977,15.449438202247192
random_uniform,1,S5,5,0.15,11,b,89,0.013121764928670622,18.685393258426966
random_uniform,1,S5,5,0.15,12,c,89,0.009081870975886882,12.93258426966292
random_uniform,1,S5,5,0.15,13,d,89,0.022211526322434037,31.629213483146067
random_uniform,1,S5,5,0.15,14,e,89,0.01564669864916046,22.280898876404493
random_uniform,1,S5,5,0.15,15,f,89,0.005294470395152127,7.539325842696629
random_uniform,1,S5,5,0.2,0,0,119,0.010164359861591697,19.35294117647059
random_uniform,1,S5,5,0.2,1,1,119,0.007198467622343056,13.705882352941178
random_uniform,1,S5,5,0.2,2,2,119,0.010023126897817952,19.08403361344538
random_uniform,1,S5,5,0.2,3,3,119,0.009316962078949227,17.73949579831933
random_uniform,1,S5,5,0.2,4,4,119,0.005362439093284373,10.210084033613446
random_uniform,1,S5,5,0.2,5,5,119,0.01030559282536544,19.621848739495796
random_uniform,1,S5,5,0.2,6,6,119,0.0076221665136642905,14.512605042016808
random_uniform,1,S5,5,0.2,7,7,119,0.008187098368759266,15.588235294117643
random_uniform,1,S5,5,0.2,8,8,119,0.009316962078949225,17.739495798319325
random_uniform,1,S5,5,0.2,9,9,119,0.01087052468046042,20.69747899159664
random_uniform,1,S5,5,0.2,10,a,119,0.009034496151401736,17.201680672268907
random_uniform,1,S5,5,0.2,11,b,119,0.00762216651366429,14.512605042016807
random_uniform,1,S5,5,0.2,12,c,119,0.006492302803474332,12.361344537815128
random_uniform,1,S5,5,0.2,13,d,119,0.016237377303862724,30.915966386554626
random_uniform,1,S5,5,0.2,14,e,119,0.009881893934044206,18.81512605042017
random_uniform,1,S5,5,0.2,15,f,119,0.004656274274415649,8.865546218487395
random_uniform,1,S5,5,0.3,0,0,178,0.005925703825274586,16.87640449438202
random_uniform,1,S5,5,0.3,1,1,178,0.005168223709127635,14.719101123595504
random_uniform,1,S5,5,0.3,2,2,178,0.006556937255397046,18.674157303370787
random_uniform,1,S5,5,0.3,3,3,178,0.004600113622017422,13.10112359550562
random_uniform,1,S5,5,0.3,4,4,178,0.002643289988637798,7.528089887640449
random_uniform,1,S5,5,0.3,5,5,178,0.009334364347935865,26.584269662921344
random_uniform,1,S5,5,0.3,6,6,178,0.0068725539704582745,19.573033707865164
random_uniform,1,S5,5,0.3,7,7,178,0.0033376467617725033,9.50561797752809
random_uniform,1,S5,5,0.3,8,8,178,0.00788252745865421,22.44943820224719
random_uniform,1,S5,5,0.3,9,9,178,0.008135020830703193,23.168539325842694
random_uniform,1,S5,5,0.3,10,a,178,0.007125047342507259,20.292134831460675
random_uniform,1,S5,5,0.3,11,b,178,0.006493813912384799,18.494382022471907
random_uniform,1,S5,5,0.3,12,c,178,0.004284496906956192,12.202247191011235
random_uniform,1,S5,5,0.3,13,d,178,0.009713104406009341,27.662921348314605
random_uniform,1,S5,5,0.3,14,e,178,0.009776227749021586,27.842696629213478
random_uniform,1,S5,5,0.3,15,f,178,0.002895783360686782,8.247191011235955
random_uniform,1,S5,5,0.4,0,0,238,0.005009356683850012,19.075630252100844
random_uniform,1,S5,5,0.4,1,1,238,0.0034204858413953826,13.025210084033617
random_uniform,1,S5,5,0.4,2,2,238,0.004726890756302521,18.0
random_uniform,1,S5,5,0.4,3,3,238,0.00409134241932067,15.57983193277311
random_uniform,1,S5,5,0.4,4,4,238,0.002643704540639785,10.0672268907563
random_uniform,1,S5,5,0.4,5,5,238,0.006421686321587459,24.453781512605044
random_uniform,1,S5,5,0.4,6,6,238,0.005644905020831863,21.495798319327733
random_uniform,1,S5,5,0.4,7,7,238,0.0027496292634700947,10.470588235294121
random_uniform,1,S5,5,0.4,8,8,238,0.006351069839700586,24.18487394957983
random_uniform,1,S5,5,0.4,9,9,238,0.005644905020831863,21.495798319327733
random_uniform,1,S5,5,0.4,10,a,238,0.004444424828755031,16.92436974789916
random_uniform,1,S5,5,0.4,11,b,238,0.0050446649247934475,19.210084033613448
random_uniform,1,S5,5,0.4,12,c,238,0.0040207259374337966,15.310924369747898
random_uniform,1,S5,5,0.4,13,d,238,0.004303191864981287,16.386554621848738
random_uniform,1,S5,5,0.4,14,e,238,0.005433055575171246,20.689075630252102
random_uniform,1,S5,5,0.4,15,f,238,0.0032086363957347635,12.218487394957979
random_uniform,1,S5,5,0.5,0,0,297,0.004171201351336032,19.821548821548824
random_uniform,1,S5,5,0.5,1,1,297,0.0027427756804861182,13.033670033670035
random_uniform,1,S5,5,0.5,2,2,297,0.0024480211769774057,11.632996632996631
random_uniform,1,S5,5,0.5,3,3,297,0.0028561427972202385,13.572390572390573
random_uniform,1,S5,5,0.5,4,4,297,0.0035136720742781355,16.6969696969697
random_uniform,1,S5,5,0.5,5,5,297,0.005667647292226416,26.93265993265993
random_uniform,1,S5,5,0.5,6,6,297,0.0049194243217812236,23.377104377104374
random_uniform,1,S5,5,0.5,7,7,297,0.0021305932501218686,10.12457912457912
random_uniform,1,S5,5,0.5,8,8,297,0.003717732884399552,17.66666666666667
random_uniform,1,S5,5,0.5,9,9,297,0.002765449103832942,13.14141414141414
random_uniform,1,S5,5,0.5,10,a,297,0.0032869378408098954,15.619528619528623
random_uniform,1,S5,5,0.5,11,b,297,0.0031055504540353027,14.757575757575758
random_uniform,1,S5,5,0.5,12,c,297,0.0038311000011336718,18.205387205387208
random_uniform,1,S5,5,0.5,13,d,297,0.002833469373873414,13.464646464646464
random_uniform,1,S5,5,0.5,14,e,297,0.005236852248636761,24.885521885521886
random_uniform,1,S5,5,0.5,15,f,297,0.0023119806368964613,10.986531986531984
random_uniform,1,S5,5,0.65,0,0,386,0.003716542725979221,22.95336787564767
random_uniform,1,S5,5,0.65,1,1,386,0.0015554108835136517,9.606217616580313
random_uniform,1,S5,5,0.65,2,2,386,0.001649373137533894,10.186528497409329
random_uniform,1,S5,5,0.65,3,3,386,0.0021863003033638488,13.50259067357513
random_uniform,1,S5,5,0.65,4,4,386,0.002481610244570324,15.32642487046632
random_uniform,1,S5,5,0.65,5,5,386,0.0038507745174367097,23.78238341968912
random_uniform,1,S5,5,0.65,6,6,386,0.003018537410400279,18.642487046632123
random_uniform,1,S5,5,0.65,7,7,386,0.0019044135413031219,11.76165803108808
random_uniform,1,S5,5,0.65,8,8,386,0.003072230126983275,18.974093264248708
random_uniform,1,S5,5,0.65,9,9,386,0.0018775671830116244,11.595854922279793
random_uniform,1,S5,5,0.65,10,a,386,0.0014480254503476601,8.943005181347148
random_uniform,1,S5,5,0.65,11,b,386,0.00168964267497114,10.435233160621761
random_uniform,1,S5,5,0.65,12,c,386,0.003783658621707965,23.36787564766839
random_uniform,1,S5,5,0.65,13,d,386,0.002266839378238342,14.000000000000002
random_uniform,1,S5,5,0.65,14,e,386,0.003354116889044001,20.71502590673575
random_uniform,1,S5,5,0.65,15,f,386,0.0017433353915541356,10.766839378238341
random_uniform,1,S5,5,0.8,0,0,475,0.0017349030470914127,13.185263157894736
random_uniform,1,S5,5,0.8,1,1,475,0.00141578947368421,10.759999999999996
random_uniform,1,S5,5,0.8,2,2,475,0.0017349030470914127,13.185263157894736
random_uniform,1,S5,5,0.8,3,3,475,0.0017614958448753462,13.387368421052631
random_uniform,1,S5,5,0.8,4,4,475,0.0019210526315789473,14.6
random_uniform,1,S5,5,0.8,5,5,475,0.002940443213296399,22.347368421052632
random_uniform,1,S5,5,0.8,6,6,475,0.0023465373961218837,17.833684210526314
random_uniform,1,S5,5,0.8,7,7,475,0.0015132963988919665,11.501052631578945
random_uniform,1,S5,5,0.8,8,8,475,0.0026567867036011075,20.191578947368416
random_uniform,1,S5,5,0.8,9,9,475,0.0014335180055401661,10.894736842105262
random_uniform,1,S5,5,0.8,10,a,475,0.0012296398891966757,9.345263157894736
random_uniform,1,S5,5,0.8,11,b,475,0.0008927977839335182,6.785263157894739
random_uniform,1,S5,5,0.8,12,c,475,0.0021515235457063714,16.351578947368424
random_uniform,1,S5,5,0.8,13,d,475,0.002816343490304709,21.404210526315786
random_uniform,1,S5,5,0.8,14,e,475,0.0025326869806094176,19.248421052631574
random_uniform,1,S5,5,0.8,15,f,475,0.001814681440443213,13.79157894736842
random_uniform,1,S5,5,1.0,0,0,594,0.0007758562051491346,7.373737373737375
random_uniform,1,S5,5,1.0,1,1,594,0.001376701923839971,13.084175084175085
random_uniform,1,S5,5,1.0,2,2,594,0.0019888843542042196,18.902356902356903
random_uniform,1,S5,5,1.0,3,3,594,0.0007588511376390166,7.212121212121214
random_uniform,1,S5,5,1.0,4,4,594,0.0013993753471867954,13.299663299663303
random_uniform,1,S5,5,1.0,5,5,594,0.0013993753471867952,13.299663299663301
random_uniform,1,S5,5,1.0,6,6,594,0.0018018286115929214,17.124579124579125
random_uniform,1,S5,5,1.0,7,7,594,0.0009855853711072564,9.367003367003365
random_uniform,1,S5,5,1.0,8,8,594,0.0017451450532258617,16.58585858585859
random_uniform,1,S5,5,1.0,9,9,594,0.0012236563162489093,11.629629629629633
random_uniform,1,S5,5,1.0,10,a,594,0.0006681574442517202,6.350168350168349
random_uniform,1,S5,5,1.0,11,b,594,0.0005888004625378364,5.595959595959597
random_uniform,1,S5,5,1.0,12,c,594,0.001433385482207031,13.622895622895623
random_uniform,1,S5,5,1.0,13,d,594,0.0016657880715119774,15.831649831649834
random_uniform,1,S5,5,1.0,14,e,594,0.0014957373964107974,14.215488215488218
random_uniform,1,S5,5,1.0,15,f,594,0.0011442993345350243,10.875420875420872
guided_model,0,S0,0,0.05,0,0,60,0.02361111111111111,22.666666666666664
guided_model,0,S0,0,0.05,1,1,60,0.011388888888888888,10.933333333333332
guided_model,0,S0,0,0.05,2,2,60,0.02361111111111111,22.666666666666664
guided_model,0,S0,0,0.05,3,3,60,0.0225,21.599999999999998
guided_model,0,S0,0,0.05,4,4,60,0.02861111111111111,27.46666666666667
guided_model,0,S0,0,0.05,5,5,60,0.025277777777777774,24.266666666666662
guided_model,0,S0,0,0.05,6,6,60,0.03194444444444444,30.666666666666664
guided_model,0,S0,0,0.05,7,7,60,0.021944444444444447,21.06666666666667
guided_model,0,S0,0,0.05,8,8,60,0.0225,21.599999999999998
guided_model,0,S0,0,0.05,9,9,60,0.03138888888888889,30.133333333333333
guided_model,0,S0,0,0.05,10,a,60,0.020833333333333336,20.000000000000004
guided_model,0,S0,0,0.05,11,b,60,0.013055555555555556,12.533333333333335
guided_model,0,S0,0,0.05,12,c,60,0.022500000000000003,21.6
guided_model,0,S0,0,0.05,13,d,60,0.020833333333333336,20.000000000000004
guided_model,0,S0,0,0.05,14,e,60,0.020833333333333332,20.0
guided_model,0,S0,0,0.05,15,f,60,0.020277777777777777,19.466666666666665
guided_model,0,S0,0,0.075,0,0,90,0.011574074074074073,16.666666666666664
guided_model,0,S0,0,0.075,1,1,90,0.009104938271604938,13.11111111111111
guided_model,0,S0,0,0.075,2,2,90,0.013055555555555555,18.799999999999997
guided_model,0,S0,0,0.075,3,3,90,0.012808641975308638,18.44444444444444
guided_model,0,S0,0,0.075,4,4,90,0.017253086419753084,24.84444444444444
guided_model,0,S0,0,0.075,5,5,90,0.018734567901234567,26.977777777777774
guided_model,0,S0,0,0.075,6,6,90,0.02540123456790123,36.577777777777776
guided_model,0,S0,0,0.075,7,7,90,0.014537037037037036,20.93333333333333
guided_model,0,S0,0,0.075,8,8,90,0.017253086419753084,24.84444444444444
guided_model,0,S0,0,0.075,9,9,90,0.00984567901234568,14.177777777777779
guided_model,0,S0,0,0.075,10,a,90,0.013055555555555553,18.799999999999997
guided_model,0,S0,0,0.075,11,b,90,0.00910493827160494,13.111111111111114
guided_model,0,S0,0,0.075,12,c,90,0.012314814814814817,17.733333333333334
guided_model,0,S0,0,0.075,13,d,90,0.007376543209876545,10.622222222222225
guided_model,0,S0,0,0.075,14,e,90,0.016512345679012344,23.777777777777775
guided_model,0,S0,0,0.075,15,f,90,0.00984567901234568,14.177777777777779
guided_model,0,S0,0,0.1,0,0,120,0.008611111111111111,16.53333333333333
guided_model,0,S0,0,0.1,1,1,120,0.0061111111111111106,11.733333333333333
guided_model,0,S0,0,0.1,2,2,120,0.01152777777777778,22.133333333333336
guided_model,0,S0,0,0.1,3,3,120,0.011666666666666667,22.400000000000002
guided_model,0,S0,0,0.1,4,4,120,0.014166666666666668,27.200000000000003
guided_model,0,S0,0,0.1,5,5,120,0.012361111111111111,23.733333333333334
guided_model,0,S0,0,0.1,6,6,120,0.02236111111111111,42.93333333333333
guided_model,0,S0,0,0.1,7,7,120,0.01375,26.4
guided_model,0,S0,0,0.1,8,8,120,0.009166666666666667,17.6
guided_model,0,S0,0,0.1,9,9,120,0.007777777777777777,14.933333333333332
guided_model,0,S0,0,0.1,10,a,120,0.010555555555555556,20.266666666666666
guided_model,0,S0,0,0.1,11,b,120,0.0034722222222222216,6.666666666666665
guided_model,0,S0,0,0.1,12,c,120,0.010833333333333334,20.8
guided_model,0,S0,0,0.1,13,d,120,0.008333333333333333,16.0
guided_model,0,S0,0,0.1,14,e,120,0.009861111111111112,18.933333333333337
guided_model,0,S0,0,0.1,15,f,120,0.006944444444444444,13.333333333333332
guided_model,0,S0,0,0.15,0,0,180,0.004969135802469136,14.311111111111112
guided_model,0,S0,0,0.15,1,1,180,0.0034876543209876537,10.044444444444443
guided_model,0,S0,0,0.15,2,2,180,0.006265432098765431,18.04444444444444
guided_model,0,S0,0,0.15,3,3,180,0.00830246913580247,23.91111111111111
guided_model,0,S0,0,0.15,4,4,180,0.0071913580246913585,20.711111111111112
guided_model,0,S0,0,0.15,5,5,180,0.00941358024691358,27.111111111111107
guided_model,0,S0,0,0.15,6,6,180,0.015277777777777776,43.99999999999999
guided_model,0,S0,0,0.15,7,7,180,0.008549382716049382,24.62222222222222
guided_model,0,S0,0,0.15,8,8,180,0.009845679012345678,28.35555555555555
guided_model,0,S0,0,0.15,9,9,180,0.006080246913580247,17.511111111111113
guided_model,0,S0,0,0.15,10,a,180,0.004845679012345679,13.955555555555554
guided_model,0,S0,0,0.15,11,b,180,0.002438271604938271,7.02222222222222
guided_model,0,S0,0,0.15,12,c,180,0.007006172839506172,20.177777777777774
guided_model,0,S0,0,0.15,13,d,180,0.004722222222222221,13.599999999999998
guided_model,0,S0,0,0.15,14,e,180,0.007438271604938271,21.42222222222222
guided_model,0,S0,0,0.15,15,f,180,0.005771604938271604,16.62222222222222
guided_model,0,S0,0,0.2,0,0,240,0.0036805555555555554,14.133333333333333
guided_model,0,S0,0,0.2,1,1,240,0.003958333333333333,15.199999999999998
guided_model,0,S0,0,0.2,2,2,240,0.0051736111111111115,19.866666666666667
guided_model,0,S0,0,0.2,3,3,240,0.005798611111111112,22.26666666666667
guided_model,0,S0,0,0.2,4,4,240,0.006875,26.4
guided_model,0,S0,0,0.2,5,5,240,0.009201388888888891,35.33333333333334
guided_model,0,S0,0,0.2,6,6,240,0.017395833333333336,66.80000000000001
guided_model,0,S0,0,0.2,7,7,240,0.008923611111111111,34.266666666666666
guided_model,0,S0,0,0.2,8,8,240,0.00854166666666667,32.80000000000001
guided_model,0,S0,0,0.2,9,9,240,0.0035763888888888876,13.733333333333329
guided_model,0,S0,0,0.2,10,a,240,0.0030208333333333337,11.600000000000001
guided_model,0,S0,0,0.2,11,b,240,0.0020833333333333324,7.9999999999999964
guided_model,0,S0,0,0.2,12,c,240,0.0055208333333333325,21.199999999999996
guided_model,0,S0,0,0.2,13,d,240,0.008159722222222223,31.333333333333336
guided_model,0,S0,0,0.2,14,e,240,0.008055555555555555,30.933333333333334
guided_model,0,S0,0,0.2,15,f,240,0.0037847222222222223,14.533333333333333
guided_model,0,S0,0,0.3,0,0,361,0.0029767842481257818,17.193905817174514
guided_model,0,S0,0,0.3,1,1,361,0.004066401424175689,23.48753462603878
guided_model,0,S0,0,0.3,2,2,361,0.004588189931016489,26.50138504155124
guided_model,0,S0,0,0.3,3,3,361,0.005248098924962207,30.313019390581708
guided_model,0,S0,0,0.3,4,4,361,0.00580058087338188,33.50415512465374
guided_model,0,S0,0,0.3,5,5,361,0.007427333277062024,42.90027700831025
guided_model,0,S0,0,0.3,6,6,361,0.014302664190729047,82.61218836565098
guided_model,0,S0,0,0.3,7,7,361,0.007458026718640895,43.07756232686981
guided_model,0,S0,0,0.3,8,8,361,0.00629167593864381,36.340720221606645
guided_model,0,S0,0,0.3,9,9,361,0.0015341924939188617,8.861495844875346
guided_model,0,S0,0,0.3,10,a,361,0.0015034990523399912,8.68421052631579
guided_model,0,S0,0,0.3,11,b,361,0.003022824410494088,17.45983379501385
guided_model,0,S0,0,0.3,12,c,361,0.0018104334681286974,10.457063711911356
guided_model,0,S0,0,0.3,13,d,361,0.004726310418121409,27.299168975069257
guided_model,0,S0,0,0.3,14,e,361,0.00484908418443689,28.008310249307478
guided_model,0,S0,0,0.3,15,f,361,0.0026851965531265102,15.509695290858723
guided_model,0,S0,0,0.4,0,0,481,0.0027962253793854626,21.51975051975052
guided_model,0,S0,0,0.4,1,1,481,0.003842209793353245,29.569646569646576
guided_model,0,S0,0,0.4,2,2,481,0.005363641668215473,41.27858627858628
guided_model,0,S0,0,0.4,3,3,481,0.00446461374216052,34.35966735966736
guided_model,0,S0,0,0.4,4,4,481,0.006435559580050225,49.52806652806653
guided_model,0,S0,0,0.4,5,5,481,0.00836328292149498,64.36382536382537
guided_model,0,S0,0,0.4,6,6,481,0.015987731294384105,123.04158004158008
guided_model,0,S0,0,0.4,7,7,481,0.006936940538811642,53.386694386694394
guided_model,0,S0,0,0.4,8,8,481,0.003090138355211121,23.781704781704786
guided_model,0,S0,0,0.4,9,9,481,0.001335304999546164,10.276507276507278
guided_model,0,S0,0,0.4,10,a,481,0.0015773509796378822,12.139293139293141
guided_model,0,S0,0,0.4,11,b,481,0.0024590899071148557,18.92515592515593
guided_model,0,S0,0,0.4,12,c,481,0.0014217499924360634,10.941787941787943
guided_model,0,S0,0,0.4,13,d,481,0.005432797662527393,41.810810810810814
guided_model,0,S0,0,0.4,14,e,481,0.005303130173192543,40.812889812889814
guided_model,0,S0,0,0.4,15,f,481,0.002225688426312127,17.12889812889813
guided_model,0,S0,0,0.5,0,0,601,0.0027240719156369996,26.194675540765388
guided_model,0,S0,0,0.5,1,1,601,0.003931156059922314,37.80199667221297
guided_model,0,S0,0,0.5,2,2,601,0.004401808134528974,42.32778702163061
guided_model,0,S0,0,0.5,3,3,601,0.0033885219033169896,32.58402662229617
guided_model,0,S0,0,0.5,4,4,601,0.00578607894219562,55.638935108153085
guided_model,0,S0,0,0.5,5,5,601,0.007989838068000918,76.83028286189683
guided_model,0,S0,0,0.5,6,6,601,0.015791588340010133,151.85191347753744
guided_model,0,S0,0,0.5,7,7,601,0.006843661839252935,65.80865224625623
guided_model,0,S0,0,0.5,8,8,601,0.0022700310907223407,21.828618968386028
guided_model,0,S0,0,0.5,9,9,601,0.0009411311153623605,9.04991680532446
guided_model,0,S0,0,0.5,10,a,601,0.0010795581961290251,10.381031613976706
guided_model,0,S0,0,0.5,11,b,601,0.0021980490087236742,21.13643926788685
guided_model,0,S0,0,0.5,12,c,601,0.0010186502805916925,9.795341098169715
guided_model,0,S0,0,0.5,13,d,601,0.005420631448971625,52.12479201331114
guided_model,0,S0,0,0.5,14,e,601,0.004507012715911639,43.339434276206326
guided_model,0,S0,0,0.5,15,f,601,0.0019488802633436777,18.740432612312805
guided_model,0,S0,0,0.65,0,0,781,0.0020598653028636262,25.740076824583873
guided_model,0,S0,0,0.65,1,1,781,0.003433723631510867,42.9078104993598
guided_model,0,S0,0,0.65,2,2,781,0.003394376853602116,42.41613316261204
guided_model,0,S0,0,0.65,3,3,781,0.00268941374940365,33.60691421254801
guided_model,0,S0,0,0.65,4,4,781,0.005043662627610617,63.02560819462227
guided_model,0,S0,0,0.65,5,5,781,0.008322560786673247,103.99871959026889
guided_model,0,S0,0,0.65,6,6,781,0.01601157696967511,200.0806658130602
guided_model,0,S0,0,0.65,7,7,781,0.006289643928054417,78.595390524968
guided_model,0,S0,0,0.65,8,8,781,0.0011647261054395282,14.554417413572345
guided_model,0,S0,0,0.65,9,9,781,0.0008794619656010798,10.989756722151093
guided_model,0,S0,0,0.65,10,a,781,0.0009712711140548333,12.137003841229197
guided_model,0,S0,0,0.65,11,b,781,0.0013680177913014116,17.094750320102438
guided_model,0,S0,0,0.65,12,c,781,0.0008302784932151402,10.375160051216392
guided_model,0,S0,0,0.65,13,d,781,0.005850271574740025,73.10499359795135
guided_model,0,S0,0,0.65,14,e,781,0.004758398487772169,59.46094750320102
guided_model,0,S0,0,0.65,15,f,781,0.0015581938845270426,19.471190781049923
guided_model,0,S0,0,0.8,0,0,962,0.0015643842307043973,24.079002079002084
guided_model,0,S0,0,0.8,1,1,962,0.0026427855170058916,40.677754677754685
guided_model,0,S0,0,0.8,2,2,962,0.003844370918175493,59.172557172557184
guided_model,0,S0,0,0.8,3,3,962,0.002800547629029958,43.10602910602911
guided_model,0,S0,0,0.8,4,4,962,0.004955189076810699,76.27027027027027
guided_model,0,S0,0,0.8,5,5,962,0.007613372608175104,117.1850311850312
guided_model,0,S0,0,0.8,6,6,962,0.014364726552876243,221.10187110187113
guided_model,0,S0,0,0.8,7,7,962,0.00613948547940232,94.49896049896051
guided_model,0,S0,0,0.8,8,8,962,0.000790701544339798,12.170478170478171
guided_model,0,S0,0,0.8,9,9,962,0.001263987880411997,19.45530145530146
guided_model,0,S0,0,0.8,10,a,962,0.0006113281840932569,9.40956340956341
guided_model,0,S0,0,0.8,11,b,962,0.0011386426407216429,17.525987525987528
guided_model,0,S0,0,0.8,12,c,962,0.0010608421471207333,16.328482328482327
guided_model,0,S0,0,0.8,13,d,962,0.005540853903639767,85.2848232848233
guided_model,0,S0,0,0.8,14,e,962,0.0039027212883761746,60.07068607068608
guided_model,0,S0,0,0.8,15,f,962,0.001957708948353439,30.133056133056133
guided_model,0,S0,0,1.0,0,0,1202,0.0019101206807290124,36.73544093178037
guided_model,0,S0,0,1.0,1,1,1202,0.00229494796526034,44.13643926788686
guided_model,0,S0,0,1.0,2,2,1202,0.0034258972151239887,65.88685524126456
guided_model,0,S0,0,1.0,3,3,1202,0.0026050246261776684,50.099833610648915
guided_model,0,S0,0,1.0,4,4,1202,0.004943058020326634,95.06489184692182
guided_model,0,S0,0,1.0,5,5,1202,0.007879096403387588,151.53078202995007
guided_model,0,S0,0,1.0,6,6,1202,0.015629628655513136,300.58901830282866
guided_model,0,S0,0,1.0,7,7,1202,0.005554905717315289,106.83194675540764
guided_model,0,S0,0,1.0,8,8,1202,0.0010726368420906922,20.62895174708819
guided_model,0,S0,0,1.0,9,9,1202,0.0013868663154310205,26.672212978369387
guided_model,0,S0,0,1.0,10,a,1202,0.0008373108047873624,16.103161397670554
guided_model,0,S0,0,1.0,11,b,1202,0.0013661022533160206,26.27287853577371
guided_model,0,S0,0,1.0,12,c,1202,0.0009411311153623603,18.099833610648915
guided_model,0,S0,0,1.0,13,d,1202,0.006060164562113616,116.54908485856906
guided_model,0,S0,0,1.0,14,e,1202,0.004418419384220974,84.97504159733778
guided_model,0,S0,0,1.0,15,f,1202,0.0018810509937680125,36.17637271214642
guided_model,0,S5,5,0.05,0,0,73,0.019128823419027958,22.342465753424655
guided_model,0,S5,5,0.05,1,1,73,0.01875351848376806,21.904109589041095
guided_model,0,S5,5,0.05,2,2,73,0.017252298742728468,20.150684931506852
guided_model,0,S5,5,0.05,3,3,73,0.013499249390129479,15.76712328767123
guided_model,0,S5,5,0.05,4,4,73,0.015000469131169073,17.520547945205475
guided_model,0,S5,5,0.05,5,5,73,0.011622724713829986,13.575342465753423
guided_model,0,S5,5,0.05,6,6,73,0.01274863951960968,14.890410958904107
guided_model,0,S5,5,0.05,7,7,73,0.009746200037530493,11.383561643835616
guided_model,0,S5,5,0.05,8,8,73,0.017252298742728465,20.15068493150685
guided_model,0,S5,5,0.05,9,9,73,0.01049680990805029,12.26027397260274
guided_model,0,S5,5,0.05,10,a,73,0.013874554325389378,16.205479452054792
guided_model,0,S5,5,0.05,11,b,73,0.009370895102270594,10.945205479452053
guided_model,0,S5,5,0.05,12,c,73,0.010121504972790392,11.821917808219178
guided_model,0,S5,5,0.05,13,d,73,0.015375774066428972,17.95890410958904
guided_model,0,S5,5,0.05,14,e,73,0.01049680990805029,12.26027397260274
guided_model,0,S5,5,0.05,15,f,73,0.01049680990805029,12.26027397260274
guided_model,0,S5,5,0.075,0,0,110,0.005929752066115702,10.436363636363636
guided_model,0,S5,5,0.075,1,1,110,0.010392561983471075,18.290909090909093
guided_model,0,S5,5,0.075,2,2,110,0.012706611570247934,22.363636363636363
guided_model,0,S5,5,0.075,3,3,110,0.009896694214876035,17.41818181818182
guided_model,0,S5,5,0.075,4,4,110,0.007747933884297522,13.636363636363638
guided_model,0,S5,5,0.075,5,5,110,0.007582644628099174,13.345454545454546
guided_model,0,S5,5,0.075,6,6,110,0.012706611570247935,22.363636363636367
guided_model,0,S5,5,0.075,7,7,110,0.007913223140495869,13.92727272727273
guided_model,0,S5,5,0.075,8,8,110,0.00840909090909091,14.8
guided_model,0,S5,5,0.075,9,9,110,0.0052685950413223145,9.272727272727273
guided_model,0,S5,5,0.075,10,a,110,0.007582644628099175,13.345454545454547
guided_model,0,S5,5,0.075,11,b,110,0.007252066115702479,12.763636363636362
guided_model,0,S5,5,0.075,12,c,110,0.0037809917355371902,6.654545454545455
guided_model,0,S5,5,0.075,13,d,110,0.008078512396694215,14.218181818181819
guided_model,0,S5,5,0.075,14,e,110,0.006095041322314049,10.727272727272727
guided_model,0,S5,5,0.075,15,f,110,0.003946280991735537,6.945454545454545
guided_model,0,S5,5,0.1,0,0,146,0.004585757177706887,10.712328767123287
guided_model,0,S5,5,0.1,1,1,146,0.006837586789266278,15.972602739726025
guided_model,0,S5,5,0.1,2,2,146,0.01190420341527491,27.80821917808219
guided_model,0,S5,5,0.1,3,3,146,0.007400544192156126,17.28767123287671
guided_model,0,S5,5,0.1,4,4,146,0.0048672358791518105,11.369863013698629
guided_model,0,S5,5,0.1,5,5,146,0.004679583411521861,10.931506849315067
guided_model,0,S5,5,0.1,6,6,146,0.00927706886845562,21.671232876712327
guided_model,0,S5,5,0.1,7,7,146,0.0052425408144117095,12.246575342465754
guided_model,0,S5,5,0.1,8,8,146,0.011153593544755112,26.054794520547944
guided_model,0,S5,5,0.1,9,9,146,0.00505488834678176,11.808219178082192
guided_model,0,S5,5,0.1,10,a,146,0.007025239256896227,16.410958904109588
guided_model,0,S5,5,0.1,11,b,146,0.009746200037530493,22.767123287671232
guided_model,0,S5,5,0.1,12,c,146,0.0038351473071870893,8.95890410958904
guided_model,0,S5,5,0.1,13,d,146,0.0063684556201914055,14.876712328767123
guided_model,0,S5,5,0.1,14,e,146,0.004679583411521861,10.931506849315067
guided_model,0,S5,5,0.1,15,f,146,0.0041166260086320135,9.616438356164384
guided_model,0,S5,5,0.15,0,0,220,0.0033677685950413224,11.854545454545455
guided_model,0,S5,5,0.15,1,1,220,0.001880165289256198,6.618181818181817
guided_model,0,S5,5,0.15,2,2,220,0.006053719008264463,21.30909090909091
guided_model,0,S5,5,0.15,3,3,220,0.004731404958677686,16.654545454545453
guided_model,0,S5,5,0.15,4,4,220,0.003946280991735537,13.89090909090909
guided_model,0,S5,5,0.15,5,5,220,0.00390495867768595,13.745454545454544
guided_model,0,S5,5,0.15,6,6,220,0.005392561983471074,18.98181818181818
guided_model,0,S5,5,0.15,7,7,220,0.0027892561983471073,9.818181818181818
guided_model,0,S5,5,0.15,8,8,220,0.00853305785123967,30.036363636363635
guided_model,0,S5,5,0.15,9,9,220,0.0025826446280991736,9.090909090909092
guided_model,0,S5,5,0.15,10,a,220,0.004194214876033058,14.763636363636364
guided_model,0,S5,5,0.15,11,b,220,0.0051033057851239665,17.96363636363636
guided_model,0,S5,5,0.15,12,c,220,0.001838842975206611,6.472727272727271
guided_model,0,S5,5,0.15,13,d,220,0.0052685950413223145,18.545454545454547
guided_model,0,S5,5,0.15,14,e,220,0.0034917355371900825,12.290909090909091
guided_model,0,S5,5,0.15,15,f,220,0.003450413223140496,12.145454545454546
guided_model,0,S5,5,0.2,0,0,293,0.00316180153525376,14.822525597269626
guided_model,0,S5,5,0.2,1,1,293,0.0009020198255075771,4.228668941979522
guided_model,0,S5,5,0.2,2,2,293,0.0017407016971659542,8.160409556313994
guided_model,0,S5,5,0.2,3,3,293,0.004582901373341565,21.484641638225256
guided_model,0,S5,5,0.2,4,4,293,0.0023697131009097366,11.109215017064844
guided_model,0,S5,5,0.2,5,5,293,0.0030686146606250506,14.385665529010238
guided_model,0,S5,5,0.2,6,6,293,0.0031152080979394057,14.604095563139934
guided_model,0,S5,5,0.2,7,7,293,0.002416306538224091,11.327645051194539
guided_model,0,S5,5,0.2,8,8,293,0.008147299327889667,38.19453924914676
guided_model,0,S5,5,0.2,9,9,293,0.0012747673240224116,5.976109215017066
guided_model,0,S5,5,0.2,10,a,293,0.003185098253910937,14.931740614334473
guided_model,0,S5,5,0.2,11,b,293,0.003930593250940605,18.426621160409553
guided_model,0,S5,5,0.2,12,c,293,0.0019503721650805488,9.143344709897612
guided_model,0,S5,5,0.2,13,d,293,0.004280044030798262,20.064846416382252
guided_model,0,S5,5,0.2,14,e,293,0.002462899975538446,11.546075085324237
guided_model,0,S5,5,0.2,15,f,293,0.0036277359083973022,17.006825938566553
guided_model,0,S5,5,0.3,0,0,439,0.0016808624903357707,11.806378132118454
guided_model,0,S5,5,0.3,1,1,439,0.0013902869951899377,9.765375854214122
guided_model,0,S5,5,0.3,2,2,439,0.00174312866786702,12.243735763097948
guided_model,0,S5,5,0.3,3,3,439,0.00260447745704931,18.293849658314354
guided_model,0,S5,5,0.3,4,4,439,0.0014110423877003546,9.91116173120729
guided_model,0,S5,5,0.3,5,5,439,0.0027808982933878513,19.533029612756266
guided_model,0,S5,5,0.3,6,6,439,0.0025940997607941008,18.220956719817764
guided_model,0,S5,5,0.3,7,7,439,0.0015355747427628539,10.785876993166285
guided_model,0,S5,5,0.3,8,8,439,0.00517814612834097,36.37129840546697
guided_model,0,S5,5,0.3,9,9,439,0.0009855568412368136,6.922551252847378
guided_model,0,S5,5,0.3,10,a,439,0.0023450350506691014,16.471526195899767
guided_model,0,S5,5,0.3,11,b,439,0.002220502695606602,15.596810933940771
guided_model,0,S5,5,0.3,12,c,439,0.0017016178828461869,11.952164009111616
guided_model,0,S5,5,0.3,13,d,439,0.002791275989643059,19.605922551252846
guided_model,0,S5,5,0.3,14,e,439,0.0018469056304191032,12.972665148063781
guided_model,0,S5,5,0.3,15,f,439,0.0027186321158566007,19.095671981776764
guided_model,0,S5,5,0.4,0,0,586,0.0015077345105941825,14.136518771331055
guided_model,0,S5,5,0.4,1,1,586,0.0008379538492003398,7.8566552901023865
guided_model,0,S5,5,0.4,2,2,586,0.0014203718156297687,13.317406143344712
guided_model,0,S5,5,0.4,3,3,586,0.0025327901315099766,23.74744027303754
guided_model,0,S5,5,0.4,4,4,586,0.0013155365816724717,12.334470989761094
guided_model,0,S5,5,0.4,5,5,586,0.0022415811482952635,21.017064846416392
guided_model,0,S5,5,0.4,6,6,586,0.001927075446423372,18.068259385665534
guided_model,0,S5,5,0.4,7,7,586,0.0011408111917436434,10.6962457337884
guided_model,0,S5,5,0.4,8,8,586,0.0055963086349287705,52.470989761092156
guided_model,0,S5,5,0.4,9,9,586,0.001798943493808897,16.86689419795222
guided_model,0,S5,5,0.4,10,a,586,0.002165866812659437,20.30716723549488
guided_model,0,S5,5,0.4,11,b,586,0.0023464163822525595,21.999999999999996
guided_model,0,S5,5,0.4,12,c,586,0.0013155365816724712,12.33447098976109
guided_model,0,S5,5,0.4,13,d,586,0.001769822595487426,16.593856655290107
guided_model,0,S5,5,0.4,14,e,586,0.0018105918531374859,16.97610921501707
guided_model,0,S5,5,0.4,15,f,586,0.0023522405619168544,22.054607508532428
guided_model,0,S5,5,0.5,0,0,732,0.0018196273403207025,21.311475409836067
guided_model,0,S5,5,0.5,1,1,732,0.0008566245632894382,10.0327868852459
guided_model,0,S5,5,0.5,2,2,732,0.0012149511779987465,14.22950819672132
guided_model,0,S5,5,0.5,3,3,732,0.0023123264355460003,27.081967213114755
guided_model,0,S5,5,0.5,4,4,732,0.002051046612320463,24.02185792349726
guided_model,0,S5,5,0.5,5,5,732,0.0024131057959329936,28.26229508196722
guided_model,0,S5,5,0.5,6,6,732,0.0012858699871599632,15.060109289617488
guided_model,0,S5,5,0.5,7,7,732,0.0016777897219982679,19.650273224043712
guided_model,0,S5,5,0.5,8,8,732,0.005951581116187406,69.7049180327869
guided_model,0,S5,5,0.5,9,9,732,0.0022750007465137806,26.6448087431694
guided_model,0,S5,5,0.5,10,a,732,0.002622129654513422,30.7103825136612
guided_model,0,S5,5,0.5,11,b,732,0.0027191764459971925,31.84699453551912
guided_model,0,S5,5,0.5,12,c,732,0.001121636955418197,13.136612021857925
guided_model,0,S5,5,0.5,13,d,732,0.00202491862999791,23.71584699453552
guided_model,0,S5,5,0.5,14,e,732,0.001789766789094926,20.961748633879775
guided_model,0,S5,5,0.5,15,f,732,0.0017039177043208218,19.956284153005466
guided_model,0,S5,5,0.65,0,0,952,0.0023524115528564364,35.83193277310924
guided_model,0,S5,5,0.65,1,1,952,0.0007061648188687244,10.75630252100841
guided_model,0,S5,5,0.65,2,2,952,0.0014983934750370737,22.823529411764707
guided_model,0,S5,5,0.65,3,3,952,0.002765076618882847,42.11764705882352
guided_model,0,S5,5,0.65,4,4,952,0.0015028070051550028,22.890756302521
guided_model,0,S5,5,0.65,5,5,952,0.0023612386130922956,35.96638655462185
guided_model,0,S5,5,0.65,6,6,952,0.0011364840053668525,17.310924369747898
guided_model,0,S5,5,0.65,7,7,952,0.0008694654332321161,13.243697478991592
guided_model,0,S5,5,0.65,8,8,952,0.006743874020196314,102.72268907563026
guided_model,0,S5,5,0.65,9,9,952,0.00194636678200692,29.647058823529406
guided_model,0,S5,5,0.65,10,a,952,0.0028533472212414384,43.46218487394959
guided_model,0,S5,5,0.65,11,b,952,0.0038750794435421223,59.02521008403361
guided_model,0,S5,5,0.65,12,c,952,0.0009334616199420947,14.218487394957988
guided_model,0,S5,5,0.65,13,d,952,0.0013328860956147164,20.30252100840336
guided_model,0,S5,5,0.65,14,e,952,0.0013704011016171173,20.87394957983193
guided_model,0,S5,5,0.65,15,f,952,0.0011717922463102893,17.848739495798327
guided_model,0,S5,5,0.8,0,0,1171,0.0021501964279072756,40.28608027327071
guided_model,0,S5,5,0.8,1,1,1171,0.0007791755789099073,14.598633646456024
guided_model,0,S5,5,0.8,2,2,1171,0.0013188327216003604,24.709649871904354
guided_model,0,S5,5,0.8,3,3,1171,0.002581922142059638,48.374893253629374
guided_model,0,S5,5,0.8,4,4,1171,0.0012371548837877512,23.179333902647308
guided_model,0,S5,5,0.8,5,5,1171,0.00198246515382781,37.14346712211785
guided_model,0,S5,5,0.8,6,6,1171,0.001149642914702813,21.539709649871906
guided_model,0,S5,5,0.8,7,7,1171,0.0007470878569120964,13.997438087105039
guided_model,0,S5,5,0.8,8,8,1171,0.006324517353258835,118.49615713065754
guided_model,0,S5,5,0.8,9,9,1171,0.0019284994395587648,36.13236549957302
guided_model,0,S5,5,0.8,10,a,1171,0.0027481948833210207,51.490179333902645
guided_model,0,S5,5,0.8,11,b,1171,0.003347651871552849,62.72160546541418
guided_model,0,S5,5,0.8,12,c,1171,0.0012138183586984346,22.74210076857387
guided_model,0,S5,5,0.8,13,d,1171,0.0012998717949652902,24.354397950469675
guided_model,0,S5,5,0.8,14,e,1171,0.0010854674707071912,20.337318531169934
guided_model,0,S5,5,0.8,15,f,1171,0.0011335990537039075,21.23911187019641
guided_model,0,S5,5,1.0,0,0,1464,0.0020435814745140193,47.86885245901639
guided_model,0,S5,5,1.0,1,1,1464,0.0008230314431604407,19.278688524590166
guided_model,0,S5,5,1.0,2,2,1464,0.0008519588521604109,19.956284153005466
guided_model,0,S5,5,1.0,3,3,1464,0.0021089014303204033,49.398907103825124
guided_model,0,S5,5,1.0,4,4,1464,0.0007455806384185847,17.46448087431693
guided_model,0,S5,5,1.0,5,5,1464,0.0012513437248051597,29.31147540983606
guided_model,0,S5,5,1.0,6,6,1464,0.0009742004837409298,22.81967213114754
guided_model,0,S5,5,1.0,7,7,1464,0.00035366090358028026,8.284153005464486
guided_model,0,S5,5,1.0,8,8,1464,0.005660440741736093,132.59016393442624
guided_model,0,S5,5,1.0,9,9,1464,0.0017449759622562633,40.87431693989071
guided_model,0,S5,5,1.0,10,a,1464,0.002484024605094211,58.185792349726796
guided_model,0,S5,5,1.0,11,b,1464,0.002853548926513183,66.8415300546448
guided_model,0,S5,5,1.0,12,c,1464,0.0011197706709665865,26.229508196721323
guided_model,0,S5,5,1.0,13,d,1464,0.0012578757203857984,29.46448087431694
guided_model,0,S5,5,1.0,14,e,1464,0.0006625309803218965,15.519125683060103
guided_model,0,S5,5,1.0,15,f,1464,0.0010955089730956438,25.661202185792362
guided_model,1,S0,0,0.05,0,0,57,0.0215258541089566,19.63157894736842
guided_model,1,S0,0,0.05,1,1,57,0.02091028008618036,19.07017543859649
guided_model,1,S0,0,0.05,2,2,57,0.013523391812865496,12.333333333333332
guided_model,1,S0,0,0.05,3,3,57,0.012907817790089256,11.771929824561402
guided_model,1,S0,0,0.05,4,4,57,0.012292243767313018,11.210526315789473
guided_model,1,S0,0,0.05,5,5,57,0.01106109572176054,10.087719298245613
guided_model,1,S0,0,0.05,6,6,57,0.012292243767313018,11.210526315789473
guided_model,1,S0,0,0.05,7,7,57,0.017216835949522925,15.701754385964907
guided_model,1,S0,0,0.05,8,8,57,0.028297168359495226,25.807017543859647
guided_model,1,S0,0,0.05,9,9,57,0.022141428131732838,20.19298245614035
guided_model,1,S0,0,0.05,10,a,57,0.03137503847337642,28.614035087719298
guided_model,1,S0,0,0.05,11,b,57,0.022141428131732838,20.19298245614035
guided_model,1,S0,0,0.05,12,c,57,0.01167666974453678,10.649122807017543
guided_model,1,S0,0,0.05,13,d,57,0.024603724222837794,22.43859649122807
guided_model,1,S0,0,0.05,14,e,57,0.0215258541089566,19.63157894736842
guided_model,1,S0,0,0.05,15,f,57,0.012907817790089256,11.771929824561402
guided_model,1,S0,0,0.075,0,0,86,0.01592076798269335,21.90697674418605
guided_model,1,S0,0,0.075,1,1,86,0.015920767982693353,21.906976744186053
guided_model,1,S0,0,0.075,2,2,86,0.006456192536506221,8.88372093023256
guided_model,1,S0,0,0.075,3,3,86,0.011323688480259601,15.581395348837212
guided_model,1,S0,0,0.075,4,4,86,0.00402244456462953,5.534883720930233
guided_model,1,S0,0,0.075,5,5,86,0.009701189832341809,13.34883720930233
guided_model,1,S0,0,0.075,6,6,86,0.007267441860465117,10.000000000000002
guided_model,1,S0,0,0.075,7,7,86,0.015379935100054084,21.16279069767442
guided_model,1,S0,0,0.075,8,8,86,0.025926176311519743,35.674418604651166
guided_model,1,S0,0,0.075,9,9,86,0.012675770686857761,17.441860465116278
guided_model,1,S0,0,0.075,10,a,86,0.021869929691725257,30.093023255813954
guided_model,1,S0,0,0.075,11,b,86,0.015109518658734451,20.790697674418606
guided_model,1,S0,0,0.075,12,c,86,0.009701189832341807,13.348837209302326
guided_model,1,S0,0,0.075,13,d,86,0.009430773391022176,12.976744186046515
guided_model,1,S0,0,0.075,14,e,86,0.018084099513250407,24.88372093023256
guided_model,1,S0,0,0.075,15,f,86,0.00997160627366144,13.72093023255814
guided_model,1,S0,0,0.1,0,0,115,0.013341209829867678,24.547826086956526
guided_model,1,S0,0,0.1,1,1,115,0.012282608695652175,22.6
guided_model,1,S0,0,0.1,2,2,115,0.008653119092627599,15.921739130434782
guided_model,1,S0,0,0.1,3,3,115,0.00804820415879017,14.808695652173913
guided_model,1,S0,0,0.1,4,4,115,0.0024527410207939512,4.513043478260871
guided_model,1,S0,0,0.1,5,5,115,0.010316635160680529,18.982608695652175
guided_model,1,S0,0,0.1,6,6,115,0.006233459357277883,11.469565217391304
guided_model,1,S0,0,0.1,7,7,115,0.009409262759924387,17.313043478260873
guided_model,1,S0,0,0.1,8,8,115,0.02770793950850662,50.98260869565218
guided_model,1,S0,0,0.1,9,9,115,0.013794896030245748,25.382608695652177
guided_model,1,S0,0,0.1,10,a,115,0.013946124763705107,25.660869565217396
guided_model,1,S0,0,0.1,11,b,115,0.014551039697542532,26.77391304347826
guided_model,1,S0,0,0.1,12,c,115,0.010770321361058603,19.81739130434783
guided_model,1,S0,0,0.1,13,d,115,0.00925803402646503,17.034782608695654
guided_model,1,S0,0,0.1,14,e,115,0.01364366729678639,25.104347826086958
guided_model,1,S0,0,0.1,15,f,115,0.0066871455576559555,12.304347826086959
guided_model,1,S0,0,0.15,0,0,172,0.008822336398053,24.279069767441857
guided_model,1,S0,0,0.15,1,1,172,0.010174418604651164,28.000000000000004
guided_model,1,S0,0,0.15,2,2,172,0.0042928610059491615,11.813953488372093
guided_model,1,S0,0,0.15,3,3,172,0.00611817198485668,16.837209302325583
guided_model,1,S0,0,0.15,4,4,172,0.001791508923742563,4.930232558139533
guided_model,1,S0,0,0.15,5,5,172,0.006185776095186588,17.02325581395349
guided_model,1,S0,0,0.15,6,6,172,0.004157652785289346,11.44186046511628
guided_model,1,S0,0,0.15,7,7,172,0.009430773391022173,25.95348837209302
guided_model,1,S0,0,0.15,8,8,172,0.022613574905354247,62.23255813953489
guided_model,1,S0,0,0.15,9,9,172,0.010512439156300703,28.930232558139537
guided_model,1,S0,0,0.15,10,a,172,0.012270146024878314,33.76744186046512
guided_model,1,S0,0,0.15,11,b,172,0.00855191995673337,23.53488372093023
guided_model,1,S0,0,0.15,12,c,172,0.007402650081124932,20.37209302325581
guided_model,1,S0,0,0.15,13,d,172,0.008011087074094106,22.04651162790698
guided_model,1,S0,0,0.15,14,e,172,0.007740670632774472,21.302325581395348
guided_model,1,S0,0,0.15,15,f,172,0.00469848566792861,12.930232558139533
guided_model,1,S0,0,0.2,0,0,230,0.005968809073724007,21.965217391304346
guided_model,1,S0,0,0.2,1,1,230,0.010051984877126656,36.991304347826095
guided_model,1,S0,0,0.2,2,2,230,0.004343100189035917,15.982608695652175
guided_model,1,S0,0,0.2,3,3,230,0.0063468809073724,23.356521739130432
guided_model,1,S0,0,0.2,4,4,230,0.0015453686200378072,5.6869565217391305
guided_model,1,S0,0,0.2,5,5,230,0.0046833648393194705,17.234782608695653
guided_model,1,S0,0,0.2,6,6,230,0.0034735349716446128,12.782608695652176
guided_model,1,S0,0,0.2,7,7,230,0.009258034026465026,34.0695652173913
guided_model,1,S0,0,0.2,8,8,230,0.02169659735349716,79.84347826086955
guided_model,1,S0,0,0.2,9,9,230,0.01016540642722117,37.408695652173904
guided_model,1,S0,0,0.2,10,a,230,0.008879962192816636,32.67826086956522
guided_model,1,S0,0,0.2,11,b,230,0.007972589792060492,29.33913043478261
guided_model,1,S0,0,0.2,12,c,230,0.007329867674858223,26.97391304347826
guided_model,1,S0,0,0.2,13,d,230,0.005061436672967863,18.626086956521736
guided_model,1,S0,0,0.2,14,e,230,0.009333648393194708,34.34782608695652
guided_model,1,S0,0,0.2,15,f,230,0.0034357277882797735,12.643478260869566
guided_model,1,S0,0,0.3,0,0,344,0.004005543537047053,22.04651162790698
guided_model,1,S0,0,0.3,1,1,344,0.003667522985397513,20.18604651162791
guided_model,1,S0,0,0.3,2,2,344,0.002940778799351001,16.18604651162791
guided_model,1,S0,0,0.3,3,3,344,0.004512574364521363,24.837209302325583
guided_model,1,S0,0,0.3,4,4,344,0.0014027852893455921,7.720930232558139
guided_model,1,S0,0,0.3,5,5,344,0.003075987020010816,16.930232558139533
guided_model,1,S0,0,0.3,6,6,344,0.0029576798269334774,16.27906976744186
guided_model,1,S0,0,0.3,7,7,344,0.0039717414818820984,21.86046511627907
guided_model,1,S0,0,0.3,8,8,344,0.014163061114115737,77.95348837209302
guided_model,1,S0,0,0.3,9,9,344,0.006726608977825851,37.02325581395348
guided_model,1,S0,0,0.3,10,a,344,0.005188615467820443,28.558139534883715
guided_model,1,S0,0,0.3,11,b,344,0.005475932936722553,30.13953488372093
guided_model,1,S0,0,0.3,12,c,344,0.0036168199026500813,19.906976744186046
guided_model,1,S0,0,0.3,13,d,344,0.0032111952406706323,17.67441860465116
guided_model,1,S0,0,0.3,14,e,344,0.007013926446727962,38.6046511627907
guided_model,1,S0,0,0.3,15,f,344,0.0037182260681449426,20.465116279069765
guided_model,1,S0,0,0.4,0,0,459,0.0038609912616704876,28.355119825708062
guided_model,1,S0,0,0.4,1,1,459,0.003709102861672387,27.23965141612201
guided_model,1,S0,0,0.4,2,2,459,0.0013833117367014584,10.15904139433551
guided_model,1,S0,0,0.4,3,3,459,0.004810293761658622,35.32679738562092
guided_model,1,S0,0,0.4,4,4,459,0.0014687489617003907,10.78649237472767
guided_model,1,S0,0,0.4,5,5,459,0.002826251536683422,20.755991285403052
guided_model,1,S0,0,0.4,6,6,459,0.0021902188616913726,16.08496732026144
guided_model,1,S0,0,0.4,7,7,459,0.003917949411669776,28.773420479302835
guided_model,1,S0,0,0.4,8,8,459,0.019087803361480152,140.18082788671023
guided_model,1,S0,0,0.4,9,9,459,0.00692723833663216,50.873638344226585
guided_model,1,S0,0,0.4,10,a,459,0.00487674493665779,35.81481481481481
guided_model,1,S0,0,0.4,11,b,459,0.007041154636630734,51.71023965141611
guided_model,1,S0,0,0.4,12,c,459,0.004591954186661352,33.72331154684097
guided_model,1,S0,0,0.4,13,d,459,0.004629926286660876,34.00217864923747
guided_model,1,S0,0,0.4,14,e,459,0.006139317261642009,45.08714596949892
guided_model,1,S0,0,0.4,15,f,459,0.004155275036666808,30.51633986928104
guided_model,1,S0,0,0.5,0,0,574,0.003768863285944954,34.61324041811846
guided_model,1,S0,0,0.5,1,1,574,0.0027187109227986253,24.968641114982574
guided_model,1,S0,0,0.5,2,2,574,0.0011890092146317175,10.919860627177695
guided_model,1,S0,0,0.5,3,3,574,0.004685470261870364,43.03135888501742
guided_model,1,S0,0,0.5,4,4,574,0.0015592941519260886,14.320557491289197
guided_model,1,S0,0,0.5,5,5,574,0.0017474717430101133,16.04878048780488
guided_model,1,S0,0,0.5,6,6,574,0.0011586579902633266,10.641114982578392
guided_model,1,S0,0,0.5,7,7,574,0.003835635979555415,35.22648083623693
guided_model,1,S0,0,0.5,8,8,574,0.016953435151574013,155.70034843205573
guided_model,1,S0,0,0.5,9,9,574,0.005978432419963822,54.905923344947745
guided_model,1,S0,0,0.5,10,a,574,0.004879718097828067,44.815331010452965
guided_model,1,S0,0,0.5,11,b,574,0.006834336947152448,62.76655052264809
guided_model,1,S0,0,0.5,12,c,574,0.003519983246124148,32.327526132404174
guided_model,1,S0,0,0.5,13,d,574,0.003198260267819203,29.37282229965156
guided_model,1,S0,0,0.5,14,e,574,0.004922209811943814,45.20557491289198
guided_model,1,S0,0,0.5,15,f,574,0.0033803676140295494,31.045296167247383
guided_model,1,S0,0,0.65,0,0,746,0.0029069245089089982,34.6970509383378
guided_model,1,S0,0,0.65,1,1,746,0.002633796692278389,31.43699731903485
guided_model,1,S0,0,0.65,2,2,746,0.001275345183247202,15.222520107238601
guided_model,1,S0,0,0.65,3,3,746,0.004427096435681992,52.841823056300264
guided_model,1,S0,0,0.65,4,4,746,0.0010633117466523876,12.691689008042898
guided_model,1,S0,0,0.65,5,5,746,0.0016706617599493994,19.94101876675603
guided_model,1,S0,0,0.65,6,6,746,0.0009267478383370832,11.061662198391426
guided_model,1,S0,0,0.65,7,7,746,0.003424429845682784,40.87399463806971
guided_model,1,S0,0,0.65,8,8,746,0.014069227120154675,167.93029490616618
guided_model,1,S0,0,0.65,9,9,746,0.0050631967454664376,60.4343163538874
guided_model,1,S0,0,0.65,10,a,746,0.003586150263424591,42.804289544235914
guided_model,1,S0,0,0.65,11,b,746,0.005544764211630932,66.1823056300268
guided_model,1,S0,0,0.65,12,c,746,0.0027128600076188284,32.38069705093834
guided_model,1,S0,0,0.65,13,d,746,0.0024181694686226454,28.863270777479897
guided_model,1,S0,0,0.65,14,e,746,0.004340845546219696,51.812332439678286
guided_model,1,S0,0,0.65,15,f,746,0.0023642626627087093,28.219839142091153
guided_model,1,S0,0,0.8,0,0,918,0.002520101480437248,37.0152505446623
guided_model,1,S0,0,0.8,1,1,918,0.0025604468366867443,37.6078431372549
guided_model,1,S0,0,0.8,2,2,918,0.0012385431054532682,18.191721132897605
guided_model,1,S0,0,0.8,3,3,918,0.004197993649166275,61.66013071895425
guided_model,1,S0,0,0.8,4,4,918,0.000915780255457303,13.450980392156866
guided_model,1,S0,0,0.8,5,5,918,0.001599278055448759,23.490196078431374
guided_model,1,S0,0,0.8,6,6,918,0.0008778081554577773,12.893246187363832
guided_model,1,S0,0,0.8,7,7,918,0.0031205353116797426,45.83442265795206
guided_model,1,S0,0,0.8,8,8,918,0.013971062886544112,205.20697167755992
guided_model,1,S0,0,0.8,9,9,918,0.00601116142414361,88.29193899782135
guided_model,1,S0,0,0.8,10,a,918,0.004202740161666215,61.72984749455337
guided_model,1,S0,0,0.8,11,b,918,0.006193902155391325,90.97603485838778
guided_model,1,S0,0,0.8,12,c,918,0.0024465305366881684,35.93464052287582
guided_model,1,S0,0,0.8,13,d,918,0.0024987421741875155,36.70152505446623
guided_model,1,S0,0,0.8,14,e,918,0.0036901168116726234,54.20043572984749
guided_model,1,S0,0,0.8,15,f,918,0.0019528932366943386,28.684095860566448
guided_model,1,S0,0,1.0,0,0,1148,0.002639797739440809,48.487804878048784
guided_model,1,S0,0,1.0,1,1,1148,0.0021981874248807195,40.37630662020906
guided_model,1,S0,0,1.0,2,2,1148,0.0010918852966528667,20.055749128919857
guided_model,1,S0,0,1.0,3,3,1148,0.00439409850793381,80.71080139372823
guided_model,1,S0,0,1.0,4,4,1148,0.0011207189598028385,20.585365853658537
guided_model,1,S0,0,1.0,5,5,1148,0.0014500297441998808,26.63414634146341
guided_model,1,S0,0,1.0,6,6,1148,0.0008946023382583251,16.432055749128914
guided_model,1,S0,0,1.0,7,7,1148,0.0027703080042248904,50.88501742160279
guided_model,1,S0,0,1.0,8,8,1148,0.014192991295268848,260.6968641114982
guided_model,1,S0,0,1.0,9,9,1148,0.00513770350495939,94.36933797909407
guided_model,1,S0,0,1.0,10,a,1148,0.003975251611650014,73.01742160278745
guided_model,1,S0,0,1.0,11,b,1148,0.006395761755029197,117.47735191637629
guided_model,1,S0,0,1.0,12,c,1148,0.002386365015964744,43.832752613240416
guided_model,1,S0,0,1.0,13,d,1148,0.002489559178817273,45.728222996515676
guided_model,1,S0,0,1.0,14,e,1148,0.003098101227403514,56.905923344947745
guided_model,1,S0,0,1.0,15,f,1148,0.0016230317230997095,29.811846689895464
guided_model,1,S5,5,0.05,0,0,71,0.017841202142432056,20.267605633802816
guided_model,1,S5,5,0.05,1,1,71,0.01308024201547312,14.859154929577464
guided_model,1,S5,5,0.05,2,2,71,0.015857468756199165,18.014084507042252
guided_model,1,S5,5,0.05,3,3,71,0.014667228724459433,16.661971830985916
guided_model,1,S5,5,0.05,4,4,71,0.010303015274747073,11.704225352112674
guided_model,1,S5,5,0.05,5,5,71,0.012286748660979962,13.957746478873236
guided_model,1,S5,5,0.05,6,6,71,0.010699761951993651,12.154929577464788
guided_model,1,S5,5,0.05,7,7,71,0.009509521920253916,10.802816901408448
guided_model,1,S5,5,0.05,8,8,71,0.008319281888514182,9.45070422535211
guided_model,1,S5,5,0.05,9,9,71,0.011890001983733385,13.507042253521126
guided_model,1,S5,5,0.05,10,a,71,0.008716028565760762,9.901408450704226
guided_model,1,S5,5,0.05,11,b,71,0.01308024201547312,14.859154929577464
guided_model,1,S5,5,0.05,12,c,71,0.015460722078952587,17.56338028169014
guided_model,1,S5,5,0.05,13,d,71,0.0134769886927197,15.30985915492958
guided_model,1,S5,5,0.05,14,e,71,0.024982642332870463,28.380281690140848
guided_model,1,S5,5,0.05,15,f,71,0.016254215433445744,18.464788732394364
guided_model,1,S5,5,0.075,0,0,106,0.013327696689213245,22.603773584905664
guided_model,1,S5,5,0.075,1,1,106,0.007987718049127804,13.547169811320755
guided_model,1,S5,5,0.075,2,2,106,0.00478373086507654,8.11320754716981
guided_model,1,S5,5,0.075,3,3,106,0.006029725881096476,10.226415094339623
guided_model,1,S5,5,0.075,4,4,106,0.008521715913136347,14.452830188679245
guided_model,1,S5,5,0.075,5,5,106,0.01012370950516198,17.169811320754718
guided_model,1,S5,5,0.075,6,6,106,0.006207725169099323,10.528301886792452
guided_model,1,S5,5,0.075,7,7,106,0.006741723033107867,11.433962264150942
guided_model,1,S5,5,0.075,8,8,106,0.005851726593093629,9.924528301886795
guided_model,1,S5,5,0.075,9,9,106,0.006207725169099324,10.528301886792454
guided_model,1,S5,5,0.075,10,a,106,0.004071733713065148,6.90566037735849
guided_model,1,S5,5,0.075,11,b,106,0.009411712353150588,15.962264150943398
guided_model,1,S5,5,0.075,12,c,106,0.010479708081167678,17.773584905660382
guided_model,1,S5,5,0.075,13,d,106,0.011191705233179068,18.9811320754717
guided_model,1,S5,5,0.075,14,e,106,0.0220496618013528,37.39622641509435
guided_model,1,S5,5,0.075,15,f,106,0.014039693841224637,23.811320754716984
guided_model,1,S5,5,0.1,0,0,142,0.009906268597500496,22.507042253521128
guided_model,1,S5,5,0.1,1,1,142,0.004351815116048402,9.887323943661968
guided_model,1,S5,5,0.1,2,2,142,0.0029632017456853797,6.732394366197183
guided_model,1,S5,5,0.1,3,3,142,0.0042526284467367574,9.661971830985912
guided_model,1,S5,5,0.1,4,4,142,0.00693066851815116,15.746478873239436
guided_model,1,S5,5,0.1,5,5,142,0.0070298551874628055,15.971830985915494
guided_model,1,S5,5,0.1,6,6,142,0.004550188454671692,10.338028169014084
guided_model,1,S5,5,0.1,7,7,142,0.004252628446736758,9.661971830985914
guided_model,1,S5,5,0.1,8,8,142,0.004946935131918271,11.239436619718312
guided_model,1,S5,5,0.1,9,9,142,0.005938801825034715,13.492957746478872
guided_model,1,S5,5,0.1,10,a,142,0.0057404284864114264,13.04225352112676
guided_model,1,S5,5,0.1,11,b,142,0.00693066851815116,15.746478873239436
guided_model,1,S5,5,0.1,12,c,142,0.007327415195397738,16.64788732394366
guided_model,1,S5,5,0.1,13,d,142,0.009707895258877206,22.056338028169012
guided_model,1,S5,5,0.1,14,e,142,0.017742015473120407,40.30985915492956
guided_model,1,S5,5,0.1,15,f,142,0.012485121999603253,28.36619718309859
guided_model,1,S5,5,0.15,0,0,213,0.004307732151909894,14.68075117370892
guided_model,1,S5,5,0.15,1,1,213,0.005409806255372611,18.436619718309856
guided_model,1,S5,5,0.15,2,2,213,0.0023680817298155125,8.070422535211266
guided_model,1,S5,5,0.15,3,3,213,0.005497972183649629,18.737089201877936
guided_model,1,S5,5,0.15,4,4,213,0.006026967753311732,20.53990610328638
guided_model,1,S5,5,0.15,5,5,213,0.005674304040203665,19.33802816901409
guided_model,1,S5,5,0.15,6,6,213,0.004660395865017963,15.882629107981218
guided_model,1,S5,5,0.15,7,7,213,0.0032056580484471774,10.92488262910798
guided_model,1,S5,5,0.15,8,8,213,0.004175483259494368,14.230046948356804
guided_model,1,S5,5,0.15,9,9,213,0.005277557362957085,17.985915492957744
guided_model,1,S5,5,0.15,10,a,213,0.004616312900879455,15.732394366197184
guided_model,1,S5,5,0.15,11,b,213,0.0038669025105248066,13.17840375586854
guided_model,1,S5,5,0.15,12,c,213,0.005409806255372611,18.436619718309856
guided_model,1,S5,5,0.15,13,d,213,0.007525788534021027,25.64788732394366
guided_model,1,S5,5,0.15,14,e,213,0.014667228724459434,49.98591549295775
guided_model,1,S5,5,0.15,15,f,213,0.008363364852652693,28.50234741784038
guided_model,1,S5,5,0.2,0,0,284,0.004376611783376314,19.887323943661972
guided_model,1,S5,5,0.2,1,1,284,0.004996528466574092,22.704225352112672
guided_model,1,S5,5,0.2,2,2,284,0.002244098393175957,10.197183098591548
guided_model,1,S5,5,0.2,3,3,284,0.005070918468557825,23.042253521126757
guided_model,1,S5,5,0.2,4,4,284,0.004500595120015869,20.45070422535211
guided_model,1,S5,5,0.2,5,5,284,0.005021325133902004,22.816901408450708
guided_model,1,S5,5,0.2,6,6,284,0.004079051775441381,18.535211267605632
guided_model,1,S5,5,0.2,7,7,284,0.003533525094227335,16.056338028169012
guided_model,1,S5,5,0.2,8,8,284,0.002566455068438802,11.661971830985916
guided_model,1,S5,5,0.2,9,9,284,0.003087185082324935,14.028169014084506
guided_model,1,S5,5,0.2,10,a,284,0.004996528466574092,22.704225352112672
guided_model,1,S5,5,0.2,11,b,284,0.0022688950605038688,10.30985915492958
guided_model,1,S5,5,0.2,12,c,284,0.005765225153739336,26.197183098591545
guided_model,1,S5,5,0.2,13,d,284,0.0072034318587581815,32.73239436619718
guided_model,1,S5,5,0.2,14,e,284,0.013229022019440585,60.11267605633802
guided_model,1,S5,5,0.2,15,f,284,0.007699365205316404,34.98591549295774
guided_model,1,S5,5,0.3,0,0,426,0.0038338402874209263,26.131455399061032
guided_model,1,S5,5,0.3,1,1,426,0.0030183054508585165,20.572769953051647
guided_model,1,S5,5,0.3,2,2,426,0.0019603143115343074,13.361502347417838
guided_model,1,S5,5,0.3,3,3,426,0.0049910180960567796,34.01877934272301
guided_model,1,S5,5,0.3,4,4,426,0.0032717824946549403,22.300469483568072
guided_model,1,S5,5,0.3,5,5,426,0.003910985474663316,26.657276995305164
guided_model,1,S5,5,0.3,6,6,426,0.003966089179836452,27.032863849765256
guided_model,1,S5,5,0.3,7,7,426,0.002434206176023276,16.59154929577465
guided_model,1,S5,5,0.3,8,8,426,0.0018941898653265447,12.910798122065728
guided_model,1,S5,5,0.3,9,9,426,0.0018060239370495275,12.30985915492958
guided_model,1,S5,5,0.3,10,a,426,0.003944047697767197,26.882629107981217
guided_model,1,S5,5,0.3,11,b,426,0.002621558773611937,17.868544600938964
guided_model,1,S5,5,0.3,12,c,426,0.0035473010205206187,24.178403755868537
guided_model,1,S5,5,0.3,13,d,426,0.005101225506403051,34.76995305164319
guided_model,1,S5,5,0.3,14,e,426,0.009917289338535125,67.5962441314554
guided_model,1,S5,5,0.3,15,f,426,0.0038889439925940614,26.50704225352112
guided_model,1,S5,5,0.4,0,0,568,0.002058123388216623,18.704225352112672
guided_model,1,S5,5,0.4,1,1,568,0.0020457250545526683,18.59154929577465
guided_model,1,S5,5,0.4,2,2,568,0.0015745883753223572,14.309859154929581
guided_model,1,S5,5,0.4,3,3,568,0.00296320174568538,26.929577464788736
guided_model,1,S5,5,0.4,4,4,568,0.0022874925609998016,20.788732394366196
guided_model,1,S5,5,0.4,5,5,568,0.003905475104146002,35.492957746478865
guided_model,1,S5,5,0.4,6,6,568,0.003589317595715137,32.61971830985917
guided_model,1,S5,5,0.4,7,7,568,0.0016427792104741123,14.929577464788734
guided_model,1,S5,5,0.4,8,8,568,0.0018225550486014681,16.563380281690144
guided_model,1,S5,5,0.4,9,9,568,0.0011282483634199566,10.253521126760566
guided_model,1,S5,5,0.4,10,a,568,0.0032979567546121804,29.971830985915496
guided_model,1,S5,5,0.4,11,b,568,0.0018101567149375127,16.450704225352116
guided_model,1,S5,5,0.4,12,c,568,0.0033041559214441584,30.02816901408451
guided_model,1,S5,5,0.4,13,d,568,0.00444480261852807,40.3943661971831
guided_model,1,S5,5,0.4,14,e,568,0.009379339416782382,85.23943661971829
guided_model,1,S5,5,0.4,15,f,568,0.0037566951001785356,34.14084507042253
guided_model,1,S5,5,0.5,0,0,710,0.0017967665145804403,20.411267605633803
guided_model,1,S5,5,0.5,1,1,710,0.0020784566554255105,23.6112676056338
guided_model,1,S5,5,0.5,2,2,710,0.0012849633009323542,14.597183098591543
guided_model,1,S5,5,0.5,3,3,710,0.002094326522515374,23.791549295774647
guided_model,1,S5,5,0.5,4,4,710,0.0018086689148978374,20.546478873239433
guided_model,1,S5,5,0.5,5,5,710,0.003633703630232097,41.27887323943662
guided_model,1,S5,5,0.5,6,6,710,0.0029076572108708582,33.03098591549295
guided_model,1,S5,5,0.5,7,7,710,0.0014000198373338617,15.904225352112668
guided_model,1,S5,5,0.5,8,8,710,0.0014912715731005754,16.940845070422537
guided_model,1,S5,5,0.5,9,9,710,0.0013325729022019438,15.138028169014081
guided_model,1,S5,5,0.5,10,a,710,0.0023244395953183885,26.405633802816894
guided_model,1,S5,5,0.5,11,b,710,0.001134199563578655,12.884507042253519
guided_model,1,S5,5,0.5,12,c,710,0.0026854790716127758,30.50704225352113
guided_model,1,S5,5,0.5,13,d,710,0.004066157508430867,46.19154929577465
guided_model,1,S5,5,0.5,14,e,710,0.007458341598889109,84.72676056338028
guided_model,1,S5,5,0.5,15,f,710,0.0028124380083316804,31.94929577464789
guided_model,1,S5,5,0.65,0,0,923,0.0011567131768022922,17.08234019501625
guided_model,1,S5,5,0.65,1,1,923,0.0012811366909683786,18.919826652221015
guided_model,1,S5,5,0.65,2,2,923,0.000987685006614401,14.586132177681474
guided_model,1,S5,5,0.65,3,3,923,0.0012693986235942198,18.74647887323944
guided_model,1,S5,5,0.65,4,4,923,0.0012576605562200603,18.57313109425785
guided_model,1,S5,5,0.65,5,5,923,0.002339910368117531,34.5557963163597
guided_model,1,S5,5,0.65,6,6,923,0.002184967878778631,32.26760563380282
guided_model,1,S5,5,0.65,7,7,923,0.000825699676851005,12.193932827735642
guided_model,1,S5,5,0.65,8,8,923,0.0010322896626362055,15.244853737811482
guided_model,1,S5,5,0.65,9,9,923,0.0014501648611562703,21.4160346695558
guided_model,1,S5,5,0.65,10,a,923,0.0013586079356378289,20.063921993499456
guided_model,1,S5,5,0.65,11,b,923,0.0013069604391915293,19.301191765980505
guided_model,1,S5,5,0.65,12,c,923,0.0032320034885536236,47.730227518959914
guided_model,1,S5,5,0.65,13,d,923,0.0038588162863337208,56.98699891657639
guided_model,1,S5,5,0.65,14,e,923,0.007260508211365032,107.22318526543879
guided_model,1,S5,5,0.65,15,f,923,0.0029033376020771683,42.87648970747562
guided_model,1,S5,5,0.8,0,0,1136,0.0007671468954572505,13.943661971830984
guided_model,1,S5,5,0.8,1,1,1136,0.0011995387819877007,21.80281690140845
guided_model,1,S5,5,0.8,2,2,1136,0.000463387720690339,8.422535211267602
guided_model,1,S5,5,0.8,3,3,1136,0.0009887671097004568,17.971830985915503
guided_model,1,S5,5,0.8,4,4,1136,0.0008756323150168617,15.915492957746478
guided_model,1,S5,5,0.8,5,5,1136,0.0021976046419361238,39.943661971830984
guided_model,1,S5,5,0.8,6,6,1136,0.001904694009125174,34.61971830985917
guided_model,1,S5,5,0.8,7,7,1136,0.001095702737552073,19.91549295774648
guided_model,1,S5,5,0.8,8,8,1136,0.0010461094028962506,19.014084507042252
guided_model,1,S5,5,0.8,9,9,1136,0.00134211961912319,24.3943661971831
guided_model,1,S5,5,0.8,10,a,1136,0.0013219723269192623,24.02816901408451
guided_model,1,S5,5,0.8,11,b,1136,0.0013328208688752233,24.22535211267606
guided_model,1,S5,5,0.8,12,c,1136,0.003593966970839119,65.32394366197182
guided_model,1,S5,5,0.8,13,d,1136,0.0037489461416385633,68.14084507042253
guided_model,1,S5,5,0.8,14,e,1136,0.006896573100575281,125.35211267605631
guided_model,1,S5,5,0.8,15,f,1136,0.0030143448720491963,54.78873239436619
guided_model,1,S5,5,1.0,0,0,1420,0.000762249553659988,17.318309859154926
guided_model,1,S5,5,1.0,1,1,1420,0.0013018250347153343,29.577464788732396
guided_model,1,S5,5,1.0,2,2,1420,0.0005093235469152947,11.571830985915497
guided_model,1,S5,5,1.0,3,3,1420,0.0007870462209878993,17.881690140845073
guided_model,1,S5,5,1.0,4,4,1420,0.0006362824836341996,14.456338028169014
guided_model,1,S5,5,1.0,5,5,1420,0.002322455861932156,52.76619718309858
guided_model,1,S5,5,1.0,6,6,1420,0.0019792699861138664,44.969014084507045
guided_model,1,S5,5,1.0,7,7,1420,0.0012363618329696486,28.090140845070415
guided_model,1,S5,5,1.0,8,8,1420,0.0011560206308272166,26.26478873239436
guided_model,1,S5,5,1.0,9,9,1420,0.001303808768101567,29.622535211267603
guided_model,1,S5,5,1.0,10,a,1420,0.0010082324935528663,22.907042253521123
guided_model,1,S5,5,1.0,11,b,1420,0.001201646498710573,27.30140845070422
guided_model,1,S5,5,1.0,12,c,1420,0.0031347946835945254,71.22253521126761
guided_model,1,S5,5,1.0,13,d,1420,0.0033420948224558624,75.9323943661972
guided_model,1,S5,5,1.0,14,e,1420,0.006531938107518349,148.4056338028169
guided_model,1,S5,5,1.0,15,f,1420,0.0024474310652648286,55.605633802816904
