experiment_id,campaign_partition,category,category_id,target_sbox,target_sbox_index,key_id,session_id,is_valid_response,is_clean_target,is_clean_target_ineffective,is_clean_target_effective,is_missed,is_off_target,is_multi_hit,is_invalid_reset,sifa_oracle_usable,sefa_oracle_usable,shfa_oracle_branch
0,attack,off_target,3,S5,5,22,1,1,0,0,0,0,1,0,0,0,0,0
4,attack,clean_target_effective,2,S0,0,22,0,1,1,0,1,0,0,0,0,0,1,2
5,attack,missed,0,S5,5,22,6,1,0,0,0,1,0,0,0,0,0,0
8,attack,clean_target_effective,2,S5,5,22,5,1,1,0,1,0,0,0,0,0,1,2
10,attack,clean_target_ineffective,1,S5,5,23,4,1,1,1,0,0,0,0,0,1,0,1
11,attack,multi_hit,4,S5,5,23,3,1,0,0,0,0,0,1,0,0,0,0
12,attack,multi_hit,4,S0,0,22,0,1,0,0,0,0,0,1,0,0,0,0
15,attack,missed,0,S5,5,23,7,1,0,0,0,1,0,0,0,0,0,0
22,attack,clean_target_effective,2,S5,5,23,5,1,1,0,1,0,0,0,0,0,1,2
26,attack,clean_target_ineffective,1,S5,5,22,6,1,1,1,0,0,0,0,0,1,0,1
27,attack,missed,0,S0,0,22,1,1,0,0,0,1,0,0,0,0,0,0
28,attack,multi_hit,4,S0,0,23,5,1,0,0,0,0,0,1,0,0,0,0
30,attack,multi_hit,4,S0,0,23,5,1,0,0,0,0,0,1,0,0,0,0
34,attack,clean_target_ineffective,1,S0,0,22,7,1,1,1,0,0,0,0,0,1,0,1
38,attack,clean_target_ineffective,1,S0,0,23,5,1,1,1,0,0,0,0,0,1,0,1
46,attack,clean_target_ineffective,1,S0,0,22,1,1,1,1,0,0,0,0,0,1,0,1
50,attack,missed,0,S0,0,22,0,1,0,0,0,1,0,0,0,0,0,0
52,attack,off_target,3,S0,0,23,7,1,0,0,0,0,1,0,0,0,0,0
53,attack,multi_hit,4,S0,0,23,1,1,0,0,0,0,0,1,0,0,0,0
54,attack,invalid_reset,5,S5,5,22,2,0,0,0,0,0,0,0,1,0,0,0
56,attack,clean_target_effective,2,S5,5,23,6,1,1,0,1,0,0,0,0,0,1,2
62,attack,missed,0,S0,0,23,4,1,0,0,0,1,0,0,0,0,0,0
65,attack,off_target,3,S5,5,22,3,1,0,0,0,0,1,0,0,0,0,0
74,attack,clean_target_ineffective,1,S0,0,22,0,1,1,1,0,0,0,0,0,1,0,1
77,attack,multi_hit,4,S5,5,22,5,1,0,0,0,0,0,1,0,0,0,0
79,attack,missed,0,S0,0,22,6,1,0,0,0,1,0,0,0,0,0,0
88,attack,clean_target_ineffective,1,S5,5,22,0,1,1,1,0,0,0,0,0,1,0,1
89,attack,clean_target_effective,2,S0,0,22,0,1,1,0,1,0,0,0,0,0,1,2
94,attack,invalid_reset,5,S0,0,22,5,0,0,0,0,0,0,0,1,0,0,0
99,attack,clean_target_effective,2,S5,5,22,1,1,1,0,1,0,0,0,0,0,1,2
100,attack,missed,0,S0,0,22,4,1,0,0,0,1,0,0,0,0,0,0
106,attack,missed,0,S0,0,22,4,1,0,0,0,1,0,0,0,0,0,0
110,attack,clean_target_effective,2,S5,5,22,4,1,1,0,1,0,0,0,0,0,1,2
123,attack,clean_target_effective,2,S0,0,22,4,1,1,0,1,0,0,0,0,0,1,2
125,attack,multi_hit,4,S0,0,22,7,1,0,0,0,0,0,1,0,0,0,0
127,attack,missed,0,S0,0,23,3,1,0,0,0,1,0,0,0,0,0,0
131,attack,clean_target_effective,2,S5,5,23,0,1,1,0,1,0,0,0,0,0,1,2
132,attack,clean_target_effective,2,S5,5,23,3,1,1,0,1,0,0,0,0,0,1,2
135,attack,missed,0,S5,5,23,4,1,0,0,0,1,0,0,0,0,0,0
141,attack,clean_target_effective,2,S5,5,22,3,1,1,0,1,0,0,0,0,0,1,2
143,attack,missed,0,S5,5,23,2,1,0,0,0,1,0,0,0,0,0,0
145,attack,multi_hit,4,S5,5,23,1,1,0,0,0,0,0,1,0,0,0,0
158,attack,missed,0,S5,5,23,1,1,0,0,0,1,0,0,0,0,0,0
174,attack,clean_target_ineffective,1,S0,0,22,7,1,1,1,0,0,0,0,0,1,0,1
176,attack,off_target,3,S0,0,22,3,1,0,0,0,0,1,0,0,0,0,0
180,attack,clean_target_effective,2,S5,5,22,6,1,1,0,1,0,0,0,0,0,1,2
181,attack,clean_target_ineffective,1,S0,0,22,5,1,1,1,0,0,0,0,0,1,0,1
186,attack,clean_target_ineffective,1,S5,5,22,1,1,1,1,0,0,0,0,0,1,0,1
187,attack,clean_target_effective,2,S5,5,23,7,1,1,0,1,0,0,0,0,0,1,2
189,attack,clean_target_ineffective,1,S0,0,23,6,1,1,1,0,0,0,0,0,1,0,1
195,attack,off_target,3,S5,5,22,4,1,0,0,0,0,1,0,0,0,0,0
199,attack,clean_target_effective,2,S0,0,22,1,1,1,0,1,0,0,0,0,0,1,2
202,attack,invalid_reset,5,S5,5,23,5,0,0,0,0,0,0,0,1,0,0,0
204,attack,multi_hit,4,S0,0,22,4,1,0,0,0,0,0,1,0,0,0,0
208,attack,clean_target_effective,2,S0,0,22,1,1,1,0,1,0,0,0,0,0,1,2
212,attack,multi_hit,4,S0,0,23,3,1,0,0,0,0,0,1,0,0,0,0
217,attack,missed,0,S0,0,23,2,1,0,0,0,1,0,0,0,0,0,0
218,attack,missed,0,S0,0,23,3,1,0,0,0,1,0,0,0,0,0,0
222,attack,off_target,3,S5,5,23,5,1,0,0,0,0,1,0,0,0,0,0
230,attack,missed,0,S0,0,23,4,1,0,0,0,1,0,0,0,0,0,0
231,attack,clean_target_effective,2,S5,5,22,0,1,1,0,1,0,0,0,0,0,1,2
242,attack,missed,0,S5,5,23,6,1,0,0,0,1,0,0,0,0,0,0
245,attack,off_target,3,S0,0,23,6,1,0,0,0,0,1,0,0,0,0,0
251,attack,clean_target_ineffective,1,S5,5,23,5,1,1,1,0,0,0,0,0,1,0,1
252,attack,missed,0,S0,0,23,6,1,0,0,0,1,0,0,0,0,0,0
256,attack,off_target,3,S5,5,22,7,1,0,0,0,0,1,0,0,0,0,0
258,attack,clean_target_effective,2,S0,0,23,7,1,1,0,1,0,0,0,0,0,1,2
262,attack,clean_target_ineffective,1,S5,5,23,0,1,1,1,0,0,0,0,0,1,0,1
267,attack,missed,0,S5,5,22,0,1,0,0,0,1,0,0,0,0,0,0
272,attack,clean_target_effective,2,S5,5,22,6,1,1,0,1,0,0,0,0,0,1,2
276,attack,clean_target_effective,2,S0,0,23,0,1,1,0,1,0,0,0,0,0,1,2
280,attack,missed,0,S0,0,22,2,1,0,0,0,1,0,0,0,0,0,0
288,attack,missed,0,S0,0,22,3,1,0,0,0,1,0,0,0,0,0,0
289,attack,missed,0,S5,5,23,2,1,0,0,0,1,0,0,0,0,0,0
300,attack,clean_target_effective,2,S0,0,23,3,1,1,0,1,0,0,0,0,0,1,2
301,attack,clean_target_effective,2,S5,5,22,5,1,1,0,1,0,0,0,0,0,1,2
302,attack,clean_target_effective,2,S5,5,23,6,1,1,0,1,0,0,0,0,0,1,2
306,attack,clean_target_ineffective,1,S0,0,23,3,1,1,1,0,0,0,0,0,1,0,1
308,attack,invalid_reset,5,S5,5,22,4,0,0,0,0,0,0,0,1,0,0,0
312,attack,clean_target_ineffective,1,S0,0,22,6,1,1,1,0,0,0,0,0,1,0,1
313,attack,invalid_reset,5,S0,0,23,3,0,0,0,0,0,0,0,1,0,0,0
325,attack,invalid_reset,5,S0,0,23,0,0,0,0,0,0,0,0,1,0,0,0
329,attack,multi_hit,4,S0,0,23,5,1,0,0,0,0,0,1,0,0,0,0
343,attack,multi_hit,4,S5,5,22,1,1,0,0,0,0,0,1,0,0,0,0
349,attack,off_target,3,S5,5,22,2,1,0,0,0,0,1,0,0,0,0,0
350,attack,multi_hit,4,S5,5,22,7,1,0,0,0,0,0,1,0,0,0,0
351,attack,off_target,3,S5,5,22,2,1,0,0,0,0,1,0,0,0,0,0
353,attack,off_target,3,S5,5,23,3,1,0,0,0,0,1,0,0,0,0,0
355,attack,multi_hit,4,S5,5,23,5,1,0,0,0,0,0,1,0,0,0,0
361,attack,off_target,3,S5,5,23,0,1,0,0,0,0,1,0,0,0,0,0
362,attack,clean_target_effective,2,S0,0,22,0,1,1,0,1,0,0,0,0,0,1,2
373,attack,clean_target_effective,2,S0,0,22,1,1,1,0,1,0,0,0,0,0,1,2
374,attack,off_target,3,S0,0,22,7,1,0,0,0,0,1,0,0,0,0,0
376,attack,clean_target_effective,2,S0,0,22,6,1,1,0,1,0,0,0,0,0,1,2
387,attack,off_target,3,S5,5,22,1,1,0,0,0,0,1,0,0,0,0,0
388,attack,missed,0,S5,5,22,5,1,0,0,0,1,0,0,0,0,0,0
391,attack,clean_target_effective,2,S5,5,22,2,1,1,0,1,0,0,0,0,0,1,2
392,attack,multi_hit,4,S5,5,23,7,1,0,0,0,0,0,1,0,0,0,0
398,attack,missed,0,S0,0,22,5,1,0,0,0,1,0,0,0,0,0,0
399,attack,clean_target_ineffective,1,S5,5,23,5,1,1,1,0,0,0,0,0,1,0,1
401,attack,multi_hit,4,S5,5,22,5,1,0,0,0,0,0,1,0,0,0,0
404,attack,clean_target_effective,2,S5,5,22,6,1,1,0,1,0,0,0,0,0,1,2
405,attack,invalid_reset,5,S0,0,22,5,0,0,0,0,0,0,0,1,0,0,0
407,attack,clean_target_effective,2,S5,5,22,0,1,1,0,1,0,0,0,0,0,1,2
408,attack,off_target,3,S0,0,23,3,1,0,0,0,0,1,0,0,0,0,0
409,attack,clean_target_ineffective,1,S5,5,23,1,1,1,1,0,0,0,0,0,1,0,1
412,attack,clean_target_effective,2,S0,0,22,5,1,1,0,1,0,0,0,0,0,1,2
414,attack,clean_target_ineffective,1,S5,5,22,3,1,1,1,0,0,0,0,0,1,0,1
415,attack,clean_target_ineffective,1,S5,5,23,3,1,1,1,0,0,0,0,0,1,0,1
429,attack,multi_hit,4,S5,5,23,4,1,0,0,0,0,0,1,0,0,0,0
433,attack,off_target,3,S5,5,23,1,1,0,0,0,0,1,0,0,0,0,0
435,attack,clean_target_effective,2,S5,5,22,5,1,1,0,1,0,0,0,0,0,1,2
436,attack,multi_hit,4,S5,5,22,4,1,0,0,0,0,0,1,0,0,0,0
440,attack,missed,0,S5,5,23,1,1,0,0,0,1,0,0,0,0,0,0
446,attack,off_target,3,S0,0,23,2,1,0,0,0,0,1,0,0,0,0,0
455,attack,off_target,3,S5,5,22,2,1,0,0,0,0,1,0,0,0,0,0
459,attack,clean_target_effective,2,S5,5,22,1,1,1,0,1,0,0,0,0,0,1,2
461,attack,missed,0,S0,0,23,5,1,0,0,0,1,0,0,0,0,0,0
462,attack,clean_target_ineffective,1,S5,5,23,1,1,1,1,0,0,0,0,0,1,0,1
470,attack,off_target,3,S5,5,22,0,1,0,0,0,0,1,0,0,0,0,0
474,attack,multi_hit,4,S0,0,22,3,1,0,0,0,0,0,1,0,0,0,0
478,attack,off_target,3,S0,0,23,1,1,0,0,0,0,1,0,0,0,0,0
492,attack,clean_target_effective,2,S5,5,23,2,1,1,0,1,0,0,0,0,0,1,2
494,attack,missed,0,S0,0,22,5,1,0,0,0,1,0,0,0,0,0,0
495,attack,multi_hit,4,S0,0,23,6,1,0,0,0,0,0,1,0,0,0,0
498,attack,clean_target_ineffective,1,S5,5,23,3,1,1,1,0,0,0,0,0,1,0,1
505,attack,missed,0,S0,0,22,3,1,0,0,0,1,0,0,0,0,0,0
509,attack,clean_target_ineffective,1,S5,5,23,4,1,1,1,0,0,0,0,0,1,0,1
510,attack,clean_target_effective,2,S5,5,23,0,1,1,0,1,0,0,0,0,0,1,2
513,attack,clean_target_effective,2,S5,5,22,4,1,1,0,1,0,0,0,0,0,1,2
529,attack,off_target,3,S5,5,23,6,1,0,0,0,0,1,0,0,0,0,0
532,attack,missed,0,S5,5,23,3,1,0,0,0,1,0,0,0,0,0,0
536,attack,off_target,3,S0,0,22,2,1,0,0,0,0,1,0,0,0,0,0
539,attack,off_target,3,S5,5,22,6,1,0,0,0,0,1,0,0,0,0,0
542,attack,invalid_reset,5,S5,5,23,0,0,0,0,0,0,0,0,1,0,0,0
549,attack,multi_hit,4,S0,0,23,3,1,0,0,0,0,0,1,0,0,0,0
554,attack,off_target,3,S0,0,22,7,1,0,0,0,0,1,0,0,0,0,0
557,attack,off_target,3,S5,5,22,7,1,0,0,0,0,1,0,0,0,0,0
570,attack,off_target,3,S5,5,22,4,1,0,0,0,0,1,0,0,0,0,0
571,attack,clean_target_effective,2,S0,0,23,4,1,1,0,1,0,0,0,0,0,1,2
578,attack,multi_hit,4,S5,5,22,5,1,0,0,0,0,0,1,0,0,0,0
580,attack,missed,0,S0,0,22,0,1,0,0,0,1,0,0,0,0,0,0
585,attack,off_target,3,S5,5,22,7,1,0,0,0,0,1,0,0,0,0,0
586,attack,off_target,3,S5,5,23,4,1,0,0,0,0,1,0,0,0,0,0
589,attack,clean_target_ineffective,1,S0,0,22,4,1,1,1,0,0,0,0,0,1,0,1
590,attack,clean_target_effective,2,S5,5,23,6,1,1,0,1,0,0,0,0,0,1,2
594,attack,clean_target_effective,2,S0,0,23,7,1,1,0,1,0,0,0,0,0,1,2
600,attack,missed,0,S0,0,23,1,1,0,0,0,1,0,0,0,0,0,0
601,attack,clean_target_effective,2,S5,5,23,0,1,1,0,1,0,0,0,0,0,1,2
605,attack,missed,0,S0,0,22,1,1,0,0,0,1,0,0,0,0,0,0
609,attack,missed,0,S0,0,23,5,1,0,0,0,1,0,0,0,0,0,0
613,attack,off_target,3,S0,0,23,5,1,0,0,0,0,1,0,0,0,0,0
615,attack,off_target,3,S5,5,23,1,1,0,0,0,0,1,0,0,0,0,0
620,attack,invalid_reset,5,S0,0,23,5,0,0,0,0,0,0,0,1,0,0,0
624,attack,off_target,3,S0,0,23,6,1,0,0,0,0,1,0,0,0,0,0
633,attack,missed,0,S0,0,23,6,1,0,0,0,1,0,0,0,0,0,0
637,attack,missed,0,S0,0,23,5,1,0,0,0,1,0,0,0,0,0,0
638,attack,clean_target_ineffective,1,S5,5,23,2,1,1,1,0,0,0,0,0,1,0,1
643,attack,missed,0,S0,0,23,5,1,0,0,0,1,0,0,0,0,0,0
644,attack,missed,0,S0,0,23,1,1,0,0,0,1,0,0,0,0,0,0
647,attack,clean_target_effective,2,S5,5,23,7,1,1,0,1,0,0,0,0,0,1,2
652,attack,missed,0,S5,5,22,2,1,0,0,0,1,0,0,0,0,0,0
657,attack,multi_hit,4,S5,5,23,1,1,0,0,0,0,0,1,0,0,0,0
658,attack,clean_target_effective,2,S0,0,23,3,1,1,0,1,0,0,0,0,0,1,2
664,attack,missed,0,S0,0,22,3,1,0,0,0,1,0,0,0,0,0,0
669,attack,invalid_reset,5,S0,0,23,0,0,0,0,0,0,0,0,1,0,0,0
672,attack,missed,0,S0,0,23,4,1,0,0,0,1,0,0,0,0,0,0
681,attack,multi_hit,4,S5,5,23,2,1,0,0,0,0,0,1,0,0,0,0
693,attack,clean_target_effective,2,S5,5,23,3,1,1,0,1,0,0,0,0,0,1,2
697,attack,off_target,3,S0,0,22,3,1,0,0,0,0,1,0,0,0,0,0
702,attack,multi_hit,4,S5,5,22,3,1,0,0,0,0,0,1,0,0,0,0
703,attack,multi_hit,4,S0,0,22,6,1,0,0,0,0,0,1,0,0,0,0
705,attack,missed,0,S0,0,23,5,1,0,0,0,1,0,0,0,0,0,0
707,attack,clean_target_effective,2,S0,0,23,3,1,1,0,1,0,0,0,0,0,1,2
717,attack,multi_hit,4,S0,0,23,2,1,0,0,0,0,0,1,0,0,0,0
724,attack,missed,0,S5,5,22,2,1,0,0,0,1,0,0,0,0,0,0
726,attack,clean_target_effective,2,S5,5,23,1,1,1,0,1,0,0,0,0,0,1,2
728,attack,clean_target_ineffective,1,S0,0,22,7,1,1,1,0,0,0,0,0,1,0,1
730,attack,off_target,3,S5,5,22,1,1,0,0,0,0,1,0,0,0,0,0
735,attack,invalid_reset,5,S0,0,22,3,0,0,0,0,0,0,0,1,0,0,0
739,attack,off_target,3,S5,5,23,3,1,0,0,0,0,1,0,0,0,0,0
740,attack,off_target,3,S5,5,23,6,1,0,0,0,0,1,0,0,0,0,0
742,attack,missed,0,S0,0,22,5,1,0,0,0,1,0,0,0,0,0,0
750,attack,off_target,3,S5,5,23,7,1,0,0,0,0,1,0,0,0,0,0
762,attack,clean_target_effective,2,S5,5,22,3,1,1,0,1,0,0,0,0,0,1,2
764,attack,invalid_reset,5,S5,5,22,7,0,0,0,0,0,0,0,1,0,0,0
765,attack,clean_target_ineffective,1,S5,5,22,0,1,1,1,0,0,0,0,0,1,0,1
771,attack,clean_target_effective,2,S0,0,23,3,1,1,0,1,0,0,0,0,0,1,2
774,attack,missed,0,S0,0,22,7,1,0,0,0,1,0,0,0,0,0,0
776,attack,missed,0,S5,5,23,6,1,0,0,0,1,0,0,0,0,0,0
778,attack,multi_hit,4,S0,0,23,6,1,0,0,0,0,0,1,0,0,0,0
779,attack,missed,0,S5,5,22,7,1,0,0,0,1,0,0,0,0,0,0
783,attack,missed,0,S5,5,22,5,1,0,0,0,1,0,0,0,0,0,0
784,attack,clean_target_effective,2,S5,5,23,6,1,1,0,1,0,0,0,0,0,1,2
790,attack,missed,0,S0,0,22,3,1,0,0,0,1,0,0,0,0,0,0
795,attack,multi_hit,4,S0,0,22,2,1,0,0,0,0,0,1,0,0,0,0
799,attack,off_target,3,S0,0,22,0,1,0,0,0,0,1,0,0,0,0,0
800,attack,missed,0,S0,0,23,3,1,0,0,0,1,0,0,0,0,0,0
804,attack,multi_hit,4,S5,5,22,4,1,0,0,0,0,0,1,0,0,0,0
816,attack,multi_hit,4,S0,0,23,3,1,0,0,0,0,0,1,0,0,0,0
829,attack,off_target,3,S0,0,22,4,1,0,0,0,0,1,0,0,0,0,0
831,attack,off_target,3,S0,0,22,5,1,0,0,0,0,1,0,0,0,0,0
839,attack,clean_target_effective,2,S0,0,22,3,1,1,0,1,0,0,0,0,0,1,2
841,attack,missed,0,S5,5,22,7,1,0,0,0,1,0,0,0,0,0,0
842,attack,clean_target_effective,2,S0,0,22,3,1,1,0,1,0,0,0,0,0,1,2
846,attack,off_target,3,S5,5,23,7,1,0,0,0,0,1,0,0,0,0,0
850,attack,off_target,3,S5,5,23,7,1,0,0,0,0,1,0,0,0,0,0
858,attack,clean_target_effective,2,S5,5,23,5,1,1,0,1,0,0,0,0,0,1,2
859,attack,missed,0,S0,0,23,1,1,0,0,0,1,0,0,0,0,0,0
860,attack,off_target,3,S5,5,23,1,1,0,0,0,0,1,0,0,0,0,0
861,attack,invalid_reset,5,S5,5,22,5,0,0,0,0,0,0,0,1,0,0,0
865,attack,clean_target_effective,2,S5,5,22,7,1,1,0,1,0,0,0,0,0,1,2
873,attack,off_target,3,S0,0,22,3,1,0,0,0,0,1,0,0,0,0,0
876,attack,clean_target_effective,2,S5,5,22,5,1,1,0,1,0,0,0,0,0,1,2
889,attack,multi_hit,4,S5,5,23,4,1,0,0,0,0,0,1,0,0,0,0
895,attack,clean_target_effective,2,S5,5,22,2,1,1,0,1,0,0,0,0,0,1,2
901,attack,missed,0,S5,5,22,0,1,0,0,0,1,0,0,0,0,0,0
907,attack,clean_target_ineffective,1,S5,5,23,5,1,1,1,0,0,0,0,0,1,0,1
909,attack,missed,0,S5,5,22,3,1,0,0,0,1,0,0,0,0,0,0
910,attack,off_target,3,S0,0,22,2,1,0,0,0,0,1,0,0,0,0,0
911,attack,clean_target_effective,2,S0,0,23,0,1,1,0,1,0,0,0,0,0,1,2
917,attack,clean_target_effective,2,S0,0,22,4,1,1,0,1,0,0,0,0,0,1,2
919,attack,missed,0,S0,0,23,5,1,0,0,0,1,0,0,0,0,0,0
925,attack,multi_hit,4,S5,5,22,5,1,0,0,0,0,0,1,0,0,0,0
927,attack,clean_target_effective,2,S0,0,23,4,1,1,0,1,0,0,0,0,0,1,2
928,attack,multi_hit,4,S5,5,22,4,1,0,0,0,0,0,1,0,0,0,0
940,attack,multi_hit,4,S5,5,23,7,1,0,0,0,0,0,1,0,0,0,0
944,attack,clean_target_effective,2,S0,0,22,5,1,1,0,1,0,0,0,0,0,1,2
950,attack,clean_target_effective,2,S0,0,22,0,1,1,0,1,0,0,0,0,0,1,2
952,attack,off_target,3,S5,5,23,4,1,0,0,0,0,1,0,0,0,0,0
953,attack,clean_target_ineffective,1,S5,5,22,0,1,1,1,0,0,0,0,0,1,0,1
955,attack,off_target,3,S5,5,23,1,1,0,0,0,0,1,0,0,0,0,0
956,attack,clean_target_effective,2,S0,0,22,1,1,1,0,1,0,0,0,0,0,1,2
959,attack,multi_hit,4,S0,0,22,3,1,0,0,0,0,0,1,0,0,0,0
962,attack,clean_target_effective,2,S0,0,22,6,1,1,0,1,0,0,0,0,0,1,2
967,attack,multi_hit,4,S0,0,22,0,1,0,0,0,0,0,1,0,0,0,0
979,attack,clean_target_ineffective,1,S0,0,23,5,1,1,1,0,0,0,0,0,1,0,1
983,attack,clean_target_effective,2,S0,0,22,7,1,1,0,1,0,0,0,0,0,1,2
987,attack,off_target,3,S0,0,22,3,1,0,0,0,0,1,0,0,0,0,0
990,attack,invalid_reset,5,S0,0,22,5,0,0,0,0,0,0,0,1,0,0,0
995,attack,clean_target_effective,2,S5,5,23,3,1,1,0,1,0,0,0,0,0,1,2
996,attack,missed,0,S0,0,23,0,1,0,0,0,1,0,0,0,0,0,0
998,attack,clean_target_effective,2,S0,0,22,3,1,1,0,1,0,0,0,0,0,1,2
1000,attack,off_target,3,S0,0,22,2,1,0,0,0,0,1,0,0,0,0,0
1003,attack,missed,0,S5,5,22,6,1,0,0,0,1,0,0,0,0,0,0
1004,attack,missed,0,S0,0,22,7,1,0,0,0,1,0,0,0,0,0,0
1010,attack,multi_hit,4,S0,0,22,6,1,0,0,0,0,0,1,0,0,0,0
1013,attack,multi_hit,4,S0,0,23,6,1,0,0,0,0,0,1,0,0,0,0
1019,attack,clean_target_effective,2,S0,0,22,4,1,1,0,1,0,0,0,0,0,1,2
1020,attack,clean_target_ineffective,1,S5,5,22,6,1,1,1,0,0,0,0,0,1,0,1
1023,attack,clean_target_ineffective,1,S5,5,23,0,1,1,1,0,0,0,0,0,1,0,1
1026,attack,invalid_reset,5,S0,0,23,7,0,0,0,0,0,0,0,1,0,0,0
1027,attack,invalid_reset,5,S0,0,23,3,0,0,0,0,0,0,0,1,0,0,0
1029,attack,clean_target_ineffective,1,S5,5,22,2,1,1,1,0,0,0,0,0,1,0,1
1031,attack,missed,0,S5,5,22,5,1,0,0,0,1,0,0,0,0,0,0
1035,attack,clean_target_ineffective,1,S0,0,22,6,1,1,1,0,0,0,0,0,1,0,1
1037,attack,clean_target_ineffective,1,S5,5,23,0,1,1,1,0,0,0,0,0,1,0,1
1038,attack,clean_target_ineffective,1,S0,0,22,3,1,1,1,0,0,0,0,0,1,0,1
1039,attack,multi_hit,4,S5,5,23,0,1,0,0,0,0,0,1,0,0,0,0
1040,attack,clean_target_effective,2,S0,0,23,5,1,1,0,1,0,0,0,0,0,1,2
1041,attack,clean_target_ineffective,1,S0,0,23,3,1,1,1,0,0,0,0,0,1,0,1
1042,attack,multi_hit,4,S5,5,22,4,1,0,0,0,0,0,1,0,0,0,0
1045,attack,missed,0,S0,0,22,3,1,0,0,0,1,0,0,0,0,0,0
1051,attack,clean_target_ineffective,1,S5,5,22,7,1,1,1,0,0,0,0,0,1,0,1
1053,attack,clean_target_ineffective,1,S5,5,23,5,1,1,1,0,0,0,0,0,1,0,1
1063,attack,clean_target_ineffective,1,S0,0,22,7,1,1,1,0,0,0,0,0,1,0,1
1065,attack,missed,0,S0,0,23,5,1,0,0,0,1,0,0,0,0,0,0
1066,attack,off_target,3,S0,0,23,5,1,0,0,0,0,1,0,0,0,0,0
1070,attack,off_target,3,S5,5,22,6,1,0,0,0,0,1,0,0,0,0,0
1072,attack,missed,0,S0,0,23,7,1,0,0,0,1,0,0,0,0,0,0
1073,attack,clean_target_ineffective,1,S5,5,23,3,1,1,1,0,0,0,0,0,1,0,1
1074,attack,clean_target_ineffective,1,S5,5,22,6,1,1,1,0,0,0,0,0,1,0,1
1080,attack,clean_target_effective,2,S5,5,22,4,1,1,0,1,0,0,0,0,0,1,2
1082,attack,clean_target_effective,2,S5,5,23,3,1,1,0,1,0,0,0,0,0,1,2
1084,attack,clean_target_effective,2,S5,5,23,7,1,1,0,1,0,0,0,0,0,1,2
1095,attack,multi_hit,4,S5,5,22,4,1,0,0,0,0,0,1,0,0,0,0
1096,attack,clean_target_ineffective,1,S0,0,23,4,1,1,1,0,0,0,0,0,1,0,1
1098,attack,missed,0,S0,0,22,0,1,0,0,0,1,0,0,0,0,0,0
1099,attack,clean_target_ineffective,1,S5,5,23,5,1,1,1,0,0,0,0,0,1,0,1
1100,attack,clean_target_ineffective,1,S0,0,22,5,1,1,1,0,0,0,0,0,1,0,1
1102,attack,clean_target_effective,2,S0,0,22,5,1,1,0,1,0,0,0,0,0,1,2
1105,attack,missed,0,S5,5,23,0,1,0,0,0,1,0,0,0,0,0,0
1108,attack,off_target,3,S0,0,23,0,1,0,0,0,0,1,0,0,0,0,0
1109,attack,clean_target_ineffective,1,S5,5,23,1,1,1,1,0,0,0,0,0,1,0,1
1111,attack,multi_hit,4,S0,0,23,6,1,0,0,0,0,0,1,0,0,0,0
1112,attack,missed,0,S5,5,23,5,1,0,0,0,1,0,0,0,0,0,0
1113,attack,missed,0,S0,0,23,3,1,0,0,0,1,0,0,0,0,0,0
1117,attack,multi_hit,4,S5,5,23,7,1,0,0,0,0,0,1,0,0,0,0
1120,attack,missed,0,S5,5,23,6,1,0,0,0,1,0,0,0,0,0,0
1131,attack,clean_target_effective,2,S5,5,23,0,1,1,0,1,0,0,0,0,0,1,2
1137,attack,missed,0,S5,5,23,1,1,0,0,0,1,0,0,0,0,0,0
1142,attack,off_target,3,S5,5,22,1,1,0,0,0,0,1,0,0,0,0,0
1144,attack,clean_target_effective,2,S5,5,22,0,1,1,0,1,0,0,0,0,0,1,2
1149,attack,clean_target_ineffective,1,S5,5,22,1,1,1,1,0,0,0,0,0,1,0,1
1158,attack,multi_hit,4,S5,5,23,3,1,0,0,0,0,0,1,0,0,0,0
1162,attack,clean_target_effective,2,S5,5,22,4,1,1,0,1,0,0,0,0,0,1,2
1167,attack,clean_target_ineffective,1,S5,5,22,7,1,1,1,0,0,0,0,0,1,0,1
1178,attack,missed,0,S0,0,23,7,1,0,0,0,1,0,0,0,0,0,0
1180,attack,clean_target_effective,2,S0,0,23,0,1,1,0,1,0,0,0,0,0,1,2
1181,attack,multi_hit,4,S0,0,22,4,1,0,0,0,0,0,1,0,0,0,0
1183,attack,clean_target_effective,2,S0,0,23,5,1,1,0,1,0,0,0,0,0,1,2
1193,attack,missed,0,S5,5,22,6,1,0,0,0,1,0,0,0,0,0,0
1194,attack,off_target,3,S5,5,23,2,1,0,0,0,0,1,0,0,0,0,0
1197,attack,clean_target_effective,2,S0,0,22,2,1,1,0,1,0,0,0,0,0,1,2
1212,attack,clean_target_ineffective,1,S0,0,22,6,1,1,1,0,0,0,0,0,1,0,1
1214,attack,missed,0,S5,5,23,2,1,0,0,0,1,0,0,0,0,0,0
1216,attack,clean_target_effective,2,S0,0,22,7,1,1,0,1,0,0,0,0,0,1,2
1217,attack,missed,0,S5,5,23,3,1,0,0,0,1,0,0,0,0,0,0
1223,attack,clean_target_effective,2,S5,5,23,4,1,1,0,1,0,0,0,0,0,1,2
1224,attack,off_target,3,S5,5,22,5,1,0,0,0,0,1,0,0,0,0,0
1231,attack,missed,0,S5,5,22,3,1,0,0,0,1,0,0,0,0,0,0
1239,attack,off_target,3,S0,0,22,7,1,0,0,0,0,1,0,0,0,0,0
1245,attack,off_target,3,S0,0,23,1,1,0,0,0,0,1,0,0,0,0,0
1256,attack,clean_target_effective,2,S5,5,22,1,1,1,0,1,0,0,0,0,0,1,2
1275,attack,missed,0,S0,0,22,3,1,0,0,0,1,0,0,0,0,0,0
1276,attack,clean_target_effective,2,S5,5,22,1,1,1,0,1,0,0,0,0,0,1,2
1281,attack,off_target,3,S0,0,22,6,1,0,0,0,0,1,0,0,0,0,0
1285,attack,off_target,3,S5,5,23,7,1,0,0,0,0,1,0,0,0,0,0
1288,attack,missed,0,S5,5,22,7,1,0,0,0,1,0,0,0,0,0,0
1292,attack,clean_target_effective,2,S0,0,22,0,1,1,0,1,0,0,0,0,0,1,2
1297,attack,clean_target_ineffective,1,S0,0,23,5,1,1,1,0,0,0,0,0,1,0,1
1298,attack,missed,0,S0,0,22,0,1,0,0,0,1,0,0,0,0,0,0
1299,attack,clean_target_ineffective,1,S0,0,22,0,1,1,1,0,0,0,0,0,1,0,1
1301,attack,clean_target_effective,2,S0,0,23,6,1,1,0,1,0,0,0,0,0,1,2
1303,attack,clean_target_ineffective,1,S0,0,23,5,1,1,1,0,0,0,0,0,1,0,1
1308,attack,clean_target_effective,2,S0,0,23,4,1,1,0,1,0,0,0,0,0,1,2
1316,attack,off_target,3,S0,0,23,7,1,0,0,0,0,1,0,0,0,0,0
1322,attack,missed,0,S0,0,22,6,1,0,0,0,1,0,0,0,0,0,0
1326,attack,multi_hit,4,S5,5,23,4,1,0,0,0,0,0,1,0,0,0,0
1329,attack,off_target,3,S0,0,23,4,1,0,0,0,0,1,0,0,0,0,0
1343,attack,off_target,3,S5,5,22,5,1,0,0,0,0,1,0,0,0,0,0
1346,attack,missed,0,S0,0,23,5,1,0,0,0,1,0,0,0,0,0,0
1348,attack,clean_target_ineffective,1,S5,5,23,4,1,1,1,0,0,0,0,0,1,0,1
1349,attack,multi_hit,4,S0,0,22,3,1,0,0,0,0,0,1,0,0,0,0
1352,attack,missed,0,S0,0,23,2,1,0,0,0,1,0,0,0,0,0,0
1353,attack,missed,0,S0,0,22,3,1,0,0,0,1,0,0,0,0,0,0
1354,attack,clean_target_ineffective,1,S5,5,22,1,1,1,1,0,0,0,0,0,1,0,1
1367,attack,clean_target_effective,2,S5,5,22,4,1,1,0,1,0,0,0,0,0,1,2
1369,attack,missed,0,S5,5,23,5,1,0,0,0,1,0,0,0,0,0,0
1373,attack,clean_target_ineffective,1,S5,5,23,1,1,1,1,0,0,0,0,0,1,0,1
1377,attack,multi_hit,4,S5,5,23,2,1,0,0,0,0,0,1,0,0,0,0
1380,attack,clean_target_effective,2,S0,0,23,0,1,1,0,1,0,0,0,0,0,1,2
1383,attack,clean_target_effective,2,S5,5,22,6,1,1,0,1,0,0,0,0,0,1,2
1385,attack,off_target,3,S5,5,23,0,1,0,0,0,0,1,0,0,0,0,0
1389,attack,missed,0,S0,0,22,5,1,0,0,0,1,0,0,0,0,0,0
1391,attack,clean_target_ineffective,1,S0,0,23,3,1,1,1,0,0,0,0,0,1,0,1
1394,attack,clean_target_effective,2,S0,0,22,4,1,1,0,1,0,0,0,0,0,1,2
1396,attack,clean_target_effective,2,S5,5,23,1,1,1,0,1,0,0,0,0,0,1,2
1398,attack,multi_hit,4,S0,0,22,5,1,0,0,0,0,0,1,0,0,0,0
1399,attack,missed,0,S0,0,22,4,1,0,0,0,1,0,0,0,0,0,0
1400,attack,clean_target_effective,2,S5,5,22,6,1,1,0,1,0,0,0,0,0,1,2
1401,attack,clean_target_effective,2,S5,5,23,5,1,1,0,1,0,0,0,0,0,1,2
1402,attack,missed,0,S5,5,23,6,1,0,0,0,1,0,0,0,0,0,0
1403,attack,invalid_reset,5,S5,5,22,6,0,0,0,0,0,0,0,1,0,0,0
1406,attack,clean_target_ineffective,1,S5,5,23,5,1,1,1,0,0,0,0,0,1,0,1
1407,attack,clean_target_ineffective,1,S0,0,23,4,1,1,1,0,0,0,0,0,1,0,1
1411,attack,clean_target_effective,2,S0,0,22,6,1,1,0,1,0,0,0,0,0,1,2
1416,attack,clean_target_effective,2,S0,0,23,2,1,1,0,1,0,0,0,0,0,1,2
1417,attack,multi_hit,4,S0,0,22,1,1,0,0,0,0,0,1,0,0,0,0
1419,attack,missed,0,S5,5,23,4,1,0,0,0,1,0,0,0,0,0,0
1421,attack,clean_target_effective,2,S0,0,22,3,1,1,0,1,0,0,0,0,0,1,2
1426,attack,clean_target_effective,2,S5,5,22,2,1,1,0,1,0,0,0,0,0,1,2
1428,attack,missed,0,S0,0,22,1,1,0,0,0,1,0,0,0,0,0,0
1429,attack,missed,0,S0,0,22,1,1,0,0,0,1,0,0,0,0,0,0
1432,attack,multi_hit,4,S0,0,22,6,1,0,0,0,0,0,1,0,0,0,0
1434,attack,invalid_reset,5,S5,5,22,5,0,0,0,0,0,0,0,1,0,0,0
1438,attack,invalid_reset,5,S5,5,22,7,0,0,0,0,0,0,0,1,0,0,0
1439,attack,invalid_reset,5,S5,5,22,2,0,0,0,0,0,0,0,1,0,0,0
1440,attack,off_target,3,S5,5,23,0,1,0,0,0,0,1,0,0,0,0,0
1442,attack,off_target,3,S0,0,23,5,1,0,0,0,0,1,0,0,0,0,0
1452,attack,missed,0,S5,5,23,2,1,0,0,0,1,0,0,0,0,0,0
1457,attack,multi_hit,4,S5,5,22,4,1,0,0,0,0,0,1,0,0,0,0
1459,attack,invalid_reset,5,S5,5,22,3,0,0,0,0,0,0,0,1,0,0,0
1462,attack,missed,0,S5,5,23,6,1,0,0,0,1,0,0,0,0,0,0
1464,attack,missed,0,S5,5,23,5,1,0,0,0,1,0,0,0,0,0,0
1468,attack,missed,0,S5,5,23,1,1,0,0,0,1,0,0,0,0,0,0
1469,attack,clean_target_ineffective,1,S0,0,22,3,1,1,1,0,0,0,0,0,1,0,1
1474,attack,missed,0,S5,5,23,4,1,0,0,0,1,0,0,0,0,0,0
1475,attack,off_target,3,S5,5,22,4,1,0,0,0,0,1,0,0,0,0,0
1480,attack,missed,0,S5,5,23,0,1,0,0,0,1,0,0,0,0,0,0
1481,attack,missed,0,S0,0,22,7,1,0,0,0,1,0,0,0,0,0,0
1482,attack,clean_target_effective,2,S0,0,23,7,1,1,0,1,0,0,0,0,0,1,2
1485,attack,multi_hit,4,S0,0,23,3,1,0,0,0,0,0,1,0,0,0,0
1486,attack,missed,0,S0,0,23,5,1,0,0,0,1,0,0,0,0,0,0
1490,attack,clean_target_effective,2,S5,5,23,6,1,1,0,1,0,0,0,0,0,1,2
1508,attack,clean_target_effective,2,S5,5,23,0,1,1,0,1,0,0,0,0,0,1,2
1510,attack,clean_target_effective,2,S5,5,23,2,1,1,0,1,0,0,0,0,0,1,2
1515,attack,missed,0,S5,5,22,7,1,0,0,0,1,0,0,0,0,0,0
1516,attack,missed,0,S0,0,22,2,1,0,0,0,1,0,0,0,0,0,0
1517,attack,clean_target_ineffective,1,S0,0,23,7,1,1,1,0,0,0,0,0,1,0,1
1521,attack,clean_target_effective,2,S0,0,22,7,1,1,0,1,0,0,0,0,0,1,2
1524,attack,clean_target_effective,2,S0,0,22,0,1,1,0,1,0,0,0,0,0,1,2
1525,attack,multi_hit,4,S0,0,22,2,1,0,0,0,0,0,1,0,0,0,0
1529,attack,clean_target_effective,2,S5,5,23,5,1,1,0,1,0,0,0,0,0,1,2
1532,attack,clean_target_ineffective,1,S0,0,22,3,1,1,1,0,0,0,0,0,1,0,1
1554,attack,missed,0,S5,5,22,4,1,0,0,0,1,0,0,0,0,0,0
1557,attack,clean_target_effective,2,S5,5,23,0,1,1,0,1,0,0,0,0,0,1,2
1558,attack,multi_hit,4,S5,5,22,1,1,0,0,0,0,0,1,0,0,0,0
1559,attack,off_target,3,S0,0,23,3,1,0,0,0,0,1,0,0,0,0,0
1564,attack,multi_hit,4,S5,5,22,1,1,0,0,0,0,0,1,0,0,0,0
1567,attack,missed,0,S0,0,23,4,1,0,0,0,1,0,0,0,0,0,0
1570,attack,missed,0,S5,5,22,7,1,0,0,0,1,0,0,0,0,0,0
1571,attack,off_target,3,S0,0,22,4,1,0,0,0,0,1,0,0,0,0,0
1577,attack,missed,0,S0,0,22,6,1,0,0,0,1,0,0,0,0,0,0
1579,attack,missed,0,S0,0,22,1,1,0,0,0,1,0,0,0,0,0,0
1583,attack,missed,0,S0,0,23,6,1,0,0,0,1,0,0,0,0,0,0
1587,attack,clean_target_effective,2,S5,5,22,5,1,1,0,1,0,0,0,0,0,1,2
1591,attack,missed,0,S0,0,22,1,1,0,0,0,1,0,0,0,0,0,0
1598,attack,multi_hit,4,S5,5,22,7,1,0,0,0,0,0,1,0,0,0,0
1602,attack,clean_target_effective,2,S0,0,22,5,1,1,0,1,0,0,0,0,0,1,2
1603,attack,multi_hit,4,S0,0,23,4,1,0,0,0,0,0,1,0,0,0,0
1604,attack,missed,0,S0,0,23,5,1,0,0,0,1,0,0,0,0,0,0
1609,attack,clean_target_effective,2,S0,0,23,0,1,1,0,1,0,0,0,0,0,1,2
1612,attack,multi_hit,4,S5,5,23,2,1,0,0,0,0,0,1,0,0,0,0
1613,attack,clean_target_effective,2,S5,5,23,5,1,1,0,1,0,0,0,0,0,1,2
1614,attack,off_target,3,S5,5,22,4,1,0,0,0,0,1,0,0,0,0,0
1624,attack,clean_target_effective,2,S5,5,22,2,1,1,0,1,0,0,0,0,0,1,2
1625,attack,missed,0,S0,0,23,5,1,0,0,0,1,0,0,0,0,0,0
1630,attack,clean_target_ineffective,1,S0,0,22,6,1,1,1,0,0,0,0,0,1,0,1
1632,attack,clean_target_effective,2,S0,0,23,0,1,1,0,1,0,0,0,0,0,1,2
1633,attack,clean_target_effective,2,S5,5,23,3,1,1,0,1,0,0,0,0,0,1,2
1638,attack,clean_target_effective,2,S5,5,23,5,1,1,0,1,0,0,0,0,0,1,2
1639,attack,multi_hit,4,S5,5,22,0,1,0,0,0,0,0,1,0,0,0,0
1643,attack,off_target,3,S0,0,22,0,1,0,0,0,0,1,0,0,0,0,0
1645,attack,off_target,3,S5,5,23,6,1,0,0,0,0,1,0,0,0,0,0
1646,attack,missed,0,S5,5,22,2,1,0,0,0,1,0,0,0,0,0,0
1648,attack,clean_target_effective,2,S0,0,23,5,1,1,0,1,0,0,0,0,0,1,2
1653,attack,clean_target_effective,2,S0,0,23,2,1,1,0,1,0,0,0,0,0,1,2
1655,attack,missed,0,S0,0,23,0,1,0,0,0,1,0,0,0,0,0,0
1659,attack,missed,0,S0,0,23,3,1,0,0,0,1,0,0,0,0,0,0
1667,attack,missed,0,S0,0,22,2,1,0,0,0,1,0,0,0,0,0,0
1671,attack,missed,0,S5,5,23,7,1,0,0,0,1,0,0,0,0,0,0
1674,attack,clean_target_effective,2,S5,5,23,3,1,1,0,1,0,0,0,0,0,1,2
1675,attack,missed,0,S0,0,23,5,1,0,0,0,1,0,0,0,0,0,0
1677,attack,off_target,3,S0,0,23,0,1,0,0,0,0,1,0,0,0,0,0
1684,attack,missed,0,S0,0,22,6,1,0,0,0,1,0,0,0,0,0,0
1687,attack,invalid_reset,5,S0,0,23,6,0,0,0,0,0,0,0,1,0,0,0
1693,attack,clean_target_effective,2,S5,5,22,6,1,1,0,1,0,0,0,0,0,1,2
1695,attack,off_target,3,S0,0,23,1,1,0,0,0,0,1,0,0,0,0,0
1696,attack,clean_target_effective,2,S5,5,22,5,1,1,0,1,0,0,0,0,0,1,2
1699,attack,invalid_reset,5,S0,0,22,6,0,0,0,0,0,0,0,1,0,0,0
1704,attack,off_target,3,S5,5,23,1,1,0,0,0,0,1,0,0,0,0,0
1705,attack,clean_target_effective,2,S0,0,22,4,1,1,0,1,0,0,0,0,0,1,2
1716,attack,clean_target_effective,2,S0,0,23,7,1,1,0,1,0,0,0,0,0,1,2
1717,attack,invalid_reset,5,S5,5,22,3,0,0,0,0,0,0,0,1,0,0,0
1723,attack,off_target,3,S5,5,23,5,1,0,0,0,0,1,0,0,0,0,0
1726,attack,clean_target_effective,2,S0,0,23,7,1,1,0,1,0,0,0,0,0,1,2
1730,attack,off_target,3,S0,0,22,2,1,0,0,0,0,1,0,0,0,0,0
1744,attack,multi_hit,4,S0,0,23,5,1,0,0,0,0,0,1,0,0,0,0
1745,attack,clean_target_ineffective,1,S5,5,22,5,1,1,1,0,0,0,0,0,1,0,1
1754,attack,missed,0,S5,5,23,4,1,0,0,0,1,0,0,0,0,0,0
1755,attack,missed,0,S5,5,23,5,1,0,0,0,1,0,0,0,0,0,0
1756,attack,clean_target_effective,2,S0,0,22,3,1,1,0,1,0,0,0,0,0,1,2
1758,attack,multi_hit,4,S5,5,23,5,1,0,0,0,0,0,1,0,0,0,0
1761,attack,off_target,3,S5,5,23,0,1,0,0,0,0,1,0,0,0,0,0
1762,attack,off_target,3,S0,0,22,4,1,0,0,0,0,1,0,0,0,0,0
1763,attack,clean_target_effective,2,S5,5,23,1,1,1,0,1,0,0,0,0,0,1,2
1770,attack,missed,0,S5,5,22,1,1,0,0,0,1,0,0,0,0,0,0
1774,attack,missed,0,S5,5,22,2,1,0,0,0,1,0,0,0,0,0,0
1775,attack,off_target,3,S5,5,22,6,1,0,0,0,0,1,0,0,0,0,0
1778,attack,missed,0,S5,5,22,1,1,0,0,0,1,0,0,0,0,0,0
1781,attack,clean_target_effective,2,S5,5,23,2,1,1,0,1,0,0,0,0,0,1,2
1782,attack,clean_target_effective,2,S5,5,23,6,1,1,0,1,0,0,0,0,0,1,2
1795,attack,clean_target_effective,2,S0,0,22,2,1,1,0,1,0,0,0,0,0,1,2
1798,attack,clean_target_ineffective,1,S0,0,23,5,1,1,1,0,0,0,0,0,1,0,1
1800,attack,clean_target_effective,2,S0,0,23,1,1,1,0,1,0,0,0,0,0,1,2
1805,attack,off_target,3,S5,5,23,6,1,0,0,0,0,1,0,0,0,0,0
1809,attack,clean_target_effective,2,S0,0,22,0,1,1,0,1,0,0,0,0,0,1,2
1812,attack,off_target,3,S5,5,22,3,1,0,0,0,0,1,0,0,0,0,0
1816,attack,missed,0,S0,0,22,7,1,0,0,0,1,0,0,0,0,0,0
1818,attack,off_target,3,S5,5,23,1,1,0,0,0,0,1,0,0,0,0,0
1824,attack,clean_target_effective,2,S0,0,23,6,1,1,0,1,0,0,0,0,0,1,2
1825,attack,missed,0,S0,0,22,7,1,0,0,0,1,0,0,0,0,0,0
1828,attack,off_target,3,S0,0,22,0,1,0,0,0,0,1,0,0,0,0,0
1829,attack,clean_target_ineffective,1,S5,5,22,0,1,1,1,0,0,0,0,0,1,0,1
1830,attack,off_target,3,S5,5,22,7,1,0,0,0,0,1,0,0,0,0,0
1831,attack,off_target,3,S5,5,22,4,1,0,0,0,0,1,0,0,0,0,0
1834,attack,missed,0,S5,5,23,4,1,0,0,0,1,0,0,0,0,0,0
1836,attack,missed,0,S5,5,22,6,1,0,0,0,1,0,0,0,0,0,0
1837,attack,clean_target_ineffective,1,S0,0,22,4,1,1,1,0,0,0,0,0,1,0,1
1840,attack,clean_target_effective,2,S5,5,23,7,1,1,0,1,0,0,0,0,0,1,2
1845,attack,clean_target_effective,2,S0,0,22,1,1,1,0,1,0,0,0,0,0,1,2
1851,attack,clean_target_effective,2,S0,0,23,2,1,1,0,1,0,0,0,0,0,1,2
1854,attack,clean_target_ineffective,1,S0,0,22,4,1,1,1,0,0,0,0,0,1,0,1
1861,attack,clean_target_effective,2,S5,5,22,6,1,1,0,1,0,0,0,0,0,1,2
1863,attack,multi_hit,4,S0,0,23,6,1,0,0,0,0,0,1,0,0,0,0
1866,attack,missed,0,S0,0,23,1,1,0,0,0,1,0,0,0,0,0,0
1870,attack,clean_target_ineffective,1,S5,5,23,2,1,1,1,0,0,0,0,0,1,0,1
1871,attack,clean_target_ineffective,1,S5,5,23,7,1,1,1,0,0,0,0,0,1,0,1
1875,attack,clean_target_effective,2,S5,5,23,0,1,1,0,1,0,0,0,0,0,1,2
1876,attack,clean_target_effective,2,S5,5,22,4,1,1,0,1,0,0,0,0,0,1,2
1881,attack,missed,0,S0,0,22,3,1,0,0,0,1,0,0,0,0,0,0
1882,attack,clean_target_effective,2,S5,5,23,1,1,1,0,1,0,0,0,0,0,1,2
1888,attack,clean_target_effective,2,S5,5,22,6,1,1,0,1,0,0,0,0,0,1,2
1893,attack,multi_hit,4,S5,5,22,6,1,0,0,0,0,0,1,0,0,0,0
1897,attack,clean_target_effective,2,S5,5,23,3,1,1,0,1,0,0,0,0,0,1,2
1899,attack,clean_target_ineffective,1,S0,0,22,6,1,1,1,0,0,0,0,0,1,0,1
1902,attack,off_target,3,S5,5,22,0,1,0,0,0,0,1,0,0,0,0,0
1909,attack,clean_target_ineffective,1,S5,5,23,7,1,1,1,0,0,0,0,0,1,0,1
1912,attack,multi_hit,4,S0,0,23,7,1,0,0,0,0,0,1,0,0,0,0
1913,attack,missed,0,S0,0,23,6,1,0,0,0,1,0,0,0,0,0,0
1917,attack,invalid_reset,5,S5,5,22,0,0,0,0,0,0,0,0,1,0,0,0
1918,attack,clean_target_effective,2,S5,5,23,4,1,1,0,1,0,0,0,0,0,1,2
1924,attack,missed,0,S0,0,22,3,1,0,0,0,1,0,0,0,0,0,0
1925,attack,missed,0,S5,5,23,4,1,0,0,0,1,0,0,0,0,0,0
1929,attack,missed,0,S0,0,22,1,1,0,0,0,1,0,0,0,0,0,0
1950,attack,missed,0,S5,5,22,4,1,0,0,0,1,0,0,0,0,0,0
1951,attack,invalid_reset,5,S5,5,22,2,0,0,0,0,0,0,0,1,0,0,0
1955,attack,off_target,3,S5,5,23,3,1,0,0,0,0,1,0,0,0,0,0
1967,attack,multi_hit,4,S5,5,23,4,1,0,0,0,0,0,1,0,0,0,0
1968,attack,missed,0,S0,0,23,2,1,0,0,0,1,0,0,0,0,0,0
1972,attack,clean_target_ineffective,1,S5,5,23,6,1,1,1,0,0,0,0,0,1,0,1
1975,attack,multi_hit,4,S0,0,22,4,1,0,0,0,0,0,1,0,0,0,0
1978,attack,clean_target_ineffective,1,S0,0,22,1,1,1,1,0,0,0,0,0,1,0,1
1986,attack,missed,0,S0,0,23,1,1,0,0,0,1,0,0,0,0,0,0
1989,attack,multi_hit,4,S0,0,23,2,1,0,0,0,0,0,1,0,0,0,0
1991,attack,clean_target_effective,2,S0,0,22,3,1,1,0,1,0,0,0,0,0,1,2
2008,attack,clean_target_effective,2,S0,0,22,1,1,1,0,1,0,0,0,0,0,1,2
2009,attack,multi_hit,4,S5,5,23,6,1,0,0,0,0,0,1,0,0,0,0
2013,attack,missed,0,S0,0,22,3,1,0,0,0,1,0,0,0,0,0,0
2014,attack,clean_target_effective,2,S0,0,23,5,1,1,0,1,0,0,0,0,0,1,2
2016,attack,clean_target_ineffective,1,S0,0,22,4,1,1,1,0,0,0,0,0,1,0,1
2022,attack,clean_target_effective,2,S0,0,23,2,1,1,0,1,0,0,0,0,0,1,2
2025,attack,off_target,3,S5,5,23,3,1,0,0,0,0,1,0,0,0,0,0
2027,attack,clean_target_effective,2,S0,0,22,5,1,1,0,1,0,0,0,0,0,1,2
2037,attack,invalid_reset,5,S5,5,22,6,0,0,0,0,0,0,0,1,0,0,0
2041,attack,multi_hit,4,S0,0,22,2,1,0,0,0,0,0,1,0,0,0,0
2042,attack,missed,0,S5,5,22,2,1,0,0,0,1,0,0,0,0,0,0
2045,attack,off_target,3,S5,5,22,0,1,0,0,0,0,1,0,0,0,0,0
2056,attack,multi_hit,4,S5,5,22,7,1,0,0,0,0,0,1,0,0,0,0
2059,attack,invalid_reset,5,S5,5,22,1,0,0,0,0,0,0,0,1,0,0,0
2061,attack,missed,0,S0,0,23,0,1,0,0,0,1,0,0,0,0,0,0
2062,attack,off_target,3,S0,0,22,0,1,0,0,0,0,1,0,0,0,0,0
2064,attack,missed,0,S0,0,22,1,1,0,0,0,1,0,0,0,0,0,0
2071,attack,clean_target_effective,2,S0,0,22,1,1,1,0,1,0,0,0,0,0,1,2
2085,attack,missed,0,S0,0,22,1,1,0,0,0,1,0,0,0,0,0,0
2087,attack,missed,0,S0,0,22,6,1,0,0,0,1,0,0,0,0,0,0
2093,attack,off_target,3,S0,0,22,0,1,0,0,0,0,1,0,0,0,0,0
2102,attack,off_target,3,S0,0,22,4,1,0,0,0,0,1,0,0,0,0,0
2103,attack,clean_target_effective,2,S5,5,22,7,1,1,0,1,0,0,0,0,0,1,2
2105,attack,missed,0,S0,0,22,1,1,0,0,0,1,0,0,0,0,0,0
2107,attack,clean_target_effective,2,S0,0,23,5,1,1,0,1,0,0,0,0,0,1,2
2112,attack,off_target,3,S0,0,23,1,1,0,0,0,0,1,0,0,0,0,0
2119,attack,multi_hit,4,S5,5,22,2,1,0,0,0,0,0,1,0,0,0,0
2123,attack,off_target,3,S5,5,23,6,1,0,0,0,0,1,0,0,0,0,0
2126,attack,invalid_reset,5,S0,0,23,3,0,0,0,0,0,0,0,1,0,0,0
2127,attack,missed,0,S0,0,22,0,1,0,0,0,1,0,0,0,0,0,0
2128,attack,multi_hit,4,S0,0,22,2,1,0,0,0,0,0,1,0,0,0,0
2131,attack,multi_hit,4,S5,5,22,3,1,0,0,0,0,0,1,0,0,0,0
2132,attack,clean_target_effective,2,S5,5,23,4,1,1,0,1,0,0,0,0,0,1,2
2133,attack,clean_target_ineffective,1,S5,5,23,2,1,1,1,0,0,0,0,0,1,0,1
2134,attack,missed,0,S5,5,23,3,1,0,0,0,1,0,0,0,0,0,0
2140,attack,clean_target_effective,2,S5,5,22,4,1,1,0,1,0,0,0,0,0,1,2
2142,attack,invalid_reset,5,S5,5,22,1,0,0,0,0,0,0,0,1,0,0,0
2143,attack,missed,0,S0,0,22,2,1,0,0,0,1,0,0,0,0,0,0
2148,attack,clean_target_effective,2,S0,0,22,0,1,1,0,1,0,0,0,0,0,1,2
2152,attack,missed,0,S0,0,23,1,1,0,0,0,1,0,0,0,0,0,0
2153,attack,clean_target_effective,2,S0,0,23,5,1,1,0,1,0,0,0,0,0,1,2
2160,attack,missed,0,S5,5,23,2,1,0,0,0,1,0,0,0,0,0,0
2164,attack,missed,0,S0,0,23,3,1,0,0,0,1,0,0,0,0,0,0
2167,attack,clean_target_effective,2,S5,5,22,6,1,1,0,1,0,0,0,0,0,1,2
2177,attack,clean_target_effective,2,S5,5,23,4,1,1,0,1,0,0,0,0,0,1,2
2179,attack,missed,0,S5,5,22,7,1,0,0,0,1,0,0,0,0,0,0
2184,attack,missed,0,S0,0,23,4,1,0,0,0,1,0,0,0,0,0,0
2186,attack,multi_hit,4,S5,5,22,5,1,0,0,0,0,0,1,0,0,0,0
2193,attack,missed,0,S5,5,23,7,1,0,0,0,1,0,0,0,0,0,0
2199,attack,clean_target_effective,2,S0,0,22,0,1,1,0,1,0,0,0,0,0,1,2
2202,attack,clean_target_effective,2,S0,0,23,1,1,1,0,1,0,0,0,0,0,1,2
2203,attack,clean_target_ineffective,1,S5,5,23,7,1,1,1,0,0,0,0,0,1,0,1
2205,attack,clean_target_effective,2,S5,5,23,0,1,1,0,1,0,0,0,0,0,1,2
2207,attack,multi_hit,4,S5,5,22,7,1,0,0,0,0,0,1,0,0,0,0
2214,attack,clean_target_effective,2,S5,5,23,2,1,1,0,1,0,0,0,0,0,1,2
2215,attack,clean_target_effective,2,S5,5,22,6,1,1,0,1,0,0,0,0,0,1,2
2218,attack,missed,0,S0,0,23,1,1,0,0,0,1,0,0,0,0,0,0
2219,attack,missed,0,S5,5,22,1,1,0,0,0,1,0,0,0,0,0,0
2223,attack,off_target,3,S0,0,23,2,1,0,0,0,0,1,0,0,0,0,0
2224,attack,missed,0,S5,5,22,6,1,0,0,0,1,0,0,0,0,0,0
2226,attack,missed,0,S5,5,22,4,1,0,0,0,1,0,0,0,0,0,0
2236,attack,multi_hit,4,S0,0,23,2,1,0,0,0,0,0,1,0,0,0,0
2239,attack,multi_hit,4,S0,0,23,1,1,0,0,0,0,0,1,0,0,0,0
2242,attack,multi_hit,4,S0,0,23,0,1,0,0,0,0,0,1,0,0,0,0
2260,attack,clean_target_effective,2,S0,0,22,6,1,1,0,1,0,0,0,0,0,1,2
2272,attack,multi_hit,4,S5,5,23,7,1,0,0,0,0,0,1,0,0,0,0
2277,attack,missed,0,S0,0,22,3,1,0,0,0,1,0,0,0,0,0,0
2280,attack,missed,0,S5,5,23,0,1,0,0,0,1,0,0,0,0,0,0
2282,attack,missed,0,S0,0,23,2,1,0,0,0,1,0,0,0,0,0,0
2291,attack,clean_target_effective,2,S0,0,22,1,1,1,0,1,0,0,0,0,0,1,2
2293,attack,multi_hit,4,S5,5,23,3,1,0,0,0,0,0,1,0,0,0,0
2297,attack,clean_target_ineffective,1,S0,0,23,2,1,1,1,0,0,0,0,0,1,0,1
2299,attack,clean_target_effective,2,S5,5,22,3,1,1,0,1,0,0,0,0,0,1,2
2302,attack,missed,0,S5,5,23,5,1,0,0,0,1,0,0,0,0,0,0
2305,attack,clean_target_effective,2,S0,0,23,6,1,1,0,1,0,0,0,0,0,1,2
2312,attack,missed,0,S5,5,22,0,1,0,0,0,1,0,0,0,0,0,0
2317,attack,multi_hit,4,S5,5,23,0,1,0,0,0,0,0,1,0,0,0,0
2319,attack,clean_target_effective,2,S5,5,22,3,1,1,0,1,0,0,0,0,0,1,2
2321,attack,multi_hit,4,S5,5,22,6,1,0,0,0,0,0,1,0,0,0,0
2324,attack,multi_hit,4,S5,5,23,6,1,0,0,0,0,0,1,0,0,0,0
2327,attack,clean_target_effective,2,S0,0,23,6,1,1,0,1,0,0,0,0,0,1,2
2328,attack,multi_hit,4,S0,0,23,3,1,0,0,0,0,0,1,0,0,0,0
2329,attack,clean_target_effective,2,S5,5,23,4,1,1,0,1,0,0,0,0,0,1,2
2332,attack,clean_target_ineffective,1,S5,5,23,4,1,1,1,0,0,0,0,0,1,0,1
2339,attack,missed,0,S5,5,22,2,1,0,0,0,1,0,0,0,0,0,0
2343,attack,off_target,3,S5,5,22,6,1,0,0,0,0,1,0,0,0,0,0
2348,attack,clean_target_effective,2,S0,0,23,4,1,1,0,1,0,0,0,0,0,1,2
2349,attack,missed,0,S0,0,23,6,1,0,0,0,1,0,0,0,0,0,0
2351,attack,off_target,3,S5,5,22,3,1,0,0,0,0,1,0,0,0,0,0
2355,attack,off_target,3,S5,5,22,6,1,0,0,0,0,1,0,0,0,0,0
2357,attack,clean_target_effective,2,S0,0,23,4,1,1,0,1,0,0,0,0,0,1,2
2359,attack,clean_target_effective,2,S5,5,23,1,1,1,0,1,0,0,0,0,0,1,2
2360,attack,clean_target_effective,2,S0,0,22,3,1,1,0,1,0,0,0,0,0,1,2
2366,attack,clean_target_effective,2,S0,0,23,0,1,1,0,1,0,0,0,0,0,1,2
2369,attack,clean_target_ineffective,1,S0,0,22,4,1,1,1,0,0,0,0,0,1,0,1
2370,attack,missed,0,S0,0,22,3,1,0,0,0,1,0,0,0,0,0,0
2373,attack,missed,0,S0,0,23,7,1,0,0,0,1,0,0,0,0,0,0
2376,attack,clean_target_ineffective,1,S5,5,23,5,1,1,1,0,0,0,0,0,1,0,1
2387,attack,invalid_reset,5,S5,5,23,4,0,0,0,0,0,0,0,1,0,0,0
2388,attack,off_target,3,S5,5,23,2,1,0,0,0,0,1,0,0,0,0,0
2392,attack,off_target,3,S0,0,23,3,1,0,0,0,0,1,0,0,0,0,0
2398,attack,off_target,3,S5,5,23,5,1,0,0,0,0,1,0,0,0,0,0
2404,attack,multi_hit,4,S5,5,23,7,1,0,0,0,0,0,1,0,0,0,0
2406,attack,clean_target_effective,2,S5,5,22,6,1,1,0,1,0,0,0,0,0,1,2
2412,attack,multi_hit,4,S5,5,23,3,1,0,0,0,0,0,1,0,0,0,0
2416,attack,missed,0,S5,5,22,7,1,0,0,0,1,0,0,0,0,0,0
2418,attack,clean_target_ineffective,1,S5,5,22,7,1,1,1,0,0,0,0,0,1,0,1
2430,attack,missed,0,S0,0,23,2,1,0,0,0,1,0,0,0,0,0,0
2431,attack,off_target,3,S0,0,23,5,1,0,0,0,0,1,0,0,0,0,0
2432,attack,off_target,3,S5,5,22,6,1,0,0,0,0,1,0,0,0,0,0
2433,attack,clean_target_effective,2,S0,0,23,3,1,1,0,1,0,0,0,0,0,1,2
2434,attack,missed,0,S5,5,23,0,1,0,0,0,1,0,0,0,0,0,0
2435,attack,off_target,3,S5,5,23,7,1,0,0,0,0,1,0,0,0,0,0
2436,attack,missed,0,S5,5,23,0,1,0,0,0,1,0,0,0,0,0,0
2438,attack,clean_target_effective,2,S5,5,23,4,1,1,0,1,0,0,0,0,0,1,2
2443,attack,clean_target_effective,2,S5,5,23,5,1,1,0,1,0,0,0,0,0,1,2
2445,attack,clean_target_effective,2,S5,5,22,0,1,1,0,1,0,0,0,0,0,1,2
2458,attack,missed,0,S0,0,23,5,1,0,0,0,1,0,0,0,0,0,0
2459,attack,clean_target_ineffective,1,S5,5,22,7,1,1,1,0,0,0,0,0,1,0,1
2470,attack,missed,0,S5,5,22,4,1,0,0,0,1,0,0,0,0,0,0
2471,attack,missed,0,S5,5,23,1,1,0,0,0,1,0,0,0,0,0,0
2473,attack,missed,0,S0,0,22,0,1,0,0,0,1,0,0,0,0,0,0
2477,attack,off_target,3,S0,0,23,1,1,0,0,0,0,1,0,0,0,0,0
2478,attack,clean_target_ineffective,1,S0,0,22,7,1,1,1,0,0,0,0,0,1,0,1
2482,attack,clean_target_effective,2,S5,5,22,3,1,1,0,1,0,0,0,0,0,1,2
2483,attack,missed,0,S5,5,22,4,1,0,0,0,1,0,0,0,0,0,0
2489,attack,clean_target_ineffective,1,S0,0,23,2,1,1,1,0,0,0,0,0,1,0,1
2490,attack,missed,0,S5,5,23,7,1,0,0,0,1,0,0,0,0,0,0
2491,attack,clean_target_ineffective,1,S0,0,22,2,1,1,1,0,0,0,0,0,1,0,1
2503,attack,off_target,3,S5,5,23,5,1,0,0,0,0,1,0,0,0,0,0
2504,attack,missed,0,S0,0,23,1,1,0,0,0,1,0,0,0,0,0,0
2507,attack,missed,0,S5,5,22,3,1,0,0,0,1,0,0,0,0,0,0
2508,attack,multi_hit,4,S5,5,22,1,1,0,0,0,0,0,1,0,0,0,0
2510,attack,clean_target_effective,2,S5,5,23,0,1,1,0,1,0,0,0,0,0,1,2
2511,attack,off_target,3,S5,5,23,0,1,0,0,0,0,1,0,0,0,0,0
2517,attack,multi_hit,4,S5,5,23,2,1,0,0,0,0,0,1,0,0,0,0
2520,attack,multi_hit,4,S5,5,22,3,1,0,0,0,0,0,1,0,0,0,0
2531,attack,missed,0,S5,5,22,5,1,0,0,0,1,0,0,0,0,0,0
2532,attack,clean_target_effective,2,S5,5,22,7,1,1,0,1,0,0,0,0,0,1,2
2534,attack,clean_target_effective,2,S5,5,22,6,1,1,0,1,0,0,0,0,0,1,2
2539,attack,off_target,3,S5,5,23,5,1,0,0,0,0,1,0,0,0,0,0
2541,attack,multi_hit,4,S0,0,23,5,1,0,0,0,0,0,1,0,0,0,0
2544,attack,missed,0,S0,0,22,1,1,0,0,0,1,0,0,0,0,0,0
2546,attack,missed,0,S0,0,23,7,1,0,0,0,1,0,0,0,0,0,0
2548,attack,invalid_reset,5,S0,0,23,0,0,0,0,0,0,0,0,1,0,0,0
2552,attack,off_target,3,S0,0,22,5,1,0,0,0,0,1,0,0,0,0,0
2555,attack,missed,0,S5,5,22,3,1,0,0,0,1,0,0,0,0,0,0
2561,attack,clean_target_ineffective,1,S0,0,22,2,1,1,1,0,0,0,0,0,1,0,1
2564,attack,missed,0,S0,0,22,2,1,0,0,0,1,0,0,0,0,0,0
2566,attack,clean_target_effective,2,S0,0,22,2,1,1,0,1,0,0,0,0,0,1,2
2569,attack,clean_target_effective,2,S5,5,23,2,1,1,0,1,0,0,0,0,0,1,2
2575,attack,missed,0,S0,0,23,7,1,0,0,0,1,0,0,0,0,0,0
2577,attack,missed,0,S5,5,23,2,1,0,0,0,1,0,0,0,0,0,0
2579,attack,clean_target_effective,2,S0,0,22,0,1,1,0,1,0,0,0,0,0,1,2
2581,attack,clean_target_effective,2,S5,5,23,5,1,1,0,1,0,0,0,0,0,1,2
2587,attack,missed,0,S0,0,22,2,1,0,0,0,1,0,0,0,0,0,0
2592,attack,clean_target_effective,2,S0,0,22,4,1,1,0,1,0,0,0,0,0,1,2
2601,attack,off_target,3,S5,5,23,2,1,0,0,0,0,1,0,0,0,0,0
2610,attack,off_target,3,S0,0,22,7,1,0,0,0,0,1,0,0,0,0,0
2615,attack,clean_target_ineffective,1,S0,0,23,6,1,1,1,0,0,0,0,0,1,0,1
2617,attack,missed,0,S0,0,22,0,1,0,0,0,1,0,0,0,0,0,0
2620,attack,missed,0,S0,0,22,1,1,0,0,0,1,0,0,0,0,0,0
2624,attack,missed,0,S0,0,23,1,1,0,0,0,1,0,0,0,0,0,0
2625,attack,invalid_reset,5,S5,5,23,4,0,0,0,0,0,0,0,1,0,0,0
2628,attack,clean_target_effective,2,S5,5,23,7,1,1,0,1,0,0,0,0,0,1,2
2631,attack,clean_target_effective,2,S5,5,22,5,1,1,0,1,0,0,0,0,0,1,2
2639,attack,clean_target_effective,2,S0,0,23,4,1,1,0,1,0,0,0,0,0,1,2
2640,attack,clean_target_ineffective,1,S0,0,22,4,1,1,1,0,0,0,0,0,1,0,1
2642,attack,multi_hit,4,S0,0,23,7,1,0,0,0,0,0,1,0,0,0,0
2643,attack,clean_target_effective,2,S5,5,22,2,1,1,0,1,0,0,0,0,0,1,2
2645,attack,missed,0,S0,0,22,4,1,0,0,0,1,0,0,0,0,0,0
2649,attack,clean_target_effective,2,S0,0,22,0,1,1,0,1,0,0,0,0,0,1,2
2650,attack,missed,0,S0,0,22,2,1,0,0,0,1,0,0,0,0,0,0
2658,attack,off_target,3,S5,5,23,5,1,0,0,0,0,1,0,0,0,0,0
2662,attack,clean_target_effective,2,S0,0,23,6,1,1,0,1,0,0,0,0,0,1,2
2667,attack,clean_target_ineffective,1,S0,0,23,3,1,1,1,0,0,0,0,0,1,0,1
2669,attack,missed,0,S0,0,23,0,1,0,0,0,1,0,0,0,0,0,0
2674,attack,missed,0,S5,5,22,1,1,0,0,0,1,0,0,0,0,0,0
2677,attack,off_target,3,S5,5,22,4,1,0,0,0,0,1,0,0,0,0,0
2681,attack,invalid_reset,5,S5,5,22,7,0,0,0,0,0,0,0,1,0,0,0
2684,attack,clean_target_effective,2,S0,0,22,5,1,1,0,1,0,0,0,0,0,1,2
2687,attack,multi_hit,4,S0,0,23,7,1,0,0,0,0,0,1,0,0,0,0
2689,attack,invalid_reset,5,S5,5,23,6,0,0,0,0,0,0,0,1,0,0,0
2692,attack,multi_hit,4,S0,0,22,6,1,0,0,0,0,0,1,0,0,0,0
2698,attack,clean_target_effective,2,S0,0,23,3,1,1,0,1,0,0,0,0,0,1,2
2699,attack,multi_hit,4,S0,0,23,5,1,0,0,0,0,0,1,0,0,0,0
2700,attack,missed,0,S0,0,23,5,1,0,0,0,1,0,0,0,0,0,0
2704,attack,clean_target_ineffective,1,S5,5,22,0,1,1,1,0,0,0,0,0,1,0,1
2705,attack,clean_target_effective,2,S5,5,23,1,1,1,0,1,0,0,0,0,0,1,2
2708,attack,missed,0,S5,5,22,3,1,0,0,0,1,0,0,0,0,0,0
2711,attack,missed,0,S5,5,23,4,1,0,0,0,1,0,0,0,0,0,0
2712,attack,clean_target_effective,2,S0,0,23,6,1,1,0,1,0,0,0,0,0,1,2
2713,attack,off_target,3,S5,5,22,5,1,0,0,0,0,1,0,0,0,0,0
2714,attack,clean_target_ineffective,1,S0,0,23,7,1,1,1,0,0,0,0,0,1,0,1
2715,attack,clean_target_effective,2,S5,5,22,1,1,1,0,1,0,0,0,0,0,1,2
2725,attack,clean_target_effective,2,S0,0,22,4,1,1,0,1,0,0,0,0,0,1,2
2726,attack,clean_target_effective,2,S0,0,22,2,1,1,0,1,0,0,0,0,0,1,2
2727,attack,missed,0,S5,5,22,2,1,0,0,0,1,0,0,0,0,0,0
2728,attack,off_target,3,S0,0,22,6,1,0,0,0,0,1,0,0,0,0,0
2733,attack,missed,0,S0,0,22,3,1,0,0,0,1,0,0,0,0,0,0
2735,attack,clean_target_ineffective,1,S5,5,23,1,1,1,1,0,0,0,0,0,1,0,1
2738,attack,clean_target_effective,2,S5,5,23,3,1,1,0,1,0,0,0,0,0,1,2
2739,attack,missed,0,S0,0,22,6,1,0,0,0,1,0,0,0,0,0,0
2740,attack,missed,0,S0,0,22,5,1,0,0,0,1,0,0,0,0,0,0
2746,attack,clean_target_ineffective,1,S0,0,22,1,1,1,1,0,0,0,0,0,1,0,1
2750,attack,clean_target_effective,2,S0,0,22,6,1,1,0,1,0,0,0,0,0,1,2
2752,attack,off_target,3,S0,0,23,2,1,0,0,0,0,1,0,0,0,0,0
2756,attack,off_target,3,S5,5,22,1,1,0,0,0,0,1,0,0,0,0,0
2761,attack,clean_target_ineffective,1,S0,0,23,0,1,1,1,0,0,0,0,0,1,0,1
2763,attack,clean_target_effective,2,S0,0,22,3,1,1,0,1,0,0,0,0,0,1,2
2767,attack,clean_target_effective,2,S0,0,22,3,1,1,0,1,0,0,0,0,0,1,2
2773,attack,multi_hit,4,S0,0,23,7,1,0,0,0,0,0,1,0,0,0,0
2785,attack,clean_target_effective,2,S0,0,23,1,1,1,0,1,0,0,0,0,0,1,2
2786,attack,clean_target_ineffective,1,S5,5,23,2,1,1,1,0,0,0,0,0,1,0,1
2798,attack,clean_target_effective,2,S5,5,22,5,1,1,0,1,0,0,0,0,0,1,2
2802,attack,off_target,3,S5,5,23,4,1,0,0,0,0,1,0,0,0,0,0
2812,attack,clean_target_effective,2,S0,0,22,5,1,1,0,1,0,0,0,0,0,1,2
2816,attack,missed,0,S5,5,22,3,1,0,0,0,1,0,0,0,0,0,0
2817,attack,clean_target_effective,2,S5,5,23,7,1,1,0,1,0,0,0,0,0,1,2
2819,attack,missed,0,S0,0,22,0,1,0,0,0,1,0,0,0,0,0,0
2824,attack,multi_hit,4,S5,5,22,4,1,0,0,0,0,0,1,0,0,0,0
2825,attack,off_target,3,S0,0,23,1,1,0,0,0,0,1,0,0,0,0,0
2828,attack,clean_target_effective,2,S5,5,22,1,1,1,0,1,0,0,0,0,0,1,2
2836,attack,clean_target_ineffective,1,S0,0,22,1,1,1,1,0,0,0,0,0,1,0,1
2839,attack,clean_target_effective,2,S0,0,23,3,1,1,0,1,0,0,0,0,0,1,2
2850,attack,clean_target_effective,2,S0,0,23,6,1,1,0,1,0,0,0,0,0,1,2
2853,attack,invalid_reset,5,S0,0,23,1,0,0,0,0,0,0,0,1,0,0,0
2859,attack,invalid_reset,5,S0,0,22,1,0,0,0,0,0,0,0,1,0,0,0
2860,attack,missed,0,S5,5,23,0,1,0,0,0,1,0,0,0,0,0,0
2861,attack,clean_target_effective,2,S5,5,23,3,1,1,0,1,0,0,0,0,0,1,2
2864,attack,missed,0,S5,5,22,1,1,0,0,0,1,0,0,0,0,0,0
2866,attack,clean_target_effective,2,S0,0,22,6,1,1,0,1,0,0,0,0,0,1,2
2872,attack,clean_target_effective,2,S0,0,22,5,1,1,0,1,0,0,0,0,0,1,2
2873,attack,multi_hit,4,S5,5,23,3,1,0,0,0,0,0,1,0,0,0,0
2878,attack,missed,0,S5,5,23,5,1,0,0,0,1,0,0,0,0,0,0
2880,attack,invalid_reset,5,S0,0,23,6,0,0,0,0,0,0,0,1,0,0,0
2881,attack,missed,0,S0,0,23,3,1,0,0,0,1,0,0,0,0,0,0
2885,attack,clean_target_effective,2,S5,5,23,2,1,1,0,1,0,0,0,0,0,1,2
2893,attack,clean_target_effective,2,S5,5,23,6,1,1,0,1,0,0,0,0,0,1,2
2899,attack,clean_target_ineffective,1,S5,5,23,4,1,1,1,0,0,0,0,0,1,0,1
2901,attack,multi_hit,4,S0,0,23,7,1,0,0,0,0,0,1,0,0,0,0
2907,attack,clean_target_effective,2,S0,0,22,6,1,1,0,1,0,0,0,0,0,1,2
2916,attack,off_target,3,S0,0,22,0,1,0,0,0,0,1,0,0,0,0,0
2928,attack,clean_target_effective,2,S0,0,23,7,1,1,0,1,0,0,0,0,0,1,2
2933,attack,multi_hit,4,S5,5,22,0,1,0,0,0,0,0,1,0,0,0,0
2939,attack,invalid_reset,5,S0,0,23,4,0,0,0,0,0,0,0,1,0,0,0
2941,attack,missed,0,S0,0,22,0,1,0,0,0,1,0,0,0,0,0,0
2947,attack,missed,0,S0,0,22,2,1,0,0,0,1,0,0,0,0,0,0
2952,attack,clean_target_effective,2,S0,0,22,1,1,1,0,1,0,0,0,0,0,1,2
2957,attack,clean_target_ineffective,1,S5,5,22,6,1,1,1,0,0,0,0,0,1,0,1
2960,attack,clean_target_effective,2,S0,0,23,0,1,1,0,1,0,0,0,0,0,1,2
2963,attack,clean_target_effective,2,S0,0,22,0,1,1,0,1,0,0,0,0,0,1,2
2966,attack,off_target,3,S0,0,22,2,1,0,0,0,0,1,0,0,0,0,0
2967,attack,missed,0,S0,0,23,2,1,0,0,0,1,0,0,0,0,0,0
2969,attack,off_target,3,S5,5,23,7,1,0,0,0,0,1,0,0,0,0,0
2974,attack,off_target,3,S5,5,23,2,1,0,0,0,0,1,0,0,0,0,0
2976,attack,clean_target_effective,2,S0,0,23,4,1,1,0,1,0,0,0,0,0,1,2
2979,attack,missed,0,S5,5,22,7,1,0,0,0,1,0,0,0,0,0,0
2986,attack,clean_target_effective,2,S5,5,22,6,1,1,0,1,0,0,0,0,0,1,2
2992,attack,multi_hit,4,S5,5,23,3,1,0,0,0,0,0,1,0,0,0,0
2998,attack,clean_target_effective,2,S0,0,23,5,1,1,0,1,0,0,0,0,0,1,2
3000,attack,missed,0,S0,0,23,5,1,0,0,0,1,0,0,0,0,0,0
3010,attack,missed,0,S0,0,22,1,1,0,0,0,1,0,0,0,0,0,0
3016,attack,missed,0,S5,5,23,6,1,0,0,0,1,0,0,0,0,0,0
3019,attack,clean_target_effective,2,S5,5,23,3,1,1,0,1,0,0,0,0,0,1,2
3021,attack,missed,0,S5,5,22,4,1,0,0,0,1,0,0,0,0,0,0
3024,attack,off_target,3,S5,5,22,7,1,0,0,0,0,1,0,0,0,0,0
3025,attack,off_target,3,S5,5,22,4,1,0,0,0,0,1,0,0,0,0,0
3037,attack,clean_target_effective,2,S5,5,22,0,1,1,0,1,0,0,0,0,0,1,2
3039,attack,clean_target_ineffective,1,S0,0,23,2,1,1,1,0,0,0,0,0,1,0,1
3041,attack,off_target,3,S0,0,23,3,1,0,0,0,0,1,0,0,0,0,0
3043,attack,missed,0,S5,5,23,5,1,0,0,0,1,0,0,0,0,0,0
3045,attack,off_target,3,S0,0,23,7,1,0,0,0,0,1,0,0,0,0,0
3050,attack,clean_target_effective,2,S0,0,23,5,1,1,0,1,0,0,0,0,0,1,2
3051,attack,clean_target_effective,2,S0,0,23,1,1,1,0,1,0,0,0,0,0,1,2
3054,attack,clean_target_effective,2,S5,5,23,1,1,1,0,1,0,0,0,0,0,1,2
3055,attack,off_target,3,S5,5,22,3,1,0,0,0,0,1,0,0,0,0,0
3057,attack,missed,0,S5,5,23,7,1,0,0,0,1,0,0,0,0,0,0
3067,attack,multi_hit,4,S0,0,22,5,1,0,0,0,0,0,1,0,0,0,0
3069,attack,clean_target_effective,2,S0,0,23,2,1,1,0,1,0,0,0,0,0,1,2
3070,attack,off_target,3,S5,5,22,3,1,0,0,0,0,1,0,0,0,0,0
3073,attack,clean_target_effective,2,S5,5,22,0,1,1,0,1,0,0,0,0,0,1,2
3075,attack,clean_target_effective,2,S0,0,23,1,1,1,0,1,0,0,0,0,0,1,2
3076,attack,invalid_reset,5,S5,5,22,6,0,0,0,0,0,0,0,1,0,0,0
3079,attack,invalid_reset,5,S5,5,22,3,0,0,0,0,0,0,0,1,0,0,0
3083,attack,clean_target_ineffective,1,S5,5,22,3,1,1,1,0,0,0,0,0,1,0,1
3085,attack,clean_target_effective,2,S5,5,23,4,1,1,0,1,0,0,0,0,0,1,2
3086,attack,clean_target_effective,2,S5,5,23,6,1,1,0,1,0,0,0,0,0,1,2
3087,attack,clean_target_effective,2,S5,5,22,5,1,1,0,1,0,0,0,0,0,1,2
3088,attack,missed,0,S5,5,23,7,1,0,0,0,1,0,0,0,0,0,0
3095,attack,missed,0,S5,5,23,1,1,0,0,0,1,0,0,0,0,0,0
3098,attack,off_target,3,S5,5,23,5,1,0,0,0,0,1,0,0,0,0,0
3099,attack,missed,0,S5,5,22,6,1,0,0,0,1,0,0,0,0,0,0
3103,attack,clean_target_effective,2,S5,5,22,1,1,1,0,1,0,0,0,0,0,1,2
3105,attack,multi_hit,4,S5,5,22,3,1,0,0,0,0,0,1,0,0,0,0
3108,attack,clean_target_ineffective,1,S5,5,22,7,1,1,1,0,0,0,0,0,1,0,1
3110,attack,missed,0,S5,5,23,1,1,0,0,0,1,0,0,0,0,0,0
3112,attack,multi_hit,4,S0,0,22,3,1,0,0,0,0,0,1,0,0,0,0
3113,attack,missed,0,S0,0,23,5,1,0,0,0,1,0,0,0,0,0,0
3116,attack,clean_target_effective,2,S0,0,22,6,1,1,0,1,0,0,0,0,0,1,2
3126,attack,clean_target_effective,2,S5,5,22,5,1,1,0,1,0,0,0,0,0,1,2
3128,attack,off_target,3,S5,5,22,3,1,0,0,0,0,1,0,0,0,0,0
3129,attack,clean_target_ineffective,1,S0,0,22,2,1,1,1,0,0,0,0,0,1,0,1
3150,attack,missed,0,S0,0,23,0,1,0,0,0,1,0,0,0,0,0,0
3151,attack,clean_target_ineffective,1,S0,0,22,6,1,1,1,0,0,0,0,0,1,0,1
3153,attack,off_target,3,S0,0,22,2,1,0,0,0,0,1,0,0,0,0,0
3156,attack,clean_target_effective,2,S0,0,23,7,1,1,0,1,0,0,0,0,0,1,2
3157,attack,missed,0,S0,0,23,6,1,0,0,0,1,0,0,0,0,0,0
3158,attack,multi_hit,4,S0,0,23,5,1,0,0,0,0,0,1,0,0,0,0
3167,attack,clean_target_effective,2,S5,5,23,1,1,1,0,1,0,0,0,0,0,1,2
3170,attack,missed,0,S0,0,22,7,1,0,0,0,1,0,0,0,0,0,0
3174,attack,missed,0,S5,5,22,0,1,0,0,0,1,0,0,0,0,0,0
3177,attack,clean_target_effective,2,S5,5,23,7,1,1,0,1,0,0,0,0,0,1,2
3184,attack,invalid_reset,5,S5,5,23,1,0,0,0,0,0,0,0,1,0,0,0
3185,attack,clean_target_effective,2,S5,5,23,3,1,1,0,1,0,0,0,0,0,1,2
3188,attack,clean_target_effective,2,S0,0,22,2,1,1,0,1,0,0,0,0,0,1,2
3197,attack,clean_target_ineffective,1,S5,5,23,5,1,1,1,0,0,0,0,0,1,0,1
3200,attack,missed,0,S5,5,23,5,1,0,0,0,1,0,0,0,0,0,0
3204,attack,invalid_reset,5,S0,0,23,7,0,0,0,0,0,0,0,1,0,0,0
3207,attack,off_target,3,S0,0,23,6,1,0,0,0,0,1,0,0,0,0,0
3222,attack,missed,0,S5,5,23,2,1,0,0,0,1,0,0,0,0,0,0
3223,attack,invalid_reset,5,S0,0,23,7,0,0,0,0,0,0,0,1,0,0,0
3228,attack,clean_target_effective,2,S5,5,23,2,1,1,0,1,0,0,0,0,0,1,2
3231,attack,multi_hit,4,S5,5,22,5,1,0,0,0,0,0,1,0,0,0,0
3236,attack,off_target,3,S5,5,22,4,1,0,0,0,0,1,0,0,0,0,0
3244,attack,missed,0,S0,0,22,1,1,0,0,0,1,0,0,0,0,0,0
3248,attack,off_target,3,S5,5,22,3,1,0,0,0,0,1,0,0,0,0,0
3260,attack,invalid_reset,5,S5,5,22,6,0,0,0,0,0,0,0,1,0,0,0
3263,attack,clean_target_ineffective,1,S0,0,23,2,1,1,1,0,0,0,0,0,1,0,1
3269,attack,clean_target_effective,2,S5,5,22,7,1,1,0,1,0,0,0,0,0,1,2
3270,attack,clean_target_effective,2,S5,5,23,0,1,1,0,1,0,0,0,0,0,1,2
3271,attack,missed,0,S5,5,22,6,1,0,0,0,1,0,0,0,0,0,0
3276,attack,clean_target_effective,2,S5,5,22,4,1,1,0,1,0,0,0,0,0,1,2
3278,attack,clean_target_ineffective,1,S0,0,22,5,1,1,1,0,0,0,0,0,1,0,1
3279,attack,clean_target_effective,2,S5,5,22,0,1,1,0,1,0,0,0,0,0,1,2
3280,attack,clean_target_ineffective,1,S0,0,23,4,1,1,1,0,0,0,0,0,1,0,1
3281,attack,missed,0,S0,0,22,5,1,0,0,0,1,0,0,0,0,0,0
3287,attack,missed,0,S0,0,22,0,1,0,0,0,1,0,0,0,0,0,0
3289,attack,clean_target_effective,2,S5,5,22,4,1,1,0,1,0,0,0,0,0,1,2
3292,attack,clean_target_effective,2,S5,5,23,2,1,1,0,1,0,0,0,0,0,1,2
3296,attack,missed,0,S0,0,23,0,1,0,0,0,1,0,0,0,0,0,0
3297,attack,off_target,3,S5,5,22,6,1,0,0,0,0,1,0,0,0,0,0
3302,attack,multi_hit,4,S5,5,22,5,1,0,0,0,0,0,1,0,0,0,0
3303,attack,clean_target_effective,2,S0,0,23,4,1,1,0,1,0,0,0,0,0,1,2
3305,attack,missed,0,S5,5,23,2,1,0,0,0,1,0,0,0,0,0,0
3307,attack,invalid_reset,5,S0,0,23,7,0,0,0,0,0,0,0,1,0,0,0
3309,attack,clean_target_effective,2,S0,0,22,7,1,1,0,1,0,0,0,0,0,1,2
3311,attack,off_target,3,S0,0,23,1,1,0,0,0,0,1,0,0,0,0,0
3312,attack,clean_target_ineffective,1,S0,0,22,2,1,1,1,0,0,0,0,0,1,0,1
3315,attack,clean_target_ineffective,1,S5,5,23,2,1,1,1,0,0,0,0,0,1,0,1
3318,attack,clean_target_ineffective,1,S0,0,23,0,1,1,1,0,0,0,0,0,1,0,1
3319,attack,clean_target_effective,2,S5,5,22,2,1,1,0,1,0,0,0,0,0,1,2
3333,attack,missed,0,S5,5,22,2,1,0,0,0,1,0,0,0,0,0,0
3336,attack,multi_hit,4,S5,5,23,1,1,0,0,0,0,0,1,0,0,0,0
3338,attack,off_target,3,S5,5,22,4,1,0,0,0,0,1,0,0,0,0,0
3339,attack,missed,0,S0,0,22,3,1,0,0,0,1,0,0,0,0,0,0
3342,attack,clean_target_effective,2,S0,0,22,2,1,1,0,1,0,0,0,0,0,1,2
3345,attack,clean_target_ineffective,1,S0,0,22,6,1,1,1,0,0,0,0,0,1,0,1
3350,attack,missed,0,S5,5,22,4,1,0,0,0,1,0,0,0,0,0,0
3358,attack,clean_target_ineffective,1,S5,5,22,5,1,1,1,0,0,0,0,0,1,0,1
3359,attack,clean_target_effective,2,S5,5,23,3,1,1,0,1,0,0,0,0,0,1,2
3361,attack,clean_target_effective,2,S0,0,23,2,1,1,0,1,0,0,0,0,0,1,2
3364,attack,invalid_reset,5,S0,0,23,6,0,0,0,0,0,0,0,1,0,0,0
3366,attack,clean_target_effective,2,S0,0,23,2,1,1,0,1,0,0,0,0,0,1,2
3367,attack,off_target,3,S5,5,23,0,1,0,0,0,0,1,0,0,0,0,0
3375,attack,off_target,3,S5,5,23,1,1,0,0,0,0,1,0,0,0,0,0
3376,attack,missed,0,S0,0,23,2,1,0,0,0,1,0,0,0,0,0,0
3380,attack,off_target,3,S5,5,22,2,1,0,0,0,0,1,0,0,0,0,0
3393,attack,missed,0,S5,5,22,4,1,0,0,0,1,0,0,0,0,0,0
3396,attack,off_target,3,S5,5,22,4,1,0,0,0,0,1,0,0,0,0,0
3400,attack,multi_hit,4,S0,0,22,2,1,0,0,0,0,0,1,0,0,0,0
3401,attack,missed,0,S0,0,23,5,1,0,0,0,1,0,0,0,0,0,0
3402,attack,multi_hit,4,S0,0,22,4,1,0,0,0,0,0,1,0,0,0,0
3407,attack,off_target,3,S5,5,23,7,1,0,0,0,0,1,0,0,0,0,0
3408,attack,clean_target_effective,2,S0,0,22,2,1,1,0,1,0,0,0,0,0,1,2
3424,attack,off_target,3,S5,5,22,5,1,0,0,0,0,1,0,0,0,0,0
3426,attack,missed,0,S5,5,22,3,1,0,0,0,1,0,0,0,0,0,0
3429,attack,missed,0,S5,5,22,5,1,0,0,0,1,0,0,0,0,0,0
3433,attack,invalid_reset,5,S0,0,22,2,0,0,0,0,0,0,0,1,0,0,0
3441,attack,missed,0,S0,0,23,6,1,0,0,0,1,0,0,0,0,0,0
3447,attack,clean_target_ineffective,1,S0,0,23,7,1,1,1,0,0,0,0,0,1,0,1
3449,attack,missed,0,S0,0,22,2,1,0,0,0,1,0,0,0,0,0,0
3460,attack,clean_target_effective,2,S0,0,23,2,1,1,0,1,0,0,0,0,0,1,2
3461,attack,clean_target_effective,2,S5,5,22,2,1,1,0,1,0,0,0,0,0,1,2
3466,attack,missed,0,S0,0,22,6,1,0,0,0,1,0,0,0,0,0,0
3469,attack,invalid_reset,5,S0,0,23,2,0,0,0,0,0,0,0,1,0,0,0
3475,attack,clean_target_ineffective,1,S0,0,22,1,1,1,1,0,0,0,0,0,1,0,1
3476,attack,clean_target_ineffective,1,S5,5,22,0,1,1,1,0,0,0,0,0,1,0,1
3479,attack,clean_target_effective,2,S5,5,22,1,1,1,0,1,0,0,0,0,0,1,2
3482,attack,clean_target_effective,2,S5,5,22,7,1,1,0,1,0,0,0,0,0,1,2
3486,attack,clean_target_effective,2,S0,0,22,3,1,1,0,1,0,0,0,0,0,1,2
3491,attack,missed,0,S0,0,23,5,1,0,0,0,1,0,0,0,0,0,0
3492,attack,missed,0,S5,5,22,6,1,0,0,0,1,0,0,0,0,0,0
3494,attack,off_target,3,S0,0,23,6,1,0,0,0,0,1,0,0,0,0,0
3499,attack,multi_hit,4,S0,0,23,0,1,0,0,0,0,0,1,0,0,0,0
3500,attack,clean_target_effective,2,S0,0,22,0,1,1,0,1,0,0,0,0,0,1,2
3502,attack,off_target,3,S0,0,23,5,1,0,0,0,0,1,0,0,0,0,0
3503,attack,missed,0,S0,0,23,7,1,0,0,0,1,0,0,0,0,0,0
3506,attack,missed,0,S0,0,23,4,1,0,0,0,1,0,0,0,0,0,0
3513,attack,missed,0,S5,5,22,6,1,0,0,0,1,0,0,0,0,0,0
3518,attack,clean_target_effective,2,S5,5,22,0,1,1,0,1,0,0,0,0,0,1,2
3519,attack,missed,0,S5,5,22,6,1,0,0,0,1,0,0,0,0,0,0
3527,attack,clean_target_effective,2,S0,0,22,6,1,1,0,1,0,0,0,0,0,1,2
3531,attack,clean_target_effective,2,S0,0,22,4,1,1,0,1,0,0,0,0,0,1,2
3536,attack,clean_target_effective,2,S0,0,22,0,1,1,0,1,0,0,0,0,0,1,2
3540,attack,missed,0,S0,0,23,7,1,0,0,0,1,0,0,0,0,0,0
3541,attack,invalid_reset,5,S5,5,22,7,0,0,0,0,0,0,0,1,0,0,0
3548,attack,off_target,3,S0,0,23,7,1,0,0,0,0,1,0,0,0,0,0
3549,attack,multi_hit,4,S0,0,23,1,1,0,0,0,0,0,1,0,0,0,0
3556,attack,clean_target_effective,2,S5,5,23,2,1,1,0,1,0,0,0,0,0,1,2
3567,attack,off_target,3,S5,5,23,3,1,0,0,0,0,1,0,0,0,0,0
3569,attack,off_target,3,S0,0,23,6,1,0,0,0,0,1,0,0,0,0,0
3570,attack,clean_target_ineffective,1,S0,0,22,3,1,1,1,0,0,0,0,0,1,0,1
3574,attack,multi_hit,4,S5,5,23,5,1,0,0,0,0,0,1,0,0,0,0
3575,attack,multi_hit,4,S0,0,22,6,1,0,0,0,0,0,1,0,0,0,0
3578,attack,multi_hit,4,S5,5,22,2,1,0,0,0,0,0,1,0,0,0,0
3583,attack,missed,0,S0,0,22,6,1,0,0,0,1,0,0,0,0,0,0
3587,attack,missed,0,S0,0,23,4,1,0,0,0,1,0,0,0,0,0,0
3590,attack,multi_hit,4,S0,0,22,2,1,0,0,0,0,0,1,0,0,0,0
3596,attack,missed,0,S0,0,22,5,1,0,0,0,1,0,0,0,0,0,0
3605,attack,missed,0,S5,5,22,5,1,0,0,0,1,0,0,0,0,0,0
3607,attack,clean_target_ineffective,1,S0,0,22,4,1,1,1,0,0,0,0,0,1,0,1
3617,attack,clean_target_ineffective,1,S5,5,22,2,1,1,1,0,0,0,0,0,1,0,1
3618,attack,clean_target_ineffective,1,S0,0,22,0,1,1,1,0,0,0,0,0,1,0,1
3620,attack,clean_target_effective,2,S0,0,22,0,1,1,0,1,0,0,0,0,0,1,2
3622,attack,multi_hit,4,S5,5,22,0,1,0,0,0,0,0,1,0,0,0,0
3625,attack,off_target,3,S0,0,23,1,1,0,0,0,0,1,0,0,0,0,0
3626,attack,off_target,3,S0,0,23,6,1,0,0,0,0,1,0,0,0,0,0
3629,attack,multi_hit,4,S0,0,22,5,1,0,0,0,0,0,1,0,0,0,0
3635,attack,off_target,3,S5,5,22,6,1,0,0,0,0,1,0,0,0,0,0
3644,attack,missed,0,S5,5,23,2,1,0,0,0,1,0,0,0,0,0,0
3646,attack,missed,0,S0,0,23,2,1,0,0,0,1,0,0,0,0,0,0
3649,attack,off_target,3,S0,0,23,4,1,0,0,0,0,1,0,0,0,0,0
3651,attack,missed,0,S0,0,23,6,1,0,0,0,1,0,0,0,0,0,0
3655,attack,off_target,3,S5,5,23,5,1,0,0,0,0,1,0,0,0,0,0
3658,attack,invalid_reset,5,S0,0,23,6,0,0,0,0,0,0,0,1,0,0,0
3666,attack,missed,0,S5,5,22,2,1,0,0,0,1,0,0,0,0,0,0
3672,attack,missed,0,S0,0,23,5,1,0,0,0,1,0,0,0,0,0,0
3673,attack,clean_target_effective,2,S0,0,22,2,1,1,0,1,0,0,0,0,0,1,2
3675,attack,missed,0,S5,5,22,3,1,0,0,0,1,0,0,0,0,0,0
3684,attack,clean_target_ineffective,1,S0,0,22,0,1,1,1,0,0,0,0,0,1,0,1
3687,attack,off_target,3,S0,0,23,5,1,0,0,0,0,1,0,0,0,0,0
3689,attack,missed,0,S0,0,22,5,1,0,0,0,1,0,0,0,0,0,0
3692,attack,missed,0,S0,0,22,6,1,0,0,0,1,0,0,0,0,0,0
3700,attack,clean_target_effective,2,S5,5,23,1,1,1,0,1,0,0,0,0,0,1,2
3703,attack,clean_target_effective,2,S0,0,23,3,1,1,0,1,0,0,0,0,0,1,2
3708,attack,missed,0,S0,0,23,5,1,0,0,0,1,0,0,0,0,0,0
3714,attack,multi_hit,4,S0,0,22,1,1,0,0,0,0,0,1,0,0,0,0
3727,attack,missed,0,S5,5,23,0,1,0,0,0,1,0,0,0,0,0,0
3737,attack,clean_target_effective,2,S0,0,23,0,1,1,0,1,0,0,0,0,0,1,2
3738,attack,clean_target_ineffective,1,S5,5,23,1,1,1,1,0,0,0,0,0,1,0,1
3742,attack,multi_hit,4,S0,0,22,5,1,0,0,0,0,0,1,0,0,0,0
3747,attack,clean_target_ineffective,1,S5,5,23,5,1,1,1,0,0,0,0,0,1,0,1
3764,attack,clean_target_effective,2,S5,5,23,7,1,1,0,1,0,0,0,0,0,1,2
3772,attack,clean_target_effective,2,S5,5,22,2,1,1,0,1,0,0,0,0,0,1,2
3775,attack,missed,0,S0,0,23,7,1,0,0,0,1,0,0,0,0,0,0
3778,attack,clean_target_ineffective,1,S0,0,23,3,1,1,1,0,0,0,0,0,1,0,1
3783,attack,clean_target_effective,2,S5,5,22,0,1,1,0,1,0,0,0,0,0,1,2
3788,attack,clean_target_effective,2,S0,0,23,1,1,1,0,1,0,0,0,0,0,1,2
3789,attack,clean_target_effective,2,S5,5,23,6,1,1,0,1,0,0,0,0,0,1,2
3794,attack,clean_target_ineffective,1,S0,0,23,3,1,1,1,0,0,0,0,0,1,0,1
3795,attack,clean_target_effective,2,S5,5,23,3,1,1,0,1,0,0,0,0,0,1,2
3796,attack,clean_target_effective,2,S0,0,22,1,1,1,0,1,0,0,0,0,0,1,2
3805,attack,off_target,3,S5,5,22,3,1,0,0,0,0,1,0,0,0,0,0
3811,attack,clean_target_ineffective,1,S5,5,22,3,1,1,1,0,0,0,0,0,1,0,1
3814,attack,invalid_reset,5,S0,0,23,2,0,0,0,0,0,0,0,1,0,0,0
3817,attack,clean_target_ineffective,1,S0,0,23,3,1,1,1,0,0,0,0,0,1,0,1
3818,attack,multi_hit,4,S5,5,23,4,1,0,0,0,0,0,1,0,0,0,0
3824,attack,invalid_reset,5,S5,5,23,4,0,0,0,0,0,0,0,1,0,0,0
3826,attack,off_target,3,S0,0,22,7,1,0,0,0,0,1,0,0,0,0,0
3827,attack,clean_target_effective,2,S0,0,23,1,1,1,0,1,0,0,0,0,0,1,2
3829,attack,off_target,3,S0,0,22,4,1,0,0,0,0,1,0,0,0,0,0
3830,attack,invalid_reset,5,S5,5,23,5,0,0,0,0,0,0,0,1,0,0,0
3831,attack,clean_target_effective,2,S0,0,23,2,1,1,0,1,0,0,0,0,0,1,2
3833,attack,missed,0,S0,0,22,7,1,0,0,0,1,0,0,0,0,0,0
3839,attack,invalid_reset,5,S0,0,22,4,0,0,0,0,0,0,0,1,0,0,0
3846,attack,missed,0,S0,0,22,0,1,0,0,0,1,0,0,0,0,0,0
3848,attack,clean_target_ineffective,1,S5,5,22,4,1,1,1,0,0,0,0,0,1,0,1
3852,attack,clean_target_ineffective,1,S0,0,23,2,1,1,1,0,0,0,0,0,1,0,1
3854,attack,clean_target_ineffective,1,S0,0,22,5,1,1,1,0,0,0,0,0,1,0,1
3856,attack,off_target,3,S0,0,22,0,1,0,0,0,0,1,0,0,0,0,0
3858,attack,missed,0,S0,0,23,0,1,0,0,0,1,0,0,0,0,0,0
3866,attack,clean_target_effective,2,S0,0,23,1,1,1,0,1,0,0,0,0,0,1,2
3872,attack,clean_target_effective,2,S0,0,22,7,1,1,0,1,0,0,0,0,0,1,2
3880,attack,off_target,3,S0,0,22,1,1,0,0,0,0,1,0,0,0,0,0
3881,attack,missed,0,S0,0,23,2,1,0,0,0,1,0,0,0,0,0,0
3882,attack,missed,0,S5,5,23,5,1,0,0,0,1,0,0,0,0,0,0
3883,attack,multi_hit,4,S5,5,23,6,1,0,0,0,0,0,1,0,0,0,0
3894,attack,clean_target_ineffective,1,S0,0,23,0,1,1,1,0,0,0,0,0,1,0,1
3896,attack,multi_hit,4,S0,0,23,0,1,0,0,0,0,0,1,0,0,0,0
3897,attack,invalid_reset,5,S0,0,23,6,0,0,0,0,0,0,0,1,0,0,0
3899,attack,missed,0,S5,5,22,5,1,0,0,0,1,0,0,0,0,0,0
3903,attack,off_target,3,S5,5,23,1,1,0,0,0,0,1,0,0,0,0,0
3909,attack,missed,0,S0,0,22,7,1,0,0,0,1,0,0,0,0,0,0
3911,attack,missed,0,S5,5,22,4,1,0,0,0,1,0,0,0,0,0,0
3923,attack,off_target,3,S5,5,23,0,1,0,0,0,0,1,0,0,0,0,0
3926,attack,clean_target_ineffective,1,S5,5,22,4,1,1,1,0,0,0,0,0,1,0,1
3927,attack,clean_target_effective,2,S5,5,22,4,1,1,0,1,0,0,0,0,0,1,2
3932,attack,clean_target_ineffective,1,S0,0,23,3,1,1,1,0,0,0,0,0,1,0,1
3935,attack,clean_target_effective,2,S5,5,23,1,1,1,0,1,0,0,0,0,0,1,2
3937,attack,clean_target_ineffective,1,S5,5,22,0,1,1,1,0,0,0,0,0,1,0,1
3941,attack,missed,0,S5,5,23,6,1,0,0,0,1,0,0,0,0,0,0
3942,attack,missed,0,S5,5,23,2,1,0,0,0,1,0,0,0,0,0,0
3945,attack,clean_target_effective,2,S0,0,23,2,1,1,0,1,0,0,0,0,0,1,2
3947,attack,missed,0,S0,0,23,1,1,0,0,0,1,0,0,0,0,0,0
3951,attack,missed,0,S5,5,22,4,1,0,0,0,1,0,0,0,0,0,0
3953,attack,multi_hit,4,S5,5,23,4,1,0,0,0,0,0,1,0,0,0,0
3954,attack,clean_target_ineffective,1,S5,5,22,7,1,1,1,0,0,0,0,0,1,0,1
3957,attack,clean_target_effective,2,S0,0,22,2,1,1,0,1,0,0,0,0,0,1,2
3958,attack,off_target,3,S0,0,23,7,1,0,0,0,0,1,0,0,0,0,0
3961,attack,clean_target_effective,2,S5,5,23,3,1,1,0,1,0,0,0,0,0,1,2
3963,attack,clean_target_effective,2,S0,0,23,1,1,1,0,1,0,0,0,0,0,1,2
3965,attack,clean_target_effective,2,S5,5,23,4,1,1,0,1,0,0,0,0,0,1,2
3968,attack,off_target,3,S0,0,23,6,1,0,0,0,0,1,0,0,0,0,0
3969,attack,off_target,3,S0,0,23,5,1,0,0,0,0,1,0,0,0,0,0
3970,attack,invalid_reset,5,S0,0,22,6,0,0,0,0,0,0,0,1,0,0,0
3972,attack,clean_target_effective,2,S5,5,23,2,1,1,0,1,0,0,0,0,0,1,2
3976,attack,missed,0,S5,5,22,1,1,0,0,0,1,0,0,0,0,0,0
3992,attack,clean_target_ineffective,1,S5,5,23,0,1,1,1,0,0,0,0,0,1,0,1
4008,attack,clean_target_effective,2,S0,0,22,4,1,1,0,1,0,0,0,0,0,1,2
4014,attack,missed,0,S5,5,22,6,1,0,0,0,1,0,0,0,0,0,0
4017,attack,clean_target_effective,2,S0,0,23,0,1,1,0,1,0,0,0,0,0,1,2
4023,attack,off_target,3,S0,0,22,1,1,0,0,0,0,1,0,0,0,0,0
4030,attack,clean_target_effective,2,S0,0,23,6,1,1,0,1,0,0,0,0,0,1,2
4033,attack,off_target,3,S5,5,23,2,1,0,0,0,0,1,0,0,0,0,0
4034,attack,missed,0,S0,0,22,4,1,0,0,0,1,0,0,0,0,0,0
4039,attack,off_target,3,S5,5,22,3,1,0,0,0,0,1,0,0,0,0,0
4043,attack,clean_target_effective,2,S0,0,22,5,1,1,0,1,0,0,0,0,0,1,2
4044,attack,off_target,3,S0,0,23,3,1,0,0,0,0,1,0,0,0,0,0
4057,attack,off_target,3,S0,0,22,1,1,0,0,0,0,1,0,0,0,0,0
4060,attack,clean_target_ineffective,1,S0,0,23,4,1,1,1,0,0,0,0,0,1,0,1
4066,attack,missed,0,S0,0,23,2,1,0,0,0,1,0,0,0,0,0,0
4083,attack,clean_target_effective,2,S0,0,22,5,1,1,0,1,0,0,0,0,0,1,2
4086,attack,missed,0,S5,5,23,3,1,0,0,0,1,0,0,0,0,0,0
4089,attack,clean_target_effective,2,S0,0,23,2,1,1,0,1,0,0,0,0,0,1,2
4091,attack,off_target,3,S0,0,23,5,1,0,0,0,0,1,0,0,0,0,0
4095,attack,clean_target_effective,2,S5,5,23,6,1,1,0,1,0,0,0,0,0,1,2
4099,attack,multi_hit,4,S0,0,22,3,1,0,0,0,0,0,1,0,0,0,0
4107,attack,missed,0,S5,5,22,3,1,0,0,0,1,0,0,0,0,0,0
4109,attack,multi_hit,4,S0,0,22,5,1,0,0,0,0,0,1,0,0,0,0
4116,attack,clean_target_ineffective,1,S0,0,22,7,1,1,1,0,0,0,0,0,1,0,1
4117,attack,multi_hit,4,S5,5,22,7,1,0,0,0,0,0,1,0,0,0,0
4118,attack,missed,0,S0,0,22,6,1,0,0,0,1,0,0,0,0,0,0
4123,attack,clean_target_effective,2,S5,5,22,1,1,1,0,1,0,0,0,0,0,1,2
4125,attack,multi_hit,4,S5,5,23,7,1,0,0,0,0,0,1,0,0,0,0
4129,attack,missed,0,S0,0,22,6,1,0,0,0,1,0,0,0,0,0,0
4132,attack,off_target,3,S0,0,23,0,1,0,0,0,0,1,0,0,0,0,0
4138,attack,off_target,3,S0,0,22,7,1,0,0,0,0,1,0,0,0,0,0
4143,attack,missed,0,S5,5,22,4,1,0,0,0,1,0,0,0,0,0,0
4147,attack,clean_target_effective,2,S5,5,22,2,1,1,0,1,0,0,0,0,0,1,2
4153,attack,clean_target_effective,2,S0,0,22,0,1,1,0,1,0,0,0,0,0,1,2
4154,attack,clean_target_effective,2,S0,0,22,0,1,1,0,1,0,0,0,0,0,1,2
4158,attack,invalid_reset,5,S0,0,22,6,0,0,0,0,0,0,0,1,0,0,0
4161,attack,multi_hit,4,S0,0,23,7,1,0,0,0,0,0,1,0,0,0,0
4164,attack,clean_target_ineffective,1,S0,0,22,6,1,1,1,0,0,0,0,0,1,0,1
4173,attack,missed,0,S5,5,23,4,1,0,0,0,1,0,0,0,0,0,0
4174,attack,multi_hit,4,S5,5,23,7,1,0,0,0,0,0,1,0,0,0,0
4177,attack,clean_target_effective,2,S5,5,22,0,1,1,0,1,0,0,0,0,0,1,2
4182,attack,off_target,3,S0,0,23,6,1,0,0,0,0,1,0,0,0,0,0
4183,attack,off_target,3,S5,5,22,2,1,0,0,0,0,1,0,0,0,0,0
4184,attack,clean_target_effective,2,S0,0,23,2,1,1,0,1,0,0,0,0,0,1,2
4185,attack,multi_hit,4,S5,5,23,1,1,0,0,0,0,0,1,0,0,0,0
4187,attack,clean_target_effective,2,S0,0,22,3,1,1,0,1,0,0,0,0,0,1,2
4188,attack,clean_target_ineffective,1,S0,0,22,1,1,1,1,0,0,0,0,0,1,0,1
4189,attack,invalid_reset,5,S5,5,22,4,0,0,0,0,0,0,0,1,0,0,0
4191,attack,clean_target_effective,2,S0,0,23,3,1,1,0,1,0,0,0,0,0,1,2
4192,attack,off_target,3,S0,0,23,3,1,0,0,0,0,1,0,0,0,0,0
4197,attack,multi_hit,4,S0,0,23,6,1,0,0,0,0,0,1,0,0,0,0
4202,attack,off_target,3,S0,0,22,0,1,0,0,0,0,1,0,0,0,0,0
4206,attack,off_target,3,S0,0,23,1,1,0,0,0,0,1,0,0,0,0,0
4213,attack,clean_target_effective,2,S5,5,22,6,1,1,0,1,0,0,0,0,0,1,2
4216,attack,clean_target_effective,2,S5,5,22,3,1,1,0,1,0,0,0,0,0,1,2
4226,attack,off_target,3,S5,5,22,7,1,0,0,0,0,1,0,0,0,0,0
4227,attack,invalid_reset,5,S5,5,22,3,0,0,0,0,0,0,0,1,0,0,0
4229,attack,multi_hit,4,S5,5,23,2,1,0,0,0,0,0,1,0,0,0,0
4233,attack,off_target,3,S0,0,22,7,1,0,0,0,0,1,0,0,0,0,0
4240,attack,missed,0,S5,5,23,0,1,0,0,0,1,0,0,0,0,0,0
4251,attack,invalid_reset,5,S0,0,23,5,0,0,0,0,0,0,0,1,0,0,0
4252,attack,missed,0,S5,5,23,7,1,0,0,0,1,0,0,0,0,0,0
4268,attack,missed,0,S0,0,22,7,1,0,0,0,1,0,0,0,0,0,0
4274,attack,clean_target_ineffective,1,S5,5,22,3,1,1,1,0,0,0,0,0,1,0,1
4284,attack,off_target,3,S5,5,23,3,1,0,0,0,0,1,0,0,0,0,0
4295,attack,clean_target_effective,2,S5,5,23,4,1,1,0,1,0,0,0,0,0,1,2
4298,attack,clean_target_effective,2,S0,0,22,6,1,1,0,1,0,0,0,0,0,1,2
4301,attack,invalid_reset,5,S5,5,22,4,0,0,0,0,0,0,0,1,0,0,0
4308,attack,clean_target_ineffective,1,S5,5,23,2,1,1,1,0,0,0,0,0,1,0,1
4312,attack,missed,0,S0,0,23,4,1,0,0,0,1,0,0,0,0,0,0
4319,attack,clean_target_effective,2,S0,0,22,0,1,1,0,1,0,0,0,0,0,1,2
4322,attack,missed,0,S0,0,22,0,1,0,0,0,1,0,0,0,0,0,0
4326,attack,clean_target_effective,2,S5,5,23,3,1,1,0,1,0,0,0,0,0,1,2
4328,attack,clean_target_effective,2,S5,5,22,1,1,1,0,1,0,0,0,0,0,1,2
4329,attack,clean_target_ineffective,1,S5,5,22,7,1,1,1,0,0,0,0,0,1,0,1
4330,attack,missed,0,S0,0,22,5,1,0,0,0,1,0,0,0,0,0,0
4331,attack,missed,0,S0,0,23,6,1,0,0,0,1,0,0,0,0,0,0
4333,attack,clean_target_ineffective,1,S0,0,23,4,1,1,1,0,0,0,0,0,1,0,1
4338,attack,off_target,3,S0,0,22,2,1,0,0,0,0,1,0,0,0,0,0
4339,attack,clean_target_effective,2,S5,5,22,0,1,1,0,1,0,0,0,0,0,1,2
4340,attack,clean_target_effective,2,S0,0,22,5,1,1,0,1,0,0,0,0,0,1,2
4347,attack,off_target,3,S0,0,23,6,1,0,0,0,0,1,0,0,0,0,0
4349,attack,clean_target_ineffective,1,S5,5,23,6,1,1,1,0,0,0,0,0,1,0,1
4352,attack,clean_target_ineffective,1,S5,5,22,0,1,1,1,0,0,0,0,0,1,0,1
4353,attack,clean_target_ineffective,1,S5,5,22,0,1,1,1,0,0,0,0,0,1,0,1
4364,attack,clean_target_effective,2,S5,5,23,5,1,1,0,1,0,0,0,0,0,1,2
4368,attack,off_target,3,S5,5,23,6,1,0,0,0,0,1,0,0,0,0,0
4379,attack,off_target,3,S0,0,22,0,1,0,0,0,0,1,0,0,0,0,0
4384,attack,missed,0,S5,5,23,6,1,0,0,0,1,0,0,0,0,0,0
4386,attack,off_target,3,S5,5,22,7,1,0,0,0,0,1,0,0,0,0,0
4387,attack,clean_target_ineffective,1,S0,0,23,6,1,1,1,0,0,0,0,0,1,0,1
4389,attack,missed,0,S5,5,23,6,1,0,0,0,1,0,0,0,0,0,0
4399,attack,clean_target_effective,2,S0,0,23,6,1,1,0,1,0,0,0,0,0,1,2
4402,attack,clean_target_effective,2,S0,0,22,4,1,1,0,1,0,0,0,0,0,1,2
4405,attack,missed,0,S0,0,22,4,1,0,0,0,1,0,0,0,0,0,0
4406,attack,multi_hit,4,S5,5,23,6,1,0,0,0,0,0,1,0,0,0,0
4407,attack,clean_target_effective,2,S5,5,23,0,1,1,0,1,0,0,0,0,0,1,2
4414,attack,missed,0,S0,0,22,0,1,0,0,0,1,0,0,0,0,0,0
4424,attack,clean_target_ineffective,1,S0,0,22,4,1,1,1,0,0,0,0,0,1,0,1
4430,attack,missed,0,S5,5,22,0,1,0,0,0,1,0,0,0,0,0,0
4431,attack,multi_hit,4,S0,0,22,0,1,0,0,0,0,0,1,0,0,0,0
4435,attack,clean_target_effective,2,S0,0,22,5,1,1,0,1,0,0,0,0,0,1,2
4441,attack,missed,0,S5,5,23,3,1,0,0,0,1,0,0,0,0,0,0
4446,attack,multi_hit,4,S0,0,22,6,1,0,0,0,0,0,1,0,0,0,0
4447,attack,missed,0,S0,0,23,0,1,0,0,0,1,0,0,0,0,0,0
4462,attack,multi_hit,4,S5,5,22,4,1,0,0,0,0,0,1,0,0,0,0
4464,attack,multi_hit,4,S0,0,23,3,1,0,0,0,0,0,1,0,0,0,0
4467,attack,clean_target_effective,2,S0,0,22,5,1,1,0,1,0,0,0,0,0,1,2
4472,attack,multi_hit,4,S0,0,22,5,1,0,0,0,0,0,1,0,0,0,0
4486,attack,multi_hit,4,S5,5,23,7,1,0,0,0,0,0,1,0,0,0,0
4487,attack,missed,0,S0,0,23,0,1,0,0,0,1,0,0,0,0,0,0
4493,attack,missed,0,S0,0,22,1,1,0,0,0,1,0,0,0,0,0,0
4498,attack,clean_target_ineffective,1,S0,0,23,7,1,1,1,0,0,0,0,0,1,0,1
4505,attack,clean_target_ineffective,1,S0,0,22,4,1,1,1,0,0,0,0,0,1,0,1
4515,attack,clean_target_effective,2,S0,0,22,3,1,1,0,1,0,0,0,0,0,1,2
4519,attack,clean_target_ineffective,1,S0,0,23,0,1,1,1,0,0,0,0,0,1,0,1
4522,attack,clean_target_effective,2,S0,0,22,1,1,1,0,1,0,0,0,0,0,1,2
4530,attack,off_target,3,S0,0,23,7,1,0,0,0,0,1,0,0,0,0,0
4531,attack,clean_target_effective,2,S0,0,23,0,1,1,0,1,0,0,0,0,0,1,2
4543,attack,clean_target_effective,2,S0,0,23,0,1,1,0,1,0,0,0,0,0,1,2
4544,attack,clean_target_ineffective,1,S5,5,23,2,1,1,1,0,0,0,0,0,1,0,1
4546,attack,clean_target_effective,2,S5,5,22,4,1,1,0,1,0,0,0,0,0,1,2
4550,attack,missed,0,S0,0,23,6,1,0,0,0,1,0,0,0,0,0,0
4558,attack,multi_hit,4,S5,5,23,6,1,0,0,0,0,0,1,0,0,0,0
4561,attack,missed,0,S5,5,23,5,1,0,0,0,1,0,0,0,0,0,0
4565,attack,off_target,3,S0,0,23,3,1,0,0,0,0,1,0,0,0,0,0
4566,attack,missed,0,S5,5,23,6,1,0,0,0,1,0,0,0,0,0,0
4567,attack,clean_target_effective,2,S5,5,23,2,1,1,0,1,0,0,0,0,0,1,2
4573,attack,missed,0,S5,5,23,3,1,0,0,0,1,0,0,0,0,0,0
4576,attack,invalid_reset,5,S5,5,23,5,0,0,0,0,0,0,0,1,0,0,0
4579,attack,clean_target_effective,2,S0,0,22,0,1,1,0,1,0,0,0,0,0,1,2
4586,attack,clean_target_ineffective,1,S5,5,22,0,1,1,1,0,0,0,0,0,1,0,1
4589,attack,clean_target_effective,2,S0,0,23,3,1,1,0,1,0,0,0,0,0,1,2
4590,attack,clean_target_effective,2,S5,5,23,3,1,1,0,1,0,0,0,0,0,1,2
4591,attack,clean_target_effective,2,S0,0,23,7,1,1,0,1,0,0,0,0,0,1,2
4594,attack,off_target,3,S5,5,22,3,1,0,0,0,0,1,0,0,0,0,0
4597,attack,clean_target_ineffective,1,S5,5,23,3,1,1,1,0,0,0,0,0,1,0,1
4603,attack,clean_target_effective,2,S0,0,23,5,1,1,0,1,0,0,0,0,0,1,2
4607,attack,multi_hit,4,S0,0,23,0,1,0,0,0,0,0,1,0,0,0,0
4610,attack,missed,0,S0,0,23,4,1,0,0,0,1,0,0,0,0,0,0
4618,attack,off_target,3,S5,5,22,4,1,0,0,0,0,1,0,0,0,0,0
4620,attack,clean_target_effective,2,S5,5,23,2,1,1,0,1,0,0,0,0,0,1,2
4623,attack,clean_target_ineffective,1,S5,5,22,6,1,1,1,0,0,0,0,0,1,0,1
4633,attack,missed,0,S5,5,22,3,1,0,0,0,1,0,0,0,0,0,0
4636,attack,missed,0,S0,0,22,0,1,0,0,0,1,0,0,0,0,0,0
4638,attack,off_target,3,S5,5,22,0,1,0,0,0,0,1,0,0,0,0,0
4640,attack,off_target,3,S0,0,22,3,1,0,0,0,0,1,0,0,0,0,0
4641,attack,missed,0,S0,0,22,2,1,0,0,0,1,0,0,0,0,0,0
4645,attack,off_target,3,S5,5,22,2,1,0,0,0,0,1,0,0,0,0,0
4646,attack,multi_hit,4,S0,0,22,2,1,0,0,0,0,0,1,0,0,0,0
4649,attack,clean_target_effective,2,S5,5,22,7,1,1,0,1,0,0,0,0,0,1,2
4659,attack,off_target,3,S5,5,22,5,1,0,0,0,0,1,0,0,0,0,0
4661,attack,off_target,3,S5,5,23,2,1,0,0,0,0,1,0,0,0,0,0
4665,attack,clean_target_ineffective,1,S0,0,23,7,1,1,1,0,0,0,0,0,1,0,1
4671,attack,clean_target_effective,2,S0,0,22,5,1,1,0,1,0,0,0,0,0,1,2
4676,attack,clean_target_ineffective,1,S0,0,22,4,1,1,1,0,0,0,0,0,1,0,1
4687,attack,clean_target_ineffective,1,S0,0,22,6,1,1,1,0,0,0,0,0,1,0,1
4690,attack,clean_target_effective,2,S5,5,22,3,1,1,0,1,0,0,0,0,0,1,2
4693,attack,multi_hit,4,S5,5,23,0,1,0,0,0,0,0,1,0,0,0,0
4697,attack,off_target,3,S5,5,23,5,1,0,0,0,0,1,0,0,0,0,0
4701,attack,multi_hit,4,S0,0,23,4,1,0,0,0,0,0,1,0,0,0,0
4710,attack,multi_hit,4,S5,5,23,6,1,0,0,0,0,0,1,0,0,0,0
4712,attack,missed,0,S5,5,23,5,1,0,0,0,1,0,0,0,0,0,0
4718,attack,missed,0,S0,0,23,3,1,0,0,0,1,0,0,0,0,0,0
4721,attack,clean_target_ineffective,1,S5,5,23,7,1,1,1,0,0,0,0,0,1,0,1
4727,attack,off_target,3,S0,0,23,7,1,0,0,0,0,1,0,0,0,0,0
4731,attack,multi_hit,4,S5,5,22,6,1,0,0,0,0,0,1,0,0,0,0
4737,attack,clean_target_effective,2,S0,0,23,5,1,1,0,1,0,0,0,0,0,1,2
4738,attack,clean_target_effective,2,S5,5,22,4,1,1,0,1,0,0,0,0,0,1,2
4756,attack,clean_target_effective,2,S5,5,22,2,1,1,0,1,0,0,0,0,0,1,2
4758,attack,clean_target_effective,2,S0,0,23,0,1,1,0,1,0,0,0,0,0,1,2
4760,attack,clean_target_effective,2,S0,0,23,5,1,1,0,1,0,0,0,0,0,1,2
4761,attack,multi_hit,4,S0,0,23,3,1,0,0,0,0,0,1,0,0,0,0
4763,attack,clean_target_effective,2,S5,5,22,3,1,1,0,1,0,0,0,0,0,1,2
4764,attack,invalid_reset,5,S5,5,23,3,0,0,0,0,0,0,0,1,0,0,0
4773,attack,clean_target_effective,2,S5,5,23,3,1,1,0,1,0,0,0,0,0,1,2
4774,attack,off_target,3,S5,5,22,1,1,0,0,0,0,1,0,0,0,0,0
4775,attack,off_target,3,S5,5,23,7,1,0,0,0,0,1,0,0,0,0,0
4778,attack,clean_target_effective,2,S5,5,22,3,1,1,0,1,0,0,0,0,0,1,2
4779,attack,clean_target_ineffective,1,S0,0,23,2,1,1,1,0,0,0,0,0,1,0,1
4782,attack,off_target,3,S0,0,23,2,1,0,0,0,0,1,0,0,0,0,0
4783,attack,off_target,3,S0,0,22,5,1,0,0,0,0,1,0,0,0,0,0
4797,attack,missed,0,S0,0,23,7,1,0,0,0,1,0,0,0,0,0,0
4813,attack,off_target,3,S5,5,22,0,1,0,0,0,0,1,0,0,0,0,0
4814,attack,missed,0,S5,5,23,4,1,0,0,0,1,0,0,0,0,0,0
4816,attack,clean_target_effective,2,S0,0,22,4,1,1,0,1,0,0,0,0,0,1,2
4820,attack,multi_hit,4,S5,5,22,5,1,0,0,0,0,0,1,0,0,0,0
4821,attack,clean_target_ineffective,1,S5,5,22,7,1,1,1,0,0,0,0,0,1,0,1
4823,attack,clean_target_effective,2,S5,5,22,3,1,1,0,1,0,0,0,0,0,1,2
4831,attack,off_target,3,S5,5,22,0,1,0,0,0,0,1,0,0,0,0,0
4835,attack,missed,0,S5,5,22,0,1,0,0,0,1,0,0,0,0,0,0
4839,attack,clean_target_ineffective,1,S0,0,23,6,1,1,1,0,0,0,0,0,1,0,1
4843,attack,off_target,3,S5,5,22,2,1,0,0,0,0,1,0,0,0,0,0
4845,attack,missed,0,S5,5,22,1,1,0,0,0,1,0,0,0,0,0,0
4852,attack,clean_target_effective,2,S5,5,22,5,1,1,0,1,0,0,0,0,0,1,2
4854,attack,missed,0,S0,0,22,3,1,0,0,0,1,0,0,0,0,0,0
4870,attack,clean_target_ineffective,1,S5,5,23,0,1,1,1,0,0,0,0,0,1,0,1
4877,attack,missed,0,S0,0,23,5,1,0,0,0,1,0,0,0,0,0,0
4881,attack,clean_target_effective,2,S5,5,22,3,1,1,0,1,0,0,0,0,0,1,2
4883,attack,missed,0,S0,0,22,4,1,0,0,0,1,0,0,0,0,0,0
4884,attack,off_target,3,S5,5,22,1,1,0,0,0,0,1,0,0,0,0,0
4886,attack,clean_target_ineffective,1,S5,5,23,3,1,1,1,0,0,0,0,0,1,0,1
4891,attack,missed,0,S0,0,22,2,1,0,0,0,1,0,0,0,0,0,0
4896,attack,off_target,3,S5,5,23,7,1,0,0,0,0,1,0,0,0,0,0
4900,attack,invalid_reset,5,S0,0,23,7,0,0,0,0,0,0,0,1,0,0,0
4902,attack,clean_target_effective,2,S5,5,22,2,1,1,0,1,0,0,0,0,0,1,2
4907,attack,clean_target_ineffective,1,S5,5,23,3,1,1,1,0,0,0,0,0,1,0,1
4908,attack,missed,0,S0,0,22,3,1,0,0,0,1,0,0,0,0,0,0
4910,attack,clean_target_effective,2,S0,0,22,7,1,1,0,1,0,0,0,0,0,1,2
4913,attack,off_target,3,S0,0,22,1,1,0,0,0,0,1,0,0,0,0,0
4917,attack,multi_hit,4,S0,0,22,3,1,0,0,0,0,0,1,0,0,0,0
4932,attack,off_target,3,S5,5,22,0,1,0,0,0,0,1,0,0,0,0,0
4933,attack,missed,0,S0,0,22,2,1,0,0,0,1,0,0,0,0,0,0
4939,attack,off_target,3,S5,5,23,5,1,0,0,0,0,1,0,0,0,0,0
4942,attack,missed,0,S5,5,23,5,1,0,0,0,1,0,0,0,0,0,0
4946,attack,missed,0,S0,0,23,7,1,0,0,0,1,0,0,0,0,0,0
4954,attack,off_target,3,S0,0,23,0,1,0,0,0,0,1,0,0,0,0,0
4955,attack,clean_target_ineffective,1,S5,5,23,2,1,1,1,0,0,0,0,0,1,0,1
4956,attack,missed,0,S5,5,22,3,1,0,0,0,1,0,0,0,0,0,0
4960,attack,clean_target_ineffective,1,S0,0,23,0,1,1,1,0,0,0,0,0,1,0,1
4968,attack,clean_target_effective,2,S5,5,23,5,1,1,0,1,0,0,0,0,0,1,2
4971,attack,off_target,3,S5,5,22,6,1,0,0,0,0,1,0,0,0,0,0
4972,attack,clean_target_effective,2,S5,5,22,4,1,1,0,1,0,0,0,0,0,1,2
4976,attack,missed,0,S0,0,23,0,1,0,0,0,1,0,0,0,0,0,0
4978,attack,off_target,3,S5,5,22,1,1,0,0,0,0,1,0,0,0,0,0
4981,attack,clean_target_ineffective,1,S5,5,23,0,1,1,1,0,0,0,0,0,1,0,1
4989,attack,multi_hit,4,S5,5,23,7,1,0,0,0,0,0,1,0,0,0,0
4995,attack,missed,0,S0,0,23,5,1,0,0,0,1,0,0,0,0,0,0
4996,attack,clean_target_ineffective,1,S0,0,22,1,1,1,1,0,0,0,0,0,1,0,1
4997,attack,clean_target_ineffective,1,S5,5,22,0,1,1,1,0,0,0,0,0,1,0,1
4999,attack,invalid_reset,5,S0,0,23,5,0,0,0,0,0,0,0,1,0,0,0
5002,attack,clean_target_effective,2,S0,0,22,5,1,1,0,1,0,0,0,0,0,1,2
5005,attack,missed,0,S0,0,23,5,1,0,0,0,1,0,0,0,0,0,0
5006,attack,clean_target_ineffective,1,S5,5,23,4,1,1,1,0,0,0,0,0,1,0,1
5007,attack,clean_target_ineffective,1,S0,0,23,0,1,1,1,0,0,0,0,0,1,0,1
5012,attack,off_target,3,S5,5,23,7,1,0,0,0,0,1,0,0,0,0,0
5016,attack,clean_target_effective,2,S0,0,23,3,1,1,0,1,0,0,0,0,0,1,2
5027,attack,multi_hit,4,S0,0,23,6,1,0,0,0,0,0,1,0,0,0,0
5039,attack,off_target,3,S5,5,22,0,1,0,0,0,0,1,0,0,0,0,0
5041,attack,missed,0,S5,5,23,5,1,0,0,0,1,0,0,0,0,0,0
5042,attack,off_target,3,S0,0,23,3,1,0,0,0,0,1,0,0,0,0,0
5057,attack,missed,0,S0,0,22,2,1,0,0,0,1,0,0,0,0,0,0
5059,attack,clean_target_effective,2,S0,0,23,1,1,1,0,1,0,0,0,0,0,1,2
5066,attack,missed,0,S5,5,23,5,1,0,0,0,1,0,0,0,0,0,0
5069,attack,missed,0,S0,0,23,0,1,0,0,0,1,0,0,0,0,0,0
5075,attack,missed,0,S5,5,22,3,1,0,0,0,1,0,0,0,0,0,0
5080,attack,multi_hit,4,S5,5,23,2,1,0,0,0,0,0,1,0,0,0,0
5095,attack,invalid_reset,5,S0,0,22,4,0,0,0,0,0,0,0,1,0,0,0
5099,attack,multi_hit,4,S5,5,23,2,1,0,0,0,0,0,1,0,0,0,0
5100,attack,clean_target_ineffective,1,S0,0,22,0,1,1,1,0,0,0,0,0,1,0,1
5102,attack,off_target,3,S0,0,22,3,1,0,0,0,0,1,0,0,0,0,0
5110,attack,multi_hit,4,S5,5,23,6,1,0,0,0,0,0,1,0,0,0,0
5111,attack,multi_hit,4,S0,0,23,4,1,0,0,0,0,0,1,0,0,0,0
5119,attack,off_target,3,S5,5,23,1,1,0,0,0,0,1,0,0,0,0,0
5142,attack,off_target,3,S0,0,22,7,1,0,0,0,0,1,0,0,0,0,0
5148,attack,off_target,3,S0,0,23,6,1,0,0,0,0,1,0,0,0,0,0
5151,attack,off_target,3,S5,5,22,6,1,0,0,0,0,1,0,0,0,0,0
5159,attack,clean_target_effective,2,S5,5,23,2,1,1,0,1,0,0,0,0,0,1,2
5165,attack,missed,0,S0,0,22,5,1,0,0,0,1,0,0,0,0,0,0
5168,attack,off_target,3,S0,0,22,0,1,0,0,0,0,1,0,0,0,0,0
5169,attack,clean_target_effective,2,S0,0,23,7,1,1,0,1,0,0,0,0,0,1,2
5179,attack,off_target,3,S5,5,23,4,1,0,0,0,0,1,0,0,0,0,0
5188,attack,off_target,3,S0,0,22,2,1,0,0,0,0,1,0,0,0,0,0
5199,attack,clean_target_effective,2,S0,0,23,1,1,1,0,1,0,0,0,0,0,1,2
5202,attack,clean_target_effective,2,S0,0,22,7,1,1,0,1,0,0,0,0,0,1,2
5204,attack,missed,0,S0,0,22,4,1,0,0,0,1,0,0,0,0,0,0
5205,attack,clean_target_effective,2,S0,0,23,0,1,1,0,1,0,0,0,0,0,1,2
5208,attack,multi_hit,4,S5,5,22,0,1,0,0,0,0,0,1,0,0,0,0
5210,attack,clean_target_ineffective,1,S5,5,22,4,1,1,1,0,0,0,0,0,1,0,1
5211,attack,off_target,3,S5,5,23,2,1,0,0,0,0,1,0,0,0,0,0
5214,attack,clean_target_effective,2,S0,0,22,4,1,1,0,1,0,0,0,0,0,1,2
5224,attack,missed,0,S0,0,23,3,1,0,0,0,1,0,0,0,0,0,0
5235,attack,off_target,3,S5,5,22,1,1,0,0,0,0,1,0,0,0,0,0
5238,attack,clean_target_effective,2,S5,5,22,5,1,1,0,1,0,0,0,0,0,1,2
5241,attack,missed,0,S5,5,23,7,1,0,0,0,1,0,0,0,0,0,0
5250,attack,missed,0,S0,0,23,3,1,0,0,0,1,0,0,0,0,0,0
5257,attack,missed,0,S0,0,22,6,1,0,0,0,1,0,0,0,0,0,0
5261,attack,clean_target_effective,2,S5,5,23,6,1,1,0,1,0,0,0,0,0,1,2
5265,attack,multi_hit,4,S0,0,23,4,1,0,0,0,0,0,1,0,0,0,0
5271,attack,clean_target_effective,2,S0,0,23,0,1,1,0,1,0,0,0,0,0,1,2
5282,attack,multi_hit,4,S5,5,23,4,1,0,0,0,0,0,1,0,0,0,0
5285,attack,multi_hit,4,S0,0,23,6,1,0,0,0,0,0,1,0,0,0,0
5286,attack,off_target,3,S5,5,23,7,1,0,0,0,0,1,0,0,0,0,0
5291,attack,clean_target_effective,2,S0,0,22,4,1,1,0,1,0,0,0,0,0,1,2
5292,attack,clean_target_effective,2,S5,5,22,5,1,1,0,1,0,0,0,0,0,1,2
5294,attack,missed,0,S0,0,22,1,1,0,0,0,1,0,0,0,0,0,0
5303,attack,multi_hit,4,S0,0,23,3,1,0,0,0,0,0,1,0,0,0,0
5305,attack,invalid_reset,5,S5,5,22,3,0,0,0,0,0,0,0,1,0,0,0
5306,attack,missed,0,S0,0,22,3,1,0,0,0,1,0,0,0,0,0,0
5308,attack,missed,0,S0,0,23,5,1,0,0,0,1,0,0,0,0,0,0
5319,attack,off_target,3,S5,5,23,4,1,0,0,0,0,1,0,0,0,0,0
5326,attack,clean_target_effective,2,S5,5,22,4,1,1,0,1,0,0,0,0,0,1,2
5328,attack,multi_hit,4,S5,5,23,6,1,0,0,0,0,0,1,0,0,0,0
5329,attack,clean_target_effective,2,S0,0,23,4,1,1,0,1,0,0,0,0,0,1,2
5333,attack,missed,0,S5,5,22,4,1,0,0,0,1,0,0,0,0,0,0
5336,attack,missed,0,S0,0,22,5,1,0,0,0,1,0,0,0,0,0,0
5337,attack,clean_target_ineffective,1,S0,0,22,6,1,1,1,0,0,0,0,0,1,0,1
5342,attack,missed,0,S5,5,23,3,1,0,0,0,1,0,0,0,0,0,0
5347,attack,missed,0,S5,5,23,0,1,0,0,0,1,0,0,0,0,0,0
5351,attack,missed,0,S5,5,23,5,1,0,0,0,1,0,0,0,0,0,0
5359,attack,clean_target_ineffective,1,S5,5,23,0,1,1,1,0,0,0,0,0,1,0,1
5366,attack,clean_target_ineffective,1,S0,0,23,3,1,1,1,0,0,0,0,0,1,0,1
5367,attack,clean_target_effective,2,S0,0,23,3,1,1,0,1,0,0,0,0,0,1,2
5369,attack,invalid_reset,5,S5,5,22,3,0,0,0,0,0,0,0,1,0,0,0
5372,attack,off_target,3,S5,5,23,7,1,0,0,0,0,1,0,0,0,0,0
5373,attack,missed,0,S5,5,23,5,1,0,0,0,1,0,0,0,0,0,0
5375,attack,clean_target_effective,2,S5,5,22,6,1,1,0,1,0,0,0,0,0,1,2
5377,attack,multi_hit,4,S0,0,22,0,1,0,0,0,0,0,1,0,0,0,0
5379,attack,clean_target_effective,2,S0,0,23,5,1,1,0,1,0,0,0,0,0,1,2
5381,attack,clean_target_ineffective,1,S0,0,23,5,1,1,1,0,0,0,0,0,1,0,1
5390,attack,missed,0,S5,5,22,3,1,0,0,0,1,0,0,0,0,0,0
5396,attack,clean_target_ineffective,1,S0,0,23,2,1,1,1,0,0,0,0,0,1,0,1
5397,attack,clean_target_ineffective,1,S0,0,22,7,1,1,1,0,0,0,0,0,1,0,1
5399,attack,clean_target_ineffective,1,S5,5,23,1,1,1,1,0,0,0,0,0,1,0,1
5400,attack,missed,0,S5,5,22,2,1,0,0,0,1,0,0,0,0,0,0
5401,attack,invalid_reset,5,S0,0,22,1,0,0,0,0,0,0,0,1,0,0,0
5404,attack,clean_target_effective,2,S5,5,22,1,1,1,0,1,0,0,0,0,0,1,2
5405,attack,multi_hit,4,S5,5,23,1,1,0,0,0,0,0,1,0,0,0,0
5407,attack,off_target,3,S5,5,22,6,1,0,0,0,0,1,0,0,0,0,0
5425,attack,clean_target_effective,2,S5,5,23,6,1,1,0,1,0,0,0,0,0,1,2
5429,attack,clean_target_effective,2,S5,5,22,5,1,1,0,1,0,0,0,0,0,1,2
5430,attack,clean_target_ineffective,1,S5,5,22,2,1,1,1,0,0,0,0,0,1,0,1
5434,attack,clean_target_effective,2,S0,0,22,5,1,1,0,1,0,0,0,0,0,1,2
5437,attack,missed,0,S0,0,23,2,1,0,0,0,1,0,0,0,0,0,0
5438,attack,clean_target_effective,2,S0,0,23,5,1,1,0,1,0,0,0,0,0,1,2
5450,attack,invalid_reset,5,S0,0,23,1,0,0,0,0,0,0,0,1,0,0,0
5451,attack,missed,0,S0,0,23,6,1,0,0,0,1,0,0,0,0,0,0
5461,attack,clean_target_effective,2,S0,0,22,3,1,1,0,1,0,0,0,0,0,1,2
5465,attack,missed,0,S5,5,23,4,1,0,0,0,1,0,0,0,0,0,0
5468,attack,off_target,3,S0,0,22,1,1,0,0,0,0,1,0,0,0,0,0
5469,attack,off_target,3,S5,5,23,6,1,0,0,0,0,1,0,0,0,0,0
5474,attack,missed,0,S0,0,22,7,1,0,0,0,1,0,0,0,0,0,0
5476,attack,missed,0,S5,5,23,4,1,0,0,0,1,0,0,0,0,0,0
5477,attack,clean_target_effective,2,S5,5,23,7,1,1,0,1,0,0,0,0,0,1,2
5484,attack,invalid_reset,5,S0,0,23,2,0,0,0,0,0,0,0,1,0,0,0
5485,attack,clean_target_ineffective,1,S0,0,23,7,1,1,1,0,0,0,0,0,1,0,1
5487,attack,clean_target_effective,2,S0,0,23,4,1,1,0,1,0,0,0,0,0,1,2
5489,attack,clean_target_effective,2,S0,0,22,6,1,1,0,1,0,0,0,0,0,1,2
5495,attack,off_target,3,S0,0,22,5,1,0,0,0,0,1,0,0,0,0,0
5502,attack,multi_hit,4,S5,5,23,2,1,0,0,0,0,0,1,0,0,0,0
5506,attack,missed,0,S5,5,22,5,1,0,0,0,1,0,0,0,0,0,0
5512,attack,clean_target_effective,2,S0,0,22,4,1,1,0,1,0,0,0,0,0,1,2
5516,attack,clean_target_effective,2,S5,5,22,3,1,1,0,1,0,0,0,0,0,1,2
5517,attack,clean_target_ineffective,1,S0,0,22,7,1,1,1,0,0,0,0,0,1,0,1
5518,attack,missed,0,S0,0,22,5,1,0,0,0,1,0,0,0,0,0,0
5520,attack,multi_hit,4,S0,0,22,1,1,0,0,0,0,0,1,0,0,0,0
5522,attack,invalid_reset,5,S0,0,22,3,0,0,0,0,0,0,0,1,0,0,0
5523,attack,clean_target_effective,2,S5,5,22,4,1,1,0,1,0,0,0,0,0,1,2
5524,attack,invalid_reset,5,S5,5,22,0,0,0,0,0,0,0,0,1,0,0,0
5530,attack,clean_target_effective,2,S0,0,22,1,1,1,0,1,0,0,0,0,0,1,2
5536,attack,off_target,3,S5,5,22,0,1,0,0,0,0,1,0,0,0,0,0
5540,attack,clean_target_effective,2,S5,5,22,2,1,1,0,1,0,0,0,0,0,1,2
5541,attack,missed,0,S0,0,22,0,1,0,0,0,1,0,0,0,0,0,0
5546,attack,clean_target_effective,2,S0,0,22,0,1,1,0,1,0,0,0,0,0,1,2
5548,attack,clean_target_effective,2,S5,5,22,1,1,1,0,1,0,0,0,0,0,1,2
5553,attack,off_target,3,S5,5,23,4,1,0,0,0,0,1,0,0,0,0,0
5554,attack,clean_target_effective,2,S0,0,23,7,1,1,0,1,0,0,0,0,0,1,2
5557,attack,missed,0,S5,5,22,4,1,0,0,0,1,0,0,0,0,0,0
5561,attack,clean_target_ineffective,1,S5,5,23,6,1,1,1,0,0,0,0,0,1,0,1
5570,attack,missed,0,S5,5,22,3,1,0,0,0,1,0,0,0,0,0,0
5572,attack,missed,0,S0,0,23,2,1,0,0,0,1,0,0,0,0,0,0
5577,attack,multi_hit,4,S0,0,22,0,1,0,0,0,0,0,1,0,0,0,0
5580,attack,clean_target_effective,2,S5,5,22,3,1,1,0,1,0,0,0,0,0,1,2
5581,attack,missed,0,S5,5,22,0,1,0,0,0,1,0,0,0,0,0,0
5584,attack,invalid_reset,5,S5,5,23,2,0,0,0,0,0,0,0,1,0,0,0
5599,attack,multi_hit,4,S5,5,22,0,1,0,0,0,0,0,1,0,0,0,0
5605,attack,off_target,3,S5,5,22,7,1,0,0,0,0,1,0,0,0,0,0
5609,attack,off_target,3,S5,5,23,2,1,0,0,0,0,1,0,0,0,0,0
5611,attack,off_target,3,S5,5,23,0,1,0,0,0,0,1,0,0,0,0,0
5614,attack,clean_target_effective,2,S0,0,23,6,1,1,0,1,0,0,0,0,0,1,2
5619,attack,clean_target_effective,2,S0,0,23,6,1,1,0,1,0,0,0,0,0,1,2
5628,attack,multi_hit,4,S5,5,23,6,1,0,0,0,0,0,1,0,0,0,0
5635,attack,clean_target_effective,2,S0,0,22,2,1,1,0,1,0,0,0,0,0,1,2
5636,attack,clean_target_ineffective,1,S5,5,22,5,1,1,1,0,0,0,0,0,1,0,1
5638,attack,missed,0,S0,0,23,5,1,0,0,0,1,0,0,0,0,0,0
5641,attack,missed,0,S5,5,23,7,1,0,0,0,1,0,0,0,0,0,0
5653,attack,missed,0,S5,5,23,1,1,0,0,0,1,0,0,0,0,0,0
5655,attack,invalid_reset,5,S0,0,22,6,0,0,0,0,0,0,0,1,0,0,0
5657,attack,off_target,3,S5,5,22,7,1,0,0,0,0,1,0,0,0,0,0
5658,attack,missed,0,S0,0,23,4,1,0,0,0,1,0,0,0,0,0,0
5672,attack,missed,0,S0,0,23,6,1,0,0,0,1,0,0,0,0,0,0
5673,attack,clean_target_effective,2,S5,5,23,6,1,1,0,1,0,0,0,0,0,1,2
5685,attack,multi_hit,4,S5,5,22,4,1,0,0,0,0,0,1,0,0,0,0
5706,attack,clean_target_effective,2,S0,0,23,0,1,1,0,1,0,0,0,0,0,1,2
5707,attack,missed,0,S5,5,23,4,1,0,0,0,1,0,0,0,0,0,0
5708,attack,clean_target_effective,2,S5,5,23,3,1,1,0,1,0,0,0,0,0,1,2
5711,attack,clean_target_effective,2,S5,5,23,2,1,1,0,1,0,0,0,0,0,1,2
5721,attack,missed,0,S0,0,22,7,1,0,0,0,1,0,0,0,0,0,0
5724,attack,off_target,3,S5,5,23,1,1,0,0,0,0,1,0,0,0,0,0
5740,attack,multi_hit,4,S5,5,22,6,1,0,0,0,0,0,1,0,0,0,0
5746,attack,missed,0,S0,0,22,4,1,0,0,0,1,0,0,0,0,0,0
5749,attack,missed,0,S0,0,22,3,1,0,0,0,1,0,0,0,0,0,0
5750,attack,clean_target_effective,2,S0,0,23,2,1,1,0,1,0,0,0,0,0,1,2
5754,attack,clean_target_ineffective,1,S5,5,22,4,1,1,1,0,0,0,0,0,1,0,1
5757,attack,missed,0,S0,0,23,6,1,0,0,0,1,0,0,0,0,0,0
5758,attack,clean_target_effective,2,S5,5,23,5,1,1,0,1,0,0,0,0,0,1,2
5761,attack,missed,0,S0,0,22,4,1,0,0,0,1,0,0,0,0,0,0
5764,attack,missed,0,S0,0,22,4,1,0,0,0,1,0,0,0,0,0,0
5765,attack,invalid_reset,5,S0,0,23,2,0,0,0,0,0,0,0,1,0,0,0
5768,attack,missed,0,S5,5,23,1,1,0,0,0,1,0,0,0,0,0,0
5771,attack,invalid_reset,5,S5,5,22,3,0,0,0,0,0,0,0,1,0,0,0
5778,attack,multi_hit,4,S0,0,22,7,1,0,0,0,0,0,1,0,0,0,0
5781,attack,missed,0,S5,5,23,0,1,0,0,0,1,0,0,0,0,0,0
5787,attack,invalid_reset,5,S0,0,22,6,0,0,0,0,0,0,0,1,0,0,0
5788,attack,off_target,3,S0,0,22,1,1,0,0,0,0,1,0,0,0,0,0
5790,attack,missed,0,S0,0,22,3,1,0,0,0,1,0,0,0,0,0,0
5794,attack,off_target,3,S5,5,22,0,1,0,0,0,0,1,0,0,0,0,0
5796,attack,multi_hit,4,S5,5,22,3,1,0,0,0,0,0,1,0,0,0,0
5801,attack,invalid_reset,5,S0,0,23,7,0,0,0,0,0,0,0,1,0,0,0
5802,attack,multi_hit,4,S5,5,23,6,1,0,0,0,0,0,1,0,0,0,0
5804,attack,clean_target_effective,2,S0,0,23,4,1,1,0,1,0,0,0,0,0,1,2
5807,attack,clean_target_effective,2,S0,0,22,2,1,1,0,1,0,0,0,0,0,1,2
5809,attack,multi_hit,4,S0,0,22,2,1,0,0,0,0,0,1,0,0,0,0
5821,attack,missed,0,S0,0,22,5,1,0,0,0,1,0,0,0,0,0,0
5823,attack,clean_target_effective,2,S5,5,22,4,1,1,0,1,0,0,0,0,0,1,2
5827,attack,missed,0,S5,5,22,6,1,0,0,0,1,0,0,0,0,0,0
5832,attack,missed,0,S0,0,23,4,1,0,0,0,1,0,0,0,0,0,0
5833,attack,clean_target_effective,2,S5,5,23,2,1,1,0,1,0,0,0,0,0,1,2
5840,attack,off_target,3,S0,0,23,5,1,0,0,0,0,1,0,0,0,0,0
5844,attack,clean_target_effective,2,S0,0,22,7,1,1,0,1,0,0,0,0,0,1,2
5848,attack,missed,0,S0,0,23,2,1,0,0,0,1,0,0,0,0,0,0
5850,attack,clean_target_effective,2,S0,0,23,6,1,1,0,1,0,0,0,0,0,1,2
5851,attack,missed,0,S5,5,22,1,1,0,0,0,1,0,0,0,0,0,0
5856,attack,off_target,3,S5,5,23,3,1,0,0,0,0,1,0,0,0,0,0
5859,attack,missed,0,S0,0,22,1,1,0,0,0,1,0,0,0,0,0,0
5861,attack,missed,0,S0,0,23,2,1,0,0,0,1,0,0,0,0,0,0
5872,attack,clean_target_effective,2,S5,5,23,4,1,1,0,1,0,0,0,0,0,1,2
5878,attack,missed,0,S0,0,22,1,1,0,0,0,1,0,0,0,0,0,0
5888,attack,missed,0,S5,5,22,7,1,0,0,0,1,0,0,0,0,0,0
5892,attack,missed,0,S5,5,23,1,1,0,0,0,1,0,0,0,0,0,0
5899,attack,missed,0,S5,5,23,5,1,0,0,0,1,0,0,0,0,0,0
5901,attack,clean_target_effective,2,S0,0,23,4,1,1,0,1,0,0,0,0,0,1,2
5904,attack,missed,0,S0,0,23,7,1,0,0,0,1,0,0,0,0,0,0
5909,attack,clean_target_effective,2,S5,5,22,7,1,1,0,1,0,0,0,0,0,1,2
5912,attack,clean_target_effective,2,S0,0,23,1,1,1,0,1,0,0,0,0,0,1,2
5916,attack,off_target,3,S0,0,22,4,1,0,0,0,0,1,0,0,0,0,0
5917,attack,missed,0,S0,0,22,3,1,0,0,0,1,0,0,0,0,0,0
5920,attack,off_target,3,S0,0,23,0,1,0,0,0,0,1,0,0,0,0,0
5921,attack,missed,0,S5,5,23,2,1,0,0,0,1,0,0,0,0,0,0
5922,attack,missed,0,S0,0,23,3,1,0,0,0,1,0,0,0,0,0,0
5924,attack,clean_target_effective,2,S5,5,23,7,1,1,0,1,0,0,0,0,0,1,2
5925,attack,clean_target_effective,2,S0,0,23,1,1,1,0,1,0,0,0,0,0,1,2
5936,attack,clean_target_effective,2,S5,5,22,6,1,1,0,1,0,0,0,0,0,1,2
5937,attack,invalid_reset,5,S0,0,22,0,0,0,0,0,0,0,0,1,0,0,0
5941,attack,clean_target_effective,2,S5,5,23,5,1,1,0,1,0,0,0,0,0,1,2
5943,attack,off_target,3,S5,5,22,2,1,0,0,0,0,1,0,0,0,0,0
5945,attack,missed,0,S5,5,23,1,1,0,0,0,1,0,0,0,0,0,0
5961,attack,clean_target_effective,2,S5,5,22,0,1,1,0,1,0,0,0,0,0,1,2
5970,attack,clean_target_effective,2,S5,5,22,3,1,1,0,1,0,0,0,0,0,1,2
5973,attack,off_target,3,S0,0,23,0,1,0,0,0,0,1,0,0,0,0,0
5974,attack,clean_target_effective,2,S5,5,22,5,1,1,0,1,0,0,0,0,0,1,2
5978,attack,missed,0,S5,5,23,0,1,0,0,0,1,0,0,0,0,0,0
5981,attack,clean_target_effective,2,S5,5,22,7,1,1,0,1,0,0,0,0,0,1,2
5982,attack,multi_hit,4,S5,5,22,7,1,0,0,0,0,0,1,0,0,0,0
5989,attack,clean_target_effective,2,S0,0,23,4,1,1,0,1,0,0,0,0,0,1,2
5991,attack,clean_target_effective,2,S5,5,22,3,1,1,0,1,0,0,0,0,0,1,2
5996,attack,off_target,3,S5,5,23,3,1,0,0,0,0,1,0,0,0,0,0
5998,attack,missed,0,S5,5,22,7,1,0,0,0,1,0,0,0,0,0,0
6001,attack,missed,0,S0,0,22,1,1,0,0,0,1,0,0,0,0,0,0
6002,attack,multi_hit,4,S5,5,23,0,1,0,0,0,0,0,1,0,0,0,0
6006,attack,missed,0,S0,0,22,5,1,0,0,0,1,0,0,0,0,0,0
6009,attack,clean_target_effective,2,S0,0,22,4,1,1,0,1,0,0,0,0,0,1,2
6011,attack,clean_target_ineffective,1,S0,0,23,1,1,1,1,0,0,0,0,0,1,0,1
6020,attack,off_target,3,S0,0,23,2,1,0,0,0,0,1,0,0,0,0,0
6021,attack,missed,0,S5,5,23,0,1,0,0,0,1,0,0,0,0,0,0
6024,attack,clean_target_ineffective,1,S0,0,23,6,1,1,1,0,0,0,0,0,1,0,1
6025,attack,clean_target_ineffective,1,S0,0,23,1,1,1,1,0,0,0,0,0,1,0,1
6029,attack,clean_target_effective,2,S5,5,22,1,1,1,0,1,0,0,0,0,0,1,2
6033,attack,clean_target_effective,2,S0,0,22,5,1,1,0,1,0,0,0,0,0,1,2
6034,attack,off_target,3,S0,0,22,2,1,0,0,0,0,1,0,0,0,0,0
6037,attack,off_target,3,S5,5,23,5,1,0,0,0,0,1,0,0,0,0,0
6038,attack,clean_target_effective,2,S5,5,23,3,1,1,0,1,0,0,0,0,0,1,2
6040,attack,clean_target_effective,2,S5,5,23,0,1,1,0,1,0,0,0,0,0,1,2
6046,attack,multi_hit,4,S0,0,23,5,1,0,0,0,0,0,1,0,0,0,0
6065,attack,clean_target_effective,2,S5,5,23,7,1,1,0,1,0,0,0,0,0,1,2
6066,attack,missed,0,S0,0,23,1,1,0,0,0,1,0,0,0,0,0,0
6070,attack,clean_target_effective,2,S0,0,23,4,1,1,0,1,0,0,0,0,0,1,2
6078,attack,missed,0,S5,5,22,5,1,0,0,0,1,0,0,0,0,0,0
6081,attack,clean_target_effective,2,S0,0,23,6,1,1,0,1,0,0,0,0,0,1,2
6083,attack,clean_target_effective,2,S0,0,23,7,1,1,0,1,0,0,0,0,0,1,2
6087,attack,clean_target_ineffective,1,S0,0,22,0,1,1,1,0,0,0,0,0,1,0,1
6088,attack,multi_hit,4,S5,5,23,2,1,0,0,0,0,0,1,0,0,0,0
6091,attack,off_target,3,S0,0,23,5,1,0,0,0,0,1,0,0,0,0,0
6094,attack,clean_target_effective,2,S5,5,22,2,1,1,0,1,0,0,0,0,0,1,2
6095,attack,clean_target_effective,2,S5,5,22,6,1,1,0,1,0,0,0,0,0,1,2
6097,attack,multi_hit,4,S5,5,22,7,1,0,0,0,0,0,1,0,0,0,0
6102,attack,missed,0,S0,0,22,1,1,0,0,0,1,0,0,0,0,0,0
6110,attack,invalid_reset,5,S5,5,22,6,0,0,0,0,0,0,0,1,0,0,0
6113,attack,missed,0,S0,0,23,4,1,0,0,0,1,0,0,0,0,0,0
6115,attack,clean_target_effective,2,S5,5,22,3,1,1,0,1,0,0,0,0,0,1,2
6117,attack,clean_target_effective,2,S0,0,22,5,1,1,0,1,0,0,0,0,0,1,2
6118,attack,clean_target_effective,2,S0,0,22,7,1,1,0,1,0,0,0,0,0,1,2
6122,attack,off_target,3,S0,0,22,2,1,0,0,0,0,1,0,0,0,0,0
6125,attack,multi_hit,4,S0,0,23,5,1,0,0,0,0,0,1,0,0,0,0
6126,attack,clean_target_effective,2,S0,0,23,6,1,1,0,1,0,0,0,0,0,1,2
6130,attack,missed,0,S5,5,23,1,1,0,0,0,1,0,0,0,0,0,0
6138,attack,missed,0,S0,0,22,2,1,0,0,0,1,0,0,0,0,0,0
6139,attack,clean_target_ineffective,1,S0,0,23,1,1,1,1,0,0,0,0,0,1,0,1
6140,attack,clean_target_effective,2,S5,5,22,5,1,1,0,1,0,0,0,0,0,1,2
6143,attack,clean_target_effective,2,S0,0,22,1,1,1,0,1,0,0,0,0,0,1,2
6146,attack,multi_hit,4,S0,0,22,6,1,0,0,0,0,0,1,0,0,0,0
6156,attack,clean_target_ineffective,1,S0,0,22,0,1,1,1,0,0,0,0,0,1,0,1
6159,attack,invalid_reset,5,S0,0,22,6,0,0,0,0,0,0,0,1,0,0,0
6169,attack,off_target,3,S0,0,22,0,1,0,0,0,0,1,0,0,0,0,0
6178,attack,missed,0,S5,5,22,2,1,0,0,0,1,0,0,0,0,0,0
6180,attack,multi_hit,4,S5,5,23,6,1,0,0,0,0,0,1,0,0,0,0
6182,attack,missed,0,S0,0,22,5,1,0,0,0,1,0,0,0,0,0,0
6190,attack,missed,0,S0,0,22,4,1,0,0,0,1,0,0,0,0,0,0
6191,attack,invalid_reset,5,S0,0,23,7,0,0,0,0,0,0,0,1,0,0,0
6192,attack,invalid_reset,5,S5,5,23,6,0,0,0,0,0,0,0,1,0,0,0
6204,attack,clean_target_effective,2,S5,5,23,0,1,1,0,1,0,0,0,0,0,1,2
6206,attack,off_target,3,S5,5,22,7,1,0,0,0,0,1,0,0,0,0,0
6210,attack,multi_hit,4,S5,5,22,2,1,0,0,0,0,0,1,0,0,0,0
6213,attack,clean_target_effective,2,S0,0,23,1,1,1,0,1,0,0,0,0,0,1,2
6216,attack,missed,0,S0,0,23,4,1,0,0,0,1,0,0,0,0,0,0
6220,attack,multi_hit,4,S5,5,23,0,1,0,0,0,0,0,1,0,0,0,0
6224,attack,clean_target_effective,2,S5,5,22,2,1,1,0,1,0,0,0,0,0,1,2
6225,attack,off_target,3,S5,5,23,5,1,0,0,0,0,1,0,0,0,0,0
6228,attack,clean_target_ineffective,1,S5,5,22,0,1,1,1,0,0,0,0,0,1,0,1
6229,attack,clean_target_effective,2,S5,5,23,7,1,1,0,1,0,0,0,0,0,1,2
6231,attack,clean_target_effective,2,S0,0,23,7,1,1,0,1,0,0,0,0,0,1,2
6238,attack,off_target,3,S5,5,23,2,1,0,0,0,0,1,0,0,0,0,0
6239,attack,off_target,3,S0,0,23,6,1,0,0,0,0,1,0,0,0,0,0
6245,attack,off_target,3,S5,5,23,3,1,0,0,0,0,1,0,0,0,0,0
6248,attack,clean_target_ineffective,1,S5,5,23,6,1,1,1,0,0,0,0,0,1,0,1
6250,attack,multi_hit,4,S5,5,23,0,1,0,0,0,0,0,1,0,0,0,0
6259,attack,multi_hit,4,S5,5,23,7,1,0,0,0,0,0,1,0,0,0,0
6272,attack,missed,0,S5,5,23,1,1,0,0,0,1,0,0,0,0,0,0
6273,attack,missed,0,S5,5,22,7,1,0,0,0,1,0,0,0,0,0,0
6277,attack,multi_hit,4,S5,5,22,0,1,0,0,0,0,0,1,0,0,0,0
6278,attack,off_target,3,S0,0,22,6,1,0,0,0,0,1,0,0,0,0,0
6285,attack,missed,0,S5,5,23,6,1,0,0,0,1,0,0,0,0,0,0
6290,attack,off_target,3,S0,0,22,0,1,0,0,0,0,1,0,0,0,0,0
6293,attack,off_target,3,S5,5,22,0,1,0,0,0,0,1,0,0,0,0,0
6295,attack,missed,0,S5,5,23,4,1,0,0,0,1,0,0,0,0,0,0
6296,attack,clean_target_effective,2,S0,0,23,5,1,1,0,1,0,0,0,0,0,1,2
6297,attack,clean_target_ineffective,1,S0,0,23,2,1,1,1,0,0,0,0,0,1,0,1
6298,attack,clean_target_effective,2,S5,5,23,4,1,1,0,1,0,0,0,0,0,1,2
6299,attack,clean_target_ineffective,1,S5,5,23,4,1,1,1,0,0,0,0,0,1,0,1
6306,attack,multi_hit,4,S0,0,22,1,1,0,0,0,0,0,1,0,0,0,0
6316,attack,multi_hit,4,S0,0,23,7,1,0,0,0,0,0,1,0,0,0,0
6317,attack,clean_target_ineffective,1,S0,0,22,2,1,1,1,0,0,0,0,0,1,0,1
6321,attack,missed,0,S0,0,23,7,1,0,0,0,1,0,0,0,0,0,0
6325,attack,clean_target_effective,2,S0,0,23,0,1,1,0,1,0,0,0,0,0,1,2
6326,attack,multi_hit,4,S5,5,23,5,1,0,0,0,0,0,1,0,0,0,0
6327,attack,missed,0,S5,5,23,7,1,0,0,0,1,0,0,0,0,0,0
6328,attack,missed,0,S5,5,22,7,1,0,0,0,1,0,0,0,0,0,0
6329,attack,missed,0,S0,0,23,4,1,0,0,0,1,0,0,0,0,0,0
6335,attack,missed,0,S0,0,22,2,1,0,0,0,1,0,0,0,0,0,0
6340,attack,clean_target_effective,2,S5,5,22,0,1,1,0,1,0,0,0,0,0,1,2
6342,attack,invalid_reset,5,S5,5,22,4,0,0,0,0,0,0,0,1,0,0,0
6345,attack,missed,0,S0,0,23,2,1,0,0,0,1,0,0,0,0,0,0
6351,attack,clean_target_effective,2,S0,0,23,4,1,1,0,1,0,0,0,0,0,1,2
6354,attack,clean_target_effective,2,S5,5,23,6,1,1,0,1,0,0,0,0,0,1,2
6356,attack,multi_hit,4,S0,0,23,4,1,0,0,0,0,0,1,0,0,0,0
6357,attack,clean_target_effective,2,S0,0,23,6,1,1,0,1,0,0,0,0,0,1,2
6365,attack,multi_hit,4,S0,0,23,2,1,0,0,0,0,0,1,0,0,0,0
6367,attack,multi_hit,4,S5,5,23,1,1,0,0,0,0,0,1,0,0,0,0
6371,attack,off_target,3,S0,0,22,4,1,0,0,0,0,1,0,0,0,0,0
6376,attack,off_target,3,S5,5,23,6,1,0,0,0,0,1,0,0,0,0,0
6389,attack,clean_target_effective,2,S5,5,23,7,1,1,0,1,0,0,0,0,0,1,2
6395,attack,clean_target_ineffective,1,S0,0,23,5,1,1,1,0,0,0,0,0,1,0,1
6397,attack,multi_hit,4,S5,5,22,5,1,0,0,0,0,0,1,0,0,0,0
6399,attack,clean_target_effective,2,S0,0,22,5,1,1,0,1,0,0,0,0,0,1,2
6400,attack,off_target,3,S5,5,22,7,1,0,0,0,0,1,0,0,0,0,0
6402,attack,missed,0,S5,5,22,1,1,0,0,0,1,0,0,0,0,0,0
6405,attack,clean_target_ineffective,1,S5,5,23,5,1,1,1,0,0,0,0,0,1,0,1
6408,attack,missed,0,S0,0,22,3,1,0,0,0,1,0,0,0,0,0,0
6415,attack,clean_target_effective,2,S0,0,23,5,1,1,0,1,0,0,0,0,0,1,2
6417,attack,missed,0,S5,5,23,7,1,0,0,0,1,0,0,0,0,0,0
6418,attack,off_target,3,S5,5,22,1,1,0,0,0,0,1,0,0,0,0,0
6419,attack,missed,0,S0,0,22,2,1,0,0,0,1,0,0,0,0,0,0
6420,attack,clean_target_effective,2,S5,5,23,3,1,1,0,1,0,0,0,0,0,1,2
6421,attack,clean_target_effective,2,S5,5,22,2,1,1,0,1,0,0,0,0,0,1,2
6422,attack,off_target,3,S0,0,22,6,1,0,0,0,0,1,0,0,0,0,0
6423,attack,clean_target_ineffective,1,S5,5,22,1,1,1,1,0,0,0,0,0,1,0,1
6426,attack,clean_target_ineffective,1,S0,0,22,3,1,1,1,0,0,0,0,0,1,0,1
6429,attack,multi_hit,4,S5,5,22,4,1,0,0,0,0,0,1,0,0,0,0
6433,attack,missed,0,S0,0,23,7,1,0,0,0,1,0,0,0,0,0,0
6436,attack,clean_target_effective,2,S0,0,22,2,1,1,0,1,0,0,0,0,0,1,2
6438,attack,clean_target_effective,2,S0,0,23,4,1,1,0,1,0,0,0,0,0,1,2
6442,attack,off_target,3,S5,5,23,0,1,0,0,0,0,1,0,0,0,0,0
6443,attack,multi_hit,4,S5,5,23,0,1,0,0,0,0,0,1,0,0,0,0
6444,attack,clean_target_effective,2,S5,5,23,4,1,1,0,1,0,0,0,0,0,1,2
6445,attack,clean_target_effective,2,S0,0,22,0,1,1,0,1,0,0,0,0,0,1,2
6447,attack,missed,0,S0,0,23,7,1,0,0,0,1,0,0,0,0,0,0
6448,attack,clean_target_effective,2,S0,0,22,0,1,1,0,1,0,0,0,0,0,1,2
6460,attack,missed,0,S0,0,23,4,1,0,0,0,1,0,0,0,0,0,0
6463,attack,clean_target_effective,2,S5,5,23,2,1,1,0,1,0,0,0,0,0,1,2
6468,attack,off_target,3,S5,5,22,7,1,0,0,0,0,1,0,0,0,0,0
6480,attack,multi_hit,4,S0,0,22,1,1,0,0,0,0,0,1,0,0,0,0
6485,attack,clean_target_effective,2,S5,5,23,7,1,1,0,1,0,0,0,0,0,1,2
6492,attack,clean_target_effective,2,S5,5,23,7,1,1,0,1,0,0,0,0,0,1,2
6496,attack,off_target,3,S5,5,22,0,1,0,0,0,0,1,0,0,0,0,0
6499,attack,missed,0,S5,5,23,0,1,0,0,0,1,0,0,0,0,0,0
6504,attack,missed,0,S0,0,22,1,1,0,0,0,1,0,0,0,0,0,0
6506,attack,multi_hit,4,S0,0,22,3,1,0,0,0,0,0,1,0,0,0,0
6507,attack,missed,0,S5,5,23,4,1,0,0,0,1,0,0,0,0,0,0
6509,attack,invalid_reset,5,S0,0,22,7,0,0,0,0,0,0,0,1,0,0,0
6512,attack,missed,0,S0,0,23,0,1,0,0,0,1,0,0,0,0,0,0
6513,attack,off_target,3,S5,5,23,6,1,0,0,0,0,1,0,0,0,0,0
6519,attack,clean_target_effective,2,S0,0,23,4,1,1,0,1,0,0,0,0,0,1,2
6528,attack,missed,0,S5,5,23,2,1,0,0,0,1,0,0,0,0,0,0
6531,attack,missed,0,S5,5,23,1,1,0,0,0,1,0,0,0,0,0,0
6532,attack,clean_target_effective,2,S5,5,23,7,1,1,0,1,0,0,0,0,0,1,2
6533,attack,missed,0,S0,0,23,5,1,0,0,0,1,0,0,0,0,0,0
6536,attack,clean_target_effective,2,S0,0,23,2,1,1,0,1,0,0,0,0,0,1,2
6537,attack,multi_hit,4,S5,5,22,0,1,0,0,0,0,0,1,0,0,0,0
6540,attack,clean_target_ineffective,1,S5,5,22,6,1,1,1,0,0,0,0,0,1,0,1
6546,attack,missed,0,S0,0,23,5,1,0,0,0,1,0,0,0,0,0,0
6547,attack,off_target,3,S0,0,23,6,1,0,0,0,0,1,0,0,0,0,0
6560,attack,clean_target_effective,2,S0,0,22,4,1,1,0,1,0,0,0,0,0,1,2
6562,attack,missed,0,S0,0,23,1,1,0,0,0,1,0,0,0,0,0,0
6565,attack,clean_target_ineffective,1,S5,5,22,7,1,1,1,0,0,0,0,0,1,0,1
6569,attack,clean_target_ineffective,1,S0,0,23,4,1,1,1,0,0,0,0,0,1,0,1
6577,attack,clean_target_effective,2,S0,0,22,7,1,1,0,1,0,0,0,0,0,1,2
6579,attack,clean_target_effective,2,S5,5,22,7,1,1,0,1,0,0,0,0,0,1,2
6580,attack,clean_target_effective,2,S5,5,22,0,1,1,0,1,0,0,0,0,0,1,2
6585,attack,missed,0,S0,0,22,0,1,0,0,0,1,0,0,0,0,0,0
6588,attack,missed,0,S5,5,23,3,1,0,0,0,1,0,0,0,0,0,0
6595,attack,multi_hit,4,S5,5,22,3,1,0,0,0,0,0,1,0,0,0,0
6596,attack,missed,0,S0,0,23,3,1,0,0,0,1,0,0,0,0,0,0
6598,attack,clean_target_effective,2,S0,0,23,2,1,1,0,1,0,0,0,0,0,1,2
6604,attack,multi_hit,4,S5,5,22,7,1,0,0,0,0,0,1,0,0,0,0
6605,attack,off_target,3,S0,0,23,4,1,0,0,0,0,1,0,0,0,0,0
6609,attack,clean_target_effective,2,S0,0,22,1,1,1,0,1,0,0,0,0,0,1,2
6610,attack,missed,0,S5,5,22,4,1,0,0,0,1,0,0,0,0,0,0
6611,attack,missed,0,S5,5,22,5,1,0,0,0,1,0,0,0,0,0,0
6612,attack,multi_hit,4,S5,5,23,1,1,0,0,0,0,0,1,0,0,0,0
6622,attack,multi_hit,4,S5,5,22,1,1,0,0,0,0,0,1,0,0,0,0
6623,attack,missed,0,S5,5,23,4,1,0,0,0,1,0,0,0,0,0,0
6625,attack,off_target,3,S5,5,22,4,1,0,0,0,0,1,0,0,0,0,0
6627,attack,clean_target_ineffective,1,S5,5,22,5,1,1,1,0,0,0,0,0,1,0,1
6640,attack,multi_hit,4,S5,5,22,7,1,0,0,0,0,0,1,0,0,0,0
6642,attack,off_target,3,S0,0,22,2,1,0,0,0,0,1,0,0,0,0,0
6643,attack,clean_target_effective,2,S0,0,23,6,1,1,0,1,0,0,0,0,0,1,2
6649,attack,missed,0,S0,0,23,7,1,0,0,0,1,0,0,0,0,0,0
6651,attack,missed,0,S5,5,22,2,1,0,0,0,1,0,0,0,0,0,0
6655,attack,clean_target_effective,2,S0,0,23,7,1,1,0,1,0,0,0,0,0,1,2
6658,attack,off_target,3,S0,0,22,6,1,0,0,0,0,1,0,0,0,0,0
6659,attack,missed,0,S0,0,22,5,1,0,0,0,1,0,0,0,0,0,0
6661,attack,clean_target_effective,2,S5,5,22,5,1,1,0,1,0,0,0,0,0,1,2
6668,attack,off_target,3,S0,0,23,6,1,0,0,0,0,1,0,0,0,0,0
6669,attack,clean_target_effective,2,S5,5,22,2,1,1,0,1,0,0,0,0,0,1,2
6671,attack,multi_hit,4,S5,5,22,0,1,0,0,0,0,0,1,0,0,0,0
6672,attack,missed,0,S0,0,22,3,1,0,0,0,1,0,0,0,0,0,0
6679,attack,invalid_reset,5,S0,0,22,2,0,0,0,0,0,0,0,1,0,0,0
6680,attack,off_target,3,S5,5,23,1,1,0,0,0,0,1,0,0,0,0,0
6686,attack,clean_target_effective,2,S5,5,22,3,1,1,0,1,0,0,0,0,0,1,2
6687,attack,missed,0,S0,0,22,1,1,0,0,0,1,0,0,0,0,0,0
6693,attack,off_target,3,S0,0,23,4,1,0,0,0,0,1,0,0,0,0,0
6694,attack,clean_target_effective,2,S0,0,22,2,1,1,0,1,0,0,0,0,0,1,2
6698,attack,missed,0,S5,5,22,3,1,0,0,0,1,0,0,0,0,0,0
6701,attack,clean_target_effective,2,S0,0,23,3,1,1,0,1,0,0,0,0,0,1,2
6709,attack,off_target,3,S0,0,22,2,1,0,0,0,0,1,0,0,0,0,0
6711,attack,multi_hit,4,S0,0,22,6,1,0,0,0,0,0,1,0,0,0,0
6715,attack,off_target,3,S5,5,23,3,1,0,0,0,0,1,0,0,0,0,0
6716,attack,invalid_reset,5,S5,5,23,7,0,0,0,0,0,0,0,1,0,0,0
6720,attack,missed,0,S5,5,23,6,1,0,0,0,1,0,0,0,0,0,0
6722,attack,missed,0,S5,5,23,1,1,0,0,0,1,0,0,0,0,0,0
6723,attack,clean_target_effective,2,S5,5,22,2,1,1,0,1,0,0,0,0,0,1,2
6724,attack,invalid_reset,5,S5,5,23,3,0,0,0,0,0,0,0,1,0,0,0
6733,attack,multi_hit,4,S5,5,23,6,1,0,0,0,0,0,1,0,0,0,0
6735,attack,off_target,3,S0,0,22,2,1,0,0,0,0,1,0,0,0,0,0
6738,attack,clean_target_effective,2,S5,5,23,0,1,1,0,1,0,0,0,0,0,1,2
6742,attack,multi_hit,4,S0,0,23,3,1,0,0,0,0,0,1,0,0,0,0
6744,attack,off_target,3,S0,0,22,0,1,0,0,0,0,1,0,0,0,0,0
6755,attack,missed,0,S5,5,22,1,1,0,0,0,1,0,0,0,0,0,0
6759,attack,clean_target_effective,2,S0,0,22,1,1,1,0,1,0,0,0,0,0,1,2
6765,attack,clean_target_effective,2,S0,0,23,3,1,1,0,1,0,0,0,0,0,1,2
6768,attack,clean_target_effective,2,S0,0,23,6,1,1,0,1,0,0,0,0,0,1,2
6769,attack,missed,0,S5,5,22,6,1,0,0,0,1,0,0,0,0,0,0
6772,attack,missed,0,S0,0,23,0,1,0,0,0,1,0,0,0,0,0,0
6774,attack,multi_hit,4,S0,0,23,6,1,0,0,0,0,0,1,0,0,0,0
6779,attack,clean_target_ineffective,1,S0,0,23,6,1,1,1,0,0,0,0,0,1,0,1
6790,attack,missed,0,S5,5,23,7,1,0,0,0,1,0,0,0,0,0,0
6791,attack,multi_hit,4,S0,0,22,6,1,0,0,0,0,0,1,0,0,0,0
6792,attack,off_target,3,S5,5,23,3,1,0,0,0,0,1,0,0,0,0,0
6795,attack,clean_target_ineffective,1,S5,5,22,4,1,1,1,0,0,0,0,0,1,0,1
6807,attack,invalid_reset,5,S5,5,22,3,0,0,0,0,0,0,0,1,0,0,0
6809,attack,clean_target_effective,2,S5,5,23,1,1,1,0,1,0,0,0,0,0,1,2
6812,attack,clean_target_ineffective,1,S0,0,23,1,1,1,1,0,0,0,0,0,1,0,1
6814,attack,missed,0,S0,0,22,5,1,0,0,0,1,0,0,0,0,0,0
6815,attack,clean_target_ineffective,1,S0,0,22,6,1,1,1,0,0,0,0,0,1,0,1
6821,attack,clean_target_effective,2,S0,0,23,1,1,1,0,1,0,0,0,0,0,1,2
6823,attack,missed,0,S5,5,22,5,1,0,0,0,1,0,0,0,0,0,0
6824,attack,invalid_reset,5,S5,5,22,1,0,0,0,0,0,0,0,1,0,0,0
6832,attack,clean_target_effective,2,S0,0,22,4,1,1,0,1,0,0,0,0,0,1,2
6833,attack,clean_target_effective,2,S0,0,22,6,1,1,0,1,0,0,0,0,0,1,2
6836,attack,off_target,3,S0,0,23,3,1,0,0,0,0,1,0,0,0,0,0
6841,attack,missed,0,S5,5,23,1,1,0,0,0,1,0,0,0,0,0,0
6844,attack,missed,0,S0,0,23,5,1,0,0,0,1,0,0,0,0,0,0
6849,attack,clean_target_effective,2,S5,5,22,1,1,1,0,1,0,0,0,0,0,1,2
6851,attack,off_target,3,S5,5,23,6,1,0,0,0,0,1,0,0,0,0,0
6852,attack,missed,0,S0,0,22,2,1,0,0,0,1,0,0,0,0,0,0
6854,attack,invalid_reset,5,S5,5,22,2,0,0,0,0,0,0,0,1,0,0,0
6855,attack,missed,0,S0,0,22,3,1,0,0,0,1,0,0,0,0,0,0
6863,attack,missed,0,S5,5,22,5,1,0,0,0,1,0,0,0,0,0,0
6864,attack,missed,0,S5,5,23,6,1,0,0,0,1,0,0,0,0,0,0
6867,attack,off_target,3,S5,5,23,4,1,0,0,0,0,1,0,0,0,0,0
6868,attack,clean_target_effective,2,S5,5,23,4,1,1,0,1,0,0,0,0,0,1,2
6870,attack,missed,0,S5,5,22,2,1,0,0,0,1,0,0,0,0,0,0
6871,attack,missed,0,S0,0,23,2,1,0,0,0,1,0,0,0,0,0,0
6873,attack,off_target,3,S5,5,23,0,1,0,0,0,0,1,0,0,0,0,0
6886,attack,off_target,3,S0,0,23,5,1,0,0,0,0,1,0,0,0,0,0
6890,attack,clean_target_effective,2,S0,0,23,6,1,1,0,1,0,0,0,0,0,1,2
6896,attack,multi_hit,4,S0,0,22,2,1,0,0,0,0,0,1,0,0,0,0
6897,attack,clean_target_effective,2,S0,0,23,0,1,1,0,1,0,0,0,0,0,1,2
6898,attack,missed,0,S0,0,22,7,1,0,0,0,1,0,0,0,0,0,0
6900,attack,missed,0,S5,5,23,7,1,0,0,0,1,0,0,0,0,0,0
6901,attack,clean_target_ineffective,1,S5,5,23,3,1,1,1,0,0,0,0,0,1,0,1
6903,attack,clean_target_effective,2,S5,5,23,3,1,1,0,1,0,0,0,0,0,1,2
6917,attack,missed,0,S5,5,23,0,1,0,0,0,1,0,0,0,0,0,0
6920,attack,multi_hit,4,S5,5,23,0,1,0,0,0,0,0,1,0,0,0,0
6926,attack,clean_target_effective,2,S5,5,23,5,1,1,0,1,0,0,0,0,0,1,2
6928,attack,clean_target_effective,2,S5,5,23,5,1,1,0,1,0,0,0,0,0,1,2
6929,attack,missed,0,S0,0,22,5,1,0,0,0,1,0,0,0,0,0,0
6934,attack,multi_hit,4,S5,5,23,5,1,0,0,0,0,0,1,0,0,0,0
6935,attack,clean_target_effective,2,S0,0,22,5,1,1,0,1,0,0,0,0,0,1,2
6938,attack,clean_target_ineffective,1,S0,0,22,1,1,1,1,0,0,0,0,0,1,0,1
6944,attack,off_target,3,S5,5,23,4,1,0,0,0,0,1,0,0,0,0,0
6948,attack,invalid_reset,5,S5,5,22,1,0,0,0,0,0,0,0,1,0,0,0
6957,attack,clean_target_effective,2,S0,0,22,2,1,1,0,1,0,0,0,0,0,1,2
6963,attack,missed,0,S0,0,23,5,1,0,0,0,1,0,0,0,0,0,0
6967,attack,missed,0,S0,0,22,7,1,0,0,0,1,0,0,0,0,0,0
6974,attack,missed,0,S5,5,22,7,1,0,0,0,1,0,0,0,0,0,0
6978,attack,clean_target_ineffective,1,S5,5,23,2,1,1,1,0,0,0,0,0,1,0,1
6999,attack,missed,0,S5,5,23,5,1,0,0,0,1,0,0,0,0,0,0
7002,attack,clean_target_ineffective,1,S5,5,23,1,1,1,1,0,0,0,0,0,1,0,1
7007,attack,clean_target_ineffective,1,S5,5,22,1,1,1,1,0,0,0,0,0,1,0,1
7009,attack,off_target,3,S0,0,22,6,1,0,0,0,0,1,0,0,0,0,0
7011,attack,clean_target_effective,2,S0,0,22,6,1,1,0,1,0,0,0,0,0,1,2
7022,attack,multi_hit,4,S5,5,23,2,1,0,0,0,0,0,1,0,0,0,0
7023,attack,invalid_reset,5,S5,5,22,7,0,0,0,0,0,0,0,1,0,0,0
7026,attack,clean_target_effective,2,S0,0,22,3,1,1,0,1,0,0,0,0,0,1,2
7030,attack,missed,0,S0,0,22,7,1,0,0,0,1,0,0,0,0,0,0
7036,attack,off_target,3,S5,5,22,7,1,0,0,0,0,1,0,0,0,0,0
7039,attack,clean_target_effective,2,S5,5,22,7,1,1,0,1,0,0,0,0,0,1,2
7051,attack,missed,0,S0,0,23,7,1,0,0,0,1,0,0,0,0,0,0
7054,attack,clean_target_effective,2,S5,5,23,7,1,1,0,1,0,0,0,0,0,1,2
7056,attack,multi_hit,4,S0,0,22,7,1,0,0,0,0,0,1,0,0,0,0
7057,attack,clean_target_effective,2,S5,5,22,4,1,1,0,1,0,0,0,0,0,1,2
7061,attack,multi_hit,4,S5,5,23,2,1,0,0,0,0,0,1,0,0,0,0
7062,attack,missed,0,S0,0,23,2,1,0,0,0,1,0,0,0,0,0,0
7063,attack,clean_target_effective,2,S5,5,23,5,1,1,0,1,0,0,0,0,0,1,2
7069,attack,clean_target_effective,2,S0,0,22,3,1,1,0,1,0,0,0,0,0,1,2
7070,attack,missed,0,S0,0,23,2,1,0,0,0,1,0,0,0,0,0,0
7074,attack,invalid_reset,5,S0,0,23,4,0,0,0,0,0,0,0,1,0,0,0
7077,attack,clean_target_effective,2,S0,0,23,0,1,1,0,1,0,0,0,0,0,1,2
7086,attack,missed,0,S0,0,23,0,1,0,0,0,1,0,0,0,0,0,0
7087,attack,clean_target_effective,2,S0,0,22,6,1,1,0,1,0,0,0,0,0,1,2
7089,attack,missed,0,S5,5,23,2,1,0,0,0,1,0,0,0,0,0,0
7090,attack,multi_hit,4,S0,0,22,2,1,0,0,0,0,0,1,0,0,0,0
7091,attack,clean_target_effective,2,S5,5,22,3,1,1,0,1,0,0,0,0,0,1,2
7097,attack,multi_hit,4,S5,5,22,7,1,0,0,0,0,0,1,0,0,0,0
7101,attack,off_target,3,S5,5,22,1,1,0,0,0,0,1,0,0,0,0,0
7102,attack,clean_target_ineffective,1,S0,0,23,3,1,1,1,0,0,0,0,0,1,0,1
7105,attack,clean_target_effective,2,S5,5,23,1,1,1,0,1,0,0,0,0,0,1,2
7107,attack,missed,0,S5,5,23,2,1,0,0,0,1,0,0,0,0,0,0
7109,attack,clean_target_effective,2,S0,0,23,2,1,1,0,1,0,0,0,0,0,1,2
7110,attack,clean_target_effective,2,S5,5,22,2,1,1,0,1,0,0,0,0,0,1,2
7115,attack,missed,0,S5,5,23,2,1,0,0,0,1,0,0,0,0,0,0
7118,attack,clean_target_effective,2,S0,0,22,7,1,1,0,1,0,0,0,0,0,1,2
7123,attack,invalid_reset,5,S0,0,23,7,0,0,0,0,0,0,0,1,0,0,0
7125,attack,missed,0,S5,5,22,5,1,0,0,0,1,0,0,0,0,0,0
7126,attack,multi_hit,4,S0,0,22,6,1,0,0,0,0,0,1,0,0,0,0
7133,attack,clean_target_ineffective,1,S0,0,23,4,1,1,1,0,0,0,0,0,1,0,1
7134,attack,clean_target_ineffective,1,S5,5,22,0,1,1,1,0,0,0,0,0,1,0,1
7137,attack,clean_target_ineffective,1,S5,5,23,2,1,1,1,0,0,0,0,0,1,0,1
7140,attack,clean_target_ineffective,1,S5,5,23,6,1,1,1,0,0,0,0,0,1,0,1
7143,attack,clean_target_effective,2,S5,5,23,3,1,1,0,1,0,0,0,0,0,1,2
7145,attack,off_target,3,S0,0,23,2,1,0,0,0,0,1,0,0,0,0,0
7152,attack,invalid_reset,5,S0,0,22,2,0,0,0,0,0,0,0,1,0,0,0
7158,attack,clean_target_effective,2,S0,0,22,2,1,1,0,1,0,0,0,0,0,1,2
7167,attack,off_target,3,S0,0,22,5,1,0,0,0,0,1,0,0,0,0,0
7172,attack,invalid_reset,5,S0,0,22,7,0,0,0,0,0,0,0,1,0,0,0
7173,attack,off_target,3,S5,5,23,1,1,0,0,0,0,1,0,0,0,0,0
7177,attack,clean_target_effective,2,S0,0,22,7,1,1,0,1,0,0,0,0,0,1,2
7180,attack,multi_hit,4,S5,5,22,4,1,0,0,0,0,0,1,0,0,0,0
7183,attack,missed,0,S5,5,23,2,1,0,0,0,1,0,0,0,0,0,0
7184,attack,multi_hit,4,S5,5,23,0,1,0,0,0,0,0,1,0,0,0,0
7187,attack,off_target,3,S0,0,23,0,1,0,0,0,0,1,0,0,0,0,0
7194,attack,clean_target_effective,2,S0,0,22,2,1,1,0,1,0,0,0,0,0,1,2
7203,attack,missed,0,S0,0,22,5,1,0,0,0,1,0,0,0,0,0,0
7206,attack,clean_target_effective,2,S5,5,22,2,1,1,0,1,0,0,0,0,0,1,2
7212,attack,clean_target_effective,2,S5,5,22,7,1,1,0,1,0,0,0,0,0,1,2
7216,attack,missed,0,S0,0,23,3,1,0,0,0,1,0,0,0,0,0,0
7219,attack,multi_hit,4,S5,5,22,0,1,0,0,0,0,0,1,0,0,0,0
7222,attack,missed,0,S0,0,23,5,1,0,0,0,1,0,0,0,0,0,0
7223,attack,clean_target_effective,2,S5,5,22,4,1,1,0,1,0,0,0,0,0,1,2
7224,attack,off_target,3,S5,5,23,2,1,0,0,0,0,1,0,0,0,0,0
7228,attack,invalid_reset,5,S5,5,22,5,0,0,0,0,0,0,0,1,0,0,0
7230,attack,clean_target_effective,2,S5,5,23,4,1,1,0,1,0,0,0,0,0,1,2
7231,attack,missed,0,S0,0,23,4,1,0,0,0,1,0,0,0,0,0,0
7233,attack,multi_hit,4,S5,5,23,4,1,0,0,0,0,0,1,0,0,0,0
7235,attack,multi_hit,4,S5,5,23,0,1,0,0,0,0,0,1,0,0,0,0
7240,attack,clean_target_effective,2,S5,5,22,2,1,1,0,1,0,0,0,0,0,1,2
7249,attack,off_target,3,S5,5,22,4,1,0,0,0,0,1,0,0,0,0,0
7252,attack,clean_target_effective,2,S0,0,23,1,1,1,0,1,0,0,0,0,0,1,2
7260,attack,clean_target_effective,2,S5,5,22,2,1,1,0,1,0,0,0,0,0,1,2
7262,attack,off_target,3,S5,5,22,5,1,0,0,0,0,1,0,0,0,0,0
7266,attack,off_target,3,S0,0,23,6,1,0,0,0,0,1,0,0,0,0,0
7272,attack,clean_target_effective,2,S0,0,22,0,1,1,0,1,0,0,0,0,0,1,2
7273,attack,clean_target_effective,2,S0,0,22,6,1,1,0,1,0,0,0,0,0,1,2
7280,attack,missed,0,S0,0,23,7,1,0,0,0,1,0,0,0,0,0,0
7298,attack,missed,0,S0,0,23,6,1,0,0,0,1,0,0,0,0,0,0
7300,attack,missed,0,S0,0,22,7,1,0,0,0,1,0,0,0,0,0,0
7304,attack,missed,0,S5,5,23,3,1,0,0,0,1,0,0,0,0,0,0
7306,attack,missed,0,S0,0,22,3,1,0,0,0,1,0,0,0,0,0,0
7309,attack,clean_target_effective,2,S0,0,23,4,1,1,0,1,0,0,0,0,0,1,2
7319,attack,missed,0,S0,0,23,0,1,0,0,0,1,0,0,0,0,0,0
7320,attack,missed,0,S5,5,23,0,1,0,0,0,1,0,0,0,0,0,0
7328,attack,off_target,3,S5,5,22,2,1,0,0,0,0,1,0,0,0,0,0
7334,attack,multi_hit,4,S5,5,23,6,1,0,0,0,0,0,1,0,0,0,0
7335,attack,clean_target_ineffective,1,S5,5,22,5,1,1,1,0,0,0,0,0,1,0,1
7337,attack,clean_target_effective,2,S0,0,22,3,1,1,0,1,0,0,0,0,0,1,2
7340,attack,missed,0,S0,0,23,7,1,0,0,0,1,0,0,0,0,0,0
7345,attack,clean_target_ineffective,1,S0,0,23,2,1,1,1,0,0,0,0,0,1,0,1
7351,attack,off_target,3,S5,5,23,2,1,0,0,0,0,1,0,0,0,0,0
7359,attack,off_target,3,S5,5,22,7,1,0,0,0,0,1,0,0,0,0,0
7360,attack,multi_hit,4,S0,0,22,7,1,0,0,0,0,0,1,0,0,0,0
7362,attack,invalid_reset,5,S5,5,23,1,0,0,0,0,0,0,0,1,0,0,0
7363,attack,missed,0,S0,0,23,0,1,0,0,0,1,0,0,0,0,0,0
7364,attack,invalid_reset,5,S0,0,23,2,0,0,0,0,0,0,0,1,0,0,0
7366,attack,missed,0,S0,0,23,6,1,0,0,0,1,0,0,0,0,0,0
7368,attack,off_target,3,S0,0,22,4,1,0,0,0,0,1,0,0,0,0,0
7369,attack,off_target,3,S5,5,22,4,1,0,0,0,0,1,0,0,0,0,0
7370,attack,missed,0,S0,0,22,6,1,0,0,0,1,0,0,0,0,0,0
7373,attack,missed,0,S0,0,22,7,1,0,0,0,1,0,0,0,0,0,0
7375,attack,missed,0,S0,0,22,1,1,0,0,0,1,0,0,0,0,0,0
7376,attack,clean_target_ineffective,1,S0,0,22,4,1,1,1,0,0,0,0,0,1,0,1
7377,attack,multi_hit,4,S5,5,22,7,1,0,0,0,0,0,1,0,0,0,0
7380,attack,off_target,3,S0,0,22,3,1,0,0,0,0,1,0,0,0,0,0
7386,attack,off_target,3,S0,0,22,1,1,0,0,0,0,1,0,0,0,0,0
7390,attack,off_target,3,S0,0,22,1,1,0,0,0,0,1,0,0,0,0,0
7391,attack,off_target,3,S0,0,22,6,1,0,0,0,0,1,0,0,0,0,0
7394,attack,invalid_reset,5,S5,5,23,3,0,0,0,0,0,0,0,1,0,0,0
7397,attack,multi_hit,4,S5,5,23,5,1,0,0,0,0,0,1,0,0,0,0
7399,attack,invalid_reset,5,S0,0,22,4,0,0,0,0,0,0,0,1,0,0,0
7400,attack,missed,0,S0,0,22,2,1,0,0,0,1,0,0,0,0,0,0
7404,attack,clean_target_effective,2,S5,5,23,0,1,1,0,1,0,0,0,0,0,1,2
7415,attack,off_target,3,S5,5,23,4,1,0,0,0,0,1,0,0,0,0,0
7420,attack,missed,0,S0,0,22,4,1,0,0,0,1,0,0,0,0,0,0
7422,attack,clean_target_effective,2,S5,5,23,7,1,1,0,1,0,0,0,0,0,1,2
7423,attack,clean_target_effective,2,S0,0,22,4,1,1,0,1,0,0,0,0,0,1,2
7426,attack,missed,0,S5,5,22,0,1,0,0,0,1,0,0,0,0,0,0
7434,attack,missed,0,S0,0,23,3,1,0,0,0,1,0,0,0,0,0,0
7438,attack,clean_target_ineffective,1,S0,0,22,5,1,1,1,0,0,0,0,0,1,0,1
7441,attack,missed,0,S5,5,23,6,1,0,0,0,1,0,0,0,0,0,0
7442,attack,missed,0,S0,0,23,3,1,0,0,0,1,0,0,0,0,0,0
7444,attack,off_target,3,S5,5,22,3,1,0,0,0,0,1,0,0,0,0,0
7447,attack,clean_target_ineffective,1,S0,0,22,1,1,1,1,0,0,0,0,0,1,0,1
7454,attack,invalid_reset,5,S0,0,22,1,0,0,0,0,0,0,0,1,0,0,0
7455,attack,clean_target_ineffective,1,S5,5,22,7,1,1,1,0,0,0,0,0,1,0,1
7460,attack,clean_target_ineffective,1,S5,5,22,2,1,1,1,0,0,0,0,0,1,0,1
7461,attack,clean_target_effective,2,S5,5,22,5,1,1,0,1,0,0,0,0,0,1,2
7463,attack,multi_hit,4,S0,0,23,5,1,0,0,0,0,0,1,0,0,0,0
7464,attack,multi_hit,4,S5,5,22,3,1,0,0,0,0,0,1,0,0,0,0
7468,attack,off_target,3,S0,0,23,1,1,0,0,0,0,1,0,0,0,0,0
7471,attack,off_target,3,S0,0,22,1,1,0,0,0,0,1,0,0,0,0,0
7472,attack,clean_target_effective,2,S0,0,22,1,1,1,0,1,0,0,0,0,0,1,2
7477,attack,clean_target_effective,2,S0,0,23,1,1,1,0,1,0,0,0,0,0,1,2
7479,attack,off_target,3,S5,5,23,5,1,0,0,0,0,1,0,0,0,0,0
7480,attack,clean_target_ineffective,1,S0,0,22,1,1,1,1,0,0,0,0,0,1,0,1
7484,attack,clean_target_effective,2,S5,5,22,7,1,1,0,1,0,0,0,0,0,1,2
7490,attack,off_target,3,S5,5,22,2,1,0,0,0,0,1,0,0,0,0,0
7492,attack,off_target,3,S0,0,23,4,1,0,0,0,0,1,0,0,0,0,0
7502,attack,multi_hit,4,S0,0,22,1,1,0,0,0,0,0,1,0,0,0,0
7503,attack,off_target,3,S0,0,23,2,1,0,0,0,0,1,0,0,0,0,0
7508,attack,missed,0,S5,5,22,1,1,0,0,0,1,0,0,0,0,0,0
7514,attack,missed,0,S5,5,22,6,1,0,0,0,1,0,0,0,0,0,0
7517,attack,clean_target_effective,2,S0,0,22,3,1,1,0,1,0,0,0,0,0,1,2
7518,attack,clean_target_effective,2,S0,0,22,7,1,1,0,1,0,0,0,0,0,1,2
7519,attack,missed,0,S5,5,23,5,1,0,0,0,1,0,0,0,0,0,0
7521,attack,missed,0,S0,0,23,5,1,0,0,0,1,0,0,0,0,0,0
7532,attack,clean_target_effective,2,S0,0,23,0,1,1,0,1,0,0,0,0,0,1,2
7534,attack,clean_target_ineffective,1,S5,5,22,1,1,1,1,0,0,0,0,0,1,0,1
7543,attack,clean_target_effective,2,S0,0,23,2,1,1,0,1,0,0,0,0,0,1,2
7544,attack,multi_hit,4,S0,0,23,2,1,0,0,0,0,0,1,0,0,0,0
7545,attack,off_target,3,S0,0,22,7,1,0,0,0,0,1,0,0,0,0,0
7547,attack,off_target,3,S0,0,23,2,1,0,0,0,0,1,0,0,0,0,0
7560,attack,multi_hit,4,S5,5,22,6,1,0,0,0,0,0,1,0,0,0,0
7563,attack,missed,0,S0,0,22,4,1,0,0,0,1,0,0,0,0,0,0
7568,attack,missed,0,S0,0,22,4,1,0,0,0,1,0,0,0,0,0,0
7570,attack,missed,0,S5,5,22,1,1,0,0,0,1,0,0,0,0,0,0
7574,attack,missed,0,S5,5,22,0,1,0,0,0,1,0,0,0,0,0,0
7583,attack,clean_target_effective,2,S0,0,22,0,1,1,0,1,0,0,0,0,0,1,2
7586,attack,missed,0,S0,0,22,7,1,0,0,0,1,0,0,0,0,0,0
7588,attack,multi_hit,4,S0,0,22,0,1,0,0,0,0,0,1,0,0,0,0
7589,attack,missed,0,S0,0,23,0,1,0,0,0,1,0,0,0,0,0,0
7590,attack,off_target,3,S0,0,23,2,1,0,0,0,0,1,0,0,0,0,0
7592,attack,invalid_reset,5,S5,5,23,5,0,0,0,0,0,0,0,1,0,0,0
7595,attack,clean_target_effective,2,S0,0,23,4,1,1,0,1,0,0,0,0,0,1,2
7596,attack,clean_target_ineffective,1,S0,0,23,4,1,1,1,0,0,0,0,0,1,0,1
7604,attack,missed,0,S0,0,23,6,1,0,0,0,1,0,0,0,0,0,0
7609,attack,clean_target_effective,2,S0,0,22,3,1,1,0,1,0,0,0,0,0,1,2
7613,attack,missed,0,S0,0,23,5,1,0,0,0,1,0,0,0,0,0,0
7618,attack,clean_target_effective,2,S0,0,22,2,1,1,0,1,0,0,0,0,0,1,2
7621,attack,clean_target_effective,2,S5,5,22,0,1,1,0,1,0,0,0,0,0,1,2
7626,attack,missed,0,S5,5,23,6,1,0,0,0,1,0,0,0,0,0,0
7632,attack,clean_target_ineffective,1,S5,5,23,7,1,1,1,0,0,0,0,0,1,0,1
7634,attack,missed,0,S5,5,23,4,1,0,0,0,1,0,0,0,0,0,0
7636,attack,missed,0,S0,0,23,3,1,0,0,0,1,0,0,0,0,0,0
7637,attack,clean_target_effective,2,S5,5,22,6,1,1,0,1,0,0,0,0,0,1,2
7639,attack,clean_target_effective,2,S0,0,22,7,1,1,0,1,0,0,0,0,0,1,2
7640,attack,clean_target_effective,2,S0,0,23,6,1,1,0,1,0,0,0,0,0,1,2
7641,attack,off_target,3,S5,5,22,6,1,0,0,0,0,1,0,0,0,0,0
7644,attack,clean_target_ineffective,1,S5,5,23,6,1,1,1,0,0,0,0,0,1,0,1
7646,attack,clean_target_effective,2,S0,0,23,0,1,1,0,1,0,0,0,0,0,1,2
7654,attack,missed,0,S0,0,23,6,1,0,0,0,1,0,0,0,0,0,0
7655,attack,multi_hit,4,S5,5,22,1,1,0,0,0,0,0,1,0,0,0,0
7661,attack,missed,0,S5,5,22,3,1,0,0,0,1,0,0,0,0,0,0
7663,attack,off_target,3,S0,0,22,0,1,0,0,0,0,1,0,0,0,0,0
7669,attack,off_target,3,S5,5,22,5,1,0,0,0,0,1,0,0,0,0,0
7680,attack,missed,0,S0,0,23,5,1,0,0,0,1,0,0,0,0,0,0
7683,attack,missed,0,S5,5,22,4,1,0,0,0,1,0,0,0,0,0,0
7687,attack,missed,0,S5,5,23,7,1,0,0,0,1,0,0,0,0,0,0
7692,attack,missed,0,S5,5,23,0,1,0,0,0,1,0,0,0,0,0,0
7694,attack,multi_hit,4,S5,5,23,6,1,0,0,0,0,0,1,0,0,0,0
7695,attack,off_target,3,S0,0,22,2,1,0,0,0,0,1,0,0,0,0,0
7697,attack,missed,0,S5,5,23,1,1,0,0,0,1,0,0,0,0,0,0
7702,attack,clean_target_effective,2,S5,5,22,2,1,1,0,1,0,0,0,0,0,1,2
7705,attack,off_target,3,S5,5,23,4,1,0,0,0,0,1,0,0,0,0,0
7710,attack,clean_target_effective,2,S5,5,23,7,1,1,0,1,0,0,0,0,0,1,2
7713,attack,invalid_reset,5,S0,0,23,4,0,0,0,0,0,0,0,1,0,0,0
7715,attack,clean_target_effective,2,S5,5,23,2,1,1,0,1,0,0,0,0,0,1,2
7716,attack,clean_target_ineffective,1,S0,0,23,3,1,1,1,0,0,0,0,0,1,0,1
7718,attack,clean_target_effective,2,S0,0,23,2,1,1,0,1,0,0,0,0,0,1,2
7719,attack,clean_target_ineffective,1,S0,0,22,7,1,1,1,0,0,0,0,0,1,0,1
7727,attack,off_target,3,S0,0,22,7,1,0,0,0,0,1,0,0,0,0,0
7729,attack,multi_hit,4,S0,0,23,3,1,0,0,0,0,0,1,0,0,0,0
7736,attack,multi_hit,4,S5,5,22,1,1,0,0,0,0,0,1,0,0,0,0
7737,attack,clean_target_effective,2,S5,5,23,6,1,1,0,1,0,0,0,0,0,1,2
7747,attack,missed,0,S5,5,22,3,1,0,0,0,1,0,0,0,0,0,0
7750,attack,clean_target_effective,2,S0,0,22,5,1,1,0,1,0,0,0,0,0,1,2
7752,attack,clean_target_ineffective,1,S0,0,23,0,1,1,1,0,0,0,0,0,1,0,1
7755,attack,clean_target_effective,2,S0,0,23,6,1,1,0,1,0,0,0,0,0,1,2
7756,attack,clean_target_effective,2,S0,0,23,2,1,1,0,1,0,0,0,0,0,1,2
7757,attack,clean_target_effective,2,S5,5,22,4,1,1,0,1,0,0,0,0,0,1,2
7758,attack,missed,0,S5,5,22,4,1,0,0,0,1,0,0,0,0,0,0
7764,attack,missed,0,S0,0,23,5,1,0,0,0,1,0,0,0,0,0,0
7766,attack,off_target,3,S5,5,22,6,1,0,0,0,0,1,0,0,0,0,0
7767,attack,off_target,3,S0,0,22,7,1,0,0,0,0,1,0,0,0,0,0
7768,attack,off_target,3,S5,5,23,3,1,0,0,0,0,1,0,0,0,0,0
7769,attack,clean_target_effective,2,S5,5,23,3,1,1,0,1,0,0,0,0,0,1,2
7778,attack,missed,0,S5,5,23,5,1,0,0,0,1,0,0,0,0,0,0
7785,attack,missed,0,S5,5,22,2,1,0,0,0,1,0,0,0,0,0,0
7788,attack,clean_target_ineffective,1,S5,5,23,1,1,1,1,0,0,0,0,0,1,0,1
7790,attack,multi_hit,4,S0,0,23,5,1,0,0,0,0,0,1,0,0,0,0
7791,attack,clean_target_ineffective,1,S0,0,22,7,1,1,1,0,0,0,0,0,1,0,1
7796,attack,missed,0,S5,5,23,0,1,0,0,0,1,0,0,0,0,0,0
7797,attack,clean_target_effective,2,S5,5,23,6,1,1,0,1,0,0,0,0,0,1,2
7799,attack,off_target,3,S5,5,23,4,1,0,0,0,0,1,0,0,0,0,0
7803,attack,missed,0,S5,5,22,6,1,0,0,0,1,0,0,0,0,0,0
7807,attack,missed,0,S0,0,22,6,1,0,0,0,1,0,0,0,0,0,0
7810,attack,missed,0,S0,0,22,4,1,0,0,0,1,0,0,0,0,0,0
7813,attack,clean_target_ineffective,1,S5,5,22,2,1,1,1,0,0,0,0,0,1,0,1
7822,attack,off_target,3,S5,5,22,1,1,0,0,0,0,1,0,0,0,0,0
7824,attack,clean_target_effective,2,S5,5,22,3,1,1,0,1,0,0,0,0,0,1,2
7826,attack,multi_hit,4,S0,0,22,6,1,0,0,0,0,0,1,0,0,0,0
7831,attack,missed,0,S0,0,22,1,1,0,0,0,1,0,0,0,0,0,0
7838,attack,missed,0,S5,5,22,3,1,0,0,0,1,0,0,0,0,0,0
7841,attack,off_target,3,S0,0,23,0,1,0,0,0,0,1,0,0,0,0,0
7845,attack,clean_target_ineffective,1,S0,0,23,1,1,1,1,0,0,0,0,0,1,0,1
7846,attack,missed,0,S0,0,23,3,1,0,0,0,1,0,0,0,0,0,0
7848,attack,clean_target_effective,2,S0,0,23,3,1,1,0,1,0,0,0,0,0,1,2
7853,attack,off_target,3,S0,0,23,3,1,0,0,0,0,1,0,0,0,0,0
7864,attack,clean_target_ineffective,1,S5,5,23,3,1,1,1,0,0,0,0,0,1,0,1
7866,attack,clean_target_effective,2,S5,5,23,0,1,1,0,1,0,0,0,0,0,1,2
7870,attack,multi_hit,4,S0,0,22,4,1,0,0,0,0,0,1,0,0,0,0
7872,attack,missed,0,S0,0,22,7,1,0,0,0,1,0,0,0,0,0,0
7873,attack,off_target,3,S5,5,23,0,1,0,0,0,0,1,0,0,0,0,0
7875,attack,clean_target_effective,2,S0,0,23,7,1,1,0,1,0,0,0,0,0,1,2
7876,attack,off_target,3,S5,5,22,2,1,0,0,0,0,1,0,0,0,0,0
7883,attack,missed,0,S0,0,22,4,1,0,0,0,1,0,0,0,0,0,0
7884,attack,missed,0,S0,0,22,1,1,0,0,0,1,0,0,0,0,0,0
7888,attack,missed,0,S0,0,22,0,1,0,0,0,1,0,0,0,0,0,0
7889,attack,clean_target_ineffective,1,S5,5,22,0,1,1,1,0,0,0,0,0,1,0,1
7891,attack,off_target,3,S5,5,23,1,1,0,0,0,0,1,0,0,0,0,0
7893,attack,clean_target_effective,2,S5,5,22,2,1,1,0,1,0,0,0,0,0,1,2
7895,attack,clean_target_effective,2,S0,0,22,6,1,1,0,1,0,0,0,0,0,1,2
7899,attack,clean_target_ineffective,1,S0,0,22,2,1,1,1,0,0,0,0,0,1,0,1
7900,attack,off_target,3,S0,0,22,0,1,0,0,0,0,1,0,0,0,0,0
7909,attack,missed,0,S0,0,22,7,1,0,0,0,1,0,0,0,0,0,0
7910,attack,clean_target_ineffective,1,S0,0,23,2,1,1,1,0,0,0,0,0,1,0,1
7913,attack,missed,0,S5,5,22,2,1,0,0,0,1,0,0,0,0,0,0
7914,attack,multi_hit,4,S5,5,22,4,1,0,0,0,0,0,1,0,0,0,0
7915,attack,off_target,3,S5,5,23,3,1,0,0,0,0,1,0,0,0,0,0
7922,attack,clean_target_ineffective,1,S0,0,22,3,1,1,1,0,0,0,0,0,1,0,1
7927,attack,multi_hit,4,S0,0,22,0,1,0,0,0,0,0,1,0,0,0,0
7929,attack,clean_target_effective,2,S0,0,22,5,1,1,0,1,0,0,0,0,0,1,2
7931,attack,clean_target_effective,2,S0,0,22,5,1,1,0,1,0,0,0,0,0,1,2
7932,attack,multi_hit,4,S0,0,23,1,1,0,0,0,0,0,1,0,0,0,0
7943,attack,missed,0,S5,5,23,0,1,0,0,0,1,0,0,0,0,0,0
7947,attack,missed,0,S0,0,23,3,1,0,0,0,1,0,0,0,0,0,0
7954,attack,clean_target_ineffective,1,S0,0,22,7,1,1,1,0,0,0,0,0,1,0,1
7971,attack,missed,0,S5,5,22,7,1,0,0,0,1,0,0,0,0,0,0
7974,attack,clean_target_effective,2,S0,0,23,3,1,1,0,1,0,0,0,0,0,1,2
7975,attack,clean_target_ineffective,1,S0,0,22,2,1,1,1,0,0,0,0,0,1,0,1
7978,attack,missed,0,S0,0,23,1,1,0,0,0,1,0,0,0,0,0,0
7985,attack,clean_target_ineffective,1,S5,5,22,7,1,1,1,0,0,0,0,0,1,0,1
7986,attack,off_target,3,S5,5,22,6,1,0,0,0,0,1,0,0,0,0,0
7987,attack,missed,0,S0,0,22,2,1,0,0,0,1,0,0,0,0,0,0
7994,attack,missed,0,S0,0,22,2,1,0,0,0,1,0,0,0,0,0,0
7996,attack,missed,0,S5,5,23,7,1,0,0,0,1,0,0,0,0,0,0
7997,attack,clean_target_effective,2,S0,0,23,0,1,1,0,1,0,0,0,0,0,1,2
8010,attack,clean_target_effective,2,S0,0,22,3,1,1,0,1,0,0,0,0,0,1,2
8015,attack,multi_hit,4,S0,0,22,7,1,0,0,0,0,0,1,0,0,0,0
8027,attack,multi_hit,4,S0,0,22,5,1,0,0,0,0,0,1,0,0,0,0
8044,attack,clean_target_effective,2,S5,5,22,4,1,1,0,1,0,0,0,0,0,1,2
8046,attack,missed,0,S5,5,22,0,1,0,0,0,1,0,0,0,0,0,0
8050,attack,clean_target_effective,2,S0,0,23,6,1,1,0,1,0,0,0,0,0,1,2
8054,attack,off_target,3,S5,5,22,5,1,0,0,0,0,1,0,0,0,0,0
8056,attack,missed,0,S5,5,22,3,1,0,0,0,1,0,0,0,0,0,0
8062,attack,off_target,3,S0,0,23,4,1,0,0,0,0,1,0,0,0,0,0
8064,attack,missed,0,S5,5,23,1,1,0,0,0,1,0,0,0,0,0,0
8066,attack,missed,0,S5,5,23,7,1,0,0,0,1,0,0,0,0,0,0
8067,attack,off_target,3,S5,5,22,3,1,0,0,0,0,1,0,0,0,0,0
8068,attack,clean_target_effective,2,S5,5,23,3,1,1,0,1,0,0,0,0,0,1,2
8069,attack,clean_target_effective,2,S0,0,23,5,1,1,0,1,0,0,0,0,0,1,2
8080,attack,clean_target_effective,2,S0,0,22,4,1,1,0,1,0,0,0,0,0,1,2
8081,attack,off_target,3,S5,5,23,4,1,0,0,0,0,1,0,0,0,0,0
8087,attack,multi_hit,4,S5,5,22,4,1,0,0,0,0,0,1,0,0,0,0
8089,attack,missed,0,S0,0,23,2,1,0,0,0,1,0,0,0,0,0,0
8097,attack,missed,0,S0,0,22,2,1,0,0,0,1,0,0,0,0,0,0
8104,attack,missed,0,S0,0,22,6,1,0,0,0,1,0,0,0,0,0,0
8106,attack,clean_target_effective,2,S5,5,23,5,1,1,0,1,0,0,0,0,0,1,2
8107,attack,clean_target_ineffective,1,S0,0,23,7,1,1,1,0,0,0,0,0,1,0,1
8114,attack,off_target,3,S0,0,22,7,1,0,0,0,0,1,0,0,0,0,0
8122,attack,clean_target_ineffective,1,S0,0,22,7,1,1,1,0,0,0,0,0,1,0,1
8127,attack,multi_hit,4,S5,5,23,0,1,0,0,0,0,0,1,0,0,0,0
8129,attack,clean_target_effective,2,S0,0,22,7,1,1,0,1,0,0,0,0,0,1,2
8131,attack,clean_target_ineffective,1,S0,0,23,2,1,1,1,0,0,0,0,0,1,0,1
8143,attack,clean_target_ineffective,1,S0,0,23,4,1,1,1,0,0,0,0,0,1,0,1
8150,attack,multi_hit,4,S0,0,23,3,1,0,0,0,0,0,1,0,0,0,0
8152,attack,clean_target_effective,2,S0,0,22,3,1,1,0,1,0,0,0,0,0,1,2
8155,attack,clean_target_effective,2,S0,0,23,7,1,1,0,1,0,0,0,0,0,1,2
8161,attack,missed,0,S0,0,23,3,1,0,0,0,1,0,0,0,0,0,0
8167,attack,missed,0,S5,5,23,7,1,0,0,0,1,0,0,0,0,0,0
8169,attack,multi_hit,4,S5,5,23,7,1,0,0,0,0,0,1,0,0,0,0
8171,attack,clean_target_effective,2,S5,5,23,3,1,1,0,1,0,0,0,0,0,1,2
8179,attack,multi_hit,4,S5,5,22,7,1,0,0,0,0,0,1,0,0,0,0
8181,attack,off_target,3,S0,0,22,0,1,0,0,0,0,1,0,0,0,0,0
8188,attack,off_target,3,S5,5,22,6,1,0,0,0,0,1,0,0,0,0,0
8189,attack,off_target,3,S5,5,23,5,1,0,0,0,0,1,0,0,0,0,0
8202,attack,missed,0,S0,0,22,3,1,0,0,0,1,0,0,0,0,0,0
8203,attack,off_target,3,S5,5,23,2,1,0,0,0,0,1,0,0,0,0,0
8212,attack,clean_target_effective,2,S5,5,22,3,1,1,0,1,0,0,0,0,0,1,2
8217,attack,clean_target_effective,2,S0,0,22,5,1,1,0,1,0,0,0,0,0,1,2
8227,attack,clean_target_effective,2,S5,5,23,1,1,1,0,1,0,0,0,0,0,1,2
8230,attack,clean_target_effective,2,S5,5,23,7,1,1,0,1,0,0,0,0,0,1,2
8232,attack,missed,0,S5,5,23,1,1,0,0,0,1,0,0,0,0,0,0
8239,attack,multi_hit,4,S0,0,23,0,1,0,0,0,0,0,1,0,0,0,0
8251,attack,clean_target_effective,2,S0,0,23,0,1,1,0,1,0,0,0,0,0,1,2
8254,attack,multi_hit,4,S0,0,23,0,1,0,0,0,0,0,1,0,0,0,0
8256,attack,clean_target_effective,2,S0,0,23,3,1,1,0,1,0,0,0,0,0,1,2
8258,attack,off_target,3,S0,0,23,2,1,0,0,0,0,1,0,0,0,0,0
8263,attack,clean_target_effective,2,S0,0,22,5,1,1,0,1,0,0,0,0,0,1,2
8265,attack,clean_target_ineffective,1,S5,5,22,3,1,1,1,0,0,0,0,0,1,0,1
8267,attack,clean_target_ineffective,1,S0,0,23,0,1,1,1,0,0,0,0,0,1,0,1
8277,attack,clean_target_ineffective,1,S5,5,22,3,1,1,1,0,0,0,0,0,1,0,1
8281,attack,clean_target_effective,2,S0,0,23,1,1,1,0,1,0,0,0,0,0,1,2
8285,attack,multi_hit,4,S0,0,22,2,1,0,0,0,0,0,1,0,0,0,0
8289,attack,invalid_reset,5,S5,5,23,0,0,0,0,0,0,0,0,1,0,0,0
8290,attack,missed,0,S5,5,23,3,1,0,0,0,1,0,0,0,0,0,0
8292,attack,missed,0,S5,5,23,5,1,0,0,0,1,0,0,0,0,0,0
8293,attack,off_target,3,S0,0,23,5,1,0,0,0,0,1,0,0,0,0,0
8306,attack,multi_hit,4,S5,5,23,2,1,0,0,0,0,0,1,0,0,0,0
8308,attack,missed,0,S0,0,23,2,1,0,0,0,1,0,0,0,0,0,0
8312,attack,missed,0,S5,5,23,7,1,0,0,0,1,0,0,0,0,0,0
8313,attack,missed,0,S0,0,22,3,1,0,0,0,1,0,0,0,0,0,0
8319,attack,clean_target_ineffective,1,S0,0,22,0,1,1,1,0,0,0,0,0,1,0,1
8322,attack,clean_target_effective,2,S5,5,22,2,1,1,0,1,0,0,0,0,0,1,2
8328,attack,clean_target_effective,2,S5,5,22,3,1,1,0,1,0,0,0,0,0,1,2
8332,attack,off_target,3,S5,5,22,6,1,0,0,0,0,1,0,0,0,0,0
8333,attack,off_target,3,S0,0,22,1,1,0,0,0,0,1,0,0,0,0,0
8334,attack,missed,0,S5,5,22,2,1,0,0,0,1,0,0,0,0,0,0
8336,attack,clean_target_ineffective,1,S5,5,22,7,1,1,1,0,0,0,0,0,1,0,1
8340,attack,clean_target_effective,2,S0,0,23,4,1,1,0,1,0,0,0,0,0,1,2
8341,attack,multi_hit,4,S5,5,22,0,1,0,0,0,0,0,1,0,0,0,0
8346,attack,missed,0,S0,0,22,2,1,0,0,0,1,0,0,0,0,0,0
8349,attack,missed,0,S0,0,22,5,1,0,0,0,1,0,0,0,0,0,0
8350,attack,multi_hit,4,S5,5,22,2,1,0,0,0,0,0,1,0,0,0,0
8351,attack,missed,0,S5,5,23,3,1,0,0,0,1,0,0,0,0,0,0
8356,attack,invalid_reset,5,S5,5,22,6,0,0,0,0,0,0,0,1,0,0,0
8357,attack,clean_target_effective,2,S5,5,23,3,1,1,0,1,0,0,0,0,0,1,2
8363,attack,missed,0,S0,0,22,5,1,0,0,0,1,0,0,0,0,0,0
8368,attack,off_target,3,S5,5,23,0,1,0,0,0,0,1,0,0,0,0,0
8369,attack,missed,0,S5,5,23,7,1,0,0,0,1,0,0,0,0,0,0
8383,attack,clean_target_ineffective,1,S5,5,22,4,1,1,1,0,0,0,0,0,1,0,1
8387,attack,missed,0,S5,5,22,5,1,0,0,0,1,0,0,0,0,0,0
8397,attack,multi_hit,4,S5,5,22,6,1,0,0,0,0,0,1,0,0,0,0
8399,attack,multi_hit,4,S5,5,23,6,1,0,0,0,0,0,1,0,0,0,0
8403,attack,off_target,3,S0,0,23,1,1,0,0,0,0,1,0,0,0,0,0
8405,attack,multi_hit,4,S0,0,23,7,1,0,0,0,0,0,1,0,0,0,0
8406,attack,multi_hit,4,S5,5,23,2,1,0,0,0,0,0,1,0,0,0,0
8410,attack,clean_target_effective,2,S0,0,22,2,1,1,0,1,0,0,0,0,0,1,2
8411,attack,invalid_reset,5,S0,0,23,1,0,0,0,0,0,0,0,1,0,0,0
8415,attack,clean_target_effective,2,S0,0,22,1,1,1,0,1,0,0,0,0,0,1,2
8424,attack,missed,0,S5,5,22,4,1,0,0,0,1,0,0,0,0,0,0
8425,attack,clean_target_ineffective,1,S5,5,23,0,1,1,1,0,0,0,0,0,1,0,1
8426,attack,invalid_reset,5,S0,0,22,5,0,0,0,0,0,0,0,1,0,0,0
8428,attack,missed,0,S0,0,22,7,1,0,0,0,1,0,0,0,0,0,0
8430,attack,clean_target_ineffective,1,S5,5,22,2,1,1,1,0,0,0,0,0,1,0,1
8432,attack,missed,0,S5,5,22,5,1,0,0,0,1,0,0,0,0,0,0
8433,attack,multi_hit,4,S0,0,22,4,1,0,0,0,0,0,1,0,0,0,0
8435,attack,missed,0,S0,0,23,7,1,0,0,0,1,0,0,0,0,0,0
8447,attack,clean_target_effective,2,S5,5,22,4,1,1,0,1,0,0,0,0,0,1,2
8451,attack,multi_hit,4,S0,0,23,5,1,0,0,0,0,0,1,0,0,0,0
8465,attack,missed,0,S0,0,22,2,1,0,0,0,1,0,0,0,0,0,0
8466,attack,missed,0,S5,5,22,7,1,0,0,0,1,0,0,0,0,0,0
8468,attack,off_target,3,S5,5,22,2,1,0,0,0,0,1,0,0,0,0,0
8470,attack,clean_target_ineffective,1,S0,0,22,7,1,1,1,0,0,0,0,0,1,0,1
8471,attack,off_target,3,S0,0,22,6,1,0,0,0,0,1,0,0,0,0,0
8472,attack,missed,0,S0,0,23,2,1,0,0,0,1,0,0,0,0,0,0
8473,attack,multi_hit,4,S0,0,23,0,1,0,0,0,0,0,1,0,0,0,0
8474,attack,multi_hit,4,S5,5,23,1,1,0,0,0,0,0,1,0,0,0,0
8480,attack,missed,0,S5,5,23,5,1,0,0,0,1,0,0,0,0,0,0
8486,attack,off_target,3,S5,5,22,0,1,0,0,0,0,1,0,0,0,0,0
8488,attack,off_target,3,S0,0,22,5,1,0,0,0,0,1,0,0,0,0,0
8491,attack,clean_target_ineffective,1,S0,0,23,3,1,1,1,0,0,0,0,0,1,0,1
8496,attack,invalid_reset,5,S0,0,22,2,0,0,0,0,0,0,0,1,0,0,0
8497,attack,clean_target_effective,2,S0,0,22,2,1,1,0,1,0,0,0,0,0,1,2
8499,attack,invalid_reset,5,S0,0,23,5,0,0,0,0,0,0,0,1,0,0,0
8501,attack,missed,0,S5,5,23,6,1,0,0,0,1,0,0,0,0,0,0
8502,attack,off_target,3,S0,0,22,5,1,0,0,0,0,1,0,0,0,0,0
8509,attack,multi_hit,4,S0,0,23,0,1,0,0,0,0,0,1,0,0,0,0
8510,attack,clean_target_effective,2,S5,5,23,3,1,1,0,1,0,0,0,0,0,1,2
8513,attack,off_target,3,S5,5,23,1,1,0,0,0,0,1,0,0,0,0,0
8516,attack,clean_target_effective,2,S0,0,22,6,1,1,0,1,0,0,0,0,0,1,2
8517,attack,clean_target_effective,2,S0,0,22,0,1,1,0,1,0,0,0,0,0,1,2
8525,attack,clean_target_effective,2,S5,5,23,1,1,1,0,1,0,0,0,0,0,1,2
8530,attack,missed,0,S0,0,23,3,1,0,0,0,1,0,0,0,0,0,0
8531,attack,clean_target_effective,2,S5,5,22,0,1,1,0,1,0,0,0,0,0,1,2
8532,attack,off_target,3,S5,5,22,6,1,0,0,0,0,1,0,0,0,0,0
8551,attack,off_target,3,S5,5,22,6,1,0,0,0,0,1,0,0,0,0,0
8554,attack,missed,0,S0,0,22,7,1,0,0,0,1,0,0,0,0,0,0
8557,attack,invalid_reset,5,S0,0,22,6,0,0,0,0,0,0,0,1,0,0,0
8563,attack,off_target,3,S0,0,23,3,1,0,0,0,0,1,0,0,0,0,0
8565,attack,clean_target_effective,2,S5,5,23,1,1,1,0,1,0,0,0,0,0,1,2
8570,attack,missed,0,S5,5,23,6,1,0,0,0,1,0,0,0,0,0,0
8575,attack,multi_hit,4,S5,5,23,7,1,0,0,0,0,0,1,0,0,0,0
8577,attack,off_target,3,S0,0,22,6,1,0,0,0,0,1,0,0,0,0,0
8583,attack,clean_target_effective,2,S5,5,23,2,1,1,0,1,0,0,0,0,0,1,2
8584,attack,invalid_reset,5,S0,0,22,2,0,0,0,0,0,0,0,1,0,0,0
8591,attack,clean_target_ineffective,1,S5,5,23,6,1,1,1,0,0,0,0,0,1,0,1
8602,attack,multi_hit,4,S5,5,22,4,1,0,0,0,0,0,1,0,0,0,0
8619,attack,missed,0,S5,5,23,7,1,0,0,0,1,0,0,0,0,0,0
8620,attack,clean_target_effective,2,S0,0,22,5,1,1,0,1,0,0,0,0,0,1,2
8621,attack,clean_target_effective,2,S5,5,23,1,1,1,0,1,0,0,0,0,0,1,2
8623,attack,missed,0,S0,0,22,3,1,0,0,0,1,0,0,0,0,0,0
8628,attack,missed,0,S5,5,22,0,1,0,0,0,1,0,0,0,0,0,0
8632,attack,off_target,3,S0,0,23,6,1,0,0,0,0,1,0,0,0,0,0
8635,attack,clean_target_effective,2,S5,5,22,7,1,1,0,1,0,0,0,0,0,1,2
8639,attack,clean_target_effective,2,S0,0,23,2,1,1,0,1,0,0,0,0,0,1,2
8642,attack,clean_target_effective,2,S5,5,23,6,1,1,0,1,0,0,0,0,0,1,2
8647,attack,off_target,3,S5,5,22,3,1,0,0,0,0,1,0,0,0,0,0
8651,attack,clean_target_ineffective,1,S0,0,22,5,1,1,1,0,0,0,0,0,1,0,1
8659,attack,missed,0,S0,0,23,5,1,0,0,0,1,0,0,0,0,0,0
8661,attack,missed,0,S5,5,22,1,1,0,0,0,1,0,0,0,0,0,0
8665,attack,multi_hit,4,S5,5,23,1,1,0,0,0,0,0,1,0,0,0,0
8666,attack,clean_target_effective,2,S0,0,23,5,1,1,0,1,0,0,0,0,0,1,2
8672,attack,missed,0,S5,5,23,0,1,0,0,0,1,0,0,0,0,0,0
8676,attack,missed,0,S5,5,22,6,1,0,0,0,1,0,0,0,0,0,0
8680,attack,missed,0,S0,0,22,6,1,0,0,0,1,0,0,0,0,0,0
8685,attack,off_target,3,S5,5,23,6,1,0,0,0,0,1,0,0,0,0,0
8689,attack,multi_hit,4,S0,0,22,3,1,0,0,0,0,0,1,0,0,0,0
8692,attack,clean_target_effective,2,S0,0,23,0,1,1,0,1,0,0,0,0,0,1,2
8701,attack,clean_target_ineffective,1,S0,0,23,6,1,1,1,0,0,0,0,0,1,0,1
8704,attack,clean_target_effective,2,S0,0,22,4,1,1,0,1,0,0,0,0,0,1,2
8714,attack,missed,0,S0,0,23,1,1,0,0,0,1,0,0,0,0,0,0
8719,attack,clean_target_effective,2,S5,5,22,3,1,1,0,1,0,0,0,0,0,1,2
8720,attack,invalid_reset,5,S5,5,22,3,0,0,0,0,0,0,0,1,0,0,0
8721,attack,multi_hit,4,S5,5,22,4,1,0,0,0,0,0,1,0,0,0,0
8723,attack,missed,0,S5,5,22,0,1,0,0,0,1,0,0,0,0,0,0
8727,attack,clean_target_effective,2,S0,0,23,7,1,1,0,1,0,0,0,0,0,1,2
8728,attack,multi_hit,4,S0,0,23,5,1,0,0,0,0,0,1,0,0,0,0
8731,attack,clean_target_effective,2,S5,5,22,1,1,1,0,1,0,0,0,0,0,1,2
8738,attack,clean_target_effective,2,S5,5,23,1,1,1,0,1,0,0,0,0,0,1,2
8739,attack,missed,0,S5,5,23,1,1,0,0,0,1,0,0,0,0,0,0
8743,attack,missed,0,S0,0,23,1,1,0,0,0,1,0,0,0,0,0,0
8746,attack,clean_target_effective,2,S5,5,22,6,1,1,0,1,0,0,0,0,0,1,2
8748,attack,off_target,3,S5,5,22,0,1,0,0,0,0,1,0,0,0,0,0
8751,attack,multi_hit,4,S5,5,22,1,1,0,0,0,0,0,1,0,0,0,0
8756,attack,multi_hit,4,S5,5,22,2,1,0,0,0,0,0,1,0,0,0,0
8759,attack,missed,0,S0,0,22,3,1,0,0,0,1,0,0,0,0,0,0
8760,attack,multi_hit,4,S5,5,23,7,1,0,0,0,0,0,1,0,0,0,0
8762,attack,clean_target_effective,2,S5,5,23,3,1,1,0,1,0,0,0,0,0,1,2
8770,attack,off_target,3,S5,5,23,4,1,0,0,0,0,1,0,0,0,0,0
8776,attack,invalid_reset,5,S0,0,23,4,0,0,0,0,0,0,0,1,0,0,0
8783,attack,clean_target_ineffective,1,S5,5,22,0,1,1,1,0,0,0,0,0,1,0,1
8785,attack,missed,0,S5,5,22,4,1,0,0,0,1,0,0,0,0,0,0
8792,attack,missed,0,S5,5,22,5,1,0,0,0,1,0,0,0,0,0,0
8793,attack,clean_target_effective,2,S5,5,22,3,1,1,0,1,0,0,0,0,0,1,2
8798,attack,off_target,3,S0,0,22,7,1,0,0,0,0,1,0,0,0,0,0
8808,attack,invalid_reset,5,S5,5,22,1,0,0,0,0,0,0,0,1,0,0,0
8814,attack,missed,0,S0,0,23,4,1,0,0,0,1,0,0,0,0,0,0
8821,attack,invalid_reset,5,S5,5,23,4,0,0,0,0,0,0,0,1,0,0,0
8823,attack,multi_hit,4,S0,0,23,1,1,0,0,0,0,0,1,0,0,0,0
8828,attack,clean_target_ineffective,1,S0,0,22,1,1,1,1,0,0,0,0,0,1,0,1
8837,attack,off_target,3,S5,5,22,7,1,0,0,0,0,1,0,0,0,0,0
8838,attack,clean_target_ineffective,1,S5,5,22,6,1,1,1,0,0,0,0,0,1,0,1
8848,attack,invalid_reset,5,S0,0,22,3,0,0,0,0,0,0,0,1,0,0,0
8854,attack,off_target,3,S5,5,22,1,1,0,0,0,0,1,0,0,0,0,0
8857,attack,missed,0,S0,0,23,1,1,0,0,0,1,0,0,0,0,0,0
8865,attack,missed,0,S0,0,23,5,1,0,0,0,1,0,0,0,0,0,0
8868,attack,missed,0,S5,5,22,2,1,0,0,0,1,0,0,0,0,0,0
8869,attack,off_target,3,S0,0,23,0,1,0,0,0,0,1,0,0,0,0,0
8872,attack,clean_target_ineffective,1,S5,5,22,1,1,1,1,0,0,0,0,0,1,0,1
8875,attack,invalid_reset,5,S5,5,23,1,0,0,0,0,0,0,0,1,0,0,0
8880,attack,clean_target_effective,2,S0,0,23,3,1,1,0,1,0,0,0,0,0,1,2
8881,attack,missed,0,S5,5,22,1,1,0,0,0,1,0,0,0,0,0,0
8882,attack,off_target,3,S5,5,22,6,1,0,0,0,0,1,0,0,0,0,0
8886,attack,off_target,3,S5,5,23,6,1,0,0,0,0,1,0,0,0,0,0
8887,attack,clean_target_effective,2,S5,5,23,0,1,1,0,1,0,0,0,0,0,1,2
8889,attack,missed,0,S5,5,22,3,1,0,0,0,1,0,0,0,0,0,0
8896,attack,off_target,3,S0,0,23,5,1,0,0,0,0,1,0,0,0,0,0
8905,attack,missed,0,S5,5,23,4,1,0,0,0,1,0,0,0,0,0,0
8906,attack,clean_target_effective,2,S0,0,22,5,1,1,0,1,0,0,0,0,0,1,2
8916,attack,off_target,3,S0,0,23,5,1,0,0,0,0,1,0,0,0,0,0
8920,attack,multi_hit,4,S5,5,22,2,1,0,0,0,0,0,1,0,0,0,0
8929,attack,clean_target_ineffective,1,S5,5,23,0,1,1,1,0,0,0,0,0,1,0,1
8930,attack,clean_target_ineffective,1,S5,5,22,7,1,1,1,0,0,0,0,0,1,0,1
8933,attack,invalid_reset,5,S5,5,22,6,0,0,0,0,0,0,0,1,0,0,0
8946,attack,clean_target_effective,2,S0,0,22,0,1,1,0,1,0,0,0,0,0,1,2
8950,attack,off_target,3,S5,5,22,7,1,0,0,0,0,1,0,0,0,0,0
8954,attack,clean_target_ineffective,1,S0,0,22,6,1,1,1,0,0,0,0,0,1,0,1
8957,attack,off_target,3,S5,5,22,1,1,0,0,0,0,1,0,0,0,0,0
8961,attack,multi_hit,4,S5,5,22,0,1,0,0,0,0,0,1,0,0,0,0
8963,attack,clean_target_effective,2,S5,5,23,1,1,1,0,1,0,0,0,0,0,1,2
8965,attack,missed,0,S5,5,23,7,1,0,0,0,1,0,0,0,0,0,0
8969,attack,multi_hit,4,S5,5,23,1,1,0,0,0,0,0,1,0,0,0,0
8974,attack,clean_target_effective,2,S0,0,22,4,1,1,0,1,0,0,0,0,0,1,2
8976,attack,clean_target_effective,2,S5,5,22,1,1,1,0,1,0,0,0,0,0,1,2
8985,attack,clean_target_effective,2,S5,5,23,6,1,1,0,1,0,0,0,0,0,1,2
8990,attack,clean_target_ineffective,1,S0,0,23,0,1,1,1,0,0,0,0,0,1,0,1
8992,attack,clean_target_effective,2,S0,0,22,6,1,1,0,1,0,0,0,0,0,1,2
9004,attack,clean_target_ineffective,1,S0,0,23,6,1,1,1,0,0,0,0,0,1,0,1
9005,attack,off_target,3,S5,5,23,5,1,0,0,0,0,1,0,0,0,0,0
9010,attack,missed,0,S0,0,22,7,1,0,0,0,1,0,0,0,0,0,0
9012,attack,missed,0,S5,5,23,2,1,0,0,0,1,0,0,0,0,0,0
9014,attack,missed,0,S0,0,23,7,1,0,0,0,1,0,0,0,0,0,0
9022,attack,missed,0,S5,5,22,3,1,0,0,0,1,0,0,0,0,0,0
9023,attack,missed,0,S5,5,22,1,1,0,0,0,1,0,0,0,0,0,0
9026,attack,invalid_reset,5,S5,5,23,1,0,0,0,0,0,0,0,1,0,0,0
9029,attack,clean_target_effective,2,S0,0,23,2,1,1,0,1,0,0,0,0,0,1,2
9030,attack,clean_target_effective,2,S0,0,22,7,1,1,0,1,0,0,0,0,0,1,2
9032,attack,multi_hit,4,S0,0,23,6,1,0,0,0,0,0,1,0,0,0,0
9035,attack,multi_hit,4,S5,5,23,5,1,0,0,0,0,0,1,0,0,0,0
9037,attack,clean_target_effective,2,S0,0,22,7,1,1,0,1,0,0,0,0,0,1,2
9041,attack,clean_target_effective,2,S5,5,22,4,1,1,0,1,0,0,0,0,0,1,2
9045,attack,clean_target_effective,2,S5,5,22,5,1,1,0,1,0,0,0,0,0,1,2
9047,attack,missed,0,S5,5,22,7,1,0,0,0,1,0,0,0,0,0,0
9048,attack,missed,0,S0,0,23,0,1,0,0,0,1,0,0,0,0,0,0
9049,attack,clean_target_ineffective,1,S5,5,22,6,1,1,1,0,0,0,0,0,1,0,1
9050,attack,multi_hit,4,S0,0,22,6,1,0,0,0,0,0,1,0,0,0,0
9057,attack,invalid_reset,5,S0,0,23,3,0,0,0,0,0,0,0,1,0,0,0
9060,attack,clean_target_effective,2,S0,0,23,1,1,1,0,1,0,0,0,0,0,1,2
9061,attack,missed,0,S0,0,23,6,1,0,0,0,1,0,0,0,0,0,0
9062,attack,invalid_reset,5,S0,0,22,4,0,0,0,0,0,0,0,1,0,0,0
9064,attack,missed,0,S0,0,22,3,1,0,0,0,1,0,0,0,0,0,0
9072,attack,missed,0,S5,5,23,5,1,0,0,0,1,0,0,0,0,0,0
9077,attack,missed,0,S0,0,22,5,1,0,0,0,1,0,0,0,0,0,0
9078,attack,missed,0,S5,5,22,4,1,0,0,0,1,0,0,0,0,0,0
9089,attack,multi_hit,4,S5,5,22,6,1,0,0,0,0,0,1,0,0,0,0
9094,attack,missed,0,S5,5,22,4,1,0,0,0,1,0,0,0,0,0,0
9102,attack,clean_target_effective,2,S0,0,22,7,1,1,0,1,0,0,0,0,0,1,2
9104,attack,clean_target_effective,2,S5,5,23,1,1,1,0,1,0,0,0,0,0,1,2
9105,attack,off_target,3,S5,5,23,3,1,0,0,0,0,1,0,0,0,0,0
9106,attack,clean_target_ineffective,1,S5,5,23,2,1,1,1,0,0,0,0,0,1,0,1
9112,attack,clean_target_effective,2,S0,0,22,1,1,1,0,1,0,0,0,0,0,1,2
9116,attack,multi_hit,4,S5,5,22,3,1,0,0,0,0,0,1,0,0,0,0
9119,attack,clean_target_ineffective,1,S5,5,23,2,1,1,1,0,0,0,0,0,1,0,1
9120,attack,clean_target_effective,2,S0,0,22,1,1,1,0,1,0,0,0,0,0,1,2
9123,attack,clean_target_effective,2,S0,0,23,0,1,1,0,1,0,0,0,0,0,1,2
9125,attack,invalid_reset,5,S0,0,23,0,0,0,0,0,0,0,0,1,0,0,0
9132,attack,invalid_reset,5,S0,0,22,5,0,0,0,0,0,0,0,1,0,0,0
9134,attack,clean_target_effective,2,S0,0,22,0,1,1,0,1,0,0,0,0,0,1,2
9138,attack,clean_target_ineffective,1,S5,5,23,7,1,1,1,0,0,0,0,0,1,0,1
9140,attack,multi_hit,4,S5,5,23,1,1,0,0,0,0,0,1,0,0,0,0
9148,attack,invalid_reset,5,S5,5,23,0,0,0,0,0,0,0,0,1,0,0,0
9150,attack,off_target,3,S0,0,23,4,1,0,0,0,0,1,0,0,0,0,0
9151,attack,clean_target_effective,2,S5,5,23,4,1,1,0,1,0,0,0,0,0,1,2
9153,attack,clean_target_effective,2,S0,0,22,7,1,1,0,1,0,0,0,0,0,1,2
9156,attack,missed,0,S5,5,23,6,1,0,0,0,1,0,0,0,0,0,0
9166,attack,clean_target_ineffective,1,S0,0,23,0,1,1,1,0,0,0,0,0,1,0,1
9171,attack,off_target,3,S0,0,22,0,1,0,0,0,0,1,0,0,0,0,0
9174,attack,clean_target_effective,2,S0,0,22,5,1,1,0,1,0,0,0,0,0,1,2
9177,attack,off_target,3,S0,0,22,7,1,0,0,0,0,1,0,0,0,0,0
9182,attack,clean_target_effective,2,S5,5,22,3,1,1,0,1,0,0,0,0,0,1,2
9188,attack,clean_target_ineffective,1,S0,0,22,4,1,1,1,0,0,0,0,0,1,0,1
9189,attack,missed,0,S5,5,22,3,1,0,0,0,1,0,0,0,0,0,0
9192,attack,off_target,3,S0,0,23,2,1,0,0,0,0,1,0,0,0,0,0
9194,attack,off_target,3,S5,5,23,0,1,0,0,0,0,1,0,0,0,0,0
9196,attack,clean_target_ineffective,1,S5,5,22,2,1,1,1,0,0,0,0,0,1,0,1
9198,attack,multi_hit,4,S5,5,23,4,1,0,0,0,0,0,1,0,0,0,0
9200,attack,missed,0,S0,0,23,5,1,0,0,0,1,0,0,0,0,0,0
9203,attack,missed,0,S0,0,23,0,1,0,0,0,1,0,0,0,0,0,0
9205,attack,clean_target_ineffective,1,S5,5,23,3,1,1,1,0,0,0,0,0,1,0,1
9206,attack,clean_target_effective,2,S0,0,22,0,1,1,0,1,0,0,0,0,0,1,2
9208,attack,clean_target_effective,2,S5,5,23,4,1,1,0,1,0,0,0,0,0,1,2
9214,attack,clean_target_effective,2,S0,0,23,3,1,1,0,1,0,0,0,0,0,1,2
9215,attack,clean_target_ineffective,1,S0,0,23,0,1,1,1,0,0,0,0,0,1,0,1
9217,attack,clean_target_effective,2,S0,0,22,4,1,1,0,1,0,0,0,0,0,1,2
9220,attack,missed,0,S5,5,23,1,1,0,0,0,1,0,0,0,0,0,0
9223,attack,missed,0,S5,5,23,7,1,0,0,0,1,0,0,0,0,0,0
9228,attack,missed,0,S0,0,22,3,1,0,0,0,1,0,0,0,0,0,0
9232,attack,off_target,3,S0,0,23,5,1,0,0,0,0,1,0,0,0,0,0
9239,attack,clean_target_effective,2,S0,0,22,5,1,1,0,1,0,0,0,0,0,1,2
9242,attack,clean_target_effective,2,S0,0,22,3,1,1,0,1,0,0,0,0,0,1,2
9248,attack,clean_target_ineffective,1,S5,5,23,7,1,1,1,0,0,0,0,0,1,0,1
9253,attack,multi_hit,4,S5,5,22,4,1,0,0,0,0,0,1,0,0,0,0
9254,attack,off_target,3,S5,5,23,6,1,0,0,0,0,1,0,0,0,0,0
9257,attack,off_target,3,S5,5,22,3,1,0,0,0,0,1,0,0,0,0,0
9259,attack,clean_target_effective,2,S0,0,22,1,1,1,0,1,0,0,0,0,0,1,2
9265,attack,missed,0,S0,0,22,0,1,0,0,0,1,0,0,0,0,0,0
9268,attack,invalid_reset,5,S5,5,23,7,0,0,0,0,0,0,0,1,0,0,0
9272,attack,clean_target_effective,2,S0,0,22,1,1,1,0,1,0,0,0,0,0,1,2
9273,attack,off_target,3,S0,0,22,5,1,0,0,0,0,1,0,0,0,0,0
9274,attack,missed,0,S0,0,22,1,1,0,0,0,1,0,0,0,0,0,0
9283,attack,off_target,3,S5,5,23,0,1,0,0,0,0,1,0,0,0,0,0
9288,attack,missed,0,S5,5,23,6,1,0,0,0,1,0,0,0,0,0,0
9289,attack,missed,0,S5,5,23,7,1,0,0,0,1,0,0,0,0,0,0
9292,attack,missed,0,S5,5,23,0,1,0,0,0,1,0,0,0,0,0,0
9296,attack,off_target,3,S5,5,23,2,1,0,0,0,0,1,0,0,0,0,0
9298,attack,clean_target_effective,2,S0,0,23,1,1,1,0,1,0,0,0,0,0,1,2
9304,attack,clean_target_ineffective,1,S0,0,23,3,1,1,1,0,0,0,0,0,1,0,1
9307,attack,clean_target_effective,2,S5,5,23,3,1,1,0,1,0,0,0,0,0,1,2
9310,attack,clean_target_effective,2,S5,5,22,5,1,1,0,1,0,0,0,0,0,1,2
9318,attack,clean_target_ineffective,1,S0,0,22,5,1,1,1,0,0,0,0,0,1,0,1
9320,attack,clean_target_effective,2,S5,5,22,7,1,1,0,1,0,0,0,0,0,1,2
9322,attack,clean_target_effective,2,S0,0,22,6,1,1,0,1,0,0,0,0,0,1,2
9324,attack,clean_target_effective,2,S5,5,22,2,1,1,0,1,0,0,0,0,0,1,2
9327,attack,off_target,3,S0,0,22,3,1,0,0,0,0,1,0,0,0,0,0
9334,attack,clean_target_ineffective,1,S0,0,23,4,1,1,1,0,0,0,0,0,1,0,1
9335,attack,clean_target_effective,2,S0,0,23,0,1,1,0,1,0,0,0,0,0,1,2
9337,attack,missed,0,S0,0,22,3,1,0,0,0,1,0,0,0,0,0,0
9341,attack,clean_target_ineffective,1,S5,5,23,0,1,1,1,0,0,0,0,0,1,0,1
9343,attack,missed,0,S5,5,22,6,1,0,0,0,1,0,0,0,0,0,0
9346,attack,clean_target_ineffective,1,S5,5,22,2,1,1,1,0,0,0,0,0,1,0,1
9351,attack,missed,0,S5,5,22,4,1,0,0,0,1,0,0,0,0,0,0
9354,attack,clean_target_effective,2,S0,0,23,6,1,1,0,1,0,0,0,0,0,1,2
9356,attack,clean_target_ineffective,1,S5,5,22,5,1,1,1,0,0,0,0,0,1,0,1
9360,attack,missed,0,S0,0,23,5,1,0,0,0,1,0,0,0,0,0,0
9371,attack,invalid_reset,5,S0,0,22,2,0,0,0,0,0,0,0,1,0,0,0
9374,attack,missed,0,S0,0,22,6,1,0,0,0,1,0,0,0,0,0,0
9382,attack,multi_hit,4,S5,5,22,7,1,0,0,0,0,0,1,0,0,0,0
9392,attack,off_target,3,S5,5,22,1,1,0,0,0,0,1,0,0,0,0,0
9396,attack,missed,0,S0,0,22,2,1,0,0,0,1,0,0,0,0,0,0
9399,attack,missed,0,S5,5,22,2,1,0,0,0,1,0,0,0,0,0,0
9400,attack,multi_hit,4,S5,5,23,5,1,0,0,0,0,0,1,0,0,0,0
9405,attack,missed,0,S0,0,23,6,1,0,0,0,1,0,0,0,0,0,0
9416,attack,missed,0,S0,0,22,4,1,0,0,0,1,0,0,0,0,0,0
9428,attack,invalid_reset,5,S5,5,22,5,0,0,0,0,0,0,0,1,0,0,0
9429,attack,missed,0,S0,0,23,6,1,0,0,0,1,0,0,0,0,0,0
9435,attack,missed,0,S5,5,23,3,1,0,0,0,1,0,0,0,0,0,0
9436,attack,clean_target_effective,2,S5,5,23,3,1,1,0,1,0,0,0,0,0,1,2
9438,attack,clean_target_effective,2,S5,5,23,3,1,1,0,1,0,0,0,0,0,1,2
9439,attack,multi_hit,4,S0,0,22,6,1,0,0,0,0,0,1,0,0,0,0
9443,attack,multi_hit,4,S0,0,23,0,1,0,0,0,0,0,1,0,0,0,0
9446,attack,missed,0,S0,0,22,2,1,0,0,0,1,0,0,0,0,0,0
9447,attack,missed,0,S5,5,22,3,1,0,0,0,1,0,0,0,0,0,0
9456,attack,clean_target_effective,2,S5,5,23,4,1,1,0,1,0,0,0,0,0,1,2
9457,attack,off_target,3,S5,5,23,5,1,0,0,0,0,1,0,0,0,0,0
9462,attack,clean_target_ineffective,1,S0,0,23,7,1,1,1,0,0,0,0,0,1,0,1
9464,attack,missed,0,S0,0,22,0,1,0,0,0,1,0,0,0,0,0,0
9465,attack,clean_target_ineffective,1,S5,5,22,4,1,1,1,0,0,0,0,0,1,0,1
9467,attack,clean_target_ineffective,1,S0,0,23,7,1,1,1,0,0,0,0,0,1,0,1
9474,attack,missed,0,S5,5,23,0,1,0,0,0,1,0,0,0,0,0,0
9477,attack,clean_target_effective,2,S5,5,22,7,1,1,0,1,0,0,0,0,0,1,2
9487,attack,multi_hit,4,S0,0,23,6,1,0,0,0,0,0,1,0,0,0,0
9488,attack,multi_hit,4,S0,0,22,7,1,0,0,0,0,0,1,0,0,0,0
9492,attack,multi_hit,4,S5,5,23,3,1,0,0,0,0,0,1,0,0,0,0
9493,attack,off_target,3,S5,5,22,5,1,0,0,0,0,1,0,0,0,0,0
9496,attack,missed,0,S5,5,23,4,1,0,0,0,1,0,0,0,0,0,0
9498,attack,missed,0,S5,5,23,2,1,0,0,0,1,0,0,0,0,0,0
9500,attack,missed,0,S0,0,23,2,1,0,0,0,1,0,0,0,0,0,0
9502,attack,clean_target_effective,2,S5,5,22,3,1,1,0,1,0,0,0,0,0,1,2
9512,attack,off_target,3,S0,0,22,2,1,0,0,0,0,1,0,0,0,0,0
9516,attack,clean_target_ineffective,1,S5,5,22,7,1,1,1,0,0,0,0,0,1,0,1
9520,attack,clean_target_ineffective,1,S5,5,22,5,1,1,1,0,0,0,0,0,1,0,1
9522,attack,missed,0,S0,0,22,6,1,0,0,0,1,0,0,0,0,0,0
9523,attack,clean_target_effective,2,S5,5,22,7,1,1,0,1,0,0,0,0,0,1,2
9524,attack,clean_target_effective,2,S0,0,23,3,1,1,0,1,0,0,0,0,0,1,2
9526,attack,missed,0,S5,5,22,4,1,0,0,0,1,0,0,0,0,0,0
9536,attack,missed,0,S5,5,23,0,1,0,0,0,1,0,0,0,0,0,0
9538,attack,clean_target_effective,2,S0,0,22,1,1,1,0,1,0,0,0,0,0,1,2
9539,attack,missed,0,S5,5,22,4,1,0,0,0,1,0,0,0,0,0,0
9541,attack,clean_target_effective,2,S0,0,22,3,1,1,0,1,0,0,0,0,0,1,2
9542,attack,off_target,3,S0,0,22,3,1,0,0,0,0,1,0,0,0,0,0
9544,attack,missed,0,S0,0,23,1,1,0,0,0,1,0,0,0,0,0,0
9548,attack,clean_target_effective,2,S5,5,22,0,1,1,0,1,0,0,0,0,0,1,2
9553,attack,clean_target_effective,2,S0,0,23,7,1,1,0,1,0,0,0,0,0,1,2
9554,attack,invalid_reset,5,S0,0,23,0,0,0,0,0,0,0,0,1,0,0,0
9564,attack,clean_target_effective,2,S5,5,23,3,1,1,0,1,0,0,0,0,0,1,2
9565,attack,multi_hit,4,S0,0,23,0,1,0,0,0,0,0,1,0,0,0,0
9568,attack,clean_target_effective,2,S5,5,22,4,1,1,0,1,0,0,0,0,0,1,2
9576,attack,invalid_reset,5,S0,0,22,3,0,0,0,0,0,0,0,1,0,0,0
9578,attack,multi_hit,4,S0,0,22,3,1,0,0,0,0,0,1,0,0,0,0
9579,attack,clean_target_effective,2,S0,0,22,5,1,1,0,1,0,0,0,0,0,1,2
9582,attack,missed,0,S0,0,23,2,1,0,0,0,1,0,0,0,0,0,0
9587,attack,multi_hit,4,S0,0,23,3,1,0,0,0,0,0,1,0,0,0,0
9595,attack,invalid_reset,5,S5,5,23,2,0,0,0,0,0,0,0,1,0,0,0
9596,attack,off_target,3,S5,5,23,4,1,0,0,0,0,1,0,0,0,0,0
9597,attack,off_target,3,S5,5,23,1,1,0,0,0,0,1,0,0,0,0,0
9600,attack,invalid_reset,5,S0,0,23,4,0,0,0,0,0,0,0,1,0,0,0
9603,attack,invalid_reset,5,S5,5,23,6,0,0,0,0,0,0,0,1,0,0,0
9604,attack,clean_target_effective,2,S5,5,22,7,1,1,0,1,0,0,0,0,0,1,2
9608,attack,missed,0,S5,5,23,6,1,0,0,0,1,0,0,0,0,0,0
9609,attack,missed,0,S0,0,23,6,1,0,0,0,1,0,0,0,0,0,0
9611,attack,multi_hit,4,S5,5,22,4,1,0,0,0,0,0,1,0,0,0,0
9615,attack,missed,0,S0,0,22,1,1,0,0,0,1,0,0,0,0,0,0
9617,attack,multi_hit,4,S0,0,22,5,1,0,0,0,0,0,1,0,0,0,0
9618,attack,off_target,3,S5,5,22,5,1,0,0,0,0,1,0,0,0,0,0
9620,attack,invalid_reset,5,S5,5,22,6,0,0,0,0,0,0,0,1,0,0,0
9622,attack,missed,0,S5,5,23,4,1,0,0,0,1,0,0,0,0,0,0
9633,attack,clean_target_effective,2,S5,5,22,1,1,1,0,1,0,0,0,0,0,1,2
9641,attack,clean_target_ineffective,1,S0,0,23,5,1,1,1,0,0,0,0,0,1,0,1
9642,attack,clean_target_effective,2,S5,5,23,3,1,1,0,1,0,0,0,0,0,1,2
9643,attack,multi_hit,4,S5,5,22,7,1,0,0,0,0,0,1,0,0,0,0
9644,attack,missed,0,S5,5,23,3,1,0,0,0,1,0,0,0,0,0,0
9650,attack,off_target,3,S5,5,22,7,1,0,0,0,0,1,0,0,0,0,0
9654,attack,invalid_reset,5,S5,5,23,6,0,0,0,0,0,0,0,1,0,0,0
9656,attack,missed,0,S0,0,22,4,1,0,0,0,1,0,0,0,0,0,0
9657,attack,clean_target_effective,2,S5,5,22,7,1,1,0,1,0,0,0,0,0,1,2
9659,attack,multi_hit,4,S0,0,22,7,1,0,0,0,0,0,1,0,0,0,0
9669,attack,multi_hit,4,S5,5,22,3,1,0,0,0,0,0,1,0,0,0,0
9673,attack,clean_target_effective,2,S0,0,22,0,1,1,0,1,0,0,0,0,0,1,2
9675,attack,clean_target_ineffective,1,S5,5,23,0,1,1,1,0,0,0,0,0,1,0,1
9677,attack,multi_hit,4,S0,0,23,1,1,0,0,0,0,0,1,0,0,0,0
9682,attack,clean_target_effective,2,S0,0,23,2,1,1,0,1,0,0,0,0,0,1,2
9684,attack,missed,0,S0,0,23,1,1,0,0,0,1,0,0,0,0,0,0
9688,attack,clean_target_effective,2,S0,0,22,3,1,1,0,1,0,0,0,0,0,1,2
9691,attack,missed,0,S5,5,23,2,1,0,0,0,1,0,0,0,0,0,0
9693,attack,clean_target_ineffective,1,S5,5,23,1,1,1,1,0,0,0,0,0,1,0,1
9694,attack,clean_target_effective,2,S5,5,23,3,1,1,0,1,0,0,0,0,0,1,2
9696,attack,clean_target_effective,2,S0,0,22,5,1,1,0,1,0,0,0,0,0,1,2
9698,attack,missed,0,S0,0,22,0,1,0,0,0,1,0,0,0,0,0,0
9702,attack,clean_target_effective,2,S5,5,22,2,1,1,0,1,0,0,0,0,0,1,2
9703,attack,missed,0,S0,0,23,0,1,0,0,0,1,0,0,0,0,0,0
9705,attack,missed,0,S5,5,22,3,1,0,0,0,1,0,0,0,0,0,0
9710,attack,off_target,3,S0,0,23,6,1,0,0,0,0,1,0,0,0,0,0
9714,attack,missed,0,S0,0,22,2,1,0,0,0,1,0,0,0,0,0,0
9715,attack,invalid_reset,5,S0,0,22,2,0,0,0,0,0,0,0,1,0,0,0
9721,attack,multi_hit,4,S5,5,22,1,1,0,0,0,0,0,1,0,0,0,0
9729,attack,multi_hit,4,S5,5,23,5,1,0,0,0,0,0,1,0,0,0,0
9733,attack,clean_target_effective,2,S0,0,22,4,1,1,0,1,0,0,0,0,0,1,2
9735,attack,multi_hit,4,S0,0,23,0,1,0,0,0,0,0,1,0,0,0,0
9736,attack,missed,0,S0,0,23,7,1,0,0,0,1,0,0,0,0,0,0
9742,attack,clean_target_effective,2,S0,0,23,0,1,1,0,1,0,0,0,0,0,1,2
9743,attack,missed,0,S0,0,23,7,1,0,0,0,1,0,0,0,0,0,0
9751,attack,clean_target_effective,2,S5,5,22,5,1,1,0,1,0,0,0,0,0,1,2
9753,attack,off_target,3,S5,5,23,5,1,0,0,0,0,1,0,0,0,0,0
9754,attack,off_target,3,S5,5,23,4,1,0,0,0,0,1,0,0,0,0,0
9763,attack,off_target,3,S0,0,22,0,1,0,0,0,0,1,0,0,0,0,0
9771,attack,clean_target_effective,2,S5,5,23,5,1,1,0,1,0,0,0,0,0,1,2
9776,attack,missed,0,S0,0,23,6,1,0,0,0,1,0,0,0,0,0,0
9777,attack,clean_target_ineffective,1,S0,0,23,4,1,1,1,0,0,0,0,0,1,0,1
9778,attack,multi_hit,4,S5,5,22,7,1,0,0,0,0,0,1,0,0,0,0
9780,attack,off_target,3,S5,5,23,4,1,0,0,0,0,1,0,0,0,0,0
9783,attack,missed,0,S0,0,22,4,1,0,0,0,1,0,0,0,0,0,0
9788,attack,missed,0,S5,5,23,6,1,0,0,0,1,0,0,0,0,0,0
9793,attack,off_target,3,S5,5,22,0,1,0,0,0,0,1,0,0,0,0,0
9794,attack,clean_target_effective,2,S5,5,23,0,1,1,0,1,0,0,0,0,0,1,2
9795,attack,off_target,3,S0,0,23,5,1,0,0,0,0,1,0,0,0,0,0
9796,attack,off_target,3,S0,0,23,5,1,0,0,0,0,1,0,0,0,0,0
9797,attack,missed,0,S0,0,23,7,1,0,0,0,1,0,0,0,0,0,0
9798,attack,multi_hit,4,S0,0,22,5,1,0,0,0,0,0,1,0,0,0,0
9804,attack,clean_target_ineffective,1,S0,0,22,3,1,1,1,0,0,0,0,0,1,0,1
9806,attack,missed,0,S5,5,22,7,1,0,0,0,1,0,0,0,0,0,0
9810,attack,clean_target_ineffective,1,S5,5,22,4,1,1,1,0,0,0,0,0,1,0,1
9811,attack,clean_target_ineffective,1,S0,0,23,1,1,1,1,0,0,0,0,0,1,0,1
9814,attack,missed,0,S0,0,23,6,1,0,0,0,1,0,0,0,0,0,0
9833,attack,missed,0,S0,0,23,0,1,0,0,0,1,0,0,0,0,0,0
9835,attack,missed,0,S0,0,23,2,1,0,0,0,1,0,0,0,0,0,0
9836,attack,clean_target_ineffective,1,S0,0,23,5,1,1,1,0,0,0,0,0,1,0,1
9843,attack,clean_target_effective,2,S0,0,23,2,1,1,0,1,0,0,0,0,0,1,2
9845,attack,clean_target_effective,2,S5,5,23,7,1,1,0,1,0,0,0,0,0,1,2
9849,attack,clean_target_ineffective,1,S5,5,23,2,1,1,1,0,0,0,0,0,1,0,1
9852,attack,clean_target_effective,2,S0,0,22,3,1,1,0,1,0,0,0,0,0,1,2
9854,attack,off_target,3,S5,5,23,1,1,0,0,0,0,1,0,0,0,0,0
9859,attack,clean_target_effective,2,S5,5,22,2,1,1,0,1,0,0,0,0,0,1,2
9861,attack,clean_target_ineffective,1,S5,5,22,2,1,1,1,0,0,0,0,0,1,0,1
9864,attack,clean_target_ineffective,1,S5,5,22,3,1,1,1,0,0,0,0,0,1,0,1
9868,attack,clean_target_effective,2,S5,5,22,0,1,1,0,1,0,0,0,0,0,1,2
9873,attack,clean_target_ineffective,1,S5,5,23,5,1,1,1,0,0,0,0,0,1,0,1
9886,attack,clean_target_ineffective,1,S5,5,22,6,1,1,1,0,0,0,0,0,1,0,1
9887,attack,multi_hit,4,S5,5,23,3,1,0,0,0,0,0,1,0,0,0,0
9890,attack,clean_target_effective,2,S5,5,23,3,1,1,0,1,0,0,0,0,0,1,2
9892,attack,off_target,3,S0,0,22,2,1,0,0,0,0,1,0,0,0,0,0
9903,attack,off_target,3,S5,5,22,7,1,0,0,0,0,1,0,0,0,0,0
9908,attack,missed,0,S0,0,23,5,1,0,0,0,1,0,0,0,0,0,0
9920,attack,invalid_reset,5,S0,0,22,4,0,0,0,0,0,0,0,1,0,0,0
9923,attack,clean_target_effective,2,S0,0,22,3,1,1,0,1,0,0,0,0,0,1,2
9939,attack,off_target,3,S5,5,23,0,1,0,0,0,0,1,0,0,0,0,0
9944,attack,off_target,3,S5,5,23,4,1,0,0,0,0,1,0,0,0,0,0
9953,attack,missed,0,S0,0,23,0,1,0,0,0,1,0,0,0,0,0,0
9958,attack,off_target,3,S5,5,22,1,1,0,0,0,0,1,0,0,0,0,0
9961,attack,clean_target_effective,2,S0,0,22,4,1,1,0,1,0,0,0,0,0,1,2
9964,attack,missed,0,S5,5,22,6,1,0,0,0,1,0,0,0,0,0,0
9967,attack,clean_target_ineffective,1,S5,5,23,1,1,1,1,0,0,0,0,0,1,0,1
9972,attack,missed,0,S5,5,23,6,1,0,0,0,1,0,0,0,0,0,0
9973,attack,missed,0,S5,5,22,3,1,0,0,0,1,0,0,0,0,0,0
9974,attack,clean_target_effective,2,S0,0,22,2,1,1,0,1,0,0,0,0,0,1,2
9979,attack,missed,0,S5,5,23,5,1,0,0,0,1,0,0,0,0,0,0
9986,attack,clean_target_effective,2,S5,5,23,1,1,1,0,1,0,0,0,0,0,1,2
9989,attack,off_target,3,S5,5,22,2,1,0,0,0,0,1,0,0,0,0,0
9995,attack,clean_target_effective,2,S5,5,23,2,1,1,0,1,0,0,0,0,0,1,2
9997,attack,missed,0,S5,5,23,3,1,0,0,0,1,0,0,0,0,0,0
9998,attack,missed,0,S5,5,22,1,1,0,0,0,1,0,0,0,0,0,0
10000,attack,off_target,3,S5,5,23,4,1,0,0,0,0,1,0,0,0,0,0
10002,attack,missed,0,S0,0,23,2,1,0,0,0,1,0,0,0,0,0,0
10003,attack,missed,0,S0,0,23,3,1,0,0,0,1,0,0,0,0,0,0
10009,attack,invalid_reset,5,S5,5,23,1,0,0,0,0,0,0,0,1,0,0,0
10013,attack,multi_hit,4,S5,5,22,4,1,0,0,0,0,0,1,0,0,0,0
10014,attack,missed,0,S0,0,22,3,1,0,0,0,1,0,0,0,0,0,0
10019,attack,clean_target_effective,2,S5,5,23,4,1,1,0,1,0,0,0,0,0,1,2
10021,attack,clean_target_effective,2,S5,5,22,0,1,1,0,1,0,0,0,0,0,1,2
10023,attack,clean_target_effective,2,S5,5,23,3,1,1,0,1,0,0,0,0,0,1,2
10025,attack,clean_target_effective,2,S0,0,22,4,1,1,0,1,0,0,0,0,0,1,2
10027,attack,clean_target_ineffective,1,S5,5,22,5,1,1,1,0,0,0,0,0,1,0,1
10030,attack,missed,0,S5,5,22,5,1,0,0,0,1,0,0,0,0,0,0
10031,attack,missed,0,S0,0,23,6,1,0,0,0,1,0,0,0,0,0,0
10039,attack,missed,0,S0,0,23,1,1,0,0,0,1,0,0,0,0,0,0
10047,attack,clean_target_ineffective,1,S0,0,23,7,1,1,1,0,0,0,0,0,1,0,1
10049,attack,off_target,3,S5,5,23,4,1,0,0,0,0,1,0,0,0,0,0
10057,attack,off_target,3,S0,0,23,2,1,0,0,0,0,1,0,0,0,0,0
10063,attack,clean_target_effective,2,S0,0,23,1,1,1,0,1,0,0,0,0,0,1,2
10065,attack,invalid_reset,5,S5,5,22,7,0,0,0,0,0,0,0,1,0,0,0
10067,attack,multi_hit,4,S5,5,23,7,1,0,0,0,0,0,1,0,0,0,0
10068,attack,invalid_reset,5,S0,0,22,3,0,0,0,0,0,0,0,1,0,0,0
10069,attack,clean_target_effective,2,S5,5,23,6,1,1,0,1,0,0,0,0,0,1,2
10071,attack,missed,0,S0,0,23,1,1,0,0,0,1,0,0,0,0,0,0
10074,attack,off_target,3,S5,5,22,6,1,0,0,0,0,1,0,0,0,0,0
10075,attack,missed,0,S0,0,22,0,1,0,0,0,1,0,0,0,0,0,0
10090,attack,clean_target_effective,2,S0,0,23,2,1,1,0,1,0,0,0,0,0,1,2
10091,attack,missed,0,S0,0,23,6,1,0,0,0,1,0,0,0,0,0,0
10096,attack,off_target,3,S5,5,22,0,1,0,0,0,0,1,0,0,0,0,0
10098,attack,missed,0,S5,5,22,0,1,0,0,0,1,0,0,0,0,0,0
10104,attack,clean_target_effective,2,S0,0,22,7,1,1,0,1,0,0,0,0,0,1,2
10107,attack,off_target,3,S5,5,23,7,1,0,0,0,0,1,0,0,0,0,0
10110,attack,clean_target_ineffective,1,S5,5,23,1,1,1,1,0,0,0,0,0,1,0,1
10111,attack,invalid_reset,5,S5,5,23,7,0,0,0,0,0,0,0,1,0,0,0
10114,attack,clean_target_ineffective,1,S5,5,23,6,1,1,1,0,0,0,0,0,1,0,1
10115,attack,clean_target_effective,2,S0,0,22,1,1,1,0,1,0,0,0,0,0,1,2
10131,attack,off_target,3,S0,0,23,2,1,0,0,0,0,1,0,0,0,0,0
10132,attack,multi_hit,4,S5,5,22,7,1,0,0,0,0,0,1,0,0,0,0
10145,attack,clean_target_effective,2,S5,5,22,5,1,1,0,1,0,0,0,0,0,1,2
10150,attack,off_target,3,S5,5,23,6,1,0,0,0,0,1,0,0,0,0,0
10151,attack,off_target,3,S5,5,23,6,1,0,0,0,0,1,0,0,0,0,0
10154,attack,missed,0,S0,0,22,2,1,0,0,0,1,0,0,0,0,0,0
10170,attack,clean_target_effective,2,S0,0,23,6,1,1,0,1,0,0,0,0,0,1,2
10172,attack,multi_hit,4,S5,5,22,0,1,0,0,0,0,0,1,0,0,0,0
10175,attack,missed,0,S5,5,22,4,1,0,0,0,1,0,0,0,0,0,0
10178,attack,missed,0,S0,0,23,2,1,0,0,0,1,0,0,0,0,0,0
10180,attack,missed,0,S0,0,22,7,1,0,0,0,1,0,0,0,0,0,0
10182,attack,missed,0,S0,0,23,0,1,0,0,0,1,0,0,0,0,0,0
10184,attack,off_target,3,S5,5,23,6,1,0,0,0,0,1,0,0,0,0,0
10188,attack,off_target,3,S0,0,22,3,1,0,0,0,0,1,0,0,0,0,0
10192,attack,clean_target_effective,2,S5,5,23,2,1,1,0,1,0,0,0,0,0,1,2
10199,attack,missed,0,S5,5,22,6,1,0,0,0,1,0,0,0,0,0,0
10202,attack,off_target,3,S5,5,22,7,1,0,0,0,0,1,0,0,0,0,0
10207,attack,clean_target_effective,2,S5,5,22,6,1,1,0,1,0,0,0,0,0,1,2
10208,attack,missed,0,S5,5,23,0,1,0,0,0,1,0,0,0,0,0,0
10211,attack,off_target,3,S0,0,23,6,1,0,0,0,0,1,0,0,0,0,0
10221,attack,missed,0,S5,5,22,1,1,0,0,0,1,0,0,0,0,0,0
10225,attack,clean_target_ineffective,1,S0,0,23,6,1,1,1,0,0,0,0,0,1,0,1
10228,attack,off_target,3,S0,0,22,0,1,0,0,0,0,1,0,0,0,0,0
10229,attack,clean_target_effective,2,S0,0,22,1,1,1,0,1,0,0,0,0,0,1,2
10230,attack,clean_target_effective,2,S5,5,23,1,1,1,0,1,0,0,0,0,0,1,2
10233,attack,missed,0,S0,0,22,1,1,0,0,0,1,0,0,0,0,0,0
10237,attack,clean_target_effective,2,S0,0,22,7,1,1,0,1,0,0,0,0,0,1,2
10240,attack,clean_target_effective,2,S0,0,22,6,1,1,0,1,0,0,0,0,0,1,2
10241,attack,off_target,3,S5,5,23,5,1,0,0,0,0,1,0,0,0,0,0
10244,attack,clean_target_effective,2,S0,0,23,5,1,1,0,1,0,0,0,0,0,1,2
10252,attack,clean_target_effective,2,S5,5,22,5,1,1,0,1,0,0,0,0,0,1,2
10258,attack,multi_hit,4,S5,5,22,0,1,0,0,0,0,0,1,0,0,0,0
10260,attack,off_target,3,S5,5,23,2,1,0,0,0,0,1,0,0,0,0,0
10261,attack,clean_target_ineffective,1,S5,5,23,6,1,1,1,0,0,0,0,0,1,0,1
10266,attack,clean_target_ineffective,1,S5,5,22,4,1,1,1,0,0,0,0,0,1,0,1
10267,attack,off_target,3,S5,5,22,0,1,0,0,0,0,1,0,0,0,0,0
10271,attack,clean_target_effective,2,S5,5,22,6,1,1,0,1,0,0,0,0,0,1,2
10272,attack,missed,0,S5,5,22,4,1,0,0,0,1,0,0,0,0,0,0
10274,attack,multi_hit,4,S0,0,23,7,1,0,0,0,0,0,1,0,0,0,0
10275,attack,missed,0,S5,5,23,6,1,0,0,0,1,0,0,0,0,0,0
10276,attack,clean_target_ineffective,1,S5,5,22,0,1,1,1,0,0,0,0,0,1,0,1
10282,attack,missed,0,S0,0,22,3,1,0,0,0,1,0,0,0,0,0,0
10289,attack,invalid_reset,5,S5,5,23,1,0,0,0,0,0,0,0,1,0,0,0
10291,attack,off_target,3,S5,5,22,4,1,0,0,0,0,1,0,0,0,0,0
10296,attack,missed,0,S0,0,22,3,1,0,0,0,1,0,0,0,0,0,0
10298,attack,missed,0,S0,0,22,4,1,0,0,0,1,0,0,0,0,0,0
10299,attack,clean_target_ineffective,1,S5,5,22,0,1,1,1,0,0,0,0,0,1,0,1
10309,attack,off_target,3,S5,5,23,6,1,0,0,0,0,1,0,0,0,0,0
10321,attack,clean_target_effective,2,S5,5,23,6,1,1,0,1,0,0,0,0,0,1,2
10323,attack,off_target,3,S5,5,23,3,1,0,0,0,0,1,0,0,0,0,0
10325,attack,clean_target_effective,2,S5,5,23,5,1,1,0,1,0,0,0,0,0,1,2
10326,attack,missed,0,S0,0,23,6,1,0,0,0,1,0,0,0,0,0,0
10329,attack,multi_hit,4,S5,5,23,4,1,0,0,0,0,0,1,0,0,0,0
10341,attack,missed,0,S5,5,22,4,1,0,0,0,1,0,0,0,0,0,0
10342,attack,multi_hit,4,S5,5,22,4,1,0,0,0,0,0,1,0,0,0,0
10351,attack,clean_target_effective,2,S5,5,23,0,1,1,0,1,0,0,0,0,0,1,2
10353,attack,multi_hit,4,S5,5,23,7,1,0,0,0,0,0,1,0,0,0,0
10354,attack,clean_target_effective,2,S5,5,22,1,1,1,0,1,0,0,0,0,0,1,2
10355,attack,clean_target_ineffective,1,S0,0,22,5,1,1,1,0,0,0,0,0,1,0,1
10357,attack,missed,0,S5,5,23,0,1,0,0,0,1,0,0,0,0,0,0
10358,attack,clean_target_effective,2,S5,5,23,7,1,1,0,1,0,0,0,0,0,1,2
10361,attack,clean_target_effective,2,S0,0,22,4,1,1,0,1,0,0,0,0,0,1,2
10364,attack,off_target,3,S0,0,22,6,1,0,0,0,0,1,0,0,0,0,0
10380,attack,clean_target_effective,2,S5,5,22,1,1,1,0,1,0,0,0,0,0,1,2
10389,attack,missed,0,S5,5,23,5,1,0,0,0,1,0,0,0,0,0,0
10390,attack,clean_target_effective,2,S5,5,23,2,1,1,0,1,0,0,0,0,0,1,2
10394,attack,clean_target_effective,2,S5,5,22,4,1,1,0,1,0,0,0,0,0,1,2
10397,attack,clean_target_ineffective,1,S5,5,22,2,1,1,1,0,0,0,0,0,1,0,1
10399,attack,missed,0,S0,0,23,4,1,0,0,0,1,0,0,0,0,0,0
10403,attack,clean_target_effective,2,S5,5,23,5,1,1,0,1,0,0,0,0,0,1,2
10404,attack,missed,0,S5,5,22,6,1,0,0,0,1,0,0,0,0,0,0
10412,attack,missed,0,S0,0,22,3,1,0,0,0,1,0,0,0,0,0,0
10418,attack,missed,0,S5,5,22,0,1,0,0,0,1,0,0,0,0,0,0
10419,attack,off_target,3,S0,0,23,4,1,0,0,0,0,1,0,0,0,0,0
10421,attack,off_target,3,S5,5,22,5,1,0,0,0,0,1,0,0,0,0,0
10422,attack,multi_hit,4,S5,5,22,2,1,0,0,0,0,0,1,0,0,0,0
10426,attack,multi_hit,4,S5,5,22,0,1,0,0,0,0,0,1,0,0,0,0
10432,attack,missed,0,S0,0,23,7,1,0,0,0,1,0,0,0,0,0,0
10434,attack,missed,0,S0,0,23,7,1,0,0,0,1,0,0,0,0,0,0
10436,attack,multi_hit,4,S0,0,22,7,1,0,0,0,0,0,1,0,0,0,0
10442,attack,invalid_reset,5,S0,0,22,1,0,0,0,0,0,0,0,1,0,0,0
10448,attack,clean_target_effective,2,S0,0,22,3,1,1,0,1,0,0,0,0,0,1,2
10449,attack,missed,0,S5,5,23,5,1,0,0,0,1,0,0,0,0,0,0
10450,attack,clean_target_effective,2,S5,5,23,6,1,1,0,1,0,0,0,0,0,1,2
10454,attack,missed,0,S0,0,22,2,1,0,0,0,1,0,0,0,0,0,0
10462,attack,multi_hit,4,S5,5,22,4,1,0,0,0,0,0,1,0,0,0,0
10465,attack,off_target,3,S5,5,22,7,1,0,0,0,0,1,0,0,0,0,0
10468,attack,off_target,3,S5,5,22,3,1,0,0,0,0,1,0,0,0,0,0
10471,attack,off_target,3,S5,5,22,4,1,0,0,0,0,1,0,0,0,0,0
10473,attack,invalid_reset,5,S5,5,22,5,0,0,0,0,0,0,0,1,0,0,0
10483,attack,clean_target_effective,2,S5,5,23,1,1,1,0,1,0,0,0,0,0,1,2
10493,attack,missed,0,S0,0,22,7,1,0,0,0,1,0,0,0,0,0,0
10495,attack,clean_target_ineffective,1,S0,0,23,3,1,1,1,0,0,0,0,0,1,0,1
10496,attack,missed,0,S5,5,23,3,1,0,0,0,1,0,0,0,0,0,0
10497,attack,missed,0,S5,5,23,3,1,0,0,0,1,0,0,0,0,0,0
10499,attack,missed,0,S0,0,22,0,1,0,0,0,1,0,0,0,0,0,0
10500,attack,multi_hit,4,S5,5,23,1,1,0,0,0,0,0,1,0,0,0,0
10514,attack,invalid_reset,5,S0,0,22,4,0,0,0,0,0,0,0,1,0,0,0
10517,attack,missed,0,S5,5,22,7,1,0,0,0,1,0,0,0,0,0,0
10519,attack,clean_target_effective,2,S0,0,22,3,1,1,0,1,0,0,0,0,0,1,2
10520,attack,off_target,3,S5,5,22,1,1,0,0,0,0,1,0,0,0,0,0
10525,attack,clean_target_effective,2,S0,0,23,3,1,1,0,1,0,0,0,0,0,1,2
10529,attack,clean_target_ineffective,1,S0,0,22,3,1,1,1,0,0,0,0,0,1,0,1
10530,attack,off_target,3,S5,5,22,5,1,0,0,0,0,1,0,0,0,0,0
10531,attack,off_target,3,S0,0,23,2,1,0,0,0,0,1,0,0,0,0,0
10537,attack,missed,0,S5,5,22,7,1,0,0,0,1,0,0,0,0,0,0
10541,attack,missed,0,S0,0,22,1,1,0,0,0,1,0,0,0,0,0,0
10542,attack,clean_target_ineffective,1,S0,0,22,0,1,1,1,0,0,0,0,0,1,0,1
10547,attack,missed,0,S5,5,23,7,1,0,0,0,1,0,0,0,0,0,0
10558,attack,missed,0,S0,0,23,3,1,0,0,0,1,0,0,0,0,0,0
10559,attack,clean_target_effective,2,S5,5,23,1,1,1,0,1,0,0,0,0,0,1,2
10562,attack,clean_target_effective,2,S0,0,23,0,1,1,0,1,0,0,0,0,0,1,2
10573,attack,invalid_reset,5,S5,5,23,4,0,0,0,0,0,0,0,1,0,0,0
10576,attack,missed,0,S5,5,22,2,1,0,0,0,1,0,0,0,0,0,0
10581,attack,clean_target_effective,2,S5,5,22,4,1,1,0,1,0,0,0,0,0,1,2
10586,attack,clean_target_ineffective,1,S5,5,22,4,1,1,1,0,0,0,0,0,1,0,1
10609,attack,missed,0,S0,0,23,2,1,0,0,0,1,0,0,0,0,0,0
10610,attack,clean_target_effective,2,S5,5,23,7,1,1,0,1,0,0,0,0,0,1,2
10611,attack,missed,0,S0,0,22,6,1,0,0,0,1,0,0,0,0,0,0
10631,attack,missed,0,S0,0,22,5,1,0,0,0,1,0,0,0,0,0,0
10632,attack,invalid_reset,5,S5,5,23,0,0,0,0,0,0,0,0,1,0,0,0
10639,attack,clean_target_ineffective,1,S5,5,23,4,1,1,1,0,0,0,0,0,1,0,1
10646,attack,off_target,3,S5,5,23,0,1,0,0,0,0,1,0,0,0,0,0
10649,attack,missed,0,S0,0,22,3,1,0,0,0,1,0,0,0,0,0,0
10651,attack,missed,0,S5,5,23,7,1,0,0,0,1,0,0,0,0,0,0
10654,attack,off_target,3,S0,0,22,5,1,0,0,0,0,1,0,0,0,0,0
10657,attack,clean_target_effective,2,S0,0,23,4,1,1,0,1,0,0,0,0,0,1,2
10659,attack,clean_target_ineffective,1,S0,0,23,3,1,1,1,0,0,0,0,0,1,0,1
10662,attack,missed,0,S0,0,22,1,1,0,0,0,1,0,0,0,0,0,0
10664,attack,missed,0,S0,0,23,3,1,0,0,0,1,0,0,0,0,0,0
10666,attack,off_target,3,S5,5,22,7,1,0,0,0,0,1,0,0,0,0,0
10678,attack,clean_target_effective,2,S5,5,23,1,1,1,0,1,0,0,0,0,0,1,2
10694,attack,off_target,3,S0,0,23,4,1,0,0,0,0,1,0,0,0,0,0
10698,attack,clean_target_effective,2,S5,5,23,0,1,1,0,1,0,0,0,0,0,1,2
10705,attack,clean_target_effective,2,S5,5,23,1,1,1,0,1,0,0,0,0,0,1,2
10708,attack,multi_hit,4,S0,0,23,5,1,0,0,0,0,0,1,0,0,0,0
10711,attack,clean_target_ineffective,1,S0,0,22,6,1,1,1,0,0,0,0,0,1,0,1
10714,attack,missed,0,S0,0,23,1,1,0,0,0,1,0,0,0,0,0,0
10715,attack,missed,0,S5,5,22,2,1,0,0,0,1,0,0,0,0,0,0
10717,attack,clean_target_effective,2,S5,5,23,0,1,1,0,1,0,0,0,0,0,1,2
10722,attack,off_target,3,S0,0,23,5,1,0,0,0,0,1,0,0,0,0,0
10732,attack,missed,0,S5,5,22,7,1,0,0,0,1,0,0,0,0,0,0
10734,attack,missed,0,S0,0,23,0,1,0,0,0,1,0,0,0,0,0,0
10736,attack,multi_hit,4,S5,5,22,2,1,0,0,0,0,0,1,0,0,0,0
10739,attack,clean_target_effective,2,S0,0,22,0,1,1,0,1,0,0,0,0,0,1,2
10742,attack,missed,0,S0,0,22,1,1,0,0,0,1,0,0,0,0,0,0
10745,attack,multi_hit,4,S5,5,22,2,1,0,0,0,0,0,1,0,0,0,0
10749,attack,clean_target_ineffective,1,S5,5,22,5,1,1,1,0,0,0,0,0,1,0,1
10753,attack,multi_hit,4,S0,0,23,6,1,0,0,0,0,0,1,0,0,0,0
10760,attack,missed,0,S5,5,23,5,1,0,0,0,1,0,0,0,0,0,0
10761,attack,multi_hit,4,S5,5,23,7,1,0,0,0,0,0,1,0,0,0,0
10762,attack,missed,0,S0,0,22,7,1,0,0,0,1,0,0,0,0,0,0
10766,attack,multi_hit,4,S5,5,22,6,1,0,0,0,0,0,1,0,0,0,0
10773,attack,clean_target_ineffective,1,S0,0,22,2,1,1,1,0,0,0,0,0,1,0,1
10776,attack,off_target,3,S5,5,23,0,1,0,0,0,0,1,0,0,0,0,0
10786,attack,clean_target_effective,2,S5,5,22,7,1,1,0,1,0,0,0,0,0,1,2
10787,attack,missed,0,S0,0,23,4,1,0,0,0,1,0,0,0,0,0,0
10791,attack,off_target,3,S5,5,23,1,1,0,0,0,0,1,0,0,0,0,0
10794,attack,missed,0,S0,0,23,2,1,0,0,0,1,0,0,0,0,0,0
10795,attack,off_target,3,S0,0,23,7,1,0,0,0,0,1,0,0,0,0,0
10800,attack,multi_hit,4,S0,0,23,7,1,0,0,0,0,0,1,0,0,0,0
10801,attack,off_target,3,S5,5,22,3,1,0,0,0,0,1,0,0,0,0,0
10802,attack,clean_target_ineffective,1,S5,5,22,6,1,1,1,0,0,0,0,0,1,0,1
10805,attack,clean_target_effective,2,S5,5,22,0,1,1,0,1,0,0,0,0,0,1,2
10809,attack,missed,0,S5,5,23,6,1,0,0,0,1,0,0,0,0,0,0
10811,attack,off_target,3,S0,0,23,5,1,0,0,0,0,1,0,0,0,0,0
10812,attack,clean_target_effective,2,S5,5,23,7,1,1,0,1,0,0,0,0,0,1,2
10813,attack,off_target,3,S5,5,23,2,1,0,0,0,0,1,0,0,0,0,0
10814,attack,off_target,3,S5,5,22,0,1,0,0,0,0,1,0,0,0,0,0
10822,attack,missed,0,S0,0,22,0,1,0,0,0,1,0,0,0,0,0,0
10823,attack,missed,0,S5,5,23,3,1,0,0,0,1,0,0,0,0,0,0
10828,attack,clean_target_ineffective,1,S5,5,23,4,1,1,1,0,0,0,0,0,1,0,1
10832,attack,multi_hit,4,S5,5,23,7,1,0,0,0,0,0,1,0,0,0,0
10839,attack,clean_target_ineffective,1,S0,0,23,5,1,1,1,0,0,0,0,0,1,0,1
10843,attack,off_target,3,S0,0,22,6,1,0,0,0,0,1,0,0,0,0,0
10847,attack,multi_hit,4,S5,5,22,2,1,0,0,0,0,0,1,0,0,0,0
10857,attack,clean_target_effective,2,S5,5,22,1,1,1,0,1,0,0,0,0,0,1,2
10858,attack,missed,0,S5,5,23,1,1,0,0,0,1,0,0,0,0,0,0
10863,attack,missed,0,S0,0,22,6,1,0,0,0,1,0,0,0,0,0,0
10864,attack,clean_target_effective,2,S5,5,22,7,1,1,0,1,0,0,0,0,0,1,2
10870,attack,off_target,3,S0,0,23,3,1,0,0,0,0,1,0,0,0,0,0
10873,attack,clean_target_ineffective,1,S5,5,23,5,1,1,1,0,0,0,0,0,1,0,1
10874,attack,multi_hit,4,S0,0,23,0,1,0,0,0,0,0,1,0,0,0,0
10876,attack,off_target,3,S5,5,22,3,1,0,0,0,0,1,0,0,0,0,0
10878,attack,off_target,3,S5,5,23,2,1,0,0,0,0,1,0,0,0,0,0
10879,attack,multi_hit,4,S0,0,22,1,1,0,0,0,0,0,1,0,0,0,0
10881,attack,multi_hit,4,S5,5,23,7,1,0,0,0,0,0,1,0,0,0,0
10882,attack,clean_target_effective,2,S5,5,23,0,1,1,0,1,0,0,0,0,0,1,2
10883,attack,missed,0,S5,5,22,3,1,0,0,0,1,0,0,0,0,0,0
10886,attack,off_target,3,S5,5,23,5,1,0,0,0,0,1,0,0,0,0,0
10887,attack,missed,0,S0,0,23,3,1,0,0,0,1,0,0,0,0,0,0
10890,attack,invalid_reset,5,S0,0,22,0,0,0,0,0,0,0,0,1,0,0,0
10901,attack,clean_target_effective,2,S0,0,23,4,1,1,0,1,0,0,0,0,0,1,2
10906,attack,missed,0,S5,5,23,7,1,0,0,0,1,0,0,0,0,0,0
10907,attack,multi_hit,4,S0,0,23,4,1,0,0,0,0,0,1,0,0,0,0
10910,attack,missed,0,S5,5,22,6,1,0,0,0,1,0,0,0,0,0,0
10911,attack,missed,0,S5,5,22,0,1,0,0,0,1,0,0,0,0,0,0
10923,attack,clean_target_ineffective,1,S5,5,23,4,1,1,1,0,0,0,0,0,1,0,1
10924,attack,missed,0,S5,5,23,1,1,0,0,0,1,0,0,0,0,0,0
10932,attack,missed,0,S0,0,23,3,1,0,0,0,1,0,0,0,0,0,0
10935,attack,missed,0,S5,5,22,1,1,0,0,0,1,0,0,0,0,0,0
10936,attack,missed,0,S0,0,23,5,1,0,0,0,1,0,0,0,0,0,0
10938,attack,clean_target_effective,2,S5,5,22,5,1,1,0,1,0,0,0,0,0,1,2
10939,attack,multi_hit,4,S0,0,23,3,1,0,0,0,0,0,1,0,0,0,0
10943,attack,clean_target_effective,2,S0,0,22,6,1,1,0,1,0,0,0,0,0,1,2
10946,attack,clean_target_ineffective,1,S0,0,23,6,1,1,1,0,0,0,0,0,1,0,1
10950,attack,clean_target_effective,2,S0,0,22,2,1,1,0,1,0,0,0,0,0,1,2
10953,attack,clean_target_ineffective,1,S5,5,23,0,1,1,1,0,0,0,0,0,1,0,1
10958,attack,clean_target_ineffective,1,S5,5,22,3,1,1,1,0,0,0,0,0,1,0,1
10959,attack,off_target,3,S5,5,22,3,1,0,0,0,0,1,0,0,0,0,0
10960,attack,clean_target_effective,2,S0,0,23,5,1,1,0,1,0,0,0,0,0,1,2
10962,attack,clean_target_effective,2,S5,5,22,2,1,1,0,1,0,0,0,0,0,1,2
10966,attack,missed,0,S0,0,22,0,1,0,0,0,1,0,0,0,0,0,0
10967,attack,clean_target_effective,2,S0,0,23,5,1,1,0,1,0,0,0,0,0,1,2
10976,attack,clean_target_ineffective,1,S5,5,23,5,1,1,1,0,0,0,0,0,1,0,1
10982,attack,clean_target_effective,2,S5,5,23,3,1,1,0,1,0,0,0,0,0,1,2
10988,attack,clean_target_effective,2,S0,0,23,2,1,1,0,1,0,0,0,0,0,1,2
10990,attack,missed,0,S5,5,23,5,1,0,0,0,1,0,0,0,0,0,0
10994,attack,clean_target_effective,2,S5,5,23,7,1,1,0,1,0,0,0,0,0,1,2
10996,attack,multi_hit,4,S5,5,23,7,1,0,0,0,0,0,1,0,0,0,0
11001,attack,multi_hit,4,S5,5,22,1,1,0,0,0,0,0,1,0,0,0,0
11002,attack,missed,0,S0,0,23,0,1,0,0,0,1,0,0,0,0,0,0
11005,attack,clean_target_effective,2,S0,0,23,5,1,1,0,1,0,0,0,0,0,1,2
11009,attack,missed,0,S5,5,23,3,1,0,0,0,1,0,0,0,0,0,0
11019,attack,clean_target_effective,2,S0,0,22,6,1,1,0,1,0,0,0,0,0,1,2
11026,attack,multi_hit,4,S0,0,23,5,1,0,0,0,0,0,1,0,0,0,0
11029,attack,clean_target_effective,2,S0,0,23,7,1,1,0,1,0,0,0,0,0,1,2
11030,attack,multi_hit,4,S0,0,23,3,1,0,0,0,0,0,1,0,0,0,0
11036,attack,missed,0,S0,0,23,1,1,0,0,0,1,0,0,0,0,0,0
11037,attack,invalid_reset,5,S0,0,23,0,0,0,0,0,0,0,0,1,0,0,0
11044,attack,clean_target_effective,2,S0,0,23,0,1,1,0,1,0,0,0,0,0,1,2
11045,attack,missed,0,S0,0,23,1,1,0,0,0,1,0,0,0,0,0,0
11049,attack,missed,0,S5,5,23,4,1,0,0,0,1,0,0,0,0,0,0
11050,attack,missed,0,S0,0,22,1,1,0,0,0,1,0,0,0,0,0,0
11054,attack,off_target,3,S5,5,22,7,1,0,0,0,0,1,0,0,0,0,0
11059,attack,clean_target_ineffective,1,S0,0,23,4,1,1,1,0,0,0,0,0,1,0,1
11064,attack,multi_hit,4,S0,0,23,0,1,0,0,0,0,0,1,0,0,0,0
11066,attack,multi_hit,4,S5,5,23,4,1,0,0,0,0,0,1,0,0,0,0
11069,attack,multi_hit,4,S0,0,23,6,1,0,0,0,0,0,1,0,0,0,0
11080,attack,clean_target_effective,2,S0,0,23,1,1,1,0,1,0,0,0,0,0,1,2
11081,attack,clean_target_effective,2,S5,5,22,6,1,1,0,1,0,0,0,0,0,1,2
11088,attack,missed,0,S5,5,23,1,1,0,0,0,1,0,0,0,0,0,0
11089,attack,missed,0,S5,5,23,6,1,0,0,0,1,0,0,0,0,0,0
11093,attack,off_target,3,S0,0,22,2,1,0,0,0,0,1,0,0,0,0,0
11095,attack,invalid_reset,5,S0,0,23,0,0,0,0,0,0,0,0,1,0,0,0
11100,attack,clean_target_effective,2,S0,0,23,4,1,1,0,1,0,0,0,0,0,1,2
11102,attack,multi_hit,4,S0,0,23,5,1,0,0,0,0,0,1,0,0,0,0
11106,attack,off_target,3,S5,5,22,3,1,0,0,0,0,1,0,0,0,0,0
11113,attack,missed,0,S0,0,22,2,1,0,0,0,1,0,0,0,0,0,0
11115,attack,off_target,3,S5,5,23,2,1,0,0,0,0,1,0,0,0,0,0
11121,attack,off_target,3,S5,5,23,7,1,0,0,0,0,1,0,0,0,0,0
11124,attack,clean_target_effective,2,S5,5,22,5,1,1,0,1,0,0,0,0,0,1,2
11125,attack,multi_hit,4,S5,5,22,6,1,0,0,0,0,0,1,0,0,0,0
11126,attack,missed,0,S5,5,23,5,1,0,0,0,1,0,0,0,0,0,0
11129,attack,missed,0,S0,0,23,5,1,0,0,0,1,0,0,0,0,0,0
11132,attack,clean_target_ineffective,1,S5,5,22,3,1,1,1,0,0,0,0,0,1,0,1
11137,attack,missed,0,S0,0,22,3,1,0,0,0,1,0,0,0,0,0,0
11140,attack,missed,0,S0,0,22,2,1,0,0,0,1,0,0,0,0,0,0
11142,attack,missed,0,S0,0,23,7,1,0,0,0,1,0,0,0,0,0,0
11143,attack,clean_target_effective,2,S5,5,23,4,1,1,0,1,0,0,0,0,0,1,2
11150,attack,clean_target_effective,2,S0,0,22,1,1,1,0,1,0,0,0,0,0,1,2
11156,attack,off_target,3,S5,5,23,0,1,0,0,0,0,1,0,0,0,0,0
11157,attack,clean_target_effective,2,S0,0,23,1,1,1,0,1,0,0,0,0,0,1,2
11162,attack,multi_hit,4,S5,5,23,6,1,0,0,0,0,0,1,0,0,0,0
11165,attack,missed,0,S0,0,23,1,1,0,0,0,1,0,0,0,0,0,0
11172,attack,clean_target_effective,2,S0,0,22,2,1,1,0,1,0,0,0,0,0,1,2
11175,attack,clean_target_effective,2,S0,0,23,2,1,1,0,1,0,0,0,0,0,1,2
11177,attack,clean_target_ineffective,1,S5,5,23,4,1,1,1,0,0,0,0,0,1,0,1
11178,attack,clean_target_effective,2,S5,5,23,5,1,1,0,1,0,0,0,0,0,1,2
11186,attack,missed,0,S5,5,23,3,1,0,0,0,1,0,0,0,0,0,0
11188,attack,missed,0,S0,0,23,5,1,0,0,0,1,0,0,0,0,0,0
11190,attack,clean_target_ineffective,1,S0,0,23,4,1,1,1,0,0,0,0,0,1,0,1
11192,attack,missed,0,S0,0,23,1,1,0,0,0,1,0,0,0,0,0,0
11197,attack,missed,0,S0,0,22,1,1,0,0,0,1,0,0,0,0,0,0
11199,attack,clean_target_ineffective,1,S5,5,22,6,1,1,1,0,0,0,0,0,1,0,1
11200,attack,clean_target_ineffective,1,S5,5,22,3,1,1,1,0,0,0,0,0,1,0,1
11206,attack,clean_target_ineffective,1,S5,5,22,3,1,1,1,0,0,0,0,0,1,0,1
11210,attack,clean_target_effective,2,S5,5,22,3,1,1,0,1,0,0,0,0,0,1,2
11211,attack,invalid_reset,5,S5,5,22,2,0,0,0,0,0,0,0,1,0,0,0
11216,attack,clean_target_ineffective,1,S0,0,22,2,1,1,1,0,0,0,0,0,1,0,1
11223,attack,clean_target_effective,2,S5,5,23,5,1,1,0,1,0,0,0,0,0,1,2
11227,attack,clean_target_effective,2,S0,0,23,6,1,1,0,1,0,0,0,0,0,1,2
11234,attack,multi_hit,4,S5,5,22,1,1,0,0,0,0,0,1,0,0,0,0
11239,attack,clean_target_ineffective,1,S0,0,23,3,1,1,1,0,0,0,0,0,1,0,1
11243,attack,clean_target_effective,2,S5,5,23,7,1,1,0,1,0,0,0,0,0,1,2
11244,attack,invalid_reset,5,S0,0,22,4,0,0,0,0,0,0,0,1,0,0,0
11249,attack,clean_target_effective,2,S5,5,23,1,1,1,0,1,0,0,0,0,0,1,2
11250,attack,invalid_reset,5,S5,5,23,2,0,0,0,0,0,0,0,1,0,0,0
11255,attack,missed,0,S5,5,23,7,1,0,0,0,1,0,0,0,0,0,0
11260,attack,clean_target_effective,2,S0,0,22,1,1,1,0,1,0,0,0,0,0,1,2
11266,attack,clean_target_ineffective,1,S5,5,23,2,1,1,1,0,0,0,0,0,1,0,1
11272,attack,clean_target_effective,2,S5,5,22,0,1,1,0,1,0,0,0,0,0,1,2
11274,attack,missed,0,S5,5,23,2,1,0,0,0,1,0,0,0,0,0,0
11275,attack,clean_target_effective,2,S0,0,22,5,1,1,0,1,0,0,0,0,0,1,2
11282,attack,clean_target_effective,2,S5,5,23,5,1,1,0,1,0,0,0,0,0,1,2
11288,attack,multi_hit,4,S0,0,22,4,1,0,0,0,0,0,1,0,0,0,0
11293,attack,missed,0,S5,5,23,0,1,0,0,0,1,0,0,0,0,0,0
11301,attack,clean_target_effective,2,S5,5,22,2,1,1,0,1,0,0,0,0,0,1,2
11302,attack,missed,0,S0,0,22,3,1,0,0,0,1,0,0,0,0,0,0
11303,attack,off_target,3,S5,5,23,7,1,0,0,0,0,1,0,0,0,0,0
11307,attack,clean_target_effective,2,S0,0,23,5,1,1,0,1,0,0,0,0,0,1,2
11322,attack,multi_hit,4,S5,5,22,0,1,0,0,0,0,0,1,0,0,0,0
11326,attack,clean_target_ineffective,1,S5,5,23,7,1,1,1,0,0,0,0,0,1,0,1
11332,attack,clean_target_effective,2,S5,5,23,0,1,1,0,1,0,0,0,0,0,1,2
11336,attack,invalid_reset,5,S0,0,22,0,0,0,0,0,0,0,0,1,0,0,0
11337,attack,multi_hit,4,S5,5,23,4,1,0,0,0,0,0,1,0,0,0,0
11339,attack,clean_target_effective,2,S0,0,23,0,1,1,0,1,0,0,0,0,0,1,2
11342,attack,clean_target_effective,2,S0,0,22,5,1,1,0,1,0,0,0,0,0,1,2
11345,attack,clean_target_effective,2,S0,0,22,1,1,1,0,1,0,0,0,0,0,1,2
11347,attack,missed,0,S5,5,23,3,1,0,0,0,1,0,0,0,0,0,0
11350,attack,clean_target_effective,2,S0,0,22,1,1,1,0,1,0,0,0,0,0,1,2
11352,attack,clean_target_effective,2,S5,5,22,3,1,1,0,1,0,0,0,0,0,1,2
11364,attack,multi_hit,4,S5,5,23,6,1,0,0,0,0,0,1,0,0,0,0
11365,attack,clean_target_effective,2,S5,5,23,7,1,1,0,1,0,0,0,0,0,1,2
11366,attack,clean_target_effective,2,S5,5,23,4,1,1,0,1,0,0,0,0,0,1,2
11367,attack,missed,0,S5,5,22,5,1,0,0,0,1,0,0,0,0,0,0
11368,attack,missed,0,S0,0,23,0,1,0,0,0,1,0,0,0,0,0,0
11369,attack,multi_hit,4,S5,5,23,1,1,0,0,0,0,0,1,0,0,0,0
11372,attack,off_target,3,S5,5,22,5,1,0,0,0,0,1,0,0,0,0,0
11375,attack,missed,0,S0,0,22,0,1,0,0,0,1,0,0,0,0,0,0
11381,attack,multi_hit,4,S5,5,22,7,1,0,0,0,0,0,1,0,0,0,0
11384,attack,clean_target_effective,2,S5,5,22,6,1,1,0,1,0,0,0,0,0,1,2
11388,attack,clean_target_effective,2,S0,0,23,1,1,1,0,1,0,0,0,0,0,1,2
11391,attack,off_target,3,S5,5,23,6,1,0,0,0,0,1,0,0,0,0,0
11392,attack,missed,0,S5,5,23,7,1,0,0,0,1,0,0,0,0,0,0
11393,attack,missed,0,S5,5,22,1,1,0,0,0,1,0,0,0,0,0,0
11395,attack,multi_hit,4,S5,5,23,2,1,0,0,0,0,0,1,0,0,0,0
11396,attack,clean_target_ineffective,1,S5,5,22,7,1,1,1,0,0,0,0,0,1,0,1
11398,attack,missed,0,S5,5,22,4,1,0,0,0,1,0,0,0,0,0,0
11399,attack,invalid_reset,5,S0,0,23,1,0,0,0,0,0,0,0,1,0,0,0
11404,attack,clean_target_effective,2,S5,5,22,0,1,1,0,1,0,0,0,0,0,1,2
11411,attack,clean_target_effective,2,S0,0,23,2,1,1,0,1,0,0,0,0,0,1,2
11412,attack,missed,0,S0,0,23,1,1,0,0,0,1,0,0,0,0,0,0
11414,attack,missed,0,S0,0,23,0,1,0,0,0,1,0,0,0,0,0,0
11419,attack,clean_target_ineffective,1,S0,0,23,5,1,1,1,0,0,0,0,0,1,0,1
11422,attack,clean_target_ineffective,1,S5,5,23,5,1,1,1,0,0,0,0,0,1,0,1
11429,attack,off_target,3,S5,5,22,2,1,0,0,0,0,1,0,0,0,0,0
11441,attack,off_target,3,S5,5,22,3,1,0,0,0,0,1,0,0,0,0,0
11459,attack,clean_target_ineffective,1,S0,0,23,1,1,1,1,0,0,0,0,0,1,0,1
11462,attack,missed,0,S5,5,22,6,1,0,0,0,1,0,0,0,0,0,0
11464,attack,clean_target_effective,2,S0,0,23,4,1,1,0,1,0,0,0,0,0,1,2
11465,attack,clean_target_ineffective,1,S0,0,23,4,1,1,1,0,0,0,0,0,1,0,1
11467,attack,missed,0,S5,5,22,5,1,0,0,0,1,0,0,0,0,0,0
11474,attack,clean_target_effective,2,S5,5,23,2,1,1,0,1,0,0,0,0,0,1,2
11477,attack,off_target,3,S5,5,23,5,1,0,0,0,0,1,0,0,0,0,0
11483,attack,clean_target_effective,2,S5,5,22,5,1,1,0,1,0,0,0,0,0,1,2
11487,attack,clean_target_effective,2,S5,5,22,6,1,1,0,1,0,0,0,0,0,1,2
11489,attack,missed,0,S5,5,23,1,1,0,0,0,1,0,0,0,0,0,0
11497,attack,off_target,3,S5,5,23,2,1,0,0,0,0,1,0,0,0,0,0
11502,attack,clean_target_effective,2,S0,0,23,7,1,1,0,1,0,0,0,0,0,1,2
11503,attack,missed,0,S5,5,22,2,1,0,0,0,1,0,0,0,0,0,0
11509,attack,off_target,3,S0,0,23,3,1,0,0,0,0,1,0,0,0,0,0
11510,attack,clean_target_ineffective,1,S5,5,23,3,1,1,1,0,0,0,0,0,1,0,1
11511,attack,missed,0,S0,0,22,4,1,0,0,0,1,0,0,0,0,0,0
11515,attack,clean_target_effective,2,S5,5,22,6,1,1,0,1,0,0,0,0,0,1,2
11523,attack,clean_target_effective,2,S0,0,22,7,1,1,0,1,0,0,0,0,0,1,2
11526,attack,off_target,3,S5,5,22,3,1,0,0,0,0,1,0,0,0,0,0
11529,attack,off_target,3,S0,0,23,2,1,0,0,0,0,1,0,0,0,0,0
11530,attack,multi_hit,4,S5,5,23,6,1,0,0,0,0,0,1,0,0,0,0
11537,attack,invalid_reset,5,S5,5,23,0,0,0,0,0,0,0,0,1,0,0,0
11542,attack,missed,0,S5,5,22,1,1,0,0,0,1,0,0,0,0,0,0
11543,attack,clean_target_effective,2,S5,5,23,1,1,1,0,1,0,0,0,0,0,1,2
11545,attack,off_target,3,S0,0,23,2,1,0,0,0,0,1,0,0,0,0,0
11548,attack,missed,0,S0,0,22,7,1,0,0,0,1,0,0,0,0,0,0
11551,attack,multi_hit,4,S0,0,23,6,1,0,0,0,0,0,1,0,0,0,0
11552,attack,clean_target_effective,2,S0,0,22,2,1,1,0,1,0,0,0,0,0,1,2
11554,attack,invalid_reset,5,S0,0,23,7,0,0,0,0,0,0,0,1,0,0,0
11560,attack,clean_target_effective,2,S0,0,23,6,1,1,0,1,0,0,0,0,0,1,2
11565,attack,clean_target_ineffective,1,S5,5,22,0,1,1,1,0,0,0,0,0,1,0,1
11567,attack,off_target,3,S0,0,22,3,1,0,0,0,0,1,0,0,0,0,0
11572,attack,clean_target_effective,2,S5,5,22,0,1,1,0,1,0,0,0,0,0,1,2
11578,attack,multi_hit,4,S0,0,23,3,1,0,0,0,0,0,1,0,0,0,0
11583,attack,multi_hit,4,S0,0,23,5,1,0,0,0,0,0,1,0,0,0,0
11585,attack,clean_target_effective,2,S0,0,22,5,1,1,0,1,0,0,0,0,0,1,2
11587,attack,invalid_reset,5,S0,0,23,6,0,0,0,0,0,0,0,1,0,0,0
11590,attack,clean_target_effective,2,S0,0,22,5,1,1,0,1,0,0,0,0,0,1,2
11594,attack,off_target,3,S5,5,23,6,1,0,0,0,0,1,0,0,0,0,0
11596,attack,off_target,3,S0,0,23,1,1,0,0,0,0,1,0,0,0,0,0
11597,attack,multi_hit,4,S5,5,23,3,1,0,0,0,0,0,1,0,0,0,0
11601,attack,missed,0,S0,0,23,3,1,0,0,0,1,0,0,0,0,0,0
11604,attack,clean_target_effective,2,S5,5,23,0,1,1,0,1,0,0,0,0,0,1,2
11611,attack,off_target,3,S0,0,22,4,1,0,0,0,0,1,0,0,0,0,0
11619,attack,clean_target_effective,2,S0,0,22,1,1,1,0,1,0,0,0,0,0,1,2
11623,attack,missed,0,S0,0,23,5,1,0,0,0,1,0,0,0,0,0,0
11627,attack,missed,0,S0,0,22,0,1,0,0,0,1,0,0,0,0,0,0
11631,attack,missed,0,S0,0,23,0,1,0,0,0,1,0,0,0,0,0,0
11636,attack,multi_hit,4,S5,5,23,4,1,0,0,0,0,0,1,0,0,0,0
11639,attack,missed,0,S0,0,23,5,1,0,0,0,1,0,0,0,0,0,0
11644,attack,invalid_reset,5,S0,0,23,6,0,0,0,0,0,0,0,1,0,0,0
11645,attack,missed,0,S0,0,22,7,1,0,0,0,1,0,0,0,0,0,0
11651,attack,clean_target_effective,2,S5,5,22,7,1,1,0,1,0,0,0,0,0,1,2
11652,attack,missed,0,S5,5,23,0,1,0,0,0,1,0,0,0,0,0,0
11657,attack,multi_hit,4,S0,0,22,7,1,0,0,0,0,0,1,0,0,0,0
11660,attack,missed,0,S5,5,22,4,1,0,0,0,1,0,0,0,0,0,0
11662,attack,missed,0,S5,5,23,7,1,0,0,0,1,0,0,0,0,0,0
11663,attack,clean_target_effective,2,S0,0,22,4,1,1,0,1,0,0,0,0,0,1,2
11664,attack,off_target,3,S5,5,22,4,1,0,0,0,0,1,0,0,0,0,0
11670,attack,missed,0,S0,0,23,3,1,0,0,0,1,0,0,0,0,0,0
11674,attack,clean_target_effective,2,S0,0,23,0,1,1,0,1,0,0,0,0,0,1,2
11676,attack,off_target,3,S0,0,22,7,1,0,0,0,0,1,0,0,0,0,0
11678,attack,invalid_reset,5,S5,5,23,6,0,0,0,0,0,0,0,1,0,0,0
11680,attack,missed,0,S5,5,23,1,1,0,0,0,1,0,0,0,0,0,0
11688,attack,missed,0,S0,0,23,3,1,0,0,0,1,0,0,0,0,0,0
11689,attack,off_target,3,S5,5,22,5,1,0,0,0,0,1,0,0,0,0,0
11690,attack,clean_target_effective,2,S0,0,23,1,1,1,0,1,0,0,0,0,0,1,2
11694,attack,clean_target_ineffective,1,S5,5,22,6,1,1,1,0,0,0,0,0,1,0,1
11699,attack,clean_target_effective,2,S0,0,22,7,1,1,0,1,0,0,0,0,0,1,2
11700,attack,clean_target_effective,2,S0,0,23,5,1,1,0,1,0,0,0,0,0,1,2
11701,attack,clean_target_effective,2,S5,5,23,5,1,1,0,1,0,0,0,0,0,1,2
11704,attack,missed,0,S5,5,23,3,1,0,0,0,1,0,0,0,0,0,0
11706,attack,missed,0,S0,0,23,3,1,0,0,0,1,0,0,0,0,0,0
11711,attack,invalid_reset,5,S0,0,22,6,0,0,0,0,0,0,0,1,0,0,0
11713,attack,clean_target_ineffective,1,S5,5,22,5,1,1,1,0,0,0,0,0,1,0,1
11721,attack,missed,0,S5,5,22,5,1,0,0,0,1,0,0,0,0,0,0
11723,attack,clean_target_effective,2,S5,5,22,3,1,1,0,1,0,0,0,0,0,1,2
11724,attack,off_target,3,S0,0,23,1,1,0,0,0,0,1,0,0,0,0,0
11725,attack,clean_target_ineffective,1,S5,5,23,6,1,1,1,0,0,0,0,0,1,0,1
11729,attack,multi_hit,4,S5,5,22,6,1,0,0,0,0,0,1,0,0,0,0
11730,attack,clean_target_effective,2,S5,5,23,0,1,1,0,1,0,0,0,0,0,1,2
11737,attack,clean_target_ineffective,1,S0,0,23,1,1,1,1,0,0,0,0,0,1,0,1
11744,attack,multi_hit,4,S5,5,22,6,1,0,0,0,0,0,1,0,0,0,0
11745,attack,multi_hit,4,S5,5,22,1,1,0,0,0,0,0,1,0,0,0,0
11746,attack,missed,0,S5,5,23,3,1,0,0,0,1,0,0,0,0,0,0
11749,attack,clean_target_ineffective,1,S5,5,23,1,1,1,1,0,0,0,0,0,1,0,1
11754,attack,multi_hit,4,S5,5,22,1,1,0,0,0,0,0,1,0,0,0,0
11760,attack,missed,0,S0,0,22,3,1,0,0,0,1,0,0,0,0,0,0
11762,attack,missed,0,S5,5,23,0,1,0,0,0,1,0,0,0,0,0,0
11778,attack,missed,0,S0,0,22,3,1,0,0,0,1,0,0,0,0,0,0
11785,attack,missed,0,S5,5,22,2,1,0,0,0,1,0,0,0,0,0,0
11786,attack,clean_target_ineffective,1,S0,0,22,5,1,1,1,0,0,0,0,0,1,0,1
11787,attack,off_target,3,S5,5,23,7,1,0,0,0,0,1,0,0,0,0,0
11794,attack,clean_target_effective,2,S5,5,23,1,1,1,0,1,0,0,0,0,0,1,2
11800,attack,clean_target_effective,2,S0,0,22,1,1,1,0,1,0,0,0,0,0,1,2
11802,attack,clean_target_effective,2,S5,5,22,4,1,1,0,1,0,0,0,0,0,1,2
11807,attack,missed,0,S0,0,23,7,1,0,0,0,1,0,0,0,0,0,0
11810,attack,missed,0,S0,0,23,6,1,0,0,0,1,0,0,0,0,0,0
11814,attack,clean_target_ineffective,1,S5,5,22,4,1,1,1,0,0,0,0,0,1,0,1
11818,attack,multi_hit,4,S5,5,23,6,1,0,0,0,0,0,1,0,0,0,0
11830,attack,off_target,3,S5,5,22,1,1,0,0,0,0,1,0,0,0,0,0
11831,attack,missed,0,S5,5,22,2,1,0,0,0,1,0,0,0,0,0,0
11837,attack,multi_hit,4,S0,0,22,1,1,0,0,0,0,0,1,0,0,0,0
11842,attack,clean_target_effective,2,S5,5,23,3,1,1,0,1,0,0,0,0,0,1,2
11845,attack,missed,0,S0,0,23,3,1,0,0,0,1,0,0,0,0,0,0
11846,attack,missed,0,S0,0,22,5,1,0,0,0,1,0,0,0,0,0,0
11848,attack,off_target,3,S5,5,23,0,1,0,0,0,0,1,0,0,0,0,0
11851,attack,missed,0,S5,5,22,4,1,0,0,0,1,0,0,0,0,0,0
11861,attack,off_target,3,S0,0,23,6,1,0,0,0,0,1,0,0,0,0,0
11862,attack,off_target,3,S5,5,23,3,1,0,0,0,0,1,0,0,0,0,0
11863,attack,missed,0,S0,0,23,5,1,0,0,0,1,0,0,0,0,0,0
11870,attack,clean_target_effective,2,S5,5,23,1,1,1,0,1,0,0,0,0,0,1,2
11871,attack,clean_target_effective,2,S5,5,22,3,1,1,0,1,0,0,0,0,0,1,2
11877,attack,clean_target_effective,2,S5,5,23,3,1,1,0,1,0,0,0,0,0,1,2
11886,attack,invalid_reset,5,S0,0,23,6,0,0,0,0,0,0,0,1,0,0,0
11888,attack,off_target,3,S5,5,23,7,1,0,0,0,0,1,0,0,0,0,0
11890,attack,clean_target_effective,2,S0,0,22,1,1,1,0,1,0,0,0,0,0,1,2
11893,attack,multi_hit,4,S0,0,23,0,1,0,0,0,0,0,1,0,0,0,0
11895,attack,missed,0,S0,0,23,6,1,0,0,0,1,0,0,0,0,0,0
11897,attack,missed,0,S0,0,22,7,1,0,0,0,1,0,0,0,0,0,0
11902,attack,off_target,3,S5,5,22,3,1,0,0,0,0,1,0,0,0,0,0
11905,attack,missed,0,S0,0,23,0,1,0,0,0,1,0,0,0,0,0,0
11908,attack,missed,0,S5,5,23,2,1,0,0,0,1,0,0,0,0,0,0
11912,attack,clean_target_effective,2,S0,0,22,2,1,1,0,1,0,0,0,0,0,1,2
11919,attack,off_target,3,S5,5,23,7,1,0,0,0,0,1,0,0,0,0,0
11922,attack,clean_target_effective,2,S0,0,22,5,1,1,0,1,0,0,0,0,0,1,2
11923,attack,off_target,3,S5,5,23,4,1,0,0,0,0,1,0,0,0,0,0
11927,attack,off_target,3,S5,5,22,7,1,0,0,0,0,1,0,0,0,0,0
11930,attack,off_target,3,S0,0,23,5,1,0,0,0,0,1,0,0,0,0,0
11931,attack,clean_target_effective,2,S0,0,23,1,1,1,0,1,0,0,0,0,0,1,2
11932,attack,missed,0,S0,0,22,6,1,0,0,0,1,0,0,0,0,0,0
11933,attack,clean_target_effective,2,S5,5,22,6,1,1,0,1,0,0,0,0,0,1,2
11934,attack,missed,0,S0,0,23,6,1,0,0,0,1,0,0,0,0,0,0
11939,attack,missed,0,S5,5,22,2,1,0,0,0,1,0,0,0,0,0,0
11941,attack,clean_target_effective,2,S0,0,23,0,1,1,0,1,0,0,0,0,0,1,2
11946,attack,off_target,3,S5,5,22,7,1,0,0,0,0,1,0,0,0,0,0
11954,attack,clean_target_effective,2,S0,0,22,2,1,1,0,1,0,0,0,0,0,1,2
11955,attack,clean_target_effective,2,S5,5,23,5,1,1,0,1,0,0,0,0,0,1,2
11959,attack,multi_hit,4,S5,5,22,1,1,0,0,0,0,0,1,0,0,0,0
11963,attack,invalid_reset,5,S5,5,22,7,0,0,0,0,0,0,0,1,0,0,0
11965,attack,missed,0,S0,0,23,2,1,0,0,0,1,0,0,0,0,0,0
11966,attack,clean_target_effective,2,S0,0,22,7,1,1,0,1,0,0,0,0,0,1,2
11984,attack,clean_target_effective,2,S5,5,23,4,1,1,0,1,0,0,0,0,0,1,2
11988,attack,clean_target_effective,2,S5,5,23,4,1,1,0,1,0,0,0,0,0,1,2
11991,attack,missed,0,S0,0,23,0,1,0,0,0,1,0,0,0,0,0,0
11994,attack,clean_target_effective,2,S0,0,23,0,1,1,0,1,0,0,0,0,0,1,2
11998,attack,clean_target_ineffective,1,S0,0,23,0,1,1,1,0,0,0,0,0,1,0,1
12003,attack,clean_target_effective,2,S0,0,22,6,1,1,0,1,0,0,0,0,0,1,2
12010,attack,clean_target_ineffective,1,S0,0,23,7,1,1,1,0,0,0,0,0,1,0,1
12015,attack,clean_target_effective,2,S5,5,23,4,1,1,0,1,0,0,0,0,0,1,2
12018,attack,clean_target_ineffective,1,S5,5,23,3,1,1,1,0,0,0,0,0,1,0,1
12037,attack,clean_target_effective,2,S0,0,22,1,1,1,0,1,0,0,0,0,0,1,2
12041,attack,multi_hit,4,S0,0,23,3,1,0,0,0,0,0,1,0,0,0,0
12042,attack,clean_target_effective,2,S0,0,22,1,1,1,0,1,0,0,0,0,0,1,2
12044,attack,missed,0,S0,0,22,6,1,0,0,0,1,0,0,0,0,0,0
12046,attack,invalid_reset,5,S0,0,22,5,0,0,0,0,0,0,0,1,0,0,0
12047,attack,invalid_reset,5,S0,0,23,1,0,0,0,0,0,0,0,1,0,0,0
12053,attack,multi_hit,4,S5,5,22,0,1,0,0,0,0,0,1,0,0,0,0
12054,attack,clean_target_effective,2,S0,0,22,4,1,1,0,1,0,0,0,0,0,1,2
12055,attack,multi_hit,4,S0,0,23,2,1,0,0,0,0,0,1,0,0,0,0
12073,attack,multi_hit,4,S0,0,22,7,1,0,0,0,0,0,1,0,0,0,0
12076,attack,clean_target_effective,2,S0,0,23,6,1,1,0,1,0,0,0,0,0,1,2
12080,attack,off_target,3,S0,0,22,6,1,0,0,0,0,1,0,0,0,0,0
12085,attack,clean_target_effective,2,S5,5,22,4,1,1,0,1,0,0,0,0,0,1,2
12086,attack,off_target,3,S0,0,23,1,1,0,0,0,0,1,0,0,0,0,0
12088,attack,off_target,3,S0,0,22,1,1,0,0,0,0,1,0,0,0,0,0
12094,attack,clean_target_ineffective,1,S0,0,23,5,1,1,1,0,0,0,0,0,1,0,1
12096,attack,off_target,3,S5,5,23,6,1,0,0,0,0,1,0,0,0,0,0
12106,attack,missed,0,S0,0,22,4,1,0,0,0,1,0,0,0,0,0,0
12112,attack,off_target,3,S0,0,22,1,1,0,0,0,0,1,0,0,0,0,0
12122,attack,clean_target_ineffective,1,S5,5,22,5,1,1,1,0,0,0,0,0,1,0,1
12125,attack,clean_target_effective,2,S0,0,23,0,1,1,0,1,0,0,0,0,0,1,2
12130,attack,missed,0,S5,5,23,1,1,0,0,0,1,0,0,0,0,0,0
12140,attack,clean_target_effective,2,S0,0,23,4,1,1,0,1,0,0,0,0,0,1,2
12152,attack,missed,0,S0,0,22,2,1,0,0,0,1,0,0,0,0,0,0
12157,attack,clean_target_effective,2,S5,5,22,6,1,1,0,1,0,0,0,0,0,1,2
12166,attack,missed,0,S5,5,22,5,1,0,0,0,1,0,0,0,0,0,0
12167,attack,missed,0,S5,5,22,0,1,0,0,0,1,0,0,0,0,0,0
12170,attack,missed,0,S0,0,23,4,1,0,0,0,1,0,0,0,0,0,0
12174,attack,off_target,3,S0,0,23,6,1,0,0,0,0,1,0,0,0,0,0
12186,attack,multi_hit,4,S0,0,22,0,1,0,0,0,0,0,1,0,0,0,0
12187,attack,off_target,3,S5,5,23,1,1,0,0,0,0,1,0,0,0,0,0
12188,attack,missed,0,S0,0,22,0,1,0,0,0,1,0,0,0,0,0,0
12190,attack,clean_target_effective,2,S0,0,23,7,1,1,0,1,0,0,0,0,0,1,2
12192,attack,off_target,3,S0,0,23,3,1,0,0,0,0,1,0,0,0,0,0
12203,attack,clean_target_effective,2,S5,5,23,1,1,1,0,1,0,0,0,0,0,1,2
12210,attack,multi_hit,4,S0,0,22,4,1,0,0,0,0,0,1,0,0,0,0
12211,attack,missed,0,S5,5,22,2,1,0,0,0,1,0,0,0,0,0,0
12231,attack,missed,0,S0,0,22,2,1,0,0,0,1,0,0,0,0,0,0
12232,attack,multi_hit,4,S5,5,23,6,1,0,0,0,0,0,1,0,0,0,0
12235,attack,clean_target_effective,2,S5,5,22,3,1,1,0,1,0,0,0,0,0,1,2
12236,attack,clean_target_effective,2,S0,0,23,4,1,1,0,1,0,0,0,0,0,1,2
12251,attack,clean_target_effective,2,S5,5,23,1,1,1,0,1,0,0,0,0,0,1,2
12254,attack,off_target,3,S5,5,23,0,1,0,0,0,0,1,0,0,0,0,0
12262,attack,missed,0,S0,0,23,3,1,0,0,0,1,0,0,0,0,0,0
12271,attack,multi_hit,4,S5,5,23,2,1,0,0,0,0,0,1,0,0,0,0
12273,attack,multi_hit,4,S0,0,22,0,1,0,0,0,0,0,1,0,0,0,0
12274,attack,missed,0,S0,0,22,3,1,0,0,0,1,0,0,0,0,0,0
12279,attack,clean_target_effective,2,S5,5,23,0,1,1,0,1,0,0,0,0,0,1,2
12281,attack,clean_target_ineffective,1,S5,5,22,4,1,1,1,0,0,0,0,0,1,0,1
12284,attack,off_target,3,S5,5,22,7,1,0,0,0,0,1,0,0,0,0,0
12287,attack,clean_target_effective,2,S0,0,23,4,1,1,0,1,0,0,0,0,0,1,2
12291,attack,multi_hit,4,S5,5,22,2,1,0,0,0,0,0,1,0,0,0,0
12293,attack,missed,0,S0,0,23,6,1,0,0,0,1,0,0,0,0,0,0
12294,attack,off_target,3,S0,0,23,6,1,0,0,0,0,1,0,0,0,0,0
12296,attack,missed,0,S0,0,22,2,1,0,0,0,1,0,0,0,0,0,0
12297,attack,off_target,3,S0,0,23,4,1,0,0,0,0,1,0,0,0,0,0
12299,attack,clean_target_effective,2,S5,5,23,7,1,1,0,1,0,0,0,0,0,1,2
12303,attack,clean_target_effective,2,S5,5,22,3,1,1,0,1,0,0,0,0,0,1,2
12306,attack,clean_target_effective,2,S5,5,22,7,1,1,0,1,0,0,0,0,0,1,2
12313,attack,clean_target_effective,2,S0,0,22,5,1,1,0,1,0,0,0,0,0,1,2
12320,attack,off_target,3,S5,5,23,5,1,0,0,0,0,1,0,0,0,0,0
12322,attack,clean_target_effective,2,S0,0,23,2,1,1,0,1,0,0,0,0,0,1,2
12325,attack,missed,0,S0,0,22,3,1,0,0,0,1,0,0,0,0,0,0
12326,attack,clean_target_ineffective,1,S5,5,22,5,1,1,1,0,0,0,0,0,1,0,1
12331,attack,clean_target_effective,2,S0,0,23,5,1,1,0,1,0,0,0,0,0,1,2
12335,attack,multi_hit,4,S0,0,23,6,1,0,0,0,0,0,1,0,0,0,0
12339,attack,clean_target_effective,2,S5,5,22,6,1,1,0,1,0,0,0,0,0,1,2
12344,attack,clean_target_effective,2,S5,5,22,1,1,1,0,1,0,0,0,0,0,1,2
12347,attack,clean_target_effective,2,S0,0,23,4,1,1,0,1,0,0,0,0,0,1,2
12349,attack,clean_target_effective,2,S5,5,23,7,1,1,0,1,0,0,0,0,0,1,2
12350,attack,missed,0,S5,5,22,5,1,0,0,0,1,0,0,0,0,0,0
12353,attack,clean_target_effective,2,S0,0,22,0,1,1,0,1,0,0,0,0,0,1,2
12355,attack,multi_hit,4,S5,5,23,2,1,0,0,0,0,0,1,0,0,0,0
12358,attack,missed,0,S5,5,22,6,1,0,0,0,1,0,0,0,0,0,0
12359,attack,invalid_reset,5,S5,5,23,2,0,0,0,0,0,0,0,1,0,0,0
12363,attack,clean_target_effective,2,S0,0,22,1,1,1,0,1,0,0,0,0,0,1,2
12364,attack,clean_target_ineffective,1,S0,0,22,1,1,1,1,0,0,0,0,0,1,0,1
12366,attack,missed,0,S0,0,23,2,1,0,0,0,1,0,0,0,0,0,0
12374,attack,clean_target_ineffective,1,S5,5,22,3,1,1,1,0,0,0,0,0,1,0,1
12378,attack,clean_target_effective,2,S5,5,22,3,1,1,0,1,0,0,0,0,0,1,2
12381,attack,clean_target_effective,2,S5,5,23,7,1,1,0,1,0,0,0,0,0,1,2
12385,attack,clean_target_effective,2,S5,5,22,0,1,1,0,1,0,0,0,0,0,1,2
12389,attack,clean_target_effective,2,S5,5,23,6,1,1,0,1,0,0,0,0,0,1,2
12394,attack,missed,0,S5,5,23,0,1,0,0,0,1,0,0,0,0,0,0
12402,attack,clean_target_effective,2,S0,0,23,1,1,1,0,1,0,0,0,0,0,1,2
12403,attack,missed,0,S5,5,22,5,1,0,0,0,1,0,0,0,0,0,0
12409,attack,clean_target_effective,2,S5,5,22,2,1,1,0,1,0,0,0,0,0,1,2
12412,attack,clean_target_effective,2,S5,5,23,3,1,1,0,1,0,0,0,0,0,1,2
12419,attack,missed,0,S5,5,22,1,1,0,0,0,1,0,0,0,0,0,0
12424,attack,missed,0,S5,5,22,0,1,0,0,0,1,0,0,0,0,0,0
12426,attack,multi_hit,4,S5,5,23,7,1,0,0,0,0,0,1,0,0,0,0
12427,attack,missed,0,S5,5,22,0,1,0,0,0,1,0,0,0,0,0,0
12429,attack,off_target,3,S0,0,22,6,1,0,0,0,0,1,0,0,0,0,0
12430,attack,invalid_reset,5,S5,5,22,6,0,0,0,0,0,0,0,1,0,0,0
12435,attack,missed,0,S0,0,22,5,1,0,0,0,1,0,0,0,0,0,0
12439,attack,invalid_reset,5,S0,0,23,4,0,0,0,0,0,0,0,1,0,0,0
12441,attack,missed,0,S5,5,22,7,1,0,0,0,1,0,0,0,0,0,0
12448,attack,invalid_reset,5,S0,0,23,6,0,0,0,0,0,0,0,1,0,0,0
12452,attack,clean_target_effective,2,S5,5,23,7,1,1,0,1,0,0,0,0,0,1,2
12462,attack,clean_target_effective,2,S5,5,22,3,1,1,0,1,0,0,0,0,0,1,2
12463,attack,missed,0,S0,0,23,0,1,0,0,0,1,0,0,0,0,0,0
12464,attack,invalid_reset,5,S0,0,23,2,0,0,0,0,0,0,0,1,0,0,0
12466,attack,off_target,3,S0,0,23,4,1,0,0,0,0,1,0,0,0,0,0
12468,attack,clean_target_ineffective,1,S0,0,23,2,1,1,1,0,0,0,0,0,1,0,1
12474,attack,off_target,3,S5,5,22,6,1,0,0,0,0,1,0,0,0,0,0
12481,attack,missed,0,S5,5,22,3,1,0,0,0,1,0,0,0,0,0,0
12482,attack,missed,0,S5,5,22,3,1,0,0,0,1,0,0,0,0,0,0
12484,attack,missed,0,S0,0,23,0,1,0,0,0,1,0,0,0,0,0,0
12486,attack,clean_target_effective,2,S0,0,23,6,1,1,0,1,0,0,0,0,0,1,2
12492,attack,off_target,3,S0,0,23,6,1,0,0,0,0,1,0,0,0,0,0
12493,attack,multi_hit,4,S0,0,22,6,1,0,0,0,0,0,1,0,0,0,0
12498,attack,missed,0,S5,5,23,2,1,0,0,0,1,0,0,0,0,0,0
12499,attack,missed,0,S0,0,23,5,1,0,0,0,1,0,0,0,0,0,0
12502,attack,missed,0,S0,0,23,1,1,0,0,0,1,0,0,0,0,0,0
12503,attack,clean_target_ineffective,1,S5,5,22,2,1,1,1,0,0,0,0,0,1,0,1
12509,attack,clean_target_ineffective,1,S0,0,23,2,1,1,1,0,0,0,0,0,1,0,1
12515,attack,clean_target_effective,2,S0,0,23,5,1,1,0,1,0,0,0,0,0,1,2
12520,attack,clean_target_ineffective,1,S5,5,23,4,1,1,1,0,0,0,0,0,1,0,1
12522,attack,missed,0,S0,0,23,5,1,0,0,0,1,0,0,0,0,0,0
12524,attack,multi_hit,4,S5,5,22,0,1,0,0,0,0,0,1,0,0,0,0
12527,attack,missed,0,S5,5,22,6,1,0,0,0,1,0,0,0,0,0,0
12532,attack,off_target,3,S0,0,23,4,1,0,0,0,0,1,0,0,0,0,0
12536,attack,missed,0,S5,5,22,6,1,0,0,0,1,0,0,0,0,0,0
12538,attack,clean_target_effective,2,S0,0,23,4,1,1,0,1,0,0,0,0,0,1,2
12541,attack,missed,0,S5,5,22,5,1,0,0,0,1,0,0,0,0,0,0
12546,attack,off_target,3,S0,0,22,3,1,0,0,0,0,1,0,0,0,0,0
12547,attack,missed,0,S0,0,23,4,1,0,0,0,1,0,0,0,0,0,0
12550,attack,multi_hit,4,S0,0,22,6,1,0,0,0,0,0,1,0,0,0,0
12551,attack,clean_target_effective,2,S5,5,22,7,1,1,0,1,0,0,0,0,0,1,2
12568,attack,missed,0,S0,0,23,7,1,0,0,0,1,0,0,0,0,0,0
12581,attack,missed,0,S5,5,23,2,1,0,0,0,1,0,0,0,0,0,0
12582,attack,missed,0,S5,5,22,6,1,0,0,0,1,0,0,0,0,0,0
12590,attack,clean_target_effective,2,S0,0,22,2,1,1,0,1,0,0,0,0,0,1,2
12592,attack,multi_hit,4,S0,0,22,2,1,0,0,0,0,0,1,0,0,0,0
12593,attack,clean_target_effective,2,S0,0,22,6,1,1,0,1,0,0,0,0,0,1,2
12594,attack,off_target,3,S5,5,23,4,1,0,0,0,0,1,0,0,0,0,0
12598,attack,off_target,3,S5,5,22,7,1,0,0,0,0,1,0,0,0,0,0
12599,attack,clean_target_effective,2,S0,0,23,3,1,1,0,1,0,0,0,0,0,1,2
12604,attack,missed,0,S0,0,22,6,1,0,0,0,1,0,0,0,0,0,0
12605,attack,off_target,3,S0,0,23,3,1,0,0,0,0,1,0,0,0,0,0
12608,attack,clean_target_ineffective,1,S5,5,22,6,1,1,1,0,0,0,0,0,1,0,1
12614,attack,clean_target_effective,2,S5,5,23,5,1,1,0,1,0,0,0,0,0,1,2
12620,attack,missed,0,S0,0,22,1,1,0,0,0,1,0,0,0,0,0,0
12621,attack,off_target,3,S5,5,23,5,1,0,0,0,0,1,0,0,0,0,0
12624,attack,missed,0,S0,0,22,7,1,0,0,0,1,0,0,0,0,0,0
12627,attack,clean_target_effective,2,S0,0,23,4,1,1,0,1,0,0,0,0,0,1,2
12634,attack,missed,0,S5,5,23,1,1,0,0,0,1,0,0,0,0,0,0
12635,attack,clean_target_ineffective,1,S5,5,23,6,1,1,1,0,0,0,0,0,1,0,1
12645,attack,off_target,3,S5,5,22,5,1,0,0,0,0,1,0,0,0,0,0
12653,attack,missed,0,S0,0,23,4,1,0,0,0,1,0,0,0,0,0,0
12660,attack,multi_hit,4,S5,5,23,0,1,0,0,0,0,0,1,0,0,0,0
12665,attack,clean_target_effective,2,S0,0,22,1,1,1,0,1,0,0,0,0,0,1,2
12671,attack,missed,0,S0,0,23,7,1,0,0,0,1,0,0,0,0,0,0
12688,attack,missed,0,S5,5,22,2,1,0,0,0,1,0,0,0,0,0,0
12689,attack,multi_hit,4,S5,5,22,3,1,0,0,0,0,0,1,0,0,0,0
12690,attack,clean_target_effective,2,S5,5,22,6,1,1,0,1,0,0,0,0,0,1,2
12701,attack,multi_hit,4,S0,0,23,2,1,0,0,0,0,0,1,0,0,0,0
12702,attack,missed,0,S5,5,22,2,1,0,0,0,1,0,0,0,0,0,0
12703,attack,clean_target_effective,2,S0,0,22,7,1,1,0,1,0,0,0,0,0,1,2
12706,attack,clean_target_effective,2,S5,5,23,5,1,1,0,1,0,0,0,0,0,1,2
12709,attack,missed,0,S0,0,22,4,1,0,0,0,1,0,0,0,0,0,0
12714,attack,missed,0,S0,0,23,0,1,0,0,0,1,0,0,0,0,0,0
12716,attack,clean_target_ineffective,1,S5,5,22,7,1,1,1,0,0,0,0,0,1,0,1
12722,attack,off_target,3,S0,0,23,4,1,0,0,0,0,1,0,0,0,0,0
12723,attack,off_target,3,S5,5,23,4,1,0,0,0,0,1,0,0,0,0,0
12724,attack,clean_target_effective,2,S5,5,23,4,1,1,0,1,0,0,0,0,0,1,2
12731,attack,missed,0,S5,5,22,0,1,0,0,0,1,0,0,0,0,0,0
12737,attack,missed,0,S0,0,23,6,1,0,0,0,1,0,0,0,0,0,0
12740,attack,clean_target_effective,2,S0,0,23,0,1,1,0,1,0,0,0,0,0,1,2
12744,attack,multi_hit,4,S0,0,22,6,1,0,0,0,0,0,1,0,0,0,0
12745,attack,invalid_reset,5,S0,0,23,0,0,0,0,0,0,0,0,1,0,0,0
12749,attack,missed,0,S0,0,22,2,1,0,0,0,1,0,0,0,0,0,0
12750,attack,off_target,3,S5,5,23,6,1,0,0,0,0,1,0,0,0,0,0
12751,attack,clean_target_ineffective,1,S5,5,23,3,1,1,1,0,0,0,0,0,1,0,1
12753,attack,clean_target_effective,2,S5,5,22,4,1,1,0,1,0,0,0,0,0,1,2
12754,attack,off_target,3,S0,0,22,2,1,0,0,0,0,1,0,0,0,0,0
12755,attack,clean_target_effective,2,S5,5,22,1,1,1,0,1,0,0,0,0,0,1,2
12757,attack,missed,0,S5,5,23,3,1,0,0,0,1,0,0,0,0,0,0
12768,attack,clean_target_effective,2,S5,5,23,1,1,1,0,1,0,0,0,0,0,1,2
12770,attack,missed,0,S0,0,22,3,1,0,0,0,1,0,0,0,0,0,0
12772,attack,off_target,3,S5,5,23,1,1,0,0,0,0,1,0,0,0,0,0
12774,attack,clean_target_effective,2,S0,0,22,1,1,1,0,1,0,0,0,0,0,1,2
12780,attack,clean_target_effective,2,S0,0,22,6,1,1,0,1,0,0,0,0,0,1,2
12784,attack,missed,0,S5,5,23,6,1,0,0,0,1,0,0,0,0,0,0
12793,attack,missed,0,S5,5,22,6,1,0,0,0,1,0,0,0,0,0,0
12797,attack,clean_target_effective,2,S5,5,23,5,1,1,0,1,0,0,0,0,0,1,2
12800,attack,clean_target_effective,2,S5,5,23,5,1,1,0,1,0,0,0,0,0,1,2
12801,attack,off_target,3,S0,0,22,6,1,0,0,0,0,1,0,0,0,0,0
12804,attack,missed,0,S5,5,23,6,1,0,0,0,1,0,0,0,0,0,0
12805,attack,clean_target_effective,2,S0,0,23,4,1,1,0,1,0,0,0,0,0,1,2
12806,attack,clean_target_effective,2,S0,0,22,5,1,1,0,1,0,0,0,0,0,1,2
12808,attack,clean_target_effective,2,S0,0,22,5,1,1,0,1,0,0,0,0,0,1,2
12809,attack,missed,0,S0,0,22,1,1,0,0,0,1,0,0,0,0,0,0
12810,attack,clean_target_effective,2,S0,0,22,4,1,1,0,1,0,0,0,0,0,1,2
12811,attack,clean_target_effective,2,S5,5,23,5,1,1,0,1,0,0,0,0,0,1,2
12818,attack,clean_target_effective,2,S5,5,22,2,1,1,0,1,0,0,0,0,0,1,2
12819,attack,clean_target_effective,2,S5,5,22,3,1,1,0,1,0,0,0,0,0,1,2
12822,attack,missed,0,S5,5,22,2,1,0,0,0,1,0,0,0,0,0,0
12824,attack,off_target,3,S5,5,23,0,1,0,0,0,0,1,0,0,0,0,0
12826,attack,clean_target_effective,2,S0,0,22,1,1,1,0,1,0,0,0,0,0,1,2
12828,attack,off_target,3,S0,0,22,3,1,0,0,0,0,1,0,0,0,0,0
12837,attack,missed,0,S5,5,22,3,1,0,0,0,1,0,0,0,0,0,0
12842,attack,multi_hit,4,S0,0,22,2,1,0,0,0,0,0,1,0,0,0,0
12844,attack,clean_target_effective,2,S5,5,23,7,1,1,0,1,0,0,0,0,0,1,2
12850,attack,multi_hit,4,S0,0,23,7,1,0,0,0,0,0,1,0,0,0,0
12858,attack,clean_target_effective,2,S0,0,23,2,1,1,0,1,0,0,0,0,0,1,2
12862,attack,missed,0,S0,0,22,3,1,0,0,0,1,0,0,0,0,0,0
12864,attack,clean_target_effective,2,S0,0,22,5,1,1,0,1,0,0,0,0,0,1,2
12873,attack,off_target,3,S0,0,22,6,1,0,0,0,0,1,0,0,0,0,0
12874,attack,multi_hit,4,S5,5,22,6,1,0,0,0,0,0,1,0,0,0,0
12876,attack,multi_hit,4,S0,0,23,4,1,0,0,0,0,0,1,0,0,0,0
12886,attack,missed,0,S0,0,22,5,1,0,0,0,1,0,0,0,0,0,0
12887,attack,clean_target_effective,2,S5,5,22,2,1,1,0,1,0,0,0,0,0,1,2
12890,attack,missed,0,S0,0,22,3,1,0,0,0,1,0,0,0,0,0,0
12906,attack,multi_hit,4,S5,5,22,7,1,0,0,0,0,0,1,0,0,0,0
12913,attack,missed,0,S5,5,22,3,1,0,0,0,1,0,0,0,0,0,0
12916,attack,clean_target_ineffective,1,S5,5,23,4,1,1,1,0,0,0,0,0,1,0,1
12917,attack,off_target,3,S5,5,23,5,1,0,0,0,0,1,0,0,0,0,0
12923,attack,clean_target_effective,2,S5,5,22,0,1,1,0,1,0,0,0,0,0,1,2
12927,attack,missed,0,S0,0,23,3,1,0,0,0,1,0,0,0,0,0,0
12930,attack,clean_target_effective,2,S0,0,22,3,1,1,0,1,0,0,0,0,0,1,2
12933,attack,multi_hit,4,S5,5,22,6,1,0,0,0,0,0,1,0,0,0,0
12936,attack,off_target,3,S5,5,22,2,1,0,0,0,0,1,0,0,0,0,0
12938,attack,clean_target_ineffective,1,S0,0,22,4,1,1,1,0,0,0,0,0,1,0,1
12939,attack,missed,0,S5,5,23,2,1,0,0,0,1,0,0,0,0,0,0
12946,attack,multi_hit,4,S5,5,22,3,1,0,0,0,0,0,1,0,0,0,0
12947,attack,clean_target_effective,2,S0,0,22,3,1,1,0,1,0,0,0,0,0,1,2
12956,attack,missed,0,S5,5,22,6,1,0,0,0,1,0,0,0,0,0,0
12958,attack,missed,0,S5,5,22,5,1,0,0,0,1,0,0,0,0,0,0
12960,attack,missed,0,S5,5,22,3,1,0,0,0,1,0,0,0,0,0,0
12962,attack,off_target,3,S0,0,23,4,1,0,0,0,0,1,0,0,0,0,0
12965,attack,clean_target_effective,2,S0,0,23,5,1,1,0,1,0,0,0,0,0,1,2
12967,attack,clean_target_ineffective,1,S5,5,23,6,1,1,1,0,0,0,0,0,1,0,1
12970,attack,missed,0,S5,5,22,0,1,0,0,0,1,0,0,0,0,0,0
12973,attack,clean_target_effective,2,S5,5,23,7,1,1,0,1,0,0,0,0,0,1,2
12975,attack,multi_hit,4,S5,5,23,4,1,0,0,0,0,0,1,0,0,0,0
12977,attack,off_target,3,S5,5,22,2,1,0,0,0,0,1,0,0,0,0,0
12982,attack,multi_hit,4,S0,0,22,7,1,0,0,0,0,0,1,0,0,0,0
12984,attack,off_target,3,S5,5,23,0,1,0,0,0,0,1,0,0,0,0,0
12990,attack,clean_target_effective,2,S5,5,23,4,1,1,0,1,0,0,0,0,0,1,2
12992,attack,missed,0,S5,5,22,1,1,0,0,0,1,0,0,0,0,0,0
12994,attack,invalid_reset,5,S5,5,23,3,0,0,0,0,0,0,0,1,0,0,0
12998,attack,clean_target_effective,2,S5,5,23,6,1,1,0,1,0,0,0,0,0,1,2
12999,attack,missed,0,S5,5,23,0,1,0,0,0,1,0,0,0,0,0,0
13000,attack,clean_target_effective,2,S5,5,22,1,1,1,0,1,0,0,0,0,0,1,2
13001,attack,clean_target_ineffective,1,S5,5,22,3,1,1,1,0,0,0,0,0,1,0,1
13010,attack,clean_target_ineffective,1,S0,0,23,6,1,1,1,0,0,0,0,0,1,0,1
13011,attack,clean_target_ineffective,1,S5,5,23,2,1,1,1,0,0,0,0,0,1,0,1
13015,attack,clean_target_effective,2,S0,0,23,7,1,1,0,1,0,0,0,0,0,1,2
13018,attack,clean_target_effective,2,S5,5,23,3,1,1,0,1,0,0,0,0,0,1,2
13020,attack,missed,0,S5,5,22,4,1,0,0,0,1,0,0,0,0,0,0
13023,attack,clean_target_ineffective,1,S0,0,23,3,1,1,1,0,0,0,0,0,1,0,1
13026,attack,off_target,3,S5,5,23,7,1,0,0,0,0,1,0,0,0,0,0
13033,attack,multi_hit,4,S5,5,23,0,1,0,0,0,0,0,1,0,0,0,0
13038,attack,clean_target_ineffective,1,S0,0,22,7,1,1,1,0,0,0,0,0,1,0,1
13041,attack,missed,0,S0,0,23,3,1,0,0,0,1,0,0,0,0,0,0
13043,attack,off_target,3,S0,0,23,3,1,0,0,0,0,1,0,0,0,0,0
13045,attack,missed,0,S5,5,23,7,1,0,0,0,1,0,0,0,0,0,0
13046,attack,clean_target_ineffective,1,S5,5,23,4,1,1,1,0,0,0,0,0,1,0,1
13053,attack,multi_hit,4,S0,0,22,6,1,0,0,0,0,0,1,0,0,0,0
13054,attack,clean_target_effective,2,S5,5,22,1,1,1,0,1,0,0,0,0,0,1,2
13059,attack,multi_hit,4,S0,0,23,6,1,0,0,0,0,0,1,0,0,0,0
13067,attack,missed,0,S5,5,22,3,1,0,0,0,1,0,0,0,0,0,0
13072,attack,multi_hit,4,S5,5,22,5,1,0,0,0,0,0,1,0,0,0,0
13077,attack,off_target,3,S5,5,23,7,1,0,0,0,0,1,0,0,0,0,0
13079,attack,clean_target_effective,2,S0,0,23,2,1,1,0,1,0,0,0,0,0,1,2
13081,attack,missed,0,S5,5,23,7,1,0,0,0,1,0,0,0,0,0,0
13082,attack,off_target,3,S5,5,23,4,1,0,0,0,0,1,0,0,0,0,0
13083,attack,missed,0,S0,0,23,7,1,0,0,0,1,0,0,0,0,0,0
13090,attack,clean_target_effective,2,S0,0,22,2,1,1,0,1,0,0,0,0,0,1,2
13095,attack,clean_target_ineffective,1,S5,5,22,1,1,1,1,0,0,0,0,0,1,0,1
13102,attack,clean_target_effective,2,S0,0,22,0,1,1,0,1,0,0,0,0,0,1,2
13103,attack,clean_target_effective,2,S0,0,22,4,1,1,0,1,0,0,0,0,0,1,2
13104,attack,off_target,3,S5,5,23,5,1,0,0,0,0,1,0,0,0,0,0
13110,attack,missed,0,S5,5,22,4,1,0,0,0,1,0,0,0,0,0,0
13121,attack,clean_target_effective,2,S0,0,22,6,1,1,0,1,0,0,0,0,0,1,2
13126,attack,clean_target_effective,2,S0,0,23,3,1,1,0,1,0,0,0,0,0,1,2
13130,attack,missed,0,S0,0,22,7,1,0,0,0,1,0,0,0,0,0,0
13131,attack,off_target,3,S0,0,23,7,1,0,0,0,0,1,0,0,0,0,0
13134,attack,missed,0,S5,5,22,6,1,0,0,0,1,0,0,0,0,0,0
13136,attack,clean_target_effective,2,S0,0,23,4,1,1,0,1,0,0,0,0,0,1,2
13138,attack,off_target,3,S5,5,22,6,1,0,0,0,0,1,0,0,0,0,0
13140,attack,clean_target_effective,2,S0,0,22,2,1,1,0,1,0,0,0,0,0,1,2
13142,attack,missed,0,S5,5,23,7,1,0,0,0,1,0,0,0,0,0,0
13143,attack,off_target,3,S0,0,23,5,1,0,0,0,0,1,0,0,0,0,0
13144,attack,clean_target_effective,2,S0,0,23,1,1,1,0,1,0,0,0,0,0,1,2
13147,attack,clean_target_ineffective,1,S5,5,22,7,1,1,1,0,0,0,0,0,1,0,1
13153,attack,clean_target_effective,2,S0,0,22,4,1,1,0,1,0,0,0,0,0,1,2
13155,attack,clean_target_ineffective,1,S5,5,23,5,1,1,1,0,0,0,0,0,1,0,1
13156,attack,clean_target_ineffective,1,S0,0,23,6,1,1,1,0,0,0,0,0,1,0,1
13158,attack,missed,0,S0,0,23,2,1,0,0,0,1,0,0,0,0,0,0
13161,attack,missed,0,S0,0,23,4,1,0,0,0,1,0,0,0,0,0,0
13164,attack,off_target,3,S0,0,22,6,1,0,0,0,0,1,0,0,0,0,0
13165,attack,missed,0,S0,0,22,6,1,0,0,0,1,0,0,0,0,0,0
13166,attack,clean_target_effective,2,S0,0,22,7,1,1,0,1,0,0,0,0,0,1,2
13167,attack,missed,0,S5,5,22,7,1,0,0,0,1,0,0,0,0,0,0
13170,attack,clean_target_ineffective,1,S0,0,22,1,1,1,1,0,0,0,0,0,1,0,1
13174,attack,clean_target_effective,2,S5,5,22,1,1,1,0,1,0,0,0,0,0,1,2
13178,attack,multi_hit,4,S5,5,22,1,1,0,0,0,0,0,1,0,0,0,0
13179,attack,missed,0,S0,0,23,0,1,0,0,0,1,0,0,0,0,0,0
13180,attack,off_target,3,S5,5,23,6,1,0,0,0,0,1,0,0,0,0,0
13182,attack,off_target,3,S0,0,23,4,1,0,0,0,0,1,0,0,0,0,0
13184,attack,clean_target_effective,2,S5,5,23,6,1,1,0,1,0,0,0,0,0,1,2
13191,attack,multi_hit,4,S5,5,23,0,1,0,0,0,0,0,1,0,0,0,0
13192,attack,clean_target_effective,2,S0,0,22,6,1,1,0,1,0,0,0,0,0,1,2
13194,attack,off_target,3,S5,5,22,6,1,0,0,0,0,1,0,0,0,0,0
13199,attack,missed,0,S5,5,23,7,1,0,0,0,1,0,0,0,0,0,0
13206,attack,off_target,3,S0,0,23,4,1,0,0,0,0,1,0,0,0,0,0
13209,attack,missed,0,S0,0,23,5,1,0,0,0,1,0,0,0,0,0,0
13222,attack,clean_target_effective,2,S0,0,23,3,1,1,0,1,0,0,0,0,0,1,2
13235,attack,clean_target_effective,2,S0,0,22,7,1,1,0,1,0,0,0,0,0,1,2
13237,attack,clean_target_effective,2,S5,5,22,7,1,1,0,1,0,0,0,0,0,1,2
13240,attack,clean_target_effective,2,S0,0,23,5,1,1,0,1,0,0,0,0,0,1,2
13241,attack,missed,0,S0,0,22,0,1,0,0,0,1,0,0,0,0,0,0
13244,attack,missed,0,S0,0,23,3,1,0,0,0,1,0,0,0,0,0,0
13248,attack,clean_target_effective,2,S5,5,22,6,1,1,0,1,0,0,0,0,0,1,2
13249,attack,missed,0,S5,5,22,3,1,0,0,0,1,0,0,0,0,0,0
13250,attack,missed,0,S5,5,23,4,1,0,0,0,1,0,0,0,0,0,0
13251,attack,clean_target_ineffective,1,S5,5,22,6,1,1,1,0,0,0,0,0,1,0,1
13253,attack,invalid_reset,5,S5,5,22,5,0,0,0,0,0,0,0,1,0,0,0
13255,attack,missed,0,S0,0,23,2,1,0,0,0,1,0,0,0,0,0,0
13260,attack,clean_target_ineffective,1,S5,5,23,6,1,1,1,0,0,0,0,0,1,0,1
13265,attack,missed,0,S5,5,22,2,1,0,0,0,1,0,0,0,0,0,0
13269,attack,clean_target_ineffective,1,S5,5,22,1,1,1,1,0,0,0,0,0,1,0,1
13273,attack,invalid_reset,5,S0,0,22,2,0,0,0,0,0,0,0,1,0,0,0
13286,attack,clean_target_effective,2,S0,0,23,1,1,1,0,1,0,0,0,0,0,1,2
13290,attack,clean_target_effective,2,S5,5,23,2,1,1,0,1,0,0,0,0,0,1,2
13298,attack,missed,0,S5,5,23,4,1,0,0,0,1,0,0,0,0,0,0
13299,attack,missed,0,S0,0,22,7,1,0,0,0,1,0,0,0,0,0,0
13302,attack,missed,0,S0,0,22,2,1,0,0,0,1,0,0,0,0,0,0
13307,attack,missed,0,S5,5,22,7,1,0,0,0,1,0,0,0,0,0,0
13308,attack,missed,0,S5,5,23,1,1,0,0,0,1,0,0,0,0,0,0
13313,attack,clean_target_ineffective,1,S0,0,23,3,1,1,1,0,0,0,0,0,1,0,1
13319,attack,clean_target_effective,2,S5,5,22,2,1,1,0,1,0,0,0,0,0,1,2
13324,attack,clean_target_ineffective,1,S0,0,23,1,1,1,1,0,0,0,0,0,1,0,1
13326,attack,missed,0,S0,0,23,2,1,0,0,0,1,0,0,0,0,0,0
13329,attack,clean_target_ineffective,1,S5,5,23,7,1,1,1,0,0,0,0,0,1,0,1
13331,attack,invalid_reset,5,S5,5,23,4,0,0,0,0,0,0,0,1,0,0,0
13343,attack,missed,0,S0,0,23,0,1,0,0,0,1,0,0,0,0,0,0
13352,attack,missed,0,S0,0,22,1,1,0,0,0,1,0,0,0,0,0,0
13355,attack,missed,0,S0,0,23,7,1,0,0,0,1,0,0,0,0,0,0
13356,attack,clean_target_effective,2,S5,5,23,5,1,1,0,1,0,0,0,0,0,1,2
13359,attack,clean_target_ineffective,1,S0,0,23,0,1,1,1,0,0,0,0,0,1,0,1
13362,attack,clean_target_effective,2,S5,5,22,4,1,1,0,1,0,0,0,0,0,1,2
13366,attack,multi_hit,4,S0,0,22,3,1,0,0,0,0,0,1,0,0,0,0
13382,attack,missed,0,S0,0,22,1,1,0,0,0,1,0,0,0,0,0,0
13383,attack,invalid_reset,5,S0,0,22,5,0,0,0,0,0,0,0,1,0,0,0
13385,attack,clean_target_ineffective,1,S0,0,22,5,1,1,1,0,0,0,0,0,1,0,1
13393,attack,clean_target_effective,2,S0,0,22,4,1,1,0,1,0,0,0,0,0,1,2
13394,attack,off_target,3,S5,5,22,0,1,0,0,0,0,1,0,0,0,0,0
13398,attack,missed,0,S0,0,23,5,1,0,0,0,1,0,0,0,0,0,0
13403,attack,clean_target_effective,2,S5,5,23,3,1,1,0,1,0,0,0,0,0,1,2
13410,attack,missed,0,S0,0,23,1,1,0,0,0,1,0,0,0,0,0,0
13413,attack,invalid_reset,5,S5,5,23,0,0,0,0,0,0,0,0,1,0,0,0
13415,attack,off_target,3,S0,0,23,0,1,0,0,0,0,1,0,0,0,0,0
13418,attack,invalid_reset,5,S5,5,23,7,0,0,0,0,0,0,0,1,0,0,0
13419,attack,off_target,3,S5,5,23,0,1,0,0,0,0,1,0,0,0,0,0
13426,attack,missed,0,S0,0,23,5,1,0,0,0,1,0,0,0,0,0,0
13429,attack,off_target,3,S0,0,23,6,1,0,0,0,0,1,0,0,0,0,0
13434,attack,clean_target_ineffective,1,S0,0,22,0,1,1,1,0,0,0,0,0,1,0,1
13435,attack,multi_hit,4,S0,0,22,5,1,0,0,0,0,0,1,0,0,0,0
13441,attack,multi_hit,4,S5,5,23,0,1,0,0,0,0,0,1,0,0,0,0
13445,attack,invalid_reset,5,S5,5,23,7,0,0,0,0,0,0,0,1,0,0,0
13455,attack,missed,0,S5,5,22,3,1,0,0,0,1,0,0,0,0,0,0
13461,attack,clean_target_ineffective,1,S5,5,22,7,1,1,1,0,0,0,0,0,1,0,1
13466,attack,clean_target_effective,2,S5,5,23,5,1,1,0,1,0,0,0,0,0,1,2
13471,attack,clean_target_effective,2,S0,0,22,5,1,1,0,1,0,0,0,0,0,1,2
13475,attack,missed,0,S5,5,22,5,1,0,0,0,1,0,0,0,0,0,0
13480,attack,missed,0,S5,5,22,1,1,0,0,0,1,0,0,0,0,0,0
13481,attack,missed,0,S0,0,23,4,1,0,0,0,1,0,0,0,0,0,0
13484,attack,missed,0,S0,0,22,5,1,0,0,0,1,0,0,0,0,0,0
13485,attack,invalid_reset,5,S0,0,22,5,0,0,0,0,0,0,0,1,0,0,0
13490,attack,clean_target_effective,2,S5,5,23,4,1,1,0,1,0,0,0,0,0,1,2
13499,attack,off_target,3,S5,5,22,3,1,0,0,0,0,1,0,0,0,0,0
13501,attack,clean_target_effective,2,S5,5,22,5,1,1,0,1,0,0,0,0,0,1,2
13503,attack,clean_target_effective,2,S0,0,22,6,1,1,0,1,0,0,0,0,0,1,2
13505,attack,missed,0,S0,0,23,2,1,0,0,0,1,0,0,0,0,0,0
13508,attack,missed,0,S5,5,23,5,1,0,0,0,1,0,0,0,0,0,0
13516,attack,missed,0,S5,5,23,6,1,0,0,0,1,0,0,0,0,0,0
13518,attack,multi_hit,4,S5,5,22,7,1,0,0,0,0,0,1,0,0,0,0
13527,attack,clean_target_ineffective,1,S0,0,22,2,1,1,1,0,0,0,0,0,1,0,1
13532,attack,clean_target_effective,2,S5,5,23,4,1,1,0,1,0,0,0,0,0,1,2
13533,attack,missed,0,S0,0,23,3,1,0,0,0,1,0,0,0,0,0,0
13540,attack,missed,0,S0,0,22,3,1,0,0,0,1,0,0,0,0,0,0
13542,attack,missed,0,S5,5,22,5,1,0,0,0,1,0,0,0,0,0,0
13544,attack,missed,0,S0,0,23,2,1,0,0,0,1,0,0,0,0,0,0
13545,attack,clean_target_effective,2,S0,0,23,7,1,1,0,1,0,0,0,0,0,1,2
13547,attack,clean_target_effective,2,S0,0,23,5,1,1,0,1,0,0,0,0,0,1,2
13548,attack,off_target,3,S5,5,23,4,1,0,0,0,0,1,0,0,0,0,0
13550,attack,off_target,3,S0,0,22,3,1,0,0,0,0,1,0,0,0,0,0
13554,attack,missed,0,S5,5,23,7,1,0,0,0,1,0,0,0,0,0,0
13556,attack,multi_hit,4,S5,5,23,4,1,0,0,0,0,0,1,0,0,0,0
13564,attack,off_target,3,S5,5,23,7,1,0,0,0,0,1,0,0,0,0,0
13575,attack,missed,0,S5,5,22,4,1,0,0,0,1,0,0,0,0,0,0
13583,attack,off_target,3,S5,5,22,7,1,0,0,0,0,1,0,0,0,0,0
13589,attack,clean_target_ineffective,1,S0,0,22,7,1,1,1,0,0,0,0,0,1,0,1
13590,attack,clean_target_effective,2,S5,5,22,1,1,1,0,1,0,0,0,0,0,1,2
13595,attack,clean_target_effective,2,S0,0,23,5,1,1,0,1,0,0,0,0,0,1,2
13602,attack,missed,0,S0,0,22,4,1,0,0,0,1,0,0,0,0,0,0
13607,attack,multi_hit,4,S5,5,23,0,1,0,0,0,0,0,1,0,0,0,0
13608,attack,clean_target_effective,2,S0,0,23,7,1,1,0,1,0,0,0,0,0,1,2
13609,attack,missed,0,S0,0,22,1,1,0,0,0,1,0,0,0,0,0,0
13618,attack,off_target,3,S5,5,23,6,1,0,0,0,0,1,0,0,0,0,0
13620,attack,clean_target_effective,2,S5,5,22,3,1,1,0,1,0,0,0,0,0,1,2
13625,attack,clean_target_ineffective,1,S0,0,23,0,1,1,1,0,0,0,0,0,1,0,1
13627,attack,clean_target_ineffective,1,S5,5,23,4,1,1,1,0,0,0,0,0,1,0,1
13634,attack,clean_target_ineffective,1,S0,0,23,6,1,1,1,0,0,0,0,0,1,0,1
13638,attack,multi_hit,4,S5,5,23,3,1,0,0,0,0,0,1,0,0,0,0
13648,attack,clean_target_effective,2,S0,0,23,2,1,1,0,1,0,0,0,0,0,1,2
13658,attack,multi_hit,4,S5,5,22,1,1,0,0,0,0,0,1,0,0,0,0
13676,attack,clean_target_effective,2,S0,0,22,7,1,1,0,1,0,0,0,0,0,1,2
13678,attack,missed,0,S5,5,22,6,1,0,0,0,1,0,0,0,0,0,0
13679,attack,missed,0,S0,0,22,4,1,0,0,0,1,0,0,0,0,0,0
13681,attack,missed,0,S0,0,23,2,1,0,0,0,1,0,0,0,0,0,0
13686,attack,clean_target_ineffective,1,S0,0,22,3,1,1,1,0,0,0,0,0,1,0,1
13691,attack,clean_target_ineffective,1,S5,5,23,1,1,1,1,0,0,0,0,0,1,0,1
13699,attack,clean_target_effective,2,S0,0,23,2,1,1,0,1,0,0,0,0,0,1,2
13701,attack,missed,0,S0,0,23,7,1,0,0,0,1,0,0,0,0,0,0
13705,attack,clean_target_effective,2,S0,0,23,4,1,1,0,1,0,0,0,0,0,1,2
13706,attack,clean_target_effective,2,S0,0,23,6,1,1,0,1,0,0,0,0,0,1,2
13709,attack,multi_hit,4,S5,5,23,5,1,0,0,0,0,0,1,0,0,0,0
13713,attack,multi_hit,4,S5,5,23,0,1,0,0,0,0,0,1,0,0,0,0
13714,attack,missed,0,S5,5,22,2,1,0,0,0,1,0,0,0,0,0,0
13723,attack,clean_target_effective,2,S0,0,23,1,1,1,0,1,0,0,0,0,0,1,2
13724,attack,missed,0,S0,0,23,1,1,0,0,0,1,0,0,0,0,0,0
13731,attack,clean_target_effective,2,S5,5,22,6,1,1,0,1,0,0,0,0,0,1,2
13744,attack,off_target,3,S5,5,22,3,1,0,0,0,0,1,0,0,0,0,0
13747,attack,multi_hit,4,S0,0,23,4,1,0,0,0,0,0,1,0,0,0,0
13751,attack,invalid_reset,5,S0,0,22,6,0,0,0,0,0,0,0,1,0,0,0
13754,attack,clean_target_effective,2,S5,5,22,1,1,1,0,1,0,0,0,0,0,1,2
13756,attack,multi_hit,4,S0,0,23,6,1,0,0,0,0,0,1,0,0,0,0
13761,attack,missed,0,S0,0,22,5,1,0,0,0,1,0,0,0,0,0,0
13763,attack,clean_target_effective,2,S5,5,23,7,1,1,0,1,0,0,0,0,0,1,2
13768,attack,missed,0,S5,5,23,5,1,0,0,0,1,0,0,0,0,0,0
13779,attack,clean_target_effective,2,S5,5,22,1,1,1,0,1,0,0,0,0,0,1,2
13783,attack,multi_hit,4,S5,5,22,1,1,0,0,0,0,0,1,0,0,0,0
13786,attack,missed,0,S5,5,23,3,1,0,0,0,1,0,0,0,0,0,0
13789,attack,multi_hit,4,S5,5,22,3,1,0,0,0,0,0,1,0,0,0,0
13800,attack,clean_target_ineffective,1,S0,0,22,7,1,1,1,0,0,0,0,0,1,0,1
13803,attack,clean_target_ineffective,1,S0,0,23,7,1,1,1,0,0,0,0,0,1,0,1
13806,attack,multi_hit,4,S5,5,23,0,1,0,0,0,0,0,1,0,0,0,0
13808,attack,clean_target_effective,2,S0,0,22,4,1,1,0,1,0,0,0,0,0,1,2
13810,attack,missed,0,S0,0,22,5,1,0,0,0,1,0,0,0,0,0,0
13812,attack,clean_target_ineffective,1,S0,0,23,3,1,1,1,0,0,0,0,0,1,0,1
13820,attack,missed,0,S0,0,22,0,1,0,0,0,1,0,0,0,0,0,0
13830,attack,clean_target_effective,2,S5,5,23,6,1,1,0,1,0,0,0,0,0,1,2
13831,attack,clean_target_effective,2,S5,5,23,5,1,1,0,1,0,0,0,0,0,1,2
13833,attack,clean_target_effective,2,S5,5,23,6,1,1,0,1,0,0,0,0,0,1,2
13849,attack,missed,0,S0,0,23,2,1,0,0,0,1,0,0,0,0,0,0
13852,attack,clean_target_effective,2,S5,5,22,7,1,1,0,1,0,0,0,0,0,1,2
13858,attack,clean_target_effective,2,S5,5,23,5,1,1,0,1,0,0,0,0,0,1,2
13860,attack,clean_target_ineffective,1,S5,5,23,3,1,1,1,0,0,0,0,0,1,0,1
13867,attack,clean_target_effective,2,S0,0,23,7,1,1,0,1,0,0,0,0,0,1,2
13874,attack,multi_hit,4,S5,5,22,0,1,0,0,0,0,0,1,0,0,0,0
13877,attack,clean_target_effective,2,S0,0,23,5,1,1,0,1,0,0,0,0,0,1,2
13880,attack,missed,0,S0,0,23,0,1,0,0,0,1,0,0,0,0,0,0
13888,attack,clean_target_effective,2,S0,0,23,3,1,1,0,1,0,0,0,0,0,1,2
13890,attack,clean_target_ineffective,1,S0,0,22,7,1,1,1,0,0,0,0,0,1,0,1
13891,attack,clean_target_ineffective,1,S0,0,22,4,1,1,1,0,0,0,0,0,1,0,1
13894,attack,missed,0,S0,0,22,0,1,0,0,0,1,0,0,0,0,0,0
13895,attack,clean_target_effective,2,S0,0,22,4,1,1,0,1,0,0,0,0,0,1,2
13897,attack,missed,0,S0,0,22,1,1,0,0,0,1,0,0,0,0,0,0
13900,attack,clean_target_effective,2,S5,5,23,5,1,1,0,1,0,0,0,0,0,1,2
13916,attack,clean_target_ineffective,1,S0,0,22,1,1,1,1,0,0,0,0,0,1,0,1
13917,attack,missed,0,S5,5,22,2,1,0,0,0,1,0,0,0,0,0,0
13919,attack,clean_target_ineffective,1,S5,5,23,7,1,1,1,0,0,0,0,0,1,0,1
13923,attack,multi_hit,4,S5,5,23,3,1,0,0,0,0,0,1,0,0,0,0
13932,attack,missed,0,S5,5,22,6,1,0,0,0,1,0,0,0,0,0,0
13938,attack,clean_target_effective,2,S5,5,22,2,1,1,0,1,0,0,0,0,0,1,2
13940,attack,invalid_reset,5,S0,0,22,5,0,0,0,0,0,0,0,1,0,0,0
13942,attack,multi_hit,4,S0,0,22,4,1,0,0,0,0,0,1,0,0,0,0
13944,attack,clean_target_effective,2,S0,0,22,5,1,1,0,1,0,0,0,0,0,1,2
13945,attack,clean_target_ineffective,1,S0,0,22,2,1,1,1,0,0,0,0,0,1,0,1
13961,attack,multi_hit,4,S0,0,22,2,1,0,0,0,0,0,1,0,0,0,0
13973,attack,clean_target_effective,2,S5,5,22,5,1,1,0,1,0,0,0,0,0,1,2
13983,attack,missed,0,S0,0,23,3,1,0,0,0,1,0,0,0,0,0,0
13994,attack,clean_target_ineffective,1,S5,5,22,6,1,1,1,0,0,0,0,0,1,0,1
13998,attack,missed,0,S5,5,22,2,1,0,0,0,1,0,0,0,0,0,0
14001,attack,invalid_reset,5,S0,0,23,6,0,0,0,0,0,0,0,1,0,0,0
14011,attack,clean_target_effective,2,S5,5,23,3,1,1,0,1,0,0,0,0,0,1,2
14013,attack,multi_hit,4,S5,5,23,6,1,0,0,0,0,0,1,0,0,0,0
14014,attack,off_target,3,S5,5,22,2,1,0,0,0,0,1,0,0,0,0,0
14015,attack,clean_target_ineffective,1,S5,5,23,0,1,1,1,0,0,0,0,0,1,0,1
14027,attack,missed,0,S0,0,23,4,1,0,0,0,1,0,0,0,0,0,0
14030,attack,multi_hit,4,S0,0,22,6,1,0,0,0,0,0,1,0,0,0,0
14040,attack,off_target,3,S0,0,22,1,1,0,0,0,0,1,0,0,0,0,0
14044,attack,off_target,3,S0,0,22,2,1,0,0,0,0,1,0,0,0,0,0
14053,attack,invalid_reset,5,S0,0,22,5,0,0,0,0,0,0,0,1,0,0,0
14059,attack,clean_target_ineffective,1,S0,0,22,7,1,1,1,0,0,0,0,0,1,0,1
14060,attack,multi_hit,4,S0,0,22,6,1,0,0,0,0,0,1,0,0,0,0
14065,attack,clean_target_effective,2,S0,0,22,0,1,1,0,1,0,0,0,0,0,1,2
14066,attack,missed,0,S0,0,22,4,1,0,0,0,1,0,0,0,0,0,0
14067,attack,clean_target_effective,2,S0,0,22,0,1,1,0,1,0,0,0,0,0,1,2
14072,attack,multi_hit,4,S5,5,23,2,1,0,0,0,0,0,1,0,0,0,0
14081,attack,missed,0,S0,0,22,4,1,0,0,0,1,0,0,0,0,0,0
14082,attack,clean_target_ineffective,1,S0,0,22,5,1,1,1,0,0,0,0,0,1,0,1
14090,attack,missed,0,S5,5,23,2,1,0,0,0,1,0,0,0,0,0,0
14100,attack,missed,0,S0,0,23,3,1,0,0,0,1,0,0,0,0,0,0
14102,attack,clean_target_ineffective,1,S5,5,22,2,1,1,1,0,0,0,0,0,1,0,1
14105,attack,clean_target_effective,2,S5,5,23,0,1,1,0,1,0,0,0,0,0,1,2
14112,attack,missed,0,S0,0,23,3,1,0,0,0,1,0,0,0,0,0,0
14114,attack,missed,0,S0,0,23,0,1,0,0,0,1,0,0,0,0,0,0
14116,attack,clean_target_effective,2,S5,5,23,6,1,1,0,1,0,0,0,0,0,1,2
14117,attack,clean_target_ineffective,1,S5,5,23,0,1,1,1,0,0,0,0,0,1,0,1
14128,attack,clean_target_effective,2,S0,0,22,3,1,1,0,1,0,0,0,0,0,1,2
14129,attack,missed,0,S0,0,22,7,1,0,0,0,1,0,0,0,0,0,0
14135,attack,clean_target_ineffective,1,S5,5,22,2,1,1,1,0,0,0,0,0,1,0,1
14136,attack,missed,0,S0,0,23,4,1,0,0,0,1,0,0,0,0,0,0
14138,attack,clean_target_effective,2,S0,0,23,4,1,1,0,1,0,0,0,0,0,1,2
14141,attack,multi_hit,4,S0,0,23,1,1,0,0,0,0,0,1,0,0,0,0
14144,attack,clean_target_ineffective,1,S5,5,22,4,1,1,1,0,0,0,0,0,1,0,1
14152,attack,clean_target_effective,2,S0,0,22,2,1,1,0,1,0,0,0,0,0,1,2
14154,attack,missed,0,S5,5,22,1,1,0,0,0,1,0,0,0,0,0,0
14160,attack,invalid_reset,5,S5,5,22,1,0,0,0,0,0,0,0,1,0,0,0
14164,attack,clean_target_ineffective,1,S5,5,22,6,1,1,1,0,0,0,0,0,1,0,1
14170,attack,clean_target_effective,2,S0,0,23,6,1,1,0,1,0,0,0,0,0,1,2
14190,attack,clean_target_effective,2,S0,0,23,0,1,1,0,1,0,0,0,0,0,1,2
14192,attack,invalid_reset,5,S5,5,22,2,0,0,0,0,0,0,0,1,0,0,0
14194,attack,invalid_reset,5,S5,5,23,2,0,0,0,0,0,0,0,1,0,0,0
14200,attack,clean_target_effective,2,S0,0,23,1,1,1,0,1,0,0,0,0,0,1,2
14202,attack,missed,0,S0,0,23,2,1,0,0,0,1,0,0,0,0,0,0
14210,attack,invalid_reset,5,S5,5,23,2,0,0,0,0,0,0,0,1,0,0,0
14211,attack,missed,0,S5,5,23,3,1,0,0,0,1,0,0,0,0,0,0
14219,attack,off_target,3,S5,5,23,4,1,0,0,0,0,1,0,0,0,0,0
14220,attack,missed,0,S5,5,22,4,1,0,0,0,1,0,0,0,0,0,0
14222,attack,clean_target_effective,2,S0,0,23,6,1,1,0,1,0,0,0,0,0,1,2
14231,attack,off_target,3,S5,5,22,4,1,0,0,0,0,1,0,0,0,0,0
14235,attack,missed,0,S0,0,23,7,1,0,0,0,1,0,0,0,0,0,0
14237,attack,clean_target_effective,2,S5,5,22,0,1,1,0,1,0,0,0,0,0,1,2
14249,attack,multi_hit,4,S0,0,23,7,1,0,0,0,0,0,1,0,0,0,0
14254,attack,missed,0,S5,5,23,7,1,0,0,0,1,0,0,0,0,0,0
14256,attack,clean_target_effective,2,S5,5,23,2,1,1,0,1,0,0,0,0,0,1,2
14263,attack,off_target,3,S5,5,22,3,1,0,0,0,0,1,0,0,0,0,0
14264,attack,off_target,3,S0,0,23,2,1,0,0,0,0,1,0,0,0,0,0
14265,attack,missed,0,S0,0,22,6,1,0,0,0,1,0,0,0,0,0,0
14266,attack,missed,0,S5,5,23,3,1,0,0,0,1,0,0,0,0,0,0
14270,attack,clean_target_effective,2,S5,5,22,1,1,1,0,1,0,0,0,0,0,1,2
14278,attack,multi_hit,4,S5,5,23,2,1,0,0,0,0,0,1,0,0,0,0
14279,attack,missed,0,S5,5,22,3,1,0,0,0,1,0,0,0,0,0,0
14280,attack,multi_hit,4,S5,5,23,7,1,0,0,0,0,0,1,0,0,0,0
14282,attack,off_target,3,S5,5,23,3,1,0,0,0,0,1,0,0,0,0,0
14286,attack,missed,0,S0,0,23,1,1,0,0,0,1,0,0,0,0,0,0
14287,attack,multi_hit,4,S0,0,23,6,1,0,0,0,0,0,1,0,0,0,0
14297,attack,missed,0,S0,0,23,3,1,0,0,0,1,0,0,0,0,0,0
14299,attack,clean_target_effective,2,S0,0,22,7,1,1,0,1,0,0,0,0,0,1,2
14300,attack,clean_target_effective,2,S0,0,22,2,1,1,0,1,0,0,0,0,0,1,2
14307,attack,missed,0,S0,0,23,0,1,0,0,0,1,0,0,0,0,0,0
14309,attack,missed,0,S0,0,23,1,1,0,0,0,1,0,0,0,0,0,0
14311,attack,clean_target_ineffective,1,S5,5,22,7,1,1,1,0,0,0,0,0,1,0,1
14312,attack,clean_target_effective,2,S0,0,23,6,1,1,0,1,0,0,0,0,0,1,2
14314,attack,clean_target_effective,2,S5,5,22,4,1,1,0,1,0,0,0,0,0,1,2
14318,attack,clean_target_effective,2,S5,5,23,7,1,1,0,1,0,0,0,0,0,1,2
14325,attack,off_target,3,S5,5,23,1,1,0,0,0,0,1,0,0,0,0,0
14326,attack,clean_target_ineffective,1,S5,5,23,7,1,1,1,0,0,0,0,0,1,0,1
14341,attack,clean_target_effective,2,S5,5,22,2,1,1,0,1,0,0,0,0,0,1,2
14342,attack,clean_target_effective,2,S5,5,22,4,1,1,0,1,0,0,0,0,0,1,2
14357,attack,clean_target_ineffective,1,S5,5,22,5,1,1,1,0,0,0,0,0,1,0,1
14359,attack,clean_target_effective,2,S5,5,22,4,1,1,0,1,0,0,0,0,0,1,2
14364,attack,invalid_reset,5,S5,5,23,5,0,0,0,0,0,0,0,1,0,0,0
14366,attack,invalid_reset,5,S0,0,23,1,0,0,0,0,0,0,0,1,0,0,0
14370,attack,off_target,3,S0,0,23,4,1,0,0,0,0,1,0,0,0,0,0
14371,attack,multi_hit,4,S5,5,23,5,1,0,0,0,0,0,1,0,0,0,0
14374,attack,clean_target_effective,2,S0,0,22,3,1,1,0,1,0,0,0,0,0,1,2
14376,attack,missed,0,S0,0,23,7,1,0,0,0,1,0,0,0,0,0,0
14382,attack,clean_target_ineffective,1,S0,0,23,4,1,1,1,0,0,0,0,0,1,0,1
14383,attack,clean_target_effective,2,S0,0,22,4,1,1,0,1,0,0,0,0,0,1,2
14384,attack,multi_hit,4,S5,5,22,6,1,0,0,0,0,0,1,0,0,0,0
14390,attack,missed,0,S0,0,23,2,1,0,0,0,1,0,0,0,0,0,0
14394,attack,multi_hit,4,S5,5,23,6,1,0,0,0,0,0,1,0,0,0,0
14407,attack,clean_target_effective,2,S0,0,22,5,1,1,0,1,0,0,0,0,0,1,2
14408,attack,missed,0,S0,0,23,1,1,0,0,0,1,0,0,0,0,0,0
14426,attack,clean_target_effective,2,S0,0,22,3,1,1,0,1,0,0,0,0,0,1,2
14428,attack,off_target,3,S0,0,22,3,1,0,0,0,0,1,0,0,0,0,0
14429,attack,missed,0,S5,5,23,2,1,0,0,0,1,0,0,0,0,0,0
14432,attack,missed,0,S5,5,23,2,1,0,0,0,1,0,0,0,0,0,0
14436,attack,clean_target_effective,2,S5,5,23,0,1,1,0,1,0,0,0,0,0,1,2
14439,attack,clean_target_effective,2,S5,5,22,6,1,1,0,1,0,0,0,0,0,1,2
14440,attack,multi_hit,4,S5,5,22,2,1,0,0,0,0,0,1,0,0,0,0
14443,attack,clean_target_effective,2,S0,0,23,2,1,1,0,1,0,0,0,0,0,1,2
14445,attack,clean_target_effective,2,S0,0,23,6,1,1,0,1,0,0,0,0,0,1,2
14449,attack,clean_target_effective,2,S0,0,23,3,1,1,0,1,0,0,0,0,0,1,2
14453,attack,missed,0,S5,5,23,2,1,0,0,0,1,0,0,0,0,0,0
14454,attack,missed,0,S0,0,22,1,1,0,0,0,1,0,0,0,0,0,0
14458,attack,missed,0,S5,5,23,4,1,0,0,0,1,0,0,0,0,0,0
14461,attack,clean_target_effective,2,S0,0,23,4,1,1,0,1,0,0,0,0,0,1,2
14464,attack,multi_hit,4,S5,5,22,1,1,0,0,0,0,0,1,0,0,0,0
14471,attack,multi_hit,4,S0,0,23,6,1,0,0,0,0,0,1,0,0,0,0
14475,attack,multi_hit,4,S5,5,22,0,1,0,0,0,0,0,1,0,0,0,0
14476,attack,clean_target_effective,2,S0,0,22,7,1,1,0,1,0,0,0,0,0,1,2
14477,attack,off_target,3,S5,5,23,5,1,0,0,0,0,1,0,0,0,0,0
14484,attack,missed,0,S0,0,23,2,1,0,0,0,1,0,0,0,0,0,0
14488,attack,clean_target_effective,2,S5,5,22,5,1,1,0,1,0,0,0,0,0,1,2
14490,attack,clean_target_effective,2,S0,0,23,3,1,1,0,1,0,0,0,0,0,1,2
14491,attack,missed,0,S5,5,22,4,1,0,0,0,1,0,0,0,0,0,0
14493,attack,multi_hit,4,S0,0,23,4,1,0,0,0,0,0,1,0,0,0,0
14497,attack,off_target,3,S5,5,22,6,1,0,0,0,0,1,0,0,0,0,0
14499,attack,clean_target_effective,2,S5,5,22,6,1,1,0,1,0,0,0,0,0,1,2
14501,attack,multi_hit,4,S5,5,22,7,1,0,0,0,0,0,1,0,0,0,0
14504,attack,invalid_reset,5,S5,5,23,3,0,0,0,0,0,0,0,1,0,0,0
14509,attack,off_target,3,S5,5,23,3,1,0,0,0,0,1,0,0,0,0,0
14511,attack,missed,0,S5,5,22,6,1,0,0,0,1,0,0,0,0,0,0
14514,attack,multi_hit,4,S0,0,22,4,1,0,0,0,0,0,1,0,0,0,0
14516,attack,off_target,3,S0,0,22,7,1,0,0,0,0,1,0,0,0,0,0
14530,attack,missed,0,S0,0,22,3,1,0,0,0,1,0,0,0,0,0,0
14532,attack,clean_target_ineffective,1,S0,0,23,4,1,1,1,0,0,0,0,0,1,0,1
14538,attack,off_target,3,S5,5,22,0,1,0,0,0,0,1,0,0,0,0,0
14545,attack,missed,0,S0,0,22,4,1,0,0,0,1,0,0,0,0,0,0
14549,attack,off_target,3,S0,0,22,6,1,0,0,0,0,1,0,0,0,0,0
14550,attack,missed,0,S0,0,23,1,1,0,0,0,1,0,0,0,0,0,0
14551,attack,missed,0,S0,0,23,0,1,0,0,0,1,0,0,0,0,0,0
14554,attack,clean_target_effective,2,S0,0,22,4,1,1,0,1,0,0,0,0,0,1,2
14559,attack,multi_hit,4,S5,5,23,5,1,0,0,0,0,0,1,0,0,0,0
14562,attack,missed,0,S5,5,23,7,1,0,0,0,1,0,0,0,0,0,0
14563,attack,missed,0,S5,5,23,5,1,0,0,0,1,0,0,0,0,0,0
14572,attack,off_target,3,S0,0,22,5,1,0,0,0,0,1,0,0,0,0,0
14575,attack,off_target,3,S0,0,23,1,1,0,0,0,0,1,0,0,0,0,0
14576,attack,off_target,3,S5,5,23,7,1,0,0,0,0,1,0,0,0,0,0
14584,attack,clean_target_ineffective,1,S5,5,22,4,1,1,1,0,0,0,0,0,1,0,1
14589,attack,clean_target_effective,2,S0,0,23,6,1,1,0,1,0,0,0,0,0,1,2
14590,attack,missed,0,S5,5,23,0,1,0,0,0,1,0,0,0,0,0,0
14591,attack,off_target,3,S0,0,23,6,1,0,0,0,0,1,0,0,0,0,0
14597,attack,missed,0,S5,5,22,5,1,0,0,0,1,0,0,0,0,0,0
14608,attack,missed,0,S5,5,22,2,1,0,0,0,1,0,0,0,0,0,0
14611,attack,missed,0,S5,5,23,4,1,0,0,0,1,0,0,0,0,0,0
14612,attack,missed,0,S5,5,22,1,1,0,0,0,1,0,0,0,0,0,0
14618,attack,missed,0,S0,0,23,3,1,0,0,0,1,0,0,0,0,0,0
14637,attack,multi_hit,4,S5,5,23,2,1,0,0,0,0,0,1,0,0,0,0
14641,attack,off_target,3,S0,0,23,5,1,0,0,0,0,1,0,0,0,0,0
14642,attack,clean_target_effective,2,S0,0,23,7,1,1,0,1,0,0,0,0,0,1,2
14649,attack,missed,0,S0,0,22,6,1,0,0,0,1,0,0,0,0,0,0
14654,attack,clean_target_effective,2,S0,0,22,2,1,1,0,1,0,0,0,0,0,1,2
14657,attack,missed,0,S5,5,23,0,1,0,0,0,1,0,0,0,0,0,0
14667,attack,missed,0,S0,0,23,2,1,0,0,0,1,0,0,0,0,0,0
14670,attack,multi_hit,4,S5,5,22,7,1,0,0,0,0,0,1,0,0,0,0
14671,attack,clean_target_effective,2,S0,0,23,4,1,1,0,1,0,0,0,0,0,1,2
14674,attack,clean_target_effective,2,S0,0,23,5,1,1,0,1,0,0,0,0,0,1,2
14675,attack,clean_target_effective,2,S5,5,23,2,1,1,0,1,0,0,0,0,0,1,2
14676,attack,off_target,3,S0,0,22,3,1,0,0,0,0,1,0,0,0,0,0
14681,attack,missed,0,S5,5,22,4,1,0,0,0,1,0,0,0,0,0,0
14682,attack,invalid_reset,5,S0,0,22,3,0,0,0,0,0,0,0,1,0,0,0
14698,attack,missed,0,S0,0,22,5,1,0,0,0,1,0,0,0,0,0,0
14705,attack,multi_hit,4,S0,0,23,4,1,0,0,0,0,0,1,0,0,0,0
14710,attack,clean_target_ineffective,1,S0,0,23,2,1,1,1,0,0,0,0,0,1,0,1
14711,attack,clean_target_effective,2,S5,5,23,1,1,1,0,1,0,0,0,0,0,1,2
14713,attack,multi_hit,4,S0,0,22,2,1,0,0,0,0,0,1,0,0,0,0
14714,attack,off_target,3,S0,0,22,3,1,0,0,0,0,1,0,0,0,0,0
14719,attack,missed,0,S0,0,22,1,1,0,0,0,1,0,0,0,0,0,0
14726,attack,clean_target_ineffective,1,S0,0,23,7,1,1,1,0,0,0,0,0,1,0,1
14733,attack,multi_hit,4,S5,5,23,1,1,0,0,0,0,0,1,0,0,0,0
14734,attack,multi_hit,4,S5,5,23,5,1,0,0,0,0,0,1,0,0,0,0
14742,attack,clean_target_ineffective,1,S5,5,22,4,1,1,1,0,0,0,0,0,1,0,1
14745,attack,clean_target_effective,2,S0,0,22,3,1,1,0,1,0,0,0,0,0,1,2
14746,attack,off_target,3,S5,5,23,3,1,0,0,0,0,1,0,0,0,0,0
14748,attack,clean_target_effective,2,S0,0,23,6,1,1,0,1,0,0,0,0,0,1,2
14750,attack,off_target,3,S0,0,23,4,1,0,0,0,0,1,0,0,0,0,0
14757,attack,clean_target_effective,2,S0,0,22,3,1,1,0,1,0,0,0,0,0,1,2
14758,attack,clean_target_effective,2,S5,5,23,3,1,1,0,1,0,0,0,0,0,1,2
14760,attack,clean_target_effective,2,S5,5,23,7,1,1,0,1,0,0,0,0,0,1,2
14763,attack,clean_target_effective,2,S0,0,22,3,1,1,0,1,0,0,0,0,0,1,2
14771,attack,off_target,3,S5,5,22,2,1,0,0,0,0,1,0,0,0,0,0
14777,attack,missed,0,S5,5,22,0,1,0,0,0,1,0,0,0,0,0,0
14780,attack,clean_target_effective,2,S0,0,22,1,1,1,0,1,0,0,0,0,0,1,2
14787,attack,missed,0,S0,0,22,7,1,0,0,0,1,0,0,0,0,0,0
14790,attack,off_target,3,S5,5,23,4,1,0,0,0,0,1,0,0,0,0,0
14794,attack,clean_target_effective,2,S5,5,22,6,1,1,0,1,0,0,0,0,0,1,2
14795,attack,missed,0,S5,5,23,3,1,0,0,0,1,0,0,0,0,0,0
14796,attack,clean_target_effective,2,S5,5,23,4,1,1,0,1,0,0,0,0,0,1,2
14803,attack,missed,0,S5,5,23,6,1,0,0,0,1,0,0,0,0,0,0
14824,attack,clean_target_ineffective,1,S0,0,23,1,1,1,1,0,0,0,0,0,1,0,1
14825,attack,multi_hit,4,S5,5,23,5,1,0,0,0,0,0,1,0,0,0,0
14831,attack,clean_target_effective,2,S5,5,23,6,1,1,0,1,0,0,0,0,0,1,2
14836,attack,clean_target_ineffective,1,S0,0,22,0,1,1,1,0,0,0,0,0,1,0,1
14838,attack,clean_target_ineffective,1,S5,5,23,1,1,1,1,0,0,0,0,0,1,0,1
14843,attack,off_target,3,S0,0,23,7,1,0,0,0,0,1,0,0,0,0,0
14846,attack,off_target,3,S0,0,22,6,1,0,0,0,0,1,0,0,0,0,0
14848,attack,clean_target_effective,2,S5,5,23,5,1,1,0,1,0,0,0,0,0,1,2
14850,attack,missed,0,S0,0,22,6,1,0,0,0,1,0,0,0,0,0,0
14855,attack,missed,0,S5,5,22,6,1,0,0,0,1,0,0,0,0,0,0
14856,attack,clean_target_effective,2,S5,5,22,7,1,1,0,1,0,0,0,0,0,1,2
14860,attack,clean_target_effective,2,S0,0,22,3,1,1,0,1,0,0,0,0,0,1,2
14861,attack,missed,0,S0,0,22,0,1,0,0,0,1,0,0,0,0,0,0
14865,attack,missed,0,S5,5,22,2,1,0,0,0,1,0,0,0,0,0,0
14876,attack,clean_target_ineffective,1,S5,5,22,5,1,1,1,0,0,0,0,0,1,0,1
14879,attack,clean_target_ineffective,1,S5,5,23,4,1,1,1,0,0,0,0,0,1,0,1
14888,attack,clean_target_effective,2,S5,5,23,6,1,1,0,1,0,0,0,0,0,1,2
14902,attack,clean_target_effective,2,S0,0,22,6,1,1,0,1,0,0,0,0,0,1,2
14911,attack,multi_hit,4,S0,0,23,4,1,0,0,0,0,0,1,0,0,0,0
14917,attack,multi_hit,4,S0,0,23,7,1,0,0,0,0,0,1,0,0,0,0
14922,attack,invalid_reset,5,S5,5,23,2,0,0,0,0,0,0,0,1,0,0,0
14934,attack,clean_target_effective,2,S5,5,22,3,1,1,0,1,0,0,0,0,0,1,2
14938,attack,clean_target_effective,2,S5,5,22,6,1,1,0,1,0,0,0,0,0,1,2
14948,attack,clean_target_effective,2,S5,5,23,6,1,1,0,1,0,0,0,0,0,1,2
14949,attack,invalid_reset,5,S5,5,23,7,0,0,0,0,0,0,0,1,0,0,0
14952,attack,clean_target_effective,2,S5,5,23,4,1,1,0,1,0,0,0,0,0,1,2
14962,attack,off_target,3,S0,0,22,3,1,0,0,0,0,1,0,0,0,0,0
14965,attack,missed,0,S0,0,22,7,1,0,0,0,1,0,0,0,0,0,0
14966,attack,multi_hit,4,S5,5,22,3,1,0,0,0,0,0,1,0,0,0,0
14968,attack,missed,0,S5,5,23,0,1,0,0,0,1,0,0,0,0,0,0
14970,attack,multi_hit,4,S0,0,22,0,1,0,0,0,0,0,1,0,0,0,0
14971,attack,clean_target_effective,2,S5,5,23,0,1,1,0,1,0,0,0,0,0,1,2
14976,attack,clean_target_ineffective,1,S5,5,23,7,1,1,1,0,0,0,0,0,1,0,1
14983,attack,missed,0,S5,5,22,6,1,0,0,0,1,0,0,0,0,0,0
14985,attack,missed,0,S5,5,22,4,1,0,0,0,1,0,0,0,0,0,0
14986,attack,off_target,3,S0,0,22,0,1,0,0,0,0,1,0,0,0,0,0
14989,attack,clean_target_effective,2,S5,5,22,0,1,1,0,1,0,0,0,0,0,1,2
14992,attack,missed,0,S5,5,22,5,1,0,0,0,1,0,0,0,0,0,0
14993,attack,multi_hit,4,S5,5,22,6,1,0,0,0,0,0,1,0,0,0,0
15002,attack,clean_target_ineffective,1,S5,5,22,4,1,1,1,0,0,0,0,0,1,0,1
15007,attack,multi_hit,4,S0,0,22,4,1,0,0,0,0,0,1,0,0,0,0
15014,attack,missed,0,S0,0,22,3,1,0,0,0,1,0,0,0,0,0,0
15019,attack,missed,0,S0,0,22,3,1,0,0,0,1,0,0,0,0,0,0
15023,attack,clean_target_effective,2,S0,0,23,2,1,1,0,1,0,0,0,0,0,1,2
15025,attack,multi_hit,4,S5,5,23,7,1,0,0,0,0,0,1,0,0,0,0
15026,attack,multi_hit,4,S5,5,23,2,1,0,0,0,0,0,1,0,0,0,0
15028,attack,clean_target_effective,2,S5,5,22,0,1,1,0,1,0,0,0,0,0,1,2
15034,attack,missed,0,S0,0,22,6,1,0,0,0,1,0,0,0,0,0,0
15039,attack,missed,0,S0,0,23,6,1,0,0,0,1,0,0,0,0,0,0
15046,attack,missed,0,S0,0,22,3,1,0,0,0,1,0,0,0,0,0,0
15052,attack,off_target,3,S0,0,23,0,1,0,0,0,0,1,0,0,0,0,0
15060,attack,missed,0,S5,5,22,2,1,0,0,0,1,0,0,0,0,0,0
15067,attack,clean_target_effective,2,S5,5,22,2,1,1,0,1,0,0,0,0,0,1,2
15070,attack,clean_target_effective,2,S0,0,22,4,1,1,0,1,0,0,0,0,0,1,2
15071,attack,clean_target_effective,2,S0,0,23,6,1,1,0,1,0,0,0,0,0,1,2
15076,attack,clean_target_effective,2,S0,0,22,0,1,1,0,1,0,0,0,0,0,1,2
15079,attack,multi_hit,4,S5,5,22,1,1,0,0,0,0,0,1,0,0,0,0
15082,attack,clean_target_effective,2,S0,0,23,0,1,1,0,1,0,0,0,0,0,1,2
15083,attack,off_target,3,S5,5,23,4,1,0,0,0,0,1,0,0,0,0,0
15086,attack,missed,0,S0,0,22,3,1,0,0,0,1,0,0,0,0,0,0
15101,attack,clean_target_ineffective,1,S0,0,22,7,1,1,1,0,0,0,0,0,1,0,1
15103,attack,off_target,3,S0,0,23,6,1,0,0,0,0,1,0,0,0,0,0
15104,attack,clean_target_effective,2,S0,0,23,4,1,1,0,1,0,0,0,0,0,1,2
15105,attack,off_target,3,S0,0,22,6,1,0,0,0,0,1,0,0,0,0,0
15106,attack,clean_target_effective,2,S5,5,22,0,1,1,0,1,0,0,0,0,0,1,2
15112,attack,missed,0,S5,5,22,0,1,0,0,0,1,0,0,0,0,0,0
15116,attack,off_target,3,S0,0,22,2,1,0,0,0,0,1,0,0,0,0,0
15119,attack,invalid_reset,5,S0,0,22,2,0,0,0,0,0,0,0,1,0,0,0
15122,attack,missed,0,S0,0,22,6,1,0,0,0,1,0,0,0,0,0,0
15124,attack,missed,0,S0,0,23,0,1,0,0,0,1,0,0,0,0,0,0
15136,attack,invalid_reset,5,S0,0,23,2,0,0,0,0,0,0,0,1,0,0,0
15138,attack,clean_target_effective,2,S5,5,22,5,1,1,0,1,0,0,0,0,0,1,2
15139,attack,clean_target_effective,2,S0,0,22,0,1,1,0,1,0,0,0,0,0,1,2
15143,attack,missed,0,S5,5,22,7,1,0,0,0,1,0,0,0,0,0,0
15145,attack,clean_target_ineffective,1,S5,5,22,1,1,1,1,0,0,0,0,0,1,0,1
15162,attack,missed,0,S0,0,23,3,1,0,0,0,1,0,0,0,0,0,0
15172,attack,multi_hit,4,S5,5,22,2,1,0,0,0,0,0,1,0,0,0,0
15175,attack,clean_target_ineffective,1,S0,0,23,3,1,1,1,0,0,0,0,0,1,0,1
15180,attack,off_target,3,S0,0,23,7,1,0,0,0,0,1,0,0,0,0,0
15181,attack,missed,0,S0,0,23,3,1,0,0,0,1,0,0,0,0,0,0
15182,attack,missed,0,S0,0,23,3,1,0,0,0,1,0,0,0,0,0,0
15188,attack,clean_target_effective,2,S5,5,22,6,1,1,0,1,0,0,0,0,0,1,2
15192,attack,invalid_reset,5,S5,5,22,3,0,0,0,0,0,0,0,1,0,0,0
15197,attack,clean_target_ineffective,1,S0,0,22,0,1,1,1,0,0,0,0,0,1,0,1
15199,attack,clean_target_effective,2,S5,5,23,1,1,1,0,1,0,0,0,0,0,1,2
15204,attack,multi_hit,4,S0,0,23,2,1,0,0,0,0,0,1,0,0,0,0
15207,attack,clean_target_effective,2,S5,5,23,7,1,1,0,1,0,0,0,0,0,1,2
15213,attack,missed,0,S0,0,23,1,1,0,0,0,1,0,0,0,0,0,0
15215,attack,off_target,3,S5,5,23,6,1,0,0,0,0,1,0,0,0,0,0
15216,attack,multi_hit,4,S5,5,22,0,1,0,0,0,0,0,1,0,0,0,0
15218,attack,multi_hit,4,S0,0,22,6,1,0,0,0,0,0,1,0,0,0,0
15219,attack,clean_target_effective,2,S5,5,22,3,1,1,0,1,0,0,0,0,0,1,2
15222,attack,clean_target_effective,2,S5,5,22,7,1,1,0,1,0,0,0,0,0,1,2
15229,attack,clean_target_effective,2,S5,5,22,7,1,1,0,1,0,0,0,0,0,1,2
15231,attack,off_target,3,S0,0,23,5,1,0,0,0,0,1,0,0,0,0,0
15239,attack,clean_target_effective,2,S0,0,22,3,1,1,0,1,0,0,0,0,0,1,2
15241,attack,clean_target_effective,2,S0,0,23,2,1,1,0,1,0,0,0,0,0,1,2
15246,attack,multi_hit,4,S0,0,22,5,1,0,0,0,0,0,1,0,0,0,0
15249,attack,missed,0,S5,5,23,5,1,0,0,0,1,0,0,0,0,0,0
15250,attack,missed,0,S0,0,23,7,1,0,0,0,1,0,0,0,0,0,0
15251,attack,clean_target_effective,2,S5,5,23,6,1,1,0,1,0,0,0,0,0,1,2
15259,attack,missed,0,S5,5,23,3,1,0,0,0,1,0,0,0,0,0,0
15263,attack,clean_target_ineffective,1,S5,5,22,1,1,1,1,0,0,0,0,0,1,0,1
15265,attack,missed,0,S0,0,23,2,1,0,0,0,1,0,0,0,0,0,0
15267,attack,missed,0,S0,0,23,7,1,0,0,0,1,0,0,0,0,0,0
15268,attack,off_target,3,S5,5,23,5,1,0,0,0,0,1,0,0,0,0,0
15271,attack,clean_target_effective,2,S5,5,22,3,1,1,0,1,0,0,0,0,0,1,2
15272,attack,missed,0,S5,5,23,1,1,0,0,0,1,0,0,0,0,0,0
15273,attack,missed,0,S5,5,23,2,1,0,0,0,1,0,0,0,0,0,0
15294,attack,multi_hit,4,S0,0,23,6,1,0,0,0,0,0,1,0,0,0,0
15302,attack,multi_hit,4,S5,5,22,1,1,0,0,0,0,0,1,0,0,0,0
15311,attack,missed,0,S0,0,23,6,1,0,0,0,1,0,0,0,0,0,0
15315,attack,clean_target_effective,2,S5,5,22,1,1,1,0,1,0,0,0,0,0,1,2
15317,attack,clean_target_effective,2,S0,0,22,6,1,1,0,1,0,0,0,0,0,1,2
15324,attack,clean_target_effective,2,S5,5,22,6,1,1,0,1,0,0,0,0,0,1,2
15325,attack,clean_target_effective,2,S0,0,22,3,1,1,0,1,0,0,0,0,0,1,2
15326,attack,off_target,3,S5,5,22,4,1,0,0,0,0,1,0,0,0,0,0
15330,attack,multi_hit,4,S5,5,23,6,1,0,0,0,0,0,1,0,0,0,0
15335,attack,missed,0,S5,5,22,0,1,0,0,0,1,0,0,0,0,0,0
15345,attack,multi_hit,4,S0,0,23,6,1,0,0,0,0,0,1,0,0,0,0
15352,attack,off_target,3,S5,5,23,0,1,0,0,0,0,1,0,0,0,0,0
15363,attack,invalid_reset,5,S5,5,22,3,0,0,0,0,0,0,0,1,0,0,0
15365,attack,missed,0,S5,5,22,7,1,0,0,0,1,0,0,0,0,0,0
15366,attack,clean_target_ineffective,1,S0,0,22,7,1,1,1,0,0,0,0,0,1,0,1
15368,attack,missed,0,S0,0,22,5,1,0,0,0,1,0,0,0,0,0,0
15369,attack,missed,0,S0,0,22,0,1,0,0,0,1,0,0,0,0,0,0
15371,attack,off_target,3,S5,5,22,1,1,0,0,0,0,1,0,0,0,0,0
15372,attack,clean_target_effective,2,S0,0,22,1,1,1,0,1,0,0,0,0,0,1,2
15373,attack,clean_target_effective,2,S0,0,22,6,1,1,0,1,0,0,0,0,0,1,2
15376,attack,clean_target_effective,2,S0,0,22,1,1,1,0,1,0,0,0,0,0,1,2
15386,attack,clean_target_effective,2,S5,5,22,3,1,1,0,1,0,0,0,0,0,1,2
15393,attack,clean_target_effective,2,S5,5,23,2,1,1,0,1,0,0,0,0,0,1,2
15397,attack,clean_target_effective,2,S0,0,23,0,1,1,0,1,0,0,0,0,0,1,2
15398,attack,multi_hit,4,S0,0,22,6,1,0,0,0,0,0,1,0,0,0,0
15400,attack,missed,0,S0,0,23,7,1,0,0,0,1,0,0,0,0,0,0
15404,attack,clean_target_effective,2,S0,0,22,4,1,1,0,1,0,0,0,0,0,1,2
15414,attack,missed,0,S0,0,22,0,1,0,0,0,1,0,0,0,0,0,0
15417,attack,off_target,3,S5,5,22,7,1,0,0,0,0,1,0,0,0,0,0
15420,attack,clean_target_effective,2,S5,5,22,4,1,1,0,1,0,0,0,0,0,1,2
15424,attack,clean_target_ineffective,1,S5,5,23,2,1,1,1,0,0,0,0,0,1,0,1
15426,attack,missed,0,S5,5,23,4,1,0,0,0,1,0,0,0,0,0,0
15432,attack,missed,0,S0,0,23,7,1,0,0,0,1,0,0,0,0,0,0
15433,attack,missed,0,S0,0,23,4,1,0,0,0,1,0,0,0,0,0,0
15441,attack,missed,0,S5,5,23,7,1,0,0,0,1,0,0,0,0,0,0
15444,attack,missed,0,S5,5,23,6,1,0,0,0,1,0,0,0,0,0,0
15447,attack,missed,0,S5,5,22,7,1,0,0,0,1,0,0,0,0,0,0
15450,attack,clean_target_effective,2,S5,5,23,7,1,1,0,1,0,0,0,0,0,1,2
15451,attack,missed,0,S5,5,23,0,1,0,0,0,1,0,0,0,0,0,0
15460,attack,clean_target_effective,2,S5,5,23,5,1,1,0,1,0,0,0,0,0,1,2
15461,attack,clean_target_effective,2,S5,5,23,0,1,1,0,1,0,0,0,0,0,1,2
15463,attack,clean_target_effective,2,S0,0,23,0,1,1,0,1,0,0,0,0,0,1,2
15464,attack,off_target,3,S0,0,23,4,1,0,0,0,0,1,0,0,0,0,0
15469,attack,clean_target_effective,2,S5,5,23,4,1,1,0,1,0,0,0,0,0,1,2
15471,attack,off_target,3,S0,0,23,5,1,0,0,0,0,1,0,0,0,0,0
15472,attack,missed,0,S5,5,23,7,1,0,0,0,1,0,0,0,0,0,0
15479,attack,clean_target_ineffective,1,S5,5,23,2,1,1,1,0,0,0,0,0,1,0,1
15480,attack,clean_target_effective,2,S0,0,22,5,1,1,0,1,0,0,0,0,0,1,2
15485,attack,missed,0,S0,0,22,3,1,0,0,0,1,0,0,0,0,0,0
15486,attack,off_target,3,S5,5,23,7,1,0,0,0,0,1,0,0,0,0,0
15497,attack,multi_hit,4,S0,0,22,2,1,0,0,0,0,0,1,0,0,0,0
15498,attack,missed,0,S5,5,23,3,1,0,0,0,1,0,0,0,0,0,0
15507,attack,missed,0,S0,0,22,0,1,0,0,0,1,0,0,0,0,0,0
15509,attack,clean_target_ineffective,1,S0,0,22,4,1,1,1,0,0,0,0,0,1,0,1
15510,attack,clean_target_ineffective,1,S5,5,23,2,1,1,1,0,0,0,0,0,1,0,1
15511,attack,missed,0,S5,5,22,0,1,0,0,0,1,0,0,0,0,0,0
15514,attack,multi_hit,4,S5,5,23,2,1,0,0,0,0,0,1,0,0,0,0
15527,attack,missed,0,S0,0,22,5,1,0,0,0,1,0,0,0,0,0,0
15528,attack,missed,0,S0,0,22,4,1,0,0,0,1,0,0,0,0,0,0
15529,attack,multi_hit,4,S5,5,23,2,1,0,0,0,0,0,1,0,0,0,0
15535,attack,clean_target_ineffective,1,S0,0,23,5,1,1,1,0,0,0,0,0,1,0,1
15536,attack,missed,0,S5,5,22,7,1,0,0,0,1,0,0,0,0,0,0
15537,attack,clean_target_effective,2,S5,5,23,1,1,1,0,1,0,0,0,0,0,1,2
15542,attack,missed,0,S5,5,23,2,1,0,0,0,1,0,0,0,0,0,0
15543,attack,multi_hit,4,S5,5,23,5,1,0,0,0,0,0,1,0,0,0,0
15548,attack,clean_target_effective,2,S5,5,22,3,1,1,0,1,0,0,0,0,0,1,2
15549,attack,clean_target_effective,2,S5,5,23,3,1,1,0,1,0,0,0,0,0,1,2
15560,attack,clean_target_effective,2,S0,0,23,6,1,1,0,1,0,0,0,0,0,1,2
15562,attack,clean_target_ineffective,1,S5,5,22,1,1,1,1,0,0,0,0,0,1,0,1
15565,attack,multi_hit,4,S0,0,22,0,1,0,0,0,0,0,1,0,0,0,0
15568,attack,clean_target_effective,2,S5,5,22,6,1,1,0,1,0,0,0,0,0,1,2
15571,attack,missed,0,S5,5,22,2,1,0,0,0,1,0,0,0,0,0,0
15573,attack,clean_target_ineffective,1,S5,5,23,2,1,1,1,0,0,0,0,0,1,0,1
15583,attack,invalid_reset,5,S0,0,23,6,0,0,0,0,0,0,0,1,0,0,0
15584,attack,off_target,3,S0,0,23,4,1,0,0,0,0,1,0,0,0,0,0
15585,attack,clean_target_effective,2,S0,0,23,4,1,1,0,1,0,0,0,0,0,1,2
15586,attack,clean_target_effective,2,S0,0,23,6,1,1,0,1,0,0,0,0,0,1,2
15588,attack,clean_target_ineffective,1,S0,0,23,1,1,1,1,0,0,0,0,0,1,0,1
15591,attack,off_target,3,S5,5,22,3,1,0,0,0,0,1,0,0,0,0,0
15592,attack,clean_target_effective,2,S0,0,23,0,1,1,0,1,0,0,0,0,0,1,2
15594,attack,off_target,3,S5,5,22,4,1,0,0,0,0,1,0,0,0,0,0
15604,attack,missed,0,S5,5,23,4,1,0,0,0,1,0,0,0,0,0,0
15618,attack,clean_target_ineffective,1,S5,5,22,2,1,1,1,0,0,0,0,0,1,0,1
15619,attack,missed,0,S0,0,22,6,1,0,0,0,1,0,0,0,0,0,0
15620,attack,missed,0,S0,0,23,7,1,0,0,0,1,0,0,0,0,0,0
15631,attack,clean_target_effective,2,S0,0,23,7,1,1,0,1,0,0,0,0,0,1,2
15632,attack,off_target,3,S0,0,22,6,1,0,0,0,0,1,0,0,0,0,0
15645,attack,missed,0,S0,0,22,6,1,0,0,0,1,0,0,0,0,0,0
15646,attack,clean_target_ineffective,1,S0,0,22,2,1,1,1,0,0,0,0,0,1,0,1
15651,attack,multi_hit,4,S5,5,22,2,1,0,0,0,0,0,1,0,0,0,0
15652,attack,missed,0,S0,0,23,1,1,0,0,0,1,0,0,0,0,0,0
15659,attack,clean_target_effective,2,S0,0,22,0,1,1,0,1,0,0,0,0,0,1,2
15663,attack,off_target,3,S5,5,22,2,1,0,0,0,0,1,0,0,0,0,0
15664,attack,clean_target_effective,2,S5,5,23,4,1,1,0,1,0,0,0,0,0,1,2
15665,attack,clean_target_effective,2,S5,5,22,7,1,1,0,1,0,0,0,0,0,1,2
15672,attack,multi_hit,4,S5,5,22,2,1,0,0,0,0,0,1,0,0,0,0
15677,attack,multi_hit,4,S0,0,22,0,1,0,0,0,0,0,1,0,0,0,0
15678,attack,multi_hit,4,S0,0,22,7,1,0,0,0,0,0,1,0,0,0,0
15679,attack,missed,0,S0,0,22,6,1,0,0,0,1,0,0,0,0,0,0
15687,attack,off_target,3,S5,5,22,7,1,0,0,0,0,1,0,0,0,0,0
15688,attack,missed,0,S0,0,22,7,1,0,0,0,1,0,0,0,0,0,0
15694,attack,clean_target_effective,2,S0,0,22,4,1,1,0,1,0,0,0,0,0,1,2
15697,attack,clean_target_ineffective,1,S5,5,23,6,1,1,1,0,0,0,0,0,1,0,1
15702,attack,missed,0,S0,0,22,0,1,0,0,0,1,0,0,0,0,0,0
15705,attack,missed,0,S0,0,23,0,1,0,0,0,1,0,0,0,0,0,0
15711,attack,multi_hit,4,S0,0,23,5,1,0,0,0,0,0,1,0,0,0,0
15714,attack,invalid_reset,5,S0,0,22,7,0,0,0,0,0,0,0,1,0,0,0
15716,attack,invalid_reset,5,S0,0,23,6,0,0,0,0,0,0,0,1,0,0,0
15718,attack,off_target,3,S0,0,22,1,1,0,0,0,0,1,0,0,0,0,0
15721,attack,clean_target_effective,2,S0,0,22,2,1,1,0,1,0,0,0,0,0,1,2
15722,attack,clean_target_ineffective,1,S0,0,23,4,1,1,1,0,0,0,0,0,1,0,1
15732,attack,clean_target_effective,2,S5,5,23,3,1,1,0,1,0,0,0,0,0,1,2
15734,attack,multi_hit,4,S0,0,23,7,1,0,0,0,0,0,1,0,0,0,0
15750,attack,multi_hit,4,S5,5,22,6,1,0,0,0,0,0,1,0,0,0,0
15753,attack,invalid_reset,5,S0,0,22,4,0,0,0,0,0,0,0,1,0,0,0
15757,attack,off_target,3,S5,5,23,3,1,0,0,0,0,1,0,0,0,0,0
15760,attack,clean_target_effective,2,S5,5,22,0,1,1,0,1,0,0,0,0,0,1,2
15766,attack,missed,0,S0,0,22,3,1,0,0,0,1,0,0,0,0,0,0
15771,attack,multi_hit,4,S5,5,22,0,1,0,0,0,0,0,1,0,0,0,0
15772,attack,missed,0,S0,0,23,6,1,0,0,0,1,0,0,0,0,0,0
15779,attack,clean_target_ineffective,1,S0,0,22,0,1,1,1,0,0,0,0,0,1,0,1
15789,attack,clean_target_ineffective,1,S0,0,22,2,1,1,1,0,0,0,0,0,1,0,1
15790,attack,clean_target_effective,2,S5,5,23,1,1,1,0,1,0,0,0,0,0,1,2
15792,attack,missed,0,S0,0,23,7,1,0,0,0,1,0,0,0,0,0,0
15799,attack,clean_target_effective,2,S5,5,22,2,1,1,0,1,0,0,0,0,0,1,2
15800,attack,invalid_reset,5,S5,5,23,2,0,0,0,0,0,0,0,1,0,0,0
15801,attack,off_target,3,S5,5,22,5,1,0,0,0,0,1,0,0,0,0,0
15803,attack,clean_target_effective,2,S5,5,22,5,1,1,0,1,0,0,0,0,0,1,2
15806,attack,missed,0,S5,5,23,5,1,0,0,0,1,0,0,0,0,0,0
15807,attack,off_target,3,S0,0,22,6,1,0,0,0,0,1,0,0,0,0,0
15821,attack,clean_target_effective,2,S0,0,22,2,1,1,0,1,0,0,0,0,0,1,2
15830,attack,missed,0,S0,0,23,3,1,0,0,0,1,0,0,0,0,0,0
15839,attack,missed,0,S0,0,23,5,1,0,0,0,1,0,0,0,0,0,0
15840,attack,clean_target_effective,2,S5,5,23,4,1,1,0,1,0,0,0,0,0,1,2
15845,attack,multi_hit,4,S0,0,23,0,1,0,0,0,0,0,1,0,0,0,0
15853,attack,off_target,3,S0,0,23,0,1,0,0,0,0,1,0,0,0,0,0
15858,attack,missed,0,S0,0,23,4,1,0,0,0,1,0,0,0,0,0,0
15862,attack,clean_target_effective,2,S0,0,22,0,1,1,0,1,0,0,0,0,0,1,2
15864,attack,clean_target_effective,2,S5,5,22,7,1,1,0,1,0,0,0,0,0,1,2
15866,attack,clean_target_ineffective,1,S5,5,23,3,1,1,1,0,0,0,0,0,1,0,1
15885,attack,clean_target_effective,2,S0,0,22,6,1,1,0,1,0,0,0,0,0,1,2
15887,attack,clean_target_effective,2,S0,0,23,4,1,1,0,1,0,0,0,0,0,1,2
15891,attack,clean_target_effective,2,S5,5,22,0,1,1,0,1,0,0,0,0,0,1,2
15904,attack,missed,0,S0,0,22,4,1,0,0,0,1,0,0,0,0,0,0
15910,attack,clean_target_effective,2,S5,5,23,5,1,1,0,1,0,0,0,0,0,1,2
15914,attack,clean_target_effective,2,S0,0,22,6,1,1,0,1,0,0,0,0,0,1,2
15918,attack,clean_target_ineffective,1,S5,5,22,3,1,1,1,0,0,0,0,0,1,0,1
15924,attack,multi_hit,4,S0,0,22,2,1,0,0,0,0,0,1,0,0,0,0
15928,attack,missed,0,S0,0,23,2,1,0,0,0,1,0,0,0,0,0,0
15930,attack,clean_target_effective,2,S5,5,22,3,1,1,0,1,0,0,0,0,0,1,2
15932,attack,clean_target_effective,2,S0,0,22,2,1,1,0,1,0,0,0,0,0,1,2
15944,attack,off_target,3,S5,5,23,4,1,0,0,0,0,1,0,0,0,0,0
15947,attack,multi_hit,4,S5,5,22,6,1,0,0,0,0,0,1,0,0,0,0
15948,attack,clean_target_effective,2,S0,0,23,4,1,1,0,1,0,0,0,0,0,1,2
15956,attack,missed,0,S5,5,23,1,1,0,0,0,1,0,0,0,0,0,0
15963,attack,clean_target_effective,2,S5,5,23,0,1,1,0,1,0,0,0,0,0,1,2
15964,attack,off_target,3,S0,0,22,4,1,0,0,0,0,1,0,0,0,0,0
15965,attack,clean_target_ineffective,1,S0,0,22,4,1,1,1,0,0,0,0,0,1,0,1
15966,attack,missed,0,S5,5,22,6,1,0,0,0,1,0,0,0,0,0,0
15983,attack,missed,0,S0,0,23,3,1,0,0,0,1,0,0,0,0,0,0
15987,attack,off_target,3,S0,0,23,3,1,0,0,0,0,1,0,0,0,0,0
16000,attack,missed,0,S5,5,22,6,1,0,0,0,1,0,0,0,0,0,0
16002,attack,missed,0,S5,5,22,4,1,0,0,0,1,0,0,0,0,0,0
16003,attack,clean_target_effective,2,S5,5,23,5,1,1,0,1,0,0,0,0,0,1,2
16005,attack,multi_hit,4,S0,0,23,5,1,0,0,0,0,0,1,0,0,0,0
16008,attack,multi_hit,4,S5,5,22,7,1,0,0,0,0,0,1,0,0,0,0
16021,attack,missed,0,S5,5,22,6,1,0,0,0,1,0,0,0,0,0,0
16024,attack,clean_target_ineffective,1,S5,5,22,1,1,1,1,0,0,0,0,0,1,0,1
16028,attack,off_target,3,S5,5,22,5,1,0,0,0,0,1,0,0,0,0,0
16038,attack,off_target,3,S0,0,22,2,1,0,0,0,0,1,0,0,0,0,0
16042,attack,off_target,3,S5,5,23,7,1,0,0,0,0,1,0,0,0,0,0
16048,attack,clean_target_effective,2,S5,5,23,5,1,1,0,1,0,0,0,0,0,1,2
16067,attack,missed,0,S0,0,22,0,1,0,0,0,1,0,0,0,0,0,0
16071,attack,clean_target_effective,2,S0,0,23,2,1,1,0,1,0,0,0,0,0,1,2
16072,attack,missed,0,S5,5,22,7,1,0,0,0,1,0,0,0,0,0,0
16076,attack,clean_target_ineffective,1,S0,0,22,0,1,1,1,0,0,0,0,0,1,0,1
16081,attack,invalid_reset,5,S5,5,23,7,0,0,0,0,0,0,0,1,0,0,0
16084,attack,missed,0,S0,0,23,7,1,0,0,0,1,0,0,0,0,0,0
16085,attack,clean_target_ineffective,1,S0,0,23,3,1,1,1,0,0,0,0,0,1,0,1
16086,attack,missed,0,S0,0,23,6,1,0,0,0,1,0,0,0,0,0,0
16094,attack,clean_target_ineffective,1,S5,5,22,7,1,1,1,0,0,0,0,0,1,0,1
16101,attack,multi_hit,4,S5,5,23,1,1,0,0,0,0,0,1,0,0,0,0
16102,attack,off_target,3,S5,5,22,6,1,0,0,0,0,1,0,0,0,0,0
16110,attack,clean_target_effective,2,S5,5,22,0,1,1,0,1,0,0,0,0,0,1,2
16120,attack,missed,0,S0,0,22,5,1,0,0,0,1,0,0,0,0,0,0
16122,attack,multi_hit,4,S5,5,23,7,1,0,0,0,0,0,1,0,0,0,0
16124,attack,clean_target_ineffective,1,S5,5,23,4,1,1,1,0,0,0,0,0,1,0,1
16131,attack,multi_hit,4,S0,0,23,7,1,0,0,0,0,0,1,0,0,0,0
16132,attack,missed,0,S0,0,23,4,1,0,0,0,1,0,0,0,0,0,0
16135,attack,clean_target_effective,2,S0,0,23,1,1,1,0,1,0,0,0,0,0,1,2
16138,attack,off_target,3,S0,0,22,2,1,0,0,0,0,1,0,0,0,0,0
16139,attack,multi_hit,4,S5,5,22,3,1,0,0,0,0,0,1,0,0,0,0
16145,attack,clean_target_ineffective,1,S5,5,22,7,1,1,1,0,0,0,0,0,1,0,1
16147,attack,clean_target_effective,2,S0,0,22,4,1,1,0,1,0,0,0,0,0,1,2
16150,attack,invalid_reset,5,S5,5,23,1,0,0,0,0,0,0,0,1,0,0,0
16153,attack,clean_target_effective,2,S0,0,23,3,1,1,0,1,0,0,0,0,0,1,2
16158,attack,clean_target_effective,2,S5,5,22,1,1,1,0,1,0,0,0,0,0,1,2
16161,attack,clean_target_ineffective,1,S5,5,22,2,1,1,1,0,0,0,0,0,1,0,1
16163,attack,clean_target_effective,2,S5,5,22,3,1,1,0,1,0,0,0,0,0,1,2
16178,attack,clean_target_effective,2,S0,0,22,7,1,1,0,1,0,0,0,0,0,1,2
16180,attack,missed,0,S0,0,22,2,1,0,0,0,1,0,0,0,0,0,0
16181,attack,multi_hit,4,S0,0,22,5,1,0,0,0,0,0,1,0,0,0,0
16185,attack,off_target,3,S5,5,23,4,1,0,0,0,0,1,0,0,0,0,0
16189,attack,off_target,3,S5,5,23,2,1,0,0,0,0,1,0,0,0,0,0
16190,attack,off_target,3,S0,0,22,3,1,0,0,0,0,1,0,0,0,0,0
16194,attack,invalid_reset,5,S5,5,22,3,0,0,0,0,0,0,0,1,0,0,0
16197,attack,clean_target_effective,2,S0,0,23,1,1,1,0,1,0,0,0,0,0,1,2
16199,attack,clean_target_effective,2,S0,0,23,0,1,1,0,1,0,0,0,0,0,1,2
16200,attack,multi_hit,4,S0,0,23,0,1,0,0,0,0,0,1,0,0,0,0
16206,attack,missed,0,S0,0,23,2,1,0,0,0,1,0,0,0,0,0,0
16210,attack,clean_target_effective,2,S0,0,22,6,1,1,0,1,0,0,0,0,0,1,2
16216,attack,clean_target_effective,2,S5,5,23,1,1,1,0,1,0,0,0,0,0,1,2
16220,attack,off_target,3,S0,0,22,4,1,0,0,0,0,1,0,0,0,0,0
16223,attack,clean_target_effective,2,S5,5,22,6,1,1,0,1,0,0,0,0,0,1,2
16230,attack,missed,0,S0,0,23,3,1,0,0,0,1,0,0,0,0,0,0
16235,attack,missed,0,S5,5,22,6,1,0,0,0,1,0,0,0,0,0,0
16239,attack,clean_target_effective,2,S5,5,22,7,1,1,0,1,0,0,0,0,0,1,2
16247,attack,missed,0,S5,5,23,5,1,0,0,0,1,0,0,0,0,0,0
16250,attack,off_target,3,S0,0,22,0,1,0,0,0,0,1,0,0,0,0,0
16251,attack,missed,0,S5,5,22,2,1,0,0,0,1,0,0,0,0,0,0
16252,attack,missed,0,S0,0,22,5,1,0,0,0,1,0,0,0,0,0,0
16259,attack,clean_target_ineffective,1,S5,5,23,5,1,1,1,0,0,0,0,0,1,0,1
16262,attack,off_target,3,S0,0,22,3,1,0,0,0,0,1,0,0,0,0,0
16263,attack,missed,0,S5,5,22,5,1,0,0,0,1,0,0,0,0,0,0
16269,attack,missed,0,S0,0,23,7,1,0,0,0,1,0,0,0,0,0,0
16279,attack,invalid_reset,5,S5,5,22,1,0,0,0,0,0,0,0,1,0,0,0
16281,attack,missed,0,S5,5,23,4,1,0,0,0,1,0,0,0,0,0,0
16290,attack,clean_target_ineffective,1,S5,5,23,0,1,1,1,0,0,0,0,0,1,0,1
16293,attack,clean_target_effective,2,S0,0,22,0,1,1,0,1,0,0,0,0,0,1,2
16294,attack,missed,0,S0,0,22,5,1,0,0,0,1,0,0,0,0,0,0
16299,attack,missed,0,S5,5,22,4,1,0,0,0,1,0,0,0,0,0,0
16300,attack,multi_hit,4,S0,0,22,1,1,0,0,0,0,0,1,0,0,0,0
16311,attack,missed,0,S5,5,22,5,1,0,0,0,1,0,0,0,0,0,0
16312,attack,clean_target_ineffective,1,S5,5,22,6,1,1,1,0,0,0,0,0,1,0,1
16315,attack,missed,0,S5,5,23,0,1,0,0,0,1,0,0,0,0,0,0
16317,attack,off_target,3,S5,5,23,7,1,0,0,0,0,1,0,0,0,0,0
16323,attack,clean_target_effective,2,S0,0,22,5,1,1,0,1,0,0,0,0,0,1,2
16330,attack,clean_target_effective,2,S5,5,22,5,1,1,0,1,0,0,0,0,0,1,2
16336,attack,off_target,3,S0,0,23,4,1,0,0,0,0,1,0,0,0,0,0
16341,attack,clean_target_effective,2,S5,5,22,5,1,1,0,1,0,0,0,0,0,1,2
16349,attack,missed,0,S0,0,22,3,1,0,0,0,1,0,0,0,0,0,0
16351,attack,clean_target_ineffective,1,S0,0,23,5,1,1,1,0,0,0,0,0,1,0,1
16352,attack,off_target,3,S0,0,23,5,1,0,0,0,0,1,0,0,0,0,0
16363,attack,clean_target_effective,2,S5,5,22,4,1,1,0,1,0,0,0,0,0,1,2
16369,attack,off_target,3,S0,0,22,7,1,0,0,0,0,1,0,0,0,0,0
16370,attack,invalid_reset,5,S5,5,23,5,0,0,0,0,0,0,0,1,0,0,0
16377,attack,multi_hit,4,S5,5,23,3,1,0,0,0,0,0,1,0,0,0,0
16385,attack,clean_target_effective,2,S5,5,23,2,1,1,0,1,0,0,0,0,0,1,2
16388,attack,clean_target_ineffective,1,S5,5,23,6,1,1,1,0,0,0,0,0,1,0,1
16389,attack,off_target,3,S5,5,23,5,1,0,0,0,0,1,0,0,0,0,0
16390,attack,missed,0,S0,0,23,7,1,0,0,0,1,0,0,0,0,0,0
16393,attack,clean_target_effective,2,S5,5,23,6,1,1,0,1,0,0,0,0,0,1,2
16400,attack,off_target,3,S5,5,23,1,1,0,0,0,0,1,0,0,0,0,0
16401,attack,invalid_reset,5,S0,0,22,7,0,0,0,0,0,0,0,1,0,0,0
16402,attack,off_target,3,S5,5,22,1,1,0,0,0,0,1,0,0,0,0,0
16403,attack,missed,0,S5,5,22,4,1,0,0,0,1,0,0,0,0,0,0
16407,attack,missed,0,S0,0,22,5,1,0,0,0,1,0,0,0,0,0,0
16413,attack,missed,0,S0,0,22,0,1,0,0,0,1,0,0,0,0,0,0
16416,attack,clean_target_effective,2,S5,5,22,4,1,1,0,1,0,0,0,0,0,1,2
16418,attack,missed,0,S5,5,22,7,1,0,0,0,1,0,0,0,0,0,0
16422,attack,missed,0,S5,5,23,1,1,0,0,0,1,0,0,0,0,0,0
16424,attack,multi_hit,4,S5,5,23,5,1,0,0,0,0,0,1,0,0,0,0
16427,attack,missed,0,S5,5,23,5,1,0,0,0,1,0,0,0,0,0,0
16428,attack,clean_target_effective,2,S0,0,22,1,1,1,0,1,0,0,0,0,0,1,2
16430,attack,missed,0,S0,0,22,0,1,0,0,0,1,0,0,0,0,0,0
16433,attack,multi_hit,4,S5,5,23,2,1,0,0,0,0,0,1,0,0,0,0
16434,attack,clean_target_effective,2,S5,5,22,7,1,1,0,1,0,0,0,0,0,1,2
16437,attack,clean_target_ineffective,1,S5,5,23,0,1,1,1,0,0,0,0,0,1,0,1
16438,attack,off_target,3,S5,5,23,6,1,0,0,0,0,1,0,0,0,0,0
16441,attack,clean_target_ineffective,1,S0,0,22,5,1,1,1,0,0,0,0,0,1,0,1
16451,attack,off_target,3,S5,5,22,7,1,0,0,0,0,1,0,0,0,0,0
16457,attack,clean_target_effective,2,S5,5,22,5,1,1,0,1,0,0,0,0,0,1,2
16461,attack,missed,0,S5,5,22,1,1,0,0,0,1,0,0,0,0,0,0
16472,attack,clean_target_effective,2,S5,5,23,0,1,1,0,1,0,0,0,0,0,1,2
16473,attack,clean_target_effective,2,S5,5,23,5,1,1,0,1,0,0,0,0,0,1,2
16478,attack,missed,0,S5,5,22,1,1,0,0,0,1,0,0,0,0,0,0
16480,attack,clean_target_effective,2,S5,5,22,4,1,1,0,1,0,0,0,0,0,1,2
16489,attack,multi_hit,4,S5,5,22,4,1,0,0,0,0,0,1,0,0,0,0
16492,attack,clean_target_effective,2,S5,5,22,7,1,1,0,1,0,0,0,0,0,1,2
16493,attack,clean_target_effective,2,S5,5,23,3,1,1,0,1,0,0,0,0,0,1,2
16499,attack,missed,0,S5,5,23,0,1,0,0,0,1,0,0,0,0,0,0
16507,attack,missed,0,S5,5,22,2,1,0,0,0,1,0,0,0,0,0,0
16510,attack,clean_target_ineffective,1,S0,0,22,6,1,1,1,0,0,0,0,0,1,0,1
16517,attack,missed,0,S0,0,23,1,1,0,0,0,1,0,0,0,0,0,0
16521,attack,off_target,3,S0,0,23,7,1,0,0,0,0,1,0,0,0,0,0
16523,attack,off_target,3,S5,5,22,1,1,0,0,0,0,1,0,0,0,0,0
16528,attack,missed,0,S0,0,22,3,1,0,0,0,1,0,0,0,0,0,0
16530,attack,clean_target_effective,2,S0,0,22,3,1,1,0,1,0,0,0,0,0,1,2
16532,attack,clean_target_effective,2,S0,0,23,3,1,1,0,1,0,0,0,0,0,1,2
16535,attack,clean_target_effective,2,S0,0,22,0,1,1,0,1,0,0,0,0,0,1,2
16539,attack,missed,0,S0,0,22,7,1,0,0,0,1,0,0,0,0,0,0
16544,attack,clean_target_effective,2,S0,0,22,2,1,1,0,1,0,0,0,0,0,1,2
16549,attack,off_target,3,S5,5,22,6,1,0,0,0,0,1,0,0,0,0,0
16550,attack,clean_target_effective,2,S0,0,22,0,1,1,0,1,0,0,0,0,0,1,2
16553,attack,off_target,3,S5,5,22,1,1,0,0,0,0,1,0,0,0,0,0
16560,attack,off_target,3,S0,0,22,7,1,0,0,0,0,1,0,0,0,0,0
16567,attack,clean_target_ineffective,1,S0,0,23,2,1,1,1,0,0,0,0,0,1,0,1
16570,attack,clean_target_effective,2,S5,5,22,0,1,1,0,1,0,0,0,0,0,1,2
16574,attack,missed,0,S0,0,22,3,1,0,0,0,1,0,0,0,0,0,0
16577,attack,clean_target_effective,2,S0,0,23,3,1,1,0,1,0,0,0,0,0,1,2
16579,attack,off_target,3,S5,5,22,4,1,0,0,0,0,1,0,0,0,0,0
16582,attack,off_target,3,S0,0,22,0,1,0,0,0,0,1,0,0,0,0,0
16585,attack,off_target,3,S5,5,23,0,1,0,0,0,0,1,0,0,0,0,0
16588,attack,clean_target_effective,2,S0,0,23,6,1,1,0,1,0,0,0,0,0,1,2
16591,attack,clean_target_effective,2,S0,0,23,0,1,1,0,1,0,0,0,0,0,1,2
16593,attack,clean_target_ineffective,1,S0,0,23,1,1,1,1,0,0,0,0,0,1,0,1
16597,attack,clean_target_effective,2,S0,0,22,5,1,1,0,1,0,0,0,0,0,1,2
16598,attack,missed,0,S0,0,22,1,1,0,0,0,1,0,0,0,0,0,0
16599,attack,clean_target_effective,2,S0,0,23,1,1,1,0,1,0,0,0,0,0,1,2
16601,attack,off_target,3,S5,5,23,0,1,0,0,0,0,1,0,0,0,0,0
16602,attack,off_target,3,S5,5,23,7,1,0,0,0,0,1,0,0,0,0,0
16614,attack,multi_hit,4,S5,5,22,2,1,0,0,0,0,0,1,0,0,0,0
16615,attack,multi_hit,4,S5,5,23,5,1,0,0,0,0,0,1,0,0,0,0
16616,attack,clean_target_effective,2,S5,5,23,6,1,1,0,1,0,0,0,0,0,1,2
16618,attack,missed,0,S0,0,23,2,1,0,0,0,1,0,0,0,0,0,0
16619,attack,off_target,3,S0,0,22,2,1,0,0,0,0,1,0,0,0,0,0
16621,attack,off_target,3,S5,5,23,0,1,0,0,0,0,1,0,0,0,0,0
16624,attack,missed,0,S0,0,22,5,1,0,0,0,1,0,0,0,0,0,0
16625,attack,missed,0,S5,5,23,7,1,0,0,0,1,0,0,0,0,0,0
16628,attack,clean_target_effective,2,S5,5,23,3,1,1,0,1,0,0,0,0,0,1,2
16629,attack,clean_target_effective,2,S5,5,23,4,1,1,0,1,0,0,0,0,0,1,2
16638,attack,invalid_reset,5,S5,5,22,4,0,0,0,0,0,0,0,1,0,0,0
16647,attack,missed,0,S5,5,22,6,1,0,0,0,1,0,0,0,0,0,0
16650,attack,clean_target_effective,2,S5,5,23,6,1,1,0,1,0,0,0,0,0,1,2
16651,attack,clean_target_effective,2,S5,5,22,6,1,1,0,1,0,0,0,0,0,1,2
16652,attack,missed,0,S5,5,22,6,1,0,0,0,1,0,0,0,0,0,0
16655,attack,off_target,3,S0,0,23,6,1,0,0,0,0,1,0,0,0,0,0
16657,attack,clean_target_effective,2,S0,0,22,1,1,1,0,1,0,0,0,0,0,1,2
16663,attack,multi_hit,4,S5,5,22,2,1,0,0,0,0,0,1,0,0,0,0
16669,attack,off_target,3,S5,5,23,3,1,0,0,0,0,1,0,0,0,0,0
16670,attack,missed,0,S5,5,22,6,1,0,0,0,1,0,0,0,0,0,0
16671,attack,clean_target_effective,2,S5,5,23,3,1,1,0,1,0,0,0,0,0,1,2
16672,attack,clean_target_effective,2,S5,5,22,7,1,1,0,1,0,0,0,0,0,1,2
16676,attack,missed,0,S5,5,23,7,1,0,0,0,1,0,0,0,0,0,0
16678,attack,clean_target_effective,2,S0,0,22,3,1,1,0,1,0,0,0,0,0,1,2
16684,attack,missed,0,S5,5,22,3,1,0,0,0,1,0,0,0,0,0,0
16692,attack,clean_target_effective,2,S0,0,22,0,1,1,0,1,0,0,0,0,0,1,2
16695,attack,missed,0,S5,5,22,1,1,0,0,0,1,0,0,0,0,0,0
16697,attack,multi_hit,4,S5,5,23,1,1,0,0,0,0,0,1,0,0,0,0
16701,attack,multi_hit,4,S0,0,22,0,1,0,0,0,0,0,1,0,0,0,0
16702,attack,clean_target_effective,2,S5,5,22,7,1,1,0,1,0,0,0,0,0,1,2
16708,attack,clean_target_effective,2,S0,0,23,4,1,1,0,1,0,0,0,0,0,1,2
16709,attack,clean_target_effective,2,S0,0,22,0,1,1,0,1,0,0,0,0,0,1,2
16710,attack,off_target,3,S5,5,23,4,1,0,0,0,0,1,0,0,0,0,0
16713,attack,off_target,3,S5,5,22,7,1,0,0,0,0,1,0,0,0,0,0
16718,attack,clean_target_ineffective,1,S5,5,23,2,1,1,1,0,0,0,0,0,1,0,1
16720,attack,multi_hit,4,S0,0,22,3,1,0,0,0,0,0,1,0,0,0,0
16736,attack,off_target,3,S5,5,22,2,1,0,0,0,0,1,0,0,0,0,0
16742,attack,off_target,3,S5,5,23,0,1,0,0,0,0,1,0,0,0,0,0
16744,attack,invalid_reset,5,S5,5,23,3,0,0,0,0,0,0,0,1,0,0,0
16746,attack,clean_target_effective,2,S0,0,23,6,1,1,0,1,0,0,0,0,0,1,2
16751,attack,clean_target_ineffective,1,S0,0,23,2,1,1,1,0,0,0,0,0,1,0,1
16766,attack,clean_target_effective,2,S0,0,23,7,1,1,0,1,0,0,0,0,0,1,2
16769,attack,clean_target_ineffective,1,S5,5,22,2,1,1,1,0,0,0,0,0,1,0,1
16776,attack,missed,0,S5,5,23,5,1,0,0,0,1,0,0,0,0,0,0
16778,attack,clean_target_effective,2,S0,0,22,5,1,1,0,1,0,0,0,0,0,1,2
16779,attack,clean_target_effective,2,S5,5,23,2,1,1,0,1,0,0,0,0,0,1,2
16783,attack,multi_hit,4,S0,0,23,0,1,0,0,0,0,0,1,0,0,0,0
16784,attack,missed,0,S5,5,22,5,1,0,0,0,1,0,0,0,0,0,0
16788,attack,clean_target_effective,2,S5,5,22,4,1,1,0,1,0,0,0,0,0,1,2
16793,attack,off_target,3,S0,0,22,4,1,0,0,0,0,1,0,0,0,0,0
16800,attack,off_target,3,S5,5,22,0,1,0,0,0,0,1,0,0,0,0,0
16806,attack,missed,0,S0,0,23,4,1,0,0,0,1,0,0,0,0,0,0
16811,attack,clean_target_ineffective,1,S5,5,23,3,1,1,1,0,0,0,0,0,1,0,1
16813,attack,missed,0,S0,0,22,1,1,0,0,0,1,0,0,0,0,0,0
16814,attack,clean_target_effective,2,S0,0,23,4,1,1,0,1,0,0,0,0,0,1,2
16815,attack,clean_target_ineffective,1,S0,0,22,4,1,1,1,0,0,0,0,0,1,0,1
16818,attack,clean_target_effective,2,S5,5,22,0,1,1,0,1,0,0,0,0,0,1,2
16819,attack,missed,0,S0,0,22,4,1,0,0,0,1,0,0,0,0,0,0
16820,attack,multi_hit,4,S0,0,22,5,1,0,0,0,0,0,1,0,0,0,0
16821,attack,invalid_reset,5,S0,0,22,4,0,0,0,0,0,0,0,1,0,0,0
16823,attack,clean_target_ineffective,1,S5,5,22,2,1,1,1,0,0,0,0,0,1,0,1
16826,attack,off_target,3,S0,0,23,1,1,0,0,0,0,1,0,0,0,0,0
16829,attack,missed,0,S5,5,22,7,1,0,0,0,1,0,0,0,0,0,0
16834,attack,off_target,3,S0,0,23,5,1,0,0,0,0,1,0,0,0,0,0
16837,attack,clean_target_effective,2,S0,0,22,6,1,1,0,1,0,0,0,0,0,1,2
16840,attack,missed,0,S0,0,22,3,1,0,0,0,1,0,0,0,0,0,0
16846,attack,missed,0,S0,0,22,5,1,0,0,0,1,0,0,0,0,0,0
16854,attack,clean_target_ineffective,1,S5,5,23,4,1,1,1,0,0,0,0,0,1,0,1
16856,attack,off_target,3,S5,5,22,5,1,0,0,0,0,1,0,0,0,0,0
16866,attack,multi_hit,4,S5,5,22,2,1,0,0,0,0,0,1,0,0,0,0
16870,attack,missed,0,S0,0,23,2,1,0,0,0,1,0,0,0,0,0,0
16882,attack,missed,0,S0,0,23,0,1,0,0,0,1,0,0,0,0,0,0
16883,attack,missed,0,S5,5,23,5,1,0,0,0,1,0,0,0,0,0,0
16888,attack,multi_hit,4,S5,5,22,1,1,0,0,0,0,0,1,0,0,0,0
16890,attack,clean_target_effective,2,S0,0,23,5,1,1,0,1,0,0,0,0,0,1,2
16895,attack,clean_target_effective,2,S5,5,23,2,1,1,0,1,0,0,0,0,0,1,2
16901,attack,missed,0,S5,5,23,4,1,0,0,0,1,0,0,0,0,0,0
16909,attack,missed,0,S0,0,22,2,1,0,0,0,1,0,0,0,0,0,0
16910,attack,multi_hit,4,S5,5,22,6,1,0,0,0,0,0,1,0,0,0,0
16912,attack,missed,0,S5,5,22,7,1,0,0,0,1,0,0,0,0,0,0
16913,attack,clean_target_effective,2,S0,0,23,2,1,1,0,1,0,0,0,0,0,1,2
16919,attack,clean_target_effective,2,S5,5,22,7,1,1,0,1,0,0,0,0,0,1,2
16926,attack,multi_hit,4,S0,0,22,6,1,0,0,0,0,0,1,0,0,0,0
16927,attack,invalid_reset,5,S5,5,22,4,0,0,0,0,0,0,0,1,0,0,0
16934,attack,clean_target_effective,2,S0,0,22,3,1,1,0,1,0,0,0,0,0,1,2
16935,attack,off_target,3,S5,5,23,6,1,0,0,0,0,1,0,0,0,0,0
16939,attack,multi_hit,4,S0,0,22,4,1,0,0,0,0,0,1,0,0,0,0
16943,attack,invalid_reset,5,S5,5,22,5,0,0,0,0,0,0,0,1,0,0,0
16944,attack,clean_target_effective,2,S5,5,22,3,1,1,0,1,0,0,0,0,0,1,2
16946,attack,multi_hit,4,S5,5,22,4,1,0,0,0,0,0,1,0,0,0,0
16948,attack,clean_target_effective,2,S5,5,22,1,1,1,0,1,0,0,0,0,0,1,2
16960,attack,off_target,3,S0,0,22,5,1,0,0,0,0,1,0,0,0,0,0
16962,attack,off_target,3,S5,5,22,5,1,0,0,0,0,1,0,0,0,0,0
16966,attack,missed,0,S0,0,22,2,1,0,0,0,1,0,0,0,0,0,0
16967,attack,invalid_reset,5,S5,5,22,5,0,0,0,0,0,0,0,1,0,0,0
16968,attack,clean_target_ineffective,1,S0,0,23,1,1,1,1,0,0,0,0,0,1,0,1
16980,attack,multi_hit,4,S0,0,22,7,1,0,0,0,0,0,1,0,0,0,0
16984,attack,off_target,3,S0,0,22,0,1,0,0,0,0,1,0,0,0,0,0
16986,attack,missed,0,S5,5,23,4,1,0,0,0,1,0,0,0,0,0,0
16991,attack,off_target,3,S0,0,23,7,1,0,0,0,0,1,0,0,0,0,0
16992,attack,invalid_reset,5,S0,0,23,3,0,0,0,0,0,0,0,1,0,0,0
16995,attack,clean_target_effective,2,S5,5,22,4,1,1,0,1,0,0,0,0,0,1,2
17002,attack,multi_hit,4,S5,5,23,5,1,0,0,0,0,0,1,0,0,0,0
17006,attack,off_target,3,S0,0,23,4,1,0,0,0,0,1,0,0,0,0,0
17019,attack,clean_target_effective,2,S0,0,22,0,1,1,0,1,0,0,0,0,0,1,2
17022,attack,multi_hit,4,S5,5,22,6,1,0,0,0,0,0,1,0,0,0,0
17038,attack,clean_target_effective,2,S5,5,22,4,1,1,0,1,0,0,0,0,0,1,2
17043,attack,off_target,3,S0,0,22,3,1,0,0,0,0,1,0,0,0,0,0
17045,attack,clean_target_effective,2,S0,0,22,0,1,1,0,1,0,0,0,0,0,1,2
17049,attack,missed,0,S0,0,23,7,1,0,0,0,1,0,0,0,0,0,0
17050,attack,clean_target_effective,2,S5,5,23,4,1,1,0,1,0,0,0,0,0,1,2
17054,attack,missed,0,S0,0,22,0,1,0,0,0,1,0,0,0,0,0,0
17056,attack,missed,0,S5,5,22,0,1,0,0,0,1,0,0,0,0,0,0
17058,attack,clean_target_effective,2,S5,5,23,0,1,1,0,1,0,0,0,0,0,1,2
17062,attack,missed,0,S0,0,23,0,1,0,0,0,1,0,0,0,0,0,0
17066,attack,clean_target_effective,2,S0,0,23,7,1,1,0,1,0,0,0,0,0,1,2
17069,attack,multi_hit,4,S0,0,23,7,1,0,0,0,0,0,1,0,0,0,0
17071,attack,clean_target_ineffective,1,S5,5,22,6,1,1,1,0,0,0,0,0,1,0,1
17078,attack,clean_target_effective,2,S0,0,23,0,1,1,0,1,0,0,0,0,0,1,2
17079,attack,clean_target_effective,2,S0,0,23,7,1,1,0,1,0,0,0,0,0,1,2
17085,attack,missed,0,S0,0,22,7,1,0,0,0,1,0,0,0,0,0,0
17087,attack,missed,0,S5,5,23,5,1,0,0,0,1,0,0,0,0,0,0
17088,attack,clean_target_ineffective,1,S5,5,22,7,1,1,1,0,0,0,0,0,1,0,1
17092,attack,multi_hit,4,S0,0,22,7,1,0,0,0,0,0,1,0,0,0,0
17096,attack,missed,0,S0,0,22,4,1,0,0,0,1,0,0,0,0,0,0
17099,attack,multi_hit,4,S0,0,22,4,1,0,0,0,0,0,1,0,0,0,0
17109,attack,invalid_reset,5,S0,0,23,5,0,0,0,0,0,0,0,1,0,0,0
17120,attack,multi_hit,4,S5,5,22,1,1,0,0,0,0,0,1,0,0,0,0
17121,attack,off_target,3,S5,5,23,3,1,0,0,0,0,1,0,0,0,0,0
17122,attack,multi_hit,4,S0,0,22,4,1,0,0,0,0,0,1,0,0,0,0
17125,attack,clean_target_ineffective,1,S5,5,22,4,1,1,1,0,0,0,0,0,1,0,1
17127,attack,clean_target_ineffective,1,S5,5,23,0,1,1,1,0,0,0,0,0,1,0,1
17144,attack,off_target,3,S5,5,23,6,1,0,0,0,0,1,0,0,0,0,0
17148,attack,clean_target_effective,2,S5,5,22,1,1,1,0,1,0,0,0,0,0,1,2
17161,attack,off_target,3,S5,5,22,5,1,0,0,0,0,1,0,0,0,0,0
17162,attack,missed,0,S0,0,23,0,1,0,0,0,1,0,0,0,0,0,0
17171,attack,invalid_reset,5,S0,0,23,7,0,0,0,0,0,0,0,1,0,0,0
17174,attack,clean_target_ineffective,1,S5,5,22,5,1,1,1,0,0,0,0,0,1,0,1
17175,attack,off_target,3,S0,0,22,6,1,0,0,0,0,1,0,0,0,0,0
17177,attack,clean_target_effective,2,S5,5,22,7,1,1,0,1,0,0,0,0,0,1,2
17178,attack,clean_target_effective,2,S5,5,22,2,1,1,0,1,0,0,0,0,0,1,2
17183,attack,missed,0,S0,0,22,0,1,0,0,0,1,0,0,0,0,0,0
17184,attack,missed,0,S0,0,22,5,1,0,0,0,1,0,0,0,0,0,0
17196,attack,off_target,3,S0,0,23,4,1,0,0,0,0,1,0,0,0,0,0
17197,attack,clean_target_effective,2,S0,0,22,2,1,1,0,1,0,0,0,0,0,1,2
17199,attack,off_target,3,S0,0,22,4,1,0,0,0,0,1,0,0,0,0,0
17201,attack,missed,0,S0,0,23,4,1,0,0,0,1,0,0,0,0,0,0
17209,attack,off_target,3,S5,5,22,0,1,0,0,0,0,1,0,0,0,0,0
17214,attack,missed,0,S5,5,22,5,1,0,0,0,1,0,0,0,0,0,0
17217,attack,clean_target_effective,2,S5,5,23,2,1,1,0,1,0,0,0,0,0,1,2
17222,attack,invalid_reset,5,S0,0,23,5,0,0,0,0,0,0,0,1,0,0,0
17225,attack,off_target,3,S5,5,23,2,1,0,0,0,0,1,0,0,0,0,0
17232,attack,multi_hit,4,S5,5,22,1,1,0,0,0,0,0,1,0,0,0,0
17233,attack,multi_hit,4,S5,5,22,4,1,0,0,0,0,0,1,0,0,0,0
17234,attack,missed,0,S5,5,22,1,1,0,0,0,1,0,0,0,0,0,0
17237,attack,off_target,3,S5,5,23,2,1,0,0,0,0,1,0,0,0,0,0
17241,attack,multi_hit,4,S5,5,23,7,1,0,0,0,0,0,1,0,0,0,0
17246,attack,clean_target_effective,2,S0,0,23,1,1,1,0,1,0,0,0,0,0,1,2
17249,attack,missed,0,S5,5,23,5,1,0,0,0,1,0,0,0,0,0,0
17262,attack,off_target,3,S5,5,22,5,1,0,0,0,0,1,0,0,0,0,0
17263,attack,missed,0,S0,0,22,4,1,0,0,0,1,0,0,0,0,0,0
17267,attack,off_target,3,S5,5,23,5,1,0,0,0,0,1,0,0,0,0,0
17275,attack,missed,0,S5,5,22,4,1,0,0,0,1,0,0,0,0,0,0
17279,attack,invalid_reset,5,S0,0,22,4,0,0,0,0,0,0,0,1,0,0,0
17286,attack,invalid_reset,5,S0,0,22,7,0,0,0,0,0,0,0,1,0,0,0
17287,attack,off_target,3,S5,5,23,1,1,0,0,0,0,1,0,0,0,0,0
17288,attack,clean_target_effective,2,S0,0,22,0,1,1,0,1,0,0,0,0,0,1,2
17290,attack,missed,0,S5,5,23,6,1,0,0,0,1,0,0,0,0,0,0
17291,attack,clean_target_effective,2,S5,5,22,0,1,1,0,1,0,0,0,0,0,1,2
17292,attack,clean_target_effective,2,S5,5,22,2,1,1,0,1,0,0,0,0,0,1,2
17298,attack,clean_target_effective,2,S0,0,22,2,1,1,0,1,0,0,0,0,0,1,2
17299,attack,clean_target_effective,2,S5,5,22,5,1,1,0,1,0,0,0,0,0,1,2
17306,attack,clean_target_effective,2,S0,0,23,6,1,1,0,1,0,0,0,0,0,1,2
17318,attack,clean_target_ineffective,1,S0,0,23,6,1,1,1,0,0,0,0,0,1,0,1
17319,attack,off_target,3,S5,5,23,4,1,0,0,0,0,1,0,0,0,0,0
17324,attack,clean_target_ineffective,1,S5,5,23,2,1,1,1,0,0,0,0,0,1,0,1
17325,attack,multi_hit,4,S0,0,23,2,1,0,0,0,0,0,1,0,0,0,0
17326,attack,clean_target_ineffective,1,S5,5,23,3,1,1,1,0,0,0,0,0,1,0,1
17340,attack,clean_target_ineffective,1,S0,0,23,6,1,1,1,0,0,0,0,0,1,0,1
17341,attack,missed,0,S5,5,23,3,1,0,0,0,1,0,0,0,0,0,0
17348,attack,missed,0,S5,5,23,2,1,0,0,0,1,0,0,0,0,0,0
17357,attack,multi_hit,4,S5,5,22,7,1,0,0,0,0,0,1,0,0,0,0
17361,attack,missed,0,S0,0,23,6,1,0,0,0,1,0,0,0,0,0,0
17363,attack,missed,0,S0,0,22,6,1,0,0,0,1,0,0,0,0,0,0
17373,attack,clean_target_effective,2,S5,5,22,4,1,1,0,1,0,0,0,0,0,1,2
17382,attack,missed,0,S5,5,22,0,1,0,0,0,1,0,0,0,0,0,0
17383,attack,clean_target_effective,2,S0,0,23,0,1,1,0,1,0,0,0,0,0,1,2
17385,attack,missed,0,S0,0,23,6,1,0,0,0,1,0,0,0,0,0,0
17388,attack,invalid_reset,5,S0,0,22,1,0,0,0,0,0,0,0,1,0,0,0
17391,attack,missed,0,S5,5,23,1,1,0,0,0,1,0,0,0,0,0,0
17393,attack,missed,0,S5,5,23,6,1,0,0,0,1,0,0,0,0,0,0
17394,attack,multi_hit,4,S5,5,22,7,1,0,0,0,0,0,1,0,0,0,0
17397,attack,multi_hit,4,S0,0,22,4,1,0,0,0,0,0,1,0,0,0,0
17400,attack,off_target,3,S5,5,23,2,1,0,0,0,0,1,0,0,0,0,0
17405,attack,clean_target_ineffective,1,S0,0,22,3,1,1,1,0,0,0,0,0,1,0,1
17406,attack,missed,0,S0,0,22,2,1,0,0,0,1,0,0,0,0,0,0
17409,attack,missed,0,S5,5,23,4,1,0,0,0,1,0,0,0,0,0,0
17416,attack,clean_target_ineffective,1,S0,0,23,5,1,1,1,0,0,0,0,0,1,0,1
17418,attack,off_target,3,S5,5,22,0,1,0,0,0,0,1,0,0,0,0,0
17422,attack,off_target,3,S0,0,23,6,1,0,0,0,0,1,0,0,0,0,0
17424,attack,off_target,3,S5,5,23,2,1,0,0,0,0,1,0,0,0,0,0
17430,attack,missed,0,S0,0,22,3,1,0,0,0,1,0,0,0,0,0,0
17432,attack,clean_target_effective,2,S5,5,22,3,1,1,0,1,0,0,0,0,0,1,2
17434,attack,missed,0,S0,0,22,7,1,0,0,0,1,0,0,0,0,0,0
17435,attack,clean_target_effective,2,S5,5,23,0,1,1,0,1,0,0,0,0,0,1,2
17444,attack,missed,0,S0,0,22,4,1,0,0,0,1,0,0,0,0,0,0
17445,attack,clean_target_effective,2,S5,5,22,3,1,1,0,1,0,0,0,0,0,1,2
17447,attack,multi_hit,4,S0,0,22,3,1,0,0,0,0,0,1,0,0,0,0
17449,attack,missed,0,S0,0,23,1,1,0,0,0,1,0,0,0,0,0,0
17455,attack,clean_target_effective,2,S5,5,23,7,1,1,0,1,0,0,0,0,0,1,2
17457,attack,clean_target_ineffective,1,S0,0,23,2,1,1,1,0,0,0,0,0,1,0,1
17464,attack,off_target,3,S5,5,22,3,1,0,0,0,0,1,0,0,0,0,0
17466,attack,missed,0,S0,0,23,3,1,0,0,0,1,0,0,0,0,0,0
17467,attack,clean_target_ineffective,1,S5,5,22,6,1,1,1,0,0,0,0,0,1,0,1
17470,attack,clean_target_ineffective,1,S5,5,23,4,1,1,1,0,0,0,0,0,1,0,1
17472,attack,clean_target_effective,2,S0,0,23,5,1,1,0,1,0,0,0,0,0,1,2
17476,attack,clean_target_effective,2,S5,5,22,5,1,1,0,1,0,0,0,0,0,1,2
17478,attack,missed,0,S5,5,23,5,1,0,0,0,1,0,0,0,0,0,0
17488,attack,clean_target_effective,2,S0,0,23,7,1,1,0,1,0,0,0,0,0,1,2
17493,attack,clean_target_effective,2,S0,0,22,1,1,1,0,1,0,0,0,0,0,1,2
17496,attack,off_target,3,S5,5,22,5,1,0,0,0,0,1,0,0,0,0,0
17497,attack,clean_target_effective,2,S0,0,22,6,1,1,0,1,0,0,0,0,0,1,2
17498,attack,multi_hit,4,S5,5,22,1,1,0,0,0,0,0,1,0,0,0,0
17500,attack,missed,0,S0,0,23,2,1,0,0,0,1,0,0,0,0,0,0
17504,attack,missed,0,S0,0,23,1,1,0,0,0,1,0,0,0,0,0,0
17507,attack,clean_target_effective,2,S5,5,22,5,1,1,0,1,0,0,0,0,0,1,2
17508,attack,clean_target_effective,2,S5,5,23,3,1,1,0,1,0,0,0,0,0,1,2
17514,attack,clean_target_effective,2,S0,0,22,1,1,1,0,1,0,0,0,0,0,1,2
17517,attack,multi_hit,4,S5,5,22,3,1,0,0,0,0,0,1,0,0,0,0
17521,attack,clean_target_effective,2,S0,0,23,7,1,1,0,1,0,0,0,0,0,1,2
17529,attack,clean_target_effective,2,S0,0,22,2,1,1,0,1,0,0,0,0,0,1,2
17533,attack,off_target,3,S0,0,23,7,1,0,0,0,0,1,0,0,0,0,0
17535,attack,multi_hit,4,S5,5,22,4,1,0,0,0,0,0,1,0,0,0,0
17536,attack,missed,0,S5,5,23,4,1,0,0,0,1,0,0,0,0,0,0
17550,attack,missed,0,S0,0,22,7,1,0,0,0,1,0,0,0,0,0,0
17551,attack,missed,0,S5,5,23,3,1,0,0,0,1,0,0,0,0,0,0
17552,attack,off_target,3,S5,5,22,3,1,0,0,0,0,1,0,0,0,0,0
17556,attack,clean_target_effective,2,S5,5,23,5,1,1,0,1,0,0,0,0,0,1,2
17558,attack,clean_target_effective,2,S0,0,23,0,1,1,0,1,0,0,0,0,0,1,2
17559,attack,missed,0,S0,0,23,6,1,0,0,0,1,0,0,0,0,0,0
17561,attack,invalid_reset,5,S0,0,23,2,0,0,0,0,0,0,0,1,0,0,0
17563,attack,clean_target_effective,2,S5,5,22,6,1,1,0,1,0,0,0,0,0,1,2
17574,attack,missed,0,S5,5,23,7,1,0,0,0,1,0,0,0,0,0,0
17575,attack,multi_hit,4,S0,0,23,2,1,0,0,0,0,0,1,0,0,0,0
17577,attack,clean_target_ineffective,1,S5,5,22,4,1,1,1,0,0,0,0,0,1,0,1
17584,attack,clean_target_ineffective,1,S5,5,23,0,1,1,1,0,0,0,0,0,1,0,1
17585,attack,missed,0,S5,5,22,4,1,0,0,0,1,0,0,0,0,0,0
17589,attack,off_target,3,S0,0,22,1,1,0,0,0,0,1,0,0,0,0,0
17607,attack,clean_target_effective,2,S0,0,23,7,1,1,0,1,0,0,0,0,0,1,2
17608,attack,missed,0,S0,0,22,3,1,0,0,0,1,0,0,0,0,0,0
17616,attack,clean_target_effective,2,S0,0,23,4,1,1,0,1,0,0,0,0,0,1,2
17628,attack,off_target,3,S5,5,23,1,1,0,0,0,0,1,0,0,0,0,0
17641,attack,clean_target_effective,2,S5,5,23,5,1,1,0,1,0,0,0,0,0,1,2
17642,attack,clean_target_effective,2,S5,5,23,5,1,1,0,1,0,0,0,0,0,1,2
17644,attack,off_target,3,S5,5,23,3,1,0,0,0,0,1,0,0,0,0,0
17648,attack,off_target,3,S5,5,22,6,1,0,0,0,0,1,0,0,0,0,0
17653,attack,multi_hit,4,S5,5,22,2,1,0,0,0,0,0,1,0,0,0,0
17664,attack,missed,0,S5,5,23,3,1,0,0,0,1,0,0,0,0,0,0
17665,attack,missed,0,S5,5,23,6,1,0,0,0,1,0,0,0,0,0,0
17666,attack,off_target,3,S5,5,23,5,1,0,0,0,0,1,0,0,0,0,0
17670,attack,clean_target_ineffective,1,S0,0,22,1,1,1,1,0,0,0,0,0,1,0,1
17671,attack,missed,0,S5,5,22,1,1,0,0,0,1,0,0,0,0,0,0
17678,attack,clean_target_ineffective,1,S5,5,22,0,1,1,1,0,0,0,0,0,1,0,1
17686,attack,off_target,3,S5,5,22,2,1,0,0,0,0,1,0,0,0,0,0
17688,attack,clean_target_effective,2,S0,0,23,5,1,1,0,1,0,0,0,0,0,1,2
17691,attack,missed,0,S5,5,23,2,1,0,0,0,1,0,0,0,0,0,0
17694,attack,off_target,3,S5,5,22,5,1,0,0,0,0,1,0,0,0,0,0
17708,attack,missed,0,S5,5,22,6,1,0,0,0,1,0,0,0,0,0,0
17716,attack,clean_target_ineffective,1,S0,0,22,7,1,1,1,0,0,0,0,0,1,0,1
17718,attack,clean_target_ineffective,1,S0,0,22,0,1,1,1,0,0,0,0,0,1,0,1
17719,attack,clean_target_ineffective,1,S0,0,22,7,1,1,1,0,0,0,0,0,1,0,1
17721,attack,missed,0,S5,5,23,6,1,0,0,0,1,0,0,0,0,0,0
17724,attack,off_target,3,S0,0,23,5,1,0,0,0,0,1,0,0,0,0,0
17727,attack,clean_target_effective,2,S5,5,23,7,1,1,0,1,0,0,0,0,0,1,2
17735,attack,invalid_reset,5,S0,0,23,3,0,0,0,0,0,0,0,1,0,0,0
17742,attack,invalid_reset,5,S5,5,23,0,0,0,0,0,0,0,0,1,0,0,0
17757,attack,invalid_reset,5,S0,0,22,6,0,0,0,0,0,0,0,1,0,0,0
17763,attack,off_target,3,S0,0,23,5,1,0,0,0,0,1,0,0,0,0,0
17765,attack,clean_target_ineffective,1,S0,0,23,2,1,1,1,0,0,0,0,0,1,0,1
17768,attack,off_target,3,S0,0,22,6,1,0,0,0,0,1,0,0,0,0,0
17769,attack,off_target,3,S0,0,22,1,1,0,0,0,0,1,0,0,0,0,0
17774,attack,clean_target_ineffective,1,S5,5,22,2,1,1,1,0,0,0,0,0,1,0,1
17775,attack,clean_target_effective,2,S0,0,23,7,1,1,0,1,0,0,0,0,0,1,2
17776,attack,clean_target_effective,2,S0,0,22,2,1,1,0,1,0,0,0,0,0,1,2
17777,attack,missed,0,S0,0,22,1,1,0,0,0,1,0,0,0,0,0,0
17778,attack,clean_target_effective,2,S5,5,23,1,1,1,0,1,0,0,0,0,0,1,2
17779,attack,clean_target_effective,2,S0,0,23,3,1,1,0,1,0,0,0,0,0,1,2
17792,attack,multi_hit,4,S0,0,23,2,1,0,0,0,0,0,1,0,0,0,0
17793,attack,clean_target_effective,2,S5,5,23,1,1,1,0,1,0,0,0,0,0,1,2
17804,attack,clean_target_effective,2,S5,5,23,7,1,1,0,1,0,0,0,0,0,1,2
17806,attack,off_target,3,S0,0,23,7,1,0,0,0,0,1,0,0,0,0,0
17810,attack,clean_target_effective,2,S0,0,23,5,1,1,0,1,0,0,0,0,0,1,2
17811,attack,invalid_reset,5,S0,0,22,1,0,0,0,0,0,0,0,1,0,0,0
17815,attack,missed,0,S0,0,23,3,1,0,0,0,1,0,0,0,0,0,0
17816,attack,multi_hit,4,S0,0,23,3,1,0,0,0,0,0,1,0,0,0,0
17820,attack,clean_target_effective,2,S0,0,22,1,1,1,0,1,0,0,0,0,0,1,2
17825,attack,clean_target_effective,2,S0,0,22,1,1,1,0,1,0,0,0,0,0,1,2
17828,attack,clean_target_effective,2,S5,5,23,5,1,1,0,1,0,0,0,0,0,1,2
17829,attack,off_target,3,S5,5,23,3,1,0,0,0,0,1,0,0,0,0,0
17837,attack,clean_target_effective,2,S5,5,22,1,1,1,0,1,0,0,0,0,0,1,2
17838,attack,off_target,3,S5,5,22,3,1,0,0,0,0,1,0,0,0,0,0
17840,attack,clean_target_ineffective,1,S5,5,23,4,1,1,1,0,0,0,0,0,1,0,1
17847,attack,clean_target_effective,2,S0,0,23,3,1,1,0,1,0,0,0,0,0,1,2
17849,attack,clean_target_ineffective,1,S5,5,23,2,1,1,1,0,0,0,0,0,1,0,1
17853,attack,clean_target_effective,2,S5,5,23,3,1,1,0,1,0,0,0,0,0,1,2
17854,attack,clean_target_effective,2,S5,5,23,2,1,1,0,1,0,0,0,0,0,1,2
17855,attack,clean_target_effective,2,S5,5,23,2,1,1,0,1,0,0,0,0,0,1,2
17859,attack,multi_hit,4,S5,5,23,1,1,0,0,0,0,0,1,0,0,0,0
17863,attack,missed,0,S5,5,22,0,1,0,0,0,1,0,0,0,0,0,0
17865,attack,missed,0,S0,0,22,2,1,0,0,0,1,0,0,0,0,0,0
17867,attack,clean_target_ineffective,1,S0,0,23,5,1,1,1,0,0,0,0,0,1,0,1
17872,attack,multi_hit,4,S0,0,23,1,1,0,0,0,0,0,1,0,0,0,0
17879,attack,multi_hit,4,S0,0,22,2,1,0,0,0,0,0,1,0,0,0,0
17891,attack,off_target,3,S0,0,23,2,1,0,0,0,0,1,0,0,0,0,0
17892,attack,off_target,3,S0,0,22,5,1,0,0,0,0,1,0,0,0,0,0
17894,attack,clean_target_ineffective,1,S5,5,23,4,1,1,1,0,0,0,0,0,1,0,1
17896,attack,clean_target_effective,2,S0,0,22,2,1,1,0,1,0,0,0,0,0,1,2
17902,attack,clean_target_effective,2,S5,5,23,6,1,1,0,1,0,0,0,0,0,1,2
17903,attack,clean_target_effective,2,S5,5,22,0,1,1,0,1,0,0,0,0,0,1,2
17905,attack,missed,0,S0,0,23,3,1,0,0,0,1,0,0,0,0,0,0
17908,attack,off_target,3,S5,5,23,6,1,0,0,0,0,1,0,0,0,0,0
17909,attack,clean_target_ineffective,1,S5,5,23,7,1,1,1,0,0,0,0,0,1,0,1
17910,attack,clean_target_effective,2,S0,0,23,1,1,1,0,1,0,0,0,0,0,1,2
17913,attack,missed,0,S5,5,22,4,1,0,0,0,1,0,0,0,0,0,0
17924,attack,clean_target_effective,2,S0,0,22,4,1,1,0,1,0,0,0,0,0,1,2
17925,attack,clean_target_ineffective,1,S0,0,22,0,1,1,1,0,0,0,0,0,1,0,1
17927,attack,multi_hit,4,S0,0,22,4,1,0,0,0,0,0,1,0,0,0,0
17934,attack,off_target,3,S0,0,22,4,1,0,0,0,0,1,0,0,0,0,0
17935,attack,clean_target_effective,2,S0,0,22,1,1,1,0,1,0,0,0,0,0,1,2
17942,attack,clean_target_effective,2,S0,0,22,0,1,1,0,1,0,0,0,0,0,1,2
17943,attack,missed,0,S5,5,23,1,1,0,0,0,1,0,0,0,0,0,0
17952,attack,clean_target_effective,2,S0,0,22,6,1,1,0,1,0,0,0,0,0,1,2
17953,attack,multi_hit,4,S0,0,23,0,1,0,0,0,0,0,1,0,0,0,0
17958,attack,off_target,3,S5,5,22,2,1,0,0,0,0,1,0,0,0,0,0
17964,attack,missed,0,S5,5,23,4,1,0,0,0,1,0,0,0,0,0,0
17967,attack,invalid_reset,5,S0,0,22,2,0,0,0,0,0,0,0,1,0,0,0
17968,attack,clean_target_effective,2,S0,0,22,7,1,1,0,1,0,0,0,0,0,1,2
17978,attack,off_target,3,S0,0,23,1,1,0,0,0,0,1,0,0,0,0,0
17983,attack,clean_target_ineffective,1,S5,5,22,6,1,1,1,0,0,0,0,0,1,0,1
17984,attack,clean_target_ineffective,1,S5,5,22,0,1,1,1,0,0,0,0,0,1,0,1
17985,attack,clean_target_effective,2,S5,5,23,4,1,1,0,1,0,0,0,0,0,1,2
17992,attack,multi_hit,4,S5,5,23,6,1,0,0,0,0,0,1,0,0,0,0
18000,attack,invalid_reset,5,S0,0,22,6,0,0,0,0,0,0,0,1,0,0,0
18005,attack,missed,0,S5,5,23,3,1,0,0,0,1,0,0,0,0,0,0
18007,attack,multi_hit,4,S0,0,23,1,1,0,0,0,0,0,1,0,0,0,0
18008,attack,invalid_reset,5,S0,0,22,5,0,0,0,0,0,0,0,1,0,0,0
18009,attack,clean_target_ineffective,1,S0,0,23,1,1,1,1,0,0,0,0,0,1,0,1
18015,attack,missed,0,S0,0,23,2,1,0,0,0,1,0,0,0,0,0,0
18018,attack,missed,0,S5,5,22,5,1,0,0,0,1,0,0,0,0,0,0
18020,attack,off_target,3,S0,0,23,6,1,0,0,0,0,1,0,0,0,0,0
18030,attack,clean_target_effective,2,S5,5,22,0,1,1,0,1,0,0,0,0,0,1,2
18033,attack,missed,0,S0,0,22,5,1,0,0,0,1,0,0,0,0,0,0
18034,attack,clean_target_effective,2,S0,0,23,7,1,1,0,1,0,0,0,0,0,1,2
18037,attack,clean_target_effective,2,S0,0,23,6,1,1,0,1,0,0,0,0,0,1,2
18043,attack,clean_target_effective,2,S5,5,23,0,1,1,0,1,0,0,0,0,0,1,2
18056,attack,missed,0,S0,0,22,7,1,0,0,0,1,0,0,0,0,0,0
18059,attack,off_target,3,S0,0,22,6,1,0,0,0,0,1,0,0,0,0,0
18061,attack,invalid_reset,5,S0,0,23,0,0,0,0,0,0,0,0,1,0,0,0
18069,attack,missed,0,S5,5,22,6,1,0,0,0,1,0,0,0,0,0,0
18073,attack,invalid_reset,5,S0,0,22,0,0,0,0,0,0,0,0,1,0,0,0
18074,attack,missed,0,S0,0,23,4,1,0,0,0,1,0,0,0,0,0,0
18076,attack,off_target,3,S5,5,23,1,1,0,0,0,0,1,0,0,0,0,0
18089,attack,missed,0,S5,5,22,2,1,0,0,0,1,0,0,0,0,0,0
18092,attack,missed,0,S5,5,23,1,1,0,0,0,1,0,0,0,0,0,0
18098,attack,clean_target_effective,2,S0,0,22,0,1,1,0,1,0,0,0,0,0,1,2
18099,attack,clean_target_effective,2,S0,0,22,4,1,1,0,1,0,0,0,0,0,1,2
18104,attack,multi_hit,4,S0,0,22,6,1,0,0,0,0,0,1,0,0,0,0
18109,attack,missed,0,S5,5,22,4,1,0,0,0,1,0,0,0,0,0,0
18110,attack,clean_target_ineffective,1,S5,5,23,1,1,1,1,0,0,0,0,0,1,0,1
18117,attack,off_target,3,S5,5,23,1,1,0,0,0,0,1,0,0,0,0,0
18118,attack,off_target,3,S0,0,22,1,1,0,0,0,0,1,0,0,0,0,0
18123,attack,clean_target_effective,2,S0,0,22,7,1,1,0,1,0,0,0,0,0,1,2
18132,attack,off_target,3,S5,5,22,3,1,0,0,0,0,1,0,0,0,0,0
18136,attack,clean_target_effective,2,S0,0,22,7,1,1,0,1,0,0,0,0,0,1,2
18143,attack,clean_target_effective,2,S0,0,22,3,1,1,0,1,0,0,0,0,0,1,2
18159,attack,clean_target_ineffective,1,S5,5,23,0,1,1,1,0,0,0,0,0,1,0,1
18169,attack,clean_target_effective,2,S0,0,22,7,1,1,0,1,0,0,0,0,0,1,2
18174,attack,missed,0,S0,0,22,1,1,0,0,0,1,0,0,0,0,0,0
18177,attack,missed,0,S0,0,23,1,1,0,0,0,1,0,0,0,0,0,0
18185,attack,clean_target_effective,2,S0,0,23,4,1,1,0,1,0,0,0,0,0,1,2
18186,attack,clean_target_effective,2,S0,0,22,3,1,1,0,1,0,0,0,0,0,1,2
18190,attack,off_target,3,S0,0,22,4,1,0,0,0,0,1,0,0,0,0,0
18192,attack,invalid_reset,5,S5,5,22,7,0,0,0,0,0,0,0,1,0,0,0
18198,attack,invalid_reset,5,S0,0,22,3,0,0,0,0,0,0,0,1,0,0,0
18199,attack,clean_target_effective,2,S0,0,22,3,1,1,0,1,0,0,0,0,0,1,2
18200,attack,missed,0,S0,0,22,2,1,0,0,0,1,0,0,0,0,0,0
18205,attack,missed,0,S5,5,22,7,1,0,0,0,1,0,0,0,0,0,0
18212,attack,invalid_reset,5,S5,5,23,3,0,0,0,0,0,0,0,1,0,0,0
18214,attack,missed,0,S0,0,22,0,1,0,0,0,1,0,0,0,0,0,0
18217,attack,clean_target_effective,2,S0,0,23,4,1,1,0,1,0,0,0,0,0,1,2
18222,attack,missed,0,S5,5,22,7,1,0,0,0,1,0,0,0,0,0,0
18223,attack,invalid_reset,5,S5,5,22,1,0,0,0,0,0,0,0,1,0,0,0
18225,attack,multi_hit,4,S5,5,22,3,1,0,0,0,0,0,1,0,0,0,0
18228,attack,clean_target_effective,2,S0,0,22,7,1,1,0,1,0,0,0,0,0,1,2
18233,attack,clean_target_effective,2,S5,5,23,1,1,1,0,1,0,0,0,0,0,1,2
18234,attack,clean_target_ineffective,1,S0,0,22,5,1,1,1,0,0,0,0,0,1,0,1
18236,attack,missed,0,S0,0,23,1,1,0,0,0,1,0,0,0,0,0,0
18241,attack,clean_target_effective,2,S5,5,22,5,1,1,0,1,0,0,0,0,0,1,2
18242,attack,clean_target_effective,2,S5,5,22,1,1,1,0,1,0,0,0,0,0,1,2
18250,attack,missed,0,S5,5,22,6,1,0,0,0,1,0,0,0,0,0,0
18251,attack,off_target,3,S0,0,22,5,1,0,0,0,0,1,0,0,0,0,0
18253,attack,missed,0,S0,0,22,5,1,0,0,0,1,0,0,0,0,0,0
18254,attack,invalid_reset,5,S0,0,22,0,0,0,0,0,0,0,0,1,0,0,0
18256,attack,missed,0,S5,5,23,4,1,0,0,0,1,0,0,0,0,0,0
18258,attack,missed,0,S0,0,22,6,1,0,0,0,1,0,0,0,0,0,0
18259,attack,clean_target_ineffective,1,S0,0,23,4,1,1,1,0,0,0,0,0,1,0,1
18268,attack,clean_target_effective,2,S0,0,22,2,1,1,0,1,0,0,0,0,0,1,2
18269,attack,invalid_reset,5,S5,5,22,4,0,0,0,0,0,0,0,1,0,0,0
18276,attack,missed,0,S0,0,23,6,1,0,0,0,1,0,0,0,0,0,0
18277,attack,clean_target_effective,2,S5,5,23,5,1,1,0,1,0,0,0,0,0,1,2
18285,attack,multi_hit,4,S5,5,23,0,1,0,0,0,0,0,1,0,0,0,0
18289,attack,missed,0,S0,0,23,2,1,0,0,0,1,0,0,0,0,0,0
18290,attack,off_target,3,S0,0,22,2,1,0,0,0,0,1,0,0,0,0,0
18292,attack,missed,0,S5,5,22,6,1,0,0,0,1,0,0,0,0,0,0
18298,attack,missed,0,S5,5,23,6,1,0,0,0,1,0,0,0,0,0,0
18300,attack,missed,0,S0,0,22,3,1,0,0,0,1,0,0,0,0,0,0
18301,attack,missed,0,S5,5,23,2,1,0,0,0,1,0,0,0,0,0,0
18307,attack,missed,0,S5,5,22,4,1,0,0,0,1,0,0,0,0,0,0
18309,attack,missed,0,S5,5,23,4,1,0,0,0,1,0,0,0,0,0,0
18322,attack,clean_target_effective,2,S5,5,23,3,1,1,0,1,0,0,0,0,0,1,2
18323,attack,off_target,3,S5,5,22,0,1,0,0,0,0,1,0,0,0,0,0
18328,attack,multi_hit,4,S0,0,23,2,1,0,0,0,0,0,1,0,0,0,0
18332,attack,missed,0,S5,5,22,0,1,0,0,0,1,0,0,0,0,0,0
18341,attack,clean_target_ineffective,1,S0,0,22,4,1,1,1,0,0,0,0,0,1,0,1
18348,attack,missed,0,S0,0,23,3,1,0,0,0,1,0,0,0,0,0,0
18361,attack,missed,0,S0,0,23,3,1,0,0,0,1,0,0,0,0,0,0
18364,attack,missed,0,S0,0,23,4,1,0,0,0,1,0,0,0,0,0,0
18365,attack,off_target,3,S5,5,22,0,1,0,0,0,0,1,0,0,0,0,0
18374,attack,clean_target_effective,2,S5,5,22,2,1,1,0,1,0,0,0,0,0,1,2
18377,attack,missed,0,S5,5,22,7,1,0,0,0,1,0,0,0,0,0,0
18382,attack,clean_target_effective,2,S5,5,22,2,1,1,0,1,0,0,0,0,0,1,2
18387,attack,off_target,3,S0,0,22,1,1,0,0,0,0,1,0,0,0,0,0
18388,attack,missed,0,S0,0,23,4,1,0,0,0,1,0,0,0,0,0,0
18390,attack,clean_target_effective,2,S5,5,23,2,1,1,0,1,0,0,0,0,0,1,2
18396,attack,missed,0,S0,0,22,1,1,0,0,0,1,0,0,0,0,0,0
18401,attack,off_target,3,S0,0,22,0,1,0,0,0,0,1,0,0,0,0,0
18421,attack,clean_target_effective,2,S5,5,23,2,1,1,0,1,0,0,0,0,0,1,2
18425,attack,missed,0,S5,5,23,2,1,0,0,0,1,0,0,0,0,0,0
18427,attack,clean_target_effective,2,S0,0,23,3,1,1,0,1,0,0,0,0,0,1,2
18430,attack,clean_target_ineffective,1,S0,0,22,3,1,1,1,0,0,0,0,0,1,0,1
18432,attack,missed,0,S5,5,22,4,1,0,0,0,1,0,0,0,0,0,0
18436,attack,clean_target_effective,2,S0,0,22,3,1,1,0,1,0,0,0,0,0,1,2
18443,attack,multi_hit,4,S5,5,23,1,1,0,0,0,0,0,1,0,0,0,0
18446,attack,clean_target_ineffective,1,S5,5,22,4,1,1,1,0,0,0,0,0,1,0,1
18449,attack,clean_target_effective,2,S5,5,22,6,1,1,0,1,0,0,0,0,0,1,2
18452,attack,multi_hit,4,S5,5,23,2,1,0,0,0,0,0,1,0,0,0,0
18453,attack,missed,0,S5,5,22,5,1,0,0,0,1,0,0,0,0,0,0
18465,attack,clean_target_effective,2,S5,5,22,2,1,1,0,1,0,0,0,0,0,1,2
18467,attack,invalid_reset,5,S0,0,22,0,0,0,0,0,0,0,0,1,0,0,0
18468,attack,clean_target_effective,2,S0,0,23,4,1,1,0,1,0,0,0,0,0,1,2
18473,attack,off_target,3,S5,5,23,7,1,0,0,0,0,1,0,0,0,0,0
18474,attack,missed,0,S0,0,23,6,1,0,0,0,1,0,0,0,0,0,0
18475,attack,missed,0,S5,5,23,1,1,0,0,0,1,0,0,0,0,0,0
18477,attack,clean_target_effective,2,S0,0,22,6,1,1,0,1,0,0,0,0,0,1,2
18481,attack,missed,0,S0,0,23,3,1,0,0,0,1,0,0,0,0,0,0
18484,attack,off_target,3,S5,5,22,0,1,0,0,0,0,1,0,0,0,0,0
18487,attack,missed,0,S5,5,23,0,1,0,0,0,1,0,0,0,0,0,0
18492,attack,multi_hit,4,S5,5,23,5,1,0,0,0,0,0,1,0,0,0,0
18496,attack,clean_target_effective,2,S5,5,23,2,1,1,0,1,0,0,0,0,0,1,2
18501,attack,clean_target_effective,2,S5,5,23,0,1,1,0,1,0,0,0,0,0,1,2
18505,attack,missed,0,S5,5,22,2,1,0,0,0,1,0,0,0,0,0,0
18514,attack,clean_target_effective,2,S5,5,22,0,1,1,0,1,0,0,0,0,0,1,2
18517,attack,missed,0,S0,0,22,1,1,0,0,0,1,0,0,0,0,0,0
18518,attack,off_target,3,S0,0,23,1,1,0,0,0,0,1,0,0,0,0,0
18520,attack,invalid_reset,5,S5,5,22,2,0,0,0,0,0,0,0,1,0,0,0
18524,attack,off_target,3,S5,5,23,6,1,0,0,0,0,1,0,0,0,0,0
18525,attack,clean_target_effective,2,S5,5,23,0,1,1,0,1,0,0,0,0,0,1,2
18528,attack,clean_target_effective,2,S0,0,22,3,1,1,0,1,0,0,0,0,0,1,2
18529,attack,missed,0,S5,5,22,2,1,0,0,0,1,0,0,0,0,0,0
18531,attack,multi_hit,4,S5,5,22,6,1,0,0,0,0,0,1,0,0,0,0
18541,attack,clean_target_effective,2,S5,5,22,0,1,1,0,1,0,0,0,0,0,1,2
18542,attack,missed,0,S0,0,23,1,1,0,0,0,1,0,0,0,0,0,0
18543,attack,clean_target_ineffective,1,S0,0,22,7,1,1,1,0,0,0,0,0,1,0,1
18553,attack,off_target,3,S5,5,22,2,1,0,0,0,0,1,0,0,0,0,0
18554,attack,clean_target_ineffective,1,S5,5,23,7,1,1,1,0,0,0,0,0,1,0,1
18556,attack,clean_target_effective,2,S0,0,23,7,1,1,0,1,0,0,0,0,0,1,2
18559,attack,missed,0,S5,5,23,4,1,0,0,0,1,0,0,0,0,0,0
18563,attack,clean_target_effective,2,S5,5,23,0,1,1,0,1,0,0,0,0,0,1,2
18565,attack,off_target,3,S5,5,22,6,1,0,0,0,0,1,0,0,0,0,0
18568,attack,missed,0,S5,5,22,0,1,0,0,0,1,0,0,0,0,0,0
18572,attack,clean_target_effective,2,S5,5,22,2,1,1,0,1,0,0,0,0,0,1,2
18573,attack,missed,0,S0,0,22,0,1,0,0,0,1,0,0,0,0,0,0
18586,attack,off_target,3,S0,0,22,2,1,0,0,0,0,1,0,0,0,0,0
18587,attack,off_target,3,S0,0,23,5,1,0,0,0,0,1,0,0,0,0,0
18589,attack,clean_target_effective,2,S5,5,23,7,1,1,0,1,0,0,0,0,0,1,2
18594,attack,clean_target_ineffective,1,S0,0,22,1,1,1,1,0,0,0,0,0,1,0,1
18599,attack,off_target,3,S5,5,23,5,1,0,0,0,0,1,0,0,0,0,0
18608,attack,multi_hit,4,S5,5,23,7,1,0,0,0,0,0,1,0,0,0,0
18617,attack,invalid_reset,5,S0,0,23,1,0,0,0,0,0,0,0,1,0,0,0
18625,attack,clean_target_effective,2,S0,0,23,4,1,1,0,1,0,0,0,0,0,1,2
18631,attack,clean_target_effective,2,S0,0,23,5,1,1,0,1,0,0,0,0,0,1,2
18632,attack,multi_hit,4,S0,0,22,0,1,0,0,0,0,0,1,0,0,0,0
18644,attack,missed,0,S0,0,22,7,1,0,0,0,1,0,0,0,0,0,0
18652,attack,off_target,3,S5,5,23,7,1,0,0,0,0,1,0,0,0,0,0
18658,attack,clean_target_effective,2,S5,5,23,5,1,1,0,1,0,0,0,0,0,1,2
18659,attack,missed,0,S5,5,22,5,1,0,0,0,1,0,0,0,0,0,0
18662,attack,clean_target_effective,2,S5,5,22,6,1,1,0,1,0,0,0,0,0,1,2
18663,attack,multi_hit,4,S5,5,22,3,1,0,0,0,0,0,1,0,0,0,0
18665,attack,off_target,3,S0,0,23,1,1,0,0,0,0,1,0,0,0,0,0
18671,attack,clean_target_ineffective,1,S0,0,22,4,1,1,1,0,0,0,0,0,1,0,1
18674,attack,multi_hit,4,S5,5,23,1,1,0,0,0,0,0,1,0,0,0,0
18677,attack,missed,0,S5,5,23,5,1,0,0,0,1,0,0,0,0,0,0
18690,attack,multi_hit,4,S5,5,22,6,1,0,0,0,0,0,1,0,0,0,0
18694,attack,invalid_reset,5,S0,0,22,2,0,0,0,0,0,0,0,1,0,0,0
18695,attack,invalid_reset,5,S5,5,22,0,0,0,0,0,0,0,0,1,0,0,0
18707,attack,off_target,3,S0,0,23,2,1,0,0,0,0,1,0,0,0,0,0
18708,attack,missed,0,S0,0,22,7,1,0,0,0,1,0,0,0,0,0,0
18709,attack,clean_target_ineffective,1,S0,0,22,6,1,1,1,0,0,0,0,0,1,0,1
18711,attack,missed,0,S0,0,23,4,1,0,0,0,1,0,0,0,0,0,0
18716,attack,clean_target_ineffective,1,S5,5,22,1,1,1,1,0,0,0,0,0,1,0,1
18720,attack,multi_hit,4,S0,0,22,3,1,0,0,0,0,0,1,0,0,0,0
18721,attack,missed,0,S0,0,22,1,1,0,0,0,1,0,0,0,0,0,0
18722,attack,clean_target_ineffective,1,S0,0,23,0,1,1,1,0,0,0,0,0,1,0,1
18724,attack,invalid_reset,5,S5,5,23,1,0,0,0,0,0,0,0,1,0,0,0
18732,attack,missed,0,S0,0,23,1,1,0,0,0,1,0,0,0,0,0,0
18735,attack,clean_target_ineffective,1,S5,5,22,6,1,1,1,0,0,0,0,0,1,0,1
18737,attack,multi_hit,4,S5,5,23,6,1,0,0,0,0,0,1,0,0,0,0
18739,attack,off_target,3,S5,5,22,6,1,0,0,0,0,1,0,0,0,0,0
18740,attack,clean_target_ineffective,1,S0,0,22,0,1,1,1,0,0,0,0,0,1,0,1
18741,attack,missed,0,S0,0,22,6,1,0,0,0,1,0,0,0,0,0,0
18743,attack,multi_hit,4,S0,0,22,6,1,0,0,0,0,0,1,0,0,0,0
18750,attack,clean_target_effective,2,S5,5,23,2,1,1,0,1,0,0,0,0,0,1,2
18764,attack,clean_target_effective,2,S5,5,23,2,1,1,0,1,0,0,0,0,0,1,2
18766,attack,clean_target_effective,2,S5,5,23,0,1,1,0,1,0,0,0,0,0,1,2
18767,attack,missed,0,S5,5,22,6,1,0,0,0,1,0,0,0,0,0,0
18776,attack,multi_hit,4,S0,0,22,7,1,0,0,0,0,0,1,0,0,0,0
18779,attack,clean_target_effective,2,S0,0,23,2,1,1,0,1,0,0,0,0,0,1,2
18782,attack,clean_target_ineffective,1,S0,0,23,0,1,1,1,0,0,0,0,0,1,0,1
18785,attack,missed,0,S5,5,23,4,1,0,0,0,1,0,0,0,0,0,0
18786,attack,off_target,3,S0,0,22,2,1,0,0,0,0,1,0,0,0,0,0
18788,attack,clean_target_effective,2,S5,5,23,1,1,1,0,1,0,0,0,0,0,1,2
18796,attack,clean_target_effective,2,S0,0,23,3,1,1,0,1,0,0,0,0,0,1,2
18797,attack,missed,0,S5,5,23,1,1,0,0,0,1,0,0,0,0,0,0
18809,attack,clean_target_ineffective,1,S0,0,22,5,1,1,1,0,0,0,0,0,1,0,1
18811,attack,multi_hit,4,S0,0,23,0,1,0,0,0,0,0,1,0,0,0,0
18813,attack,clean_target_effective,2,S0,0,23,0,1,1,0,1,0,0,0,0,0,1,2
18814,attack,clean_target_ineffective,1,S0,0,22,0,1,1,1,0,0,0,0,0,1,0,1
18819,attack,off_target,3,S5,5,23,1,1,0,0,0,0,1,0,0,0,0,0
18821,attack,clean_target_ineffective,1,S5,5,23,2,1,1,1,0,0,0,0,0,1,0,1
18822,attack,off_target,3,S0,0,22,0,1,0,0,0,0,1,0,0,0,0,0
18823,attack,missed,0,S0,0,23,3,1,0,0,0,1,0,0,0,0,0,0
18831,attack,invalid_reset,5,S5,5,22,2,0,0,0,0,0,0,0,1,0,0,0
18833,attack,missed,0,S5,5,22,5,1,0,0,0,1,0,0,0,0,0,0
18835,attack,off_target,3,S0,0,23,6,1,0,0,0,0,1,0,0,0,0,0
18839,attack,multi_hit,4,S0,0,23,6,1,0,0,0,0,0,1,0,0,0,0
18841,attack,clean_target_effective,2,S5,5,22,1,1,1,0,1,0,0,0,0,0,1,2
18844,attack,missed,0,S5,5,23,6,1,0,0,0,1,0,0,0,0,0,0
18846,attack,clean_target_ineffective,1,S0,0,22,7,1,1,1,0,0,0,0,0,1,0,1
18847,attack,multi_hit,4,S0,0,23,1,1,0,0,0,0,0,1,0,0,0,0
18850,attack,off_target,3,S5,5,22,6,1,0,0,0,0,1,0,0,0,0,0
18851,attack,off_target,3,S0,0,22,4,1,0,0,0,0,1,0,0,0,0,0
18857,attack,clean_target_effective,2,S0,0,23,7,1,1,0,1,0,0,0,0,0,1,2
18861,attack,clean_target_ineffective,1,S5,5,22,4,1,1,1,0,0,0,0,0,1,0,1
18863,attack,clean_target_effective,2,S5,5,22,4,1,1,0,1,0,0,0,0,0,1,2
18866,attack,missed,0,S0,0,23,3,1,0,0,0,1,0,0,0,0,0,0
18869,attack,off_target,3,S5,5,22,2,1,0,0,0,0,1,0,0,0,0,0
18870,attack,off_target,3,S5,5,23,0,1,0,0,0,0,1,0,0,0,0,0
18872,attack,invalid_reset,5,S0,0,23,0,0,0,0,0,0,0,0,1,0,0,0
18873,attack,missed,0,S0,0,23,6,1,0,0,0,1,0,0,0,0,0,0
18877,attack,clean_target_effective,2,S0,0,22,6,1,1,0,1,0,0,0,0,0,1,2
18878,attack,clean_target_ineffective,1,S5,5,22,6,1,1,1,0,0,0,0,0,1,0,1
18882,attack,missed,0,S0,0,22,4,1,0,0,0,1,0,0,0,0,0,0
18887,attack,multi_hit,4,S5,5,23,0,1,0,0,0,0,0,1,0,0,0,0
18898,attack,off_target,3,S0,0,23,5,1,0,0,0,0,1,0,0,0,0,0
18899,attack,clean_target_ineffective,1,S5,5,23,5,1,1,1,0,0,0,0,0,1,0,1
18901,attack,missed,0,S0,0,22,6,1,0,0,0,1,0,0,0,0,0,0
18903,attack,off_target,3,S5,5,22,4,1,0,0,0,0,1,0,0,0,0,0
18908,attack,multi_hit,4,S5,5,22,1,1,0,0,0,0,0,1,0,0,0,0
18914,attack,clean_target_ineffective,1,S5,5,23,3,1,1,1,0,0,0,0,0,1,0,1
18921,attack,multi_hit,4,S5,5,22,3,1,0,0,0,0,0,1,0,0,0,0
18928,attack,missed,0,S5,5,23,3,1,0,0,0,1,0,0,0,0,0,0
18932,attack,missed,0,S0,0,22,1,1,0,0,0,1,0,0,0,0,0,0
18935,attack,clean_target_ineffective,1,S0,0,22,2,1,1,1,0,0,0,0,0,1,0,1
18936,attack,missed,0,S0,0,22,5,1,0,0,0,1,0,0,0,0,0,0
18947,attack,multi_hit,4,S0,0,22,5,1,0,0,0,0,0,1,0,0,0,0
18957,attack,multi_hit,4,S0,0,22,7,1,0,0,0,0,0,1,0,0,0,0
18959,attack,multi_hit,4,S5,5,22,3,1,0,0,0,0,0,1,0,0,0,0
18960,attack,missed,0,S0,0,22,7,1,0,0,0,1,0,0,0,0,0,0
18962,attack,off_target,3,S5,5,22,1,1,0,0,0,0,1,0,0,0,0,0
18963,attack,off_target,3,S5,5,22,1,1,0,0,0,0,1,0,0,0,0,0
18966,attack,off_target,3,S5,5,22,1,1,0,0,0,0,1,0,0,0,0,0
18968,attack,off_target,3,S0,0,23,7,1,0,0,0,0,1,0,0,0,0,0
18976,attack,clean_target_effective,2,S5,5,22,1,1,1,0,1,0,0,0,0,0,1,2
18987,attack,off_target,3,S0,0,23,1,1,0,0,0,0,1,0,0,0,0,0
18990,attack,missed,0,S0,0,22,5,1,0,0,0,1,0,0,0,0,0,0
18992,attack,invalid_reset,5,S5,5,23,7,0,0,0,0,0,0,0,1,0,0,0
19003,attack,clean_target_ineffective,1,S0,0,23,2,1,1,1,0,0,0,0,0,1,0,1
19007,attack,multi_hit,4,S5,5,23,1,1,0,0,0,0,0,1,0,0,0,0
19008,attack,off_target,3,S0,0,22,6,1,0,0,0,0,1,0,0,0,0,0
19016,attack,missed,0,S5,5,22,7,1,0,0,0,1,0,0,0,0,0,0
19020,attack,clean_target_effective,2,S0,0,23,2,1,1,0,1,0,0,0,0,0,1,2
19024,attack,clean_target_effective,2,S5,5,23,3,1,1,0,1,0,0,0,0,0,1,2
19031,attack,missed,0,S5,5,22,4,1,0,0,0,1,0,0,0,0,0,0
19034,attack,clean_target_effective,2,S0,0,23,1,1,1,0,1,0,0,0,0,0,1,2
19039,attack,clean_target_effective,2,S0,0,23,4,1,1,0,1,0,0,0,0,0,1,2
19041,attack,clean_target_effective,2,S0,0,22,4,1,1,0,1,0,0,0,0,0,1,2
19052,attack,clean_target_ineffective,1,S0,0,23,1,1,1,1,0,0,0,0,0,1,0,1
19054,attack,multi_hit,4,S0,0,23,5,1,0,0,0,0,0,1,0,0,0,0
19058,attack,multi_hit,4,S5,5,22,0,1,0,0,0,0,0,1,0,0,0,0
19060,attack,clean_target_effective,2,S0,0,22,3,1,1,0,1,0,0,0,0,0,1,2
19062,attack,off_target,3,S0,0,22,5,1,0,0,0,0,1,0,0,0,0,0
19064,attack,multi_hit,4,S0,0,23,6,1,0,0,0,0,0,1,0,0,0,0
19068,attack,clean_target_ineffective,1,S5,5,22,3,1,1,1,0,0,0,0,0,1,0,1
19070,attack,missed,0,S5,5,22,1,1,0,0,0,1,0,0,0,0,0,0
19071,attack,invalid_reset,5,S5,5,23,7,0,0,0,0,0,0,0,1,0,0,0
19074,attack,clean_target_effective,2,S5,5,22,1,1,1,0,1,0,0,0,0,0,1,2
19075,attack,multi_hit,4,S0,0,23,7,1,0,0,0,0,0,1,0,0,0,0
19078,attack,clean_target_effective,2,S0,0,22,1,1,1,0,1,0,0,0,0,0,1,2
19081,attack,clean_target_effective,2,S0,0,22,3,1,1,0,1,0,0,0,0,0,1,2
19089,attack,clean_target_effective,2,S5,5,22,0,1,1,0,1,0,0,0,0,0,1,2
19091,attack,clean_target_ineffective,1,S0,0,22,4,1,1,1,0,0,0,0,0,1,0,1
19095,attack,off_target,3,S0,0,22,5,1,0,0,0,0,1,0,0,0,0,0
19098,attack,off_target,3,S5,5,23,1,1,0,0,0,0,1,0,0,0,0,0
19105,attack,missed,0,S0,0,23,0,1,0,0,0,1,0,0,0,0,0,0
19109,attack,missed,0,S5,5,22,7,1,0,0,0,1,0,0,0,0,0,0
19111,attack,off_target,3,S0,0,22,7,1,0,0,0,0,1,0,0,0,0,0
19114,attack,missed,0,S0,0,22,7,1,0,0,0,1,0,0,0,0,0,0
19117,attack,clean_target_ineffective,1,S5,5,23,3,1,1,1,0,0,0,0,0,1,0,1
19122,attack,clean_target_effective,2,S5,5,23,3,1,1,0,1,0,0,0,0,0,1,2
19123,attack,multi_hit,4,S0,0,23,7,1,0,0,0,0,0,1,0,0,0,0
19125,attack,missed,0,S0,0,23,5,1,0,0,0,1,0,0,0,0,0,0
19126,attack,off_target,3,S0,0,22,5,1,0,0,0,0,1,0,0,0,0,0
19127,attack,missed,0,S5,5,22,4,1,0,0,0,1,0,0,0,0,0,0
19129,attack,missed,0,S5,5,23,0,1,0,0,0,1,0,0,0,0,0,0
19137,attack,clean_target_effective,2,S5,5,23,2,1,1,0,1,0,0,0,0,0,1,2
19146,attack,clean_target_effective,2,S0,0,23,1,1,1,0,1,0,0,0,0,0,1,2
19150,attack,multi_hit,4,S0,0,22,6,1,0,0,0,0,0,1,0,0,0,0
19151,attack,off_target,3,S0,0,22,5,1,0,0,0,0,1,0,0,0,0,0
19160,attack,clean_target_ineffective,1,S5,5,22,4,1,1,1,0,0,0,0,0,1,0,1
19163,attack,off_target,3,S5,5,23,7,1,0,0,0,0,1,0,0,0,0,0
19167,attack,clean_target_ineffective,1,S5,5,23,3,1,1,1,0,0,0,0,0,1,0,1
19168,attack,off_target,3,S0,0,22,4,1,0,0,0,0,1,0,0,0,0,0
19173,attack,clean_target_effective,2,S0,0,22,0,1,1,0,1,0,0,0,0,0,1,2
19174,attack,clean_target_effective,2,S5,5,23,4,1,1,0,1,0,0,0,0,0,1,2
19175,attack,multi_hit,4,S5,5,22,5,1,0,0,0,0,0,1,0,0,0,0
19178,attack,clean_target_effective,2,S0,0,23,2,1,1,0,1,0,0,0,0,0,1,2
19183,attack,multi_hit,4,S5,5,22,0,1,0,0,0,0,0,1,0,0,0,0
19184,attack,clean_target_ineffective,1,S0,0,22,7,1,1,1,0,0,0,0,0,1,0,1
19185,attack,missed,0,S0,0,22,2,1,0,0,0,1,0,0,0,0,0,0
19188,attack,off_target,3,S0,0,23,1,1,0,0,0,0,1,0,0,0,0,0
19194,attack,off_target,3,S5,5,22,0,1,0,0,0,0,1,0,0,0,0,0
19197,attack,missed,0,S5,5,23,6,1,0,0,0,1,0,0,0,0,0,0
19198,attack,off_target,3,S5,5,23,0,1,0,0,0,0,1,0,0,0,0,0
19199,attack,multi_hit,4,S0,0,22,5,1,0,0,0,0,0,1,0,0,0,0
19203,attack,clean_target_effective,2,S0,0,22,1,1,1,0,1,0,0,0,0,0,1,2
19205,attack,clean_target_effective,2,S0,0,22,2,1,1,0,1,0,0,0,0,0,1,2
19208,attack,missed,0,S5,5,22,2,1,0,0,0,1,0,0,0,0,0,0
19212,attack,multi_hit,4,S5,5,23,0,1,0,0,0,0,0,1,0,0,0,0
19213,attack,clean_target_ineffective,1,S0,0,23,6,1,1,1,0,0,0,0,0,1,0,1
19217,attack,clean_target_ineffective,1,S5,5,22,6,1,1,1,0,0,0,0,0,1,0,1
19219,attack,off_target,3,S5,5,23,5,1,0,0,0,0,1,0,0,0,0,0
19220,attack,missed,0,S0,0,22,0,1,0,0,0,1,0,0,0,0,0,0
19222,attack,missed,0,S5,5,23,1,1,0,0,0,1,0,0,0,0,0,0
19223,attack,clean_target_ineffective,1,S5,5,23,1,1,1,1,0,0,0,0,0,1,0,1
19225,attack,missed,0,S0,0,23,1,1,0,0,0,1,0,0,0,0,0,0
19228,attack,clean_target_ineffective,1,S5,5,22,3,1,1,1,0,0,0,0,0,1,0,1
19242,attack,clean_target_effective,2,S5,5,23,5,1,1,0,1,0,0,0,0,0,1,2
19244,attack,missed,0,S5,5,22,1,1,0,0,0,1,0,0,0,0,0,0
19250,attack,missed,0,S5,5,22,4,1,0,0,0,1,0,0,0,0,0,0
19253,attack,clean_target_effective,2,S0,0,23,3,1,1,0,1,0,0,0,0,0,1,2
19254,attack,off_target,3,S5,5,23,1,1,0,0,0,0,1,0,0,0,0,0
19255,attack,off_target,3,S0,0,23,3,1,0,0,0,0,1,0,0,0,0,0
19259,attack,missed,0,S0,0,23,3,1,0,0,0,1,0,0,0,0,0,0
19276,attack,off_target,3,S0,0,22,2,1,0,0,0,0,1,0,0,0,0,0
19277,attack,invalid_reset,5,S0,0,22,4,0,0,0,0,0,0,0,1,0,0,0
19278,attack,multi_hit,4,S5,5,23,0,1,0,0,0,0,0,1,0,0,0,0
19279,attack,clean_target_effective,2,S5,5,23,1,1,1,0,1,0,0,0,0,0,1,2
19281,attack,multi_hit,4,S0,0,23,1,1,0,0,0,0,0,1,0,0,0,0
19284,attack,clean_target_effective,2,S0,0,23,1,1,1,0,1,0,0,0,0,0,1,2
19294,attack,clean_target_ineffective,1,S5,5,22,6,1,1,1,0,0,0,0,0,1,0,1
19298,attack,clean_target_effective,2,S5,5,22,6,1,1,0,1,0,0,0,0,0,1,2
19299,attack,clean_target_effective,2,S0,0,23,2,1,1,0,1,0,0,0,0,0,1,2
19300,attack,off_target,3,S0,0,23,7,1,0,0,0,0,1,0,0,0,0,0
19303,attack,missed,0,S0,0,23,6,1,0,0,0,1,0,0,0,0,0,0
19306,attack,clean_target_effective,2,S5,5,23,1,1,1,0,1,0,0,0,0,0,1,2
19308,attack,missed,0,S0,0,23,7,1,0,0,0,1,0,0,0,0,0,0
19310,attack,off_target,3,S0,0,22,1,1,0,0,0,0,1,0,0,0,0,0
19313,attack,multi_hit,4,S5,5,22,4,1,0,0,0,0,0,1,0,0,0,0
19319,attack,clean_target_effective,2,S0,0,23,2,1,1,0,1,0,0,0,0,0,1,2
19333,attack,missed,0,S0,0,23,2,1,0,0,0,1,0,0,0,0,0,0
19340,attack,clean_target_effective,2,S0,0,23,0,1,1,0,1,0,0,0,0,0,1,2
19341,attack,missed,0,S0,0,23,7,1,0,0,0,1,0,0,0,0,0,0
19343,attack,multi_hit,4,S5,5,22,1,1,0,0,0,0,0,1,0,0,0,0
19351,attack,missed,0,S0,0,22,3,1,0,0,0,1,0,0,0,0,0,0
19352,attack,clean_target_effective,2,S0,0,23,5,1,1,0,1,0,0,0,0,0,1,2
19354,attack,missed,0,S0,0,22,3,1,0,0,0,1,0,0,0,0,0,0
19355,attack,multi_hit,4,S0,0,22,3,1,0,0,0,0,0,1,0,0,0,0
19356,attack,off_target,3,S5,5,23,7,1,0,0,0,0,1,0,0,0,0,0
19359,attack,off_target,3,S5,5,22,2,1,0,0,0,0,1,0,0,0,0,0
19361,attack,missed,0,S5,5,22,2,1,0,0,0,1,0,0,0,0,0,0
19362,attack,clean_target_effective,2,S0,0,23,1,1,1,0,1,0,0,0,0,0,1,2
19375,attack,clean_target_effective,2,S5,5,23,3,1,1,0,1,0,0,0,0,0,1,2
19393,attack,clean_target_effective,2,S0,0,22,1,1,1,0,1,0,0,0,0,0,1,2
19397,attack,clean_target_ineffective,1,S5,5,23,4,1,1,1,0,0,0,0,0,1,0,1
19399,attack,clean_target_ineffective,1,S5,5,23,4,1,1,1,0,0,0,0,0,1,0,1
19406,attack,off_target,3,S0,0,22,7,1,0,0,0,0,1,0,0,0,0,0
19408,attack,clean_target_effective,2,S0,0,22,4,1,1,0,1,0,0,0,0,0,1,2
19415,attack,multi_hit,4,S0,0,22,6,1,0,0,0,0,0,1,0,0,0,0
19417,attack,multi_hit,4,S0,0,22,5,1,0,0,0,0,0,1,0,0,0,0
19419,attack,clean_target_effective,2,S5,5,23,1,1,1,0,1,0,0,0,0,0,1,2
19420,attack,missed,0,S0,0,22,7,1,0,0,0,1,0,0,0,0,0,0
19429,attack,missed,0,S5,5,22,4,1,0,0,0,1,0,0,0,0,0,0
19433,attack,off_target,3,S5,5,22,4,1,0,0,0,0,1,0,0,0,0,0
19437,attack,missed,0,S0,0,23,5,1,0,0,0,1,0,0,0,0,0,0
19441,attack,missed,0,S0,0,22,1,1,0,0,0,1,0,0,0,0,0,0
19446,attack,missed,0,S0,0,22,7,1,0,0,0,1,0,0,0,0,0,0
19450,attack,clean_target_effective,2,S0,0,23,7,1,1,0,1,0,0,0,0,0,1,2
19451,attack,missed,0,S0,0,22,2,1,0,0,0,1,0,0,0,0,0,0
19454,attack,clean_target_effective,2,S5,5,23,1,1,1,0,1,0,0,0,0,0,1,2
19457,attack,missed,0,S0,0,23,2,1,0,0,0,1,0,0,0,0,0,0
19463,attack,multi_hit,4,S5,5,22,2,1,0,0,0,0,0,1,0,0,0,0
19465,attack,off_target,3,S5,5,23,2,1,0,0,0,0,1,0,0,0,0,0
19466,attack,clean_target_ineffective,1,S5,5,22,0,1,1,1,0,0,0,0,0,1,0,1
19472,attack,clean_target_effective,2,S0,0,23,7,1,1,0,1,0,0,0,0,0,1,2
19479,attack,multi_hit,4,S0,0,22,2,1,0,0,0,0,0,1,0,0,0,0
19483,attack,missed,0,S0,0,22,3,1,0,0,0,1,0,0,0,0,0,0
19484,attack,off_target,3,S5,5,23,6,1,0,0,0,0,1,0,0,0,0,0
19485,attack,off_target,3,S0,0,23,0,1,0,0,0,0,1,0,0,0,0,0
19486,attack,clean_target_effective,2,S0,0,22,7,1,1,0,1,0,0,0,0,0,1,2
19491,attack,clean_target_ineffective,1,S5,5,22,7,1,1,1,0,0,0,0,0,1,0,1
19496,attack,clean_target_effective,2,S0,0,22,1,1,1,0,1,0,0,0,0,0,1,2
19497,attack,missed,0,S5,5,22,6,1,0,0,0,1,0,0,0,0,0,0
19503,attack,invalid_reset,5,S0,0,23,3,0,0,0,0,0,0,0,1,0,0,0
19509,attack,multi_hit,4,S0,0,23,7,1,0,0,0,0,0,1,0,0,0,0
19511,attack,off_target,3,S0,0,22,7,1,0,0,0,0,1,0,0,0,0,0
19512,attack,missed,0,S5,5,23,5,1,0,0,0,1,0,0,0,0,0,0
19513,attack,clean_target_effective,2,S5,5,22,1,1,1,0,1,0,0,0,0,0,1,2
19515,attack,off_target,3,S0,0,22,0,1,0,0,0,0,1,0,0,0,0,0
19520,attack,clean_target_ineffective,1,S0,0,22,6,1,1,1,0,0,0,0,0,1,0,1
19525,attack,multi_hit,4,S5,5,22,4,1,0,0,0,0,0,1,0,0,0,0
19534,attack,multi_hit,4,S5,5,22,1,1,0,0,0,0,0,1,0,0,0,0
19538,attack,off_target,3,S5,5,23,0,1,0,0,0,0,1,0,0,0,0,0
19539,attack,missed,0,S5,5,23,6,1,0,0,0,1,0,0,0,0,0,0
19541,attack,clean_target_effective,2,S5,5,23,4,1,1,0,1,0,0,0,0,0,1,2
19542,attack,clean_target_effective,2,S0,0,22,5,1,1,0,1,0,0,0,0,0,1,2
19571,attack,clean_target_ineffective,1,S5,5,22,2,1,1,1,0,0,0,0,0,1,0,1
19580,attack,multi_hit,4,S0,0,22,5,1,0,0,0,0,0,1,0,0,0,0
19581,attack,missed,0,S5,5,23,7,1,0,0,0,1,0,0,0,0,0,0
19584,attack,clean_target_effective,2,S0,0,22,7,1,1,0,1,0,0,0,0,0,1,2
19585,attack,missed,0,S0,0,23,5,1,0,0,0,1,0,0,0,0,0,0
19590,attack,clean_target_effective,2,S5,5,22,6,1,1,0,1,0,0,0,0,0,1,2
19592,attack,clean_target_effective,2,S5,5,23,5,1,1,0,1,0,0,0,0,0,1,2
19598,attack,clean_target_effective,2,S5,5,23,7,1,1,0,1,0,0,0,0,0,1,2
19602,attack,clean_target_ineffective,1,S0,0,22,6,1,1,1,0,0,0,0,0,1,0,1
19605,attack,missed,0,S0,0,22,4,1,0,0,0,1,0,0,0,0,0,0
19606,attack,clean_target_ineffective,1,S5,5,22,0,1,1,1,0,0,0,0,0,1,0,1
19611,attack,multi_hit,4,S0,0,23,2,1,0,0,0,0,0,1,0,0,0,0
19616,attack,missed,0,S5,5,23,5,1,0,0,0,1,0,0,0,0,0,0
19621,attack,clean_target_effective,2,S5,5,22,0,1,1,0,1,0,0,0,0,0,1,2
19628,attack,missed,0,S5,5,23,2,1,0,0,0,1,0,0,0,0,0,0
19630,attack,invalid_reset,5,S0,0,22,4,0,0,0,0,0,0,0,1,0,0,0
19637,attack,clean_target_effective,2,S0,0,23,1,1,1,0,1,0,0,0,0,0,1,2
19638,attack,clean_target_effective,2,S5,5,23,0,1,1,0,1,0,0,0,0,0,1,2
19642,attack,missed,0,S0,0,23,6,1,0,0,0,1,0,0,0,0,0,0
19648,attack,clean_target_ineffective,1,S0,0,22,6,1,1,1,0,0,0,0,0,1,0,1
19653,attack,clean_target_effective,2,S0,0,23,3,1,1,0,1,0,0,0,0,0,1,2
19665,attack,clean_target_effective,2,S0,0,23,5,1,1,0,1,0,0,0,0,0,1,2
19666,attack,off_target,3,S5,5,22,4,1,0,0,0,0,1,0,0,0,0,0
19668,attack,missed,0,S0,0,22,7,1,0,0,0,1,0,0,0,0,0,0
19671,attack,clean_target_effective,2,S5,5,23,4,1,1,0,1,0,0,0,0,0,1,2
19672,attack,clean_target_ineffective,1,S5,5,23,2,1,1,1,0,0,0,0,0,1,0,1
19673,attack,clean_target_ineffective,1,S5,5,22,5,1,1,1,0,0,0,0,0,1,0,1
19674,attack,clean_target_effective,2,S5,5,22,1,1,1,0,1,0,0,0,0,0,1,2
19677,attack,clean_target_effective,2,S5,5,23,4,1,1,0,1,0,0,0,0,0,1,2
19678,attack,missed,0,S0,0,22,4,1,0,0,0,1,0,0,0,0,0,0
19682,attack,clean_target_ineffective,1,S5,5,22,6,1,1,1,0,0,0,0,0,1,0,1
19683,attack,multi_hit,4,S0,0,22,1,1,0,0,0,0,0,1,0,0,0,0
19684,attack,clean_target_ineffective,1,S0,0,22,6,1,1,1,0,0,0,0,0,1,0,1
19686,attack,clean_target_ineffective,1,S5,5,22,1,1,1,1,0,0,0,0,0,1,0,1
19688,attack,off_target,3,S5,5,22,4,1,0,0,0,0,1,0,0,0,0,0
19690,attack,off_target,3,S5,5,22,7,1,0,0,0,0,1,0,0,0,0,0
19694,attack,missed,0,S0,0,22,2,1,0,0,0,1,0,0,0,0,0,0
19696,attack,multi_hit,4,S5,5,23,0,1,0,0,0,0,0,1,0,0,0,0
19699,attack,multi_hit,4,S0,0,22,4,1,0,0,0,0,0,1,0,0,0,0
19704,attack,multi_hit,4,S0,0,23,0,1,0,0,0,0,0,1,0,0,0,0
19709,attack,clean_target_ineffective,1,S0,0,23,5,1,1,1,0,0,0,0,0,1,0,1
19712,attack,clean_target_effective,2,S5,5,23,2,1,1,0,1,0,0,0,0,0,1,2
19714,attack,clean_target_effective,2,S5,5,23,2,1,1,0,1,0,0,0,0,0,1,2
19720,attack,clean_target_effective,2,S0,0,22,5,1,1,0,1,0,0,0,0,0,1,2
19722,attack,clean_target_ineffective,1,S5,5,23,4,1,1,1,0,0,0,0,0,1,0,1
19723,attack,clean_target_effective,2,S5,5,22,4,1,1,0,1,0,0,0,0,0,1,2
19724,attack,off_target,3,S0,0,23,1,1,0,0,0,0,1,0,0,0,0,0
19725,attack,clean_target_effective,2,S0,0,23,1,1,1,0,1,0,0,0,0,0,1,2
19726,attack,missed,0,S0,0,23,3,1,0,0,0,1,0,0,0,0,0,0
19728,attack,clean_target_ineffective,1,S5,5,23,7,1,1,1,0,0,0,0,0,1,0,1
19730,attack,clean_target_ineffective,1,S5,5,22,6,1,1,1,0,0,0,0,0,1,0,1
19731,attack,multi_hit,4,S5,5,23,4,1,0,0,0,0,0,1,0,0,0,0
19746,attack,clean_target_effective,2,S0,0,22,6,1,1,0,1,0,0,0,0,0,1,2
19749,attack,clean_target_ineffective,1,S5,5,23,7,1,1,1,0,0,0,0,0,1,0,1
19751,attack,missed,0,S0,0,23,3,1,0,0,0,1,0,0,0,0,0,0
19754,attack,missed,0,S0,0,22,5,1,0,0,0,1,0,0,0,0,0,0
19755,attack,off_target,3,S5,5,22,2,1,0,0,0,0,1,0,0,0,0,0
19757,attack,missed,0,S5,5,23,2,1,0,0,0,1,0,0,0,0,0,0
19759,attack,clean_target_effective,2,S0,0,23,5,1,1,0,1,0,0,0,0,0,1,2
19761,attack,missed,0,S0,0,22,2,1,0,0,0,1,0,0,0,0,0,0
19762,attack,clean_target_effective,2,S5,5,23,4,1,1,0,1,0,0,0,0,0,1,2
19763,attack,clean_target_ineffective,1,S0,0,23,0,1,1,1,0,0,0,0,0,1,0,1
19764,attack,clean_target_effective,2,S0,0,23,1,1,1,0,1,0,0,0,0,0,1,2
19765,attack,clean_target_effective,2,S0,0,22,7,1,1,0,1,0,0,0,0,0,1,2
19770,attack,clean_target_effective,2,S0,0,23,7,1,1,0,1,0,0,0,0,0,1,2
19778,attack,missed,0,S0,0,23,1,1,0,0,0,1,0,0,0,0,0,0
19783,attack,invalid_reset,5,S0,0,22,2,0,0,0,0,0,0,0,1,0,0,0
19785,attack,missed,0,S0,0,23,6,1,0,0,0,1,0,0,0,0,0,0
19792,attack,missed,0,S0,0,22,6,1,0,0,0,1,0,0,0,0,0,0
19797,attack,clean_target_effective,2,S5,5,23,1,1,1,0,1,0,0,0,0,0,1,2
19802,attack,missed,0,S0,0,22,0,1,0,0,0,1,0,0,0,0,0,0
19803,attack,clean_target_effective,2,S5,5,22,4,1,1,0,1,0,0,0,0,0,1,2
19815,attack,missed,0,S5,5,22,4,1,0,0,0,1,0,0,0,0,0,0
19817,attack,clean_target_effective,2,S5,5,22,7,1,1,0,1,0,0,0,0,0,1,2
19823,attack,clean_target_ineffective,1,S0,0,22,0,1,1,1,0,0,0,0,0,1,0,1
19828,attack,invalid_reset,5,S5,5,23,5,0,0,0,0,0,0,0,1,0,0,0
19839,attack,multi_hit,4,S0,0,22,2,1,0,0,0,0,0,1,0,0,0,0
19843,attack,off_target,3,S0,0,22,6,1,0,0,0,0,1,0,0,0,0,0
19844,attack,multi_hit,4,S5,5,23,1,1,0,0,0,0,0,1,0,0,0,0
19845,attack,missed,0,S0,0,23,1,1,0,0,0,1,0,0,0,0,0,0
19851,attack,multi_hit,4,S0,0,22,1,1,0,0,0,0,0,1,0,0,0,0
19860,attack,off_target,3,S0,0,23,7,1,0,0,0,0,1,0,0,0,0,0
19862,attack,off_target,3,S5,5,23,4,1,0,0,0,0,1,0,0,0,0,0
19866,attack,clean_target_ineffective,1,S0,0,23,1,1,1,1,0,0,0,0,0,1,0,1
19868,attack,off_target,3,S0,0,22,4,1,0,0,0,0,1,0,0,0,0,0
19869,attack,clean_target_effective,2,S0,0,22,6,1,1,0,1,0,0,0,0,0,1,2
19871,attack,invalid_reset,5,S5,5,22,3,0,0,0,0,0,0,0,1,0,0,0
19873,attack,off_target,3,S5,5,22,4,1,0,0,0,0,1,0,0,0,0,0
19876,attack,multi_hit,4,S5,5,22,1,1,0,0,0,0,0,1,0,0,0,0
19879,attack,clean_target_effective,2,S0,0,22,3,1,1,0,1,0,0,0,0,0,1,2
19881,attack,multi_hit,4,S0,0,23,4,1,0,0,0,0,0,1,0,0,0,0
19883,attack,invalid_reset,5,S0,0,23,3,0,0,0,0,0,0,0,1,0,0,0
19884,attack,missed,0,S5,5,23,0,1,0,0,0,1,0,0,0,0,0,0
19887,attack,clean_target_ineffective,1,S5,5,22,2,1,1,1,0,0,0,0,0,1,0,1
19890,attack,clean_target_ineffective,1,S5,5,23,7,1,1,1,0,0,0,0,0,1,0,1
19892,attack,missed,0,S0,0,22,2,1,0,0,0,1,0,0,0,0,0,0
19893,attack,multi_hit,4,S5,5,23,3,1,0,0,0,0,0,1,0,0,0,0
19895,attack,clean_target_effective,2,S0,0,23,7,1,1,0,1,0,0,0,0,0,1,2
19901,attack,clean_target_ineffective,1,S5,5,23,5,1,1,1,0,0,0,0,0,1,0,1
19908,attack,clean_target_ineffective,1,S5,5,23,3,1,1,1,0,0,0,0,0,1,0,1
19912,attack,clean_target_effective,2,S0,0,23,3,1,1,0,1,0,0,0,0,0,1,2
19915,attack,multi_hit,4,S0,0,22,7,1,0,0,0,0,0,1,0,0,0,0
19917,attack,clean_target_ineffective,1,S0,0,22,6,1,1,1,0,0,0,0,0,1,0,1
19919,attack,clean_target_ineffective,1,S0,0,23,5,1,1,1,0,0,0,0,0,1,0,1
19923,attack,clean_target_effective,2,S0,0,22,4,1,1,0,1,0,0,0,0,0,1,2
19926,attack,invalid_reset,5,S5,5,22,1,0,0,0,0,0,0,0,1,0,0,0
19927,attack,missed,0,S5,5,23,7,1,0,0,0,1,0,0,0,0,0,0
19928,attack,off_target,3,S5,5,23,3,1,0,0,0,0,1,0,0,0,0,0
19936,attack,missed,0,S0,0,22,0,1,0,0,0,1,0,0,0,0,0,0
19940,attack,clean_target_ineffective,1,S5,5,22,1,1,1,1,0,0,0,0,0,1,0,1
19941,attack,clean_target_effective,2,S5,5,22,1,1,1,0,1,0,0,0,0,0,1,2
19942,attack,clean_target_effective,2,S0,0,22,4,1,1,0,1,0,0,0,0,0,1,2
19948,attack,clean_target_effective,2,S5,5,22,0,1,1,0,1,0,0,0,0,0,1,2
19949,attack,clean_target_effective,2,S5,5,22,3,1,1,0,1,0,0,0,0,0,1,2
19950,attack,clean_target_ineffective,1,S0,0,22,4,1,1,1,0,0,0,0,0,1,0,1
19964,attack,off_target,3,S5,5,23,5,1,0,0,0,0,1,0,0,0,0,0
19965,attack,clean_target_effective,2,S0,0,23,0,1,1,0,1,0,0,0,0,0,1,2
19967,attack,clean_target_effective,2,S0,0,22,6,1,1,0,1,0,0,0,0,0,1,2
19970,attack,missed,0,S0,0,23,6,1,0,0,0,1,0,0,0,0,0,0
19971,attack,off_target,3,S5,5,22,6,1,0,0,0,0,1,0,0,0,0,0
19974,attack,clean_target_ineffective,1,S0,0,23,2,1,1,1,0,0,0,0,0,1,0,1
19977,attack,missed,0,S0,0,22,3,1,0,0,0,1,0,0,0,0,0,0
19984,attack,clean_target_effective,2,S0,0,23,1,1,1,0,1,0,0,0,0,0,1,2
19987,attack,clean_target_effective,2,S5,5,22,1,1,1,0,1,0,0,0,0,0,1,2
19988,attack,clean_target_ineffective,1,S0,0,22,7,1,1,1,0,0,0,0,0,1,0,1
19991,attack,missed,0,S5,5,22,6,1,0,0,0,1,0,0,0,0,0,0
19995,attack,missed,0,S0,0,23,1,1,0,0,0,1,0,0,0,0,0,0
20008,attack,missed,0,S5,5,22,2,1,0,0,0,1,0,0,0,0,0,0
20015,attack,missed,0,S0,0,22,6,1,0,0,0,1,0,0,0,0,0,0
20023,attack,clean_target_effective,2,S5,5,22,5,1,1,0,1,0,0,0,0,0,1,2
20024,attack,off_target,3,S5,5,23,0,1,0,0,0,0,1,0,0,0,0,0
20025,attack,clean_target_effective,2,S0,0,22,6,1,1,0,1,0,0,0,0,0,1,2
20028,attack,missed,0,S0,0,22,0,1,0,0,0,1,0,0,0,0,0,0
20050,attack,missed,0,S5,5,23,2,1,0,0,0,1,0,0,0,0,0,0
20059,attack,clean_target_effective,2,S0,0,22,4,1,1,0,1,0,0,0,0,0,1,2
20060,attack,missed,0,S0,0,22,1,1,0,0,0,1,0,0,0,0,0,0
20065,attack,clean_target_effective,2,S0,0,22,6,1,1,0,1,0,0,0,0,0,1,2
20068,attack,missed,0,S0,0,22,3,1,0,0,0,1,0,0,0,0,0,0
20071,attack,clean_target_effective,2,S0,0,23,5,1,1,0,1,0,0,0,0,0,1,2
20072,attack,off_target,3,S0,0,22,7,1,0,0,0,0,1,0,0,0,0,0
20082,attack,clean_target_ineffective,1,S0,0,23,7,1,1,1,0,0,0,0,0,1,0,1
20083,attack,clean_target_effective,2,S5,5,23,4,1,1,0,1,0,0,0,0,0,1,2
20084,attack,clean_target_effective,2,S5,5,23,2,1,1,0,1,0,0,0,0,0,1,2
20086,attack,clean_target_effective,2,S0,0,22,6,1,1,0,1,0,0,0,0,0,1,2
20087,attack,missed,0,S5,5,22,0,1,0,0,0,1,0,0,0,0,0,0
20095,attack,off_target,3,S5,5,22,3,1,0,0,0,0,1,0,0,0,0,0
20096,attack,missed,0,S5,5,23,4,1,0,0,0,1,0,0,0,0,0,0
20100,attack,clean_target_effective,2,S5,5,22,4,1,1,0,1,0,0,0,0,0,1,2
20106,attack,multi_hit,4,S0,0,23,0,1,0,0,0,0,0,1,0,0,0,0
20121,attack,off_target,3,S0,0,22,5,1,0,0,0,0,1,0,0,0,0,0
20129,attack,clean_target_effective,2,S0,0,23,6,1,1,0,1,0,0,0,0,0,1,2
20132,attack,off_target,3,S5,5,22,4,1,0,0,0,0,1,0,0,0,0,0
20133,attack,missed,0,S0,0,22,0,1,0,0,0,1,0,0,0,0,0,0
20134,attack,off_target,3,S0,0,23,7,1,0,0,0,0,1,0,0,0,0,0
20135,attack,clean_target_effective,2,S5,5,22,5,1,1,0,1,0,0,0,0,0,1,2
20136,attack,off_target,3,S5,5,23,3,1,0,0,0,0,1,0,0,0,0,0
20140,attack,off_target,3,S0,0,22,0,1,0,0,0,0,1,0,0,0,0,0
20143,attack,off_target,3,S0,0,22,2,1,0,0,0,0,1,0,0,0,0,0
20149,attack,off_target,3,S5,5,23,3,1,0,0,0,0,1,0,0,0,0,0
20152,attack,missed,0,S0,0,23,1,1,0,0,0,1,0,0,0,0,0,0
20154,attack,clean_target_effective,2,S5,5,22,2,1,1,0,1,0,0,0,0,0,1,2
20155,attack,clean_target_effective,2,S5,5,23,3,1,1,0,1,0,0,0,0,0,1,2
20156,attack,missed,0,S5,5,22,1,1,0,0,0,1,0,0,0,0,0,0
20164,attack,off_target,3,S5,5,22,4,1,0,0,0,0,1,0,0,0,0,0
20166,attack,missed,0,S5,5,23,4,1,0,0,0,1,0,0,0,0,0,0
20167,attack,clean_target_ineffective,1,S0,0,22,2,1,1,1,0,0,0,0,0,1,0,1
20168,attack,missed,0,S5,5,22,2,1,0,0,0,1,0,0,0,0,0,0
20169,attack,off_target,3,S5,5,23,6,1,0,0,0,0,1,0,0,0,0,0
20180,attack,invalid_reset,5,S0,0,22,5,0,0,0,0,0,0,0,1,0,0,0
20197,attack,clean_target_effective,2,S0,0,23,7,1,1,0,1,0,0,0,0,0,1,2
20201,attack,missed,0,S5,5,22,7,1,0,0,0,1,0,0,0,0,0,0
20203,attack,clean_target_effective,2,S5,5,23,6,1,1,0,1,0,0,0,0,0,1,2
20207,attack,clean_target_effective,2,S0,0,23,5,1,1,0,1,0,0,0,0,0,1,2
20226,attack,clean_target_ineffective,1,S0,0,22,1,1,1,1,0,0,0,0,0,1,0,1
20229,attack,missed,0,S0,0,23,4,1,0,0,0,1,0,0,0,0,0,0
20230,attack,clean_target_effective,2,S0,0,23,1,1,1,0,1,0,0,0,0,0,1,2
20231,attack,invalid_reset,5,S0,0,22,5,0,0,0,0,0,0,0,1,0,0,0
20235,attack,missed,0,S0,0,22,2,1,0,0,0,1,0,0,0,0,0,0
20238,attack,off_target,3,S0,0,22,4,1,0,0,0,0,1,0,0,0,0,0
20243,attack,missed,0,S0,0,22,7,1,0,0,0,1,0,0,0,0,0,0
20244,attack,clean_target_ineffective,1,S0,0,23,2,1,1,1,0,0,0,0,0,1,0,1
20246,attack,missed,0,S5,5,23,1,1,0,0,0,1,0,0,0,0,0,0
20256,attack,off_target,3,S5,5,22,3,1,0,0,0,0,1,0,0,0,0,0
20257,attack,clean_target_effective,2,S5,5,22,1,1,1,0,1,0,0,0,0,0,1,2
20267,attack,multi_hit,4,S0,0,23,0,1,0,0,0,0,0,1,0,0,0,0
20272,attack,clean_target_effective,2,S0,0,22,3,1,1,0,1,0,0,0,0,0,1,2
20273,attack,invalid_reset,5,S0,0,23,1,0,0,0,0,0,0,0,1,0,0,0
20274,attack,invalid_reset,5,S0,0,22,1,0,0,0,0,0,0,0,1,0,0,0
20280,attack,off_target,3,S5,5,22,6,1,0,0,0,0,1,0,0,0,0,0
20291,attack,multi_hit,4,S5,5,23,2,1,0,0,0,0,0,1,0,0,0,0
20303,attack,clean_target_ineffective,1,S5,5,23,6,1,1,1,0,0,0,0,0,1,0,1
20306,attack,clean_target_ineffective,1,S0,0,22,2,1,1,1,0,0,0,0,0,1,0,1
20310,attack,clean_target_effective,2,S0,0,22,2,1,1,0,1,0,0,0,0,0,1,2
20317,attack,missed,0,S0,0,23,3,1,0,0,0,1,0,0,0,0,0,0
20325,attack,off_target,3,S5,5,22,2,1,0,0,0,0,1,0,0,0,0,0
20327,attack,off_target,3,S5,5,22,5,1,0,0,0,0,1,0,0,0,0,0
20330,attack,clean_target_effective,2,S0,0,23,3,1,1,0,1,0,0,0,0,0,1,2
20332,attack,missed,0,S5,5,22,2,1,0,0,0,1,0,0,0,0,0,0
20334,attack,clean_target_ineffective,1,S0,0,23,5,1,1,1,0,0,0,0,0,1,0,1
20335,attack,clean_target_effective,2,S5,5,22,7,1,1,0,1,0,0,0,0,0,1,2
20337,attack,clean_target_effective,2,S0,0,22,0,1,1,0,1,0,0,0,0,0,1,2
20340,attack,missed,0,S5,5,22,5,1,0,0,0,1,0,0,0,0,0,0
20341,attack,clean_target_ineffective,1,S0,0,23,0,1,1,1,0,0,0,0,0,1,0,1
20346,attack,off_target,3,S5,5,22,6,1,0,0,0,0,1,0,0,0,0,0
20347,attack,off_target,3,S0,0,22,0,1,0,0,0,0,1,0,0,0,0,0
20351,attack,off_target,3,S5,5,23,6,1,0,0,0,0,1,0,0,0,0,0
20353,attack,missed,0,S0,0,22,7,1,0,0,0,1,0,0,0,0,0,0
20357,attack,off_target,3,S5,5,23,7,1,0,0,0,0,1,0,0,0,0,0
20363,attack,missed,0,S0,0,22,2,1,0,0,0,1,0,0,0,0,0,0
20365,attack,clean_target_ineffective,1,S0,0,23,7,1,1,1,0,0,0,0,0,1,0,1
20366,attack,clean_target_effective,2,S5,5,22,2,1,1,0,1,0,0,0,0,0,1,2
20369,attack,invalid_reset,5,S0,0,23,4,0,0,0,0,0,0,0,1,0,0,0
20372,attack,clean_target_effective,2,S0,0,22,2,1,1,0,1,0,0,0,0,0,1,2
20375,attack,clean_target_effective,2,S0,0,23,3,1,1,0,1,0,0,0,0,0,1,2
20379,attack,clean_target_ineffective,1,S5,5,23,6,1,1,1,0,0,0,0,0,1,0,1
20384,attack,multi_hit,4,S5,5,22,2,1,0,0,0,0,0,1,0,0,0,0
20387,attack,clean_target_ineffective,1,S0,0,22,1,1,1,1,0,0,0,0,0,1,0,1
20389,attack,missed,0,S0,0,23,6,1,0,0,0,1,0,0,0,0,0,0
20390,attack,multi_hit,4,S5,5,22,3,1,0,0,0,0,0,1,0,0,0,0
20397,attack,clean_target_effective,2,S5,5,23,7,1,1,0,1,0,0,0,0,0,1,2
20409,attack,off_target,3,S0,0,23,3,1,0,0,0,0,1,0,0,0,0,0
20427,attack,multi_hit,4,S5,5,23,7,1,0,0,0,0,0,1,0,0,0,0
20428,attack,off_target,3,S0,0,22,0,1,0,0,0,0,1,0,0,0,0,0
20431,attack,clean_target_ineffective,1,S5,5,22,1,1,1,1,0,0,0,0,0,1,0,1
20433,attack,missed,0,S5,5,23,6,1,0,0,0,1,0,0,0,0,0,0
20440,attack,multi_hit,4,S0,0,23,0,1,0,0,0,0,0,1,0,0,0,0
20448,attack,clean_target_ineffective,1,S5,5,22,6,1,1,1,0,0,0,0,0,1,0,1
20449,attack,multi_hit,4,S5,5,23,4,1,0,0,0,0,0,1,0,0,0,0
20469,attack,clean_target_ineffective,1,S0,0,22,4,1,1,1,0,0,0,0,0,1,0,1
20470,attack,missed,0,S5,5,22,7,1,0,0,0,1,0,0,0,0,0,0
20472,attack,missed,0,S0,0,22,4,1,0,0,0,1,0,0,0,0,0,0
20493,attack,missed,0,S5,5,23,7,1,0,0,0,1,0,0,0,0,0,0
20498,attack,clean_target_effective,2,S5,5,23,7,1,1,0,1,0,0,0,0,0,1,2
20499,attack,invalid_reset,5,S5,5,23,5,0,0,0,0,0,0,0,1,0,0,0
20500,attack,missed,0,S0,0,22,4,1,0,0,0,1,0,0,0,0,0,0
20504,attack,multi_hit,4,S5,5,22,0,1,0,0,0,0,0,1,0,0,0,0
20506,attack,clean_target_effective,2,S5,5,22,4,1,1,0,1,0,0,0,0,0,1,2
20508,attack,clean_target_effective,2,S0,0,23,0,1,1,0,1,0,0,0,0,0,1,2
20514,attack,clean_target_effective,2,S5,5,23,3,1,1,0,1,0,0,0,0,0,1,2
20518,attack,clean_target_effective,2,S0,0,23,2,1,1,0,1,0,0,0,0,0,1,2
20524,attack,missed,0,S0,0,22,1,1,0,0,0,1,0,0,0,0,0,0
20526,attack,clean_target_effective,2,S5,5,23,5,1,1,0,1,0,0,0,0,0,1,2
20529,attack,missed,0,S5,5,22,2,1,0,0,0,1,0,0,0,0,0,0
20531,attack,clean_target_effective,2,S5,5,23,1,1,1,0,1,0,0,0,0,0,1,2
20536,attack,off_target,3,S5,5,22,4,1,0,0,0,0,1,0,0,0,0,0
20541,attack,clean_target_effective,2,S5,5,22,2,1,1,0,1,0,0,0,0,0,1,2
20542,attack,missed,0,S0,0,23,4,1,0,0,0,1,0,0,0,0,0,0
20551,attack,off_target,3,S0,0,22,0,1,0,0,0,0,1,0,0,0,0,0
20557,attack,multi_hit,4,S0,0,23,5,1,0,0,0,0,0,1,0,0,0,0
20558,attack,missed,0,S0,0,23,0,1,0,0,0,1,0,0,0,0,0,0
20562,attack,clean_target_effective,2,S0,0,22,5,1,1,0,1,0,0,0,0,0,1,2
20566,attack,missed,0,S5,5,23,1,1,0,0,0,1,0,0,0,0,0,0
20570,attack,missed,0,S0,0,23,0,1,0,0,0,1,0,0,0,0,0,0
20574,attack,missed,0,S0,0,22,6,1,0,0,0,1,0,0,0,0,0,0
20575,attack,invalid_reset,5,S0,0,23,0,0,0,0,0,0,0,0,1,0,0,0
20577,attack,missed,0,S5,5,22,4,1,0,0,0,1,0,0,0,0,0,0
20579,attack,missed,0,S0,0,23,1,1,0,0,0,1,0,0,0,0,0,0
20582,attack,clean_target_effective,2,S5,5,22,7,1,1,0,1,0,0,0,0,0,1,2
20588,attack,multi_hit,4,S5,5,23,7,1,0,0,0,0,0,1,0,0,0,0
20589,attack,invalid_reset,5,S0,0,22,0,0,0,0,0,0,0,0,1,0,0,0
20595,attack,clean_target_ineffective,1,S0,0,23,7,1,1,1,0,0,0,0,0,1,0,1
20598,attack,missed,0,S5,5,23,6,1,0,0,0,1,0,0,0,0,0,0
20603,attack,off_target,3,S5,5,23,1,1,0,0,0,0,1,0,0,0,0,0
20606,attack,clean_target_effective,2,S5,5,22,0,1,1,0,1,0,0,0,0,0,1,2
20607,attack,clean_target_ineffective,1,S5,5,22,3,1,1,1,0,0,0,0,0,1,0,1
20609,attack,missed,0,S5,5,23,3,1,0,0,0,1,0,0,0,0,0,0
20611,attack,missed,0,S0,0,23,3,1,0,0,0,1,0,0,0,0,0,0
20616,attack,clean_target_effective,2,S5,5,22,7,1,1,0,1,0,0,0,0,0,1,2
20623,attack,invalid_reset,5,S0,0,23,4,0,0,0,0,0,0,0,1,0,0,0
20625,attack,off_target,3,S0,0,22,2,1,0,0,0,0,1,0,0,0,0,0
20626,attack,clean_target_ineffective,1,S0,0,23,0,1,1,1,0,0,0,0,0,1,0,1
20628,attack,missed,0,S0,0,23,3,1,0,0,0,1,0,0,0,0,0,0
20636,attack,clean_target_ineffective,1,S0,0,23,1,1,1,1,0,0,0,0,0,1,0,1
20638,attack,invalid_reset,5,S0,0,22,7,0,0,0,0,0,0,0,1,0,0,0
20639,attack,clean_target_effective,2,S5,5,22,3,1,1,0,1,0,0,0,0,0,1,2
20642,attack,invalid_reset,5,S5,5,23,1,0,0,0,0,0,0,0,1,0,0,0
20646,attack,off_target,3,S5,5,22,6,1,0,0,0,0,1,0,0,0,0,0
20648,attack,off_target,3,S5,5,22,7,1,0,0,0,0,1,0,0,0,0,0
20655,attack,clean_target_ineffective,1,S5,5,22,2,1,1,1,0,0,0,0,0,1,0,1
20656,attack,missed,0,S0,0,23,3,1,0,0,0,1,0,0,0,0,0,0
20661,attack,clean_target_effective,2,S5,5,22,7,1,1,0,1,0,0,0,0,0,1,2
20662,attack,missed,0,S5,5,23,0,1,0,0,0,1,0,0,0,0,0,0
20667,attack,clean_target_ineffective,1,S5,5,23,4,1,1,1,0,0,0,0,0,1,0,1
20675,attack,multi_hit,4,S0,0,23,2,1,0,0,0,0,0,1,0,0,0,0
20682,attack,missed,0,S5,5,23,5,1,0,0,0,1,0,0,0,0,0,0
20684,attack,missed,0,S0,0,23,6,1,0,0,0,1,0,0,0,0,0,0
20686,attack,missed,0,S0,0,22,3,1,0,0,0,1,0,0,0,0,0,0
20692,attack,multi_hit,4,S5,5,22,4,1,0,0,0,0,0,1,0,0,0,0
20695,attack,off_target,3,S0,0,22,3,1,0,0,0,0,1,0,0,0,0,0
20707,attack,multi_hit,4,S0,0,22,4,1,0,0,0,0,0,1,0,0,0,0
20708,attack,off_target,3,S0,0,23,1,1,0,0,0,0,1,0,0,0,0,0
20719,attack,clean_target_ineffective,1,S5,5,23,6,1,1,1,0,0,0,0,0,1,0,1
20721,attack,off_target,3,S5,5,22,6,1,0,0,0,0,1,0,0,0,0,0
20726,attack,clean_target_ineffective,1,S5,5,22,2,1,1,1,0,0,0,0,0,1,0,1
20727,attack,missed,0,S0,0,22,7,1,0,0,0,1,0,0,0,0,0,0
20732,attack,clean_target_effective,2,S0,0,23,4,1,1,0,1,0,0,0,0,0,1,2
20733,attack,clean_target_effective,2,S5,5,22,1,1,1,0,1,0,0,0,0,0,1,2
20738,attack,clean_target_effective,2,S0,0,22,3,1,1,0,1,0,0,0,0,0,1,2
20742,attack,off_target,3,S5,5,22,1,1,0,0,0,0,1,0,0,0,0,0
20746,attack,clean_target_effective,2,S5,5,22,1,1,1,0,1,0,0,0,0,0,1,2
20747,attack,clean_target_ineffective,1,S5,5,22,3,1,1,1,0,0,0,0,0,1,0,1
20752,attack,missed,0,S5,5,23,5,1,0,0,0,1,0,0,0,0,0,0
20753,attack,clean_target_effective,2,S0,0,23,7,1,1,0,1,0,0,0,0,0,1,2
20759,attack,invalid_reset,5,S0,0,22,3,0,0,0,0,0,0,0,1,0,0,0
20762,attack,missed,0,S5,5,22,3,1,0,0,0,1,0,0,0,0,0,0
20764,attack,invalid_reset,5,S5,5,22,3,0,0,0,0,0,0,0,1,0,0,0
20765,attack,clean_target_ineffective,1,S0,0,22,7,1,1,1,0,0,0,0,0,1,0,1
20768,attack,clean_target_ineffective,1,S5,5,23,4,1,1,1,0,0,0,0,0,1,0,1
20776,attack,clean_target_ineffective,1,S0,0,22,2,1,1,1,0,0,0,0,0,1,0,1
20778,attack,off_target,3,S5,5,23,7,1,0,0,0,0,1,0,0,0,0,0
20796,attack,invalid_reset,5,S5,5,22,3,0,0,0,0,0,0,0,1,0,0,0
20797,attack,missed,0,S0,0,22,4,1,0,0,0,1,0,0,0,0,0,0
20811,attack,multi_hit,4,S5,5,23,1,1,0,0,0,0,0,1,0,0,0,0
20816,attack,clean_target_effective,2,S5,5,22,0,1,1,0,1,0,0,0,0,0,1,2
20821,attack,missed,0,S0,0,23,5,1,0,0,0,1,0,0,0,0,0,0
20822,attack,clean_target_effective,2,S0,0,22,1,1,1,0,1,0,0,0,0,0,1,2
20823,attack,missed,0,S5,5,22,3,1,0,0,0,1,0,0,0,0,0,0
20834,attack,invalid_reset,5,S0,0,22,6,0,0,0,0,0,0,0,1,0,0,0
20838,attack,off_target,3,S0,0,22,5,1,0,0,0,0,1,0,0,0,0,0
20842,attack,missed,0,S5,5,23,7,1,0,0,0,1,0,0,0,0,0,0
20844,attack,clean_target_effective,2,S5,5,23,2,1,1,0,1,0,0,0,0,0,1,2
20845,attack,missed,0,S5,5,22,4,1,0,0,0,1,0,0,0,0,0,0
20846,attack,clean_target_effective,2,S0,0,22,2,1,1,0,1,0,0,0,0,0,1,2
20848,attack,multi_hit,4,S0,0,22,5,1,0,0,0,0,0,1,0,0,0,0
20855,attack,clean_target_ineffective,1,S0,0,22,0,1,1,1,0,0,0,0,0,1,0,1
20858,attack,clean_target_ineffective,1,S5,5,22,2,1,1,1,0,0,0,0,0,1,0,1
20859,attack,clean_target_effective,2,S5,5,23,1,1,1,0,1,0,0,0,0,0,1,2
20864,attack,multi_hit,4,S0,0,23,5,1,0,0,0,0,0,1,0,0,0,0
20865,attack,off_target,3,S5,5,22,0,1,0,0,0,0,1,0,0,0,0,0
20867,attack,off_target,3,S0,0,23,2,1,0,0,0,0,1,0,0,0,0,0
20873,attack,missed,0,S0,0,22,0,1,0,0,0,1,0,0,0,0,0,0
20874,attack,missed,0,S5,5,22,7,1,0,0,0,1,0,0,0,0,0,0
20878,attack,off_target,3,S5,5,23,5,1,0,0,0,0,1,0,0,0,0,0
20879,attack,off_target,3,S0,0,23,3,1,0,0,0,0,1,0,0,0,0,0
20881,attack,clean_target_effective,2,S5,5,22,5,1,1,0,1,0,0,0,0,0,1,2
20882,attack,missed,0,S5,5,23,1,1,0,0,0,1,0,0,0,0,0,0
20883,attack,clean_target_effective,2,S0,0,22,1,1,1,0,1,0,0,0,0,0,1,2
20884,attack,clean_target_effective,2,S5,5,23,0,1,1,0,1,0,0,0,0,0,1,2
20893,attack,multi_hit,4,S5,5,23,1,1,0,0,0,0,0,1,0,0,0,0
20896,attack,clean_target_effective,2,S5,5,22,2,1,1,0,1,0,0,0,0,0,1,2
20897,attack,clean_target_effective,2,S5,5,23,6,1,1,0,1,0,0,0,0,0,1,2
20899,attack,off_target,3,S5,5,22,3,1,0,0,0,0,1,0,0,0,0,0
20906,attack,off_target,3,S5,5,23,5,1,0,0,0,0,1,0,0,0,0,0
20908,attack,invalid_reset,5,S0,0,23,7,0,0,0,0,0,0,0,1,0,0,0
20912,attack,off_target,3,S0,0,22,6,1,0,0,0,0,1,0,0,0,0,0
20913,attack,off_target,3,S5,5,23,4,1,0,0,0,0,1,0,0,0,0,0
20914,attack,clean_target_effective,2,S5,5,22,2,1,1,0,1,0,0,0,0,0,1,2
20920,attack,clean_target_effective,2,S5,5,22,4,1,1,0,1,0,0,0,0,0,1,2
20921,attack,off_target,3,S5,5,22,4,1,0,0,0,0,1,0,0,0,0,0
20929,attack,invalid_reset,5,S0,0,23,1,0,0,0,0,0,0,0,1,0,0,0
20930,attack,missed,0,S5,5,23,4,1,0,0,0,1,0,0,0,0,0,0
20932,attack,missed,0,S5,5,23,2,1,0,0,0,1,0,0,0,0,0,0
20933,attack,missed,0,S5,5,23,0,1,0,0,0,1,0,0,0,0,0,0
20936,attack,clean_target_effective,2,S5,5,23,1,1,1,0,1,0,0,0,0,0,1,2
20937,attack,invalid_reset,5,S5,5,23,2,0,0,0,0,0,0,0,1,0,0,0
20939,attack,missed,0,S0,0,22,0,1,0,0,0,1,0,0,0,0,0,0
20942,attack,missed,0,S5,5,22,4,1,0,0,0,1,0,0,0,0,0,0
20949,attack,clean_target_effective,2,S0,0,23,6,1,1,0,1,0,0,0,0,0,1,2
20950,attack,clean_target_effective,2,S0,0,23,7,1,1,0,1,0,0,0,0,0,1,2
20955,attack,missed,0,S5,5,23,0,1,0,0,0,1,0,0,0,0,0,0
20961,attack,clean_target_ineffective,1,S0,0,22,0,1,1,1,0,0,0,0,0,1,0,1
20962,attack,clean_target_effective,2,S0,0,23,3,1,1,0,1,0,0,0,0,0,1,2
20963,attack,clean_target_effective,2,S5,5,23,1,1,1,0,1,0,0,0,0,0,1,2
20980,attack,clean_target_effective,2,S5,5,23,6,1,1,0,1,0,0,0,0,0,1,2
20985,attack,missed,0,S0,0,23,2,1,0,0,0,1,0,0,0,0,0,0
20988,attack,multi_hit,4,S5,5,23,4,1,0,0,0,0,0,1,0,0,0,0
20989,attack,missed,0,S5,5,22,6,1,0,0,0,1,0,0,0,0,0,0
20990,attack,missed,0,S0,0,22,5,1,0,0,0,1,0,0,0,0,0,0
20992,attack,missed,0,S0,0,23,3,1,0,0,0,1,0,0,0,0,0,0
20994,attack,multi_hit,4,S0,0,23,0,1,0,0,0,0,0,1,0,0,0,0
20996,attack,clean_target_ineffective,1,S0,0,23,2,1,1,1,0,0,0,0,0,1,0,1
21002,attack,off_target,3,S0,0,23,2,1,0,0,0,0,1,0,0,0,0,0
21007,attack,multi_hit,4,S5,5,23,6,1,0,0,0,0,0,1,0,0,0,0
21010,attack,clean_target_ineffective,1,S0,0,23,2,1,1,1,0,0,0,0,0,1,0,1
21015,attack,clean_target_ineffective,1,S0,0,23,7,1,1,1,0,0,0,0,0,1,0,1
21019,attack,clean_target_effective,2,S0,0,22,2,1,1,0,1,0,0,0,0,0,1,2
21025,attack,off_target,3,S0,0,22,1,1,0,0,0,0,1,0,0,0,0,0
21032,attack,clean_target_effective,2,S0,0,22,4,1,1,0,1,0,0,0,0,0,1,2
21038,attack,multi_hit,4,S0,0,22,7,1,0,0,0,0,0,1,0,0,0,0
21051,attack,off_target,3,S0,0,23,2,1,0,0,0,0,1,0,0,0,0,0
21052,attack,missed,0,S5,5,23,0,1,0,0,0,1,0,0,0,0,0,0
21054,attack,off_target,3,S0,0,22,5,1,0,0,0,0,1,0,0,0,0,0
21057,attack,clean_target_effective,2,S0,0,23,2,1,1,0,1,0,0,0,0,0,1,2
21058,attack,missed,0,S0,0,23,6,1,0,0,0,1,0,0,0,0,0,0
21059,attack,missed,0,S0,0,23,3,1,0,0,0,1,0,0,0,0,0,0
21060,attack,clean_target_effective,2,S0,0,23,4,1,1,0,1,0,0,0,0,0,1,2
21061,attack,off_target,3,S0,0,23,7,1,0,0,0,0,1,0,0,0,0,0
21065,attack,missed,0,S5,5,22,5,1,0,0,0,1,0,0,0,0,0,0
21066,attack,missed,0,S0,0,22,7,1,0,0,0,1,0,0,0,0,0,0
21071,attack,clean_target_ineffective,1,S5,5,23,1,1,1,1,0,0,0,0,0,1,0,1
21072,attack,clean_target_effective,2,S5,5,23,7,1,1,0,1,0,0,0,0,0,1,2
21074,attack,clean_target_effective,2,S5,5,22,4,1,1,0,1,0,0,0,0,0,1,2
21084,attack,clean_target_effective,2,S0,0,22,6,1,1,0,1,0,0,0,0,0,1,2
21085,attack,clean_target_effective,2,S0,0,22,2,1,1,0,1,0,0,0,0,0,1,2
21090,attack,clean_target_effective,2,S0,0,23,0,1,1,0,1,0,0,0,0,0,1,2
21093,attack,missed,0,S5,5,23,7,1,0,0,0,1,0,0,0,0,0,0
21095,attack,off_target,3,S5,5,22,0,1,0,0,0,0,1,0,0,0,0,0
21098,attack,off_target,3,S0,0,22,0,1,0,0,0,0,1,0,0,0,0,0
21099,attack,multi_hit,4,S5,5,23,7,1,0,0,0,0,0,1,0,0,0,0
21102,attack,clean_target_ineffective,1,S5,5,23,5,1,1,1,0,0,0,0,0,1,0,1
21116,attack,missed,0,S0,0,22,4,1,0,0,0,1,0,0,0,0,0,0
21118,attack,missed,0,S0,0,22,0,1,0,0,0,1,0,0,0,0,0,0
21124,attack,clean_target_ineffective,1,S5,5,23,3,1,1,1,0,0,0,0,0,1,0,1
21126,attack,missed,0,S5,5,22,4,1,0,0,0,1,0,0,0,0,0,0
21129,attack,missed,0,S0,0,23,1,1,0,0,0,1,0,0,0,0,0,0
21138,attack,clean_target_effective,2,S0,0,23,2,1,1,0,1,0,0,0,0,0,1,2
21139,attack,missed,0,S0,0,22,5,1,0,0,0,1,0,0,0,0,0,0
21155,attack,clean_target_effective,2,S0,0,23,3,1,1,0,1,0,0,0,0,0,1,2
21156,attack,multi_hit,4,S5,5,22,5,1,0,0,0,0,0,1,0,0,0,0
21157,attack,missed,0,S0,0,23,7,1,0,0,0,1,0,0,0,0,0,0
21161,attack,missed,0,S0,0,22,6,1,0,0,0,1,0,0,0,0,0,0
21162,attack,clean_target_effective,2,S0,0,23,0,1,1,0,1,0,0,0,0,0,1,2
21163,attack,off_target,3,S5,5,22,3,1,0,0,0,0,1,0,0,0,0,0
21173,attack,missed,0,S0,0,22,0,1,0,0,0,1,0,0,0,0,0,0
21184,attack,clean_target_effective,2,S5,5,22,7,1,1,0,1,0,0,0,0,0,1,2
21190,attack,off_target,3,S5,5,23,2,1,0,0,0,0,1,0,0,0,0,0
21194,attack,clean_target_effective,2,S5,5,22,5,1,1,0,1,0,0,0,0,0,1,2
21198,attack,off_target,3,S5,5,23,3,1,0,0,0,0,1,0,0,0,0,0
21207,attack,invalid_reset,5,S0,0,23,5,0,0,0,0,0,0,0,1,0,0,0
21209,attack,clean_target_ineffective,1,S0,0,22,3,1,1,1,0,0,0,0,0,1,0,1
21217,attack,multi_hit,4,S0,0,23,7,1,0,0,0,0,0,1,0,0,0,0
21219,attack,missed,0,S5,5,22,0,1,0,0,0,1,0,0,0,0,0,0
21222,attack,clean_target_effective,2,S5,5,22,4,1,1,0,1,0,0,0,0,0,1,2
21226,attack,clean_target_ineffective,1,S0,0,23,1,1,1,1,0,0,0,0,0,1,0,1
21230,attack,clean_target_effective,2,S0,0,22,7,1,1,0,1,0,0,0,0,0,1,2
21232,attack,clean_target_effective,2,S0,0,22,5,1,1,0,1,0,0,0,0,0,1,2
21238,attack,off_target,3,S5,5,22,2,1,0,0,0,0,1,0,0,0,0,0
21239,attack,off_target,3,S5,5,22,6,1,0,0,0,0,1,0,0,0,0,0
21240,attack,missed,0,S0,0,22,2,1,0,0,0,1,0,0,0,0,0,0
21253,attack,invalid_reset,5,S5,5,23,2,0,0,0,0,0,0,0,1,0,0,0
21259,attack,missed,0,S5,5,22,6,1,0,0,0,1,0,0,0,0,0,0
21261,attack,missed,0,S0,0,23,5,1,0,0,0,1,0,0,0,0,0,0
21265,attack,missed,0,S5,5,22,1,1,0,0,0,1,0,0,0,0,0,0
21272,attack,clean_target_effective,2,S5,5,22,1,1,1,0,1,0,0,0,0,0,1,2
21275,attack,clean_target_ineffective,1,S5,5,22,7,1,1,1,0,0,0,0,0,1,0,1
21284,attack,clean_target_effective,2,S0,0,22,0,1,1,0,1,0,0,0,0,0,1,2
21288,attack,off_target,3,S0,0,23,0,1,0,0,0,0,1,0,0,0,0,0
21295,attack,clean_target_effective,2,S0,0,22,6,1,1,0,1,0,0,0,0,0,1,2
21297,attack,clean_target_ineffective,1,S5,5,23,2,1,1,1,0,0,0,0,0,1,0,1
21299,attack,multi_hit,4,S5,5,23,4,1,0,0,0,0,0,1,0,0,0,0
21307,attack,off_target,3,S5,5,22,2,1,0,0,0,0,1,0,0,0,0,0
21311,attack,missed,0,S0,0,23,2,1,0,0,0,1,0,0,0,0,0,0
21319,attack,clean_target_ineffective,1,S0,0,22,2,1,1,1,0,0,0,0,0,1,0,1
21322,attack,missed,0,S5,5,22,5,1,0,0,0,1,0,0,0,0,0,0
21326,attack,clean_target_effective,2,S5,5,22,4,1,1,0,1,0,0,0,0,0,1,2
21328,attack,clean_target_ineffective,1,S0,0,23,1,1,1,1,0,0,0,0,0,1,0,1
21333,attack,missed,0,S0,0,22,0,1,0,0,0,1,0,0,0,0,0,0
21343,attack,missed,0,S0,0,22,7,1,0,0,0,1,0,0,0,0,0,0
21344,attack,multi_hit,4,S5,5,22,3,1,0,0,0,0,0,1,0,0,0,0
21346,attack,clean_target_ineffective,1,S0,0,22,6,1,1,1,0,0,0,0,0,1,0,1
21351,attack,invalid_reset,5,S5,5,23,2,0,0,0,0,0,0,0,1,0,0,0
21353,attack,missed,0,S5,5,23,3,1,0,0,0,1,0,0,0,0,0,0
21355,attack,invalid_reset,5,S5,5,22,2,0,0,0,0,0,0,0,1,0,0,0
21368,attack,off_target,3,S0,0,23,0,1,0,0,0,0,1,0,0,0,0,0
21371,attack,missed,0,S5,5,22,4,1,0,0,0,1,0,0,0,0,0,0
21389,attack,off_target,3,S5,5,22,2,1,0,0,0,0,1,0,0,0,0,0
21390,attack,clean_target_effective,2,S5,5,23,7,1,1,0,1,0,0,0,0,0,1,2
21391,attack,clean_target_effective,2,S0,0,23,7,1,1,0,1,0,0,0,0,0,1,2
21394,attack,clean_target_effective,2,S0,0,23,2,1,1,0,1,0,0,0,0,0,1,2
21395,attack,off_target,3,S5,5,22,3,1,0,0,0,0,1,0,0,0,0,0
21401,attack,off_target,3,S0,0,22,7,1,0,0,0,0,1,0,0,0,0,0
21402,attack,multi_hit,4,S5,5,23,4,1,0,0,0,0,0,1,0,0,0,0
21406,attack,clean_target_effective,2,S0,0,22,1,1,1,0,1,0,0,0,0,0,1,2
21412,attack,clean_target_effective,2,S5,5,23,7,1,1,0,1,0,0,0,0,0,1,2
21413,attack,clean_target_effective,2,S5,5,23,7,1,1,0,1,0,0,0,0,0,1,2
21416,attack,missed,0,S0,0,23,1,1,0,0,0,1,0,0,0,0,0,0
21417,attack,off_target,3,S0,0,23,4,1,0,0,0,0,1,0,0,0,0,0
21420,attack,clean_target_effective,2,S0,0,23,5,1,1,0,1,0,0,0,0,0,1,2
21422,attack,off_target,3,S5,5,23,7,1,0,0,0,0,1,0,0,0,0,0
21425,attack,clean_target_ineffective,1,S0,0,22,4,1,1,1,0,0,0,0,0,1,0,1
21428,attack,multi_hit,4,S5,5,22,1,1,0,0,0,0,0,1,0,0,0,0
21429,attack,invalid_reset,5,S0,0,22,2,0,0,0,0,0,0,0,1,0,0,0
21435,attack,off_target,3,S5,5,23,6,1,0,0,0,0,1,0,0,0,0,0
21437,attack,clean_target_effective,2,S0,0,23,1,1,1,0,1,0,0,0,0,0,1,2
21438,attack,clean_target_effective,2,S5,5,22,1,1,1,0,1,0,0,0,0,0,1,2
21439,attack,multi_hit,4,S0,0,23,5,1,0,0,0,0,0,1,0,0,0,0
21442,attack,missed,0,S0,0,23,0,1,0,0,0,1,0,0,0,0,0,0
21443,attack,clean_target_ineffective,1,S0,0,22,5,1,1,1,0,0,0,0,0,1,0,1
21448,attack,off_target,3,S5,5,22,4,1,0,0,0,0,1,0,0,0,0,0
21449,attack,missed,0,S5,5,22,4,1,0,0,0,1,0,0,0,0,0,0
21450,attack,missed,0,S0,0,22,0,1,0,0,0,1,0,0,0,0,0,0
21452,attack,multi_hit,4,S5,5,23,2,1,0,0,0,0,0,1,0,0,0,0
21461,attack,multi_hit,4,S5,5,23,4,1,0,0,0,0,0,1,0,0,0,0
21467,attack,invalid_reset,5,S0,0,23,6,0,0,0,0,0,0,0,1,0,0,0
21468,attack,multi_hit,4,S5,5,22,5,1,0,0,0,0,0,1,0,0,0,0
21469,attack,invalid_reset,5,S0,0,23,1,0,0,0,0,0,0,0,1,0,0,0
21471,attack,clean_target_effective,2,S0,0,22,5,1,1,0,1,0,0,0,0,0,1,2
21473,attack,clean_target_effective,2,S0,0,22,1,1,1,0,1,0,0,0,0,0,1,2
21475,attack,off_target,3,S5,5,22,2,1,0,0,0,0,1,0,0,0,0,0
21483,attack,clean_target_ineffective,1,S5,5,23,6,1,1,1,0,0,0,0,0,1,0,1
21485,attack,missed,0,S0,0,23,1,1,0,0,0,1,0,0,0,0,0,0
21488,attack,clean_target_effective,2,S5,5,22,1,1,1,0,1,0,0,0,0,0,1,2
21489,attack,invalid_reset,5,S5,5,23,1,0,0,0,0,0,0,0,1,0,0,0
21493,attack,invalid_reset,5,S5,5,22,0,0,0,0,0,0,0,0,1,0,0,0
21497,attack,missed,0,S0,0,23,5,1,0,0,0,1,0,0,0,0,0,0
21502,attack,missed,0,S5,5,22,6,1,0,0,0,1,0,0,0,0,0,0
21506,attack,missed,0,S0,0,22,5,1,0,0,0,1,0,0,0,0,0,0
21512,attack,clean_target_ineffective,1,S5,5,23,4,1,1,1,0,0,0,0,0,1,0,1
21515,attack,clean_target_effective,2,S5,5,23,5,1,1,0,1,0,0,0,0,0,1,2
21528,attack,multi_hit,4,S5,5,22,7,1,0,0,0,0,0,1,0,0,0,0
21533,attack,clean_target_effective,2,S5,5,22,2,1,1,0,1,0,0,0,0,0,1,2
21539,attack,multi_hit,4,S0,0,22,0,1,0,0,0,0,0,1,0,0,0,0
21540,attack,multi_hit,4,S5,5,23,2,1,0,0,0,0,0,1,0,0,0,0
21543,attack,clean_target_effective,2,S5,5,22,6,1,1,0,1,0,0,0,0,0,1,2
21545,attack,clean_target_ineffective,1,S5,5,23,6,1,1,1,0,0,0,0,0,1,0,1
21546,attack,clean_target_effective,2,S5,5,23,1,1,1,0,1,0,0,0,0,0,1,2
21547,attack,clean_target_effective,2,S0,0,22,3,1,1,0,1,0,0,0,0,0,1,2
21552,attack,off_target,3,S5,5,23,4,1,0,0,0,0,1,0,0,0,0,0
21554,attack,multi_hit,4,S5,5,22,2,1,0,0,0,0,0,1,0,0,0,0
21556,attack,multi_hit,4,S0,0,23,4,1,0,0,0,0,0,1,0,0,0,0
21567,attack,clean_target_effective,2,S5,5,22,2,1,1,0,1,0,0,0,0,0,1,2
21576,attack,multi_hit,4,S0,0,22,3,1,0,0,0,0,0,1,0,0,0,0
21586,attack,off_target,3,S5,5,22,2,1,0,0,0,0,1,0,0,0,0,0
21591,attack,off_target,3,S5,5,23,0,1,0,0,0,0,1,0,0,0,0,0
21593,attack,clean_target_ineffective,1,S5,5,22,4,1,1,1,0,0,0,0,0,1,0,1
21594,attack,missed,0,S5,5,23,5,1,0,0,0,1,0,0,0,0,0,0
21595,attack,missed,0,S5,5,23,0,1,0,0,0,1,0,0,0,0,0,0
21596,attack,clean_target_effective,2,S5,5,22,3,1,1,0,1,0,0,0,0,0,1,2
21599,attack,clean_target_effective,2,S5,5,23,1,1,1,0,1,0,0,0,0,0,1,2
21601,attack,clean_target_effective,2,S5,5,22,7,1,1,0,1,0,0,0,0,0,1,2
21604,attack,clean_target_effective,2,S5,5,22,7,1,1,0,1,0,0,0,0,0,1,2
21606,attack,off_target,3,S0,0,23,3,1,0,0,0,0,1,0,0,0,0,0
21615,attack,clean_target_effective,2,S5,5,23,7,1,1,0,1,0,0,0,0,0,1,2
21623,attack,clean_target_effective,2,S0,0,22,7,1,1,0,1,0,0,0,0,0,1,2
21624,attack,invalid_reset,5,S0,0,22,2,0,0,0,0,0,0,0,1,0,0,0
21627,attack,clean_target_ineffective,1,S5,5,22,6,1,1,1,0,0,0,0,0,1,0,1
21628,attack,off_target,3,S0,0,22,4,1,0,0,0,0,1,0,0,0,0,0
21630,attack,invalid_reset,5,S5,5,23,1,0,0,0,0,0,0,0,1,0,0,0
21631,attack,clean_target_effective,2,S0,0,22,0,1,1,0,1,0,0,0,0,0,1,2
21649,attack,missed,0,S5,5,22,0,1,0,0,0,1,0,0,0,0,0,0
21658,attack,clean_target_effective,2,S5,5,23,3,1,1,0,1,0,0,0,0,0,1,2
21663,attack,clean_target_effective,2,S5,5,22,3,1,1,0,1,0,0,0,0,0,1,2
21664,attack,multi_hit,4,S5,5,22,2,1,0,0,0,0,0,1,0,0,0,0
21666,attack,off_target,3,S5,5,23,2,1,0,0,0,0,1,0,0,0,0,0
21667,attack,off_target,3,S5,5,22,3,1,0,0,0,0,1,0,0,0,0,0
21668,attack,clean_target_effective,2,S5,5,22,6,1,1,0,1,0,0,0,0,0,1,2
21670,attack,invalid_reset,5,S0,0,22,3,0,0,0,0,0,0,0,1,0,0,0
21675,attack,clean_target_ineffective,1,S0,0,23,5,1,1,1,0,0,0,0,0,1,0,1
21678,attack,clean_target_effective,2,S5,5,22,7,1,1,0,1,0,0,0,0,0,1,2
21682,attack,clean_target_effective,2,S0,0,23,4,1,1,0,1,0,0,0,0,0,1,2
21700,attack,multi_hit,4,S5,5,22,7,1,0,0,0,0,0,1,0,0,0,0
21701,attack,off_target,3,S5,5,22,0,1,0,0,0,0,1,0,0,0,0,0
21702,attack,clean_target_effective,2,S5,5,23,7,1,1,0,1,0,0,0,0,0,1,2
21705,attack,multi_hit,4,S0,0,22,7,1,0,0,0,0,0,1,0,0,0,0
21709,attack,clean_target_ineffective,1,S0,0,23,1,1,1,1,0,0,0,0,0,1,0,1
21713,attack,off_target,3,S5,5,23,6,1,0,0,0,0,1,0,0,0,0,0
21714,attack,missed,0,S0,0,23,7,1,0,0,0,1,0,0,0,0,0,0
21715,attack,clean_target_ineffective,1,S0,0,23,0,1,1,1,0,0,0,0,0,1,0,1
21716,attack,missed,0,S0,0,23,1,1,0,0,0,1,0,0,0,0,0,0
21726,attack,missed,0,S0,0,23,0,1,0,0,0,1,0,0,0,0,0,0
21728,attack,clean_target_ineffective,1,S5,5,22,6,1,1,1,0,0,0,0,0,1,0,1
21732,attack,off_target,3,S0,0,22,7,1,0,0,0,0,1,0,0,0,0,0
21733,attack,off_target,3,S5,5,23,1,1,0,0,0,0,1,0,0,0,0,0
21736,attack,clean_target_effective,2,S0,0,22,3,1,1,0,1,0,0,0,0,0,1,2
21739,attack,clean_target_effective,2,S5,5,23,0,1,1,0,1,0,0,0,0,0,1,2
21743,attack,clean_target_ineffective,1,S5,5,23,2,1,1,1,0,0,0,0,0,1,0,1
21744,attack,multi_hit,4,S5,5,23,3,1,0,0,0,0,0,1,0,0,0,0
21749,attack,off_target,3,S0,0,23,5,1,0,0,0,0,1,0,0,0,0,0
21750,attack,clean_target_ineffective,1,S5,5,23,2,1,1,1,0,0,0,0,0,1,0,1
21751,attack,multi_hit,4,S0,0,22,7,1,0,0,0,0,0,1,0,0,0,0
21757,attack,off_target,3,S5,5,22,1,1,0,0,0,0,1,0,0,0,0,0
21760,attack,clean_target_effective,2,S5,5,23,4,1,1,0,1,0,0,0,0,0,1,2
21762,attack,clean_target_effective,2,S0,0,22,0,1,1,0,1,0,0,0,0,0,1,2
21765,attack,clean_target_effective,2,S0,0,23,0,1,1,0,1,0,0,0,0,0,1,2
21767,attack,invalid_reset,5,S5,5,23,1,0,0,0,0,0,0,0,1,0,0,0
21773,attack,clean_target_effective,2,S5,5,23,2,1,1,0,1,0,0,0,0,0,1,2
21774,attack,clean_target_ineffective,1,S0,0,22,6,1,1,1,0,0,0,0,0,1,0,1
21781,attack,clean_target_effective,2,S0,0,22,2,1,1,0,1,0,0,0,0,0,1,2
21787,attack,clean_target_ineffective,1,S5,5,23,2,1,1,1,0,0,0,0,0,1,0,1
21788,attack,off_target,3,S5,5,23,6,1,0,0,0,0,1,0,0,0,0,0
21792,attack,off_target,3,S0,0,22,0,1,0,0,0,0,1,0,0,0,0,0
21794,attack,off_target,3,S5,5,23,5,1,0,0,0,0,1,0,0,0,0,0
21797,attack,off_target,3,S5,5,23,4,1,0,0,0,0,1,0,0,0,0,0
21799,attack,missed,0,S0,0,22,7,1,0,0,0,1,0,0,0,0,0,0
21801,attack,invalid_reset,5,S0,0,23,2,0,0,0,0,0,0,0,1,0,0,0
21804,attack,clean_target_effective,2,S5,5,22,3,1,1,0,1,0,0,0,0,0,1,2
21809,attack,multi_hit,4,S0,0,22,4,1,0,0,0,0,0,1,0,0,0,0
21810,attack,multi_hit,4,S5,5,23,5,1,0,0,0,0,0,1,0,0,0,0
21814,attack,clean_target_effective,2,S5,5,22,2,1,1,0,1,0,0,0,0,0,1,2
21819,attack,missed,0,S5,5,23,3,1,0,0,0,1,0,0,0,0,0,0
21832,attack,missed,0,S0,0,22,6,1,0,0,0,1,0,0,0,0,0,0
21835,attack,missed,0,S0,0,22,0,1,0,0,0,1,0,0,0,0,0,0
21841,attack,missed,0,S5,5,22,5,1,0,0,0,1,0,0,0,0,0,0
21843,attack,missed,0,S0,0,23,1,1,0,0,0,1,0,0,0,0,0,0
21845,attack,clean_target_ineffective,1,S5,5,23,4,1,1,1,0,0,0,0,0,1,0,1
21846,attack,clean_target_ineffective,1,S0,0,23,5,1,1,1,0,0,0,0,0,1,0,1
21849,attack,off_target,3,S0,0,23,2,1,0,0,0,0,1,0,0,0,0,0
21852,attack,missed,0,S5,5,22,1,1,0,0,0,1,0,0,0,0,0,0
21856,attack,off_target,3,S5,5,22,0,1,0,0,0,0,1,0,0,0,0,0
21857,attack,missed,0,S5,5,22,1,1,0,0,0,1,0,0,0,0,0,0
21862,attack,multi_hit,4,S0,0,22,7,1,0,0,0,0,0,1,0,0,0,0
21870,attack,clean_target_ineffective,1,S0,0,22,2,1,1,1,0,0,0,0,0,1,0,1
21871,attack,clean_target_effective,2,S5,5,23,3,1,1,0,1,0,0,0,0,0,1,2
21874,attack,missed,0,S0,0,22,3,1,0,0,0,1,0,0,0,0,0,0
21880,attack,clean_target_effective,2,S5,5,22,2,1,1,0,1,0,0,0,0,0,1,2
21883,attack,clean_target_effective,2,S5,5,22,4,1,1,0,1,0,0,0,0,0,1,2
21884,attack,clean_target_effective,2,S5,5,23,6,1,1,0,1,0,0,0,0,0,1,2
21890,attack,clean_target_effective,2,S5,5,23,3,1,1,0,1,0,0,0,0,0,1,2
21891,attack,off_target,3,S5,5,23,6,1,0,0,0,0,1,0,0,0,0,0
21904,attack,missed,0,S5,5,23,0,1,0,0,0,1,0,0,0,0,0,0
21911,attack,off_target,3,S0,0,23,0,1,0,0,0,0,1,0,0,0,0,0
21912,attack,clean_target_ineffective,1,S5,5,22,0,1,1,1,0,0,0,0,0,1,0,1
21923,attack,missed,0,S5,5,22,6,1,0,0,0,1,0,0,0,0,0,0
21931,attack,clean_target_effective,2,S5,5,22,1,1,1,0,1,0,0,0,0,0,1,2
21939,attack,clean_target_effective,2,S0,0,23,0,1,1,0,1,0,0,0,0,0,1,2
21948,attack,multi_hit,4,S0,0,22,0,1,0,0,0,0,0,1,0,0,0,0
21951,attack,missed,0,S0,0,23,4,1,0,0,0,1,0,0,0,0,0,0
21953,attack,clean_target_ineffective,1,S5,5,22,0,1,1,1,0,0,0,0,0,1,0,1
21958,attack,missed,0,S5,5,23,0,1,0,0,0,1,0,0,0,0,0,0
21959,attack,clean_target_ineffective,1,S0,0,22,2,1,1,1,0,0,0,0,0,1,0,1
21967,attack,clean_target_ineffective,1,S0,0,22,4,1,1,1,0,0,0,0,0,1,0,1
21970,attack,missed,0,S0,0,22,3,1,0,0,0,1,0,0,0,0,0,0
21975,attack,off_target,3,S5,5,22,2,1,0,0,0,0,1,0,0,0,0,0
21979,attack,clean_target_ineffective,1,S5,5,22,2,1,1,1,0,0,0,0,0,1,0,1
21980,attack,clean_target_effective,2,S5,5,23,2,1,1,0,1,0,0,0,0,0,1,2
21992,attack,clean_target_ineffective,1,S5,5,22,2,1,1,1,0,0,0,0,0,1,0,1
21993,attack,clean_target_effective,2,S5,5,22,7,1,1,0,1,0,0,0,0,0,1,2
22004,attack,multi_hit,4,S5,5,23,0,1,0,0,0,0,0,1,0,0,0,0
22007,attack,off_target,3,S0,0,22,1,1,0,0,0,0,1,0,0,0,0,0
22011,attack,clean_target_effective,2,S0,0,22,0,1,1,0,1,0,0,0,0,0,1,2
22013,attack,missed,0,S5,5,23,5,1,0,0,0,1,0,0,0,0,0,0
22014,attack,clean_target_effective,2,S5,5,23,1,1,1,0,1,0,0,0,0,0,1,2
22020,attack,clean_target_effective,2,S0,0,23,3,1,1,0,1,0,0,0,0,0,1,2
22027,attack,multi_hit,4,S0,0,23,7,1,0,0,0,0,0,1,0,0,0,0
22028,attack,clean_target_effective,2,S0,0,22,0,1,1,0,1,0,0,0,0,0,1,2
22029,attack,clean_target_effective,2,S5,5,23,1,1,1,0,1,0,0,0,0,0,1,2
22036,attack,clean_target_effective,2,S5,5,23,7,1,1,0,1,0,0,0,0,0,1,2
22037,attack,invalid_reset,5,S0,0,23,0,0,0,0,0,0,0,0,1,0,0,0
22039,attack,off_target,3,S5,5,23,4,1,0,0,0,0,1,0,0,0,0,0
22041,attack,clean_target_effective,2,S0,0,23,5,1,1,0,1,0,0,0,0,0,1,2
22045,attack,missed,0,S5,5,23,7,1,0,0,0,1,0,0,0,0,0,0
22046,attack,clean_target_ineffective,1,S5,5,23,3,1,1,1,0,0,0,0,0,1,0,1
22065,attack,missed,0,S5,5,22,2,1,0,0,0,1,0,0,0,0,0,0
22071,attack,multi_hit,4,S0,0,23,5,1,0,0,0,0,0,1,0,0,0,0
22075,attack,clean_target_ineffective,1,S0,0,23,7,1,1,1,0,0,0,0,0,1,0,1
22077,attack,clean_target_ineffective,1,S0,0,23,0,1,1,1,0,0,0,0,0,1,0,1
22078,attack,clean_target_effective,2,S0,0,23,3,1,1,0,1,0,0,0,0,0,1,2
22079,attack,missed,0,S5,5,23,0,1,0,0,0,1,0,0,0,0,0,0
22082,attack,clean_target_effective,2,S0,0,23,4,1,1,0,1,0,0,0,0,0,1,2
22088,attack,clean_target_ineffective,1,S0,0,22,5,1,1,1,0,0,0,0,0,1,0,1
22090,attack,off_target,3,S5,5,23,0,1,0,0,0,0,1,0,0,0,0,0
22093,attack,invalid_reset,5,S0,0,23,2,0,0,0,0,0,0,0,1,0,0,0
22101,attack,missed,0,S0,0,22,4,1,0,0,0,1,0,0,0,0,0,0
22112,attack,clean_target_effective,2,S5,5,23,2,1,1,0,1,0,0,0,0,0,1,2
22113,attack,clean_target_effective,2,S0,0,22,4,1,1,0,1,0,0,0,0,0,1,2
22115,attack,clean_target_ineffective,1,S0,0,23,1,1,1,1,0,0,0,0,0,1,0,1
22116,attack,clean_target_effective,2,S5,5,22,7,1,1,0,1,0,0,0,0,0,1,2
22118,attack,missed,0,S5,5,22,0,1,0,0,0,1,0,0,0,0,0,0
22123,attack,off_target,3,S0,0,22,3,1,0,0,0,0,1,0,0,0,0,0
22125,attack,invalid_reset,5,S5,5,22,0,0,0,0,0,0,0,0,1,0,0,0
22126,attack,clean_target_ineffective,1,S5,5,22,6,1,1,1,0,0,0,0,0,1,0,1
22127,attack,off_target,3,S5,5,23,5,1,0,0,0,0,1,0,0,0,0,0
22131,attack,missed,0,S5,5,23,6,1,0,0,0,1,0,0,0,0,0,0
22132,attack,clean_target_ineffective,1,S0,0,22,5,1,1,1,0,0,0,0,0,1,0,1
22133,attack,off_target,3,S5,5,23,6,1,0,0,0,0,1,0,0,0,0,0
22139,attack,missed,0,S0,0,23,3,1,0,0,0,1,0,0,0,0,0,0
22140,attack,missed,0,S5,5,23,1,1,0,0,0,1,0,0,0,0,0,0
22142,attack,off_target,3,S5,5,22,0,1,0,0,0,0,1,0,0,0,0,0
22143,attack,missed,0,S0,0,23,1,1,0,0,0,1,0,0,0,0,0,0
22144,attack,clean_target_effective,2,S5,5,22,1,1,1,0,1,0,0,0,0,0,1,2
22146,attack,clean_target_ineffective,1,S0,0,22,4,1,1,1,0,0,0,0,0,1,0,1
22151,attack,missed,0,S5,5,22,6,1,0,0,0,1,0,0,0,0,0,0
22152,attack,clean_target_effective,2,S5,5,23,5,1,1,0,1,0,0,0,0,0,1,2
22157,attack,off_target,3,S0,0,23,7,1,0,0,0,0,1,0,0,0,0,0
22160,attack,multi_hit,4,S0,0,23,0,1,0,0,0,0,0,1,0,0,0,0
22161,attack,missed,0,S5,5,23,5,1,0,0,0,1,0,0,0,0,0,0
22173,attack,invalid_reset,5,S0,0,23,0,0,0,0,0,0,0,0,1,0,0,0
22176,attack,clean_target_ineffective,1,S5,5,22,2,1,1,1,0,0,0,0,0,1,0,1
22183,attack,off_target,3,S5,5,22,5,1,0,0,0,0,1,0,0,0,0,0
22185,attack,clean_target_effective,2,S5,5,22,1,1,1,0,1,0,0,0,0,0,1,2
22186,attack,clean_target_effective,2,S0,0,22,4,1,1,0,1,0,0,0,0,0,1,2
22187,attack,clean_target_effective,2,S0,0,22,1,1,1,0,1,0,0,0,0,0,1,2
22189,attack,clean_target_ineffective,1,S5,5,23,4,1,1,1,0,0,0,0,0,1,0,1
22191,attack,clean_target_effective,2,S0,0,22,4,1,1,0,1,0,0,0,0,0,1,2
22192,attack,off_target,3,S0,0,22,0,1,0,0,0,0,1,0,0,0,0,0
22197,attack,clean_target_ineffective,1,S5,5,23,2,1,1,1,0,0,0,0,0,1,0,1
22198,attack,off_target,3,S5,5,22,0,1,0,0,0,0,1,0,0,0,0,0
22207,attack,multi_hit,4,S0,0,22,4,1,0,0,0,0,0,1,0,0,0,0
22208,attack,missed,0,S5,5,22,3,1,0,0,0,1,0,0,0,0,0,0
22210,attack,off_target,3,S5,5,23,3,1,0,0,0,0,1,0,0,0,0,0
22214,attack,clean_target_ineffective,1,S5,5,23,0,1,1,1,0,0,0,0,0,1,0,1
22215,attack,missed,0,S5,5,23,0,1,0,0,0,1,0,0,0,0,0,0
22218,attack,missed,0,S5,5,22,1,1,0,0,0,1,0,0,0,0,0,0
22225,attack,missed,0,S5,5,23,1,1,0,0,0,1,0,0,0,0,0,0
22236,attack,clean_target_effective,2,S0,0,23,0,1,1,0,1,0,0,0,0,0,1,2
22243,attack,multi_hit,4,S5,5,22,2,1,0,0,0,0,0,1,0,0,0,0
22259,attack,off_target,3,S5,5,22,1,1,0,0,0,0,1,0,0,0,0,0
22263,attack,missed,0,S5,5,23,4,1,0,0,0,1,0,0,0,0,0,0
22268,attack,clean_target_effective,2,S5,5,22,6,1,1,0,1,0,0,0,0,0,1,2
22273,attack,clean_target_effective,2,S5,5,22,3,1,1,0,1,0,0,0,0,0,1,2
22275,attack,off_target,3,S0,0,23,1,1,0,0,0,0,1,0,0,0,0,0
22276,attack,off_target,3,S0,0,23,4,1,0,0,0,0,1,0,0,0,0,0
22279,attack,missed,0,S5,5,23,6,1,0,0,0,1,0,0,0,0,0,0
22281,attack,clean_target_ineffective,1,S0,0,23,1,1,1,1,0,0,0,0,0,1,0,1
22282,attack,clean_target_effective,2,S5,5,22,6,1,1,0,1,0,0,0,0,0,1,2
22285,attack,clean_target_effective,2,S0,0,23,7,1,1,0,1,0,0,0,0,0,1,2
22286,attack,clean_target_ineffective,1,S0,0,22,3,1,1,1,0,0,0,0,0,1,0,1
22289,attack,invalid_reset,5,S0,0,22,5,0,0,0,0,0,0,0,1,0,0,0
22291,attack,clean_target_effective,2,S0,0,22,1,1,1,0,1,0,0,0,0,0,1,2
22292,attack,clean_target_ineffective,1,S5,5,23,1,1,1,1,0,0,0,0,0,1,0,1
22298,attack,clean_target_effective,2,S5,5,22,3,1,1,0,1,0,0,0,0,0,1,2
22300,attack,clean_target_ineffective,1,S0,0,23,7,1,1,1,0,0,0,0,0,1,0,1
22303,attack,off_target,3,S5,5,22,6,1,0,0,0,0,1,0,0,0,0,0
22306,attack,clean_target_effective,2,S0,0,23,2,1,1,0,1,0,0,0,0,0,1,2
22307,attack,missed,0,S0,0,23,7,1,0,0,0,1,0,0,0,0,0,0
22318,attack,off_target,3,S0,0,23,5,1,0,0,0,0,1,0,0,0,0,0
22325,attack,multi_hit,4,S0,0,23,1,1,0,0,0,0,0,1,0,0,0,0
22326,attack,multi_hit,4,S5,5,22,4,1,0,0,0,0,0,1,0,0,0,0
22334,attack,multi_hit,4,S5,5,23,2,1,0,0,0,0,0,1,0,0,0,0
22340,attack,clean_target_effective,2,S0,0,22,3,1,1,0,1,0,0,0,0,0,1,2
22348,attack,clean_target_effective,2,S5,5,23,7,1,1,0,1,0,0,0,0,0,1,2
22349,attack,clean_target_ineffective,1,S0,0,22,2,1,1,1,0,0,0,0,0,1,0,1
22351,attack,clean_target_effective,2,S0,0,23,6,1,1,0,1,0,0,0,0,0,1,2
22362,attack,off_target,3,S5,5,22,5,1,0,0,0,0,1,0,0,0,0,0
22363,attack,missed,0,S0,0,22,7,1,0,0,0,1,0,0,0,0,0,0
22367,attack,clean_target_effective,2,S0,0,22,2,1,1,0,1,0,0,0,0,0,1,2
22369,attack,missed,0,S0,0,23,4,1,0,0,0,1,0,0,0,0,0,0
22371,attack,clean_target_effective,2,S5,5,23,4,1,1,0,1,0,0,0,0,0,1,2
22373,attack,clean_target_ineffective,1,S0,0,23,1,1,1,1,0,0,0,0,0,1,0,1
22377,attack,off_target,3,S5,5,22,1,1,0,0,0,0,1,0,0,0,0,0
22383,attack,missed,0,S0,0,22,5,1,0,0,0,1,0,0,0,0,0,0
22384,attack,multi_hit,4,S0,0,23,5,1,0,0,0,0,0,1,0,0,0,0
22388,attack,multi_hit,4,S5,5,23,3,1,0,0,0,0,0,1,0,0,0,0
22390,attack,clean_target_effective,2,S0,0,23,2,1,1,0,1,0,0,0,0,0,1,2
22396,attack,clean_target_ineffective,1,S0,0,23,0,1,1,1,0,0,0,0,0,1,0,1
22398,attack,off_target,3,S5,5,23,7,1,0,0,0,0,1,0,0,0,0,0
22399,attack,multi_hit,4,S5,5,23,1,1,0,0,0,0,0,1,0,0,0,0
22405,attack,off_target,3,S5,5,22,1,1,0,0,0,0,1,0,0,0,0,0
22407,attack,missed,0,S0,0,22,3,1,0,0,0,1,0,0,0,0,0,0
22409,attack,multi_hit,4,S5,5,23,2,1,0,0,0,0,0,1,0,0,0,0
22418,attack,off_target,3,S5,5,23,4,1,0,0,0,0,1,0,0,0,0,0
22420,attack,missed,0,S0,0,22,4,1,0,0,0,1,0,0,0,0,0,0
22421,attack,off_target,3,S0,0,22,4,1,0,0,0,0,1,0,0,0,0,0
22426,attack,clean_target_effective,2,S0,0,22,7,1,1,0,1,0,0,0,0,0,1,2
22428,attack,off_target,3,S5,5,22,5,1,0,0,0,0,1,0,0,0,0,0
22429,attack,missed,0,S0,0,22,7,1,0,0,0,1,0,0,0,0,0,0
22432,attack,clean_target_ineffective,1,S5,5,22,3,1,1,1,0,0,0,0,0,1,0,1
22437,attack,clean_target_effective,2,S0,0,23,6,1,1,0,1,0,0,0,0,0,1,2
22438,attack,invalid_reset,5,S0,0,23,5,0,0,0,0,0,0,0,1,0,0,0
22439,attack,clean_target_ineffective,1,S5,5,23,5,1,1,1,0,0,0,0,0,1,0,1
22444,attack,clean_target_effective,2,S5,5,23,5,1,1,0,1,0,0,0,0,0,1,2
22460,attack,invalid_reset,5,S5,5,22,5,0,0,0,0,0,0,0,1,0,0,0
22461,attack,clean_target_effective,2,S0,0,22,7,1,1,0,1,0,0,0,0,0,1,2
22462,attack,missed,0,S0,0,23,7,1,0,0,0,1,0,0,0,0,0,0
22467,attack,multi_hit,4,S5,5,23,6,1,0,0,0,0,0,1,0,0,0,0
22468,attack,multi_hit,4,S0,0,23,5,1,0,0,0,0,0,1,0,0,0,0
22475,attack,off_target,3,S5,5,23,0,1,0,0,0,0,1,0,0,0,0,0
22477,attack,clean_target_effective,2,S0,0,23,0,1,1,0,1,0,0,0,0,0,1,2
22481,attack,clean_target_ineffective,1,S0,0,23,6,1,1,1,0,0,0,0,0,1,0,1
22484,attack,clean_target_ineffective,1,S0,0,22,4,1,1,1,0,0,0,0,0,1,0,1
22488,attack,missed,0,S5,5,23,3,1,0,0,0,1,0,0,0,0,0,0
22490,attack,off_target,3,S5,5,23,7,1,0,0,0,0,1,0,0,0,0,0
22499,attack,missed,0,S5,5,22,6,1,0,0,0,1,0,0,0,0,0,0
22504,attack,clean_target_ineffective,1,S5,5,23,7,1,1,1,0,0,0,0,0,1,0,1
22505,attack,invalid_reset,5,S0,0,22,4,0,0,0,0,0,0,0,1,0,0,0
22507,attack,clean_target_ineffective,1,S5,5,23,7,1,1,1,0,0,0,0,0,1,0,1
22508,attack,multi_hit,4,S0,0,22,1,1,0,0,0,0,0,1,0,0,0,0
22509,attack,off_target,3,S0,0,23,2,1,0,0,0,0,1,0,0,0,0,0
22510,attack,clean_target_ineffective,1,S0,0,22,4,1,1,1,0,0,0,0,0,1,0,1
22512,attack,missed,0,S5,5,23,3,1,0,0,0,1,0,0,0,0,0,0
22521,attack,multi_hit,4,S5,5,23,5,1,0,0,0,0,0,1,0,0,0,0
22523,attack,invalid_reset,5,S0,0,22,2,0,0,0,0,0,0,0,1,0,0,0
22526,attack,missed,0,S5,5,22,3,1,0,0,0,1,0,0,0,0,0,0
22529,attack,clean_target_effective,2,S5,5,23,6,1,1,0,1,0,0,0,0,0,1,2
22532,attack,invalid_reset,5,S5,5,22,5,0,0,0,0,0,0,0,1,0,0,0
22536,attack,clean_target_effective,2,S5,5,22,7,1,1,0,1,0,0,0,0,0,1,2
22537,attack,missed,0,S0,0,23,3,1,0,0,0,1,0,0,0,0,0,0
22540,attack,clean_target_effective,2,S0,0,22,5,1,1,0,1,0,0,0,0,0,1,2
22541,attack,multi_hit,4,S5,5,22,0,1,0,0,0,0,0,1,0,0,0,0
22542,attack,clean_target_effective,2,S5,5,23,4,1,1,0,1,0,0,0,0,0,1,2
22544,attack,missed,0,S0,0,23,0,1,0,0,0,1,0,0,0,0,0,0
22545,attack,missed,0,S0,0,22,5,1,0,0,0,1,0,0,0,0,0,0
22546,attack,clean_target_ineffective,1,S5,5,23,4,1,1,1,0,0,0,0,0,1,0,1
22547,attack,multi_hit,4,S0,0,23,7,1,0,0,0,0,0,1,0,0,0,0
22550,attack,invalid_reset,5,S0,0,23,2,0,0,0,0,0,0,0,1,0,0,0
22551,attack,clean_target_effective,2,S0,0,22,3,1,1,0,1,0,0,0,0,0,1,2
22554,attack,clean_target_effective,2,S5,5,23,1,1,1,0,1,0,0,0,0,0,1,2
22558,attack,off_target,3,S0,0,23,2,1,0,0,0,0,1,0,0,0,0,0
22562,attack,clean_target_ineffective,1,S0,0,22,3,1,1,1,0,0,0,0,0,1,0,1
22570,attack,missed,0,S0,0,22,6,1,0,0,0,1,0,0,0,0,0,0
22571,attack,clean_target_effective,2,S5,5,23,0,1,1,0,1,0,0,0,0,0,1,2
22572,attack,off_target,3,S5,5,23,2,1,0,0,0,0,1,0,0,0,0,0
22573,attack,clean_target_effective,2,S0,0,22,7,1,1,0,1,0,0,0,0,0,1,2
22577,attack,missed,0,S5,5,23,7,1,0,0,0,1,0,0,0,0,0,0
22584,attack,missed,0,S0,0,23,1,1,0,0,0,1,0,0,0,0,0,0
22588,attack,off_target,3,S0,0,23,0,1,0,0,0,0,1,0,0,0,0,0
22591,attack,missed,0,S0,0,23,1,1,0,0,0,1,0,0,0,0,0,0
22592,attack,clean_target_effective,2,S5,5,22,3,1,1,0,1,0,0,0,0,0,1,2
22595,attack,missed,0,S5,5,23,3,1,0,0,0,1,0,0,0,0,0,0
22597,attack,missed,0,S0,0,23,6,1,0,0,0,1,0,0,0,0,0,0
22599,attack,missed,0,S0,0,22,3,1,0,0,0,1,0,0,0,0,0,0
22602,attack,clean_target_effective,2,S5,5,22,5,1,1,0,1,0,0,0,0,0,1,2
22606,attack,clean_target_effective,2,S5,5,22,3,1,1,0,1,0,0,0,0,0,1,2
22607,attack,multi_hit,4,S5,5,23,3,1,0,0,0,0,0,1,0,0,0,0
22608,attack,clean_target_effective,2,S0,0,22,3,1,1,0,1,0,0,0,0,0,1,2
22610,attack,missed,0,S0,0,23,4,1,0,0,0,1,0,0,0,0,0,0
22616,attack,clean_target_effective,2,S0,0,22,5,1,1,0,1,0,0,0,0,0,1,2
22617,attack,clean_target_ineffective,1,S5,5,23,2,1,1,1,0,0,0,0,0,1,0,1
22618,attack,off_target,3,S0,0,23,6,1,0,0,0,0,1,0,0,0,0,0
22626,attack,missed,0,S0,0,23,6,1,0,0,0,1,0,0,0,0,0,0
22629,attack,multi_hit,4,S5,5,23,1,1,0,0,0,0,0,1,0,0,0,0
22632,attack,clean_target_effective,2,S0,0,23,4,1,1,0,1,0,0,0,0,0,1,2
22635,attack,clean_target_ineffective,1,S0,0,23,7,1,1,1,0,0,0,0,0,1,0,1
22654,attack,invalid_reset,5,S0,0,23,0,0,0,0,0,0,0,0,1,0,0,0
22664,attack,missed,0,S5,5,22,7,1,0,0,0,1,0,0,0,0,0,0
22677,attack,clean_target_effective,2,S5,5,22,3,1,1,0,1,0,0,0,0,0,1,2
22678,attack,off_target,3,S0,0,22,2,1,0,0,0,0,1,0,0,0,0,0
22686,attack,clean_target_effective,2,S5,5,23,7,1,1,0,1,0,0,0,0,0,1,2
22690,attack,multi_hit,4,S0,0,23,3,1,0,0,0,0,0,1,0,0,0,0
22692,attack,multi_hit,4,S0,0,22,4,1,0,0,0,0,0,1,0,0,0,0
22695,attack,multi_hit,4,S0,0,22,2,1,0,0,0,0,0,1,0,0,0,0
22696,attack,clean_target_ineffective,1,S5,5,23,4,1,1,1,0,0,0,0,0,1,0,1
22699,attack,invalid_reset,5,S0,0,23,7,0,0,0,0,0,0,0,1,0,0,0
22701,attack,clean_target_ineffective,1,S0,0,22,7,1,1,1,0,0,0,0,0,1,0,1
22706,attack,missed,0,S5,5,22,3,1,0,0,0,1,0,0,0,0,0,0
22714,attack,clean_target_effective,2,S0,0,22,4,1,1,0,1,0,0,0,0,0,1,2
22717,attack,clean_target_effective,2,S5,5,23,1,1,1,0,1,0,0,0,0,0,1,2
22719,attack,off_target,3,S0,0,22,7,1,0,0,0,0,1,0,0,0,0,0
22722,attack,clean_target_effective,2,S5,5,22,5,1,1,0,1,0,0,0,0,0,1,2
22729,attack,clean_target_effective,2,S5,5,22,2,1,1,0,1,0,0,0,0,0,1,2
22731,attack,missed,0,S5,5,22,0,1,0,0,0,1,0,0,0,0,0,0
22735,attack,clean_target_ineffective,1,S0,0,23,1,1,1,1,0,0,0,0,0,1,0,1
22736,attack,off_target,3,S0,0,22,5,1,0,0,0,0,1,0,0,0,0,0
22737,attack,off_target,3,S5,5,22,6,1,0,0,0,0,1,0,0,0,0,0
22739,attack,clean_target_effective,2,S5,5,22,5,1,1,0,1,0,0,0,0,0,1,2
22742,attack,off_target,3,S0,0,22,2,1,0,0,0,0,1,0,0,0,0,0
22748,attack,clean_target_ineffective,1,S5,5,23,4,1,1,1,0,0,0,0,0,1,0,1
22751,attack,missed,0,S5,5,23,6,1,0,0,0,1,0,0,0,0,0,0
22761,attack,missed,0,S5,5,22,1,1,0,0,0,1,0,0,0,0,0,0
22765,attack,multi_hit,4,S0,0,23,6,1,0,0,0,0,0,1,0,0,0,0
22771,attack,missed,0,S0,0,23,6,1,0,0,0,1,0,0,0,0,0,0
22779,attack,clean_target_effective,2,S0,0,23,1,1,1,0,1,0,0,0,0,0,1,2
22784,attack,invalid_reset,5,S5,5,23,1,0,0,0,0,0,0,0,1,0,0,0
22791,attack,clean_target_effective,2,S0,0,22,3,1,1,0,1,0,0,0,0,0,1,2
22792,attack,off_target,3,S5,5,23,0,1,0,0,0,0,1,0,0,0,0,0
22794,attack,missed,0,S0,0,23,2,1,0,0,0,1,0,0,0,0,0,0
22796,attack,missed,0,S0,0,23,0,1,0,0,0,1,0,0,0,0,0,0
22797,attack,clean_target_ineffective,1,S0,0,22,2,1,1,1,0,0,0,0,0,1,0,1
22802,attack,clean_target_effective,2,S0,0,22,0,1,1,0,1,0,0,0,0,0,1,2
22803,attack,missed,0,S5,5,23,5,1,0,0,0,1,0,0,0,0,0,0
22805,attack,missed,0,S0,0,23,0,1,0,0,0,1,0,0,0,0,0,0
22811,attack,clean_target_effective,2,S5,5,23,5,1,1,0,1,0,0,0,0,0,1,2
22814,attack,clean_target_ineffective,1,S5,5,23,4,1,1,1,0,0,0,0,0,1,0,1
22816,attack,clean_target_ineffective,1,S0,0,23,0,1,1,1,0,0,0,0,0,1,0,1
22821,attack,clean_target_effective,2,S0,0,23,5,1,1,0,1,0,0,0,0,0,1,2
22828,attack,missed,0,S0,0,22,6,1,0,0,0,1,0,0,0,0,0,0
22831,attack,off_target,3,S5,5,22,0,1,0,0,0,0,1,0,0,0,0,0
22843,attack,missed,0,S5,5,23,0,1,0,0,0,1,0,0,0,0,0,0
22849,attack,clean_target_effective,2,S0,0,22,4,1,1,0,1,0,0,0,0,0,1,2
22851,attack,multi_hit,4,S0,0,23,6,1,0,0,0,0,0,1,0,0,0,0
22855,attack,multi_hit,4,S0,0,23,0,1,0,0,0,0,0,1,0,0,0,0
22859,attack,clean_target_ineffective,1,S0,0,23,4,1,1,1,0,0,0,0,0,1,0,1
22862,attack,multi_hit,4,S5,5,22,0,1,0,0,0,0,0,1,0,0,0,0
22864,attack,off_target,3,S5,5,22,2,1,0,0,0,0,1,0,0,0,0,0
22866,attack,missed,0,S0,0,22,0,1,0,0,0,1,0,0,0,0,0,0
22867,attack,clean_target_effective,2,S0,0,22,7,1,1,0,1,0,0,0,0,0,1,2
22869,attack,multi_hit,4,S0,0,22,3,1,0,0,0,0,0,1,0,0,0,0
22872,attack,clean_target_effective,2,S5,5,23,3,1,1,0,1,0,0,0,0,0,1,2
22883,attack,missed,0,S0,0,22,6,1,0,0,0,1,0,0,0,0,0,0
22884,attack,clean_target_effective,2,S5,5,22,3,1,1,0,1,0,0,0,0,0,1,2
22885,attack,invalid_reset,5,S0,0,22,0,0,0,0,0,0,0,0,1,0,0,0
22886,attack,clean_target_effective,2,S0,0,22,4,1,1,0,1,0,0,0,0,0,1,2
22889,attack,clean_target_effective,2,S5,5,23,0,1,1,0,1,0,0,0,0,0,1,2
22904,attack,missed,0,S0,0,22,6,1,0,0,0,1,0,0,0,0,0,0
22910,attack,clean_target_effective,2,S0,0,23,5,1,1,0,1,0,0,0,0,0,1,2
22912,attack,clean_target_effective,2,S5,5,22,2,1,1,0,1,0,0,0,0,0,1,2
22921,attack,missed,0,S0,0,23,4,1,0,0,0,1,0,0,0,0,0,0
22929,attack,clean_target_effective,2,S5,5,23,0,1,1,0,1,0,0,0,0,0,1,2
22939,attack,missed,0,S5,5,23,1,1,0,0,0,1,0,0,0,0,0,0
22948,attack,missed,0,S5,5,23,4,1,0,0,0,1,0,0,0,0,0,0
22951,attack,off_target,3,S0,0,22,7,1,0,0,0,0,1,0,0,0,0,0
22952,attack,off_target,3,S5,5,23,1,1,0,0,0,0,1,0,0,0,0,0
22956,attack,missed,0,S0,0,22,7,1,0,0,0,1,0,0,0,0,0,0
22960,attack,missed,0,S5,5,23,5,1,0,0,0,1,0,0,0,0,0,0
22965,attack,off_target,3,S5,5,23,0,1,0,0,0,0,1,0,0,0,0,0
22967,attack,clean_target_ineffective,1,S5,5,22,3,1,1,1,0,0,0,0,0,1,0,1
22982,attack,clean_target_effective,2,S5,5,22,7,1,1,0,1,0,0,0,0,0,1,2
22989,attack,clean_target_ineffective,1,S5,5,22,5,1,1,1,0,0,0,0,0,1,0,1
22990,attack,missed,0,S0,0,23,0,1,0,0,0,1,0,0,0,0,0,0
22991,attack,invalid_reset,5,S5,5,23,6,0,0,0,0,0,0,0,1,0,0,0
22992,attack,clean_target_ineffective,1,S0,0,23,4,1,1,1,0,0,0,0,0,1,0,1
22996,attack,off_target,3,S5,5,23,7,1,0,0,0,0,1,0,0,0,0,0
23002,attack,clean_target_ineffective,1,S0,0,22,0,1,1,1,0,0,0,0,0,1,0,1
23010,attack,missed,0,S5,5,23,2,1,0,0,0,1,0,0,0,0,0,0
23016,attack,clean_target_effective,2,S0,0,23,2,1,1,0,1,0,0,0,0,0,1,2
23025,attack,off_target,3,S0,0,23,2,1,0,0,0,0,1,0,0,0,0,0
23028,attack,off_target,3,S0,0,22,6,1,0,0,0,0,1,0,0,0,0,0
23033,attack,off_target,3,S5,5,23,2,1,0,0,0,0,1,0,0,0,0,0
23034,attack,multi_hit,4,S5,5,23,5,1,0,0,0,0,0,1,0,0,0,0
23037,attack,off_target,3,S5,5,22,7,1,0,0,0,0,1,0,0,0,0,0
23038,attack,multi_hit,4,S0,0,22,5,1,0,0,0,0,0,1,0,0,0,0
23040,attack,missed,0,S5,5,22,3,1,0,0,0,1,0,0,0,0,0,0
23041,attack,invalid_reset,5,S0,0,22,6,0,0,0,0,0,0,0,1,0,0,0
23043,attack,missed,0,S5,5,23,3,1,0,0,0,1,0,0,0,0,0,0
23047,attack,clean_target_effective,2,S0,0,23,4,1,1,0,1,0,0,0,0,0,1,2
23049,attack,clean_target_effective,2,S0,0,22,4,1,1,0,1,0,0,0,0,0,1,2
23057,attack,invalid_reset,5,S5,5,23,6,0,0,0,0,0,0,0,1,0,0,0
23066,attack,multi_hit,4,S5,5,23,4,1,0,0,0,0,0,1,0,0,0,0
23069,attack,clean_target_effective,2,S0,0,23,4,1,1,0,1,0,0,0,0,0,1,2
23071,attack,clean_target_effective,2,S5,5,23,2,1,1,0,1,0,0,0,0,0,1,2
23072,attack,multi_hit,4,S0,0,22,7,1,0,0,0,0,0,1,0,0,0,0
23075,attack,invalid_reset,5,S5,5,22,4,0,0,0,0,0,0,0,1,0,0,0
23079,attack,clean_target_effective,2,S0,0,22,2,1,1,0,1,0,0,0,0,0,1,2
23083,attack,clean_target_effective,2,S0,0,22,3,1,1,0,1,0,0,0,0,0,1,2
23084,attack,clean_target_effective,2,S0,0,22,6,1,1,0,1,0,0,0,0,0,1,2
23086,attack,missed,0,S5,5,23,7,1,0,0,0,1,0,0,0,0,0,0
23097,attack,off_target,3,S5,5,22,7,1,0,0,0,0,1,0,0,0,0,0
23104,attack,clean_target_effective,2,S5,5,23,5,1,1,0,1,0,0,0,0,0,1,2
23106,attack,missed,0,S0,0,22,4,1,0,0,0,1,0,0,0,0,0,0
23108,attack,missed,0,S0,0,22,3,1,0,0,0,1,0,0,0,0,0,0
23114,attack,missed,0,S0,0,23,0,1,0,0,0,1,0,0,0,0,0,0
23126,attack,off_target,3,S5,5,22,3,1,0,0,0,0,1,0,0,0,0,0
23129,attack,off_target,3,S0,0,22,5,1,0,0,0,0,1,0,0,0,0,0
23137,attack,off_target,3,S0,0,23,0,1,0,0,0,0,1,0,0,0,0,0
23138,attack,clean_target_effective,2,S0,0,23,4,1,1,0,1,0,0,0,0,0,1,2
23141,attack,missed,0,S0,0,22,5,1,0,0,0,1,0,0,0,0,0,0
23143,attack,invalid_reset,5,S0,0,23,7,0,0,0,0,0,0,0,1,0,0,0
23145,attack,clean_target_ineffective,1,S5,5,23,6,1,1,1,0,0,0,0,0,1,0,1
23158,attack,clean_target_effective,2,S5,5,22,6,1,1,0,1,0,0,0,0,0,1,2
23162,attack,multi_hit,4,S5,5,22,1,1,0,0,0,0,0,1,0,0,0,0
23164,attack,missed,0,S0,0,23,5,1,0,0,0,1,0,0,0,0,0,0
23168,attack,clean_target_effective,2,S0,0,23,4,1,1,0,1,0,0,0,0,0,1,2
23171,attack,clean_target_effective,2,S0,0,23,3,1,1,0,1,0,0,0,0,0,1,2
23186,attack,off_target,3,S0,0,23,4,1,0,0,0,0,1,0,0,0,0,0
23187,attack,clean_target_effective,2,S0,0,23,1,1,1,0,1,0,0,0,0,0,1,2
23188,attack,missed,0,S0,0,22,4,1,0,0,0,1,0,0,0,0,0,0
23189,attack,off_target,3,S5,5,22,1,1,0,0,0,0,1,0,0,0,0,0
23194,attack,clean_target_effective,2,S5,5,23,7,1,1,0,1,0,0,0,0,0,1,2
23197,attack,off_target,3,S0,0,22,0,1,0,0,0,0,1,0,0,0,0,0
23206,attack,missed,0,S0,0,23,7,1,0,0,0,1,0,0,0,0,0,0
23208,attack,multi_hit,4,S0,0,22,2,1,0,0,0,0,0,1,0,0,0,0
23210,attack,missed,0,S5,5,23,3,1,0,0,0,1,0,0,0,0,0,0
23211,attack,off_target,3,S0,0,23,0,1,0,0,0,0,1,0,0,0,0,0
23212,attack,invalid_reset,5,S0,0,23,5,0,0,0,0,0,0,0,1,0,0,0
23216,attack,missed,0,S0,0,23,4,1,0,0,0,1,0,0,0,0,0,0
23221,attack,missed,0,S5,5,22,2,1,0,0,0,1,0,0,0,0,0,0
23228,attack,clean_target_ineffective,1,S0,0,22,5,1,1,1,0,0,0,0,0,1,0,1
23229,attack,off_target,3,S0,0,22,2,1,0,0,0,0,1,0,0,0,0,0
23230,attack,multi_hit,4,S0,0,23,4,1,0,0,0,0,0,1,0,0,0,0
23238,attack,off_target,3,S5,5,23,0,1,0,0,0,0,1,0,0,0,0,0
23242,attack,off_target,3,S5,5,23,2,1,0,0,0,0,1,0,0,0,0,0
23244,attack,clean_target_effective,2,S0,0,22,0,1,1,0,1,0,0,0,0,0,1,2
23249,attack,invalid_reset,5,S0,0,23,3,0,0,0,0,0,0,0,1,0,0,0
23256,attack,missed,0,S5,5,22,0,1,0,0,0,1,0,0,0,0,0,0
23261,attack,missed,0,S5,5,23,4,1,0,0,0,1,0,0,0,0,0,0
23264,attack,off_target,3,S5,5,23,4,1,0,0,0,0,1,0,0,0,0,0
23265,attack,clean_target_ineffective,1,S5,5,23,2,1,1,1,0,0,0,0,0,1,0,1
23266,attack,missed,0,S5,5,22,5,1,0,0,0,1,0,0,0,0,0,0
23268,attack,off_target,3,S0,0,22,4,1,0,0,0,0,1,0,0,0,0,0
23269,attack,clean_target_effective,2,S5,5,22,4,1,1,0,1,0,0,0,0,0,1,2
23270,attack,off_target,3,S5,5,22,0,1,0,0,0,0,1,0,0,0,0,0
23271,attack,clean_target_ineffective,1,S5,5,22,2,1,1,1,0,0,0,0,0,1,0,1
23272,attack,clean_target_ineffective,1,S0,0,22,6,1,1,1,0,0,0,0,0,1,0,1
23274,attack,clean_target_effective,2,S5,5,22,4,1,1,0,1,0,0,0,0,0,1,2
23275,attack,clean_target_effective,2,S0,0,22,2,1,1,0,1,0,0,0,0,0,1,2
23281,attack,missed,0,S0,0,22,6,1,0,0,0,1,0,0,0,0,0,0
23289,attack,multi_hit,4,S0,0,23,1,1,0,0,0,0,0,1,0,0,0,0
23295,attack,missed,0,S5,5,23,5,1,0,0,0,1,0,0,0,0,0,0
23297,attack,off_target,3,S0,0,22,5,1,0,0,0,0,1,0,0,0,0,0
23301,attack,clean_target_effective,2,S5,5,22,0,1,1,0,1,0,0,0,0,0,1,2
23302,attack,missed,0,S0,0,22,0,1,0,0,0,1,0,0,0,0,0,0
23315,attack,multi_hit,4,S0,0,23,6,1,0,0,0,0,0,1,0,0,0,0
23328,attack,clean_target_effective,2,S0,0,22,1,1,1,0,1,0,0,0,0,0,1,2
23329,attack,invalid_reset,5,S5,5,23,0,0,0,0,0,0,0,0,1,0,0,0
23330,attack,multi_hit,4,S5,5,23,6,1,0,0,0,0,0,1,0,0,0,0
23331,attack,clean_target_effective,2,S5,5,22,6,1,1,0,1,0,0,0,0,0,1,2
23334,attack,off_target,3,S0,0,22,0,1,0,0,0,0,1,0,0,0,0,0
23343,attack,multi_hit,4,S5,5,23,5,1,0,0,0,0,0,1,0,0,0,0
23345,attack,missed,0,S0,0,22,7,1,0,0,0,1,0,0,0,0,0,0
23347,attack,clean_target_effective,2,S0,0,22,2,1,1,0,1,0,0,0,0,0,1,2
23350,attack,missed,0,S0,0,22,2,1,0,0,0,1,0,0,0,0,0,0
23351,attack,clean_target_effective,2,S0,0,23,2,1,1,0,1,0,0,0,0,0,1,2
23355,attack,invalid_reset,5,S5,5,23,5,0,0,0,0,0,0,0,1,0,0,0
23358,attack,missed,0,S0,0,22,7,1,0,0,0,1,0,0,0,0,0,0
23363,attack,missed,0,S5,5,22,7,1,0,0,0,1,0,0,0,0,0,0
23367,attack,multi_hit,4,S5,5,22,7,1,0,0,0,0,0,1,0,0,0,0
23368,attack,off_target,3,S5,5,22,1,1,0,0,0,0,1,0,0,0,0,0
23376,attack,missed,0,S0,0,23,0,1,0,0,0,1,0,0,0,0,0,0
23382,attack,invalid_reset,5,S5,5,22,1,0,0,0,0,0,0,0,1,0,0,0
23384,attack,off_target,3,S5,5,22,1,1,0,0,0,0,1,0,0,0,0,0
23385,attack,clean_target_effective,2,S5,5,22,5,1,1,0,1,0,0,0,0,0,1,2
23387,attack,off_target,3,S0,0,22,5,1,0,0,0,0,1,0,0,0,0,0
23402,attack,clean_target_effective,2,S0,0,22,4,1,1,0,1,0,0,0,0,0,1,2
23403,attack,clean_target_effective,2,S0,0,22,3,1,1,0,1,0,0,0,0,0,1,2
23414,attack,clean_target_effective,2,S0,0,23,3,1,1,0,1,0,0,0,0,0,1,2
23416,attack,missed,0,S0,0,23,6,1,0,0,0,1,0,0,0,0,0,0
23423,attack,clean_target_effective,2,S0,0,22,6,1,1,0,1,0,0,0,0,0,1,2
23424,attack,multi_hit,4,S5,5,22,2,1,0,0,0,0,0,1,0,0,0,0
23427,attack,clean_target_effective,2,S0,0,22,6,1,1,0,1,0,0,0,0,0,1,2
23428,attack,off_target,3,S0,0,23,2,1,0,0,0,0,1,0,0,0,0,0
23431,attack,missed,0,S0,0,22,2,1,0,0,0,1,0,0,0,0,0,0
23432,attack,missed,0,S5,5,23,1,1,0,0,0,1,0,0,0,0,0,0
23440,attack,clean_target_effective,2,S0,0,23,4,1,1,0,1,0,0,0,0,0,1,2
23441,attack,clean_target_effective,2,S5,5,22,7,1,1,0,1,0,0,0,0,0,1,2
23444,attack,off_target,3,S0,0,22,2,1,0,0,0,0,1,0,0,0,0,0
23453,attack,multi_hit,4,S5,5,22,3,1,0,0,0,0,0,1,0,0,0,0
23456,attack,missed,0,S0,0,23,4,1,0,0,0,1,0,0,0,0,0,0
23457,attack,off_target,3,S5,5,23,4,1,0,0,0,0,1,0,0,0,0,0
23469,attack,off_target,3,S5,5,23,7,1,0,0,0,0,1,0,0,0,0,0
23471,attack,off_target,3,S0,0,22,6,1,0,0,0,0,1,0,0,0,0,0
23472,attack,clean_target_effective,2,S5,5,23,3,1,1,0,1,0,0,0,0,0,1,2
23476,attack,multi_hit,4,S5,5,22,6,1,0,0,0,0,0,1,0,0,0,0
23488,attack,off_target,3,S0,0,22,3,1,0,0,0,0,1,0,0,0,0,0
23489,attack,clean_target_effective,2,S0,0,22,6,1,1,0,1,0,0,0,0,0,1,2
23495,attack,clean_target_effective,2,S0,0,22,1,1,1,0,1,0,0,0,0,0,1,2
23496,attack,clean_target_ineffective,1,S5,5,23,1,1,1,1,0,0,0,0,0,1,0,1
23501,attack,invalid_reset,5,S5,5,23,5,0,0,0,0,0,0,0,1,0,0,0
23503,attack,clean_target_effective,2,S5,5,23,7,1,1,0,1,0,0,0,0,0,1,2
23504,attack,multi_hit,4,S0,0,23,3,1,0,0,0,0,0,1,0,0,0,0
23505,attack,clean_target_effective,2,S0,0,23,5,1,1,0,1,0,0,0,0,0,1,2
23507,attack,multi_hit,4,S0,0,23,6,1,0,0,0,0,0,1,0,0,0,0
23516,attack,missed,0,S0,0,23,6,1,0,0,0,1,0,0,0,0,0,0
23519,attack,missed,0,S5,5,22,7,1,0,0,0,1,0,0,0,0,0,0
23520,attack,off_target,3,S5,5,22,0,1,0,0,0,0,1,0,0,0,0,0
23524,attack,off_target,3,S0,0,23,1,1,0,0,0,0,1,0,0,0,0,0
23530,attack,invalid_reset,5,S5,5,23,5,0,0,0,0,0,0,0,1,0,0,0
23534,attack,clean_target_effective,2,S0,0,23,4,1,1,0,1,0,0,0,0,0,1,2
23536,attack,invalid_reset,5,S0,0,22,6,0,0,0,0,0,0,0,1,0,0,0
23538,attack,off_target,3,S5,5,22,0,1,0,0,0,0,1,0,0,0,0,0
23539,attack,clean_target_effective,2,S5,5,22,2,1,1,0,1,0,0,0,0,0,1,2
23542,attack,off_target,3,S5,5,22,1,1,0,0,0,0,1,0,0,0,0,0
23547,attack,missed,0,S0,0,23,1,1,0,0,0,1,0,0,0,0,0,0
23554,attack,clean_target_ineffective,1,S5,5,23,0,1,1,1,0,0,0,0,0,1,0,1
23556,attack,off_target,3,S5,5,23,5,1,0,0,0,0,1,0,0,0,0,0
23559,attack,missed,0,S5,5,22,4,1,0,0,0,1,0,0,0,0,0,0
23561,attack,missed,0,S5,5,22,0,1,0,0,0,1,0,0,0,0,0,0
23563,attack,missed,0,S5,5,22,1,1,0,0,0,1,0,0,0,0,0,0
23565,attack,off_target,3,S5,5,23,4,1,0,0,0,0,1,0,0,0,0,0
23576,attack,missed,0,S0,0,23,1,1,0,0,0,1,0,0,0,0,0,0
23581,attack,invalid_reset,5,S0,0,23,6,0,0,0,0,0,0,0,1,0,0,0
23582,attack,missed,0,S5,5,23,1,1,0,0,0,1,0,0,0,0,0,0
23589,attack,multi_hit,4,S5,5,22,3,1,0,0,0,0,0,1,0,0,0,0
23590,attack,multi_hit,4,S0,0,22,4,1,0,0,0,0,0,1,0,0,0,0
23595,attack,missed,0,S0,0,23,3,1,0,0,0,1,0,0,0,0,0,0
23596,attack,clean_target_effective,2,S5,5,22,1,1,1,0,1,0,0,0,0,0,1,2
23597,attack,clean_target_effective,2,S5,5,23,4,1,1,0,1,0,0,0,0,0,1,2
23601,attack,multi_hit,4,S0,0,22,7,1,0,0,0,0,0,1,0,0,0,0
23603,attack,missed,0,S0,0,23,5,1,0,0,0,1,0,0,0,0,0,0
23604,attack,clean_target_effective,2,S0,0,22,3,1,1,0,1,0,0,0,0,0,1,2
23607,attack,clean_target_effective,2,S0,0,23,3,1,1,0,1,0,0,0,0,0,1,2
23608,attack,missed,0,S5,5,23,0,1,0,0,0,1,0,0,0,0,0,0
23610,attack,clean_target_effective,2,S5,5,22,7,1,1,0,1,0,0,0,0,0,1,2
23617,attack,off_target,3,S0,0,22,1,1,0,0,0,0,1,0,0,0,0,0
23620,attack,multi_hit,4,S0,0,23,3,1,0,0,0,0,0,1,0,0,0,0
23624,attack,clean_target_effective,2,S5,5,23,7,1,1,0,1,0,0,0,0,0,1,2
23629,attack,missed,0,S0,0,23,2,1,0,0,0,1,0,0,0,0,0,0
23631,attack,missed,0,S0,0,23,5,1,0,0,0,1,0,0,0,0,0,0
23633,attack,invalid_reset,5,S5,5,22,4,0,0,0,0,0,0,0,1,0,0,0
23635,attack,clean_target_effective,2,S5,5,23,3,1,1,0,1,0,0,0,0,0,1,2
23642,attack,clean_target_ineffective,1,S0,0,23,7,1,1,1,0,0,0,0,0,1,0,1
23646,attack,multi_hit,4,S5,5,23,5,1,0,0,0,0,0,1,0,0,0,0
23650,attack,missed,0,S5,5,22,2,1,0,0,0,1,0,0,0,0,0,0
23651,attack,clean_target_ineffective,1,S0,0,22,3,1,1,1,0,0,0,0,0,1,0,1
23653,attack,missed,0,S0,0,23,6,1,0,0,0,1,0,0,0,0,0,0
23659,attack,clean_target_ineffective,1,S0,0,22,7,1,1,1,0,0,0,0,0,1,0,1
23668,attack,clean_target_effective,2,S0,0,23,6,1,1,0,1,0,0,0,0,0,1,2
23670,attack,clean_target_effective,2,S5,5,23,3,1,1,0,1,0,0,0,0,0,1,2
23671,attack,clean_target_ineffective,1,S5,5,22,6,1,1,1,0,0,0,0,0,1,0,1
23685,attack,multi_hit,4,S5,5,23,6,1,0,0,0,0,0,1,0,0,0,0
23688,attack,clean_target_effective,2,S0,0,23,0,1,1,0,1,0,0,0,0,0,1,2
23692,attack,missed,0,S5,5,22,6,1,0,0,0,1,0,0,0,0,0,0
23699,attack,multi_hit,4,S0,0,22,7,1,0,0,0,0,0,1,0,0,0,0
23705,attack,clean_target_ineffective,1,S0,0,23,3,1,1,1,0,0,0,0,0,1,0,1
23713,attack,clean_target_effective,2,S0,0,22,1,1,1,0,1,0,0,0,0,0,1,2
23718,attack,clean_target_effective,2,S0,0,22,7,1,1,0,1,0,0,0,0,0,1,2
23721,attack,clean_target_effective,2,S5,5,22,6,1,1,0,1,0,0,0,0,0,1,2
23722,attack,clean_target_effective,2,S5,5,23,2,1,1,0,1,0,0,0,0,0,1,2
23727,attack,missed,0,S5,5,22,4,1,0,0,0,1,0,0,0,0,0,0
23733,attack,missed,0,S0,0,23,0,1,0,0,0,1,0,0,0,0,0,0
23734,attack,multi_hit,4,S5,5,23,2,1,0,0,0,0,0,1,0,0,0,0
23738,attack,missed,0,S5,5,22,2,1,0,0,0,1,0,0,0,0,0,0
23740,attack,multi_hit,4,S5,5,23,4,1,0,0,0,0,0,1,0,0,0,0
23744,attack,multi_hit,4,S0,0,22,1,1,0,0,0,0,0,1,0,0,0,0
23754,attack,invalid_reset,5,S0,0,23,3,0,0,0,0,0,0,0,1,0,0,0
23756,attack,off_target,3,S5,5,23,3,1,0,0,0,0,1,0,0,0,0,0
23757,attack,multi_hit,4,S5,5,22,2,1,0,0,0,0,0,1,0,0,0,0
23759,attack,off_target,3,S0,0,23,0,1,0,0,0,0,1,0,0,0,0,0
23761,attack,off_target,3,S5,5,22,4,1,0,0,0,0,1,0,0,0,0,0
23762,attack,clean_target_ineffective,1,S5,5,23,4,1,1,1,0,0,0,0,0,1,0,1
23763,attack,clean_target_ineffective,1,S5,5,23,5,1,1,1,0,0,0,0,0,1,0,1
23765,attack,missed,0,S0,0,23,5,1,0,0,0,1,0,0,0,0,0,0
23771,attack,clean_target_ineffective,1,S5,5,22,1,1,1,1,0,0,0,0,0,1,0,1
23774,attack,clean_target_effective,2,S0,0,23,5,1,1,0,1,0,0,0,0,0,1,2
23777,attack,clean_target_effective,2,S5,5,22,3,1,1,0,1,0,0,0,0,0,1,2
23781,attack,missed,0,S0,0,22,2,1,0,0,0,1,0,0,0,0,0,0
23787,attack,off_target,3,S0,0,22,1,1,0,0,0,0,1,0,0,0,0,0
23788,attack,missed,0,S5,5,22,3,1,0,0,0,1,0,0,0,0,0,0
23789,attack,missed,0,S0,0,22,1,1,0,0,0,1,0,0,0,0,0,0
23791,attack,multi_hit,4,S0,0,22,4,1,0,0,0,0,0,1,0,0,0,0
23793,attack,clean_target_effective,2,S0,0,23,5,1,1,0,1,0,0,0,0,0,1,2
23795,attack,missed,0,S0,0,22,2,1,0,0,0,1,0,0,0,0,0,0
23797,attack,missed,0,S5,5,22,4,1,0,0,0,1,0,0,0,0,0,0
23805,attack,clean_target_effective,2,S0,0,23,3,1,1,0,1,0,0,0,0,0,1,2
23810,attack,clean_target_effective,2,S5,5,23,2,1,1,0,1,0,0,0,0,0,1,2
23813,attack,clean_target_ineffective,1,S0,0,23,3,1,1,1,0,0,0,0,0,1,0,1
23826,attack,multi_hit,4,S5,5,23,0,1,0,0,0,0,0,1,0,0,0,0
23834,attack,clean_target_effective,2,S5,5,22,4,1,1,0,1,0,0,0,0,0,1,2
23839,attack,clean_target_effective,2,S5,5,22,7,1,1,0,1,0,0,0,0,0,1,2
23846,attack,clean_target_ineffective,1,S0,0,23,5,1,1,1,0,0,0,0,0,1,0,1
23848,attack,clean_target_ineffective,1,S5,5,22,1,1,1,1,0,0,0,0,0,1,0,1
23855,attack,missed,0,S0,0,23,7,1,0,0,0,1,0,0,0,0,0,0
23858,attack,clean_target_effective,2,S0,0,23,7,1,1,0,1,0,0,0,0,0,1,2
23863,attack,missed,0,S0,0,22,7,1,0,0,0,1,0,0,0,0,0,0
23866,attack,missed,0,S0,0,23,4,1,0,0,0,1,0,0,0,0,0,0
23867,attack,missed,0,S5,5,23,0,1,0,0,0,1,0,0,0,0,0,0
23876,attack,missed,0,S0,0,23,5,1,0,0,0,1,0,0,0,0,0,0
23877,attack,clean_target_ineffective,1,S5,5,23,3,1,1,1,0,0,0,0,0,1,0,1
23894,attack,missed,0,S5,5,23,3,1,0,0,0,1,0,0,0,0,0,0
23895,attack,multi_hit,4,S0,0,22,4,1,0,0,0,0,0,1,0,0,0,0
23905,attack,multi_hit,4,S0,0,23,1,1,0,0,0,0,0,1,0,0,0,0
23913,attack,off_target,3,S0,0,22,1,1,0,0,0,0,1,0,0,0,0,0
23917,attack,clean_target_effective,2,S5,5,22,1,1,1,0,1,0,0,0,0,0,1,2
23920,attack,clean_target_effective,2,S5,5,22,5,1,1,0,1,0,0,0,0,0,1,2
23922,attack,clean_target_ineffective,1,S5,5,22,0,1,1,1,0,0,0,0,0,1,0,1
23923,attack,multi_hit,4,S5,5,23,4,1,0,0,0,0,0,1,0,0,0,0
23936,attack,invalid_reset,5,S5,5,22,0,0,0,0,0,0,0,0,1,0,0,0
23941,attack,off_target,3,S5,5,22,5,1,0,0,0,0,1,0,0,0,0,0
23942,attack,off_target,3,S5,5,22,1,1,0,0,0,0,1,0,0,0,0,0
23946,attack,clean_target_effective,2,S0,0,23,2,1,1,0,1,0,0,0,0,0,1,2
23956,attack,off_target,3,S5,5,22,0,1,0,0,0,0,1,0,0,0,0,0
23963,attack,multi_hit,4,S5,5,22,2,1,0,0,0,0,0,1,0,0,0,0
23967,attack,missed,0,S0,0,22,1,1,0,0,0,1,0,0,0,0,0,0
23976,attack,missed,0,S0,0,22,0,1,0,0,0,1,0,0,0,0,0,0
23977,attack,missed,0,S5,5,22,4,1,0,0,0,1,0,0,0,0,0,0
23982,attack,missed,0,S5,5,22,1,1,0,0,0,1,0,0,0,0,0,0
23984,attack,clean_target_ineffective,1,S0,0,22,1,1,1,1,0,0,0,0,0,1,0,1
23987,attack,clean_target_ineffective,1,S0,0,22,6,1,1,1,0,0,0,0,0,1,0,1
23990,attack,clean_target_effective,2,S5,5,22,0,1,1,0,1,0,0,0,0,0,1,2
23993,attack,missed,0,S5,5,23,5,1,0,0,0,1,0,0,0,0,0,0
23998,attack,off_target,3,S5,5,23,5,1,0,0,0,0,1,0,0,0,0,0
23999,attack,missed,0,S0,0,23,2,1,0,0,0,1,0,0,0,0,0,0
24010,attack,multi_hit,4,S5,5,22,6,1,0,0,0,0,0,1,0,0,0,0
24012,attack,off_target,3,S0,0,22,7,1,0,0,0,0,1,0,0,0,0,0
24014,attack,invalid_reset,5,S0,0,22,3,0,0,0,0,0,0,0,1,0,0,0
24016,attack,missed,0,S5,5,23,1,1,0,0,0,1,0,0,0,0,0,0
24018,attack,missed,0,S0,0,22,4,1,0,0,0,1,0,0,0,0,0,0
24019,attack,clean_target_effective,2,S0,0,23,7,1,1,0,1,0,0,0,0,0,1,2
24025,attack,missed,0,S0,0,22,3,1,0,0,0,1,0,0,0,0,0,0
24030,attack,clean_target_effective,2,S0,0,23,3,1,1,0,1,0,0,0,0,0,1,2
24038,attack,off_target,3,S0,0,22,1,1,0,0,0,0,1,0,0,0,0,0
24042,attack,missed,0,S5,5,23,6,1,0,0,0,1,0,0,0,0,0,0
24043,attack,missed,0,S0,0,23,1,1,0,0,0,1,0,0,0,0,0,0
24046,attack,clean_target_ineffective,1,S5,5,23,2,1,1,1,0,0,0,0,0,1,0,1
24053,attack,off_target,3,S0,0,23,4,1,0,0,0,0,1,0,0,0,0,0
24056,attack,off_target,3,S0,0,23,1,1,0,0,0,0,1,0,0,0,0,0
24059,attack,clean_target_ineffective,1,S5,5,22,1,1,1,1,0,0,0,0,0,1,0,1
24064,attack,off_target,3,S5,5,23,5,1,0,0,0,0,1,0,0,0,0,0
24069,attack,clean_target_ineffective,1,S0,0,22,2,1,1,1,0,0,0,0,0,1,0,1
24070,attack,missed,0,S5,5,22,2,1,0,0,0,1,0,0,0,0,0,0
24076,attack,clean_target_effective,2,S5,5,22,7,1,1,0,1,0,0,0,0,0,1,2
24078,attack,clean_target_effective,2,S0,0,23,2,1,1,0,1,0,0,0,0,0,1,2
24081,attack,multi_hit,4,S0,0,23,5,1,0,0,0,0,0,1,0,0,0,0
24089,attack,multi_hit,4,S0,0,23,7,1,0,0,0,0,0,1,0,0,0,0
24090,attack,multi_hit,4,S0,0,22,3,1,0,0,0,0,0,1,0,0,0,0
24093,attack,invalid_reset,5,S5,5,22,0,0,0,0,0,0,0,0,1,0,0,0
24094,attack,off_target,3,S5,5,22,7,1,0,0,0,0,1,0,0,0,0,0
24096,attack,off_target,3,S5,5,23,3,1,0,0,0,0,1,0,0,0,0,0
24100,attack,invalid_reset,5,S0,0,23,1,0,0,0,0,0,0,0,1,0,0,0
24101,attack,clean_target_effective,2,S0,0,23,0,1,1,0,1,0,0,0,0,0,1,2
24102,attack,missed,0,S5,5,23,6,1,0,0,0,1,0,0,0,0,0,0
24103,attack,clean_target_effective,2,S0,0,23,5,1,1,0,1,0,0,0,0,0,1,2
24112,attack,multi_hit,4,S0,0,22,7,1,0,0,0,0,0,1,0,0,0,0
24117,attack,off_target,3,S5,5,23,0,1,0,0,0,0,1,0,0,0,0,0
24121,attack,clean_target_effective,2,S5,5,22,3,1,1,0,1,0,0,0,0,0,1,2
24125,attack,missed,0,S0,0,23,7,1,0,0,0,1,0,0,0,0,0,0
24126,attack,clean_target_effective,2,S5,5,22,1,1,1,0,1,0,0,0,0,0,1,2
24130,attack,multi_hit,4,S0,0,23,1,1,0,0,0,0,0,1,0,0,0,0
24136,attack,missed,0,S5,5,23,6,1,0,0,0,1,0,0,0,0,0,0
24144,attack,off_target,3,S5,5,23,6,1,0,0,0,0,1,0,0,0,0,0
24155,attack,clean_target_effective,2,S0,0,22,4,1,1,0,1,0,0,0,0,0,1,2
24156,attack,missed,0,S5,5,22,1,1,0,0,0,1,0,0,0,0,0,0
24161,attack,multi_hit,4,S5,5,22,1,1,0,0,0,0,0,1,0,0,0,0
24164,attack,clean_target_effective,2,S5,5,23,1,1,1,0,1,0,0,0,0,0,1,2
24165,attack,clean_target_effective,2,S0,0,23,6,1,1,0,1,0,0,0,0,0,1,2
24170,attack,missed,0,S0,0,23,0,1,0,0,0,1,0,0,0,0,0,0
24173,attack,clean_target_ineffective,1,S5,5,22,5,1,1,1,0,0,0,0,0,1,0,1
24179,attack,multi_hit,4,S0,0,23,0,1,0,0,0,0,0,1,0,0,0,0
24183,attack,clean_target_effective,2,S0,0,22,6,1,1,0,1,0,0,0,0,0,1,2
24185,attack,clean_target_ineffective,1,S5,5,23,2,1,1,1,0,0,0,0,0,1,0,1
24186,attack,clean_target_effective,2,S0,0,23,2,1,1,0,1,0,0,0,0,0,1,2
24189,attack,missed,0,S5,5,23,0,1,0,0,0,1,0,0,0,0,0,0
24191,attack,clean_target_effective,2,S5,5,22,4,1,1,0,1,0,0,0,0,0,1,2
24197,attack,clean_target_effective,2,S0,0,23,5,1,1,0,1,0,0,0,0,0,1,2
24200,attack,missed,0,S0,0,22,4,1,0,0,0,1,0,0,0,0,0,0
24203,attack,missed,0,S0,0,22,6,1,0,0,0,1,0,0,0,0,0,0
24208,attack,multi_hit,4,S5,5,22,5,1,0,0,0,0,0,1,0,0,0,0
24216,attack,clean_target_ineffective,1,S5,5,22,2,1,1,1,0,0,0,0,0,1,0,1
24227,attack,multi_hit,4,S0,0,22,7,1,0,0,0,0,0,1,0,0,0,0
24233,attack,clean_target_effective,2,S5,5,23,1,1,1,0,1,0,0,0,0,0,1,2
24244,attack,missed,0,S5,5,22,5,1,0,0,0,1,0,0,0,0,0,0
24247,attack,clean_target_ineffective,1,S0,0,23,6,1,1,1,0,0,0,0,0,1,0,1
24248,attack,clean_target_effective,2,S5,5,22,2,1,1,0,1,0,0,0,0,0,1,2
24249,attack,clean_target_ineffective,1,S0,0,22,3,1,1,1,0,0,0,0,0,1,0,1
24259,attack,clean_target_effective,2,S5,5,23,1,1,1,0,1,0,0,0,0,0,1,2
24261,attack,clean_target_effective,2,S0,0,23,2,1,1,0,1,0,0,0,0,0,1,2
24264,attack,multi_hit,4,S0,0,22,4,1,0,0,0,0,0,1,0,0,0,0
24265,attack,missed,0,S0,0,22,0,1,0,0,0,1,0,0,0,0,0,0
24277,attack,clean_target_effective,2,S0,0,22,6,1,1,0,1,0,0,0,0,0,1,2
24278,attack,invalid_reset,5,S0,0,23,0,0,0,0,0,0,0,0,1,0,0,0
24279,attack,missed,0,S5,5,22,7,1,0,0,0,1,0,0,0,0,0,0
24282,attack,multi_hit,4,S5,5,22,0,1,0,0,0,0,0,1,0,0,0,0
24283,attack,multi_hit,4,S0,0,22,5,1,0,0,0,0,0,1,0,0,0,0
24285,attack,clean_target_effective,2,S0,0,22,3,1,1,0,1,0,0,0,0,0,1,2
24291,attack,clean_target_effective,2,S0,0,23,6,1,1,0,1,0,0,0,0,0,1,2
24302,attack,off_target,3,S0,0,23,3,1,0,0,0,0,1,0,0,0,0,0
24307,attack,clean_target_effective,2,S0,0,23,1,1,1,0,1,0,0,0,0,0,1,2
24308,attack,multi_hit,4,S0,0,23,7,1,0,0,0,0,0,1,0,0,0,0
24309,attack,missed,0,S0,0,22,6,1,0,0,0,1,0,0,0,0,0,0
24310,attack,clean_target_effective,2,S5,5,23,5,1,1,0,1,0,0,0,0,0,1,2
24312,attack,off_target,3,S5,5,23,6,1,0,0,0,0,1,0,0,0,0,0
24314,attack,missed,0,S0,0,22,7,1,0,0,0,1,0,0,0,0,0,0
24315,attack,missed,0,S0,0,22,5,1,0,0,0,1,0,0,0,0,0,0
24317,attack,off_target,3,S5,5,23,3,1,0,0,0,0,1,0,0,0,0,0
24319,attack,clean_target_ineffective,1,S0,0,22,3,1,1,1,0,0,0,0,0,1,0,1
24320,attack,missed,0,S5,5,22,7,1,0,0,0,1,0,0,0,0,0,0
24325,attack,multi_hit,4,S0,0,23,4,1,0,0,0,0,0,1,0,0,0,0
24329,attack,multi_hit,4,S5,5,23,3,1,0,0,0,0,0,1,0,0,0,0
24331,attack,clean_target_effective,2,S0,0,22,7,1,1,0,1,0,0,0,0,0,1,2
24333,attack,missed,0,S0,0,22,2,1,0,0,0,1,0,0,0,0,0,0
24337,attack,missed,0,S5,5,23,2,1,0,0,0,1,0,0,0,0,0,0
24339,attack,missed,0,S0,0,23,0,1,0,0,0,1,0,0,0,0,0,0
24350,attack,off_target,3,S0,0,23,6,1,0,0,0,0,1,0,0,0,0,0
24353,attack,clean_target_effective,2,S0,0,22,6,1,1,0,1,0,0,0,0,0,1,2
24359,attack,invalid_reset,5,S0,0,22,1,0,0,0,0,0,0,0,1,0,0,0
24360,attack,clean_target_effective,2,S0,0,22,5,1,1,0,1,0,0,0,0,0,1,2
24363,attack,missed,0,S5,5,22,4,1,0,0,0,1,0,0,0,0,0,0
24367,attack,clean_target_effective,2,S5,5,23,4,1,1,0,1,0,0,0,0,0,1,2
24368,attack,off_target,3,S0,0,22,2,1,0,0,0,0,1,0,0,0,0,0
24370,attack,missed,0,S5,5,22,7,1,0,0,0,1,0,0,0,0,0,0
24377,attack,clean_target_effective,2,S0,0,22,1,1,1,0,1,0,0,0,0,0,1,2
24381,attack,clean_target_effective,2,S5,5,23,1,1,1,0,1,0,0,0,0,0,1,2
24382,attack,multi_hit,4,S0,0,23,0,1,0,0,0,0,0,1,0,0,0,0
24383,attack,missed,0,S5,5,22,0,1,0,0,0,1,0,0,0,0,0,0
24384,attack,clean_target_effective,2,S5,5,23,3,1,1,0,1,0,0,0,0,0,1,2
24393,attack,multi_hit,4,S5,5,23,4,1,0,0,0,0,0,1,0,0,0,0
24396,attack,clean_target_effective,2,S0,0,22,5,1,1,0,1,0,0,0,0,0,1,2
24397,attack,clean_target_effective,2,S5,5,22,2,1,1,0,1,0,0,0,0,0,1,2
24398,attack,off_target,3,S5,5,22,5,1,0,0,0,0,1,0,0,0,0,0
24399,attack,clean_target_effective,2,S5,5,22,1,1,1,0,1,0,0,0,0,0,1,2
24402,attack,missed,0,S0,0,23,3,1,0,0,0,1,0,0,0,0,0,0
24407,attack,invalid_reset,5,S0,0,22,5,0,0,0,0,0,0,0,1,0,0,0
24417,attack,clean_target_effective,2,S0,0,23,4,1,1,0,1,0,0,0,0,0,1,2
24420,attack,multi_hit,4,S5,5,23,3,1,0,0,0,0,0,1,0,0,0,0
24427,attack,missed,0,S0,0,23,1,1,0,0,0,1,0,0,0,0,0,0
24432,attack,missed,0,S5,5,23,4,1,0,0,0,1,0,0,0,0,0,0
24437,attack,clean_target_effective,2,S5,5,22,3,1,1,0,1,0,0,0,0,0,1,2
24438,attack,off_target,3,S5,5,22,5,1,0,0,0,0,1,0,0,0,0,0
24448,attack,missed,0,S0,0,22,7,1,0,0,0,1,0,0,0,0,0,0
24450,attack,clean_target_ineffective,1,S0,0,22,3,1,1,1,0,0,0,0,0,1,0,1
24452,attack,clean_target_effective,2,S5,5,23,6,1,1,0,1,0,0,0,0,0,1,2
24453,attack,off_target,3,S5,5,23,4,1,0,0,0,0,1,0,0,0,0,0
24455,attack,multi_hit,4,S0,0,22,1,1,0,0,0,0,0,1,0,0,0,0
24456,attack,missed,0,S0,0,22,7,1,0,0,0,1,0,0,0,0,0,0
24460,attack,clean_target_effective,2,S0,0,23,6,1,1,0,1,0,0,0,0,0,1,2
24476,attack,missed,0,S0,0,23,2,1,0,0,0,1,0,0,0,0,0,0
24477,attack,multi_hit,4,S0,0,23,7,1,0,0,0,0,0,1,0,0,0,0
24478,attack,invalid_reset,5,S5,5,23,3,0,0,0,0,0,0,0,1,0,0,0
24481,attack,clean_target_ineffective,1,S0,0,23,1,1,1,1,0,0,0,0,0,1,0,1
24489,attack,missed,0,S0,0,22,4,1,0,0,0,1,0,0,0,0,0,0
24496,attack,off_target,3,S5,5,23,6,1,0,0,0,0,1,0,0,0,0,0
24497,attack,missed,0,S5,5,23,7,1,0,0,0,1,0,0,0,0,0,0
24500,attack,missed,0,S0,0,23,2,1,0,0,0,1,0,0,0,0,0,0
24503,attack,missed,0,S0,0,22,7,1,0,0,0,1,0,0,0,0,0,0
24515,attack,off_target,3,S5,5,22,1,1,0,0,0,0,1,0,0,0,0,0
24522,attack,clean_target_ineffective,1,S5,5,23,4,1,1,1,0,0,0,0,0,1,0,1
24525,attack,off_target,3,S0,0,23,3,1,0,0,0,0,1,0,0,0,0,0
24526,attack,invalid_reset,5,S5,5,22,0,0,0,0,0,0,0,0,1,0,0,0
24528,attack,missed,0,S5,5,22,7,1,0,0,0,1,0,0,0,0,0,0
24529,attack,invalid_reset,5,S0,0,23,4,0,0,0,0,0,0,0,1,0,0,0
24530,attack,off_target,3,S0,0,23,0,1,0,0,0,0,1,0,0,0,0,0
24532,attack,off_target,3,S0,0,23,3,1,0,0,0,0,1,0,0,0,0,0
24536,attack,clean_target_effective,2,S5,5,23,5,1,1,0,1,0,0,0,0,0,1,2
24550,attack,clean_target_effective,2,S5,5,22,7,1,1,0,1,0,0,0,0,0,1,2
24551,attack,invalid_reset,5,S0,0,22,0,0,0,0,0,0,0,0,1,0,0,0
24552,attack,missed,0,S5,5,22,2,1,0,0,0,1,0,0,0,0,0,0
24561,attack,missed,0,S0,0,22,6,1,0,0,0,1,0,0,0,0,0,0
24564,attack,multi_hit,4,S5,5,22,7,1,0,0,0,0,0,1,0,0,0,0
24568,attack,missed,0,S0,0,23,4,1,0,0,0,1,0,0,0,0,0,0
24574,attack,missed,0,S5,5,23,3,1,0,0,0,1,0,0,0,0,0,0
24575,attack,clean_target_effective,2,S5,5,22,7,1,1,0,1,0,0,0,0,0,1,2
24576,attack,clean_target_effective,2,S5,5,23,5,1,1,0,1,0,0,0,0,0,1,2
24580,attack,missed,0,S0,0,22,4,1,0,0,0,1,0,0,0,0,0,0
24586,attack,multi_hit,4,S0,0,23,0,1,0,0,0,0,0,1,0,0,0,0
24587,attack,clean_target_effective,2,S5,5,23,5,1,1,0,1,0,0,0,0,0,1,2
24588,attack,missed,0,S0,0,23,6,1,0,0,0,1,0,0,0,0,0,0
24590,attack,clean_target_effective,2,S0,0,22,6,1,1,0,1,0,0,0,0,0,1,2
24592,attack,off_target,3,S5,5,22,5,1,0,0,0,0,1,0,0,0,0,0
24593,attack,multi_hit,4,S0,0,23,0,1,0,0,0,0,0,1,0,0,0,0
24598,attack,clean_target_ineffective,1,S0,0,23,2,1,1,1,0,0,0,0,0,1,0,1
24610,attack,clean_target_effective,2,S5,5,22,5,1,1,0,1,0,0,0,0,0,1,2
24617,attack,missed,0,S5,5,23,6,1,0,0,0,1,0,0,0,0,0,0
24618,attack,clean_target_effective,2,S5,5,22,3,1,1,0,1,0,0,0,0,0,1,2
24620,attack,missed,0,S5,5,22,5,1,0,0,0,1,0,0,0,0,0,0
24621,attack,multi_hit,4,S0,0,23,0,1,0,0,0,0,0,1,0,0,0,0
24623,attack,off_target,3,S0,0,23,7,1,0,0,0,0,1,0,0,0,0,0
24625,attack,clean_target_effective,2,S0,0,23,5,1,1,0,1,0,0,0,0,0,1,2
24630,attack,missed,0,S5,5,23,4,1,0,0,0,1,0,0,0,0,0,0
24636,attack,clean_target_ineffective,1,S0,0,22,0,1,1,1,0,0,0,0,0,1,0,1
24641,attack,clean_target_effective,2,S0,0,22,2,1,1,0,1,0,0,0,0,0,1,2
24649,attack,clean_target_ineffective,1,S5,5,22,0,1,1,1,0,0,0,0,0,1,0,1
24651,attack,invalid_reset,5,S5,5,23,0,0,0,0,0,0,0,0,1,0,0,0
24654,attack,clean_target_effective,2,S5,5,22,6,1,1,0,1,0,0,0,0,0,1,2
24657,attack,missed,0,S0,0,22,6,1,0,0,0,1,0,0,0,0,0,0
24658,attack,missed,0,S0,0,22,6,1,0,0,0,1,0,0,0,0,0,0
24661,attack,missed,0,S5,5,23,3,1,0,0,0,1,0,0,0,0,0,0
24667,attack,off_target,3,S5,5,23,2,1,0,0,0,0,1,0,0,0,0,0
24668,attack,invalid_reset,5,S0,0,22,0,0,0,0,0,0,0,0,1,0,0,0
24672,attack,off_target,3,S5,5,22,3,1,0,0,0,0,1,0,0,0,0,0
24676,attack,invalid_reset,5,S0,0,23,7,0,0,0,0,0,0,0,1,0,0,0
24682,attack,clean_target_ineffective,1,S0,0,22,0,1,1,1,0,0,0,0,0,1,0,1
24697,attack,clean_target_effective,2,S0,0,23,3,1,1,0,1,0,0,0,0,0,1,2
24704,attack,clean_target_effective,2,S0,0,22,0,1,1,0,1,0,0,0,0,0,1,2
24707,attack,clean_target_effective,2,S0,0,22,2,1,1,0,1,0,0,0,0,0,1,2
24708,attack,clean_target_effective,2,S5,5,23,1,1,1,0,1,0,0,0,0,0,1,2
24711,attack,missed,0,S0,0,22,6,1,0,0,0,1,0,0,0,0,0,0
24717,attack,clean_target_ineffective,1,S5,5,23,6,1,1,1,0,0,0,0,0,1,0,1
24724,attack,multi_hit,4,S0,0,23,4,1,0,0,0,0,0,1,0,0,0,0
24727,attack,missed,0,S0,0,22,7,1,0,0,0,1,0,0,0,0,0,0
24730,attack,clean_target_ineffective,1,S5,5,23,3,1,1,1,0,0,0,0,0,1,0,1
24735,attack,off_target,3,S5,5,22,0,1,0,0,0,0,1,0,0,0,0,0
24736,attack,missed,0,S0,0,22,2,1,0,0,0,1,0,0,0,0,0,0
24749,attack,clean_target_ineffective,1,S5,5,23,4,1,1,1,0,0,0,0,0,1,0,1
24750,attack,missed,0,S0,0,23,0,1,0,0,0,1,0,0,0,0,0,0
24752,attack,off_target,3,S5,5,23,0,1,0,0,0,0,1,0,0,0,0,0
24753,attack,clean_target_effective,2,S0,0,22,2,1,1,0,1,0,0,0,0,0,1,2
24756,attack,clean_target_effective,2,S5,5,22,0,1,1,0,1,0,0,0,0,0,1,2
24758,attack,multi_hit,4,S5,5,23,3,1,0,0,0,0,0,1,0,0,0,0
24759,attack,multi_hit,4,S0,0,23,1,1,0,0,0,0,0,1,0,0,0,0
24767,attack,multi_hit,4,S5,5,22,0,1,0,0,0,0,0,1,0,0,0,0
24768,attack,clean_target_effective,2,S5,5,22,7,1,1,0,1,0,0,0,0,0,1,2
24769,attack,clean_target_effective,2,S5,5,23,3,1,1,0,1,0,0,0,0,0,1,2
24771,attack,off_target,3,S5,5,23,4,1,0,0,0,0,1,0,0,0,0,0
24774,attack,multi_hit,4,S5,5,23,3,1,0,0,0,0,0,1,0,0,0,0
24776,attack,off_target,3,S5,5,23,5,1,0,0,0,0,1,0,0,0,0,0
24778,attack,invalid_reset,5,S0,0,22,1,0,0,0,0,0,0,0,1,0,0,0
24789,attack,clean_target_ineffective,1,S5,5,22,4,1,1,1,0,0,0,0,0,1,0,1
24795,attack,clean_target_effective,2,S5,5,22,3,1,1,0,1,0,0,0,0,0,1,2
24800,attack,missed,0,S5,5,23,4,1,0,0,0,1,0,0,0,0,0,0
24805,attack,off_target,3,S5,5,23,1,1,0,0,0,0,1,0,0,0,0,0
24813,attack,off_target,3,S0,0,23,4,1,0,0,0,0,1,0,0,0,0,0
24817,attack,off_target,3,S0,0,22,3,1,0,0,0,0,1,0,0,0,0,0
24821,attack,invalid_reset,5,S5,5,22,7,0,0,0,0,0,0,0,1,0,0,0
24826,attack,clean_target_ineffective,1,S0,0,23,5,1,1,1,0,0,0,0,0,1,0,1
24830,attack,multi_hit,4,S0,0,23,4,1,0,0,0,0,0,1,0,0,0,0
24833,attack,missed,0,S0,0,23,2,1,0,0,0,1,0,0,0,0,0,0
24848,attack,multi_hit,4,S5,5,22,4,1,0,0,0,0,0,1,0,0,0,0
24851,attack,invalid_reset,5,S0,0,23,1,0,0,0,0,0,0,0,1,0,0,0
24855,attack,clean_target_effective,2,S5,5,23,0,1,1,0,1,0,0,0,0,0,1,2
24858,attack,missed,0,S0,0,23,6,1,0,0,0,1,0,0,0,0,0,0
24859,attack,multi_hit,4,S5,5,22,0,1,0,0,0,0,0,1,0,0,0,0
24861,attack,multi_hit,4,S0,0,22,1,1,0,0,0,0,0,1,0,0,0,0
24869,attack,clean_target_effective,2,S0,0,23,1,1,1,0,1,0,0,0,0,0,1,2
24870,attack,clean_target_ineffective,1,S0,0,22,6,1,1,1,0,0,0,0,0,1,0,1
24879,attack,clean_target_effective,2,S0,0,23,6,1,1,0,1,0,0,0,0,0,1,2
24880,attack,off_target,3,S5,5,22,7,1,0,0,0,0,1,0,0,0,0,0
24882,attack,invalid_reset,5,S0,0,22,7,0,0,0,0,0,0,0,1,0,0,0
24883,attack,clean_target_ineffective,1,S0,0,22,1,1,1,1,0,0,0,0,0,1,0,1
24884,attack,clean_target_effective,2,S5,5,23,5,1,1,0,1,0,0,0,0,0,1,2
24885,attack,off_target,3,S5,5,23,0,1,0,0,0,0,1,0,0,0,0,0
24904,attack,off_target,3,S0,0,23,0,1,0,0,0,0,1,0,0,0,0,0
24914,attack,multi_hit,4,S5,5,23,3,1,0,0,0,0,0,1,0,0,0,0
24916,attack,clean_target_ineffective,1,S0,0,23,0,1,1,1,0,0,0,0,0,1,0,1
24918,attack,clean_target_effective,2,S5,5,23,6,1,1,0,1,0,0,0,0,0,1,2
24920,attack,missed,0,S5,5,22,2,1,0,0,0,1,0,0,0,0,0,0
24921,attack,clean_target_effective,2,S0,0,23,5,1,1,0,1,0,0,0,0,0,1,2
24928,attack,clean_target_effective,2,S0,0,22,4,1,1,0,1,0,0,0,0,0,1,2
24930,attack,missed,0,S0,0,22,7,1,0,0,0,1,0,0,0,0,0,0
24934,attack,clean_target_ineffective,1,S5,5,22,5,1,1,1,0,0,0,0,0,1,0,1
24935,attack,clean_target_effective,2,S0,0,23,1,1,1,0,1,0,0,0,0,0,1,2
24938,attack,clean_target_ineffective,1,S5,5,22,2,1,1,1,0,0,0,0,0,1,0,1
24939,attack,multi_hit,4,S5,5,23,5,1,0,0,0,0,0,1,0,0,0,0
24950,attack,clean_target_effective,2,S5,5,22,4,1,1,0,1,0,0,0,0,0,1,2
24956,attack,off_target,3,S5,5,23,2,1,0,0,0,0,1,0,0,0,0,0
24959,attack,clean_target_effective,2,S0,0,23,0,1,1,0,1,0,0,0,0,0,1,2
24962,attack,clean_target_effective,2,S5,5,23,2,1,1,0,1,0,0,0,0,0,1,2
24963,attack,missed,0,S0,0,22,1,1,0,0,0,1,0,0,0,0,0,0
24964,attack,clean_target_effective,2,S0,0,22,4,1,1,0,1,0,0,0,0,0,1,2
24965,attack,missed,0,S5,5,22,7,1,0,0,0,1,0,0,0,0,0,0
24971,attack,clean_target_effective,2,S5,5,23,4,1,1,0,1,0,0,0,0,0,1,2
24976,attack,clean_target_effective,2,S0,0,22,5,1,1,0,1,0,0,0,0,0,1,2
24977,attack,missed,0,S5,5,22,4,1,0,0,0,1,0,0,0,0,0,0
24978,attack,missed,0,S5,5,23,2,1,0,0,0,1,0,0,0,0,0,0
24980,attack,missed,0,S5,5,23,5,1,0,0,0,1,0,0,0,0,0,0
24986,attack,missed,0,S5,5,23,3,1,0,0,0,1,0,0,0,0,0,0
24988,attack,missed,0,S0,0,22,0,1,0,0,0,1,0,0,0,0,0,0
24990,attack,clean_target_effective,2,S0,0,23,3,1,1,0,1,0,0,0,0,0,1,2
24993,attack,off_target,3,S5,5,23,0,1,0,0,0,0,1,0,0,0,0,0
24996,attack,missed,0,S0,0,22,1,1,0,0,0,1,0,0,0,0,0,0
24999,attack,off_target,3,S0,0,22,1,1,0,0,0,0,1,0,0,0,0,0
25003,attack,missed,0,S5,5,22,1,1,0,0,0,1,0,0,0,0,0,0
25006,attack,missed,0,S0,0,22,5,1,0,0,0,1,0,0,0,0,0,0
25010,attack,clean_target_ineffective,1,S0,0,22,4,1,1,1,0,0,0,0,0,1,0,1
25013,attack,clean_target_effective,2,S0,0,22,7,1,1,0,1,0,0,0,0,0,1,2
25015,attack,clean_target_effective,2,S5,5,23,7,1,1,0,1,0,0,0,0,0,1,2
25020,attack,clean_target_effective,2,S0,0,22,6,1,1,0,1,0,0,0,0,0,1,2
25026,attack,off_target,3,S5,5,23,3,1,0,0,0,0,1,0,0,0,0,0
25030,attack,clean_target_effective,2,S5,5,22,2,1,1,0,1,0,0,0,0,0,1,2
25031,attack,invalid_reset,5,S5,5,23,3,0,0,0,0,0,0,0,1,0,0,0
25034,attack,missed,0,S5,5,23,1,1,0,0,0,1,0,0,0,0,0,0
25047,attack,missed,0,S0,0,22,1,1,0,0,0,1,0,0,0,0,0,0
25049,attack,invalid_reset,5,S5,5,22,6,0,0,0,0,0,0,0,1,0,0,0
25056,attack,clean_target_effective,2,S0,0,23,2,1,1,0,1,0,0,0,0,0,1,2
25063,attack,clean_target_effective,2,S0,0,23,2,1,1,0,1,0,0,0,0,0,1,2
25070,attack,clean_target_effective,2,S0,0,22,7,1,1,0,1,0,0,0,0,0,1,2
25071,attack,invalid_reset,5,S0,0,22,1,0,0,0,0,0,0,0,1,0,0,0
25075,attack,clean_target_ineffective,1,S0,0,22,3,1,1,1,0,0,0,0,0,1,0,1
25078,attack,missed,0,S0,0,23,6,1,0,0,0,1,0,0,0,0,0,0
25081,attack,clean_target_effective,2,S5,5,23,1,1,1,0,1,0,0,0,0,0,1,2
25085,attack,clean_target_ineffective,1,S5,5,23,3,1,1,1,0,0,0,0,0,1,0,1
25086,attack,off_target,3,S0,0,22,3,1,0,0,0,0,1,0,0,0,0,0
25094,attack,missed,0,S5,5,23,7,1,0,0,0,1,0,0,0,0,0,0
25098,attack,off_target,3,S5,5,23,3,1,0,0,0,0,1,0,0,0,0,0
25104,attack,missed,0,S0,0,23,4,1,0,0,0,1,0,0,0,0,0,0
25106,attack,clean_target_ineffective,1,S0,0,23,6,1,1,1,0,0,0,0,0,1,0,1
25107,attack,missed,0,S0,0,23,6,1,0,0,0,1,0,0,0,0,0,0
25110,attack,off_target,3,S5,5,22,1,1,0,0,0,0,1,0,0,0,0,0
25114,attack,multi_hit,4,S5,5,22,7,1,0,0,0,0,0,1,0,0,0,0
25116,attack,clean_target_effective,2,S5,5,22,7,1,1,0,1,0,0,0,0,0,1,2
25119,attack,off_target,3,S0,0,22,5,1,0,0,0,0,1,0,0,0,0,0
25123,attack,missed,0,S5,5,22,1,1,0,0,0,1,0,0,0,0,0,0
25125,attack,off_target,3,S0,0,22,0,1,0,0,0,0,1,0,0,0,0,0
25126,attack,missed,0,S0,0,22,4,1,0,0,0,1,0,0,0,0,0,0
25129,attack,invalid_reset,5,S5,5,22,1,0,0,0,0,0,0,0,1,0,0,0
25130,attack,clean_target_effective,2,S5,5,23,7,1,1,0,1,0,0,0,0,0,1,2
25131,attack,off_target,3,S0,0,22,3,1,0,0,0,0,1,0,0,0,0,0
25133,attack,missed,0,S0,0,22,2,1,0,0,0,1,0,0,0,0,0,0
25138,attack,missed,0,S5,5,22,1,1,0,0,0,1,0,0,0,0,0,0
25143,attack,off_target,3,S0,0,22,6,1,0,0,0,0,1,0,0,0,0,0
25145,attack,clean_target_effective,2,S0,0,23,2,1,1,0,1,0,0,0,0,0,1,2
25148,attack,off_target,3,S5,5,23,4,1,0,0,0,0,1,0,0,0,0,0
25151,attack,missed,0,S5,5,22,0,1,0,0,0,1,0,0,0,0,0,0
25154,attack,missed,0,S5,5,23,0,1,0,0,0,1,0,0,0,0,0,0
25156,attack,off_target,3,S5,5,22,3,1,0,0,0,0,1,0,0,0,0,0
25159,attack,multi_hit,4,S0,0,22,1,1,0,0,0,0,0,1,0,0,0,0
25160,attack,multi_hit,4,S5,5,23,2,1,0,0,0,0,0,1,0,0,0,0
25163,attack,missed,0,S0,0,23,7,1,0,0,0,1,0,0,0,0,0,0
25165,attack,clean_target_effective,2,S5,5,22,5,1,1,0,1,0,0,0,0,0,1,2
25176,attack,off_target,3,S0,0,22,4,1,0,0,0,0,1,0,0,0,0,0
25184,attack,multi_hit,4,S5,5,22,1,1,0,0,0,0,0,1,0,0,0,0
25188,attack,missed,0,S0,0,23,7,1,0,0,0,1,0,0,0,0,0,0
25191,attack,multi_hit,4,S5,5,22,7,1,0,0,0,0,0,1,0,0,0,0
25192,attack,missed,0,S5,5,23,7,1,0,0,0,1,0,0,0,0,0,0
25198,attack,clean_target_effective,2,S0,0,22,7,1,1,0,1,0,0,0,0,0,1,2
25200,attack,off_target,3,S0,0,23,2,1,0,0,0,0,1,0,0,0,0,0
25209,attack,invalid_reset,5,S0,0,23,6,0,0,0,0,0,0,0,1,0,0,0
25210,attack,off_target,3,S0,0,23,4,1,0,0,0,0,1,0,0,0,0,0
25211,attack,multi_hit,4,S0,0,23,5,1,0,0,0,0,0,1,0,0,0,0
25213,attack,multi_hit,4,S5,5,22,7,1,0,0,0,0,0,1,0,0,0,0
25222,attack,multi_hit,4,S5,5,23,7,1,0,0,0,0,0,1,0,0,0,0
25223,attack,clean_target_effective,2,S5,5,22,5,1,1,0,1,0,0,0,0,0,1,2
25225,attack,missed,0,S0,0,22,7,1,0,0,0,1,0,0,0,0,0,0
25229,attack,missed,0,S0,0,23,7,1,0,0,0,1,0,0,0,0,0,0
25234,attack,clean_target_effective,2,S0,0,22,2,1,1,0,1,0,0,0,0,0,1,2
25236,attack,clean_target_effective,2,S0,0,23,1,1,1,0,1,0,0,0,0,0,1,2
25237,attack,off_target,3,S0,0,23,7,1,0,0,0,0,1,0,0,0,0,0
25238,attack,off_target,3,S5,5,22,6,1,0,0,0,0,1,0,0,0,0,0
25239,attack,missed,0,S5,5,23,6,1,0,0,0,1,0,0,0,0,0,0
25243,attack,off_target,3,S0,0,23,4,1,0,0,0,0,1,0,0,0,0,0
25244,attack,missed,0,S5,5,23,5,1,0,0,0,1,0,0,0,0,0,0
25250,attack,invalid_reset,5,S5,5,22,6,0,0,0,0,0,0,0,1,0,0,0
25252,attack,off_target,3,S0,0,23,0,1,0,0,0,0,1,0,0,0,0,0
25261,attack,missed,0,S0,0,22,4,1,0,0,0,1,0,0,0,0,0,0
25262,attack,off_target,3,S5,5,22,5,1,0,0,0,0,1,0,0,0,0,0
25266,attack,clean_target_effective,2,S0,0,22,2,1,1,0,1,0,0,0,0,0,1,2
25267,attack,missed,0,S0,0,22,1,1,0,0,0,1,0,0,0,0,0,0
25268,attack,multi_hit,4,S5,5,22,7,1,0,0,0,0,0,1,0,0,0,0
25272,attack,off_target,3,S5,5,23,3,1,0,0,0,0,1,0,0,0,0,0
25284,attack,off_target,3,S5,5,22,6,1,0,0,0,0,1,0,0,0,0,0
25302,attack,off_target,3,S5,5,22,1,1,0,0,0,0,1,0,0,0,0,0
25303,attack,invalid_reset,5,S5,5,22,5,0,0,0,0,0,0,0,1,0,0,0
25304,attack,multi_hit,4,S5,5,22,0,1,0,0,0,0,0,1,0,0,0,0
25305,attack,invalid_reset,5,S0,0,23,0,0,0,0,0,0,0,0,1,0,0,0
25316,attack,clean_target_ineffective,1,S0,0,23,4,1,1,1,0,0,0,0,0,1,0,1
25319,attack,multi_hit,4,S0,0,23,2,1,0,0,0,0,0,1,0,0,0,0
25324,attack,off_target,3,S0,0,22,6,1,0,0,0,0,1,0,0,0,0,0
25326,attack,clean_target_ineffective,1,S0,0,22,2,1,1,1,0,0,0,0,0,1,0,1
25329,attack,missed,0,S0,0,22,2,1,0,0,0,1,0,0,0,0,0,0
25332,attack,multi_hit,4,S5,5,22,4,1,0,0,0,0,0,1,0,0,0,0
25334,attack,clean_target_ineffective,1,S0,0,22,6,1,1,1,0,0,0,0,0,1,0,1
25335,attack,multi_hit,4,S5,5,22,6,1,0,0,0,0,0,1,0,0,0,0
25336,attack,missed,0,S0,0,23,7,1,0,0,0,1,0,0,0,0,0,0
25339,attack,missed,0,S0,0,22,4,1,0,0,0,1,0,0,0,0,0,0
25341,attack,off_target,3,S5,5,23,5,1,0,0,0,0,1,0,0,0,0,0
25348,attack,clean_target_ineffective,1,S0,0,23,0,1,1,1,0,0,0,0,0,1,0,1
25362,attack,invalid_reset,5,S5,5,22,5,0,0,0,0,0,0,0,1,0,0,0
25365,attack,clean_target_effective,2,S5,5,23,1,1,1,0,1,0,0,0,0,0,1,2
25367,attack,clean_target_effective,2,S0,0,23,0,1,1,0,1,0,0,0,0,0,1,2
25368,attack,clean_target_effective,2,S5,5,23,7,1,1,0,1,0,0,0,0,0,1,2
25370,attack,off_target,3,S5,5,23,5,1,0,0,0,0,1,0,0,0,0,0
25372,attack,missed,0,S0,0,22,5,1,0,0,0,1,0,0,0,0,0,0
25373,attack,multi_hit,4,S0,0,22,6,1,0,0,0,0,0,1,0,0,0,0
25376,attack,off_target,3,S5,5,23,6,1,0,0,0,0,1,0,0,0,0,0
25378,attack,clean_target_effective,2,S0,0,22,0,1,1,0,1,0,0,0,0,0,1,2
25381,attack,missed,0,S0,0,22,6,1,0,0,0,1,0,0,0,0,0,0
25382,attack,missed,0,S0,0,22,3,1,0,0,0,1,0,0,0,0,0,0
25385,attack,off_target,3,S0,0,22,1,1,0,0,0,0,1,0,0,0,0,0
25389,attack,clean_target_effective,2,S5,5,23,0,1,1,0,1,0,0,0,0,0,1,2
25391,attack,missed,0,S5,5,23,0,1,0,0,0,1,0,0,0,0,0,0
25393,attack,multi_hit,4,S0,0,22,1,1,0,0,0,0,0,1,0,0,0,0
25398,attack,multi_hit,4,S5,5,22,4,1,0,0,0,0,0,1,0,0,0,0
25403,attack,off_target,3,S0,0,22,1,1,0,0,0,0,1,0,0,0,0,0
25409,attack,clean_target_effective,2,S5,5,23,1,1,1,0,1,0,0,0,0,0,1,2
25414,attack,clean_target_effective,2,S5,5,23,4,1,1,0,1,0,0,0,0,0,1,2
25419,attack,clean_target_effective,2,S0,0,22,3,1,1,0,1,0,0,0,0,0,1,2
25425,attack,multi_hit,4,S5,5,23,0,1,0,0,0,0,0,1,0,0,0,0
25428,attack,off_target,3,S5,5,22,1,1,0,0,0,0,1,0,0,0,0,0
25436,attack,missed,0,S0,0,23,4,1,0,0,0,1,0,0,0,0,0,0
25438,attack,invalid_reset,5,S5,5,22,3,0,0,0,0,0,0,0,1,0,0,0
25442,attack,clean_target_effective,2,S5,5,22,7,1,1,0,1,0,0,0,0,0,1,2
25444,attack,missed,0,S0,0,22,1,1,0,0,0,1,0,0,0,0,0,0
25449,attack,off_target,3,S0,0,23,1,1,0,0,0,0,1,0,0,0,0,0
25451,attack,clean_target_effective,2,S0,0,23,1,1,1,0,1,0,0,0,0,0,1,2
25454,attack,clean_target_effective,2,S5,5,22,4,1,1,0,1,0,0,0,0,0,1,2
25458,attack,missed,0,S5,5,23,3,1,0,0,0,1,0,0,0,0,0,0
25464,attack,multi_hit,4,S0,0,23,3,1,0,0,0,0,0,1,0,0,0,0
25470,attack,missed,0,S5,5,22,5,1,0,0,0,1,0,0,0,0,0,0
25472,attack,clean_target_effective,2,S0,0,23,4,1,1,0,1,0,0,0,0,0,1,2
25476,attack,missed,0,S0,0,22,4,1,0,0,0,1,0,0,0,0,0,0
25483,attack,missed,0,S0,0,23,4,1,0,0,0,1,0,0,0,0,0,0
25485,attack,off_target,3,S0,0,22,1,1,0,0,0,0,1,0,0,0,0,0
25486,attack,clean_target_effective,2,S5,5,23,2,1,1,0,1,0,0,0,0,0,1,2
25487,attack,clean_target_ineffective,1,S5,5,22,0,1,1,1,0,0,0,0,0,1,0,1
25494,attack,missed,0,S5,5,23,6,1,0,0,0,1,0,0,0,0,0,0
25496,attack,missed,0,S0,0,23,4,1,0,0,0,1,0,0,0,0,0,0
25497,attack,clean_target_effective,2,S5,5,22,5,1,1,0,1,0,0,0,0,0,1,2
25498,attack,missed,0,S0,0,23,1,1,0,0,0,1,0,0,0,0,0,0
25500,attack,missed,0,S5,5,23,1,1,0,0,0,1,0,0,0,0,0,0
25501,attack,clean_target_effective,2,S0,0,23,1,1,1,0,1,0,0,0,0,0,1,2
25505,attack,multi_hit,4,S0,0,23,1,1,0,0,0,0,0,1,0,0,0,0
25516,attack,clean_target_effective,2,S5,5,22,4,1,1,0,1,0,0,0,0,0,1,2
25518,attack,missed,0,S0,0,23,5,1,0,0,0,1,0,0,0,0,0,0
25520,attack,invalid_reset,5,S0,0,22,0,0,0,0,0,0,0,0,1,0,0,0
25530,attack,missed,0,S0,0,22,7,1,0,0,0,1,0,0,0,0,0,0
25537,attack,clean_target_effective,2,S5,5,23,3,1,1,0,1,0,0,0,0,0,1,2
25541,attack,clean_target_effective,2,S0,0,23,2,1,1,0,1,0,0,0,0,0,1,2
25549,attack,multi_hit,4,S0,0,22,0,1,0,0,0,0,0,1,0,0,0,0
25560,attack,clean_target_effective,2,S0,0,22,0,1,1,0,1,0,0,0,0,0,1,2
25570,attack,off_target,3,S0,0,23,0,1,0,0,0,0,1,0,0,0,0,0
25576,attack,clean_target_effective,2,S0,0,23,1,1,1,0,1,0,0,0,0,0,1,2
25584,attack,invalid_reset,5,S5,5,22,7,0,0,0,0,0,0,0,1,0,0,0
25585,attack,off_target,3,S0,0,22,1,1,0,0,0,0,1,0,0,0,0,0
25591,attack,clean_target_ineffective,1,S5,5,22,4,1,1,1,0,0,0,0,0,1,0,1
25597,attack,missed,0,S5,5,23,4,1,0,0,0,1,0,0,0,0,0,0
25605,attack,invalid_reset,5,S0,0,23,0,0,0,0,0,0,0,0,1,0,0,0
25611,attack,clean_target_effective,2,S5,5,23,3,1,1,0,1,0,0,0,0,0,1,2
25615,attack,off_target,3,S0,0,23,3,1,0,0,0,0,1,0,0,0,0,0
25616,attack,clean_target_effective,2,S5,5,22,1,1,1,0,1,0,0,0,0,0,1,2
25618,attack,missed,0,S5,5,22,6,1,0,0,0,1,0,0,0,0,0,0
25619,attack,off_target,3,S5,5,22,4,1,0,0,0,0,1,0,0,0,0,0
25620,attack,off_target,3,S5,5,22,0,1,0,0,0,0,1,0,0,0,0,0
25621,attack,off_target,3,S5,5,22,0,1,0,0,0,0,1,0,0,0,0,0
25622,attack,multi_hit,4,S5,5,22,2,1,0,0,0,0,0,1,0,0,0,0
25625,attack,missed,0,S5,5,22,7,1,0,0,0,1,0,0,0,0,0,0
25627,attack,clean_target_effective,2,S0,0,23,7,1,1,0,1,0,0,0,0,0,1,2
25631,attack,off_target,3,S5,5,23,3,1,0,0,0,0,1,0,0,0,0,0
25633,attack,multi_hit,4,S5,5,22,3,1,0,0,0,0,0,1,0,0,0,0
25640,attack,clean_target_effective,2,S5,5,22,6,1,1,0,1,0,0,0,0,0,1,2
25644,attack,invalid_reset,5,S5,5,22,5,0,0,0,0,0,0,0,1,0,0,0
25648,attack,clean_target_effective,2,S0,0,22,3,1,1,0,1,0,0,0,0,0,1,2
25659,attack,missed,0,S5,5,22,5,1,0,0,0,1,0,0,0,0,0,0
25660,attack,clean_target_effective,2,S5,5,22,6,1,1,0,1,0,0,0,0,0,1,2
25662,attack,clean_target_ineffective,1,S5,5,23,3,1,1,1,0,0,0,0,0,1,0,1
25664,attack,missed,0,S5,5,23,2,1,0,0,0,1,0,0,0,0,0,0
25668,attack,multi_hit,4,S5,5,23,6,1,0,0,0,0,0,1,0,0,0,0
25671,attack,clean_target_effective,2,S5,5,22,3,1,1,0,1,0,0,0,0,0,1,2
25674,attack,missed,0,S0,0,22,4,1,0,0,0,1,0,0,0,0,0,0
25675,attack,invalid_reset,5,S0,0,23,3,0,0,0,0,0,0,0,1,0,0,0
25682,attack,clean_target_effective,2,S0,0,23,7,1,1,0,1,0,0,0,0,0,1,2
25685,attack,clean_target_effective,2,S5,5,22,1,1,1,0,1,0,0,0,0,0,1,2
25686,attack,missed,0,S5,5,23,6,1,0,0,0,1,0,0,0,0,0,0
25688,attack,missed,0,S0,0,22,7,1,0,0,0,1,0,0,0,0,0,0
25690,attack,multi_hit,4,S5,5,23,4,1,0,0,0,0,0,1,0,0,0,0
25694,attack,clean_target_effective,2,S0,0,23,1,1,1,0,1,0,0,0,0,0,1,2
25695,attack,clean_target_effective,2,S0,0,22,7,1,1,0,1,0,0,0,0,0,1,2
25696,attack,clean_target_ineffective,1,S0,0,22,6,1,1,1,0,0,0,0,0,1,0,1
25699,attack,multi_hit,4,S0,0,22,0,1,0,0,0,0,0,1,0,0,0,0
25701,attack,clean_target_ineffective,1,S0,0,23,7,1,1,1,0,0,0,0,0,1,0,1
25702,attack,missed,0,S0,0,23,3,1,0,0,0,1,0,0,0,0,0,0
25704,attack,multi_hit,4,S5,5,22,0,1,0,0,0,0,0,1,0,0,0,0
25705,attack,clean_target_effective,2,S0,0,23,3,1,1,0,1,0,0,0,0,0,1,2
25708,attack,clean_target_effective,2,S5,5,23,2,1,1,0,1,0,0,0,0,0,1,2
25716,attack,multi_hit,4,S0,0,22,6,1,0,0,0,0,0,1,0,0,0,0
25721,attack,missed,0,S0,0,22,1,1,0,0,0,1,0,0,0,0,0,0
25746,attack,missed,0,S0,0,23,7,1,0,0,0,1,0,0,0,0,0,0
25749,attack,missed,0,S0,0,22,1,1,0,0,0,1,0,0,0,0,0,0
25751,attack,clean_target_effective,2,S0,0,23,2,1,1,0,1,0,0,0,0,0,1,2
25753,attack,clean_target_effective,2,S5,5,23,4,1,1,0,1,0,0,0,0,0,1,2
25760,attack,clean_target_effective,2,S5,5,22,2,1,1,0,1,0,0,0,0,0,1,2
25761,attack,off_target,3,S5,5,22,3,1,0,0,0,0,1,0,0,0,0,0
25764,attack,clean_target_effective,2,S0,0,22,6,1,1,0,1,0,0,0,0,0,1,2
25770,attack,clean_target_effective,2,S5,5,23,7,1,1,0,1,0,0,0,0,0,1,2
25773,attack,off_target,3,S5,5,23,7,1,0,0,0,0,1,0,0,0,0,0
25774,attack,off_target,3,S5,5,22,4,1,0,0,0,0,1,0,0,0,0,0
25777,attack,clean_target_effective,2,S5,5,22,2,1,1,0,1,0,0,0,0,0,1,2
25780,attack,clean_target_effective,2,S0,0,23,5,1,1,0,1,0,0,0,0,0,1,2
25786,attack,multi_hit,4,S5,5,23,0,1,0,0,0,0,0,1,0,0,0,0
25788,attack,multi_hit,4,S0,0,23,3,1,0,0,0,0,0,1,0,0,0,0
25789,attack,clean_target_effective,2,S0,0,22,6,1,1,0,1,0,0,0,0,0,1,2
25799,attack,off_target,3,S5,5,22,4,1,0,0,0,0,1,0,0,0,0,0
25807,attack,clean_target_ineffective,1,S0,0,22,2,1,1,1,0,0,0,0,0,1,0,1
25825,attack,clean_target_effective,2,S0,0,22,3,1,1,0,1,0,0,0,0,0,1,2
25826,attack,clean_target_ineffective,1,S5,5,22,5,1,1,1,0,0,0,0,0,1,0,1
25827,attack,clean_target_effective,2,S0,0,23,0,1,1,0,1,0,0,0,0,0,1,2
25829,attack,missed,0,S0,0,23,5,1,0,0,0,1,0,0,0,0,0,0
25832,attack,off_target,3,S0,0,23,3,1,0,0,0,0,1,0,0,0,0,0
25836,attack,clean_target_ineffective,1,S0,0,23,3,1,1,1,0,0,0,0,0,1,0,1
25838,attack,clean_target_effective,2,S0,0,23,2,1,1,0,1,0,0,0,0,0,1,2
25843,attack,missed,0,S5,5,23,2,1,0,0,0,1,0,0,0,0,0,0
25845,attack,clean_target_ineffective,1,S0,0,22,1,1,1,1,0,0,0,0,0,1,0,1
25846,attack,missed,0,S0,0,23,0,1,0,0,0,1,0,0,0,0,0,0
25850,attack,clean_target_effective,2,S5,5,22,7,1,1,0,1,0,0,0,0,0,1,2
25855,attack,missed,0,S0,0,22,0,1,0,0,0,1,0,0,0,0,0,0
25862,attack,missed,0,S5,5,23,7,1,0,0,0,1,0,0,0,0,0,0
25865,attack,missed,0,S5,5,22,0,1,0,0,0,1,0,0,0,0,0,0
25868,attack,off_target,3,S0,0,23,0,1,0,0,0,0,1,0,0,0,0,0
25869,attack,clean_target_ineffective,1,S0,0,22,2,1,1,1,0,0,0,0,0,1,0,1
25873,attack,clean_target_ineffective,1,S5,5,23,4,1,1,1,0,0,0,0,0,1,0,1
25878,attack,clean_target_effective,2,S5,5,22,7,1,1,0,1,0,0,0,0,0,1,2
25879,attack,missed,0,S0,0,22,4,1,0,0,0,1,0,0,0,0,0,0
25883,attack,clean_target_ineffective,1,S0,0,23,6,1,1,1,0,0,0,0,0,1,0,1
25885,attack,multi_hit,4,S0,0,22,6,1,0,0,0,0,0,1,0,0,0,0
25887,attack,multi_hit,4,S0,0,22,3,1,0,0,0,0,0,1,0,0,0,0
25890,attack,clean_target_effective,2,S0,0,22,7,1,1,0,1,0,0,0,0,0,1,2
25891,attack,clean_target_effective,2,S0,0,22,3,1,1,0,1,0,0,0,0,0,1,2
25892,attack,missed,0,S5,5,22,6,1,0,0,0,1,0,0,0,0,0,0
25894,attack,off_target,3,S0,0,22,7,1,0,0,0,0,1,0,0,0,0,0
25897,attack,clean_target_ineffective,1,S0,0,22,7,1,1,1,0,0,0,0,0,1,0,1
25899,attack,missed,0,S0,0,22,1,1,0,0,0,1,0,0,0,0,0,0
25901,attack,clean_target_effective,2,S5,5,23,6,1,1,0,1,0,0,0,0,0,1,2
25907,attack,clean_target_ineffective,1,S0,0,22,4,1,1,1,0,0,0,0,0,1,0,1
25910,attack,clean_target_ineffective,1,S5,5,22,3,1,1,1,0,0,0,0,0,1,0,1
25911,attack,missed,0,S5,5,23,6,1,0,0,0,1,0,0,0,0,0,0
25925,attack,off_target,3,S0,0,23,5,1,0,0,0,0,1,0,0,0,0,0
25928,attack,invalid_reset,5,S5,5,23,6,0,0,0,0,0,0,0,1,0,0,0
25929,attack,multi_hit,4,S0,0,23,2,1,0,0,0,0,0,1,0,0,0,0
25937,attack,off_target,3,S5,5,22,2,1,0,0,0,0,1,0,0,0,0,0
25939,attack,clean_target_effective,2,S5,5,22,5,1,1,0,1,0,0,0,0,0,1,2
25946,attack,invalid_reset,5,S5,5,23,2,0,0,0,0,0,0,0,1,0,0,0
25950,attack,missed,0,S5,5,23,0,1,0,0,0,1,0,0,0,0,0,0
25955,attack,off_target,3,S0,0,23,6,1,0,0,0,0,1,0,0,0,0,0
25967,attack,missed,0,S0,0,23,0,1,0,0,0,1,0,0,0,0,0,0
25969,attack,multi_hit,4,S5,5,23,6,1,0,0,0,0,0,1,0,0,0,0
25972,attack,missed,0,S0,0,22,4,1,0,0,0,1,0,0,0,0,0,0
25987,attack,missed,0,S0,0,23,1,1,0,0,0,1,0,0,0,0,0,0
25992,attack,missed,0,S0,0,22,3,1,0,0,0,1,0,0,0,0,0,0
26005,attack,clean_target_effective,2,S0,0,23,2,1,1,0,1,0,0,0,0,0,1,2
26006,attack,clean_target_effective,2,S0,0,23,1,1,1,0,1,0,0,0,0,0,1,2
26015,attack,missed,0,S0,0,23,3,1,0,0,0,1,0,0,0,0,0,0
26019,attack,off_target,3,S5,5,22,6,1,0,0,0,0,1,0,0,0,0,0
26024,attack,missed,0,S5,5,23,0,1,0,0,0,1,0,0,0,0,0,0
26028,attack,off_target,3,S5,5,22,7,1,0,0,0,0,1,0,0,0,0,0
26032,attack,missed,0,S0,0,23,0,1,0,0,0,1,0,0,0,0,0,0
26033,attack,clean_target_ineffective,1,S5,5,22,2,1,1,1,0,0,0,0,0,1,0,1
26046,attack,off_target,3,S5,5,22,2,1,0,0,0,0,1,0,0,0,0,0
26055,attack,multi_hit,4,S5,5,22,3,1,0,0,0,0,0,1,0,0,0,0
26056,attack,multi_hit,4,S5,5,23,3,1,0,0,0,0,0,1,0,0,0,0
26057,attack,missed,0,S0,0,23,6,1,0,0,0,1,0,0,0,0,0,0
26058,attack,off_target,3,S5,5,22,0,1,0,0,0,0,1,0,0,0,0,0
26064,attack,clean_target_effective,2,S5,5,22,6,1,1,0,1,0,0,0,0,0,1,2
26066,attack,multi_hit,4,S5,5,23,7,1,0,0,0,0,0,1,0,0,0,0
26068,attack,clean_target_effective,2,S0,0,22,6,1,1,0,1,0,0,0,0,0,1,2
26075,attack,off_target,3,S5,5,22,4,1,0,0,0,0,1,0,0,0,0,0
26076,attack,off_target,3,S5,5,23,6,1,0,0,0,0,1,0,0,0,0,0
26081,attack,off_target,3,S0,0,23,7,1,0,0,0,0,1,0,0,0,0,0
26086,attack,missed,0,S5,5,23,2,1,0,0,0,1,0,0,0,0,0,0
26089,attack,missed,0,S0,0,23,5,1,0,0,0,1,0,0,0,0,0,0
26093,attack,multi_hit,4,S5,5,23,4,1,0,0,0,0,0,1,0,0,0,0
26094,attack,clean_target_effective,2,S5,5,22,7,1,1,0,1,0,0,0,0,0,1,2
26096,attack,clean_target_effective,2,S0,0,23,6,1,1,0,1,0,0,0,0,0,1,2
26098,attack,multi_hit,4,S5,5,22,1,1,0,0,0,0,0,1,0,0,0,0
26100,attack,clean_target_effective,2,S5,5,22,3,1,1,0,1,0,0,0,0,0,1,2
26106,attack,clean_target_ineffective,1,S0,0,23,4,1,1,1,0,0,0,0,0,1,0,1
26107,attack,missed,0,S0,0,22,5,1,0,0,0,1,0,0,0,0,0,0
26113,attack,clean_target_effective,2,S5,5,23,0,1,1,0,1,0,0,0,0,0,1,2
26121,attack,clean_target_effective,2,S0,0,23,4,1,1,0,1,0,0,0,0,0,1,2
26128,attack,missed,0,S0,0,23,6,1,0,0,0,1,0,0,0,0,0,0
26129,attack,missed,0,S0,0,22,5,1,0,0,0,1,0,0,0,0,0,0
26142,attack,clean_target_effective,2,S5,5,22,4,1,1,0,1,0,0,0,0,0,1,2
26144,attack,off_target,3,S0,0,22,4,1,0,0,0,0,1,0,0,0,0,0
26145,attack,missed,0,S0,0,23,3,1,0,0,0,1,0,0,0,0,0,0
26149,attack,clean_target_ineffective,1,S5,5,22,0,1,1,1,0,0,0,0,0,1,0,1
26151,attack,clean_target_effective,2,S5,5,23,1,1,1,0,1,0,0,0,0,0,1,2
26153,attack,missed,0,S5,5,22,7,1,0,0,0,1,0,0,0,0,0,0
26162,attack,clean_target_effective,2,S5,5,22,5,1,1,0,1,0,0,0,0,0,1,2
26164,attack,clean_target_effective,2,S0,0,22,7,1,1,0,1,0,0,0,0,0,1,2
26177,attack,multi_hit,4,S5,5,22,6,1,0,0,0,0,0,1,0,0,0,0
26179,attack,multi_hit,4,S5,5,23,2,1,0,0,0,0,0,1,0,0,0,0
26190,attack,clean_target_effective,2,S0,0,22,5,1,1,0,1,0,0,0,0,0,1,2
26192,attack,multi_hit,4,S0,0,23,2,1,0,0,0,0,0,1,0,0,0,0
26193,attack,clean_target_effective,2,S0,0,23,5,1,1,0,1,0,0,0,0,0,1,2
26214,attack,clean_target_effective,2,S0,0,23,4,1,1,0,1,0,0,0,0,0,1,2
26216,attack,off_target,3,S5,5,23,2,1,0,0,0,0,1,0,0,0,0,0
26218,attack,off_target,3,S5,5,23,5,1,0,0,0,0,1,0,0,0,0,0
26232,attack,clean_target_effective,2,S5,5,22,7,1,1,0,1,0,0,0,0,0,1,2
26237,attack,missed,0,S5,5,23,2,1,0,0,0,1,0,0,0,0,0,0
26247,attack,clean_target_effective,2,S0,0,23,2,1,1,0,1,0,0,0,0,0,1,2
26250,attack,missed,0,S0,0,23,6,1,0,0,0,1,0,0,0,0,0,0
26256,attack,off_target,3,S5,5,22,0,1,0,0,0,0,1,0,0,0,0,0
26257,attack,missed,0,S0,0,23,5,1,0,0,0,1,0,0,0,0,0,0
26258,attack,clean_target_effective,2,S0,0,22,0,1,1,0,1,0,0,0,0,0,1,2
26261,attack,missed,0,S5,5,23,2,1,0,0,0,1,0,0,0,0,0,0
26263,attack,missed,0,S0,0,22,6,1,0,0,0,1,0,0,0,0,0,0
26264,attack,off_target,3,S5,5,23,6,1,0,0,0,0,1,0,0,0,0,0
26273,attack,off_target,3,S5,5,23,3,1,0,0,0,0,1,0,0,0,0,0
26276,attack,clean_target_effective,2,S5,5,22,4,1,1,0,1,0,0,0,0,0,1,2
26277,attack,multi_hit,4,S5,5,22,1,1,0,0,0,0,0,1,0,0,0,0
26286,attack,multi_hit,4,S0,0,22,3,1,0,0,0,0,0,1,0,0,0,0
26288,attack,off_target,3,S5,5,22,2,1,0,0,0,0,1,0,0,0,0,0
26289,attack,clean_target_effective,2,S5,5,23,7,1,1,0,1,0,0,0,0,0,1,2
26291,attack,clean_target_effective,2,S0,0,23,0,1,1,0,1,0,0,0,0,0,1,2
26292,attack,missed,0,S5,5,22,1,1,0,0,0,1,0,0,0,0,0,0
26294,attack,off_target,3,S0,0,22,1,1,0,0,0,0,1,0,0,0,0,0
26304,attack,off_target,3,S5,5,23,4,1,0,0,0,0,1,0,0,0,0,0
26308,attack,missed,0,S5,5,22,1,1,0,0,0,1,0,0,0,0,0,0
26310,attack,multi_hit,4,S0,0,23,4,1,0,0,0,0,0,1,0,0,0,0
26314,attack,clean_target_ineffective,1,S5,5,22,5,1,1,1,0,0,0,0,0,1,0,1
26319,attack,clean_target_effective,2,S0,0,23,5,1,1,0,1,0,0,0,0,0,1,2
26320,attack,missed,0,S0,0,23,5,1,0,0,0,1,0,0,0,0,0,0
26324,attack,clean_target_effective,2,S5,5,23,7,1,1,0,1,0,0,0,0,0,1,2
26325,attack,clean_target_effective,2,S5,5,22,5,1,1,0,1,0,0,0,0,0,1,2
26340,attack,missed,0,S5,5,23,1,1,0,0,0,1,0,0,0,0,0,0
26342,attack,clean_target_ineffective,1,S5,5,22,6,1,1,1,0,0,0,0,0,1,0,1
26343,attack,off_target,3,S0,0,22,7,1,0,0,0,0,1,0,0,0,0,0
26347,attack,off_target,3,S0,0,22,6,1,0,0,0,0,1,0,0,0,0,0
26354,attack,clean_target_ineffective,1,S0,0,23,6,1,1,1,0,0,0,0,0,1,0,1
26361,attack,off_target,3,S5,5,23,7,1,0,0,0,0,1,0,0,0,0,0
26364,attack,missed,0,S5,5,22,0,1,0,0,0,1,0,0,0,0,0,0
26369,attack,off_target,3,S5,5,22,5,1,0,0,0,0,1,0,0,0,0,0
26375,attack,clean_target_effective,2,S5,5,23,0,1,1,0,1,0,0,0,0,0,1,2
26383,attack,missed,0,S0,0,23,6,1,0,0,0,1,0,0,0,0,0,0
26384,attack,off_target,3,S0,0,22,5,1,0,0,0,0,1,0,0,0,0,0
26385,attack,off_target,3,S0,0,22,1,1,0,0,0,0,1,0,0,0,0,0
26387,attack,invalid_reset,5,S5,5,23,6,0,0,0,0,0,0,0,1,0,0,0
26392,attack,clean_target_ineffective,1,S5,5,22,7,1,1,1,0,0,0,0,0,1,0,1
26397,attack,clean_target_ineffective,1,S0,0,22,5,1,1,1,0,0,0,0,0,1,0,1
26402,attack,clean_target_effective,2,S0,0,23,7,1,1,0,1,0,0,0,0,0,1,2
26405,attack,off_target,3,S5,5,23,3,1,0,0,0,0,1,0,0,0,0,0
26409,attack,off_target,3,S5,5,22,0,1,0,0,0,0,1,0,0,0,0,0
26414,attack,missed,0,S0,0,23,7,1,0,0,0,1,0,0,0,0,0,0
26430,attack,off_target,3,S5,5,23,0,1,0,0,0,0,1,0,0,0,0,0
26431,attack,clean_target_effective,2,S0,0,22,2,1,1,0,1,0,0,0,0,0,1,2
26439,attack,missed,0,S0,0,22,1,1,0,0,0,1,0,0,0,0,0,0
26444,attack,missed,0,S0,0,23,1,1,0,0,0,1,0,0,0,0,0,0
26447,attack,missed,0,S5,5,23,3,1,0,0,0,1,0,0,0,0,0,0
26450,attack,off_target,3,S5,5,23,0,1,0,0,0,0,1,0,0,0,0,0
26453,attack,off_target,3,S0,0,22,0,1,0,0,0,0,1,0,0,0,0,0
26454,attack,clean_target_effective,2,S0,0,23,1,1,1,0,1,0,0,0,0,0,1,2
26455,attack,multi_hit,4,S5,5,23,7,1,0,0,0,0,0,1,0,0,0,0
26459,attack,missed,0,S5,5,23,4,1,0,0,0,1,0,0,0,0,0,0
26463,attack,missed,0,S0,0,22,2,1,0,0,0,1,0,0,0,0,0,0
26475,attack,missed,0,S5,5,22,6,1,0,0,0,1,0,0,0,0,0,0
26487,attack,multi_hit,4,S5,5,23,4,1,0,0,0,0,0,1,0,0,0,0
26488,attack,missed,0,S0,0,23,3,1,0,0,0,1,0,0,0,0,0,0
26496,attack,clean_target_effective,2,S5,5,23,1,1,1,0,1,0,0,0,0,0,1,2
26501,attack,off_target,3,S5,5,22,4,1,0,0,0,0,1,0,0,0,0,0
26503,attack,clean_target_effective,2,S5,5,22,1,1,1,0,1,0,0,0,0,0,1,2
26516,attack,missed,0,S5,5,23,7,1,0,0,0,1,0,0,0,0,0,0
26517,attack,multi_hit,4,S0,0,22,3,1,0,0,0,0,0,1,0,0,0,0
26520,attack,missed,0,S0,0,23,2,1,0,0,0,1,0,0,0,0,0,0
26522,attack,clean_target_effective,2,S0,0,22,3,1,1,0,1,0,0,0,0,0,1,2
26529,attack,missed,0,S5,5,23,0,1,0,0,0,1,0,0,0,0,0,0
26532,attack,missed,0,S5,5,23,1,1,0,0,0,1,0,0,0,0,0,0
26535,attack,invalid_reset,5,S0,0,22,0,0,0,0,0,0,0,0,1,0,0,0
26536,attack,clean_target_effective,2,S5,5,22,4,1,1,0,1,0,0,0,0,0,1,2
26540,attack,invalid_reset,5,S5,5,22,2,0,0,0,0,0,0,0,1,0,0,0
26542,attack,clean_target_ineffective,1,S0,0,22,4,1,1,1,0,0,0,0,0,1,0,1
26546,attack,off_target,3,S5,5,22,4,1,0,0,0,0,1,0,0,0,0,0
26554,attack,clean_target_effective,2,S0,0,22,5,1,1,0,1,0,0,0,0,0,1,2
26558,attack,off_target,3,S5,5,22,1,1,0,0,0,0,1,0,0,0,0,0
26559,attack,missed,0,S5,5,22,0,1,0,0,0,1,0,0,0,0,0,0
26569,attack,missed,0,S5,5,23,2,1,0,0,0,1,0,0,0,0,0,0
26577,attack,clean_target_effective,2,S5,5,22,2,1,1,0,1,0,0,0,0,0,1,2
26592,attack,off_target,3,S0,0,23,4,1,0,0,0,0,1,0,0,0,0,0
26595,attack,clean_target_ineffective,1,S5,5,23,2,1,1,1,0,0,0,0,0,1,0,1
26596,attack,off_target,3,S0,0,23,4,1,0,0,0,0,1,0,0,0,0,0
26600,attack,missed,0,S5,5,23,1,1,0,0,0,1,0,0,0,0,0,0
26601,attack,multi_hit,4,S5,5,22,0,1,0,0,0,0,0,1,0,0,0,0
26609,attack,multi_hit,4,S5,5,22,5,1,0,0,0,0,0,1,0,0,0,0
26612,attack,multi_hit,4,S5,5,23,6,1,0,0,0,0,0,1,0,0,0,0
26614,attack,clean_target_effective,2,S5,5,22,3,1,1,0,1,0,0,0,0,0,1,2
26625,attack,clean_target_effective,2,S0,0,22,5,1,1,0,1,0,0,0,0,0,1,2
26629,attack,off_target,3,S5,5,23,3,1,0,0,0,0,1,0,0,0,0,0
26636,attack,off_target,3,S5,5,23,1,1,0,0,0,0,1,0,0,0,0,0
26652,attack,off_target,3,S0,0,22,2,1,0,0,0,0,1,0,0,0,0,0
26659,attack,clean_target_effective,2,S0,0,22,4,1,1,0,1,0,0,0,0,0,1,2
26661,attack,multi_hit,4,S5,5,23,6,1,0,0,0,0,0,1,0,0,0,0
26665,attack,off_target,3,S5,5,22,4,1,0,0,0,0,1,0,0,0,0,0
26667,attack,missed,0,S5,5,22,6,1,0,0,0,1,0,0,0,0,0,0
26671,attack,clean_target_effective,2,S5,5,22,6,1,1,0,1,0,0,0,0,0,1,2
26678,attack,missed,0,S0,0,22,0,1,0,0,0,1,0,0,0,0,0,0
26685,attack,clean_target_ineffective,1,S0,0,23,5,1,1,1,0,0,0,0,0,1,0,1
26690,attack,clean_target_ineffective,1,S5,5,23,2,1,1,1,0,0,0,0,0,1,0,1
26691,attack,multi_hit,4,S0,0,23,6,1,0,0,0,0,0,1,0,0,0,0
26692,attack,off_target,3,S0,0,22,1,1,0,0,0,0,1,0,0,0,0,0
26696,attack,clean_target_ineffective,1,S5,5,23,6,1,1,1,0,0,0,0,0,1,0,1
26698,attack,clean_target_effective,2,S5,5,22,3,1,1,0,1,0,0,0,0,0,1,2
26701,attack,multi_hit,4,S5,5,23,5,1,0,0,0,0,0,1,0,0,0,0
26707,attack,clean_target_ineffective,1,S0,0,23,5,1,1,1,0,0,0,0,0,1,0,1
26711,attack,clean_target_ineffective,1,S5,5,23,0,1,1,1,0,0,0,0,0,1,0,1
26718,attack,off_target,3,S5,5,22,0,1,0,0,0,0,1,0,0,0,0,0
26726,attack,clean_target_ineffective,1,S5,5,22,0,1,1,1,0,0,0,0,0,1,0,1
26733,attack,multi_hit,4,S0,0,22,0,1,0,0,0,0,0,1,0,0,0,0
26746,attack,clean_target_effective,2,S0,0,23,4,1,1,0,1,0,0,0,0,0,1,2
26752,attack,missed,0,S0,0,23,4,1,0,0,0,1,0,0,0,0,0,0
26756,attack,off_target,3,S0,0,22,0,1,0,0,0,0,1,0,0,0,0,0
26759,attack,off_target,3,S5,5,23,7,1,0,0,0,0,1,0,0,0,0,0
26761,attack,clean_target_effective,2,S0,0,22,6,1,1,0,1,0,0,0,0,0,1,2
26762,attack,missed,0,S5,5,23,2,1,0,0,0,1,0,0,0,0,0,0
26764,attack,multi_hit,4,S0,0,22,5,1,0,0,0,0,0,1,0,0,0,0
26768,attack,multi_hit,4,S5,5,22,5,1,0,0,0,0,0,1,0,0,0,0
26772,attack,missed,0,S5,5,23,5,1,0,0,0,1,0,0,0,0,0,0
26776,attack,clean_target_ineffective,1,S0,0,23,1,1,1,1,0,0,0,0,0,1,0,1
26785,attack,clean_target_effective,2,S0,0,22,2,1,1,0,1,0,0,0,0,0,1,2
26791,attack,invalid_reset,5,S5,5,23,1,0,0,0,0,0,0,0,1,0,0,0
26808,attack,clean_target_effective,2,S5,5,22,3,1,1,0,1,0,0,0,0,0,1,2
26809,attack,clean_target_effective,2,S0,0,23,4,1,1,0,1,0,0,0,0,0,1,2
26812,attack,multi_hit,4,S0,0,23,7,1,0,0,0,0,0,1,0,0,0,0
26821,attack,clean_target_ineffective,1,S5,5,22,0,1,1,1,0,0,0,0,0,1,0,1
26825,attack,missed,0,S5,5,23,4,1,0,0,0,1,0,0,0,0,0,0
26826,attack,multi_hit,4,S5,5,22,1,1,0,0,0,0,0,1,0,0,0,0
26836,attack,clean_target_effective,2,S5,5,22,6,1,1,0,1,0,0,0,0,0,1,2
26839,attack,missed,0,S0,0,23,4,1,0,0,0,1,0,0,0,0,0,0
26843,attack,multi_hit,4,S5,5,22,2,1,0,0,0,0,0,1,0,0,0,0
26844,attack,clean_target_effective,2,S0,0,23,2,1,1,0,1,0,0,0,0,0,1,2
26854,attack,off_target,3,S0,0,23,0,1,0,0,0,0,1,0,0,0,0,0
26855,attack,missed,0,S5,5,22,5,1,0,0,0,1,0,0,0,0,0,0
26857,attack,invalid_reset,5,S5,5,22,5,0,0,0,0,0,0,0,1,0,0,0
26863,attack,clean_target_ineffective,1,S5,5,22,2,1,1,1,0,0,0,0,0,1,0,1
26865,attack,off_target,3,S0,0,22,3,1,0,0,0,0,1,0,0,0,0,0
26870,attack,multi_hit,4,S0,0,22,6,1,0,0,0,0,0,1,0,0,0,0
26876,attack,clean_target_effective,2,S0,0,23,0,1,1,0,1,0,0,0,0,0,1,2
26877,attack,missed,0,S0,0,22,0,1,0,0,0,1,0,0,0,0,0,0
26879,attack,missed,0,S5,5,23,0,1,0,0,0,1,0,0,0,0,0,0
26885,attack,clean_target_effective,2,S5,5,23,1,1,1,0,1,0,0,0,0,0,1,2
26887,attack,missed,0,S5,5,22,6,1,0,0,0,1,0,0,0,0,0,0
26889,attack,multi_hit,4,S0,0,22,5,1,0,0,0,0,0,1,0,0,0,0
26891,attack,clean_target_effective,2,S0,0,22,0,1,1,0,1,0,0,0,0,0,1,2
26892,attack,clean_target_ineffective,1,S0,0,23,6,1,1,1,0,0,0,0,0,1,0,1
26893,attack,multi_hit,4,S5,5,22,4,1,0,0,0,0,0,1,0,0,0,0
26903,attack,missed,0,S0,0,23,4,1,0,0,0,1,0,0,0,0,0,0
26906,attack,clean_target_effective,2,S5,5,23,7,1,1,0,1,0,0,0,0,0,1,2
26908,attack,missed,0,S5,5,22,2,1,0,0,0,1,0,0,0,0,0,0
26920,attack,invalid_reset,5,S5,5,23,3,0,0,0,0,0,0,0,1,0,0,0
26921,attack,off_target,3,S5,5,23,0,1,0,0,0,0,1,0,0,0,0,0
26924,attack,clean_target_ineffective,1,S5,5,22,0,1,1,1,0,0,0,0,0,1,0,1
26928,attack,invalid_reset,5,S0,0,23,5,0,0,0,0,0,0,0,1,0,0,0
26929,attack,multi_hit,4,S5,5,23,3,1,0,0,0,0,0,1,0,0,0,0
26931,attack,multi_hit,4,S5,5,22,1,1,0,0,0,0,0,1,0,0,0,0
26936,attack,multi_hit,4,S5,5,22,2,1,0,0,0,0,0,1,0,0,0,0
26938,attack,missed,0,S0,0,22,2,1,0,0,0,1,0,0,0,0,0,0
26939,attack,off_target,3,S5,5,22,5,1,0,0,0,0,1,0,0,0,0,0
26945,attack,clean_target_effective,2,S0,0,22,5,1,1,0,1,0,0,0,0,0,1,2
26946,attack,off_target,3,S5,5,23,7,1,0,0,0,0,1,0,0,0,0,0
26950,attack,missed,0,S0,0,22,6,1,0,0,0,1,0,0,0,0,0,0
26951,attack,missed,0,S0,0,22,5,1,0,0,0,1,0,0,0,0,0,0
26954,attack,multi_hit,4,S5,5,23,2,1,0,0,0,0,0,1,0,0,0,0
26961,attack,missed,0,S5,5,22,7,1,0,0,0,1,0,0,0,0,0,0
26962,attack,clean_target_ineffective,1,S0,0,22,6,1,1,1,0,0,0,0,0,1,0,1
26965,attack,off_target,3,S5,5,22,7,1,0,0,0,0,1,0,0,0,0,0
26966,attack,missed,0,S5,5,23,7,1,0,0,0,1,0,0,0,0,0,0
26970,attack,missed,0,S0,0,22,7,1,0,0,0,1,0,0,0,0,0,0
26979,attack,missed,0,S0,0,22,7,1,0,0,0,1,0,0,0,0,0,0
26981,attack,off_target,3,S5,5,22,7,1,0,0,0,0,1,0,0,0,0,0
26990,attack,clean_target_effective,2,S0,0,23,2,1,1,0,1,0,0,0,0,0,1,2
26991,attack,missed,0,S5,5,22,0,1,0,0,0,1,0,0,0,0,0,0
27003,attack,off_target,3,S5,5,22,4,1,0,0,0,0,1,0,0,0,0,0
27010,attack,clean_target_effective,2,S0,0,22,1,1,1,0,1,0,0,0,0,0,1,2
27017,attack,missed,0,S0,0,22,0,1,0,0,0,1,0,0,0,0,0,0
27023,attack,clean_target_effective,2,S5,5,23,1,1,1,0,1,0,0,0,0,0,1,2
27032,attack,clean_target_ineffective,1,S5,5,23,2,1,1,1,0,0,0,0,0,1,0,1
27036,attack,invalid_reset,5,S0,0,22,5,0,0,0,0,0,0,0,1,0,0,0
27037,attack,missed,0,S0,0,23,2,1,0,0,0,1,0,0,0,0,0,0
27038,attack,multi_hit,4,S5,5,23,5,1,0,0,0,0,0,1,0,0,0,0
27043,attack,missed,0,S5,5,22,1,1,0,0,0,1,0,0,0,0,0,0
27044,attack,clean_target_effective,2,S0,0,22,7,1,1,0,1,0,0,0,0,0,1,2
27048,attack,clean_target_effective,2,S5,5,23,0,1,1,0,1,0,0,0,0,0,1,2
27054,attack,missed,0,S0,0,22,4,1,0,0,0,1,0,0,0,0,0,0
27055,attack,clean_target_effective,2,S0,0,22,5,1,1,0,1,0,0,0,0,0,1,2
27058,attack,clean_target_effective,2,S5,5,22,4,1,1,0,1,0,0,0,0,0,1,2
27070,attack,clean_target_effective,2,S0,0,23,5,1,1,0,1,0,0,0,0,0,1,2
27073,attack,clean_target_effective,2,S5,5,22,3,1,1,0,1,0,0,0,0,0,1,2
27074,attack,missed,0,S0,0,22,4,1,0,0,0,1,0,0,0,0,0,0
27079,attack,off_target,3,S5,5,22,4,1,0,0,0,0,1,0,0,0,0,0
27081,attack,clean_target_effective,2,S0,0,22,6,1,1,0,1,0,0,0,0,0,1,2
27082,attack,invalid_reset,5,S0,0,22,4,0,0,0,0,0,0,0,1,0,0,0
27085,attack,clean_target_effective,2,S5,5,22,6,1,1,0,1,0,0,0,0,0,1,2
27087,attack,off_target,3,S0,0,22,6,1,0,0,0,0,1,0,0,0,0,0
27091,attack,missed,0,S5,5,23,3,1,0,0,0,1,0,0,0,0,0,0
27092,attack,missed,0,S0,0,22,3,1,0,0,0,1,0,0,0,0,0,0
27099,attack,multi_hit,4,S5,5,23,4,1,0,0,0,0,0,1,0,0,0,0
27100,attack,missed,0,S0,0,22,5,1,0,0,0,1,0,0,0,0,0,0
27101,attack,clean_target_ineffective,1,S0,0,22,6,1,1,1,0,0,0,0,0,1,0,1
27102,attack,clean_target_ineffective,1,S0,0,22,4,1,1,1,0,0,0,0,0,1,0,1
27109,attack,invalid_reset,5,S0,0,23,4,0,0,0,0,0,0,0,1,0,0,0
27117,attack,off_target,3,S5,5,22,1,1,0,0,0,0,1,0,0,0,0,0
27118,attack,clean_target_effective,2,S5,5,23,1,1,1,0,1,0,0,0,0,0,1,2
27123,attack,clean_target_effective,2,S0,0,23,1,1,1,0,1,0,0,0,0,0,1,2
27125,attack,missed,0,S0,0,23,6,1,0,0,0,1,0,0,0,0,0,0
27136,attack,missed,0,S5,5,23,7,1,0,0,0,1,0,0,0,0,0,0
27137,attack,missed,0,S0,0,22,6,1,0,0,0,1,0,0,0,0,0,0
27140,attack,missed,0,S5,5,23,0,1,0,0,0,1,0,0,0,0,0,0
27145,attack,off_target,3,S5,5,23,6,1,0,0,0,0,1,0,0,0,0,0
27148,attack,multi_hit,4,S0,0,22,1,1,0,0,0,0,0,1,0,0,0,0
27149,attack,missed,0,S0,0,23,5,1,0,0,0,1,0,0,0,0,0,0
27159,attack,clean_target_effective,2,S0,0,22,2,1,1,0,1,0,0,0,0,0,1,2
27161,attack,clean_target_ineffective,1,S5,5,22,0,1,1,1,0,0,0,0,0,1,0,1
27168,attack,missed,0,S5,5,22,1,1,0,0,0,1,0,0,0,0,0,0
27171,attack,multi_hit,4,S5,5,22,6,1,0,0,0,0,0,1,0,0,0,0
27173,attack,multi_hit,4,S0,0,22,6,1,0,0,0,0,0,1,0,0,0,0
27177,attack,clean_target_ineffective,1,S5,5,22,7,1,1,1,0,0,0,0,0,1,0,1
27179,attack,multi_hit,4,S0,0,23,2,1,0,0,0,0,0,1,0,0,0,0
27185,attack,clean_target_effective,2,S0,0,23,1,1,1,0,1,0,0,0,0,0,1,2
27187,attack,clean_target_effective,2,S5,5,23,1,1,1,0,1,0,0,0,0,0,1,2
27190,attack,missed,0,S5,5,23,6,1,0,0,0,1,0,0,0,0,0,0
27197,attack,missed,0,S5,5,23,7,1,0,0,0,1,0,0,0,0,0,0
27199,attack,missed,0,S0,0,23,5,1,0,0,0,1,0,0,0,0,0,0
27203,attack,multi_hit,4,S5,5,22,1,1,0,0,0,0,0,1,0,0,0,0
27210,attack,missed,0,S0,0,22,2,1,0,0,0,1,0,0,0,0,0,0
27220,attack,clean_target_ineffective,1,S5,5,22,3,1,1,1,0,0,0,0,0,1,0,1
27224,attack,clean_target_effective,2,S5,5,23,0,1,1,0,1,0,0,0,0,0,1,2
27225,attack,clean_target_effective,2,S5,5,22,5,1,1,0,1,0,0,0,0,0,1,2
27230,attack,off_target,3,S5,5,23,3,1,0,0,0,0,1,0,0,0,0,0
27232,attack,clean_target_effective,2,S5,5,22,6,1,1,0,1,0,0,0,0,0,1,2
27233,attack,missed,0,S0,0,23,6,1,0,0,0,1,0,0,0,0,0,0
27234,attack,off_target,3,S0,0,23,3,1,0,0,0,0,1,0,0,0,0,0
27240,attack,clean_target_effective,2,S0,0,22,0,1,1,0,1,0,0,0,0,0,1,2
27251,attack,off_target,3,S5,5,22,0,1,0,0,0,0,1,0,0,0,0,0
27253,attack,clean_target_effective,2,S5,5,22,2,1,1,0,1,0,0,0,0,0,1,2
27259,attack,clean_target_effective,2,S5,5,23,3,1,1,0,1,0,0,0,0,0,1,2
27260,attack,missed,0,S0,0,22,3,1,0,0,0,1,0,0,0,0,0,0
27268,attack,clean_target_ineffective,1,S5,5,22,7,1,1,1,0,0,0,0,0,1,0,1
27269,attack,clean_target_ineffective,1,S5,5,23,3,1,1,1,0,0,0,0,0,1,0,1
27272,attack,clean_target_effective,2,S5,5,23,6,1,1,0,1,0,0,0,0,0,1,2
27273,attack,invalid_reset,5,S5,5,22,0,0,0,0,0,0,0,0,1,0,0,0
27281,attack,off_target,3,S5,5,23,1,1,0,0,0,0,1,0,0,0,0,0
27283,attack,clean_target_effective,2,S5,5,23,2,1,1,0,1,0,0,0,0,0,1,2
27284,attack,clean_target_ineffective,1,S5,5,23,2,1,1,1,0,0,0,0,0,1,0,1
27287,attack,clean_target_effective,2,S0,0,22,3,1,1,0,1,0,0,0,0,0,1,2
27292,attack,multi_hit,4,S5,5,22,1,1,0,0,0,0,0,1,0,0,0,0
27295,attack,clean_target_effective,2,S5,5,23,7,1,1,0,1,0,0,0,0,0,1,2
27301,attack,clean_target_ineffective,1,S5,5,23,4,1,1,1,0,0,0,0,0,1,0,1
27304,attack,invalid_reset,5,S5,5,22,1,0,0,0,0,0,0,0,1,0,0,0
27309,attack,clean_target_ineffective,1,S5,5,23,7,1,1,1,0,0,0,0,0,1,0,1
27312,attack,clean_target_effective,2,S0,0,22,0,1,1,0,1,0,0,0,0,0,1,2
27321,attack,clean_target_effective,2,S5,5,23,7,1,1,0,1,0,0,0,0,0,1,2
27334,attack,off_target,3,S0,0,22,6,1,0,0,0,0,1,0,0,0,0,0
27339,attack,invalid_reset,5,S5,5,23,7,0,0,0,0,0,0,0,1,0,0,0
27341,attack,invalid_reset,5,S0,0,22,7,0,0,0,0,0,0,0,1,0,0,0
27344,attack,clean_target_effective,2,S0,0,22,1,1,1,0,1,0,0,0,0,0,1,2
27352,attack,missed,0,S5,5,23,0,1,0,0,0,1,0,0,0,0,0,0
27355,attack,clean_target_effective,2,S0,0,22,5,1,1,0,1,0,0,0,0,0,1,2
27365,attack,clean_target_effective,2,S0,0,22,2,1,1,0,1,0,0,0,0,0,1,2
27375,attack,missed,0,S0,0,22,0,1,0,0,0,1,0,0,0,0,0,0
27381,attack,missed,0,S0,0,22,3,1,0,0,0,1,0,0,0,0,0,0
27385,attack,missed,0,S5,5,22,2,1,0,0,0,1,0,0,0,0,0,0
27386,attack,missed,0,S0,0,22,0,1,0,0,0,1,0,0,0,0,0,0
27388,attack,clean_target_ineffective,1,S5,5,23,0,1,1,1,0,0,0,0,0,1,0,1
27391,attack,clean_target_effective,2,S5,5,22,3,1,1,0,1,0,0,0,0,0,1,2
27393,attack,missed,0,S5,5,22,3,1,0,0,0,1,0,0,0,0,0,0
27397,attack,missed,0,S5,5,23,2,1,0,0,0,1,0,0,0,0,0,0
27403,attack,missed,0,S0,0,23,7,1,0,0,0,1,0,0,0,0,0,0
27406,attack,clean_target_ineffective,1,S0,0,22,7,1,1,1,0,0,0,0,0,1,0,1
27409,attack,clean_target_ineffective,1,S5,5,22,1,1,1,1,0,0,0,0,0,1,0,1
27415,attack,clean_target_ineffective,1,S0,0,22,5,1,1,1,0,0,0,0,0,1,0,1
27416,attack,clean_target_ineffective,1,S5,5,23,5,1,1,1,0,0,0,0,0,1,0,1
27424,attack,clean_target_effective,2,S0,0,23,3,1,1,0,1,0,0,0,0,0,1,2
27430,attack,invalid_reset,5,S5,5,23,2,0,0,0,0,0,0,0,1,0,0,0
27432,attack,off_target,3,S0,0,23,3,1,0,0,0,0,1,0,0,0,0,0
27437,attack,clean_target_ineffective,1,S0,0,22,2,1,1,1,0,0,0,0,0,1,0,1
27438,attack,clean_target_ineffective,1,S5,5,22,1,1,1,1,0,0,0,0,0,1,0,1
27439,attack,missed,0,S0,0,22,7,1,0,0,0,1,0,0,0,0,0,0
27441,attack,clean_target_effective,2,S5,5,23,6,1,1,0,1,0,0,0,0,0,1,2
27452,attack,multi_hit,4,S0,0,22,6,1,0,0,0,0,0,1,0,0,0,0
27454,attack,missed,0,S0,0,23,5,1,0,0,0,1,0,0,0,0,0,0
27455,attack,clean_target_effective,2,S0,0,23,4,1,1,0,1,0,0,0,0,0,1,2
27462,attack,missed,0,S0,0,23,2,1,0,0,0,1,0,0,0,0,0,0
27464,attack,multi_hit,4,S0,0,22,5,1,0,0,0,0,0,1,0,0,0,0
27465,attack,clean_target_effective,2,S5,5,23,3,1,1,0,1,0,0,0,0,0,1,2
27481,attack,clean_target_effective,2,S0,0,23,6,1,1,0,1,0,0,0,0,0,1,2
27482,attack,clean_target_effective,2,S0,0,23,4,1,1,0,1,0,0,0,0,0,1,2
27485,attack,clean_target_effective,2,S5,5,22,6,1,1,0,1,0,0,0,0,0,1,2
27489,attack,off_target,3,S0,0,23,5,1,0,0,0,0,1,0,0,0,0,0
27490,attack,off_target,3,S5,5,22,2,1,0,0,0,0,1,0,0,0,0,0
27493,attack,clean_target_effective,2,S0,0,23,5,1,1,0,1,0,0,0,0,0,1,2
27497,attack,off_target,3,S5,5,23,1,1,0,0,0,0,1,0,0,0,0,0
27500,attack,clean_target_effective,2,S0,0,22,4,1,1,0,1,0,0,0,0,0,1,2
27502,attack,off_target,3,S5,5,23,6,1,0,0,0,0,1,0,0,0,0,0
27504,attack,multi_hit,4,S0,0,22,7,1,0,0,0,0,0,1,0,0,0,0
27506,attack,multi_hit,4,S0,0,22,1,1,0,0,0,0,0,1,0,0,0,0
27507,attack,multi_hit,4,S0,0,23,4,1,0,0,0,0,0,1,0,0,0,0
27512,attack,missed,0,S0,0,22,0,1,0,0,0,1,0,0,0,0,0,0
27515,attack,multi_hit,4,S5,5,23,3,1,0,0,0,0,0,1,0,0,0,0
27522,attack,missed,0,S5,5,23,6,1,0,0,0,1,0,0,0,0,0,0
27532,attack,missed,0,S5,5,23,0,1,0,0,0,1,0,0,0,0,0,0
27544,attack,clean_target_ineffective,1,S0,0,23,0,1,1,1,0,0,0,0,0,1,0,1
27545,attack,off_target,3,S5,5,23,1,1,0,0,0,0,1,0,0,0,0,0
27549,attack,missed,0,S0,0,22,3,1,0,0,0,1,0,0,0,0,0,0
27550,attack,clean_target_ineffective,1,S5,5,22,6,1,1,1,0,0,0,0,0,1,0,1
27551,attack,missed,0,S5,5,22,4,1,0,0,0,1,0,0,0,0,0,0
27556,attack,missed,0,S0,0,22,1,1,0,0,0,1,0,0,0,0,0,0
27560,attack,missed,0,S5,5,23,3,1,0,0,0,1,0,0,0,0,0,0
27567,attack,off_target,3,S5,5,23,2,1,0,0,0,0,1,0,0,0,0,0
27570,attack,missed,0,S0,0,22,6,1,0,0,0,1,0,0,0,0,0,0
27572,attack,off_target,3,S5,5,22,5,1,0,0,0,0,1,0,0,0,0,0
27573,attack,multi_hit,4,S0,0,23,2,1,0,0,0,0,0,1,0,0,0,0
27574,attack,multi_hit,4,S0,0,23,2,1,0,0,0,0,0,1,0,0,0,0
27577,attack,clean_target_effective,2,S0,0,23,6,1,1,0,1,0,0,0,0,0,1,2
27581,attack,missed,0,S0,0,22,7,1,0,0,0,1,0,0,0,0,0,0
27582,attack,multi_hit,4,S5,5,22,7,1,0,0,0,0,0,1,0,0,0,0
27586,attack,missed,0,S0,0,23,2,1,0,0,0,1,0,0,0,0,0,0
27589,attack,invalid_reset,5,S5,5,22,3,0,0,0,0,0,0,0,1,0,0,0
27591,attack,multi_hit,4,S0,0,22,5,1,0,0,0,0,0,1,0,0,0,0
27593,attack,clean_target_effective,2,S0,0,23,4,1,1,0,1,0,0,0,0,0,1,2
27597,attack,off_target,3,S0,0,23,6,1,0,0,0,0,1,0,0,0,0,0
27603,attack,clean_target_ineffective,1,S5,5,22,2,1,1,1,0,0,0,0,0,1,0,1
27604,attack,clean_target_effective,2,S0,0,22,0,1,1,0,1,0,0,0,0,0,1,2
27621,attack,missed,0,S5,5,23,1,1,0,0,0,1,0,0,0,0,0,0
27624,attack,missed,0,S0,0,23,2,1,0,0,0,1,0,0,0,0,0,0
27626,attack,off_target,3,S5,5,22,2,1,0,0,0,0,1,0,0,0,0,0
27627,attack,clean_target_effective,2,S0,0,22,7,1,1,0,1,0,0,0,0,0,1,2
27634,attack,clean_target_ineffective,1,S0,0,22,3,1,1,1,0,0,0,0,0,1,0,1
27641,attack,multi_hit,4,S0,0,22,4,1,0,0,0,0,0,1,0,0,0,0
27643,attack,multi_hit,4,S5,5,23,0,1,0,0,0,0,0,1,0,0,0,0
27654,attack,missed,0,S5,5,22,3,1,0,0,0,1,0,0,0,0,0,0
27655,attack,missed,0,S5,5,23,6,1,0,0,0,1,0,0,0,0,0,0
27656,attack,multi_hit,4,S5,5,23,6,1,0,0,0,0,0,1,0,0,0,0
27659,attack,invalid_reset,5,S5,5,23,2,0,0,0,0,0,0,0,1,0,0,0
27663,attack,multi_hit,4,S5,5,23,0,1,0,0,0,0,0,1,0,0,0,0
27665,attack,off_target,3,S5,5,22,7,1,0,0,0,0,1,0,0,0,0,0
27667,attack,clean_target_effective,2,S5,5,22,2,1,1,0,1,0,0,0,0,0,1,2
27672,attack,invalid_reset,5,S5,5,22,3,0,0,0,0,0,0,0,1,0,0,0
27674,attack,off_target,3,S5,5,23,3,1,0,0,0,0,1,0,0,0,0,0
27681,attack,clean_target_effective,2,S0,0,23,7,1,1,0,1,0,0,0,0,0,1,2
27682,attack,off_target,3,S0,0,22,6,1,0,0,0,0,1,0,0,0,0,0
27685,attack,clean_target_ineffective,1,S5,5,23,3,1,1,1,0,0,0,0,0,1,0,1
27691,attack,missed,0,S5,5,22,3,1,0,0,0,1,0,0,0,0,0,0
27692,attack,clean_target_ineffective,1,S0,0,23,7,1,1,1,0,0,0,0,0,1,0,1
27697,attack,clean_target_effective,2,S5,5,23,2,1,1,0,1,0,0,0,0,0,1,2
27700,attack,clean_target_effective,2,S5,5,23,2,1,1,0,1,0,0,0,0,0,1,2
27701,attack,missed,0,S0,0,23,4,1,0,0,0,1,0,0,0,0,0,0
27706,attack,clean_target_effective,2,S0,0,22,5,1,1,0,1,0,0,0,0,0,1,2
27709,attack,clean_target_effective,2,S0,0,23,7,1,1,0,1,0,0,0,0,0,1,2
27711,attack,clean_target_effective,2,S5,5,23,3,1,1,0,1,0,0,0,0,0,1,2
27719,attack,clean_target_effective,2,S0,0,23,4,1,1,0,1,0,0,0,0,0,1,2
27722,attack,missed,0,S0,0,22,5,1,0,0,0,1,0,0,0,0,0,0
27725,attack,clean_target_ineffective,1,S0,0,22,5,1,1,1,0,0,0,0,0,1,0,1
27726,attack,off_target,3,S0,0,23,0,1,0,0,0,0,1,0,0,0,0,0
27727,attack,off_target,3,S0,0,22,3,1,0,0,0,0,1,0,0,0,0,0
27729,attack,clean_target_ineffective,1,S5,5,23,1,1,1,1,0,0,0,0,0,1,0,1
27730,attack,clean_target_ineffective,1,S5,5,23,7,1,1,1,0,0,0,0,0,1,0,1
27733,attack,clean_target_ineffective,1,S5,5,22,7,1,1,1,0,0,0,0,0,1,0,1
27736,attack,off_target,3,S0,0,22,3,1,0,0,0,0,1,0,0,0,0,0
27737,attack,missed,0,S0,0,22,4,1,0,0,0,1,0,0,0,0,0,0
27739,attack,clean_target_effective,2,S5,5,23,5,1,1,0,1,0,0,0,0,0,1,2
27740,attack,clean_target_effective,2,S5,5,22,3,1,1,0,1,0,0,0,0,0,1,2
27742,attack,clean_target_effective,2,S5,5,22,0,1,1,0,1,0,0,0,0,0,1,2
27746,attack,clean_target_effective,2,S5,5,22,3,1,1,0,1,0,0,0,0,0,1,2
27748,attack,missed,0,S0,0,22,6,1,0,0,0,1,0,0,0,0,0,0
27749,attack,clean_target_effective,2,S0,0,23,3,1,1,0,1,0,0,0,0,0,1,2
27751,attack,missed,0,S0,0,22,5,1,0,0,0,1,0,0,0,0,0,0
27760,attack,multi_hit,4,S0,0,23,5,1,0,0,0,0,0,1,0,0,0,0
27764,attack,clean_target_effective,2,S5,5,23,7,1,1,0,1,0,0,0,0,0,1,2
27768,attack,clean_target_effective,2,S0,0,23,0,1,1,0,1,0,0,0,0,0,1,2
27775,attack,missed,0,S5,5,23,3,1,0,0,0,1,0,0,0,0,0,0
27776,attack,clean_target_effective,2,S0,0,23,0,1,1,0,1,0,0,0,0,0,1,2
27778,attack,clean_target_ineffective,1,S0,0,22,3,1,1,1,0,0,0,0,0,1,0,1
27786,attack,missed,0,S5,5,22,0,1,0,0,0,1,0,0,0,0,0,0
27792,attack,invalid_reset,5,S5,5,23,1,0,0,0,0,0,0,0,1,0,0,0
27796,attack,clean_target_ineffective,1,S5,5,22,6,1,1,1,0,0,0,0,0,1,0,1
27804,attack,clean_target_effective,2,S0,0,23,1,1,1,0,1,0,0,0,0,0,1,2
27809,attack,clean_target_ineffective,1,S5,5,23,3,1,1,1,0,0,0,0,0,1,0,1
27813,attack,missed,0,S5,5,22,3,1,0,0,0,1,0,0,0,0,0,0
27814,attack,clean_target_effective,2,S5,5,22,5,1,1,0,1,0,0,0,0,0,1,2
27815,attack,clean_target_ineffective,1,S5,5,22,1,1,1,1,0,0,0,0,0,1,0,1
27817,attack,off_target,3,S0,0,23,5,1,0,0,0,0,1,0,0,0,0,0
27834,attack,missed,0,S0,0,23,6,1,0,0,0,1,0,0,0,0,0,0
27839,attack,missed,0,S5,5,22,1,1,0,0,0,1,0,0,0,0,0,0
27840,attack,clean_target_effective,2,S5,5,23,3,1,1,0,1,0,0,0,0,0,1,2
27841,attack,clean_target_effective,2,S0,0,23,5,1,1,0,1,0,0,0,0,0,1,2
27842,attack,invalid_reset,5,S5,5,23,7,0,0,0,0,0,0,0,1,0,0,0
27843,attack,off_target,3,S5,5,23,6,1,0,0,0,0,1,0,0,0,0,0
27844,attack,clean_target_effective,2,S5,5,22,0,1,1,0,1,0,0,0,0,0,1,2
27846,attack,multi_hit,4,S5,5,22,3,1,0,0,0,0,0,1,0,0,0,0
27847,attack,missed,0,S5,5,22,0,1,0,0,0,1,0,0,0,0,0,0
27849,attack,off_target,3,S0,0,23,5,1,0,0,0,0,1,0,0,0,0,0
27852,attack,clean_target_effective,2,S0,0,22,4,1,1,0,1,0,0,0,0,0,1,2
27876,attack,multi_hit,4,S5,5,23,5,1,0,0,0,0,0,1,0,0,0,0
27883,attack,off_target,3,S5,5,23,4,1,0,0,0,0,1,0,0,0,0,0
27887,attack,off_target,3,S5,5,23,4,1,0,0,0,0,1,0,0,0,0,0
27898,attack,missed,0,S5,5,23,4,1,0,0,0,1,0,0,0,0,0,0
27905,attack,clean_target_effective,2,S5,5,23,6,1,1,0,1,0,0,0,0,0,1,2
27908,attack,clean_target_effective,2,S5,5,23,1,1,1,0,1,0,0,0,0,0,1,2
27910,attack,off_target,3,S5,5,22,6,1,0,0,0,0,1,0,0,0,0,0
27912,attack,clean_target_effective,2,S0,0,22,5,1,1,0,1,0,0,0,0,0,1,2
27913,attack,off_target,3,S0,0,22,0,1,0,0,0,0,1,0,0,0,0,0
27914,attack,clean_target_effective,2,S0,0,23,7,1,1,0,1,0,0,0,0,0,1,2
27923,attack,missed,0,S5,5,23,3,1,0,0,0,1,0,0,0,0,0,0
27935,attack,off_target,3,S5,5,22,1,1,0,0,0,0,1,0,0,0,0,0
27939,attack,clean_target_effective,2,S5,5,23,0,1,1,0,1,0,0,0,0,0,1,2
27945,attack,clean_target_effective,2,S5,5,22,7,1,1,0,1,0,0,0,0,0,1,2
27947,attack,off_target,3,S0,0,23,4,1,0,0,0,0,1,0,0,0,0,0
27951,attack,clean_target_effective,2,S0,0,23,3,1,1,0,1,0,0,0,0,0,1,2
27953,attack,clean_target_ineffective,1,S0,0,22,2,1,1,1,0,0,0,0,0,1,0,1
27955,attack,multi_hit,4,S5,5,22,6,1,0,0,0,0,0,1,0,0,0,0
27963,attack,off_target,3,S5,5,22,2,1,0,0,0,0,1,0,0,0,0,0
27964,attack,clean_target_effective,2,S0,0,23,2,1,1,0,1,0,0,0,0,0,1,2
27966,attack,multi_hit,4,S0,0,23,0,1,0,0,0,0,0,1,0,0,0,0
27967,attack,off_target,3,S5,5,23,3,1,0,0,0,0,1,0,0,0,0,0
27969,attack,clean_target_effective,2,S0,0,22,6,1,1,0,1,0,0,0,0,0,1,2
27971,attack,missed,0,S0,0,23,3,1,0,0,0,1,0,0,0,0,0,0
27972,attack,multi_hit,4,S0,0,23,0,1,0,0,0,0,0,1,0,0,0,0
27974,attack,clean_target_effective,2,S5,5,23,6,1,1,0,1,0,0,0,0,0,1,2
27977,attack,clean_target_effective,2,S5,5,22,2,1,1,0,1,0,0,0,0,0,1,2
27980,attack,multi_hit,4,S0,0,22,5,1,0,0,0,0,0,1,0,0,0,0
27981,attack,clean_target_effective,2,S5,5,22,6,1,1,0,1,0,0,0,0,0,1,2
27982,attack,multi_hit,4,S5,5,23,7,1,0,0,0,0,0,1,0,0,0,0
27985,attack,clean_target_ineffective,1,S5,5,23,6,1,1,1,0,0,0,0,0,1,0,1
27988,attack,multi_hit,4,S5,5,23,6,1,0,0,0,0,0,1,0,0,0,0
27989,attack,missed,0,S5,5,22,6,1,0,0,0,1,0,0,0,0,0,0
27991,attack,clean_target_effective,2,S5,5,23,2,1,1,0,1,0,0,0,0,0,1,2
27992,attack,off_target,3,S0,0,22,3,1,0,0,0,0,1,0,0,0,0,0
27993,attack,multi_hit,4,S0,0,23,4,1,0,0,0,0,0,1,0,0,0,0
27995,attack,clean_target_ineffective,1,S0,0,22,5,1,1,1,0,0,0,0,0,1,0,1
27997,attack,missed,0,S0,0,23,7,1,0,0,0,1,0,0,0,0,0,0
28000,attack,multi_hit,4,S0,0,22,5,1,0,0,0,0,0,1,0,0,0,0
28010,attack,clean_target_effective,2,S5,5,22,5,1,1,0,1,0,0,0,0,0,1,2
28015,attack,off_target,3,S0,0,22,4,1,0,0,0,0,1,0,0,0,0,0
28029,attack,clean_target_effective,2,S5,5,23,5,1,1,0,1,0,0,0,0,0,1,2
28033,attack,missed,0,S0,0,22,7,1,0,0,0,1,0,0,0,0,0,0
28036,attack,missed,0,S0,0,23,5,1,0,0,0,1,0,0,0,0,0,0
28038,attack,clean_target_effective,2,S0,0,23,6,1,1,0,1,0,0,0,0,0,1,2
28039,attack,missed,0,S5,5,23,6,1,0,0,0,1,0,0,0,0,0,0
28043,attack,multi_hit,4,S5,5,23,3,1,0,0,0,0,0,1,0,0,0,0
28045,attack,off_target,3,S5,5,23,6,1,0,0,0,0,1,0,0,0,0,0
28048,attack,clean_target_effective,2,S0,0,23,1,1,1,0,1,0,0,0,0,0,1,2
28049,attack,missed,0,S5,5,22,0,1,0,0,0,1,0,0,0,0,0,0
28051,attack,off_target,3,S0,0,23,2,1,0,0,0,0,1,0,0,0,0,0
28054,attack,off_target,3,S5,5,23,7,1,0,0,0,0,1,0,0,0,0,0
28056,attack,missed,0,S5,5,23,1,1,0,0,0,1,0,0,0,0,0,0
28063,attack,missed,0,S0,0,22,5,1,0,0,0,1,0,0,0,0,0,0
28065,attack,off_target,3,S5,5,22,7,1,0,0,0,0,1,0,0,0,0,0
28069,attack,invalid_reset,5,S5,5,22,4,0,0,0,0,0,0,0,1,0,0,0
28070,attack,missed,0,S5,5,22,5,1,0,0,0,1,0,0,0,0,0,0
28071,attack,clean_target_effective,2,S5,5,22,4,1,1,0,1,0,0,0,0,0,1,2
28074,attack,missed,0,S0,0,23,0,1,0,0,0,1,0,0,0,0,0,0
28077,attack,missed,0,S5,5,23,1,1,0,0,0,1,0,0,0,0,0,0
28088,attack,clean_target_ineffective,1,S0,0,23,5,1,1,1,0,0,0,0,0,1,0,1
28095,attack,invalid_reset,5,S0,0,23,1,0,0,0,0,0,0,0,1,0,0,0
28099,attack,clean_target_effective,2,S0,0,23,0,1,1,0,1,0,0,0,0,0,1,2
28103,attack,missed,0,S5,5,22,7,1,0,0,0,1,0,0,0,0,0,0
28106,attack,missed,0,S5,5,23,6,1,0,0,0,1,0,0,0,0,0,0
28108,attack,clean_target_ineffective,1,S0,0,22,2,1,1,1,0,0,0,0,0,1,0,1
28112,attack,clean_target_effective,2,S0,0,23,2,1,1,0,1,0,0,0,0,0,1,2
28114,attack,missed,0,S0,0,22,6,1,0,0,0,1,0,0,0,0,0,0
28120,attack,off_target,3,S5,5,22,6,1,0,0,0,0,1,0,0,0,0,0
28133,attack,missed,0,S0,0,22,7,1,0,0,0,1,0,0,0,0,0,0
28134,attack,missed,0,S5,5,23,5,1,0,0,0,1,0,0,0,0,0,0
28135,attack,clean_target_effective,2,S0,0,23,0,1,1,0,1,0,0,0,0,0,1,2
28137,attack,multi_hit,4,S5,5,22,6,1,0,0,0,0,0,1,0,0,0,0
28139,attack,clean_target_ineffective,1,S5,5,23,5,1,1,1,0,0,0,0,0,1,0,1
28145,attack,missed,0,S5,5,22,6,1,0,0,0,1,0,0,0,0,0,0
28146,attack,clean_target_effective,2,S5,5,23,1,1,1,0,1,0,0,0,0,0,1,2
28148,attack,off_target,3,S0,0,23,2,1,0,0,0,0,1,0,0,0,0,0
28150,attack,clean_target_ineffective,1,S0,0,23,1,1,1,1,0,0,0,0,0,1,0,1
28152,attack,off_target,3,S0,0,22,6,1,0,0,0,0,1,0,0,0,0,0
28155,attack,missed,0,S5,5,23,3,1,0,0,0,1,0,0,0,0,0,0
28160,attack,off_target,3,S0,0,22,2,1,0,0,0,0,1,0,0,0,0,0
28162,attack,missed,0,S0,0,22,0,1,0,0,0,1,0,0,0,0,0,0
28165,attack,clean_target_ineffective,1,S5,5,22,5,1,1,1,0,0,0,0,0,1,0,1
28170,attack,clean_target_ineffective,1,S0,0,22,6,1,1,1,0,0,0,0,0,1,0,1
28174,attack,off_target,3,S5,5,23,5,1,0,0,0,0,1,0,0,0,0,0
28186,attack,missed,0,S0,0,23,5,1,0,0,0,1,0,0,0,0,0,0
28195,attack,missed,0,S5,5,23,7,1,0,0,0,1,0,0,0,0,0,0
28203,attack,clean_target_effective,2,S0,0,22,0,1,1,0,1,0,0,0,0,0,1,2
28206,attack,clean_target_effective,2,S5,5,23,6,1,1,0,1,0,0,0,0,0,1,2
28211,attack,clean_target_effective,2,S0,0,22,4,1,1,0,1,0,0,0,0,0,1,2
28212,attack,invalid_reset,5,S0,0,22,0,0,0,0,0,0,0,0,1,0,0,0
28214,attack,missed,0,S5,5,22,2,1,0,0,0,1,0,0,0,0,0,0
28215,attack,clean_target_ineffective,1,S5,5,23,6,1,1,1,0,0,0,0,0,1,0,1
28219,attack,off_target,3,S0,0,23,6,1,0,0,0,0,1,0,0,0,0,0
28221,attack,clean_target_ineffective,1,S5,5,22,2,1,1,1,0,0,0,0,0,1,0,1
28234,attack,missed,0,S0,0,22,1,1,0,0,0,1,0,0,0,0,0,0
28235,attack,multi_hit,4,S5,5,23,7,1,0,0,0,0,0,1,0,0,0,0
28237,attack,missed,0,S0,0,22,5,1,0,0,0,1,0,0,0,0,0,0
28240,attack,invalid_reset,5,S5,5,22,6,0,0,0,0,0,0,0,1,0,0,0
28244,attack,missed,0,S0,0,22,0,1,0,0,0,1,0,0,0,0,0,0
28252,attack,missed,0,S5,5,22,0,1,0,0,0,1,0,0,0,0,0,0
28259,attack,off_target,3,S5,5,22,0,1,0,0,0,0,1,0,0,0,0,0
28268,attack,invalid_reset,5,S5,5,22,0,0,0,0,0,0,0,0,1,0,0,0
28279,attack,missed,0,S0,0,23,4,1,0,0,0,1,0,0,0,0,0,0
28284,attack,missed,0,S0,0,23,4,1,0,0,0,1,0,0,0,0,0,0
28286,attack,clean_target_effective,2,S5,5,23,4,1,1,0,1,0,0,0,0,0,1,2
28289,attack,off_target,3,S5,5,23,5,1,0,0,0,0,1,0,0,0,0,0
28294,attack,off_target,3,S5,5,22,5,1,0,0,0,0,1,0,0,0,0,0
28297,attack,clean_target_effective,2,S0,0,22,4,1,1,0,1,0,0,0,0,0,1,2
28310,attack,missed,0,S5,5,22,2,1,0,0,0,1,0,0,0,0,0,0
28316,attack,clean_target_effective,2,S0,0,23,1,1,1,0,1,0,0,0,0,0,1,2
28319,attack,missed,0,S5,5,22,5,1,0,0,0,1,0,0,0,0,0,0
28321,attack,missed,0,S0,0,22,3,1,0,0,0,1,0,0,0,0,0,0
28327,attack,clean_target_effective,2,S5,5,22,7,1,1,0,1,0,0,0,0,0,1,2
28333,attack,missed,0,S5,5,23,2,1,0,0,0,1,0,0,0,0,0,0
28334,attack,clean_target_effective,2,S0,0,23,1,1,1,0,1,0,0,0,0,0,1,2
28339,attack,missed,0,S0,0,22,7,1,0,0,0,1,0,0,0,0,0,0
28342,attack,off_target,3,S5,5,22,3,1,0,0,0,0,1,0,0,0,0,0
28353,attack,clean_target_ineffective,1,S5,5,23,4,1,1,1,0,0,0,0,0,1,0,1
28358,attack,clean_target_effective,2,S5,5,23,1,1,1,0,1,0,0,0,0,0,1,2
28369,attack,missed,0,S5,5,23,7,1,0,0,0,1,0,0,0,0,0,0
28372,attack,clean_target_effective,2,S5,5,23,1,1,1,0,1,0,0,0,0,0,1,2
28376,attack,clean_target_ineffective,1,S5,5,22,3,1,1,1,0,0,0,0,0,1,0,1
28379,attack,off_target,3,S0,0,23,3,1,0,0,0,0,1,0,0,0,0,0
28395,attack,off_target,3,S0,0,22,4,1,0,0,0,0,1,0,0,0,0,0
28396,attack,off_target,3,S5,5,22,3,1,0,0,0,0,1,0,0,0,0,0
28403,attack,off_target,3,S5,5,23,3,1,0,0,0,0,1,0,0,0,0,0
28406,attack,missed,0,S0,0,23,2,1,0,0,0,1,0,0,0,0,0,0
28408,attack,multi_hit,4,S5,5,23,6,1,0,0,0,0,0,1,0,0,0,0
28410,attack,invalid_reset,5,S0,0,22,7,0,0,0,0,0,0,0,1,0,0,0
28411,attack,invalid_reset,5,S5,5,23,4,0,0,0,0,0,0,0,1,0,0,0
28418,attack,missed,0,S5,5,22,0,1,0,0,0,1,0,0,0,0,0,0
28421,attack,missed,0,S5,5,22,6,1,0,0,0,1,0,0,0,0,0,0
28429,attack,clean_target_ineffective,1,S5,5,22,3,1,1,1,0,0,0,0,0,1,0,1
28438,attack,clean_target_effective,2,S0,0,22,1,1,1,0,1,0,0,0,0,0,1,2
28440,attack,off_target,3,S0,0,22,2,1,0,0,0,0,1,0,0,0,0,0
28443,attack,clean_target_effective,2,S0,0,22,5,1,1,0,1,0,0,0,0,0,1,2
28453,attack,invalid_reset,5,S5,5,22,7,0,0,0,0,0,0,0,1,0,0,0
28458,attack,clean_target_effective,2,S5,5,22,4,1,1,0,1,0,0,0,0,0,1,2
28460,attack,missed,0,S5,5,23,2,1,0,0,0,1,0,0,0,0,0,0
28463,attack,clean_target_effective,2,S5,5,22,3,1,1,0,1,0,0,0,0,0,1,2
28464,attack,clean_target_ineffective,1,S0,0,23,3,1,1,1,0,0,0,0,0,1,0,1
28465,attack,invalid_reset,5,S5,5,22,7,0,0,0,0,0,0,0,1,0,0,0
28467,attack,missed,0,S0,0,23,6,1,0,0,0,1,0,0,0,0,0,0
28473,attack,off_target,3,S5,5,23,1,1,0,0,0,0,1,0,0,0,0,0
28476,attack,off_target,3,S0,0,23,5,1,0,0,0,0,1,0,0,0,0,0
28494,attack,missed,0,S5,5,22,6,1,0,0,0,1,0,0,0,0,0,0
28500,attack,clean_target_effective,2,S5,5,22,4,1,1,0,1,0,0,0,0,0,1,2
28505,attack,multi_hit,4,S5,5,23,0,1,0,0,0,0,0,1,0,0,0,0
28506,attack,multi_hit,4,S5,5,23,0,1,0,0,0,0,0,1,0,0,0,0
28528,attack,clean_target_ineffective,1,S5,5,22,5,1,1,1,0,0,0,0,0,1,0,1
28531,attack,clean_target_effective,2,S0,0,23,3,1,1,0,1,0,0,0,0,0,1,2
28534,attack,clean_target_effective,2,S5,5,22,7,1,1,0,1,0,0,0,0,0,1,2
28543,attack,clean_target_effective,2,S0,0,22,1,1,1,0,1,0,0,0,0,0,1,2
28544,attack,clean_target_ineffective,1,S0,0,23,2,1,1,1,0,0,0,0,0,1,0,1
28545,attack,missed,0,S0,0,23,0,1,0,0,0,1,0,0,0,0,0,0
28552,attack,clean_target_effective,2,S5,5,22,6,1,1,0,1,0,0,0,0,0,1,2
28554,attack,clean_target_effective,2,S5,5,23,0,1,1,0,1,0,0,0,0,0,1,2
28555,attack,clean_target_ineffective,1,S0,0,22,0,1,1,1,0,0,0,0,0,1,0,1
28563,attack,clean_target_effective,2,S0,0,23,5,1,1,0,1,0,0,0,0,0,1,2
28566,attack,off_target,3,S5,5,23,0,1,0,0,0,0,1,0,0,0,0,0
28567,attack,clean_target_ineffective,1,S5,5,23,1,1,1,1,0,0,0,0,0,1,0,1
28569,attack,off_target,3,S0,0,22,5,1,0,0,0,0,1,0,0,0,0,0
28572,attack,clean_target_effective,2,S0,0,22,3,1,1,0,1,0,0,0,0,0,1,2
28577,attack,missed,0,S0,0,22,2,1,0,0,0,1,0,0,0,0,0,0
28583,attack,multi_hit,4,S5,5,23,0,1,0,0,0,0,0,1,0,0,0,0
28586,attack,clean_target_effective,2,S5,5,23,1,1,1,0,1,0,0,0,0,0,1,2
28595,attack,invalid_reset,5,S5,5,23,2,0,0,0,0,0,0,0,1,0,0,0
28597,attack,missed,0,S0,0,23,6,1,0,0,0,1,0,0,0,0,0,0
28602,attack,multi_hit,4,S5,5,22,3,1,0,0,0,0,0,1,0,0,0,0
28603,attack,missed,0,S0,0,22,5,1,0,0,0,1,0,0,0,0,0,0
28608,attack,missed,0,S0,0,22,3,1,0,0,0,1,0,0,0,0,0,0
28614,attack,missed,0,S0,0,23,0,1,0,0,0,1,0,0,0,0,0,0
28624,attack,clean_target_effective,2,S5,5,22,3,1,1,0,1,0,0,0,0,0,1,2
28626,attack,clean_target_effective,2,S0,0,23,6,1,1,0,1,0,0,0,0,0,1,2
28629,attack,missed,0,S0,0,22,0,1,0,0,0,1,0,0,0,0,0,0
28632,attack,clean_target_effective,2,S5,5,23,6,1,1,0,1,0,0,0,0,0,1,2
28637,attack,clean_target_effective,2,S5,5,23,3,1,1,0,1,0,0,0,0,0,1,2
28639,attack,missed,0,S0,0,23,7,1,0,0,0,1,0,0,0,0,0,0
28640,attack,clean_target_effective,2,S0,0,22,5,1,1,0,1,0,0,0,0,0,1,2
28641,attack,clean_target_ineffective,1,S0,0,22,1,1,1,1,0,0,0,0,0,1,0,1
28659,attack,missed,0,S5,5,23,3,1,0,0,0,1,0,0,0,0,0,0
28660,attack,missed,0,S5,5,23,5,1,0,0,0,1,0,0,0,0,0,0
28663,attack,clean_target_effective,2,S0,0,22,0,1,1,0,1,0,0,0,0,0,1,2
28665,attack,invalid_reset,5,S0,0,22,4,0,0,0,0,0,0,0,1,0,0,0
28667,attack,clean_target_ineffective,1,S5,5,23,7,1,1,1,0,0,0,0,0,1,0,1
28669,attack,off_target,3,S5,5,23,0,1,0,0,0,0,1,0,0,0,0,0
28672,attack,multi_hit,4,S0,0,22,0,1,0,0,0,0,0,1,0,0,0,0
28674,attack,missed,0,S5,5,23,1,1,0,0,0,1,0,0,0,0,0,0
28676,attack,off_target,3,S5,5,22,3,1,0,0,0,0,1,0,0,0,0,0
28683,attack,missed,0,S0,0,23,0,1,0,0,0,1,0,0,0,0,0,0
28685,attack,clean_target_effective,2,S0,0,22,0,1,1,0,1,0,0,0,0,0,1,2
28686,attack,missed,0,S0,0,22,4,1,0,0,0,1,0,0,0,0,0,0
28695,attack,missed,0,S0,0,23,0,1,0,0,0,1,0,0,0,0,0,0
28704,attack,multi_hit,4,S0,0,23,1,1,0,0,0,0,0,1,0,0,0,0
28707,attack,invalid_reset,5,S5,5,23,3,0,0,0,0,0,0,0,1,0,0,0
28714,attack,off_target,3,S5,5,22,6,1,0,0,0,0,1,0,0,0,0,0
28716,attack,clean_target_effective,2,S0,0,22,4,1,1,0,1,0,0,0,0,0,1,2
28717,attack,missed,0,S0,0,22,1,1,0,0,0,1,0,0,0,0,0,0
28720,attack,missed,0,S0,0,23,4,1,0,0,0,1,0,0,0,0,0,0
28725,attack,clean_target_effective,2,S5,5,22,0,1,1,0,1,0,0,0,0,0,1,2
28726,attack,clean_target_effective,2,S5,5,22,5,1,1,0,1,0,0,0,0,0,1,2
28730,attack,multi_hit,4,S5,5,22,7,1,0,0,0,0,0,1,0,0,0,0
28733,attack,off_target,3,S5,5,23,3,1,0,0,0,0,1,0,0,0,0,0
28734,attack,invalid_reset,5,S0,0,22,4,0,0,0,0,0,0,0,1,0,0,0
28735,attack,clean_target_ineffective,1,S5,5,23,6,1,1,1,0,0,0,0,0,1,0,1
28737,attack,clean_target_effective,2,S0,0,23,1,1,1,0,1,0,0,0,0,0,1,2
28744,attack,clean_target_ineffective,1,S0,0,22,2,1,1,1,0,0,0,0,0,1,0,1
28746,attack,clean_target_effective,2,S0,0,22,2,1,1,0,1,0,0,0,0,0,1,2
28748,attack,clean_target_effective,2,S5,5,23,0,1,1,0,1,0,0,0,0,0,1,2
28749,attack,clean_target_ineffective,1,S5,5,22,2,1,1,1,0,0,0,0,0,1,0,1
28750,attack,clean_target_effective,2,S0,0,22,2,1,1,0,1,0,0,0,0,0,1,2
28752,attack,off_target,3,S0,0,22,2,1,0,0,0,0,1,0,0,0,0,0
28753,attack,clean_target_effective,2,S5,5,22,2,1,1,0,1,0,0,0,0,0,1,2
28761,attack,clean_target_effective,2,S0,0,22,3,1,1,0,1,0,0,0,0,0,1,2
28768,attack,clean_target_effective,2,S0,0,22,0,1,1,0,1,0,0,0,0,0,1,2
28783,attack,missed,0,S5,5,22,6,1,0,0,0,1,0,0,0,0,0,0
28786,attack,missed,0,S0,0,23,6,1,0,0,0,1,0,0,0,0,0,0
28795,attack,clean_target_effective,2,S0,0,22,1,1,1,0,1,0,0,0,0,0,1,2
28798,attack,missed,0,S0,0,23,6,1,0,0,0,1,0,0,0,0,0,0
28799,attack,clean_target_ineffective,1,S5,5,22,5,1,1,1,0,0,0,0,0,1,0,1
28802,attack,off_target,3,S5,5,22,3,1,0,0,0,0,1,0,0,0,0,0
28805,attack,invalid_reset,5,S5,5,23,6,0,0,0,0,0,0,0,1,0,0,0
28808,attack,off_target,3,S0,0,23,3,1,0,0,0,0,1,0,0,0,0,0
28810,attack,multi_hit,4,S0,0,22,0,1,0,0,0,0,0,1,0,0,0,0
28814,attack,off_target,3,S5,5,23,3,1,0,0,0,0,1,0,0,0,0,0
28819,attack,multi_hit,4,S0,0,22,1,1,0,0,0,0,0,1,0,0,0,0
28821,attack,clean_target_effective,2,S5,5,22,3,1,1,0,1,0,0,0,0,0,1,2
28826,attack,clean_target_effective,2,S0,0,23,2,1,1,0,1,0,0,0,0,0,1,2
28839,attack,off_target,3,S5,5,22,6,1,0,0,0,0,1,0,0,0,0,0
28846,attack,missed,0,S0,0,22,4,1,0,0,0,1,0,0,0,0,0,0
28847,attack,clean_target_effective,2,S5,5,23,2,1,1,0,1,0,0,0,0,0,1,2
28850,attack,clean_target_effective,2,S0,0,23,2,1,1,0,1,0,0,0,0,0,1,2
28853,attack,clean_target_effective,2,S5,5,23,7,1,1,0,1,0,0,0,0,0,1,2
28854,attack,missed,0,S0,0,23,1,1,0,0,0,1,0,0,0,0,0,0
28855,attack,missed,0,S0,0,23,5,1,0,0,0,1,0,0,0,0,0,0
28859,attack,multi_hit,4,S0,0,23,7,1,0,0,0,0,0,1,0,0,0,0
28861,attack,off_target,3,S5,5,22,0,1,0,0,0,0,1,0,0,0,0,0
28868,attack,missed,0,S5,5,23,6,1,0,0,0,1,0,0,0,0,0,0
28873,attack,multi_hit,4,S0,0,22,2,1,0,0,0,0,0,1,0,0,0,0
28876,attack,clean_target_ineffective,1,S5,5,22,5,1,1,1,0,0,0,0,0,1,0,1
28882,attack,missed,0,S0,0,22,0,1,0,0,0,1,0,0,0,0,0,0
28883,attack,multi_hit,4,S0,0,22,3,1,0,0,0,0,0,1,0,0,0,0
28884,attack,clean_target_effective,2,S5,5,22,3,1,1,0,1,0,0,0,0,0,1,2
28887,attack,clean_target_effective,2,S0,0,23,3,1,1,0,1,0,0,0,0,0,1,2
28889,attack,multi_hit,4,S0,0,22,6,1,0,0,0,0,0,1,0,0,0,0
28893,attack,off_target,3,S0,0,23,7,1,0,0,0,0,1,0,0,0,0,0
28897,attack,clean_target_effective,2,S5,5,23,4,1,1,0,1,0,0,0,0,0,1,2
28898,attack,clean_target_ineffective,1,S5,5,23,7,1,1,1,0,0,0,0,0,1,0,1
28900,attack,missed,0,S5,5,23,2,1,0,0,0,1,0,0,0,0,0,0
28907,attack,invalid_reset,5,S0,0,23,2,0,0,0,0,0,0,0,1,0,0,0
28909,attack,clean_target_ineffective,1,S5,5,23,6,1,1,1,0,0,0,0,0,1,0,1
28910,attack,missed,0,S5,5,23,0,1,0,0,0,1,0,0,0,0,0,0
28913,attack,multi_hit,4,S0,0,22,0,1,0,0,0,0,0,1,0,0,0,0
28918,attack,missed,0,S0,0,22,7,1,0,0,0,1,0,0,0,0,0,0
28919,attack,missed,0,S0,0,22,5,1,0,0,0,1,0,0,0,0,0,0
28920,attack,clean_target_effective,2,S0,0,23,6,1,1,0,1,0,0,0,0,0,1,2
28923,attack,missed,0,S0,0,23,2,1,0,0,0,1,0,0,0,0,0,0
28926,attack,clean_target_effective,2,S0,0,22,7,1,1,0,1,0,0,0,0,0,1,2
28933,attack,clean_target_ineffective,1,S0,0,22,4,1,1,1,0,0,0,0,0,1,0,1
28937,attack,invalid_reset,5,S5,5,23,4,0,0,0,0,0,0,0,1,0,0,0
28938,attack,multi_hit,4,S0,0,22,7,1,0,0,0,0,0,1,0,0,0,0
28944,attack,multi_hit,4,S0,0,23,1,1,0,0,0,0,0,1,0,0,0,0
28946,attack,clean_target_effective,2,S0,0,23,0,1,1,0,1,0,0,0,0,0,1,2
28949,attack,clean_target_effective,2,S5,5,23,1,1,1,0,1,0,0,0,0,0,1,2
28950,attack,clean_target_effective,2,S5,5,22,4,1,1,0,1,0,0,0,0,0,1,2
28952,attack,off_target,3,S5,5,23,1,1,0,0,0,0,1,0,0,0,0,0
28953,attack,missed,0,S5,5,22,7,1,0,0,0,1,0,0,0,0,0,0
28956,attack,off_target,3,S5,5,23,2,1,0,0,0,0,1,0,0,0,0,0
28958,attack,multi_hit,4,S5,5,22,1,1,0,0,0,0,0,1,0,0,0,0
28960,attack,clean_target_effective,2,S5,5,22,3,1,1,0,1,0,0,0,0,0,1,2
28962,attack,clean_target_effective,2,S5,5,23,4,1,1,0,1,0,0,0,0,0,1,2
28964,attack,clean_target_ineffective,1,S5,5,22,0,1,1,1,0,0,0,0,0,1,0,1
28968,attack,missed,0,S0,0,23,6,1,0,0,0,1,0,0,0,0,0,0
28974,attack,invalid_reset,5,S0,0,23,0,0,0,0,0,0,0,0,1,0,0,0
28979,attack,clean_target_effective,2,S5,5,22,2,1,1,0,1,0,0,0,0,0,1,2
28980,attack,off_target,3,S5,5,22,4,1,0,0,0,0,1,0,0,0,0,0
28984,attack,missed,0,S0,0,23,5,1,0,0,0,1,0,0,0,0,0,0
28990,attack,clean_target_ineffective,1,S0,0,22,4,1,1,1,0,0,0,0,0,1,0,1
28996,attack,clean_target_ineffective,1,S0,0,22,7,1,1,1,0,0,0,0,0,1,0,1
29006,attack,missed,0,S0,0,23,4,1,0,0,0,1,0,0,0,0,0,0
29008,attack,invalid_reset,5,S5,5,22,5,0,0,0,0,0,0,0,1,0,0,0
29014,attack,clean_target_effective,2,S5,5,22,3,1,1,0,1,0,0,0,0,0,1,2
29017,attack,multi_hit,4,S5,5,22,4,1,0,0,0,0,0,1,0,0,0,0
29018,attack,multi_hit,4,S0,0,23,2,1,0,0,0,0,0,1,0,0,0,0
29019,attack,missed,0,S0,0,22,3,1,0,0,0,1,0,0,0,0,0,0
29025,attack,multi_hit,4,S5,5,23,7,1,0,0,0,0,0,1,0,0,0,0
29029,attack,clean_target_effective,2,S0,0,22,0,1,1,0,1,0,0,0,0,0,1,2
29031,attack,missed,0,S0,0,22,6,1,0,0,0,1,0,0,0,0,0,0
29032,attack,invalid_reset,5,S5,5,23,2,0,0,0,0,0,0,0,1,0,0,0
29033,attack,off_target,3,S5,5,23,4,1,0,0,0,0,1,0,0,0,0,0
29036,attack,clean_target_effective,2,S5,5,23,5,1,1,0,1,0,0,0,0,0,1,2
29037,attack,off_target,3,S5,5,22,0,1,0,0,0,0,1,0,0,0,0,0
29038,attack,clean_target_effective,2,S0,0,22,5,1,1,0,1,0,0,0,0,0,1,2
29042,attack,clean_target_effective,2,S0,0,22,4,1,1,0,1,0,0,0,0,0,1,2
29043,attack,missed,0,S0,0,22,2,1,0,0,0,1,0,0,0,0,0,0
29047,attack,clean_target_effective,2,S0,0,22,5,1,1,0,1,0,0,0,0,0,1,2
29054,attack,off_target,3,S0,0,23,2,1,0,0,0,0,1,0,0,0,0,0
29057,attack,missed,0,S5,5,22,0,1,0,0,0,1,0,0,0,0,0,0
29058,attack,missed,0,S5,5,23,3,1,0,0,0,1,0,0,0,0,0,0
29069,attack,missed,0,S0,0,22,5,1,0,0,0,1,0,0,0,0,0,0
29071,attack,off_target,3,S5,5,23,6,1,0,0,0,0,1,0,0,0,0,0
29081,attack,clean_target_effective,2,S0,0,23,6,1,1,0,1,0,0,0,0,0,1,2
29093,attack,off_target,3,S5,5,23,7,1,0,0,0,0,1,0,0,0,0,0
29096,attack,missed,0,S0,0,22,5,1,0,0,0,1,0,0,0,0,0,0
29099,attack,clean_target_effective,2,S0,0,23,2,1,1,0,1,0,0,0,0,0,1,2
29107,attack,missed,0,S5,5,22,0,1,0,0,0,1,0,0,0,0,0,0
29110,attack,multi_hit,4,S5,5,23,2,1,0,0,0,0,0,1,0,0,0,0
29111,attack,clean_target_effective,2,S5,5,23,1,1,1,0,1,0,0,0,0,0,1,2
29112,attack,clean_target_ineffective,1,S5,5,23,2,1,1,1,0,0,0,0,0,1,0,1
29116,attack,clean_target_effective,2,S5,5,22,0,1,1,0,1,0,0,0,0,0,1,2
29119,attack,missed,0,S5,5,22,0,1,0,0,0,1,0,0,0,0,0,0
29120,attack,multi_hit,4,S5,5,23,1,1,0,0,0,0,0,1,0,0,0,0
29123,attack,multi_hit,4,S0,0,23,0,1,0,0,0,0,0,1,0,0,0,0
29125,attack,clean_target_ineffective,1,S5,5,22,7,1,1,1,0,0,0,0,0,1,0,1
29126,attack,missed,0,S5,5,23,0,1,0,0,0,1,0,0,0,0,0,0
29136,attack,invalid_reset,5,S0,0,23,1,0,0,0,0,0,0,0,1,0,0,0
29139,attack,clean_target_effective,2,S5,5,22,1,1,1,0,1,0,0,0,0,0,1,2
29140,attack,clean_target_effective,2,S5,5,22,2,1,1,0,1,0,0,0,0,0,1,2
29145,attack,clean_target_effective,2,S5,5,23,7,1,1,0,1,0,0,0,0,0,1,2
29149,attack,clean_target_effective,2,S5,5,23,0,1,1,0,1,0,0,0,0,0,1,2
29150,attack,off_target,3,S5,5,23,7,1,0,0,0,0,1,0,0,0,0,0
29157,attack,missed,0,S5,5,23,1,1,0,0,0,1,0,0,0,0,0,0
29171,attack,multi_hit,4,S0,0,22,6,1,0,0,0,0,0,1,0,0,0,0
29175,attack,clean_target_effective,2,S0,0,23,5,1,1,0,1,0,0,0,0,0,1,2
29176,attack,clean_target_ineffective,1,S0,0,23,0,1,1,1,0,0,0,0,0,1,0,1
29177,attack,missed,0,S0,0,23,0,1,0,0,0,1,0,0,0,0,0,0
29179,attack,missed,0,S0,0,23,4,1,0,0,0,1,0,0,0,0,0,0
29180,attack,missed,0,S5,5,23,5,1,0,0,0,1,0,0,0,0,0,0
29187,attack,clean_target_ineffective,1,S5,5,23,3,1,1,1,0,0,0,0,0,1,0,1
29188,attack,clean_target_effective,2,S5,5,22,2,1,1,0,1,0,0,0,0,0,1,2
29199,attack,missed,0,S0,0,22,0,1,0,0,0,1,0,0,0,0,0,0
29203,attack,invalid_reset,5,S5,5,23,3,0,0,0,0,0,0,0,1,0,0,0
29211,attack,missed,0,S5,5,22,6,1,0,0,0,1,0,0,0,0,0,0
29214,attack,off_target,3,S0,0,23,3,1,0,0,0,0,1,0,0,0,0,0
29216,attack,missed,0,S0,0,22,7,1,0,0,0,1,0,0,0,0,0,0
29219,attack,off_target,3,S5,5,23,2,1,0,0,0,0,1,0,0,0,0,0
29224,attack,missed,0,S0,0,23,6,1,0,0,0,1,0,0,0,0,0,0
29227,attack,multi_hit,4,S5,5,22,5,1,0,0,0,0,0,1,0,0,0,0
29239,attack,clean_target_ineffective,1,S5,5,22,4,1,1,1,0,0,0,0,0,1,0,1
29240,attack,clean_target_ineffective,1,S5,5,22,0,1,1,1,0,0,0,0,0,1,0,1
29241,attack,off_target,3,S5,5,22,0,1,0,0,0,0,1,0,0,0,0,0
29247,attack,invalid_reset,5,S5,5,23,4,0,0,0,0,0,0,0,1,0,0,0
29248,attack,clean_target_ineffective,1,S0,0,22,3,1,1,1,0,0,0,0,0,1,0,1
29249,attack,missed,0,S5,5,22,3,1,0,0,0,1,0,0,0,0,0,0
29250,attack,off_target,3,S5,5,22,7,1,0,0,0,0,1,0,0,0,0,0
29251,attack,off_target,3,S5,5,22,4,1,0,0,0,0,1,0,0,0,0,0
29256,attack,clean_target_effective,2,S0,0,22,6,1,1,0,1,0,0,0,0,0,1,2
29258,attack,multi_hit,4,S5,5,23,5,1,0,0,0,0,0,1,0,0,0,0
29262,attack,multi_hit,4,S5,5,23,4,1,0,0,0,0,0,1,0,0,0,0
29263,attack,missed,0,S0,0,22,0,1,0,0,0,1,0,0,0,0,0,0
29268,attack,missed,0,S5,5,23,3,1,0,0,0,1,0,0,0,0,0,0
29270,attack,clean_target_effective,2,S5,5,22,3,1,1,0,1,0,0,0,0,0,1,2
29284,attack,off_target,3,S0,0,22,4,1,0,0,0,0,1,0,0,0,0,0
29285,attack,multi_hit,4,S0,0,22,4,1,0,0,0,0,0,1,0,0,0,0
29288,attack,off_target,3,S5,5,23,7,1,0,0,0,0,1,0,0,0,0,0
29289,attack,missed,0,S0,0,22,3,1,0,0,0,1,0,0,0,0,0,0
29292,attack,clean_target_effective,2,S5,5,22,5,1,1,0,1,0,0,0,0,0,1,2
29297,attack,clean_target_effective,2,S5,5,22,5,1,1,0,1,0,0,0,0,0,1,2
29301,attack,off_target,3,S5,5,22,0,1,0,0,0,0,1,0,0,0,0,0
29303,attack,missed,0,S5,5,22,5,1,0,0,0,1,0,0,0,0,0,0
29304,attack,clean_target_effective,2,S5,5,23,7,1,1,0,1,0,0,0,0,0,1,2
29307,attack,off_target,3,S0,0,22,4,1,0,0,0,0,1,0,0,0,0,0
29309,attack,missed,0,S0,0,23,6,1,0,0,0,1,0,0,0,0,0,0
29310,attack,missed,0,S5,5,22,4,1,0,0,0,1,0,0,0,0,0,0
29314,attack,multi_hit,4,S5,5,23,2,1,0,0,0,0,0,1,0,0,0,0
29317,attack,clean_target_ineffective,1,S0,0,22,3,1,1,1,0,0,0,0,0,1,0,1
29320,attack,clean_target_ineffective,1,S5,5,23,4,1,1,1,0,0,0,0,0,1,0,1
29332,attack,multi_hit,4,S5,5,22,6,1,0,0,0,0,0,1,0,0,0,0
29339,attack,clean_target_ineffective,1,S5,5,23,2,1,1,1,0,0,0,0,0,1,0,1
29342,attack,clean_target_ineffective,1,S5,5,23,6,1,1,1,0,0,0,0,0,1,0,1
29343,attack,clean_target_effective,2,S0,0,22,4,1,1,0,1,0,0,0,0,0,1,2
29344,attack,missed,0,S0,0,22,4,1,0,0,0,1,0,0,0,0,0,0
29347,attack,missed,0,S0,0,23,6,1,0,0,0,1,0,0,0,0,0,0
29348,attack,missed,0,S0,0,23,4,1,0,0,0,1,0,0,0,0,0,0
29351,attack,off_target,3,S5,5,23,5,1,0,0,0,0,1,0,0,0,0,0
29354,attack,clean_target_ineffective,1,S0,0,22,2,1,1,1,0,0,0,0,0,1,0,1
29356,attack,missed,0,S0,0,22,1,1,0,0,0,1,0,0,0,0,0,0
29358,attack,multi_hit,4,S5,5,23,2,1,0,0,0,0,0,1,0,0,0,0
29361,attack,missed,0,S0,0,23,7,1,0,0,0,1,0,0,0,0,0,0
29363,attack,clean_target_effective,2,S0,0,23,3,1,1,0,1,0,0,0,0,0,1,2
29365,attack,clean_target_ineffective,1,S5,5,22,7,1,1,1,0,0,0,0,0,1,0,1
29372,attack,multi_hit,4,S5,5,22,3,1,0,0,0,0,0,1,0,0,0,0
29377,attack,missed,0,S5,5,22,3,1,0,0,0,1,0,0,0,0,0,0
29380,attack,clean_target_ineffective,1,S5,5,23,1,1,1,1,0,0,0,0,0,1,0,1
29385,attack,clean_target_effective,2,S5,5,22,3,1,1,0,1,0,0,0,0,0,1,2
29404,attack,clean_target_effective,2,S0,0,23,4,1,1,0,1,0,0,0,0,0,1,2
29408,attack,clean_target_ineffective,1,S5,5,23,2,1,1,1,0,0,0,0,0,1,0,1
29416,attack,invalid_reset,5,S0,0,23,5,0,0,0,0,0,0,0,1,0,0,0
29417,attack,clean_target_effective,2,S0,0,22,6,1,1,0,1,0,0,0,0,0,1,2
29420,attack,off_target,3,S5,5,22,1,1,0,0,0,0,1,0,0,0,0,0
29425,attack,invalid_reset,5,S0,0,23,7,0,0,0,0,0,0,0,1,0,0,0
29427,attack,multi_hit,4,S0,0,22,7,1,0,0,0,0,0,1,0,0,0,0
29430,attack,invalid_reset,5,S5,5,22,1,0,0,0,0,0,0,0,1,0,0,0
29431,attack,off_target,3,S5,5,22,2,1,0,0,0,0,1,0,0,0,0,0
29441,attack,multi_hit,4,S0,0,22,4,1,0,0,0,0,0,1,0,0,0,0
29449,attack,multi_hit,4,S5,5,22,3,1,0,0,0,0,0,1,0,0,0,0
29456,attack,missed,0,S0,0,22,4,1,0,0,0,1,0,0,0,0,0,0
29457,attack,off_target,3,S0,0,22,6,1,0,0,0,0,1,0,0,0,0,0
29458,attack,clean_target_ineffective,1,S0,0,23,5,1,1,1,0,0,0,0,0,1,0,1
29466,attack,multi_hit,4,S5,5,22,4,1,0,0,0,0,0,1,0,0,0,0
29467,attack,missed,0,S5,5,22,6,1,0,0,0,1,0,0,0,0,0,0
29470,attack,clean_target_effective,2,S0,0,23,6,1,1,0,1,0,0,0,0,0,1,2
29474,attack,off_target,3,S0,0,22,6,1,0,0,0,0,1,0,0,0,0,0
29476,attack,multi_hit,4,S5,5,22,2,1,0,0,0,0,0,1,0,0,0,0
29478,attack,missed,0,S0,0,22,2,1,0,0,0,1,0,0,0,0,0,0
29482,attack,off_target,3,S5,5,23,6,1,0,0,0,0,1,0,0,0,0,0
29493,attack,invalid_reset,5,S5,5,23,6,0,0,0,0,0,0,0,1,0,0,0
29494,attack,clean_target_ineffective,1,S5,5,23,5,1,1,1,0,0,0,0,0,1,0,1
29497,attack,missed,0,S5,5,22,4,1,0,0,0,1,0,0,0,0,0,0
29498,attack,missed,0,S0,0,22,2,1,0,0,0,1,0,0,0,0,0,0
29499,attack,clean_target_ineffective,1,S5,5,22,7,1,1,1,0,0,0,0,0,1,0,1
29508,attack,clean_target_effective,2,S0,0,23,4,1,1,0,1,0,0,0,0,0,1,2
29511,attack,missed,0,S0,0,22,5,1,0,0,0,1,0,0,0,0,0,0
29513,attack,off_target,3,S5,5,22,5,1,0,0,0,0,1,0,0,0,0,0
29514,attack,clean_target_effective,2,S0,0,23,1,1,1,0,1,0,0,0,0,0,1,2
29515,attack,missed,0,S0,0,23,3,1,0,0,0,1,0,0,0,0,0,0
29518,attack,clean_target_effective,2,S0,0,23,1,1,1,0,1,0,0,0,0,0,1,2
29521,attack,missed,0,S0,0,22,4,1,0,0,0,1,0,0,0,0,0,0
29543,attack,clean_target_effective,2,S5,5,22,6,1,1,0,1,0,0,0,0,0,1,2
29544,attack,clean_target_ineffective,1,S5,5,22,6,1,1,1,0,0,0,0,0,1,0,1
29550,attack,clean_target_effective,2,S5,5,23,4,1,1,0,1,0,0,0,0,0,1,2
29551,attack,missed,0,S5,5,23,5,1,0,0,0,1,0,0,0,0,0,0
29555,attack,clean_target_effective,2,S0,0,22,2,1,1,0,1,0,0,0,0,0,1,2
29556,attack,clean_target_effective,2,S5,5,22,1,1,1,0,1,0,0,0,0,0,1,2
29557,attack,clean_target_ineffective,1,S0,0,22,6,1,1,1,0,0,0,0,0,1,0,1
29571,attack,off_target,3,S0,0,22,2,1,0,0,0,0,1,0,0,0,0,0
29573,attack,multi_hit,4,S0,0,23,2,1,0,0,0,0,0,1,0,0,0,0
29574,attack,missed,0,S5,5,23,1,1,0,0,0,1,0,0,0,0,0,0
29576,attack,clean_target_effective,2,S5,5,23,4,1,1,0,1,0,0,0,0,0,1,2
29587,attack,clean_target_effective,2,S5,5,23,5,1,1,0,1,0,0,0,0,0,1,2
29588,attack,missed,0,S5,5,22,3,1,0,0,0,1,0,0,0,0,0,0
29589,attack,missed,0,S0,0,23,5,1,0,0,0,1,0,0,0,0,0,0
29595,attack,clean_target_effective,2,S5,5,23,2,1,1,0,1,0,0,0,0,0,1,2
29596,attack,missed,0,S5,5,22,7,1,0,0,0,1,0,0,0,0,0,0
29599,attack,clean_target_effective,2,S5,5,23,6,1,1,0,1,0,0,0,0,0,1,2
29606,attack,missed,0,S0,0,22,5,1,0,0,0,1,0,0,0,0,0,0
29615,attack,multi_hit,4,S0,0,22,2,1,0,0,0,0,0,1,0,0,0,0
29618,attack,multi_hit,4,S0,0,22,2,1,0,0,0,0,0,1,0,0,0,0
29620,attack,off_target,3,S0,0,23,4,1,0,0,0,0,1,0,0,0,0,0
29621,attack,clean_target_effective,2,S5,5,23,0,1,1,0,1,0,0,0,0,0,1,2
29625,attack,clean_target_ineffective,1,S5,5,23,3,1,1,1,0,0,0,0,0,1,0,1
29627,attack,missed,0,S0,0,23,4,1,0,0,0,1,0,0,0,0,0,0
29631,attack,clean_target_effective,2,S0,0,22,1,1,1,0,1,0,0,0,0,0,1,2
29644,attack,clean_target_ineffective,1,S0,0,22,6,1,1,1,0,0,0,0,0,1,0,1
29651,attack,clean_target_effective,2,S0,0,23,0,1,1,0,1,0,0,0,0,0,1,2
29653,attack,clean_target_effective,2,S5,5,22,7,1,1,0,1,0,0,0,0,0,1,2
29654,attack,clean_target_ineffective,1,S0,0,22,3,1,1,1,0,0,0,0,0,1,0,1
29659,attack,clean_target_ineffective,1,S5,5,22,6,1,1,1,0,0,0,0,0,1,0,1
29664,attack,missed,0,S5,5,23,5,1,0,0,0,1,0,0,0,0,0,0
29668,attack,multi_hit,4,S0,0,22,7,1,0,0,0,0,0,1,0,0,0,0
29675,attack,clean_target_effective,2,S0,0,23,5,1,1,0,1,0,0,0,0,0,1,2
29687,attack,clean_target_effective,2,S5,5,23,2,1,1,0,1,0,0,0,0,0,1,2
29688,attack,missed,0,S5,5,23,7,1,0,0,0,1,0,0,0,0,0,0
29691,attack,off_target,3,S0,0,23,2,1,0,0,0,0,1,0,0,0,0,0
29693,attack,off_target,3,S5,5,23,3,1,0,0,0,0,1,0,0,0,0,0
29695,attack,off_target,3,S0,0,23,6,1,0,0,0,0,1,0,0,0,0,0
29698,attack,clean_target_effective,2,S5,5,22,2,1,1,0,1,0,0,0,0,0,1,2
29705,attack,clean_target_effective,2,S0,0,22,0,1,1,0,1,0,0,0,0,0,1,2
29707,attack,off_target,3,S0,0,23,3,1,0,0,0,0,1,0,0,0,0,0
29712,attack,multi_hit,4,S5,5,23,4,1,0,0,0,0,0,1,0,0,0,0
29713,attack,invalid_reset,5,S0,0,23,5,0,0,0,0,0,0,0,1,0,0,0
29715,attack,missed,0,S0,0,22,6,1,0,0,0,1,0,0,0,0,0,0
29716,attack,off_target,3,S5,5,23,1,1,0,0,0,0,1,0,0,0,0,0
29720,attack,off_target,3,S0,0,22,3,1,0,0,0,0,1,0,0,0,0,0
29723,attack,missed,0,S0,0,23,5,1,0,0,0,1,0,0,0,0,0,0
29731,attack,clean_target_effective,2,S5,5,23,4,1,1,0,1,0,0,0,0,0,1,2
29734,attack,clean_target_ineffective,1,S0,0,22,3,1,1,1,0,0,0,0,0,1,0,1
29739,attack,clean_target_effective,2,S5,5,23,2,1,1,0,1,0,0,0,0,0,1,2
29746,attack,clean_target_effective,2,S5,5,22,6,1,1,0,1,0,0,0,0,0,1,2
29749,attack,clean_target_effective,2,S5,5,23,1,1,1,0,1,0,0,0,0,0,1,2
29752,attack,missed,0,S5,5,23,4,1,0,0,0,1,0,0,0,0,0,0
29754,attack,multi_hit,4,S0,0,23,0,1,0,0,0,0,0,1,0,0,0,0
29755,attack,multi_hit,4,S0,0,23,1,1,0,0,0,0,0,1,0,0,0,0
29768,attack,off_target,3,S0,0,23,0,1,0,0,0,0,1,0,0,0,0,0
29775,attack,clean_target_ineffective,1,S0,0,23,3,1,1,1,0,0,0,0,0,1,0,1
29776,attack,clean_target_ineffective,1,S0,0,23,3,1,1,1,0,0,0,0,0,1,0,1
29779,attack,clean_target_effective,2,S0,0,23,1,1,1,0,1,0,0,0,0,0,1,2
29782,attack,missed,0,S0,0,23,0,1,0,0,0,1,0,0,0,0,0,0
29786,attack,clean_target_ineffective,1,S5,5,23,3,1,1,1,0,0,0,0,0,1,0,1
29787,attack,missed,0,S5,5,23,6,1,0,0,0,1,0,0,0,0,0,0
29789,attack,multi_hit,4,S5,5,22,3,1,0,0,0,0,0,1,0,0,0,0
29790,attack,invalid_reset,5,S5,5,23,6,0,0,0,0,0,0,0,1,0,0,0
29792,attack,clean_target_ineffective,1,S5,5,23,1,1,1,1,0,0,0,0,0,1,0,1
29803,attack,clean_target_ineffective,1,S0,0,23,1,1,1,1,0,0,0,0,0,1,0,1
29806,attack,missed,0,S0,0,23,7,1,0,0,0,1,0,0,0,0,0,0
29808,attack,invalid_reset,5,S5,5,23,5,0,0,0,0,0,0,0,1,0,0,0
29810,attack,missed,0,S0,0,22,2,1,0,0,0,1,0,0,0,0,0,0
29816,attack,off_target,3,S5,5,22,7,1,0,0,0,0,1,0,0,0,0,0
29818,attack,clean_target_effective,2,S5,5,23,1,1,1,0,1,0,0,0,0,0,1,2
29820,attack,clean_target_ineffective,1,S0,0,23,6,1,1,1,0,0,0,0,0,1,0,1
29821,attack,off_target,3,S5,5,23,4,1,0,0,0,0,1,0,0,0,0,0
29827,attack,missed,0,S5,5,22,5,1,0,0,0,1,0,0,0,0,0,0
29828,attack,clean_target_effective,2,S5,5,23,5,1,1,0,1,0,0,0,0,0,1,2
29830,attack,missed,0,S0,0,22,6,1,0,0,0,1,0,0,0,0,0,0
29838,attack,missed,0,S0,0,23,2,1,0,0,0,1,0,0,0,0,0,0
29839,attack,missed,0,S5,5,23,7,1,0,0,0,1,0,0,0,0,0,0
29854,attack,clean_target_effective,2,S0,0,22,6,1,1,0,1,0,0,0,0,0,1,2
29856,attack,off_target,3,S5,5,22,6,1,0,0,0,0,1,0,0,0,0,0
29860,attack,clean_target_effective,2,S0,0,22,1,1,1,0,1,0,0,0,0,0,1,2
29861,attack,off_target,3,S5,5,23,7,1,0,0,0,0,1,0,0,0,0,0
29862,attack,off_target,3,S0,0,22,6,1,0,0,0,0,1,0,0,0,0,0
29863,attack,clean_target_effective,2,S5,5,23,6,1,1,0,1,0,0,0,0,0,1,2
29865,attack,clean_target_effective,2,S0,0,22,4,1,1,0,1,0,0,0,0,0,1,2
29868,attack,off_target,3,S5,5,23,5,1,0,0,0,0,1,0,0,0,0,0
29870,attack,missed,0,S0,0,23,4,1,0,0,0,1,0,0,0,0,0,0
29873,attack,missed,0,S0,0,22,3,1,0,0,0,1,0,0,0,0,0,0
29876,attack,off_target,3,S5,5,23,4,1,0,0,0,0,1,0,0,0,0,0
29887,attack,missed,0,S0,0,23,1,1,0,0,0,1,0,0,0,0,0,0
29891,attack,clean_target_ineffective,1,S0,0,22,2,1,1,1,0,0,0,0,0,1,0,1
29898,attack,missed,0,S5,5,22,0,1,0,0,0,1,0,0,0,0,0,0
29904,attack,invalid_reset,5,S5,5,23,1,0,0,0,0,0,0,0,1,0,0,0
29908,attack,missed,0,S5,5,22,4,1,0,0,0,1,0,0,0,0,0,0
29909,attack,off_target,3,S5,5,23,2,1,0,0,0,0,1,0,0,0,0,0
29912,attack,missed,0,S5,5,22,6,1,0,0,0,1,0,0,0,0,0,0
29914,attack,multi_hit,4,S5,5,22,0,1,0,0,0,0,0,1,0,0,0,0
29922,attack,clean_target_effective,2,S0,0,22,2,1,1,0,1,0,0,0,0,0,1,2
29928,attack,clean_target_effective,2,S5,5,23,7,1,1,0,1,0,0,0,0,0,1,2
29932,attack,multi_hit,4,S5,5,23,2,1,0,0,0,0,0,1,0,0,0,0
29939,attack,clean_target_effective,2,S5,5,23,1,1,1,0,1,0,0,0,0,0,1,2
29940,attack,clean_target_effective,2,S0,0,23,3,1,1,0,1,0,0,0,0,0,1,2
29946,attack,missed,0,S0,0,23,0,1,0,0,0,1,0,0,0,0,0,0
29953,attack,missed,0,S5,5,22,5,1,0,0,0,1,0,0,0,0,0,0
29956,attack,missed,0,S0,0,22,0,1,0,0,0,1,0,0,0,0,0,0
29958,attack,clean_target_ineffective,1,S5,5,23,2,1,1,1,0,0,0,0,0,1,0,1
29962,attack,clean_target_ineffective,1,S0,0,22,7,1,1,1,0,0,0,0,0,1,0,1
29966,attack,missed,0,S0,0,23,6,1,0,0,0,1,0,0,0,0,0,0
29970,attack,multi_hit,4,S0,0,23,0,1,0,0,0,0,0,1,0,0,0,0
29973,attack,off_target,3,S5,5,22,2,1,0,0,0,0,1,0,0,0,0,0
29974,attack,invalid_reset,5,S0,0,23,2,0,0,0,0,0,0,0,1,0,0,0
29975,attack,clean_target_effective,2,S5,5,23,3,1,1,0,1,0,0,0,0,0,1,2
29978,attack,missed,0,S0,0,22,3,1,0,0,0,1,0,0,0,0,0,0
29982,attack,multi_hit,4,S5,5,23,1,1,0,0,0,0,0,1,0,0,0,0
29993,attack,clean_target_ineffective,1,S5,5,22,0,1,1,1,0,0,0,0,0,1,0,1
29995,attack,clean_target_effective,2,S0,0,23,2,1,1,0,1,0,0,0,0,0,1,2
29996,attack,clean_target_effective,2,S0,0,22,4,1,1,0,1,0,0,0,0,0,1,2
29999,attack,invalid_reset,5,S0,0,22,3,0,0,0,0,0,0,0,1,0,0,0
30002,attack,clean_target_effective,2,S0,0,22,3,1,1,0,1,0,0,0,0,0,1,2
30007,attack,clean_target_effective,2,S5,5,23,0,1,1,0,1,0,0,0,0,0,1,2
30010,attack,clean_target_effective,2,S5,5,23,2,1,1,0,1,0,0,0,0,0,1,2
30014,attack,clean_target_ineffective,1,S0,0,22,6,1,1,1,0,0,0,0,0,1,0,1
30029,attack,clean_target_effective,2,S0,0,23,2,1,1,0,1,0,0,0,0,0,1,2
30030,attack,clean_target_effective,2,S5,5,23,0,1,1,0,1,0,0,0,0,0,1,2
30035,attack,off_target,3,S5,5,23,0,1,0,0,0,0,1,0,0,0,0,0
30038,attack,invalid_reset,5,S0,0,22,4,0,0,0,0,0,0,0,1,0,0,0
30042,attack,missed,0,S0,0,23,2,1,0,0,0,1,0,0,0,0,0,0
30053,attack,clean_target_effective,2,S5,5,23,4,1,1,0,1,0,0,0,0,0,1,2
30055,attack,off_target,3,S0,0,23,6,1,0,0,0,0,1,0,0,0,0,0
30059,attack,missed,0,S0,0,23,0,1,0,0,0,1,0,0,0,0,0,0
30066,attack,invalid_reset,5,S5,5,22,0,0,0,0,0,0,0,0,1,0,0,0
30079,attack,missed,0,S5,5,23,2,1,0,0,0,1,0,0,0,0,0,0
30102,attack,missed,0,S5,5,23,4,1,0,0,0,1,0,0,0,0,0,0
30104,attack,clean_target_effective,2,S5,5,22,7,1,1,0,1,0,0,0,0,0,1,2
30110,attack,missed,0,S5,5,22,5,1,0,0,0,1,0,0,0,0,0,0
30112,attack,missed,0,S0,0,22,1,1,0,0,0,1,0,0,0,0,0,0
30116,attack,clean_target_effective,2,S0,0,22,4,1,1,0,1,0,0,0,0,0,1,2
30120,attack,clean_target_ineffective,1,S0,0,22,0,1,1,1,0,0,0,0,0,1,0,1
30141,attack,off_target,3,S5,5,22,5,1,0,0,0,0,1,0,0,0,0,0
30144,attack,off_target,3,S0,0,22,3,1,0,0,0,0,1,0,0,0,0,0
30148,attack,missed,0,S0,0,23,2,1,0,0,0,1,0,0,0,0,0,0
30149,attack,missed,0,S5,5,22,4,1,0,0,0,1,0,0,0,0,0,0
30150,attack,clean_target_effective,2,S5,5,23,1,1,1,0,1,0,0,0,0,0,1,2
30154,attack,missed,0,S0,0,22,4,1,0,0,0,1,0,0,0,0,0,0
30156,attack,missed,0,S5,5,22,0,1,0,0,0,1,0,0,0,0,0,0
30161,attack,missed,0,S5,5,23,5,1,0,0,0,1,0,0,0,0,0,0
30164,attack,missed,0,S0,0,22,1,1,0,0,0,1,0,0,0,0,0,0
30169,attack,clean_target_effective,2,S0,0,22,1,1,1,0,1,0,0,0,0,0,1,2
30170,attack,clean_target_ineffective,1,S0,0,23,5,1,1,1,0,0,0,0,0,1,0,1
30173,attack,off_target,3,S0,0,23,7,1,0,0,0,0,1,0,0,0,0,0
30176,attack,off_target,3,S0,0,22,5,1,0,0,0,0,1,0,0,0,0,0
30177,attack,missed,0,S5,5,22,6,1,0,0,0,1,0,0,0,0,0,0
30181,attack,clean_target_ineffective,1,S0,0,23,1,1,1,1,0,0,0,0,0,1,0,1
30186,attack,missed,0,S5,5,22,0,1,0,0,0,1,0,0,0,0,0,0
30189,attack,missed,0,S5,5,23,0,1,0,0,0,1,0,0,0,0,0,0
30192,attack,invalid_reset,5,S5,5,23,6,0,0,0,0,0,0,0,1,0,0,0
30198,attack,off_target,3,S0,0,22,3,1,0,0,0,0,1,0,0,0,0,0
30202,attack,off_target,3,S5,5,23,0,1,0,0,0,0,1,0,0,0,0,0
30204,attack,clean_target_ineffective,1,S5,5,23,7,1,1,1,0,0,0,0,0,1,0,1
30205,attack,clean_target_effective,2,S5,5,23,1,1,1,0,1,0,0,0,0,0,1,2
30206,attack,missed,0,S5,5,23,7,1,0,0,0,1,0,0,0,0,0,0
30209,attack,clean_target_effective,2,S0,0,23,7,1,1,0,1,0,0,0,0,0,1,2
30211,attack,missed,0,S5,5,22,4,1,0,0,0,1,0,0,0,0,0,0
30213,attack,off_target,3,S5,5,23,1,1,0,0,0,0,1,0,0,0,0,0
30215,attack,multi_hit,4,S5,5,22,2,1,0,0,0,0,0,1,0,0,0,0
30216,attack,clean_target_effective,2,S0,0,23,5,1,1,0,1,0,0,0,0,0,1,2
30219,attack,missed,0,S0,0,22,7,1,0,0,0,1,0,0,0,0,0,0
30223,attack,clean_target_effective,2,S0,0,23,7,1,1,0,1,0,0,0,0,0,1,2
30224,attack,off_target,3,S5,5,22,7,1,0,0,0,0,1,0,0,0,0,0
30226,attack,clean_target_ineffective,1,S5,5,22,5,1,1,1,0,0,0,0,0,1,0,1
30230,attack,clean_target_ineffective,1,S0,0,23,5,1,1,1,0,0,0,0,0,1,0,1
30231,attack,missed,0,S5,5,22,7,1,0,0,0,1,0,0,0,0,0,0
30236,attack,clean_target_ineffective,1,S5,5,22,3,1,1,1,0,0,0,0,0,1,0,1
30238,attack,clean_target_ineffective,1,S0,0,22,5,1,1,1,0,0,0,0,0,1,0,1
30239,attack,missed,0,S5,5,22,0,1,0,0,0,1,0,0,0,0,0,0
30242,attack,clean_target_effective,2,S5,5,22,5,1,1,0,1,0,0,0,0,0,1,2
30259,attack,missed,0,S0,0,22,5,1,0,0,0,1,0,0,0,0,0,0
30260,attack,off_target,3,S5,5,23,2,1,0,0,0,0,1,0,0,0,0,0
30265,attack,missed,0,S5,5,23,3,1,0,0,0,1,0,0,0,0,0,0
30268,attack,clean_target_ineffective,1,S0,0,22,6,1,1,1,0,0,0,0,0,1,0,1
30269,attack,off_target,3,S0,0,22,3,1,0,0,0,0,1,0,0,0,0,0
30271,attack,off_target,3,S0,0,22,1,1,0,0,0,0,1,0,0,0,0,0
30273,attack,clean_target_ineffective,1,S0,0,22,7,1,1,1,0,0,0,0,0,1,0,1
30282,attack,clean_target_effective,2,S5,5,22,6,1,1,0,1,0,0,0,0,0,1,2
30283,attack,clean_target_effective,2,S0,0,23,0,1,1,0,1,0,0,0,0,0,1,2
30286,attack,missed,0,S5,5,23,2,1,0,0,0,1,0,0,0,0,0,0
30294,attack,clean_target_effective,2,S0,0,22,6,1,1,0,1,0,0,0,0,0,1,2
30298,attack,missed,0,S0,0,23,5,1,0,0,0,1,0,0,0,0,0,0
30299,attack,clean_target_ineffective,1,S0,0,22,4,1,1,1,0,0,0,0,0,1,0,1
30304,attack,off_target,3,S5,5,23,2,1,0,0,0,0,1,0,0,0,0,0
30309,attack,invalid_reset,5,S5,5,23,2,0,0,0,0,0,0,0,1,0,0,0
30319,attack,clean_target_effective,2,S0,0,22,6,1,1,0,1,0,0,0,0,0,1,2
30326,attack,clean_target_effective,2,S5,5,23,4,1,1,0,1,0,0,0,0,0,1,2
30329,attack,missed,0,S5,5,22,4,1,0,0,0,1,0,0,0,0,0,0
30330,attack,clean_target_effective,2,S5,5,23,5,1,1,0,1,0,0,0,0,0,1,2
30332,attack,clean_target_effective,2,S0,0,23,2,1,1,0,1,0,0,0,0,0,1,2
30346,attack,off_target,3,S5,5,22,4,1,0,0,0,0,1,0,0,0,0,0
30349,attack,clean_target_effective,2,S5,5,22,5,1,1,0,1,0,0,0,0,0,1,2
30353,attack,missed,0,S5,5,22,3,1,0,0,0,1,0,0,0,0,0,0
30359,attack,missed,0,S0,0,22,2,1,0,0,0,1,0,0,0,0,0,0
30360,attack,off_target,3,S0,0,23,1,1,0,0,0,0,1,0,0,0,0,0
30362,attack,clean_target_effective,2,S0,0,23,3,1,1,0,1,0,0,0,0,0,1,2
30367,attack,missed,0,S0,0,22,5,1,0,0,0,1,0,0,0,0,0,0
30368,attack,clean_target_ineffective,1,S0,0,22,5,1,1,1,0,0,0,0,0,1,0,1
30372,attack,missed,0,S5,5,22,3,1,0,0,0,1,0,0,0,0,0,0
30377,attack,off_target,3,S0,0,22,6,1,0,0,0,0,1,0,0,0,0,0
30378,attack,clean_target_effective,2,S5,5,22,7,1,1,0,1,0,0,0,0,0,1,2
30383,attack,clean_target_ineffective,1,S0,0,22,6,1,1,1,0,0,0,0,0,1,0,1
30384,attack,missed,0,S5,5,22,6,1,0,0,0,1,0,0,0,0,0,0
30386,attack,off_target,3,S0,0,22,0,1,0,0,0,0,1,0,0,0,0,0
30389,attack,invalid_reset,5,S0,0,22,6,0,0,0,0,0,0,0,1,0,0,0
30391,attack,multi_hit,4,S5,5,22,5,1,0,0,0,0,0,1,0,0,0,0
30395,attack,clean_target_effective,2,S5,5,22,6,1,1,0,1,0,0,0,0,0,1,2
30398,attack,clean_target_effective,2,S5,5,23,6,1,1,0,1,0,0,0,0,0,1,2
30400,attack,missed,0,S5,5,23,5,1,0,0,0,1,0,0,0,0,0,0
30404,attack,missed,0,S5,5,23,7,1,0,0,0,1,0,0,0,0,0,0
30405,attack,multi_hit,4,S5,5,23,0,1,0,0,0,0,0,1,0,0,0,0
30409,attack,clean_target_effective,2,S0,0,23,2,1,1,0,1,0,0,0,0,0,1,2
30417,attack,clean_target_effective,2,S5,5,23,5,1,1,0,1,0,0,0,0,0,1,2
30428,attack,missed,0,S0,0,23,2,1,0,0,0,1,0,0,0,0,0,0
30431,attack,off_target,3,S0,0,22,2,1,0,0,0,0,1,0,0,0,0,0
30437,attack,clean_target_effective,2,S0,0,23,1,1,1,0,1,0,0,0,0,0,1,2
30438,attack,missed,0,S5,5,22,5,1,0,0,0,1,0,0,0,0,0,0
30442,attack,clean_target_effective,2,S0,0,22,4,1,1,0,1,0,0,0,0,0,1,2
30448,attack,clean_target_effective,2,S5,5,22,7,1,1,0,1,0,0,0,0,0,1,2
30449,attack,clean_target_effective,2,S0,0,22,0,1,1,0,1,0,0,0,0,0,1,2
30450,attack,clean_target_effective,2,S0,0,22,0,1,1,0,1,0,0,0,0,0,1,2
30453,attack,multi_hit,4,S5,5,22,7,1,0,0,0,0,0,1,0,0,0,0
30454,attack,clean_target_effective,2,S0,0,23,0,1,1,0,1,0,0,0,0,0,1,2
30463,attack,clean_target_effective,2,S5,5,22,2,1,1,0,1,0,0,0,0,0,1,2
30464,attack,off_target,3,S5,5,23,4,1,0,0,0,0,1,0,0,0,0,0
30467,attack,off_target,3,S5,5,23,1,1,0,0,0,0,1,0,0,0,0,0
30468,attack,clean_target_effective,2,S0,0,23,3,1,1,0,1,0,0,0,0,0,1,2
30470,attack,clean_target_effective,2,S5,5,23,0,1,1,0,1,0,0,0,0,0,1,2
30471,attack,clean_target_effective,2,S0,0,23,3,1,1,0,1,0,0,0,0,0,1,2
30475,attack,missed,0,S0,0,22,0,1,0,0,0,1,0,0,0,0,0,0
30482,attack,off_target,3,S0,0,23,0,1,0,0,0,0,1,0,0,0,0,0
30484,attack,off_target,3,S5,5,23,6,1,0,0,0,0,1,0,0,0,0,0
30490,attack,off_target,3,S5,5,22,6,1,0,0,0,0,1,0,0,0,0,0
30491,attack,multi_hit,4,S5,5,23,1,1,0,0,0,0,0,1,0,0,0,0
30492,attack,clean_target_effective,2,S0,0,23,7,1,1,0,1,0,0,0,0,0,1,2
30493,attack,clean_target_effective,2,S5,5,23,0,1,1,0,1,0,0,0,0,0,1,2
30496,attack,clean_target_ineffective,1,S5,5,22,7,1,1,1,0,0,0,0,0,1,0,1
30504,attack,clean_target_ineffective,1,S5,5,22,7,1,1,1,0,0,0,0,0,1,0,1
30505,attack,clean_target_ineffective,1,S0,0,23,2,1,1,1,0,0,0,0,0,1,0,1
30508,attack,clean_target_effective,2,S0,0,23,3,1,1,0,1,0,0,0,0,0,1,2
30510,attack,missed,0,S0,0,22,5,1,0,0,0,1,0,0,0,0,0,0
30517,attack,off_target,3,S5,5,22,0,1,0,0,0,0,1,0,0,0,0,0
30521,attack,off_target,3,S0,0,23,4,1,0,0,0,0,1,0,0,0,0,0
30528,attack,missed,0,S5,5,22,7,1,0,0,0,1,0,0,0,0,0,0
30534,attack,off_target,3,S0,0,22,5,1,0,0,0,0,1,0,0,0,0,0
30562,attack,clean_target_effective,2,S5,5,22,0,1,1,0,1,0,0,0,0,0,1,2
30569,attack,off_target,3,S5,5,23,4,1,0,0,0,0,1,0,0,0,0,0
30571,attack,clean_target_effective,2,S0,0,22,2,1,1,0,1,0,0,0,0,0,1,2
30572,attack,multi_hit,4,S0,0,23,7,1,0,0,0,0,0,1,0,0,0,0
30573,attack,off_target,3,S0,0,22,3,1,0,0,0,0,1,0,0,0,0,0
30580,attack,missed,0,S5,5,22,2,1,0,0,0,1,0,0,0,0,0,0
30581,attack,clean_target_effective,2,S0,0,23,3,1,1,0,1,0,0,0,0,0,1,2
30583,attack,clean_target_effective,2,S0,0,23,0,1,1,0,1,0,0,0,0,0,1,2
30587,attack,multi_hit,4,S0,0,23,2,1,0,0,0,0,0,1,0,0,0,0
30588,attack,clean_target_ineffective,1,S5,5,23,6,1,1,1,0,0,0,0,0,1,0,1
30592,attack,off_target,3,S0,0,22,3,1,0,0,0,0,1,0,0,0,0,0
30602,attack,off_target,3,S0,0,22,5,1,0,0,0,0,1,0,0,0,0,0
30607,attack,clean_target_effective,2,S5,5,22,3,1,1,0,1,0,0,0,0,0,1,2
30608,attack,invalid_reset,5,S5,5,23,2,0,0,0,0,0,0,0,1,0,0,0
30618,attack,missed,0,S0,0,23,7,1,0,0,0,1,0,0,0,0,0,0
30631,attack,missed,0,S0,0,22,1,1,0,0,0,1,0,0,0,0,0,0
30633,attack,off_target,3,S5,5,23,5,1,0,0,0,0,1,0,0,0,0,0
30637,attack,missed,0,S0,0,22,3,1,0,0,0,1,0,0,0,0,0,0
30638,attack,clean_target_effective,2,S5,5,23,6,1,1,0,1,0,0,0,0,0,1,2
30639,attack,multi_hit,4,S0,0,22,5,1,0,0,0,0,0,1,0,0,0,0
30650,attack,clean_target_ineffective,1,S0,0,23,6,1,1,1,0,0,0,0,0,1,0,1
30656,attack,clean_target_effective,2,S5,5,22,4,1,1,0,1,0,0,0,0,0,1,2
30659,attack,clean_target_ineffective,1,S5,5,23,4,1,1,1,0,0,0,0,0,1,0,1
30665,attack,multi_hit,4,S5,5,23,6,1,0,0,0,0,0,1,0,0,0,0
30671,attack,missed,0,S5,5,23,6,1,0,0,0,1,0,0,0,0,0,0
30674,attack,off_target,3,S0,0,23,4,1,0,0,0,0,1,0,0,0,0,0
30676,attack,clean_target_effective,2,S0,0,23,1,1,1,0,1,0,0,0,0,0,1,2
30678,attack,clean_target_effective,2,S0,0,23,6,1,1,0,1,0,0,0,0,0,1,2
30680,attack,clean_target_ineffective,1,S5,5,22,1,1,1,1,0,0,0,0,0,1,0,1
30686,attack,multi_hit,4,S0,0,22,2,1,0,0,0,0,0,1,0,0,0,0
30688,attack,invalid_reset,5,S5,5,23,6,0,0,0,0,0,0,0,1,0,0,0
30695,attack,clean_target_effective,2,S5,5,22,6,1,1,0,1,0,0,0,0,0,1,2
30696,attack,missed,0,S0,0,22,5,1,0,0,0,1,0,0,0,0,0,0
30700,attack,clean_target_effective,2,S0,0,23,0,1,1,0,1,0,0,0,0,0,1,2
30708,attack,clean_target_effective,2,S0,0,23,5,1,1,0,1,0,0,0,0,0,1,2
30709,attack,multi_hit,4,S5,5,23,6,1,0,0,0,0,0,1,0,0,0,0
30714,attack,multi_hit,4,S0,0,22,0,1,0,0,0,0,0,1,0,0,0,0
30718,attack,clean_target_ineffective,1,S5,5,23,2,1,1,1,0,0,0,0,0,1,0,1
30723,attack,off_target,3,S5,5,22,1,1,0,0,0,0,1,0,0,0,0,0
30725,attack,missed,0,S5,5,23,6,1,0,0,0,1,0,0,0,0,0,0
30729,attack,invalid_reset,5,S0,0,23,2,0,0,0,0,0,0,0,1,0,0,0
30751,attack,clean_target_effective,2,S0,0,23,1,1,1,0,1,0,0,0,0,0,1,2
30766,attack,multi_hit,4,S5,5,22,0,1,0,0,0,0,0,1,0,0,0,0
30767,attack,clean_target_effective,2,S5,5,22,5,1,1,0,1,0,0,0,0,0,1,2
30770,attack,multi_hit,4,S5,5,23,4,1,0,0,0,0,0,1,0,0,0,0
30778,attack,missed,0,S5,5,22,1,1,0,0,0,1,0,0,0,0,0,0
30779,attack,missed,0,S5,5,23,6,1,0,0,0,1,0,0,0,0,0,0
30781,attack,clean_target_effective,2,S5,5,22,3,1,1,0,1,0,0,0,0,0,1,2
30782,attack,off_target,3,S5,5,22,3,1,0,0,0,0,1,0,0,0,0,0
30783,attack,clean_target_ineffective,1,S5,5,23,7,1,1,1,0,0,0,0,0,1,0,1
30784,attack,clean_target_effective,2,S0,0,22,7,1,1,0,1,0,0,0,0,0,1,2
30785,attack,missed,0,S5,5,23,0,1,0,0,0,1,0,0,0,0,0,0
30796,attack,missed,0,S0,0,23,5,1,0,0,0,1,0,0,0,0,0,0
30797,attack,missed,0,S5,5,22,3,1,0,0,0,1,0,0,0,0,0,0
30801,attack,off_target,3,S5,5,23,5,1,0,0,0,0,1,0,0,0,0,0
30809,attack,clean_target_effective,2,S5,5,22,5,1,1,0,1,0,0,0,0,0,1,2
30814,attack,off_target,3,S5,5,23,0,1,0,0,0,0,1,0,0,0,0,0
30818,attack,missed,0,S5,5,22,6,1,0,0,0,1,0,0,0,0,0,0
30821,attack,multi_hit,4,S0,0,22,0,1,0,0,0,0,0,1,0,0,0,0
30822,attack,clean_target_effective,2,S5,5,23,5,1,1,0,1,0,0,0,0,0,1,2
30823,attack,multi_hit,4,S0,0,23,4,1,0,0,0,0,0,1,0,0,0,0
30824,attack,multi_hit,4,S0,0,22,3,1,0,0,0,0,0,1,0,0,0,0
30826,attack,clean_target_ineffective,1,S5,5,22,5,1,1,1,0,0,0,0,0,1,0,1
30827,attack,missed,0,S5,5,22,4,1,0,0,0,1,0,0,0,0,0,0
30828,attack,invalid_reset,5,S5,5,23,4,0,0,0,0,0,0,0,1,0,0,0
30830,attack,missed,0,S5,5,23,4,1,0,0,0,1,0,0,0,0,0,0
30839,attack,invalid_reset,5,S0,0,23,4,0,0,0,0,0,0,0,1,0,0,0
30843,attack,off_target,3,S5,5,22,0,1,0,0,0,0,1,0,0,0,0,0
30846,attack,clean_target_effective,2,S0,0,23,6,1,1,0,1,0,0,0,0,0,1,2
30848,attack,clean_target_ineffective,1,S0,0,23,7,1,1,1,0,0,0,0,0,1,0,1
30849,attack,invalid_reset,5,S5,5,22,5,0,0,0,0,0,0,0,1,0,0,0
30860,attack,clean_target_effective,2,S5,5,22,6,1,1,0,1,0,0,0,0,0,1,2
30863,attack,multi_hit,4,S0,0,22,5,1,0,0,0,0,0,1,0,0,0,0
30864,attack,clean_target_ineffective,1,S0,0,22,7,1,1,1,0,0,0,0,0,1,0,1
30868,attack,clean_target_effective,2,S5,5,23,5,1,1,0,1,0,0,0,0,0,1,2
30869,attack,clean_target_ineffective,1,S0,0,22,5,1,1,1,0,0,0,0,0,1,0,1
30871,attack,off_target,3,S0,0,23,7,1,0,0,0,0,1,0,0,0,0,0
30884,attack,clean_target_effective,2,S5,5,23,6,1,1,0,1,0,0,0,0,0,1,2
30888,attack,missed,0,S0,0,22,5,1,0,0,0,1,0,0,0,0,0,0
30897,attack,clean_target_effective,2,S0,0,22,2,1,1,0,1,0,0,0,0,0,1,2
30898,attack,multi_hit,4,S5,5,22,2,1,0,0,0,0,0,1,0,0,0,0
30901,attack,clean_target_ineffective,1,S0,0,23,5,1,1,1,0,0,0,0,0,1,0,1
30909,attack,off_target,3,S5,5,23,2,1,0,0,0,0,1,0,0,0,0,0
30911,attack,missed,0,S0,0,23,2,1,0,0,0,1,0,0,0,0,0,0
30913,attack,missed,0,S5,5,22,6,1,0,0,0,1,0,0,0,0,0,0
30917,attack,invalid_reset,5,S0,0,23,2,0,0,0,0,0,0,0,1,0,0,0
30918,attack,clean_target_ineffective,1,S0,0,22,5,1,1,1,0,0,0,0,0,1,0,1
30923,attack,clean_target_effective,2,S0,0,23,1,1,1,0,1,0,0,0,0,0,1,2
30927,attack,missed,0,S0,0,23,6,1,0,0,0,1,0,0,0,0,0,0
30935,attack,clean_target_ineffective,1,S5,5,23,5,1,1,1,0,0,0,0,0,1,0,1
30938,attack,clean_target_effective,2,S0,0,23,7,1,1,0,1,0,0,0,0,0,1,2
30951,attack,clean_target_effective,2,S5,5,23,4,1,1,0,1,0,0,0,0,0,1,2
30952,attack,clean_target_ineffective,1,S5,5,23,7,1,1,1,0,0,0,0,0,1,0,1
30954,attack,clean_target_effective,2,S5,5,22,1,1,1,0,1,0,0,0,0,0,1,2
30958,attack,clean_target_effective,2,S5,5,23,1,1,1,0,1,0,0,0,0,0,1,2
30961,attack,multi_hit,4,S0,0,23,0,1,0,0,0,0,0,1,0,0,0,0
30968,attack,multi_hit,4,S5,5,23,1,1,0,0,0,0,0,1,0,0,0,0
30973,attack,invalid_reset,5,S0,0,23,1,0,0,0,0,0,0,0,1,0,0,0
30974,attack,clean_target_effective,2,S5,5,22,3,1,1,0,1,0,0,0,0,0,1,2
30975,attack,missed,0,S0,0,22,2,1,0,0,0,1,0,0,0,0,0,0
30988,attack,missed,0,S5,5,22,6,1,0,0,0,1,0,0,0,0,0,0
30989,attack,clean_target_effective,2,S0,0,22,6,1,1,0,1,0,0,0,0,0,1,2
30996,attack,clean_target_effective,2,S5,5,23,4,1,1,0,1,0,0,0,0,0,1,2
30997,attack,clean_target_ineffective,1,S0,0,23,3,1,1,1,0,0,0,0,0,1,0,1
30999,attack,clean_target_ineffective,1,S0,0,22,1,1,1,1,0,0,0,0,0,1,0,1
31007,attack,missed,0,S5,5,23,7,1,0,0,0,1,0,0,0,0,0,0
31022,attack,invalid_reset,5,S5,5,22,7,0,0,0,0,0,0,0,1,0,0,0
31025,attack,clean_target_ineffective,1,S5,5,23,6,1,1,1,0,0,0,0,0,1,0,1
31026,attack,missed,0,S0,0,23,1,1,0,0,0,1,0,0,0,0,0,0
31027,attack,clean_target_effective,2,S5,5,23,1,1,1,0,1,0,0,0,0,0,1,2
31031,attack,missed,0,S5,5,23,6,1,0,0,0,1,0,0,0,0,0,0
31033,attack,clean_target_effective,2,S5,5,23,1,1,1,0,1,0,0,0,0,0,1,2
31034,attack,clean_target_effective,2,S5,5,23,0,1,1,0,1,0,0,0,0,0,1,2
31039,attack,clean_target_ineffective,1,S0,0,23,4,1,1,1,0,0,0,0,0,1,0,1
31041,attack,missed,0,S0,0,23,1,1,0,0,0,1,0,0,0,0,0,0
31046,attack,missed,0,S0,0,22,7,1,0,0,0,1,0,0,0,0,0,0
31049,attack,missed,0,S0,0,23,5,1,0,0,0,1,0,0,0,0,0,0
31050,attack,clean_target_effective,2,S0,0,23,4,1,1,0,1,0,0,0,0,0,1,2
31052,attack,missed,0,S0,0,23,1,1,0,0,0,1,0,0,0,0,0,0
31054,attack,clean_target_ineffective,1,S5,5,23,2,1,1,1,0,0,0,0,0,1,0,1
31061,attack,clean_target_effective,2,S0,0,23,5,1,1,0,1,0,0,0,0,0,1,2
31065,attack,missed,0,S0,0,23,2,1,0,0,0,1,0,0,0,0,0,0
31066,attack,clean_target_ineffective,1,S0,0,23,3,1,1,1,0,0,0,0,0,1,0,1
31073,attack,clean_target_ineffective,1,S0,0,22,7,1,1,1,0,0,0,0,0,1,0,1
31075,attack,missed,0,S5,5,22,1,1,0,0,0,1,0,0,0,0,0,0
31081,attack,off_target,3,S0,0,22,2,1,0,0,0,0,1,0,0,0,0,0
31083,attack,off_target,3,S0,0,23,6,1,0,0,0,0,1,0,0,0,0,0
31096,attack,clean_target_effective,2,S5,5,23,4,1,1,0,1,0,0,0,0,0,1,2
31099,attack,clean_target_ineffective,1,S5,5,22,6,1,1,1,0,0,0,0,0,1,0,1
31102,attack,clean_target_effective,2,S0,0,23,6,1,1,0,1,0,0,0,0,0,1,2
31107,attack,multi_hit,4,S5,5,22,1,1,0,0,0,0,0,1,0,0,0,0
31108,attack,clean_target_effective,2,S0,0,22,0,1,1,0,1,0,0,0,0,0,1,2
31110,attack,off_target,3,S5,5,22,5,1,0,0,0,0,1,0,0,0,0,0
31116,attack,clean_target_effective,2,S0,0,23,0,1,1,0,1,0,0,0,0,0,1,2
31120,attack,clean_target_effective,2,S5,5,22,2,1,1,0,1,0,0,0,0,0,1,2
31130,attack,missed,0,S0,0,22,7,1,0,0,0,1,0,0,0,0,0,0
31133,attack,clean_target_ineffective,1,S0,0,23,6,1,1,1,0,0,0,0,0,1,0,1
31135,attack,multi_hit,4,S5,5,22,3,1,0,0,0,0,0,1,0,0,0,0
31139,attack,missed,0,S0,0,23,3,1,0,0,0,1,0,0,0,0,0,0
31154,attack,missed,0,S5,5,22,7,1,0,0,0,1,0,0,0,0,0,0
31158,attack,clean_target_effective,2,S5,5,23,7,1,1,0,1,0,0,0,0,0,1,2
31159,attack,off_target,3,S0,0,22,0,1,0,0,0,0,1,0,0,0,0,0
31162,attack,missed,0,S0,0,23,0,1,0,0,0,1,0,0,0,0,0,0
31163,attack,clean_target_effective,2,S5,5,23,5,1,1,0,1,0,0,0,0,0,1,2
31172,attack,clean_target_effective,2,S0,0,23,7,1,1,0,1,0,0,0,0,0,1,2
31174,attack,clean_target_effective,2,S5,5,23,4,1,1,0,1,0,0,0,0,0,1,2
31175,attack,invalid_reset,5,S5,5,22,4,0,0,0,0,0,0,0,1,0,0,0
31192,attack,off_target,3,S0,0,22,0,1,0,0,0,0,1,0,0,0,0,0
31194,attack,clean_target_effective,2,S0,0,23,1,1,1,0,1,0,0,0,0,0,1,2
31195,attack,missed,0,S0,0,23,7,1,0,0,0,1,0,0,0,0,0,0
31196,attack,multi_hit,4,S0,0,23,6,1,0,0,0,0,0,1,0,0,0,0
31198,attack,clean_target_ineffective,1,S0,0,22,7,1,1,1,0,0,0,0,0,1,0,1
31201,attack,clean_target_effective,2,S5,5,22,1,1,1,0,1,0,0,0,0,0,1,2
31202,attack,multi_hit,4,S0,0,22,1,1,0,0,0,0,0,1,0,0,0,0
31208,attack,invalid_reset,5,S0,0,23,5,0,0,0,0,0,0,0,1,0,0,0
31217,attack,missed,0,S5,5,23,4,1,0,0,0,1,0,0,0,0,0,0
31218,attack,missed,0,S0,0,23,5,1,0,0,0,1,0,0,0,0,0,0
31227,attack,clean_target_effective,2,S0,0,23,7,1,1,0,1,0,0,0,0,0,1,2
31229,attack,multi_hit,4,S5,5,22,4,1,0,0,0,0,0,1,0,0,0,0
31230,attack,missed,0,S0,0,22,5,1,0,0,0,1,0,0,0,0,0,0
31232,attack,missed,0,S0,0,22,4,1,0,0,0,1,0,0,0,0,0,0
31240,attack,invalid_reset,5,S5,5,22,4,0,0,0,0,0,0,0,1,0,0,0
31241,attack,off_target,3,S5,5,23,2,1,0,0,0,0,1,0,0,0,0,0
31254,attack,clean_target_effective,2,S0,0,23,2,1,1,0,1,0,0,0,0,0,1,2
31255,attack,clean_target_ineffective,1,S5,5,22,6,1,1,1,0,0,0,0,0,1,0,1
31257,attack,clean_target_effective,2,S0,0,23,5,1,1,0,1,0,0,0,0,0,1,2
31265,attack,off_target,3,S5,5,23,7,1,0,0,0,0,1,0,0,0,0,0
31268,attack,clean_target_effective,2,S5,5,23,6,1,1,0,1,0,0,0,0,0,1,2
31271,attack,clean_target_effective,2,S5,5,22,4,1,1,0,1,0,0,0,0,0,1,2
31278,attack,clean_target_effective,2,S0,0,22,7,1,1,0,1,0,0,0,0,0,1,2
31285,attack,multi_hit,4,S5,5,23,4,1,0,0,0,0,0,1,0,0,0,0
31286,attack,off_target,3,S0,0,22,2,1,0,0,0,0,1,0,0,0,0,0
31288,attack,missed,0,S0,0,22,1,1,0,0,0,1,0,0,0,0,0,0
31293,attack,off_target,3,S0,0,23,1,1,0,0,0,0,1,0,0,0,0,0
31299,attack,clean_target_effective,2,S5,5,23,2,1,1,0,1,0,0,0,0,0,1,2
31300,attack,off_target,3,S5,5,22,5,1,0,0,0,0,1,0,0,0,0,0
31305,attack,off_target,3,S0,0,22,2,1,0,0,0,0,1,0,0,0,0,0
31306,attack,off_target,3,S5,5,22,2,1,0,0,0,0,1,0,0,0,0,0
31310,attack,clean_target_ineffective,1,S5,5,23,7,1,1,1,0,0,0,0,0,1,0,1
31311,attack,clean_target_ineffective,1,S0,0,22,7,1,1,1,0,0,0,0,0,1,0,1
31314,attack,missed,0,S5,5,22,3,1,0,0,0,1,0,0,0,0,0,0
31317,attack,clean_target_effective,2,S0,0,22,5,1,1,0,1,0,0,0,0,0,1,2
31321,attack,missed,0,S5,5,23,3,1,0,0,0,1,0,0,0,0,0,0
31323,attack,missed,0,S5,5,22,3,1,0,0,0,1,0,0,0,0,0,0
31327,attack,invalid_reset,5,S0,0,22,7,0,0,0,0,0,0,0,1,0,0,0
31329,attack,missed,0,S5,5,23,4,1,0,0,0,1,0,0,0,0,0,0
31333,attack,multi_hit,4,S5,5,23,5,1,0,0,0,0,0,1,0,0,0,0
31339,attack,multi_hit,4,S0,0,22,6,1,0,0,0,0,0,1,0,0,0,0
31340,attack,off_target,3,S0,0,22,1,1,0,0,0,0,1,0,0,0,0,0
31341,attack,missed,0,S5,5,23,2,1,0,0,0,1,0,0,0,0,0,0
31343,attack,missed,0,S0,0,23,4,1,0,0,0,1,0,0,0,0,0,0
31350,attack,clean_target_effective,2,S0,0,22,6,1,1,0,1,0,0,0,0,0,1,2
31357,attack,off_target,3,S0,0,23,5,1,0,0,0,0,1,0,0,0,0,0
31363,attack,missed,0,S5,5,23,5,1,0,0,0,1,0,0,0,0,0,0
31365,attack,multi_hit,4,S0,0,23,6,1,0,0,0,0,0,1,0,0,0,0
31367,attack,invalid_reset,5,S5,5,22,0,0,0,0,0,0,0,0,1,0,0,0
31369,attack,missed,0,S0,0,23,5,1,0,0,0,1,0,0,0,0,0,0
31370,attack,clean_target_effective,2,S5,5,22,5,1,1,0,1,0,0,0,0,0,1,2
31371,attack,off_target,3,S0,0,22,5,1,0,0,0,0,1,0,0,0,0,0
31373,attack,clean_target_effective,2,S5,5,23,0,1,1,0,1,0,0,0,0,0,1,2
31376,attack,clean_target_effective,2,S5,5,22,7,1,1,0,1,0,0,0,0,0,1,2
31382,attack,missed,0,S5,5,23,3,1,0,0,0,1,0,0,0,0,0,0
31387,attack,clean_target_effective,2,S5,5,23,1,1,1,0,1,0,0,0,0,0,1,2
31389,attack,multi_hit,4,S5,5,23,0,1,0,0,0,0,0,1,0,0,0,0
31390,attack,clean_target_effective,2,S5,5,22,5,1,1,0,1,0,0,0,0,0,1,2
31399,attack,clean_target_effective,2,S0,0,22,3,1,1,0,1,0,0,0,0,0,1,2
31406,attack,clean_target_effective,2,S5,5,22,2,1,1,0,1,0,0,0,0,0,1,2
31412,attack,off_target,3,S0,0,22,5,1,0,0,0,0,1,0,0,0,0,0
31414,attack,multi_hit,4,S0,0,23,7,1,0,0,0,0,0,1,0,0,0,0
31418,attack,missed,0,S0,0,23,2,1,0,0,0,1,0,0,0,0,0,0
31419,attack,multi_hit,4,S5,5,22,1,1,0,0,0,0,0,1,0,0,0,0
31420,attack,clean_target_effective,2,S0,0,23,2,1,1,0,1,0,0,0,0,0,1,2
31422,attack,off_target,3,S0,0,23,4,1,0,0,0,0,1,0,0,0,0,0
31423,attack,clean_target_effective,2,S5,5,23,1,1,1,0,1,0,0,0,0,0,1,2
31425,attack,multi_hit,4,S0,0,22,7,1,0,0,0,0,0,1,0,0,0,0
31430,attack,missed,0,S0,0,22,5,1,0,0,0,1,0,0,0,0,0,0
31431,attack,off_target,3,S0,0,22,7,1,0,0,0,0,1,0,0,0,0,0
31436,attack,off_target,3,S0,0,23,3,1,0,0,0,0,1,0,0,0,0,0
31437,attack,clean_target_effective,2,S0,0,22,3,1,1,0,1,0,0,0,0,0,1,2
31449,attack,missed,0,S5,5,22,2,1,0,0,0,1,0,0,0,0,0,0
31455,attack,missed,0,S0,0,23,5,1,0,0,0,1,0,0,0,0,0,0
31459,attack,multi_hit,4,S5,5,22,6,1,0,0,0,0,0,1,0,0,0,0
31460,attack,multi_hit,4,S5,5,23,7,1,0,0,0,0,0,1,0,0,0,0
31461,attack,clean_target_ineffective,1,S5,5,23,5,1,1,1,0,0,0,0,0,1,0,1
31479,attack,invalid_reset,5,S0,0,23,7,0,0,0,0,0,0,0,1,0,0,0
31493,attack,off_target,3,S5,5,23,7,1,0,0,0,0,1,0,0,0,0,0
31494,attack,clean_target_effective,2,S5,5,23,6,1,1,0,1,0,0,0,0,0,1,2
31495,attack,missed,0,S0,0,23,1,1,0,0,0,1,0,0,0,0,0,0
31499,attack,invalid_reset,5,S5,5,22,1,0,0,0,0,0,0,0,1,0,0,0
31502,attack,multi_hit,4,S0,0,23,6,1,0,0,0,0,0,1,0,0,0,0
31504,attack,missed,0,S0,0,22,1,1,0,0,0,1,0,0,0,0,0,0
31511,attack,multi_hit,4,S0,0,23,5,1,0,0,0,0,0,1,0,0,0,0
31516,attack,clean_target_effective,2,S0,0,22,4,1,1,0,1,0,0,0,0,0,1,2
31517,attack,multi_hit,4,S5,5,23,0,1,0,0,0,0,0,1,0,0,0,0
31518,attack,clean_target_ineffective,1,S0,0,23,7,1,1,1,0,0,0,0,0,1,0,1
31521,attack,clean_target_ineffective,1,S0,0,23,5,1,1,1,0,0,0,0,0,1,0,1
31525,attack,off_target,3,S0,0,22,6,1,0,0,0,0,1,0,0,0,0,0
31530,attack,off_target,3,S5,5,22,3,1,0,0,0,0,1,0,0,0,0,0
31535,attack,clean_target_effective,2,S5,5,23,6,1,1,0,1,0,0,0,0,0,1,2
31536,attack,off_target,3,S0,0,23,3,1,0,0,0,0,1,0,0,0,0,0
31537,attack,multi_hit,4,S5,5,23,7,1,0,0,0,0,0,1,0,0,0,0
31539,attack,multi_hit,4,S0,0,22,7,1,0,0,0,0,0,1,0,0,0,0
31541,attack,missed,0,S0,0,23,5,1,0,0,0,1,0,0,0,0,0,0
31544,attack,multi_hit,4,S5,5,22,5,1,0,0,0,0,0,1,0,0,0,0
31547,attack,clean_target_effective,2,S0,0,23,5,1,1,0,1,0,0,0,0,0,1,2
31551,attack,clean_target_effective,2,S5,5,22,5,1,1,0,1,0,0,0,0,0,1,2
31553,attack,off_target,3,S0,0,23,4,1,0,0,0,0,1,0,0,0,0,0
31558,attack,clean_target_effective,2,S0,0,23,4,1,1,0,1,0,0,0,0,0,1,2
31562,attack,clean_target_effective,2,S0,0,23,0,1,1,0,1,0,0,0,0,0,1,2
31566,attack,invalid_reset,5,S5,5,22,2,0,0,0,0,0,0,0,1,0,0,0
31571,attack,missed,0,S0,0,23,0,1,0,0,0,1,0,0,0,0,0,0
31576,attack,missed,0,S0,0,23,6,1,0,0,0,1,0,0,0,0,0,0
31585,attack,multi_hit,4,S0,0,22,1,1,0,0,0,0,0,1,0,0,0,0
31586,attack,missed,0,S0,0,22,5,1,0,0,0,1,0,0,0,0,0,0
31588,attack,missed,0,S0,0,23,3,1,0,0,0,1,0,0,0,0,0,0
31589,attack,multi_hit,4,S5,5,22,5,1,0,0,0,0,0,1,0,0,0,0
31591,attack,clean_target_effective,2,S0,0,23,7,1,1,0,1,0,0,0,0,0,1,2
31596,attack,clean_target_effective,2,S5,5,22,2,1,1,0,1,0,0,0,0,0,1,2
31601,attack,invalid_reset,5,S5,5,23,4,0,0,0,0,0,0,0,1,0,0,0
31603,attack,clean_target_effective,2,S0,0,23,3,1,1,0,1,0,0,0,0,0,1,2
31611,attack,multi_hit,4,S5,5,22,6,1,0,0,0,0,0,1,0,0,0,0
31617,attack,missed,0,S0,0,23,4,1,0,0,0,1,0,0,0,0,0,0
31629,attack,multi_hit,4,S5,5,23,0,1,0,0,0,0,0,1,0,0,0,0
31635,attack,off_target,3,S5,5,23,5,1,0,0,0,0,1,0,0,0,0,0
31643,attack,off_target,3,S5,5,22,0,1,0,0,0,0,1,0,0,0,0,0
31655,attack,invalid_reset,5,S0,0,23,5,0,0,0,0,0,0,0,1,0,0,0
31656,attack,clean_target_effective,2,S5,5,22,2,1,1,0,1,0,0,0,0,0,1,2
31660,attack,clean_target_ineffective,1,S5,5,22,0,1,1,1,0,0,0,0,0,1,0,1
31665,attack,missed,0,S0,0,22,7,1,0,0,0,1,0,0,0,0,0,0
31669,attack,clean_target_effective,2,S5,5,23,1,1,1,0,1,0,0,0,0,0,1,2
31670,attack,missed,0,S5,5,22,1,1,0,0,0,1,0,0,0,0,0,0
31683,attack,off_target,3,S5,5,22,5,1,0,0,0,0,1,0,0,0,0,0
31684,attack,clean_target_ineffective,1,S5,5,23,4,1,1,1,0,0,0,0,0,1,0,1
31685,attack,missed,0,S5,5,22,6,1,0,0,0,1,0,0,0,0,0,0
31686,attack,off_target,3,S0,0,22,5,1,0,0,0,0,1,0,0,0,0,0
31692,attack,clean_target_ineffective,1,S0,0,22,7,1,1,1,0,0,0,0,0,1,0,1
31696,attack,off_target,3,S5,5,22,5,1,0,0,0,0,1,0,0,0,0,0
31699,attack,clean_target_ineffective,1,S5,5,23,7,1,1,1,0,0,0,0,0,1,0,1
31706,attack,clean_target_effective,2,S5,5,23,4,1,1,0,1,0,0,0,0,0,1,2
31708,attack,multi_hit,4,S0,0,22,7,1,0,0,0,0,0,1,0,0,0,0
31709,attack,multi_hit,4,S5,5,23,2,1,0,0,0,0,0,1,0,0,0,0
31713,attack,off_target,3,S5,5,22,7,1,0,0,0,0,1,0,0,0,0,0
31714,attack,clean_target_effective,2,S0,0,22,7,1,1,0,1,0,0,0,0,0,1,2
31718,attack,missed,0,S5,5,23,4,1,0,0,0,1,0,0,0,0,0,0
31721,attack,missed,0,S0,0,23,5,1,0,0,0,1,0,0,0,0,0,0
31722,attack,off_target,3,S0,0,23,0,1,0,0,0,0,1,0,0,0,0,0
31728,attack,off_target,3,S0,0,23,2,1,0,0,0,0,1,0,0,0,0,0
31734,attack,off_target,3,S0,0,22,3,1,0,0,0,0,1,0,0,0,0,0
31743,attack,clean_target_effective,2,S5,5,22,6,1,1,0,1,0,0,0,0,0,1,2
31748,attack,missed,0,S5,5,23,7,1,0,0,0,1,0,0,0,0,0,0
31755,attack,invalid_reset,5,S5,5,23,0,0,0,0,0,0,0,0,1,0,0,0
31763,attack,clean_target_effective,2,S0,0,22,1,1,1,0,1,0,0,0,0,0,1,2
31765,attack,clean_target_effective,2,S5,5,23,7,1,1,0,1,0,0,0,0,0,1,2
31767,attack,missed,0,S5,5,22,2,1,0,0,0,1,0,0,0,0,0,0
31769,attack,missed,0,S5,5,23,3,1,0,0,0,1,0,0,0,0,0,0
31773,attack,clean_target_effective,2,S0,0,22,2,1,1,0,1,0,0,0,0,0,1,2
31780,attack,clean_target_ineffective,1,S0,0,23,7,1,1,1,0,0,0,0,0,1,0,1
31784,attack,clean_target_effective,2,S5,5,23,5,1,1,0,1,0,0,0,0,0,1,2
31790,attack,clean_target_effective,2,S0,0,23,1,1,1,0,1,0,0,0,0,0,1,2
31803,attack,multi_hit,4,S0,0,23,3,1,0,0,0,0,0,1,0,0,0,0
31805,attack,missed,0,S5,5,22,3,1,0,0,0,1,0,0,0,0,0,0
31807,attack,multi_hit,4,S0,0,23,0,1,0,0,0,0,0,1,0,0,0,0
31812,attack,multi_hit,4,S5,5,22,0,1,0,0,0,0,0,1,0,0,0,0
31819,attack,missed,0,S0,0,23,7,1,0,0,0,1,0,0,0,0,0,0
31822,attack,clean_target_effective,2,S5,5,23,4,1,1,0,1,0,0,0,0,0,1,2
31825,attack,multi_hit,4,S5,5,23,2,1,0,0,0,0,0,1,0,0,0,0
31829,attack,invalid_reset,5,S0,0,22,4,0,0,0,0,0,0,0,1,0,0,0
31830,attack,missed,0,S0,0,22,4,1,0,0,0,1,0,0,0,0,0,0
31835,attack,clean_target_effective,2,S5,5,22,0,1,1,0,1,0,0,0,0,0,1,2
31836,attack,clean_target_ineffective,1,S5,5,22,3,1,1,1,0,0,0,0,0,1,0,1
31838,attack,missed,0,S0,0,22,3,1,0,0,0,1,0,0,0,0,0,0
31840,attack,missed,0,S5,5,23,0,1,0,0,0,1,0,0,0,0,0,0
31847,attack,multi_hit,4,S5,5,22,4,1,0,0,0,0,0,1,0,0,0,0
31853,attack,invalid_reset,5,S5,5,23,6,0,0,0,0,0,0,0,1,0,0,0
31858,attack,missed,0,S0,0,22,1,1,0,0,0,1,0,0,0,0,0,0
31860,attack,missed,0,S0,0,23,6,1,0,0,0,1,0,0,0,0,0,0
31867,attack,clean_target_ineffective,1,S0,0,23,5,1,1,1,0,0,0,0,0,1,0,1
31868,attack,clean_target_effective,2,S0,0,22,0,1,1,0,1,0,0,0,0,0,1,2
31871,attack,invalid_reset,5,S5,5,23,2,0,0,0,0,0,0,0,1,0,0,0
31874,attack,off_target,3,S5,5,22,3,1,0,0,0,0,1,0,0,0,0,0
31875,attack,invalid_reset,5,S5,5,22,4,0,0,0,0,0,0,0,1,0,0,0
31876,attack,missed,0,S5,5,23,6,1,0,0,0,1,0,0,0,0,0,0
31877,attack,clean_target_ineffective,1,S0,0,22,7,1,1,1,0,0,0,0,0,1,0,1
31883,attack,clean_target_ineffective,1,S0,0,23,1,1,1,1,0,0,0,0,0,1,0,1
31892,attack,clean_target_ineffective,1,S5,5,23,0,1,1,1,0,0,0,0,0,1,0,1
31893,attack,clean_target_effective,2,S5,5,22,3,1,1,0,1,0,0,0,0,0,1,2
31896,attack,invalid_reset,5,S0,0,22,4,0,0,0,0,0,0,0,1,0,0,0
31898,attack,off_target,3,S5,5,22,5,1,0,0,0,0,1,0,0,0,0,0
31899,attack,multi_hit,4,S0,0,23,2,1,0,0,0,0,0,1,0,0,0,0
31901,attack,clean_target_effective,2,S5,5,23,3,1,1,0,1,0,0,0,0,0,1,2
31904,attack,off_target,3,S5,5,23,4,1,0,0,0,0,1,0,0,0,0,0
31907,attack,clean_target_effective,2,S0,0,22,5,1,1,0,1,0,0,0,0,0,1,2
31910,attack,missed,0,S0,0,22,4,1,0,0,0,1,0,0,0,0,0,0
31915,attack,missed,0,S0,0,22,1,1,0,0,0,1,0,0,0,0,0,0
31925,attack,clean_target_effective,2,S0,0,23,3,1,1,0,1,0,0,0,0,0,1,2
31927,attack,clean_target_effective,2,S0,0,23,0,1,1,0,1,0,0,0,0,0,1,2
31933,attack,missed,0,S0,0,22,6,1,0,0,0,1,0,0,0,0,0,0
31938,attack,missed,0,S5,5,22,4,1,0,0,0,1,0,0,0,0,0,0
31941,attack,missed,0,S5,5,22,5,1,0,0,0,1,0,0,0,0,0,0
31942,attack,clean_target_effective,2,S0,0,23,1,1,1,0,1,0,0,0,0,0,1,2
31943,attack,multi_hit,4,S5,5,22,0,1,0,0,0,0,0,1,0,0,0,0
31945,attack,clean_target_effective,2,S0,0,23,5,1,1,0,1,0,0,0,0,0,1,2
31951,attack,clean_target_effective,2,S5,5,23,3,1,1,0,1,0,0,0,0,0,1,2
31959,attack,clean_target_ineffective,1,S0,0,22,0,1,1,1,0,0,0,0,0,1,0,1
31962,attack,clean_target_effective,2,S0,0,23,3,1,1,0,1,0,0,0,0,0,1,2
31968,attack,missed,0,S5,5,22,1,1,0,0,0,1,0,0,0,0,0,0
31969,attack,off_target,3,S5,5,22,5,1,0,0,0,0,1,0,0,0,0,0
31970,attack,clean_target_effective,2,S0,0,23,0,1,1,0,1,0,0,0,0,0,1,2
31971,attack,invalid_reset,5,S5,5,23,0,0,0,0,0,0,0,0,1,0,0,0
31981,attack,off_target,3,S0,0,23,5,1,0,0,0,0,1,0,0,0,0,0
31988,attack,clean_target_ineffective,1,S5,5,23,5,1,1,1,0,0,0,0,0,1,0,1
31989,attack,clean_target_effective,2,S0,0,23,6,1,1,0,1,0,0,0,0,0,1,2
31990,attack,clean_target_ineffective,1,S0,0,23,7,1,1,1,0,0,0,0,0,1,0,1
31992,attack,missed,0,S5,5,22,2,1,0,0,0,1,0,0,0,0,0,0
31993,attack,clean_target_ineffective,1,S0,0,23,1,1,1,1,0,0,0,0,0,1,0,1
31994,attack,missed,0,S5,5,23,1,1,0,0,0,1,0,0,0,0,0,0
31997,attack,missed,0,S0,0,22,4,1,0,0,0,1,0,0,0,0,0,0
31998,attack,missed,0,S0,0,22,3,1,0,0,0,1,0,0,0,0,0,0
32000,attack,off_target,3,S0,0,22,6,1,0,0,0,0,1,0,0,0,0,0
32003,attack,off_target,3,S5,5,23,0,1,0,0,0,0,1,0,0,0,0,0
32006,attack,off_target,3,S5,5,23,0,1,0,0,0,0,1,0,0,0,0,0
32014,attack,clean_target_effective,2,S0,0,22,0,1,1,0,1,0,0,0,0,0,1,2
32016,attack,missed,0,S0,0,23,0,1,0,0,0,1,0,0,0,0,0,0
32020,attack,missed,0,S0,0,23,0,1,0,0,0,1,0,0,0,0,0,0
32027,attack,multi_hit,4,S5,5,23,5,1,0,0,0,0,0,1,0,0,0,0
32030,attack,multi_hit,4,S5,5,22,7,1,0,0,0,0,0,1,0,0,0,0
32033,attack,clean_target_ineffective,1,S5,5,22,3,1,1,1,0,0,0,0,0,1,0,1
32034,attack,missed,0,S0,0,22,1,1,0,0,0,1,0,0,0,0,0,0
32041,attack,multi_hit,4,S5,5,22,2,1,0,0,0,0,0,1,0,0,0,0
32046,attack,multi_hit,4,S0,0,22,0,1,0,0,0,0,0,1,0,0,0,0
32053,attack,missed,0,S5,5,22,1,1,0,0,0,1,0,0,0,0,0,0
32060,attack,missed,0,S5,5,23,5,1,0,0,0,1,0,0,0,0,0,0
32068,attack,multi_hit,4,S5,5,23,2,1,0,0,0,0,0,1,0,0,0,0
32072,attack,invalid_reset,5,S0,0,23,2,0,0,0,0,0,0,0,1,0,0,0
32078,attack,clean_target_effective,2,S0,0,22,2,1,1,0,1,0,0,0,0,0,1,2
32081,attack,missed,0,S0,0,22,7,1,0,0,0,1,0,0,0,0,0,0
32086,attack,off_target,3,S0,0,22,6,1,0,0,0,0,1,0,0,0,0,0
32089,attack,missed,0,S0,0,23,4,1,0,0,0,1,0,0,0,0,0,0
32095,attack,clean_target_ineffective,1,S0,0,23,2,1,1,1,0,0,0,0,0,1,0,1
32097,attack,off_target,3,S5,5,22,6,1,0,0,0,0,1,0,0,0,0,0
32098,attack,missed,0,S0,0,22,0,1,0,0,0,1,0,0,0,0,0,0
32100,attack,clean_target_effective,2,S0,0,23,5,1,1,0,1,0,0,0,0,0,1,2
32104,attack,missed,0,S0,0,22,3,1,0,0,0,1,0,0,0,0,0,0
32106,attack,off_target,3,S5,5,22,2,1,0,0,0,0,1,0,0,0,0,0
32107,attack,missed,0,S5,5,23,3,1,0,0,0,1,0,0,0,0,0,0
32110,attack,off_target,3,S0,0,22,3,1,0,0,0,0,1,0,0,0,0,0
32118,attack,multi_hit,4,S0,0,22,1,1,0,0,0,0,0,1,0,0,0,0
32123,attack,off_target,3,S0,0,23,0,1,0,0,0,0,1,0,0,0,0,0
32124,attack,missed,0,S0,0,23,3,1,0,0,0,1,0,0,0,0,0,0
32125,attack,missed,0,S0,0,23,4,1,0,0,0,1,0,0,0,0,0,0
32136,attack,clean_target_effective,2,S0,0,22,1,1,1,0,1,0,0,0,0,0,1,2
32139,attack,off_target,3,S5,5,23,1,1,0,0,0,0,1,0,0,0,0,0
32140,attack,off_target,3,S0,0,22,0,1,0,0,0,0,1,0,0,0,0,0
32142,attack,clean_target_ineffective,1,S0,0,23,1,1,1,1,0,0,0,0,0,1,0,1
32143,attack,missed,0,S0,0,23,4,1,0,0,0,1,0,0,0,0,0,0
32147,attack,clean_target_effective,2,S5,5,23,5,1,1,0,1,0,0,0,0,0,1,2
32153,attack,clean_target_effective,2,S5,5,22,2,1,1,0,1,0,0,0,0,0,1,2
32156,attack,clean_target_effective,2,S0,0,22,7,1,1,0,1,0,0,0,0,0,1,2
32160,attack,clean_target_effective,2,S5,5,22,6,1,1,0,1,0,0,0,0,0,1,2
32166,attack,off_target,3,S0,0,23,7,1,0,0,0,0,1,0,0,0,0,0
32171,attack,clean_target_effective,2,S0,0,22,3,1,1,0,1,0,0,0,0,0,1,2
32172,attack,multi_hit,4,S0,0,23,1,1,0,0,0,0,0,1,0,0,0,0
32177,attack,invalid_reset,5,S0,0,22,0,0,0,0,0,0,0,0,1,0,0,0
32178,attack,clean_target_effective,2,S0,0,22,7,1,1,0,1,0,0,0,0,0,1,2
32179,attack,clean_target_ineffective,1,S5,5,22,0,1,1,1,0,0,0,0,0,1,0,1
32182,attack,clean_target_ineffective,1,S0,0,22,0,1,1,1,0,0,0,0,0,1,0,1
32184,attack,clean_target_effective,2,S0,0,22,6,1,1,0,1,0,0,0,0,0,1,2
32194,attack,off_target,3,S5,5,23,4,1,0,0,0,0,1,0,0,0,0,0
32196,attack,clean_target_effective,2,S0,0,22,0,1,1,0,1,0,0,0,0,0,1,2
32199,attack,clean_target_ineffective,1,S0,0,22,6,1,1,1,0,0,0,0,0,1,0,1
32200,attack,multi_hit,4,S0,0,23,3,1,0,0,0,0,0,1,0,0,0,0
32201,attack,clean_target_effective,2,S5,5,22,7,1,1,0,1,0,0,0,0,0,1,2
32202,attack,clean_target_ineffective,1,S5,5,22,4,1,1,1,0,0,0,0,0,1,0,1
32215,attack,clean_target_effective,2,S0,0,23,2,1,1,0,1,0,0,0,0,0,1,2
32218,attack,invalid_reset,5,S0,0,23,2,0,0,0,0,0,0,0,1,0,0,0
32219,attack,missed,0,S5,5,23,7,1,0,0,0,1,0,0,0,0,0,0
32220,attack,clean_target_effective,2,S5,5,23,6,1,1,0,1,0,0,0,0,0,1,2
32224,attack,missed,0,S0,0,22,5,1,0,0,0,1,0,0,0,0,0,0
32239,attack,off_target,3,S0,0,23,0,1,0,0,0,0,1,0,0,0,0,0
32243,attack,clean_target_effective,2,S0,0,22,1,1,1,0,1,0,0,0,0,0,1,2
32248,attack,clean_target_effective,2,S5,5,22,1,1,1,0,1,0,0,0,0,0,1,2
32250,attack,off_target,3,S5,5,23,6,1,0,0,0,0,1,0,0,0,0,0
32259,attack,multi_hit,4,S0,0,23,6,1,0,0,0,0,0,1,0,0,0,0
32260,attack,clean_target_effective,2,S5,5,23,5,1,1,0,1,0,0,0,0,0,1,2
32261,attack,clean_target_effective,2,S5,5,23,5,1,1,0,1,0,0,0,0,0,1,2
32263,attack,clean_target_effective,2,S5,5,22,3,1,1,0,1,0,0,0,0,0,1,2
32267,attack,clean_target_effective,2,S0,0,23,6,1,1,0,1,0,0,0,0,0,1,2
32268,attack,missed,0,S5,5,22,7,1,0,0,0,1,0,0,0,0,0,0
32272,attack,invalid_reset,5,S5,5,22,4,0,0,0,0,0,0,0,1,0,0,0
32275,attack,clean_target_ineffective,1,S0,0,22,2,1,1,1,0,0,0,0,0,1,0,1
32280,attack,missed,0,S5,5,22,5,1,0,0,0,1,0,0,0,0,0,0
32282,attack,clean_target_effective,2,S0,0,23,0,1,1,0,1,0,0,0,0,0,1,2
32291,attack,missed,0,S0,0,22,0,1,0,0,0,1,0,0,0,0,0,0
32293,attack,missed,0,S0,0,22,5,1,0,0,0,1,0,0,0,0,0,0
32294,attack,clean_target_effective,2,S0,0,22,5,1,1,0,1,0,0,0,0,0,1,2
32304,attack,off_target,3,S0,0,23,3,1,0,0,0,0,1,0,0,0,0,0
32312,attack,missed,0,S0,0,23,1,1,0,0,0,1,0,0,0,0,0,0
32324,attack,off_target,3,S5,5,22,7,1,0,0,0,0,1,0,0,0,0,0
32328,attack,clean_target_effective,2,S5,5,23,3,1,1,0,1,0,0,0,0,0,1,2
32331,attack,missed,0,S5,5,22,5,1,0,0,0,1,0,0,0,0,0,0
32336,attack,missed,0,S0,0,22,7,1,0,0,0,1,0,0,0,0,0,0
32338,attack,clean_target_ineffective,1,S0,0,23,2,1,1,1,0,0,0,0,0,1,0,1
32343,attack,clean_target_effective,2,S5,5,22,1,1,1,0,1,0,0,0,0,0,1,2
32344,attack,off_target,3,S0,0,23,6,1,0,0,0,0,1,0,0,0,0,0
32347,attack,missed,0,S5,5,22,2,1,0,0,0,1,0,0,0,0,0,0
32350,attack,clean_target_effective,2,S5,5,22,4,1,1,0,1,0,0,0,0,0,1,2
32352,attack,multi_hit,4,S5,5,23,5,1,0,0,0,0,0,1,0,0,0,0
32353,attack,clean_target_effective,2,S0,0,22,0,1,1,0,1,0,0,0,0,0,1,2
32355,attack,missed,0,S5,5,22,0,1,0,0,0,1,0,0,0,0,0,0
32356,attack,missed,0,S5,5,23,1,1,0,0,0,1,0,0,0,0,0,0
32359,attack,clean_target_effective,2,S0,0,22,3,1,1,0,1,0,0,0,0,0,1,2
32360,attack,missed,0,S5,5,23,6,1,0,0,0,1,0,0,0,0,0,0
32362,attack,multi_hit,4,S0,0,23,2,1,0,0,0,0,0,1,0,0,0,0
32365,attack,clean_target_ineffective,1,S0,0,23,0,1,1,1,0,0,0,0,0,1,0,1
32370,attack,clean_target_effective,2,S0,0,22,4,1,1,0,1,0,0,0,0,0,1,2
32371,attack,missed,0,S0,0,22,4,1,0,0,0,1,0,0,0,0,0,0
32379,attack,clean_target_ineffective,1,S5,5,23,6,1,1,1,0,0,0,0,0,1,0,1
32383,attack,missed,0,S0,0,22,2,1,0,0,0,1,0,0,0,0,0,0
32384,attack,clean_target_effective,2,S5,5,22,1,1,1,0,1,0,0,0,0,0,1,2
32388,attack,multi_hit,4,S0,0,23,5,1,0,0,0,0,0,1,0,0,0,0
32394,attack,off_target,3,S5,5,23,4,1,0,0,0,0,1,0,0,0,0,0
32396,attack,clean_target_effective,2,S5,5,23,1,1,1,0,1,0,0,0,0,0,1,2
32400,attack,clean_target_ineffective,1,S5,5,22,2,1,1,1,0,0,0,0,0,1,0,1
32401,attack,clean_target_ineffective,1,S0,0,22,5,1,1,1,0,0,0,0,0,1,0,1
32404,attack,invalid_reset,5,S5,5,23,0,0,0,0,0,0,0,0,1,0,0,0
32408,attack,clean_target_effective,2,S0,0,22,1,1,1,0,1,0,0,0,0,0,1,2
32410,attack,off_target,3,S5,5,22,3,1,0,0,0,0,1,0,0,0,0,0
32413,attack,multi_hit,4,S5,5,22,1,1,0,0,0,0,0,1,0,0,0,0
32415,attack,multi_hit,4,S5,5,22,7,1,0,0,0,0,0,1,0,0,0,0
32416,attack,clean_target_ineffective,1,S5,5,23,5,1,1,1,0,0,0,0,0,1,0,1
32426,attack,clean_target_effective,2,S0,0,22,2,1,1,0,1,0,0,0,0,0,1,2
32427,attack,clean_target_ineffective,1,S0,0,22,2,1,1,1,0,0,0,0,0,1,0,1
32435,attack,missed,0,S5,5,23,5,1,0,0,0,1,0,0,0,0,0,0
32436,attack,clean_target_effective,2,S5,5,22,0,1,1,0,1,0,0,0,0,0,1,2
32439,attack,clean_target_effective,2,S0,0,23,2,1,1,0,1,0,0,0,0,0,1,2
32441,attack,off_target,3,S5,5,22,6,1,0,0,0,0,1,0,0,0,0,0
32443,attack,off_target,3,S0,0,22,3,1,0,0,0,0,1,0,0,0,0,0
32444,attack,clean_target_effective,2,S0,0,23,7,1,1,0,1,0,0,0,0,0,1,2
32454,attack,missed,0,S5,5,22,1,1,0,0,0,1,0,0,0,0,0,0
32456,attack,invalid_reset,5,S5,5,23,7,0,0,0,0,0,0,0,1,0,0,0
32458,attack,clean_target_ineffective,1,S0,0,23,3,1,1,1,0,0,0,0,0,1,0,1
32459,attack,off_target,3,S0,0,23,4,1,0,0,0,0,1,0,0,0,0,0
32460,attack,off_target,3,S0,0,23,3,1,0,0,0,0,1,0,0,0,0,0
32465,attack,multi_hit,4,S0,0,22,7,1,0,0,0,0,0,1,0,0,0,0
32478,attack,missed,0,S0,0,23,3,1,0,0,0,1,0,0,0,0,0,0
32482,attack,clean_target_effective,2,S0,0,23,4,1,1,0,1,0,0,0,0,0,1,2
32484,attack,missed,0,S5,5,23,4,1,0,0,0,1,0,0,0,0,0,0
32487,attack,off_target,3,S5,5,23,4,1,0,0,0,0,1,0,0,0,0,0
32489,attack,off_target,3,S5,5,22,7,1,0,0,0,0,1,0,0,0,0,0
32492,attack,clean_target_effective,2,S0,0,22,3,1,1,0,1,0,0,0,0,0,1,2
32494,attack,off_target,3,S0,0,22,2,1,0,0,0,0,1,0,0,0,0,0
32499,attack,clean_target_effective,2,S5,5,22,4,1,1,0,1,0,0,0,0,0,1,2
32507,attack,off_target,3,S5,5,22,5,1,0,0,0,0,1,0,0,0,0,0
32510,attack,clean_target_effective,2,S0,0,23,1,1,1,0,1,0,0,0,0,0,1,2
32512,attack,off_target,3,S0,0,22,4,1,0,0,0,0,1,0,0,0,0,0
32519,attack,clean_target_effective,2,S5,5,23,6,1,1,0,1,0,0,0,0,0,1,2
32520,attack,missed,0,S0,0,23,1,1,0,0,0,1,0,0,0,0,0,0
32525,attack,clean_target_effective,2,S5,5,22,2,1,1,0,1,0,0,0,0,0,1,2
32526,attack,clean_target_ineffective,1,S5,5,23,6,1,1,1,0,0,0,0,0,1,0,1
32528,attack,off_target,3,S0,0,23,2,1,0,0,0,0,1,0,0,0,0,0
32530,attack,off_target,3,S0,0,22,4,1,0,0,0,0,1,0,0,0,0,0
32532,attack,missed,0,S0,0,22,0,1,0,0,0,1,0,0,0,0,0,0
32537,attack,missed,0,S0,0,22,2,1,0,0,0,1,0,0,0,0,0,0
32545,attack,missed,0,S5,5,22,1,1,0,0,0,1,0,0,0,0,0,0
32546,attack,clean_target_effective,2,S5,5,23,3,1,1,0,1,0,0,0,0,0,1,2
32547,attack,off_target,3,S5,5,23,7,1,0,0,0,0,1,0,0,0,0,0
32555,attack,clean_target_effective,2,S0,0,22,6,1,1,0,1,0,0,0,0,0,1,2
32560,attack,invalid_reset,5,S5,5,23,6,0,0,0,0,0,0,0,1,0,0,0
32571,attack,missed,0,S5,5,22,5,1,0,0,0,1,0,0,0,0,0,0
32574,attack,missed,0,S0,0,22,3,1,0,0,0,1,0,0,0,0,0,0
32578,attack,missed,0,S5,5,23,4,1,0,0,0,1,0,0,0,0,0,0
32579,attack,missed,0,S5,5,22,0,1,0,0,0,1,0,0,0,0,0,0
32582,attack,clean_target_effective,2,S0,0,23,2,1,1,0,1,0,0,0,0,0,1,2
32588,attack,multi_hit,4,S5,5,22,4,1,0,0,0,0,0,1,0,0,0,0
32589,attack,clean_target_effective,2,S5,5,22,5,1,1,0,1,0,0,0,0,0,1,2
32593,attack,missed,0,S0,0,23,6,1,0,0,0,1,0,0,0,0,0,0
32595,attack,off_target,3,S0,0,23,3,1,0,0,0,0,1,0,0,0,0,0
32598,attack,missed,0,S5,5,22,3,1,0,0,0,1,0,0,0,0,0,0
32604,attack,missed,0,S5,5,22,4,1,0,0,0,1,0,0,0,0,0,0
32605,attack,clean_target_effective,2,S0,0,22,0,1,1,0,1,0,0,0,0,0,1,2
32615,attack,off_target,3,S0,0,23,5,1,0,0,0,0,1,0,0,0,0,0
32618,attack,multi_hit,4,S5,5,23,0,1,0,0,0,0,0,1,0,0,0,0
32626,attack,multi_hit,4,S5,5,23,1,1,0,0,0,0,0,1,0,0,0,0
32631,attack,clean_target_effective,2,S5,5,23,0,1,1,0,1,0,0,0,0,0,1,2
32635,attack,multi_hit,4,S0,0,23,3,1,0,0,0,0,0,1,0,0,0,0
32636,attack,clean_target_effective,2,S0,0,23,4,1,1,0,1,0,0,0,0,0,1,2
32639,attack,clean_target_effective,2,S5,5,22,1,1,1,0,1,0,0,0,0,0,1,2
32640,attack,off_target,3,S5,5,22,0,1,0,0,0,0,1,0,0,0,0,0
32642,attack,clean_target_effective,2,S0,0,23,7,1,1,0,1,0,0,0,0,0,1,2
32644,attack,off_target,3,S0,0,22,6,1,0,0,0,0,1,0,0,0,0,0
32663,attack,off_target,3,S5,5,23,3,1,0,0,0,0,1,0,0,0,0,0
32669,attack,multi_hit,4,S0,0,22,2,1,0,0,0,0,0,1,0,0,0,0
32678,attack,clean_target_effective,2,S0,0,22,7,1,1,0,1,0,0,0,0,0,1,2
32683,attack,invalid_reset,5,S0,0,22,4,0,0,0,0,0,0,0,1,0,0,0
32684,attack,clean_target_ineffective,1,S5,5,23,6,1,1,1,0,0,0,0,0,1,0,1
32685,attack,clean_target_effective,2,S0,0,22,7,1,1,0,1,0,0,0,0,0,1,2
32686,attack,missed,0,S0,0,22,0,1,0,0,0,1,0,0,0,0,0,0
32687,attack,off_target,3,S5,5,23,5,1,0,0,0,0,1,0,0,0,0,0
32692,attack,off_target,3,S0,0,23,7,1,0,0,0,0,1,0,0,0,0,0
32693,attack,missed,0,S5,5,23,4,1,0,0,0,1,0,0,0,0,0,0
32695,attack,off_target,3,S0,0,23,4,1,0,0,0,0,1,0,0,0,0,0
32697,attack,missed,0,S0,0,23,4,1,0,0,0,1,0,0,0,0,0,0
32700,attack,multi_hit,4,S0,0,22,6,1,0,0,0,0,0,1,0,0,0,0
32703,attack,clean_target_effective,2,S5,5,23,5,1,1,0,1,0,0,0,0,0,1,2
32708,attack,clean_target_effective,2,S0,0,23,7,1,1,0,1,0,0,0,0,0,1,2
32710,attack,invalid_reset,5,S0,0,23,5,0,0,0,0,0,0,0,1,0,0,0
32714,attack,off_target,3,S5,5,22,5,1,0,0,0,0,1,0,0,0,0,0
32716,attack,clean_target_effective,2,S0,0,23,3,1,1,0,1,0,0,0,0,0,1,2
32717,attack,missed,0,S5,5,23,2,1,0,0,0,1,0,0,0,0,0,0
32722,attack,multi_hit,4,S0,0,23,0,1,0,0,0,0,0,1,0,0,0,0
32723,attack,off_target,3,S5,5,22,7,1,0,0,0,0,1,0,0,0,0,0
32725,attack,clean_target_effective,2,S0,0,23,3,1,1,0,1,0,0,0,0,0,1,2
32726,attack,clean_target_effective,2,S0,0,22,4,1,1,0,1,0,0,0,0,0,1,2
32727,attack,multi_hit,4,S5,5,23,2,1,0,0,0,0,0,1,0,0,0,0
32735,attack,off_target,3,S0,0,22,6,1,0,0,0,0,1,0,0,0,0,0
32739,attack,clean_target_effective,2,S0,0,23,2,1,1,0,1,0,0,0,0,0,1,2
32744,attack,multi_hit,4,S5,5,23,7,1,0,0,0,0,0,1,0,0,0,0
32745,attack,clean_target_effective,2,S0,0,23,1,1,1,0,1,0,0,0,0,0,1,2
32746,attack,missed,0,S0,0,23,1,1,0,0,0,1,0,0,0,0,0,0
32755,attack,missed,0,S5,5,23,2,1,0,0,0,1,0,0,0,0,0,0
32759,attack,clean_target_effective,2,S0,0,22,0,1,1,0,1,0,0,0,0,0,1,2
32760,attack,off_target,3,S5,5,22,1,1,0,0,0,0,1,0,0,0,0,0
32765,attack,clean_target_effective,2,S0,0,23,3,1,1,0,1,0,0,0,0,0,1,2
32772,attack,off_target,3,S5,5,23,3,1,0,0,0,0,1,0,0,0,0,0
32774,attack,clean_target_effective,2,S0,0,22,1,1,1,0,1,0,0,0,0,0,1,2
32788,attack,missed,0,S0,0,22,3,1,0,0,0,1,0,0,0,0,0,0
32794,attack,clean_target_ineffective,1,S5,5,23,4,1,1,1,0,0,0,0,0,1,0,1
32795,attack,clean_target_effective,2,S5,5,22,6,1,1,0,1,0,0,0,0,0,1,2
32803,attack,off_target,3,S0,0,23,0,1,0,0,0,0,1,0,0,0,0,0
32804,attack,multi_hit,4,S5,5,23,0,1,0,0,0,0,0,1,0,0,0,0
32810,attack,off_target,3,S5,5,23,3,1,0,0,0,0,1,0,0,0,0,0
32812,attack,missed,0,S5,5,22,0,1,0,0,0,1,0,0,0,0,0,0
32817,attack,missed,0,S5,5,23,5,1,0,0,0,1,0,0,0,0,0,0
32821,attack,clean_target_effective,2,S5,5,22,3,1,1,0,1,0,0,0,0,0,1,2
32823,attack,multi_hit,4,S5,5,22,5,1,0,0,0,0,0,1,0,0,0,0
32828,attack,clean_target_ineffective,1,S0,0,23,2,1,1,1,0,0,0,0,0,1,0,1
32838,attack,clean_target_ineffective,1,S0,0,22,0,1,1,1,0,0,0,0,0,1,0,1
32854,attack,invalid_reset,5,S0,0,22,2,0,0,0,0,0,0,0,1,0,0,0
32855,attack,clean_target_ineffective,1,S0,0,23,0,1,1,1,0,0,0,0,0,1,0,1
32859,attack,missed,0,S0,0,23,5,1,0,0,0,1,0,0,0,0,0,0
32864,attack,off_target,3,S5,5,23,4,1,0,0,0,0,1,0,0,0,0,0
32872,attack,multi_hit,4,S0,0,23,5,1,0,0,0,0,0,1,0,0,0,0
32873,attack,clean_target_effective,2,S0,0,23,5,1,1,0,1,0,0,0,0,0,1,2
32875,attack,off_target,3,S0,0,23,1,1,0,0,0,0,1,0,0,0,0,0
32876,attack,clean_target_ineffective,1,S5,5,22,5,1,1,1,0,0,0,0,0,1,0,1
32883,attack,multi_hit,4,S0,0,22,2,1,0,0,0,0,0,1,0,0,0,0
32891,attack,missed,0,S0,0,22,0,1,0,0,0,1,0,0,0,0,0,0
32895,attack,off_target,3,S0,0,23,1,1,0,0,0,0,1,0,0,0,0,0
32896,attack,multi_hit,4,S5,5,22,7,1,0,0,0,0,0,1,0,0,0,0
32899,attack,off_target,3,S5,5,22,4,1,0,0,0,0,1,0,0,0,0,0
32901,attack,missed,0,S5,5,22,6,1,0,0,0,1,0,0,0,0,0,0
32906,attack,clean_target_ineffective,1,S5,5,23,3,1,1,1,0,0,0,0,0,1,0,1
32916,attack,off_target,3,S0,0,23,5,1,0,0,0,0,1,0,0,0,0,0
32921,attack,missed,0,S0,0,23,6,1,0,0,0,1,0,0,0,0,0,0
32923,attack,off_target,3,S5,5,23,7,1,0,0,0,0,1,0,0,0,0,0
32924,attack,invalid_reset,5,S0,0,22,2,0,0,0,0,0,0,0,1,0,0,0
32926,attack,missed,0,S0,0,22,0,1,0,0,0,1,0,0,0,0,0,0
32931,attack,missed,0,S0,0,22,2,1,0,0,0,1,0,0,0,0,0,0
32932,attack,off_target,3,S5,5,23,2,1,0,0,0,0,1,0,0,0,0,0
32939,attack,multi_hit,4,S0,0,22,7,1,0,0,0,0,0,1,0,0,0,0
32960,attack,multi_hit,4,S0,0,23,2,1,0,0,0,0,0,1,0,0,0,0
32963,attack,clean_target_effective,2,S0,0,23,0,1,1,0,1,0,0,0,0,0,1,2
32964,attack,clean_target_ineffective,1,S0,0,23,0,1,1,1,0,0,0,0,0,1,0,1
32971,attack,invalid_reset,5,S0,0,23,4,0,0,0,0,0,0,0,1,0,0,0
32973,attack,off_target,3,S0,0,22,7,1,0,0,0,0,1,0,0,0,0,0
32978,attack,multi_hit,4,S0,0,22,5,1,0,0,0,0,0,1,0,0,0,0
32987,attack,multi_hit,4,S0,0,22,3,1,0,0,0,0,0,1,0,0,0,0
32997,attack,off_target,3,S5,5,23,7,1,0,0,0,0,1,0,0,0,0,0
32998,attack,missed,0,S5,5,23,6,1,0,0,0,1,0,0,0,0,0,0
33004,attack,off_target,3,S5,5,22,1,1,0,0,0,0,1,0,0,0,0,0
33006,attack,clean_target_ineffective,1,S0,0,23,1,1,1,1,0,0,0,0,0,1,0,1
33007,attack,off_target,3,S5,5,23,1,1,0,0,0,0,1,0,0,0,0,0
33010,attack,clean_target_effective,2,S5,5,22,1,1,1,0,1,0,0,0,0,0,1,2
33011,attack,clean_target_effective,2,S0,0,23,2,1,1,0,1,0,0,0,0,0,1,2
33014,attack,missed,0,S0,0,22,3,1,0,0,0,1,0,0,0,0,0,0
33017,attack,missed,0,S5,5,23,3,1,0,0,0,1,0,0,0,0,0,0
33018,attack,missed,0,S0,0,22,5,1,0,0,0,1,0,0,0,0,0,0
33030,attack,clean_target_effective,2,S0,0,22,1,1,1,0,1,0,0,0,0,0,1,2
33033,attack,missed,0,S5,5,22,2,1,0,0,0,1,0,0,0,0,0,0
33042,attack,clean_target_ineffective,1,S0,0,23,7,1,1,1,0,0,0,0,0,1,0,1
33045,attack,clean_target_ineffective,1,S5,5,23,1,1,1,1,0,0,0,0,0,1,0,1
33047,attack,clean_target_effective,2,S0,0,22,5,1,1,0,1,0,0,0,0,0,1,2
33049,attack,missed,0,S5,5,23,1,1,0,0,0,1,0,0,0,0,0,0
33053,attack,missed,0,S0,0,23,2,1,0,0,0,1,0,0,0,0,0,0
33064,attack,clean_target_effective,2,S0,0,22,0,1,1,0,1,0,0,0,0,0,1,2
33065,attack,clean_target_effective,2,S0,0,23,6,1,1,0,1,0,0,0,0,0,1,2
33069,attack,missed,0,S5,5,23,4,1,0,0,0,1,0,0,0,0,0,0
33076,attack,off_target,3,S0,0,22,7,1,0,0,0,0,1,0,0,0,0,0
33089,attack,off_target,3,S5,5,22,4,1,0,0,0,0,1,0,0,0,0,0
33093,attack,clean_target_ineffective,1,S5,5,22,6,1,1,1,0,0,0,0,0,1,0,1
33094,attack,clean_target_effective,2,S5,5,23,0,1,1,0,1,0,0,0,0,0,1,2
33095,attack,off_target,3,S5,5,23,2,1,0,0,0,0,1,0,0,0,0,0
33096,attack,missed,0,S5,5,22,6,1,0,0,0,1,0,0,0,0,0,0
33101,attack,missed,0,S0,0,22,0,1,0,0,0,1,0,0,0,0,0,0
33102,attack,missed,0,S5,5,22,1,1,0,0,0,1,0,0,0,0,0,0
33107,attack,missed,0,S0,0,23,5,1,0,0,0,1,0,0,0,0,0,0
33110,attack,off_target,3,S5,5,23,4,1,0,0,0,0,1,0,0,0,0,0
33111,attack,missed,0,S0,0,22,1,1,0,0,0,1,0,0,0,0,0,0
33113,attack,off_target,3,S0,0,22,6,1,0,0,0,0,1,0,0,0,0,0
33120,attack,multi_hit,4,S5,5,22,6,1,0,0,0,0,0,1,0,0,0,0
33131,attack,off_target,3,S5,5,23,2,1,0,0,0,0,1,0,0,0,0,0
33132,attack,missed,0,S5,5,22,2,1,0,0,0,1,0,0,0,0,0,0
33141,attack,clean_target_effective,2,S5,5,22,7,1,1,0,1,0,0,0,0,0,1,2
33142,attack,missed,0,S5,5,22,0,1,0,0,0,1,0,0,0,0,0,0
33148,attack,multi_hit,4,S0,0,23,5,1,0,0,0,0,0,1,0,0,0,0
33155,attack,off_target,3,S5,5,22,4,1,0,0,0,0,1,0,0,0,0,0
33156,attack,multi_hit,4,S0,0,22,1,1,0,0,0,0,0,1,0,0,0,0
33159,attack,multi_hit,4,S0,0,22,3,1,0,0,0,0,0,1,0,0,0,0
33161,attack,off_target,3,S0,0,22,4,1,0,0,0,0,1,0,0,0,0,0
33162,attack,missed,0,S0,0,22,5,1,0,0,0,1,0,0,0,0,0,0
33170,attack,clean_target_ineffective,1,S5,5,22,5,1,1,1,0,0,0,0,0,1,0,1
33172,attack,clean_target_effective,2,S0,0,23,2,1,1,0,1,0,0,0,0,0,1,2
33180,attack,multi_hit,4,S5,5,23,1,1,0,0,0,0,0,1,0,0,0,0
33193,attack,clean_target_effective,2,S0,0,23,7,1,1,0,1,0,0,0,0,0,1,2
33200,attack,missed,0,S0,0,22,7,1,0,0,0,1,0,0,0,0,0,0
33201,attack,invalid_reset,5,S0,0,23,4,0,0,0,0,0,0,0,1,0,0,0
33203,attack,missed,0,S0,0,23,6,1,0,0,0,1,0,0,0,0,0,0
33205,attack,missed,0,S5,5,23,1,1,0,0,0,1,0,0,0,0,0,0
33210,attack,missed,0,S0,0,22,6,1,0,0,0,1,0,0,0,0,0,0
33212,attack,missed,0,S5,5,23,7,1,0,0,0,1,0,0,0,0,0,0
33219,attack,off_target,3,S0,0,23,7,1,0,0,0,0,1,0,0,0,0,0
33234,attack,missed,0,S5,5,22,2,1,0,0,0,1,0,0,0,0,0,0
33235,attack,clean_target_effective,2,S0,0,23,3,1,1,0,1,0,0,0,0,0,1,2
33236,attack,clean_target_effective,2,S5,5,23,3,1,1,0,1,0,0,0,0,0,1,2
33240,attack,missed,0,S5,5,23,2,1,0,0,0,1,0,0,0,0,0,0
33242,attack,multi_hit,4,S5,5,23,2,1,0,0,0,0,0,1,0,0,0,0
33245,attack,clean_target_effective,2,S5,5,22,7,1,1,0,1,0,0,0,0,0,1,2
33247,attack,clean_target_effective,2,S5,5,22,6,1,1,0,1,0,0,0,0,0,1,2
33250,attack,clean_target_effective,2,S0,0,22,1,1,1,0,1,0,0,0,0,0,1,2
33261,attack,clean_target_effective,2,S0,0,22,1,1,1,0,1,0,0,0,0,0,1,2
33262,attack,off_target,3,S5,5,23,6,1,0,0,0,0,1,0,0,0,0,0
33263,attack,missed,0,S0,0,22,6,1,0,0,0,1,0,0,0,0,0,0
33278,attack,clean_target_effective,2,S0,0,22,4,1,1,0,1,0,0,0,0,0,1,2
33282,attack,invalid_reset,5,S5,5,23,1,0,0,0,0,0,0,0,1,0,0,0
33286,attack,missed,0,S5,5,22,7,1,0,0,0,1,0,0,0,0,0,0
33297,attack,clean_target_ineffective,1,S5,5,23,4,1,1,1,0,0,0,0,0,1,0,1
33300,attack,clean_target_effective,2,S5,5,23,1,1,1,0,1,0,0,0,0,0,1,2
33310,attack,multi_hit,4,S0,0,22,3,1,0,0,0,0,0,1,0,0,0,0
33312,attack,clean_target_effective,2,S5,5,22,6,1,1,0,1,0,0,0,0,0,1,2
33313,attack,clean_target_effective,2,S0,0,23,2,1,1,0,1,0,0,0,0,0,1,2
33314,attack,off_target,3,S0,0,23,7,1,0,0,0,0,1,0,0,0,0,0
33316,attack,clean_target_ineffective,1,S5,5,23,0,1,1,1,0,0,0,0,0,1,0,1
33321,attack,missed,0,S5,5,22,6,1,0,0,0,1,0,0,0,0,0,0
33326,attack,clean_target_ineffective,1,S5,5,22,3,1,1,1,0,0,0,0,0,1,0,1
33332,attack,clean_target_effective,2,S0,0,23,6,1,1,0,1,0,0,0,0,0,1,2
33336,attack,clean_target_ineffective,1,S5,5,22,7,1,1,1,0,0,0,0,0,1,0,1
33337,attack,clean_target_effective,2,S0,0,23,7,1,1,0,1,0,0,0,0,0,1,2
33338,attack,invalid_reset,5,S5,5,22,3,0,0,0,0,0,0,0,1,0,0,0
33339,attack,off_target,3,S5,5,22,6,1,0,0,0,0,1,0,0,0,0,0
33348,attack,off_target,3,S5,5,23,0,1,0,0,0,0,1,0,0,0,0,0
33353,attack,missed,0,S5,5,22,0,1,0,0,0,1,0,0,0,0,0,0
33357,attack,off_target,3,S5,5,23,0,1,0,0,0,0,1,0,0,0,0,0
33358,attack,clean_target_effective,2,S0,0,22,1,1,1,0,1,0,0,0,0,0,1,2
33366,attack,off_target,3,S5,5,23,4,1,0,0,0,0,1,0,0,0,0,0
33379,attack,off_target,3,S5,5,23,7,1,0,0,0,0,1,0,0,0,0,0
33380,attack,missed,0,S5,5,22,0,1,0,0,0,1,0,0,0,0,0,0
33381,attack,off_target,3,S5,5,23,1,1,0,0,0,0,1,0,0,0,0,0
33382,attack,clean_target_effective,2,S5,5,23,6,1,1,0,1,0,0,0,0,0,1,2
33383,attack,multi_hit,4,S0,0,23,0,1,0,0,0,0,0,1,0,0,0,0
33384,attack,clean_target_ineffective,1,S0,0,23,7,1,1,1,0,0,0,0,0,1,0,1
33389,attack,clean_target_effective,2,S5,5,22,4,1,1,0,1,0,0,0,0,0,1,2
33392,attack,missed,0,S0,0,23,0,1,0,0,0,1,0,0,0,0,0,0
33399,attack,missed,0,S0,0,22,6,1,0,0,0,1,0,0,0,0,0,0
33405,attack,clean_target_effective,2,S5,5,23,2,1,1,0,1,0,0,0,0,0,1,2
33406,attack,missed,0,S0,0,22,2,1,0,0,0,1,0,0,0,0,0,0
33418,attack,clean_target_ineffective,1,S5,5,22,3,1,1,1,0,0,0,0,0,1,0,1
33427,attack,clean_target_effective,2,S5,5,22,1,1,1,0,1,0,0,0,0,0,1,2
33430,attack,clean_target_effective,2,S5,5,22,0,1,1,0,1,0,0,0,0,0,1,2
33431,attack,clean_target_ineffective,1,S0,0,23,4,1,1,1,0,0,0,0,0,1,0,1
33432,attack,clean_target_effective,2,S5,5,23,5,1,1,0,1,0,0,0,0,0,1,2
33436,attack,multi_hit,4,S5,5,23,0,1,0,0,0,0,0,1,0,0,0,0
33437,attack,off_target,3,S5,5,22,6,1,0,0,0,0,1,0,0,0,0,0
33442,attack,multi_hit,4,S5,5,22,1,1,0,0,0,0,0,1,0,0,0,0
33446,attack,clean_target_effective,2,S5,5,23,7,1,1,0,1,0,0,0,0,0,1,2
33448,attack,clean_target_effective,2,S0,0,22,0,1,1,0,1,0,0,0,0,0,1,2
33450,attack,clean_target_effective,2,S0,0,23,1,1,1,0,1,0,0,0,0,0,1,2
33454,attack,missed,0,S5,5,22,1,1,0,0,0,1,0,0,0,0,0,0
33464,attack,clean_target_ineffective,1,S5,5,22,7,1,1,1,0,0,0,0,0,1,0,1
33465,attack,off_target,3,S5,5,22,0,1,0,0,0,0,1,0,0,0,0,0
33472,attack,off_target,3,S0,0,22,2,1,0,0,0,0,1,0,0,0,0,0
33478,attack,clean_target_effective,2,S0,0,22,6,1,1,0,1,0,0,0,0,0,1,2
33479,attack,invalid_reset,5,S0,0,22,2,0,0,0,0,0,0,0,1,0,0,0
33480,attack,clean_target_ineffective,1,S0,0,22,0,1,1,1,0,0,0,0,0,1,0,1
33481,attack,missed,0,S5,5,23,1,1,0,0,0,1,0,0,0,0,0,0
33483,attack,clean_target_effective,2,S0,0,23,7,1,1,0,1,0,0,0,0,0,1,2
33485,attack,clean_target_effective,2,S5,5,23,0,1,1,0,1,0,0,0,0,0,1,2
33491,attack,off_target,3,S5,5,22,0,1,0,0,0,0,1,0,0,0,0,0
33493,attack,off_target,3,S5,5,22,5,1,0,0,0,0,1,0,0,0,0,0
33495,attack,clean_target_ineffective,1,S0,0,23,3,1,1,1,0,0,0,0,0,1,0,1
33497,attack,missed,0,S5,5,22,4,1,0,0,0,1,0,0,0,0,0,0
33499,attack,clean_target_ineffective,1,S5,5,23,7,1,1,1,0,0,0,0,0,1,0,1
33502,attack,clean_target_ineffective,1,S5,5,22,7,1,1,1,0,0,0,0,0,1,0,1
33507,attack,clean_target_effective,2,S5,5,22,3,1,1,0,1,0,0,0,0,0,1,2
33509,attack,clean_target_effective,2,S0,0,22,7,1,1,0,1,0,0,0,0,0,1,2
33510,attack,missed,0,S5,5,23,2,1,0,0,0,1,0,0,0,0,0,0
33515,attack,off_target,3,S0,0,23,6,1,0,0,0,0,1,0,0,0,0,0
33526,attack,clean_target_effective,2,S5,5,23,7,1,1,0,1,0,0,0,0,0,1,2
33533,attack,clean_target_effective,2,S0,0,23,4,1,1,0,1,0,0,0,0,0,1,2
33534,attack,missed,0,S5,5,23,0,1,0,0,0,1,0,0,0,0,0,0
33538,attack,off_target,3,S0,0,23,3,1,0,0,0,0,1,0,0,0,0,0
33541,attack,clean_target_ineffective,1,S0,0,22,3,1,1,1,0,0,0,0,0,1,0,1
33545,attack,missed,0,S0,0,22,5,1,0,0,0,1,0,0,0,0,0,0
33548,attack,missed,0,S5,5,23,3,1,0,0,0,1,0,0,0,0,0,0
33550,attack,off_target,3,S0,0,23,4,1,0,0,0,0,1,0,0,0,0,0
33554,attack,clean_target_effective,2,S0,0,23,5,1,1,0,1,0,0,0,0,0,1,2
33556,attack,multi_hit,4,S0,0,23,2,1,0,0,0,0,0,1,0,0,0,0
33558,attack,clean_target_effective,2,S0,0,23,2,1,1,0,1,0,0,0,0,0,1,2
33561,attack,invalid_reset,5,S0,0,22,2,0,0,0,0,0,0,0,1,0,0,0
33562,attack,clean_target_effective,2,S5,5,23,0,1,1,0,1,0,0,0,0,0,1,2
33568,attack,off_target,3,S0,0,23,0,1,0,0,0,0,1,0,0,0,0,0
33574,attack,clean_target_effective,2,S5,5,23,7,1,1,0,1,0,0,0,0,0,1,2
33581,attack,clean_target_ineffective,1,S0,0,22,2,1,1,1,0,0,0,0,0,1,0,1
33583,attack,multi_hit,4,S5,5,23,1,1,0,0,0,0,0,1,0,0,0,0
33584,attack,multi_hit,4,S5,5,23,4,1,0,0,0,0,0,1,0,0,0,0
33585,attack,missed,0,S5,5,22,3,1,0,0,0,1,0,0,0,0,0,0
33588,attack,clean_target_ineffective,1,S0,0,23,3,1,1,1,0,0,0,0,0,1,0,1
33605,attack,clean_target_effective,2,S5,5,23,2,1,1,0,1,0,0,0,0,0,1,2
33606,attack,missed,0,S0,0,23,6,1,0,0,0,1,0,0,0,0,0,0
33609,attack,missed,0,S0,0,23,2,1,0,0,0,1,0,0,0,0,0,0
33614,attack,clean_target_ineffective,1,S0,0,23,2,1,1,1,0,0,0,0,0,1,0,1
33617,attack,invalid_reset,5,S0,0,23,2,0,0,0,0,0,0,0,1,0,0,0
33620,attack,multi_hit,4,S0,0,22,1,1,0,0,0,0,0,1,0,0,0,0
33624,attack,clean_target_effective,2,S5,5,23,1,1,1,0,1,0,0,0,0,0,1,2
33628,attack,missed,0,S0,0,22,4,1,0,0,0,1,0,0,0,0,0,0
33638,attack,off_target,3,S5,5,23,0,1,0,0,0,0,1,0,0,0,0,0
33643,attack,multi_hit,4,S5,5,22,0,1,0,0,0,0,0,1,0,0,0,0
33655,attack,multi_hit,4,S5,5,23,1,1,0,0,0,0,0,1,0,0,0,0
33656,attack,missed,0,S0,0,22,4,1,0,0,0,1,0,0,0,0,0,0
33657,attack,off_target,3,S5,5,22,6,1,0,0,0,0,1,0,0,0,0,0
33658,attack,off_target,3,S5,5,23,7,1,0,0,0,0,1,0,0,0,0,0
33665,attack,off_target,3,S0,0,22,6,1,0,0,0,0,1,0,0,0,0,0
33667,attack,missed,0,S0,0,22,1,1,0,0,0,1,0,0,0,0,0,0
33673,attack,missed,0,S5,5,23,1,1,0,0,0,1,0,0,0,0,0,0
33674,attack,missed,0,S0,0,23,5,1,0,0,0,1,0,0,0,0,0,0
33675,attack,missed,0,S0,0,23,7,1,0,0,0,1,0,0,0,0,0,0
33680,attack,missed,0,S0,0,22,7,1,0,0,0,1,0,0,0,0,0,0
33681,attack,invalid_reset,5,S0,0,22,6,0,0,0,0,0,0,0,1,0,0,0
33685,attack,clean_target_effective,2,S0,0,23,5,1,1,0,1,0,0,0,0,0,1,2
33689,attack,off_target,3,S0,0,22,1,1,0,0,0,0,1,0,0,0,0,0
33696,attack,off_target,3,S0,0,22,4,1,0,0,0,0,1,0,0,0,0,0
33699,attack,off_target,3,S0,0,22,4,1,0,0,0,0,1,0,0,0,0,0
33702,attack,clean_target_effective,2,S0,0,23,6,1,1,0,1,0,0,0,0,0,1,2
33704,attack,multi_hit,4,S0,0,23,2,1,0,0,0,0,0,1,0,0,0,0
33706,attack,clean_target_ineffective,1,S0,0,23,1,1,1,1,0,0,0,0,0,1,0,1
33707,attack,multi_hit,4,S5,5,22,1,1,0,0,0,0,0,1,0,0,0,0
33712,attack,multi_hit,4,S5,5,23,5,1,0,0,0,0,0,1,0,0,0,0
33714,attack,missed,0,S0,0,23,4,1,0,0,0,1,0,0,0,0,0,0
33716,attack,missed,0,S0,0,23,5,1,0,0,0,1,0,0,0,0,0,0
33718,attack,clean_target_ineffective,1,S5,5,23,7,1,1,1,0,0,0,0,0,1,0,1
33719,attack,clean_target_effective,2,S5,5,22,2,1,1,0,1,0,0,0,0,0,1,2
33721,attack,invalid_reset,5,S0,0,22,3,0,0,0,0,0,0,0,1,0,0,0
33726,attack,missed,0,S0,0,23,5,1,0,0,0,1,0,0,0,0,0,0
33733,attack,clean_target_effective,2,S5,5,22,2,1,1,0,1,0,0,0,0,0,1,2
33734,attack,missed,0,S5,5,23,3,1,0,0,0,1,0,0,0,0,0,0
33750,attack,missed,0,S0,0,23,6,1,0,0,0,1,0,0,0,0,0,0
33754,attack,missed,0,S0,0,22,0,1,0,0,0,1,0,0,0,0,0,0
33756,attack,multi_hit,4,S5,5,22,3,1,0,0,0,0,0,1,0,0,0,0
33758,attack,clean_target_ineffective,1,S0,0,22,6,1,1,1,0,0,0,0,0,1,0,1
33760,attack,clean_target_effective,2,S5,5,22,3,1,1,0,1,0,0,0,0,0,1,2
33762,attack,clean_target_effective,2,S5,5,23,3,1,1,0,1,0,0,0,0,0,1,2
33763,attack,multi_hit,4,S0,0,22,7,1,0,0,0,0,0,1,0,0,0,0
33772,attack,off_target,3,S5,5,23,5,1,0,0,0,0,1,0,0,0,0,0
33775,attack,clean_target_effective,2,S5,5,23,5,1,1,0,1,0,0,0,0,0,1,2
33783,attack,missed,0,S0,0,22,4,1,0,0,0,1,0,0,0,0,0,0
33786,attack,clean_target_ineffective,1,S5,5,23,5,1,1,1,0,0,0,0,0,1,0,1
33787,attack,clean_target_ineffective,1,S5,5,22,0,1,1,1,0,0,0,0,0,1,0,1
33792,attack,clean_target_effective,2,S0,0,22,3,1,1,0,1,0,0,0,0,0,1,2
33795,attack,clean_target_effective,2,S0,0,23,6,1,1,0,1,0,0,0,0,0,1,2
33801,attack,invalid_reset,5,S5,5,22,6,0,0,0,0,0,0,0,1,0,0,0
33802,attack,clean_target_effective,2,S0,0,22,1,1,1,0,1,0,0,0,0,0,1,2
33807,attack,invalid_reset,5,S0,0,23,3,0,0,0,0,0,0,0,1,0,0,0
33815,attack,clean_target_effective,2,S0,0,23,7,1,1,0,1,0,0,0,0,0,1,2
33819,attack,missed,0,S5,5,22,2,1,0,0,0,1,0,0,0,0,0,0
33823,attack,multi_hit,4,S5,5,23,6,1,0,0,0,0,0,1,0,0,0,0
33824,attack,clean_target_effective,2,S5,5,22,3,1,1,0,1,0,0,0,0,0,1,2
33828,attack,missed,0,S0,0,22,7,1,0,0,0,1,0,0,0,0,0,0
33832,attack,clean_target_effective,2,S5,5,23,4,1,1,0,1,0,0,0,0,0,1,2
33834,attack,missed,0,S5,5,23,4,1,0,0,0,1,0,0,0,0,0,0
33835,attack,missed,0,S5,5,23,0,1,0,0,0,1,0,0,0,0,0,0
33840,attack,invalid_reset,5,S5,5,23,7,0,0,0,0,0,0,0,1,0,0,0
33842,attack,clean_target_effective,2,S0,0,23,2,1,1,0,1,0,0,0,0,0,1,2
33845,attack,missed,0,S0,0,22,2,1,0,0,0,1,0,0,0,0,0,0
33846,attack,clean_target_effective,2,S5,5,23,0,1,1,0,1,0,0,0,0,0,1,2
33850,attack,clean_target_effective,2,S5,5,22,1,1,1,0,1,0,0,0,0,0,1,2
33856,attack,missed,0,S5,5,23,7,1,0,0,0,1,0,0,0,0,0,0
33857,attack,off_target,3,S5,5,23,0,1,0,0,0,0,1,0,0,0,0,0
33862,attack,clean_target_effective,2,S0,0,22,4,1,1,0,1,0,0,0,0,0,1,2
33865,attack,off_target,3,S5,5,22,1,1,0,0,0,0,1,0,0,0,0,0
33869,attack,clean_target_ineffective,1,S0,0,22,0,1,1,1,0,0,0,0,0,1,0,1
33876,attack,clean_target_effective,2,S0,0,22,2,1,1,0,1,0,0,0,0,0,1,2
33880,attack,clean_target_ineffective,1,S5,5,23,1,1,1,1,0,0,0,0,0,1,0,1
33883,attack,multi_hit,4,S0,0,22,7,1,0,0,0,0,0,1,0,0,0,0
33888,attack,missed,0,S5,5,23,5,1,0,0,0,1,0,0,0,0,0,0
33890,attack,off_target,3,S0,0,22,1,1,0,0,0,0,1,0,0,0,0,0
33891,attack,multi_hit,4,S5,5,23,6,1,0,0,0,0,0,1,0,0,0,0
33895,attack,clean_target_effective,2,S5,5,23,5,1,1,0,1,0,0,0,0,0,1,2
33902,attack,multi_hit,4,S5,5,22,3,1,0,0,0,0,0,1,0,0,0,0
33909,attack,clean_target_effective,2,S5,5,23,0,1,1,0,1,0,0,0,0,0,1,2
33915,attack,clean_target_effective,2,S5,5,22,5,1,1,0,1,0,0,0,0,0,1,2
33916,attack,missed,0,S0,0,23,1,1,0,0,0,1,0,0,0,0,0,0
33922,attack,missed,0,S0,0,23,7,1,0,0,0,1,0,0,0,0,0,0
33927,attack,multi_hit,4,S5,5,22,0,1,0,0,0,0,0,1,0,0,0,0
33928,attack,off_target,3,S5,5,22,3,1,0,0,0,0,1,0,0,0,0,0
33933,attack,clean_target_effective,2,S5,5,23,7,1,1,0,1,0,0,0,0,0,1,2
33934,attack,clean_target_effective,2,S0,0,22,0,1,1,0,1,0,0,0,0,0,1,2
33941,attack,invalid_reset,5,S5,5,22,1,0,0,0,0,0,0,0,1,0,0,0
33945,attack,clean_target_effective,2,S0,0,23,2,1,1,0,1,0,0,0,0,0,1,2
33947,attack,clean_target_effective,2,S5,5,22,1,1,1,0,1,0,0,0,0,0,1,2
33952,attack,missed,0,S0,0,23,7,1,0,0,0,1,0,0,0,0,0,0
33953,attack,missed,0,S5,5,22,4,1,0,0,0,1,0,0,0,0,0,0
33960,attack,missed,0,S0,0,23,7,1,0,0,0,1,0,0,0,0,0,0
33962,attack,multi_hit,4,S5,5,23,0,1,0,0,0,0,0,1,0,0,0,0
33967,attack,clean_target_effective,2,S0,0,22,4,1,1,0,1,0,0,0,0,0,1,2
33972,attack,clean_target_ineffective,1,S5,5,23,1,1,1,1,0,0,0,0,0,1,0,1
33975,attack,off_target,3,S0,0,22,1,1,0,0,0,0,1,0,0,0,0,0
33979,attack,multi_hit,4,S5,5,22,5,1,0,0,0,0,0,1,0,0,0,0
33980,attack,invalid_reset,5,S0,0,22,2,0,0,0,0,0,0,0,1,0,0,0
33982,attack,clean_target_ineffective,1,S0,0,23,0,1,1,1,0,0,0,0,0,1,0,1
33984,attack,off_target,3,S5,5,22,7,1,0,0,0,0,1,0,0,0,0,0
33998,attack,clean_target_effective,2,S5,5,23,6,1,1,0,1,0,0,0,0,0,1,2
33999,attack,clean_target_effective,2,S5,5,22,0,1,1,0,1,0,0,0,0,0,1,2
34000,attack,missed,0,S5,5,22,7,1,0,0,0,1,0,0,0,0,0,0
34001,attack,clean_target_effective,2,S5,5,22,2,1,1,0,1,0,0,0,0,0,1,2
34006,attack,missed,0,S5,5,22,4,1,0,0,0,1,0,0,0,0,0,0
34026,attack,clean_target_effective,2,S5,5,23,1,1,1,0,1,0,0,0,0,0,1,2
34036,attack,off_target,3,S5,5,22,5,1,0,0,0,0,1,0,0,0,0,0
34037,attack,missed,0,S5,5,22,1,1,0,0,0,1,0,0,0,0,0,0
34048,attack,missed,0,S0,0,23,5,1,0,0,0,1,0,0,0,0,0,0
34050,attack,missed,0,S5,5,22,7,1,0,0,0,1,0,0,0,0,0,0
34051,attack,missed,0,S0,0,23,3,1,0,0,0,1,0,0,0,0,0,0
34056,attack,clean_target_ineffective,1,S0,0,23,0,1,1,1,0,0,0,0,0,1,0,1
34057,attack,off_target,3,S5,5,23,6,1,0,0,0,0,1,0,0,0,0,0
34059,attack,multi_hit,4,S5,5,22,0,1,0,0,0,0,0,1,0,0,0,0
34060,attack,clean_target_ineffective,1,S5,5,23,1,1,1,1,0,0,0,0,0,1,0,1
34061,attack,missed,0,S0,0,22,3,1,0,0,0,1,0,0,0,0,0,0
34063,attack,multi_hit,4,S0,0,23,1,1,0,0,0,0,0,1,0,0,0,0
34066,attack,clean_target_effective,2,S5,5,23,4,1,1,0,1,0,0,0,0,0,1,2
34069,attack,off_target,3,S0,0,23,6,1,0,0,0,0,1,0,0,0,0,0
34070,attack,invalid_reset,5,S0,0,23,7,0,0,0,0,0,0,0,1,0,0,0
34074,attack,invalid_reset,5,S0,0,23,1,0,0,0,0,0,0,0,1,0,0,0
34076,attack,invalid_reset,5,S5,5,23,3,0,0,0,0,0,0,0,1,0,0,0
34079,attack,off_target,3,S5,5,23,3,1,0,0,0,0,1,0,0,0,0,0
34084,attack,clean_target_effective,2,S5,5,22,5,1,1,0,1,0,0,0,0,0,1,2
34086,attack,missed,0,S0,0,23,1,1,0,0,0,1,0,0,0,0,0,0
34091,attack,missed,0,S0,0,23,4,1,0,0,0,1,0,0,0,0,0,0
34095,attack,clean_target_ineffective,1,S0,0,23,0,1,1,1,0,0,0,0,0,1,0,1
34098,attack,off_target,3,S5,5,22,4,1,0,0,0,0,1,0,0,0,0,0
34101,attack,clean_target_ineffective,1,S0,0,23,5,1,1,1,0,0,0,0,0,1,0,1
34111,attack,clean_target_ineffective,1,S5,5,22,2,1,1,1,0,0,0,0,0,1,0,1
34118,attack,clean_target_effective,2,S0,0,22,4,1,1,0,1,0,0,0,0,0,1,2
34124,attack,clean_target_ineffective,1,S0,0,23,6,1,1,1,0,0,0,0,0,1,0,1
34128,attack,clean_target_effective,2,S0,0,23,6,1,1,0,1,0,0,0,0,0,1,2
34129,attack,clean_target_effective,2,S0,0,23,3,1,1,0,1,0,0,0,0,0,1,2
34130,attack,multi_hit,4,S5,5,22,0,1,0,0,0,0,0,1,0,0,0,0
34137,attack,clean_target_effective,2,S0,0,23,4,1,1,0,1,0,0,0,0,0,1,2
34139,attack,invalid_reset,5,S0,0,22,1,0,0,0,0,0,0,0,1,0,0,0
34142,attack,clean_target_effective,2,S0,0,23,2,1,1,0,1,0,0,0,0,0,1,2
34147,attack,off_target,3,S5,5,22,0,1,0,0,0,0,1,0,0,0,0,0
34157,attack,clean_target_ineffective,1,S0,0,23,2,1,1,1,0,0,0,0,0,1,0,1
34163,attack,off_target,3,S0,0,22,5,1,0,0,0,0,1,0,0,0,0,0
34164,attack,clean_target_effective,2,S0,0,22,3,1,1,0,1,0,0,0,0,0,1,2
34178,attack,clean_target_effective,2,S0,0,22,1,1,1,0,1,0,0,0,0,0,1,2
34182,attack,multi_hit,4,S5,5,23,5,1,0,0,0,0,0,1,0,0,0,0
34183,attack,multi_hit,4,S5,5,22,1,1,0,0,0,0,0,1,0,0,0,0
34186,attack,clean_target_ineffective,1,S5,5,22,5,1,1,1,0,0,0,0,0,1,0,1
34192,attack,missed,0,S5,5,23,7,1,0,0,0,1,0,0,0,0,0,0
34193,attack,clean_target_ineffective,1,S5,5,22,6,1,1,1,0,0,0,0,0,1,0,1
34199,attack,invalid_reset,5,S5,5,23,0,0,0,0,0,0,0,0,1,0,0,0
34204,attack,clean_target_ineffective,1,S0,0,22,6,1,1,1,0,0,0,0,0,1,0,1
34212,attack,missed,0,S5,5,23,4,1,0,0,0,1,0,0,0,0,0,0
34221,attack,missed,0,S0,0,22,6,1,0,0,0,1,0,0,0,0,0,0
34229,attack,clean_target_effective,2,S0,0,22,3,1,1,0,1,0,0,0,0,0,1,2
34230,attack,clean_target_effective,2,S0,0,23,7,1,1,0,1,0,0,0,0,0,1,2
34232,attack,clean_target_ineffective,1,S5,5,23,0,1,1,1,0,0,0,0,0,1,0,1
34233,attack,missed,0,S5,5,22,6,1,0,0,0,1,0,0,0,0,0,0
34237,attack,missed,0,S5,5,23,4,1,0,0,0,1,0,0,0,0,0,0
34240,attack,clean_target_ineffective,1,S5,5,23,6,1,1,1,0,0,0,0,0,1,0,1
34243,attack,off_target,3,S5,5,23,5,1,0,0,0,0,1,0,0,0,0,0
34245,attack,missed,0,S5,5,22,2,1,0,0,0,1,0,0,0,0,0,0
34246,attack,clean_target_ineffective,1,S0,0,22,0,1,1,1,0,0,0,0,0,1,0,1
34249,attack,clean_target_effective,2,S0,0,22,3,1,1,0,1,0,0,0,0,0,1,2
34251,attack,clean_target_ineffective,1,S0,0,23,7,1,1,1,0,0,0,0,0,1,0,1
34254,attack,invalid_reset,5,S5,5,22,1,0,0,0,0,0,0,0,1,0,0,0
34262,attack,missed,0,S5,5,22,7,1,0,0,0,1,0,0,0,0,0,0
34268,attack,missed,0,S0,0,22,6,1,0,0,0,1,0,0,0,0,0,0
34271,attack,off_target,3,S5,5,22,4,1,0,0,0,0,1,0,0,0,0,0
34278,attack,clean_target_effective,2,S5,5,22,3,1,1,0,1,0,0,0,0,0,1,2
34282,attack,multi_hit,4,S5,5,22,2,1,0,0,0,0,0,1,0,0,0,0
34286,attack,missed,0,S5,5,23,0,1,0,0,0,1,0,0,0,0,0,0
34287,attack,missed,0,S0,0,22,6,1,0,0,0,1,0,0,0,0,0,0
34288,attack,off_target,3,S0,0,23,6,1,0,0,0,0,1,0,0,0,0,0
34292,attack,missed,0,S5,5,23,3,1,0,0,0,1,0,0,0,0,0,0
34293,attack,clean_target_ineffective,1,S0,0,23,4,1,1,1,0,0,0,0,0,1,0,1
34295,attack,off_target,3,S5,5,22,3,1,0,0,0,0,1,0,0,0,0,0
34301,attack,clean_target_ineffective,1,S5,5,22,2,1,1,1,0,0,0,0,0,1,0,1
34303,attack,missed,0,S0,0,23,1,1,0,0,0,1,0,0,0,0,0,0
34305,attack,clean_target_effective,2,S0,0,23,0,1,1,0,1,0,0,0,0,0,1,2
34308,attack,missed,0,S0,0,23,7,1,0,0,0,1,0,0,0,0,0,0
34317,attack,clean_target_effective,2,S0,0,23,4,1,1,0,1,0,0,0,0,0,1,2
34322,attack,clean_target_effective,2,S0,0,23,4,1,1,0,1,0,0,0,0,0,1,2
34324,attack,clean_target_effective,2,S5,5,22,5,1,1,0,1,0,0,0,0,0,1,2
34326,attack,missed,0,S0,0,22,5,1,0,0,0,1,0,0,0,0,0,0
34338,attack,clean_target_effective,2,S0,0,22,1,1,1,0,1,0,0,0,0,0,1,2
34339,attack,clean_target_effective,2,S0,0,22,4,1,1,0,1,0,0,0,0,0,1,2
34342,attack,multi_hit,4,S5,5,23,1,1,0,0,0,0,0,1,0,0,0,0
34349,attack,clean_target_ineffective,1,S0,0,23,1,1,1,1,0,0,0,0,0,1,0,1
34354,attack,missed,0,S5,5,23,1,1,0,0,0,1,0,0,0,0,0,0
34364,attack,multi_hit,4,S0,0,23,3,1,0,0,0,0,0,1,0,0,0,0
34369,attack,missed,0,S5,5,23,4,1,0,0,0,1,0,0,0,0,0,0
34383,attack,clean_target_effective,2,S0,0,23,7,1,1,0,1,0,0,0,0,0,1,2
34385,attack,missed,0,S5,5,23,3,1,0,0,0,1,0,0,0,0,0,0
34388,attack,clean_target_effective,2,S0,0,22,2,1,1,0,1,0,0,0,0,0,1,2
34392,attack,multi_hit,4,S5,5,23,7,1,0,0,0,0,0,1,0,0,0,0
34393,attack,clean_target_effective,2,S5,5,23,5,1,1,0,1,0,0,0,0,0,1,2
34402,attack,multi_hit,4,S0,0,23,2,1,0,0,0,0,0,1,0,0,0,0
34405,attack,off_target,3,S0,0,23,4,1,0,0,0,0,1,0,0,0,0,0
34407,attack,missed,0,S0,0,22,7,1,0,0,0,1,0,0,0,0,0,0
34408,attack,clean_target_ineffective,1,S0,0,23,2,1,1,1,0,0,0,0,0,1,0,1
34412,attack,missed,0,S0,0,23,7,1,0,0,0,1,0,0,0,0,0,0
34415,attack,invalid_reset,5,S5,5,23,4,0,0,0,0,0,0,0,1,0,0,0
34416,attack,missed,0,S5,5,22,4,1,0,0,0,1,0,0,0,0,0,0
34417,attack,multi_hit,4,S5,5,23,4,1,0,0,0,0,0,1,0,0,0,0
34418,attack,clean_target_effective,2,S0,0,22,3,1,1,0,1,0,0,0,0,0,1,2
34419,attack,multi_hit,4,S5,5,23,2,1,0,0,0,0,0,1,0,0,0,0
34420,attack,missed,0,S0,0,22,0,1,0,0,0,1,0,0,0,0,0,0
34424,attack,clean_target_effective,2,S0,0,23,3,1,1,0,1,0,0,0,0,0,1,2
34426,attack,missed,0,S5,5,22,2,1,0,0,0,1,0,0,0,0,0,0
34427,attack,invalid_reset,5,S5,5,23,7,0,0,0,0,0,0,0,1,0,0,0
34433,attack,missed,0,S0,0,23,5,1,0,0,0,1,0,0,0,0,0,0
34446,attack,missed,0,S0,0,22,2,1,0,0,0,1,0,0,0,0,0,0
34448,attack,missed,0,S0,0,22,2,1,0,0,0,1,0,0,0,0,0,0
34450,attack,clean_target_effective,2,S5,5,22,3,1,1,0,1,0,0,0,0,0,1,2
34451,attack,clean_target_ineffective,1,S5,5,23,1,1,1,1,0,0,0,0,0,1,0,1
34455,attack,clean_target_effective,2,S5,5,22,3,1,1,0,1,0,0,0,0,0,1,2
34458,attack,off_target,3,S0,0,23,5,1,0,0,0,0,1,0,0,0,0,0
34459,attack,off_target,3,S0,0,22,7,1,0,0,0,0,1,0,0,0,0,0
34460,attack,missed,0,S5,5,23,2,1,0,0,0,1,0,0,0,0,0,0
34463,attack,multi_hit,4,S0,0,23,2,1,0,0,0,0,0,1,0,0,0,0
34467,attack,clean_target_ineffective,1,S5,5,22,2,1,1,1,0,0,0,0,0,1,0,1
34469,attack,off_target,3,S5,5,22,2,1,0,0,0,0,1,0,0,0,0,0
34473,attack,missed,0,S0,0,22,3,1,0,0,0,1,0,0,0,0,0,0
34485,attack,clean_target_ineffective,1,S0,0,23,1,1,1,1,0,0,0,0,0,1,0,1
34487,attack,missed,0,S5,5,22,5,1,0,0,0,1,0,0,0,0,0,0
34490,attack,off_target,3,S5,5,22,0,1,0,0,0,0,1,0,0,0,0,0
34492,attack,clean_target_effective,2,S5,5,23,6,1,1,0,1,0,0,0,0,0,1,2
34499,attack,off_target,3,S5,5,23,7,1,0,0,0,0,1,0,0,0,0,0
34504,attack,clean_target_ineffective,1,S0,0,22,2,1,1,1,0,0,0,0,0,1,0,1
34507,attack,missed,0,S0,0,23,6,1,0,0,0,1,0,0,0,0,0,0
34509,attack,off_target,3,S5,5,23,0,1,0,0,0,0,1,0,0,0,0,0
34516,attack,clean_target_effective,2,S5,5,22,2,1,1,0,1,0,0,0,0,0,1,2
34518,attack,off_target,3,S5,5,22,2,1,0,0,0,0,1,0,0,0,0,0
34522,attack,off_target,3,S5,5,23,3,1,0,0,0,0,1,0,0,0,0,0
34526,attack,multi_hit,4,S5,5,23,0,1,0,0,0,0,0,1,0,0,0,0
34527,attack,invalid_reset,5,S5,5,23,6,0,0,0,0,0,0,0,1,0,0,0
34535,attack,clean_target_ineffective,1,S0,0,23,5,1,1,1,0,0,0,0,0,1,0,1
34537,attack,missed,0,S5,5,22,4,1,0,0,0,1,0,0,0,0,0,0
34541,attack,multi_hit,4,S0,0,23,6,1,0,0,0,0,0,1,0,0,0,0
34543,attack,clean_target_effective,2,S5,5,22,7,1,1,0,1,0,0,0,0,0,1,2
34552,attack,invalid_reset,5,S5,5,22,7,0,0,0,0,0,0,0,1,0,0,0
34555,attack,multi_hit,4,S5,5,23,6,1,0,0,0,0,0,1,0,0,0,0
34558,attack,clean_target_effective,2,S5,5,22,2,1,1,0,1,0,0,0,0,0,1,2
34566,attack,off_target,3,S5,5,22,6,1,0,0,0,0,1,0,0,0,0,0
34568,attack,clean_target_effective,2,S0,0,22,5,1,1,0,1,0,0,0,0,0,1,2
34569,attack,missed,0,S5,5,23,2,1,0,0,0,1,0,0,0,0,0,0
34585,attack,clean_target_ineffective,1,S0,0,22,6,1,1,1,0,0,0,0,0,1,0,1
34589,attack,clean_target_ineffective,1,S5,5,23,0,1,1,1,0,0,0,0,0,1,0,1
34591,attack,multi_hit,4,S0,0,23,7,1,0,0,0,0,0,1,0,0,0,0
34592,attack,multi_hit,4,S0,0,22,4,1,0,0,0,0,0,1,0,0,0,0
34595,attack,missed,0,S5,5,23,6,1,0,0,0,1,0,0,0,0,0,0
34598,attack,missed,0,S5,5,22,0,1,0,0,0,1,0,0,0,0,0,0
34603,attack,multi_hit,4,S0,0,23,1,1,0,0,0,0,0,1,0,0,0,0
34607,attack,multi_hit,4,S0,0,22,3,1,0,0,0,0,0,1,0,0,0,0
34610,attack,clean_target_effective,2,S5,5,22,2,1,1,0,1,0,0,0,0,0,1,2
34611,attack,clean_target_effective,2,S0,0,23,1,1,1,0,1,0,0,0,0,0,1,2
34620,attack,off_target,3,S0,0,22,2,1,0,0,0,0,1,0,0,0,0,0
34622,attack,clean_target_ineffective,1,S5,5,23,0,1,1,1,0,0,0,0,0,1,0,1
34623,attack,missed,0,S5,5,22,6,1,0,0,0,1,0,0,0,0,0,0
34625,attack,clean_target_effective,2,S0,0,22,5,1,1,0,1,0,0,0,0,0,1,2
34635,attack,clean_target_effective,2,S5,5,23,5,1,1,0,1,0,0,0,0,0,1,2
34642,attack,clean_target_effective,2,S0,0,22,0,1,1,0,1,0,0,0,0,0,1,2
34645,attack,missed,0,S5,5,23,3,1,0,0,0,1,0,0,0,0,0,0
34648,attack,clean_target_effective,2,S0,0,22,4,1,1,0,1,0,0,0,0,0,1,2
34650,attack,missed,0,S5,5,22,0,1,0,0,0,1,0,0,0,0,0,0
34653,attack,off_target,3,S5,5,23,5,1,0,0,0,0,1,0,0,0,0,0
34657,attack,off_target,3,S5,5,23,2,1,0,0,0,0,1,0,0,0,0,0
34658,attack,missed,0,S0,0,22,2,1,0,0,0,1,0,0,0,0,0,0
34661,attack,off_target,3,S5,5,23,6,1,0,0,0,0,1,0,0,0,0,0
34662,attack,missed,0,S0,0,23,6,1,0,0,0,1,0,0,0,0,0,0
34666,attack,off_target,3,S0,0,22,1,1,0,0,0,0,1,0,0,0,0,0
34667,attack,missed,0,S5,5,23,3,1,0,0,0,1,0,0,0,0,0,0
34671,attack,clean_target_effective,2,S0,0,23,1,1,1,0,1,0,0,0,0,0,1,2
34674,attack,missed,0,S0,0,23,5,1,0,0,0,1,0,0,0,0,0,0
34676,attack,missed,0,S5,5,22,4,1,0,0,0,1,0,0,0,0,0,0
34679,attack,clean_target_effective,2,S5,5,22,4,1,1,0,1,0,0,0,0,0,1,2
34680,attack,clean_target_ineffective,1,S5,5,23,0,1,1,1,0,0,0,0,0,1,0,1
34682,attack,clean_target_ineffective,1,S5,5,23,4,1,1,1,0,0,0,0,0,1,0,1
34685,attack,clean_target_effective,2,S5,5,22,7,1,1,0,1,0,0,0,0,0,1,2
34688,attack,clean_target_effective,2,S0,0,23,7,1,1,0,1,0,0,0,0,0,1,2
34693,attack,clean_target_ineffective,1,S5,5,23,0,1,1,1,0,0,0,0,0,1,0,1
34696,attack,clean_target_ineffective,1,S0,0,23,7,1,1,1,0,0,0,0,0,1,0,1
34704,attack,missed,0,S0,0,23,2,1,0,0,0,1,0,0,0,0,0,0
34705,attack,missed,0,S0,0,23,3,1,0,0,0,1,0,0,0,0,0,0
34706,attack,off_target,3,S5,5,23,5,1,0,0,0,0,1,0,0,0,0,0
34713,attack,off_target,3,S0,0,23,0,1,0,0,0,0,1,0,0,0,0,0
34720,attack,missed,0,S5,5,22,6,1,0,0,0,1,0,0,0,0,0,0
34725,attack,clean_target_effective,2,S5,5,23,0,1,1,0,1,0,0,0,0,0,1,2
34734,attack,invalid_reset,5,S0,0,22,0,0,0,0,0,0,0,0,1,0,0,0
34738,attack,off_target,3,S0,0,22,2,1,0,0,0,0,1,0,0,0,0,0
34742,attack,clean_target_effective,2,S5,5,22,4,1,1,0,1,0,0,0,0,0,1,2
34743,attack,clean_target_ineffective,1,S0,0,22,7,1,1,1,0,0,0,0,0,1,0,1
34744,attack,clean_target_effective,2,S0,0,23,3,1,1,0,1,0,0,0,0,0,1,2
34748,attack,clean_target_ineffective,1,S0,0,23,4,1,1,1,0,0,0,0,0,1,0,1
34749,attack,clean_target_effective,2,S0,0,23,6,1,1,0,1,0,0,0,0,0,1,2
34750,attack,off_target,3,S5,5,22,2,1,0,0,0,0,1,0,0,0,0,0
34751,attack,missed,0,S0,0,22,5,1,0,0,0,1,0,0,0,0,0,0
34752,attack,missed,0,S0,0,23,2,1,0,0,0,1,0,0,0,0,0,0
34755,attack,multi_hit,4,S0,0,22,2,1,0,0,0,0,0,1,0,0,0,0
34762,attack,off_target,3,S0,0,23,2,1,0,0,0,0,1,0,0,0,0,0
34765,attack,missed,0,S5,5,22,5,1,0,0,0,1,0,0,0,0,0,0
34768,attack,invalid_reset,5,S0,0,23,2,0,0,0,0,0,0,0,1,0,0,0
34771,attack,clean_target_ineffective,1,S5,5,22,4,1,1,1,0,0,0,0,0,1,0,1
34774,attack,missed,0,S5,5,22,7,1,0,0,0,1,0,0,0,0,0,0
34775,attack,off_target,3,S0,0,23,0,1,0,0,0,0,1,0,0,0,0,0
34776,attack,clean_target_effective,2,S5,5,22,0,1,1,0,1,0,0,0,0,0,1,2
34781,attack,clean_target_effective,2,S5,5,22,2,1,1,0,1,0,0,0,0,0,1,2
34784,attack,missed,0,S0,0,23,7,1,0,0,0,1,0,0,0,0,0,0
34785,attack,off_target,3,S0,0,23,7,1,0,0,0,0,1,0,0,0,0,0
34789,attack,off_target,3,S5,5,22,3,1,0,0,0,0,1,0,0,0,0,0
34790,attack,clean_target_ineffective,1,S0,0,22,5,1,1,1,0,0,0,0,0,1,0,1
34792,attack,clean_target_effective,2,S0,0,22,2,1,1,0,1,0,0,0,0,0,1,2
34793,attack,missed,0,S0,0,23,7,1,0,0,0,1,0,0,0,0,0,0
34794,attack,clean_target_effective,2,S5,5,22,3,1,1,0,1,0,0,0,0,0,1,2
34800,attack,clean_target_ineffective,1,S0,0,23,2,1,1,1,0,0,0,0,0,1,0,1
34802,attack,clean_target_effective,2,S0,0,22,1,1,1,0,1,0,0,0,0,0,1,2
34805,attack,missed,0,S5,5,23,4,1,0,0,0,1,0,0,0,0,0,0
34807,attack,clean_target_effective,2,S0,0,23,3,1,1,0,1,0,0,0,0,0,1,2
34811,attack,off_target,3,S0,0,22,1,1,0,0,0,0,1,0,0,0,0,0
34813,attack,multi_hit,4,S0,0,22,6,1,0,0,0,0,0,1,0,0,0,0
34816,attack,missed,0,S0,0,22,4,1,0,0,0,1,0,0,0,0,0,0
34818,attack,clean_target_effective,2,S5,5,23,4,1,1,0,1,0,0,0,0,0,1,2
34821,attack,clean_target_effective,2,S5,5,22,1,1,1,0,1,0,0,0,0,0,1,2
34822,attack,missed,0,S5,5,22,5,1,0,0,0,1,0,0,0,0,0,0
34826,attack,clean_target_ineffective,1,S0,0,22,1,1,1,1,0,0,0,0,0,1,0,1
34830,attack,off_target,3,S0,0,22,6,1,0,0,0,0,1,0,0,0,0,0
34832,attack,clean_target_effective,2,S0,0,23,2,1,1,0,1,0,0,0,0,0,1,2
34846,attack,invalid_reset,5,S5,5,23,5,0,0,0,0,0,0,0,1,0,0,0
34848,attack,multi_hit,4,S0,0,22,2,1,0,0,0,0,0,1,0,0,0,0
34849,attack,clean_target_effective,2,S5,5,23,6,1,1,0,1,0,0,0,0,0,1,2
34855,attack,clean_target_ineffective,1,S0,0,23,2,1,1,1,0,0,0,0,0,1,0,1
34858,attack,clean_target_ineffective,1,S5,5,23,5,1,1,1,0,0,0,0,0,1,0,1
34876,attack,missed,0,S5,5,22,3,1,0,0,0,1,0,0,0,0,0,0
34878,attack,clean_target_effective,2,S0,0,23,0,1,1,0,1,0,0,0,0,0,1,2
34881,attack,clean_target_ineffective,1,S5,5,22,2,1,1,1,0,0,0,0,0,1,0,1
34885,attack,clean_target_ineffective,1,S0,0,23,5,1,1,1,0,0,0,0,0,1,0,1
34886,attack,clean_target_ineffective,1,S5,5,22,6,1,1,1,0,0,0,0,0,1,0,1
34887,attack,multi_hit,4,S5,5,23,7,1,0,0,0,0,0,1,0,0,0,0
34890,attack,clean_target_effective,2,S5,5,23,2,1,1,0,1,0,0,0,0,0,1,2
34894,attack,multi_hit,4,S0,0,22,7,1,0,0,0,0,0,1,0,0,0,0
34895,attack,clean_target_effective,2,S5,5,22,0,1,1,0,1,0,0,0,0,0,1,2
34897,attack,clean_target_ineffective,1,S0,0,23,0,1,1,1,0,0,0,0,0,1,0,1
34900,attack,off_target,3,S5,5,22,1,1,0,0,0,0,1,0,0,0,0,0
34901,attack,clean_target_effective,2,S0,0,23,6,1,1,0,1,0,0,0,0,0,1,2
34902,attack,invalid_reset,5,S0,0,22,1,0,0,0,0,0,0,0,1,0,0,0
34905,attack,clean_target_ineffective,1,S5,5,23,1,1,1,1,0,0,0,0,0,1,0,1
34907,attack,missed,0,S0,0,22,3,1,0,0,0,1,0,0,0,0,0,0
34909,attack,clean_target_effective,2,S5,5,23,5,1,1,0,1,0,0,0,0,0,1,2
34912,attack,clean_target_effective,2,S5,5,22,6,1,1,0,1,0,0,0,0,0,1,2
34918,attack,clean_target_effective,2,S5,5,22,0,1,1,0,1,0,0,0,0,0,1,2
34925,attack,off_target,3,S0,0,22,3,1,0,0,0,0,1,0,0,0,0,0
34931,attack,missed,0,S5,5,23,4,1,0,0,0,1,0,0,0,0,0,0
34942,attack,clean_target_effective,2,S0,0,22,6,1,1,0,1,0,0,0,0,0,1,2
34953,attack,clean_target_effective,2,S0,0,23,3,1,1,0,1,0,0,0,0,0,1,2
34956,attack,missed,0,S0,0,22,3,1,0,0,0,1,0,0,0,0,0,0
34957,attack,off_target,3,S0,0,22,1,1,0,0,0,0,1,0,0,0,0,0
34959,attack,clean_target_ineffective,1,S0,0,22,2,1,1,1,0,0,0,0,0,1,0,1
34966,attack,clean_target_effective,2,S5,5,22,0,1,1,0,1,0,0,0,0,0,1,2
34967,attack,missed,0,S5,5,22,4,1,0,0,0,1,0,0,0,0,0,0
34970,attack,multi_hit,4,S5,5,23,1,1,0,0,0,0,0,1,0,0,0,0
34973,attack,clean_target_effective,2,S0,0,23,1,1,1,0,1,0,0,0,0,0,1,2
34978,attack,missed,0,S0,0,22,2,1,0,0,0,1,0,0,0,0,0,0
35000,attack,missed,0,S5,5,22,0,1,0,0,0,1,0,0,0,0,0,0
35012,attack,missed,0,S0,0,22,0,1,0,0,0,1,0,0,0,0,0,0
35013,attack,clean_target_effective,2,S5,5,22,6,1,1,0,1,0,0,0,0,0,1,2
35017,attack,off_target,3,S5,5,23,5,1,0,0,0,0,1,0,0,0,0,0
35021,attack,clean_target_effective,2,S0,0,22,0,1,1,0,1,0,0,0,0,0,1,2
35025,attack,clean_target_effective,2,S5,5,22,0,1,1,0,1,0,0,0,0,0,1,2
35029,attack,multi_hit,4,S5,5,23,2,1,0,0,0,0,0,1,0,0,0,0
35030,attack,multi_hit,4,S5,5,22,7,1,0,0,0,0,0,1,0,0,0,0
35041,attack,missed,0,S5,5,23,2,1,0,0,0,1,0,0,0,0,0,0
35042,attack,off_target,3,S5,5,23,4,1,0,0,0,0,1,0,0,0,0,0
35045,attack,missed,0,S5,5,23,5,1,0,0,0,1,0,0,0,0,0,0
35046,attack,clean_target_ineffective,1,S0,0,22,0,1,1,1,0,0,0,0,0,1,0,1
35054,attack,missed,0,S5,5,23,4,1,0,0,0,1,0,0,0,0,0,0
35056,attack,clean_target_effective,2,S5,5,23,4,1,1,0,1,0,0,0,0,0,1,2
35060,attack,off_target,3,S0,0,22,6,1,0,0,0,0,1,0,0,0,0,0
35061,attack,missed,0,S0,0,22,4,1,0,0,0,1,0,0,0,0,0,0
35062,attack,clean_target_ineffective,1,S5,5,23,4,1,1,1,0,0,0,0,0,1,0,1
35064,attack,off_target,3,S5,5,23,2,1,0,0,0,0,1,0,0,0,0,0
35068,attack,invalid_reset,5,S5,5,22,2,0,0,0,0,0,0,0,1,0,0,0
35069,attack,invalid_reset,5,S0,0,23,4,0,0,0,0,0,0,0,1,0,0,0
35070,attack,clean_target_ineffective,1,S5,5,22,0,1,1,1,0,0,0,0,0,1,0,1
35076,attack,missed,0,S0,0,23,3,1,0,0,0,1,0,0,0,0,0,0
35077,attack,off_target,3,S5,5,23,6,1,0,0,0,0,1,0,0,0,0,0
35086,attack,invalid_reset,5,S5,5,22,5,0,0,0,0,0,0,0,1,0,0,0
35090,attack,invalid_reset,5,S0,0,22,0,0,0,0,0,0,0,0,1,0,0,0
35093,attack,missed,0,S0,0,22,5,1,0,0,0,1,0,0,0,0,0,0
35094,attack,off_target,3,S5,5,23,0,1,0,0,0,0,1,0,0,0,0,0
35097,attack,clean_target_effective,2,S5,5,23,2,1,1,0,1,0,0,0,0,0,1,2
35105,attack,off_target,3,S5,5,22,7,1,0,0,0,0,1,0,0,0,0,0
35108,attack,clean_target_effective,2,S0,0,22,5,1,1,0,1,0,0,0,0,0,1,2
35111,attack,missed,0,S0,0,22,1,1,0,0,0,1,0,0,0,0,0,0
35112,attack,multi_hit,4,S0,0,22,7,1,0,0,0,0,0,1,0,0,0,0
35114,attack,clean_target_effective,2,S5,5,23,3,1,1,0,1,0,0,0,0,0,1,2
35116,attack,off_target,3,S5,5,22,6,1,0,0,0,0,1,0,0,0,0,0
35120,attack,missed,0,S0,0,23,6,1,0,0,0,1,0,0,0,0,0,0
35122,attack,missed,0,S5,5,22,1,1,0,0,0,1,0,0,0,0,0,0
35123,attack,missed,0,S0,0,23,1,1,0,0,0,1,0,0,0,0,0,0
35125,attack,clean_target_effective,2,S5,5,23,4,1,1,0,1,0,0,0,0,0,1,2
35130,attack,clean_target_ineffective,1,S0,0,23,4,1,1,1,0,0,0,0,0,1,0,1
35136,attack,invalid_reset,5,S5,5,22,4,0,0,0,0,0,0,0,1,0,0,0
35150,attack,invalid_reset,5,S0,0,22,7,0,0,0,0,0,0,0,1,0,0,0
35157,attack,clean_target_effective,2,S5,5,23,3,1,1,0,1,0,0,0,0,0,1,2
35158,attack,invalid_reset,5,S5,5,22,1,0,0,0,0,0,0,0,1,0,0,0
35159,attack,off_target,3,S0,0,22,3,1,0,0,0,0,1,0,0,0,0,0
35160,attack,multi_hit,4,S5,5,22,0,1,0,0,0,0,0,1,0,0,0,0
35162,attack,off_target,3,S5,5,22,5,1,0,0,0,0,1,0,0,0,0,0
35163,attack,clean_target_ineffective,1,S0,0,23,4,1,1,1,0,0,0,0,0,1,0,1
35167,attack,missed,0,S0,0,22,0,1,0,0,0,1,0,0,0,0,0,0
35170,attack,clean_target_effective,2,S5,5,22,4,1,1,0,1,0,0,0,0,0,1,2
35171,attack,missed,0,S0,0,22,0,1,0,0,0,1,0,0,0,0,0,0
35172,attack,missed,0,S0,0,22,7,1,0,0,0,1,0,0,0,0,0,0
35173,attack,missed,0,S0,0,23,4,1,0,0,0,1,0,0,0,0,0,0
35182,attack,clean_target_effective,2,S0,0,22,6,1,1,0,1,0,0,0,0,0,1,2
35184,attack,missed,0,S0,0,23,2,1,0,0,0,1,0,0,0,0,0,0
35187,attack,multi_hit,4,S0,0,23,7,1,0,0,0,0,0,1,0,0,0,0
35189,attack,missed,0,S5,5,23,0,1,0,0,0,1,0,0,0,0,0,0
35191,attack,clean_target_effective,2,S0,0,23,7,1,1,0,1,0,0,0,0,0,1,2
35194,attack,clean_target_effective,2,S5,5,23,4,1,1,0,1,0,0,0,0,0,1,2
35197,attack,off_target,3,S5,5,22,3,1,0,0,0,0,1,0,0,0,0,0
35199,attack,invalid_reset,5,S0,0,23,4,0,0,0,0,0,0,0,1,0,0,0
35206,attack,multi_hit,4,S0,0,22,1,1,0,0,0,0,0,1,0,0,0,0
35209,attack,multi_hit,4,S5,5,23,7,1,0,0,0,0,0,1,0,0,0,0
35211,attack,clean_target_effective,2,S0,0,22,0,1,1,0,1,0,0,0,0,0,1,2
35212,attack,clean_target_effective,2,S5,5,23,7,1,1,0,1,0,0,0,0,0,1,2
35213,attack,missed,0,S5,5,22,5,1,0,0,0,1,0,0,0,0,0,0
35218,attack,clean_target_ineffective,1,S0,0,22,4,1,1,1,0,0,0,0,0,1,0,1
35219,attack,invalid_reset,5,S5,5,23,6,0,0,0,0,0,0,0,1,0,0,0
35221,attack,missed,0,S5,5,22,2,1,0,0,0,1,0,0,0,0,0,0
35223,attack,clean_target_effective,2,S0,0,22,2,1,1,0,1,0,0,0,0,0,1,2
35225,attack,multi_hit,4,S5,5,22,7,1,0,0,0,0,0,1,0,0,0,0
35240,attack,multi_hit,4,S0,0,22,6,1,0,0,0,0,0,1,0,0,0,0
35246,attack,multi_hit,4,S0,0,23,5,1,0,0,0,0,0,1,0,0,0,0
35247,attack,missed,0,S5,5,22,0,1,0,0,0,1,0,0,0,0,0,0
35248,attack,clean_target_effective,2,S5,5,22,0,1,1,0,1,0,0,0,0,0,1,2
35252,attack,missed,0,S5,5,22,5,1,0,0,0,1,0,0,0,0,0,0
35256,attack,off_target,3,S5,5,22,4,1,0,0,0,0,1,0,0,0,0,0
35258,attack,clean_target_ineffective,1,S5,5,22,7,1,1,1,0,0,0,0,0,1,0,1
35260,attack,missed,0,S0,0,22,6,1,0,0,0,1,0,0,0,0,0,0
35265,attack,multi_hit,4,S0,0,22,2,1,0,0,0,0,0,1,0,0,0,0
35269,attack,missed,0,S5,5,22,3,1,0,0,0,1,0,0,0,0,0,0
35270,attack,missed,0,S0,0,22,5,1,0,0,0,1,0,0,0,0,0,0
35275,attack,clean_target_effective,2,S5,5,22,3,1,1,0,1,0,0,0,0,0,1,2
35276,attack,multi_hit,4,S5,5,23,0,1,0,0,0,0,0,1,0,0,0,0
35278,attack,multi_hit,4,S0,0,23,5,1,0,0,0,0,0,1,0,0,0,0
35280,attack,clean_target_effective,2,S0,0,23,7,1,1,0,1,0,0,0,0,0,1,2
35290,attack,off_target,3,S5,5,23,7,1,0,0,0,0,1,0,0,0,0,0
35291,attack,off_target,3,S5,5,22,3,1,0,0,0,0,1,0,0,0,0,0
35292,attack,clean_target_ineffective,1,S0,0,22,5,1,1,1,0,0,0,0,0,1,0,1
35293,attack,clean_target_effective,2,S5,5,22,6,1,1,0,1,0,0,0,0,0,1,2
35296,attack,clean_target_ineffective,1,S5,5,22,7,1,1,1,0,0,0,0,0,1,0,1
35305,attack,clean_target_effective,2,S0,0,22,4,1,1,0,1,0,0,0,0,0,1,2
35310,attack,clean_target_ineffective,1,S5,5,22,5,1,1,1,0,0,0,0,0,1,0,1
35323,attack,missed,0,S5,5,23,5,1,0,0,0,1,0,0,0,0,0,0
35327,attack,multi_hit,4,S0,0,22,5,1,0,0,0,0,0,1,0,0,0,0
35328,attack,missed,0,S5,5,23,0,1,0,0,0,1,0,0,0,0,0,0
35332,attack,off_target,3,S0,0,23,5,1,0,0,0,0,1,0,0,0,0,0
35337,attack,missed,0,S0,0,22,0,1,0,0,0,1,0,0,0,0,0,0
35345,attack,clean_target_effective,2,S5,5,22,2,1,1,0,1,0,0,0,0,0,1,2
35348,attack,clean_target_effective,2,S0,0,22,6,1,1,0,1,0,0,0,0,0,1,2
35352,attack,clean_target_effective,2,S0,0,22,4,1,1,0,1,0,0,0,0,0,1,2
35357,attack,multi_hit,4,S5,5,22,6,1,0,0,0,0,0,1,0,0,0,0
35365,attack,missed,0,S5,5,23,6,1,0,0,0,1,0,0,0,0,0,0
35371,attack,clean_target_ineffective,1,S0,0,23,4,1,1,1,0,0,0,0,0,1,0,1
35372,attack,missed,0,S5,5,23,6,1,0,0,0,1,0,0,0,0,0,0
35381,attack,missed,0,S5,5,23,2,1,0,0,0,1,0,0,0,0,0,0
35399,attack,missed,0,S5,5,23,7,1,0,0,0,1,0,0,0,0,0,0
35404,attack,missed,0,S0,0,22,6,1,0,0,0,1,0,0,0,0,0,0
35409,attack,missed,0,S0,0,22,3,1,0,0,0,1,0,0,0,0,0,0
35413,attack,clean_target_effective,2,S5,5,22,1,1,1,0,1,0,0,0,0,0,1,2
35415,attack,off_target,3,S5,5,23,6,1,0,0,0,0,1,0,0,0,0,0
35420,attack,clean_target_effective,2,S0,0,22,0,1,1,0,1,0,0,0,0,0,1,2
35422,attack,clean_target_effective,2,S0,0,23,4,1,1,0,1,0,0,0,0,0,1,2
35427,attack,clean_target_effective,2,S0,0,22,1,1,1,0,1,0,0,0,0,0,1,2
35430,attack,missed,0,S5,5,22,1,1,0,0,0,1,0,0,0,0,0,0
35432,attack,missed,0,S5,5,22,4,1,0,0,0,1,0,0,0,0,0,0
35437,attack,clean_target_ineffective,1,S5,5,23,5,1,1,1,0,0,0,0,0,1,0,1
35438,attack,clean_target_ineffective,1,S0,0,23,0,1,1,1,0,0,0,0,0,1,0,1
35441,attack,off_target,3,S0,0,22,5,1,0,0,0,0,1,0,0,0,0,0
35444,attack,multi_hit,4,S0,0,22,5,1,0,0,0,0,0,1,0,0,0,0
35449,attack,clean_target_ineffective,1,S5,5,22,6,1,1,1,0,0,0,0,0,1,0,1
35455,attack,missed,0,S0,0,22,6,1,0,0,0,1,0,0,0,0,0,0
35456,attack,missed,0,S5,5,22,4,1,0,0,0,1,0,0,0,0,0,0
35460,attack,clean_target_ineffective,1,S0,0,22,7,1,1,1,0,0,0,0,0,1,0,1
35464,attack,missed,0,S5,5,23,5,1,0,0,0,1,0,0,0,0,0,0
35472,attack,clean_target_effective,2,S0,0,22,3,1,1,0,1,0,0,0,0,0,1,2
35474,attack,missed,0,S5,5,23,3,1,0,0,0,1,0,0,0,0,0,0
35475,attack,off_target,3,S5,5,22,6,1,0,0,0,0,1,0,0,0,0,0
35480,attack,missed,0,S5,5,22,7,1,0,0,0,1,0,0,0,0,0,0
35481,attack,missed,0,S5,5,22,5,1,0,0,0,1,0,0,0,0,0,0
35482,attack,clean_target_effective,2,S5,5,23,1,1,1,0,1,0,0,0,0,0,1,2
35483,attack,missed,0,S5,5,23,4,1,0,0,0,1,0,0,0,0,0,0
35485,attack,off_target,3,S5,5,22,0,1,0,0,0,0,1,0,0,0,0,0
35486,attack,off_target,3,S5,5,23,2,1,0,0,0,0,1,0,0,0,0,0
35493,attack,missed,0,S0,0,22,2,1,0,0,0,1,0,0,0,0,0,0
35495,attack,missed,0,S5,5,22,6,1,0,0,0,1,0,0,0,0,0,0
35501,attack,clean_target_effective,2,S5,5,22,2,1,1,0,1,0,0,0,0,0,1,2
35503,attack,clean_target_ineffective,1,S5,5,23,3,1,1,1,0,0,0,0,0,1,0,1
35516,attack,clean_target_ineffective,1,S0,0,23,0,1,1,1,0,0,0,0,0,1,0,1
35528,attack,missed,0,S5,5,22,0,1,0,0,0,1,0,0,0,0,0,0
35539,attack,clean_target_effective,2,S0,0,22,3,1,1,0,1,0,0,0,0,0,1,2
35540,attack,missed,0,S0,0,22,3,1,0,0,0,1,0,0,0,0,0,0
35541,attack,off_target,3,S0,0,23,2,1,0,0,0,0,1,0,0,0,0,0
35543,attack,off_target,3,S5,5,22,3,1,0,0,0,0,1,0,0,0,0,0
35545,attack,clean_target_effective,2,S0,0,22,1,1,1,0,1,0,0,0,0,0,1,2
35546,attack,clean_target_effective,2,S0,0,23,1,1,1,0,1,0,0,0,0,0,1,2
35556,attack,clean_target_ineffective,1,S0,0,22,5,1,1,1,0,0,0,0,0,1,0,1
35568,attack,clean_target_effective,2,S0,0,23,1,1,1,0,1,0,0,0,0,0,1,2
35569,attack,clean_target_effective,2,S5,5,23,5,1,1,0,1,0,0,0,0,0,1,2
35570,attack,multi_hit,4,S5,5,22,7,1,0,0,0,0,0,1,0,0,0,0
35574,attack,missed,0,S5,5,23,3,1,0,0,0,1,0,0,0,0,0,0
35581,attack,clean_target_ineffective,1,S5,5,22,6,1,1,1,0,0,0,0,0,1,0,1
35586,attack,clean_target_ineffective,1,S0,0,22,1,1,1,1,0,0,0,0,0,1,0,1
35587,attack,missed,0,S0,0,23,1,1,0,0,0,1,0,0,0,0,0,0
35588,attack,clean_target_effective,2,S0,0,22,2,1,1,0,1,0,0,0,0,0,1,2
35590,attack,missed,0,S5,5,22,4,1,0,0,0,1,0,0,0,0,0,0
35591,attack,off_target,3,S0,0,22,3,1,0,0,0,0,1,0,0,0,0,0
35598,attack,multi_hit,4,S5,5,22,5,1,0,0,0,0,0,1,0,0,0,0
35603,attack,missed,0,S0,0,23,1,1,0,0,0,1,0,0,0,0,0,0
35604,attack,off_target,3,S5,5,23,0,1,0,0,0,0,1,0,0,0,0,0
35605,attack,clean_target_ineffective,1,S0,0,22,6,1,1,1,0,0,0,0,0,1,0,1
35606,attack,missed,0,S5,5,22,6,1,0,0,0,1,0,0,0,0,0,0
35612,attack,missed,0,S5,5,22,0,1,0,0,0,1,0,0,0,0,0,0
35618,attack,clean_target_effective,2,S5,5,23,1,1,1,0,1,0,0,0,0,0,1,2
35626,attack,clean_target_ineffective,1,S5,5,23,3,1,1,1,0,0,0,0,0,1,0,1
35627,attack,missed,0,S0,0,22,2,1,0,0,0,1,0,0,0,0,0,0
35633,attack,clean_target_effective,2,S5,5,23,0,1,1,0,1,0,0,0,0,0,1,2
35635,attack,clean_target_effective,2,S5,5,23,1,1,1,0,1,0,0,0,0,0,1,2
35637,attack,missed,0,S0,0,23,2,1,0,0,0,1,0,0,0,0,0,0
35639,attack,missed,0,S0,0,22,1,1,0,0,0,1,0,0,0,0,0,0
35640,attack,clean_target_effective,2,S0,0,23,0,1,1,0,1,0,0,0,0,0,1,2
35648,attack,clean_target_effective,2,S0,0,22,3,1,1,0,1,0,0,0,0,0,1,2
35650,attack,clean_target_effective,2,S5,5,22,7,1,1,0,1,0,0,0,0,0,1,2
35653,attack,clean_target_effective,2,S5,5,22,2,1,1,0,1,0,0,0,0,0,1,2
35659,attack,missed,0,S0,0,22,2,1,0,0,0,1,0,0,0,0,0,0
35663,attack,missed,0,S5,5,22,1,1,0,0,0,1,0,0,0,0,0,0
35668,attack,missed,0,S0,0,22,7,1,0,0,0,1,0,0,0,0,0,0
35689,attack,clean_target_effective,2,S5,5,23,0,1,1,0,1,0,0,0,0,0,1,2
35690,attack,multi_hit,4,S0,0,22,5,1,0,0,0,0,0,1,0,0,0,0
35692,attack,multi_hit,4,S5,5,22,6,1,0,0,0,0,0,1,0,0,0,0
35695,attack,invalid_reset,5,S5,5,22,4,0,0,0,0,0,0,0,1,0,0,0
35698,attack,clean_target_effective,2,S5,5,23,0,1,1,0,1,0,0,0,0,0,1,2
35700,attack,multi_hit,4,S5,5,23,2,1,0,0,0,0,0,1,0,0,0,0
35710,attack,clean_target_ineffective,1,S0,0,22,1,1,1,1,0,0,0,0,0,1,0,1
35711,attack,clean_target_effective,2,S0,0,23,6,1,1,0,1,0,0,0,0,0,1,2
35715,attack,multi_hit,4,S5,5,23,6,1,0,0,0,0,0,1,0,0,0,0
35729,attack,multi_hit,4,S0,0,22,6,1,0,0,0,0,0,1,0,0,0,0
35730,attack,clean_target_ineffective,1,S0,0,22,2,1,1,1,0,0,0,0,0,1,0,1
35733,attack,clean_target_effective,2,S5,5,23,2,1,1,0,1,0,0,0,0,0,1,2
35735,attack,missed,0,S5,5,23,3,1,0,0,0,1,0,0,0,0,0,0
35737,attack,clean_target_effective,2,S0,0,22,1,1,1,0,1,0,0,0,0,0,1,2
35738,attack,off_target,3,S5,5,22,4,1,0,0,0,0,1,0,0,0,0,0
35739,attack,clean_target_effective,2,S5,5,23,7,1,1,0,1,0,0,0,0,0,1,2
35742,attack,multi_hit,4,S0,0,22,0,1,0,0,0,0,0,1,0,0,0,0
35748,attack,missed,0,S5,5,22,5,1,0,0,0,1,0,0,0,0,0,0
35753,attack,multi_hit,4,S5,5,23,2,1,0,0,0,0,0,1,0,0,0,0
35760,attack,off_target,3,S0,0,22,6,1,0,0,0,0,1,0,0,0,0,0
35761,attack,clean_target_effective,2,S0,0,23,7,1,1,0,1,0,0,0,0,0,1,2
35764,attack,missed,0,S0,0,22,4,1,0,0,0,1,0,0,0,0,0,0
35765,attack,clean_target_effective,2,S0,0,23,4,1,1,0,1,0,0,0,0,0,1,2
35773,attack,clean_target_ineffective,1,S5,5,23,3,1,1,1,0,0,0,0,0,1,0,1
35775,attack,missed,0,S0,0,22,6,1,0,0,0,1,0,0,0,0,0,0
35778,attack,off_target,3,S0,0,22,5,1,0,0,0,0,1,0,0,0,0,0
35779,attack,off_target,3,S0,0,22,7,1,0,0,0,0,1,0,0,0,0,0
35783,attack,clean_target_effective,2,S0,0,23,7,1,1,0,1,0,0,0,0,0,1,2
35784,attack,missed,0,S0,0,23,6,1,0,0,0,1,0,0,0,0,0,0
35786,attack,missed,0,S0,0,23,0,1,0,0,0,1,0,0,0,0,0,0
35797,attack,multi_hit,4,S5,5,23,4,1,0,0,0,0,0,1,0,0,0,0
35799,attack,missed,0,S5,5,23,3,1,0,0,0,1,0,0,0,0,0,0
35801,attack,missed,0,S5,5,23,7,1,0,0,0,1,0,0,0,0,0,0
35807,attack,clean_target_effective,2,S0,0,23,1,1,1,0,1,0,0,0,0,0,1,2
35811,attack,missed,0,S5,5,22,3,1,0,0,0,1,0,0,0,0,0,0
35817,attack,missed,0,S0,0,23,3,1,0,0,0,1,0,0,0,0,0,0
35820,attack,clean_target_effective,2,S5,5,22,3,1,1,0,1,0,0,0,0,0,1,2
35826,attack,off_target,3,S5,5,23,4,1,0,0,0,0,1,0,0,0,0,0
35835,attack,missed,0,S5,5,23,2,1,0,0,0,1,0,0,0,0,0,0
35836,attack,clean_target_effective,2,S5,5,23,5,1,1,0,1,0,0,0,0,0,1,2
35838,attack,multi_hit,4,S5,5,23,5,1,0,0,0,0,0,1,0,0,0,0
35845,attack,clean_target_ineffective,1,S5,5,22,3,1,1,1,0,0,0,0,0,1,0,1
35853,attack,off_target,3,S0,0,23,3,1,0,0,0,0,1,0,0,0,0,0
35860,attack,invalid_reset,5,S0,0,22,2,0,0,0,0,0,0,0,1,0,0,0
35862,attack,missed,0,S0,0,22,4,1,0,0,0,1,0,0,0,0,0,0
35876,attack,clean_target_effective,2,S5,5,23,1,1,1,0,1,0,0,0,0,0,1,2
35882,attack,missed,0,S0,0,22,0,1,0,0,0,1,0,0,0,0,0,0
35887,attack,missed,0,S0,0,22,1,1,0,0,0,1,0,0,0,0,0,0
35889,attack,off_target,3,S5,5,22,3,1,0,0,0,0,1,0,0,0,0,0
35896,attack,invalid_reset,5,S0,0,23,3,0,0,0,0,0,0,0,1,0,0,0
35897,attack,missed,0,S0,0,23,5,1,0,0,0,1,0,0,0,0,0,0
35904,attack,missed,0,S0,0,22,0,1,0,0,0,1,0,0,0,0,0,0
35905,attack,off_target,3,S5,5,23,5,1,0,0,0,0,1,0,0,0,0,0
35909,attack,missed,0,S5,5,23,1,1,0,0,0,1,0,0,0,0,0,0
35910,attack,clean_target_effective,2,S0,0,22,1,1,1,0,1,0,0,0,0,0,1,2
35914,attack,missed,0,S0,0,23,6,1,0,0,0,1,0,0,0,0,0,0
35918,attack,missed,0,S0,0,23,6,1,0,0,0,1,0,0,0,0,0,0
35919,attack,clean_target_effective,2,S5,5,23,7,1,1,0,1,0,0,0,0,0,1,2
35923,attack,clean_target_effective,2,S0,0,22,6,1,1,0,1,0,0,0,0,0,1,2
35924,attack,multi_hit,4,S0,0,22,0,1,0,0,0,0,0,1,0,0,0,0
35927,attack,invalid_reset,5,S0,0,23,4,0,0,0,0,0,0,0,1,0,0,0
35928,attack,clean_target_effective,2,S0,0,22,7,1,1,0,1,0,0,0,0,0,1,2
35933,attack,invalid_reset,5,S0,0,23,3,0,0,0,0,0,0,0,1,0,0,0
35934,attack,missed,0,S0,0,23,2,1,0,0,0,1,0,0,0,0,0,0
35941,attack,multi_hit,4,S5,5,22,6,1,0,0,0,0,0,1,0,0,0,0
35942,attack,clean_target_ineffective,1,S0,0,23,4,1,1,1,0,0,0,0,0,1,0,1
35943,attack,clean_target_effective,2,S5,5,23,3,1,1,0,1,0,0,0,0,0,1,2
35944,attack,multi_hit,4,S5,5,22,3,1,0,0,0,0,0,1,0,0,0,0
35959,attack,clean_target_effective,2,S0,0,23,6,1,1,0,1,0,0,0,0,0,1,2
35960,attack,missed,0,S5,5,22,7,1,0,0,0,1,0,0,0,0,0,0
35962,attack,multi_hit,4,S0,0,23,4,1,0,0,0,0,0,1,0,0,0,0
35964,attack,clean_target_ineffective,1,S5,5,23,6,1,1,1,0,0,0,0,0,1,0,1
35967,attack,off_target,3,S5,5,22,5,1,0,0,0,0,1,0,0,0,0,0
35970,attack,clean_target_ineffective,1,S0,0,22,4,1,1,1,0,0,0,0,0,1,0,1
35973,attack,clean_target_effective,2,S5,5,23,3,1,1,0,1,0,0,0,0,0,1,2
35975,attack,off_target,3,S5,5,23,0,1,0,0,0,0,1,0,0,0,0,0
35977,attack,clean_target_effective,2,S0,0,22,1,1,1,0,1,0,0,0,0,0,1,2
35984,attack,clean_target_ineffective,1,S5,5,22,0,1,1,1,0,0,0,0,0,1,0,1
35986,attack,clean_target_ineffective,1,S0,0,23,6,1,1,1,0,0,0,0,0,1,0,1
35987,attack,clean_target_ineffective,1,S0,0,23,2,1,1,1,0,0,0,0,0,1,0,1
35989,attack,clean_target_effective,2,S5,5,23,0,1,1,0,1,0,0,0,0,0,1,2
35996,attack,missed,0,S5,5,23,5,1,0,0,0,1,0,0,0,0,0,0
35998,attack,clean_target_ineffective,1,S5,5,23,3,1,1,1,0,0,0,0,0,1,0,1
36001,attack,clean_target_ineffective,1,S5,5,22,5,1,1,1,0,0,0,0,0,1,0,1
36002,attack,off_target,3,S0,0,23,2,1,0,0,0,0,1,0,0,0,0,0
36005,attack,missed,0,S5,5,22,6,1,0,0,0,1,0,0,0,0,0,0
36006,attack,off_target,3,S5,5,22,4,1,0,0,0,0,1,0,0,0,0,0
36009,attack,off_target,3,S0,0,22,5,1,0,0,0,0,1,0,0,0,0,0
36011,attack,missed,0,S5,5,22,7,1,0,0,0,1,0,0,0,0,0,0
36014,attack,clean_target_ineffective,1,S5,5,22,3,1,1,1,0,0,0,0,0,1,0,1
36017,attack,missed,0,S0,0,22,1,1,0,0,0,1,0,0,0,0,0,0
36023,attack,off_target,3,S0,0,22,1,1,0,0,0,0,1,0,0,0,0,0
36031,attack,missed,0,S5,5,23,7,1,0,0,0,1,0,0,0,0,0,0
36036,attack,clean_target_effective,2,S5,5,23,5,1,1,0,1,0,0,0,0,0,1,2
36049,attack,clean_target_effective,2,S5,5,23,5,1,1,0,1,0,0,0,0,0,1,2
36051,attack,off_target,3,S0,0,22,7,1,0,0,0,0,1,0,0,0,0,0
36056,attack,missed,0,S0,0,22,2,1,0,0,0,1,0,0,0,0,0,0
36061,attack,clean_target_effective,2,S5,5,23,1,1,1,0,1,0,0,0,0,0,1,2
36063,attack,multi_hit,4,S0,0,23,5,1,0,0,0,0,0,1,0,0,0,0
36069,attack,clean_target_ineffective,1,S5,5,22,4,1,1,1,0,0,0,0,0,1,0,1
36071,attack,clean_target_ineffective,1,S5,5,22,7,1,1,1,0,0,0,0,0,1,0,1
36089,attack,off_target,3,S0,0,22,1,1,0,0,0,0,1,0,0,0,0,0
36094,attack,missed,0,S0,0,22,1,1,0,0,0,1,0,0,0,0,0,0
36095,attack,clean_target_ineffective,1,S5,5,22,5,1,1,1,0,0,0,0,0,1,0,1
36107,attack,off_target,3,S0,0,22,1,1,0,0,0,0,1,0,0,0,0,0
36111,attack,invalid_reset,5,S5,5,23,3,0,0,0,0,0,0,0,1,0,0,0
36113,attack,clean_target_effective,2,S5,5,22,6,1,1,0,1,0,0,0,0,0,1,2
36117,attack,missed,0,S5,5,23,3,1,0,0,0,1,0,0,0,0,0,0
36118,attack,invalid_reset,5,S0,0,23,1,0,0,0,0,0,0,0,1,0,0,0
36122,attack,missed,0,S0,0,23,4,1,0,0,0,1,0,0,0,0,0,0
36126,attack,multi_hit,4,S5,5,22,0,1,0,0,0,0,0,1,0,0,0,0
36128,attack,clean_target_effective,2,S0,0,22,2,1,1,0,1,0,0,0,0,0,1,2
36135,attack,clean_target_effective,2,S0,0,23,4,1,1,0,1,0,0,0,0,0,1,2
36137,attack,clean_target_effective,2,S0,0,22,1,1,1,0,1,0,0,0,0,0,1,2
36143,attack,multi_hit,4,S0,0,23,4,1,0,0,0,0,0,1,0,0,0,0
36147,attack,off_target,3,S5,5,22,3,1,0,0,0,0,1,0,0,0,0,0
36155,attack,off_target,3,S5,5,22,1,1,0,0,0,0,1,0,0,0,0,0
36157,attack,missed,0,S0,0,22,6,1,0,0,0,1,0,0,0,0,0,0
36164,attack,off_target,3,S5,5,22,6,1,0,0,0,0,1,0,0,0,0,0
36167,attack,clean_target_effective,2,S5,5,23,1,1,1,0,1,0,0,0,0,0,1,2
36169,attack,off_target,3,S0,0,23,5,1,0,0,0,0,1,0,0,0,0,0
36171,attack,missed,0,S0,0,23,7,1,0,0,0,1,0,0,0,0,0,0
36172,attack,missed,0,S5,5,23,3,1,0,0,0,1,0,0,0,0,0,0
36175,attack,clean_target_effective,2,S5,5,22,4,1,1,0,1,0,0,0,0,0,1,2
36178,attack,off_target,3,S0,0,22,2,1,0,0,0,0,1,0,0,0,0,0
36179,attack,clean_target_ineffective,1,S0,0,23,3,1,1,1,0,0,0,0,0,1,0,1
36187,attack,clean_target_ineffective,1,S5,5,23,6,1,1,1,0,0,0,0,0,1,0,1
36196,attack,invalid_reset,5,S0,0,22,6,0,0,0,0,0,0,0,1,0,0,0
36199,attack,off_target,3,S5,5,23,7,1,0,0,0,0,1,0,0,0,0,0
36202,attack,missed,0,S5,5,22,1,1,0,0,0,1,0,0,0,0,0,0
36214,attack,off_target,3,S5,5,23,0,1,0,0,0,0,1,0,0,0,0,0
36217,attack,off_target,3,S5,5,23,1,1,0,0,0,0,1,0,0,0,0,0
36218,attack,clean_target_ineffective,1,S0,0,22,5,1,1,1,0,0,0,0,0,1,0,1
36222,attack,off_target,3,S0,0,22,4,1,0,0,0,0,1,0,0,0,0,0
36223,attack,off_target,3,S0,0,22,0,1,0,0,0,0,1,0,0,0,0,0
36226,attack,multi_hit,4,S5,5,22,2,1,0,0,0,0,0,1,0,0,0,0
36243,attack,clean_target_ineffective,1,S5,5,22,7,1,1,1,0,0,0,0,0,1,0,1
36244,attack,off_target,3,S5,5,22,1,1,0,0,0,0,1,0,0,0,0,0
36251,attack,multi_hit,4,S0,0,23,0,1,0,0,0,0,0,1,0,0,0,0
36252,attack,clean_target_ineffective,1,S5,5,22,7,1,1,1,0,0,0,0,0,1,0,1
36254,attack,clean_target_effective,2,S0,0,22,3,1,1,0,1,0,0,0,0,0,1,2
36255,attack,missed,0,S0,0,23,5,1,0,0,0,1,0,0,0,0,0,0
36258,attack,missed,0,S5,5,22,4,1,0,0,0,1,0,0,0,0,0,0
36262,attack,missed,0,S5,5,23,4,1,0,0,0,1,0,0,0,0,0,0
36267,attack,missed,0,S0,0,22,4,1,0,0,0,1,0,0,0,0,0,0
36268,attack,missed,0,S0,0,23,1,1,0,0,0,1,0,0,0,0,0,0
36269,attack,missed,0,S5,5,22,1,1,0,0,0,1,0,0,0,0,0,0
36274,attack,clean_target_effective,2,S0,0,22,2,1,1,0,1,0,0,0,0,0,1,2
36277,attack,off_target,3,S0,0,23,2,1,0,0,0,0,1,0,0,0,0,0
36279,attack,clean_target_ineffective,1,S0,0,22,4,1,1,1,0,0,0,0,0,1,0,1
36282,attack,missed,0,S0,0,23,5,1,0,0,0,1,0,0,0,0,0,0
36283,attack,clean_target_effective,2,S5,5,23,2,1,1,0,1,0,0,0,0,0,1,2
36285,attack,clean_target_ineffective,1,S5,5,22,3,1,1,1,0,0,0,0,0,1,0,1
36298,attack,clean_target_ineffective,1,S5,5,23,5,1,1,1,0,0,0,0,0,1,0,1
36299,attack,clean_target_effective,2,S0,0,23,1,1,1,0,1,0,0,0,0,0,1,2
36303,attack,missed,0,S5,5,22,0,1,0,0,0,1,0,0,0,0,0,0
36304,attack,clean_target_ineffective,1,S5,5,22,6,1,1,1,0,0,0,0,0,1,0,1
36308,attack,clean_target_effective,2,S0,0,23,1,1,1,0,1,0,0,0,0,0,1,2
36316,attack,clean_target_ineffective,1,S0,0,22,4,1,1,1,0,0,0,0,0,1,0,1
36325,attack,off_target,3,S0,0,23,4,1,0,0,0,0,1,0,0,0,0,0
36332,attack,missed,0,S0,0,23,6,1,0,0,0,1,0,0,0,0,0,0
36334,attack,clean_target_effective,2,S0,0,22,6,1,1,0,1,0,0,0,0,0,1,2
36346,attack,clean_target_effective,2,S0,0,22,0,1,1,0,1,0,0,0,0,0,1,2
36347,attack,clean_target_effective,2,S5,5,23,1,1,1,0,1,0,0,0,0,0,1,2
36353,attack,invalid_reset,5,S5,5,22,2,0,0,0,0,0,0,0,1,0,0,0
36359,attack,clean_target_effective,2,S5,5,22,7,1,1,0,1,0,0,0,0,0,1,2
36370,attack,invalid_reset,5,S0,0,22,5,0,0,0,0,0,0,0,1,0,0,0
36372,attack,missed,0,S5,5,22,1,1,0,0,0,1,0,0,0,0,0,0
36374,attack,missed,0,S0,0,22,4,1,0,0,0,1,0,0,0,0,0,0
36377,attack,clean_target_ineffective,1,S5,5,22,6,1,1,1,0,0,0,0,0,1,0,1
36378,attack,missed,0,S0,0,23,0,1,0,0,0,1,0,0,0,0,0,0
36379,attack,clean_target_effective,2,S5,5,22,1,1,1,0,1,0,0,0,0,0,1,2
36383,attack,multi_hit,4,S5,5,22,7,1,0,0,0,0,0,1,0,0,0,0
36385,attack,off_target,3,S5,5,22,4,1,0,0,0,0,1,0,0,0,0,0
36386,attack,clean_target_effective,2,S0,0,23,5,1,1,0,1,0,0,0,0,0,1,2
36393,attack,clean_target_ineffective,1,S5,5,22,7,1,1,1,0,0,0,0,0,1,0,1
36394,attack,off_target,3,S0,0,22,4,1,0,0,0,0,1,0,0,0,0,0
36396,attack,invalid_reset,5,S0,0,23,3,0,0,0,0,0,0,0,1,0,0,0
36397,attack,off_target,3,S5,5,22,1,1,0,0,0,0,1,0,0,0,0,0
36399,attack,missed,0,S5,5,22,0,1,0,0,0,1,0,0,0,0,0,0
36406,attack,clean_target_ineffective,1,S5,5,23,6,1,1,1,0,0,0,0,0,1,0,1
36407,attack,clean_target_effective,2,S5,5,22,7,1,1,0,1,0,0,0,0,0,1,2
36416,attack,missed,0,S0,0,22,2,1,0,0,0,1,0,0,0,0,0,0
36417,attack,invalid_reset,5,S5,5,23,6,0,0,0,0,0,0,0,1,0,0,0
36421,attack,clean_target_effective,2,S5,5,22,4,1,1,0,1,0,0,0,0,0,1,2
36426,attack,off_target,3,S5,5,22,1,1,0,0,0,0,1,0,0,0,0,0
36429,attack,clean_target_effective,2,S0,0,23,5,1,1,0,1,0,0,0,0,0,1,2
36447,attack,clean_target_effective,2,S5,5,22,6,1,1,0,1,0,0,0,0,0,1,2
36451,attack,clean_target_effective,2,S5,5,22,6,1,1,0,1,0,0,0,0,0,1,2
36454,attack,multi_hit,4,S0,0,23,3,1,0,0,0,0,0,1,0,0,0,0
36456,attack,multi_hit,4,S0,0,22,6,1,0,0,0,0,0,1,0,0,0,0
36458,attack,clean_target_effective,2,S0,0,22,1,1,1,0,1,0,0,0,0,0,1,2
36462,attack,multi_hit,4,S5,5,23,2,1,0,0,0,0,0,1,0,0,0,0
36463,attack,off_target,3,S5,5,23,3,1,0,0,0,0,1,0,0,0,0,0
36464,attack,missed,0,S5,5,22,7,1,0,0,0,1,0,0,0,0,0,0
36468,attack,missed,0,S0,0,22,7,1,0,0,0,1,0,0,0,0,0,0
36470,attack,multi_hit,4,S5,5,23,6,1,0,0,0,0,0,1,0,0,0,0
36473,attack,clean_target_effective,2,S5,5,22,3,1,1,0,1,0,0,0,0,0,1,2
36476,attack,clean_target_ineffective,1,S5,5,23,0,1,1,1,0,0,0,0,0,1,0,1
36478,attack,clean_target_effective,2,S5,5,23,5,1,1,0,1,0,0,0,0,0,1,2
36479,attack,missed,0,S5,5,23,6,1,0,0,0,1,0,0,0,0,0,0
36481,attack,invalid_reset,5,S0,0,23,5,0,0,0,0,0,0,0,1,0,0,0
36482,attack,missed,0,S0,0,23,6,1,0,0,0,1,0,0,0,0,0,0
36486,attack,missed,0,S0,0,22,7,1,0,0,0,1,0,0,0,0,0,0
36490,attack,missed,0,S0,0,23,5,1,0,0,0,1,0,0,0,0,0,0
36494,attack,clean_target_effective,2,S0,0,22,3,1,1,0,1,0,0,0,0,0,1,2
36495,attack,missed,0,S5,5,23,6,1,0,0,0,1,0,0,0,0,0,0
36496,attack,clean_target_effective,2,S5,5,23,0,1,1,0,1,0,0,0,0,0,1,2
36498,attack,off_target,3,S0,0,22,5,1,0,0,0,0,1,0,0,0,0,0
36499,attack,clean_target_ineffective,1,S5,5,22,1,1,1,1,0,0,0,0,0,1,0,1
36505,attack,clean_target_effective,2,S5,5,22,0,1,1,0,1,0,0,0,0,0,1,2
36506,attack,clean_target_effective,2,S0,0,22,5,1,1,0,1,0,0,0,0,0,1,2
36507,attack,clean_target_effective,2,S5,5,22,0,1,1,0,1,0,0,0,0,0,1,2
36512,attack,clean_target_effective,2,S0,0,22,4,1,1,0,1,0,0,0,0,0,1,2
36516,attack,clean_target_effective,2,S0,0,22,1,1,1,0,1,0,0,0,0,0,1,2
36519,attack,off_target,3,S5,5,22,2,1,0,0,0,0,1,0,0,0,0,0
36522,attack,missed,0,S5,5,23,6,1,0,0,0,1,0,0,0,0,0,0
36523,attack,clean_target_effective,2,S5,5,22,6,1,1,0,1,0,0,0,0,0,1,2
36525,attack,missed,0,S0,0,22,2,1,0,0,0,1,0,0,0,0,0,0
36530,attack,clean_target_effective,2,S0,0,23,0,1,1,0,1,0,0,0,0,0,1,2
36536,attack,missed,0,S0,0,23,1,1,0,0,0,1,0,0,0,0,0,0
36541,attack,clean_target_effective,2,S5,5,23,0,1,1,0,1,0,0,0,0,0,1,2
36550,attack,missed,0,S5,5,22,1,1,0,0,0,1,0,0,0,0,0,0
36553,attack,missed,0,S5,5,23,2,1,0,0,0,1,0,0,0,0,0,0
36556,attack,clean_target_effective,2,S0,0,22,7,1,1,0,1,0,0,0,0,0,1,2
36561,attack,clean_target_effective,2,S0,0,23,0,1,1,0,1,0,0,0,0,0,1,2
36562,attack,clean_target_ineffective,1,S0,0,23,0,1,1,1,0,0,0,0,0,1,0,1
36566,attack,missed,0,S0,0,23,4,1,0,0,0,1,0,0,0,0,0,0
36567,attack,invalid_reset,5,S5,5,22,0,0,0,0,0,0,0,0,1,0,0,0
36569,attack,invalid_reset,5,S5,5,22,7,0,0,0,0,0,0,0,1,0,0,0
36585,attack,clean_target_effective,2,S5,5,23,7,1,1,0,1,0,0,0,0,0,1,2
36586,attack,missed,0,S0,0,22,7,1,0,0,0,1,0,0,0,0,0,0
36591,attack,clean_target_ineffective,1,S0,0,22,7,1,1,1,0,0,0,0,0,1,0,1
36592,attack,multi_hit,4,S5,5,22,6,1,0,0,0,0,0,1,0,0,0,0
36600,attack,off_target,3,S0,0,23,3,1,0,0,0,0,1,0,0,0,0,0
36604,attack,missed,0,S0,0,23,7,1,0,0,0,1,0,0,0,0,0,0
36608,attack,off_target,3,S5,5,23,2,1,0,0,0,0,1,0,0,0,0,0
36610,attack,multi_hit,4,S5,5,23,5,1,0,0,0,0,0,1,0,0,0,0
36619,attack,clean_target_effective,2,S5,5,23,3,1,1,0,1,0,0,0,0,0,1,2
36620,attack,multi_hit,4,S0,0,22,6,1,0,0,0,0,0,1,0,0,0,0
36621,attack,clean_target_effective,2,S5,5,22,5,1,1,0,1,0,0,0,0,0,1,2
36622,attack,off_target,3,S0,0,22,2,1,0,0,0,0,1,0,0,0,0,0
36623,attack,clean_target_effective,2,S0,0,22,3,1,1,0,1,0,0,0,0,0,1,2
36628,attack,clean_target_ineffective,1,S0,0,22,3,1,1,1,0,0,0,0,0,1,0,1
36629,attack,missed,0,S5,5,23,1,1,0,0,0,1,0,0,0,0,0,0
36636,attack,clean_target_effective,2,S5,5,23,7,1,1,0,1,0,0,0,0,0,1,2
36639,attack,missed,0,S0,0,22,4,1,0,0,0,1,0,0,0,0,0,0
36641,attack,missed,0,S5,5,22,7,1,0,0,0,1,0,0,0,0,0,0
36643,attack,clean_target_effective,2,S0,0,23,5,1,1,0,1,0,0,0,0,0,1,2
36654,attack,clean_target_effective,2,S0,0,23,5,1,1,0,1,0,0,0,0,0,1,2
36657,attack,missed,0,S5,5,22,5,1,0,0,0,1,0,0,0,0,0,0
36658,attack,clean_target_ineffective,1,S0,0,22,3,1,1,1,0,0,0,0,0,1,0,1
36659,attack,off_target,3,S5,5,22,4,1,0,0,0,0,1,0,0,0,0,0
36660,attack,off_target,3,S5,5,23,5,1,0,0,0,0,1,0,0,0,0,0
36662,attack,invalid_reset,5,S0,0,23,0,0,0,0,0,0,0,0,1,0,0,0
36669,attack,clean_target_effective,2,S0,0,23,1,1,1,0,1,0,0,0,0,0,1,2
36670,attack,missed,0,S5,5,22,1,1,0,0,0,1,0,0,0,0,0,0
36675,attack,missed,0,S5,5,22,1,1,0,0,0,1,0,0,0,0,0,0
36682,attack,clean_target_ineffective,1,S5,5,22,3,1,1,1,0,0,0,0,0,1,0,1
36683,attack,missed,0,S0,0,22,3,1,0,0,0,1,0,0,0,0,0,0
36684,attack,clean_target_effective,2,S0,0,22,7,1,1,0,1,0,0,0,0,0,1,2
36691,attack,clean_target_effective,2,S0,0,22,0,1,1,0,1,0,0,0,0,0,1,2
36692,attack,missed,0,S0,0,22,2,1,0,0,0,1,0,0,0,0,0,0
36694,attack,clean_target_ineffective,1,S5,5,23,4,1,1,1,0,0,0,0,0,1,0,1
36699,attack,off_target,3,S5,5,22,1,1,0,0,0,0,1,0,0,0,0,0
36701,attack,invalid_reset,5,S0,0,22,0,0,0,0,0,0,0,0,1,0,0,0
36705,attack,invalid_reset,5,S0,0,23,3,0,0,0,0,0,0,0,1,0,0,0
36710,attack,missed,0,S5,5,22,5,1,0,0,0,1,0,0,0,0,0,0
36717,attack,missed,0,S0,0,22,2,1,0,0,0,1,0,0,0,0,0,0
36719,attack,multi_hit,4,S0,0,23,4,1,0,0,0,0,0,1,0,0,0,0
36721,attack,clean_target_ineffective,1,S0,0,22,7,1,1,1,0,0,0,0,0,1,0,1
36728,attack,clean_target_effective,2,S5,5,23,3,1,1,0,1,0,0,0,0,0,1,2
36729,attack,missed,0,S5,5,23,4,1,0,0,0,1,0,0,0,0,0,0
36736,attack,missed,0,S5,5,22,5,1,0,0,0,1,0,0,0,0,0,0
36747,attack,missed,0,S0,0,23,5,1,0,0,0,1,0,0,0,0,0,0
36749,attack,clean_target_effective,2,S5,5,22,1,1,1,0,1,0,0,0,0,0,1,2
36752,attack,missed,0,S0,0,22,3,1,0,0,0,1,0,0,0,0,0,0
36753,attack,clean_target_effective,2,S5,5,22,7,1,1,0,1,0,0,0,0,0,1,2
36755,attack,multi_hit,4,S5,5,22,3,1,0,0,0,0,0,1,0,0,0,0
36759,attack,off_target,3,S5,5,23,0,1,0,0,0,0,1,0,0,0,0,0
36766,attack,missed,0,S0,0,23,2,1,0,0,0,1,0,0,0,0,0,0
36767,attack,clean_target_effective,2,S5,5,23,0,1,1,0,1,0,0,0,0,0,1,2
36768,attack,missed,0,S5,5,22,2,1,0,0,0,1,0,0,0,0,0,0
36770,attack,missed,0,S5,5,23,0,1,0,0,0,1,0,0,0,0,0,0
36771,attack,clean_target_effective,2,S5,5,23,2,1,1,0,1,0,0,0,0,0,1,2
36780,attack,missed,0,S0,0,23,6,1,0,0,0,1,0,0,0,0,0,0
36783,attack,clean_target_ineffective,1,S5,5,22,6,1,1,1,0,0,0,0,0,1,0,1
36796,attack,missed,0,S0,0,22,1,1,0,0,0,1,0,0,0,0,0,0
36797,attack,missed,0,S0,0,22,1,1,0,0,0,1,0,0,0,0,0,0
36798,attack,invalid_reset,5,S5,5,22,5,0,0,0,0,0,0,0,1,0,0,0
36802,attack,missed,0,S5,5,22,4,1,0,0,0,1,0,0,0,0,0,0
36803,attack,missed,0,S5,5,23,4,1,0,0,0,1,0,0,0,0,0,0
36808,attack,off_target,3,S5,5,23,3,1,0,0,0,0,1,0,0,0,0,0
36809,attack,clean_target_ineffective,1,S5,5,23,4,1,1,1,0,0,0,0,0,1,0,1
36810,attack,missed,0,S0,0,22,3,1,0,0,0,1,0,0,0,0,0,0
36811,attack,missed,0,S0,0,22,4,1,0,0,0,1,0,0,0,0,0,0
36812,attack,multi_hit,4,S0,0,23,0,1,0,0,0,0,0,1,0,0,0,0
36815,attack,clean_target_effective,2,S5,5,22,4,1,1,0,1,0,0,0,0,0,1,2
36817,attack,missed,0,S0,0,23,7,1,0,0,0,1,0,0,0,0,0,0
36818,attack,off_target,3,S0,0,22,2,1,0,0,0,0,1,0,0,0,0,0
36823,attack,off_target,3,S5,5,22,6,1,0,0,0,0,1,0,0,0,0,0
36826,attack,clean_target_effective,2,S0,0,23,1,1,1,0,1,0,0,0,0,0,1,2
36828,attack,clean_target_ineffective,1,S0,0,22,7,1,1,1,0,0,0,0,0,1,0,1
36829,attack,clean_target_effective,2,S0,0,23,3,1,1,0,1,0,0,0,0,0,1,2
36830,attack,clean_target_effective,2,S0,0,23,5,1,1,0,1,0,0,0,0,0,1,2
36831,attack,missed,0,S0,0,22,2,1,0,0,0,1,0,0,0,0,0,0
36836,attack,missed,0,S0,0,22,0,1,0,0,0,1,0,0,0,0,0,0
36837,attack,missed,0,S5,5,22,1,1,0,0,0,1,0,0,0,0,0,0
36839,attack,off_target,3,S0,0,23,4,1,0,0,0,0,1,0,0,0,0,0
36844,attack,multi_hit,4,S5,5,22,0,1,0,0,0,0,0,1,0,0,0,0
36845,attack,off_target,3,S0,0,23,6,1,0,0,0,0,1,0,0,0,0,0
36849,attack,off_target,3,S5,5,22,3,1,0,0,0,0,1,0,0,0,0,0
36852,attack,clean_target_effective,2,S0,0,23,2,1,1,0,1,0,0,0,0,0,1,2
36853,attack,clean_target_effective,2,S5,5,22,6,1,1,0,1,0,0,0,0,0,1,2
36855,attack,clean_target_ineffective,1,S0,0,23,3,1,1,1,0,0,0,0,0,1,0,1
36857,attack,missed,0,S0,0,22,2,1,0,0,0,1,0,0,0,0,0,0
36858,attack,multi_hit,4,S5,5,22,5,1,0,0,0,0,0,1,0,0,0,0
36867,attack,clean_target_ineffective,1,S5,5,23,7,1,1,1,0,0,0,0,0,1,0,1
36877,attack,clean_target_effective,2,S5,5,23,2,1,1,0,1,0,0,0,0,0,1,2
36883,attack,multi_hit,4,S5,5,23,0,1,0,0,0,0,0,1,0,0,0,0
36886,attack,clean_target_effective,2,S5,5,22,3,1,1,0,1,0,0,0,0,0,1,2
36887,attack,missed,0,S5,5,22,2,1,0,0,0,1,0,0,0,0,0,0
36890,attack,multi_hit,4,S5,5,23,2,1,0,0,0,0,0,1,0,0,0,0
36891,attack,multi_hit,4,S0,0,23,4,1,0,0,0,0,0,1,0,0,0,0
36901,attack,missed,0,S0,0,22,3,1,0,0,0,1,0,0,0,0,0,0
36904,attack,multi_hit,4,S0,0,23,3,1,0,0,0,0,0,1,0,0,0,0
36908,attack,clean_target_ineffective,1,S0,0,22,1,1,1,1,0,0,0,0,0,1,0,1
36909,attack,clean_target_effective,2,S0,0,22,7,1,1,0,1,0,0,0,0,0,1,2
36917,attack,multi_hit,4,S0,0,23,4,1,0,0,0,0,0,1,0,0,0,0
36920,attack,clean_target_effective,2,S5,5,23,7,1,1,0,1,0,0,0,0,0,1,2
36922,attack,invalid_reset,5,S5,5,23,3,0,0,0,0,0,0,0,1,0,0,0
36923,attack,off_target,3,S5,5,23,7,1,0,0,0,0,1,0,0,0,0,0
36927,attack,off_target,3,S0,0,23,7,1,0,0,0,0,1,0,0,0,0,0
36929,attack,off_target,3,S0,0,23,3,1,0,0,0,0,1,0,0,0,0,0
36930,attack,clean_target_effective,2,S0,0,23,1,1,1,0,1,0,0,0,0,0,1,2
36932,attack,multi_hit,4,S5,5,23,3,1,0,0,0,0,0,1,0,0,0,0
36935,attack,missed,0,S5,5,22,1,1,0,0,0,1,0,0,0,0,0,0
36939,attack,missed,0,S5,5,23,6,1,0,0,0,1,0,0,0,0,0,0
36940,attack,missed,0,S0,0,22,3,1,0,0,0,1,0,0,0,0,0,0
36944,attack,multi_hit,4,S5,5,22,3,1,0,0,0,0,0,1,0,0,0,0
36945,attack,missed,0,S0,0,23,4,1,0,0,0,1,0,0,0,0,0,0
36950,attack,off_target,3,S5,5,22,4,1,0,0,0,0,1,0,0,0,0,0
36952,attack,clean_target_effective,2,S0,0,22,5,1,1,0,1,0,0,0,0,0,1,2
36957,attack,clean_target_ineffective,1,S5,5,22,7,1,1,1,0,0,0,0,0,1,0,1
36962,attack,clean_target_effective,2,S5,5,22,4,1,1,0,1,0,0,0,0,0,1,2
36968,attack,missed,0,S5,5,23,2,1,0,0,0,1,0,0,0,0,0,0
36970,attack,off_target,3,S0,0,23,3,1,0,0,0,0,1,0,0,0,0,0
36972,attack,missed,0,S0,0,23,4,1,0,0,0,1,0,0,0,0,0,0
36981,attack,missed,0,S5,5,22,5,1,0,0,0,1,0,0,0,0,0,0
36982,attack,missed,0,S5,5,23,1,1,0,0,0,1,0,0,0,0,0,0
36983,attack,off_target,3,S0,0,23,2,1,0,0,0,0,1,0,0,0,0,0
36988,attack,missed,0,S0,0,23,2,1,0,0,0,1,0,0,0,0,0,0
36989,attack,invalid_reset,5,S5,5,22,4,0,0,0,0,0,0,0,1,0,0,0
36990,attack,off_target,3,S5,5,23,0,1,0,0,0,0,1,0,0,0,0,0
36991,attack,clean_target_effective,2,S5,5,23,6,1,1,0,1,0,0,0,0,0,1,2
36992,attack,clean_target_effective,2,S0,0,23,5,1,1,0,1,0,0,0,0,0,1,2
36998,attack,clean_target_effective,2,S5,5,23,0,1,1,0,1,0,0,0,0,0,1,2
37000,attack,clean_target_effective,2,S0,0,23,2,1,1,0,1,0,0,0,0,0,1,2
37004,attack,clean_target_ineffective,1,S5,5,23,2,1,1,1,0,0,0,0,0,1,0,1
37006,attack,multi_hit,4,S5,5,22,4,1,0,0,0,0,0,1,0,0,0,0
37016,attack,clean_target_effective,2,S5,5,22,3,1,1,0,1,0,0,0,0,0,1,2
37018,attack,clean_target_effective,2,S5,5,23,4,1,1,0,1,0,0,0,0,0,1,2
37030,attack,off_target,3,S5,5,22,5,1,0,0,0,0,1,0,0,0,0,0
37039,attack,missed,0,S0,0,23,0,1,0,0,0,1,0,0,0,0,0,0
37042,attack,missed,0,S5,5,22,1,1,0,0,0,1,0,0,0,0,0,0
37044,attack,multi_hit,4,S5,5,23,1,1,0,0,0,0,0,1,0,0,0,0
37048,attack,multi_hit,4,S0,0,23,6,1,0,0,0,0,0,1,0,0,0,0
37054,attack,off_target,3,S5,5,23,4,1,0,0,0,0,1,0,0,0,0,0
37057,attack,clean_target_effective,2,S0,0,23,6,1,1,0,1,0,0,0,0,0,1,2
37059,attack,clean_target_ineffective,1,S5,5,23,7,1,1,1,0,0,0,0,0,1,0,1
37071,attack,invalid_reset,5,S5,5,22,6,0,0,0,0,0,0,0,1,0,0,0
37089,attack,clean_target_ineffective,1,S0,0,22,3,1,1,1,0,0,0,0,0,1,0,1
37100,attack,clean_target_effective,2,S5,5,23,4,1,1,0,1,0,0,0,0,0,1,2
37111,attack,clean_target_ineffective,1,S5,5,22,4,1,1,1,0,0,0,0,0,1,0,1
37112,attack,off_target,3,S5,5,23,6,1,0,0,0,0,1,0,0,0,0,0
37114,attack,clean_target_effective,2,S0,0,22,7,1,1,0,1,0,0,0,0,0,1,2
37117,attack,multi_hit,4,S0,0,23,2,1,0,0,0,0,0,1,0,0,0,0
37118,attack,missed,0,S5,5,23,3,1,0,0,0,1,0,0,0,0,0,0
37127,attack,clean_target_effective,2,S5,5,22,5,1,1,0,1,0,0,0,0,0,1,2
37131,attack,clean_target_effective,2,S5,5,22,6,1,1,0,1,0,0,0,0,0,1,2
37133,attack,off_target,3,S0,0,23,2,1,0,0,0,0,1,0,0,0,0,0
37142,attack,clean_target_ineffective,1,S5,5,22,1,1,1,1,0,0,0,0,0,1,0,1
37144,attack,missed,0,S0,0,23,6,1,0,0,0,1,0,0,0,0,0,0
37150,attack,multi_hit,4,S0,0,22,7,1,0,0,0,0,0,1,0,0,0,0
37155,attack,invalid_reset,5,S5,5,22,1,0,0,0,0,0,0,0,1,0,0,0
37158,attack,off_target,3,S0,0,23,0,1,0,0,0,0,1,0,0,0,0,0
37163,attack,missed,0,S0,0,23,7,1,0,0,0,1,0,0,0,0,0,0
37171,attack,multi_hit,4,S0,0,23,7,1,0,0,0,0,0,1,0,0,0,0
37175,attack,off_target,3,S5,5,22,6,1,0,0,0,0,1,0,0,0,0,0
37180,attack,missed,0,S5,5,23,5,1,0,0,0,1,0,0,0,0,0,0
37183,attack,clean_target_effective,2,S5,5,23,4,1,1,0,1,0,0,0,0,0,1,2
37186,attack,missed,0,S0,0,23,4,1,0,0,0,1,0,0,0,0,0,0
37189,attack,clean_target_effective,2,S0,0,22,7,1,1,0,1,0,0,0,0,0,1,2
37197,attack,off_target,3,S0,0,23,3,1,0,0,0,0,1,0,0,0,0,0
37201,attack,invalid_reset,5,S5,5,23,1,0,0,0,0,0,0,0,1,0,0,0
37202,attack,clean_target_effective,2,S0,0,22,7,1,1,0,1,0,0,0,0,0,1,2
37204,attack,off_target,3,S5,5,22,4,1,0,0,0,0,1,0,0,0,0,0
37205,attack,clean_target_effective,2,S5,5,23,5,1,1,0,1,0,0,0,0,0,1,2
37208,attack,missed,0,S0,0,23,5,1,0,0,0,1,0,0,0,0,0,0
37210,attack,off_target,3,S0,0,22,6,1,0,0,0,0,1,0,0,0,0,0
37214,attack,clean_target_effective,2,S0,0,22,2,1,1,0,1,0,0,0,0,0,1,2
37221,attack,missed,0,S5,5,22,3,1,0,0,0,1,0,0,0,0,0,0
37222,attack,clean_target_effective,2,S5,5,23,3,1,1,0,1,0,0,0,0,0,1,2
37232,attack,clean_target_ineffective,1,S0,0,23,4,1,1,1,0,0,0,0,0,1,0,1
37235,attack,multi_hit,4,S0,0,23,1,1,0,0,0,0,0,1,0,0,0,0
37236,attack,clean_target_effective,2,S5,5,22,4,1,1,0,1,0,0,0,0,0,1,2
37238,attack,off_target,3,S0,0,23,1,1,0,0,0,0,1,0,0,0,0,0
37242,attack,invalid_reset,5,S0,0,22,2,0,0,0,0,0,0,0,1,0,0,0
37244,attack,clean_target_effective,2,S5,5,22,0,1,1,0,1,0,0,0,0,0,1,2
37248,attack,clean_target_effective,2,S5,5,23,4,1,1,0,1,0,0,0,0,0,1,2
37250,attack,invalid_reset,5,S5,5,23,2,0,0,0,0,0,0,0,1,0,0,0
37257,attack,missed,0,S0,0,23,0,1,0,0,0,1,0,0,0,0,0,0
37261,attack,multi_hit,4,S5,5,23,1,1,0,0,0,0,0,1,0,0,0,0
37264,attack,off_target,3,S0,0,22,3,1,0,0,0,0,1,0,0,0,0,0
37266,attack,missed,0,S5,5,22,2,1,0,0,0,1,0,0,0,0,0,0
37267,attack,clean_target_effective,2,S5,5,23,0,1,1,0,1,0,0,0,0,0,1,2
37275,attack,clean_target_effective,2,S5,5,22,1,1,1,0,1,0,0,0,0,0,1,2
37276,attack,missed,0,S0,0,22,1,1,0,0,0,1,0,0,0,0,0,0
37277,attack,missed,0,S5,5,23,1,1,0,0,0,1,0,0,0,0,0,0
37278,attack,clean_target_effective,2,S0,0,22,1,1,1,0,1,0,0,0,0,0,1,2
37280,attack,off_target,3,S0,0,23,7,1,0,0,0,0,1,0,0,0,0,0
37283,attack,missed,0,S0,0,22,1,1,0,0,0,1,0,0,0,0,0,0
37284,attack,clean_target_effective,2,S0,0,22,3,1,1,0,1,0,0,0,0,0,1,2
37288,attack,clean_target_ineffective,1,S0,0,22,1,1,1,1,0,0,0,0,0,1,0,1
37295,attack,multi_hit,4,S5,5,23,0,1,0,0,0,0,0,1,0,0,0,0
37296,attack,clean_target_ineffective,1,S5,5,22,4,1,1,1,0,0,0,0,0,1,0,1
37301,attack,missed,0,S5,5,23,6,1,0,0,0,1,0,0,0,0,0,0
37311,attack,clean_target_effective,2,S5,5,23,2,1,1,0,1,0,0,0,0,0,1,2
37312,attack,missed,0,S5,5,23,1,1,0,0,0,1,0,0,0,0,0,0
37313,attack,invalid_reset,5,S0,0,23,6,0,0,0,0,0,0,0,1,0,0,0
37321,attack,clean_target_effective,2,S5,5,23,7,1,1,0,1,0,0,0,0,0,1,2
37324,attack,missed,0,S5,5,23,1,1,0,0,0,1,0,0,0,0,0,0
37326,attack,clean_target_effective,2,S5,5,22,6,1,1,0,1,0,0,0,0,0,1,2
37330,attack,clean_target_effective,2,S5,5,22,4,1,1,0,1,0,0,0,0,0,1,2
37334,attack,missed,0,S5,5,22,1,1,0,0,0,1,0,0,0,0,0,0
37338,attack,off_target,3,S0,0,23,5,1,0,0,0,0,1,0,0,0,0,0
37339,attack,invalid_reset,5,S0,0,22,2,0,0,0,0,0,0,0,1,0,0,0
37349,attack,invalid_reset,5,S0,0,23,7,0,0,0,0,0,0,0,1,0,0,0
37351,attack,clean_target_effective,2,S5,5,23,7,1,1,0,1,0,0,0,0,0,1,2
37355,attack,missed,0,S0,0,23,5,1,0,0,0,1,0,0,0,0,0,0
37358,attack,clean_target_effective,2,S5,5,23,4,1,1,0,1,0,0,0,0,0,1,2
37359,attack,missed,0,S0,0,23,4,1,0,0,0,1,0,0,0,0,0,0
37370,attack,clean_target_ineffective,1,S0,0,22,4,1,1,1,0,0,0,0,0,1,0,1
37372,attack,clean_target_effective,2,S5,5,23,4,1,1,0,1,0,0,0,0,0,1,2
37382,attack,clean_target_effective,2,S0,0,23,2,1,1,0,1,0,0,0,0,0,1,2
37384,attack,clean_target_ineffective,1,S0,0,22,1,1,1,1,0,0,0,0,0,1,0,1
37387,attack,clean_target_ineffective,1,S5,5,23,5,1,1,1,0,0,0,0,0,1,0,1
37390,attack,clean_target_ineffective,1,S0,0,23,7,1,1,1,0,0,0,0,0,1,0,1
37391,attack,clean_target_effective,2,S0,0,23,3,1,1,0,1,0,0,0,0,0,1,2
37394,attack,clean_target_ineffective,1,S0,0,22,5,1,1,1,0,0,0,0,0,1,0,1
37395,attack,missed,0,S5,5,23,7,1,0,0,0,1,0,0,0,0,0,0
37400,attack,missed,0,S5,5,23,6,1,0,0,0,1,0,0,0,0,0,0
37403,attack,clean_target_ineffective,1,S0,0,22,5,1,1,1,0,0,0,0,0,1,0,1
37405,attack,multi_hit,4,S0,0,23,2,1,0,0,0,0,0,1,0,0,0,0
37406,attack,clean_target_ineffective,1,S0,0,23,6,1,1,1,0,0,0,0,0,1,0,1
37420,attack,off_target,3,S5,5,23,3,1,0,0,0,0,1,0,0,0,0,0
37422,attack,missed,0,S5,5,23,4,1,0,0,0,1,0,0,0,0,0,0
37425,attack,clean_target_effective,2,S0,0,23,5,1,1,0,1,0,0,0,0,0,1,2
37430,attack,clean_target_effective,2,S0,0,22,2,1,1,0,1,0,0,0,0,0,1,2
37431,attack,missed,0,S5,5,22,6,1,0,0,0,1,0,0,0,0,0,0
37434,attack,off_target,3,S5,5,23,1,1,0,0,0,0,1,0,0,0,0,0
37437,attack,clean_target_ineffective,1,S0,0,23,3,1,1,1,0,0,0,0,0,1,0,1
37439,attack,multi_hit,4,S0,0,23,0,1,0,0,0,0,0,1,0,0,0,0
37440,attack,missed,0,S0,0,23,5,1,0,0,0,1,0,0,0,0,0,0
37442,attack,clean_target_effective,2,S5,5,22,5,1,1,0,1,0,0,0,0,0,1,2
37447,attack,off_target,3,S0,0,23,5,1,0,0,0,0,1,0,0,0,0,0
37449,attack,clean_target_effective,2,S5,5,22,1,1,1,0,1,0,0,0,0,0,1,2
37451,attack,missed,0,S0,0,23,4,1,0,0,0,1,0,0,0,0,0,0
37454,attack,clean_target_effective,2,S5,5,23,1,1,1,0,1,0,0,0,0,0,1,2
37455,attack,clean_target_effective,2,S5,5,23,6,1,1,0,1,0,0,0,0,0,1,2
37464,attack,multi_hit,4,S5,5,23,5,1,0,0,0,0,0,1,0,0,0,0
37465,attack,missed,0,S5,5,22,0,1,0,0,0,1,0,0,0,0,0,0
37470,attack,clean_target_effective,2,S0,0,22,2,1,1,0,1,0,0,0,0,0,1,2
37473,attack,off_target,3,S5,5,23,6,1,0,0,0,0,1,0,0,0,0,0
37478,attack,off_target,3,S5,5,22,7,1,0,0,0,0,1,0,0,0,0,0
37480,attack,clean_target_effective,2,S0,0,23,7,1,1,0,1,0,0,0,0,0,1,2
37484,attack,missed,0,S0,0,23,3,1,0,0,0,1,0,0,0,0,0,0
37486,attack,missed,0,S5,5,22,0,1,0,0,0,1,0,0,0,0,0,0
37488,attack,missed,0,S5,5,22,4,1,0,0,0,1,0,0,0,0,0,0
37493,attack,missed,0,S5,5,22,1,1,0,0,0,1,0,0,0,0,0,0
37494,attack,clean_target_effective,2,S5,5,23,6,1,1,0,1,0,0,0,0,0,1,2
37500,attack,off_target,3,S0,0,23,2,1,0,0,0,0,1,0,0,0,0,0
37508,attack,off_target,3,S0,0,22,7,1,0,0,0,0,1,0,0,0,0,0
37509,attack,missed,0,S5,5,23,7,1,0,0,0,1,0,0,0,0,0,0
37510,attack,clean_target_effective,2,S5,5,23,6,1,1,0,1,0,0,0,0,0,1,2
37521,attack,clean_target_ineffective,1,S5,5,22,1,1,1,1,0,0,0,0,0,1,0,1
37522,attack,off_target,3,S0,0,23,7,1,0,0,0,0,1,0,0,0,0,0
37529,attack,clean_target_effective,2,S5,5,22,1,1,1,0,1,0,0,0,0,0,1,2
37531,attack,clean_target_effective,2,S0,0,22,6,1,1,0,1,0,0,0,0,0,1,2
37533,attack,missed,0,S0,0,22,2,1,0,0,0,1,0,0,0,0,0,0
37538,attack,off_target,3,S5,5,23,7,1,0,0,0,0,1,0,0,0,0,0
37539,attack,missed,0,S0,0,23,0,1,0,0,0,1,0,0,0,0,0,0
37543,attack,multi_hit,4,S5,5,22,7,1,0,0,0,0,0,1,0,0,0,0
37545,attack,clean_target_ineffective,1,S0,0,22,4,1,1,1,0,0,0,0,0,1,0,1
37548,attack,multi_hit,4,S5,5,23,1,1,0,0,0,0,0,1,0,0,0,0
37549,attack,missed,0,S5,5,22,4,1,0,0,0,1,0,0,0,0,0,0
37555,attack,missed,0,S0,0,22,5,1,0,0,0,1,0,0,0,0,0,0
37556,attack,clean_target_effective,2,S5,5,22,1,1,1,0,1,0,0,0,0,0,1,2
37558,attack,off_target,3,S0,0,22,5,1,0,0,0,0,1,0,0,0,0,0
37559,attack,missed,0,S5,5,22,3,1,0,0,0,1,0,0,0,0,0,0
37562,attack,missed,0,S0,0,22,4,1,0,0,0,1,0,0,0,0,0,0
37564,attack,multi_hit,4,S5,5,23,5,1,0,0,0,0,0,1,0,0,0,0
37583,attack,clean_target_effective,2,S5,5,23,6,1,1,0,1,0,0,0,0,0,1,2
37591,attack,missed,0,S5,5,22,1,1,0,0,0,1,0,0,0,0,0,0
37592,attack,clean_target_ineffective,1,S0,0,23,7,1,1,1,0,0,0,0,0,1,0,1
37606,attack,clean_target_effective,2,S0,0,23,0,1,1,0,1,0,0,0,0,0,1,2
37608,attack,clean_target_effective,2,S5,5,22,6,1,1,0,1,0,0,0,0,0,1,2
37610,attack,missed,0,S0,0,22,7,1,0,0,0,1,0,0,0,0,0,0
37615,attack,multi_hit,4,S5,5,23,6,1,0,0,0,0,0,1,0,0,0,0
37620,attack,clean_target_effective,2,S0,0,22,7,1,1,0,1,0,0,0,0,0,1,2
37636,attack,missed,0,S5,5,23,3,1,0,0,0,1,0,0,0,0,0,0
37639,attack,invalid_reset,5,S5,5,22,1,0,0,0,0,0,0,0,1,0,0,0
37643,attack,off_target,3,S0,0,23,7,1,0,0,0,0,1,0,0,0,0,0
37646,attack,invalid_reset,5,S5,5,22,4,0,0,0,0,0,0,0,1,0,0,0
37647,attack,missed,0,S0,0,23,1,1,0,0,0,1,0,0,0,0,0,0
37653,attack,clean_target_effective,2,S5,5,22,7,1,1,0,1,0,0,0,0,0,1,2
37656,attack,clean_target_ineffective,1,S0,0,23,4,1,1,1,0,0,0,0,0,1,0,1
37658,attack,missed,0,S5,5,23,0,1,0,0,0,1,0,0,0,0,0,0
37659,attack,missed,0,S5,5,23,6,1,0,0,0,1,0,0,0,0,0,0
37660,attack,multi_hit,4,S5,5,22,5,1,0,0,0,0,0,1,0,0,0,0
37661,attack,off_target,3,S0,0,22,1,1,0,0,0,0,1,0,0,0,0,0
37664,attack,off_target,3,S0,0,23,4,1,0,0,0,0,1,0,0,0,0,0
37677,attack,clean_target_ineffective,1,S5,5,23,7,1,1,1,0,0,0,0,0,1,0,1
37685,attack,clean_target_effective,2,S5,5,22,6,1,1,0,1,0,0,0,0,0,1,2
37688,attack,clean_target_effective,2,S5,5,22,6,1,1,0,1,0,0,0,0,0,1,2
37691,attack,clean_target_ineffective,1,S0,0,22,6,1,1,1,0,0,0,0,0,1,0,1
37696,attack,clean_target_effective,2,S5,5,23,0,1,1,0,1,0,0,0,0,0,1,2
37705,attack,clean_target_effective,2,S0,0,23,4,1,1,0,1,0,0,0,0,0,1,2
37707,attack,missed,0,S5,5,23,5,1,0,0,0,1,0,0,0,0,0,0
37714,attack,clean_target_effective,2,S0,0,22,1,1,1,0,1,0,0,0,0,0,1,2
37719,attack,clean_target_ineffective,1,S0,0,23,7,1,1,1,0,0,0,0,0,1,0,1
37725,attack,clean_target_effective,2,S0,0,22,0,1,1,0,1,0,0,0,0,0,1,2
37729,attack,clean_target_effective,2,S5,5,23,2,1,1,0,1,0,0,0,0,0,1,2
37732,attack,clean_target_effective,2,S0,0,22,3,1,1,0,1,0,0,0,0,0,1,2
37733,attack,missed,0,S5,5,22,7,1,0,0,0,1,0,0,0,0,0,0
37740,attack,off_target,3,S5,5,23,5,1,0,0,0,0,1,0,0,0,0,0
37742,attack,clean_target_effective,2,S5,5,22,5,1,1,0,1,0,0,0,0,0,1,2
37749,attack,missed,0,S5,5,23,5,1,0,0,0,1,0,0,0,0,0,0
37753,attack,clean_target_effective,2,S5,5,22,2,1,1,0,1,0,0,0,0,0,1,2
37764,attack,clean_target_effective,2,S5,5,22,7,1,1,0,1,0,0,0,0,0,1,2
37766,attack,clean_target_ineffective,1,S5,5,22,6,1,1,1,0,0,0,0,0,1,0,1
37769,attack,clean_target_ineffective,1,S0,0,22,2,1,1,1,0,0,0,0,0,1,0,1
37772,attack,clean_target_ineffective,1,S5,5,22,2,1,1,1,0,0,0,0,0,1,0,1
37774,attack,multi_hit,4,S0,0,23,0,1,0,0,0,0,0,1,0,0,0,0
37775,attack,missed,0,S0,0,23,3,1,0,0,0,1,0,0,0,0,0,0
37782,attack,off_target,3,S5,5,23,6,1,0,0,0,0,1,0,0,0,0,0
37784,attack,missed,0,S5,5,23,3,1,0,0,0,1,0,0,0,0,0,0
37785,attack,clean_target_ineffective,1,S0,0,23,7,1,1,1,0,0,0,0,0,1,0,1
37786,attack,clean_target_effective,2,S5,5,23,5,1,1,0,1,0,0,0,0,0,1,2
37790,attack,off_target,3,S5,5,22,3,1,0,0,0,0,1,0,0,0,0,0
37791,attack,clean_target_ineffective,1,S0,0,23,5,1,1,1,0,0,0,0,0,1,0,1
37793,attack,off_target,3,S5,5,22,1,1,0,0,0,0,1,0,0,0,0,0
37794,attack,off_target,3,S0,0,22,4,1,0,0,0,0,1,0,0,0,0,0
37799,attack,clean_target_effective,2,S5,5,23,6,1,1,0,1,0,0,0,0,0,1,2
37807,attack,clean_target_ineffective,1,S5,5,22,6,1,1,1,0,0,0,0,0,1,0,1
37809,attack,missed,0,S5,5,23,0,1,0,0,0,1,0,0,0,0,0,0
37810,attack,clean_target_ineffective,1,S0,0,23,6,1,1,1,0,0,0,0,0,1,0,1
37811,attack,clean_target_effective,2,S0,0,22,7,1,1,0,1,0,0,0,0,0,1,2
37812,attack,missed,0,S5,5,23,1,1,0,0,0,1,0,0,0,0,0,0
37813,attack,clean_target_effective,2,S5,5,23,3,1,1,0,1,0,0,0,0,0,1,2
37816,attack,invalid_reset,5,S0,0,23,1,0,0,0,0,0,0,0,1,0,0,0
37817,attack,clean_target_effective,2,S0,0,22,0,1,1,0,1,0,0,0,0,0,1,2
37820,attack,clean_target_effective,2,S5,5,22,0,1,1,0,1,0,0,0,0,0,1,2
37821,attack,missed,0,S0,0,23,6,1,0,0,0,1,0,0,0,0,0,0
37824,attack,clean_target_effective,2,S0,0,22,2,1,1,0,1,0,0,0,0,0,1,2
37826,attack,multi_hit,4,S5,5,23,7,1,0,0,0,0,0,1,0,0,0,0
37830,attack,off_target,3,S5,5,22,6,1,0,0,0,0,1,0,0,0,0,0
37832,attack,off_target,3,S5,5,22,7,1,0,0,0,0,1,0,0,0,0,0
37834,attack,clean_target_ineffective,1,S5,5,22,3,1,1,1,0,0,0,0,0,1,0,1
37842,attack,multi_hit,4,S5,5,23,1,1,0,0,0,0,0,1,0,0,0,0
37843,attack,multi_hit,4,S0,0,23,6,1,0,0,0,0,0,1,0,0,0,0
37847,attack,clean_target_ineffective,1,S5,5,22,5,1,1,1,0,0,0,0,0,1,0,1
37851,attack,clean_target_ineffective,1,S0,0,22,7,1,1,1,0,0,0,0,0,1,0,1
37855,attack,missed,0,S0,0,23,6,1,0,0,0,1,0,0,0,0,0,0
37856,attack,missed,0,S5,5,23,2,1,0,0,0,1,0,0,0,0,0,0
37857,attack,clean_target_ineffective,1,S0,0,22,3,1,1,1,0,0,0,0,0,1,0,1
37862,attack,multi_hit,4,S5,5,23,3,1,0,0,0,0,0,1,0,0,0,0
37867,attack,off_target,3,S0,0,23,7,1,0,0,0,0,1,0,0,0,0,0
37868,attack,clean_target_effective,2,S5,5,22,1,1,1,0,1,0,0,0,0,0,1,2
37877,attack,clean_target_effective,2,S0,0,23,3,1,1,0,1,0,0,0,0,0,1,2
37888,attack,clean_target_ineffective,1,S0,0,22,4,1,1,1,0,0,0,0,0,1,0,1
37890,attack,multi_hit,4,S5,5,22,1,1,0,0,0,0,0,1,0,0,0,0
37895,attack,clean_target_effective,2,S0,0,22,3,1,1,0,1,0,0,0,0,0,1,2
37897,attack,multi_hit,4,S5,5,23,7,1,0,0,0,0,0,1,0,0,0,0
37905,attack,missed,0,S5,5,22,6,1,0,0,0,1,0,0,0,0,0,0
37906,attack,off_target,3,S5,5,22,5,1,0,0,0,0,1,0,0,0,0,0
37908,attack,missed,0,S0,0,23,2,1,0,0,0,1,0,0,0,0,0,0
37914,attack,clean_target_effective,2,S5,5,22,4,1,1,0,1,0,0,0,0,0,1,2
37915,attack,missed,0,S5,5,22,5,1,0,0,0,1,0,0,0,0,0,0
37920,attack,missed,0,S5,5,22,6,1,0,0,0,1,0,0,0,0,0,0
37923,attack,multi_hit,4,S5,5,22,4,1,0,0,0,0,0,1,0,0,0,0
37925,attack,multi_hit,4,S5,5,23,2,1,0,0,0,0,0,1,0,0,0,0
37935,attack,off_target,3,S5,5,22,2,1,0,0,0,0,1,0,0,0,0,0
37937,attack,multi_hit,4,S0,0,22,4,1,0,0,0,0,0,1,0,0,0,0
37939,attack,clean_target_effective,2,S0,0,23,4,1,1,0,1,0,0,0,0,0,1,2
37945,attack,clean_target_effective,2,S5,5,23,4,1,1,0,1,0,0,0,0,0,1,2
37947,attack,off_target,3,S5,5,23,6,1,0,0,0,0,1,0,0,0,0,0
37950,attack,clean_target_effective,2,S0,0,22,3,1,1,0,1,0,0,0,0,0,1,2
37957,attack,clean_target_ineffective,1,S0,0,23,0,1,1,1,0,0,0,0,0,1,0,1
37973,attack,clean_target_effective,2,S5,5,22,5,1,1,0,1,0,0,0,0,0,1,2
37977,attack,off_target,3,S0,0,23,1,1,0,0,0,0,1,0,0,0,0,0
37979,attack,clean_target_effective,2,S0,0,22,0,1,1,0,1,0,0,0,0,0,1,2
37992,attack,clean_target_ineffective,1,S0,0,23,1,1,1,1,0,0,0,0,0,1,0,1
37994,attack,off_target,3,S0,0,23,5,1,0,0,0,0,1,0,0,0,0,0
38000,attack,off_target,3,S0,0,23,6,1,0,0,0,0,1,0,0,0,0,0
38006,attack,missed,0,S5,5,22,2,1,0,0,0,1,0,0,0,0,0,0
38016,attack,missed,0,S5,5,22,5,1,0,0,0,1,0,0,0,0,0,0
38023,attack,multi_hit,4,S0,0,23,1,1,0,0,0,0,0,1,0,0,0,0
38024,attack,clean_target_ineffective,1,S5,5,23,3,1,1,1,0,0,0,0,0,1,0,1
38028,attack,missed,0,S0,0,22,5,1,0,0,0,1,0,0,0,0,0,0
38029,attack,missed,0,S5,5,22,5,1,0,0,0,1,0,0,0,0,0,0
38034,attack,multi_hit,4,S5,5,22,3,1,0,0,0,0,0,1,0,0,0,0
38038,attack,clean_target_ineffective,1,S5,5,23,2,1,1,1,0,0,0,0,0,1,0,1
38044,attack,invalid_reset,5,S5,5,22,7,0,0,0,0,0,0,0,1,0,0,0
38046,attack,clean_target_effective,2,S0,0,22,1,1,1,0,1,0,0,0,0,0,1,2
38048,attack,clean_target_ineffective,1,S0,0,23,3,1,1,1,0,0,0,0,0,1,0,1
38052,attack,off_target,3,S5,5,22,6,1,0,0,0,0,1,0,0,0,0,0
38055,attack,missed,0,S5,5,22,6,1,0,0,0,1,0,0,0,0,0,0
38057,attack,clean_target_ineffective,1,S5,5,22,6,1,1,1,0,0,0,0,0,1,0,1
38064,attack,multi_hit,4,S0,0,22,1,1,0,0,0,0,0,1,0,0,0,0
38065,attack,multi_hit,4,S5,5,22,5,1,0,0,0,0,0,1,0,0,0,0
38067,attack,clean_target_effective,2,S5,5,23,7,1,1,0,1,0,0,0,0,0,1,2
38068,attack,missed,0,S0,0,23,7,1,0,0,0,1,0,0,0,0,0,0
38073,attack,missed,0,S0,0,23,7,1,0,0,0,1,0,0,0,0,0,0
38075,attack,multi_hit,4,S0,0,23,3,1,0,0,0,0,0,1,0,0,0,0
38080,attack,clean_target_effective,2,S5,5,23,5,1,1,0,1,0,0,0,0,0,1,2
38085,attack,clean_target_effective,2,S5,5,23,7,1,1,0,1,0,0,0,0,0,1,2
38088,attack,clean_target_effective,2,S0,0,22,6,1,1,0,1,0,0,0,0,0,1,2
38091,attack,off_target,3,S0,0,23,5,1,0,0,0,0,1,0,0,0,0,0
38095,attack,multi_hit,4,S0,0,23,5,1,0,0,0,0,0,1,0,0,0,0
38100,attack,missed,0,S0,0,22,0,1,0,0,0,1,0,0,0,0,0,0
38102,attack,clean_target_effective,2,S5,5,22,4,1,1,0,1,0,0,0,0,0,1,2
38105,attack,clean_target_effective,2,S5,5,22,1,1,1,0,1,0,0,0,0,0,1,2
38106,attack,clean_target_effective,2,S5,5,23,7,1,1,0,1,0,0,0,0,0,1,2
38111,attack,missed,0,S0,0,23,2,1,0,0,0,1,0,0,0,0,0,0
38112,attack,missed,0,S5,5,22,7,1,0,0,0,1,0,0,0,0,0,0
38122,attack,multi_hit,4,S0,0,23,0,1,0,0,0,0,0,1,0,0,0,0
38130,attack,invalid_reset,5,S5,5,22,7,0,0,0,0,0,0,0,1,0,0,0
38131,attack,clean_target_ineffective,1,S0,0,22,6,1,1,1,0,0,0,0,0,1,0,1
38137,attack,missed,0,S5,5,22,2,1,0,0,0,1,0,0,0,0,0,0
38138,attack,missed,0,S0,0,23,7,1,0,0,0,1,0,0,0,0,0,0
38140,attack,missed,0,S0,0,23,2,1,0,0,0,1,0,0,0,0,0,0
38143,attack,clean_target_effective,2,S0,0,22,5,1,1,0,1,0,0,0,0,0,1,2
38144,attack,clean_target_ineffective,1,S5,5,22,2,1,1,1,0,0,0,0,0,1,0,1
38147,attack,clean_target_effective,2,S5,5,23,7,1,1,0,1,0,0,0,0,0,1,2
38156,attack,missed,0,S0,0,23,0,1,0,0,0,1,0,0,0,0,0,0
38159,attack,clean_target_effective,2,S5,5,23,6,1,1,0,1,0,0,0,0,0,1,2
38160,attack,off_target,3,S0,0,22,3,1,0,0,0,0,1,0,0,0,0,0
38162,attack,clean_target_ineffective,1,S5,5,22,5,1,1,1,0,0,0,0,0,1,0,1
38177,attack,multi_hit,4,S5,5,22,2,1,0,0,0,0,0,1,0,0,0,0
38182,attack,off_target,3,S0,0,22,0,1,0,0,0,0,1,0,0,0,0,0
38185,attack,multi_hit,4,S0,0,22,2,1,0,0,0,0,0,1,0,0,0,0
38189,attack,invalid_reset,5,S5,5,23,1,0,0,0,0,0,0,0,1,0,0,0
38190,attack,clean_target_ineffective,1,S0,0,23,4,1,1,1,0,0,0,0,0,1,0,1
38192,attack,missed,0,S5,5,23,5,1,0,0,0,1,0,0,0,0,0,0
38195,attack,missed,0,S0,0,23,3,1,0,0,0,1,0,0,0,0,0,0
38198,attack,missed,0,S5,5,23,5,1,0,0,0,1,0,0,0,0,0,0
38204,attack,off_target,3,S5,5,22,1,1,0,0,0,0,1,0,0,0,0,0
38208,attack,invalid_reset,5,S5,5,22,5,0,0,0,0,0,0,0,1,0,0,0
38213,attack,missed,0,S5,5,22,0,1,0,0,0,1,0,0,0,0,0,0
38221,attack,multi_hit,4,S0,0,23,1,1,0,0,0,0,0,1,0,0,0,0
38223,attack,missed,0,S0,0,23,2,1,0,0,0,1,0,0,0,0,0,0
38226,attack,off_target,3,S0,0,22,5,1,0,0,0,0,1,0,0,0,0,0
38233,attack,clean_target_effective,2,S0,0,22,7,1,1,0,1,0,0,0,0,0,1,2
38236,attack,clean_target_effective,2,S0,0,23,4,1,1,0,1,0,0,0,0,0,1,2
38237,attack,missed,0,S5,5,22,3,1,0,0,0,1,0,0,0,0,0,0
38244,attack,clean_target_ineffective,1,S0,0,22,7,1,1,1,0,0,0,0,0,1,0,1
38247,attack,off_target,3,S5,5,22,6,1,0,0,0,0,1,0,0,0,0,0
38249,attack,clean_target_effective,2,S0,0,23,0,1,1,0,1,0,0,0,0,0,1,2
38252,attack,clean_target_effective,2,S5,5,22,1,1,1,0,1,0,0,0,0,0,1,2
38257,attack,missed,0,S5,5,22,1,1,0,0,0,1,0,0,0,0,0,0
38258,attack,off_target,3,S5,5,22,4,1,0,0,0,0,1,0,0,0,0,0
38260,attack,off_target,3,S5,5,22,3,1,0,0,0,0,1,0,0,0,0,0
38261,attack,clean_target_ineffective,1,S5,5,22,3,1,1,1,0,0,0,0,0,1,0,1
38273,attack,invalid_reset,5,S5,5,23,1,0,0,0,0,0,0,0,1,0,0,0
38275,attack,off_target,3,S5,5,22,6,1,0,0,0,0,1,0,0,0,0,0
38278,attack,missed,0,S0,0,23,4,1,0,0,0,1,0,0,0,0,0,0
38282,attack,off_target,3,S0,0,23,5,1,0,0,0,0,1,0,0,0,0,0
38283,attack,missed,0,S5,5,22,7,1,0,0,0,1,0,0,0,0,0,0
38291,attack,clean_target_ineffective,1,S5,5,22,3,1,1,1,0,0,0,0,0,1,0,1
38294,attack,multi_hit,4,S5,5,22,1,1,0,0,0,0,0,1,0,0,0,0
38296,attack,clean_target_effective,2,S5,5,23,0,1,1,0,1,0,0,0,0,0,1,2
38299,attack,clean_target_effective,2,S5,5,22,3,1,1,0,1,0,0,0,0,0,1,2
38300,attack,clean_target_effective,2,S0,0,22,3,1,1,0,1,0,0,0,0,0,1,2
38301,attack,missed,0,S5,5,23,3,1,0,0,0,1,0,0,0,0,0,0
38303,attack,clean_target_effective,2,S0,0,23,7,1,1,0,1,0,0,0,0,0,1,2
38304,attack,clean_target_ineffective,1,S5,5,22,5,1,1,1,0,0,0,0,0,1,0,1
38306,attack,clean_target_effective,2,S0,0,23,7,1,1,0,1,0,0,0,0,0,1,2
38307,attack,missed,0,S0,0,23,6,1,0,0,0,1,0,0,0,0,0,0
38308,attack,multi_hit,4,S0,0,23,2,1,0,0,0,0,0,1,0,0,0,0
38309,attack,invalid_reset,5,S5,5,23,5,0,0,0,0,0,0,0,1,0,0,0
38310,attack,off_target,3,S5,5,22,2,1,0,0,0,0,1,0,0,0,0,0
38311,attack,clean_target_ineffective,1,S0,0,22,4,1,1,1,0,0,0,0,0,1,0,1
38312,attack,clean_target_effective,2,S5,5,22,6,1,1,0,1,0,0,0,0,0,1,2
38317,attack,clean_target_effective,2,S0,0,22,3,1,1,0,1,0,0,0,0,0,1,2
38319,attack,clean_target_effective,2,S0,0,23,1,1,1,0,1,0,0,0,0,0,1,2
38326,attack,multi_hit,4,S5,5,23,3,1,0,0,0,0,0,1,0,0,0,0
38329,attack,off_target,3,S5,5,22,3,1,0,0,0,0,1,0,0,0,0,0
38336,attack,missed,0,S0,0,23,6,1,0,0,0,1,0,0,0,0,0,0
38342,attack,clean_target_effective,2,S0,0,23,1,1,1,0,1,0,0,0,0,0,1,2
38343,attack,clean_target_ineffective,1,S5,5,23,2,1,1,1,0,0,0,0,0,1,0,1
38349,attack,clean_target_effective,2,S5,5,22,0,1,1,0,1,0,0,0,0,0,1,2
38350,attack,clean_target_effective,2,S0,0,22,2,1,1,0,1,0,0,0,0,0,1,2
38357,attack,clean_target_effective,2,S0,0,22,4,1,1,0,1,0,0,0,0,0,1,2
38363,attack,clean_target_effective,2,S5,5,23,7,1,1,0,1,0,0,0,0,0,1,2
38375,attack,off_target,3,S5,5,23,2,1,0,0,0,0,1,0,0,0,0,0
38378,attack,clean_target_ineffective,1,S5,5,22,5,1,1,1,0,0,0,0,0,1,0,1
38379,attack,off_target,3,S0,0,22,1,1,0,0,0,0,1,0,0,0,0,0
38384,attack,multi_hit,4,S0,0,22,1,1,0,0,0,0,0,1,0,0,0,0
38388,attack,multi_hit,4,S0,0,22,5,1,0,0,0,0,0,1,0,0,0,0
38389,attack,clean_target_ineffective,1,S0,0,23,0,1,1,1,0,0,0,0,0,1,0,1
38397,attack,multi_hit,4,S0,0,23,3,1,0,0,0,0,0,1,0,0,0,0
38403,attack,invalid_reset,5,S5,5,22,7,0,0,0,0,0,0,0,1,0,0,0
38409,attack,invalid_reset,5,S0,0,22,6,0,0,0,0,0,0,0,1,0,0,0
38411,attack,multi_hit,4,S5,5,22,4,1,0,0,0,0,0,1,0,0,0,0
38413,attack,multi_hit,4,S0,0,22,3,1,0,0,0,0,0,1,0,0,0,0
38415,attack,off_target,3,S0,0,22,3,1,0,0,0,0,1,0,0,0,0,0
38417,attack,multi_hit,4,S0,0,23,6,1,0,0,0,0,0,1,0,0,0,0
38422,attack,off_target,3,S0,0,23,0,1,0,0,0,0,1,0,0,0,0,0
38425,attack,off_target,3,S0,0,22,7,1,0,0,0,0,1,0,0,0,0,0
38432,attack,clean_target_effective,2,S0,0,22,1,1,1,0,1,0,0,0,0,0,1,2
38435,attack,missed,0,S5,5,23,0,1,0,0,0,1,0,0,0,0,0,0
38436,attack,missed,0,S0,0,22,7,1,0,0,0,1,0,0,0,0,0,0
38441,attack,missed,0,S5,5,23,5,1,0,0,0,1,0,0,0,0,0,0
38445,attack,clean_target_effective,2,S0,0,23,2,1,1,0,1,0,0,0,0,0,1,2
38447,attack,off_target,3,S0,0,23,4,1,0,0,0,0,1,0,0,0,0,0
38450,attack,missed,0,S0,0,22,7,1,0,0,0,1,0,0,0,0,0,0
38452,attack,off_target,3,S5,5,23,6,1,0,0,0,0,1,0,0,0,0,0
38455,attack,clean_target_ineffective,1,S0,0,23,4,1,1,1,0,0,0,0,0,1,0,1
38461,attack,missed,0,S0,0,23,3,1,0,0,0,1,0,0,0,0,0,0
38462,attack,multi_hit,4,S0,0,23,5,1,0,0,0,0,0,1,0,0,0,0
38463,attack,clean_target_effective,2,S5,5,22,1,1,1,0,1,0,0,0,0,0,1,2
38465,attack,off_target,3,S0,0,22,6,1,0,0,0,0,1,0,0,0,0,0
38470,attack,off_target,3,S5,5,23,6,1,0,0,0,0,1,0,0,0,0,0
38473,attack,clean_target_effective,2,S5,5,22,4,1,1,0,1,0,0,0,0,0,1,2
38474,attack,missed,0,S5,5,22,3,1,0,0,0,1,0,0,0,0,0,0
38479,attack,multi_hit,4,S0,0,22,2,1,0,0,0,0,0,1,0,0,0,0
38480,attack,invalid_reset,5,S5,5,23,1,0,0,0,0,0,0,0,1,0,0,0
38481,attack,multi_hit,4,S0,0,23,1,1,0,0,0,0,0,1,0,0,0,0
38489,attack,multi_hit,4,S5,5,23,1,1,0,0,0,0,0,1,0,0,0,0
38490,attack,off_target,3,S0,0,23,5,1,0,0,0,0,1,0,0,0,0,0
38502,attack,clean_target_ineffective,1,S5,5,23,4,1,1,1,0,0,0,0,0,1,0,1
38503,attack,missed,0,S5,5,23,1,1,0,0,0,1,0,0,0,0,0,0
38505,attack,missed,0,S5,5,23,1,1,0,0,0,1,0,0,0,0,0,0
38518,attack,clean_target_effective,2,S0,0,23,2,1,1,0,1,0,0,0,0,0,1,2
38519,attack,clean_target_effective,2,S0,0,23,4,1,1,0,1,0,0,0,0,0,1,2
38520,attack,missed,0,S5,5,22,7,1,0,0,0,1,0,0,0,0,0,0
38523,attack,clean_target_ineffective,1,S0,0,22,5,1,1,1,0,0,0,0,0,1,0,1
38524,attack,clean_target_effective,2,S0,0,23,6,1,1,0,1,0,0,0,0,0,1,2
38528,attack,clean_target_effective,2,S0,0,22,5,1,1,0,1,0,0,0,0,0,1,2
38529,attack,off_target,3,S5,5,22,7,1,0,0,0,0,1,0,0,0,0,0
38531,attack,off_target,3,S5,5,23,3,1,0,0,0,0,1,0,0,0,0,0
38536,attack,off_target,3,S5,5,22,5,1,0,0,0,0,1,0,0,0,0,0
38540,attack,off_target,3,S0,0,23,5,1,0,0,0,0,1,0,0,0,0,0
38541,attack,missed,0,S0,0,22,2,1,0,0,0,1,0,0,0,0,0,0
38545,attack,missed,0,S5,5,22,2,1,0,0,0,1,0,0,0,0,0,0
38546,attack,clean_target_effective,2,S5,5,22,2,1,1,0,1,0,0,0,0,0,1,2
38552,attack,missed,0,S0,0,22,4,1,0,0,0,1,0,0,0,0,0,0
38554,attack,missed,0,S5,5,23,6,1,0,0,0,1,0,0,0,0,0,0
38556,attack,multi_hit,4,S5,5,22,0,1,0,0,0,0,0,1,0,0,0,0
38557,attack,clean_target_ineffective,1,S0,0,22,1,1,1,1,0,0,0,0,0,1,0,1
38560,attack,multi_hit,4,S5,5,22,2,1,0,0,0,0,0,1,0,0,0,0
38562,attack,missed,0,S0,0,23,5,1,0,0,0,1,0,0,0,0,0,0
38569,attack,missed,0,S0,0,22,3,1,0,0,0,1,0,0,0,0,0,0
38571,attack,clean_target_ineffective,1,S5,5,22,4,1,1,1,0,0,0,0,0,1,0,1
38573,attack,clean_target_effective,2,S0,0,23,0,1,1,0,1,0,0,0,0,0,1,2
38574,attack,off_target,3,S5,5,23,5,1,0,0,0,0,1,0,0,0,0,0
38581,attack,invalid_reset,5,S0,0,23,1,0,0,0,0,0,0,0,1,0,0,0
38593,attack,clean_target_ineffective,1,S5,5,23,1,1,1,1,0,0,0,0,0,1,0,1
38594,attack,off_target,3,S0,0,22,6,1,0,0,0,0,1,0,0,0,0,0
38596,attack,missed,0,S5,5,23,7,1,0,0,0,1,0,0,0,0,0,0
38599,attack,clean_target_ineffective,1,S0,0,22,5,1,1,1,0,0,0,0,0,1,0,1
38610,attack,clean_target_effective,2,S0,0,23,7,1,1,0,1,0,0,0,0,0,1,2
38612,attack,clean_target_effective,2,S5,5,23,6,1,1,0,1,0,0,0,0,0,1,2
38617,attack,invalid_reset,5,S0,0,22,1,0,0,0,0,0,0,0,1,0,0,0
38623,attack,missed,0,S0,0,22,1,1,0,0,0,1,0,0,0,0,0,0
38628,attack,clean_target_ineffective,1,S0,0,22,4,1,1,1,0,0,0,0,0,1,0,1
38633,attack,missed,0,S5,5,23,0,1,0,0,0,1,0,0,0,0,0,0
38637,attack,off_target,3,S5,5,22,5,1,0,0,0,0,1,0,0,0,0,0
38645,attack,missed,0,S5,5,23,6,1,0,0,0,1,0,0,0,0,0,0
38648,attack,clean_target_effective,2,S0,0,22,3,1,1,0,1,0,0,0,0,0,1,2
38651,attack,clean_target_ineffective,1,S0,0,22,3,1,1,1,0,0,0,0,0,1,0,1
38656,attack,invalid_reset,5,S0,0,23,1,0,0,0,0,0,0,0,1,0,0,0
38662,attack,clean_target_ineffective,1,S0,0,23,1,1,1,1,0,0,0,0,0,1,0,1
38667,attack,invalid_reset,5,S5,5,23,7,0,0,0,0,0,0,0,1,0,0,0
38673,attack,missed,0,S0,0,22,0,1,0,0,0,1,0,0,0,0,0,0
38684,attack,off_target,3,S5,5,23,5,1,0,0,0,0,1,0,0,0,0,0
38686,attack,invalid_reset,5,S5,5,22,2,0,0,0,0,0,0,0,1,0,0,0
38689,attack,off_target,3,S0,0,23,0,1,0,0,0,0,1,0,0,0,0,0
38696,attack,multi_hit,4,S0,0,23,1,1,0,0,0,0,0,1,0,0,0,0
38703,attack,clean_target_effective,2,S0,0,22,5,1,1,0,1,0,0,0,0,0,1,2
38705,attack,clean_target_ineffective,1,S0,0,22,1,1,1,1,0,0,0,0,0,1,0,1
38711,attack,clean_target_ineffective,1,S5,5,22,6,1,1,1,0,0,0,0,0,1,0,1
38714,attack,clean_target_effective,2,S5,5,23,5,1,1,0,1,0,0,0,0,0,1,2
38717,attack,clean_target_effective,2,S0,0,22,0,1,1,0,1,0,0,0,0,0,1,2
38719,attack,missed,0,S5,5,22,5,1,0,0,0,1,0,0,0,0,0,0
38721,attack,missed,0,S5,5,23,3,1,0,0,0,1,0,0,0,0,0,0
38723,attack,invalid_reset,5,S5,5,23,7,0,0,0,0,0,0,0,1,0,0,0
38732,attack,invalid_reset,5,S0,0,22,7,0,0,0,0,0,0,0,1,0,0,0
38738,attack,clean_target_ineffective,1,S5,5,22,1,1,1,1,0,0,0,0,0,1,0,1
38740,attack,clean_target_effective,2,S5,5,23,5,1,1,0,1,0,0,0,0,0,1,2
38745,attack,missed,0,S0,0,23,4,1,0,0,0,1,0,0,0,0,0,0
38755,attack,missed,0,S5,5,23,2,1,0,0,0,1,0,0,0,0,0,0
38756,attack,clean_target_effective,2,S0,0,22,5,1,1,0,1,0,0,0,0,0,1,2
38770,attack,missed,0,S5,5,23,7,1,0,0,0,1,0,0,0,0,0,0
38771,attack,clean_target_ineffective,1,S5,5,23,4,1,1,1,0,0,0,0,0,1,0,1
38775,attack,off_target,3,S0,0,22,3,1,0,0,0,0,1,0,0,0,0,0
38790,attack,clean_target_effective,2,S0,0,22,5,1,1,0,1,0,0,0,0,0,1,2
38792,attack,multi_hit,4,S5,5,23,2,1,0,0,0,0,0,1,0,0,0,0
38793,attack,clean_target_effective,2,S0,0,23,1,1,1,0,1,0,0,0,0,0,1,2
38795,attack,invalid_reset,5,S0,0,23,2,0,0,0,0,0,0,0,1,0,0,0
38802,attack,missed,0,S5,5,22,2,1,0,0,0,1,0,0,0,0,0,0
38807,attack,missed,0,S0,0,23,5,1,0,0,0,1,0,0,0,0,0,0
38810,attack,clean_target_ineffective,1,S0,0,22,7,1,1,1,0,0,0,0,0,1,0,1
38819,attack,clean_target_effective,2,S0,0,23,7,1,1,0,1,0,0,0,0,0,1,2
38820,attack,clean_target_ineffective,1,S5,5,22,0,1,1,1,0,0,0,0,0,1,0,1
38823,attack,clean_target_effective,2,S5,5,23,6,1,1,0,1,0,0,0,0,0,1,2
38827,attack,clean_target_effective,2,S5,5,23,0,1,1,0,1,0,0,0,0,0,1,2
38832,attack,off_target,3,S5,5,23,4,1,0,0,0,0,1,0,0,0,0,0
38833,attack,missed,0,S5,5,23,6,1,0,0,0,1,0,0,0,0,0,0
38836,attack,clean_target_effective,2,S5,5,23,5,1,1,0,1,0,0,0,0,0,1,2
38839,attack,missed,0,S0,0,23,1,1,0,0,0,1,0,0,0,0,0,0
38840,attack,clean_target_effective,2,S5,5,22,3,1,1,0,1,0,0,0,0,0,1,2
38841,attack,missed,0,S0,0,23,3,1,0,0,0,1,0,0,0,0,0,0
38851,attack,clean_target_ineffective,1,S0,0,23,5,1,1,1,0,0,0,0,0,1,0,1
38852,attack,invalid_reset,5,S0,0,22,2,0,0,0,0,0,0,0,1,0,0,0
38857,attack,clean_target_effective,2,S0,0,23,7,1,1,0,1,0,0,0,0,0,1,2
38858,attack,clean_target_effective,2,S0,0,22,2,1,1,0,1,0,0,0,0,0,1,2
38863,attack,off_target,3,S5,5,22,1,1,0,0,0,0,1,0,0,0,0,0
38865,attack,missed,0,S5,5,23,5,1,0,0,0,1,0,0,0,0,0,0
38868,attack,off_target,3,S0,0,22,7,1,0,0,0,0,1,0,0,0,0,0
38871,attack,clean_target_effective,2,S5,5,22,6,1,1,0,1,0,0,0,0,0,1,2
38874,attack,missed,0,S0,0,23,5,1,0,0,0,1,0,0,0,0,0,0
38877,attack,clean_target_ineffective,1,S5,5,22,0,1,1,1,0,0,0,0,0,1,0,1
38879,attack,missed,0,S5,5,22,5,1,0,0,0,1,0,0,0,0,0,0
38889,attack,off_target,3,S5,5,23,7,1,0,0,0,0,1,0,0,0,0,0
38899,attack,missed,0,S5,5,23,0,1,0,0,0,1,0,0,0,0,0,0
38900,attack,multi_hit,4,S5,5,22,4,1,0,0,0,0,0,1,0,0,0,0
38904,attack,clean_target_effective,2,S5,5,23,3,1,1,0,1,0,0,0,0,0,1,2
38905,attack,clean_target_ineffective,1,S0,0,22,6,1,1,1,0,0,0,0,0,1,0,1
38907,attack,missed,0,S5,5,23,7,1,0,0,0,1,0,0,0,0,0,0
38908,attack,clean_target_effective,2,S5,5,22,1,1,1,0,1,0,0,0,0,0,1,2
38912,attack,multi_hit,4,S0,0,23,0,1,0,0,0,0,0,1,0,0,0,0
38916,attack,clean_target_ineffective,1,S0,0,23,3,1,1,1,0,0,0,0,0,1,0,1
38917,attack,clean_target_effective,2,S5,5,23,4,1,1,0,1,0,0,0,0,0,1,2
38918,attack,clean_target_effective,2,S0,0,22,7,1,1,0,1,0,0,0,0,0,1,2
38925,attack,invalid_reset,5,S5,5,22,2,0,0,0,0,0,0,0,1,0,0,0
38928,attack,clean_target_effective,2,S5,5,23,0,1,1,0,1,0,0,0,0,0,1,2
38930,attack,invalid_reset,5,S5,5,23,4,0,0,0,0,0,0,0,1,0,0,0
38931,attack,missed,0,S5,5,23,3,1,0,0,0,1,0,0,0,0,0,0
38937,attack,multi_hit,4,S5,5,23,1,1,0,0,0,0,0,1,0,0,0,0
38943,attack,clean_target_effective,2,S0,0,22,1,1,1,0,1,0,0,0,0,0,1,2
38944,attack,clean_target_ineffective,1,S0,0,22,4,1,1,1,0,0,0,0,0,1,0,1
38945,attack,missed,0,S5,5,23,2,1,0,0,0,1,0,0,0,0,0,0
38949,attack,clean_target_effective,2,S0,0,23,6,1,1,0,1,0,0,0,0,0,1,2
38960,attack,missed,0,S5,5,22,1,1,0,0,0,1,0,0,0,0,0,0
38967,attack,clean_target_effective,2,S0,0,23,1,1,1,0,1,0,0,0,0,0,1,2
38969,attack,invalid_reset,5,S5,5,22,5,0,0,0,0,0,0,0,1,0,0,0
38970,attack,missed,0,S0,0,22,2,1,0,0,0,1,0,0,0,0,0,0
38974,attack,clean_target_effective,2,S0,0,22,6,1,1,0,1,0,0,0,0,0,1,2
38975,attack,multi_hit,4,S5,5,23,6,1,0,0,0,0,0,1,0,0,0,0
38977,attack,missed,0,S0,0,23,3,1,0,0,0,1,0,0,0,0,0,0
38981,attack,clean_target_ineffective,1,S0,0,22,7,1,1,1,0,0,0,0,0,1,0,1
38982,attack,clean_target_effective,2,S0,0,22,5,1,1,0,1,0,0,0,0,0,1,2
38984,attack,off_target,3,S0,0,22,2,1,0,0,0,0,1,0,0,0,0,0
38985,attack,off_target,3,S5,5,22,5,1,0,0,0,0,1,0,0,0,0,0
38990,attack,off_target,3,S5,5,22,0,1,0,0,0,0,1,0,0,0,0,0
38995,attack,multi_hit,4,S5,5,23,7,1,0,0,0,0,0,1,0,0,0,0
39009,attack,off_target,3,S5,5,23,3,1,0,0,0,0,1,0,0,0,0,0
39017,attack,clean_target_effective,2,S0,0,23,3,1,1,0,1,0,0,0,0,0,1,2
39018,attack,multi_hit,4,S5,5,22,5,1,0,0,0,0,0,1,0,0,0,0
39021,attack,clean_target_effective,2,S5,5,22,6,1,1,0,1,0,0,0,0,0,1,2
39029,attack,missed,0,S0,0,22,5,1,0,0,0,1,0,0,0,0,0,0
39033,attack,multi_hit,4,S5,5,23,4,1,0,0,0,0,0,1,0,0,0,0
39034,attack,multi_hit,4,S0,0,22,1,1,0,0,0,0,0,1,0,0,0,0
39037,attack,missed,0,S0,0,23,3,1,0,0,0,1,0,0,0,0,0,0
39038,attack,clean_target_ineffective,1,S0,0,22,2,1,1,1,0,0,0,0,0,1,0,1
39040,attack,clean_target_ineffective,1,S0,0,23,0,1,1,1,0,0,0,0,0,1,0,1
39045,attack,multi_hit,4,S0,0,22,5,1,0,0,0,0,0,1,0,0,0,0
39046,attack,missed,0,S5,5,22,6,1,0,0,0,1,0,0,0,0,0,0
39048,attack,clean_target_ineffective,1,S5,5,22,5,1,1,1,0,0,0,0,0,1,0,1
39054,attack,multi_hit,4,S5,5,22,3,1,0,0,0,0,0,1,0,0,0,0
39056,attack,invalid_reset,5,S0,0,22,2,0,0,0,0,0,0,0,1,0,0,0
39058,attack,off_target,3,S0,0,22,4,1,0,0,0,0,1,0,0,0,0,0
39060,attack,clean_target_ineffective,1,S0,0,22,7,1,1,1,0,0,0,0,0,1,0,1
39061,attack,clean_target_effective,2,S5,5,22,1,1,1,0,1,0,0,0,0,0,1,2
39064,attack,clean_target_effective,2,S0,0,22,1,1,1,0,1,0,0,0,0,0,1,2
39065,attack,missed,0,S5,5,23,5,1,0,0,0,1,0,0,0,0,0,0
39066,attack,missed,0,S0,0,22,5,1,0,0,0,1,0,0,0,0,0,0
39073,attack,off_target,3,S0,0,22,2,1,0,0,0,0,1,0,0,0,0,0
39075,attack,missed,0,S0,0,22,2,1,0,0,0,1,0,0,0,0,0,0
39079,attack,clean_target_ineffective,1,S5,5,23,7,1,1,1,0,0,0,0,0,1,0,1
39086,attack,off_target,3,S5,5,22,3,1,0,0,0,0,1,0,0,0,0,0
39088,attack,clean_target_effective,2,S0,0,23,4,1,1,0,1,0,0,0,0,0,1,2
39090,attack,multi_hit,4,S0,0,22,7,1,0,0,0,0,0,1,0,0,0,0
39093,attack,missed,0,S5,5,22,7,1,0,0,0,1,0,0,0,0,0,0
39096,attack,off_target,3,S5,5,23,4,1,0,0,0,0,1,0,0,0,0,0
39099,attack,clean_target_effective,2,S0,0,22,7,1,1,0,1,0,0,0,0,0,1,2
39107,attack,missed,0,S0,0,22,2,1,0,0,0,1,0,0,0,0,0,0
39113,attack,clean_target_effective,2,S5,5,22,0,1,1,0,1,0,0,0,0,0,1,2
39120,attack,off_target,3,S5,5,23,2,1,0,0,0,0,1,0,0,0,0,0
39121,attack,missed,0,S5,5,23,3,1,0,0,0,1,0,0,0,0,0,0
39122,attack,multi_hit,4,S5,5,23,6,1,0,0,0,0,0,1,0,0,0,0
39127,attack,clean_target_effective,2,S5,5,23,6,1,1,0,1,0,0,0,0,0,1,2
39137,attack,clean_target_ineffective,1,S5,5,23,6,1,1,1,0,0,0,0,0,1,0,1
39148,attack,missed,0,S0,0,22,5,1,0,0,0,1,0,0,0,0,0,0
39151,attack,off_target,3,S0,0,23,2,1,0,0,0,0,1,0,0,0,0,0
39158,attack,clean_target_effective,2,S5,5,22,0,1,1,0,1,0,0,0,0,0,1,2
39159,attack,missed,0,S5,5,23,5,1,0,0,0,1,0,0,0,0,0,0
39162,attack,multi_hit,4,S5,5,23,7,1,0,0,0,0,0,1,0,0,0,0
39164,attack,off_target,3,S5,5,23,2,1,0,0,0,0,1,0,0,0,0,0
39167,attack,clean_target_effective,2,S0,0,23,7,1,1,0,1,0,0,0,0,0,1,2
39170,attack,off_target,3,S0,0,23,6,1,0,0,0,0,1,0,0,0,0,0
39174,attack,multi_hit,4,S5,5,22,0,1,0,0,0,0,0,1,0,0,0,0
39178,attack,missed,0,S0,0,23,6,1,0,0,0,1,0,0,0,0,0,0
39180,attack,missed,0,S5,5,22,1,1,0,0,0,1,0,0,0,0,0,0
39186,attack,missed,0,S5,5,22,2,1,0,0,0,1,0,0,0,0,0,0
39195,attack,multi_hit,4,S0,0,22,5,1,0,0,0,0,0,1,0,0,0,0
39196,attack,missed,0,S5,5,22,5,1,0,0,0,1,0,0,0,0,0,0
39198,attack,missed,0,S0,0,23,1,1,0,0,0,1,0,0,0,0,0,0
39199,attack,off_target,3,S5,5,22,4,1,0,0,0,0,1,0,0,0,0,0
39200,attack,off_target,3,S0,0,22,1,1,0,0,0,0,1,0,0,0,0,0
39201,attack,missed,0,S5,5,22,1,1,0,0,0,1,0,0,0,0,0,0
39210,attack,clean_target_effective,2,S0,0,22,4,1,1,0,1,0,0,0,0,0,1,2
39215,attack,multi_hit,4,S5,5,23,0,1,0,0,0,0,0,1,0,0,0,0
39217,attack,clean_target_ineffective,1,S0,0,23,5,1,1,1,0,0,0,0,0,1,0,1
39221,attack,clean_target_effective,2,S5,5,23,3,1,1,0,1,0,0,0,0,0,1,2
39223,attack,missed,0,S5,5,23,0,1,0,0,0,1,0,0,0,0,0,0
39227,attack,missed,0,S5,5,23,6,1,0,0,0,1,0,0,0,0,0,0
39232,attack,multi_hit,4,S5,5,22,5,1,0,0,0,0,0,1,0,0,0,0
39233,attack,clean_target_ineffective,1,S5,5,22,3,1,1,1,0,0,0,0,0,1,0,1
39236,attack,multi_hit,4,S0,0,23,5,1,0,0,0,0,0,1,0,0,0,0
39237,attack,clean_target_ineffective,1,S0,0,23,5,1,1,1,0,0,0,0,0,1,0,1
39242,attack,off_target,3,S5,5,22,2,1,0,0,0,0,1,0,0,0,0,0
39243,attack,clean_target_ineffective,1,S0,0,23,3,1,1,1,0,0,0,0,0,1,0,1
39246,attack,off_target,3,S5,5,22,2,1,0,0,0,0,1,0,0,0,0,0
39248,attack,clean_target_ineffective,1,S0,0,23,0,1,1,1,0,0,0,0,0,1,0,1
39268,attack,clean_target_ineffective,1,S5,5,22,1,1,1,1,0,0,0,0,0,1,0,1
39271,attack,missed,0,S0,0,23,6,1,0,0,0,1,0,0,0,0,0,0
39272,attack,off_target,3,S0,0,22,7,1,0,0,0,0,1,0,0,0,0,0
39273,attack,multi_hit,4,S0,0,22,6,1,0,0,0,0,0,1,0,0,0,0
39274,attack,clean_target_effective,2,S0,0,23,3,1,1,0,1,0,0,0,0,0,1,2
39275,attack,clean_target_effective,2,S0,0,22,1,1,1,0,1,0,0,0,0,0,1,2
39277,attack,multi_hit,4,S5,5,23,1,1,0,0,0,0,0,1,0,0,0,0
39279,attack,clean_target_effective,2,S5,5,23,2,1,1,0,1,0,0,0,0,0,1,2
39282,attack,off_target,3,S5,5,23,1,1,0,0,0,0,1,0,0,0,0,0
39287,attack,missed,0,S0,0,23,2,1,0,0,0,1,0,0,0,0,0,0
39298,attack,clean_target_effective,2,S0,0,22,4,1,1,0,1,0,0,0,0,0,1,2
39299,attack,missed,0,S0,0,22,1,1,0,0,0,1,0,0,0,0,0,0
39303,attack,clean_target_effective,2,S0,0,23,7,1,1,0,1,0,0,0,0,0,1,2
39307,attack,missed,0,S0,0,23,7,1,0,0,0,1,0,0,0,0,0,0
39309,attack,off_target,3,S0,0,22,3,1,0,0,0,0,1,0,0,0,0,0
39310,attack,clean_target_effective,2,S5,5,22,5,1,1,0,1,0,0,0,0,0,1,2
39314,attack,multi_hit,4,S0,0,23,4,1,0,0,0,0,0,1,0,0,0,0
39315,attack,clean_target_effective,2,S5,5,23,1,1,1,0,1,0,0,0,0,0,1,2
39323,attack,clean_target_ineffective,1,S0,0,22,4,1,1,1,0,0,0,0,0,1,0,1
39329,attack,clean_target_ineffective,1,S5,5,22,7,1,1,1,0,0,0,0,0,1,0,1
39339,attack,clean_target_effective,2,S0,0,22,4,1,1,0,1,0,0,0,0,0,1,2
39342,attack,off_target,3,S5,5,22,1,1,0,0,0,0,1,0,0,0,0,0
39349,attack,multi_hit,4,S0,0,22,5,1,0,0,0,0,0,1,0,0,0,0
39357,attack,invalid_reset,5,S5,5,23,2,0,0,0,0,0,0,0,1,0,0,0
39359,attack,multi_hit,4,S0,0,23,3,1,0,0,0,0,0,1,0,0,0,0
39360,attack,missed,0,S0,0,23,4,1,0,0,0,1,0,0,0,0,0,0
39361,attack,multi_hit,4,S0,0,23,0,1,0,0,0,0,0,1,0,0,0,0
39369,attack,missed,0,S0,0,22,1,1,0,0,0,1,0,0,0,0,0,0
39374,attack,clean_target_effective,2,S0,0,22,4,1,1,0,1,0,0,0,0,0,1,2
39376,attack,clean_target_effective,2,S5,5,23,0,1,1,0,1,0,0,0,0,0,1,2
39380,attack,clean_target_ineffective,1,S0,0,22,2,1,1,1,0,0,0,0,0,1,0,1
39385,attack,invalid_reset,5,S0,0,22,1,0,0,0,0,0,0,0,1,0,0,0
39389,attack,multi_hit,4,S5,5,23,2,1,0,0,0,0,0,1,0,0,0,0
39392,attack,clean_target_ineffective,1,S5,5,23,5,1,1,1,0,0,0,0,0,1,0,1
39395,attack,off_target,3,S5,5,23,2,1,0,0,0,0,1,0,0,0,0,0
39397,attack,clean_target_effective,2,S0,0,23,3,1,1,0,1,0,0,0,0,0,1,2
39399,attack,multi_hit,4,S5,5,23,1,1,0,0,0,0,0,1,0,0,0,0
39400,attack,off_target,3,S0,0,23,4,1,0,0,0,0,1,0,0,0,0,0
39401,attack,multi_hit,4,S0,0,22,6,1,0,0,0,0,0,1,0,0,0,0
39402,attack,off_target,3,S5,5,22,7,1,0,0,0,0,1,0,0,0,0,0
39410,attack,clean_target_effective,2,S0,0,22,5,1,1,0,1,0,0,0,0,0,1,2
39413,attack,clean_target_effective,2,S5,5,23,6,1,1,0,1,0,0,0,0,0,1,2
39415,attack,clean_target_effective,2,S0,0,23,0,1,1,0,1,0,0,0,0,0,1,2
39423,attack,missed,0,S0,0,22,7,1,0,0,0,1,0,0,0,0,0,0
39426,attack,multi_hit,4,S0,0,22,6,1,0,0,0,0,0,1,0,0,0,0
39432,attack,missed,0,S5,5,23,2,1,0,0,0,1,0,0,0,0,0,0
39436,attack,clean_target_effective,2,S5,5,23,6,1,1,0,1,0,0,0,0,0,1,2
39441,attack,missed,0,S5,5,22,0,1,0,0,0,1,0,0,0,0,0,0
39442,attack,off_target,3,S0,0,22,4,1,0,0,0,0,1,0,0,0,0,0
39445,attack,off_target,3,S0,0,23,1,1,0,0,0,0,1,0,0,0,0,0
39446,attack,off_target,3,S0,0,23,1,1,0,0,0,0,1,0,0,0,0,0
39455,attack,missed,0,S5,5,23,3,1,0,0,0,1,0,0,0,0,0,0
39460,attack,clean_target_ineffective,1,S0,0,23,2,1,1,1,0,0,0,0,0,1,0,1
39461,attack,multi_hit,4,S0,0,22,5,1,0,0,0,0,0,1,0,0,0,0
39462,attack,clean_target_ineffective,1,S5,5,23,5,1,1,1,0,0,0,0,0,1,0,1
39466,attack,clean_target_ineffective,1,S0,0,22,6,1,1,1,0,0,0,0,0,1,0,1
39472,attack,clean_target_ineffective,1,S0,0,22,3,1,1,1,0,0,0,0,0,1,0,1
39473,attack,clean_target_effective,2,S5,5,22,2,1,1,0,1,0,0,0,0,0,1,2
39476,attack,clean_target_effective,2,S5,5,23,4,1,1,0,1,0,0,0,0,0,1,2
39478,attack,clean_target_effective,2,S0,0,23,7,1,1,0,1,0,0,0,0,0,1,2
39480,attack,clean_target_effective,2,S5,5,22,6,1,1,0,1,0,0,0,0,0,1,2
39484,attack,clean_target_ineffective,1,S5,5,23,6,1,1,1,0,0,0,0,0,1,0,1
39486,attack,multi_hit,4,S0,0,22,7,1,0,0,0,0,0,1,0,0,0,0
39487,attack,multi_hit,4,S5,5,23,7,1,0,0,0,0,0,1,0,0,0,0
39490,attack,off_target,3,S5,5,23,7,1,0,0,0,0,1,0,0,0,0,0
39491,attack,off_target,3,S0,0,23,3,1,0,0,0,0,1,0,0,0,0,0
39497,attack,off_target,3,S5,5,23,7,1,0,0,0,0,1,0,0,0,0,0
39499,attack,multi_hit,4,S5,5,22,4,1,0,0,0,0,0,1,0,0,0,0
39501,attack,missed,0,S0,0,23,5,1,0,0,0,1,0,0,0,0,0,0
39508,attack,clean_target_effective,2,S5,5,23,0,1,1,0,1,0,0,0,0,0,1,2
39510,attack,clean_target_effective,2,S0,0,22,7,1,1,0,1,0,0,0,0,0,1,2
39515,attack,missed,0,S5,5,22,3,1,0,0,0,1,0,0,0,0,0,0
39518,attack,clean_target_ineffective,1,S5,5,22,5,1,1,1,0,0,0,0,0,1,0,1
39527,attack,missed,0,S0,0,23,5,1,0,0,0,1,0,0,0,0,0,0
39534,attack,clean_target_effective,2,S5,5,22,3,1,1,0,1,0,0,0,0,0,1,2
39538,attack,clean_target_effective,2,S5,5,23,6,1,1,0,1,0,0,0,0,0,1,2
39539,attack,off_target,3,S0,0,22,1,1,0,0,0,0,1,0,0,0,0,0
39546,attack,clean_target_effective,2,S0,0,23,2,1,1,0,1,0,0,0,0,0,1,2
39548,attack,missed,0,S0,0,23,7,1,0,0,0,1,0,0,0,0,0,0
39552,attack,off_target,3,S0,0,23,4,1,0,0,0,0,1,0,0,0,0,0
39555,attack,missed,0,S5,5,22,4,1,0,0,0,1,0,0,0,0,0,0
39560,attack,clean_target_effective,2,S0,0,23,2,1,1,0,1,0,0,0,0,0,1,2
39561,attack,clean_target_effective,2,S5,5,22,7,1,1,0,1,0,0,0,0,0,1,2
39562,attack,clean_target_ineffective,1,S5,5,23,2,1,1,1,0,0,0,0,0,1,0,1
39566,attack,missed,0,S0,0,22,5,1,0,0,0,1,0,0,0,0,0,0
39568,attack,clean_target_effective,2,S5,5,22,0,1,1,0,1,0,0,0,0,0,1,2
39569,attack,off_target,3,S0,0,23,0,1,0,0,0,0,1,0,0,0,0,0
39573,attack,clean_target_effective,2,S5,5,22,3,1,1,0,1,0,0,0,0,0,1,2
39574,attack,invalid_reset,5,S0,0,22,3,0,0,0,0,0,0,0,1,0,0,0
39578,attack,clean_target_ineffective,1,S0,0,23,4,1,1,1,0,0,0,0,0,1,0,1
39580,attack,off_target,3,S5,5,23,4,1,0,0,0,0,1,0,0,0,0,0
39582,attack,clean_target_effective,2,S5,5,22,3,1,1,0,1,0,0,0,0,0,1,2
39584,attack,off_target,3,S5,5,22,4,1,0,0,0,0,1,0,0,0,0,0
39586,attack,missed,0,S5,5,23,3,1,0,0,0,1,0,0,0,0,0,0
39587,attack,missed,0,S0,0,22,5,1,0,0,0,1,0,0,0,0,0,0
39588,attack,clean_target_ineffective,1,S5,5,22,6,1,1,1,0,0,0,0,0,1,0,1
39590,attack,missed,0,S5,5,22,6,1,0,0,0,1,0,0,0,0,0,0
39591,attack,off_target,3,S5,5,22,0,1,0,0,0,0,1,0,0,0,0,0
39598,attack,multi_hit,4,S5,5,22,6,1,0,0,0,0,0,1,0,0,0,0
39607,attack,missed,0,S0,0,22,7,1,0,0,0,1,0,0,0,0,0,0
39611,attack,off_target,3,S5,5,23,1,1,0,0,0,0,1,0,0,0,0,0
39621,attack,clean_target_effective,2,S0,0,23,1,1,1,0,1,0,0,0,0,0,1,2
39624,attack,missed,0,S0,0,22,7,1,0,0,0,1,0,0,0,0,0,0
39628,attack,invalid_reset,5,S0,0,22,4,0,0,0,0,0,0,0,1,0,0,0
39633,attack,off_target,3,S5,5,23,1,1,0,0,0,0,1,0,0,0,0,0
39636,attack,clean_target_ineffective,1,S5,5,23,7,1,1,1,0,0,0,0,0,1,0,1
39639,attack,missed,0,S0,0,23,0,1,0,0,0,1,0,0,0,0,0,0
39641,attack,missed,0,S0,0,23,6,1,0,0,0,1,0,0,0,0,0,0
39643,attack,missed,0,S0,0,23,5,1,0,0,0,1,0,0,0,0,0,0
39659,attack,clean_target_ineffective,1,S5,5,23,3,1,1,1,0,0,0,0,0,1,0,1
39668,attack,multi_hit,4,S0,0,22,1,1,0,0,0,0,0,1,0,0,0,0
39669,attack,missed,0,S5,5,23,2,1,0,0,0,1,0,0,0,0,0,0
39671,attack,missed,0,S5,5,22,1,1,0,0,0,1,0,0,0,0,0,0
39672,attack,clean_target_effective,2,S5,5,22,3,1,1,0,1,0,0,0,0,0,1,2
39677,attack,multi_hit,4,S5,5,23,4,1,0,0,0,0,0,1,0,0,0,0
39681,attack,missed,0,S5,5,23,2,1,0,0,0,1,0,0,0,0,0,0
39682,attack,missed,0,S0,0,23,3,1,0,0,0,1,0,0,0,0,0,0
39687,attack,clean_target_ineffective,1,S5,5,23,0,1,1,1,0,0,0,0,0,1,0,1
39693,attack,clean_target_ineffective,1,S5,5,23,7,1,1,1,0,0,0,0,0,1,0,1
39694,attack,multi_hit,4,S0,0,22,6,1,0,0,0,0,0,1,0,0,0,0
39698,attack,multi_hit,4,S0,0,22,2,1,0,0,0,0,0,1,0,0,0,0
39701,attack,missed,0,S0,0,23,3,1,0,0,0,1,0,0,0,0,0,0
39715,attack,clean_target_effective,2,S0,0,23,6,1,1,0,1,0,0,0,0,0,1,2
39720,attack,clean_target_effective,2,S0,0,23,1,1,1,0,1,0,0,0,0,0,1,2
39724,attack,missed,0,S5,5,23,7,1,0,0,0,1,0,0,0,0,0,0
39732,attack,clean_target_effective,2,S0,0,23,1,1,1,0,1,0,0,0,0,0,1,2
39735,attack,missed,0,S0,0,22,6,1,0,0,0,1,0,0,0,0,0,0
39738,attack,missed,0,S0,0,23,1,1,0,0,0,1,0,0,0,0,0,0
39741,attack,missed,0,S0,0,22,0,1,0,0,0,1,0,0,0,0,0,0
39743,attack,clean_target_ineffective,1,S5,5,22,5,1,1,1,0,0,0,0,0,1,0,1
39744,attack,missed,0,S5,5,22,5,1,0,0,0,1,0,0,0,0,0,0
39745,attack,clean_target_effective,2,S0,0,23,6,1,1,0,1,0,0,0,0,0,1,2
39748,attack,multi_hit,4,S5,5,22,0,1,0,0,0,0,0,1,0,0,0,0
39750,attack,clean_target_effective,2,S5,5,22,0,1,1,0,1,0,0,0,0,0,1,2
39752,attack,clean_target_effective,2,S0,0,23,1,1,1,0,1,0,0,0,0,0,1,2
39759,attack,clean_target_effective,2,S5,5,22,3,1,1,0,1,0,0,0,0,0,1,2
39763,attack,clean_target_ineffective,1,S0,0,22,7,1,1,1,0,0,0,0,0,1,0,1
39773,attack,multi_hit,4,S5,5,22,6,1,0,0,0,0,0,1,0,0,0,0
39774,attack,multi_hit,4,S5,5,23,4,1,0,0,0,0,0,1,0,0,0,0
39775,attack,clean_target_effective,2,S5,5,23,3,1,1,0,1,0,0,0,0,0,1,2
39787,attack,clean_target_effective,2,S5,5,22,0,1,1,0,1,0,0,0,0,0,1,2
39793,attack,off_target,3,S0,0,23,4,1,0,0,0,0,1,0,0,0,0,0
39794,attack,clean_target_effective,2,S0,0,23,1,1,1,0,1,0,0,0,0,0,1,2
39798,attack,missed,0,S5,5,22,0,1,0,0,0,1,0,0,0,0,0,0
39801,attack,clean_target_effective,2,S5,5,23,4,1,1,0,1,0,0,0,0,0,1,2
39802,attack,clean_target_effective,2,S5,5,23,3,1,1,0,1,0,0,0,0,0,1,2
39805,attack,clean_target_effective,2,S0,0,22,3,1,1,0,1,0,0,0,0,0,1,2
39822,attack,missed,0,S0,0,23,1,1,0,0,0,1,0,0,0,0,0,0
39824,attack,clean_target_effective,2,S5,5,22,5,1,1,0,1,0,0,0,0,0,1,2
39825,attack,clean_target_effective,2,S0,0,23,1,1,1,0,1,0,0,0,0,0,1,2
39832,attack,clean_target_ineffective,1,S5,5,23,7,1,1,1,0,0,0,0,0,1,0,1
39835,attack,clean_target_ineffective,1,S5,5,22,5,1,1,1,0,0,0,0,0,1,0,1
39840,attack,off_target,3,S5,5,23,3,1,0,0,0,0,1,0,0,0,0,0
39842,attack,missed,0,S5,5,22,4,1,0,0,0,1,0,0,0,0,0,0
39844,attack,missed,0,S5,5,23,2,1,0,0,0,1,0,0,0,0,0,0
39846,attack,clean_target_ineffective,1,S5,5,22,6,1,1,1,0,0,0,0,0,1,0,1
39851,attack,clean_target_effective,2,S0,0,23,1,1,1,0,1,0,0,0,0,0,1,2
39856,attack,invalid_reset,5,S0,0,22,4,0,0,0,0,0,0,0,1,0,0,0
39858,attack,multi_hit,4,S0,0,22,5,1,0,0,0,0,0,1,0,0,0,0
39862,attack,clean_target_effective,2,S0,0,22,3,1,1,0,1,0,0,0,0,0,1,2
39865,attack,missed,0,S0,0,23,2,1,0,0,0,1,0,0,0,0,0,0
39869,attack,missed,0,S0,0,22,1,1,0,0,0,1,0,0,0,0,0,0
39870,attack,invalid_reset,5,S0,0,22,7,0,0,0,0,0,0,0,1,0,0,0
39872,attack,clean_target_effective,2,S0,0,22,5,1,1,0,1,0,0,0,0,0,1,2
39873,attack,clean_target_ineffective,1,S0,0,22,2,1,1,1,0,0,0,0,0,1,0,1
39876,attack,clean_target_effective,2,S0,0,23,4,1,1,0,1,0,0,0,0,0,1,2
39878,attack,missed,0,S0,0,22,0,1,0,0,0,1,0,0,0,0,0,0
39886,attack,multi_hit,4,S5,5,22,2,1,0,0,0,0,0,1,0,0,0,0
39891,attack,clean_target_effective,2,S0,0,23,2,1,1,0,1,0,0,0,0,0,1,2
39893,attack,clean_target_effective,2,S0,0,22,5,1,1,0,1,0,0,0,0,0,1,2
39905,attack,clean_target_ineffective,1,S0,0,23,7,1,1,1,0,0,0,0,0,1,0,1
39908,attack,missed,0,S5,5,22,6,1,0,0,0,1,0,0,0,0,0,0
39914,attack,clean_target_effective,2,S0,0,22,6,1,1,0,1,0,0,0,0,0,1,2
39918,attack,missed,0,S5,5,22,5,1,0,0,0,1,0,0,0,0,0,0
39922,attack,clean_target_effective,2,S5,5,22,6,1,1,0,1,0,0,0,0,0,1,2
39925,attack,clean_target_effective,2,S5,5,22,6,1,1,0,1,0,0,0,0,0,1,2
39931,attack,off_target,3,S0,0,23,4,1,0,0,0,0,1,0,0,0,0,0
39944,attack,clean_target_effective,2,S5,5,22,2,1,1,0,1,0,0,0,0,0,1,2
39951,attack,missed,0,S0,0,23,7,1,0,0,0,1,0,0,0,0,0,0
39953,attack,invalid_reset,5,S5,5,22,6,0,0,0,0,0,0,0,1,0,0,0
39955,attack,off_target,3,S0,0,22,2,1,0,0,0,0,1,0,0,0,0,0
39966,attack,clean_target_effective,2,S0,0,22,0,1,1,0,1,0,0,0,0,0,1,2
39982,attack,multi_hit,4,S5,5,23,2,1,0,0,0,0,0,1,0,0,0,0
39989,attack,clean_target_ineffective,1,S0,0,23,3,1,1,1,0,0,0,0,0,1,0,1
39990,attack,off_target,3,S5,5,22,7,1,0,0,0,0,1,0,0,0,0,0
40000,attack,clean_target_effective,2,S0,0,22,2,1,1,0,1,0,0,0,0,0,1,2
40001,attack,clean_target_ineffective,1,S0,0,23,0,1,1,1,0,0,0,0,0,1,0,1
40006,attack,off_target,3,S0,0,23,7,1,0,0,0,0,1,0,0,0,0,0
40009,attack,clean_target_ineffective,1,S5,5,23,4,1,1,1,0,0,0,0,0,1,0,1
40024,attack,multi_hit,4,S0,0,23,3,1,0,0,0,0,0,1,0,0,0,0
40025,attack,multi_hit,4,S5,5,23,5,1,0,0,0,0,0,1,0,0,0,0
40035,attack,missed,0,S0,0,22,2,1,0,0,0,1,0,0,0,0,0,0
40036,attack,off_target,3,S5,5,23,3,1,0,0,0,0,1,0,0,0,0,0
40039,attack,off_target,3,S0,0,23,5,1,0,0,0,0,1,0,0,0,0,0
40047,attack,missed,0,S5,5,22,2,1,0,0,0,1,0,0,0,0,0,0
40054,attack,invalid_reset,5,S5,5,23,5,0,0,0,0,0,0,0,1,0,0,0
40057,attack,clean_target_effective,2,S0,0,22,0,1,1,0,1,0,0,0,0,0,1,2
40059,attack,off_target,3,S5,5,23,2,1,0,0,0,0,1,0,0,0,0,0
40062,attack,clean_target_effective,2,S5,5,22,4,1,1,0,1,0,0,0,0,0,1,2
40065,attack,clean_target_effective,2,S0,0,23,3,1,1,0,1,0,0,0,0,0,1,2
40067,attack,clean_target_effective,2,S5,5,22,2,1,1,0,1,0,0,0,0,0,1,2
40068,attack,off_target,3,S0,0,23,0,1,0,0,0,0,1,0,0,0,0,0
40075,attack,clean_target_ineffective,1,S0,0,22,4,1,1,1,0,0,0,0,0,1,0,1
40076,attack,multi_hit,4,S0,0,22,2,1,0,0,0,0,0,1,0,0,0,0
40080,attack,missed,0,S0,0,22,7,1,0,0,0,1,0,0,0,0,0,0
40090,attack,invalid_reset,5,S0,0,23,2,0,0,0,0,0,0,0,1,0,0,0
40098,attack,missed,0,S5,5,22,1,1,0,0,0,1,0,0,0,0,0,0
40101,attack,missed,0,S5,5,22,1,1,0,0,0,1,0,0,0,0,0,0
40102,attack,clean_target_effective,2,S0,0,23,2,1,1,0,1,0,0,0,0,0,1,2
40105,attack,off_target,3,S5,5,22,5,1,0,0,0,0,1,0,0,0,0,0
40109,attack,invalid_reset,5,S5,5,23,3,0,0,0,0,0,0,0,1,0,0,0
40110,attack,clean_target_ineffective,1,S0,0,23,7,1,1,1,0,0,0,0,0,1,0,1
40111,attack,clean_target_ineffective,1,S5,5,22,0,1,1,1,0,0,0,0,0,1,0,1
40117,attack,missed,0,S5,5,23,6,1,0,0,0,1,0,0,0,0,0,0
40122,attack,multi_hit,4,S5,5,23,4,1,0,0,0,0,0,1,0,0,0,0
40123,attack,clean_target_effective,2,S0,0,23,5,1,1,0,1,0,0,0,0,0,1,2
40128,attack,multi_hit,4,S0,0,22,4,1,0,0,0,0,0,1,0,0,0,0
40133,attack,off_target,3,S0,0,23,4,1,0,0,0,0,1,0,0,0,0,0
40135,attack,off_target,3,S5,5,23,2,1,0,0,0,0,1,0,0,0,0,0
40150,attack,off_target,3,S5,5,22,5,1,0,0,0,0,1,0,0,0,0,0
40153,attack,multi_hit,4,S0,0,23,6,1,0,0,0,0,0,1,0,0,0,0
40156,attack,clean_target_effective,2,S0,0,23,6,1,1,0,1,0,0,0,0,0,1,2
40157,attack,clean_target_effective,2,S0,0,23,0,1,1,0,1,0,0,0,0,0,1,2
40160,attack,missed,0,S0,0,23,2,1,0,0,0,1,0,0,0,0,0,0
40166,attack,missed,0,S0,0,23,7,1,0,0,0,1,0,0,0,0,0,0
40167,attack,clean_target_effective,2,S0,0,22,6,1,1,0,1,0,0,0,0,0,1,2
40169,attack,off_target,3,S0,0,22,3,1,0,0,0,0,1,0,0,0,0,0
40170,attack,off_target,3,S5,5,23,1,1,0,0,0,0,1,0,0,0,0,0
40175,attack,missed,0,S0,0,22,4,1,0,0,0,1,0,0,0,0,0,0
40178,attack,invalid_reset,5,S0,0,23,2,0,0,0,0,0,0,0,1,0,0,0
40180,attack,missed,0,S0,0,23,1,1,0,0,0,1,0,0,0,0,0,0
40182,attack,missed,0,S5,5,23,7,1,0,0,0,1,0,0,0,0,0,0
40192,attack,off_target,3,S5,5,22,5,1,0,0,0,0,1,0,0,0,0,0
40195,attack,off_target,3,S5,5,23,1,1,0,0,0,0,1,0,0,0,0,0
40204,attack,missed,0,S5,5,23,4,1,0,0,0,1,0,0,0,0,0,0
40206,attack,off_target,3,S0,0,22,6,1,0,0,0,0,1,0,0,0,0,0
40209,attack,off_target,3,S0,0,23,1,1,0,0,0,0,1,0,0,0,0,0
40210,attack,missed,0,S0,0,22,2,1,0,0,0,1,0,0,0,0,0,0
40215,attack,multi_hit,4,S0,0,22,6,1,0,0,0,0,0,1,0,0,0,0
40216,attack,multi_hit,4,S5,5,22,7,1,0,0,0,0,0,1,0,0,0,0
40220,attack,clean_target_effective,2,S0,0,23,6,1,1,0,1,0,0,0,0,0,1,2
40223,attack,missed,0,S0,0,23,5,1,0,0,0,1,0,0,0,0,0,0
40224,attack,missed,0,S0,0,22,3,1,0,0,0,1,0,0,0,0,0,0
40228,attack,invalid_reset,5,S0,0,22,3,0,0,0,0,0,0,0,1,0,0,0
40229,attack,off_target,3,S0,0,22,3,1,0,0,0,0,1,0,0,0,0,0
40232,attack,clean_target_effective,2,S0,0,22,2,1,1,0,1,0,0,0,0,0,1,2
40233,attack,off_target,3,S5,5,22,7,1,0,0,0,0,1,0,0,0,0,0
40235,attack,missed,0,S0,0,23,1,1,0,0,0,1,0,0,0,0,0,0
40240,attack,missed,0,S0,0,22,6,1,0,0,0,1,0,0,0,0,0,0
40247,attack,clean_target_ineffective,1,S0,0,23,4,1,1,1,0,0,0,0,0,1,0,1
40253,attack,clean_target_effective,2,S5,5,22,1,1,1,0,1,0,0,0,0,0,1,2
40254,attack,clean_target_ineffective,1,S0,0,23,4,1,1,1,0,0,0,0,0,1,0,1
40255,attack,clean_target_ineffective,1,S0,0,23,7,1,1,1,0,0,0,0,0,1,0,1
40257,attack,missed,0,S5,5,23,2,1,0,0,0,1,0,0,0,0,0,0
40259,attack,off_target,3,S5,5,22,2,1,0,0,0,0,1,0,0,0,0,0
40261,attack,off_target,3,S5,5,22,3,1,0,0,0,0,1,0,0,0,0,0
40262,attack,invalid_reset,5,S5,5,23,6,0,0,0,0,0,0,0,1,0,0,0
40272,attack,multi_hit,4,S0,0,22,4,1,0,0,0,0,0,1,0,0,0,0
40274,attack,clean_target_effective,2,S5,5,23,6,1,1,0,1,0,0,0,0,0,1,2
40277,attack,missed,0,S0,0,22,5,1,0,0,0,1,0,0,0,0,0,0
40280,attack,missed,0,S5,5,22,6,1,0,0,0,1,0,0,0,0,0,0
40288,attack,missed,0,S0,0,22,5,1,0,0,0,1,0,0,0,0,0,0
40292,attack,off_target,3,S0,0,22,0,1,0,0,0,0,1,0,0,0,0,0
40293,attack,invalid_reset,5,S0,0,23,4,0,0,0,0,0,0,0,1,0,0,0
40295,attack,clean_target_effective,2,S5,5,23,3,1,1,0,1,0,0,0,0,0,1,2
40297,attack,clean_target_ineffective,1,S0,0,22,3,1,1,1,0,0,0,0,0,1,0,1
40304,attack,invalid_reset,5,S5,5,23,4,0,0,0,0,0,0,0,1,0,0,0
40308,attack,missed,0,S5,5,22,6,1,0,0,0,1,0,0,0,0,0,0
40311,attack,clean_target_effective,2,S0,0,22,2,1,1,0,1,0,0,0,0,0,1,2
40312,attack,missed,0,S5,5,23,0,1,0,0,0,1,0,0,0,0,0,0
40318,attack,clean_target_effective,2,S5,5,23,6,1,1,0,1,0,0,0,0,0,1,2
40320,attack,off_target,3,S5,5,23,6,1,0,0,0,0,1,0,0,0,0,0
40324,attack,off_target,3,S0,0,22,3,1,0,0,0,0,1,0,0,0,0,0
40328,attack,missed,0,S5,5,22,1,1,0,0,0,1,0,0,0,0,0,0
40333,attack,invalid_reset,5,S0,0,23,0,0,0,0,0,0,0,0,1,0,0,0
40334,attack,clean_target_effective,2,S0,0,22,2,1,1,0,1,0,0,0,0,0,1,2
40336,attack,invalid_reset,5,S5,5,22,4,0,0,0,0,0,0,0,1,0,0,0
40338,attack,clean_target_ineffective,1,S0,0,23,3,1,1,1,0,0,0,0,0,1,0,1
40340,attack,clean_target_effective,2,S0,0,22,5,1,1,0,1,0,0,0,0,0,1,2
40344,attack,off_target,3,S0,0,23,7,1,0,0,0,0,1,0,0,0,0,0
40347,attack,invalid_reset,5,S5,5,23,5,0,0,0,0,0,0,0,1,0,0,0
40348,attack,off_target,3,S5,5,22,1,1,0,0,0,0,1,0,0,0,0,0
40350,attack,off_target,3,S5,5,23,1,1,0,0,0,0,1,0,0,0,0,0
40355,attack,off_target,3,S5,5,22,0,1,0,0,0,0,1,0,0,0,0,0
40357,attack,off_target,3,S5,5,23,6,1,0,0,0,0,1,0,0,0,0,0
40359,attack,missed,0,S0,0,22,6,1,0,0,0,1,0,0,0,0,0,0
40366,attack,clean_target_effective,2,S5,5,22,0,1,1,0,1,0,0,0,0,0,1,2
40367,attack,clean_target_effective,2,S0,0,22,3,1,1,0,1,0,0,0,0,0,1,2
40368,attack,missed,0,S0,0,23,3,1,0,0,0,1,0,0,0,0,0,0
40372,attack,missed,0,S5,5,23,3,1,0,0,0,1,0,0,0,0,0,0
40374,attack,off_target,3,S5,5,22,0,1,0,0,0,0,1,0,0,0,0,0
40388,attack,off_target,3,S0,0,22,6,1,0,0,0,0,1,0,0,0,0,0
40394,attack,clean_target_effective,2,S5,5,23,1,1,1,0,1,0,0,0,0,0,1,2
40400,attack,multi_hit,4,S5,5,23,7,1,0,0,0,0,0,1,0,0,0,0
40405,attack,clean_target_effective,2,S5,5,22,4,1,1,0,1,0,0,0,0,0,1,2
40411,attack,missed,0,S5,5,22,3,1,0,0,0,1,0,0,0,0,0,0
40413,attack,multi_hit,4,S5,5,22,7,1,0,0,0,0,0,1,0,0,0,0
40416,attack,missed,0,S0,0,23,2,1,0,0,0,1,0,0,0,0,0,0
40427,attack,multi_hit,4,S0,0,22,0,1,0,0,0,0,0,1,0,0,0,0
40431,attack,off_target,3,S5,5,23,4,1,0,0,0,0,1,0,0,0,0,0
40442,attack,multi_hit,4,S5,5,22,2,1,0,0,0,0,0,1,0,0,0,0
40452,attack,clean_target_effective,2,S5,5,22,2,1,1,0,1,0,0,0,0,0,1,2
40457,attack,off_target,3,S5,5,22,3,1,0,0,0,0,1,0,0,0,0,0
40460,attack,off_target,3,S0,0,23,6,1,0,0,0,0,1,0,0,0,0,0
40461,attack,missed,0,S0,0,22,4,1,0,0,0,1,0,0,0,0,0,0
40466,attack,clean_target_effective,2,S0,0,23,0,1,1,0,1,0,0,0,0,0,1,2
40468,attack,missed,0,S5,5,22,4,1,0,0,0,1,0,0,0,0,0,0
40469,attack,missed,0,S0,0,23,0,1,0,0,0,1,0,0,0,0,0,0
40472,attack,off_target,3,S0,0,22,5,1,0,0,0,0,1,0,0,0,0,0
40479,attack,clean_target_effective,2,S0,0,23,0,1,1,0,1,0,0,0,0,0,1,2
40491,attack,clean_target_ineffective,1,S5,5,22,5,1,1,1,0,0,0,0,0,1,0,1
40495,attack,clean_target_effective,2,S0,0,22,2,1,1,0,1,0,0,0,0,0,1,2
40504,attack,clean_target_ineffective,1,S0,0,22,3,1,1,1,0,0,0,0,0,1,0,1
40511,attack,missed,0,S5,5,23,0,1,0,0,0,1,0,0,0,0,0,0
40519,attack,missed,0,S0,0,23,0,1,0,0,0,1,0,0,0,0,0,0
40521,attack,clean_target_ineffective,1,S5,5,22,6,1,1,1,0,0,0,0,0,1,0,1
40528,attack,clean_target_ineffective,1,S5,5,23,6,1,1,1,0,0,0,0,0,1,0,1
40539,attack,missed,0,S5,5,23,2,1,0,0,0,1,0,0,0,0,0,0
40540,attack,invalid_reset,5,S0,0,23,5,0,0,0,0,0,0,0,1,0,0,0
40547,attack,missed,0,S5,5,22,7,1,0,0,0,1,0,0,0,0,0,0
40552,attack,off_target,3,S0,0,23,4,1,0,0,0,0,1,0,0,0,0,0
40558,attack,clean_target_ineffective,1,S0,0,22,1,1,1,1,0,0,0,0,0,1,0,1
40567,attack,missed,0,S0,0,23,3,1,0,0,0,1,0,0,0,0,0,0
40574,attack,multi_hit,4,S5,5,22,4,1,0,0,0,0,0,1,0,0,0,0
40576,attack,clean_target_effective,2,S0,0,23,4,1,1,0,1,0,0,0,0,0,1,2
40579,attack,clean_target_ineffective,1,S5,5,23,0,1,1,1,0,0,0,0,0,1,0,1
40583,attack,invalid_reset,5,S5,5,22,0,0,0,0,0,0,0,0,1,0,0,0
40586,attack,invalid_reset,5,S0,0,23,7,0,0,0,0,0,0,0,1,0,0,0
40592,attack,clean_target_effective,2,S5,5,22,2,1,1,0,1,0,0,0,0,0,1,2
40613,attack,clean_target_effective,2,S0,0,23,0,1,1,0,1,0,0,0,0,0,1,2
40615,attack,clean_target_effective,2,S0,0,22,1,1,1,0,1,0,0,0,0,0,1,2
40620,attack,clean_target_effective,2,S5,5,22,7,1,1,0,1,0,0,0,0,0,1,2
40621,attack,missed,0,S5,5,22,0,1,0,0,0,1,0,0,0,0,0,0
40626,attack,missed,0,S5,5,23,7,1,0,0,0,1,0,0,0,0,0,0
40630,attack,invalid_reset,5,S5,5,22,4,0,0,0,0,0,0,0,1,0,0,0
40635,attack,missed,0,S0,0,23,0,1,0,0,0,1,0,0,0,0,0,0
40639,attack,clean_target_effective,2,S0,0,23,2,1,1,0,1,0,0,0,0,0,1,2
40649,attack,missed,0,S0,0,22,5,1,0,0,0,1,0,0,0,0,0,0
40653,attack,off_target,3,S0,0,22,0,1,0,0,0,0,1,0,0,0,0,0
40656,attack,missed,0,S0,0,23,6,1,0,0,0,1,0,0,0,0,0,0
40658,attack,invalid_reset,5,S5,5,22,1,0,0,0,0,0,0,0,1,0,0,0
40660,attack,missed,0,S0,0,22,6,1,0,0,0,1,0,0,0,0,0,0
40669,attack,clean_target_effective,2,S5,5,22,3,1,1,0,1,0,0,0,0,0,1,2
40670,attack,clean_target_effective,2,S0,0,22,5,1,1,0,1,0,0,0,0,0,1,2
40672,attack,multi_hit,4,S5,5,23,7,1,0,0,0,0,0,1,0,0,0,0
40688,attack,invalid_reset,5,S0,0,22,2,0,0,0,0,0,0,0,1,0,0,0
40690,attack,multi_hit,4,S0,0,23,5,1,0,0,0,0,0,1,0,0,0,0
40700,attack,missed,0,S5,5,22,1,1,0,0,0,1,0,0,0,0,0,0
40701,attack,missed,0,S0,0,23,3,1,0,0,0,1,0,0,0,0,0,0
40708,attack,invalid_reset,5,S5,5,22,5,0,0,0,0,0,0,0,1,0,0,0
40714,attack,off_target,3,S5,5,22,3,1,0,0,0,0,1,0,0,0,0,0
40718,attack,invalid_reset,5,S0,0,23,1,0,0,0,0,0,0,0,1,0,0,0
40721,attack,missed,0,S0,0,23,1,1,0,0,0,1,0,0,0,0,0,0
40727,attack,clean_target_ineffective,1,S0,0,22,1,1,1,1,0,0,0,0,0,1,0,1
40728,attack,off_target,3,S0,0,23,4,1,0,0,0,0,1,0,0,0,0,0
40738,attack,off_target,3,S5,5,22,3,1,0,0,0,0,1,0,0,0,0,0
40739,attack,off_target,3,S5,5,22,7,1,0,0,0,0,1,0,0,0,0,0
40740,attack,clean_target_effective,2,S5,5,22,7,1,1,0,1,0,0,0,0,0,1,2
40741,attack,clean_target_ineffective,1,S5,5,22,6,1,1,1,0,0,0,0,0,1,0,1
40747,attack,off_target,3,S5,5,23,4,1,0,0,0,0,1,0,0,0,0,0
40748,attack,missed,0,S0,0,23,7,1,0,0,0,1,0,0,0,0,0,0
40751,attack,clean_target_effective,2,S5,5,22,0,1,1,0,1,0,0,0,0,0,1,2
40755,attack,clean_target_effective,2,S0,0,22,1,1,1,0,1,0,0,0,0,0,1,2
40756,attack,clean_target_effective,2,S0,0,22,4,1,1,0,1,0,0,0,0,0,1,2
40757,attack,clean_target_effective,2,S0,0,22,2,1,1,0,1,0,0,0,0,0,1,2
40759,attack,clean_target_effective,2,S0,0,23,6,1,1,0,1,0,0,0,0,0,1,2
40762,attack,missed,0,S5,5,23,7,1,0,0,0,1,0,0,0,0,0,0
40764,attack,clean_target_effective,2,S0,0,22,6,1,1,0,1,0,0,0,0,0,1,2
40765,attack,invalid_reset,5,S0,0,23,5,0,0,0,0,0,0,0,1,0,0,0
40769,attack,clean_target_ineffective,1,S0,0,23,3,1,1,1,0,0,0,0,0,1,0,1
40774,attack,missed,0,S5,5,23,6,1,0,0,0,1,0,0,0,0,0,0
40776,attack,missed,0,S5,5,23,0,1,0,0,0,1,0,0,0,0,0,0
40781,attack,clean_target_effective,2,S5,5,22,5,1,1,0,1,0,0,0,0,0,1,2
40785,attack,clean_target_effective,2,S5,5,23,4,1,1,0,1,0,0,0,0,0,1,2
40788,attack,missed,0,S5,5,23,5,1,0,0,0,1,0,0,0,0,0,0
40791,attack,multi_hit,4,S0,0,23,0,1,0,0,0,0,0,1,0,0,0,0
40802,attack,off_target,3,S0,0,22,6,1,0,0,0,0,1,0,0,0,0,0
40803,attack,clean_target_ineffective,1,S5,5,22,0,1,1,1,0,0,0,0,0,1,0,1
40804,attack,clean_target_effective,2,S0,0,23,7,1,1,0,1,0,0,0,0,0,1,2
40811,attack,missed,0,S5,5,22,5,1,0,0,0,1,0,0,0,0,0,0
40812,attack,clean_target_effective,2,S0,0,23,1,1,1,0,1,0,0,0,0,0,1,2
40817,attack,missed,0,S5,5,23,5,1,0,0,0,1,0,0,0,0,0,0
40818,attack,multi_hit,4,S5,5,22,5,1,0,0,0,0,0,1,0,0,0,0
40824,attack,off_target,3,S5,5,22,2,1,0,0,0,0,1,0,0,0,0,0
40829,attack,clean_target_ineffective,1,S0,0,22,4,1,1,1,0,0,0,0,0,1,0,1
40830,attack,clean_target_effective,2,S0,0,22,1,1,1,0,1,0,0,0,0,0,1,2
40834,attack,missed,0,S5,5,22,7,1,0,0,0,1,0,0,0,0,0,0
40841,attack,missed,0,S5,5,23,4,1,0,0,0,1,0,0,0,0,0,0
40842,attack,clean_target_effective,2,S0,0,22,7,1,1,0,1,0,0,0,0,0,1,2
40845,attack,clean_target_effective,2,S5,5,23,1,1,1,0,1,0,0,0,0,0,1,2
40846,attack,clean_target_effective,2,S5,5,23,5,1,1,0,1,0,0,0,0,0,1,2
40848,attack,off_target,3,S5,5,23,7,1,0,0,0,0,1,0,0,0,0,0
40851,attack,missed,0,S0,0,22,5,1,0,0,0,1,0,0,0,0,0,0
40852,attack,missed,0,S5,5,22,3,1,0,0,0,1,0,0,0,0,0,0
40857,attack,clean_target_effective,2,S5,5,22,1,1,1,0,1,0,0,0,0,0,1,2
40858,attack,missed,0,S0,0,23,4,1,0,0,0,1,0,0,0,0,0,0
40862,attack,missed,0,S0,0,22,3,1,0,0,0,1,0,0,0,0,0,0
40868,attack,off_target,3,S0,0,22,2,1,0,0,0,0,1,0,0,0,0,0
40873,attack,missed,0,S0,0,23,0,1,0,0,0,1,0,0,0,0,0,0
40876,attack,missed,0,S0,0,23,1,1,0,0,0,1,0,0,0,0,0,0
40880,attack,clean_target_effective,2,S0,0,22,6,1,1,0,1,0,0,0,0,0,1,2
40882,attack,missed,0,S5,5,22,3,1,0,0,0,1,0,0,0,0,0,0
40886,attack,missed,0,S5,5,23,2,1,0,0,0,1,0,0,0,0,0,0
40893,attack,multi_hit,4,S0,0,22,4,1,0,0,0,0,0,1,0,0,0,0
40902,attack,clean_target_ineffective,1,S0,0,22,2,1,1,1,0,0,0,0,0,1,0,1
40909,attack,clean_target_effective,2,S0,0,23,2,1,1,0,1,0,0,0,0,0,1,2
40914,attack,missed,0,S0,0,23,1,1,0,0,0,1,0,0,0,0,0,0
40915,attack,invalid_reset,5,S5,5,22,7,0,0,0,0,0,0,0,1,0,0,0
40921,attack,clean_target_effective,2,S5,5,23,3,1,1,0,1,0,0,0,0,0,1,2
40923,attack,missed,0,S0,0,22,5,1,0,0,0,1,0,0,0,0,0,0
40931,attack,missed,0,S0,0,22,5,1,0,0,0,1,0,0,0,0,0,0
40936,attack,clean_target_effective,2,S5,5,22,0,1,1,0,1,0,0,0,0,0,1,2
40938,attack,off_target,3,S0,0,23,2,1,0,0,0,0,1,0,0,0,0,0
40939,attack,clean_target_ineffective,1,S5,5,23,2,1,1,1,0,0,0,0,0,1,0,1
40942,attack,invalid_reset,5,S5,5,22,3,0,0,0,0,0,0,0,1,0,0,0
40944,attack,multi_hit,4,S0,0,22,2,1,0,0,0,0,0,1,0,0,0,0
40948,attack,missed,0,S5,5,22,4,1,0,0,0,1,0,0,0,0,0,0
40951,attack,off_target,3,S0,0,23,3,1,0,0,0,0,1,0,0,0,0,0
40954,attack,missed,0,S0,0,22,7,1,0,0,0,1,0,0,0,0,0,0
40956,attack,clean_target_effective,2,S5,5,22,5,1,1,0,1,0,0,0,0,0,1,2
40957,attack,clean_target_ineffective,1,S0,0,22,6,1,1,1,0,0,0,0,0,1,0,1
40959,attack,clean_target_effective,2,S5,5,22,2,1,1,0,1,0,0,0,0,0,1,2
40968,attack,clean_target_effective,2,S5,5,22,1,1,1,0,1,0,0,0,0,0,1,2
40972,attack,off_target,3,S5,5,22,4,1,0,0,0,0,1,0,0,0,0,0
40973,attack,off_target,3,S0,0,22,0,1,0,0,0,0,1,0,0,0,0,0
40982,attack,missed,0,S5,5,22,3,1,0,0,0,1,0,0,0,0,0,0
40989,attack,missed,0,S0,0,23,3,1,0,0,0,1,0,0,0,0,0,0
40996,attack,clean_target_effective,2,S5,5,22,4,1,1,0,1,0,0,0,0,0,1,2
41014,attack,clean_target_effective,2,S5,5,23,3,1,1,0,1,0,0,0,0,0,1,2
41015,attack,multi_hit,4,S5,5,22,2,1,0,0,0,0,0,1,0,0,0,0
41024,attack,missed,0,S0,0,23,1,1,0,0,0,1,0,0,0,0,0,0
41027,attack,missed,0,S0,0,22,0,1,0,0,0,1,0,0,0,0,0,0
41032,attack,clean_target_effective,2,S5,5,23,0,1,1,0,1,0,0,0,0,0,1,2
41033,attack,invalid_reset,5,S0,0,22,7,0,0,0,0,0,0,0,1,0,0,0
41042,attack,clean_target_effective,2,S5,5,23,7,1,1,0,1,0,0,0,0,0,1,2
41043,attack,missed,0,S0,0,23,4,1,0,0,0,1,0,0,0,0,0,0
41048,attack,missed,0,S0,0,23,7,1,0,0,0,1,0,0,0,0,0,0
41053,attack,invalid_reset,5,S5,5,22,1,0,0,0,0,0,0,0,1,0,0,0
41055,attack,missed,0,S5,5,22,7,1,0,0,0,1,0,0,0,0,0,0
41061,attack,off_target,3,S0,0,22,4,1,0,0,0,0,1,0,0,0,0,0
41062,attack,missed,0,S5,5,23,5,1,0,0,0,1,0,0,0,0,0,0
41064,attack,missed,0,S0,0,23,6,1,0,0,0,1,0,0,0,0,0,0
41069,attack,missed,0,S5,5,22,0,1,0,0,0,1,0,0,0,0,0,0
41072,attack,clean_target_effective,2,S5,5,23,4,1,1,0,1,0,0,0,0,0,1,2
41074,attack,off_target,3,S0,0,23,3,1,0,0,0,0,1,0,0,0,0,0
41078,attack,off_target,3,S5,5,22,7,1,0,0,0,0,1,0,0,0,0,0
41079,attack,missed,0,S0,0,23,2,1,0,0,0,1,0,0,0,0,0,0
41098,attack,missed,0,S0,0,23,3,1,0,0,0,1,0,0,0,0,0,0
41106,attack,multi_hit,4,S0,0,23,1,1,0,0,0,0,0,1,0,0,0,0
41112,attack,multi_hit,4,S0,0,22,2,1,0,0,0,0,0,1,0,0,0,0
41114,attack,multi_hit,4,S0,0,22,7,1,0,0,0,0,0,1,0,0,0,0
41116,attack,invalid_reset,5,S5,5,22,6,0,0,0,0,0,0,0,1,0,0,0
41117,attack,off_target,3,S5,5,23,0,1,0,0,0,0,1,0,0,0,0,0
41119,attack,clean_target_effective,2,S0,0,22,5,1,1,0,1,0,0,0,0,0,1,2
41120,attack,clean_target_effective,2,S0,0,22,7,1,1,0,1,0,0,0,0,0,1,2
41123,attack,clean_target_ineffective,1,S0,0,23,6,1,1,1,0,0,0,0,0,1,0,1
41126,attack,missed,0,S0,0,23,4,1,0,0,0,1,0,0,0,0,0,0
41127,attack,clean_target_effective,2,S0,0,22,6,1,1,0,1,0,0,0,0,0,1,2
41133,attack,missed,0,S0,0,22,7,1,0,0,0,1,0,0,0,0,0,0
41137,attack,off_target,3,S0,0,23,2,1,0,0,0,0,1,0,0,0,0,0
41138,attack,missed,0,S5,5,22,2,1,0,0,0,1,0,0,0,0,0,0
41139,attack,off_target,3,S5,5,23,1,1,0,0,0,0,1,0,0,0,0,0
41141,attack,off_target,3,S5,5,22,3,1,0,0,0,0,1,0,0,0,0,0
41154,attack,multi_hit,4,S0,0,22,3,1,0,0,0,0,0,1,0,0,0,0
41166,attack,missed,0,S0,0,23,4,1,0,0,0,1,0,0,0,0,0,0
41174,attack,off_target,3,S0,0,23,7,1,0,0,0,0,1,0,0,0,0,0
41177,attack,missed,0,S5,5,22,2,1,0,0,0,1,0,0,0,0,0,0
41181,attack,multi_hit,4,S0,0,23,6,1,0,0,0,0,0,1,0,0,0,0
41188,attack,invalid_reset,5,S5,5,22,6,0,0,0,0,0,0,0,1,0,0,0
41189,attack,multi_hit,4,S5,5,23,1,1,0,0,0,0,0,1,0,0,0,0
41195,attack,missed,0,S0,0,23,1,1,0,0,0,1,0,0,0,0,0,0
41200,attack,off_target,3,S0,0,22,7,1,0,0,0,0,1,0,0,0,0,0
41207,attack,clean_target_ineffective,1,S0,0,23,6,1,1,1,0,0,0,0,0,1,0,1
41209,attack,off_target,3,S5,5,22,6,1,0,0,0,0,1,0,0,0,0,0
41217,attack,clean_target_effective,2,S0,0,22,0,1,1,0,1,0,0,0,0,0,1,2
41218,attack,off_target,3,S0,0,23,4,1,0,0,0,0,1,0,0,0,0,0
41220,attack,off_target,3,S0,0,22,6,1,0,0,0,0,1,0,0,0,0,0
41221,attack,multi_hit,4,S5,5,23,3,1,0,0,0,0,0,1,0,0,0,0
41228,attack,missed,0,S5,5,22,1,1,0,0,0,1,0,0,0,0,0,0
41236,attack,clean_target_ineffective,1,S0,0,23,2,1,1,1,0,0,0,0,0,1,0,1
41237,attack,missed,0,S0,0,23,3,1,0,0,0,1,0,0,0,0,0,0
41244,attack,clean_target_effective,2,S0,0,23,6,1,1,0,1,0,0,0,0,0,1,2
41247,attack,missed,0,S5,5,23,1,1,0,0,0,1,0,0,0,0,0,0
41253,attack,clean_target_effective,2,S5,5,23,2,1,1,0,1,0,0,0,0,0,1,2
41254,attack,multi_hit,4,S0,0,23,3,1,0,0,0,0,0,1,0,0,0,0
41262,attack,clean_target_effective,2,S0,0,23,2,1,1,0,1,0,0,0,0,0,1,2
41264,attack,off_target,3,S0,0,23,2,1,0,0,0,0,1,0,0,0,0,0
41265,attack,clean_target_ineffective,1,S5,5,23,3,1,1,1,0,0,0,0,0,1,0,1
41283,attack,missed,0,S5,5,23,5,1,0,0,0,1,0,0,0,0,0,0
41284,attack,off_target,3,S5,5,22,6,1,0,0,0,0,1,0,0,0,0,0
41286,attack,off_target,3,S5,5,23,2,1,0,0,0,0,1,0,0,0,0,0
41289,attack,invalid_reset,5,S5,5,23,7,0,0,0,0,0,0,0,1,0,0,0
41290,attack,clean_target_ineffective,1,S0,0,22,7,1,1,1,0,0,0,0,0,1,0,1
41291,attack,clean_target_ineffective,1,S0,0,23,3,1,1,1,0,0,0,0,0,1,0,1
41294,attack,missed,0,S0,0,22,1,1,0,0,0,1,0,0,0,0,0,0
41299,attack,invalid_reset,5,S0,0,22,2,0,0,0,0,0,0,0,1,0,0,0
41303,attack,clean_target_ineffective,1,S5,5,23,6,1,1,1,0,0,0,0,0,1,0,1
41307,attack,clean_target_effective,2,S0,0,23,7,1,1,0,1,0,0,0,0,0,1,2
41311,attack,missed,0,S5,5,23,6,1,0,0,0,1,0,0,0,0,0,0
41313,attack,missed,0,S5,5,23,5,1,0,0,0,1,0,0,0,0,0,0
41321,attack,clean_target_effective,2,S5,5,23,7,1,1,0,1,0,0,0,0,0,1,2
41323,attack,multi_hit,4,S0,0,23,0,1,0,0,0,0,0,1,0,0,0,0
41324,attack,missed,0,S5,5,22,0,1,0,0,0,1,0,0,0,0,0,0
41329,attack,off_target,3,S0,0,22,4,1,0,0,0,0,1,0,0,0,0,0
41330,attack,missed,0,S0,0,22,6,1,0,0,0,1,0,0,0,0,0,0
41332,attack,off_target,3,S5,5,23,3,1,0,0,0,0,1,0,0,0,0,0
41334,attack,off_target,3,S0,0,23,4,1,0,0,0,0,1,0,0,0,0,0
41337,attack,off_target,3,S5,5,22,7,1,0,0,0,0,1,0,0,0,0,0
41345,attack,clean_target_ineffective,1,S0,0,22,1,1,1,1,0,0,0,0,0,1,0,1
41346,attack,clean_target_effective,2,S5,5,23,6,1,1,0,1,0,0,0,0,0,1,2
41349,attack,clean_target_effective,2,S0,0,23,6,1,1,0,1,0,0,0,0,0,1,2
41350,attack,clean_target_effective,2,S5,5,23,4,1,1,0,1,0,0,0,0,0,1,2
41355,attack,multi_hit,4,S0,0,23,5,1,0,0,0,0,0,1,0,0,0,0
41357,attack,multi_hit,4,S0,0,22,0,1,0,0,0,0,0,1,0,0,0,0
41359,attack,missed,0,S0,0,23,7,1,0,0,0,1,0,0,0,0,0,0
41363,attack,missed,0,S0,0,22,1,1,0,0,0,1,0,0,0,0,0,0
41365,attack,off_target,3,S5,5,22,7,1,0,0,0,0,1,0,0,0,0,0
41367,attack,off_target,3,S0,0,22,1,1,0,0,0,0,1,0,0,0,0,0
41369,attack,missed,0,S0,0,22,4,1,0,0,0,1,0,0,0,0,0,0
41372,attack,off_target,3,S5,5,23,7,1,0,0,0,0,1,0,0,0,0,0
41375,attack,off_target,3,S5,5,23,2,1,0,0,0,0,1,0,0,0,0,0
41376,attack,off_target,3,S0,0,23,1,1,0,0,0,0,1,0,0,0,0,0
41377,attack,clean_target_ineffective,1,S5,5,22,1,1,1,1,0,0,0,0,0,1,0,1
41379,attack,missed,0,S0,0,23,6,1,0,0,0,1,0,0,0,0,0,0
41382,attack,missed,0,S5,5,23,3,1,0,0,0,1,0,0,0,0,0,0
41384,attack,clean_target_effective,2,S0,0,23,4,1,1,0,1,0,0,0,0,0,1,2
41385,attack,multi_hit,4,S0,0,23,3,1,0,0,0,0,0,1,0,0,0,0
41387,attack,multi_hit,4,S5,5,23,5,1,0,0,0,0,0,1,0,0,0,0
41389,attack,clean_target_effective,2,S5,5,22,2,1,1,0,1,0,0,0,0,0,1,2
41395,attack,missed,0,S0,0,22,6,1,0,0,0,1,0,0,0,0,0,0
41404,attack,off_target,3,S5,5,23,2,1,0,0,0,0,1,0,0,0,0,0
41405,attack,missed,0,S0,0,23,0,1,0,0,0,1,0,0,0,0,0,0
41411,attack,missed,0,S5,5,22,1,1,0,0,0,1,0,0,0,0,0,0
41423,attack,missed,0,S0,0,22,6,1,0,0,0,1,0,0,0,0,0,0
41424,attack,missed,0,S0,0,23,0,1,0,0,0,1,0,0,0,0,0,0
41425,attack,clean_target_ineffective,1,S0,0,22,6,1,1,1,0,0,0,0,0,1,0,1
41429,attack,off_target,3,S5,5,23,0,1,0,0,0,0,1,0,0,0,0,0
41431,attack,missed,0,S5,5,22,2,1,0,0,0,1,0,0,0,0,0,0
41433,attack,clean_target_ineffective,1,S5,5,23,7,1,1,1,0,0,0,0,0,1,0,1
41441,attack,missed,0,S5,5,22,2,1,0,0,0,1,0,0,0,0,0,0
41443,attack,clean_target_effective,2,S0,0,22,7,1,1,0,1,0,0,0,0,0,1,2
41444,attack,missed,0,S0,0,22,3,1,0,0,0,1,0,0,0,0,0,0
41445,attack,missed,0,S5,5,23,2,1,0,0,0,1,0,0,0,0,0,0
41448,attack,off_target,3,S5,5,22,1,1,0,0,0,0,1,0,0,0,0,0
41449,attack,clean_target_effective,2,S0,0,22,1,1,1,0,1,0,0,0,0,0,1,2
41453,attack,clean_target_effective,2,S0,0,22,2,1,1,0,1,0,0,0,0,0,1,2
41458,attack,clean_target_effective,2,S0,0,22,0,1,1,0,1,0,0,0,0,0,1,2
41462,attack,invalid_reset,5,S0,0,23,4,0,0,0,0,0,0,0,1,0,0,0
41463,attack,clean_target_ineffective,1,S5,5,23,2,1,1,1,0,0,0,0,0,1,0,1
41476,attack,missed,0,S5,5,23,2,1,0,0,0,1,0,0,0,0,0,0
41477,attack,missed,0,S5,5,22,0,1,0,0,0,1,0,0,0,0,0,0
41478,attack,clean_target_effective,2,S0,0,22,5,1,1,0,1,0,0,0,0,0,1,2
41489,attack,clean_target_effective,2,S0,0,22,0,1,1,0,1,0,0,0,0,0,1,2
41493,attack,invalid_reset,5,S0,0,22,0,0,0,0,0,0,0,0,1,0,0,0
41497,attack,clean_target_effective,2,S5,5,22,3,1,1,0,1,0,0,0,0,0,1,2
41503,attack,clean_target_ineffective,1,S0,0,23,5,1,1,1,0,0,0,0,0,1,0,1
41505,attack,missed,0,S0,0,23,0,1,0,0,0,1,0,0,0,0,0,0
41511,attack,off_target,3,S5,5,23,2,1,0,0,0,0,1,0,0,0,0,0
41518,attack,multi_hit,4,S0,0,23,4,1,0,0,0,0,0,1,0,0,0,0
41520,attack,multi_hit,4,S0,0,23,7,1,0,0,0,0,0,1,0,0,0,0
41521,attack,missed,0,S0,0,22,5,1,0,0,0,1,0,0,0,0,0,0
41526,attack,multi_hit,4,S5,5,22,5,1,0,0,0,0,0,1,0,0,0,0
41534,attack,clean_target_ineffective,1,S5,5,22,4,1,1,1,0,0,0,0,0,1,0,1
41543,attack,clean_target_effective,2,S5,5,23,4,1,1,0,1,0,0,0,0,0,1,2
41547,attack,off_target,3,S5,5,23,5,1,0,0,0,0,1,0,0,0,0,0
41550,attack,missed,0,S0,0,22,2,1,0,0,0,1,0,0,0,0,0,0
41552,attack,multi_hit,4,S5,5,22,4,1,0,0,0,0,0,1,0,0,0,0
41555,attack,missed,0,S0,0,23,0,1,0,0,0,1,0,0,0,0,0,0
41556,attack,missed,0,S5,5,23,3,1,0,0,0,1,0,0,0,0,0,0
41558,attack,missed,0,S5,5,22,6,1,0,0,0,1,0,0,0,0,0,0
41562,attack,missed,0,S5,5,23,0,1,0,0,0,1,0,0,0,0,0,0
41564,attack,clean_target_effective,2,S5,5,23,3,1,1,0,1,0,0,0,0,0,1,2
41565,attack,missed,0,S0,0,22,4,1,0,0,0,1,0,0,0,0,0,0
41569,attack,off_target,3,S5,5,22,3,1,0,0,0,0,1,0,0,0,0,0
41570,attack,off_target,3,S0,0,23,5,1,0,0,0,0,1,0,0,0,0,0
41574,attack,off_target,3,S5,5,22,0,1,0,0,0,0,1,0,0,0,0,0
41576,attack,missed,0,S0,0,23,4,1,0,0,0,1,0,0,0,0,0,0
41579,attack,missed,0,S0,0,22,3,1,0,0,0,1,0,0,0,0,0,0
41581,attack,off_target,3,S5,5,22,7,1,0,0,0,0,1,0,0,0,0,0
41582,attack,multi_hit,4,S0,0,23,7,1,0,0,0,0,0,1,0,0,0,0
41583,attack,off_target,3,S0,0,23,4,1,0,0,0,0,1,0,0,0,0,0
41585,attack,clean_target_effective,2,S0,0,23,1,1,1,0,1,0,0,0,0,0,1,2
41591,attack,off_target,3,S5,5,23,1,1,0,0,0,0,1,0,0,0,0,0
41593,attack,clean_target_ineffective,1,S0,0,22,7,1,1,1,0,0,0,0,0,1,0,1
41594,attack,missed,0,S5,5,22,4,1,0,0,0,1,0,0,0,0,0,0
41598,attack,missed,0,S0,0,23,5,1,0,0,0,1,0,0,0,0,0,0
41602,attack,missed,0,S0,0,22,2,1,0,0,0,1,0,0,0,0,0,0
41603,attack,missed,0,S5,5,23,2,1,0,0,0,1,0,0,0,0,0,0
41604,attack,multi_hit,4,S0,0,22,3,1,0,0,0,0,0,1,0,0,0,0
41609,attack,multi_hit,4,S0,0,22,3,1,0,0,0,0,0,1,0,0,0,0
41611,attack,clean_target_effective,2,S0,0,22,6,1,1,0,1,0,0,0,0,0,1,2
41616,attack,clean_target_ineffective,1,S0,0,23,5,1,1,1,0,0,0,0,0,1,0,1
41623,attack,multi_hit,4,S5,5,23,7,1,0,0,0,0,0,1,0,0,0,0
41624,attack,missed,0,S5,5,23,1,1,0,0,0,1,0,0,0,0,0,0
41627,attack,missed,0,S0,0,22,1,1,0,0,0,1,0,0,0,0,0,0
41631,attack,clean_target_ineffective,1,S5,5,23,4,1,1,1,0,0,0,0,0,1,0,1
41634,attack,multi_hit,4,S0,0,22,3,1,0,0,0,0,0,1,0,0,0,0
41638,attack,clean_target_effective,2,S0,0,23,3,1,1,0,1,0,0,0,0,0,1,2
41647,attack,clean_target_ineffective,1,S5,5,23,7,1,1,1,0,0,0,0,0,1,0,1
41650,attack,clean_target_ineffective,1,S5,5,23,3,1,1,1,0,0,0,0,0,1,0,1
41654,attack,clean_target_effective,2,S0,0,22,1,1,1,0,1,0,0,0,0,0,1,2
41665,attack,off_target,3,S5,5,22,7,1,0,0,0,0,1,0,0,0,0,0
41669,attack,invalid_reset,5,S5,5,23,6,0,0,0,0,0,0,0,1,0,0,0
41671,attack,clean_target_ineffective,1,S0,0,23,3,1,1,1,0,0,0,0,0,1,0,1
41674,attack,off_target,3,S0,0,23,2,1,0,0,0,0,1,0,0,0,0,0
41680,attack,clean_target_effective,2,S5,5,22,2,1,1,0,1,0,0,0,0,0,1,2
41682,attack,off_target,3,S5,5,22,3,1,0,0,0,0,1,0,0,0,0,0
41691,attack,clean_target_effective,2,S5,5,22,5,1,1,0,1,0,0,0,0,0,1,2
41698,attack,missed,0,S0,0,22,6,1,0,0,0,1,0,0,0,0,0,0
41702,attack,clean_target_effective,2,S5,5,23,0,1,1,0,1,0,0,0,0,0,1,2
41703,attack,clean_target_effective,2,S0,0,22,6,1,1,0,1,0,0,0,0,0,1,2
41711,attack,multi_hit,4,S5,5,22,7,1,0,0,0,0,0,1,0,0,0,0
41713,attack,multi_hit,4,S5,5,23,6,1,0,0,0,0,0,1,0,0,0,0
41722,attack,clean_target_effective,2,S5,5,23,7,1,1,0,1,0,0,0,0,0,1,2
41723,attack,multi_hit,4,S0,0,23,6,1,0,0,0,0,0,1,0,0,0,0
41726,attack,clean_target_ineffective,1,S5,5,22,2,1,1,1,0,0,0,0,0,1,0,1
41730,attack,clean_target_effective,2,S0,0,23,0,1,1,0,1,0,0,0,0,0,1,2
41732,attack,clean_target_effective,2,S0,0,22,6,1,1,0,1,0,0,0,0,0,1,2
41733,attack,missed,0,S5,5,23,5,1,0,0,0,1,0,0,0,0,0,0
41742,attack,clean_target_effective,2,S5,5,23,0,1,1,0,1,0,0,0,0,0,1,2
41743,attack,missed,0,S5,5,22,2,1,0,0,0,1,0,0,0,0,0,0
41745,attack,missed,0,S5,5,22,3,1,0,0,0,1,0,0,0,0,0,0
41753,attack,missed,0,S0,0,23,3,1,0,0,0,1,0,0,0,0,0,0
41754,attack,multi_hit,4,S5,5,22,7,1,0,0,0,0,0,1,0,0,0,0
41760,attack,off_target,3,S5,5,22,3,1,0,0,0,0,1,0,0,0,0,0
41767,attack,missed,0,S5,5,22,6,1,0,0,0,1,0,0,0,0,0,0
41768,attack,missed,0,S0,0,22,2,1,0,0,0,1,0,0,0,0,0,0
41769,attack,missed,0,S5,5,22,7,1,0,0,0,1,0,0,0,0,0,0
41775,attack,clean_target_effective,2,S0,0,23,5,1,1,0,1,0,0,0,0,0,1,2
41780,attack,missed,0,S0,0,22,1,1,0,0,0,1,0,0,0,0,0,0
41781,attack,invalid_reset,5,S0,0,23,3,0,0,0,0,0,0,0,1,0,0,0
41783,attack,clean_target_effective,2,S5,5,22,3,1,1,0,1,0,0,0,0,0,1,2
41785,attack,clean_target_effective,2,S0,0,22,4,1,1,0,1,0,0,0,0,0,1,2
41790,attack,clean_target_ineffective,1,S5,5,22,2,1,1,1,0,0,0,0,0,1,0,1
41791,attack,clean_target_effective,2,S0,0,23,2,1,1,0,1,0,0,0,0,0,1,2
41793,attack,missed,0,S0,0,23,7,1,0,0,0,1,0,0,0,0,0,0
41798,attack,clean_target_ineffective,1,S0,0,23,0,1,1,1,0,0,0,0,0,1,0,1
41799,attack,missed,0,S5,5,23,6,1,0,0,0,1,0,0,0,0,0,0
41807,attack,multi_hit,4,S5,5,23,7,1,0,0,0,0,0,1,0,0,0,0
41812,attack,clean_target_ineffective,1,S5,5,22,6,1,1,1,0,0,0,0,0,1,0,1
41817,attack,clean_target_effective,2,S5,5,22,3,1,1,0,1,0,0,0,0,0,1,2
41819,attack,clean_target_effective,2,S0,0,22,7,1,1,0,1,0,0,0,0,0,1,2
41820,attack,off_target,3,S0,0,22,4,1,0,0,0,0,1,0,0,0,0,0
41822,attack,clean_target_effective,2,S5,5,22,4,1,1,0,1,0,0,0,0,0,1,2
41824,attack,invalid_reset,5,S0,0,22,6,0,0,0,0,0,0,0,1,0,0,0
41835,attack,missed,0,S0,0,23,2,1,0,0,0,1,0,0,0,0,0,0
41839,attack,missed,0,S0,0,23,6,1,0,0,0,1,0,0,0,0,0,0
41843,attack,missed,0,S0,0,22,7,1,0,0,0,1,0,0,0,0,0,0
41848,attack,clean_target_effective,2,S0,0,23,1,1,1,0,1,0,0,0,0,0,1,2
41849,attack,clean_target_effective,2,S0,0,23,0,1,1,0,1,0,0,0,0,0,1,2
41850,attack,off_target,3,S5,5,22,5,1,0,0,0,0,1,0,0,0,0,0
41852,attack,missed,0,S0,0,22,4,1,0,0,0,1,0,0,0,0,0,0
41853,attack,missed,0,S5,5,23,0,1,0,0,0,1,0,0,0,0,0,0
41857,attack,clean_target_effective,2,S5,5,22,1,1,1,0,1,0,0,0,0,0,1,2
41861,attack,invalid_reset,5,S5,5,22,4,0,0,0,0,0,0,0,1,0,0,0
41863,attack,off_target,3,S0,0,22,7,1,0,0,0,0,1,0,0,0,0,0
41875,attack,clean_target_effective,2,S0,0,23,5,1,1,0,1,0,0,0,0,0,1,2
41876,attack,missed,0,S0,0,23,7,1,0,0,0,1,0,0,0,0,0,0
41879,attack,clean_target_effective,2,S0,0,23,1,1,1,0,1,0,0,0,0,0,1,2
41880,attack,clean_target_effective,2,S5,5,22,0,1,1,0,1,0,0,0,0,0,1,2
41891,attack,off_target,3,S0,0,23,1,1,0,0,0,0,1,0,0,0,0,0
41892,attack,off_target,3,S5,5,22,6,1,0,0,0,0,1,0,0,0,0,0
41894,attack,multi_hit,4,S5,5,23,7,1,0,0,0,0,0,1,0,0,0,0
41907,attack,clean_target_effective,2,S5,5,23,3,1,1,0,1,0,0,0,0,0,1,2
41911,attack,missed,0,S0,0,22,7,1,0,0,0,1,0,0,0,0,0,0
41914,attack,clean_target_effective,2,S0,0,23,7,1,1,0,1,0,0,0,0,0,1,2
41925,attack,invalid_reset,5,S5,5,23,4,0,0,0,0,0,0,0,1,0,0,0
41931,attack,off_target,3,S5,5,23,4,1,0,0,0,0,1,0,0,0,0,0
41934,attack,off_target,3,S5,5,22,2,1,0,0,0,0,1,0,0,0,0,0
41936,attack,clean_target_effective,2,S0,0,22,3,1,1,0,1,0,0,0,0,0,1,2
41942,attack,off_target,3,S5,5,23,4,1,0,0,0,0,1,0,0,0,0,0
41944,attack,clean_target_ineffective,1,S5,5,23,2,1,1,1,0,0,0,0,0,1,0,1
41952,attack,missed,0,S0,0,22,3,1,0,0,0,1,0,0,0,0,0,0
41953,attack,clean_target_ineffective,1,S0,0,22,6,1,1,1,0,0,0,0,0,1,0,1
41955,attack,missed,0,S5,5,23,0,1,0,0,0,1,0,0,0,0,0,0
41956,attack,clean_target_effective,2,S0,0,23,1,1,1,0,1,0,0,0,0,0,1,2
41957,attack,clean_target_effective,2,S5,5,23,1,1,1,0,1,0,0,0,0,0,1,2
41967,attack,missed,0,S5,5,22,7,1,0,0,0,1,0,0,0,0,0,0
41969,attack,multi_hit,4,S0,0,22,5,1,0,0,0,0,0,1,0,0,0,0
41973,attack,off_target,3,S5,5,23,1,1,0,0,0,0,1,0,0,0,0,0
41975,attack,clean_target_effective,2,S5,5,23,0,1,1,0,1,0,0,0,0,0,1,2
41976,attack,missed,0,S5,5,22,3,1,0,0,0,1,0,0,0,0,0,0
41977,attack,missed,0,S0,0,22,3,1,0,0,0,1,0,0,0,0,0,0
41979,attack,clean_target_effective,2,S5,5,22,4,1,1,0,1,0,0,0,0,0,1,2
41985,attack,clean_target_effective,2,S5,5,22,3,1,1,0,1,0,0,0,0,0,1,2
41986,attack,missed,0,S0,0,23,5,1,0,0,0,1,0,0,0,0,0,0
41988,attack,clean_target_effective,2,S0,0,22,6,1,1,0,1,0,0,0,0,0,1,2
41991,attack,multi_hit,4,S5,5,23,5,1,0,0,0,0,0,1,0,0,0,0
41992,attack,missed,0,S5,5,22,3,1,0,0,0,1,0,0,0,0,0,0
42001,attack,clean_target_ineffective,1,S5,5,23,2,1,1,1,0,0,0,0,0,1,0,1
42002,attack,clean_target_effective,2,S0,0,22,7,1,1,0,1,0,0,0,0,0,1,2
42007,attack,off_target,3,S5,5,22,6,1,0,0,0,0,1,0,0,0,0,0
42008,attack,clean_target_ineffective,1,S0,0,23,3,1,1,1,0,0,0,0,0,1,0,1
42012,attack,clean_target_ineffective,1,S5,5,22,3,1,1,1,0,0,0,0,0,1,0,1
42017,attack,clean_target_effective,2,S5,5,23,5,1,1,0,1,0,0,0,0,0,1,2
42045,attack,off_target,3,S0,0,23,2,1,0,0,0,0,1,0,0,0,0,0
42048,attack,clean_target_effective,2,S0,0,23,6,1,1,0,1,0,0,0,0,0,1,2
42049,attack,clean_target_effective,2,S0,0,23,5,1,1,0,1,0,0,0,0,0,1,2
42051,attack,missed,0,S5,5,23,6,1,0,0,0,1,0,0,0,0,0,0
42065,attack,missed,0,S5,5,23,6,1,0,0,0,1,0,0,0,0,0,0
42069,attack,clean_target_ineffective,1,S0,0,22,3,1,1,1,0,0,0,0,0,1,0,1
42083,attack,clean_target_ineffective,1,S0,0,23,5,1,1,1,0,0,0,0,0,1,0,1
42088,attack,clean_target_ineffective,1,S5,5,23,0,1,1,1,0,0,0,0,0,1,0,1
42089,attack,missed,0,S5,5,22,3,1,0,0,0,1,0,0,0,0,0,0
42091,attack,missed,0,S5,5,22,6,1,0,0,0,1,0,0,0,0,0,0
42093,attack,off_target,3,S0,0,22,4,1,0,0,0,0,1,0,0,0,0,0
42100,attack,missed,0,S0,0,23,2,1,0,0,0,1,0,0,0,0,0,0
42101,attack,clean_target_ineffective,1,S0,0,23,7,1,1,1,0,0,0,0,0,1,0,1
42103,attack,missed,0,S5,5,23,1,1,0,0,0,1,0,0,0,0,0,0
42104,attack,clean_target_effective,2,S0,0,23,6,1,1,0,1,0,0,0,0,0,1,2
42109,attack,clean_target_effective,2,S5,5,22,2,1,1,0,1,0,0,0,0,0,1,2
42113,attack,missed,0,S0,0,23,3,1,0,0,0,1,0,0,0,0,0,0
42118,attack,clean_target_ineffective,1,S0,0,22,4,1,1,1,0,0,0,0,0,1,0,1
42119,attack,off_target,3,S0,0,22,5,1,0,0,0,0,1,0,0,0,0,0
42128,attack,missed,0,S0,0,22,4,1,0,0,0,1,0,0,0,0,0,0
42130,attack,clean_target_effective,2,S5,5,23,0,1,1,0,1,0,0,0,0,0,1,2
42132,attack,clean_target_ineffective,1,S0,0,22,3,1,1,1,0,0,0,0,0,1,0,1
42138,attack,clean_target_effective,2,S0,0,22,2,1,1,0,1,0,0,0,0,0,1,2
42139,attack,off_target,3,S5,5,23,3,1,0,0,0,0,1,0,0,0,0,0
42154,attack,clean_target_effective,2,S5,5,22,2,1,1,0,1,0,0,0,0,0,1,2
42159,attack,missed,0,S5,5,22,4,1,0,0,0,1,0,0,0,0,0,0
42160,attack,clean_target_effective,2,S0,0,23,0,1,1,0,1,0,0,0,0,0,1,2
42161,attack,clean_target_effective,2,S5,5,22,1,1,1,0,1,0,0,0,0,0,1,2
42163,attack,clean_target_effective,2,S5,5,22,2,1,1,0,1,0,0,0,0,0,1,2
42165,attack,missed,0,S0,0,23,1,1,0,0,0,1,0,0,0,0,0,0
42167,attack,off_target,3,S0,0,22,3,1,0,0,0,0,1,0,0,0,0,0
42170,attack,clean_target_effective,2,S0,0,23,7,1,1,0,1,0,0,0,0,0,1,2
42180,attack,missed,0,S5,5,22,7,1,0,0,0,1,0,0,0,0,0,0
42189,attack,invalid_reset,5,S0,0,22,5,0,0,0,0,0,0,0,1,0,0,0
42197,attack,missed,0,S0,0,22,7,1,0,0,0,1,0,0,0,0,0,0
42206,attack,clean_target_effective,2,S5,5,22,3,1,1,0,1,0,0,0,0,0,1,2
42209,attack,clean_target_effective,2,S5,5,23,6,1,1,0,1,0,0,0,0,0,1,2
42210,attack,off_target,3,S5,5,23,5,1,0,0,0,0,1,0,0,0,0,0
42213,attack,clean_target_effective,2,S0,0,22,3,1,1,0,1,0,0,0,0,0,1,2
42219,attack,clean_target_ineffective,1,S0,0,23,4,1,1,1,0,0,0,0,0,1,0,1
42223,attack,clean_target_ineffective,1,S5,5,23,6,1,1,1,0,0,0,0,0,1,0,1
42236,attack,multi_hit,4,S5,5,23,3,1,0,0,0,0,0,1,0,0,0,0
42238,attack,off_target,3,S5,5,23,5,1,0,0,0,0,1,0,0,0,0,0
42240,attack,clean_target_ineffective,1,S0,0,22,2,1,1,1,0,0,0,0,0,1,0,1
42242,attack,clean_target_effective,2,S0,0,23,5,1,1,0,1,0,0,0,0,0,1,2
42243,attack,missed,0,S0,0,23,2,1,0,0,0,1,0,0,0,0,0,0
42254,attack,clean_target_effective,2,S5,5,22,2,1,1,0,1,0,0,0,0,0,1,2
42258,attack,off_target,3,S0,0,22,3,1,0,0,0,0,1,0,0,0,0,0
42260,attack,multi_hit,4,S5,5,22,0,1,0,0,0,0,0,1,0,0,0,0
42263,attack,missed,0,S0,0,23,6,1,0,0,0,1,0,0,0,0,0,0
42264,attack,missed,0,S5,5,22,6,1,0,0,0,1,0,0,0,0,0,0
42271,attack,missed,0,S0,0,22,5,1,0,0,0,1,0,0,0,0,0,0
42272,attack,multi_hit,4,S0,0,22,0,1,0,0,0,0,0,1,0,0,0,0
42276,attack,off_target,3,S0,0,22,0,1,0,0,0,0,1,0,0,0,0,0
42280,attack,missed,0,S0,0,23,5,1,0,0,0,1,0,0,0,0,0,0
42285,attack,clean_target_effective,2,S0,0,22,3,1,1,0,1,0,0,0,0,0,1,2
42288,attack,clean_target_ineffective,1,S0,0,22,3,1,1,1,0,0,0,0,0,1,0,1
42293,attack,off_target,3,S5,5,23,7,1,0,0,0,0,1,0,0,0,0,0
42294,attack,off_target,3,S5,5,22,3,1,0,0,0,0,1,0,0,0,0,0
42302,attack,clean_target_effective,2,S5,5,22,4,1,1,0,1,0,0,0,0,0,1,2
42314,attack,clean_target_ineffective,1,S5,5,23,6,1,1,1,0,0,0,0,0,1,0,1
42321,attack,missed,0,S0,0,23,0,1,0,0,0,1,0,0,0,0,0,0
42322,attack,clean_target_effective,2,S5,5,22,4,1,1,0,1,0,0,0,0,0,1,2
42323,attack,off_target,3,S5,5,23,0,1,0,0,0,0,1,0,0,0,0,0
42326,attack,multi_hit,4,S5,5,23,3,1,0,0,0,0,0,1,0,0,0,0
42331,attack,missed,0,S5,5,23,2,1,0,0,0,1,0,0,0,0,0,0
42335,attack,off_target,3,S5,5,22,2,1,0,0,0,0,1,0,0,0,0,0
42339,attack,missed,0,S5,5,22,3,1,0,0,0,1,0,0,0,0,0,0
42341,attack,missed,0,S0,0,22,0,1,0,0,0,1,0,0,0,0,0,0
42343,attack,missed,0,S5,5,22,3,1,0,0,0,1,0,0,0,0,0,0
42347,attack,clean_target_ineffective,1,S0,0,23,3,1,1,1,0,0,0,0,0,1,0,1
42348,attack,missed,0,S5,5,23,7,1,0,0,0,1,0,0,0,0,0,0
42350,attack,missed,0,S5,5,22,1,1,0,0,0,1,0,0,0,0,0,0
42352,attack,missed,0,S5,5,22,4,1,0,0,0,1,0,0,0,0,0,0
42353,attack,off_target,3,S5,5,23,6,1,0,0,0,0,1,0,0,0,0,0
42354,attack,missed,0,S0,0,22,7,1,0,0,0,1,0,0,0,0,0,0
42359,attack,missed,0,S5,5,22,3,1,0,0,0,1,0,0,0,0,0,0
42362,attack,missed,0,S5,5,23,5,1,0,0,0,1,0,0,0,0,0,0
42364,attack,clean_target_effective,2,S0,0,23,3,1,1,0,1,0,0,0,0,0,1,2
42367,attack,clean_target_effective,2,S0,0,22,1,1,1,0,1,0,0,0,0,0,1,2
42368,attack,off_target,3,S5,5,22,6,1,0,0,0,0,1,0,0,0,0,0
42369,attack,clean_target_effective,2,S0,0,23,3,1,1,0,1,0,0,0,0,0,1,2
42371,attack,off_target,3,S0,0,22,5,1,0,0,0,0,1,0,0,0,0,0
42377,attack,clean_target_effective,2,S5,5,22,0,1,1,0,1,0,0,0,0,0,1,2
42382,attack,off_target,3,S0,0,23,2,1,0,0,0,0,1,0,0,0,0,0
42384,attack,clean_target_ineffective,1,S0,0,22,4,1,1,1,0,0,0,0,0,1,0,1
42387,attack,clean_target_effective,2,S5,5,23,6,1,1,0,1,0,0,0,0,0,1,2
42396,attack,off_target,3,S0,0,23,7,1,0,0,0,0,1,0,0,0,0,0
42403,attack,invalid_reset,5,S0,0,22,7,0,0,0,0,0,0,0,1,0,0,0
42405,attack,off_target,3,S5,5,22,5,1,0,0,0,0,1,0,0,0,0,0
42409,attack,clean_target_effective,2,S5,5,23,3,1,1,0,1,0,0,0,0,0,1,2
42412,attack,missed,0,S0,0,23,6,1,0,0,0,1,0,0,0,0,0,0
42420,attack,clean_target_effective,2,S5,5,23,3,1,1,0,1,0,0,0,0,0,1,2
42429,attack,missed,0,S5,5,23,3,1,0,0,0,1,0,0,0,0,0,0
42435,attack,clean_target_ineffective,1,S0,0,22,5,1,1,1,0,0,0,0,0,1,0,1
42436,attack,clean_target_effective,2,S5,5,22,1,1,1,0,1,0,0,0,0,0,1,2
42437,attack,missed,0,S5,5,22,3,1,0,0,0,1,0,0,0,0,0,0
42441,attack,missed,0,S5,5,22,5,1,0,0,0,1,0,0,0,0,0,0
42443,attack,clean_target_effective,2,S5,5,23,7,1,1,0,1,0,0,0,0,0,1,2
42452,attack,missed,0,S5,5,23,3,1,0,0,0,1,0,0,0,0,0,0
42457,attack,missed,0,S5,5,22,7,1,0,0,0,1,0,0,0,0,0,0
42460,attack,clean_target_effective,2,S5,5,23,4,1,1,0,1,0,0,0,0,0,1,2
42477,attack,missed,0,S0,0,22,5,1,0,0,0,1,0,0,0,0,0,0
42482,attack,missed,0,S0,0,22,2,1,0,0,0,1,0,0,0,0,0,0
42483,attack,missed,0,S5,5,23,1,1,0,0,0,1,0,0,0,0,0,0
42484,attack,missed,0,S5,5,22,4,1,0,0,0,1,0,0,0,0,0,0
42487,attack,multi_hit,4,S0,0,23,2,1,0,0,0,0,0,1,0,0,0,0
42489,attack,clean_target_ineffective,1,S5,5,22,2,1,1,1,0,0,0,0,0,1,0,1
42492,attack,off_target,3,S0,0,22,6,1,0,0,0,0,1,0,0,0,0,0
42500,attack,missed,0,S5,5,22,1,1,0,0,0,1,0,0,0,0,0,0
42508,attack,off_target,3,S0,0,22,6,1,0,0,0,0,1,0,0,0,0,0
42515,attack,clean_target_effective,2,S5,5,23,4,1,1,0,1,0,0,0,0,0,1,2
42519,attack,clean_target_effective,2,S0,0,22,3,1,1,0,1,0,0,0,0,0,1,2
42520,attack,multi_hit,4,S0,0,22,1,1,0,0,0,0,0,1,0,0,0,0
42521,attack,missed,0,S5,5,23,1,1,0,0,0,1,0,0,0,0,0,0
42525,attack,missed,0,S0,0,22,5,1,0,0,0,1,0,0,0,0,0,0
42529,attack,missed,0,S5,5,22,4,1,0,0,0,1,0,0,0,0,0,0
42531,attack,clean_target_effective,2,S5,5,23,1,1,1,0,1,0,0,0,0,0,1,2
42535,attack,clean_target_effective,2,S5,5,23,2,1,1,0,1,0,0,0,0,0,1,2
42546,attack,off_target,3,S5,5,22,2,1,0,0,0,0,1,0,0,0,0,0
42550,attack,off_target,3,S5,5,22,6,1,0,0,0,0,1,0,0,0,0,0
42552,attack,clean_target_ineffective,1,S0,0,23,1,1,1,1,0,0,0,0,0,1,0,1
42558,attack,off_target,3,S5,5,23,7,1,0,0,0,0,1,0,0,0,0,0
42565,attack,off_target,3,S5,5,22,3,1,0,0,0,0,1,0,0,0,0,0
42567,attack,clean_target_effective,2,S0,0,22,0,1,1,0,1,0,0,0,0,0,1,2
42575,attack,missed,0,S0,0,22,3,1,0,0,0,1,0,0,0,0,0,0
42579,attack,clean_target_effective,2,S0,0,23,1,1,1,0,1,0,0,0,0,0,1,2
42582,attack,clean_target_ineffective,1,S0,0,23,5,1,1,1,0,0,0,0,0,1,0,1
42584,attack,invalid_reset,5,S0,0,22,1,0,0,0,0,0,0,0,1,0,0,0
42586,attack,clean_target_ineffective,1,S5,5,23,3,1,1,1,0,0,0,0,0,1,0,1
42590,attack,invalid_reset,5,S5,5,23,7,0,0,0,0,0,0,0,1,0,0,0
42594,attack,clean_target_effective,2,S0,0,22,4,1,1,0,1,0,0,0,0,0,1,2
42595,attack,invalid_reset,5,S5,5,23,6,0,0,0,0,0,0,0,1,0,0,0
42596,attack,off_target,3,S0,0,22,4,1,0,0,0,0,1,0,0,0,0,0
42598,attack,missed,0,S5,5,23,5,1,0,0,0,1,0,0,0,0,0,0
42601,attack,clean_target_effective,2,S0,0,22,3,1,1,0,1,0,0,0,0,0,1,2
42604,attack,missed,0,S5,5,22,0,1,0,0,0,1,0,0,0,0,0,0
42607,attack,off_target,3,S5,5,22,7,1,0,0,0,0,1,0,0,0,0,0
42610,attack,missed,0,S5,5,22,0,1,0,0,0,1,0,0,0,0,0,0
42616,attack,clean_target_effective,2,S0,0,22,4,1,1,0,1,0,0,0,0,0,1,2
42619,attack,invalid_reset,5,S0,0,23,2,0,0,0,0,0,0,0,1,0,0,0
42620,attack,clean_target_effective,2,S5,5,22,1,1,1,0,1,0,0,0,0,0,1,2
42621,attack,off_target,3,S0,0,22,0,1,0,0,0,0,1,0,0,0,0,0
42626,attack,off_target,3,S0,0,23,3,1,0,0,0,0,1,0,0,0,0,0
42632,attack,multi_hit,4,S0,0,22,1,1,0,0,0,0,0,1,0,0,0,0
42634,attack,multi_hit,4,S0,0,23,0,1,0,0,0,0,0,1,0,0,0,0
42642,attack,missed,0,S0,0,22,1,1,0,0,0,1,0,0,0,0,0,0
42656,attack,clean_target_effective,2,S0,0,23,2,1,1,0,1,0,0,0,0,0,1,2
42657,attack,missed,0,S0,0,23,0,1,0,0,0,1,0,0,0,0,0,0
42661,attack,missed,0,S0,0,23,3,1,0,0,0,1,0,0,0,0,0,0
42667,attack,clean_target_effective,2,S5,5,23,1,1,1,0,1,0,0,0,0,0,1,2
42668,attack,clean_target_ineffective,1,S5,5,22,7,1,1,1,0,0,0,0,0,1,0,1
42674,attack,missed,0,S5,5,22,7,1,0,0,0,1,0,0,0,0,0,0
42689,attack,clean_target_ineffective,1,S0,0,22,2,1,1,1,0,0,0,0,0,1,0,1
42690,attack,multi_hit,4,S5,5,23,5,1,0,0,0,0,0,1,0,0,0,0
42691,attack,invalid_reset,5,S5,5,22,0,0,0,0,0,0,0,0,1,0,0,0
42695,attack,multi_hit,4,S0,0,22,5,1,0,0,0,0,0,1,0,0,0,0
42696,attack,multi_hit,4,S5,5,22,3,1,0,0,0,0,0,1,0,0,0,0
42698,attack,invalid_reset,5,S5,5,22,0,0,0,0,0,0,0,0,1,0,0,0
42703,attack,clean_target_ineffective,1,S5,5,22,3,1,1,1,0,0,0,0,0,1,0,1
42707,attack,invalid_reset,5,S0,0,22,7,0,0,0,0,0,0,0,1,0,0,0
42712,attack,clean_target_effective,2,S0,0,23,6,1,1,0,1,0,0,0,0,0,1,2
42713,attack,clean_target_ineffective,1,S5,5,23,7,1,1,1,0,0,0,0,0,1,0,1
42716,attack,off_target,3,S5,5,23,1,1,0,0,0,0,1,0,0,0,0,0
42717,attack,clean_target_ineffective,1,S0,0,23,7,1,1,1,0,0,0,0,0,1,0,1
42723,attack,off_target,3,S5,5,23,5,1,0,0,0,0,1,0,0,0,0,0
42726,attack,missed,0,S0,0,23,3,1,0,0,0,1,0,0,0,0,0,0
42729,attack,multi_hit,4,S5,5,22,0,1,0,0,0,0,0,1,0,0,0,0
42730,attack,missed,0,S0,0,23,4,1,0,0,0,1,0,0,0,0,0,0
42731,attack,missed,0,S5,5,23,0,1,0,0,0,1,0,0,0,0,0,0
42732,attack,clean_target_ineffective,1,S0,0,22,7,1,1,1,0,0,0,0,0,1,0,1
42733,attack,missed,0,S0,0,23,0,1,0,0,0,1,0,0,0,0,0,0
42736,attack,off_target,3,S0,0,22,1,1,0,0,0,0,1,0,0,0,0,0
42738,attack,invalid_reset,5,S5,5,22,0,0,0,0,0,0,0,0,1,0,0,0
42739,attack,clean_target_effective,2,S0,0,23,2,1,1,0,1,0,0,0,0,0,1,2
42748,attack,invalid_reset,5,S0,0,22,2,0,0,0,0,0,0,0,1,0,0,0
42756,attack,missed,0,S0,0,23,3,1,0,0,0,1,0,0,0,0,0,0
42773,attack,off_target,3,S5,5,23,3,1,0,0,0,0,1,0,0,0,0,0
42784,attack,off_target,3,S5,5,23,7,1,0,0,0,0,1,0,0,0,0,0
42790,attack,off_target,3,S0,0,22,6,1,0,0,0,0,1,0,0,0,0,0
42792,attack,missed,0,S5,5,22,2,1,0,0,0,1,0,0,0,0,0,0
42795,attack,missed,0,S0,0,22,0,1,0,0,0,1,0,0,0,0,0,0
42798,attack,clean_target_effective,2,S0,0,23,6,1,1,0,1,0,0,0,0,0,1,2
42811,attack,off_target,3,S5,5,23,3,1,0,0,0,0,1,0,0,0,0,0
42817,attack,multi_hit,4,S5,5,23,1,1,0,0,0,0,0,1,0,0,0,0
42820,attack,missed,0,S5,5,23,4,1,0,0,0,1,0,0,0,0,0,0
42822,attack,multi_hit,4,S0,0,23,2,1,0,0,0,0,0,1,0,0,0,0
42823,attack,clean_target_effective,2,S0,0,22,3,1,1,0,1,0,0,0,0,0,1,2
42825,attack,invalid_reset,5,S0,0,22,6,0,0,0,0,0,0,0,1,0,0,0
42826,attack,multi_hit,4,S5,5,23,3,1,0,0,0,0,0,1,0,0,0,0
42827,attack,missed,0,S0,0,22,6,1,0,0,0,1,0,0,0,0,0,0
42830,attack,missed,0,S0,0,23,2,1,0,0,0,1,0,0,0,0,0,0
42837,attack,clean_target_effective,2,S0,0,22,2,1,1,0,1,0,0,0,0,0,1,2
42839,attack,invalid_reset,5,S0,0,23,1,0,0,0,0,0,0,0,1,0,0,0
42841,attack,missed,0,S5,5,23,3,1,0,0,0,1,0,0,0,0,0,0
42845,attack,clean_target_ineffective,1,S5,5,22,2,1,1,1,0,0,0,0,0,1,0,1
42847,attack,off_target,3,S5,5,23,1,1,0,0,0,0,1,0,0,0,0,0
42856,attack,clean_target_ineffective,1,S0,0,23,5,1,1,1,0,0,0,0,0,1,0,1
42860,attack,clean_target_effective,2,S0,0,22,1,1,1,0,1,0,0,0,0,0,1,2
42867,attack,clean_target_effective,2,S0,0,23,4,1,1,0,1,0,0,0,0,0,1,2
42868,attack,missed,0,S5,5,23,2,1,0,0,0,1,0,0,0,0,0,0
42871,attack,off_target,3,S0,0,22,7,1,0,0,0,0,1,0,0,0,0,0
42872,attack,clean_target_effective,2,S5,5,23,2,1,1,0,1,0,0,0,0,0,1,2
42874,attack,missed,0,S0,0,22,6,1,0,0,0,1,0,0,0,0,0,0
42876,attack,missed,0,S0,0,22,6,1,0,0,0,1,0,0,0,0,0,0
42878,attack,off_target,3,S5,5,22,6,1,0,0,0,0,1,0,0,0,0,0
42880,attack,off_target,3,S0,0,23,3,1,0,0,0,0,1,0,0,0,0,0
42883,attack,off_target,3,S0,0,23,3,1,0,0,0,0,1,0,0,0,0,0
42884,attack,missed,0,S5,5,22,3,1,0,0,0,1,0,0,0,0,0,0
42897,attack,invalid_reset,5,S5,5,23,4,0,0,0,0,0,0,0,1,0,0,0
42902,attack,missed,0,S0,0,22,1,1,0,0,0,1,0,0,0,0,0,0
42904,attack,clean_target_ineffective,1,S5,5,22,0,1,1,1,0,0,0,0,0,1,0,1
42911,attack,multi_hit,4,S5,5,22,0,1,0,0,0,0,0,1,0,0,0,0
42912,attack,clean_target_ineffective,1,S5,5,22,2,1,1,1,0,0,0,0,0,1,0,1
42917,attack,clean_target_effective,2,S5,5,23,4,1,1,0,1,0,0,0,0,0,1,2
42920,attack,clean_target_effective,2,S5,5,23,1,1,1,0,1,0,0,0,0,0,1,2
42922,attack,multi_hit,4,S5,5,22,3,1,0,0,0,0,0,1,0,0,0,0
42926,attack,clean_target_effective,2,S0,0,23,7,1,1,0,1,0,0,0,0,0,1,2
42937,attack,multi_hit,4,S0,0,23,0,1,0,0,0,0,0,1,0,0,0,0
42940,attack,missed,0,S0,0,23,7,1,0,0,0,1,0,0,0,0,0,0
42945,attack,missed,0,S5,5,23,6,1,0,0,0,1,0,0,0,0,0,0
42946,attack,clean_target_effective,2,S0,0,23,7,1,1,0,1,0,0,0,0,0,1,2
42948,attack,clean_target_effective,2,S5,5,23,4,1,1,0,1,0,0,0,0,0,1,2
42979,attack,clean_target_effective,2,S0,0,23,0,1,1,0,1,0,0,0,0,0,1,2
42983,attack,multi_hit,4,S5,5,22,7,1,0,0,0,0,0,1,0,0,0,0
42991,attack,invalid_reset,5,S0,0,22,3,0,0,0,0,0,0,0,1,0,0,0
42997,attack,off_target,3,S5,5,22,6,1,0,0,0,0,1,0,0,0,0,0
43005,attack,clean_target_effective,2,S0,0,22,7,1,1,0,1,0,0,0,0,0,1,2
43006,attack,off_target,3,S5,5,23,7,1,0,0,0,0,1,0,0,0,0,0
43017,attack,clean_target_ineffective,1,S0,0,23,3,1,1,1,0,0,0,0,0,1,0,1
43019,attack,clean_target_effective,2,S0,0,23,7,1,1,0,1,0,0,0,0,0,1,2
43020,attack,clean_target_effective,2,S0,0,23,5,1,1,0,1,0,0,0,0,0,1,2
43023,attack,clean_target_ineffective,1,S0,0,22,3,1,1,1,0,0,0,0,0,1,0,1
43025,attack,clean_target_ineffective,1,S0,0,22,7,1,1,1,0,0,0,0,0,1,0,1
43037,attack,clean_target_effective,2,S5,5,22,2,1,1,0,1,0,0,0,0,0,1,2
43039,attack,clean_target_effective,2,S5,5,22,3,1,1,0,1,0,0,0,0,0,1,2
43040,attack,missed,0,S0,0,22,1,1,0,0,0,1,0,0,0,0,0,0
43043,attack,multi_hit,4,S0,0,23,4,1,0,0,0,0,0,1,0,0,0,0
43050,attack,clean_target_ineffective,1,S0,0,22,0,1,1,1,0,0,0,0,0,1,0,1
43056,attack,clean_target_effective,2,S5,5,23,2,1,1,0,1,0,0,0,0,0,1,2
43059,attack,multi_hit,4,S0,0,22,3,1,0,0,0,0,0,1,0,0,0,0
43068,attack,clean_target_effective,2,S5,5,23,6,1,1,0,1,0,0,0,0,0,1,2
43071,attack,clean_target_effective,2,S5,5,23,7,1,1,0,1,0,0,0,0,0,1,2
43075,attack,multi_hit,4,S5,5,22,7,1,0,0,0,0,0,1,0,0,0,0
43082,attack,missed,0,S5,5,22,7,1,0,0,0,1,0,0,0,0,0,0
43086,attack,clean_target_effective,2,S5,5,22,3,1,1,0,1,0,0,0,0,0,1,2
43089,attack,missed,0,S5,5,22,1,1,0,0,0,1,0,0,0,0,0,0
43101,attack,off_target,3,S0,0,22,1,1,0,0,0,0,1,0,0,0,0,0
43108,attack,missed,0,S5,5,22,5,1,0,0,0,1,0,0,0,0,0,0
43115,attack,missed,0,S0,0,23,7,1,0,0,0,1,0,0,0,0,0,0
43116,attack,missed,0,S0,0,23,0,1,0,0,0,1,0,0,0,0,0,0
43121,attack,multi_hit,4,S0,0,22,6,1,0,0,0,0,0,1,0,0,0,0
43124,attack,multi_hit,4,S0,0,23,1,1,0,0,0,0,0,1,0,0,0,0
43130,attack,off_target,3,S0,0,22,3,1,0,0,0,0,1,0,0,0,0,0
43133,attack,multi_hit,4,S5,5,22,1,1,0,0,0,0,0,1,0,0,0,0
43140,attack,missed,0,S0,0,22,3,1,0,0,0,1,0,0,0,0,0,0
43141,attack,clean_target_effective,2,S5,5,23,7,1,1,0,1,0,0,0,0,0,1,2
43142,attack,clean_target_ineffective,1,S5,5,22,3,1,1,1,0,0,0,0,0,1,0,1
43143,attack,clean_target_effective,2,S5,5,23,4,1,1,0,1,0,0,0,0,0,1,2
43153,attack,off_target,3,S5,5,22,7,1,0,0,0,0,1,0,0,0,0,0
43154,attack,clean_target_effective,2,S0,0,23,3,1,1,0,1,0,0,0,0,0,1,2
43157,attack,invalid_reset,5,S5,5,23,4,0,0,0,0,0,0,0,1,0,0,0
43158,attack,multi_hit,4,S0,0,23,4,1,0,0,0,0,0,1,0,0,0,0
43160,attack,missed,0,S0,0,23,6,1,0,0,0,1,0,0,0,0,0,0
43161,attack,clean_target_effective,2,S0,0,23,4,1,1,0,1,0,0,0,0,0,1,2
43162,attack,clean_target_ineffective,1,S0,0,23,2,1,1,1,0,0,0,0,0,1,0,1
43164,attack,off_target,3,S0,0,23,1,1,0,0,0,0,1,0,0,0,0,0
43165,attack,clean_target_effective,2,S5,5,22,1,1,1,0,1,0,0,0,0,0,1,2
43172,attack,missed,0,S0,0,22,3,1,0,0,0,1,0,0,0,0,0,0
43175,attack,multi_hit,4,S0,0,22,7,1,0,0,0,0,0,1,0,0,0,0
43178,attack,off_target,3,S5,5,22,6,1,0,0,0,0,1,0,0,0,0,0
43180,attack,clean_target_effective,2,S0,0,22,3,1,1,0,1,0,0,0,0,0,1,2
43182,attack,missed,0,S0,0,22,3,1,0,0,0,1,0,0,0,0,0,0
43183,attack,clean_target_ineffective,1,S0,0,23,1,1,1,1,0,0,0,0,0,1,0,1
43184,attack,off_target,3,S0,0,22,2,1,0,0,0,0,1,0,0,0,0,0
43198,attack,clean_target_ineffective,1,S5,5,22,7,1,1,1,0,0,0,0,0,1,0,1
43201,attack,clean_target_effective,2,S0,0,23,0,1,1,0,1,0,0,0,0,0,1,2
43204,attack,clean_target_effective,2,S0,0,22,1,1,1,0,1,0,0,0,0,0,1,2
43205,attack,invalid_reset,5,S0,0,22,1,0,0,0,0,0,0,0,1,0,0,0
43206,attack,missed,0,S5,5,22,5,1,0,0,0,1,0,0,0,0,0,0
43212,attack,missed,0,S5,5,22,1,1,0,0,0,1,0,0,0,0,0,0
43219,attack,clean_target_effective,2,S0,0,23,5,1,1,0,1,0,0,0,0,0,1,2
43221,attack,clean_target_effective,2,S0,0,23,3,1,1,0,1,0,0,0,0,0,1,2
43230,attack,off_target,3,S0,0,23,4,1,0,0,0,0,1,0,0,0,0,0
43231,attack,off_target,3,S5,5,22,0,1,0,0,0,0,1,0,0,0,0,0
43240,attack,clean_target_ineffective,1,S0,0,23,6,1,1,1,0,0,0,0,0,1,0,1
43245,attack,multi_hit,4,S0,0,23,3,1,0,0,0,0,0,1,0,0,0,0
43247,attack,multi_hit,4,S0,0,22,4,1,0,0,0,0,0,1,0,0,0,0
43254,attack,off_target,3,S5,5,23,5,1,0,0,0,0,1,0,0,0,0,0
43255,attack,off_target,3,S0,0,22,6,1,0,0,0,0,1,0,0,0,0,0
43263,attack,clean_target_ineffective,1,S0,0,23,7,1,1,1,0,0,0,0,0,1,0,1
43267,attack,missed,0,S0,0,22,1,1,0,0,0,1,0,0,0,0,0,0
43275,attack,off_target,3,S0,0,22,6,1,0,0,0,0,1,0,0,0,0,0
43277,attack,multi_hit,4,S0,0,22,1,1,0,0,0,0,0,1,0,0,0,0
43286,attack,missed,0,S5,5,23,1,1,0,0,0,1,0,0,0,0,0,0
43287,attack,missed,0,S0,0,23,1,1,0,0,0,1,0,0,0,0,0,0
43290,attack,missed,0,S0,0,23,7,1,0,0,0,1,0,0,0,0,0,0
43295,attack,clean_target_effective,2,S0,0,22,0,1,1,0,1,0,0,0,0,0,1,2
43299,attack,clean_target_effective,2,S0,0,23,4,1,1,0,1,0,0,0,0,0,1,2
43300,attack,clean_target_effective,2,S5,5,22,3,1,1,0,1,0,0,0,0,0,1,2
43306,attack,missed,0,S5,5,23,6,1,0,0,0,1,0,0,0,0,0,0
43309,attack,missed,0,S5,5,23,2,1,0,0,0,1,0,0,0,0,0,0
43311,attack,missed,0,S0,0,23,5,1,0,0,0,1,0,0,0,0,0,0
43313,attack,clean_target_ineffective,1,S0,0,23,0,1,1,1,0,0,0,0,0,1,0,1
43314,attack,off_target,3,S5,5,22,6,1,0,0,0,0,1,0,0,0,0,0
43321,attack,invalid_reset,5,S5,5,22,2,0,0,0,0,0,0,0,1,0,0,0
43334,attack,clean_target_ineffective,1,S0,0,22,1,1,1,1,0,0,0,0,0,1,0,1
43336,attack,multi_hit,4,S5,5,23,0,1,0,0,0,0,0,1,0,0,0,0
43338,attack,invalid_reset,5,S5,5,22,4,0,0,0,0,0,0,0,1,0,0,0
43340,attack,clean_target_effective,2,S0,0,23,2,1,1,0,1,0,0,0,0,0,1,2
43343,attack,missed,0,S0,0,22,3,1,0,0,0,1,0,0,0,0,0,0
43347,attack,clean_target_effective,2,S5,5,22,0,1,1,0,1,0,0,0,0,0,1,2
43348,attack,missed,0,S5,5,23,2,1,0,0,0,1,0,0,0,0,0,0
43350,attack,clean_target_effective,2,S5,5,22,7,1,1,0,1,0,0,0,0,0,1,2
43357,attack,missed,0,S0,0,23,4,1,0,0,0,1,0,0,0,0,0,0
43376,attack,missed,0,S5,5,23,3,1,0,0,0,1,0,0,0,0,0,0
43382,attack,clean_target_effective,2,S5,5,23,0,1,1,0,1,0,0,0,0,0,1,2
43386,attack,invalid_reset,5,S5,5,23,3,0,0,0,0,0,0,0,1,0,0,0
43387,attack,invalid_reset,5,S5,5,23,5,0,0,0,0,0,0,0,1,0,0,0
43406,attack,clean_target_effective,2,S0,0,22,3,1,1,0,1,0,0,0,0,0,1,2
43408,attack,multi_hit,4,S5,5,22,5,1,0,0,0,0,0,1,0,0,0,0
43416,attack,clean_target_effective,2,S5,5,22,1,1,1,0,1,0,0,0,0,0,1,2
43428,attack,multi_hit,4,S5,5,23,3,1,0,0,0,0,0,1,0,0,0,0
43429,attack,missed,0,S0,0,23,0,1,0,0,0,1,0,0,0,0,0,0
43430,attack,missed,0,S0,0,22,6,1,0,0,0,1,0,0,0,0,0,0
43431,attack,missed,0,S0,0,23,7,1,0,0,0,1,0,0,0,0,0,0
43432,attack,off_target,3,S5,5,23,7,1,0,0,0,0,1,0,0,0,0,0
43440,attack,clean_target_effective,2,S5,5,22,5,1,1,0,1,0,0,0,0,0,1,2
43446,attack,clean_target_ineffective,1,S0,0,23,2,1,1,1,0,0,0,0,0,1,0,1
43447,attack,clean_target_effective,2,S5,5,23,0,1,1,0,1,0,0,0,0,0,1,2
43457,attack,missed,0,S5,5,22,3,1,0,0,0,1,0,0,0,0,0,0
43459,attack,off_target,3,S0,0,23,6,1,0,0,0,0,1,0,0,0,0,0
43468,attack,invalid_reset,5,S0,0,22,3,0,0,0,0,0,0,0,1,0,0,0
43470,attack,clean_target_ineffective,1,S0,0,23,1,1,1,1,0,0,0,0,0,1,0,1
43478,attack,missed,0,S0,0,22,4,1,0,0,0,1,0,0,0,0,0,0
43479,attack,multi_hit,4,S5,5,22,7,1,0,0,0,0,0,1,0,0,0,0
43480,attack,clean_target_ineffective,1,S5,5,22,3,1,1,1,0,0,0,0,0,1,0,1
43481,attack,missed,0,S0,0,23,0,1,0,0,0,1,0,0,0,0,0,0
43483,attack,clean_target_effective,2,S5,5,23,1,1,1,0,1,0,0,0,0,0,1,2
43489,attack,invalid_reset,5,S0,0,22,0,0,0,0,0,0,0,0,1,0,0,0
43490,attack,off_target,3,S5,5,22,7,1,0,0,0,0,1,0,0,0,0,0
43492,attack,off_target,3,S0,0,23,7,1,0,0,0,0,1,0,0,0,0,0
43495,attack,multi_hit,4,S0,0,22,2,1,0,0,0,0,0,1,0,0,0,0
43496,attack,clean_target_effective,2,S0,0,23,7,1,1,0,1,0,0,0,0,0,1,2
43510,attack,clean_target_effective,2,S0,0,23,3,1,1,0,1,0,0,0,0,0,1,2
43513,attack,missed,0,S0,0,23,0,1,0,0,0,1,0,0,0,0,0,0
43517,attack,missed,0,S5,5,23,7,1,0,0,0,1,0,0,0,0,0,0
43530,attack,multi_hit,4,S5,5,23,7,1,0,0,0,0,0,1,0,0,0,0
43531,attack,clean_target_effective,2,S5,5,23,0,1,1,0,1,0,0,0,0,0,1,2
43532,attack,clean_target_ineffective,1,S5,5,22,7,1,1,1,0,0,0,0,0,1,0,1
43533,attack,clean_target_ineffective,1,S0,0,22,1,1,1,1,0,0,0,0,0,1,0,1
43537,attack,off_target,3,S0,0,23,7,1,0,0,0,0,1,0,0,0,0,0
43538,attack,missed,0,S5,5,23,7,1,0,0,0,1,0,0,0,0,0,0
43540,attack,missed,0,S0,0,22,6,1,0,0,0,1,0,0,0,0,0,0
43544,attack,multi_hit,4,S5,5,23,1,1,0,0,0,0,0,1,0,0,0,0
43548,attack,clean_target_ineffective,1,S5,5,22,1,1,1,1,0,0,0,0,0,1,0,1
43552,attack,missed,0,S0,0,23,3,1,0,0,0,1,0,0,0,0,0,0
43558,attack,missed,0,S5,5,23,0,1,0,0,0,1,0,0,0,0,0,0
43563,attack,off_target,3,S0,0,23,5,1,0,0,0,0,1,0,0,0,0,0
43565,attack,multi_hit,4,S5,5,23,0,1,0,0,0,0,0,1,0,0,0,0
43569,attack,clean_target_effective,2,S0,0,23,7,1,1,0,1,0,0,0,0,0,1,2
43573,attack,multi_hit,4,S0,0,22,3,1,0,0,0,0,0,1,0,0,0,0
43575,attack,missed,0,S5,5,22,1,1,0,0,0,1,0,0,0,0,0,0
43584,attack,multi_hit,4,S5,5,23,1,1,0,0,0,0,0,1,0,0,0,0
43587,attack,multi_hit,4,S0,0,23,4,1,0,0,0,0,0,1,0,0,0,0
43595,attack,clean_target_effective,2,S5,5,23,1,1,1,0,1,0,0,0,0,0,1,2
43605,attack,missed,0,S5,5,23,6,1,0,0,0,1,0,0,0,0,0,0
43616,attack,invalid_reset,5,S5,5,23,5,0,0,0,0,0,0,0,1,0,0,0
43617,attack,clean_target_effective,2,S0,0,23,5,1,1,0,1,0,0,0,0,0,1,2
43618,attack,clean_target_ineffective,1,S0,0,22,7,1,1,1,0,0,0,0,0,1,0,1
43621,attack,clean_target_effective,2,S0,0,23,0,1,1,0,1,0,0,0,0,0,1,2
43626,attack,missed,0,S5,5,22,5,1,0,0,0,1,0,0,0,0,0,0
43634,attack,missed,0,S0,0,22,6,1,0,0,0,1,0,0,0,0,0,0
43635,attack,clean_target_ineffective,1,S5,5,22,7,1,1,1,0,0,0,0,0,1,0,1
43639,attack,off_target,3,S0,0,22,6,1,0,0,0,0,1,0,0,0,0,0
43644,attack,invalid_reset,5,S0,0,22,2,0,0,0,0,0,0,0,1,0,0,0
43649,attack,clean_target_effective,2,S0,0,22,5,1,1,0,1,0,0,0,0,0,1,2
43651,attack,clean_target_effective,2,S0,0,23,6,1,1,0,1,0,0,0,0,0,1,2
43652,attack,off_target,3,S5,5,22,0,1,0,0,0,0,1,0,0,0,0,0
43658,attack,off_target,3,S5,5,23,0,1,0,0,0,0,1,0,0,0,0,0
43661,attack,clean_target_effective,2,S5,5,22,6,1,1,0,1,0,0,0,0,0,1,2
43664,attack,missed,0,S0,0,23,2,1,0,0,0,1,0,0,0,0,0,0
43666,attack,clean_target_effective,2,S5,5,23,5,1,1,0,1,0,0,0,0,0,1,2
43667,attack,clean_target_effective,2,S5,5,22,4,1,1,0,1,0,0,0,0,0,1,2
43669,attack,missed,0,S5,5,22,1,1,0,0,0,1,0,0,0,0,0,0
43671,attack,clean_target_effective,2,S0,0,22,0,1,1,0,1,0,0,0,0,0,1,2
43672,attack,clean_target_ineffective,1,S5,5,23,2,1,1,1,0,0,0,0,0,1,0,1
43676,attack,missed,0,S0,0,22,1,1,0,0,0,1,0,0,0,0,0,0
43679,attack,clean_target_effective,2,S5,5,22,4,1,1,0,1,0,0,0,0,0,1,2
43682,attack,clean_target_effective,2,S0,0,23,1,1,1,0,1,0,0,0,0,0,1,2
43683,attack,clean_target_effective,2,S0,0,23,6,1,1,0,1,0,0,0,0,0,1,2
43685,attack,clean_target_ineffective,1,S5,5,23,6,1,1,1,0,0,0,0,0,1,0,1
43687,attack,missed,0,S5,5,23,0,1,0,0,0,1,0,0,0,0,0,0
43690,attack,multi_hit,4,S5,5,22,5,1,0,0,0,0,0,1,0,0,0,0
43691,attack,clean_target_ineffective,1,S5,5,23,4,1,1,1,0,0,0,0,0,1,0,1
43698,attack,clean_target_ineffective,1,S0,0,23,2,1,1,1,0,0,0,0,0,1,0,1
43702,attack,missed,0,S5,5,22,5,1,0,0,0,1,0,0,0,0,0,0
43706,attack,missed,0,S0,0,23,0,1,0,0,0,1,0,0,0,0,0,0
43711,attack,invalid_reset,5,S5,5,22,5,0,0,0,0,0,0,0,1,0,0,0
43712,attack,clean_target_ineffective,1,S0,0,23,0,1,1,1,0,0,0,0,0,1,0,1
43715,attack,clean_target_ineffective,1,S5,5,22,5,1,1,1,0,0,0,0,0,1,0,1
43717,attack,multi_hit,4,S5,5,22,6,1,0,0,0,0,0,1,0,0,0,0
43718,attack,missed,0,S0,0,22,3,1,0,0,0,1,0,0,0,0,0,0
43722,attack,clean_target_ineffective,1,S0,0,22,3,1,1,1,0,0,0,0,0,1,0,1
43730,attack,clean_target_ineffective,1,S0,0,23,5,1,1,1,0,0,0,0,0,1,0,1
43744,attack,multi_hit,4,S5,5,22,5,1,0,0,0,0,0,1,0,0,0,0
43748,attack,clean_target_effective,2,S0,0,22,2,1,1,0,1,0,0,0,0,0,1,2
43753,attack,missed,0,S5,5,23,7,1,0,0,0,1,0,0,0,0,0,0
43759,attack,off_target,3,S0,0,23,1,1,0,0,0,0,1,0,0,0,0,0
43762,attack,off_target,3,S0,0,22,5,1,0,0,0,0,1,0,0,0,0,0
43764,attack,multi_hit,4,S5,5,23,7,1,0,0,0,0,0,1,0,0,0,0
43765,attack,clean_target_effective,2,S0,0,22,7,1,1,0,1,0,0,0,0,0,1,2
43767,attack,clean_target_effective,2,S0,0,22,1,1,1,0,1,0,0,0,0,0,1,2
43769,attack,missed,0,S0,0,22,0,1,0,0,0,1,0,0,0,0,0,0
43771,attack,clean_target_effective,2,S0,0,22,3,1,1,0,1,0,0,0,0,0,1,2
43772,attack,off_target,3,S5,5,23,6,1,0,0,0,0,1,0,0,0,0,0
43777,attack,clean_target_ineffective,1,S0,0,23,2,1,1,1,0,0,0,0,0,1,0,1
43778,attack,clean_target_ineffective,1,S0,0,23,4,1,1,1,0,0,0,0,0,1,0,1
43782,attack,clean_target_effective,2,S0,0,23,1,1,1,0,1,0,0,0,0,0,1,2
43783,attack,clean_target_effective,2,S0,0,23,2,1,1,0,1,0,0,0,0,0,1,2
43786,attack,off_target,3,S0,0,23,7,1,0,0,0,0,1,0,0,0,0,0
43793,attack,missed,0,S5,5,22,3,1,0,0,0,1,0,0,0,0,0,0
43794,attack,multi_hit,4,S0,0,22,2,1,0,0,0,0,0,1,0,0,0,0
43798,attack,multi_hit,4,S5,5,23,4,1,0,0,0,0,0,1,0,0,0,0
43802,attack,multi_hit,4,S5,5,22,5,1,0,0,0,0,0,1,0,0,0,0
43803,attack,off_target,3,S5,5,23,0,1,0,0,0,0,1,0,0,0,0,0
43813,attack,missed,0,S0,0,23,4,1,0,0,0,1,0,0,0,0,0,0
43818,attack,multi_hit,4,S0,0,23,7,1,0,0,0,0,0,1,0,0,0,0
43819,attack,invalid_reset,5,S0,0,22,2,0,0,0,0,0,0,0,1,0,0,0
43820,attack,off_target,3,S5,5,23,2,1,0,0,0,0,1,0,0,0,0,0
43821,attack,missed,0,S0,0,22,2,1,0,0,0,1,0,0,0,0,0,0
43824,attack,invalid_reset,5,S5,5,23,0,0,0,0,0,0,0,0,1,0,0,0
43825,attack,multi_hit,4,S5,5,23,7,1,0,0,0,0,0,1,0,0,0,0
43830,attack,clean_target_effective,2,S0,0,23,2,1,1,0,1,0,0,0,0,0,1,2
43832,attack,clean_target_effective,2,S0,0,23,4,1,1,0,1,0,0,0,0,0,1,2
43833,attack,clean_target_ineffective,1,S0,0,23,0,1,1,1,0,0,0,0,0,1,0,1
43835,attack,clean_target_effective,2,S0,0,23,7,1,1,0,1,0,0,0,0,0,1,2
43836,attack,clean_target_ineffective,1,S5,5,22,1,1,1,1,0,0,0,0,0,1,0,1
43839,attack,clean_target_effective,2,S5,5,22,5,1,1,0,1,0,0,0,0,0,1,2
43845,attack,missed,0,S0,0,22,1,1,0,0,0,1,0,0,0,0,0,0
43846,attack,missed,0,S5,5,23,0,1,0,0,0,1,0,0,0,0,0,0
43847,attack,clean_target_effective,2,S5,5,22,2,1,1,0,1,0,0,0,0,0,1,2
43849,attack,multi_hit,4,S5,5,23,1,1,0,0,0,0,0,1,0,0,0,0
43850,attack,clean_target_ineffective,1,S5,5,22,4,1,1,1,0,0,0,0,0,1,0,1
43851,attack,clean_target_ineffective,1,S0,0,23,3,1,1,1,0,0,0,0,0,1,0,1
43852,attack,clean_target_effective,2,S0,0,22,4,1,1,0,1,0,0,0,0,0,1,2
43853,attack,clean_target_ineffective,1,S5,5,22,3,1,1,1,0,0,0,0,0,1,0,1
43856,attack,clean_target_effective,2,S5,5,22,7,1,1,0,1,0,0,0,0,0,1,2
43859,attack,missed,0,S0,0,23,3,1,0,0,0,1,0,0,0,0,0,0
43860,attack,clean_target_effective,2,S5,5,22,5,1,1,0,1,0,0,0,0,0,1,2
43873,attack,off_target,3,S5,5,23,7,1,0,0,0,0,1,0,0,0,0,0
43876,attack,multi_hit,4,S0,0,22,0,1,0,0,0,0,0,1,0,0,0,0
43877,attack,clean_target_ineffective,1,S0,0,22,4,1,1,1,0,0,0,0,0,1,0,1
43884,attack,clean_target_effective,2,S0,0,22,7,1,1,0,1,0,0,0,0,0,1,2
43891,attack,clean_target_effective,2,S5,5,23,1,1,1,0,1,0,0,0,0,0,1,2
43892,attack,missed,0,S0,0,23,4,1,0,0,0,1,0,0,0,0,0,0
43895,attack,off_target,3,S5,5,22,1,1,0,0,0,0,1,0,0,0,0,0
43908,attack,invalid_reset,5,S5,5,23,0,0,0,0,0,0,0,0,1,0,0,0
43914,attack,missed,0,S0,0,23,6,1,0,0,0,1,0,0,0,0,0,0
43916,attack,multi_hit,4,S0,0,22,3,1,0,0,0,0,0,1,0,0,0,0
43922,attack,clean_target_ineffective,1,S5,5,23,5,1,1,1,0,0,0,0,0,1,0,1
43923,attack,clean_target_ineffective,1,S0,0,22,1,1,1,1,0,0,0,0,0,1,0,1
43926,attack,clean_target_effective,2,S0,0,22,6,1,1,0,1,0,0,0,0,0,1,2
43927,attack,clean_target_effective,2,S5,5,23,0,1,1,0,1,0,0,0,0,0,1,2
43949,attack,clean_target_effective,2,S0,0,22,4,1,1,0,1,0,0,0,0,0,1,2
43956,attack,multi_hit,4,S0,0,22,5,1,0,0,0,0,0,1,0,0,0,0
43957,attack,off_target,3,S0,0,23,1,1,0,0,0,0,1,0,0,0,0,0
43961,attack,clean_target_effective,2,S0,0,22,0,1,1,0,1,0,0,0,0,0,1,2
43962,attack,clean_target_effective,2,S5,5,22,2,1,1,0,1,0,0,0,0,0,1,2
43969,attack,off_target,3,S5,5,23,2,1,0,0,0,0,1,0,0,0,0,0
43970,attack,clean_target_ineffective,1,S5,5,22,0,1,1,1,0,0,0,0,0,1,0,1
43972,attack,multi_hit,4,S5,5,22,5,1,0,0,0,0,0,1,0,0,0,0
43977,attack,clean_target_effective,2,S5,5,23,1,1,1,0,1,0,0,0,0,0,1,2
43980,attack,off_target,3,S0,0,23,7,1,0,0,0,0,1,0,0,0,0,0
43984,attack,invalid_reset,5,S5,5,23,4,0,0,0,0,0,0,0,1,0,0,0
43986,attack,off_target,3,S5,5,22,4,1,0,0,0,0,1,0,0,0,0,0
43990,attack,missed,0,S0,0,22,0,1,0,0,0,1,0,0,0,0,0,0
43991,attack,missed,0,S0,0,22,3,1,0,0,0,1,0,0,0,0,0,0
43992,attack,invalid_reset,5,S0,0,22,7,0,0,0,0,0,0,0,1,0,0,0
43998,attack,off_target,3,S0,0,22,0,1,0,0,0,0,1,0,0,0,0,0
44003,attack,missed,0,S0,0,23,0,1,0,0,0,1,0,0,0,0,0,0
44004,attack,clean_target_ineffective,1,S0,0,23,1,1,1,1,0,0,0,0,0,1,0,1
44005,attack,missed,0,S5,5,23,5,1,0,0,0,1,0,0,0,0,0,0
44007,attack,off_target,3,S0,0,22,2,1,0,0,0,0,1,0,0,0,0,0
44011,attack,missed,0,S0,0,23,3,1,0,0,0,1,0,0,0,0,0,0
44020,attack,clean_target_effective,2,S5,5,22,4,1,1,0,1,0,0,0,0,0,1,2
44021,attack,multi_hit,4,S0,0,22,3,1,0,0,0,0,0,1,0,0,0,0
44026,attack,missed,0,S0,0,23,6,1,0,0,0,1,0,0,0,0,0,0
44027,attack,multi_hit,4,S5,5,22,4,1,0,0,0,0,0,1,0,0,0,0
44029,attack,missed,0,S0,0,23,4,1,0,0,0,1,0,0,0,0,0,0
44035,attack,off_target,3,S5,5,23,3,1,0,0,0,0,1,0,0,0,0,0
44038,attack,missed,0,S0,0,23,6,1,0,0,0,1,0,0,0,0,0,0
44040,attack,missed,0,S5,5,22,4,1,0,0,0,1,0,0,0,0,0,0
44046,attack,off_target,3,S5,5,22,3,1,0,0,0,0,1,0,0,0,0,0
44047,attack,clean_target_effective,2,S5,5,23,6,1,1,0,1,0,0,0,0,0,1,2
44055,attack,missed,0,S0,0,23,2,1,0,0,0,1,0,0,0,0,0,0
44058,attack,clean_target_effective,2,S0,0,22,0,1,1,0,1,0,0,0,0,0,1,2
44059,attack,off_target,3,S5,5,23,2,1,0,0,0,0,1,0,0,0,0,0
44060,attack,clean_target_effective,2,S0,0,23,6,1,1,0,1,0,0,0,0,0,1,2
44076,attack,off_target,3,S5,5,23,5,1,0,0,0,0,1,0,0,0,0,0
44077,attack,invalid_reset,5,S5,5,23,7,0,0,0,0,0,0,0,1,0,0,0
44078,attack,multi_hit,4,S5,5,23,6,1,0,0,0,0,0,1,0,0,0,0
44085,attack,clean_target_effective,2,S0,0,22,6,1,1,0,1,0,0,0,0,0,1,2
44105,attack,missed,0,S0,0,22,4,1,0,0,0,1,0,0,0,0,0,0
44106,attack,multi_hit,4,S5,5,22,6,1,0,0,0,0,0,1,0,0,0,0
44117,attack,clean_target_effective,2,S0,0,23,4,1,1,0,1,0,0,0,0,0,1,2
44120,attack,clean_target_effective,2,S0,0,22,5,1,1,0,1,0,0,0,0,0,1,2
44126,attack,clean_target_ineffective,1,S0,0,23,1,1,1,1,0,0,0,0,0,1,0,1
44128,attack,clean_target_ineffective,1,S5,5,22,2,1,1,1,0,0,0,0,0,1,0,1
44130,attack,missed,0,S0,0,23,0,1,0,0,0,1,0,0,0,0,0,0
44133,attack,clean_target_effective,2,S5,5,22,3,1,1,0,1,0,0,0,0,0,1,2
44134,attack,missed,0,S5,5,23,0,1,0,0,0,1,0,0,0,0,0,0
44135,attack,missed,0,S0,0,22,3,1,0,0,0,1,0,0,0,0,0,0
44136,attack,multi_hit,4,S0,0,22,0,1,0,0,0,0,0,1,0,0,0,0
44144,attack,multi_hit,4,S0,0,22,7,1,0,0,0,0,0,1,0,0,0,0
44147,attack,missed,0,S5,5,22,2,1,0,0,0,1,0,0,0,0,0,0
44150,attack,clean_target_effective,2,S0,0,22,3,1,1,0,1,0,0,0,0,0,1,2
44155,attack,missed,0,S5,5,22,6,1,0,0,0,1,0,0,0,0,0,0
44157,attack,clean_target_effective,2,S5,5,23,0,1,1,0,1,0,0,0,0,0,1,2
44159,attack,missed,0,S0,0,22,2,1,0,0,0,1,0,0,0,0,0,0
44160,attack,invalid_reset,5,S0,0,23,1,0,0,0,0,0,0,0,1,0,0,0
44162,attack,multi_hit,4,S5,5,23,3,1,0,0,0,0,0,1,0,0,0,0
44183,attack,clean_target_effective,2,S5,5,23,7,1,1,0,1,0,0,0,0,0,1,2
44187,attack,multi_hit,4,S0,0,22,3,1,0,0,0,0,0,1,0,0,0,0
44189,attack,clean_target_effective,2,S0,0,23,1,1,1,0,1,0,0,0,0,0,1,2
44194,attack,clean_target_effective,2,S0,0,23,2,1,1,0,1,0,0,0,0,0,1,2
44200,attack,missed,0,S0,0,22,5,1,0,0,0,1,0,0,0,0,0,0
44203,attack,off_target,3,S5,5,23,5,1,0,0,0,0,1,0,0,0,0,0
44207,attack,clean_target_ineffective,1,S5,5,22,7,1,1,1,0,0,0,0,0,1,0,1
44213,attack,clean_target_effective,2,S0,0,23,7,1,1,0,1,0,0,0,0,0,1,2
44219,attack,off_target,3,S5,5,22,1,1,0,0,0,0,1,0,0,0,0,0
44220,attack,clean_target_effective,2,S0,0,22,5,1,1,0,1,0,0,0,0,0,1,2
44221,attack,clean_target_effective,2,S5,5,22,0,1,1,0,1,0,0,0,0,0,1,2
44224,attack,off_target,3,S5,5,23,5,1,0,0,0,0,1,0,0,0,0,0
44225,attack,clean_target_ineffective,1,S5,5,22,1,1,1,1,0,0,0,0,0,1,0,1
44226,attack,clean_target_effective,2,S5,5,22,7,1,1,0,1,0,0,0,0,0,1,2
44229,attack,clean_target_effective,2,S5,5,23,0,1,1,0,1,0,0,0,0,0,1,2
44234,attack,multi_hit,4,S5,5,22,3,1,0,0,0,0,0,1,0,0,0,0
44241,attack,off_target,3,S5,5,23,2,1,0,0,0,0,1,0,0,0,0,0
44245,attack,off_target,3,S0,0,22,2,1,0,0,0,0,1,0,0,0,0,0
44250,attack,clean_target_ineffective,1,S0,0,23,7,1,1,1,0,0,0,0,0,1,0,1
44252,attack,missed,0,S5,5,23,6,1,0,0,0,1,0,0,0,0,0,0
44257,attack,missed,0,S5,5,22,6,1,0,0,0,1,0,0,0,0,0,0
44259,attack,clean_target_ineffective,1,S0,0,22,1,1,1,1,0,0,0,0,0,1,0,1
44260,attack,clean_target_ineffective,1,S0,0,23,7,1,1,1,0,0,0,0,0,1,0,1
44261,attack,clean_target_ineffective,1,S0,0,22,3,1,1,1,0,0,0,0,0,1,0,1
44262,attack,multi_hit,4,S0,0,23,1,1,0,0,0,0,0,1,0,0,0,0
44264,attack,clean_target_ineffective,1,S0,0,23,5,1,1,1,0,0,0,0,0,1,0,1
44274,attack,clean_target_effective,2,S0,0,23,0,1,1,0,1,0,0,0,0,0,1,2
44276,attack,clean_target_effective,2,S0,0,23,2,1,1,0,1,0,0,0,0,0,1,2
44278,attack,off_target,3,S5,5,22,6,1,0,0,0,0,1,0,0,0,0,0
44281,attack,off_target,3,S5,5,22,5,1,0,0,0,0,1,0,0,0,0,0
44290,attack,clean_target_effective,2,S5,5,23,3,1,1,0,1,0,0,0,0,0,1,2
44294,attack,clean_target_effective,2,S5,5,22,5,1,1,0,1,0,0,0,0,0,1,2
44295,attack,off_target,3,S5,5,22,6,1,0,0,0,0,1,0,0,0,0,0
44301,attack,clean_target_effective,2,S5,5,23,7,1,1,0,1,0,0,0,0,0,1,2
44303,attack,clean_target_effective,2,S0,0,23,3,1,1,0,1,0,0,0,0,0,1,2
44306,attack,clean_target_effective,2,S5,5,22,3,1,1,0,1,0,0,0,0,0,1,2
44307,attack,off_target,3,S5,5,23,7,1,0,0,0,0,1,0,0,0,0,0
44310,attack,clean_target_effective,2,S0,0,22,6,1,1,0,1,0,0,0,0,0,1,2
44312,attack,missed,0,S5,5,23,7,1,0,0,0,1,0,0,0,0,0,0
44315,attack,invalid_reset,5,S5,5,23,5,0,0,0,0,0,0,0,1,0,0,0
44319,attack,clean_target_ineffective,1,S0,0,22,4,1,1,1,0,0,0,0,0,1,0,1
44321,attack,clean_target_effective,2,S5,5,22,2,1,1,0,1,0,0,0,0,0,1,2
44322,attack,clean_target_ineffective,1,S0,0,23,5,1,1,1,0,0,0,0,0,1,0,1
44324,attack,clean_target_ineffective,1,S0,0,23,1,1,1,1,0,0,0,0,0,1,0,1
44326,attack,missed,0,S5,5,22,1,1,0,0,0,1,0,0,0,0,0,0
44327,attack,missed,0,S5,5,22,5,1,0,0,0,1,0,0,0,0,0,0
44330,attack,missed,0,S5,5,23,5,1,0,0,0,1,0,0,0,0,0,0
44331,attack,missed,0,S0,0,22,4,1,0,0,0,1,0,0,0,0,0,0
44333,attack,clean_target_effective,2,S5,5,22,7,1,1,0,1,0,0,0,0,0,1,2
44337,attack,missed,0,S5,5,23,3,1,0,0,0,1,0,0,0,0,0,0
44349,attack,clean_target_effective,2,S0,0,23,7,1,1,0,1,0,0,0,0,0,1,2
44350,attack,clean_target_effective,2,S0,0,23,3,1,1,0,1,0,0,0,0,0,1,2
44357,attack,off_target,3,S5,5,23,1,1,0,0,0,0,1,0,0,0,0,0
44360,attack,clean_target_ineffective,1,S0,0,23,0,1,1,1,0,0,0,0,0,1,0,1
44361,attack,off_target,3,S5,5,23,2,1,0,0,0,0,1,0,0,0,0,0
44362,attack,missed,0,S0,0,23,4,1,0,0,0,1,0,0,0,0,0,0
44364,attack,off_target,3,S0,0,22,0,1,0,0,0,0,1,0,0,0,0,0
44370,attack,off_target,3,S5,5,23,5,1,0,0,0,0,1,0,0,0,0,0
44371,attack,clean_target_ineffective,1,S0,0,22,2,1,1,1,0,0,0,0,0,1,0,1
44375,attack,invalid_reset,5,S0,0,23,3,0,0,0,0,0,0,0,1,0,0,0
44376,attack,off_target,3,S0,0,23,3,1,0,0,0,0,1,0,0,0,0,0
44377,attack,multi_hit,4,S0,0,23,4,1,0,0,0,0,0,1,0,0,0,0
44383,attack,off_target,3,S5,5,23,4,1,0,0,0,0,1,0,0,0,0,0
44386,attack,missed,0,S5,5,22,0,1,0,0,0,1,0,0,0,0,0,0
44389,attack,multi_hit,4,S0,0,22,3,1,0,0,0,0,0,1,0,0,0,0
44395,attack,clean_target_effective,2,S0,0,22,6,1,1,0,1,0,0,0,0,0,1,2
44396,attack,missed,0,S0,0,22,2,1,0,0,0,1,0,0,0,0,0,0
44403,attack,missed,0,S5,5,22,7,1,0,0,0,1,0,0,0,0,0,0
44413,attack,clean_target_effective,2,S0,0,23,6,1,1,0,1,0,0,0,0,0,1,2
44415,attack,clean_target_ineffective,1,S5,5,23,0,1,1,1,0,0,0,0,0,1,0,1
44419,attack,clean_target_ineffective,1,S0,0,22,7,1,1,1,0,0,0,0,0,1,0,1
44422,attack,multi_hit,4,S0,0,22,0,1,0,0,0,0,0,1,0,0,0,0
44440,attack,missed,0,S0,0,22,6,1,0,0,0,1,0,0,0,0,0,0
44445,attack,clean_target_ineffective,1,S0,0,22,0,1,1,1,0,0,0,0,0,1,0,1
44448,attack,clean_target_effective,2,S0,0,23,1,1,1,0,1,0,0,0,0,0,1,2
44449,attack,invalid_reset,5,S0,0,22,6,0,0,0,0,0,0,0,1,0,0,0
44453,attack,multi_hit,4,S5,5,23,6,1,0,0,0,0,0,1,0,0,0,0
44457,attack,missed,0,S5,5,23,2,1,0,0,0,1,0,0,0,0,0,0
44458,attack,clean_target_ineffective,1,S0,0,22,5,1,1,1,0,0,0,0,0,1,0,1
44459,attack,invalid_reset,5,S5,5,22,5,0,0,0,0,0,0,0,1,0,0,0
44461,attack,missed,0,S0,0,22,6,1,0,0,0,1,0,0,0,0,0,0
44462,attack,clean_target_effective,2,S5,5,23,3,1,1,0,1,0,0,0,0,0,1,2
44469,attack,clean_target_effective,2,S0,0,22,6,1,1,0,1,0,0,0,0,0,1,2
44476,attack,missed,0,S5,5,23,5,1,0,0,0,1,0,0,0,0,0,0
44480,attack,clean_target_ineffective,1,S5,5,23,7,1,1,1,0,0,0,0,0,1,0,1
44483,attack,clean_target_effective,2,S0,0,22,5,1,1,0,1,0,0,0,0,0,1,2
44488,attack,multi_hit,4,S5,5,22,3,1,0,0,0,0,0,1,0,0,0,0
44489,attack,missed,0,S5,5,23,1,1,0,0,0,1,0,0,0,0,0,0
44491,attack,clean_target_effective,2,S0,0,23,6,1,1,0,1,0,0,0,0,0,1,2
44501,attack,clean_target_ineffective,1,S0,0,23,1,1,1,1,0,0,0,0,0,1,0,1
44510,attack,clean_target_effective,2,S5,5,22,5,1,1,0,1,0,0,0,0,0,1,2
44511,attack,missed,0,S0,0,22,4,1,0,0,0,1,0,0,0,0,0,0
44516,attack,invalid_reset,5,S5,5,23,0,0,0,0,0,0,0,0,1,0,0,0
44518,attack,off_target,3,S5,5,23,2,1,0,0,0,0,1,0,0,0,0,0
44523,attack,multi_hit,4,S0,0,23,5,1,0,0,0,0,0,1,0,0,0,0
44525,attack,multi_hit,4,S0,0,23,6,1,0,0,0,0,0,1,0,0,0,0
44527,attack,clean_target_effective,2,S0,0,22,6,1,1,0,1,0,0,0,0,0,1,2
44528,attack,multi_hit,4,S5,5,23,0,1,0,0,0,0,0,1,0,0,0,0
44534,attack,multi_hit,4,S5,5,23,0,1,0,0,0,0,0,1,0,0,0,0
44535,attack,off_target,3,S5,5,23,5,1,0,0,0,0,1,0,0,0,0,0
44542,attack,missed,0,S0,0,23,4,1,0,0,0,1,0,0,0,0,0,0
44543,attack,clean_target_effective,2,S0,0,23,4,1,1,0,1,0,0,0,0,0,1,2
44551,attack,clean_target_ineffective,1,S0,0,23,4,1,1,1,0,0,0,0,0,1,0,1
44555,attack,multi_hit,4,S5,5,23,7,1,0,0,0,0,0,1,0,0,0,0
44563,attack,multi_hit,4,S5,5,23,7,1,0,0,0,0,0,1,0,0,0,0
44565,attack,clean_target_effective,2,S0,0,22,3,1,1,0,1,0,0,0,0,0,1,2
44567,attack,invalid_reset,5,S5,5,22,4,0,0,0,0,0,0,0,1,0,0,0
44570,attack,clean_target_effective,2,S5,5,22,5,1,1,0,1,0,0,0,0,0,1,2
44582,attack,clean_target_effective,2,S5,5,22,7,1,1,0,1,0,0,0,0,0,1,2
44585,attack,clean_target_effective,2,S0,0,22,0,1,1,0,1,0,0,0,0,0,1,2
44588,attack,clean_target_effective,2,S5,5,23,6,1,1,0,1,0,0,0,0,0,1,2
44594,attack,off_target,3,S0,0,23,1,1,0,0,0,0,1,0,0,0,0,0
44597,attack,multi_hit,4,S5,5,23,7,1,0,0,0,0,0,1,0,0,0,0
44603,attack,missed,0,S0,0,23,7,1,0,0,0,1,0,0,0,0,0,0
44605,attack,off_target,3,S0,0,22,3,1,0,0,0,0,1,0,0,0,0,0
44608,attack,clean_target_ineffective,1,S5,5,23,5,1,1,1,0,0,0,0,0,1,0,1
44611,attack,missed,0,S0,0,23,0,1,0,0,0,1,0,0,0,0,0,0
44613,attack,clean_target_effective,2,S0,0,22,4,1,1,0,1,0,0,0,0,0,1,2
44618,attack,clean_target_ineffective,1,S5,5,23,6,1,1,1,0,0,0,0,0,1,0,1
44622,attack,clean_target_ineffective,1,S5,5,23,3,1,1,1,0,0,0,0,0,1,0,1
44632,attack,missed,0,S0,0,22,6,1,0,0,0,1,0,0,0,0,0,0
44633,attack,missed,0,S0,0,22,0,1,0,0,0,1,0,0,0,0,0,0
44634,attack,off_target,3,S0,0,22,1,1,0,0,0,0,1,0,0,0,0,0
44639,attack,multi_hit,4,S0,0,22,5,1,0,0,0,0,0,1,0,0,0,0
44641,attack,missed,0,S0,0,22,6,1,0,0,0,1,0,0,0,0,0,0
44648,attack,clean_target_ineffective,1,S0,0,23,0,1,1,1,0,0,0,0,0,1,0,1
44650,attack,missed,0,S5,5,22,1,1,0,0,0,1,0,0,0,0,0,0
44653,attack,clean_target_effective,2,S5,5,23,5,1,1,0,1,0,0,0,0,0,1,2
44655,attack,invalid_reset,5,S5,5,23,4,0,0,0,0,0,0,0,1,0,0,0
44658,attack,clean_target_effective,2,S0,0,23,0,1,1,0,1,0,0,0,0,0,1,2
44660,attack,clean_target_effective,2,S5,5,22,6,1,1,0,1,0,0,0,0,0,1,2
44661,attack,clean_target_ineffective,1,S5,5,23,6,1,1,1,0,0,0,0,0,1,0,1
44662,attack,clean_target_effective,2,S0,0,23,4,1,1,0,1,0,0,0,0,0,1,2
44666,attack,multi_hit,4,S5,5,23,5,1,0,0,0,0,0,1,0,0,0,0
44667,attack,missed,0,S0,0,23,5,1,0,0,0,1,0,0,0,0,0,0
44669,attack,missed,0,S0,0,22,0,1,0,0,0,1,0,0,0,0,0,0
44671,attack,clean_target_effective,2,S5,5,22,6,1,1,0,1,0,0,0,0,0,1,2
44678,attack,missed,0,S0,0,22,5,1,0,0,0,1,0,0,0,0,0,0
44681,attack,off_target,3,S5,5,23,6,1,0,0,0,0,1,0,0,0,0,0
44684,attack,clean_target_effective,2,S5,5,23,0,1,1,0,1,0,0,0,0,0,1,2
44687,attack,off_target,3,S5,5,23,6,1,0,0,0,0,1,0,0,0,0,0
44697,attack,invalid_reset,5,S5,5,22,3,0,0,0,0,0,0,0,1,0,0,0
44700,attack,clean_target_ineffective,1,S5,5,23,5,1,1,1,0,0,0,0,0,1,0,1
44705,attack,multi_hit,4,S5,5,23,0,1,0,0,0,0,0,1,0,0,0,0
44708,attack,clean_target_ineffective,1,S5,5,22,4,1,1,1,0,0,0,0,0,1,0,1
44713,attack,clean_target_effective,2,S0,0,22,7,1,1,0,1,0,0,0,0,0,1,2
44724,attack,clean_target_effective,2,S5,5,23,0,1,1,0,1,0,0,0,0,0,1,2
44725,attack,clean_target_ineffective,1,S0,0,23,2,1,1,1,0,0,0,0,0,1,0,1
44727,attack,multi_hit,4,S5,5,23,1,1,0,0,0,0,0,1,0,0,0,0
44729,attack,clean_target_effective,2,S0,0,22,2,1,1,0,1,0,0,0,0,0,1,2
44731,attack,clean_target_ineffective,1,S0,0,22,7,1,1,1,0,0,0,0,0,1,0,1
44732,attack,off_target,3,S5,5,22,5,1,0,0,0,0,1,0,0,0,0,0
44738,attack,invalid_reset,5,S5,5,23,1,0,0,0,0,0,0,0,1,0,0,0
44747,attack,off_target,3,S0,0,23,2,1,0,0,0,0,1,0,0,0,0,0
44752,attack,missed,0,S5,5,23,5,1,0,0,0,1,0,0,0,0,0,0
44757,attack,off_target,3,S5,5,23,7,1,0,0,0,0,1,0,0,0,0,0
44758,attack,missed,0,S0,0,22,2,1,0,0,0,1,0,0,0,0,0,0
44763,attack,clean_target_effective,2,S0,0,23,5,1,1,0,1,0,0,0,0,0,1,2
44769,attack,clean_target_ineffective,1,S5,5,22,7,1,1,1,0,0,0,0,0,1,0,1
44773,attack,clean_target_effective,2,S0,0,22,5,1,1,0,1,0,0,0,0,0,1,2
44778,attack,clean_target_effective,2,S5,5,22,4,1,1,0,1,0,0,0,0,0,1,2
44786,attack,multi_hit,4,S0,0,23,4,1,0,0,0,0,0,1,0,0,0,0
44792,attack,clean_target_ineffective,1,S0,0,23,2,1,1,1,0,0,0,0,0,1,0,1
44799,attack,missed,0,S0,0,23,5,1,0,0,0,1,0,0,0,0,0,0
44807,attack,clean_target_effective,2,S5,5,23,3,1,1,0,1,0,0,0,0,0,1,2
44809,attack,clean_target_effective,2,S0,0,23,2,1,1,0,1,0,0,0,0,0,1,2
44811,attack,missed,0,S5,5,23,4,1,0,0,0,1,0,0,0,0,0,0
44812,attack,clean_target_effective,2,S0,0,23,6,1,1,0,1,0,0,0,0,0,1,2
44814,attack,clean_target_ineffective,1,S5,5,22,4,1,1,1,0,0,0,0,0,1,0,1
44815,attack,clean_target_effective,2,S5,5,22,0,1,1,0,1,0,0,0,0,0,1,2
44817,attack,clean_target_effective,2,S0,0,23,7,1,1,0,1,0,0,0,0,0,1,2
44818,attack,off_target,3,S0,0,22,5,1,0,0,0,0,1,0,0,0,0,0
44822,attack,clean_target_ineffective,1,S0,0,23,2,1,1,1,0,0,0,0,0,1,0,1
44828,attack,clean_target_effective,2,S0,0,23,5,1,1,0,1,0,0,0,0,0,1,2
44829,attack,off_target,3,S5,5,22,3,1,0,0,0,0,1,0,0,0,0,0
44832,attack,clean_target_effective,2,S5,5,23,5,1,1,0,1,0,0,0,0,0,1,2
44838,attack,missed,0,S0,0,22,6,1,0,0,0,1,0,0,0,0,0,0
44847,attack,clean_target_effective,2,S5,5,22,0,1,1,0,1,0,0,0,0,0,1,2
44855,attack,off_target,3,S0,0,23,4,1,0,0,0,0,1,0,0,0,0,0
44861,attack,off_target,3,S5,5,22,2,1,0,0,0,0,1,0,0,0,0,0
44864,attack,off_target,3,S0,0,23,5,1,0,0,0,0,1,0,0,0,0,0
44865,attack,clean_target_effective,2,S0,0,23,3,1,1,0,1,0,0,0,0,0,1,2
44866,attack,off_target,3,S0,0,23,6,1,0,0,0,0,1,0,0,0,0,0
44868,attack,clean_target_effective,2,S0,0,22,3,1,1,0,1,0,0,0,0,0,1,2
44869,attack,missed,0,S0,0,22,5,1,0,0,0,1,0,0,0,0,0,0
44870,attack,clean_target_ineffective,1,S0,0,23,7,1,1,1,0,0,0,0,0,1,0,1
44874,attack,missed,0,S0,0,22,0,1,0,0,0,1,0,0,0,0,0,0
44879,attack,multi_hit,4,S0,0,22,3,1,0,0,0,0,0,1,0,0,0,0
44880,attack,off_target,3,S5,5,22,7,1,0,0,0,0,1,0,0,0,0,0
44885,attack,off_target,3,S5,5,23,5,1,0,0,0,0,1,0,0,0,0,0
44890,attack,invalid_reset,5,S5,5,23,4,0,0,0,0,0,0,0,1,0,0,0
44892,attack,missed,0,S0,0,22,0,1,0,0,0,1,0,0,0,0,0,0
44893,attack,clean_target_effective,2,S5,5,23,1,1,1,0,1,0,0,0,0,0,1,2
44895,attack,clean_target_effective,2,S0,0,23,2,1,1,0,1,0,0,0,0,0,1,2
44899,attack,clean_target_ineffective,1,S5,5,22,4,1,1,1,0,0,0,0,0,1,0,1
44902,attack,off_target,3,S0,0,23,1,1,0,0,0,0,1,0,0,0,0,0
44906,attack,missed,0,S0,0,22,3,1,0,0,0,1,0,0,0,0,0,0
44907,attack,clean_target_effective,2,S5,5,23,1,1,1,0,1,0,0,0,0,0,1,2
44911,attack,clean_target_effective,2,S0,0,23,5,1,1,0,1,0,0,0,0,0,1,2
44930,attack,clean_target_effective,2,S5,5,23,6,1,1,0,1,0,0,0,0,0,1,2
44933,attack,missed,0,S5,5,23,7,1,0,0,0,1,0,0,0,0,0,0
44953,attack,missed,0,S5,5,23,5,1,0,0,0,1,0,0,0,0,0,0
44964,attack,missed,0,S5,5,22,6,1,0,0,0,1,0,0,0,0,0,0
44967,attack,missed,0,S5,5,22,0,1,0,0,0,1,0,0,0,0,0,0
44968,attack,clean_target_ineffective,1,S5,5,22,7,1,1,1,0,0,0,0,0,1,0,1
44969,attack,clean_target_effective,2,S0,0,23,3,1,1,0,1,0,0,0,0,0,1,2
44970,attack,multi_hit,4,S5,5,23,4,1,0,0,0,0,0,1,0,0,0,0
44973,attack,clean_target_ineffective,1,S5,5,22,1,1,1,1,0,0,0,0,0,1,0,1
44975,attack,multi_hit,4,S0,0,23,4,1,0,0,0,0,0,1,0,0,0,0
44978,attack,multi_hit,4,S0,0,22,6,1,0,0,0,0,0,1,0,0,0,0
44980,attack,clean_target_effective,2,S5,5,22,5,1,1,0,1,0,0,0,0,0,1,2
44985,attack,missed,0,S5,5,23,6,1,0,0,0,1,0,0,0,0,0,0
44987,attack,clean_target_effective,2,S0,0,23,2,1,1,0,1,0,0,0,0,0,1,2
44990,attack,invalid_reset,5,S5,5,22,7,0,0,0,0,0,0,0,1,0,0,0
44994,attack,clean_target_effective,2,S5,5,22,1,1,1,0,1,0,0,0,0,0,1,2
44995,attack,clean_target_effective,2,S5,5,22,5,1,1,0,1,0,0,0,0,0,1,2
44999,attack,multi_hit,4,S0,0,22,3,1,0,0,0,0,0,1,0,0,0,0
45003,attack,missed,0,S0,0,23,3,1,0,0,0,1,0,0,0,0,0,0
45007,attack,clean_target_effective,2,S0,0,23,4,1,1,0,1,0,0,0,0,0,1,2
45008,attack,clean_target_effective,2,S5,5,23,4,1,1,0,1,0,0,0,0,0,1,2
45011,attack,missed,0,S5,5,22,2,1,0,0,0,1,0,0,0,0,0,0
45022,attack,clean_target_effective,2,S0,0,22,1,1,1,0,1,0,0,0,0,0,1,2
45030,attack,clean_target_ineffective,1,S0,0,23,7,1,1,1,0,0,0,0,0,1,0,1
45035,attack,clean_target_ineffective,1,S0,0,22,0,1,1,1,0,0,0,0,0,1,0,1
45039,attack,clean_target_ineffective,1,S5,5,22,0,1,1,1,0,0,0,0,0,1,0,1
45041,attack,clean_target_ineffective,1,S5,5,23,2,1,1,1,0,0,0,0,0,1,0,1
45043,attack,multi_hit,4,S5,5,23,0,1,0,0,0,0,0,1,0,0,0,0
45044,attack,missed,0,S5,5,23,0,1,0,0,0,1,0,0,0,0,0,0
45046,attack,clean_target_ineffective,1,S0,0,22,6,1,1,1,0,0,0,0,0,1,0,1
45048,attack,clean_target_effective,2,S0,0,23,6,1,1,0,1,0,0,0,0,0,1,2
45051,attack,clean_target_effective,2,S5,5,22,1,1,1,0,1,0,0,0,0,0,1,2
45053,attack,clean_target_effective,2,S0,0,22,1,1,1,0,1,0,0,0,0,0,1,2
45054,attack,clean_target_effective,2,S0,0,23,2,1,1,0,1,0,0,0,0,0,1,2
45060,attack,clean_target_effective,2,S5,5,22,2,1,1,0,1,0,0,0,0,0,1,2
45068,attack,missed,0,S0,0,23,1,1,0,0,0,1,0,0,0,0,0,0
45070,attack,missed,0,S0,0,22,3,1,0,0,0,1,0,0,0,0,0,0
45081,attack,off_target,3,S5,5,23,6,1,0,0,0,0,1,0,0,0,0,0
45082,attack,clean_target_ineffective,1,S5,5,23,1,1,1,1,0,0,0,0,0,1,0,1
45089,attack,clean_target_effective,2,S0,0,22,3,1,1,0,1,0,0,0,0,0,1,2
45107,attack,off_target,3,S0,0,22,1,1,0,0,0,0,1,0,0,0,0,0
45109,attack,clean_target_ineffective,1,S5,5,22,5,1,1,1,0,0,0,0,0,1,0,1
45115,attack,clean_target_effective,2,S5,5,23,2,1,1,0,1,0,0,0,0,0,1,2
45118,attack,clean_target_effective,2,S5,5,23,5,1,1,0,1,0,0,0,0,0,1,2
45122,attack,off_target,3,S0,0,23,7,1,0,0,0,0,1,0,0,0,0,0
45123,attack,clean_target_ineffective,1,S0,0,23,4,1,1,1,0,0,0,0,0,1,0,1
45125,attack,off_target,3,S5,5,23,0,1,0,0,0,0,1,0,0,0,0,0
45128,attack,clean_target_effective,2,S0,0,22,1,1,1,0,1,0,0,0,0,0,1,2
45132,attack,missed,0,S0,0,23,3,1,0,0,0,1,0,0,0,0,0,0
45139,attack,missed,0,S0,0,23,0,1,0,0,0,1,0,0,0,0,0,0
45141,attack,clean_target_effective,2,S5,5,22,2,1,1,0,1,0,0,0,0,0,1,2
45144,attack,clean_target_effective,2,S5,5,22,4,1,1,0,1,0,0,0,0,0,1,2
45146,attack,missed,0,S5,5,23,5,1,0,0,0,1,0,0,0,0,0,0
45148,attack,clean_target_effective,2,S0,0,23,7,1,1,0,1,0,0,0,0,0,1,2
45159,attack,clean_target_ineffective,1,S5,5,23,7,1,1,1,0,0,0,0,0,1,0,1
45160,attack,missed,0,S5,5,23,7,1,0,0,0,1,0,0,0,0,0,0
45163,attack,missed,0,S0,0,23,5,1,0,0,0,1,0,0,0,0,0,0
45164,attack,clean_target_ineffective,1,S0,0,22,6,1,1,1,0,0,0,0,0,1,0,1
45166,attack,missed,0,S0,0,22,1,1,0,0,0,1,0,0,0,0,0,0
45171,attack,clean_target_effective,2,S5,5,23,3,1,1,0,1,0,0,0,0,0,1,2
45183,attack,clean_target_effective,2,S0,0,22,3,1,1,0,1,0,0,0,0,0,1,2
45187,attack,clean_target_effective,2,S0,0,23,3,1,1,0,1,0,0,0,0,0,1,2
45196,attack,off_target,3,S0,0,23,7,1,0,0,0,0,1,0,0,0,0,0
45200,attack,missed,0,S0,0,23,7,1,0,0,0,1,0,0,0,0,0,0
45202,attack,invalid_reset,5,S0,0,22,4,0,0,0,0,0,0,0,1,0,0,0
45203,attack,clean_target_effective,2,S0,0,22,1,1,1,0,1,0,0,0,0,0,1,2
45205,attack,missed,0,S0,0,23,4,1,0,0,0,1,0,0,0,0,0,0
45207,attack,clean_target_effective,2,S5,5,23,7,1,1,0,1,0,0,0,0,0,1,2
45209,attack,clean_target_effective,2,S0,0,23,7,1,1,0,1,0,0,0,0,0,1,2
45211,attack,clean_target_effective,2,S0,0,23,1,1,1,0,1,0,0,0,0,0,1,2
45212,attack,clean_target_ineffective,1,S0,0,23,6,1,1,1,0,0,0,0,0,1,0,1
45213,attack,off_target,3,S5,5,22,2,1,0,0,0,0,1,0,0,0,0,0
45222,attack,missed,0,S5,5,23,6,1,0,0,0,1,0,0,0,0,0,0
45223,attack,clean_target_effective,2,S0,0,22,2,1,1,0,1,0,0,0,0,0,1,2
45225,attack,clean_target_effective,2,S5,5,23,6,1,1,0,1,0,0,0,0,0,1,2
45234,attack,clean_target_ineffective,1,S5,5,23,5,1,1,1,0,0,0,0,0,1,0,1
45235,attack,clean_target_effective,2,S5,5,22,1,1,1,0,1,0,0,0,0,0,1,2
45246,attack,multi_hit,4,S5,5,22,7,1,0,0,0,0,0,1,0,0,0,0
45248,attack,clean_target_effective,2,S5,5,23,0,1,1,0,1,0,0,0,0,0,1,2
45253,attack,off_target,3,S5,5,22,3,1,0,0,0,0,1,0,0,0,0,0
45266,attack,missed,0,S0,0,22,5,1,0,0,0,1,0,0,0,0,0,0
45269,attack,clean_target_effective,2,S0,0,22,7,1,1,0,1,0,0,0,0,0,1,2
45271,attack,off_target,3,S5,5,22,1,1,0,0,0,0,1,0,0,0,0,0
45272,attack,clean_target_effective,2,S0,0,22,5,1,1,0,1,0,0,0,0,0,1,2
45278,attack,multi_hit,4,S0,0,23,7,1,0,0,0,0,0,1,0,0,0,0
45280,attack,clean_target_effective,2,S5,5,23,0,1,1,0,1,0,0,0,0,0,1,2
45287,attack,clean_target_effective,2,S0,0,23,1,1,1,0,1,0,0,0,0,0,1,2
45293,attack,multi_hit,4,S5,5,22,2,1,0,0,0,0,0,1,0,0,0,0
45303,attack,multi_hit,4,S5,5,22,5,1,0,0,0,0,0,1,0,0,0,0
45307,attack,clean_target_effective,2,S0,0,23,0,1,1,0,1,0,0,0,0,0,1,2
45313,attack,missed,0,S5,5,22,1,1,0,0,0,1,0,0,0,0,0,0
45318,attack,multi_hit,4,S0,0,23,4,1,0,0,0,0,0,1,0,0,0,0
45321,attack,missed,0,S0,0,22,1,1,0,0,0,1,0,0,0,0,0,0
45323,attack,off_target,3,S5,5,22,4,1,0,0,0,0,1,0,0,0,0,0
45324,attack,missed,0,S0,0,23,3,1,0,0,0,1,0,0,0,0,0,0
45326,attack,missed,0,S5,5,23,1,1,0,0,0,1,0,0,0,0,0,0
45327,attack,multi_hit,4,S0,0,22,3,1,0,0,0,0,0,1,0,0,0,0
45328,attack,clean_target_effective,2,S0,0,23,4,1,1,0,1,0,0,0,0,0,1,2
45333,attack,off_target,3,S0,0,22,7,1,0,0,0,0,1,0,0,0,0,0
45340,attack,missed,0,S0,0,23,4,1,0,0,0,1,0,0,0,0,0,0
45347,attack,clean_target_effective,2,S0,0,23,0,1,1,0,1,0,0,0,0,0,1,2
45353,attack,clean_target_ineffective,1,S5,5,23,6,1,1,1,0,0,0,0,0,1,0,1
45355,attack,multi_hit,4,S5,5,22,5,1,0,0,0,0,0,1,0,0,0,0
45367,attack,clean_target_effective,2,S0,0,22,6,1,1,0,1,0,0,0,0,0,1,2
45370,attack,clean_target_ineffective,1,S5,5,22,4,1,1,1,0,0,0,0,0,1,0,1
45374,attack,multi_hit,4,S5,5,22,1,1,0,0,0,0,0,1,0,0,0,0
45379,attack,missed,0,S0,0,23,5,1,0,0,0,1,0,0,0,0,0,0
45380,attack,missed,0,S0,0,22,2,1,0,0,0,1,0,0,0,0,0,0
45384,attack,missed,0,S0,0,22,7,1,0,0,0,1,0,0,0,0,0,0
45386,attack,off_target,3,S5,5,23,4,1,0,0,0,0,1,0,0,0,0,0
45387,attack,clean_target_effective,2,S0,0,23,2,1,1,0,1,0,0,0,0,0,1,2
45390,attack,clean_target_ineffective,1,S5,5,23,3,1,1,1,0,0,0,0,0,1,0,1
45392,attack,off_target,3,S0,0,23,4,1,0,0,0,0,1,0,0,0,0,0
45402,attack,clean_target_effective,2,S0,0,23,7,1,1,0,1,0,0,0,0,0,1,2
45403,attack,multi_hit,4,S5,5,22,2,1,0,0,0,0,0,1,0,0,0,0
45406,attack,multi_hit,4,S0,0,23,4,1,0,0,0,0,0,1,0,0,0,0
45409,attack,multi_hit,4,S5,5,22,7,1,0,0,0,0,0,1,0,0,0,0
45417,attack,missed,0,S0,0,23,6,1,0,0,0,1,0,0,0,0,0,0
45418,attack,missed,0,S5,5,23,6,1,0,0,0,1,0,0,0,0,0,0
45419,attack,invalid_reset,5,S5,5,22,3,0,0,0,0,0,0,0,1,0,0,0
45425,attack,missed,0,S0,0,23,3,1,0,0,0,1,0,0,0,0,0,0
45428,attack,missed,0,S5,5,22,6,1,0,0,0,1,0,0,0,0,0,0
45434,attack,missed,0,S0,0,23,6,1,0,0,0,1,0,0,0,0,0,0
45450,attack,missed,0,S5,5,22,5,1,0,0,0,1,0,0,0,0,0,0
45454,attack,clean_target_effective,2,S5,5,22,4,1,1,0,1,0,0,0,0,0,1,2
45458,attack,clean_target_effective,2,S0,0,22,0,1,1,0,1,0,0,0,0,0,1,2
45459,attack,clean_target_effective,2,S5,5,23,5,1,1,0,1,0,0,0,0,0,1,2
45464,attack,clean_target_effective,2,S5,5,22,2,1,1,0,1,0,0,0,0,0,1,2
45471,attack,clean_target_effective,2,S0,0,23,4,1,1,0,1,0,0,0,0,0,1,2
45475,attack,invalid_reset,5,S5,5,23,5,0,0,0,0,0,0,0,1,0,0,0
45486,attack,multi_hit,4,S5,5,23,1,1,0,0,0,0,0,1,0,0,0,0
45490,attack,multi_hit,4,S5,5,23,7,1,0,0,0,0,0,1,0,0,0,0
45491,attack,clean_target_effective,2,S5,5,22,2,1,1,0,1,0,0,0,0,0,1,2
45492,attack,invalid_reset,5,S5,5,23,0,0,0,0,0,0,0,0,1,0,0,0
45495,attack,missed,0,S0,0,22,5,1,0,0,0,1,0,0,0,0,0,0
45496,attack,missed,0,S5,5,22,6,1,0,0,0,1,0,0,0,0,0,0
45497,attack,clean_target_ineffective,1,S0,0,22,7,1,1,1,0,0,0,0,0,1,0,1
45498,attack,clean_target_effective,2,S0,0,23,7,1,1,0,1,0,0,0,0,0,1,2
45501,attack,off_target,3,S0,0,22,1,1,0,0,0,0,1,0,0,0,0,0
45502,attack,clean_target_effective,2,S0,0,22,3,1,1,0,1,0,0,0,0,0,1,2
45503,attack,clean_target_effective,2,S5,5,22,0,1,1,0,1,0,0,0,0,0,1,2
45507,attack,clean_target_effective,2,S5,5,23,1,1,1,0,1,0,0,0,0,0,1,2
45517,attack,multi_hit,4,S5,5,22,3,1,0,0,0,0,0,1,0,0,0,0
45519,attack,clean_target_effective,2,S5,5,22,5,1,1,0,1,0,0,0,0,0,1,2
45523,attack,clean_target_effective,2,S5,5,23,5,1,1,0,1,0,0,0,0,0,1,2
45526,attack,clean_target_ineffective,1,S0,0,22,1,1,1,1,0,0,0,0,0,1,0,1
45529,attack,clean_target_ineffective,1,S0,0,22,5,1,1,1,0,0,0,0,0,1,0,1
45541,attack,clean_target_effective,2,S0,0,22,0,1,1,0,1,0,0,0,0,0,1,2
45545,attack,clean_target_effective,2,S0,0,23,7,1,1,0,1,0,0,0,0,0,1,2
45547,attack,off_target,3,S5,5,23,1,1,0,0,0,0,1,0,0,0,0,0
45551,attack,clean_target_ineffective,1,S0,0,22,1,1,1,1,0,0,0,0,0,1,0,1
45556,attack,missed,0,S5,5,22,1,1,0,0,0,1,0,0,0,0,0,0
45559,attack,multi_hit,4,S5,5,23,7,1,0,0,0,0,0,1,0,0,0,0
45561,attack,missed,0,S0,0,22,3,1,0,0,0,1,0,0,0,0,0,0
45563,attack,clean_target_effective,2,S0,0,23,3,1,1,0,1,0,0,0,0,0,1,2
45564,attack,clean_target_effective,2,S5,5,22,3,1,1,0,1,0,0,0,0,0,1,2
45568,attack,clean_target_effective,2,S5,5,22,4,1,1,0,1,0,0,0,0,0,1,2
45570,attack,clean_target_effective,2,S5,5,22,7,1,1,0,1,0,0,0,0,0,1,2
45581,attack,multi_hit,4,S5,5,23,3,1,0,0,0,0,0,1,0,0,0,0
45582,attack,clean_target_ineffective,1,S0,0,22,3,1,1,1,0,0,0,0,0,1,0,1
45583,attack,missed,0,S0,0,23,3,1,0,0,0,1,0,0,0,0,0,0
45584,attack,clean_target_effective,2,S5,5,22,2,1,1,0,1,0,0,0,0,0,1,2
45586,attack,invalid_reset,5,S5,5,23,3,0,0,0,0,0,0,0,1,0,0,0
45591,attack,clean_target_ineffective,1,S0,0,22,4,1,1,1,0,0,0,0,0,1,0,1
45592,attack,multi_hit,4,S5,5,23,4,1,0,0,0,0,0,1,0,0,0,0
45595,attack,clean_target_ineffective,1,S0,0,22,7,1,1,1,0,0,0,0,0,1,0,1
45598,attack,missed,0,S0,0,23,3,1,0,0,0,1,0,0,0,0,0,0
45604,attack,off_target,3,S0,0,22,3,1,0,0,0,0,1,0,0,0,0,0
45605,attack,clean_target_effective,2,S5,5,23,1,1,1,0,1,0,0,0,0,0,1,2
45610,attack,off_target,3,S5,5,23,3,1,0,0,0,0,1,0,0,0,0,0
45611,attack,multi_hit,4,S5,5,22,3,1,0,0,0,0,0,1,0,0,0,0
45616,attack,multi_hit,4,S0,0,23,0,1,0,0,0,0,0,1,0,0,0,0
45620,attack,clean_target_effective,2,S0,0,22,3,1,1,0,1,0,0,0,0,0,1,2
45623,attack,off_target,3,S5,5,22,1,1,0,0,0,0,1,0,0,0,0,0
45627,attack,clean_target_ineffective,1,S5,5,22,7,1,1,1,0,0,0,0,0,1,0,1
45629,attack,off_target,3,S5,5,23,5,1,0,0,0,0,1,0,0,0,0,0
45632,attack,clean_target_ineffective,1,S0,0,23,4,1,1,1,0,0,0,0,0,1,0,1
45633,attack,clean_target_effective,2,S0,0,22,5,1,1,0,1,0,0,0,0,0,1,2
45634,attack,missed,0,S5,5,23,1,1,0,0,0,1,0,0,0,0,0,0
45635,attack,multi_hit,4,S5,5,22,4,1,0,0,0,0,0,1,0,0,0,0
45636,attack,clean_target_ineffective,1,S5,5,22,0,1,1,1,0,0,0,0,0,1,0,1
45639,attack,clean_target_effective,2,S0,0,23,0,1,1,0,1,0,0,0,0,0,1,2
45643,attack,clean_target_effective,2,S0,0,23,5,1,1,0,1,0,0,0,0,0,1,2
45646,attack,missed,0,S5,5,23,5,1,0,0,0,1,0,0,0,0,0,0
45647,attack,clean_target_ineffective,1,S0,0,22,2,1,1,1,0,0,0,0,0,1,0,1
45648,attack,multi_hit,4,S0,0,22,5,1,0,0,0,0,0,1,0,0,0,0
45650,attack,missed,0,S0,0,23,3,1,0,0,0,1,0,0,0,0,0,0
45651,attack,off_target,3,S0,0,23,7,1,0,0,0,0,1,0,0,0,0,0
45656,attack,clean_target_effective,2,S5,5,22,4,1,1,0,1,0,0,0,0,0,1,2
45658,attack,clean_target_effective,2,S0,0,23,7,1,1,0,1,0,0,0,0,0,1,2
45666,attack,invalid_reset,5,S0,0,23,1,0,0,0,0,0,0,0,1,0,0,0
45668,attack,multi_hit,4,S0,0,23,2,1,0,0,0,0,0,1,0,0,0,0
45669,attack,missed,0,S5,5,22,5,1,0,0,0,1,0,0,0,0,0,0
45672,attack,invalid_reset,5,S0,0,22,1,0,0,0,0,0,0,0,1,0,0,0
45675,attack,clean_target_effective,2,S5,5,22,2,1,1,0,1,0,0,0,0,0,1,2
45686,attack,clean_target_ineffective,1,S5,5,23,4,1,1,1,0,0,0,0,0,1,0,1
45690,attack,clean_target_ineffective,1,S0,0,22,7,1,1,1,0,0,0,0,0,1,0,1
45694,attack,missed,0,S0,0,23,7,1,0,0,0,1,0,0,0,0,0,0
45698,attack,off_target,3,S0,0,23,3,1,0,0,0,0,1,0,0,0,0,0
45704,attack,missed,0,S0,0,23,6,1,0,0,0,1,0,0,0,0,0,0
45709,attack,clean_target_ineffective,1,S0,0,22,4,1,1,1,0,0,0,0,0,1,0,1
45711,attack,missed,0,S5,5,22,1,1,0,0,0,1,0,0,0,0,0,0
45712,attack,multi_hit,4,S0,0,22,6,1,0,0,0,0,0,1,0,0,0,0
45720,attack,clean_target_effective,2,S0,0,22,5,1,1,0,1,0,0,0,0,0,1,2
45721,attack,missed,0,S5,5,23,6,1,0,0,0,1,0,0,0,0,0,0
45725,attack,clean_target_effective,2,S5,5,22,5,1,1,0,1,0,0,0,0,0,1,2
45729,attack,clean_target_effective,2,S5,5,23,4,1,1,0,1,0,0,0,0,0,1,2
45735,attack,missed,0,S5,5,23,6,1,0,0,0,1,0,0,0,0,0,0
45739,attack,multi_hit,4,S0,0,23,2,1,0,0,0,0,0,1,0,0,0,0
45742,attack,multi_hit,4,S5,5,22,4,1,0,0,0,0,0,1,0,0,0,0
45743,attack,missed,0,S5,5,23,3,1,0,0,0,1,0,0,0,0,0,0
45746,attack,clean_target_effective,2,S0,0,22,7,1,1,0,1,0,0,0,0,0,1,2
45748,attack,clean_target_effective,2,S0,0,23,4,1,1,0,1,0,0,0,0,0,1,2
45757,attack,missed,0,S0,0,23,6,1,0,0,0,1,0,0,0,0,0,0
45759,attack,missed,0,S5,5,22,4,1,0,0,0,1,0,0,0,0,0,0
45769,attack,clean_target_effective,2,S5,5,23,7,1,1,0,1,0,0,0,0,0,1,2
45770,attack,off_target,3,S0,0,22,7,1,0,0,0,0,1,0,0,0,0,0
45773,attack,missed,0,S0,0,22,2,1,0,0,0,1,0,0,0,0,0,0
45776,attack,missed,0,S0,0,22,7,1,0,0,0,1,0,0,0,0,0,0
45779,attack,missed,0,S5,5,22,5,1,0,0,0,1,0,0,0,0,0,0
45780,attack,multi_hit,4,S5,5,22,7,1,0,0,0,0,0,1,0,0,0,0
45785,attack,off_target,3,S0,0,22,2,1,0,0,0,0,1,0,0,0,0,0
45794,attack,missed,0,S5,5,22,5,1,0,0,0,1,0,0,0,0,0,0
45799,attack,clean_target_effective,2,S5,5,22,0,1,1,0,1,0,0,0,0,0,1,2
45800,attack,missed,0,S0,0,23,7,1,0,0,0,1,0,0,0,0,0,0
45803,attack,invalid_reset,5,S0,0,23,1,0,0,0,0,0,0,0,1,0,0,0
45808,attack,missed,0,S0,0,22,0,1,0,0,0,1,0,0,0,0,0,0
45809,attack,clean_target_effective,2,S5,5,22,7,1,1,0,1,0,0,0,0,0,1,2
45810,attack,clean_target_effective,2,S5,5,22,6,1,1,0,1,0,0,0,0,0,1,2
45817,attack,clean_target_effective,2,S0,0,23,3,1,1,0,1,0,0,0,0,0,1,2
45823,attack,clean_target_effective,2,S5,5,23,4,1,1,0,1,0,0,0,0,0,1,2
45825,attack,clean_target_ineffective,1,S0,0,23,5,1,1,1,0,0,0,0,0,1,0,1
45830,attack,clean_target_ineffective,1,S0,0,22,5,1,1,1,0,0,0,0,0,1,0,1
45832,attack,clean_target_ineffective,1,S0,0,22,3,1,1,1,0,0,0,0,0,1,0,1
45833,attack,off_target,3,S0,0,23,7,1,0,0,0,0,1,0,0,0,0,0
45855,attack,missed,0,S0,0,22,0,1,0,0,0,1,0,0,0,0,0,0
45858,attack,missed,0,S0,0,22,7,1,0,0,0,1,0,0,0,0,0,0
45859,attack,clean_target_effective,2,S0,0,22,7,1,1,0,1,0,0,0,0,0,1,2
45866,attack,clean_target_effective,2,S0,0,23,7,1,1,0,1,0,0,0,0,0,1,2
45868,attack,invalid_reset,5,S0,0,23,7,0,0,0,0,0,0,0,1,0,0,0
45871,attack,missed,0,S0,0,23,2,1,0,0,0,1,0,0,0,0,0,0
45872,attack,missed,0,S0,0,22,7,1,0,0,0,1,0,0,0,0,0,0
45874,attack,clean_target_ineffective,1,S0,0,22,0,1,1,1,0,0,0,0,0,1,0,1
45878,attack,missed,0,S0,0,22,3,1,0,0,0,1,0,0,0,0,0,0
45888,attack,invalid_reset,5,S0,0,22,5,0,0,0,0,0,0,0,1,0,0,0
45889,attack,clean_target_ineffective,1,S5,5,22,5,1,1,1,0,0,0,0,0,1,0,1
45899,attack,off_target,3,S0,0,23,4,1,0,0,0,0,1,0,0,0,0,0
45903,attack,clean_target_effective,2,S5,5,23,5,1,1,0,1,0,0,0,0,0,1,2
45905,attack,clean_target_ineffective,1,S0,0,22,0,1,1,1,0,0,0,0,0,1,0,1
45906,attack,missed,0,S5,5,23,7,1,0,0,0,1,0,0,0,0,0,0
45913,attack,missed,0,S5,5,23,2,1,0,0,0,1,0,0,0,0,0,0
45915,attack,missed,0,S5,5,22,3,1,0,0,0,1,0,0,0,0,0,0
45918,attack,off_target,3,S0,0,22,5,1,0,0,0,0,1,0,0,0,0,0
45928,attack,clean_target_ineffective,1,S5,5,22,1,1,1,1,0,0,0,0,0,1,0,1
45929,attack,missed,0,S0,0,23,7,1,0,0,0,1,0,0,0,0,0,0
45934,attack,invalid_reset,5,S5,5,23,2,0,0,0,0,0,0,0,1,0,0,0
45936,attack,clean_target_effective,2,S5,5,23,4,1,1,0,1,0,0,0,0,0,1,2
45939,attack,clean_target_effective,2,S0,0,22,5,1,1,0,1,0,0,0,0,0,1,2
45940,attack,off_target,3,S0,0,22,4,1,0,0,0,0,1,0,0,0,0,0
45953,attack,off_target,3,S0,0,23,0,1,0,0,0,0,1,0,0,0,0,0
45954,attack,missed,0,S5,5,22,1,1,0,0,0,1,0,0,0,0,0,0
45957,attack,clean_target_effective,2,S0,0,22,0,1,1,0,1,0,0,0,0,0,1,2
45959,attack,clean_target_effective,2,S5,5,22,2,1,1,0,1,0,0,0,0,0,1,2
45960,attack,off_target,3,S0,0,23,7,1,0,0,0,0,1,0,0,0,0,0
45964,attack,clean_target_effective,2,S5,5,22,6,1,1,0,1,0,0,0,0,0,1,2
45966,attack,multi_hit,4,S5,5,23,2,1,0,0,0,0,0,1,0,0,0,0
45970,attack,missed,0,S0,0,23,4,1,0,0,0,1,0,0,0,0,0,0
45974,attack,clean_target_effective,2,S5,5,23,7,1,1,0,1,0,0,0,0,0,1,2
45978,attack,missed,0,S0,0,23,4,1,0,0,0,1,0,0,0,0,0,0
45979,attack,clean_target_effective,2,S0,0,22,5,1,1,0,1,0,0,0,0,0,1,2
45986,attack,missed,0,S0,0,22,4,1,0,0,0,1,0,0,0,0,0,0
45989,attack,missed,0,S0,0,22,7,1,0,0,0,1,0,0,0,0,0,0
46000,attack,clean_target_ineffective,1,S0,0,23,3,1,1,1,0,0,0,0,0,1,0,1
46003,attack,clean_target_ineffective,1,S0,0,22,7,1,1,1,0,0,0,0,0,1,0,1
46008,attack,clean_target_effective,2,S0,0,23,3,1,1,0,1,0,0,0,0,0,1,2
46010,attack,clean_target_effective,2,S5,5,22,1,1,1,0,1,0,0,0,0,0,1,2
46016,attack,multi_hit,4,S0,0,22,5,1,0,0,0,0,0,1,0,0,0,0
46019,attack,multi_hit,4,S5,5,23,3,1,0,0,0,0,0,1,0,0,0,0
46034,attack,missed,0,S5,5,22,2,1,0,0,0,1,0,0,0,0,0,0
46037,attack,clean_target_effective,2,S5,5,23,4,1,1,0,1,0,0,0,0,0,1,2
46042,attack,invalid_reset,5,S5,5,23,5,0,0,0,0,0,0,0,1,0,0,0
46048,attack,clean_target_effective,2,S0,0,23,0,1,1,0,1,0,0,0,0,0,1,2
46050,attack,missed,0,S0,0,22,5,1,0,0,0,1,0,0,0,0,0,0
46052,attack,clean_target_effective,2,S0,0,22,1,1,1,0,1,0,0,0,0,0,1,2
46071,attack,clean_target_effective,2,S5,5,23,0,1,1,0,1,0,0,0,0,0,1,2
46080,attack,multi_hit,4,S5,5,22,7,1,0,0,0,0,0,1,0,0,0,0
46082,attack,clean_target_effective,2,S0,0,22,7,1,1,0,1,0,0,0,0,0,1,2
46086,attack,clean_target_ineffective,1,S0,0,22,5,1,1,1,0,0,0,0,0,1,0,1
46092,attack,clean_target_ineffective,1,S0,0,23,3,1,1,1,0,0,0,0,0,1,0,1
46093,attack,clean_target_effective,2,S5,5,23,0,1,1,0,1,0,0,0,0,0,1,2
46100,attack,clean_target_effective,2,S0,0,23,7,1,1,0,1,0,0,0,0,0,1,2
46104,attack,missed,0,S5,5,22,2,1,0,0,0,1,0,0,0,0,0,0
46107,attack,missed,0,S5,5,22,3,1,0,0,0,1,0,0,0,0,0,0
46114,attack,clean_target_effective,2,S0,0,22,5,1,1,0,1,0,0,0,0,0,1,2
46118,attack,off_target,3,S5,5,23,1,1,0,0,0,0,1,0,0,0,0,0
46120,attack,clean_target_effective,2,S0,0,22,5,1,1,0,1,0,0,0,0,0,1,2
46121,attack,clean_target_effective,2,S5,5,22,2,1,1,0,1,0,0,0,0,0,1,2
46127,attack,missed,0,S0,0,23,5,1,0,0,0,1,0,0,0,0,0,0
46129,attack,clean_target_effective,2,S5,5,22,6,1,1,0,1,0,0,0,0,0,1,2
46130,attack,missed,0,S5,5,22,2,1,0,0,0,1,0,0,0,0,0,0
46133,attack,clean_target_ineffective,1,S0,0,22,3,1,1,1,0,0,0,0,0,1,0,1
46134,attack,missed,0,S5,5,22,6,1,0,0,0,1,0,0,0,0,0,0
46136,attack,clean_target_ineffective,1,S0,0,22,4,1,1,1,0,0,0,0,0,1,0,1
46139,attack,missed,0,S0,0,22,6,1,0,0,0,1,0,0,0,0,0,0
46145,attack,off_target,3,S5,5,23,6,1,0,0,0,0,1,0,0,0,0,0
46150,attack,multi_hit,4,S0,0,22,3,1,0,0,0,0,0,1,0,0,0,0
46159,attack,missed,0,S5,5,22,2,1,0,0,0,1,0,0,0,0,0,0
46166,attack,missed,0,S0,0,22,5,1,0,0,0,1,0,0,0,0,0,0
46169,attack,clean_target_effective,2,S0,0,22,3,1,1,0,1,0,0,0,0,0,1,2
46177,attack,missed,0,S0,0,23,4,1,0,0,0,1,0,0,0,0,0,0
46180,attack,clean_target_effective,2,S0,0,22,4,1,1,0,1,0,0,0,0,0,1,2
46181,attack,missed,0,S0,0,23,2,1,0,0,0,1,0,0,0,0,0,0
46184,attack,off_target,3,S5,5,22,0,1,0,0,0,0,1,0,0,0,0,0
46186,attack,clean_target_effective,2,S0,0,22,4,1,1,0,1,0,0,0,0,0,1,2
46188,attack,missed,0,S0,0,22,6,1,0,0,0,1,0,0,0,0,0,0
46193,attack,missed,0,S0,0,23,3,1,0,0,0,1,0,0,0,0,0,0
46201,attack,clean_target_effective,2,S5,5,23,4,1,1,0,1,0,0,0,0,0,1,2
46202,attack,clean_target_effective,2,S5,5,23,1,1,1,0,1,0,0,0,0,0,1,2
46203,attack,multi_hit,4,S5,5,22,5,1,0,0,0,0,0,1,0,0,0,0
46204,attack,clean_target_effective,2,S5,5,23,1,1,1,0,1,0,0,0,0,0,1,2
46205,attack,clean_target_effective,2,S0,0,23,0,1,1,0,1,0,0,0,0,0,1,2
46209,attack,multi_hit,4,S5,5,22,2,1,0,0,0,0,0,1,0,0,0,0
46211,attack,clean_target_ineffective,1,S0,0,23,6,1,1,1,0,0,0,0,0,1,0,1
46220,attack,clean_target_effective,2,S0,0,22,4,1,1,0,1,0,0,0,0,0,1,2
46232,attack,clean_target_effective,2,S5,5,22,2,1,1,0,1,0,0,0,0,0,1,2
46239,attack,missed,0,S0,0,22,0,1,0,0,0,1,0,0,0,0,0,0
46247,attack,missed,0,S5,5,23,4,1,0,0,0,1,0,0,0,0,0,0
46253,attack,missed,0,S5,5,23,1,1,0,0,0,1,0,0,0,0,0,0
46254,attack,invalid_reset,5,S5,5,23,5,0,0,0,0,0,0,0,1,0,0,0
46263,attack,clean_target_effective,2,S5,5,22,3,1,1,0,1,0,0,0,0,0,1,2
46266,attack,off_target,3,S5,5,22,5,1,0,0,0,0,1,0,0,0,0,0
46269,attack,off_target,3,S5,5,22,5,1,0,0,0,0,1,0,0,0,0,0
46275,attack,missed,0,S5,5,23,3,1,0,0,0,1,0,0,0,0,0,0
46282,attack,off_target,3,S0,0,23,4,1,0,0,0,0,1,0,0,0,0,0
46289,attack,off_target,3,S5,5,23,2,1,0,0,0,0,1,0,0,0,0,0
46291,attack,clean_target_effective,2,S5,5,23,1,1,1,0,1,0,0,0,0,0,1,2
46292,attack,clean_target_ineffective,1,S5,5,23,6,1,1,1,0,0,0,0,0,1,0,1
46293,attack,clean_target_effective,2,S5,5,22,5,1,1,0,1,0,0,0,0,0,1,2
46296,attack,missed,0,S5,5,22,5,1,0,0,0,1,0,0,0,0,0,0
46299,attack,clean_target_effective,2,S0,0,22,5,1,1,0,1,0,0,0,0,0,1,2
46301,attack,invalid_reset,5,S5,5,22,0,0,0,0,0,0,0,0,1,0,0,0
46311,attack,off_target,3,S0,0,22,0,1,0,0,0,0,1,0,0,0,0,0
46314,attack,multi_hit,4,S0,0,22,5,1,0,0,0,0,0,1,0,0,0,0
46320,attack,clean_target_effective,2,S0,0,23,3,1,1,0,1,0,0,0,0,0,1,2
46325,attack,missed,0,S0,0,23,4,1,0,0,0,1,0,0,0,0,0,0
46327,attack,missed,0,S5,5,22,7,1,0,0,0,1,0,0,0,0,0,0
46331,attack,invalid_reset,5,S0,0,22,7,0,0,0,0,0,0,0,1,0,0,0
46332,attack,missed,0,S0,0,22,5,1,0,0,0,1,0,0,0,0,0,0
46333,attack,missed,0,S5,5,22,2,1,0,0,0,1,0,0,0,0,0,0
46338,attack,missed,0,S0,0,22,4,1,0,0,0,1,0,0,0,0,0,0
46339,attack,clean_target_effective,2,S0,0,23,0,1,1,0,1,0,0,0,0,0,1,2
46344,attack,off_target,3,S0,0,22,4,1,0,0,0,0,1,0,0,0,0,0
46351,attack,missed,0,S5,5,23,0,1,0,0,0,1,0,0,0,0,0,0
46354,attack,off_target,3,S5,5,22,4,1,0,0,0,0,1,0,0,0,0,0
46358,attack,off_target,3,S5,5,23,2,1,0,0,0,0,1,0,0,0,0,0
46359,attack,clean_target_ineffective,1,S5,5,23,2,1,1,1,0,0,0,0,0,1,0,1
46361,attack,clean_target_effective,2,S5,5,22,7,1,1,0,1,0,0,0,0,0,1,2
46364,attack,clean_target_effective,2,S5,5,22,6,1,1,0,1,0,0,0,0,0,1,2
46365,attack,clean_target_effective,2,S0,0,22,4,1,1,0,1,0,0,0,0,0,1,2
46369,attack,multi_hit,4,S0,0,22,1,1,0,0,0,0,0,1,0,0,0,0
46372,attack,clean_target_effective,2,S0,0,22,4,1,1,0,1,0,0,0,0,0,1,2
46373,attack,multi_hit,4,S5,5,22,6,1,0,0,0,0,0,1,0,0,0,0
46387,attack,clean_target_effective,2,S5,5,22,4,1,1,0,1,0,0,0,0,0,1,2
46389,attack,missed,0,S5,5,23,6,1,0,0,0,1,0,0,0,0,0,0
46394,attack,multi_hit,4,S0,0,23,4,1,0,0,0,0,0,1,0,0,0,0
46397,attack,missed,0,S0,0,22,0,1,0,0,0,1,0,0,0,0,0,0
46401,attack,clean_target_effective,2,S0,0,23,6,1,1,0,1,0,0,0,0,0,1,2
46403,attack,off_target,3,S5,5,22,6,1,0,0,0,0,1,0,0,0,0,0
46406,attack,missed,0,S5,5,23,4,1,0,0,0,1,0,0,0,0,0,0
46409,attack,clean_target_effective,2,S5,5,22,4,1,1,0,1,0,0,0,0,0,1,2
46410,attack,clean_target_effective,2,S5,5,23,7,1,1,0,1,0,0,0,0,0,1,2
46414,attack,clean_target_ineffective,1,S5,5,22,7,1,1,1,0,0,0,0,0,1,0,1
46416,attack,invalid_reset,5,S0,0,22,0,0,0,0,0,0,0,0,1,0,0,0
46417,attack,clean_target_effective,2,S5,5,23,1,1,1,0,1,0,0,0,0,0,1,2
46419,attack,clean_target_effective,2,S5,5,23,7,1,1,0,1,0,0,0,0,0,1,2
46430,attack,missed,0,S5,5,23,6,1,0,0,0,1,0,0,0,0,0,0
46432,attack,clean_target_effective,2,S5,5,23,1,1,1,0,1,0,0,0,0,0,1,2
46435,attack,missed,0,S5,5,22,2,1,0,0,0,1,0,0,0,0,0,0
46438,attack,missed,0,S0,0,23,5,1,0,0,0,1,0,0,0,0,0,0
46440,attack,clean_target_effective,2,S0,0,23,4,1,1,0,1,0,0,0,0,0,1,2
46441,attack,clean_target_effective,2,S0,0,23,3,1,1,0,1,0,0,0,0,0,1,2
46447,attack,missed,0,S0,0,22,0,1,0,0,0,1,0,0,0,0,0,0
46448,attack,clean_target_effective,2,S0,0,23,3,1,1,0,1,0,0,0,0,0,1,2
46452,attack,off_target,3,S5,5,22,4,1,0,0,0,0,1,0,0,0,0,0
46458,attack,missed,0,S5,5,23,2,1,0,0,0,1,0,0,0,0,0,0
46460,attack,clean_target_effective,2,S0,0,23,2,1,1,0,1,0,0,0,0,0,1,2
46465,attack,clean_target_effective,2,S0,0,23,0,1,1,0,1,0,0,0,0,0,1,2
46467,attack,off_target,3,S0,0,22,3,1,0,0,0,0,1,0,0,0,0,0
46474,attack,missed,0,S0,0,22,3,1,0,0,0,1,0,0,0,0,0,0
46476,attack,multi_hit,4,S0,0,23,1,1,0,0,0,0,0,1,0,0,0,0
46477,attack,clean_target_effective,2,S0,0,23,5,1,1,0,1,0,0,0,0,0,1,2
46501,attack,multi_hit,4,S5,5,23,1,1,0,0,0,0,0,1,0,0,0,0
46507,attack,missed,0,S0,0,23,2,1,0,0,0,1,0,0,0,0,0,0
46511,attack,clean_target_effective,2,S5,5,22,1,1,1,0,1,0,0,0,0,0,1,2
46513,attack,clean_target_effective,2,S5,5,23,2,1,1,0,1,0,0,0,0,0,1,2
46521,attack,missed,0,S0,0,23,6,1,0,0,0,1,0,0,0,0,0,0
46526,attack,multi_hit,4,S0,0,22,4,1,0,0,0,0,0,1,0,0,0,0
46527,attack,clean_target_ineffective,1,S5,5,22,2,1,1,1,0,0,0,0,0,1,0,1
46537,attack,clean_target_effective,2,S5,5,22,5,1,1,0,1,0,0,0,0,0,1,2
46538,attack,off_target,3,S0,0,23,1,1,0,0,0,0,1,0,0,0,0,0
46539,attack,multi_hit,4,S5,5,23,6,1,0,0,0,0,0,1,0,0,0,0
46540,attack,invalid_reset,5,S5,5,23,2,0,0,0,0,0,0,0,1,0,0,0
46541,attack,clean_target_effective,2,S5,5,23,1,1,1,0,1,0,0,0,0,0,1,2
46543,attack,multi_hit,4,S0,0,22,5,1,0,0,0,0,0,1,0,0,0,0
46545,attack,invalid_reset,5,S0,0,23,7,0,0,0,0,0,0,0,1,0,0,0
46546,attack,off_target,3,S0,0,23,1,1,0,0,0,0,1,0,0,0,0,0
46547,attack,missed,0,S0,0,22,4,1,0,0,0,1,0,0,0,0,0,0
46548,attack,multi_hit,4,S5,5,23,7,1,0,0,0,0,0,1,0,0,0,0
46552,attack,missed,0,S5,5,23,2,1,0,0,0,1,0,0,0,0,0,0
46554,attack,missed,0,S5,5,22,3,1,0,0,0,1,0,0,0,0,0,0
46555,attack,clean_target_ineffective,1,S0,0,22,0,1,1,1,0,0,0,0,0,1,0,1
46561,attack,clean_target_ineffective,1,S0,0,22,2,1,1,1,0,0,0,0,0,1,0,1
46564,attack,clean_target_effective,2,S5,5,22,4,1,1,0,1,0,0,0,0,0,1,2
46566,attack,clean_target_effective,2,S0,0,23,0,1,1,0,1,0,0,0,0,0,1,2
46567,attack,clean_target_effective,2,S0,0,22,4,1,1,0,1,0,0,0,0,0,1,2
46572,attack,missed,0,S0,0,23,4,1,0,0,0,1,0,0,0,0,0,0
46578,attack,missed,0,S0,0,23,4,1,0,0,0,1,0,0,0,0,0,0
46582,attack,missed,0,S0,0,22,2,1,0,0,0,1,0,0,0,0,0,0
46592,attack,off_target,3,S5,5,22,6,1,0,0,0,0,1,0,0,0,0,0
46599,attack,missed,0,S5,5,22,3,1,0,0,0,1,0,0,0,0,0,0
46605,attack,multi_hit,4,S5,5,22,3,1,0,0,0,0,0,1,0,0,0,0
46606,attack,missed,0,S5,5,22,7,1,0,0,0,1,0,0,0,0,0,0
46607,attack,clean_target_effective,2,S5,5,22,6,1,1,0,1,0,0,0,0,0,1,2
46614,attack,missed,0,S0,0,22,1,1,0,0,0,1,0,0,0,0,0,0
46617,attack,clean_target_ineffective,1,S0,0,23,6,1,1,1,0,0,0,0,0,1,0,1
46618,attack,off_target,3,S0,0,22,5,1,0,0,0,0,1,0,0,0,0,0
46631,attack,off_target,3,S0,0,22,3,1,0,0,0,0,1,0,0,0,0,0
46633,attack,multi_hit,4,S5,5,23,2,1,0,0,0,0,0,1,0,0,0,0
46634,attack,clean_target_effective,2,S0,0,22,1,1,1,0,1,0,0,0,0,0,1,2
46635,attack,clean_target_effective,2,S5,5,23,1,1,1,0,1,0,0,0,0,0,1,2
46636,attack,multi_hit,4,S0,0,22,4,1,0,0,0,0,0,1,0,0,0,0
46637,attack,clean_target_ineffective,1,S5,5,22,2,1,1,1,0,0,0,0,0,1,0,1
46640,attack,missed,0,S5,5,23,3,1,0,0,0,1,0,0,0,0,0,0
46647,attack,clean_target_ineffective,1,S5,5,23,4,1,1,1,0,0,0,0,0,1,0,1
46648,attack,clean_target_effective,2,S0,0,23,5,1,1,0,1,0,0,0,0,0,1,2
46650,attack,multi_hit,4,S5,5,22,0,1,0,0,0,0,0,1,0,0,0,0
46662,attack,multi_hit,4,S5,5,22,1,1,0,0,0,0,0,1,0,0,0,0
46670,attack,clean_target_effective,2,S5,5,22,5,1,1,0,1,0,0,0,0,0,1,2
46673,attack,off_target,3,S5,5,22,5,1,0,0,0,0,1,0,0,0,0,0
46681,attack,invalid_reset,5,S0,0,23,3,0,0,0,0,0,0,0,1,0,0,0
46688,attack,off_target,3,S5,5,22,3,1,0,0,0,0,1,0,0,0,0,0
46689,attack,clean_target_ineffective,1,S5,5,22,4,1,1,1,0,0,0,0,0,1,0,1
46691,attack,multi_hit,4,S0,0,23,6,1,0,0,0,0,0,1,0,0,0,0
46693,attack,clean_target_effective,2,S0,0,22,5,1,1,0,1,0,0,0,0,0,1,2
46694,attack,off_target,3,S5,5,23,1,1,0,0,0,0,1,0,0,0,0,0
46695,attack,multi_hit,4,S5,5,23,7,1,0,0,0,0,0,1,0,0,0,0
46696,attack,multi_hit,4,S5,5,23,0,1,0,0,0,0,0,1,0,0,0,0
46699,attack,clean_target_ineffective,1,S5,5,23,5,1,1,1,0,0,0,0,0,1,0,1
46703,attack,clean_target_effective,2,S0,0,22,4,1,1,0,1,0,0,0,0,0,1,2
46705,attack,missed,0,S5,5,22,6,1,0,0,0,1,0,0,0,0,0,0
46709,attack,clean_target_effective,2,S5,5,23,3,1,1,0,1,0,0,0,0,0,1,2
46711,attack,clean_target_effective,2,S0,0,22,6,1,1,0,1,0,0,0,0,0,1,2
46712,attack,clean_target_effective,2,S0,0,22,1,1,1,0,1,0,0,0,0,0,1,2
46713,attack,clean_target_effective,2,S5,5,23,0,1,1,0,1,0,0,0,0,0,1,2
46714,attack,off_target,3,S0,0,23,6,1,0,0,0,0,1,0,0,0,0,0
46724,attack,missed,0,S0,0,22,7,1,0,0,0,1,0,0,0,0,0,0
46726,attack,clean_target_ineffective,1,S5,5,23,5,1,1,1,0,0,0,0,0,1,0,1
46727,attack,missed,0,S0,0,23,3,1,0,0,0,1,0,0,0,0,0,0
46731,attack,missed,0,S5,5,23,7,1,0,0,0,1,0,0,0,0,0,0
46736,attack,clean_target_effective,2,S5,5,23,4,1,1,0,1,0,0,0,0,0,1,2
46737,attack,missed,0,S5,5,23,4,1,0,0,0,1,0,0,0,0,0,0
46744,attack,clean_target_effective,2,S5,5,22,0,1,1,0,1,0,0,0,0,0,1,2
46746,attack,multi_hit,4,S0,0,22,1,1,0,0,0,0,0,1,0,0,0,0
46750,attack,clean_target_ineffective,1,S0,0,23,1,1,1,1,0,0,0,0,0,1,0,1
46751,attack,missed,0,S0,0,22,5,1,0,0,0,1,0,0,0,0,0,0
46755,attack,clean_target_effective,2,S0,0,22,3,1,1,0,1,0,0,0,0,0,1,2
46757,attack,clean_target_ineffective,1,S5,5,22,6,1,1,1,0,0,0,0,0,1,0,1
46760,attack,missed,0,S5,5,22,7,1,0,0,0,1,0,0,0,0,0,0
46762,attack,off_target,3,S5,5,23,1,1,0,0,0,0,1,0,0,0,0,0
46769,attack,missed,0,S0,0,22,7,1,0,0,0,1,0,0,0,0,0,0
46771,attack,missed,0,S0,0,22,5,1,0,0,0,1,0,0,0,0,0,0
46774,attack,clean_target_ineffective,1,S5,5,22,1,1,1,1,0,0,0,0,0,1,0,1
46782,attack,missed,0,S5,5,23,5,1,0,0,0,1,0,0,0,0,0,0
46791,attack,clean_target_effective,2,S0,0,22,6,1,1,0,1,0,0,0,0,0,1,2
46800,attack,clean_target_effective,2,S0,0,22,7,1,1,0,1,0,0,0,0,0,1,2
46802,attack,missed,0,S0,0,22,5,1,0,0,0,1,0,0,0,0,0,0
46804,attack,invalid_reset,5,S5,5,22,2,0,0,0,0,0,0,0,1,0,0,0
46807,attack,invalid_reset,5,S5,5,23,0,0,0,0,0,0,0,0,1,0,0,0
46822,attack,off_target,3,S5,5,23,0,1,0,0,0,0,1,0,0,0,0,0
46824,attack,off_target,3,S5,5,22,1,1,0,0,0,0,1,0,0,0,0,0
46836,attack,clean_target_effective,2,S0,0,22,7,1,1,0,1,0,0,0,0,0,1,2
46841,attack,clean_target_effective,2,S0,0,22,4,1,1,0,1,0,0,0,0,0,1,2
46843,attack,off_target,3,S5,5,23,7,1,0,0,0,0,1,0,0,0,0,0
46846,attack,off_target,3,S0,0,23,1,1,0,0,0,0,1,0,0,0,0,0
46856,attack,off_target,3,S0,0,22,0,1,0,0,0,0,1,0,0,0,0,0
46867,attack,off_target,3,S5,5,22,7,1,0,0,0,0,1,0,0,0,0,0
46869,attack,clean_target_effective,2,S5,5,23,6,1,1,0,1,0,0,0,0,0,1,2
46872,attack,missed,0,S0,0,23,4,1,0,0,0,1,0,0,0,0,0,0
46878,attack,missed,0,S0,0,22,3,1,0,0,0,1,0,0,0,0,0,0
46883,attack,clean_target_effective,2,S0,0,22,7,1,1,0,1,0,0,0,0,0,1,2
46885,attack,invalid_reset,5,S5,5,22,4,0,0,0,0,0,0,0,1,0,0,0
46895,attack,multi_hit,4,S5,5,23,7,1,0,0,0,0,0,1,0,0,0,0
46897,attack,multi_hit,4,S0,0,22,5,1,0,0,0,0,0,1,0,0,0,0
46902,attack,missed,0,S0,0,23,2,1,0,0,0,1,0,0,0,0,0,0
46907,attack,missed,0,S0,0,23,5,1,0,0,0,1,0,0,0,0,0,0
46908,attack,clean_target_effective,2,S0,0,22,4,1,1,0,1,0,0,0,0,0,1,2
46909,attack,clean_target_ineffective,1,S5,5,23,7,1,1,1,0,0,0,0,0,1,0,1
46910,attack,missed,0,S5,5,23,0,1,0,0,0,1,0,0,0,0,0,0
46915,attack,off_target,3,S0,0,23,2,1,0,0,0,0,1,0,0,0,0,0
46916,attack,missed,0,S0,0,22,7,1,0,0,0,1,0,0,0,0,0,0
46918,attack,off_target,3,S5,5,22,3,1,0,0,0,0,1,0,0,0,0,0
46924,attack,missed,0,S0,0,23,4,1,0,0,0,1,0,0,0,0,0,0
46925,attack,clean_target_ineffective,1,S0,0,22,3,1,1,1,0,0,0,0,0,1,0,1
46931,attack,off_target,3,S5,5,23,2,1,0,0,0,0,1,0,0,0,0,0
46935,attack,clean_target_ineffective,1,S5,5,23,6,1,1,1,0,0,0,0,0,1,0,1
46940,attack,missed,0,S0,0,23,5,1,0,0,0,1,0,0,0,0,0,0
46944,attack,clean_target_effective,2,S5,5,23,2,1,1,0,1,0,0,0,0,0,1,2
46946,attack,clean_target_ineffective,1,S0,0,22,2,1,1,1,0,0,0,0,0,1,0,1
46953,attack,multi_hit,4,S0,0,23,4,1,0,0,0,0,0,1,0,0,0,0
46956,attack,off_target,3,S5,5,23,1,1,0,0,0,0,1,0,0,0,0,0
46959,attack,missed,0,S5,5,23,6,1,0,0,0,1,0,0,0,0,0,0
46960,attack,off_target,3,S5,5,22,4,1,0,0,0,0,1,0,0,0,0,0
46971,attack,missed,0,S0,0,23,4,1,0,0,0,1,0,0,0,0,0,0
46986,attack,off_target,3,S5,5,22,7,1,0,0,0,0,1,0,0,0,0,0
46987,attack,multi_hit,4,S0,0,22,0,1,0,0,0,0,0,1,0,0,0,0
46992,attack,clean_target_ineffective,1,S0,0,22,2,1,1,1,0,0,0,0,0,1,0,1
46993,attack,off_target,3,S5,5,22,5,1,0,0,0,0,1,0,0,0,0,0
47000,attack,missed,0,S5,5,22,6,1,0,0,0,1,0,0,0,0,0,0
47003,attack,multi_hit,4,S0,0,22,4,1,0,0,0,0,0,1,0,0,0,0
47005,attack,off_target,3,S5,5,22,2,1,0,0,0,0,1,0,0,0,0,0
47008,attack,multi_hit,4,S0,0,23,4,1,0,0,0,0,0,1,0,0,0,0
47011,attack,missed,0,S0,0,23,4,1,0,0,0,1,0,0,0,0,0,0
47015,attack,missed,0,S5,5,23,3,1,0,0,0,1,0,0,0,0,0,0
47017,attack,missed,0,S5,5,23,3,1,0,0,0,1,0,0,0,0,0,0
47025,attack,missed,0,S0,0,22,0,1,0,0,0,1,0,0,0,0,0,0
47032,attack,off_target,3,S0,0,23,6,1,0,0,0,0,1,0,0,0,0,0
47035,attack,multi_hit,4,S0,0,23,1,1,0,0,0,0,0,1,0,0,0,0
47040,attack,missed,0,S5,5,23,7,1,0,0,0,1,0,0,0,0,0,0
47044,attack,off_target,3,S0,0,22,5,1,0,0,0,0,1,0,0,0,0,0
47053,attack,clean_target_ineffective,1,S0,0,22,6,1,1,1,0,0,0,0,0,1,0,1
47060,attack,multi_hit,4,S0,0,23,5,1,0,0,0,0,0,1,0,0,0,0
47068,attack,clean_target_ineffective,1,S0,0,23,3,1,1,1,0,0,0,0,0,1,0,1
47069,attack,clean_target_ineffective,1,S0,0,23,6,1,1,1,0,0,0,0,0,1,0,1
47073,attack,off_target,3,S0,0,22,6,1,0,0,0,0,1,0,0,0,0,0
47076,attack,off_target,3,S0,0,23,6,1,0,0,0,0,1,0,0,0,0,0
47082,attack,clean_target_effective,2,S0,0,22,0,1,1,0,1,0,0,0,0,0,1,2
47083,attack,clean_target_effective,2,S5,5,22,0,1,1,0,1,0,0,0,0,0,1,2
47085,attack,missed,0,S0,0,22,7,1,0,0,0,1,0,0,0,0,0,0
47091,attack,multi_hit,4,S5,5,22,6,1,0,0,0,0,0,1,0,0,0,0
47095,attack,missed,0,S0,0,23,4,1,0,0,0,1,0,0,0,0,0,0
47096,attack,off_target,3,S5,5,23,6,1,0,0,0,0,1,0,0,0,0,0
47097,attack,clean_target_effective,2,S5,5,22,7,1,1,0,1,0,0,0,0,0,1,2
47102,attack,clean_target_effective,2,S0,0,22,7,1,1,0,1,0,0,0,0,0,1,2
47103,attack,clean_target_effective,2,S0,0,23,5,1,1,0,1,0,0,0,0,0,1,2
47104,attack,clean_target_effective,2,S5,5,23,4,1,1,0,1,0,0,0,0,0,1,2
47110,attack,missed,0,S0,0,22,4,1,0,0,0,1,0,0,0,0,0,0
47114,attack,clean_target_effective,2,S0,0,23,3,1,1,0,1,0,0,0,0,0,1,2
47119,attack,invalid_reset,5,S0,0,23,4,0,0,0,0,0,0,0,1,0,0,0
47122,attack,clean_target_effective,2,S5,5,22,2,1,1,0,1,0,0,0,0,0,1,2
47126,attack,off_target,3,S5,5,23,3,1,0,0,0,0,1,0,0,0,0,0
47129,attack,invalid_reset,5,S5,5,23,1,0,0,0,0,0,0,0,1,0,0,0
47131,attack,clean_target_ineffective,1,S5,5,22,1,1,1,1,0,0,0,0,0,1,0,1
47148,attack,clean_target_effective,2,S5,5,22,1,1,1,0,1,0,0,0,0,0,1,2
47149,attack,clean_target_effective,2,S5,5,22,4,1,1,0,1,0,0,0,0,0,1,2
47152,attack,missed,0,S5,5,22,6,1,0,0,0,1,0,0,0,0,0,0
47153,attack,clean_target_ineffective,1,S0,0,23,7,1,1,1,0,0,0,0,0,1,0,1
47156,attack,missed,0,S5,5,23,3,1,0,0,0,1,0,0,0,0,0,0
47157,attack,missed,0,S0,0,22,1,1,0,0,0,1,0,0,0,0,0,0
47158,attack,clean_target_effective,2,S5,5,23,5,1,1,0,1,0,0,0,0,0,1,2
47159,attack,multi_hit,4,S0,0,22,0,1,0,0,0,0,0,1,0,0,0,0
47164,attack,missed,0,S5,5,22,1,1,0,0,0,1,0,0,0,0,0,0
47168,attack,off_target,3,S5,5,23,1,1,0,0,0,0,1,0,0,0,0,0
47173,attack,clean_target_effective,2,S0,0,22,6,1,1,0,1,0,0,0,0,0,1,2
47177,attack,clean_target_ineffective,1,S0,0,22,3,1,1,1,0,0,0,0,0,1,0,1
47184,attack,missed,0,S5,5,22,5,1,0,0,0,1,0,0,0,0,0,0
47188,attack,missed,0,S0,0,23,0,1,0,0,0,1,0,0,0,0,0,0
47190,attack,multi_hit,4,S5,5,23,5,1,0,0,0,0,0,1,0,0,0,0
47192,attack,clean_target_effective,2,S5,5,23,4,1,1,0,1,0,0,0,0,0,1,2
47196,attack,invalid_reset,5,S5,5,22,7,0,0,0,0,0,0,0,1,0,0,0
47202,attack,clean_target_ineffective,1,S0,0,22,5,1,1,1,0,0,0,0,0,1,0,1
47203,attack,multi_hit,4,S5,5,22,1,1,0,0,0,0,0,1,0,0,0,0
47206,attack,missed,0,S5,5,22,6,1,0,0,0,1,0,0,0,0,0,0
47211,attack,off_target,3,S5,5,23,3,1,0,0,0,0,1,0,0,0,0,0
47216,attack,off_target,3,S0,0,23,0,1,0,0,0,0,1,0,0,0,0,0
47219,attack,missed,0,S5,5,23,3,1,0,0,0,1,0,0,0,0,0,0
47220,attack,off_target,3,S5,5,22,4,1,0,0,0,0,1,0,0,0,0,0
47223,attack,missed,0,S0,0,23,5,1,0,0,0,1,0,0,0,0,0,0
47237,attack,off_target,3,S5,5,22,5,1,0,0,0,0,1,0,0,0,0,0
47241,attack,missed,0,S0,0,23,1,1,0,0,0,1,0,0,0,0,0,0
47246,attack,missed,0,S0,0,23,6,1,0,0,0,1,0,0,0,0,0,0
47257,attack,missed,0,S0,0,23,4,1,0,0,0,1,0,0,0,0,0,0
47259,attack,invalid_reset,5,S0,0,23,0,0,0,0,0,0,0,0,1,0,0,0
47260,attack,multi_hit,4,S5,5,22,6,1,0,0,0,0,0,1,0,0,0,0
47263,attack,off_target,3,S0,0,22,6,1,0,0,0,0,1,0,0,0,0,0
47280,attack,clean_target_effective,2,S5,5,22,4,1,1,0,1,0,0,0,0,0,1,2
47283,attack,clean_target_ineffective,1,S0,0,23,0,1,1,1,0,0,0,0,0,1,0,1
47293,attack,clean_target_effective,2,S0,0,22,1,1,1,0,1,0,0,0,0,0,1,2
47295,attack,clean_target_effective,2,S0,0,22,7,1,1,0,1,0,0,0,0,0,1,2
47299,attack,clean_target_ineffective,1,S0,0,22,7,1,1,1,0,0,0,0,0,1,0,1
47300,attack,multi_hit,4,S0,0,23,5,1,0,0,0,0,0,1,0,0,0,0
47307,attack,off_target,3,S5,5,22,5,1,0,0,0,0,1,0,0,0,0,0
47308,attack,off_target,3,S5,5,22,4,1,0,0,0,0,1,0,0,0,0,0
47331,attack,missed,0,S0,0,22,0,1,0,0,0,1,0,0,0,0,0,0
47335,attack,invalid_reset,5,S0,0,22,0,0,0,0,0,0,0,0,1,0,0,0
47343,attack,off_target,3,S0,0,23,4,1,0,0,0,0,1,0,0,0,0,0
47345,attack,missed,0,S0,0,23,3,1,0,0,0,1,0,0,0,0,0,0
47348,attack,clean_target_effective,2,S5,5,23,5,1,1,0,1,0,0,0,0,0,1,2
47350,attack,off_target,3,S5,5,22,0,1,0,0,0,0,1,0,0,0,0,0
47351,attack,missed,0,S0,0,22,4,1,0,0,0,1,0,0,0,0,0,0
47370,attack,missed,0,S5,5,22,7,1,0,0,0,1,0,0,0,0,0,0
47373,attack,invalid_reset,5,S0,0,23,5,0,0,0,0,0,0,0,1,0,0,0
47374,attack,clean_target_effective,2,S0,0,22,7,1,1,0,1,0,0,0,0,0,1,2
47379,attack,off_target,3,S0,0,22,4,1,0,0,0,0,1,0,0,0,0,0
47380,attack,off_target,3,S0,0,23,7,1,0,0,0,0,1,0,0,0,0,0
47383,attack,clean_target_effective,2,S0,0,23,2,1,1,0,1,0,0,0,0,0,1,2
47384,attack,invalid_reset,5,S5,5,22,6,0,0,0,0,0,0,0,1,0,0,0
47386,attack,clean_target_ineffective,1,S5,5,23,1,1,1,1,0,0,0,0,0,1,0,1
47394,attack,clean_target_effective,2,S5,5,23,2,1,1,0,1,0,0,0,0,0,1,2
47395,attack,clean_target_effective,2,S0,0,23,2,1,1,0,1,0,0,0,0,0,1,2
47407,attack,off_target,3,S0,0,23,2,1,0,0,0,0,1,0,0,0,0,0
47409,attack,missed,0,S0,0,22,1,1,0,0,0,1,0,0,0,0,0,0
47410,attack,multi_hit,4,S5,5,22,6,1,0,0,0,0,0,1,0,0,0,0
47414,attack,off_target,3,S0,0,23,4,1,0,0,0,0,1,0,0,0,0,0
47415,attack,clean_target_effective,2,S5,5,23,2,1,1,0,1,0,0,0,0,0,1,2
47425,attack,clean_target_effective,2,S5,5,23,4,1,1,0,1,0,0,0,0,0,1,2
47427,attack,missed,0,S0,0,22,4,1,0,0,0,1,0,0,0,0,0,0
47428,attack,clean_target_effective,2,S0,0,23,0,1,1,0,1,0,0,0,0,0,1,2
47431,attack,invalid_reset,5,S5,5,22,5,0,0,0,0,0,0,0,1,0,0,0
47435,attack,clean_target_effective,2,S5,5,23,3,1,1,0,1,0,0,0,0,0,1,2
47439,attack,missed,0,S0,0,22,5,1,0,0,0,1,0,0,0,0,0,0
47441,attack,missed,0,S0,0,23,7,1,0,0,0,1,0,0,0,0,0,0
47445,attack,multi_hit,4,S0,0,23,4,1,0,0,0,0,0,1,0,0,0,0
47449,attack,invalid_reset,5,S5,5,23,3,0,0,0,0,0,0,0,1,0,0,0
47451,attack,clean_target_effective,2,S0,0,23,3,1,1,0,1,0,0,0,0,0,1,2
47453,attack,missed,0,S5,5,22,3,1,0,0,0,1,0,0,0,0,0,0
47455,attack,clean_target_ineffective,1,S0,0,22,3,1,1,1,0,0,0,0,0,1,0,1
47457,attack,clean_target_ineffective,1,S5,5,22,1,1,1,1,0,0,0,0,0,1,0,1
47464,attack,off_target,3,S5,5,23,7,1,0,0,0,0,1,0,0,0,0,0
47473,attack,off_target,3,S0,0,23,2,1,0,0,0,0,1,0,0,0,0,0
47474,attack,invalid_reset,5,S0,0,23,6,0,0,0,0,0,0,0,1,0,0,0
47476,attack,multi_hit,4,S5,5,23,5,1,0,0,0,0,0,1,0,0,0,0
47478,attack,off_target,3,S5,5,22,6,1,0,0,0,0,1,0,0,0,0,0
47479,attack,missed,0,S0,0,22,2,1,0,0,0,1,0,0,0,0,0,0
47480,attack,missed,0,S0,0,23,5,1,0,0,0,1,0,0,0,0,0,0
47484,attack,missed,0,S0,0,23,7,1,0,0,0,1,0,0,0,0,0,0
47486,attack,missed,0,S5,5,22,4,1,0,0,0,1,0,0,0,0,0,0
47489,attack,clean_target_effective,2,S5,5,23,6,1,1,0,1,0,0,0,0,0,1,2
47490,attack,off_target,3,S0,0,22,2,1,0,0,0,0,1,0,0,0,0,0
47503,attack,multi_hit,4,S5,5,23,2,1,0,0,0,0,0,1,0,0,0,0
47504,attack,off_target,3,S5,5,22,0,1,0,0,0,0,1,0,0,0,0,0
47505,attack,clean_target_effective,2,S0,0,23,6,1,1,0,1,0,0,0,0,0,1,2
47509,attack,missed,0,S5,5,22,0,1,0,0,0,1,0,0,0,0,0,0
47510,attack,missed,0,S5,5,22,2,1,0,0,0,1,0,0,0,0,0,0
47513,attack,clean_target_effective,2,S5,5,22,5,1,1,0,1,0,0,0,0,0,1,2
47514,attack,off_target,3,S0,0,22,4,1,0,0,0,0,1,0,0,0,0,0
47517,attack,off_target,3,S0,0,23,0,1,0,0,0,0,1,0,0,0,0,0
47518,attack,clean_target_effective,2,S0,0,23,6,1,1,0,1,0,0,0,0,0,1,2
47520,attack,off_target,3,S5,5,23,5,1,0,0,0,0,1,0,0,0,0,0
47522,attack,clean_target_effective,2,S5,5,22,5,1,1,0,1,0,0,0,0,0,1,2
47528,attack,clean_target_effective,2,S0,0,23,4,1,1,0,1,0,0,0,0,0,1,2
47533,attack,off_target,3,S5,5,22,0,1,0,0,0,0,1,0,0,0,0,0
47537,attack,missed,0,S0,0,22,5,1,0,0,0,1,0,0,0,0,0,0
47543,attack,multi_hit,4,S5,5,23,3,1,0,0,0,0,0,1,0,0,0,0
47544,attack,off_target,3,S5,5,22,2,1,0,0,0,0,1,0,0,0,0,0
47547,attack,clean_target_effective,2,S0,0,23,2,1,1,0,1,0,0,0,0,0,1,2
47550,attack,clean_target_effective,2,S0,0,22,1,1,1,0,1,0,0,0,0,0,1,2
47557,attack,missed,0,S0,0,22,5,1,0,0,0,1,0,0,0,0,0,0
47570,attack,missed,0,S0,0,23,4,1,0,0,0,1,0,0,0,0,0,0
47571,attack,clean_target_effective,2,S0,0,22,2,1,1,0,1,0,0,0,0,0,1,2
47573,attack,missed,0,S0,0,23,2,1,0,0,0,1,0,0,0,0,0,0
47574,attack,clean_target_effective,2,S0,0,22,3,1,1,0,1,0,0,0,0,0,1,2
47576,attack,missed,0,S0,0,23,6,1,0,0,0,1,0,0,0,0,0,0
47580,attack,missed,0,S5,5,23,6,1,0,0,0,1,0,0,0,0,0,0
47587,attack,off_target,3,S0,0,23,6,1,0,0,0,0,1,0,0,0,0,0
47590,attack,off_target,3,S5,5,23,7,1,0,0,0,0,1,0,0,0,0,0
47598,attack,missed,0,S5,5,23,5,1,0,0,0,1,0,0,0,0,0,0
47599,attack,clean_target_effective,2,S5,5,22,5,1,1,0,1,0,0,0,0,0,1,2
47604,attack,missed,0,S0,0,22,6,1,0,0,0,1,0,0,0,0,0,0
47611,attack,clean_target_effective,2,S5,5,23,6,1,1,0,1,0,0,0,0,0,1,2
47616,attack,clean_target_effective,2,S0,0,23,7,1,1,0,1,0,0,0,0,0,1,2
47618,attack,clean_target_effective,2,S5,5,23,3,1,1,0,1,0,0,0,0,0,1,2
47620,attack,multi_hit,4,S5,5,22,2,1,0,0,0,0,0,1,0,0,0,0
47622,attack,clean_target_ineffective,1,S5,5,22,3,1,1,1,0,0,0,0,0,1,0,1
47630,attack,clean_target_effective,2,S0,0,22,2,1,1,0,1,0,0,0,0,0,1,2
47635,attack,multi_hit,4,S5,5,23,4,1,0,0,0,0,0,1,0,0,0,0
47637,attack,missed,0,S0,0,22,1,1,0,0,0,1,0,0,0,0,0,0
47644,attack,clean_target_ineffective,1,S0,0,23,1,1,1,1,0,0,0,0,0,1,0,1
47646,attack,clean_target_effective,2,S5,5,23,4,1,1,0,1,0,0,0,0,0,1,2
47648,attack,off_target,3,S5,5,23,4,1,0,0,0,0,1,0,0,0,0,0
47650,attack,missed,0,S0,0,22,7,1,0,0,0,1,0,0,0,0,0,0
47651,attack,off_target,3,S0,0,22,5,1,0,0,0,0,1,0,0,0,0,0
47665,attack,clean_target_effective,2,S5,5,22,5,1,1,0,1,0,0,0,0,0,1,2
47667,attack,missed,0,S0,0,23,2,1,0,0,0,1,0,0,0,0,0,0
47683,attack,clean_target_effective,2,S0,0,22,1,1,1,0,1,0,0,0,0,0,1,2
47685,attack,off_target,3,S5,5,23,7,1,0,0,0,0,1,0,0,0,0,0
47695,attack,missed,0,S5,5,22,7,1,0,0,0,1,0,0,0,0,0,0
47696,attack,off_target,3,S0,0,22,3,1,0,0,0,0,1,0,0,0,0,0
47697,attack,multi_hit,4,S5,5,22,2,1,0,0,0,0,0,1,0,0,0,0
47704,attack,clean_target_effective,2,S0,0,22,2,1,1,0,1,0,0,0,0,0,1,2
47711,attack,clean_target_effective,2,S5,5,23,2,1,1,0,1,0,0,0,0,0,1,2
47714,attack,multi_hit,4,S0,0,22,0,1,0,0,0,0,0,1,0,0,0,0
47716,attack,multi_hit,4,S5,5,22,0,1,0,0,0,0,0,1,0,0,0,0
47723,attack,clean_target_ineffective,1,S5,5,22,3,1,1,1,0,0,0,0,0,1,0,1
47725,attack,missed,0,S0,0,22,4,1,0,0,0,1,0,0,0,0,0,0
47727,attack,missed,0,S5,5,22,1,1,0,0,0,1,0,0,0,0,0,0
47733,attack,missed,0,S0,0,22,7,1,0,0,0,1,0,0,0,0,0,0
47744,attack,multi_hit,4,S0,0,22,3,1,0,0,0,0,0,1,0,0,0,0
47749,attack,missed,0,S0,0,22,7,1,0,0,0,1,0,0,0,0,0,0
47752,attack,clean_target_effective,2,S5,5,23,0,1,1,0,1,0,0,0,0,0,1,2
47754,attack,missed,0,S0,0,23,4,1,0,0,0,1,0,0,0,0,0,0
47759,attack,off_target,3,S0,0,22,5,1,0,0,0,0,1,0,0,0,0,0
47769,attack,off_target,3,S0,0,22,3,1,0,0,0,0,1,0,0,0,0,0
47777,attack,invalid_reset,5,S5,5,22,2,0,0,0,0,0,0,0,1,0,0,0
47778,attack,clean_target_effective,2,S0,0,22,7,1,1,0,1,0,0,0,0,0,1,2
47780,attack,missed,0,S0,0,23,3,1,0,0,0,1,0,0,0,0,0,0
47782,attack,clean_target_effective,2,S5,5,23,3,1,1,0,1,0,0,0,0,0,1,2
47784,attack,clean_target_ineffective,1,S0,0,22,0,1,1,1,0,0,0,0,0,1,0,1
47791,attack,off_target,3,S5,5,23,5,1,0,0,0,0,1,0,0,0,0,0
47794,attack,missed,0,S5,5,23,3,1,0,0,0,1,0,0,0,0,0,0
47796,attack,clean_target_effective,2,S5,5,22,1,1,1,0,1,0,0,0,0,0,1,2
47797,attack,clean_target_effective,2,S5,5,22,4,1,1,0,1,0,0,0,0,0,1,2
47798,attack,off_target,3,S0,0,22,3,1,0,0,0,0,1,0,0,0,0,0
47800,attack,missed,0,S5,5,23,1,1,0,0,0,1,0,0,0,0,0,0
47805,attack,off_target,3,S5,5,22,0,1,0,0,0,0,1,0,0,0,0,0
47809,attack,missed,0,S0,0,22,4,1,0,0,0,1,0,0,0,0,0,0
47812,attack,missed,0,S5,5,22,2,1,0,0,0,1,0,0,0,0,0,0
47823,attack,clean_target_effective,2,S5,5,23,6,1,1,0,1,0,0,0,0,0,1,2
47826,attack,off_target,3,S0,0,22,4,1,0,0,0,0,1,0,0,0,0,0
47830,attack,clean_target_effective,2,S0,0,22,3,1,1,0,1,0,0,0,0,0,1,2
47849,attack,multi_hit,4,S5,5,22,7,1,0,0,0,0,0,1,0,0,0,0
47851,attack,off_target,3,S0,0,23,5,1,0,0,0,0,1,0,0,0,0,0
47856,attack,clean_target_effective,2,S0,0,23,5,1,1,0,1,0,0,0,0,0,1,2
47864,attack,invalid_reset,5,S5,5,23,0,0,0,0,0,0,0,0,1,0,0,0
47872,attack,clean_target_effective,2,S0,0,22,5,1,1,0,1,0,0,0,0,0,1,2
47877,attack,clean_target_effective,2,S5,5,22,3,1,1,0,1,0,0,0,0,0,1,2
47881,attack,missed,0,S0,0,22,2,1,0,0,0,1,0,0,0,0,0,0
47884,attack,off_target,3,S5,5,23,5,1,0,0,0,0,1,0,0,0,0,0
47885,attack,missed,0,S0,0,23,3,1,0,0,0,1,0,0,0,0,0,0
47894,attack,clean_target_effective,2,S0,0,22,0,1,1,0,1,0,0,0,0,0,1,2
47897,attack,multi_hit,4,S0,0,22,7,1,0,0,0,0,0,1,0,0,0,0
47898,attack,invalid_reset,5,S5,5,23,5,0,0,0,0,0,0,0,1,0,0,0
47906,attack,clean_target_ineffective,1,S0,0,22,7,1,1,1,0,0,0,0,0,1,0,1
47911,attack,clean_target_ineffective,1,S5,5,23,2,1,1,1,0,0,0,0,0,1,0,1
47912,attack,missed,0,S0,0,22,6,1,0,0,0,1,0,0,0,0,0,0
47913,attack,clean_target_effective,2,S5,5,23,2,1,1,0,1,0,0,0,0,0,1,2
47918,attack,multi_hit,4,S5,5,23,4,1,0,0,0,0,0,1,0,0,0,0
47927,attack,missed,0,S0,0,22,4,1,0,0,0,1,0,0,0,0,0,0
47935,attack,clean_target_effective,2,S0,0,23,6,1,1,0,1,0,0,0,0,0,1,2
47940,attack,off_target,3,S5,5,23,6,1,0,0,0,0,1,0,0,0,0,0
47944,attack,clean_target_ineffective,1,S0,0,22,4,1,1,1,0,0,0,0,0,1,0,1
47958,attack,off_target,3,S0,0,23,4,1,0,0,0,0,1,0,0,0,0,0
47964,attack,invalid_reset,5,S0,0,22,3,0,0,0,0,0,0,0,1,0,0,0
47967,attack,invalid_reset,5,S5,5,22,7,0,0,0,0,0,0,0,1,0,0,0
47971,attack,missed,0,S5,5,22,4,1,0,0,0,1,0,0,0,0,0,0
47972,attack,invalid_reset,5,S0,0,23,3,0,0,0,0,0,0,0,1,0,0,0
47975,attack,clean_target_effective,2,S0,0,23,3,1,1,0,1,0,0,0,0,0,1,2
47976,attack,clean_target_ineffective,1,S0,0,23,0,1,1,1,0,0,0,0,0,1,0,1
47977,attack,clean_target_effective,2,S0,0,23,3,1,1,0,1,0,0,0,0,0,1,2
47980,attack,off_target,3,S5,5,23,0,1,0,0,0,0,1,0,0,0,0,0
47981,attack,clean_target_effective,2,S5,5,22,0,1,1,0,1,0,0,0,0,0,1,2
47982,attack,invalid_reset,5,S0,0,23,4,0,0,0,0,0,0,0,1,0,0,0
47983,attack,clean_target_effective,2,S5,5,22,6,1,1,0,1,0,0,0,0,0,1,2
47986,attack,clean_target_effective,2,S0,0,22,5,1,1,0,1,0,0,0,0,0,1,2
47988,attack,missed,0,S5,5,22,6,1,0,0,0,1,0,0,0,0,0,0
47993,attack,clean_target_ineffective,1,S0,0,23,4,1,1,1,0,0,0,0,0,1,0,1
48001,attack,clean_target_ineffective,1,S5,5,23,4,1,1,1,0,0,0,0,0,1,0,1
48002,attack,invalid_reset,5,S0,0,22,7,0,0,0,0,0,0,0,1,0,0,0
48006,attack,clean_target_effective,2,S5,5,23,4,1,1,0,1,0,0,0,0,0,1,2
48011,attack,clean_target_ineffective,1,S5,5,22,2,1,1,1,0,0,0,0,0,1,0,1
48012,attack,off_target,3,S5,5,22,7,1,0,0,0,0,1,0,0,0,0,0
48015,attack,clean_target_ineffective,1,S5,5,22,1,1,1,1,0,0,0,0,0,1,0,1
48017,attack,missed,0,S0,0,22,5,1,0,0,0,1,0,0,0,0,0,0
48018,attack,clean_target_ineffective,1,S5,5,23,2,1,1,1,0,0,0,0,0,1,0,1
48024,attack,missed,0,S0,0,22,4,1,0,0,0,1,0,0,0,0,0,0
48028,attack,off_target,3,S5,5,22,5,1,0,0,0,0,1,0,0,0,0,0
48033,attack,clean_target_effective,2,S0,0,22,3,1,1,0,1,0,0,0,0,0,1,2
48037,attack,off_target,3,S5,5,23,4,1,0,0,0,0,1,0,0,0,0,0
48041,attack,clean_target_effective,2,S0,0,23,1,1,1,0,1,0,0,0,0,0,1,2
48044,attack,clean_target_effective,2,S5,5,22,6,1,1,0,1,0,0,0,0,0,1,2
48046,attack,multi_hit,4,S0,0,23,5,1,0,0,0,0,0,1,0,0,0,0
48048,attack,off_target,3,S5,5,22,6,1,0,0,0,0,1,0,0,0,0,0
48051,attack,multi_hit,4,S0,0,22,1,1,0,0,0,0,0,1,0,0,0,0
48055,attack,clean_target_ineffective,1,S5,5,22,4,1,1,1,0,0,0,0,0,1,0,1
48056,attack,off_target,3,S5,5,22,4,1,0,0,0,0,1,0,0,0,0,0
48059,attack,clean_target_effective,2,S5,5,23,4,1,1,0,1,0,0,0,0,0,1,2
48072,attack,invalid_reset,5,S5,5,22,6,0,0,0,0,0,0,0,1,0,0,0
48073,attack,clean_target_effective,2,S5,5,23,0,1,1,0,1,0,0,0,0,0,1,2
48077,attack,clean_target_effective,2,S5,5,22,6,1,1,0,1,0,0,0,0,0,1,2
48081,attack,missed,0,S0,0,22,5,1,0,0,0,1,0,0,0,0,0,0
48101,attack,clean_target_effective,2,S0,0,22,0,1,1,0,1,0,0,0,0,0,1,2
48102,attack,clean_target_ineffective,1,S0,0,23,1,1,1,1,0,0,0,0,0,1,0,1
48108,attack,missed,0,S0,0,22,1,1,0,0,0,1,0,0,0,0,0,0
48111,attack,off_target,3,S5,5,23,2,1,0,0,0,0,1,0,0,0,0,0
48115,attack,off_target,3,S5,5,22,1,1,0,0,0,0,1,0,0,0,0,0
48117,attack,clean_target_effective,2,S0,0,22,7,1,1,0,1,0,0,0,0,0,1,2
48124,attack,clean_target_effective,2,S0,0,22,6,1,1,0,1,0,0,0,0,0,1,2
48125,attack,multi_hit,4,S5,5,23,6,1,0,0,0,0,0,1,0,0,0,0
48128,attack,clean_target_effective,2,S0,0,23,3,1,1,0,1,0,0,0,0,0,1,2
48133,attack,clean_target_effective,2,S0,0,22,0,1,1,0,1,0,0,0,0,0,1,2
48139,attack,clean_target_effective,2,S0,0,22,7,1,1,0,1,0,0,0,0,0,1,2
48147,attack,multi_hit,4,S0,0,23,1,1,0,0,0,0,0,1,0,0,0,0
48148,attack,off_target,3,S0,0,23,2,1,0,0,0,0,1,0,0,0,0,0
48152,attack,missed,0,S0,0,22,5,1,0,0,0,1,0,0,0,0,0,0
48155,attack,clean_target_effective,2,S5,5,22,1,1,1,0,1,0,0,0,0,0,1,2
48157,attack,missed,0,S5,5,23,2,1,0,0,0,1,0,0,0,0,0,0
48162,attack,invalid_reset,5,S5,5,23,5,0,0,0,0,0,0,0,1,0,0,0
48163,attack,clean_target_ineffective,1,S0,0,23,1,1,1,1,0,0,0,0,0,1,0,1
48164,attack,multi_hit,4,S0,0,22,2,1,0,0,0,0,0,1,0,0,0,0
48166,attack,clean_target_ineffective,1,S0,0,22,5,1,1,1,0,0,0,0,0,1,0,1
48174,attack,off_target,3,S5,5,23,2,1,0,0,0,0,1,0,0,0,0,0
48175,attack,invalid_reset,5,S5,5,23,4,0,0,0,0,0,0,0,1,0,0,0
48179,attack,off_target,3,S0,0,23,6,1,0,0,0,0,1,0,0,0,0,0
48183,attack,off_target,3,S0,0,23,1,1,0,0,0,0,1,0,0,0,0,0
48185,attack,multi_hit,4,S0,0,23,2,1,0,0,0,0,0,1,0,0,0,0
48187,attack,off_target,3,S5,5,23,1,1,0,0,0,0,1,0,0,0,0,0
48189,attack,multi_hit,4,S5,5,22,6,1,0,0,0,0,0,1,0,0,0,0
48193,attack,clean_target_effective,2,S5,5,23,1,1,1,0,1,0,0,0,0,0,1,2
48198,attack,clean_target_effective,2,S0,0,22,0,1,1,0,1,0,0,0,0,0,1,2
48203,attack,off_target,3,S0,0,22,4,1,0,0,0,0,1,0,0,0,0,0
48211,attack,off_target,3,S5,5,23,2,1,0,0,0,0,1,0,0,0,0,0
48214,attack,off_target,3,S0,0,23,7,1,0,0,0,0,1,0,0,0,0,0
48216,attack,missed,0,S0,0,22,0,1,0,0,0,1,0,0,0,0,0,0
48219,attack,off_target,3,S0,0,23,6,1,0,0,0,0,1,0,0,0,0,0
48221,attack,clean_target_effective,2,S0,0,23,2,1,1,0,1,0,0,0,0,0,1,2
48222,attack,off_target,3,S0,0,22,1,1,0,0,0,0,1,0,0,0,0,0
48226,attack,missed,0,S5,5,22,1,1,0,0,0,1,0,0,0,0,0,0
48227,attack,clean_target_ineffective,1,S0,0,23,5,1,1,1,0,0,0,0,0,1,0,1
48232,attack,invalid_reset,5,S5,5,23,3,0,0,0,0,0,0,0,1,0,0,0
48239,attack,clean_target_effective,2,S5,5,22,7,1,1,0,1,0,0,0,0,0,1,2
48240,attack,clean_target_effective,2,S0,0,22,6,1,1,0,1,0,0,0,0,0,1,2
48245,attack,clean_target_effective,2,S0,0,22,5,1,1,0,1,0,0,0,0,0,1,2
48248,attack,clean_target_ineffective,1,S0,0,23,3,1,1,1,0,0,0,0,0,1,0,1
48250,attack,invalid_reset,5,S0,0,23,3,0,0,0,0,0,0,0,1,0,0,0
48252,attack,clean_target_ineffective,1,S0,0,23,0,1,1,1,0,0,0,0,0,1,0,1
48254,attack,off_target,3,S0,0,23,2,1,0,0,0,0,1,0,0,0,0,0
48262,attack,clean_target_effective,2,S0,0,23,2,1,1,0,1,0,0,0,0,0,1,2
48267,attack,clean_target_effective,2,S0,0,23,2,1,1,0,1,0,0,0,0,0,1,2
48268,attack,missed,0,S0,0,22,4,1,0,0,0,1,0,0,0,0,0,0
48275,attack,missed,0,S0,0,22,6,1,0,0,0,1,0,0,0,0,0,0
48285,attack,clean_target_ineffective,1,S0,0,23,7,1,1,1,0,0,0,0,0,1,0,1
48294,attack,off_target,3,S5,5,22,4,1,0,0,0,0,1,0,0,0,0,0
48300,attack,clean_target_effective,2,S0,0,23,1,1,1,0,1,0,0,0,0,0,1,2
48309,attack,clean_target_effective,2,S0,0,22,4,1,1,0,1,0,0,0,0,0,1,2
48315,attack,clean_target_effective,2,S0,0,22,1,1,1,0,1,0,0,0,0,0,1,2
48322,attack,clean_target_effective,2,S0,0,22,5,1,1,0,1,0,0,0,0,0,1,2
48325,attack,multi_hit,4,S0,0,22,1,1,0,0,0,0,0,1,0,0,0,0
48326,attack,missed,0,S0,0,23,1,1,0,0,0,1,0,0,0,0,0,0
48327,attack,multi_hit,4,S5,5,22,7,1,0,0,0,0,0,1,0,0,0,0
48329,attack,clean_target_effective,2,S0,0,23,2,1,1,0,1,0,0,0,0,0,1,2
48331,attack,invalid_reset,5,S0,0,22,3,0,0,0,0,0,0,0,1,0,0,0
48332,attack,clean_target_effective,2,S5,5,23,5,1,1,0,1,0,0,0,0,0,1,2
48334,attack,clean_target_effective,2,S0,0,22,6,1,1,0,1,0,0,0,0,0,1,2
48337,attack,clean_target_effective,2,S0,0,23,4,1,1,0,1,0,0,0,0,0,1,2
48343,attack,missed,0,S5,5,23,7,1,0,0,0,1,0,0,0,0,0,0
48344,attack,clean_target_ineffective,1,S5,5,23,2,1,1,1,0,0,0,0,0,1,0,1
48348,attack,off_target,3,S5,5,23,0,1,0,0,0,0,1,0,0,0,0,0
48352,attack,clean_target_effective,2,S0,0,23,4,1,1,0,1,0,0,0,0,0,1,2
48355,attack,multi_hit,4,S0,0,23,0,1,0,0,0,0,0,1,0,0,0,0
48366,attack,clean_target_effective,2,S5,5,23,3,1,1,0,1,0,0,0,0,0,1,2
48368,attack,missed,0,S5,5,22,0,1,0,0,0,1,0,0,0,0,0,0
48369,attack,clean_target_effective,2,S0,0,23,7,1,1,0,1,0,0,0,0,0,1,2
48372,attack,missed,0,S0,0,22,7,1,0,0,0,1,0,0,0,0,0,0
48377,attack,clean_target_effective,2,S5,5,23,0,1,1,0,1,0,0,0,0,0,1,2
48382,attack,clean_target_ineffective,1,S0,0,23,1,1,1,1,0,0,0,0,0,1,0,1
48391,attack,off_target,3,S0,0,22,7,1,0,0,0,0,1,0,0,0,0,0
48397,attack,missed,0,S0,0,23,5,1,0,0,0,1,0,0,0,0,0,0
48400,attack,clean_target_ineffective,1,S0,0,22,6,1,1,1,0,0,0,0,0,1,0,1
48403,attack,multi_hit,4,S5,5,22,7,1,0,0,0,0,0,1,0,0,0,0
48407,attack,missed,0,S5,5,22,7,1,0,0,0,1,0,0,0,0,0,0
48412,attack,missed,0,S5,5,23,4,1,0,0,0,1,0,0,0,0,0,0
48415,attack,clean_target_effective,2,S0,0,23,6,1,1,0,1,0,0,0,0,0,1,2
48418,attack,missed,0,S5,5,22,4,1,0,0,0,1,0,0,0,0,0,0
48422,attack,clean_target_effective,2,S0,0,23,7,1,1,0,1,0,0,0,0,0,1,2
48432,attack,clean_target_effective,2,S5,5,22,4,1,1,0,1,0,0,0,0,0,1,2
48434,attack,missed,0,S0,0,23,3,1,0,0,0,1,0,0,0,0,0,0
48435,attack,multi_hit,4,S0,0,23,2,1,0,0,0,0,0,1,0,0,0,0
48445,attack,missed,0,S0,0,22,7,1,0,0,0,1,0,0,0,0,0,0
48450,attack,off_target,3,S5,5,22,4,1,0,0,0,0,1,0,0,0,0,0
48452,attack,missed,0,S0,0,22,4,1,0,0,0,1,0,0,0,0,0,0
48453,attack,clean_target_ineffective,1,S0,0,23,3,1,1,1,0,0,0,0,0,1,0,1
48456,attack,missed,0,S5,5,23,7,1,0,0,0,1,0,0,0,0,0,0
48457,attack,missed,0,S5,5,22,5,1,0,0,0,1,0,0,0,0,0,0
48470,attack,multi_hit,4,S0,0,23,1,1,0,0,0,0,0,1,0,0,0,0
48473,attack,clean_target_effective,2,S0,0,23,5,1,1,0,1,0,0,0,0,0,1,2
48478,attack,off_target,3,S0,0,23,2,1,0,0,0,0,1,0,0,0,0,0
48484,attack,multi_hit,4,S0,0,22,4,1,0,0,0,0,0,1,0,0,0,0
48486,attack,missed,0,S5,5,22,3,1,0,0,0,1,0,0,0,0,0,0
48490,attack,multi_hit,4,S5,5,22,3,1,0,0,0,0,0,1,0,0,0,0
48497,attack,clean_target_effective,2,S0,0,23,3,1,1,0,1,0,0,0,0,0,1,2
48499,attack,clean_target_ineffective,1,S5,5,23,2,1,1,1,0,0,0,0,0,1,0,1
48509,attack,clean_target_ineffective,1,S5,5,23,5,1,1,1,0,0,0,0,0,1,0,1
48517,attack,missed,0,S5,5,22,4,1,0,0,0,1,0,0,0,0,0,0
48518,attack,clean_target_effective,2,S0,0,23,7,1,1,0,1,0,0,0,0,0,1,2
48525,attack,clean_target_effective,2,S5,5,23,0,1,1,0,1,0,0,0,0,0,1,2
48531,attack,off_target,3,S0,0,22,2,1,0,0,0,0,1,0,0,0,0,0
48533,attack,missed,0,S0,0,23,1,1,0,0,0,1,0,0,0,0,0,0
48542,attack,off_target,3,S0,0,22,6,1,0,0,0,0,1,0,0,0,0,0
48543,attack,off_target,3,S0,0,23,2,1,0,0,0,0,1,0,0,0,0,0
48544,attack,clean_target_effective,2,S0,0,22,0,1,1,0,1,0,0,0,0,0,1,2
48545,attack,multi_hit,4,S5,5,23,2,1,0,0,0,0,0,1,0,0,0,0
48546,attack,missed,0,S0,0,23,1,1,0,0,0,1,0,0,0,0,0,0
48556,attack,clean_target_effective,2,S5,5,23,1,1,1,0,1,0,0,0,0,0,1,2
48558,attack,missed,0,S5,5,23,6,1,0,0,0,1,0,0,0,0,0,0
48562,attack,off_target,3,S0,0,23,4,1,0,0,0,0,1,0,0,0,0,0
48565,attack,clean_target_ineffective,1,S0,0,23,7,1,1,1,0,0,0,0,0,1,0,1
48566,attack,multi_hit,4,S0,0,22,4,1,0,0,0,0,0,1,0,0,0,0
48571,attack,multi_hit,4,S5,5,22,7,1,0,0,0,0,0,1,0,0,0,0
48572,attack,missed,0,S5,5,23,6,1,0,0,0,1,0,0,0,0,0,0
48573,attack,clean_target_ineffective,1,S5,5,23,5,1,1,1,0,0,0,0,0,1,0,1
48578,attack,off_target,3,S0,0,23,5,1,0,0,0,0,1,0,0,0,0,0
48579,attack,clean_target_effective,2,S5,5,22,7,1,1,0,1,0,0,0,0,0,1,2
48581,attack,clean_target_effective,2,S5,5,23,7,1,1,0,1,0,0,0,0,0,1,2
48583,attack,multi_hit,4,S5,5,23,3,1,0,0,0,0,0,1,0,0,0,0
48587,attack,off_target,3,S0,0,23,0,1,0,0,0,0,1,0,0,0,0,0
48589,attack,off_target,3,S0,0,23,5,1,0,0,0,0,1,0,0,0,0,0
48597,attack,off_target,3,S5,5,23,1,1,0,0,0,0,1,0,0,0,0,0
48599,attack,off_target,3,S5,5,22,6,1,0,0,0,0,1,0,0,0,0,0
48600,attack,missed,0,S5,5,22,3,1,0,0,0,1,0,0,0,0,0,0
48604,attack,invalid_reset,5,S5,5,22,1,0,0,0,0,0,0,0,1,0,0,0
48609,attack,missed,0,S5,5,23,7,1,0,0,0,1,0,0,0,0,0,0
48610,attack,multi_hit,4,S5,5,23,4,1,0,0,0,0,0,1,0,0,0,0
48622,attack,multi_hit,4,S5,5,22,1,1,0,0,0,0,0,1,0,0,0,0
48623,attack,invalid_reset,5,S0,0,22,0,0,0,0,0,0,0,0,1,0,0,0
48625,attack,clean_target_effective,2,S0,0,22,1,1,1,0,1,0,0,0,0,0,1,2
48626,attack,missed,0,S5,5,22,4,1,0,0,0,1,0,0,0,0,0,0
48627,attack,invalid_reset,5,S5,5,23,4,0,0,0,0,0,0,0,1,0,0,0
48631,attack,missed,0,S5,5,23,5,1,0,0,0,1,0,0,0,0,0,0
48632,attack,clean_target_effective,2,S5,5,23,1,1,1,0,1,0,0,0,0,0,1,2
48633,attack,clean_target_effective,2,S0,0,23,1,1,1,0,1,0,0,0,0,0,1,2
48635,attack,clean_target_effective,2,S5,5,22,5,1,1,0,1,0,0,0,0,0,1,2
48636,attack,multi_hit,4,S5,5,22,1,1,0,0,0,0,0,1,0,0,0,0
48646,attack,clean_target_effective,2,S5,5,22,7,1,1,0,1,0,0,0,0,0,1,2
48651,attack,clean_target_effective,2,S0,0,23,0,1,1,0,1,0,0,0,0,0,1,2
48653,attack,clean_target_effective,2,S0,0,23,7,1,1,0,1,0,0,0,0,0,1,2
48669,attack,multi_hit,4,S5,5,22,2,1,0,0,0,0,0,1,0,0,0,0
48670,attack,missed,0,S5,5,23,7,1,0,0,0,1,0,0,0,0,0,0
48673,attack,invalid_reset,5,S5,5,23,4,0,0,0,0,0,0,0,1,0,0,0
48678,attack,missed,0,S5,5,22,7,1,0,0,0,1,0,0,0,0,0,0
48683,attack,missed,0,S0,0,22,6,1,0,0,0,1,0,0,0,0,0,0
48684,attack,clean_target_effective,2,S5,5,22,3,1,1,0,1,0,0,0,0,0,1,2
48685,attack,off_target,3,S0,0,23,0,1,0,0,0,0,1,0,0,0,0,0
48691,attack,clean_target_effective,2,S0,0,23,7,1,1,0,1,0,0,0,0,0,1,2
48693,attack,clean_target_effective,2,S0,0,23,7,1,1,0,1,0,0,0,0,0,1,2
48694,attack,clean_target_effective,2,S0,0,23,6,1,1,0,1,0,0,0,0,0,1,2
48697,attack,clean_target_effective,2,S5,5,22,1,1,1,0,1,0,0,0,0,0,1,2
48700,attack,clean_target_effective,2,S5,5,23,1,1,1,0,1,0,0,0,0,0,1,2
48706,attack,missed,0,S5,5,23,2,1,0,0,0,1,0,0,0,0,0,0
48710,attack,clean_target_effective,2,S5,5,23,5,1,1,0,1,0,0,0,0,0,1,2
48718,attack,missed,0,S0,0,23,7,1,0,0,0,1,0,0,0,0,0,0
48722,attack,clean_target_effective,2,S5,5,23,4,1,1,0,1,0,0,0,0,0,1,2
48726,attack,off_target,3,S0,0,22,1,1,0,0,0,0,1,0,0,0,0,0
48727,attack,off_target,3,S5,5,23,3,1,0,0,0,0,1,0,0,0,0,0
48728,attack,clean_target_ineffective,1,S5,5,23,7,1,1,1,0,0,0,0,0,1,0,1
48732,attack,multi_hit,4,S5,5,22,7,1,0,0,0,0,0,1,0,0,0,0
48736,attack,missed,0,S5,5,23,6,1,0,0,0,1,0,0,0,0,0,0
48741,attack,clean_target_effective,2,S5,5,22,2,1,1,0,1,0,0,0,0,0,1,2
48744,attack,missed,0,S0,0,22,1,1,0,0,0,1,0,0,0,0,0,0
48746,attack,clean_target_effective,2,S5,5,23,1,1,1,0,1,0,0,0,0,0,1,2
48749,attack,clean_target_ineffective,1,S5,5,23,0,1,1,1,0,0,0,0,0,1,0,1
48753,attack,clean_target_ineffective,1,S5,5,23,2,1,1,1,0,0,0,0,0,1,0,1
48761,attack,clean_target_effective,2,S5,5,22,0,1,1,0,1,0,0,0,0,0,1,2
48767,attack,clean_target_effective,2,S5,5,22,7,1,1,0,1,0,0,0,0,0,1,2
48769,attack,missed,0,S0,0,22,0,1,0,0,0,1,0,0,0,0,0,0
48770,attack,clean_target_effective,2,S5,5,23,6,1,1,0,1,0,0,0,0,0,1,2
48771,attack,missed,0,S5,5,23,6,1,0,0,0,1,0,0,0,0,0,0
48789,attack,clean_target_effective,2,S0,0,23,1,1,1,0,1,0,0,0,0,0,1,2
48794,attack,clean_target_ineffective,1,S0,0,22,3,1,1,1,0,0,0,0,0,1,0,1
48803,attack,multi_hit,4,S0,0,23,6,1,0,0,0,0,0,1,0,0,0,0
48805,attack,clean_target_effective,2,S0,0,23,7,1,1,0,1,0,0,0,0,0,1,2
48811,attack,missed,0,S5,5,22,7,1,0,0,0,1,0,0,0,0,0,0
48813,attack,missed,0,S0,0,22,7,1,0,0,0,1,0,0,0,0,0,0
48826,attack,off_target,3,S0,0,22,5,1,0,0,0,0,1,0,0,0,0,0
48827,attack,clean_target_effective,2,S0,0,22,1,1,1,0,1,0,0,0,0,0,1,2
48832,attack,clean_target_effective,2,S0,0,22,1,1,1,0,1,0,0,0,0,0,1,2
48835,attack,off_target,3,S0,0,22,1,1,0,0,0,0,1,0,0,0,0,0
48838,attack,multi_hit,4,S5,5,22,0,1,0,0,0,0,0,1,0,0,0,0
48842,attack,clean_target_effective,2,S0,0,23,1,1,1,0,1,0,0,0,0,0,1,2
48850,attack,off_target,3,S5,5,23,1,1,0,0,0,0,1,0,0,0,0,0
48851,attack,missed,0,S5,5,22,6,1,0,0,0,1,0,0,0,0,0,0
48854,attack,clean_target_effective,2,S0,0,23,3,1,1,0,1,0,0,0,0,0,1,2
48858,attack,missed,0,S0,0,23,6,1,0,0,0,1,0,0,0,0,0,0
48863,attack,clean_target_effective,2,S0,0,22,0,1,1,0,1,0,0,0,0,0,1,2
48866,attack,clean_target_effective,2,S0,0,22,5,1,1,0,1,0,0,0,0,0,1,2
48868,attack,off_target,3,S0,0,23,0,1,0,0,0,0,1,0,0,0,0,0
48870,attack,invalid_reset,5,S0,0,23,7,0,0,0,0,0,0,0,1,0,0,0
48874,attack,off_target,3,S5,5,23,2,1,0,0,0,0,1,0,0,0,0,0
48883,attack,clean_target_effective,2,S0,0,23,1,1,1,0,1,0,0,0,0,0,1,2
48887,attack,off_target,3,S5,5,23,7,1,0,0,0,0,1,0,0,0,0,0
48889,attack,clean_target_effective,2,S5,5,22,5,1,1,0,1,0,0,0,0,0,1,2
48890,attack,multi_hit,4,S5,5,23,1,1,0,0,0,0,0,1,0,0,0,0
48891,attack,clean_target_effective,2,S5,5,23,1,1,1,0,1,0,0,0,0,0,1,2
48893,attack,clean_target_effective,2,S5,5,23,7,1,1,0,1,0,0,0,0,0,1,2
48897,attack,multi_hit,4,S0,0,23,2,1,0,0,0,0,0,1,0,0,0,0
48898,attack,missed,0,S5,5,22,5,1,0,0,0,1,0,0,0,0,0,0
48903,attack,multi_hit,4,S5,5,23,3,1,0,0,0,0,0,1,0,0,0,0
48907,attack,clean_target_effective,2,S0,0,22,3,1,1,0,1,0,0,0,0,0,1,2
48908,attack,clean_target_ineffective,1,S5,5,22,1,1,1,1,0,0,0,0,0,1,0,1
48909,attack,clean_target_ineffective,1,S5,5,22,1,1,1,1,0,0,0,0,0,1,0,1
48911,attack,clean_target_effective,2,S0,0,22,1,1,1,0,1,0,0,0,0,0,1,2
48912,attack,off_target,3,S5,5,22,6,1,0,0,0,0,1,0,0,0,0,0
48913,attack,missed,0,S0,0,23,3,1,0,0,0,1,0,0,0,0,0,0
48919,attack,off_target,3,S0,0,23,0,1,0,0,0,0,1,0,0,0,0,0
48920,attack,clean_target_effective,2,S0,0,23,4,1,1,0,1,0,0,0,0,0,1,2
48924,attack,missed,0,S5,5,22,5,1,0,0,0,1,0,0,0,0,0,0
48932,attack,clean_target_ineffective,1,S0,0,23,3,1,1,1,0,0,0,0,0,1,0,1
48939,attack,off_target,3,S0,0,22,7,1,0,0,0,0,1,0,0,0,0,0
48945,attack,off_target,3,S0,0,23,0,1,0,0,0,0,1,0,0,0,0,0
48949,attack,clean_target_effective,2,S5,5,23,1,1,1,0,1,0,0,0,0,0,1,2
48954,attack,clean_target_ineffective,1,S0,0,23,0,1,1,1,0,0,0,0,0,1,0,1
48955,attack,clean_target_effective,2,S0,0,22,7,1,1,0,1,0,0,0,0,0,1,2
48960,attack,clean_target_effective,2,S0,0,23,3,1,1,0,1,0,0,0,0,0,1,2
48961,attack,clean_target_ineffective,1,S5,5,22,7,1,1,1,0,0,0,0,0,1,0,1
48965,attack,off_target,3,S5,5,22,1,1,0,0,0,0,1,0,0,0,0,0
48969,attack,clean_target_ineffective,1,S5,5,22,1,1,1,1,0,0,0,0,0,1,0,1
48987,attack,clean_target_ineffective,1,S0,0,22,2,1,1,1,0,0,0,0,0,1,0,1
48991,attack,multi_hit,4,S5,5,22,3,1,0,0,0,0,0,1,0,0,0,0
48995,attack,missed,0,S5,5,23,0,1,0,0,0,1,0,0,0,0,0,0
49000,attack,missed,0,S5,5,23,2,1,0,0,0,1,0,0,0,0,0,0
49008,attack,clean_target_effective,2,S0,0,23,1,1,1,0,1,0,0,0,0,0,1,2
49012,attack,clean_target_effective,2,S0,0,23,7,1,1,0,1,0,0,0,0,0,1,2
49017,attack,off_target,3,S5,5,22,2,1,0,0,0,0,1,0,0,0,0,0
49018,attack,clean_target_effective,2,S0,0,23,0,1,1,0,1,0,0,0,0,0,1,2
49019,attack,clean_target_effective,2,S0,0,23,5,1,1,0,1,0,0,0,0,0,1,2
49022,attack,missed,0,S0,0,23,4,1,0,0,0,1,0,0,0,0,0,0
49032,attack,invalid_reset,5,S0,0,23,7,0,0,0,0,0,0,0,1,0,0,0
49045,attack,clean_target_ineffective,1,S0,0,23,7,1,1,1,0,0,0,0,0,1,0,1
49046,attack,clean_target_effective,2,S5,5,22,1,1,1,0,1,0,0,0,0,0,1,2
49051,attack,clean_target_ineffective,1,S5,5,22,7,1,1,1,0,0,0,0,0,1,0,1
49052,attack,clean_target_ineffective,1,S0,0,22,1,1,1,1,0,0,0,0,0,1,0,1
49054,attack,invalid_reset,5,S5,5,23,5,0,0,0,0,0,0,0,1,0,0,0
49057,attack,off_target,3,S5,5,23,7,1,0,0,0,0,1,0,0,0,0,0
49060,attack,missed,0,S0,0,22,0,1,0,0,0,1,0,0,0,0,0,0
49066,attack,missed,0,S0,0,22,5,1,0,0,0,1,0,0,0,0,0,0
49067,attack,multi_hit,4,S5,5,23,7,1,0,0,0,0,0,1,0,0,0,0
49069,attack,off_target,3,S5,5,23,3,1,0,0,0,0,1,0,0,0,0,0
49072,attack,multi_hit,4,S0,0,23,1,1,0,0,0,0,0,1,0,0,0,0
49073,attack,missed,0,S5,5,22,0,1,0,0,0,1,0,0,0,0,0,0
49080,attack,clean_target_effective,2,S5,5,23,5,1,1,0,1,0,0,0,0,0,1,2
49092,attack,clean_target_effective,2,S5,5,23,7,1,1,0,1,0,0,0,0,0,1,2
49093,attack,missed,0,S0,0,23,6,1,0,0,0,1,0,0,0,0,0,0
49095,attack,clean_target_ineffective,1,S5,5,23,5,1,1,1,0,0,0,0,0,1,0,1
49096,attack,clean_target_effective,2,S0,0,23,4,1,1,0,1,0,0,0,0,0,1,2
49100,attack,invalid_reset,5,S5,5,22,3,0,0,0,0,0,0,0,1,0,0,0
49105,attack,clean_target_effective,2,S0,0,23,3,1,1,0,1,0,0,0,0,0,1,2
49121,attack,missed,0,S5,5,23,0,1,0,0,0,1,0,0,0,0,0,0
49122,attack,off_target,3,S0,0,23,1,1,0,0,0,0,1,0,0,0,0,0
49129,attack,invalid_reset,5,S5,5,23,3,0,0,0,0,0,0,0,1,0,0,0
49130,attack,off_target,3,S5,5,22,5,1,0,0,0,0,1,0,0,0,0,0
49135,attack,multi_hit,4,S0,0,23,2,1,0,0,0,0,0,1,0,0,0,0
49136,attack,multi_hit,4,S5,5,22,0,1,0,0,0,0,0,1,0,0,0,0
49139,attack,clean_target_effective,2,S5,5,22,5,1,1,0,1,0,0,0,0,0,1,2
49146,attack,clean_target_effective,2,S0,0,22,1,1,1,0,1,0,0,0,0,0,1,2
49148,attack,clean_target_effective,2,S0,0,23,2,1,1,0,1,0,0,0,0,0,1,2
49154,attack,clean_target_effective,2,S5,5,22,5,1,1,0,1,0,0,0,0,0,1,2
49160,attack,clean_target_effective,2,S5,5,22,3,1,1,0,1,0,0,0,0,0,1,2
49161,attack,missed,0,S0,0,23,7,1,0,0,0,1,0,0,0,0,0,0
49162,attack,clean_target_ineffective,1,S0,0,22,2,1,1,1,0,0,0,0,0,1,0,1
49163,attack,multi_hit,4,S0,0,22,2,1,0,0,0,0,0,1,0,0,0,0
49171,attack,multi_hit,4,S5,5,22,0,1,0,0,0,0,0,1,0,0,0,0
49172,attack,missed,0,S0,0,23,0,1,0,0,0,1,0,0,0,0,0,0
49177,attack,multi_hit,4,S0,0,23,3,1,0,0,0,0,0,1,0,0,0,0
49191,attack,clean_target_ineffective,1,S0,0,23,6,1,1,1,0,0,0,0,0,1,0,1
49193,attack,missed,0,S0,0,22,0,1,0,0,0,1,0,0,0,0,0,0
49203,attack,off_target,3,S5,5,23,6,1,0,0,0,0,1,0,0,0,0,0
49204,attack,missed,0,S0,0,23,4,1,0,0,0,1,0,0,0,0,0,0
49206,attack,clean_target_effective,2,S0,0,23,3,1,1,0,1,0,0,0,0,0,1,2
49210,attack,clean_target_effective,2,S5,5,23,7,1,1,0,1,0,0,0,0,0,1,2
49211,attack,missed,0,S0,0,23,6,1,0,0,0,1,0,0,0,0,0,0
49222,attack,multi_hit,4,S5,5,23,1,1,0,0,0,0,0,1,0,0,0,0
49224,attack,missed,0,S5,5,22,1,1,0,0,0,1,0,0,0,0,0,0
49225,attack,invalid_reset,5,S5,5,23,1,0,0,0,0,0,0,0,1,0,0,0
49228,attack,missed,0,S5,5,23,0,1,0,0,0,1,0,0,0,0,0,0
49229,attack,missed,0,S0,0,22,2,1,0,0,0,1,0,0,0,0,0,0
49239,attack,missed,0,S5,5,22,5,1,0,0,0,1,0,0,0,0,0,0
49243,attack,clean_target_effective,2,S0,0,23,4,1,1,0,1,0,0,0,0,0,1,2
49244,attack,clean_target_effective,2,S0,0,23,1,1,1,0,1,0,0,0,0,0,1,2
49246,attack,clean_target_effective,2,S0,0,22,7,1,1,0,1,0,0,0,0,0,1,2
49251,attack,clean_target_effective,2,S5,5,23,2,1,1,0,1,0,0,0,0,0,1,2
49254,attack,off_target,3,S0,0,23,3,1,0,0,0,0,1,0,0,0,0,0
49261,attack,off_target,3,S0,0,22,7,1,0,0,0,0,1,0,0,0,0,0
49262,attack,multi_hit,4,S0,0,23,6,1,0,0,0,0,0,1,0,0,0,0
49264,attack,missed,0,S0,0,22,2,1,0,0,0,1,0,0,0,0,0,0
49268,attack,multi_hit,4,S5,5,22,4,1,0,0,0,0,0,1,0,0,0,0
49271,attack,clean_target_ineffective,1,S0,0,22,3,1,1,1,0,0,0,0,0,1,0,1
49278,attack,missed,0,S0,0,22,7,1,0,0,0,1,0,0,0,0,0,0
49279,attack,clean_target_effective,2,S5,5,23,6,1,1,0,1,0,0,0,0,0,1,2
49281,attack,clean_target_effective,2,S5,5,22,4,1,1,0,1,0,0,0,0,0,1,2
49285,attack,clean_target_effective,2,S5,5,22,5,1,1,0,1,0,0,0,0,0,1,2
49288,attack,off_target,3,S5,5,23,5,1,0,0,0,0,1,0,0,0,0,0
49290,attack,clean_target_effective,2,S0,0,22,1,1,1,0,1,0,0,0,0,0,1,2
49296,attack,clean_target_effective,2,S5,5,22,2,1,1,0,1,0,0,0,0,0,1,2
49301,attack,clean_target_ineffective,1,S5,5,23,5,1,1,1,0,0,0,0,0,1,0,1
49302,attack,missed,0,S0,0,23,2,1,0,0,0,1,0,0,0,0,0,0
49305,attack,missed,0,S5,5,23,4,1,0,0,0,1,0,0,0,0,0,0
49310,attack,clean_target_ineffective,1,S5,5,22,6,1,1,1,0,0,0,0,0,1,0,1
49311,attack,clean_target_effective,2,S5,5,22,0,1,1,0,1,0,0,0,0,0,1,2
49312,attack,clean_target_effective,2,S0,0,23,2,1,1,0,1,0,0,0,0,0,1,2
49316,attack,missed,0,S5,5,22,2,1,0,0,0,1,0,0,0,0,0,0
49320,attack,invalid_reset,5,S5,5,22,5,0,0,0,0,0,0,0,1,0,0,0
49323,attack,multi_hit,4,S5,5,22,2,1,0,0,0,0,0,1,0,0,0,0
49327,attack,clean_target_ineffective,1,S5,5,22,1,1,1,1,0,0,0,0,0,1,0,1
49330,attack,missed,0,S5,5,22,7,1,0,0,0,1,0,0,0,0,0,0
49339,attack,missed,0,S5,5,22,0,1,0,0,0,1,0,0,0,0,0,0
49343,attack,clean_target_effective,2,S5,5,22,4,1,1,0,1,0,0,0,0,0,1,2
49349,attack,clean_target_effective,2,S0,0,22,2,1,1,0,1,0,0,0,0,0,1,2
49353,attack,off_target,3,S5,5,22,3,1,0,0,0,0,1,0,0,0,0,0
49366,attack,missed,0,S5,5,22,0,1,0,0,0,1,0,0,0,0,0,0
49372,attack,clean_target_effective,2,S5,5,22,5,1,1,0,1,0,0,0,0,0,1,2
49384,attack,clean_target_effective,2,S5,5,23,2,1,1,0,1,0,0,0,0,0,1,2
49386,attack,clean_target_ineffective,1,S5,5,23,4,1,1,1,0,0,0,0,0,1,0,1
49388,attack,invalid_reset,5,S0,0,23,3,0,0,0,0,0,0,0,1,0,0,0
49405,attack,off_target,3,S5,5,22,6,1,0,0,0,0,1,0,0,0,0,0
49411,attack,clean_target_ineffective,1,S0,0,23,5,1,1,1,0,0,0,0,0,1,0,1
49414,attack,multi_hit,4,S5,5,23,0,1,0,0,0,0,0,1,0,0,0,0
49416,attack,clean_target_effective,2,S5,5,22,1,1,1,0,1,0,0,0,0,0,1,2
49418,attack,clean_target_ineffective,1,S0,0,22,1,1,1,1,0,0,0,0,0,1,0,1
49420,attack,missed,0,S0,0,22,5,1,0,0,0,1,0,0,0,0,0,0
49422,attack,missed,0,S5,5,22,4,1,0,0,0,1,0,0,0,0,0,0
49430,attack,multi_hit,4,S0,0,22,4,1,0,0,0,0,0,1,0,0,0,0
49432,attack,missed,0,S0,0,22,7,1,0,0,0,1,0,0,0,0,0,0
49433,attack,clean_target_effective,2,S5,5,22,5,1,1,0,1,0,0,0,0,0,1,2
49434,attack,off_target,3,S0,0,23,0,1,0,0,0,0,1,0,0,0,0,0
49437,attack,off_target,3,S0,0,23,7,1,0,0,0,0,1,0,0,0,0,0
49438,attack,missed,0,S0,0,22,2,1,0,0,0,1,0,0,0,0,0,0
49443,attack,missed,0,S0,0,23,7,1,0,0,0,1,0,0,0,0,0,0
49445,attack,missed,0,S5,5,22,7,1,0,0,0,1,0,0,0,0,0,0
49449,attack,off_target,3,S0,0,23,5,1,0,0,0,0,1,0,0,0,0,0
49456,attack,off_target,3,S5,5,22,0,1,0,0,0,0,1,0,0,0,0,0
49458,attack,off_target,3,S0,0,22,4,1,0,0,0,0,1,0,0,0,0,0
49460,attack,invalid_reset,5,S0,0,22,3,0,0,0,0,0,0,0,1,0,0,0
49461,attack,clean_target_effective,2,S0,0,23,1,1,1,0,1,0,0,0,0,0,1,2
49462,attack,clean_target_ineffective,1,S5,5,23,6,1,1,1,0,0,0,0,0,1,0,1
49469,attack,clean_target_ineffective,1,S0,0,22,4,1,1,1,0,0,0,0,0,1,0,1
49471,attack,off_target,3,S5,5,22,2,1,0,0,0,0,1,0,0,0,0,0
49472,attack,clean_target_ineffective,1,S0,0,23,3,1,1,1,0,0,0,0,0,1,0,1
49478,attack,missed,0,S5,5,22,6,1,0,0,0,1,0,0,0,0,0,0
49483,attack,missed,0,S5,5,23,6,1,0,0,0,1,0,0,0,0,0,0
49493,attack,missed,0,S5,5,23,1,1,0,0,0,1,0,0,0,0,0,0
49494,attack,multi_hit,4,S5,5,23,7,1,0,0,0,0,0,1,0,0,0,0
49499,attack,multi_hit,4,S0,0,23,3,1,0,0,0,0,0,1,0,0,0,0
49507,attack,clean_target_effective,2,S0,0,23,6,1,1,0,1,0,0,0,0,0,1,2
49514,attack,clean_target_ineffective,1,S0,0,23,3,1,1,1,0,0,0,0,0,1,0,1
49516,attack,missed,0,S0,0,23,2,1,0,0,0,1,0,0,0,0,0,0
49519,attack,clean_target_effective,2,S0,0,23,1,1,1,0,1,0,0,0,0,0,1,2
49520,attack,clean_target_ineffective,1,S0,0,23,0,1,1,1,0,0,0,0,0,1,0,1
49521,attack,clean_target_effective,2,S0,0,22,5,1,1,0,1,0,0,0,0,0,1,2
49529,attack,clean_target_effective,2,S5,5,23,6,1,1,0,1,0,0,0,0,0,1,2
49534,attack,missed,0,S0,0,23,6,1,0,0,0,1,0,0,0,0,0,0
49543,attack,off_target,3,S0,0,23,3,1,0,0,0,0,1,0,0,0,0,0
49547,attack,invalid_reset,5,S5,5,22,6,0,0,0,0,0,0,0,1,0,0,0
49551,attack,clean_target_effective,2,S5,5,22,3,1,1,0,1,0,0,0,0,0,1,2
49552,attack,clean_target_effective,2,S0,0,23,1,1,1,0,1,0,0,0,0,0,1,2
49554,attack,missed,0,S5,5,23,4,1,0,0,0,1,0,0,0,0,0,0
49556,attack,missed,0,S0,0,22,4,1,0,0,0,1,0,0,0,0,0,0
49557,attack,off_target,3,S0,0,23,3,1,0,0,0,0,1,0,0,0,0,0
49558,attack,clean_target_effective,2,S0,0,22,4,1,1,0,1,0,0,0,0,0,1,2
49562,attack,missed,0,S0,0,23,1,1,0,0,0,1,0,0,0,0,0,0
49568,attack,missed,0,S0,0,22,4,1,0,0,0,1,0,0,0,0,0,0
49576,attack,off_target,3,S5,5,23,6,1,0,0,0,0,1,0,0,0,0,0
49577,attack,clean_target_effective,2,S0,0,22,3,1,1,0,1,0,0,0,0,0,1,2
49578,attack,clean_target_effective,2,S5,5,22,7,1,1,0,1,0,0,0,0,0,1,2
49580,attack,clean_target_effective,2,S5,5,23,0,1,1,0,1,0,0,0,0,0,1,2
49586,attack,multi_hit,4,S5,5,22,7,1,0,0,0,0,0,1,0,0,0,0
49588,attack,missed,0,S0,0,22,4,1,0,0,0,1,0,0,0,0,0,0
49591,attack,off_target,3,S0,0,22,2,1,0,0,0,0,1,0,0,0,0,0
49595,attack,off_target,3,S5,5,23,0,1,0,0,0,0,1,0,0,0,0,0
49598,attack,clean_target_ineffective,1,S0,0,23,7,1,1,1,0,0,0,0,0,1,0,1
49600,attack,missed,0,S0,0,23,1,1,0,0,0,1,0,0,0,0,0,0
49601,attack,missed,0,S5,5,23,4,1,0,0,0,1,0,0,0,0,0,0
49603,attack,missed,0,S5,5,22,6,1,0,0,0,1,0,0,0,0,0,0
49613,attack,multi_hit,4,S5,5,22,1,1,0,0,0,0,0,1,0,0,0,0
49614,attack,invalid_reset,5,S5,5,23,7,0,0,0,0,0,0,0,1,0,0,0
49616,attack,missed,0,S0,0,22,3,1,0,0,0,1,0,0,0,0,0,0
49617,attack,clean_target_ineffective,1,S0,0,22,7,1,1,1,0,0,0,0,0,1,0,1
49620,attack,clean_target_ineffective,1,S0,0,22,6,1,1,1,0,0,0,0,0,1,0,1
49622,attack,missed,0,S5,5,23,0,1,0,0,0,1,0,0,0,0,0,0
49624,attack,off_target,3,S5,5,22,0,1,0,0,0,0,1,0,0,0,0,0
49628,attack,clean_target_effective,2,S0,0,22,1,1,1,0,1,0,0,0,0,0,1,2
49630,attack,clean_target_effective,2,S5,5,22,0,1,1,0,1,0,0,0,0,0,1,2
49635,attack,missed,0,S0,0,23,6,1,0,0,0,1,0,0,0,0,0,0
49642,attack,off_target,3,S5,5,22,4,1,0,0,0,0,1,0,0,0,0,0
49646,attack,invalid_reset,5,S0,0,23,4,0,0,0,0,0,0,0,1,0,0,0
49647,attack,off_target,3,S0,0,23,3,1,0,0,0,0,1,0,0,0,0,0
49652,attack,off_target,3,S5,5,23,2,1,0,0,0,0,1,0,0,0,0,0
49666,attack,off_target,3,S5,5,22,4,1,0,0,0,0,1,0,0,0,0,0
49669,attack,clean_target_effective,2,S5,5,23,1,1,1,0,1,0,0,0,0,0,1,2
49670,attack,off_target,3,S5,5,23,6,1,0,0,0,0,1,0,0,0,0,0
49672,attack,clean_target_ineffective,1,S5,5,23,0,1,1,1,0,0,0,0,0,1,0,1
49674,attack,clean_target_ineffective,1,S0,0,23,2,1,1,1,0,0,0,0,0,1,0,1
49684,attack,clean_target_ineffective,1,S0,0,22,5,1,1,1,0,0,0,0,0,1,0,1
49686,attack,clean_target_effective,2,S0,0,22,3,1,1,0,1,0,0,0,0,0,1,2
49689,attack,invalid_reset,5,S0,0,23,4,0,0,0,0,0,0,0,1,0,0,0
49690,attack,off_target,3,S5,5,22,3,1,0,0,0,0,1,0,0,0,0,0
49691,attack,invalid_reset,5,S0,0,22,7,0,0,0,0,0,0,0,1,0,0,0
49695,attack,clean_target_effective,2,S0,0,23,1,1,1,0,1,0,0,0,0,0,1,2
49700,attack,missed,0,S5,5,22,3,1,0,0,0,1,0,0,0,0,0,0
49702,attack,clean_target_effective,2,S0,0,23,4,1,1,0,1,0,0,0,0,0,1,2
49704,attack,clean_target_effective,2,S5,5,22,5,1,1,0,1,0,0,0,0,0,1,2
49707,attack,missed,0,S0,0,22,3,1,0,0,0,1,0,0,0,0,0,0
49708,attack,off_target,3,S0,0,23,4,1,0,0,0,0,1,0,0,0,0,0
49713,attack,clean_target_effective,2,S0,0,23,0,1,1,0,1,0,0,0,0,0,1,2
49717,attack,multi_hit,4,S0,0,23,1,1,0,0,0,0,0,1,0,0,0,0
49719,attack,missed,0,S5,5,23,3,1,0,0,0,1,0,0,0,0,0,0
49724,attack,clean_target_ineffective,1,S5,5,23,5,1,1,1,0,0,0,0,0,1,0,1
49727,attack,clean_target_effective,2,S0,0,23,4,1,1,0,1,0,0,0,0,0,1,2
49729,attack,clean_target_effective,2,S5,5,23,6,1,1,0,1,0,0,0,0,0,1,2
49731,attack,clean_target_effective,2,S0,0,22,5,1,1,0,1,0,0,0,0,0,1,2
49732,attack,clean_target_effective,2,S0,0,23,0,1,1,0,1,0,0,0,0,0,1,2
49736,attack,missed,0,S0,0,23,2,1,0,0,0,1,0,0,0,0,0,0
49741,attack,missed,0,S0,0,23,7,1,0,0,0,1,0,0,0,0,0,0
49752,attack,clean_target_ineffective,1,S5,5,23,7,1,1,1,0,0,0,0,0,1,0,1
49755,attack,multi_hit,4,S5,5,22,1,1,0,0,0,0,0,1,0,0,0,0
49756,attack,clean_target_effective,2,S0,0,22,6,1,1,0,1,0,0,0,0,0,1,2
49759,attack,clean_target_effective,2,S0,0,22,4,1,1,0,1,0,0,0,0,0,1,2
49772,attack,invalid_reset,5,S5,5,22,5,0,0,0,0,0,0,0,1,0,0,0
49779,attack,off_target,3,S0,0,22,0,1,0,0,0,0,1,0,0,0,0,0
49782,attack,clean_target_ineffective,1,S5,5,23,4,1,1,1,0,0,0,0,0,1,0,1
49786,attack,clean_target_ineffective,1,S5,5,23,7,1,1,1,0,0,0,0,0,1,0,1
49787,attack,clean_target_effective,2,S5,5,23,4,1,1,0,1,0,0,0,0,0,1,2
49790,attack,clean_target_ineffective,1,S0,0,22,0,1,1,1,0,0,0,0,0,1,0,1
49794,attack,clean_target_effective,2,S5,5,23,4,1,1,0,1,0,0,0,0,0,1,2
49795,attack,clean_target_effective,2,S5,5,22,2,1,1,0,1,0,0,0,0,0,1,2
49797,attack,clean_target_effective,2,S0,0,23,4,1,1,0,1,0,0,0,0,0,1,2
49798,attack,clean_target_ineffective,1,S0,0,22,2,1,1,1,0,0,0,0,0,1,0,1
49801,attack,clean_target_effective,2,S5,5,22,4,1,1,0,1,0,0,0,0,0,1,2
49804,attack,clean_target_ineffective,1,S0,0,23,2,1,1,1,0,0,0,0,0,1,0,1
49807,attack,clean_target_effective,2,S5,5,23,1,1,1,0,1,0,0,0,0,0,1,2
49811,attack,multi_hit,4,S0,0,23,0,1,0,0,0,0,0,1,0,0,0,0
49816,attack,clean_target_ineffective,1,S0,0,22,3,1,1,1,0,0,0,0,0,1,0,1
49819,attack,off_target,3,S5,5,23,0,1,0,0,0,0,1,0,0,0,0,0
49821,attack,off_target,3,S0,0,23,6,1,0,0,0,0,1,0,0,0,0,0
49822,attack,missed,0,S5,5,23,6,1,0,0,0,1,0,0,0,0,0,0
49833,attack,missed,0,S0,0,22,1,1,0,0,0,1,0,0,0,0,0,0
49844,attack,missed,0,S5,5,23,5,1,0,0,0,1,0,0,0,0,0,0
49845,attack,clean_target_ineffective,1,S5,5,23,2,1,1,1,0,0,0,0,0,1,0,1
49847,attack,clean_target_ineffective,1,S0,0,22,4,1,1,1,0,0,0,0,0,1,0,1
49849,attack,multi_hit,4,S0,0,23,1,1,0,0,0,0,0,1,0,0,0,0
49852,attack,invalid_reset,5,S0,0,23,0,0,0,0,0,0,0,0,1,0,0,0
49856,attack,clean_target_effective,2,S5,5,23,7,1,1,0,1,0,0,0,0,0,1,2
49859,attack,missed,0,S5,5,23,6,1,0,0,0,1,0,0,0,0,0,0
49866,attack,missed,0,S0,0,22,4,1,0,0,0,1,0,0,0,0,0,0
49872,attack,clean_target_effective,2,S5,5,23,6,1,1,0,1,0,0,0,0,0,1,2
49875,attack,invalid_reset,5,S5,5,22,3,0,0,0,0,0,0,0,1,0,0,0
49877,attack,clean_target_effective,2,S5,5,23,6,1,1,0,1,0,0,0,0,0,1,2
49878,attack,multi_hit,4,S0,0,22,4,1,0,0,0,0,0,1,0,0,0,0
49884,attack,clean_target_effective,2,S5,5,22,4,1,1,0,1,0,0,0,0,0,1,2
49886,attack,clean_target_ineffective,1,S5,5,23,4,1,1,1,0,0,0,0,0,1,0,1
49893,attack,missed,0,S5,5,23,0,1,0,0,0,1,0,0,0,0,0,0
49907,attack,multi_hit,4,S5,5,22,0,1,0,0,0,0,0,1,0,0,0,0
49909,attack,invalid_reset,5,S5,5,23,4,0,0,0,0,0,0,0,1,0,0,0
49912,attack,missed,0,S5,5,22,2,1,0,0,0,1,0,0,0,0,0,0
49915,attack,multi_hit,4,S0,0,23,7,1,0,0,0,0,0,1,0,0,0,0
49916,attack,missed,0,S5,5,23,3,1,0,0,0,1,0,0,0,0,0,0
49923,attack,missed,0,S5,5,23,5,1,0,0,0,1,0,0,0,0,0,0
49924,attack,clean_target_effective,2,S5,5,23,3,1,1,0,1,0,0,0,0,0,1,2
49927,attack,clean_target_effective,2,S0,0,23,1,1,1,0,1,0,0,0,0,0,1,2
49931,attack,clean_target_effective,2,S5,5,22,0,1,1,0,1,0,0,0,0,0,1,2
49938,attack,missed,0,S0,0,22,2,1,0,0,0,1,0,0,0,0,0,0
49940,attack,off_target,3,S5,5,22,3,1,0,0,0,0,1,0,0,0,0,0
49949,attack,multi_hit,4,S5,5,23,7,1,0,0,0,0,0,1,0,0,0,0
49956,attack,off_target,3,S5,5,23,5,1,0,0,0,0,1,0,0,0,0,0
49957,attack,clean_target_effective,2,S5,5,23,2,1,1,0,1,0,0,0,0,0,1,2
49974,attack,clean_target_effective,2,S0,0,22,7,1,1,0,1,0,0,0,0,0,1,2
49977,attack,missed,0,S0,0,22,0,1,0,0,0,1,0,0,0,0,0,0
49980,attack,off_target,3,S5,5,23,2,1,0,0,0,0,1,0,0,0,0,0
49981,attack,clean_target_effective,2,S5,5,23,0,1,1,0,1,0,0,0,0,0,1,2
49984,attack,clean_target_effective,2,S5,5,22,6,1,1,0,1,0,0,0,0,0,1,2
49989,attack,clean_target_effective,2,S5,5,23,5,1,1,0,1,0,0,0,0,0,1,2
49990,attack,off_target,3,S0,0,22,5,1,0,0,0,0,1,0,0,0,0,0
49992,attack,clean_target_effective,2,S5,5,23,1,1,1,0,1,0,0,0,0,0,1,2
49994,attack,missed,0,S0,0,22,6,1,0,0,0,1,0,0,0,0,0,0
49996,attack,multi_hit,4,S0,0,22,4,1,0,0,0,0,0,1,0,0,0,0
49998,attack,multi_hit,4,S5,5,22,1,1,0,0,0,0,0,1,0,0,0,0
50000,attack,missed,0,S5,5,23,1,1,0,0,0,1,0,0,0,0,0,0
50003,attack,clean_target_ineffective,1,S0,0,23,5,1,1,1,0,0,0,0,0,1,0,1
50009,attack,clean_target_ineffective,1,S5,5,22,6,1,1,1,0,0,0,0,0,1,0,1
50013,attack,off_target,3,S5,5,22,2,1,0,0,0,0,1,0,0,0,0,0
50014,attack,clean_target_effective,2,S5,5,22,5,1,1,0,1,0,0,0,0,0,1,2
50016,attack,missed,0,S0,0,23,3,1,0,0,0,1,0,0,0,0,0,0
50017,attack,missed,0,S0,0,22,1,1,0,0,0,1,0,0,0,0,0,0
50018,attack,clean_target_effective,2,S0,0,23,1,1,1,0,1,0,0,0,0,0,1,2
50019,attack,missed,0,S0,0,22,2,1,0,0,0,1,0,0,0,0,0,0
50022,attack,multi_hit,4,S5,5,22,7,1,0,0,0,0,0,1,0,0,0,0
50023,attack,off_target,3,S5,5,23,3,1,0,0,0,0,1,0,0,0,0,0
50028,attack,multi_hit,4,S5,5,23,7,1,0,0,0,0,0,1,0,0,0,0
50032,attack,invalid_reset,5,S5,5,23,6,0,0,0,0,0,0,0,1,0,0,0
50056,attack,missed,0,S5,5,23,6,1,0,0,0,1,0,0,0,0,0,0
50058,attack,multi_hit,4,S5,5,22,0,1,0,0,0,0,0,1,0,0,0,0
50062,attack,off_target,3,S5,5,22,4,1,0,0,0,0,1,0,0,0,0,0
50065,attack,off_target,3,S5,5,23,0,1,0,0,0,0,1,0,0,0,0,0
50068,attack,off_target,3,S5,5,22,4,1,0,0,0,0,1,0,0,0,0,0
50078,attack,off_target,3,S5,5,23,5,1,0,0,0,0,1,0,0,0,0,0
50079,attack,missed,0,S0,0,23,1,1,0,0,0,1,0,0,0,0,0,0
50083,attack,invalid_reset,5,S5,5,23,4,0,0,0,0,0,0,0,1,0,0,0
50084,attack,clean_target_effective,2,S5,5,23,5,1,1,0,1,0,0,0,0,0,1,2
50089,attack,clean_target_ineffective,1,S5,5,22,7,1,1,1,0,0,0,0,0,1,0,1
50090,attack,clean_target_effective,2,S5,5,23,4,1,1,0,1,0,0,0,0,0,1,2
50091,attack,missed,0,S0,0,23,2,1,0,0,0,1,0,0,0,0,0,0
50093,attack,clean_target_effective,2,S5,5,23,7,1,1,0,1,0,0,0,0,0,1,2
50099,attack,clean_target_effective,2,S0,0,22,1,1,1,0,1,0,0,0,0,0,1,2
50100,attack,missed,0,S5,5,23,7,1,0,0,0,1,0,0,0,0,0,0
50101,attack,off_target,3,S0,0,23,1,1,0,0,0,0,1,0,0,0,0,0
50104,attack,missed,0,S5,5,23,4,1,0,0,0,1,0,0,0,0,0,0
50108,attack,clean_target_ineffective,1,S0,0,23,5,1,1,1,0,0,0,0,0,1,0,1
50109,attack,clean_target_ineffective,1,S0,0,22,4,1,1,1,0,0,0,0,0,1,0,1
50111,attack,clean_target_effective,2,S5,5,22,7,1,1,0,1,0,0,0,0,0,1,2
50120,attack,clean_target_ineffective,1,S0,0,22,0,1,1,1,0,0,0,0,0,1,0,1
50134,attack,clean_target_effective,2,S0,0,22,4,1,1,0,1,0,0,0,0,0,1,2
50140,attack,multi_hit,4,S0,0,22,7,1,0,0,0,0,0,1,0,0,0,0
50144,attack,off_target,3,S5,5,22,4,1,0,0,0,0,1,0,0,0,0,0
50147,attack,clean_target_ineffective,1,S5,5,23,2,1,1,1,0,0,0,0,0,1,0,1
50150,attack,off_target,3,S5,5,23,3,1,0,0,0,0,1,0,0,0,0,0
50153,attack,off_target,3,S5,5,23,7,1,0,0,0,0,1,0,0,0,0,0
50156,attack,clean_target_effective,2,S0,0,22,6,1,1,0,1,0,0,0,0,0,1,2
50157,attack,invalid_reset,5,S5,5,22,5,0,0,0,0,0,0,0,1,0,0,0
50161,attack,off_target,3,S5,5,22,5,1,0,0,0,0,1,0,0,0,0,0
50168,attack,multi_hit,4,S5,5,23,5,1,0,0,0,0,0,1,0,0,0,0
50172,attack,clean_target_ineffective,1,S5,5,22,3,1,1,1,0,0,0,0,0,1,0,1
50184,attack,clean_target_ineffective,1,S5,5,22,0,1,1,1,0,0,0,0,0,1,0,1
50187,attack,missed,0,S5,5,23,0,1,0,0,0,1,0,0,0,0,0,0
50190,attack,clean_target_ineffective,1,S5,5,23,4,1,1,1,0,0,0,0,0,1,0,1
50198,attack,clean_target_effective,2,S5,5,22,0,1,1,0,1,0,0,0,0,0,1,2
50208,attack,missed,0,S0,0,22,5,1,0,0,0,1,0,0,0,0,0,0
50209,attack,clean_target_effective,2,S0,0,23,2,1,1,0,1,0,0,0,0,0,1,2
50211,attack,off_target,3,S0,0,22,7,1,0,0,0,0,1,0,0,0,0,0
50213,attack,off_target,3,S5,5,22,1,1,0,0,0,0,1,0,0,0,0,0
50215,attack,clean_target_effective,2,S0,0,23,2,1,1,0,1,0,0,0,0,0,1,2
50218,attack,missed,0,S0,0,23,1,1,0,0,0,1,0,0,0,0,0,0
50224,attack,clean_target_effective,2,S5,5,23,4,1,1,0,1,0,0,0,0,0,1,2
50230,attack,missed,0,S0,0,23,6,1,0,0,0,1,0,0,0,0,0,0
50231,attack,clean_target_ineffective,1,S5,5,22,1,1,1,1,0,0,0,0,0,1,0,1
50235,attack,clean_target_ineffective,1,S5,5,23,1,1,1,1,0,0,0,0,0,1,0,1
50245,attack,missed,0,S0,0,22,7,1,0,0,0,1,0,0,0,0,0,0
50249,attack,multi_hit,4,S5,5,23,0,1,0,0,0,0,0,1,0,0,0,0
50251,attack,clean_target_effective,2,S5,5,23,3,1,1,0,1,0,0,0,0,0,1,2
50254,attack,clean_target_ineffective,1,S5,5,22,5,1,1,1,0,0,0,0,0,1,0,1
50257,attack,multi_hit,4,S5,5,22,0,1,0,0,0,0,0,1,0,0,0,0
50260,attack,multi_hit,4,S5,5,22,3,1,0,0,0,0,0,1,0,0,0,0
50269,attack,missed,0,S5,5,23,0,1,0,0,0,1,0,0,0,0,0,0
50270,attack,clean_target_ineffective,1,S5,5,22,0,1,1,1,0,0,0,0,0,1,0,1
50273,attack,multi_hit,4,S0,0,22,3,1,0,0,0,0,0,1,0,0,0,0
50280,attack,off_target,3,S5,5,22,5,1,0,0,0,0,1,0,0,0,0,0
50285,attack,multi_hit,4,S5,5,22,5,1,0,0,0,0,0,1,0,0,0,0
50286,attack,invalid_reset,5,S5,5,23,0,0,0,0,0,0,0,0,1,0,0,0
50293,attack,off_target,3,S0,0,23,2,1,0,0,0,0,1,0,0,0,0,0
50298,attack,missed,0,S0,0,22,6,1,0,0,0,1,0,0,0,0,0,0
50299,attack,off_target,3,S5,5,23,0,1,0,0,0,0,1,0,0,0,0,0
50305,attack,multi_hit,4,S5,5,22,2,1,0,0,0,0,0,1,0,0,0,0
50306,attack,clean_target_effective,2,S0,0,22,7,1,1,0,1,0,0,0,0,0,1,2
50307,attack,missed,0,S5,5,23,5,1,0,0,0,1,0,0,0,0,0,0
50308,attack,clean_target_ineffective,1,S0,0,22,4,1,1,1,0,0,0,0,0,1,0,1
50309,attack,off_target,3,S5,5,23,3,1,0,0,0,0,1,0,0,0,0,0
50310,attack,off_target,3,S5,5,23,3,1,0,0,0,0,1,0,0,0,0,0
50312,attack,clean_target_effective,2,S5,5,23,0,1,1,0,1,0,0,0,0,0,1,2
50315,attack,multi_hit,4,S5,5,22,4,1,0,0,0,0,0,1,0,0,0,0
50319,attack,invalid_reset,5,S0,0,23,7,0,0,0,0,0,0,0,1,0,0,0
50325,attack,missed,0,S5,5,22,3,1,0,0,0,1,0,0,0,0,0,0
50327,attack,clean_target_ineffective,1,S5,5,22,2,1,1,1,0,0,0,0,0,1,0,1
50331,attack,missed,0,S5,5,22,4,1,0,0,0,1,0,0,0,0,0,0
50332,attack,invalid_reset,5,S5,5,23,2,0,0,0,0,0,0,0,1,0,0,0
50339,attack,clean_target_ineffective,1,S5,5,22,3,1,1,1,0,0,0,0,0,1,0,1
50344,attack,off_target,3,S0,0,23,4,1,0,0,0,0,1,0,0,0,0,0
50351,attack,multi_hit,4,S0,0,22,4,1,0,0,0,0,0,1,0,0,0,0
50352,attack,missed,0,S5,5,22,4,1,0,0,0,1,0,0,0,0,0,0
50354,attack,clean_target_effective,2,S0,0,23,2,1,1,0,1,0,0,0,0,0,1,2
50360,attack,clean_target_effective,2,S5,5,23,2,1,1,0,1,0,0,0,0,0,1,2
50364,attack,missed,0,S0,0,22,0,1,0,0,0,1,0,0,0,0,0,0
50366,attack,clean_target_ineffective,1,S0,0,23,5,1,1,1,0,0,0,0,0,1,0,1
50368,attack,multi_hit,4,S5,5,23,1,1,0,0,0,0,0,1,0,0,0,0
50369,attack,invalid_reset,5,S5,5,23,3,0,0,0,0,0,0,0,1,0,0,0
50380,attack,clean_target_effective,2,S0,0,23,3,1,1,0,1,0,0,0,0,0,1,2
50381,attack,clean_target_effective,2,S0,0,22,6,1,1,0,1,0,0,0,0,0,1,2
50386,attack,clean_target_ineffective,1,S5,5,23,4,1,1,1,0,0,0,0,0,1,0,1
50401,attack,clean_target_effective,2,S0,0,23,4,1,1,0,1,0,0,0,0,0,1,2
50402,attack,multi_hit,4,S5,5,22,5,1,0,0,0,0,0,1,0,0,0,0
50403,attack,clean_target_effective,2,S0,0,22,4,1,1,0,1,0,0,0,0,0,1,2
50405,attack,missed,0,S0,0,22,7,1,0,0,0,1,0,0,0,0,0,0
50409,attack,clean_target_effective,2,S0,0,23,3,1,1,0,1,0,0,0,0,0,1,2
50412,attack,clean_target_effective,2,S0,0,22,5,1,1,0,1,0,0,0,0,0,1,2
50415,attack,off_target,3,S5,5,23,3,1,0,0,0,0,1,0,0,0,0,0
50425,attack,off_target,3,S5,5,22,0,1,0,0,0,0,1,0,0,0,0,0
50431,attack,clean_target_effective,2,S5,5,23,1,1,1,0,1,0,0,0,0,0,1,2
50435,attack,off_target,3,S5,5,22,1,1,0,0,0,0,1,0,0,0,0,0
50438,attack,clean_target_ineffective,1,S0,0,23,6,1,1,1,0,0,0,0,0,1,0,1
50439,attack,clean_target_ineffective,1,S0,0,23,2,1,1,1,0,0,0,0,0,1,0,1
50443,attack,clean_target_ineffective,1,S5,5,23,6,1,1,1,0,0,0,0,0,1,0,1
50444,attack,missed,0,S5,5,22,3,1,0,0,0,1,0,0,0,0,0,0
50450,attack,clean_target_ineffective,1,S0,0,23,1,1,1,1,0,0,0,0,0,1,0,1
50454,attack,clean_target_ineffective,1,S0,0,23,0,1,1,1,0,0,0,0,0,1,0,1
50456,attack,missed,0,S0,0,23,7,1,0,0,0,1,0,0,0,0,0,0
50460,attack,missed,0,S5,5,23,4,1,0,0,0,1,0,0,0,0,0,0
50461,attack,missed,0,S0,0,22,6,1,0,0,0,1,0,0,0,0,0,0
50469,attack,clean_target_ineffective,1,S5,5,23,5,1,1,1,0,0,0,0,0,1,0,1
50471,attack,missed,0,S0,0,23,0,1,0,0,0,1,0,0,0,0,0,0
50477,attack,invalid_reset,5,S0,0,22,5,0,0,0,0,0,0,0,1,0,0,0
50484,attack,invalid_reset,5,S5,5,23,0,0,0,0,0,0,0,0,1,0,0,0
50485,attack,clean_target_ineffective,1,S0,0,23,0,1,1,1,0,0,0,0,0,1,0,1
50486,attack,multi_hit,4,S0,0,23,6,1,0,0,0,0,0,1,0,0,0,0
50490,attack,clean_target_effective,2,S0,0,22,3,1,1,0,1,0,0,0,0,0,1,2
50491,attack,clean_target_effective,2,S5,5,22,2,1,1,0,1,0,0,0,0,0,1,2
50493,attack,clean_target_effective,2,S0,0,23,6,1,1,0,1,0,0,0,0,0,1,2
50498,attack,clean_target_effective,2,S0,0,23,4,1,1,0,1,0,0,0,0,0,1,2
50499,attack,off_target,3,S5,5,23,7,1,0,0,0,0,1,0,0,0,0,0
50504,attack,missed,0,S5,5,23,2,1,0,0,0,1,0,0,0,0,0,0
50506,attack,multi_hit,4,S0,0,22,0,1,0,0,0,0,0,1,0,0,0,0
50510,attack,off_target,3,S0,0,23,1,1,0,0,0,0,1,0,0,0,0,0
50512,attack,off_target,3,S5,5,22,4,1,0,0,0,0,1,0,0,0,0,0
50518,attack,clean_target_effective,2,S5,5,23,1,1,1,0,1,0,0,0,0,0,1,2
50523,attack,missed,0,S0,0,22,7,1,0,0,0,1,0,0,0,0,0,0
50526,attack,missed,0,S5,5,22,3,1,0,0,0,1,0,0,0,0,0,0
50530,attack,clean_target_ineffective,1,S5,5,23,2,1,1,1,0,0,0,0,0,1,0,1
50534,attack,clean_target_effective,2,S0,0,23,1,1,1,0,1,0,0,0,0,0,1,2
50535,attack,clean_target_effective,2,S5,5,22,0,1,1,0,1,0,0,0,0,0,1,2
50539,attack,clean_target_effective,2,S0,0,23,2,1,1,0,1,0,0,0,0,0,1,2
50545,attack,missed,0,S5,5,22,0,1,0,0,0,1,0,0,0,0,0,0
50550,attack,clean_target_ineffective,1,S5,5,22,6,1,1,1,0,0,0,0,0,1,0,1
50556,attack,off_target,3,S5,5,23,7,1,0,0,0,0,1,0,0,0,0,0
50563,attack,clean_target_ineffective,1,S0,0,22,2,1,1,1,0,0,0,0,0,1,0,1
50569,attack,multi_hit,4,S0,0,23,7,1,0,0,0,0,0,1,0,0,0,0
50570,attack,clean_target_ineffective,1,S5,5,23,0,1,1,1,0,0,0,0,0,1,0,1
50580,attack,clean_target_effective,2,S5,5,23,0,1,1,0,1,0,0,0,0,0,1,2
50582,attack,multi_hit,4,S0,0,22,3,1,0,0,0,0,0,1,0,0,0,0
50583,attack,clean_target_effective,2,S0,0,22,0,1,1,0,1,0,0,0,0,0,1,2
50587,attack,missed,0,S5,5,23,2,1,0,0,0,1,0,0,0,0,0,0
50588,attack,clean_target_ineffective,1,S5,5,23,1,1,1,1,0,0,0,0,0,1,0,1
50591,attack,missed,0,S5,5,23,2,1,0,0,0,1,0,0,0,0,0,0
50599,attack,clean_target_effective,2,S0,0,22,4,1,1,0,1,0,0,0,0,0,1,2
50602,attack,off_target,3,S0,0,23,5,1,0,0,0,0,1,0,0,0,0,0
50605,attack,clean_target_ineffective,1,S0,0,23,3,1,1,1,0,0,0,0,0,1,0,1
50606,attack,clean_target_effective,2,S0,0,23,5,1,1,0,1,0,0,0,0,0,1,2
50607,attack,missed,0,S0,0,22,3,1,0,0,0,1,0,0,0,0,0,0
50615,attack,multi_hit,4,S5,5,22,1,1,0,0,0,0,0,1,0,0,0,0
50616,attack,invalid_reset,5,S0,0,23,3,0,0,0,0,0,0,0,1,0,0,0
50617,attack,missed,0,S0,0,22,1,1,0,0,0,1,0,0,0,0,0,0
50623,attack,off_target,3,S0,0,22,0,1,0,0,0,0,1,0,0,0,0,0
50625,attack,clean_target_effective,2,S0,0,22,7,1,1,0,1,0,0,0,0,0,1,2
50626,attack,clean_target_effective,2,S5,5,23,7,1,1,0,1,0,0,0,0,0,1,2
50630,attack,missed,0,S0,0,23,6,1,0,0,0,1,0,0,0,0,0,0
50632,attack,multi_hit,4,S0,0,22,0,1,0,0,0,0,0,1,0,0,0,0
50634,attack,clean_target_effective,2,S0,0,23,7,1,1,0,1,0,0,0,0,0,1,2
50641,attack,clean_target_effective,2,S5,5,22,7,1,1,0,1,0,0,0,0,0,1,2
50643,attack,multi_hit,4,S5,5,23,3,1,0,0,0,0,0,1,0,0,0,0
50647,attack,off_target,3,S0,0,23,5,1,0,0,0,0,1,0,0,0,0,0
50648,attack,clean_target_effective,2,S5,5,22,7,1,1,0,1,0,0,0,0,0,1,2
50651,attack,clean_target_effective,2,S5,5,22,0,1,1,0,1,0,0,0,0,0,1,2
50655,attack,clean_target_effective,2,S0,0,22,5,1,1,0,1,0,0,0,0,0,1,2
50663,attack,multi_hit,4,S0,0,22,0,1,0,0,0,0,0,1,0,0,0,0
50674,attack,off_target,3,S5,5,22,6,1,0,0,0,0,1,0,0,0,0,0
50677,attack,off_target,3,S5,5,22,7,1,0,0,0,0,1,0,0,0,0,0
50679,attack,clean_target_effective,2,S5,5,23,4,1,1,0,1,0,0,0,0,0,1,2
50682,attack,clean_target_ineffective,1,S0,0,23,1,1,1,1,0,0,0,0,0,1,0,1
50683,attack,clean_target_ineffective,1,S0,0,23,1,1,1,1,0,0,0,0,0,1,0,1
50687,attack,clean_target_effective,2,S0,0,22,1,1,1,0,1,0,0,0,0,0,1,2
50694,attack,clean_target_effective,2,S5,5,22,2,1,1,0,1,0,0,0,0,0,1,2
50703,attack,clean_target_effective,2,S5,5,22,5,1,1,0,1,0,0,0,0,0,1,2
50714,attack,clean_target_effective,2,S5,5,22,6,1,1,0,1,0,0,0,0,0,1,2
50715,attack,missed,0,S5,5,23,2,1,0,0,0,1,0,0,0,0,0,0
50718,attack,off_target,3,S5,5,22,1,1,0,0,0,0,1,0,0,0,0,0
50721,attack,multi_hit,4,S5,5,23,7,1,0,0,0,0,0,1,0,0,0,0
50722,attack,clean_target_effective,2,S5,5,23,7,1,1,0,1,0,0,0,0,0,1,2
50729,attack,missed,0,S0,0,23,7,1,0,0,0,1,0,0,0,0,0,0
50738,attack,clean_target_ineffective,1,S5,5,22,3,1,1,1,0,0,0,0,0,1,0,1
50745,attack,off_target,3,S0,0,22,2,1,0,0,0,0,1,0,0,0,0,0
50757,attack,missed,0,S0,0,22,5,1,0,0,0,1,0,0,0,0,0,0
50761,attack,clean_target_effective,2,S5,5,23,7,1,1,0,1,0,0,0,0,0,1,2
50762,attack,off_target,3,S0,0,22,6,1,0,0,0,0,1,0,0,0,0,0
50766,attack,missed,0,S0,0,22,0,1,0,0,0,1,0,0,0,0,0,0
50767,attack,invalid_reset,5,S5,5,23,7,0,0,0,0,0,0,0,1,0,0,0
50771,attack,clean_target_ineffective,1,S5,5,23,7,1,1,1,0,0,0,0,0,1,0,1
50781,attack,clean_target_ineffective,1,S5,5,22,1,1,1,1,0,0,0,0,0,1,0,1
50782,attack,clean_target_effective,2,S0,0,23,2,1,1,0,1,0,0,0,0,0,1,2
50785,attack,missed,0,S0,0,23,6,1,0,0,0,1,0,0,0,0,0,0
50786,attack,clean_target_ineffective,1,S0,0,22,6,1,1,1,0,0,0,0,0,1,0,1
50787,attack,clean_target_ineffective,1,S0,0,22,3,1,1,1,0,0,0,0,0,1,0,1
50798,attack,off_target,3,S0,0,22,2,1,0,0,0,0,1,0,0,0,0,0
50801,attack,clean_target_effective,2,S5,5,23,7,1,1,0,1,0,0,0,0,0,1,2
50808,attack,missed,0,S0,0,23,1,1,0,0,0,1,0,0,0,0,0,0
50815,attack,clean_target_effective,2,S5,5,22,0,1,1,0,1,0,0,0,0,0,1,2
50820,attack,missed,0,S5,5,22,3,1,0,0,0,1,0,0,0,0,0,0
50822,attack,missed,0,S0,0,23,1,1,0,0,0,1,0,0,0,0,0,0
50823,attack,missed,0,S0,0,22,6,1,0,0,0,1,0,0,0,0,0,0
50826,attack,missed,0,S5,5,23,5,1,0,0,0,1,0,0,0,0,0,0
50828,attack,off_target,3,S0,0,22,7,1,0,0,0,0,1,0,0,0,0,0
50831,attack,off_target,3,S5,5,22,2,1,0,0,0,0,1,0,0,0,0,0
50835,attack,clean_target_ineffective,1,S0,0,23,2,1,1,1,0,0,0,0,0,1,0,1
50836,attack,off_target,3,S5,5,23,5,1,0,0,0,0,1,0,0,0,0,0
50837,attack,missed,0,S5,5,23,5,1,0,0,0,1,0,0,0,0,0,0
50841,attack,clean_target_effective,2,S5,5,22,6,1,1,0,1,0,0,0,0,0,1,2
50842,attack,off_target,3,S0,0,22,5,1,0,0,0,0,1,0,0,0,0,0
50843,attack,off_target,3,S0,0,22,0,1,0,0,0,0,1,0,0,0,0,0
50846,attack,clean_target_effective,2,S5,5,23,1,1,1,0,1,0,0,0,0,0,1,2
50850,attack,multi_hit,4,S0,0,22,2,1,0,0,0,0,0,1,0,0,0,0
50851,attack,missed,0,S0,0,22,5,1,0,0,0,1,0,0,0,0,0,0
50854,attack,missed,0,S0,0,22,3,1,0,0,0,1,0,0,0,0,0,0
50855,attack,multi_hit,4,S5,5,23,1,1,0,0,0,0,0,1,0,0,0,0
50866,attack,clean_target_effective,2,S0,0,22,7,1,1,0,1,0,0,0,0,0,1,2
50869,attack,clean_target_effective,2,S0,0,22,0,1,1,0,1,0,0,0,0,0,1,2
50877,attack,missed,0,S5,5,22,4,1,0,0,0,1,0,0,0,0,0,0
50882,attack,clean_target_effective,2,S0,0,22,7,1,1,0,1,0,0,0,0,0,1,2
50890,attack,off_target,3,S0,0,22,4,1,0,0,0,0,1,0,0,0,0,0
50902,attack,off_target,3,S0,0,23,3,1,0,0,0,0,1,0,0,0,0,0
50909,attack,clean_target_effective,2,S5,5,23,4,1,1,0,1,0,0,0,0,0,1,2
50911,attack,missed,0,S0,0,23,5,1,0,0,0,1,0,0,0,0,0,0
50916,attack,clean_target_effective,2,S0,0,22,3,1,1,0,1,0,0,0,0,0,1,2
50917,attack,multi_hit,4,S0,0,22,5,1,0,0,0,0,0,1,0,0,0,0
50918,attack,multi_hit,4,S5,5,22,6,1,0,0,0,0,0,1,0,0,0,0
50920,attack,clean_target_effective,2,S0,0,22,5,1,1,0,1,0,0,0,0,0,1,2
50927,attack,clean_target_effective,2,S5,5,22,5,1,1,0,1,0,0,0,0,0,1,2
50931,attack,clean_target_effective,2,S5,5,22,0,1,1,0,1,0,0,0,0,0,1,2
50934,attack,missed,0,S0,0,23,1,1,0,0,0,1,0,0,0,0,0,0
50935,attack,missed,0,S0,0,22,0,1,0,0,0,1,0,0,0,0,0,0
50938,attack,multi_hit,4,S5,5,22,5,1,0,0,0,0,0,1,0,0,0,0
50946,attack,clean_target_ineffective,1,S0,0,23,1,1,1,1,0,0,0,0,0,1,0,1
50951,attack,clean_target_ineffective,1,S5,5,22,0,1,1,1,0,0,0,0,0,1,0,1
50953,attack,missed,0,S0,0,23,6,1,0,0,0,1,0,0,0,0,0,0
50957,attack,clean_target_ineffective,1,S0,0,22,0,1,1,1,0,0,0,0,0,1,0,1
50964,attack,multi_hit,4,S5,5,23,4,1,0,0,0,0,0,1,0,0,0,0
50966,attack,clean_target_effective,2,S0,0,23,6,1,1,0,1,0,0,0,0,0,1,2
50968,attack,missed,0,S0,0,23,7,1,0,0,0,1,0,0,0,0,0,0
50972,attack,missed,0,S0,0,22,2,1,0,0,0,1,0,0,0,0,0,0
50974,attack,clean_target_ineffective,1,S5,5,23,5,1,1,1,0,0,0,0,0,1,0,1
50975,attack,clean_target_effective,2,S5,5,22,0,1,1,0,1,0,0,0,0,0,1,2
50990,attack,clean_target_effective,2,S5,5,22,4,1,1,0,1,0,0,0,0,0,1,2
50991,attack,missed,0,S5,5,22,2,1,0,0,0,1,0,0,0,0,0,0
50993,attack,clean_target_effective,2,S0,0,23,3,1,1,0,1,0,0,0,0,0,1,2
50995,attack,clean_target_effective,2,S0,0,23,1,1,1,0,1,0,0,0,0,0,1,2
51000,attack,clean_target_effective,2,S0,0,22,5,1,1,0,1,0,0,0,0,0,1,2
51002,attack,clean_target_ineffective,1,S5,5,23,6,1,1,1,0,0,0,0,0,1,0,1
51011,attack,clean_target_effective,2,S5,5,22,7,1,1,0,1,0,0,0,0,0,1,2
51015,attack,off_target,3,S0,0,22,2,1,0,0,0,0,1,0,0,0,0,0
51021,attack,clean_target_effective,2,S5,5,23,1,1,1,0,1,0,0,0,0,0,1,2
51024,attack,off_target,3,S0,0,22,1,1,0,0,0,0,1,0,0,0,0,0
51027,attack,missed,0,S5,5,22,4,1,0,0,0,1,0,0,0,0,0,0
51034,attack,missed,0,S0,0,22,4,1,0,0,0,1,0,0,0,0,0,0
51037,attack,off_target,3,S5,5,22,5,1,0,0,0,0,1,0,0,0,0,0
51038,attack,missed,0,S0,0,23,4,1,0,0,0,1,0,0,0,0,0,0
51041,attack,off_target,3,S5,5,22,7,1,0,0,0,0,1,0,0,0,0,0
51043,attack,clean_target_ineffective,1,S5,5,23,2,1,1,1,0,0,0,0,0,1,0,1
51045,attack,missed,0,S5,5,23,7,1,0,0,0,1,0,0,0,0,0,0
51047,attack,clean_target_effective,2,S0,0,22,3,1,1,0,1,0,0,0,0,0,1,2
51053,attack,multi_hit,4,S5,5,23,6,1,0,0,0,0,0,1,0,0,0,0
51060,attack,off_target,3,S5,5,22,3,1,0,0,0,0,1,0,0,0,0,0
51065,attack,multi_hit,4,S5,5,22,4,1,0,0,0,0,0,1,0,0,0,0
51070,attack,off_target,3,S0,0,22,2,1,0,0,0,0,1,0,0,0,0,0
51071,attack,clean_target_effective,2,S0,0,23,7,1,1,0,1,0,0,0,0,0,1,2
51073,attack,clean_target_ineffective,1,S0,0,22,5,1,1,1,0,0,0,0,0,1,0,1
51074,attack,clean_target_effective,2,S5,5,23,0,1,1,0,1,0,0,0,0,0,1,2
51076,attack,clean_target_ineffective,1,S5,5,23,2,1,1,1,0,0,0,0,0,1,0,1
51084,attack,off_target,3,S0,0,22,4,1,0,0,0,0,1,0,0,0,0,0
51087,attack,clean_target_effective,2,S5,5,22,5,1,1,0,1,0,0,0,0,0,1,2
51107,attack,off_target,3,S0,0,23,5,1,0,0,0,0,1,0,0,0,0,0
51110,attack,clean_target_effective,2,S5,5,23,7,1,1,0,1,0,0,0,0,0,1,2
51111,attack,clean_target_ineffective,1,S0,0,23,7,1,1,1,0,0,0,0,0,1,0,1
51113,attack,off_target,3,S0,0,23,6,1,0,0,0,0,1,0,0,0,0,0
51118,attack,clean_target_ineffective,1,S5,5,22,6,1,1,1,0,0,0,0,0,1,0,1
51121,attack,clean_target_effective,2,S5,5,22,3,1,1,0,1,0,0,0,0,0,1,2
51126,attack,clean_target_effective,2,S0,0,22,1,1,1,0,1,0,0,0,0,0,1,2
51132,attack,clean_target_effective,2,S0,0,23,3,1,1,0,1,0,0,0,0,0,1,2
51134,attack,missed,0,S0,0,23,0,1,0,0,0,1,0,0,0,0,0,0
51138,attack,off_target,3,S5,5,23,2,1,0,0,0,0,1,0,0,0,0,0
51140,attack,off_target,3,S0,0,22,1,1,0,0,0,0,1,0,0,0,0,0
51146,attack,multi_hit,4,S5,5,23,3,1,0,0,0,0,0,1,0,0,0,0
51150,attack,clean_target_ineffective,1,S0,0,22,7,1,1,1,0,0,0,0,0,1,0,1
51152,attack,multi_hit,4,S5,5,23,6,1,0,0,0,0,0,1,0,0,0,0
51156,attack,multi_hit,4,S0,0,22,2,1,0,0,0,0,0,1,0,0,0,0
51160,attack,missed,0,S0,0,22,2,1,0,0,0,1,0,0,0,0,0,0
51171,attack,multi_hit,4,S0,0,23,0,1,0,0,0,0,0,1,0,0,0,0
51173,attack,clean_target_effective,2,S0,0,23,3,1,1,0,1,0,0,0,0,0,1,2
51175,attack,multi_hit,4,S5,5,23,1,1,0,0,0,0,0,1,0,0,0,0
51179,attack,off_target,3,S0,0,22,4,1,0,0,0,0,1,0,0,0,0,0
51181,attack,missed,0,S0,0,22,1,1,0,0,0,1,0,0,0,0,0,0
51185,attack,clean_target_ineffective,1,S5,5,22,5,1,1,1,0,0,0,0,0,1,0,1
51187,attack,missed,0,S0,0,23,7,1,0,0,0,1,0,0,0,0,0,0
51188,attack,off_target,3,S0,0,23,0,1,0,0,0,0,1,0,0,0,0,0
51191,attack,multi_hit,4,S5,5,22,6,1,0,0,0,0,0,1,0,0,0,0
51193,attack,missed,0,S0,0,23,5,1,0,0,0,1,0,0,0,0,0,0
51199,attack,clean_target_ineffective,1,S5,5,23,0,1,1,1,0,0,0,0,0,1,0,1
51205,attack,clean_target_effective,2,S5,5,23,3,1,1,0,1,0,0,0,0,0,1,2
51206,attack,clean_target_effective,2,S0,0,22,6,1,1,0,1,0,0,0,0,0,1,2
51211,attack,off_target,3,S5,5,23,3,1,0,0,0,0,1,0,0,0,0,0
51216,attack,clean_target_effective,2,S0,0,23,5,1,1,0,1,0,0,0,0,0,1,2
51222,attack,clean_target_ineffective,1,S5,5,23,6,1,1,1,0,0,0,0,0,1,0,1
51231,attack,clean_target_effective,2,S0,0,22,7,1,1,0,1,0,0,0,0,0,1,2
51237,attack,missed,0,S0,0,22,6,1,0,0,0,1,0,0,0,0,0,0
51248,attack,missed,0,S5,5,23,6,1,0,0,0,1,0,0,0,0,0,0
51257,attack,invalid_reset,5,S5,5,22,4,0,0,0,0,0,0,0,1,0,0,0
51258,attack,clean_target_effective,2,S5,5,23,5,1,1,0,1,0,0,0,0,0,1,2
51260,attack,multi_hit,4,S0,0,22,4,1,0,0,0,0,0,1,0,0,0,0
51265,attack,clean_target_effective,2,S0,0,22,3,1,1,0,1,0,0,0,0,0,1,2
51268,attack,clean_target_ineffective,1,S0,0,23,4,1,1,1,0,0,0,0,0,1,0,1
51270,attack,missed,0,S0,0,22,6,1,0,0,0,1,0,0,0,0,0,0
51271,attack,off_target,3,S0,0,23,2,1,0,0,0,0,1,0,0,0,0,0
51273,attack,clean_target_ineffective,1,S0,0,23,5,1,1,1,0,0,0,0,0,1,0,1
51274,attack,clean_target_ineffective,1,S0,0,23,7,1,1,1,0,0,0,0,0,1,0,1
51282,attack,missed,0,S5,5,22,2,1,0,0,0,1,0,0,0,0,0,0
51286,attack,multi_hit,4,S5,5,22,7,1,0,0,0,0,0,1,0,0,0,0
51289,attack,multi_hit,4,S5,5,22,0,1,0,0,0,0,0,1,0,0,0,0
51296,attack,multi_hit,4,S5,5,23,3,1,0,0,0,0,0,1,0,0,0,0
51300,attack,off_target,3,S0,0,23,0,1,0,0,0,0,1,0,0,0,0,0
51302,attack,clean_target_ineffective,1,S5,5,22,1,1,1,1,0,0,0,0,0,1,0,1
51309,attack,clean_target_ineffective,1,S5,5,22,7,1,1,1,0,0,0,0,0,1,0,1
51310,attack,clean_target_effective,2,S5,5,23,1,1,1,0,1,0,0,0,0,0,1,2
51317,attack,missed,0,S0,0,23,6,1,0,0,0,1,0,0,0,0,0,0
51319,attack,multi_hit,4,S0,0,23,0,1,0,0,0,0,0,1,0,0,0,0
51320,attack,missed,0,S0,0,23,3,1,0,0,0,1,0,0,0,0,0,0
51321,attack,off_target,3,S5,5,23,1,1,0,0,0,0,1,0,0,0,0,0
51326,attack,missed,0,S0,0,22,7,1,0,0,0,1,0,0,0,0,0,0
51327,attack,off_target,3,S0,0,23,1,1,0,0,0,0,1,0,0,0,0,0
51329,attack,missed,0,S5,5,22,2,1,0,0,0,1,0,0,0,0,0,0
51338,attack,clean_target_effective,2,S5,5,22,3,1,1,0,1,0,0,0,0,0,1,2
51341,attack,off_target,3,S0,0,23,3,1,0,0,0,0,1,0,0,0,0,0
51352,attack,clean_target_ineffective,1,S0,0,22,5,1,1,1,0,0,0,0,0,1,0,1
51362,attack,clean_target_ineffective,1,S0,0,22,3,1,1,1,0,0,0,0,0,1,0,1
51365,attack,invalid_reset,5,S5,5,22,3,0,0,0,0,0,0,0,1,0,0,0
51366,attack,multi_hit,4,S0,0,23,2,1,0,0,0,0,0,1,0,0,0,0
51367,attack,off_target,3,S5,5,23,7,1,0,0,0,0,1,0,0,0,0,0
51368,attack,clean_target_effective,2,S5,5,23,5,1,1,0,1,0,0,0,0,0,1,2
51371,attack,clean_target_ineffective,1,S0,0,23,2,1,1,1,0,0,0,0,0,1,0,1
51374,attack,missed,0,S5,5,22,3,1,0,0,0,1,0,0,0,0,0,0
51382,attack,clean_target_effective,2,S0,0,22,3,1,1,0,1,0,0,0,0,0,1,2
51387,attack,clean_target_effective,2,S5,5,23,0,1,1,0,1,0,0,0,0,0,1,2
51391,attack,clean_target_effective,2,S5,5,23,5,1,1,0,1,0,0,0,0,0,1,2
51392,attack,clean_target_ineffective,1,S0,0,22,3,1,1,1,0,0,0,0,0,1,0,1
51393,attack,off_target,3,S0,0,23,2,1,0,0,0,0,1,0,0,0,0,0
51394,attack,missed,0,S5,5,23,3,1,0,0,0,1,0,0,0,0,0,0
51397,attack,multi_hit,4,S5,5,22,7,1,0,0,0,0,0,1,0,0,0,0
51399,attack,clean_target_effective,2,S5,5,23,6,1,1,0,1,0,0,0,0,0,1,2
51403,attack,clean_target_ineffective,1,S0,0,22,6,1,1,1,0,0,0,0,0,1,0,1
51405,attack,clean_target_ineffective,1,S5,5,22,0,1,1,1,0,0,0,0,0,1,0,1
51408,attack,clean_target_ineffective,1,S0,0,23,5,1,1,1,0,0,0,0,0,1,0,1
51411,attack,missed,0,S0,0,22,4,1,0,0,0,1,0,0,0,0,0,0
51413,attack,off_target,3,S5,5,23,3,1,0,0,0,0,1,0,0,0,0,0
51417,attack,clean_target_effective,2,S5,5,23,4,1,1,0,1,0,0,0,0,0,1,2
51425,attack,clean_target_ineffective,1,S0,0,23,1,1,1,1,0,0,0,0,0,1,0,1
51434,attack,clean_target_effective,2,S0,0,23,4,1,1,0,1,0,0,0,0,0,1,2
51436,attack,missed,0,S0,0,23,1,1,0,0,0,1,0,0,0,0,0,0
51440,attack,off_target,3,S0,0,22,0,1,0,0,0,0,1,0,0,0,0,0
51446,attack,multi_hit,4,S5,5,22,7,1,0,0,0,0,0,1,0,0,0,0
51447,attack,missed,0,S5,5,22,0,1,0,0,0,1,0,0,0,0,0,0
51451,attack,missed,0,S0,0,23,6,1,0,0,0,1,0,0,0,0,0,0
51454,attack,clean_target_ineffective,1,S0,0,23,5,1,1,1,0,0,0,0,0,1,0,1
51456,attack,clean_target_effective,2,S5,5,23,1,1,1,0,1,0,0,0,0,0,1,2
51458,attack,off_target,3,S5,5,22,6,1,0,0,0,0,1,0,0,0,0,0
51468,attack,missed,0,S5,5,23,0,1,0,0,0,1,0,0,0,0,0,0
51472,attack,clean_target_effective,2,S0,0,23,5,1,1,0,1,0,0,0,0,0,1,2
51477,attack,clean_target_effective,2,S0,0,23,7,1,1,0,1,0,0,0,0,0,1,2
51480,attack,clean_target_effective,2,S5,5,22,1,1,1,0,1,0,0,0,0,0,1,2
51481,attack,missed,0,S0,0,23,2,1,0,0,0,1,0,0,0,0,0,0
51485,attack,clean_target_effective,2,S0,0,23,1,1,1,0,1,0,0,0,0,0,1,2
51487,attack,missed,0,S5,5,23,0,1,0,0,0,1,0,0,0,0,0,0
51494,attack,missed,0,S5,5,22,5,1,0,0,0,1,0,0,0,0,0,0
51496,attack,missed,0,S5,5,23,4,1,0,0,0,1,0,0,0,0,0,0
51498,attack,missed,0,S0,0,22,4,1,0,0,0,1,0,0,0,0,0,0
51499,attack,clean_target_effective,2,S5,5,22,5,1,1,0,1,0,0,0,0,0,1,2
51502,attack,off_target,3,S5,5,23,0,1,0,0,0,0,1,0,0,0,0,0
51504,attack,clean_target_effective,2,S0,0,22,1,1,1,0,1,0,0,0,0,0,1,2
51506,attack,clean_target_effective,2,S0,0,22,7,1,1,0,1,0,0,0,0,0,1,2
51513,attack,clean_target_ineffective,1,S0,0,23,7,1,1,1,0,0,0,0,0,1,0,1
51517,attack,off_target,3,S5,5,22,0,1,0,0,0,0,1,0,0,0,0,0
51518,attack,multi_hit,4,S5,5,23,1,1,0,0,0,0,0,1,0,0,0,0
51527,attack,clean_target_effective,2,S5,5,22,0,1,1,0,1,0,0,0,0,0,1,2
51534,attack,clean_target_effective,2,S0,0,23,5,1,1,0,1,0,0,0,0,0,1,2
51535,attack,off_target,3,S0,0,22,6,1,0,0,0,0,1,0,0,0,0,0
51538,attack,off_target,3,S5,5,22,2,1,0,0,0,0,1,0,0,0,0,0
51540,attack,clean_target_effective,2,S5,5,23,0,1,1,0,1,0,0,0,0,0,1,2
51547,attack,missed,0,S5,5,23,5,1,0,0,0,1,0,0,0,0,0,0
51549,attack,off_target,3,S5,5,22,3,1,0,0,0,0,1,0,0,0,0,0
51559,attack,clean_target_effective,2,S0,0,22,2,1,1,0,1,0,0,0,0,0,1,2
51560,attack,clean_target_effective,2,S5,5,23,2,1,1,0,1,0,0,0,0,0,1,2
51562,attack,invalid_reset,5,S0,0,23,2,0,0,0,0,0,0,0,1,0,0,0
51566,attack,clean_target_effective,2,S0,0,22,0,1,1,0,1,0,0,0,0,0,1,2
51568,attack,missed,0,S0,0,22,5,1,0,0,0,1,0,0,0,0,0,0
51574,attack,missed,0,S0,0,23,7,1,0,0,0,1,0,0,0,0,0,0
51585,attack,missed,0,S0,0,23,2,1,0,0,0,1,0,0,0,0,0,0
51587,attack,clean_target_effective,2,S0,0,22,2,1,1,0,1,0,0,0,0,0,1,2
51588,attack,off_target,3,S0,0,23,0,1,0,0,0,0,1,0,0,0,0,0
51605,attack,clean_target_effective,2,S5,5,23,4,1,1,0,1,0,0,0,0,0,1,2
51606,attack,missed,0,S0,0,23,4,1,0,0,0,1,0,0,0,0,0,0
51607,attack,off_target,3,S0,0,22,6,1,0,0,0,0,1,0,0,0,0,0
51608,attack,multi_hit,4,S5,5,22,5,1,0,0,0,0,0,1,0,0,0,0
51611,attack,missed,0,S0,0,22,5,1,0,0,0,1,0,0,0,0,0,0
51613,attack,multi_hit,4,S0,0,23,3,1,0,0,0,0,0,1,0,0,0,0
51623,attack,multi_hit,4,S0,0,22,4,1,0,0,0,0,0,1,0,0,0,0
51624,attack,missed,0,S5,5,23,5,1,0,0,0,1,0,0,0,0,0,0
51630,attack,clean_target_effective,2,S0,0,22,2,1,1,0,1,0,0,0,0,0,1,2
51631,attack,clean_target_effective,2,S0,0,23,1,1,1,0,1,0,0,0,0,0,1,2
51637,attack,missed,0,S5,5,23,1,1,0,0,0,1,0,0,0,0,0,0
51640,attack,clean_target_effective,2,S5,5,23,0,1,1,0,1,0,0,0,0,0,1,2
51645,attack,clean_target_effective,2,S0,0,22,3,1,1,0,1,0,0,0,0,0,1,2
51647,attack,clean_target_effective,2,S0,0,23,7,1,1,0,1,0,0,0,0,0,1,2
51651,attack,clean_target_effective,2,S5,5,22,3,1,1,0,1,0,0,0,0,0,1,2
51663,attack,clean_target_effective,2,S5,5,23,7,1,1,0,1,0,0,0,0,0,1,2
51668,attack,off_target,3,S5,5,22,0,1,0,0,0,0,1,0,0,0,0,0
51672,attack,invalid_reset,5,S0,0,23,1,0,0,0,0,0,0,0,1,0,0,0
51678,attack,clean_target_effective,2,S0,0,22,0,1,1,0,1,0,0,0,0,0,1,2
51687,attack,invalid_reset,5,S5,5,23,0,0,0,0,0,0,0,0,1,0,0,0
51697,attack,invalid_reset,5,S0,0,22,0,0,0,0,0,0,0,0,1,0,0,0
51700,attack,clean_target_effective,2,S0,0,22,3,1,1,0,1,0,0,0,0,0,1,2
51703,attack,missed,0,S0,0,22,1,1,0,0,0,1,0,0,0,0,0,0
51714,attack,clean_target_effective,2,S0,0,23,4,1,1,0,1,0,0,0,0,0,1,2
51719,attack,clean_target_effective,2,S0,0,23,3,1,1,0,1,0,0,0,0,0,1,2
51722,attack,clean_target_effective,2,S0,0,23,6,1,1,0,1,0,0,0,0,0,1,2
51736,attack,multi_hit,4,S5,5,23,4,1,0,0,0,0,0,1,0,0,0,0
51740,attack,off_target,3,S5,5,22,3,1,0,0,0,0,1,0,0,0,0,0
51744,attack,missed,0,S0,0,22,2,1,0,0,0,1,0,0,0,0,0,0
51747,attack,clean_target_effective,2,S5,5,23,2,1,1,0,1,0,0,0,0,0,1,2
51749,attack,off_target,3,S5,5,23,4,1,0,0,0,0,1,0,0,0,0,0
51756,attack,missed,0,S0,0,23,4,1,0,0,0,1,0,0,0,0,0,0
51757,attack,missed,0,S0,0,23,3,1,0,0,0,1,0,0,0,0,0,0
51758,attack,invalid_reset,5,S5,5,22,1,0,0,0,0,0,0,0,1,0,0,0
51763,attack,off_target,3,S0,0,22,5,1,0,0,0,0,1,0,0,0,0,0
51768,attack,missed,0,S0,0,22,6,1,0,0,0,1,0,0,0,0,0,0
51775,attack,clean_target_effective,2,S0,0,22,4,1,1,0,1,0,0,0,0,0,1,2
51779,attack,clean_target_effective,2,S0,0,22,1,1,1,0,1,0,0,0,0,0,1,2
51789,attack,off_target,3,S5,5,22,0,1,0,0,0,0,1,0,0,0,0,0
51790,attack,clean_target_effective,2,S0,0,23,7,1,1,0,1,0,0,0,0,0,1,2
51791,attack,clean_target_effective,2,S0,0,22,2,1,1,0,1,0,0,0,0,0,1,2
51797,attack,multi_hit,4,S0,0,22,3,1,0,0,0,0,0,1,0,0,0,0
51804,attack,missed,0,S5,5,23,6,1,0,0,0,1,0,0,0,0,0,0
51808,attack,clean_target_ineffective,1,S0,0,23,7,1,1,1,0,0,0,0,0,1,0,1
51809,attack,missed,0,S0,0,23,5,1,0,0,0,1,0,0,0,0,0,0
51811,attack,clean_target_effective,2,S5,5,23,4,1,1,0,1,0,0,0,0,0,1,2
51814,attack,clean_target_ineffective,1,S5,5,23,1,1,1,1,0,0,0,0,0,1,0,1
51817,attack,clean_target_effective,2,S5,5,22,4,1,1,0,1,0,0,0,0,0,1,2
51821,attack,clean_target_effective,2,S0,0,22,4,1,1,0,1,0,0,0,0,0,1,2
51828,attack,multi_hit,4,S5,5,23,3,1,0,0,0,0,0,1,0,0,0,0
51835,attack,off_target,3,S5,5,23,7,1,0,0,0,0,1,0,0,0,0,0
51838,attack,multi_hit,4,S5,5,22,5,1,0,0,0,0,0,1,0,0,0,0
51844,attack,off_target,3,S5,5,22,7,1,0,0,0,0,1,0,0,0,0,0
51853,attack,missed,0,S0,0,22,4,1,0,0,0,1,0,0,0,0,0,0
51857,attack,clean_target_ineffective,1,S0,0,23,0,1,1,1,0,0,0,0,0,1,0,1
51858,attack,clean_target_effective,2,S0,0,23,1,1,1,0,1,0,0,0,0,0,1,2
51859,attack,clean_target_effective,2,S0,0,22,7,1,1,0,1,0,0,0,0,0,1,2
51860,attack,clean_target_effective,2,S5,5,22,2,1,1,0,1,0,0,0,0,0,1,2
51865,attack,clean_target_effective,2,S0,0,23,1,1,1,0,1,0,0,0,0,0,1,2
51867,attack,off_target,3,S5,5,22,2,1,0,0,0,0,1,0,0,0,0,0
51868,attack,off_target,3,S5,5,23,0,1,0,0,0,0,1,0,0,0,0,0
51874,attack,off_target,3,S0,0,22,2,1,0,0,0,0,1,0,0,0,0,0
51884,attack,multi_hit,4,S5,5,22,6,1,0,0,0,0,0,1,0,0,0,0
51885,attack,missed,0,S0,0,23,3,1,0,0,0,1,0,0,0,0,0,0
51888,attack,missed,0,S0,0,22,4,1,0,0,0,1,0,0,0,0,0,0
51889,attack,off_target,3,S0,0,22,2,1,0,0,0,0,1,0,0,0,0,0
51890,attack,off_target,3,S5,5,23,2,1,0,0,0,0,1,0,0,0,0,0
51892,attack,missed,0,S0,0,22,4,1,0,0,0,1,0,0,0,0,0,0
51898,attack,missed,0,S0,0,23,3,1,0,0,0,1,0,0,0,0,0,0
51906,attack,clean_target_effective,2,S0,0,22,6,1,1,0,1,0,0,0,0,0,1,2
51911,attack,off_target,3,S0,0,23,6,1,0,0,0,0,1,0,0,0,0,0
51913,attack,clean_target_effective,2,S5,5,22,1,1,1,0,1,0,0,0,0,0,1,2
51917,attack,missed,0,S5,5,22,0,1,0,0,0,1,0,0,0,0,0,0
51920,attack,clean_target_effective,2,S0,0,23,6,1,1,0,1,0,0,0,0,0,1,2
51921,attack,invalid_reset,5,S5,5,22,4,0,0,0,0,0,0,0,1,0,0,0
51922,attack,clean_target_effective,2,S5,5,22,2,1,1,0,1,0,0,0,0,0,1,2
51924,attack,missed,0,S5,5,22,5,1,0,0,0,1,0,0,0,0,0,0
51925,attack,missed,0,S5,5,23,4,1,0,0,0,1,0,0,0,0,0,0
51928,attack,clean_target_effective,2,S5,5,23,5,1,1,0,1,0,0,0,0,0,1,2
51936,attack,missed,0,S0,0,23,7,1,0,0,0,1,0,0,0,0,0,0
51938,attack,missed,0,S0,0,22,5,1,0,0,0,1,0,0,0,0,0,0
51941,attack,clean_target_effective,2,S5,5,23,6,1,1,0,1,0,0,0,0,0,1,2
51945,attack,missed,0,S0,0,22,0,1,0,0,0,1,0,0,0,0,0,0
51950,attack,missed,0,S5,5,22,0,1,0,0,0,1,0,0,0,0,0,0
51953,attack,off_target,3,S5,5,23,1,1,0,0,0,0,1,0,0,0,0,0
51958,attack,off_target,3,S5,5,22,1,1,0,0,0,0,1,0,0,0,0,0
51963,attack,missed,0,S0,0,23,6,1,0,0,0,1,0,0,0,0,0,0
51966,attack,invalid_reset,5,S5,5,23,5,0,0,0,0,0,0,0,1,0,0,0
51970,attack,clean_target_effective,2,S5,5,22,1,1,1,0,1,0,0,0,0,0,1,2
51971,attack,clean_target_effective,2,S0,0,23,2,1,1,0,1,0,0,0,0,0,1,2
51973,attack,clean_target_effective,2,S0,0,23,7,1,1,0,1,0,0,0,0,0,1,2
51974,attack,clean_target_effective,2,S5,5,22,6,1,1,0,1,0,0,0,0,0,1,2
51976,attack,clean_target_effective,2,S0,0,22,2,1,1,0,1,0,0,0,0,0,1,2
51983,attack,multi_hit,4,S0,0,22,4,1,0,0,0,0,0,1,0,0,0,0
51987,attack,clean_target_ineffective,1,S0,0,23,4,1,1,1,0,0,0,0,0,1,0,1
51992,attack,off_target,3,S5,5,23,5,1,0,0,0,0,1,0,0,0,0,0
51993,attack,clean_target_effective,2,S0,0,23,1,1,1,0,1,0,0,0,0,0,1,2
51994,attack,missed,0,S0,0,22,0,1,0,0,0,1,0,0,0,0,0,0
51999,attack,multi_hit,4,S5,5,23,6,1,0,0,0,0,0,1,0,0,0,0
52002,attack,missed,0,S5,5,22,4,1,0,0,0,1,0,0,0,0,0,0
52007,attack,off_target,3,S0,0,22,6,1,0,0,0,0,1,0,0,0,0,0
52010,attack,clean_target_ineffective,1,S0,0,23,3,1,1,1,0,0,0,0,0,1,0,1
52015,attack,missed,0,S0,0,22,3,1,0,0,0,1,0,0,0,0,0,0
52016,attack,missed,0,S0,0,23,1,1,0,0,0,1,0,0,0,0,0,0
52017,attack,clean_target_effective,2,S5,5,23,2,1,1,0,1,0,0,0,0,0,1,2
52019,attack,invalid_reset,5,S0,0,23,4,0,0,0,0,0,0,0,1,0,0,0
52020,attack,clean_target_effective,2,S0,0,23,7,1,1,0,1,0,0,0,0,0,1,2
52021,attack,clean_target_effective,2,S0,0,22,4,1,1,0,1,0,0,0,0,0,1,2
52028,attack,multi_hit,4,S5,5,23,5,1,0,0,0,0,0,1,0,0,0,0
52030,attack,missed,0,S0,0,23,4,1,0,0,0,1,0,0,0,0,0,0
52033,attack,multi_hit,4,S5,5,22,7,1,0,0,0,0,0,1,0,0,0,0
52035,attack,invalid_reset,5,S5,5,23,5,0,0,0,0,0,0,0,1,0,0,0
52038,attack,multi_hit,4,S0,0,22,5,1,0,0,0,0,0,1,0,0,0,0
52043,attack,clean_target_ineffective,1,S0,0,23,5,1,1,1,0,0,0,0,0,1,0,1
52044,attack,invalid_reset,5,S5,5,23,2,0,0,0,0,0,0,0,1,0,0,0
52045,attack,clean_target_ineffective,1,S5,5,23,2,1,1,1,0,0,0,0,0,1,0,1
52050,attack,multi_hit,4,S5,5,23,0,1,0,0,0,0,0,1,0,0,0,0
52055,attack,multi_hit,4,S5,5,22,5,1,0,0,0,0,0,1,0,0,0,0
52059,attack,missed,0,S0,0,22,7,1,0,0,0,1,0,0,0,0,0,0
52064,attack,clean_target_ineffective,1,S0,0,23,6,1,1,1,0,0,0,0,0,1,0,1
52066,attack,multi_hit,4,S0,0,23,0,1,0,0,0,0,0,1,0,0,0,0
52069,attack,missed,0,S0,0,23,7,1,0,0,0,1,0,0,0,0,0,0
52073,attack,off_target,3,S5,5,22,7,1,0,0,0,0,1,0,0,0,0,0
52077,attack,missed,0,S5,5,23,0,1,0,0,0,1,0,0,0,0,0,0
52078,attack,clean_target_ineffective,1,S0,0,23,1,1,1,1,0,0,0,0,0,1,0,1
52079,attack,clean_target_effective,2,S5,5,23,3,1,1,0,1,0,0,0,0,0,1,2
52080,attack,off_target,3,S5,5,22,4,1,0,0,0,0,1,0,0,0,0,0
52085,attack,missed,0,S0,0,23,7,1,0,0,0,1,0,0,0,0,0,0
52087,attack,clean_target_effective,2,S0,0,22,2,1,1,0,1,0,0,0,0,0,1,2
52098,attack,clean_target_effective,2,S5,5,22,0,1,1,0,1,0,0,0,0,0,1,2
52101,attack,missed,0,S0,0,23,0,1,0,0,0,1,0,0,0,0,0,0
52105,attack,missed,0,S0,0,22,4,1,0,0,0,1,0,0,0,0,0,0
52121,attack,multi_hit,4,S5,5,22,5,1,0,0,0,0,0,1,0,0,0,0
52129,attack,off_target,3,S0,0,23,6,1,0,0,0,0,1,0,0,0,0,0
52133,attack,multi_hit,4,S5,5,22,4,1,0,0,0,0,0,1,0,0,0,0
52136,attack,multi_hit,4,S0,0,23,2,1,0,0,0,0,0,1,0,0,0,0
52138,attack,clean_target_effective,2,S0,0,23,7,1,1,0,1,0,0,0,0,0,1,2
52142,attack,missed,0,S0,0,23,2,1,0,0,0,1,0,0,0,0,0,0
52143,attack,clean_target_effective,2,S5,5,22,0,1,1,0,1,0,0,0,0,0,1,2
52161,attack,multi_hit,4,S5,5,23,3,1,0,0,0,0,0,1,0,0,0,0
52162,attack,clean_target_effective,2,S0,0,22,1,1,1,0,1,0,0,0,0,0,1,2
52166,attack,clean_target_ineffective,1,S0,0,22,7,1,1,1,0,0,0,0,0,1,0,1
52167,attack,clean_target_ineffective,1,S5,5,23,1,1,1,1,0,0,0,0,0,1,0,1
52171,attack,missed,0,S5,5,22,2,1,0,0,0,1,0,0,0,0,0,0
52178,attack,clean_target_ineffective,1,S0,0,23,1,1,1,1,0,0,0,0,0,1,0,1
52180,attack,clean_target_ineffective,1,S5,5,22,6,1,1,1,0,0,0,0,0,1,0,1
52183,attack,clean_target_ineffective,1,S5,5,23,1,1,1,1,0,0,0,0,0,1,0,1
52184,attack,clean_target_ineffective,1,S0,0,23,6,1,1,1,0,0,0,0,0,1,0,1
52187,attack,invalid_reset,5,S0,0,22,5,0,0,0,0,0,0,0,1,0,0,0
52191,attack,clean_target_ineffective,1,S0,0,23,5,1,1,1,0,0,0,0,0,1,0,1
52194,attack,clean_target_effective,2,S5,5,22,1,1,1,0,1,0,0,0,0,0,1,2
52195,attack,missed,0,S5,5,22,3,1,0,0,0,1,0,0,0,0,0,0
52199,attack,off_target,3,S0,0,23,0,1,0,0,0,0,1,0,0,0,0,0
52200,attack,off_target,3,S0,0,23,4,1,0,0,0,0,1,0,0,0,0,0
52205,attack,missed,0,S5,5,23,4,1,0,0,0,1,0,0,0,0,0,0
52212,attack,clean_target_effective,2,S0,0,22,6,1,1,0,1,0,0,0,0,0,1,2
52219,attack,clean_target_effective,2,S5,5,22,3,1,1,0,1,0,0,0,0,0,1,2
52223,attack,clean_target_ineffective,1,S5,5,23,4,1,1,1,0,0,0,0,0,1,0,1
52226,attack,missed,0,S5,5,22,3,1,0,0,0,1,0,0,0,0,0,0
52228,attack,clean_target_effective,2,S0,0,22,5,1,1,0,1,0,0,0,0,0,1,2
52229,attack,missed,0,S0,0,22,4,1,0,0,0,1,0,0,0,0,0,0
52235,attack,missed,0,S5,5,23,5,1,0,0,0,1,0,0,0,0,0,0
52237,attack,off_target,3,S5,5,22,2,1,0,0,0,0,1,0,0,0,0,0
52240,attack,off_target,3,S0,0,23,7,1,0,0,0,0,1,0,0,0,0,0
52242,attack,clean_target_effective,2,S5,5,22,2,1,1,0,1,0,0,0,0,0,1,2
52247,attack,clean_target_effective,2,S5,5,22,5,1,1,0,1,0,0,0,0,0,1,2
52250,attack,clean_target_effective,2,S5,5,22,3,1,1,0,1,0,0,0,0,0,1,2
52254,attack,clean_target_effective,2,S0,0,23,3,1,1,0,1,0,0,0,0,0,1,2
52259,attack,clean_target_ineffective,1,S5,5,23,0,1,1,1,0,0,0,0,0,1,0,1
52260,attack,clean_target_ineffective,1,S5,5,22,0,1,1,1,0,0,0,0,0,1,0,1
52262,attack,missed,0,S0,0,22,7,1,0,0,0,1,0,0,0,0,0,0
52265,attack,missed,0,S0,0,22,5,1,0,0,0,1,0,0,0,0,0,0
52274,attack,clean_target_effective,2,S5,5,23,6,1,1,0,1,0,0,0,0,0,1,2
52276,attack,clean_target_effective,2,S0,0,22,5,1,1,0,1,0,0,0,0,0,1,2
52280,attack,missed,0,S5,5,22,3,1,0,0,0,1,0,0,0,0,0,0
52281,attack,clean_target_effective,2,S0,0,23,2,1,1,0,1,0,0,0,0,0,1,2
52284,attack,missed,0,S5,5,23,3,1,0,0,0,1,0,0,0,0,0,0
52285,attack,off_target,3,S5,5,22,6,1,0,0,0,0,1,0,0,0,0,0
52287,attack,multi_hit,4,S0,0,22,7,1,0,0,0,0,0,1,0,0,0,0
52290,attack,invalid_reset,5,S0,0,22,0,0,0,0,0,0,0,0,1,0,0,0
52291,attack,off_target,3,S5,5,22,6,1,0,0,0,0,1,0,0,0,0,0
52293,attack,clean_target_effective,2,S0,0,22,6,1,1,0,1,0,0,0,0,0,1,2
52296,attack,clean_target_effective,2,S0,0,23,5,1,1,0,1,0,0,0,0,0,1,2
52304,attack,clean_target_effective,2,S0,0,22,4,1,1,0,1,0,0,0,0,0,1,2
52309,attack,clean_target_effective,2,S0,0,23,6,1,1,0,1,0,0,0,0,0,1,2
52320,attack,clean_target_effective,2,S0,0,22,0,1,1,0,1,0,0,0,0,0,1,2
52338,attack,clean_target_effective,2,S5,5,23,1,1,1,0,1,0,0,0,0,0,1,2
52339,attack,multi_hit,4,S0,0,23,5,1,0,0,0,0,0,1,0,0,0,0
52344,attack,missed,0,S0,0,23,2,1,0,0,0,1,0,0,0,0,0,0
52354,attack,multi_hit,4,S5,5,23,4,1,0,0,0,0,0,1,0,0,0,0
52356,attack,missed,0,S5,5,23,0,1,0,0,0,1,0,0,0,0,0,0
52359,attack,off_target,3,S5,5,22,4,1,0,0,0,0,1,0,0,0,0,0
52360,attack,off_target,3,S0,0,23,5,1,0,0,0,0,1,0,0,0,0,0
52363,attack,missed,0,S0,0,22,0,1,0,0,0,1,0,0,0,0,0,0
52373,attack,off_target,3,S5,5,23,3,1,0,0,0,0,1,0,0,0,0,0
52375,attack,missed,0,S0,0,22,1,1,0,0,0,1,0,0,0,0,0,0
52384,attack,multi_hit,4,S5,5,23,4,1,0,0,0,0,0,1,0,0,0,0
52385,attack,invalid_reset,5,S5,5,23,1,0,0,0,0,0,0,0,1,0,0,0
52404,attack,missed,0,S0,0,22,7,1,0,0,0,1,0,0,0,0,0,0
52408,attack,missed,0,S0,0,22,2,1,0,0,0,1,0,0,0,0,0,0
52410,attack,multi_hit,4,S0,0,22,1,1,0,0,0,0,0,1,0,0,0,0
52421,attack,missed,0,S5,5,22,4,1,0,0,0,1,0,0,0,0,0,0
52424,attack,clean_target_effective,2,S0,0,22,3,1,1,0,1,0,0,0,0,0,1,2
52430,attack,off_target,3,S5,5,22,7,1,0,0,0,0,1,0,0,0,0,0
52431,attack,missed,0,S0,0,22,5,1,0,0,0,1,0,0,0,0,0,0
52437,attack,clean_target_effective,2,S0,0,23,1,1,1,0,1,0,0,0,0,0,1,2
52439,attack,multi_hit,4,S0,0,23,6,1,0,0,0,0,0,1,0,0,0,0
52440,attack,clean_target_ineffective,1,S0,0,23,1,1,1,1,0,0,0,0,0,1,0,1
52444,attack,missed,0,S5,5,22,7,1,0,0,0,1,0,0,0,0,0,0
52446,attack,missed,0,S0,0,23,7,1,0,0,0,1,0,0,0,0,0,0
52453,attack,off_target,3,S5,5,23,1,1,0,0,0,0,1,0,0,0,0,0
52458,attack,missed,0,S0,0,23,7,1,0,0,0,1,0,0,0,0,0,0
52462,attack,multi_hit,4,S0,0,23,3,1,0,0,0,0,0,1,0,0,0,0
52465,attack,off_target,3,S5,5,23,3,1,0,0,0,0,1,0,0,0,0,0
52469,attack,clean_target_effective,2,S5,5,22,3,1,1,0,1,0,0,0,0,0,1,2
52470,attack,multi_hit,4,S0,0,23,4,1,0,0,0,0,0,1,0,0,0,0
52472,attack,off_target,3,S0,0,23,7,1,0,0,0,0,1,0,0,0,0,0
52473,attack,clean_target_effective,2,S0,0,23,6,1,1,0,1,0,0,0,0,0,1,2
52477,attack,clean_target_effective,2,S5,5,22,5,1,1,0,1,0,0,0,0,0,1,2
52478,attack,off_target,3,S0,0,23,4,1,0,0,0,0,1,0,0,0,0,0
52482,attack,invalid_reset,5,S5,5,22,7,0,0,0,0,0,0,0,1,0,0,0
52490,attack,off_target,3,S0,0,23,4,1,0,0,0,0,1,0,0,0,0,0
52496,attack,clean_target_effective,2,S5,5,22,1,1,1,0,1,0,0,0,0,0,1,2
52501,attack,missed,0,S5,5,23,0,1,0,0,0,1,0,0,0,0,0,0
52504,attack,missed,0,S0,0,22,1,1,0,0,0,1,0,0,0,0,0,0
52505,attack,clean_target_ineffective,1,S5,5,22,2,1,1,1,0,0,0,0,0,1,0,1
52507,attack,missed,0,S5,5,23,0,1,0,0,0,1,0,0,0,0,0,0
52512,attack,multi_hit,4,S0,0,23,1,1,0,0,0,0,0,1,0,0,0,0
52515,attack,clean_target_effective,2,S0,0,22,6,1,1,0,1,0,0,0,0,0,1,2
52522,attack,missed,0,S5,5,23,2,1,0,0,0,1,0,0,0,0,0,0
52527,attack,clean_target_effective,2,S5,5,23,4,1,1,0,1,0,0,0,0,0,1,2
52529,attack,missed,0,S5,5,22,0,1,0,0,0,1,0,0,0,0,0,0
52531,attack,missed,0,S0,0,22,6,1,0,0,0,1,0,0,0,0,0,0
52538,attack,clean_target_effective,2,S5,5,23,7,1,1,0,1,0,0,0,0,0,1,2
52550,attack,off_target,3,S5,5,22,1,1,0,0,0,0,1,0,0,0,0,0
52552,attack,missed,0,S0,0,22,7,1,0,0,0,1,0,0,0,0,0,0
52556,attack,clean_target_ineffective,1,S0,0,22,2,1,1,1,0,0,0,0,0,1,0,1
52564,attack,clean_target_effective,2,S0,0,23,4,1,1,0,1,0,0,0,0,0,1,2
52566,attack,clean_target_ineffective,1,S0,0,22,6,1,1,1,0,0,0,0,0,1,0,1
52568,attack,clean_target_effective,2,S5,5,23,6,1,1,0,1,0,0,0,0,0,1,2
52571,attack,clean_target_effective,2,S0,0,23,4,1,1,0,1,0,0,0,0,0,1,2
52575,attack,multi_hit,4,S0,0,22,7,1,0,0,0,0,0,1,0,0,0,0
52577,attack,missed,0,S5,5,22,0,1,0,0,0,1,0,0,0,0,0,0
52579,attack,clean_target_effective,2,S5,5,22,0,1,1,0,1,0,0,0,0,0,1,2
52582,attack,missed,0,S0,0,22,1,1,0,0,0,1,0,0,0,0,0,0
52589,attack,missed,0,S5,5,22,2,1,0,0,0,1,0,0,0,0,0,0
52595,attack,clean_target_effective,2,S0,0,23,3,1,1,0,1,0,0,0,0,0,1,2
52597,attack,off_target,3,S0,0,22,1,1,0,0,0,0,1,0,0,0,0,0
52598,attack,clean_target_effective,2,S5,5,23,5,1,1,0,1,0,0,0,0,0,1,2
52600,attack,clean_target_effective,2,S5,5,23,2,1,1,0,1,0,0,0,0,0,1,2
52607,attack,missed,0,S5,5,22,6,1,0,0,0,1,0,0,0,0,0,0
52613,attack,invalid_reset,5,S5,5,22,7,0,0,0,0,0,0,0,1,0,0,0
52621,attack,clean_target_effective,2,S5,5,22,5,1,1,0,1,0,0,0,0,0,1,2
52622,attack,multi_hit,4,S0,0,22,4,1,0,0,0,0,0,1,0,0,0,0
52626,attack,multi_hit,4,S5,5,22,0,1,0,0,0,0,0,1,0,0,0,0
52627,attack,clean_target_effective,2,S5,5,22,5,1,1,0,1,0,0,0,0,0,1,2
52634,attack,off_target,3,S5,5,23,2,1,0,0,0,0,1,0,0,0,0,0
52637,attack,clean_target_effective,2,S0,0,23,0,1,1,0,1,0,0,0,0,0,1,2
52640,attack,off_target,3,S0,0,22,0,1,0,0,0,0,1,0,0,0,0,0
52641,attack,clean_target_ineffective,1,S5,5,22,5,1,1,1,0,0,0,0,0,1,0,1
52648,attack,clean_target_effective,2,S5,5,23,3,1,1,0,1,0,0,0,0,0,1,2
52651,attack,off_target,3,S5,5,23,2,1,0,0,0,0,1,0,0,0,0,0
52655,attack,clean_target_effective,2,S0,0,23,1,1,1,0,1,0,0,0,0,0,1,2
52659,attack,clean_target_effective,2,S0,0,23,2,1,1,0,1,0,0,0,0,0,1,2
52660,attack,invalid_reset,5,S5,5,23,2,0,0,0,0,0,0,0,1,0,0,0
52664,attack,missed,0,S0,0,22,2,1,0,0,0,1,0,0,0,0,0,0
52666,attack,clean_target_ineffective,1,S0,0,22,7,1,1,1,0,0,0,0,0,1,0,1
52667,attack,missed,0,S0,0,22,4,1,0,0,0,1,0,0,0,0,0,0
52668,attack,clean_target_effective,2,S5,5,23,2,1,1,0,1,0,0,0,0,0,1,2
52669,attack,missed,0,S0,0,22,1,1,0,0,0,1,0,0,0,0,0,0
52671,attack,clean_target_effective,2,S0,0,23,2,1,1,0,1,0,0,0,0,0,1,2
52672,attack,missed,0,S0,0,22,1,1,0,0,0,1,0,0,0,0,0,0
52674,attack,clean_target_ineffective,1,S0,0,23,5,1,1,1,0,0,0,0,0,1,0,1
52680,attack,off_target,3,S5,5,23,3,1,0,0,0,0,1,0,0,0,0,0
52681,attack,missed,0,S5,5,23,1,1,0,0,0,1,0,0,0,0,0,0
52683,attack,clean_target_effective,2,S0,0,23,7,1,1,0,1,0,0,0,0,0,1,2
52685,attack,clean_target_ineffective,1,S0,0,23,2,1,1,1,0,0,0,0,0,1,0,1
52686,attack,off_target,3,S5,5,23,5,1,0,0,0,0,1,0,0,0,0,0
52688,attack,missed,0,S5,5,22,0,1,0,0,0,1,0,0,0,0,0,0
52689,attack,clean_target_effective,2,S0,0,23,5,1,1,0,1,0,0,0,0,0,1,2
52695,attack,clean_target_effective,2,S5,5,23,7,1,1,0,1,0,0,0,0,0,1,2
52703,attack,missed,0,S5,5,22,6,1,0,0,0,1,0,0,0,0,0,0
52704,attack,missed,0,S5,5,22,4,1,0,0,0,1,0,0,0,0,0,0
52709,attack,clean_target_effective,2,S0,0,23,5,1,1,0,1,0,0,0,0,0,1,2
52711,attack,clean_target_effective,2,S5,5,22,0,1,1,0,1,0,0,0,0,0,1,2
52718,attack,multi_hit,4,S0,0,23,6,1,0,0,0,0,0,1,0,0,0,0
52719,attack,clean_target_effective,2,S0,0,23,6,1,1,0,1,0,0,0,0,0,1,2
52726,attack,multi_hit,4,S5,5,22,4,1,0,0,0,0,0,1,0,0,0,0
52727,attack,clean_target_effective,2,S5,5,22,7,1,1,0,1,0,0,0,0,0,1,2
52736,attack,missed,0,S0,0,22,0,1,0,0,0,1,0,0,0,0,0,0
52739,attack,off_target,3,S5,5,22,5,1,0,0,0,0,1,0,0,0,0,0
52750,attack,multi_hit,4,S0,0,23,0,1,0,0,0,0,0,1,0,0,0,0
52751,attack,off_target,3,S5,5,23,0,1,0,0,0,0,1,0,0,0,0,0
52754,attack,off_target,3,S0,0,23,2,1,0,0,0,0,1,0,0,0,0,0
52755,attack,missed,0,S5,5,23,2,1,0,0,0,1,0,0,0,0,0,0
52759,attack,clean_target_ineffective,1,S0,0,23,6,1,1,1,0,0,0,0,0,1,0,1
52760,attack,missed,0,S5,5,23,5,1,0,0,0,1,0,0,0,0,0,0
52763,attack,clean_target_effective,2,S5,5,23,1,1,1,0,1,0,0,0,0,0,1,2
52764,attack,missed,0,S0,0,23,5,1,0,0,0,1,0,0,0,0,0,0
52769,attack,clean_target_ineffective,1,S0,0,22,1,1,1,1,0,0,0,0,0,1,0,1
52770,attack,off_target,3,S0,0,23,5,1,0,0,0,0,1,0,0,0,0,0
52773,attack,missed,0,S5,5,22,1,1,0,0,0,1,0,0,0,0,0,0
52775,attack,off_target,3,S0,0,23,7,1,0,0,0,0,1,0,0,0,0,0
52778,attack,clean_target_effective,2,S0,0,22,4,1,1,0,1,0,0,0,0,0,1,2
52784,attack,clean_target_effective,2,S0,0,23,4,1,1,0,1,0,0,0,0,0,1,2
52785,attack,missed,0,S5,5,22,1,1,0,0,0,1,0,0,0,0,0,0
52793,attack,missed,0,S0,0,23,1,1,0,0,0,1,0,0,0,0,0,0
52796,attack,invalid_reset,5,S5,5,23,2,0,0,0,0,0,0,0,1,0,0,0
52804,attack,missed,0,S5,5,23,1,1,0,0,0,1,0,0,0,0,0,0
52805,attack,missed,0,S5,5,22,7,1,0,0,0,1,0,0,0,0,0,0
52810,attack,clean_target_ineffective,1,S0,0,23,6,1,1,1,0,0,0,0,0,1,0,1
52812,attack,clean_target_effective,2,S5,5,22,0,1,1,0,1,0,0,0,0,0,1,2
52819,attack,clean_target_ineffective,1,S5,5,22,4,1,1,1,0,0,0,0,0,1,0,1
52828,attack,clean_target_effective,2,S0,0,22,3,1,1,0,1,0,0,0,0,0,1,2
52831,attack,clean_target_effective,2,S0,0,22,4,1,1,0,1,0,0,0,0,0,1,2
52832,attack,clean_target_effective,2,S0,0,23,1,1,1,0,1,0,0,0,0,0,1,2
52837,attack,clean_target_effective,2,S0,0,23,6,1,1,0,1,0,0,0,0,0,1,2
52839,attack,off_target,3,S5,5,23,4,1,0,0,0,0,1,0,0,0,0,0
52841,attack,missed,0,S5,5,23,5,1,0,0,0,1,0,0,0,0,0,0
52843,attack,off_target,3,S5,5,22,5,1,0,0,0,0,1,0,0,0,0,0
52855,attack,multi_hit,4,S5,5,22,4,1,0,0,0,0,0,1,0,0,0,0
52856,attack,clean_target_ineffective,1,S5,5,23,3,1,1,1,0,0,0,0,0,1,0,1
52857,attack,multi_hit,4,S5,5,23,0,1,0,0,0,0,0,1,0,0,0,0
52862,attack,clean_target_effective,2,S5,5,22,7,1,1,0,1,0,0,0,0,0,1,2
52864,attack,missed,0,S0,0,22,1,1,0,0,0,1,0,0,0,0,0,0
52866,attack,multi_hit,4,S0,0,23,0,1,0,0,0,0,0,1,0,0,0,0
52870,attack,missed,0,S0,0,22,2,1,0,0,0,1,0,0,0,0,0,0
52874,attack,clean_target_effective,2,S5,5,22,7,1,1,0,1,0,0,0,0,0,1,2
52883,attack,missed,0,S0,0,23,7,1,0,0,0,1,0,0,0,0,0,0
52895,attack,clean_target_effective,2,S0,0,23,3,1,1,0,1,0,0,0,0,0,1,2
52896,attack,clean_target_effective,2,S0,0,22,3,1,1,0,1,0,0,0,0,0,1,2
52897,attack,multi_hit,4,S0,0,22,0,1,0,0,0,0,0,1,0,0,0,0
52901,attack,off_target,3,S5,5,23,2,1,0,0,0,0,1,0,0,0,0,0
52904,attack,off_target,3,S5,5,22,6,1,0,0,0,0,1,0,0,0,0,0
52912,attack,clean_target_ineffective,1,S5,5,22,0,1,1,1,0,0,0,0,0,1,0,1
52918,attack,clean_target_effective,2,S0,0,22,2,1,1,0,1,0,0,0,0,0,1,2
52919,attack,clean_target_ineffective,1,S5,5,23,5,1,1,1,0,0,0,0,0,1,0,1
52927,attack,multi_hit,4,S5,5,22,6,1,0,0,0,0,0,1,0,0,0,0
52928,attack,off_target,3,S0,0,22,6,1,0,0,0,0,1,0,0,0,0,0
52929,attack,missed,0,S5,5,22,7,1,0,0,0,1,0,0,0,0,0,0
52930,attack,clean_target_ineffective,1,S0,0,22,2,1,1,1,0,0,0,0,0,1,0,1
52932,attack,missed,0,S0,0,22,2,1,0,0,0,1,0,0,0,0,0,0
52935,attack,off_target,3,S5,5,23,4,1,0,0,0,0,1,0,0,0,0,0
52944,attack,clean_target_effective,2,S5,5,22,1,1,1,0,1,0,0,0,0,0,1,2
52946,attack,multi_hit,4,S5,5,22,1,1,0,0,0,0,0,1,0,0,0,0
52952,attack,clean_target_effective,2,S5,5,23,7,1,1,0,1,0,0,0,0,0,1,2
52956,attack,multi_hit,4,S5,5,22,0,1,0,0,0,0,0,1,0,0,0,0
52959,attack,invalid_reset,5,S5,5,23,3,0,0,0,0,0,0,0,1,0,0,0
52960,attack,multi_hit,4,S0,0,22,6,1,0,0,0,0,0,1,0,0,0,0
52965,attack,clean_target_effective,2,S0,0,23,0,1,1,0,1,0,0,0,0,0,1,2
52973,attack,off_target,3,S0,0,23,4,1,0,0,0,0,1,0,0,0,0,0
52974,attack,clean_target_effective,2,S5,5,22,0,1,1,0,1,0,0,0,0,0,1,2
52975,attack,clean_target_effective,2,S0,0,23,5,1,1,0,1,0,0,0,0,0,1,2
52976,attack,missed,0,S5,5,23,3,1,0,0,0,1,0,0,0,0,0,0
52979,attack,missed,0,S0,0,23,1,1,0,0,0,1,0,0,0,0,0,0
52991,attack,invalid_reset,5,S5,5,22,7,0,0,0,0,0,0,0,1,0,0,0
52993,attack,clean_target_effective,2,S5,5,22,3,1,1,0,1,0,0,0,0,0,1,2
52996,attack,missed,0,S5,5,22,7,1,0,0,0,1,0,0,0,0,0,0
53008,attack,clean_target_effective,2,S5,5,22,6,1,1,0,1,0,0,0,0,0,1,2
53010,attack,multi_hit,4,S0,0,22,0,1,0,0,0,0,0,1,0,0,0,0
53011,attack,clean_target_ineffective,1,S5,5,22,0,1,1,1,0,0,0,0,0,1,0,1
53013,attack,missed,0,S0,0,23,5,1,0,0,0,1,0,0,0,0,0,0
53018,attack,clean_target_effective,2,S0,0,23,4,1,1,0,1,0,0,0,0,0,1,2
53020,attack,missed,0,S5,5,23,4,1,0,0,0,1,0,0,0,0,0,0
53021,attack,off_target,3,S5,5,23,0,1,0,0,0,0,1,0,0,0,0,0
53022,attack,missed,0,S0,0,23,6,1,0,0,0,1,0,0,0,0,0,0
53026,attack,missed,0,S0,0,23,7,1,0,0,0,1,0,0,0,0,0,0
53037,attack,missed,0,S0,0,23,6,1,0,0,0,1,0,0,0,0,0,0
53042,attack,invalid_reset,5,S5,5,22,4,0,0,0,0,0,0,0,1,0,0,0
53043,attack,missed,0,S5,5,23,4,1,0,0,0,1,0,0,0,0,0,0
53047,attack,clean_target_effective,2,S5,5,23,2,1,1,0,1,0,0,0,0,0,1,2
53052,attack,off_target,3,S5,5,23,7,1,0,0,0,0,1,0,0,0,0,0
53056,attack,off_target,3,S5,5,22,6,1,0,0,0,0,1,0,0,0,0,0
53059,attack,off_target,3,S5,5,22,2,1,0,0,0,0,1,0,0,0,0,0
53060,attack,clean_target_effective,2,S0,0,23,1,1,1,0,1,0,0,0,0,0,1,2
53066,attack,clean_target_effective,2,S0,0,23,3,1,1,0,1,0,0,0,0,0,1,2
53067,attack,off_target,3,S5,5,23,4,1,0,0,0,0,1,0,0,0,0,0
53070,attack,clean_target_ineffective,1,S0,0,22,5,1,1,1,0,0,0,0,0,1,0,1
53074,attack,missed,0,S5,5,23,6,1,0,0,0,1,0,0,0,0,0,0
53077,attack,clean_target_ineffective,1,S0,0,23,0,1,1,1,0,0,0,0,0,1,0,1
53078,attack,clean_target_effective,2,S5,5,22,0,1,1,0,1,0,0,0,0,0,1,2
53084,attack,off_target,3,S0,0,22,5,1,0,0,0,0,1,0,0,0,0,0
53086,attack,missed,0,S0,0,22,4,1,0,0,0,1,0,0,0,0,0,0
53087,attack,off_target,3,S5,5,22,4,1,0,0,0,0,1,0,0,0,0,0
53089,attack,clean_target_effective,2,S0,0,22,6,1,1,0,1,0,0,0,0,0,1,2
53090,attack,off_target,3,S0,0,23,2,1,0,0,0,0,1,0,0,0,0,0
53094,attack,off_target,3,S5,5,22,5,1,0,0,0,0,1,0,0,0,0,0
53097,attack,clean_target_ineffective,1,S0,0,23,3,1,1,1,0,0,0,0,0,1,0,1
53099,attack,missed,0,S5,5,22,6,1,0,0,0,1,0,0,0,0,0,0
53100,attack,clean_target_effective,2,S0,0,23,0,1,1,0,1,0,0,0,0,0,1,2
53101,attack,clean_target_ineffective,1,S5,5,22,4,1,1,1,0,0,0,0,0,1,0,1
53103,attack,clean_target_ineffective,1,S0,0,23,3,1,1,1,0,0,0,0,0,1,0,1
53106,attack,missed,0,S0,0,22,3,1,0,0,0,1,0,0,0,0,0,0
53116,attack,invalid_reset,5,S0,0,22,6,0,0,0,0,0,0,0,1,0,0,0
53118,attack,clean_target_effective,2,S5,5,22,5,1,1,0,1,0,0,0,0,0,1,2
53119,attack,invalid_reset,5,S0,0,23,4,0,0,0,0,0,0,0,1,0,0,0
53120,attack,off_target,3,S5,5,22,1,1,0,0,0,0,1,0,0,0,0,0
53126,attack,off_target,3,S0,0,23,4,1,0,0,0,0,1,0,0,0,0,0
53129,attack,clean_target_ineffective,1,S0,0,22,2,1,1,1,0,0,0,0,0,1,0,1
53132,attack,clean_target_ineffective,1,S5,5,22,3,1,1,1,0,0,0,0,0,1,0,1
53134,attack,clean_target_effective,2,S0,0,22,4,1,1,0,1,0,0,0,0,0,1,2
53137,attack,multi_hit,4,S5,5,22,7,1,0,0,0,0,0,1,0,0,0,0
53138,attack,clean_target_effective,2,S5,5,23,4,1,1,0,1,0,0,0,0,0,1,2
53139,attack,clean_target_effective,2,S5,5,23,5,1,1,0,1,0,0,0,0,0,1,2
53140,attack,off_target,3,S5,5,22,4,1,0,0,0,0,1,0,0,0,0,0
53142,attack,off_target,3,S5,5,22,3,1,0,0,0,0,1,0,0,0,0,0
53144,attack,off_target,3,S0,0,22,0,1,0,0,0,0,1,0,0,0,0,0
53149,attack,off_target,3,S5,5,22,3,1,0,0,0,0,1,0,0,0,0,0
53152,attack,clean_target_effective,2,S0,0,22,4,1,1,0,1,0,0,0,0,0,1,2
53154,attack,off_target,3,S5,5,23,3,1,0,0,0,0,1,0,0,0,0,0
53158,attack,missed,0,S5,5,23,1,1,0,0,0,1,0,0,0,0,0,0
53161,attack,multi_hit,4,S0,0,23,1,1,0,0,0,0,0,1,0,0,0,0
53162,attack,clean_target_effective,2,S5,5,23,6,1,1,0,1,0,0,0,0,0,1,2
53169,attack,clean_target_effective,2,S5,5,23,6,1,1,0,1,0,0,0,0,0,1,2
53171,attack,clean_target_effective,2,S0,0,22,3,1,1,0,1,0,0,0,0,0,1,2
53178,attack,clean_target_effective,2,S0,0,23,5,1,1,0,1,0,0,0,0,0,1,2
53180,attack,clean_target_effective,2,S0,0,22,4,1,1,0,1,0,0,0,0,0,1,2
53181,attack,clean_target_effective,2,S0,0,22,0,1,1,0,1,0,0,0,0,0,1,2
53185,attack,clean_target_ineffective,1,S0,0,22,6,1,1,1,0,0,0,0,0,1,0,1
53187,attack,clean_target_effective,2,S5,5,23,5,1,1,0,1,0,0,0,0,0,1,2
53189,attack,missed,0,S0,0,23,4,1,0,0,0,1,0,0,0,0,0,0
53191,attack,clean_target_effective,2,S5,5,23,3,1,1,0,1,0,0,0,0,0,1,2
53196,attack,clean_target_effective,2,S0,0,23,2,1,1,0,1,0,0,0,0,0,1,2
53199,attack,clean_target_ineffective,1,S0,0,23,4,1,1,1,0,0,0,0,0,1,0,1
53203,attack,invalid_reset,5,S0,0,22,5,0,0,0,0,0,0,0,1,0,0,0
53205,attack,clean_target_ineffective,1,S5,5,23,3,1,1,1,0,0,0,0,0,1,0,1
53213,attack,clean_target_effective,2,S0,0,23,6,1,1,0,1,0,0,0,0,0,1,2
53222,attack,clean_target_ineffective,1,S5,5,22,4,1,1,1,0,0,0,0,0,1,0,1
53232,attack,clean_target_effective,2,S0,0,22,6,1,1,0,1,0,0,0,0,0,1,2
53242,attack,off_target,3,S5,5,23,3,1,0,0,0,0,1,0,0,0,0,0
53245,attack,clean_target_effective,2,S5,5,22,7,1,1,0,1,0,0,0,0,0,1,2
53250,attack,clean_target_effective,2,S0,0,23,5,1,1,0,1,0,0,0,0,0,1,2
53252,attack,clean_target_ineffective,1,S5,5,22,6,1,1,1,0,0,0,0,0,1,0,1
53266,attack,clean_target_effective,2,S0,0,23,3,1,1,0,1,0,0,0,0,0,1,2
53271,attack,clean_target_effective,2,S0,0,23,2,1,1,0,1,0,0,0,0,0,1,2
53273,attack,off_target,3,S0,0,23,5,1,0,0,0,0,1,0,0,0,0,0
53276,attack,clean_target_effective,2,S0,0,22,1,1,1,0,1,0,0,0,0,0,1,2
53280,attack,missed,0,S5,5,23,0,1,0,0,0,1,0,0,0,0,0,0
53281,attack,clean_target_effective,2,S5,5,22,3,1,1,0,1,0,0,0,0,0,1,2
53292,attack,missed,0,S5,5,22,4,1,0,0,0,1,0,0,0,0,0,0
53293,attack,clean_target_effective,2,S0,0,23,7,1,1,0,1,0,0,0,0,0,1,2
53301,attack,multi_hit,4,S0,0,23,7,1,0,0,0,0,0,1,0,0,0,0
53306,attack,off_target,3,S5,5,22,6,1,0,0,0,0,1,0,0,0,0,0
53308,attack,clean_target_ineffective,1,S0,0,23,4,1,1,1,0,0,0,0,0,1,0,1
53309,attack,multi_hit,4,S0,0,22,7,1,0,0,0,0,0,1,0,0,0,0
53310,attack,multi_hit,4,S0,0,23,4,1,0,0,0,0,0,1,0,0,0,0
53312,attack,clean_target_effective,2,S0,0,22,3,1,1,0,1,0,0,0,0,0,1,2
53316,attack,clean_target_effective,2,S0,0,22,1,1,1,0,1,0,0,0,0,0,1,2
53322,attack,missed,0,S0,0,22,1,1,0,0,0,1,0,0,0,0,0,0
53328,attack,missed,0,S5,5,23,0,1,0,0,0,1,0,0,0,0,0,0
53329,attack,multi_hit,4,S5,5,22,2,1,0,0,0,0,0,1,0,0,0,0
53330,attack,clean_target_ineffective,1,S0,0,22,2,1,1,1,0,0,0,0,0,1,0,1
53331,attack,clean_target_effective,2,S0,0,23,6,1,1,0,1,0,0,0,0,0,1,2
53335,attack,invalid_reset,5,S0,0,22,0,0,0,0,0,0,0,0,1,0,0,0
53338,attack,clean_target_effective,2,S0,0,22,3,1,1,0,1,0,0,0,0,0,1,2
53340,attack,clean_target_effective,2,S0,0,22,6,1,1,0,1,0,0,0,0,0,1,2
53348,attack,clean_target_effective,2,S0,0,22,5,1,1,0,1,0,0,0,0,0,1,2
53351,attack,invalid_reset,5,S0,0,22,0,0,0,0,0,0,0,0,1,0,0,0
53355,attack,clean_target_ineffective,1,S5,5,23,4,1,1,1,0,0,0,0,0,1,0,1
53359,attack,off_target,3,S0,0,22,1,1,0,0,0,0,1,0,0,0,0,0
53360,attack,multi_hit,4,S0,0,23,1,1,0,0,0,0,0,1,0,0,0,0
53376,attack,missed,0,S5,5,22,5,1,0,0,0,1,0,0,0,0,0,0
53378,attack,clean_target_effective,2,S5,5,22,5,1,1,0,1,0,0,0,0,0,1,2
53379,attack,clean_target_effective,2,S5,5,23,0,1,1,0,1,0,0,0,0,0,1,2
53380,attack,missed,0,S5,5,22,5,1,0,0,0,1,0,0,0,0,0,0
53382,attack,clean_target_effective,2,S0,0,22,5,1,1,0,1,0,0,0,0,0,1,2
53385,attack,clean_target_effective,2,S0,0,22,3,1,1,0,1,0,0,0,0,0,1,2
53397,attack,off_target,3,S0,0,23,3,1,0,0,0,0,1,0,0,0,0,0
53401,attack,off_target,3,S0,0,23,4,1,0,0,0,0,1,0,0,0,0,0
53407,attack,missed,0,S5,5,23,2,1,0,0,0,1,0,0,0,0,0,0
53408,attack,clean_target_effective,2,S5,5,23,0,1,1,0,1,0,0,0,0,0,1,2
53414,attack,missed,0,S0,0,23,3,1,0,0,0,1,0,0,0,0,0,0
53420,attack,off_target,3,S5,5,22,7,1,0,0,0,0,1,0,0,0,0,0
53424,attack,clean_target_ineffective,1,S5,5,23,2,1,1,1,0,0,0,0,0,1,0,1
53435,attack,missed,0,S0,0,22,0,1,0,0,0,1,0,0,0,0,0,0
53436,attack,missed,0,S0,0,23,5,1,0,0,0,1,0,0,0,0,0,0
53438,attack,clean_target_effective,2,S5,5,23,3,1,1,0,1,0,0,0,0,0,1,2
53442,attack,missed,0,S5,5,22,2,1,0,0,0,1,0,0,0,0,0,0
53443,attack,clean_target_effective,2,S5,5,22,6,1,1,0,1,0,0,0,0,0,1,2
53446,attack,clean_target_effective,2,S0,0,23,1,1,1,0,1,0,0,0,0,0,1,2
53452,attack,clean_target_ineffective,1,S5,5,23,2,1,1,1,0,0,0,0,0,1,0,1
53453,attack,clean_target_ineffective,1,S0,0,23,2,1,1,1,0,0,0,0,0,1,0,1
53460,attack,clean_target_effective,2,S5,5,22,2,1,1,0,1,0,0,0,0,0,1,2
53461,attack,missed,0,S5,5,23,7,1,0,0,0,1,0,0,0,0,0,0
53466,attack,missed,0,S0,0,22,4,1,0,0,0,1,0,0,0,0,0,0
53478,attack,clean_target_effective,2,S0,0,22,2,1,1,0,1,0,0,0,0,0,1,2
53483,attack,off_target,3,S0,0,23,3,1,0,0,0,0,1,0,0,0,0,0
53485,attack,missed,0,S5,5,22,0,1,0,0,0,1,0,0,0,0,0,0
53491,attack,multi_hit,4,S5,5,22,3,1,0,0,0,0,0,1,0,0,0,0
53494,attack,clean_target_effective,2,S0,0,22,7,1,1,0,1,0,0,0,0,0,1,2
53500,attack,off_target,3,S0,0,23,2,1,0,0,0,0,1,0,0,0,0,0
53503,attack,missed,0,S0,0,23,1,1,0,0,0,1,0,0,0,0,0,0
53504,attack,missed,0,S5,5,22,4,1,0,0,0,1,0,0,0,0,0,0
53508,attack,missed,0,S0,0,23,7,1,0,0,0,1,0,0,0,0,0,0
53509,attack,clean_target_effective,2,S0,0,22,3,1,1,0,1,0,0,0,0,0,1,2
53510,attack,missed,0,S0,0,23,2,1,0,0,0,1,0,0,0,0,0,0
53517,attack,off_target,3,S5,5,23,0,1,0,0,0,0,1,0,0,0,0,0
53520,attack,off_target,3,S0,0,23,4,1,0,0,0,0,1,0,0,0,0,0
53531,attack,clean_target_ineffective,1,S0,0,22,3,1,1,1,0,0,0,0,0,1,0,1
53542,attack,missed,0,S0,0,22,4,1,0,0,0,1,0,0,0,0,0,0
53543,attack,missed,0,S0,0,23,3,1,0,0,0,1,0,0,0,0,0,0
53544,attack,clean_target_effective,2,S5,5,23,3,1,1,0,1,0,0,0,0,0,1,2
53549,attack,missed,0,S0,0,22,2,1,0,0,0,1,0,0,0,0,0,0
53551,attack,invalid_reset,5,S0,0,22,5,0,0,0,0,0,0,0,1,0,0,0
53554,attack,missed,0,S0,0,22,1,1,0,0,0,1,0,0,0,0,0,0
53562,attack,missed,0,S0,0,22,1,1,0,0,0,1,0,0,0,0,0,0
53564,attack,clean_target_ineffective,1,S0,0,22,5,1,1,1,0,0,0,0,0,1,0,1
53568,attack,clean_target_effective,2,S0,0,23,3,1,1,0,1,0,0,0,0,0,1,2
53572,attack,off_target,3,S0,0,22,0,1,0,0,0,0,1,0,0,0,0,0
53577,attack,clean_target_effective,2,S5,5,22,0,1,1,0,1,0,0,0,0,0,1,2
53581,attack,missed,0,S5,5,22,7,1,0,0,0,1,0,0,0,0,0,0
53583,attack,missed,0,S0,0,22,0,1,0,0,0,1,0,0,0,0,0,0
53586,attack,clean_target_effective,2,S0,0,22,6,1,1,0,1,0,0,0,0,0,1,2
53589,attack,clean_target_effective,2,S5,5,22,0,1,1,0,1,0,0,0,0,0,1,2
53593,attack,clean_target_effective,2,S5,5,22,6,1,1,0,1,0,0,0,0,0,1,2
53594,attack,missed,0,S5,5,23,4,1,0,0,0,1,0,0,0,0,0,0
53595,attack,clean_target_effective,2,S5,5,22,1,1,1,0,1,0,0,0,0,0,1,2
53597,attack,clean_target_ineffective,1,S0,0,22,5,1,1,1,0,0,0,0,0,1,0,1
53600,attack,missed,0,S5,5,23,0,1,0,0,0,1,0,0,0,0,0,0
53607,attack,missed,0,S0,0,23,7,1,0,0,0,1,0,0,0,0,0,0
53612,attack,clean_target_effective,2,S0,0,22,0,1,1,0,1,0,0,0,0,0,1,2
53613,attack,missed,0,S5,5,23,2,1,0,0,0,1,0,0,0,0,0,0
53621,attack,off_target,3,S0,0,23,6,1,0,0,0,0,1,0,0,0,0,0
53625,attack,multi_hit,4,S5,5,22,7,1,0,0,0,0,0,1,0,0,0,0
53626,attack,clean_target_ineffective,1,S0,0,23,4,1,1,1,0,0,0,0,0,1,0,1
53629,attack,clean_target_ineffective,1,S0,0,22,3,1,1,1,0,0,0,0,0,1,0,1
53640,attack,clean_target_effective,2,S0,0,22,3,1,1,0,1,0,0,0,0,0,1,2
53647,attack,clean_target_effective,2,S5,5,23,6,1,1,0,1,0,0,0,0,0,1,2
53650,attack,clean_target_ineffective,1,S0,0,23,5,1,1,1,0,0,0,0,0,1,0,1
53651,attack,missed,0,S5,5,22,4,1,0,0,0,1,0,0,0,0,0,0
53652,attack,clean_target_effective,2,S0,0,22,0,1,1,0,1,0,0,0,0,0,1,2
53660,attack,off_target,3,S5,5,22,1,1,0,0,0,0,1,0,0,0,0,0
53661,attack,clean_target_effective,2,S5,5,22,0,1,1,0,1,0,0,0,0,0,1,2
53666,attack,clean_target_effective,2,S0,0,23,6,1,1,0,1,0,0,0,0,0,1,2
53672,attack,missed,0,S0,0,22,6,1,0,0,0,1,0,0,0,0,0,0
53676,attack,clean_target_ineffective,1,S0,0,23,4,1,1,1,0,0,0,0,0,1,0,1
53678,attack,missed,0,S5,5,23,1,1,0,0,0,1,0,0,0,0,0,0
53681,attack,clean_target_effective,2,S0,0,22,2,1,1,0,1,0,0,0,0,0,1,2
53685,attack,missed,0,S5,5,22,1,1,0,0,0,1,0,0,0,0,0,0
53687,attack,clean_target_ineffective,1,S5,5,22,5,1,1,1,0,0,0,0,0,1,0,1
53695,attack,missed,0,S5,5,23,6,1,0,0,0,1,0,0,0,0,0,0
53696,attack,clean_target_effective,2,S5,5,23,1,1,1,0,1,0,0,0,0,0,1,2
53700,attack,missed,0,S0,0,22,1,1,0,0,0,1,0,0,0,0,0,0
53705,attack,multi_hit,4,S0,0,22,7,1,0,0,0,0,0,1,0,0,0,0
53706,attack,clean_target_effective,2,S5,5,23,1,1,1,0,1,0,0,0,0,0,1,2
53707,attack,clean_target_effective,2,S0,0,22,6,1,1,0,1,0,0,0,0,0,1,2
53708,attack,clean_target_effective,2,S0,0,22,7,1,1,0,1,0,0,0,0,0,1,2
53714,attack,multi_hit,4,S0,0,23,5,1,0,0,0,0,0,1,0,0,0,0
53720,attack,missed,0,S0,0,23,2,1,0,0,0,1,0,0,0,0,0,0
53721,attack,clean_target_effective,2,S0,0,23,1,1,1,0,1,0,0,0,0,0,1,2
53722,attack,clean_target_ineffective,1,S0,0,23,0,1,1,1,0,0,0,0,0,1,0,1
53725,attack,off_target,3,S5,5,23,7,1,0,0,0,0,1,0,0,0,0,0
53736,attack,clean_target_effective,2,S5,5,23,4,1,1,0,1,0,0,0,0,0,1,2
53743,attack,off_target,3,S0,0,23,0,1,0,0,0,0,1,0,0,0,0,0
53744,attack,clean_target_ineffective,1,S5,5,22,7,1,1,1,0,0,0,0,0,1,0,1
53745,attack,multi_hit,4,S0,0,22,4,1,0,0,0,0,0,1,0,0,0,0
53750,attack,invalid_reset,5,S5,5,22,6,0,0,0,0,0,0,0,1,0,0,0
53754,attack,clean_target_effective,2,S0,0,22,1,1,1,0,1,0,0,0,0,0,1,2
53756,attack,off_target,3,S5,5,22,5,1,0,0,0,0,1,0,0,0,0,0
53765,attack,missed,0,S0,0,23,1,1,0,0,0,1,0,0,0,0,0,0
53768,attack,off_target,3,S5,5,22,1,1,0,0,0,0,1,0,0,0,0,0
53774,attack,missed,0,S5,5,23,7,1,0,0,0,1,0,0,0,0,0,0
53775,attack,missed,0,S5,5,22,1,1,0,0,0,1,0,0,0,0,0,0
53780,attack,clean_target_effective,2,S0,0,22,5,1,1,0,1,0,0,0,0,0,1,2
53791,attack,missed,0,S5,5,22,3,1,0,0,0,1,0,0,0,0,0,0
53792,attack,invalid_reset,5,S0,0,23,5,0,0,0,0,0,0,0,1,0,0,0
53797,attack,clean_target_effective,2,S0,0,23,0,1,1,0,1,0,0,0,0,0,1,2
53805,attack,missed,0,S0,0,22,1,1,0,0,0,1,0,0,0,0,0,0
53808,attack,clean_target_effective,2,S5,5,23,1,1,1,0,1,0,0,0,0,0,1,2
53811,attack,missed,0,S5,5,22,2,1,0,0,0,1,0,0,0,0,0,0
53814,attack,clean_target_ineffective,1,S5,5,23,3,1,1,1,0,0,0,0,0,1,0,1
53820,attack,clean_target_ineffective,1,S5,5,23,7,1,1,1,0,0,0,0,0,1,0,1
53823,attack,multi_hit,4,S5,5,22,5,1,0,0,0,0,0,1,0,0,0,0
53825,attack,missed,0,S5,5,23,5,1,0,0,0,1,0,0,0,0,0,0
53826,attack,off_target,3,S0,0,23,6,1,0,0,0,0,1,0,0,0,0,0
53834,attack,multi_hit,4,S5,5,23,5,1,0,0,0,0,0,1,0,0,0,0
53838,attack,missed,0,S5,5,23,2,1,0,0,0,1,0,0,0,0,0,0
53840,attack,missed,0,S5,5,22,1,1,0,0,0,1,0,0,0,0,0,0
53841,attack,multi_hit,4,S5,5,23,7,1,0,0,0,0,0,1,0,0,0,0
53843,attack,clean_target_ineffective,1,S5,5,23,6,1,1,1,0,0,0,0,0,1,0,1
53848,attack,multi_hit,4,S5,5,23,3,1,0,0,0,0,0,1,0,0,0,0
53850,attack,clean_target_ineffective,1,S0,0,22,6,1,1,1,0,0,0,0,0,1,0,1
53867,attack,off_target,3,S0,0,23,5,1,0,0,0,0,1,0,0,0,0,0
53868,attack,missed,0,S0,0,23,5,1,0,0,0,1,0,0,0,0,0,0
53876,attack,missed,0,S5,5,22,3,1,0,0,0,1,0,0,0,0,0,0
53878,attack,multi_hit,4,S5,5,23,1,1,0,0,0,0,0,1,0,0,0,0
53885,attack,clean_target_ineffective,1,S0,0,22,4,1,1,1,0,0,0,0,0,1,0,1
53892,attack,clean_target_effective,2,S0,0,23,3,1,1,0,1,0,0,0,0,0,1,2
53893,attack,missed,0,S0,0,23,2,1,0,0,0,1,0,0,0,0,0,0
53894,attack,clean_target_effective,2,S0,0,22,2,1,1,0,1,0,0,0,0,0,1,2
53899,attack,multi_hit,4,S5,5,23,0,1,0,0,0,0,0,1,0,0,0,0
53902,attack,invalid_reset,5,S0,0,22,0,0,0,0,0,0,0,0,1,0,0,0
53906,attack,clean_target_ineffective,1,S5,5,22,0,1,1,1,0,0,0,0,0,1,0,1
53913,attack,clean_target_effective,2,S5,5,23,7,1,1,0,1,0,0,0,0,0,1,2
53915,attack,clean_target_effective,2,S0,0,22,0,1,1,0,1,0,0,0,0,0,1,2
53921,attack,off_target,3,S5,5,23,5,1,0,0,0,0,1,0,0,0,0,0
53931,attack,multi_hit,4,S5,5,23,3,1,0,0,0,0,0,1,0,0,0,0
53935,attack,missed,0,S0,0,22,5,1,0,0,0,1,0,0,0,0,0,0
53936,attack,off_target,3,S0,0,23,6,1,0,0,0,0,1,0,0,0,0,0
53939,attack,multi_hit,4,S0,0,22,1,1,0,0,0,0,0,1,0,0,0,0
53945,attack,multi_hit,4,S5,5,23,0,1,0,0,0,0,0,1,0,0,0,0
53949,attack,clean_target_ineffective,1,S0,0,22,2,1,1,1,0,0,0,0,0,1,0,1
53954,attack,off_target,3,S0,0,23,2,1,0,0,0,0,1,0,0,0,0,0
53956,attack,invalid_reset,5,S5,5,23,5,0,0,0,0,0,0,0,1,0,0,0
53958,attack,clean_target_effective,2,S0,0,22,7,1,1,0,1,0,0,0,0,0,1,2
53962,attack,multi_hit,4,S5,5,22,0,1,0,0,0,0,0,1,0,0,0,0
53963,attack,missed,0,S5,5,23,5,1,0,0,0,1,0,0,0,0,0,0
53964,attack,clean_target_effective,2,S0,0,22,1,1,1,0,1,0,0,0,0,0,1,2
53968,attack,clean_target_ineffective,1,S5,5,22,2,1,1,1,0,0,0,0,0,1,0,1
53972,attack,clean_target_effective,2,S5,5,22,1,1,1,0,1,0,0,0,0,0,1,2
53975,attack,off_target,3,S0,0,23,2,1,0,0,0,0,1,0,0,0,0,0
53976,attack,multi_hit,4,S5,5,22,3,1,0,0,0,0,0,1,0,0,0,0
53979,attack,clean_target_effective,2,S0,0,22,7,1,1,0,1,0,0,0,0,0,1,2
53981,attack,multi_hit,4,S5,5,22,5,1,0,0,0,0,0,1,0,0,0,0
53983,attack,missed,0,S0,0,22,2,1,0,0,0,1,0,0,0,0,0,0
53986,attack,multi_hit,4,S0,0,23,0,1,0,0,0,0,0,1,0,0,0,0
53987,attack,clean_target_effective,2,S0,0,23,6,1,1,0,1,0,0,0,0,0,1,2
53991,attack,missed,0,S0,0,23,0,1,0,0,0,1,0,0,0,0,0,0
54000,attack,off_target,3,S0,0,23,2,1,0,0,0,0,1,0,0,0,0,0
54014,attack,multi_hit,4,S0,0,23,2,1,0,0,0,0,0,1,0,0,0,0
54018,attack,invalid_reset,5,S5,5,22,4,0,0,0,0,0,0,0,1,0,0,0
54019,attack,off_target,3,S5,5,22,7,1,0,0,0,0,1,0,0,0,0,0
54020,attack,multi_hit,4,S5,5,22,2,1,0,0,0,0,0,1,0,0,0,0
54021,attack,missed,0,S5,5,22,4,1,0,0,0,1,0,0,0,0,0,0
54028,attack,clean_target_ineffective,1,S0,0,23,5,1,1,1,0,0,0,0,0,1,0,1
54030,attack,multi_hit,4,S0,0,22,4,1,0,0,0,0,0,1,0,0,0,0
54039,attack,clean_target_effective,2,S0,0,23,7,1,1,0,1,0,0,0,0,0,1,2
54043,attack,clean_target_effective,2,S0,0,23,1,1,1,0,1,0,0,0,0,0,1,2
54044,attack,off_target,3,S5,5,23,4,1,0,0,0,0,1,0,0,0,0,0
54045,attack,multi_hit,4,S0,0,23,1,1,0,0,0,0,0,1,0,0,0,0
54049,attack,invalid_reset,5,S5,5,23,2,0,0,0,0,0,0,0,1,0,0,0
54054,attack,clean_target_effective,2,S0,0,22,1,1,1,0,1,0,0,0,0,0,1,2
54056,attack,missed,0,S5,5,23,5,1,0,0,0,1,0,0,0,0,0,0
54061,attack,clean_target_effective,2,S5,5,23,4,1,1,0,1,0,0,0,0,0,1,2
54063,attack,clean_target_ineffective,1,S5,5,22,2,1,1,1,0,0,0,0,0,1,0,1
54064,attack,off_target,3,S5,5,23,6,1,0,0,0,0,1,0,0,0,0,0
54070,attack,clean_target_ineffective,1,S5,5,23,0,1,1,1,0,0,0,0,0,1,0,1
54073,attack,multi_hit,4,S0,0,23,3,1,0,0,0,0,0,1,0,0,0,0
54074,attack,missed,0,S0,0,22,4,1,0,0,0,1,0,0,0,0,0,0
54076,attack,off_target,3,S0,0,22,0,1,0,0,0,0,1,0,0,0,0,0
54078,attack,off_target,3,S0,0,22,1,1,0,0,0,0,1,0,0,0,0,0
54080,attack,clean_target_ineffective,1,S5,5,22,6,1,1,1,0,0,0,0,0,1,0,1
54082,attack,clean_target_ineffective,1,S0,0,22,1,1,1,1,0,0,0,0,0,1,0,1
54083,attack,clean_target_effective,2,S5,5,22,2,1,1,0,1,0,0,0,0,0,1,2
54088,attack,clean_target_ineffective,1,S5,5,23,0,1,1,1,0,0,0,0,0,1,0,1
54092,attack,multi_hit,4,S5,5,22,3,1,0,0,0,0,0,1,0,0,0,0
54094,attack,missed,0,S0,0,22,6,1,0,0,0,1,0,0,0,0,0,0
54103,attack,invalid_reset,5,S5,5,23,4,0,0,0,0,0,0,0,1,0,0,0
54118,attack,off_target,3,S0,0,22,1,1,0,0,0,0,1,0,0,0,0,0
54136,attack,clean_target_effective,2,S5,5,23,5,1,1,0,1,0,0,0,0,0,1,2
54140,attack,clean_target_effective,2,S5,5,23,3,1,1,0,1,0,0,0,0,0,1,2
54142,attack,multi_hit,4,S0,0,23,0,1,0,0,0,0,0,1,0,0,0,0
54146,attack,missed,0,S5,5,22,0,1,0,0,0,1,0,0,0,0,0,0
54147,attack,missed,0,S0,0,22,7,1,0,0,0,1,0,0,0,0,0,0
54150,attack,missed,0,S0,0,22,4,1,0,0,0,1,0,0,0,0,0,0
54158,attack,multi_hit,4,S5,5,23,6,1,0,0,0,0,0,1,0,0,0,0
54160,attack,invalid_reset,5,S5,5,22,6,0,0,0,0,0,0,0,1,0,0,0
54165,attack,off_target,3,S5,5,22,7,1,0,0,0,0,1,0,0,0,0,0
54169,attack,missed,0,S5,5,22,5,1,0,0,0,1,0,0,0,0,0,0
54172,attack,clean_target_effective,2,S5,5,22,2,1,1,0,1,0,0,0,0,0,1,2
54173,attack,clean_target_effective,2,S0,0,22,0,1,1,0,1,0,0,0,0,0,1,2
54178,attack,clean_target_effective,2,S0,0,22,1,1,1,0,1,0,0,0,0,0,1,2
54179,attack,clean_target_effective,2,S0,0,23,7,1,1,0,1,0,0,0,0,0,1,2
54181,attack,off_target,3,S5,5,22,4,1,0,0,0,0,1,0,0,0,0,0
54182,attack,missed,0,S0,0,23,0,1,0,0,0,1,0,0,0,0,0,0
54187,attack,missed,0,S0,0,23,5,1,0,0,0,1,0,0,0,0,0,0
54195,attack,off_target,3,S5,5,22,0,1,0,0,0,0,1,0,0,0,0,0
54196,attack,multi_hit,4,S5,5,23,6,1,0,0,0,0,0,1,0,0,0,0
54197,attack,missed,0,S0,0,23,4,1,0,0,0,1,0,0,0,0,0,0
54205,attack,missed,0,S0,0,23,2,1,0,0,0,1,0,0,0,0,0,0
54207,attack,off_target,3,S5,5,23,0,1,0,0,0,0,1,0,0,0,0,0
54210,attack,off_target,3,S5,5,23,2,1,0,0,0,0,1,0,0,0,0,0
54211,attack,clean_target_ineffective,1,S5,5,22,6,1,1,1,0,0,0,0,0,1,0,1
54212,attack,clean_target_effective,2,S0,0,23,4,1,1,0,1,0,0,0,0,0,1,2
54213,attack,off_target,3,S5,5,22,4,1,0,0,0,0,1,0,0,0,0,0
54227,attack,invalid_reset,5,S0,0,23,1,0,0,0,0,0,0,0,1,0,0,0
54229,attack,missed,0,S5,5,22,0,1,0,0,0,1,0,0,0,0,0,0
54230,attack,off_target,3,S5,5,22,2,1,0,0,0,0,1,0,0,0,0,0
54232,attack,clean_target_ineffective,1,S5,5,22,4,1,1,1,0,0,0,0,0,1,0,1
54235,attack,clean_target_ineffective,1,S0,0,23,5,1,1,1,0,0,0,0,0,1,0,1
54236,attack,missed,0,S5,5,22,5,1,0,0,0,1,0,0,0,0,0,0
54247,attack,off_target,3,S5,5,23,7,1,0,0,0,0,1,0,0,0,0,0
54256,attack,missed,0,S5,5,23,2,1,0,0,0,1,0,0,0,0,0,0
54260,attack,missed,0,S5,5,22,3,1,0,0,0,1,0,0,0,0,0,0
54264,attack,invalid_reset,5,S5,5,23,3,0,0,0,0,0,0,0,1,0,0,0
54269,attack,multi_hit,4,S5,5,22,5,1,0,0,0,0,0,1,0,0,0,0
54270,attack,clean_target_effective,2,S0,0,22,0,1,1,0,1,0,0,0,0,0,1,2
54278,attack,clean_target_ineffective,1,S5,5,23,1,1,1,1,0,0,0,0,0,1,0,1
54279,attack,clean_target_effective,2,S5,5,22,6,1,1,0,1,0,0,0,0,0,1,2
54285,attack,clean_target_effective,2,S5,5,22,0,1,1,0,1,0,0,0,0,0,1,2
54289,attack,off_target,3,S5,5,23,5,1,0,0,0,0,1,0,0,0,0,0
54295,attack,off_target,3,S0,0,22,4,1,0,0,0,0,1,0,0,0,0,0
54302,attack,off_target,3,S5,5,23,4,1,0,0,0,0,1,0,0,0,0,0
54311,attack,clean_target_effective,2,S5,5,22,0,1,1,0,1,0,0,0,0,0,1,2
54313,attack,clean_target_effective,2,S5,5,23,5,1,1,0,1,0,0,0,0,0,1,2
54314,attack,off_target,3,S5,5,23,0,1,0,0,0,0,1,0,0,0,0,0
54316,attack,clean_target_effective,2,S5,5,23,5,1,1,0,1,0,0,0,0,0,1,2
54324,attack,clean_target_effective,2,S5,5,22,5,1,1,0,1,0,0,0,0,0,1,2
54329,attack,invalid_reset,5,S0,0,22,6,0,0,0,0,0,0,0,1,0,0,0
54355,attack,missed,0,S0,0,23,3,1,0,0,0,1,0,0,0,0,0,0
54356,attack,missed,0,S5,5,22,1,1,0,0,0,1,0,0,0,0,0,0
54361,attack,missed,0,S5,5,22,4,1,0,0,0,1,0,0,0,0,0,0
54363,attack,clean_target_effective,2,S5,5,23,2,1,1,0,1,0,0,0,0,0,1,2
54364,attack,multi_hit,4,S0,0,23,6,1,0,0,0,0,0,1,0,0,0,0
54369,attack,clean_target_effective,2,S0,0,22,1,1,1,0,1,0,0,0,0,0,1,2
54370,attack,off_target,3,S5,5,22,6,1,0,0,0,0,1,0,0,0,0,0
54373,attack,clean_target_effective,2,S5,5,22,5,1,1,0,1,0,0,0,0,0,1,2
54377,attack,off_target,3,S0,0,22,7,1,0,0,0,0,1,0,0,0,0,0
54388,attack,off_target,3,S5,5,22,0,1,0,0,0,0,1,0,0,0,0,0
54390,attack,off_target,3,S0,0,23,3,1,0,0,0,0,1,0,0,0,0,0
54392,attack,missed,0,S0,0,22,1,1,0,0,0,1,0,0,0,0,0,0
54394,attack,clean_target_effective,2,S5,5,23,3,1,1,0,1,0,0,0,0,0,1,2
54403,attack,missed,0,S5,5,23,5,1,0,0,0,1,0,0,0,0,0,0
54405,attack,missed,0,S5,5,22,0,1,0,0,0,1,0,0,0,0,0,0
54412,attack,multi_hit,4,S5,5,22,1,1,0,0,0,0,0,1,0,0,0,0
54413,attack,clean_target_effective,2,S0,0,22,7,1,1,0,1,0,0,0,0,0,1,2
54414,attack,missed,0,S0,0,23,7,1,0,0,0,1,0,0,0,0,0,0
54416,attack,clean_target_effective,2,S0,0,23,7,1,1,0,1,0,0,0,0,0,1,2
54421,attack,clean_target_effective,2,S0,0,23,4,1,1,0,1,0,0,0,0,0,1,2
54425,attack,clean_target_effective,2,S0,0,22,2,1,1,0,1,0,0,0,0,0,1,2
54428,attack,clean_target_effective,2,S5,5,23,4,1,1,0,1,0,0,0,0,0,1,2
54430,attack,missed,0,S0,0,23,0,1,0,0,0,1,0,0,0,0,0,0
54432,attack,clean_target_effective,2,S0,0,23,2,1,1,0,1,0,0,0,0,0,1,2
54435,attack,clean_target_ineffective,1,S0,0,23,0,1,1,1,0,0,0,0,0,1,0,1
54445,attack,missed,0,S0,0,23,5,1,0,0,0,1,0,0,0,0,0,0
54452,attack,clean_target_ineffective,1,S5,5,23,2,1,1,1,0,0,0,0,0,1,0,1
54454,attack,clean_target_effective,2,S5,5,22,2,1,1,0,1,0,0,0,0,0,1,2
54456,attack,clean_target_effective,2,S5,5,22,0,1,1,0,1,0,0,0,0,0,1,2
54458,attack,missed,0,S0,0,23,7,1,0,0,0,1,0,0,0,0,0,0
54460,attack,missed,0,S0,0,22,6,1,0,0,0,1,0,0,0,0,0,0
54463,attack,clean_target_effective,2,S0,0,23,7,1,1,0,1,0,0,0,0,0,1,2
54465,attack,multi_hit,4,S5,5,22,4,1,0,0,0,0,0,1,0,0,0,0
54466,attack,clean_target_effective,2,S0,0,22,0,1,1,0,1,0,0,0,0,0,1,2
54470,attack,missed,0,S0,0,22,5,1,0,0,0,1,0,0,0,0,0,0
54474,attack,off_target,3,S5,5,23,6,1,0,0,0,0,1,0,0,0,0,0
54480,attack,invalid_reset,5,S0,0,23,0,0,0,0,0,0,0,0,1,0,0,0
54483,attack,off_target,3,S0,0,23,4,1,0,0,0,0,1,0,0,0,0,0
54487,attack,missed,0,S0,0,22,0,1,0,0,0,1,0,0,0,0,0,0
54499,attack,clean_target_effective,2,S0,0,22,7,1,1,0,1,0,0,0,0,0,1,2
54517,attack,clean_target_effective,2,S5,5,23,2,1,1,0,1,0,0,0,0,0,1,2
54519,attack,clean_target_effective,2,S0,0,23,2,1,1,0,1,0,0,0,0,0,1,2
54525,attack,missed,0,S5,5,23,4,1,0,0,0,1,0,0,0,0,0,0
54530,attack,missed,0,S0,0,22,2,1,0,0,0,1,0,0,0,0,0,0
54534,attack,multi_hit,4,S5,5,22,7,1,0,0,0,0,0,1,0,0,0,0
54540,attack,off_target,3,S0,0,22,0,1,0,0,0,0,1,0,0,0,0,0
54555,attack,missed,0,S5,5,22,2,1,0,0,0,1,0,0,0,0,0,0
54558,attack,missed,0,S0,0,22,7,1,0,0,0,1,0,0,0,0,0,0
54563,attack,clean_target_effective,2,S0,0,22,5,1,1,0,1,0,0,0,0,0,1,2
54565,attack,clean_target_effective,2,S5,5,23,4,1,1,0,1,0,0,0,0,0,1,2
54567,attack,multi_hit,4,S5,5,22,2,1,0,0,0,0,0,1,0,0,0,0
54568,attack,multi_hit,4,S0,0,22,4,1,0,0,0,0,0,1,0,0,0,0
54574,attack,missed,0,S0,0,23,1,1,0,0,0,1,0,0,0,0,0,0
54576,attack,missed,0,S0,0,23,3,1,0,0,0,1,0,0,0,0,0,0
54580,attack,off_target,3,S5,5,22,5,1,0,0,0,0,1,0,0,0,0,0
54582,attack,missed,0,S5,5,23,2,1,0,0,0,1,0,0,0,0,0,0
54590,attack,off_target,3,S0,0,23,0,1,0,0,0,0,1,0,0,0,0,0
54594,attack,multi_hit,4,S0,0,22,7,1,0,0,0,0,0,1,0,0,0,0
54596,attack,multi_hit,4,S5,5,22,3,1,0,0,0,0,0,1,0,0,0,0
54603,attack,missed,0,S0,0,22,2,1,0,0,0,1,0,0,0,0,0,0
54604,attack,missed,0,S0,0,22,0,1,0,0,0,1,0,0,0,0,0,0
54610,attack,multi_hit,4,S5,5,23,7,1,0,0,0,0,0,1,0,0,0,0
54611,attack,clean_target_effective,2,S5,5,22,0,1,1,0,1,0,0,0,0,0,1,2
54623,attack,off_target,3,S0,0,23,6,1,0,0,0,0,1,0,0,0,0,0
54624,attack,off_target,3,S0,0,23,5,1,0,0,0,0,1,0,0,0,0,0
54631,attack,off_target,3,S5,5,22,2,1,0,0,0,0,1,0,0,0,0,0
54633,attack,missed,0,S0,0,23,4,1,0,0,0,1,0,0,0,0,0,0
54638,attack,clean_target_effective,2,S5,5,23,5,1,1,0,1,0,0,0,0,0,1,2
54641,attack,missed,0,S5,5,22,7,1,0,0,0,1,0,0,0,0,0,0
54648,attack,missed,0,S5,5,23,5,1,0,0,0,1,0,0,0,0,0,0
54651,attack,multi_hit,4,S0,0,22,2,1,0,0,0,0,0,1,0,0,0,0
54655,attack,clean_target_ineffective,1,S5,5,22,5,1,1,1,0,0,0,0,0,1,0,1
54662,attack,missed,0,S0,0,22,3,1,0,0,0,1,0,0,0,0,0,0
54663,attack,clean_target_ineffective,1,S0,0,23,3,1,1,1,0,0,0,0,0,1,0,1
54671,attack,clean_target_effective,2,S5,5,23,6,1,1,0,1,0,0,0,0,0,1,2
54674,attack,off_target,3,S5,5,22,1,1,0,0,0,0,1,0,0,0,0,0
54678,attack,off_target,3,S0,0,23,7,1,0,0,0,0,1,0,0,0,0,0
54681,attack,off_target,3,S5,5,22,2,1,0,0,0,0,1,0,0,0,0,0
54685,attack,clean_target_effective,2,S0,0,22,6,1,1,0,1,0,0,0,0,0,1,2
54696,attack,missed,0,S0,0,22,2,1,0,0,0,1,0,0,0,0,0,0
54698,attack,clean_target_effective,2,S5,5,23,7,1,1,0,1,0,0,0,0,0,1,2
54699,attack,missed,0,S0,0,23,2,1,0,0,0,1,0,0,0,0,0,0
54700,attack,clean_target_effective,2,S0,0,22,7,1,1,0,1,0,0,0,0,0,1,2
54703,attack,clean_target_effective,2,S0,0,22,5,1,1,0,1,0,0,0,0,0,1,2
54709,attack,multi_hit,4,S5,5,23,1,1,0,0,0,0,0,1,0,0,0,0
54714,attack,missed,0,S0,0,23,4,1,0,0,0,1,0,0,0,0,0,0
54717,attack,off_target,3,S5,5,22,0,1,0,0,0,0,1,0,0,0,0,0
54724,attack,missed,0,S0,0,23,1,1,0,0,0,1,0,0,0,0,0,0
54725,attack,missed,0,S0,0,22,4,1,0,0,0,1,0,0,0,0,0,0
54728,attack,multi_hit,4,S5,5,23,0,1,0,0,0,0,0,1,0,0,0,0
54730,attack,clean_target_ineffective,1,S0,0,22,5,1,1,1,0,0,0,0,0,1,0,1
54731,attack,multi_hit,4,S5,5,22,0,1,0,0,0,0,0,1,0,0,0,0
54733,attack,missed,0,S0,0,22,7,1,0,0,0,1,0,0,0,0,0,0
54740,attack,clean_target_ineffective,1,S0,0,23,6,1,1,1,0,0,0,0,0,1,0,1
54751,attack,clean_target_ineffective,1,S0,0,23,6,1,1,1,0,0,0,0,0,1,0,1
54753,attack,clean_target_ineffective,1,S0,0,23,3,1,1,1,0,0,0,0,0,1,0,1
54756,attack,missed,0,S5,5,23,4,1,0,0,0,1,0,0,0,0,0,0
54760,attack,invalid_reset,5,S5,5,23,3,0,0,0,0,0,0,0,1,0,0,0
54771,attack,off_target,3,S5,5,22,1,1,0,0,0,0,1,0,0,0,0,0
54773,attack,clean_target_effective,2,S0,0,22,5,1,1,0,1,0,0,0,0,0,1,2
54775,attack,missed,0,S5,5,23,7,1,0,0,0,1,0,0,0,0,0,0
54776,attack,off_target,3,S5,5,23,6,1,0,0,0,0,1,0,0,0,0,0
54779,attack,missed,0,S0,0,23,3,1,0,0,0,1,0,0,0,0,0,0
54781,attack,missed,0,S5,5,23,7,1,0,0,0,1,0,0,0,0,0,0
54788,attack,missed,0,S0,0,22,3,1,0,0,0,1,0,0,0,0,0,0
54793,attack,clean_target_effective,2,S5,5,23,6,1,1,0,1,0,0,0,0,0,1,2
54798,attack,missed,0,S0,0,23,0,1,0,0,0,1,0,0,0,0,0,0
54804,attack,multi_hit,4,S5,5,23,2,1,0,0,0,0,0,1,0,0,0,0
54809,attack,multi_hit,4,S5,5,22,7,1,0,0,0,0,0,1,0,0,0,0
54816,attack,off_target,3,S5,5,23,2,1,0,0,0,0,1,0,0,0,0,0
54818,attack,missed,0,S0,0,22,6,1,0,0,0,1,0,0,0,0,0,0
54822,attack,missed,0,S0,0,23,6,1,0,0,0,1,0,0,0,0,0,0
54831,attack,clean_target_effective,2,S5,5,22,3,1,1,0,1,0,0,0,0,0,1,2
54840,attack,clean_target_ineffective,1,S5,5,22,0,1,1,1,0,0,0,0,0,1,0,1
54842,attack,clean_target_effective,2,S5,5,22,4,1,1,0,1,0,0,0,0,0,1,2
54854,attack,off_target,3,S0,0,22,0,1,0,0,0,0,1,0,0,0,0,0
54857,attack,clean_target_effective,2,S5,5,23,6,1,1,0,1,0,0,0,0,0,1,2
54861,attack,off_target,3,S5,5,22,5,1,0,0,0,0,1,0,0,0,0,0
54865,attack,multi_hit,4,S0,0,22,1,1,0,0,0,0,0,1,0,0,0,0
54870,attack,missed,0,S0,0,23,1,1,0,0,0,1,0,0,0,0,0,0
54873,attack,clean_target_ineffective,1,S0,0,23,1,1,1,1,0,0,0,0,0,1,0,1
54874,attack,clean_target_effective,2,S5,5,22,1,1,1,0,1,0,0,0,0,0,1,2
54876,attack,clean_target_ineffective,1,S5,5,22,3,1,1,1,0,0,0,0,0,1,0,1
54878,attack,clean_target_effective,2,S5,5,23,5,1,1,0,1,0,0,0,0,0,1,2
54883,attack,missed,0,S5,5,23,3,1,0,0,0,1,0,0,0,0,0,0
54886,attack,clean_target_effective,2,S5,5,22,6,1,1,0,1,0,0,0,0,0,1,2
54887,attack,multi_hit,4,S5,5,22,0,1,0,0,0,0,0,1,0,0,0,0
54895,attack,multi_hit,4,S0,0,22,2,1,0,0,0,0,0,1,0,0,0,0
54896,attack,missed,0,S5,5,22,6,1,0,0,0,1,0,0,0,0,0,0
54898,attack,off_target,3,S0,0,23,7,1,0,0,0,0,1,0,0,0,0,0
54904,attack,missed,0,S0,0,23,4,1,0,0,0,1,0,0,0,0,0,0
54909,attack,missed,0,S5,5,23,1,1,0,0,0,1,0,0,0,0,0,0
54918,attack,clean_target_ineffective,1,S5,5,23,4,1,1,1,0,0,0,0,0,1,0,1
54919,attack,clean_target_effective,2,S0,0,22,6,1,1,0,1,0,0,0,0,0,1,2
54928,attack,missed,0,S5,5,22,6,1,0,0,0,1,0,0,0,0,0,0
54929,attack,clean_target_effective,2,S5,5,22,5,1,1,0,1,0,0,0,0,0,1,2
54936,attack,missed,0,S5,5,23,6,1,0,0,0,1,0,0,0,0,0,0
54937,attack,missed,0,S0,0,23,5,1,0,0,0,1,0,0,0,0,0,0
54938,attack,missed,0,S0,0,22,7,1,0,0,0,1,0,0,0,0,0,0
54947,attack,clean_target_effective,2,S5,5,22,2,1,1,0,1,0,0,0,0,0,1,2
54949,attack,missed,0,S0,0,23,7,1,0,0,0,1,0,0,0,0,0,0
54955,attack,clean_target_effective,2,S5,5,23,3,1,1,0,1,0,0,0,0,0,1,2
54956,attack,missed,0,S0,0,22,1,1,0,0,0,1,0,0,0,0,0,0
54958,attack,invalid_reset,5,S5,5,23,7,0,0,0,0,0,0,0,1,0,0,0
54961,attack,missed,0,S0,0,23,2,1,0,0,0,1,0,0,0,0,0,0
54969,attack,clean_target_effective,2,S5,5,23,7,1,1,0,1,0,0,0,0,0,1,2
54987,attack,clean_target_effective,2,S5,5,23,5,1,1,0,1,0,0,0,0,0,1,2
54992,attack,missed,0,S0,0,22,7,1,0,0,0,1,0,0,0,0,0,0
54994,attack,missed,0,S5,5,22,0,1,0,0,0,1,0,0,0,0,0,0
54999,attack,multi_hit,4,S5,5,22,2,1,0,0,0,0,0,1,0,0,0,0
55004,attack,clean_target_effective,2,S0,0,23,2,1,1,0,1,0,0,0,0,0,1,2
55006,attack,clean_target_effective,2,S0,0,22,0,1,1,0,1,0,0,0,0,0,1,2
55007,attack,clean_target_effective,2,S0,0,22,4,1,1,0,1,0,0,0,0,0,1,2
55010,attack,multi_hit,4,S0,0,22,5,1,0,0,0,0,0,1,0,0,0,0
55011,attack,clean_target_ineffective,1,S5,5,22,1,1,1,1,0,0,0,0,0,1,0,1
55013,attack,off_target,3,S0,0,22,0,1,0,0,0,0,1,0,0,0,0,0
55016,attack,missed,0,S0,0,22,1,1,0,0,0,1,0,0,0,0,0,0
55020,attack,clean_target_effective,2,S0,0,22,6,1,1,0,1,0,0,0,0,0,1,2
55022,attack,clean_target_effective,2,S5,5,22,5,1,1,0,1,0,0,0,0,0,1,2
55026,attack,clean_target_ineffective,1,S5,5,22,7,1,1,1,0,0,0,0,0,1,0,1
55033,attack,missed,0,S5,5,22,6,1,0,0,0,1,0,0,0,0,0,0
55039,attack,clean_target_effective,2,S0,0,23,0,1,1,0,1,0,0,0,0,0,1,2
55042,attack,clean_target_effective,2,S5,5,22,4,1,1,0,1,0,0,0,0,0,1,2
55045,attack,clean_target_ineffective,1,S5,5,23,0,1,1,1,0,0,0,0,0,1,0,1
55051,attack,off_target,3,S5,5,22,1,1,0,0,0,0,1,0,0,0,0,0
55053,attack,missed,0,S5,5,22,5,1,0,0,0,1,0,0,0,0,0,0
55055,attack,clean_target_effective,2,S0,0,22,2,1,1,0,1,0,0,0,0,0,1,2
55056,attack,clean_target_ineffective,1,S0,0,22,7,1,1,1,0,0,0,0,0,1,0,1
55060,attack,clean_target_effective,2,S5,5,23,3,1,1,0,1,0,0,0,0,0,1,2
55061,attack,missed,0,S0,0,22,7,1,0,0,0,1,0,0,0,0,0,0
55069,attack,missed,0,S5,5,23,2,1,0,0,0,1,0,0,0,0,0,0
55070,attack,clean_target_effective,2,S5,5,23,4,1,1,0,1,0,0,0,0,0,1,2
55080,attack,multi_hit,4,S5,5,22,2,1,0,0,0,0,0,1,0,0,0,0
55085,attack,invalid_reset,5,S0,0,23,0,0,0,0,0,0,0,0,1,0,0,0
55090,attack,clean_target_effective,2,S5,5,22,5,1,1,0,1,0,0,0,0,0,1,2
55097,attack,missed,0,S5,5,23,4,1,0,0,0,1,0,0,0,0,0,0
55106,attack,clean_target_effective,2,S0,0,23,4,1,1,0,1,0,0,0,0,0,1,2
55112,attack,missed,0,S5,5,22,7,1,0,0,0,1,0,0,0,0,0,0
55114,attack,clean_target_effective,2,S0,0,22,7,1,1,0,1,0,0,0,0,0,1,2
55115,attack,off_target,3,S0,0,22,6,1,0,0,0,0,1,0,0,0,0,0
55120,attack,clean_target_effective,2,S0,0,23,6,1,1,0,1,0,0,0,0,0,1,2
55121,attack,missed,0,S5,5,23,6,1,0,0,0,1,0,0,0,0,0,0
55130,attack,off_target,3,S5,5,23,5,1,0,0,0,0,1,0,0,0,0,0
55134,attack,clean_target_effective,2,S0,0,23,3,1,1,0,1,0,0,0,0,0,1,2
55135,attack,invalid_reset,5,S5,5,23,3,0,0,0,0,0,0,0,1,0,0,0
55137,attack,clean_target_ineffective,1,S5,5,23,2,1,1,1,0,0,0,0,0,1,0,1
55139,attack,multi_hit,4,S5,5,22,6,1,0,0,0,0,0,1,0,0,0,0
55151,attack,missed,0,S0,0,22,3,1,0,0,0,1,0,0,0,0,0,0
55154,attack,off_target,3,S0,0,22,7,1,0,0,0,0,1,0,0,0,0,0
55155,attack,clean_target_ineffective,1,S0,0,23,4,1,1,1,0,0,0,0,0,1,0,1
55159,attack,clean_target_ineffective,1,S0,0,22,3,1,1,1,0,0,0,0,0,1,0,1
55160,attack,clean_target_effective,2,S5,5,22,0,1,1,0,1,0,0,0,0,0,1,2
55164,attack,clean_target_effective,2,S5,5,22,3,1,1,0,1,0,0,0,0,0,1,2
55168,attack,clean_target_effective,2,S0,0,22,4,1,1,0,1,0,0,0,0,0,1,2
55170,attack,clean_target_effective,2,S0,0,22,2,1,1,0,1,0,0,0,0,0,1,2
55171,attack,multi_hit,4,S5,5,22,5,1,0,0,0,0,0,1,0,0,0,0
55176,attack,invalid_reset,5,S0,0,23,4,0,0,0,0,0,0,0,1,0,0,0
55183,attack,clean_target_effective,2,S5,5,23,6,1,1,0,1,0,0,0,0,0,1,2
55185,attack,clean_target_ineffective,1,S5,5,23,1,1,1,1,0,0,0,0,0,1,0,1
55191,attack,clean_target_effective,2,S0,0,22,7,1,1,0,1,0,0,0,0,0,1,2
55196,attack,clean_target_ineffective,1,S0,0,22,5,1,1,1,0,0,0,0,0,1,0,1
55210,attack,off_target,3,S5,5,22,3,1,0,0,0,0,1,0,0,0,0,0
55213,attack,missed,0,S0,0,22,4,1,0,0,0,1,0,0,0,0,0,0
55215,attack,missed,0,S5,5,22,3,1,0,0,0,1,0,0,0,0,0,0
55230,attack,clean_target_effective,2,S0,0,23,0,1,1,0,1,0,0,0,0,0,1,2
55238,attack,clean_target_ineffective,1,S0,0,23,5,1,1,1,0,0,0,0,0,1,0,1
55247,attack,missed,0,S5,5,22,7,1,0,0,0,1,0,0,0,0,0,0
55250,attack,clean_target_ineffective,1,S5,5,22,3,1,1,1,0,0,0,0,0,1,0,1
55252,attack,missed,0,S0,0,23,6,1,0,0,0,1,0,0,0,0,0,0
55254,attack,clean_target_ineffective,1,S0,0,22,2,1,1,1,0,0,0,0,0,1,0,1
55256,attack,clean_target_ineffective,1,S5,5,22,6,1,1,1,0,0,0,0,0,1,0,1
55263,attack,invalid_reset,5,S5,5,23,4,0,0,0,0,0,0,0,1,0,0,0
55282,attack,multi_hit,4,S0,0,23,1,1,0,0,0,0,0,1,0,0,0,0
55293,attack,missed,0,S0,0,23,3,1,0,0,0,1,0,0,0,0,0,0
55294,attack,clean_target_effective,2,S5,5,23,0,1,1,0,1,0,0,0,0,0,1,2
55300,attack,clean_target_ineffective,1,S5,5,22,4,1,1,1,0,0,0,0,0,1,0,1
55303,attack,invalid_reset,5,S5,5,23,6,0,0,0,0,0,0,0,1,0,0,0
55305,attack,clean_target_effective,2,S0,0,22,7,1,1,0,1,0,0,0,0,0,1,2
55317,attack,missed,0,S5,5,23,5,1,0,0,0,1,0,0,0,0,0,0
55321,attack,clean_target_ineffective,1,S0,0,23,0,1,1,1,0,0,0,0,0,1,0,1
55327,attack,clean_target_effective,2,S5,5,23,2,1,1,0,1,0,0,0,0,0,1,2
55332,attack,multi_hit,4,S5,5,23,3,1,0,0,0,0,0,1,0,0,0,0
55333,attack,missed,0,S0,0,23,1,1,0,0,0,1,0,0,0,0,0,0
55334,attack,off_target,3,S0,0,23,6,1,0,0,0,0,1,0,0,0,0,0
55335,attack,off_target,3,S5,5,23,0,1,0,0,0,0,1,0,0,0,0,0
55340,attack,multi_hit,4,S5,5,22,5,1,0,0,0,0,0,1,0,0,0,0
55348,attack,multi_hit,4,S0,0,22,4,1,0,0,0,0,0,1,0,0,0,0
55352,attack,missed,0,S5,5,23,3,1,0,0,0,1,0,0,0,0,0,0
55358,attack,off_target,3,S5,5,23,4,1,0,0,0,0,1,0,0,0,0,0
55359,attack,clean_target_effective,2,S5,5,23,7,1,1,0,1,0,0,0,0,0,1,2
55360,attack,missed,0,S0,0,22,6,1,0,0,0,1,0,0,0,0,0,0
55367,attack,off_target,3,S0,0,22,1,1,0,0,0,0,1,0,0,0,0,0
55368,attack,clean_target_ineffective,1,S5,5,23,0,1,1,1,0,0,0,0,0,1,0,1
55370,attack,clean_target_ineffective,1,S5,5,22,1,1,1,1,0,0,0,0,0,1,0,1
55374,attack,off_target,3,S0,0,23,7,1,0,0,0,0,1,0,0,0,0,0
55376,attack,missed,0,S5,5,22,5,1,0,0,0,1,0,0,0,0,0,0
55379,attack,clean_target_effective,2,S0,0,23,7,1,1,0,1,0,0,0,0,0,1,2
55382,attack,clean_target_ineffective,1,S0,0,22,1,1,1,1,0,0,0,0,0,1,0,1
55394,attack,missed,0,S0,0,22,3,1,0,0,0,1,0,0,0,0,0,0
55399,attack,missed,0,S0,0,22,1,1,0,0,0,1,0,0,0,0,0,0
55400,attack,multi_hit,4,S0,0,22,3,1,0,0,0,0,0,1,0,0,0,0
55404,attack,missed,0,S0,0,22,6,1,0,0,0,1,0,0,0,0,0,0
55406,attack,clean_target_effective,2,S0,0,23,4,1,1,0,1,0,0,0,0,0,1,2
55407,attack,invalid_reset,5,S5,5,22,2,0,0,0,0,0,0,0,1,0,0,0
55409,attack,multi_hit,4,S0,0,23,1,1,0,0,0,0,0,1,0,0,0,0
55417,attack,missed,0,S0,0,22,1,1,0,0,0,1,0,0,0,0,0,0
55422,attack,invalid_reset,5,S5,5,22,1,0,0,0,0,0,0,0,1,0,0,0
55425,attack,missed,0,S0,0,23,4,1,0,0,0,1,0,0,0,0,0,0
55426,attack,clean_target_effective,2,S0,0,23,6,1,1,0,1,0,0,0,0,0,1,2
55428,attack,missed,0,S0,0,23,2,1,0,0,0,1,0,0,0,0,0,0
55433,attack,off_target,3,S0,0,23,7,1,0,0,0,0,1,0,0,0,0,0
55434,attack,clean_target_effective,2,S0,0,23,1,1,1,0,1,0,0,0,0,0,1,2
55437,attack,off_target,3,S0,0,23,7,1,0,0,0,0,1,0,0,0,0,0
55453,attack,clean_target_effective,2,S0,0,23,4,1,1,0,1,0,0,0,0,0,1,2
55455,attack,missed,0,S0,0,22,5,1,0,0,0,1,0,0,0,0,0,0
55469,attack,clean_target_effective,2,S0,0,23,1,1,1,0,1,0,0,0,0,0,1,2
55470,attack,multi_hit,4,S5,5,23,5,1,0,0,0,0,0,1,0,0,0,0
55471,attack,off_target,3,S5,5,22,1,1,0,0,0,0,1,0,0,0,0,0
55479,attack,clean_target_effective,2,S0,0,22,7,1,1,0,1,0,0,0,0,0,1,2
55483,attack,clean_target_effective,2,S5,5,23,1,1,1,0,1,0,0,0,0,0,1,2
55484,attack,off_target,3,S5,5,22,1,1,0,0,0,0,1,0,0,0,0,0
55487,attack,missed,0,S5,5,22,5,1,0,0,0,1,0,0,0,0,0,0
55497,attack,clean_target_effective,2,S0,0,23,7,1,1,0,1,0,0,0,0,0,1,2
55499,attack,missed,0,S5,5,23,3,1,0,0,0,1,0,0,0,0,0,0
55500,attack,multi_hit,4,S5,5,22,7,1,0,0,0,0,0,1,0,0,0,0
55506,attack,multi_hit,4,S5,5,23,5,1,0,0,0,0,0,1,0,0,0,0
55510,attack,clean_target_ineffective,1,S5,5,23,3,1,1,1,0,0,0,0,0,1,0,1
55512,attack,invalid_reset,5,S5,5,23,6,0,0,0,0,0,0,0,1,0,0,0
55515,attack,missed,0,S0,0,23,6,1,0,0,0,1,0,0,0,0,0,0
55519,attack,clean_target_ineffective,1,S0,0,23,1,1,1,1,0,0,0,0,0,1,0,1
55527,attack,multi_hit,4,S5,5,22,4,1,0,0,0,0,0,1,0,0,0,0
55534,attack,clean_target_effective,2,S0,0,22,4,1,1,0,1,0,0,0,0,0,1,2
55536,attack,missed,0,S0,0,22,4,1,0,0,0,1,0,0,0,0,0,0
55538,attack,clean_target_effective,2,S5,5,23,6,1,1,0,1,0,0,0,0,0,1,2
55550,attack,clean_target_ineffective,1,S0,0,23,4,1,1,1,0,0,0,0,0,1,0,1
55554,attack,missed,0,S0,0,23,3,1,0,0,0,1,0,0,0,0,0,0
55555,attack,off_target,3,S5,5,22,2,1,0,0,0,0,1,0,0,0,0,0
55557,attack,clean_target_ineffective,1,S0,0,22,2,1,1,1,0,0,0,0,0,1,0,1
55558,attack,multi_hit,4,S0,0,23,3,1,0,0,0,0,0,1,0,0,0,0
55559,attack,off_target,3,S5,5,23,5,1,0,0,0,0,1,0,0,0,0,0
55560,attack,multi_hit,4,S0,0,23,0,1,0,0,0,0,0,1,0,0,0,0
55562,attack,clean_target_ineffective,1,S0,0,23,7,1,1,1,0,0,0,0,0,1,0,1
55563,attack,off_target,3,S0,0,22,7,1,0,0,0,0,1,0,0,0,0,0
55573,attack,clean_target_effective,2,S5,5,23,3,1,1,0,1,0,0,0,0,0,1,2
55587,attack,off_target,3,S5,5,23,7,1,0,0,0,0,1,0,0,0,0,0
55590,attack,clean_target_effective,2,S0,0,22,0,1,1,0,1,0,0,0,0,0,1,2
55592,attack,off_target,3,S0,0,23,5,1,0,0,0,0,1,0,0,0,0,0
55594,attack,clean_target_effective,2,S0,0,22,5,1,1,0,1,0,0,0,0,0,1,2
55603,attack,clean_target_effective,2,S0,0,23,4,1,1,0,1,0,0,0,0,0,1,2
55608,attack,missed,0,S5,5,23,3,1,0,0,0,1,0,0,0,0,0,0
55609,attack,clean_target_effective,2,S5,5,23,1,1,1,0,1,0,0,0,0,0,1,2
55616,attack,clean_target_effective,2,S5,5,22,0,1,1,0,1,0,0,0,0,0,1,2
55618,attack,off_target,3,S5,5,22,2,1,0,0,0,0,1,0,0,0,0,0
55619,attack,multi_hit,4,S5,5,23,0,1,0,0,0,0,0,1,0,0,0,0
55639,attack,clean_target_effective,2,S0,0,23,5,1,1,0,1,0,0,0,0,0,1,2
55640,attack,off_target,3,S0,0,23,4,1,0,0,0,0,1,0,0,0,0,0
55645,attack,multi_hit,4,S5,5,23,3,1,0,0,0,0,0,1,0,0,0,0
55646,attack,multi_hit,4,S5,5,22,6,1,0,0,0,0,0,1,0,0,0,0
55647,attack,missed,0,S5,5,22,2,1,0,0,0,1,0,0,0,0,0,0
55653,attack,multi_hit,4,S0,0,22,2,1,0,0,0,0,0,1,0,0,0,0
55660,attack,missed,0,S0,0,23,0,1,0,0,0,1,0,0,0,0,0,0
55661,attack,missed,0,S5,5,23,1,1,0,0,0,1,0,0,0,0,0,0
55671,attack,multi_hit,4,S5,5,23,4,1,0,0,0,0,0,1,0,0,0,0
55676,attack,off_target,3,S5,5,22,5,1,0,0,0,0,1,0,0,0,0,0
55680,attack,off_target,3,S5,5,22,0,1,0,0,0,0,1,0,0,0,0,0
55683,attack,missed,0,S0,0,22,4,1,0,0,0,1,0,0,0,0,0,0
55684,attack,missed,0,S0,0,23,3,1,0,0,0,1,0,0,0,0,0,0
55690,attack,off_target,3,S0,0,22,0,1,0,0,0,0,1,0,0,0,0,0
55692,attack,missed,0,S5,5,23,1,1,0,0,0,1,0,0,0,0,0,0
55693,attack,multi_hit,4,S0,0,23,4,1,0,0,0,0,0,1,0,0,0,0
55697,attack,clean_target_effective,2,S5,5,22,4,1,1,0,1,0,0,0,0,0,1,2
55711,attack,clean_target_effective,2,S5,5,23,0,1,1,0,1,0,0,0,0,0,1,2
55718,attack,clean_target_effective,2,S0,0,22,7,1,1,0,1,0,0,0,0,0,1,2
55720,attack,clean_target_effective,2,S5,5,22,1,1,1,0,1,0,0,0,0,0,1,2
55721,attack,clean_target_effective,2,S0,0,22,5,1,1,0,1,0,0,0,0,0,1,2
55722,attack,missed,0,S0,0,22,4,1,0,0,0,1,0,0,0,0,0,0
55723,attack,clean_target_effective,2,S0,0,22,6,1,1,0,1,0,0,0,0,0,1,2
55724,attack,clean_target_ineffective,1,S5,5,23,2,1,1,1,0,0,0,0,0,1,0,1
55731,attack,off_target,3,S5,5,23,0,1,0,0,0,0,1,0,0,0,0,0
55732,attack,off_target,3,S0,0,22,2,1,0,0,0,0,1,0,0,0,0,0
55735,attack,clean_target_effective,2,S0,0,23,4,1,1,0,1,0,0,0,0,0,1,2
55741,attack,invalid_reset,5,S5,5,23,4,0,0,0,0,0,0,0,1,0,0,0
55742,attack,off_target,3,S5,5,23,5,1,0,0,0,0,1,0,0,0,0,0
55743,attack,off_target,3,S5,5,23,5,1,0,0,0,0,1,0,0,0,0,0
55750,attack,off_target,3,S5,5,23,6,1,0,0,0,0,1,0,0,0,0,0
55757,attack,missed,0,S0,0,22,7,1,0,0,0,1,0,0,0,0,0,0
55759,attack,multi_hit,4,S0,0,22,6,1,0,0,0,0,0,1,0,0,0,0
55770,attack,clean_target_effective,2,S0,0,22,1,1,1,0,1,0,0,0,0,0,1,2
55774,attack,clean_target_effective,2,S0,0,23,4,1,1,0,1,0,0,0,0,0,1,2
55779,attack,multi_hit,4,S5,5,23,6,1,0,0,0,0,0,1,0,0,0,0
55780,attack,clean_target_effective,2,S0,0,23,3,1,1,0,1,0,0,0,0,0,1,2
55782,attack,missed,0,S0,0,23,6,1,0,0,0,1,0,0,0,0,0,0
55789,attack,clean_target_effective,2,S5,5,23,0,1,1,0,1,0,0,0,0,0,1,2
55800,attack,clean_target_effective,2,S0,0,23,1,1,1,0,1,0,0,0,0,0,1,2
55808,attack,off_target,3,S0,0,22,4,1,0,0,0,0,1,0,0,0,0,0
55810,attack,clean_target_effective,2,S5,5,22,4,1,1,0,1,0,0,0,0,0,1,2
55818,attack,clean_target_effective,2,S0,0,22,3,1,1,0,1,0,0,0,0,0,1,2
55821,attack,clean_target_effective,2,S0,0,23,3,1,1,0,1,0,0,0,0,0,1,2
55831,attack,clean_target_ineffective,1,S5,5,23,2,1,1,1,0,0,0,0,0,1,0,1
55836,attack,off_target,3,S0,0,22,7,1,0,0,0,0,1,0,0,0,0,0
55842,attack,missed,0,S5,5,23,6,1,0,0,0,1,0,0,0,0,0,0
55845,attack,missed,0,S0,0,22,2,1,0,0,0,1,0,0,0,0,0,0
55846,attack,clean_target_effective,2,S0,0,23,5,1,1,0,1,0,0,0,0,0,1,2
55851,attack,clean_target_ineffective,1,S5,5,22,6,1,1,1,0,0,0,0,0,1,0,1
55853,attack,missed,0,S0,0,22,7,1,0,0,0,1,0,0,0,0,0,0
55861,attack,clean_target_effective,2,S0,0,22,5,1,1,0,1,0,0,0,0,0,1,2
55871,attack,off_target,3,S5,5,23,0,1,0,0,0,0,1,0,0,0,0,0
55881,attack,off_target,3,S0,0,23,3,1,0,0,0,0,1,0,0,0,0,0
55884,attack,clean_target_ineffective,1,S0,0,22,5,1,1,1,0,0,0,0,0,1,0,1
55885,attack,clean_target_effective,2,S5,5,23,5,1,1,0,1,0,0,0,0,0,1,2
55892,attack,clean_target_ineffective,1,S0,0,23,6,1,1,1,0,0,0,0,0,1,0,1
55894,attack,missed,0,S5,5,23,7,1,0,0,0,1,0,0,0,0,0,0
55897,attack,off_target,3,S0,0,23,3,1,0,0,0,0,1,0,0,0,0,0
55899,attack,clean_target_effective,2,S0,0,22,7,1,1,0,1,0,0,0,0,0,1,2
55903,attack,missed,0,S0,0,23,2,1,0,0,0,1,0,0,0,0,0,0
55907,attack,clean_target_effective,2,S5,5,23,6,1,1,0,1,0,0,0,0,0,1,2
55910,attack,missed,0,S0,0,23,7,1,0,0,0,1,0,0,0,0,0,0
55913,attack,missed,0,S0,0,23,1,1,0,0,0,1,0,0,0,0,0,0
55915,attack,off_target,3,S5,5,23,2,1,0,0,0,0,1,0,0,0,0,0
55916,attack,clean_target_effective,2,S5,5,23,6,1,1,0,1,0,0,0,0,0,1,2
55917,attack,invalid_reset,5,S0,0,23,4,0,0,0,0,0,0,0,1,0,0,0
55924,attack,invalid_reset,5,S5,5,23,2,0,0,0,0,0,0,0,1,0,0,0
55927,attack,off_target,3,S5,5,22,4,1,0,0,0,0,1,0,0,0,0,0
55928,attack,clean_target_effective,2,S5,5,22,1,1,1,0,1,0,0,0,0,0,1,2
55933,attack,clean_target_effective,2,S5,5,22,0,1,1,0,1,0,0,0,0,0,1,2
55934,attack,clean_target_effective,2,S5,5,22,0,1,1,0,1,0,0,0,0,0,1,2
55935,attack,clean_target_effective,2,S0,0,23,5,1,1,0,1,0,0,0,0,0,1,2
55937,attack,invalid_reset,5,S5,5,23,1,0,0,0,0,0,0,0,1,0,0,0
55939,attack,clean_target_effective,2,S0,0,23,0,1,1,0,1,0,0,0,0,0,1,2
55943,attack,off_target,3,S0,0,22,5,1,0,0,0,0,1,0,0,0,0,0
55947,attack,off_target,3,S0,0,22,2,1,0,0,0,0,1,0,0,0,0,0
55950,attack,clean_target_effective,2,S0,0,23,3,1,1,0,1,0,0,0,0,0,1,2
55954,attack,missed,0,S5,5,22,5,1,0,0,0,1,0,0,0,0,0,0
55955,attack,invalid_reset,5,S0,0,22,6,0,0,0,0,0,0,0,1,0,0,0
55957,attack,clean_target_effective,2,S0,0,22,1,1,1,0,1,0,0,0,0,0,1,2
55958,attack,multi_hit,4,S5,5,22,4,1,0,0,0,0,0,1,0,0,0,0
55965,attack,clean_target_effective,2,S0,0,23,6,1,1,0,1,0,0,0,0,0,1,2
55967,attack,clean_target_effective,2,S0,0,22,0,1,1,0,1,0,0,0,0,0,1,2
55968,attack,clean_target_ineffective,1,S5,5,23,1,1,1,1,0,0,0,0,0,1,0,1
55984,attack,clean_target_effective,2,S5,5,22,5,1,1,0,1,0,0,0,0,0,1,2
55995,attack,off_target,3,S0,0,22,5,1,0,0,0,0,1,0,0,0,0,0
55997,attack,missed,0,S5,5,22,7,1,0,0,0,1,0,0,0,0,0,0
55998,attack,missed,0,S0,0,22,5,1,0,0,0,1,0,0,0,0,0,0
56007,attack,clean_target_effective,2,S0,0,22,3,1,1,0,1,0,0,0,0,0,1,2
56008,attack,clean_target_effective,2,S0,0,23,4,1,1,0,1,0,0,0,0,0,1,2
56014,attack,clean_target_effective,2,S5,5,23,0,1,1,0,1,0,0,0,0,0,1,2
56015,attack,clean_target_ineffective,1,S0,0,22,4,1,1,1,0,0,0,0,0,1,0,1
56023,attack,missed,0,S0,0,22,2,1,0,0,0,1,0,0,0,0,0,0
56036,attack,missed,0,S0,0,23,6,1,0,0,0,1,0,0,0,0,0,0
56047,attack,missed,0,S5,5,23,0,1,0,0,0,1,0,0,0,0,0,0
56067,attack,missed,0,S0,0,23,5,1,0,0,0,1,0,0,0,0,0,0
56073,attack,clean_target_effective,2,S5,5,22,3,1,1,0,1,0,0,0,0,0,1,2
56076,attack,clean_target_effective,2,S5,5,23,1,1,1,0,1,0,0,0,0,0,1,2
56078,attack,multi_hit,4,S5,5,23,4,1,0,0,0,0,0,1,0,0,0,0
56083,attack,clean_target_effective,2,S5,5,23,3,1,1,0,1,0,0,0,0,0,1,2
56088,attack,off_target,3,S5,5,22,6,1,0,0,0,0,1,0,0,0,0,0
56091,attack,clean_target_effective,2,S0,0,22,2,1,1,0,1,0,0,0,0,0,1,2
56095,attack,clean_target_effective,2,S0,0,22,2,1,1,0,1,0,0,0,0,0,1,2
56098,attack,off_target,3,S5,5,23,3,1,0,0,0,0,1,0,0,0,0,0
56108,attack,clean_target_effective,2,S5,5,23,6,1,1,0,1,0,0,0,0,0,1,2
56110,attack,missed,0,S0,0,23,2,1,0,0,0,1,0,0,0,0,0,0
56112,attack,multi_hit,4,S5,5,22,1,1,0,0,0,0,0,1,0,0,0,0
56113,attack,multi_hit,4,S0,0,22,7,1,0,0,0,0,0,1,0,0,0,0
56119,attack,clean_target_effective,2,S5,5,22,4,1,1,0,1,0,0,0,0,0,1,2
56120,attack,clean_target_effective,2,S0,0,23,7,1,1,0,1,0,0,0,0,0,1,2
56127,attack,clean_target_ineffective,1,S5,5,22,0,1,1,1,0,0,0,0,0,1,0,1
56128,attack,clean_target_effective,2,S0,0,23,4,1,1,0,1,0,0,0,0,0,1,2
56131,attack,clean_target_ineffective,1,S5,5,22,7,1,1,1,0,0,0,0,0,1,0,1
56139,attack,multi_hit,4,S0,0,22,5,1,0,0,0,0,0,1,0,0,0,0
56140,attack,missed,0,S5,5,23,6,1,0,0,0,1,0,0,0,0,0,0
56145,attack,off_target,3,S5,5,22,1,1,0,0,0,0,1,0,0,0,0,0
56148,attack,clean_target_effective,2,S5,5,22,2,1,1,0,1,0,0,0,0,0,1,2
56163,attack,missed,0,S5,5,23,4,1,0,0,0,1,0,0,0,0,0,0
56167,attack,missed,0,S0,0,23,7,1,0,0,0,1,0,0,0,0,0,0
56177,attack,multi_hit,4,S0,0,22,3,1,0,0,0,0,0,1,0,0,0,0
56182,attack,off_target,3,S0,0,23,1,1,0,0,0,0,1,0,0,0,0,0
56188,attack,off_target,3,S0,0,23,2,1,0,0,0,0,1,0,0,0,0,0
56189,attack,clean_target_effective,2,S0,0,22,2,1,1,0,1,0,0,0,0,0,1,2
56192,attack,invalid_reset,5,S5,5,22,3,0,0,0,0,0,0,0,1,0,0,0
56193,attack,clean_target_effective,2,S5,5,22,1,1,1,0,1,0,0,0,0,0,1,2
56197,attack,clean_target_ineffective,1,S0,0,23,0,1,1,1,0,0,0,0,0,1,0,1
56200,attack,clean_target_effective,2,S0,0,23,4,1,1,0,1,0,0,0,0,0,1,2
56201,attack,clean_target_effective,2,S5,5,23,4,1,1,0,1,0,0,0,0,0,1,2
56204,attack,clean_target_effective,2,S5,5,23,2,1,1,0,1,0,0,0,0,0,1,2
56206,attack,off_target,3,S5,5,22,5,1,0,0,0,0,1,0,0,0,0,0
56212,attack,off_target,3,S5,5,23,6,1,0,0,0,0,1,0,0,0,0,0
56221,attack,clean_target_effective,2,S0,0,23,0,1,1,0,1,0,0,0,0,0,1,2
56222,attack,clean_target_effective,2,S5,5,23,6,1,1,0,1,0,0,0,0,0,1,2
56225,attack,missed,0,S0,0,22,1,1,0,0,0,1,0,0,0,0,0,0
56227,attack,clean_target_effective,2,S0,0,22,6,1,1,0,1,0,0,0,0,0,1,2
56231,attack,off_target,3,S5,5,23,0,1,0,0,0,0,1,0,0,0,0,0
56233,attack,invalid_reset,5,S5,5,23,1,0,0,0,0,0,0,0,1,0,0,0
56241,attack,multi_hit,4,S0,0,23,2,1,0,0,0,0,0,1,0,0,0,0
56243,attack,clean_target_ineffective,1,S0,0,23,5,1,1,1,0,0,0,0,0,1,0,1
56244,attack,clean_target_ineffective,1,S5,5,23,2,1,1,1,0,0,0,0,0,1,0,1
56246,attack,clean_target_ineffective,1,S5,5,23,2,1,1,1,0,0,0,0,0,1,0,1
56247,attack,missed,0,S0,0,22,0,1,0,0,0,1,0,0,0,0,0,0
56253,attack,missed,0,S5,5,22,5,1,0,0,0,1,0,0,0,0,0,0
56254,attack,multi_hit,4,S0,0,22,0,1,0,0,0,0,0,1,0,0,0,0
56256,attack,clean_target_ineffective,1,S0,0,22,3,1,1,1,0,0,0,0,0,1,0,1
56269,attack,missed,0,S5,5,22,0,1,0,0,0,1,0,0,0,0,0,0
56270,attack,clean_target_effective,2,S0,0,23,2,1,1,0,1,0,0,0,0,0,1,2
56272,attack,off_target,3,S0,0,23,0,1,0,0,0,0,1,0,0,0,0,0
56273,attack,clean_target_effective,2,S0,0,23,4,1,1,0,1,0,0,0,0,0,1,2
56275,attack,clean_target_effective,2,S0,0,22,6,1,1,0,1,0,0,0,0,0,1,2
56282,attack,missed,0,S5,5,23,2,1,0,0,0,1,0,0,0,0,0,0
56284,attack,clean_target_ineffective,1,S5,5,23,3,1,1,1,0,0,0,0,0,1,0,1
56291,attack,clean_target_effective,2,S5,5,22,7,1,1,0,1,0,0,0,0,0,1,2
56292,attack,invalid_reset,5,S5,5,23,3,0,0,0,0,0,0,0,1,0,0,0
56293,attack,missed,0,S5,5,23,1,1,0,0,0,1,0,0,0,0,0,0
56294,attack,clean_target_effective,2,S5,5,22,5,1,1,0,1,0,0,0,0,0,1,2
56300,attack,missed,0,S5,5,23,4,1,0,0,0,1,0,0,0,0,0,0
56306,attack,off_target,3,S5,5,22,5,1,0,0,0,0,1,0,0,0,0,0
56310,attack,off_target,3,S0,0,22,4,1,0,0,0,0,1,0,0,0,0,0
56312,attack,multi_hit,4,S5,5,23,5,1,0,0,0,0,0,1,0,0,0,0
56314,attack,clean_target_ineffective,1,S0,0,22,0,1,1,1,0,0,0,0,0,1,0,1
56316,attack,missed,0,S0,0,23,7,1,0,0,0,1,0,0,0,0,0,0
56317,attack,missed,0,S0,0,23,5,1,0,0,0,1,0,0,0,0,0,0
56318,attack,missed,0,S0,0,22,0,1,0,0,0,1,0,0,0,0,0,0
56323,attack,clean_target_effective,2,S5,5,22,1,1,1,0,1,0,0,0,0,0,1,2
56324,attack,clean_target_ineffective,1,S5,5,23,0,1,1,1,0,0,0,0,0,1,0,1
56325,attack,clean_target_ineffective,1,S5,5,23,6,1,1,1,0,0,0,0,0,1,0,1
56327,attack,off_target,3,S5,5,22,6,1,0,0,0,0,1,0,0,0,0,0
56336,attack,off_target,3,S5,5,23,5,1,0,0,0,0,1,0,0,0,0,0
56337,attack,clean_target_effective,2,S0,0,23,0,1,1,0,1,0,0,0,0,0,1,2
56342,attack,off_target,3,S0,0,22,4,1,0,0,0,0,1,0,0,0,0,0
56343,attack,clean_target_effective,2,S5,5,22,7,1,1,0,1,0,0,0,0,0,1,2
56344,attack,off_target,3,S5,5,22,2,1,0,0,0,0,1,0,0,0,0,0
56349,attack,missed,0,S0,0,23,6,1,0,0,0,1,0,0,0,0,0,0
56350,attack,missed,0,S5,5,23,3,1,0,0,0,1,0,0,0,0,0,0
56353,attack,clean_target_effective,2,S5,5,22,3,1,1,0,1,0,0,0,0,0,1,2
56354,attack,off_target,3,S5,5,23,2,1,0,0,0,0,1,0,0,0,0,0
56361,attack,missed,0,S5,5,22,0,1,0,0,0,1,0,0,0,0,0,0
56362,attack,missed,0,S0,0,23,4,1,0,0,0,1,0,0,0,0,0,0
56363,attack,clean_target_ineffective,1,S0,0,23,5,1,1,1,0,0,0,0,0,1,0,1
56365,attack,clean_target_effective,2,S0,0,23,0,1,1,0,1,0,0,0,0,0,1,2
56368,attack,clean_target_effective,2,S0,0,22,1,1,1,0,1,0,0,0,0,0,1,2
56369,attack,off_target,3,S5,5,22,1,1,0,0,0,0,1,0,0,0,0,0
56372,attack,clean_target_effective,2,S0,0,22,0,1,1,0,1,0,0,0,0,0,1,2
56385,attack,clean_target_effective,2,S0,0,23,1,1,1,0,1,0,0,0,0,0,1,2
56391,attack,missed,0,S0,0,22,4,1,0,0,0,1,0,0,0,0,0,0
56394,attack,clean_target_effective,2,S0,0,23,2,1,1,0,1,0,0,0,0,0,1,2
56399,attack,clean_target_effective,2,S5,5,22,7,1,1,0,1,0,0,0,0,0,1,2
56403,attack,off_target,3,S0,0,22,2,1,0,0,0,0,1,0,0,0,0,0
56407,attack,clean_target_ineffective,1,S5,5,22,5,1,1,1,0,0,0,0,0,1,0,1
56409,attack,clean_target_ineffective,1,S0,0,23,2,1,1,1,0,0,0,0,0,1,0,1
56419,attack,clean_target_effective,2,S0,0,23,7,1,1,0,1,0,0,0,0,0,1,2
56421,attack,missed,0,S0,0,22,7,1,0,0,0,1,0,0,0,0,0,0
56429,attack,off_target,3,S5,5,23,3,1,0,0,0,0,1,0,0,0,0,0
56430,attack,invalid_reset,5,S0,0,23,5,0,0,0,0,0,0,0,1,0,0,0
56431,attack,missed,0,S0,0,23,1,1,0,0,0,1,0,0,0,0,0,0
56436,attack,clean_target_ineffective,1,S0,0,22,2,1,1,1,0,0,0,0,0,1,0,1
56437,attack,clean_target_effective,2,S5,5,22,5,1,1,0,1,0,0,0,0,0,1,2
56438,attack,clean_target_effective,2,S0,0,23,6,1,1,0,1,0,0,0,0,0,1,2
56443,attack,clean_target_ineffective,1,S5,5,22,1,1,1,1,0,0,0,0,0,1,0,1
56446,attack,clean_target_ineffective,1,S5,5,22,7,1,1,1,0,0,0,0,0,1,0,1
56447,attack,clean_target_effective,2,S5,5,22,7,1,1,0,1,0,0,0,0,0,1,2
56448,attack,missed,0,S0,0,23,6,1,0,0,0,1,0,0,0,0,0,0
56450,attack,clean_target_ineffective,1,S5,5,22,4,1,1,1,0,0,0,0,0,1,0,1
56453,attack,missed,0,S0,0,22,0,1,0,0,0,1,0,0,0,0,0,0
56458,attack,off_target,3,S5,5,22,6,1,0,0,0,0,1,0,0,0,0,0
56460,attack,missed,0,S5,5,22,3,1,0,0,0,1,0,0,0,0,0,0
56468,attack,missed,0,S5,5,23,0,1,0,0,0,1,0,0,0,0,0,0
56472,attack,multi_hit,4,S0,0,22,2,1,0,0,0,0,0,1,0,0,0,0
56480,attack,missed,0,S5,5,23,6,1,0,0,0,1,0,0,0,0,0,0
56482,attack,clean_target_effective,2,S5,5,23,0,1,1,0,1,0,0,0,0,0,1,2
56486,attack,clean_target_ineffective,1,S0,0,23,0,1,1,1,0,0,0,0,0,1,0,1
56487,attack,clean_target_ineffective,1,S0,0,23,4,1,1,1,0,0,0,0,0,1,0,1
56489,attack,off_target,3,S5,5,22,2,1,0,0,0,0,1,0,0,0,0,0
56490,attack,off_target,3,S0,0,23,1,1,0,0,0,0,1,0,0,0,0,0
56491,attack,clean_target_ineffective,1,S5,5,23,2,1,1,1,0,0,0,0,0,1,0,1
56495,attack,clean_target_effective,2,S0,0,23,0,1,1,0,1,0,0,0,0,0,1,2
56496,attack,multi_hit,4,S0,0,23,0,1,0,0,0,0,0,1,0,0,0,0
56511,attack,clean_target_effective,2,S0,0,23,5,1,1,0,1,0,0,0,0,0,1,2
56515,attack,missed,0,S0,0,23,4,1,0,0,0,1,0,0,0,0,0,0
56516,attack,clean_target_effective,2,S5,5,22,5,1,1,0,1,0,0,0,0,0,1,2
56518,attack,missed,0,S5,5,22,4,1,0,0,0,1,0,0,0,0,0,0
56524,attack,missed,0,S5,5,22,5,1,0,0,0,1,0,0,0,0,0,0
56526,attack,invalid_reset,5,S5,5,22,5,0,0,0,0,0,0,0,1,0,0,0
56529,attack,invalid_reset,5,S5,5,23,3,0,0,0,0,0,0,0,1,0,0,0
56530,attack,clean_target_effective,2,S5,5,23,1,1,1,0,1,0,0,0,0,0,1,2
56531,attack,clean_target_effective,2,S0,0,22,4,1,1,0,1,0,0,0,0,0,1,2
56534,attack,multi_hit,4,S0,0,22,2,1,0,0,0,0,0,1,0,0,0,0
56541,attack,multi_hit,4,S0,0,23,7,1,0,0,0,0,0,1,0,0,0,0
56543,attack,multi_hit,4,S5,5,22,7,1,0,0,0,0,0,1,0,0,0,0
56544,attack,multi_hit,4,S5,5,22,1,1,0,0,0,0,0,1,0,0,0,0
56556,attack,off_target,3,S0,0,22,3,1,0,0,0,0,1,0,0,0,0,0
56557,attack,missed,0,S5,5,23,7,1,0,0,0,1,0,0,0,0,0,0
56562,attack,invalid_reset,5,S5,5,23,1,0,0,0,0,0,0,0,1,0,0,0
56569,attack,clean_target_ineffective,1,S5,5,23,1,1,1,1,0,0,0,0,0,1,0,1
56570,attack,clean_target_effective,2,S0,0,22,7,1,1,0,1,0,0,0,0,0,1,2
56575,attack,clean_target_effective,2,S0,0,22,7,1,1,0,1,0,0,0,0,0,1,2
56590,attack,missed,0,S0,0,23,2,1,0,0,0,1,0,0,0,0,0,0
56591,attack,missed,0,S0,0,23,3,1,0,0,0,1,0,0,0,0,0,0
56597,attack,clean_target_effective,2,S0,0,22,5,1,1,0,1,0,0,0,0,0,1,2
56607,attack,clean_target_effective,2,S5,5,23,0,1,1,0,1,0,0,0,0,0,1,2
56610,attack,missed,0,S5,5,22,1,1,0,0,0,1,0,0,0,0,0,0
56614,attack,off_target,3,S5,5,22,0,1,0,0,0,0,1,0,0,0,0,0
56617,attack,clean_target_effective,2,S0,0,23,5,1,1,0,1,0,0,0,0,0,1,2
56628,attack,missed,0,S0,0,23,6,1,0,0,0,1,0,0,0,0,0,0
56634,attack,off_target,3,S5,5,22,0,1,0,0,0,0,1,0,0,0,0,0
56635,attack,multi_hit,4,S0,0,23,2,1,0,0,0,0,0,1,0,0,0,0
56640,attack,clean_target_effective,2,S5,5,23,4,1,1,0,1,0,0,0,0,0,1,2
56643,attack,clean_target_effective,2,S0,0,22,4,1,1,0,1,0,0,0,0,0,1,2
56648,attack,clean_target_ineffective,1,S0,0,23,7,1,1,1,0,0,0,0,0,1,0,1
56657,attack,clean_target_effective,2,S0,0,23,2,1,1,0,1,0,0,0,0,0,1,2
56660,attack,clean_target_ineffective,1,S0,0,23,3,1,1,1,0,0,0,0,0,1,0,1
56667,attack,clean_target_effective,2,S5,5,23,3,1,1,0,1,0,0,0,0,0,1,2
56669,attack,clean_target_ineffective,1,S5,5,23,6,1,1,1,0,0,0,0,0,1,0,1
56676,attack,missed,0,S5,5,23,1,1,0,0,0,1,0,0,0,0,0,0
56683,attack,clean_target_ineffective,1,S5,5,23,1,1,1,1,0,0,0,0,0,1,0,1
56690,attack,off_target,3,S0,0,22,6,1,0,0,0,0,1,0,0,0,0,0
56694,attack,off_target,3,S5,5,23,0,1,0,0,0,0,1,0,0,0,0,0
56695,attack,clean_target_effective,2,S0,0,22,6,1,1,0,1,0,0,0,0,0,1,2
56709,attack,missed,0,S5,5,23,5,1,0,0,0,1,0,0,0,0,0,0
56711,attack,clean_target_effective,2,S0,0,23,7,1,1,0,1,0,0,0,0,0,1,2
56712,attack,clean_target_effective,2,S5,5,22,0,1,1,0,1,0,0,0,0,0,1,2
56718,attack,clean_target_effective,2,S0,0,22,5,1,1,0,1,0,0,0,0,0,1,2
56720,attack,missed,0,S0,0,23,6,1,0,0,0,1,0,0,0,0,0,0
56723,attack,invalid_reset,5,S0,0,22,6,0,0,0,0,0,0,0,1,0,0,0
56724,attack,off_target,3,S5,5,22,2,1,0,0,0,0,1,0,0,0,0,0
56725,attack,clean_target_effective,2,S0,0,22,1,1,1,0,1,0,0,0,0,0,1,2
56730,attack,missed,0,S0,0,23,5,1,0,0,0,1,0,0,0,0,0,0
56735,attack,clean_target_effective,2,S0,0,22,4,1,1,0,1,0,0,0,0,0,1,2
56740,attack,missed,0,S5,5,23,3,1,0,0,0,1,0,0,0,0,0,0
56746,attack,multi_hit,4,S0,0,23,2,1,0,0,0,0,0,1,0,0,0,0
56758,attack,clean_target_effective,2,S0,0,23,2,1,1,0,1,0,0,0,0,0,1,2
56762,attack,missed,0,S5,5,22,5,1,0,0,0,1,0,0,0,0,0,0
56768,attack,missed,0,S5,5,22,2,1,0,0,0,1,0,0,0,0,0,0
56773,attack,invalid_reset,5,S5,5,23,0,0,0,0,0,0,0,0,1,0,0,0
56775,attack,multi_hit,4,S5,5,22,4,1,0,0,0,0,0,1,0,0,0,0
56781,attack,missed,0,S0,0,23,7,1,0,0,0,1,0,0,0,0,0,0
56785,attack,clean_target_effective,2,S0,0,22,7,1,1,0,1,0,0,0,0,0,1,2
56789,attack,clean_target_effective,2,S5,5,23,3,1,1,0,1,0,0,0,0,0,1,2
56791,attack,clean_target_effective,2,S5,5,22,2,1,1,0,1,0,0,0,0,0,1,2
56795,attack,missed,0,S0,0,22,7,1,0,0,0,1,0,0,0,0,0,0
56798,attack,missed,0,S0,0,23,4,1,0,0,0,1,0,0,0,0,0,0
56806,attack,clean_target_ineffective,1,S0,0,23,5,1,1,1,0,0,0,0,0,1,0,1
56809,attack,off_target,3,S0,0,23,1,1,0,0,0,0,1,0,0,0,0,0
56810,attack,multi_hit,4,S0,0,22,2,1,0,0,0,0,0,1,0,0,0,0
56811,attack,off_target,3,S5,5,23,6,1,0,0,0,0,1,0,0,0,0,0
56813,attack,clean_target_effective,2,S5,5,22,5,1,1,0,1,0,0,0,0,0,1,2
56816,attack,multi_hit,4,S5,5,23,6,1,0,0,0,0,0,1,0,0,0,0
56818,attack,clean_target_ineffective,1,S0,0,22,4,1,1,1,0,0,0,0,0,1,0,1
56819,attack,clean_target_effective,2,S5,5,22,2,1,1,0,1,0,0,0,0,0,1,2
56823,attack,missed,0,S5,5,23,4,1,0,0,0,1,0,0,0,0,0,0
56828,attack,clean_target_effective,2,S5,5,23,2,1,1,0,1,0,0,0,0,0,1,2
56831,attack,off_target,3,S0,0,22,5,1,0,0,0,0,1,0,0,0,0,0
56834,attack,clean_target_effective,2,S0,0,23,0,1,1,0,1,0,0,0,0,0,1,2
56839,attack,clean_target_effective,2,S0,0,22,2,1,1,0,1,0,0,0,0,0,1,2
56841,attack,clean_target_effective,2,S5,5,22,7,1,1,0,1,0,0,0,0,0,1,2
56848,attack,multi_hit,4,S5,5,23,6,1,0,0,0,0,0,1,0,0,0,0
56849,attack,missed,0,S0,0,23,6,1,0,0,0,1,0,0,0,0,0,0
56851,attack,clean_target_ineffective,1,S0,0,22,3,1,1,1,0,0,0,0,0,1,0,1
56854,attack,missed,0,S0,0,23,2,1,0,0,0,1,0,0,0,0,0,0
56857,attack,missed,0,S5,5,23,6,1,0,0,0,1,0,0,0,0,0,0
56865,attack,clean_target_effective,2,S5,5,22,4,1,1,0,1,0,0,0,0,0,1,2
56867,attack,missed,0,S0,0,23,7,1,0,0,0,1,0,0,0,0,0,0
56870,attack,multi_hit,4,S5,5,22,2,1,0,0,0,0,0,1,0,0,0,0
56878,attack,missed,0,S0,0,22,1,1,0,0,0,1,0,0,0,0,0,0
56879,attack,missed,0,S0,0,23,5,1,0,0,0,1,0,0,0,0,0,0
56881,attack,clean_target_effective,2,S0,0,23,5,1,1,0,1,0,0,0,0,0,1,2
56882,attack,clean_target_effective,2,S0,0,23,5,1,1,0,1,0,0,0,0,0,1,2
56883,attack,clean_target_effective,2,S0,0,23,5,1,1,0,1,0,0,0,0,0,1,2
56886,attack,invalid_reset,5,S0,0,23,4,0,0,0,0,0,0,0,1,0,0,0
56894,attack,off_target,3,S0,0,23,3,1,0,0,0,0,1,0,0,0,0,0
56896,attack,off_target,3,S0,0,22,7,1,0,0,0,0,1,0,0,0,0,0
56899,attack,clean_target_effective,2,S5,5,22,5,1,1,0,1,0,0,0,0,0,1,2
56917,attack,missed,0,S5,5,22,7,1,0,0,0,1,0,0,0,0,0,0
56923,attack,missed,0,S5,5,22,0,1,0,0,0,1,0,0,0,0,0,0
56925,attack,clean_target_effective,2,S5,5,22,0,1,1,0,1,0,0,0,0,0,1,2
56927,attack,missed,0,S0,0,22,1,1,0,0,0,1,0,0,0,0,0,0
56931,attack,clean_target_ineffective,1,S5,5,22,1,1,1,1,0,0,0,0,0,1,0,1
56935,attack,off_target,3,S0,0,23,3,1,0,0,0,0,1,0,0,0,0,0
56939,attack,clean_target_ineffective,1,S0,0,22,7,1,1,1,0,0,0,0,0,1,0,1
56948,attack,multi_hit,4,S5,5,22,1,1,0,0,0,0,0,1,0,0,0,0
56951,attack,clean_target_effective,2,S0,0,22,6,1,1,0,1,0,0,0,0,0,1,2
56957,attack,multi_hit,4,S0,0,22,4,1,0,0,0,0,0,1,0,0,0,0
56960,attack,clean_target_ineffective,1,S0,0,22,7,1,1,1,0,0,0,0,0,1,0,1
56962,attack,invalid_reset,5,S0,0,22,2,0,0,0,0,0,0,0,1,0,0,0
56969,attack,clean_target_effective,2,S5,5,22,0,1,1,0,1,0,0,0,0,0,1,2
56973,attack,clean_target_effective,2,S0,0,23,6,1,1,0,1,0,0,0,0,0,1,2
56977,attack,invalid_reset,5,S0,0,23,0,0,0,0,0,0,0,0,1,0,0,0
56978,attack,clean_target_effective,2,S5,5,22,5,1,1,0,1,0,0,0,0,0,1,2
56979,attack,clean_target_effective,2,S5,5,23,2,1,1,0,1,0,0,0,0,0,1,2
56982,attack,clean_target_effective,2,S0,0,22,6,1,1,0,1,0,0,0,0,0,1,2
56984,attack,clean_target_effective,2,S5,5,22,3,1,1,0,1,0,0,0,0,0,1,2
56988,attack,off_target,3,S0,0,22,2,1,0,0,0,0,1,0,0,0,0,0
56993,attack,clean_target_effective,2,S5,5,22,6,1,1,0,1,0,0,0,0,0,1,2
56994,attack,clean_target_effective,2,S5,5,22,2,1,1,0,1,0,0,0,0,0,1,2
57005,attack,multi_hit,4,S5,5,23,4,1,0,0,0,0,0,1,0,0,0,0
57010,attack,missed,0,S5,5,22,5,1,0,0,0,1,0,0,0,0,0,0
57013,attack,clean_target_effective,2,S0,0,23,1,1,1,0,1,0,0,0,0,0,1,2
57016,attack,missed,0,S0,0,22,6,1,0,0,0,1,0,0,0,0,0,0
57027,attack,clean_target_effective,2,S5,5,22,7,1,1,0,1,0,0,0,0,0,1,2
57030,attack,clean_target_ineffective,1,S0,0,23,3,1,1,1,0,0,0,0,0,1,0,1
57034,attack,missed,0,S0,0,22,2,1,0,0,0,1,0,0,0,0,0,0
57039,attack,off_target,3,S0,0,22,0,1,0,0,0,0,1,0,0,0,0,0
57046,attack,missed,0,S5,5,22,5,1,0,0,0,1,0,0,0,0,0,0
57048,attack,clean_target_effective,2,S0,0,22,2,1,1,0,1,0,0,0,0,0,1,2
57049,attack,off_target,3,S5,5,22,3,1,0,0,0,0,1,0,0,0,0,0
57051,attack,clean_target_ineffective,1,S0,0,22,2,1,1,1,0,0,0,0,0,1,0,1
57054,attack,clean_target_effective,2,S0,0,23,0,1,1,0,1,0,0,0,0,0,1,2
57056,attack,missed,0,S5,5,22,7,1,0,0,0,1,0,0,0,0,0,0
57060,attack,clean_target_effective,2,S0,0,22,1,1,1,0,1,0,0,0,0,0,1,2
57062,attack,multi_hit,4,S5,5,22,7,1,0,0,0,0,0,1,0,0,0,0
57065,attack,clean_target_effective,2,S0,0,22,0,1,1,0,1,0,0,0,0,0,1,2
57073,attack,off_target,3,S5,5,23,1,1,0,0,0,0,1,0,0,0,0,0
57077,attack,missed,0,S5,5,23,1,1,0,0,0,1,0,0,0,0,0,0
57079,attack,clean_target_effective,2,S5,5,23,6,1,1,0,1,0,0,0,0,0,1,2
57083,attack,multi_hit,4,S5,5,23,7,1,0,0,0,0,0,1,0,0,0,0
57093,attack,clean_target_effective,2,S5,5,22,3,1,1,0,1,0,0,0,0,0,1,2
57096,attack,missed,0,S5,5,23,3,1,0,0,0,1,0,0,0,0,0,0
57098,attack,missed,0,S5,5,22,7,1,0,0,0,1,0,0,0,0,0,0
57104,attack,missed,0,S0,0,22,2,1,0,0,0,1,0,0,0,0,0,0
57113,attack,clean_target_effective,2,S0,0,22,4,1,1,0,1,0,0,0,0,0,1,2
57124,attack,multi_hit,4,S0,0,23,1,1,0,0,0,0,0,1,0,0,0,0
57127,attack,multi_hit,4,S0,0,22,3,1,0,0,0,0,0,1,0,0,0,0
57143,attack,clean_target_ineffective,1,S0,0,23,0,1,1,1,0,0,0,0,0,1,0,1
57149,attack,clean_target_effective,2,S0,0,22,0,1,1,0,1,0,0,0,0,0,1,2
57155,attack,invalid_reset,5,S5,5,23,4,0,0,0,0,0,0,0,1,0,0,0
57157,attack,missed,0,S0,0,22,5,1,0,0,0,1,0,0,0,0,0,0
57160,attack,missed,0,S0,0,23,2,1,0,0,0,1,0,0,0,0,0,0
57167,attack,clean_target_ineffective,1,S5,5,23,1,1,1,1,0,0,0,0,0,1,0,1
57173,attack,clean_target_effective,2,S0,0,22,1,1,1,0,1,0,0,0,0,0,1,2
57174,attack,multi_hit,4,S0,0,23,2,1,0,0,0,0,0,1,0,0,0,0
57177,attack,multi_hit,4,S0,0,23,4,1,0,0,0,0,0,1,0,0,0,0
57180,attack,clean_target_effective,2,S0,0,23,6,1,1,0,1,0,0,0,0,0,1,2
57195,attack,clean_target_ineffective,1,S5,5,23,1,1,1,1,0,0,0,0,0,1,0,1
57198,attack,multi_hit,4,S5,5,22,3,1,0,0,0,0,0,1,0,0,0,0
57199,attack,multi_hit,4,S5,5,23,1,1,0,0,0,0,0,1,0,0,0,0
57204,attack,clean_target_effective,2,S0,0,22,0,1,1,0,1,0,0,0,0,0,1,2
57207,attack,multi_hit,4,S5,5,23,0,1,0,0,0,0,0,1,0,0,0,0
57215,attack,multi_hit,4,S0,0,23,0,1,0,0,0,0,0,1,0,0,0,0
57216,attack,clean_target_effective,2,S0,0,22,4,1,1,0,1,0,0,0,0,0,1,2
57218,attack,clean_target_effective,2,S0,0,23,0,1,1,0,1,0,0,0,0,0,1,2
57221,attack,clean_target_effective,2,S5,5,23,1,1,1,0,1,0,0,0,0,0,1,2
57225,attack,clean_target_effective,2,S5,5,23,3,1,1,0,1,0,0,0,0,0,1,2
57234,attack,multi_hit,4,S0,0,23,1,1,0,0,0,0,0,1,0,0,0,0
57236,attack,multi_hit,4,S5,5,22,3,1,0,0,0,0,0,1,0,0,0,0
57237,attack,clean_target_effective,2,S0,0,22,1,1,1,0,1,0,0,0,0,0,1,2
57239,attack,clean_target_ineffective,1,S0,0,23,0,1,1,1,0,0,0,0,0,1,0,1
57245,attack,off_target,3,S0,0,22,0,1,0,0,0,0,1,0,0,0,0,0
57248,attack,off_target,3,S0,0,23,2,1,0,0,0,0,1,0,0,0,0,0
57252,attack,clean_target_ineffective,1,S0,0,23,2,1,1,1,0,0,0,0,0,1,0,1
57255,attack,invalid_reset,5,S0,0,22,5,0,0,0,0,0,0,0,1,0,0,0
57258,attack,missed,0,S5,5,22,6,1,0,0,0,1,0,0,0,0,0,0
57262,attack,invalid_reset,5,S5,5,22,1,0,0,0,0,0,0,0,1,0,0,0
57267,attack,clean_target_ineffective,1,S5,5,22,7,1,1,1,0,0,0,0,0,1,0,1
57284,attack,multi_hit,4,S5,5,22,2,1,0,0,0,0,0,1,0,0,0,0
57292,attack,invalid_reset,5,S0,0,22,2,0,0,0,0,0,0,0,1,0,0,0
57298,attack,clean_target_ineffective,1,S5,5,23,5,1,1,1,0,0,0,0,0,1,0,1
57301,attack,off_target,3,S0,0,22,6,1,0,0,0,0,1,0,0,0,0,0
57303,attack,off_target,3,S5,5,23,0,1,0,0,0,0,1,0,0,0,0,0
57308,attack,clean_target_effective,2,S0,0,23,2,1,1,0,1,0,0,0,0,0,1,2
57310,attack,missed,0,S0,0,23,0,1,0,0,0,1,0,0,0,0,0,0
57318,attack,clean_target_ineffective,1,S0,0,23,2,1,1,1,0,0,0,0,0,1,0,1
57324,attack,missed,0,S5,5,23,4,1,0,0,0,1,0,0,0,0,0,0
57325,attack,missed,0,S5,5,23,2,1,0,0,0,1,0,0,0,0,0,0
57327,attack,clean_target_ineffective,1,S5,5,22,4,1,1,1,0,0,0,0,0,1,0,1
57329,attack,clean_target_effective,2,S0,0,23,0,1,1,0,1,0,0,0,0,0,1,2
57334,attack,off_target,3,S5,5,22,5,1,0,0,0,0,1,0,0,0,0,0
57335,attack,clean_target_effective,2,S5,5,23,0,1,1,0,1,0,0,0,0,0,1,2
57336,attack,multi_hit,4,S5,5,23,0,1,0,0,0,0,0,1,0,0,0,0
57339,attack,missed,0,S0,0,23,7,1,0,0,0,1,0,0,0,0,0,0
57340,attack,clean_target_ineffective,1,S0,0,23,7,1,1,1,0,0,0,0,0,1,0,1
57346,attack,invalid_reset,5,S0,0,22,6,0,0,0,0,0,0,0,1,0,0,0
57350,attack,clean_target_effective,2,S0,0,23,5,1,1,0,1,0,0,0,0,0,1,2
57356,attack,clean_target_effective,2,S0,0,22,3,1,1,0,1,0,0,0,0,0,1,2
57358,attack,off_target,3,S5,5,22,6,1,0,0,0,0,1,0,0,0,0,0
57366,attack,multi_hit,4,S5,5,23,0,1,0,0,0,0,0,1,0,0,0,0
57368,attack,missed,0,S5,5,22,0,1,0,0,0,1,0,0,0,0,0,0
57373,attack,clean_target_effective,2,S5,5,22,1,1,1,0,1,0,0,0,0,0,1,2
57375,attack,clean_target_effective,2,S5,5,22,6,1,1,0,1,0,0,0,0,0,1,2
57384,attack,clean_target_effective,2,S0,0,22,2,1,1,0,1,0,0,0,0,0,1,2
57385,attack,multi_hit,4,S5,5,23,1,1,0,0,0,0,0,1,0,0,0,0
57395,attack,clean_target_ineffective,1,S5,5,22,6,1,1,1,0,0,0,0,0,1,0,1
57397,attack,multi_hit,4,S5,5,23,1,1,0,0,0,0,0,1,0,0,0,0
57398,attack,clean_target_ineffective,1,S5,5,23,1,1,1,1,0,0,0,0,0,1,0,1
57407,attack,off_target,3,S0,0,22,4,1,0,0,0,0,1,0,0,0,0,0
57408,attack,clean_target_ineffective,1,S5,5,23,3,1,1,1,0,0,0,0,0,1,0,1
57409,attack,missed,0,S5,5,23,1,1,0,0,0,1,0,0,0,0,0,0
57410,attack,clean_target_effective,2,S0,0,23,0,1,1,0,1,0,0,0,0,0,1,2
57414,attack,clean_target_ineffective,1,S5,5,22,3,1,1,1,0,0,0,0,0,1,0,1
57415,attack,missed,0,S0,0,23,5,1,0,0,0,1,0,0,0,0,0,0
57416,attack,invalid_reset,5,S5,5,23,6,0,0,0,0,0,0,0,1,0,0,0
57420,attack,missed,0,S0,0,22,5,1,0,0,0,1,0,0,0,0,0,0
57421,attack,off_target,3,S0,0,22,7,1,0,0,0,0,1,0,0,0,0,0
57423,attack,missed,0,S0,0,22,2,1,0,0,0,1,0,0,0,0,0,0
57428,attack,off_target,3,S0,0,23,6,1,0,0,0,0,1,0,0,0,0,0
57430,attack,clean_target_ineffective,1,S5,5,23,1,1,1,1,0,0,0,0,0,1,0,1
57432,attack,clean_target_effective,2,S5,5,23,4,1,1,0,1,0,0,0,0,0,1,2
57436,attack,missed,0,S5,5,22,6,1,0,0,0,1,0,0,0,0,0,0
57437,attack,off_target,3,S5,5,22,6,1,0,0,0,0,1,0,0,0,0,0
57439,attack,missed,0,S5,5,23,6,1,0,0,0,1,0,0,0,0,0,0
57440,attack,invalid_reset,5,S0,0,23,6,0,0,0,0,0,0,0,1,0,0,0
57449,attack,off_target,3,S5,5,22,5,1,0,0,0,0,1,0,0,0,0,0
57450,attack,off_target,3,S5,5,23,0,1,0,0,0,0,1,0,0,0,0,0
57453,attack,clean_target_effective,2,S5,5,22,5,1,1,0,1,0,0,0,0,0,1,2
57454,attack,clean_target_effective,2,S5,5,22,0,1,1,0,1,0,0,0,0,0,1,2
57460,attack,off_target,3,S5,5,22,0,1,0,0,0,0,1,0,0,0,0,0
57467,attack,multi_hit,4,S0,0,23,0,1,0,0,0,0,0,1,0,0,0,0
57472,attack,missed,0,S5,5,22,4,1,0,0,0,1,0,0,0,0,0,0
57473,attack,missed,0,S5,5,22,0,1,0,0,0,1,0,0,0,0,0,0
57476,attack,multi_hit,4,S5,5,22,5,1,0,0,0,0,0,1,0,0,0,0
57479,attack,clean_target_effective,2,S5,5,23,1,1,1,0,1,0,0,0,0,0,1,2
57489,attack,clean_target_effective,2,S5,5,23,7,1,1,0,1,0,0,0,0,0,1,2
57497,attack,off_target,3,S5,5,22,0,1,0,0,0,0,1,0,0,0,0,0
57503,attack,missed,0,S5,5,23,7,1,0,0,0,1,0,0,0,0,0,0
57506,attack,clean_target_effective,2,S5,5,22,6,1,1,0,1,0,0,0,0,0,1,2
57509,attack,clean_target_effective,2,S5,5,23,5,1,1,0,1,0,0,0,0,0,1,2
57510,attack,clean_target_effective,2,S5,5,22,1,1,1,0,1,0,0,0,0,0,1,2
57511,attack,missed,0,S0,0,22,2,1,0,0,0,1,0,0,0,0,0,0
57518,attack,clean_target_effective,2,S0,0,22,2,1,1,0,1,0,0,0,0,0,1,2
57519,attack,missed,0,S5,5,22,6,1,0,0,0,1,0,0,0,0,0,0
57528,attack,missed,0,S0,0,22,0,1,0,0,0,1,0,0,0,0,0,0
57530,attack,multi_hit,4,S5,5,22,2,1,0,0,0,0,0,1,0,0,0,0
57532,attack,missed,0,S0,0,23,7,1,0,0,0,1,0,0,0,0,0,0
57533,attack,missed,0,S0,0,22,3,1,0,0,0,1,0,0,0,0,0,0
57535,attack,missed,0,S5,5,22,2,1,0,0,0,1,0,0,0,0,0,0
57537,attack,clean_target_ineffective,1,S0,0,23,2,1,1,1,0,0,0,0,0,1,0,1
57542,attack,multi_hit,4,S0,0,23,6,1,0,0,0,0,0,1,0,0,0,0
57543,attack,clean_target_ineffective,1,S5,5,23,4,1,1,1,0,0,0,0,0,1,0,1
57544,attack,multi_hit,4,S5,5,22,4,1,0,0,0,0,0,1,0,0,0,0
57549,attack,clean_target_ineffective,1,S0,0,22,6,1,1,1,0,0,0,0,0,1,0,1
57553,attack,invalid_reset,5,S0,0,22,7,0,0,0,0,0,0,0,1,0,0,0
57555,attack,clean_target_effective,2,S5,5,22,4,1,1,0,1,0,0,0,0,0,1,2
57557,attack,clean_target_effective,2,S5,5,22,1,1,1,0,1,0,0,0,0,0,1,2
57559,attack,missed,0,S0,0,23,6,1,0,0,0,1,0,0,0,0,0,0
57566,attack,clean_target_effective,2,S5,5,22,1,1,1,0,1,0,0,0,0,0,1,2
57571,attack,off_target,3,S5,5,22,1,1,0,0,0,0,1,0,0,0,0,0
57580,attack,clean_target_effective,2,S5,5,22,6,1,1,0,1,0,0,0,0,0,1,2
57581,attack,multi_hit,4,S5,5,23,0,1,0,0,0,0,0,1,0,0,0,0
57584,attack,multi_hit,4,S5,5,22,3,1,0,0,0,0,0,1,0,0,0,0
57586,attack,clean_target_effective,2,S0,0,23,7,1,1,0,1,0,0,0,0,0,1,2
57587,attack,clean_target_ineffective,1,S5,5,23,6,1,1,1,0,0,0,0,0,1,0,1
57588,attack,clean_target_ineffective,1,S0,0,23,1,1,1,1,0,0,0,0,0,1,0,1
57590,attack,multi_hit,4,S0,0,22,3,1,0,0,0,0,0,1,0,0,0,0
57594,attack,clean_target_effective,2,S5,5,23,7,1,1,0,1,0,0,0,0,0,1,2
57598,attack,clean_target_effective,2,S5,5,22,5,1,1,0,1,0,0,0,0,0,1,2
57603,attack,clean_target_ineffective,1,S0,0,22,0,1,1,1,0,0,0,0,0,1,0,1
57611,attack,clean_target_effective,2,S5,5,22,0,1,1,0,1,0,0,0,0,0,1,2
57613,attack,multi_hit,4,S5,5,22,4,1,0,0,0,0,0,1,0,0,0,0
57616,attack,missed,0,S0,0,22,0,1,0,0,0,1,0,0,0,0,0,0
57619,attack,missed,0,S5,5,22,5,1,0,0,0,1,0,0,0,0,0,0
57620,attack,missed,0,S0,0,22,3,1,0,0,0,1,0,0,0,0,0,0
57621,attack,clean_target_effective,2,S5,5,22,3,1,1,0,1,0,0,0,0,0,1,2
57623,attack,multi_hit,4,S5,5,23,4,1,0,0,0,0,0,1,0,0,0,0
57632,attack,off_target,3,S0,0,22,5,1,0,0,0,0,1,0,0,0,0,0
57636,attack,missed,0,S5,5,23,1,1,0,0,0,1,0,0,0,0,0,0
57643,attack,multi_hit,4,S0,0,22,4,1,0,0,0,0,0,1,0,0,0,0
57644,attack,clean_target_effective,2,S5,5,22,1,1,1,0,1,0,0,0,0,0,1,2
57653,attack,invalid_reset,5,S5,5,22,5,0,0,0,0,0,0,0,1,0,0,0
57654,attack,missed,0,S5,5,22,7,1,0,0,0,1,0,0,0,0,0,0
57657,attack,missed,0,S5,5,22,4,1,0,0,0,1,0,0,0,0,0,0
57663,attack,clean_target_effective,2,S5,5,22,7,1,1,0,1,0,0,0,0,0,1,2
57675,attack,missed,0,S5,5,23,4,1,0,0,0,1,0,0,0,0,0,0
57679,attack,missed,0,S5,5,22,7,1,0,0,0,1,0,0,0,0,0,0
57682,attack,off_target,3,S0,0,22,2,1,0,0,0,0,1,0,0,0,0,0
57683,attack,clean_target_ineffective,1,S5,5,23,7,1,1,1,0,0,0,0,0,1,0,1
57687,attack,missed,0,S0,0,22,5,1,0,0,0,1,0,0,0,0,0,0
57692,attack,clean_target_effective,2,S5,5,22,6,1,1,0,1,0,0,0,0,0,1,2
57696,attack,clean_target_ineffective,1,S5,5,22,5,1,1,1,0,0,0,0,0,1,0,1
57701,attack,clean_target_effective,2,S0,0,23,6,1,1,0,1,0,0,0,0,0,1,2
57708,attack,clean_target_ineffective,1,S5,5,23,3,1,1,1,0,0,0,0,0,1,0,1
57712,attack,clean_target_effective,2,S5,5,22,0,1,1,0,1,0,0,0,0,0,1,2
57715,attack,missed,0,S0,0,22,4,1,0,0,0,1,0,0,0,0,0,0
57716,attack,missed,0,S0,0,23,3,1,0,0,0,1,0,0,0,0,0,0
57721,attack,off_target,3,S5,5,23,6,1,0,0,0,0,1,0,0,0,0,0
57725,attack,multi_hit,4,S0,0,22,2,1,0,0,0,0,0,1,0,0,0,0
57731,attack,missed,0,S5,5,23,0,1,0,0,0,1,0,0,0,0,0,0
57734,attack,missed,0,S0,0,23,5,1,0,0,0,1,0,0,0,0,0,0
57745,attack,multi_hit,4,S5,5,23,3,1,0,0,0,0,0,1,0,0,0,0
57749,attack,off_target,3,S5,5,22,2,1,0,0,0,0,1,0,0,0,0,0
57763,attack,invalid_reset,5,S5,5,23,3,0,0,0,0,0,0,0,1,0,0,0
57765,attack,off_target,3,S5,5,22,4,1,0,0,0,0,1,0,0,0,0,0
57775,attack,missed,0,S0,0,23,5,1,0,0,0,1,0,0,0,0,0,0
57782,attack,missed,0,S5,5,23,0,1,0,0,0,1,0,0,0,0,0,0
57790,attack,missed,0,S5,5,22,1,1,0,0,0,1,0,0,0,0,0,0
57791,attack,missed,0,S5,5,23,1,1,0,0,0,1,0,0,0,0,0,0
57796,attack,off_target,3,S5,5,23,5,1,0,0,0,0,1,0,0,0,0,0
57805,attack,clean_target_ineffective,1,S5,5,22,1,1,1,1,0,0,0,0,0,1,0,1
57810,attack,off_target,3,S5,5,23,6,1,0,0,0,0,1,0,0,0,0,0
57811,attack,missed,0,S0,0,23,1,1,0,0,0,1,0,0,0,0,0,0
57812,attack,missed,0,S5,5,22,1,1,0,0,0,1,0,0,0,0,0,0
57815,attack,off_target,3,S5,5,23,3,1,0,0,0,0,1,0,0,0,0,0
57827,attack,missed,0,S0,0,23,6,1,0,0,0,1,0,0,0,0,0,0
57829,attack,clean_target_ineffective,1,S0,0,23,0,1,1,1,0,0,0,0,0,1,0,1
57835,attack,off_target,3,S5,5,23,0,1,0,0,0,0,1,0,0,0,0,0
57839,attack,multi_hit,4,S0,0,23,2,1,0,0,0,0,0,1,0,0,0,0
57846,attack,clean_target_effective,2,S5,5,22,3,1,1,0,1,0,0,0,0,0,1,2
57862,attack,missed,0,S0,0,22,6,1,0,0,0,1,0,0,0,0,0,0
57868,attack,clean_target_ineffective,1,S5,5,22,2,1,1,1,0,0,0,0,0,1,0,1
57869,attack,multi_hit,4,S0,0,23,5,1,0,0,0,0,0,1,0,0,0,0
57872,attack,missed,0,S0,0,23,6,1,0,0,0,1,0,0,0,0,0,0
57873,attack,off_target,3,S0,0,22,0,1,0,0,0,0,1,0,0,0,0,0
57878,attack,clean_target_ineffective,1,S5,5,23,2,1,1,1,0,0,0,0,0,1,0,1
57883,attack,clean_target_effective,2,S5,5,22,3,1,1,0,1,0,0,0,0,0,1,2
57889,attack,clean_target_effective,2,S0,0,22,1,1,1,0,1,0,0,0,0,0,1,2
57890,attack,missed,0,S5,5,23,7,1,0,0,0,1,0,0,0,0,0,0
57891,attack,missed,0,S0,0,23,3,1,0,0,0,1,0,0,0,0,0,0
57893,attack,clean_target_effective,2,S5,5,23,5,1,1,0,1,0,0,0,0,0,1,2
57897,attack,missed,0,S5,5,22,5,1,0,0,0,1,0,0,0,0,0,0
57899,attack,invalid_reset,5,S0,0,22,6,0,0,0,0,0,0,0,1,0,0,0
57909,attack,invalid_reset,5,S0,0,23,3,0,0,0,0,0,0,0,1,0,0,0
57918,attack,clean_target_effective,2,S5,5,22,5,1,1,0,1,0,0,0,0,0,1,2
57920,attack,clean_target_effective,2,S5,5,23,2,1,1,0,1,0,0,0,0,0,1,2
57925,attack,missed,0,S5,5,22,1,1,0,0,0,1,0,0,0,0,0,0
57932,attack,clean_target_effective,2,S0,0,22,0,1,1,0,1,0,0,0,0,0,1,2
57933,attack,clean_target_effective,2,S0,0,23,3,1,1,0,1,0,0,0,0,0,1,2
57944,attack,off_target,3,S5,5,23,6,1,0,0,0,0,1,0,0,0,0,0
57946,attack,clean_target_ineffective,1,S5,5,22,2,1,1,1,0,0,0,0,0,1,0,1
57947,attack,clean_target_effective,2,S5,5,23,4,1,1,0,1,0,0,0,0,0,1,2
57953,attack,clean_target_effective,2,S0,0,23,3,1,1,0,1,0,0,0,0,0,1,2
57954,attack,clean_target_effective,2,S0,0,22,4,1,1,0,1,0,0,0,0,0,1,2
57957,attack,multi_hit,4,S0,0,23,3,1,0,0,0,0,0,1,0,0,0,0
57965,attack,clean_target_ineffective,1,S0,0,22,6,1,1,1,0,0,0,0,0,1,0,1
57971,attack,clean_target_effective,2,S0,0,23,6,1,1,0,1,0,0,0,0,0,1,2
57976,attack,invalid_reset,5,S0,0,23,6,0,0,0,0,0,0,0,1,0,0,0
57978,attack,missed,0,S0,0,22,0,1,0,0,0,1,0,0,0,0,0,0
57979,attack,multi_hit,4,S0,0,22,0,1,0,0,0,0,0,1,0,0,0,0
57981,attack,multi_hit,4,S0,0,22,4,1,0,0,0,0,0,1,0,0,0,0
57986,attack,clean_target_ineffective,1,S0,0,22,4,1,1,1,0,0,0,0,0,1,0,1
57991,attack,multi_hit,4,S5,5,23,6,1,0,0,0,0,0,1,0,0,0,0
58000,attack,missed,0,S5,5,23,2,1,0,0,0,1,0,0,0,0,0,0
58004,attack,clean_target_effective,2,S5,5,23,4,1,1,0,1,0,0,0,0,0,1,2
58006,attack,clean_target_effective,2,S5,5,23,2,1,1,0,1,0,0,0,0,0,1,2
58012,attack,missed,0,S5,5,23,5,1,0,0,0,1,0,0,0,0,0,0
58013,attack,multi_hit,4,S5,5,22,5,1,0,0,0,0,0,1,0,0,0,0
58014,attack,off_target,3,S5,5,22,1,1,0,0,0,0,1,0,0,0,0,0
58017,attack,clean_target_effective,2,S0,0,23,7,1,1,0,1,0,0,0,0,0,1,2
58018,attack,multi_hit,4,S5,5,22,5,1,0,0,0,0,0,1,0,0,0,0
58028,attack,missed,0,S0,0,23,3,1,0,0,0,1,0,0,0,0,0,0
58037,attack,clean_target_effective,2,S5,5,22,4,1,1,0,1,0,0,0,0,0,1,2
58042,attack,clean_target_effective,2,S5,5,23,6,1,1,0,1,0,0,0,0,0,1,2
58044,attack,off_target,3,S5,5,23,7,1,0,0,0,0,1,0,0,0,0,0
58048,attack,missed,0,S0,0,23,3,1,0,0,0,1,0,0,0,0,0,0
58053,attack,clean_target_effective,2,S0,0,23,7,1,1,0,1,0,0,0,0,0,1,2
58062,attack,clean_target_effective,2,S5,5,23,6,1,1,0,1,0,0,0,0,0,1,2
58063,attack,clean_target_ineffective,1,S5,5,23,5,1,1,1,0,0,0,0,0,1,0,1
58067,attack,clean_target_effective,2,S5,5,23,2,1,1,0,1,0,0,0,0,0,1,2
58073,attack,clean_target_effective,2,S5,5,23,0,1,1,0,1,0,0,0,0,0,1,2
58082,attack,clean_target_effective,2,S0,0,23,3,1,1,0,1,0,0,0,0,0,1,2
58086,attack,clean_target_ineffective,1,S5,5,22,7,1,1,1,0,0,0,0,0,1,0,1
58092,attack,clean_target_effective,2,S0,0,23,1,1,1,0,1,0,0,0,0,0,1,2
58094,attack,missed,0,S0,0,23,1,1,0,0,0,1,0,0,0,0,0,0
58096,attack,off_target,3,S5,5,22,2,1,0,0,0,0,1,0,0,0,0,0
58099,attack,multi_hit,4,S0,0,22,4,1,0,0,0,0,0,1,0,0,0,0
58104,attack,multi_hit,4,S0,0,22,1,1,0,0,0,0,0,1,0,0,0,0
58106,attack,clean_target_effective,2,S0,0,23,5,1,1,0,1,0,0,0,0,0,1,2
58111,attack,off_target,3,S0,0,23,4,1,0,0,0,0,1,0,0,0,0,0
58117,attack,clean_target_effective,2,S5,5,22,6,1,1,0,1,0,0,0,0,0,1,2
58121,attack,multi_hit,4,S0,0,23,5,1,0,0,0,0,0,1,0,0,0,0
58123,attack,clean_target_effective,2,S0,0,23,3,1,1,0,1,0,0,0,0,0,1,2
58129,attack,clean_target_effective,2,S5,5,23,4,1,1,0,1,0,0,0,0,0,1,2
58130,attack,multi_hit,4,S5,5,22,2,1,0,0,0,0,0,1,0,0,0,0
58131,attack,clean_target_effective,2,S5,5,23,4,1,1,0,1,0,0,0,0,0,1,2
58136,attack,clean_target_effective,2,S0,0,22,6,1,1,0,1,0,0,0,0,0,1,2
58143,attack,clean_target_effective,2,S0,0,23,6,1,1,0,1,0,0,0,0,0,1,2
58144,attack,off_target,3,S0,0,22,2,1,0,0,0,0,1,0,0,0,0,0
58147,attack,clean_target_ineffective,1,S5,5,23,0,1,1,1,0,0,0,0,0,1,0,1
58150,attack,missed,0,S0,0,23,6,1,0,0,0,1,0,0,0,0,0,0
58151,attack,clean_target_ineffective,1,S5,5,23,6,1,1,1,0,0,0,0,0,1,0,1
58155,attack,invalid_reset,5,S5,5,23,3,0,0,0,0,0,0,0,1,0,0,0
58158,attack,clean_target_effective,2,S5,5,23,4,1,1,0,1,0,0,0,0,0,1,2
58159,attack,clean_target_effective,2,S5,5,22,4,1,1,0,1,0,0,0,0,0,1,2
58165,attack,invalid_reset,5,S5,5,23,5,0,0,0,0,0,0,0,1,0,0,0
58168,attack,clean_target_ineffective,1,S5,5,22,4,1,1,1,0,0,0,0,0,1,0,1
58175,attack,off_target,3,S0,0,23,6,1,0,0,0,0,1,0,0,0,0,0
58177,attack,missed,0,S0,0,23,5,1,0,0,0,1,0,0,0,0,0,0
58179,attack,missed,0,S0,0,23,3,1,0,0,0,1,0,0,0,0,0,0
58187,attack,clean_target_effective,2,S5,5,23,7,1,1,0,1,0,0,0,0,0,1,2
58192,attack,off_target,3,S0,0,22,4,1,0,0,0,0,1,0,0,0,0,0
58194,attack,off_target,3,S5,5,22,7,1,0,0,0,0,1,0,0,0,0,0
58204,attack,missed,0,S0,0,22,5,1,0,0,0,1,0,0,0,0,0,0
58213,attack,missed,0,S0,0,23,0,1,0,0,0,1,0,0,0,0,0,0
58220,attack,clean_target_effective,2,S0,0,22,3,1,1,0,1,0,0,0,0,0,1,2
58223,attack,clean_target_effective,2,S5,5,23,1,1,1,0,1,0,0,0,0,0,1,2
58224,attack,clean_target_effective,2,S0,0,22,1,1,1,0,1,0,0,0,0,0,1,2
58229,attack,missed,0,S5,5,22,4,1,0,0,0,1,0,0,0,0,0,0
58232,attack,clean_target_ineffective,1,S0,0,23,5,1,1,1,0,0,0,0,0,1,0,1
58234,attack,clean_target_effective,2,S0,0,22,2,1,1,0,1,0,0,0,0,0,1,2
58241,attack,missed,0,S5,5,22,0,1,0,0,0,1,0,0,0,0,0,0
58244,attack,clean_target_ineffective,1,S0,0,23,0,1,1,1,0,0,0,0,0,1,0,1
58249,attack,multi_hit,4,S0,0,23,2,1,0,0,0,0,0,1,0,0,0,0
58257,attack,invalid_reset,5,S0,0,23,4,0,0,0,0,0,0,0,1,0,0,0
58262,attack,missed,0,S0,0,23,6,1,0,0,0,1,0,0,0,0,0,0
58273,attack,invalid_reset,5,S5,5,23,6,0,0,0,0,0,0,0,1,0,0,0
58275,attack,missed,0,S5,5,22,5,1,0,0,0,1,0,0,0,0,0,0
58276,attack,off_target,3,S0,0,22,3,1,0,0,0,0,1,0,0,0,0,0
58278,attack,off_target,3,S0,0,22,2,1,0,0,0,0,1,0,0,0,0,0
58281,attack,missed,0,S5,5,23,0,1,0,0,0,1,0,0,0,0,0,0
58287,attack,multi_hit,4,S0,0,22,3,1,0,0,0,0,0,1,0,0,0,0
58289,attack,clean_target_effective,2,S0,0,23,0,1,1,0,1,0,0,0,0,0,1,2
58291,attack,clean_target_effective,2,S0,0,22,6,1,1,0,1,0,0,0,0,0,1,2
58293,attack,missed,0,S5,5,22,3,1,0,0,0,1,0,0,0,0,0,0
58299,attack,missed,0,S0,0,22,3,1,0,0,0,1,0,0,0,0,0,0
58303,attack,missed,0,S0,0,23,5,1,0,0,0,1,0,0,0,0,0,0
58304,attack,missed,0,S5,5,22,3,1,0,0,0,1,0,0,0,0,0,0
58309,attack,clean_target_effective,2,S0,0,23,3,1,1,0,1,0,0,0,0,0,1,2
58315,attack,off_target,3,S0,0,22,7,1,0,0,0,0,1,0,0,0,0,0
58321,attack,off_target,3,S5,5,23,1,1,0,0,0,0,1,0,0,0,0,0
58322,attack,clean_target_effective,2,S0,0,23,3,1,1,0,1,0,0,0,0,0,1,2
58324,attack,clean_target_ineffective,1,S0,0,23,3,1,1,1,0,0,0,0,0,1,0,1
58334,attack,clean_target_effective,2,S0,0,22,5,1,1,0,1,0,0,0,0,0,1,2
58336,attack,missed,0,S0,0,23,4,1,0,0,0,1,0,0,0,0,0,0
58337,attack,clean_target_ineffective,1,S5,5,22,5,1,1,1,0,0,0,0,0,1,0,1
58341,attack,missed,0,S0,0,23,6,1,0,0,0,1,0,0,0,0,0,0
58343,attack,clean_target_effective,2,S5,5,22,0,1,1,0,1,0,0,0,0,0,1,2
58346,attack,clean_target_effective,2,S0,0,23,5,1,1,0,1,0,0,0,0,0,1,2
58361,attack,missed,0,S5,5,23,4,1,0,0,0,1,0,0,0,0,0,0
58363,attack,multi_hit,4,S0,0,23,0,1,0,0,0,0,0,1,0,0,0,0
58366,attack,missed,0,S0,0,23,2,1,0,0,0,1,0,0,0,0,0,0
58373,attack,multi_hit,4,S5,5,22,2,1,0,0,0,0,0,1,0,0,0,0
58374,attack,clean_target_effective,2,S0,0,22,6,1,1,0,1,0,0,0,0,0,1,2
58375,attack,multi_hit,4,S5,5,22,0,1,0,0,0,0,0,1,0,0,0,0
58378,attack,invalid_reset,5,S0,0,22,3,0,0,0,0,0,0,0,1,0,0,0
58379,attack,missed,0,S5,5,23,2,1,0,0,0,1,0,0,0,0,0,0
58382,attack,clean_target_effective,2,S5,5,23,6,1,1,0,1,0,0,0,0,0,1,2
58384,attack,clean_target_ineffective,1,S5,5,22,7,1,1,1,0,0,0,0,0,1,0,1
58385,attack,off_target,3,S0,0,23,7,1,0,0,0,0,1,0,0,0,0,0
58395,attack,multi_hit,4,S0,0,23,6,1,0,0,0,0,0,1,0,0,0,0
58396,attack,missed,0,S5,5,22,4,1,0,0,0,1,0,0,0,0,0,0
58397,attack,multi_hit,4,S5,5,23,0,1,0,0,0,0,0,1,0,0,0,0
58400,attack,multi_hit,4,S5,5,22,5,1,0,0,0,0,0,1,0,0,0,0
58407,attack,invalid_reset,5,S5,5,23,3,0,0,0,0,0,0,0,1,0,0,0
58411,attack,multi_hit,4,S0,0,22,0,1,0,0,0,0,0,1,0,0,0,0
58430,attack,multi_hit,4,S5,5,22,6,1,0,0,0,0,0,1,0,0,0,0
58431,attack,off_target,3,S0,0,22,3,1,0,0,0,0,1,0,0,0,0,0
58436,attack,invalid_reset,5,S0,0,23,2,0,0,0,0,0,0,0,1,0,0,0
58440,attack,multi_hit,4,S0,0,23,6,1,0,0,0,0,0,1,0,0,0,0
58441,attack,off_target,3,S0,0,22,5,1,0,0,0,0,1,0,0,0,0,0
58442,attack,invalid_reset,5,S0,0,22,5,0,0,0,0,0,0,0,1,0,0,0
58451,attack,clean_target_effective,2,S0,0,22,0,1,1,0,1,0,0,0,0,0,1,2
58454,attack,clean_target_ineffective,1,S0,0,22,2,1,1,1,0,0,0,0,0,1,0,1
58457,attack,invalid_reset,5,S0,0,23,1,0,0,0,0,0,0,0,1,0,0,0
58463,attack,missed,0,S5,5,23,6,1,0,0,0,1,0,0,0,0,0,0
58465,attack,clean_target_effective,2,S0,0,22,6,1,1,0,1,0,0,0,0,0,1,2
58467,attack,multi_hit,4,S5,5,22,3,1,0,0,0,0,0,1,0,0,0,0
58468,attack,multi_hit,4,S0,0,22,1,1,0,0,0,0,0,1,0,0,0,0
58471,attack,multi_hit,4,S0,0,22,2,1,0,0,0,0,0,1,0,0,0,0
58475,attack,clean_target_effective,2,S0,0,23,3,1,1,0,1,0,0,0,0,0,1,2
58477,attack,missed,0,S0,0,22,0,1,0,0,0,1,0,0,0,0,0,0
58487,attack,multi_hit,4,S5,5,23,4,1,0,0,0,0,0,1,0,0,0,0
58493,attack,multi_hit,4,S5,5,23,2,1,0,0,0,0,0,1,0,0,0,0
58495,attack,missed,0,S5,5,23,3,1,0,0,0,1,0,0,0,0,0,0
58499,attack,missed,0,S0,0,23,7,1,0,0,0,1,0,0,0,0,0,0
58517,attack,clean_target_ineffective,1,S0,0,22,0,1,1,1,0,0,0,0,0,1,0,1
58522,attack,clean_target_ineffective,1,S5,5,23,7,1,1,1,0,0,0,0,0,1,0,1
58530,attack,off_target,3,S5,5,23,3,1,0,0,0,0,1,0,0,0,0,0
58532,attack,clean_target_ineffective,1,S5,5,22,6,1,1,1,0,0,0,0,0,1,0,1
58535,attack,off_target,3,S5,5,23,4,1,0,0,0,0,1,0,0,0,0,0
58538,attack,clean_target_ineffective,1,S5,5,23,0,1,1,1,0,0,0,0,0,1,0,1
58541,attack,missed,0,S0,0,22,1,1,0,0,0,1,0,0,0,0,0,0
58546,attack,missed,0,S5,5,23,0,1,0,0,0,1,0,0,0,0,0,0
58550,attack,multi_hit,4,S0,0,22,2,1,0,0,0,0,0,1,0,0,0,0
58551,attack,clean_target_effective,2,S0,0,23,5,1,1,0,1,0,0,0,0,0,1,2
58554,attack,clean_target_effective,2,S0,0,23,2,1,1,0,1,0,0,0,0,0,1,2
58555,attack,clean_target_effective,2,S5,5,23,3,1,1,0,1,0,0,0,0,0,1,2
58556,attack,clean_target_effective,2,S0,0,23,0,1,1,0,1,0,0,0,0,0,1,2
58557,attack,off_target,3,S5,5,22,1,1,0,0,0,0,1,0,0,0,0,0
58560,attack,missed,0,S0,0,23,4,1,0,0,0,1,0,0,0,0,0,0
58563,attack,missed,0,S0,0,23,1,1,0,0,0,1,0,0,0,0,0,0
58570,attack,missed,0,S5,5,23,0,1,0,0,0,1,0,0,0,0,0,0
58571,attack,clean_target_ineffective,1,S0,0,22,1,1,1,1,0,0,0,0,0,1,0,1
58575,attack,invalid_reset,5,S5,5,22,0,0,0,0,0,0,0,0,1,0,0,0
58577,attack,missed,0,S0,0,22,0,1,0,0,0,1,0,0,0,0,0,0
58587,attack,clean_target_effective,2,S0,0,22,6,1,1,0,1,0,0,0,0,0,1,2
58591,attack,missed,0,S0,0,22,1,1,0,0,0,1,0,0,0,0,0,0
58596,attack,off_target,3,S0,0,22,0,1,0,0,0,0,1,0,0,0,0,0
58600,attack,missed,0,S5,5,22,5,1,0,0,0,1,0,0,0,0,0,0
58609,attack,missed,0,S0,0,23,7,1,0,0,0,1,0,0,0,0,0,0
58613,attack,clean_target_effective,2,S0,0,22,1,1,1,0,1,0,0,0,0,0,1,2
58615,attack,clean_target_effective,2,S5,5,23,1,1,1,0,1,0,0,0,0,0,1,2
58616,attack,multi_hit,4,S5,5,22,2,1,0,0,0,0,0,1,0,0,0,0
58620,attack,clean_target_effective,2,S5,5,22,2,1,1,0,1,0,0,0,0,0,1,2
58622,attack,clean_target_effective,2,S5,5,22,1,1,1,0,1,0,0,0,0,0,1,2
58635,attack,clean_target_effective,2,S5,5,22,3,1,1,0,1,0,0,0,0,0,1,2
58638,attack,off_target,3,S0,0,22,1,1,0,0,0,0,1,0,0,0,0,0
58644,attack,clean_target_ineffective,1,S5,5,22,4,1,1,1,0,0,0,0,0,1,0,1
58645,attack,missed,0,S5,5,23,3,1,0,0,0,1,0,0,0,0,0,0
58659,attack,off_target,3,S5,5,23,1,1,0,0,0,0,1,0,0,0,0,0
58665,attack,multi_hit,4,S5,5,23,7,1,0,0,0,0,0,1,0,0,0,0
58672,attack,clean_target_effective,2,S0,0,23,2,1,1,0,1,0,0,0,0,0,1,2
58676,attack,missed,0,S5,5,22,0,1,0,0,0,1,0,0,0,0,0,0
58678,attack,missed,0,S0,0,22,0,1,0,0,0,1,0,0,0,0,0,0
58684,attack,clean_target_effective,2,S5,5,23,3,1,1,0,1,0,0,0,0,0,1,2
58685,attack,multi_hit,4,S0,0,22,7,1,0,0,0,0,0,1,0,0,0,0
58686,attack,clean_target_effective,2,S0,0,22,1,1,1,0,1,0,0,0,0,0,1,2
58687,attack,clean_target_effective,2,S5,5,23,0,1,1,0,1,0,0,0,0,0,1,2
58689,attack,off_target,3,S5,5,23,4,1,0,0,0,0,1,0,0,0,0,0
58690,attack,clean_target_effective,2,S0,0,22,4,1,1,0,1,0,0,0,0,0,1,2
58699,attack,off_target,3,S0,0,23,6,1,0,0,0,0,1,0,0,0,0,0
58705,attack,invalid_reset,5,S5,5,22,4,0,0,0,0,0,0,0,1,0,0,0
58706,attack,missed,0,S5,5,23,2,1,0,0,0,1,0,0,0,0,0,0
58714,attack,off_target,3,S0,0,23,1,1,0,0,0,0,1,0,0,0,0,0
58733,attack,multi_hit,4,S5,5,23,0,1,0,0,0,0,0,1,0,0,0,0
58735,attack,invalid_reset,5,S0,0,22,5,0,0,0,0,0,0,0,1,0,0,0
58736,attack,invalid_reset,5,S0,0,22,3,0,0,0,0,0,0,0,1,0,0,0
58743,attack,clean_target_effective,2,S5,5,22,4,1,1,0,1,0,0,0,0,0,1,2
58747,attack,clean_target_effective,2,S5,5,23,6,1,1,0,1,0,0,0,0,0,1,2
58748,attack,invalid_reset,5,S0,0,22,6,0,0,0,0,0,0,0,1,0,0,0
58751,attack,missed,0,S5,5,22,0,1,0,0,0,1,0,0,0,0,0,0
58753,attack,missed,0,S5,5,22,4,1,0,0,0,1,0,0,0,0,0,0
58756,attack,missed,0,S0,0,22,2,1,0,0,0,1,0,0,0,0,0,0
58758,attack,clean_target_effective,2,S5,5,22,3,1,1,0,1,0,0,0,0,0,1,2
58760,attack,invalid_reset,5,S5,5,23,1,0,0,0,0,0,0,0,1,0,0,0
58761,attack,invalid_reset,5,S5,5,22,2,0,0,0,0,0,0,0,1,0,0,0
58762,attack,multi_hit,4,S0,0,23,6,1,0,0,0,0,0,1,0,0,0,0
58766,attack,invalid_reset,5,S0,0,22,6,0,0,0,0,0,0,0,1,0,0,0
58770,attack,off_target,3,S0,0,23,0,1,0,0,0,0,1,0,0,0,0,0
58771,attack,missed,0,S5,5,22,7,1,0,0,0,1,0,0,0,0,0,0
58772,attack,multi_hit,4,S0,0,23,6,1,0,0,0,0,0,1,0,0,0,0
58783,attack,missed,0,S0,0,22,0,1,0,0,0,1,0,0,0,0,0,0
58784,attack,off_target,3,S5,5,23,5,1,0,0,0,0,1,0,0,0,0,0
58787,attack,clean_target_effective,2,S0,0,23,7,1,1,0,1,0,0,0,0,0,1,2
58790,attack,multi_hit,4,S0,0,22,0,1,0,0,0,0,0,1,0,0,0,0
58794,attack,off_target,3,S0,0,23,2,1,0,0,0,0,1,0,0,0,0,0
58797,attack,off_target,3,S5,5,23,7,1,0,0,0,0,1,0,0,0,0,0
58800,attack,clean_target_effective,2,S5,5,22,4,1,1,0,1,0,0,0,0,0,1,2
58805,attack,off_target,3,S5,5,22,1,1,0,0,0,0,1,0,0,0,0,0
58806,attack,off_target,3,S5,5,23,7,1,0,0,0,0,1,0,0,0,0,0
58812,attack,clean_target_ineffective,1,S5,5,23,6,1,1,1,0,0,0,0,0,1,0,1
58817,attack,missed,0,S0,0,22,4,1,0,0,0,1,0,0,0,0,0,0
58819,attack,clean_target_effective,2,S0,0,23,1,1,1,0,1,0,0,0,0,0,1,2
58821,attack,missed,0,S5,5,22,1,1,0,0,0,1,0,0,0,0,0,0
58828,attack,missed,0,S0,0,23,3,1,0,0,0,1,0,0,0,0,0,0
58830,attack,multi_hit,4,S0,0,23,3,1,0,0,0,0,0,1,0,0,0,0
58831,attack,missed,0,S5,5,22,4,1,0,0,0,1,0,0,0,0,0,0
58839,attack,clean_target_ineffective,1,S0,0,22,0,1,1,1,0,0,0,0,0,1,0,1
58840,attack,clean_target_ineffective,1,S5,5,23,3,1,1,1,0,0,0,0,0,1,0,1
58841,attack,clean_target_effective,2,S0,0,22,0,1,1,0,1,0,0,0,0,0,1,2
58848,attack,missed,0,S0,0,22,1,1,0,0,0,1,0,0,0,0,0,0
58852,attack,clean_target_effective,2,S5,5,23,7,1,1,0,1,0,0,0,0,0,1,2
58856,attack,off_target,3,S5,5,22,6,1,0,0,0,0,1,0,0,0,0,0
58857,attack,missed,0,S5,5,23,2,1,0,0,0,1,0,0,0,0,0,0
58860,attack,clean_target_effective,2,S5,5,23,6,1,1,0,1,0,0,0,0,0,1,2
58868,attack,multi_hit,4,S5,5,23,5,1,0,0,0,0,0,1,0,0,0,0
58870,attack,missed,0,S5,5,22,6,1,0,0,0,1,0,0,0,0,0,0
58872,attack,clean_target_effective,2,S0,0,23,3,1,1,0,1,0,0,0,0,0,1,2
58874,attack,missed,0,S5,5,22,1,1,0,0,0,1,0,0,0,0,0,0
58877,attack,off_target,3,S5,5,23,4,1,0,0,0,0,1,0,0,0,0,0
58889,attack,missed,0,S0,0,23,2,1,0,0,0,1,0,0,0,0,0,0
58896,attack,missed,0,S0,0,23,4,1,0,0,0,1,0,0,0,0,0,0
58899,attack,clean_target_effective,2,S0,0,23,3,1,1,0,1,0,0,0,0,0,1,2
58902,attack,off_target,3,S0,0,22,4,1,0,0,0,0,1,0,0,0,0,0
58904,attack,clean_target_effective,2,S0,0,23,3,1,1,0,1,0,0,0,0,0,1,2
58907,attack,off_target,3,S0,0,22,5,1,0,0,0,0,1,0,0,0,0,0
58913,attack,clean_target_effective,2,S5,5,23,4,1,1,0,1,0,0,0,0,0,1,2
58919,attack,clean_target_effective,2,S0,0,22,6,1,1,0,1,0,0,0,0,0,1,2
58921,attack,clean_target_effective,2,S5,5,22,2,1,1,0,1,0,0,0,0,0,1,2
58924,attack,clean_target_effective,2,S5,5,22,2,1,1,0,1,0,0,0,0,0,1,2
58928,attack,clean_target_effective,2,S5,5,23,5,1,1,0,1,0,0,0,0,0,1,2
58937,attack,clean_target_effective,2,S0,0,23,7,1,1,0,1,0,0,0,0,0,1,2
58939,attack,clean_target_effective,2,S5,5,23,4,1,1,0,1,0,0,0,0,0,1,2
58948,attack,missed,0,S5,5,23,4,1,0,0,0,1,0,0,0,0,0,0
58951,attack,invalid_reset,5,S0,0,23,7,0,0,0,0,0,0,0,1,0,0,0
58956,attack,multi_hit,4,S5,5,23,3,1,0,0,0,0,0,1,0,0,0,0
58958,attack,missed,0,S0,0,22,7,1,0,0,0,1,0,0,0,0,0,0
58960,attack,clean_target_effective,2,S5,5,22,5,1,1,0,1,0,0,0,0,0,1,2
58961,attack,invalid_reset,5,S0,0,22,1,0,0,0,0,0,0,0,1,0,0,0
58969,attack,off_target,3,S5,5,22,3,1,0,0,0,0,1,0,0,0,0,0
58975,attack,multi_hit,4,S5,5,22,4,1,0,0,0,0,0,1,0,0,0,0
58976,attack,multi_hit,4,S5,5,22,6,1,0,0,0,0,0,1,0,0,0,0
58979,attack,clean_target_ineffective,1,S0,0,23,0,1,1,1,0,0,0,0,0,1,0,1
58980,attack,multi_hit,4,S5,5,23,1,1,0,0,0,0,0,1,0,0,0,0
58985,attack,multi_hit,4,S0,0,23,5,1,0,0,0,0,0,1,0,0,0,0
58986,attack,invalid_reset,5,S5,5,22,1,0,0,0,0,0,0,0,1,0,0,0
58993,attack,clean_target_ineffective,1,S0,0,22,4,1,1,1,0,0,0,0,0,1,0,1
58994,attack,missed,0,S5,5,23,7,1,0,0,0,1,0,0,0,0,0,0
58995,attack,off_target,3,S5,5,22,1,1,0,0,0,0,1,0,0,0,0,0
59001,attack,missed,0,S0,0,22,5,1,0,0,0,1,0,0,0,0,0,0
59002,attack,missed,0,S0,0,23,0,1,0,0,0,1,0,0,0,0,0,0
59005,attack,clean_target_effective,2,S5,5,23,1,1,1,0,1,0,0,0,0,0,1,2
59006,attack,clean_target_effective,2,S0,0,22,4,1,1,0,1,0,0,0,0,0,1,2
59007,attack,missed,0,S5,5,22,7,1,0,0,0,1,0,0,0,0,0,0
59008,attack,clean_target_effective,2,S0,0,22,6,1,1,0,1,0,0,0,0,0,1,2
59012,attack,missed,0,S5,5,23,0,1,0,0,0,1,0,0,0,0,0,0
59015,attack,off_target,3,S5,5,23,7,1,0,0,0,0,1,0,0,0,0,0
59017,attack,clean_target_ineffective,1,S5,5,23,7,1,1,1,0,0,0,0,0,1,0,1
59021,attack,missed,0,S0,0,23,4,1,0,0,0,1,0,0,0,0,0,0
59023,attack,multi_hit,4,S5,5,23,6,1,0,0,0,0,0,1,0,0,0,0
59029,attack,off_target,3,S5,5,22,2,1,0,0,0,0,1,0,0,0,0,0
59030,attack,clean_target_effective,2,S5,5,22,7,1,1,0,1,0,0,0,0,0,1,2
59032,attack,clean_target_effective,2,S5,5,22,7,1,1,0,1,0,0,0,0,0,1,2
59034,attack,clean_target_effective,2,S0,0,23,4,1,1,0,1,0,0,0,0,0,1,2
59036,attack,off_target,3,S5,5,23,2,1,0,0,0,0,1,0,0,0,0,0
59037,attack,missed,0,S5,5,23,2,1,0,0,0,1,0,0,0,0,0,0
59038,attack,off_target,3,S5,5,22,5,1,0,0,0,0,1,0,0,0,0,0
59039,attack,invalid_reset,5,S0,0,23,4,0,0,0,0,0,0,0,1,0,0,0
59042,attack,clean_target_ineffective,1,S5,5,22,2,1,1,1,0,0,0,0,0,1,0,1
59043,attack,multi_hit,4,S5,5,23,7,1,0,0,0,0,0,1,0,0,0,0
59046,attack,missed,0,S0,0,22,3,1,0,0,0,1,0,0,0,0,0,0
59051,attack,multi_hit,4,S5,5,23,1,1,0,0,0,0,0,1,0,0,0,0
59055,attack,invalid_reset,5,S5,5,22,4,0,0,0,0,0,0,0,1,0,0,0
59056,attack,multi_hit,4,S5,5,23,0,1,0,0,0,0,0,1,0,0,0,0
59059,attack,clean_target_effective,2,S5,5,22,6,1,1,0,1,0,0,0,0,0,1,2
59064,attack,clean_target_effective,2,S5,5,22,3,1,1,0,1,0,0,0,0,0,1,2
59069,attack,clean_target_effective,2,S0,0,23,7,1,1,0,1,0,0,0,0,0,1,2
59074,attack,off_target,3,S0,0,22,1,1,0,0,0,0,1,0,0,0,0,0
59081,attack,multi_hit,4,S0,0,22,1,1,0,0,0,0,0,1,0,0,0,0
59083,attack,clean_target_effective,2,S5,5,23,7,1,1,0,1,0,0,0,0,0,1,2
59098,attack,clean_target_effective,2,S0,0,23,2,1,1,0,1,0,0,0,0,0,1,2
59100,attack,multi_hit,4,S0,0,23,4,1,0,0,0,0,0,1,0,0,0,0
59102,attack,missed,0,S5,5,23,4,1,0,0,0,1,0,0,0,0,0,0
59103,attack,off_target,3,S5,5,22,0,1,0,0,0,0,1,0,0,0,0,0
59104,attack,clean_target_ineffective,1,S5,5,22,3,1,1,1,0,0,0,0,0,1,0,1
59107,attack,clean_target_effective,2,S5,5,22,1,1,1,0,1,0,0,0,0,0,1,2
59108,attack,invalid_reset,5,S0,0,23,0,0,0,0,0,0,0,0,1,0,0,0
59115,attack,missed,0,S5,5,22,2,1,0,0,0,1,0,0,0,0,0,0
59123,attack,clean_target_ineffective,1,S0,0,23,4,1,1,1,0,0,0,0,0,1,0,1
59131,attack,clean_target_effective,2,S0,0,22,3,1,1,0,1,0,0,0,0,0,1,2
59136,attack,missed,0,S0,0,22,4,1,0,0,0,1,0,0,0,0,0,0
59140,attack,clean_target_effective,2,S0,0,23,0,1,1,0,1,0,0,0,0,0,1,2
59143,attack,clean_target_ineffective,1,S0,0,23,4,1,1,1,0,0,0,0,0,1,0,1
59144,attack,clean_target_effective,2,S0,0,22,0,1,1,0,1,0,0,0,0,0,1,2
59145,attack,multi_hit,4,S0,0,23,5,1,0,0,0,0,0,1,0,0,0,0
59147,attack,off_target,3,S0,0,22,1,1,0,0,0,0,1,0,0,0,0,0
59152,attack,clean_target_effective,2,S0,0,23,0,1,1,0,1,0,0,0,0,0,1,2
59163,attack,missed,0,S5,5,22,7,1,0,0,0,1,0,0,0,0,0,0
59173,attack,clean_target_effective,2,S0,0,22,5,1,1,0,1,0,0,0,0,0,1,2
59178,attack,multi_hit,4,S0,0,23,0,1,0,0,0,0,0,1,0,0,0,0
59182,attack,clean_target_ineffective,1,S5,5,22,5,1,1,1,0,0,0,0,0,1,0,1
59183,attack,off_target,3,S5,5,23,0,1,0,0,0,0,1,0,0,0,0,0
59192,attack,missed,0,S0,0,23,4,1,0,0,0,1,0,0,0,0,0,0
59200,attack,missed,0,S0,0,22,0,1,0,0,0,1,0,0,0,0,0,0
59203,attack,missed,0,S0,0,22,4,1,0,0,0,1,0,0,0,0,0,0
59206,attack,clean_target_effective,2,S0,0,22,0,1,1,0,1,0,0,0,0,0,1,2
59207,attack,clean_target_effective,2,S5,5,22,4,1,1,0,1,0,0,0,0,0,1,2
59209,attack,clean_target_effective,2,S0,0,23,5,1,1,0,1,0,0,0,0,0,1,2
59211,attack,missed,0,S5,5,23,2,1,0,0,0,1,0,0,0,0,0,0
59212,attack,clean_target_effective,2,S5,5,22,5,1,1,0,1,0,0,0,0,0,1,2
59226,attack,off_target,3,S5,5,23,1,1,0,0,0,0,1,0,0,0,0,0
59229,attack,clean_target_effective,2,S0,0,23,3,1,1,0,1,0,0,0,0,0,1,2
59233,attack,invalid_reset,5,S5,5,22,1,0,0,0,0,0,0,0,1,0,0,0
59248,attack,missed,0,S0,0,22,1,1,0,0,0,1,0,0,0,0,0,0
59251,attack,clean_target_effective,2,S0,0,23,3,1,1,0,1,0,0,0,0,0,1,2
59252,attack,clean_target_effective,2,S0,0,23,5,1,1,0,1,0,0,0,0,0,1,2
59255,attack,multi_hit,4,S5,5,22,1,1,0,0,0,0,0,1,0,0,0,0
59256,attack,off_target,3,S5,5,22,0,1,0,0,0,0,1,0,0,0,0,0
59259,attack,off_target,3,S0,0,22,5,1,0,0,0,0,1,0,0,0,0,0
59260,attack,off_target,3,S0,0,23,3,1,0,0,0,0,1,0,0,0,0,0
59265,attack,missed,0,S5,5,23,6,1,0,0,0,1,0,0,0,0,0,0
59274,attack,clean_target_effective,2,S5,5,22,0,1,1,0,1,0,0,0,0,0,1,2
59275,attack,missed,0,S0,0,22,5,1,0,0,0,1,0,0,0,0,0,0
59278,attack,clean_target_effective,2,S0,0,22,1,1,1,0,1,0,0,0,0,0,1,2
59285,attack,off_target,3,S0,0,23,2,1,0,0,0,0,1,0,0,0,0,0
59286,attack,clean_target_ineffective,1,S0,0,23,2,1,1,1,0,0,0,0,0,1,0,1
59290,attack,clean_target_effective,2,S0,0,22,3,1,1,0,1,0,0,0,0,0,1,2
59293,attack,missed,0,S5,5,22,0,1,0,0,0,1,0,0,0,0,0,0
59296,attack,missed,0,S0,0,23,1,1,0,0,0,1,0,0,0,0,0,0
59297,attack,invalid_reset,5,S5,5,23,3,0,0,0,0,0,0,0,1,0,0,0
59302,attack,clean_target_effective,2,S0,0,23,6,1,1,0,1,0,0,0,0,0,1,2
59304,attack,missed,0,S0,0,23,2,1,0,0,0,1,0,0,0,0,0,0
59308,attack,clean_target_effective,2,S0,0,22,2,1,1,0,1,0,0,0,0,0,1,2
59312,attack,off_target,3,S0,0,22,2,1,0,0,0,0,1,0,0,0,0,0
59318,attack,clean_target_effective,2,S5,5,23,2,1,1,0,1,0,0,0,0,0,1,2
59319,attack,off_target,3,S5,5,23,6,1,0,0,0,0,1,0,0,0,0,0
59327,attack,missed,0,S5,5,23,5,1,0,0,0,1,0,0,0,0,0,0
59328,attack,invalid_reset,5,S0,0,22,4,0,0,0,0,0,0,0,1,0,0,0
59330,attack,invalid_reset,5,S5,5,23,4,0,0,0,0,0,0,0,1,0,0,0
59334,attack,clean_target_ineffective,1,S5,5,22,3,1,1,1,0,0,0,0,0,1,0,1
59335,attack,clean_target_ineffective,1,S5,5,23,1,1,1,1,0,0,0,0,0,1,0,1
59341,attack,invalid_reset,5,S5,5,23,5,0,0,0,0,0,0,0,1,0,0,0
59345,attack,clean_target_effective,2,S0,0,23,5,1,1,0,1,0,0,0,0,0,1,2
59346,attack,clean_target_ineffective,1,S0,0,23,6,1,1,1,0,0,0,0,0,1,0,1
59352,attack,clean_target_ineffective,1,S0,0,22,3,1,1,1,0,0,0,0,0,1,0,1
59354,attack,missed,0,S0,0,22,0,1,0,0,0,1,0,0,0,0,0,0
59355,attack,missed,0,S5,5,23,2,1,0,0,0,1,0,0,0,0,0,0
59359,attack,off_target,3,S0,0,23,2,1,0,0,0,0,1,0,0,0,0,0
59368,attack,invalid_reset,5,S5,5,22,6,0,0,0,0,0,0,0,1,0,0,0
59371,attack,multi_hit,4,S5,5,22,0,1,0,0,0,0,0,1,0,0,0,0
59372,attack,clean_target_ineffective,1,S0,0,22,7,1,1,1,0,0,0,0,0,1,0,1
59379,attack,off_target,3,S5,5,22,6,1,0,0,0,0,1,0,0,0,0,0
59390,attack,multi_hit,4,S5,5,22,2,1,0,0,0,0,0,1,0,0,0,0
59403,attack,clean_target_effective,2,S5,5,22,0,1,1,0,1,0,0,0,0,0,1,2
59408,attack,multi_hit,4,S5,5,23,2,1,0,0,0,0,0,1,0,0,0,0
59409,attack,clean_target_effective,2,S5,5,22,4,1,1,0,1,0,0,0,0,0,1,2
59412,attack,off_target,3,S5,5,23,4,1,0,0,0,0,1,0,0,0,0,0
59413,attack,clean_target_ineffective,1,S5,5,23,6,1,1,1,0,0,0,0,0,1,0,1
59414,attack,clean_target_effective,2,S0,0,23,5,1,1,0,1,0,0,0,0,0,1,2
59417,attack,clean_target_ineffective,1,S0,0,23,6,1,1,1,0,0,0,0,0,1,0,1
59418,attack,off_target,3,S0,0,22,6,1,0,0,0,0,1,0,0,0,0,0
59420,attack,clean_target_effective,2,S0,0,23,7,1,1,0,1,0,0,0,0,0,1,2
59428,attack,off_target,3,S5,5,23,2,1,0,0,0,0,1,0,0,0,0,0
59433,attack,invalid_reset,5,S0,0,22,0,0,0,0,0,0,0,0,1,0,0,0
59439,attack,off_target,3,S0,0,23,7,1,0,0,0,0,1,0,0,0,0,0
59442,attack,invalid_reset,5,S0,0,22,0,0,0,0,0,0,0,0,1,0,0,0
59443,attack,missed,0,S5,5,22,0,1,0,0,0,1,0,0,0,0,0,0
59448,attack,clean_target_effective,2,S0,0,22,4,1,1,0,1,0,0,0,0,0,1,2
59450,attack,missed,0,S5,5,22,2,1,0,0,0,1,0,0,0,0,0,0
59458,attack,multi_hit,4,S5,5,23,7,1,0,0,0,0,0,1,0,0,0,0
59461,attack,missed,0,S5,5,23,6,1,0,0,0,1,0,0,0,0,0,0
59475,attack,off_target,3,S5,5,23,3,1,0,0,0,0,1,0,0,0,0,0
59476,attack,clean_target_effective,2,S5,5,22,0,1,1,0,1,0,0,0,0,0,1,2
59478,attack,clean_target_ineffective,1,S0,0,22,5,1,1,1,0,0,0,0,0,1,0,1
59479,attack,missed,0,S0,0,22,6,1,0,0,0,1,0,0,0,0,0,0
59483,attack,clean_target_effective,2,S0,0,22,5,1,1,0,1,0,0,0,0,0,1,2
59485,attack,missed,0,S5,5,23,6,1,0,0,0,1,0,0,0,0,0,0
59486,attack,clean_target_effective,2,S0,0,23,0,1,1,0,1,0,0,0,0,0,1,2
59488,attack,missed,0,S5,5,22,0,1,0,0,0,1,0,0,0,0,0,0
59489,attack,multi_hit,4,S5,5,22,7,1,0,0,0,0,0,1,0,0,0,0
59491,attack,clean_target_effective,2,S0,0,23,7,1,1,0,1,0,0,0,0,0,1,2
59493,attack,missed,0,S5,5,22,7,1,0,0,0,1,0,0,0,0,0,0
59494,attack,clean_target_ineffective,1,S0,0,22,3,1,1,1,0,0,0,0,0,1,0,1
59498,attack,multi_hit,4,S0,0,22,6,1,0,0,0,0,0,1,0,0,0,0
59499,attack,missed,0,S5,5,23,7,1,0,0,0,1,0,0,0,0,0,0
59501,attack,clean_target_effective,2,S0,0,23,2,1,1,0,1,0,0,0,0,0,1,2
59502,attack,clean_target_effective,2,S0,0,23,3,1,1,0,1,0,0,0,0,0,1,2
59505,attack,off_target,3,S5,5,23,6,1,0,0,0,0,1,0,0,0,0,0
59510,attack,clean_target_ineffective,1,S5,5,22,3,1,1,1,0,0,0,0,0,1,0,1
59511,attack,multi_hit,4,S5,5,22,3,1,0,0,0,0,0,1,0,0,0,0
59513,attack,off_target,3,S5,5,23,2,1,0,0,0,0,1,0,0,0,0,0
59519,attack,clean_target_effective,2,S5,5,23,3,1,1,0,1,0,0,0,0,0,1,2
59520,attack,missed,0,S5,5,23,0,1,0,0,0,1,0,0,0,0,0,0
59525,attack,multi_hit,4,S0,0,22,6,1,0,0,0,0,0,1,0,0,0,0
59526,attack,off_target,3,S5,5,22,0,1,0,0,0,0,1,0,0,0,0,0
59533,attack,missed,0,S5,5,23,1,1,0,0,0,1,0,0,0,0,0,0
59535,attack,clean_target_effective,2,S5,5,22,4,1,1,0,1,0,0,0,0,0,1,2
59537,attack,missed,0,S0,0,22,7,1,0,0,0,1,0,0,0,0,0,0
59539,attack,missed,0,S0,0,22,4,1,0,0,0,1,0,0,0,0,0,0
59540,attack,clean_target_effective,2,S0,0,23,7,1,1,0,1,0,0,0,0,0,1,2
59558,attack,clean_target_effective,2,S0,0,22,3,1,1,0,1,0,0,0,0,0,1,2
59569,attack,clean_target_effective,2,S0,0,23,4,1,1,0,1,0,0,0,0,0,1,2
59570,attack,clean_target_effective,2,S0,0,22,1,1,1,0,1,0,0,0,0,0,1,2
59574,attack,invalid_reset,5,S5,5,22,3,0,0,0,0,0,0,0,1,0,0,0
59578,attack,off_target,3,S5,5,23,2,1,0,0,0,0,1,0,0,0,0,0
59579,attack,missed,0,S0,0,22,2,1,0,0,0,1,0,0,0,0,0,0
59581,attack,missed,0,S0,0,22,1,1,0,0,0,1,0,0,0,0,0,0
59586,attack,missed,0,S0,0,23,1,1,0,0,0,1,0,0,0,0,0,0
59590,attack,clean_target_effective,2,S5,5,23,4,1,1,0,1,0,0,0,0,0,1,2
59591,attack,multi_hit,4,S5,5,23,3,1,0,0,0,0,0,1,0,0,0,0
59593,attack,invalid_reset,5,S5,5,22,2,0,0,0,0,0,0,0,1,0,0,0
59596,attack,clean_target_ineffective,1,S5,5,23,5,1,1,1,0,0,0,0,0,1,0,1
59597,attack,clean_target_effective,2,S5,5,23,2,1,1,0,1,0,0,0,0,0,1,2
59599,attack,off_target,3,S5,5,23,0,1,0,0,0,0,1,0,0,0,0,0
59604,attack,missed,0,S5,5,22,0,1,0,0,0,1,0,0,0,0,0,0
59612,attack,multi_hit,4,S0,0,22,5,1,0,0,0,0,0,1,0,0,0,0
59613,attack,missed,0,S0,0,22,1,1,0,0,0,1,0,0,0,0,0,0
59615,attack,clean_target_effective,2,S5,5,22,2,1,1,0,1,0,0,0,0,0,1,2
59628,attack,clean_target_ineffective,1,S5,5,23,1,1,1,1,0,0,0,0,0,1,0,1
59631,attack,off_target,3,S5,5,22,6,1,0,0,0,0,1,0,0,0,0,0
59634,attack,clean_target_effective,2,S0,0,22,0,1,1,0,1,0,0,0,0,0,1,2
59635,attack,clean_target_effective,2,S5,5,23,7,1,1,0,1,0,0,0,0,0,1,2
59638,attack,missed,0,S5,5,23,7,1,0,0,0,1,0,0,0,0,0,0
59643,attack,clean_target_ineffective,1,S0,0,23,6,1,1,1,0,0,0,0,0,1,0,1
59645,attack,clean_target_effective,2,S0,0,22,6,1,1,0,1,0,0,0,0,0,1,2
59646,attack,clean_target_effective,2,S0,0,23,0,1,1,0,1,0,0,0,0,0,1,2
59651,attack,clean_target_effective,2,S5,5,22,1,1,1,0,1,0,0,0,0,0,1,2
59653,attack,missed,0,S0,0,22,1,1,0,0,0,1,0,0,0,0,0,0
59654,attack,missed,0,S5,5,22,0,1,0,0,0,1,0,0,0,0,0,0
59655,attack,multi_hit,4,S5,5,23,1,1,0,0,0,0,0,1,0,0,0,0
59661,attack,missed,0,S5,5,22,7,1,0,0,0,1,0,0,0,0,0,0
59665,attack,clean_target_effective,2,S0,0,23,7,1,1,0,1,0,0,0,0,0,1,2
59667,attack,multi_hit,4,S5,5,22,5,1,0,0,0,0,0,1,0,0,0,0
59668,attack,clean_target_effective,2,S0,0,23,2,1,1,0,1,0,0,0,0,0,1,2
59680,attack,clean_target_effective,2,S5,5,23,3,1,1,0,1,0,0,0,0,0,1,2
59686,attack,clean_target_effective,2,S0,0,22,7,1,1,0,1,0,0,0,0,0,1,2
59687,attack,multi_hit,4,S5,5,22,7,1,0,0,0,0,0,1,0,0,0,0
59688,attack,missed,0,S0,0,22,5,1,0,0,0,1,0,0,0,0,0,0
59689,attack,missed,0,S0,0,23,0,1,0,0,0,1,0,0,0,0,0,0
59690,attack,missed,0,S0,0,23,6,1,0,0,0,1,0,0,0,0,0,0
59691,attack,clean_target_effective,2,S0,0,22,4,1,1,0,1,0,0,0,0,0,1,2
59694,attack,off_target,3,S0,0,22,5,1,0,0,0,0,1,0,0,0,0,0
59710,attack,missed,0,S0,0,22,1,1,0,0,0,1,0,0,0,0,0,0
59712,attack,clean_target_ineffective,1,S5,5,23,3,1,1,1,0,0,0,0,0,1,0,1
59713,attack,missed,0,S5,5,23,0,1,0,0,0,1,0,0,0,0,0,0
59721,attack,missed,0,S0,0,22,6,1,0,0,0,1,0,0,0,0,0,0
59730,attack,off_target,3,S0,0,22,1,1,0,0,0,0,1,0,0,0,0,0
59735,attack,clean_target_effective,2,S5,5,22,7,1,1,0,1,0,0,0,0,0,1,2
59738,attack,clean_target_effective,2,S5,5,22,6,1,1,0,1,0,0,0,0,0,1,2
59739,attack,missed,0,S5,5,23,5,1,0,0,0,1,0,0,0,0,0,0
59741,attack,multi_hit,4,S5,5,22,3,1,0,0,0,0,0,1,0,0,0,0
59742,attack,clean_target_effective,2,S5,5,23,6,1,1,0,1,0,0,0,0,0,1,2
59743,attack,clean_target_effective,2,S5,5,22,5,1,1,0,1,0,0,0,0,0,1,2
59744,attack,missed,0,S0,0,23,1,1,0,0,0,1,0,0,0,0,0,0
59747,attack,off_target,3,S5,5,23,6,1,0,0,0,0,1,0,0,0,0,0
59749,attack,off_target,3,S5,5,22,1,1,0,0,0,0,1,0,0,0,0,0
59756,attack,multi_hit,4,S0,0,23,4,1,0,0,0,0,0,1,0,0,0,0
59761,attack,clean_target_ineffective,1,S0,0,22,4,1,1,1,0,0,0,0,0,1,0,1
59767,attack,missed,0,S0,0,22,5,1,0,0,0,1,0,0,0,0,0,0
59773,attack,missed,0,S0,0,23,6,1,0,0,0,1,0,0,0,0,0,0
59775,attack,multi_hit,4,S0,0,23,3,1,0,0,0,0,0,1,0,0,0,0
59784,attack,clean_target_ineffective,1,S5,5,23,3,1,1,1,0,0,0,0,0,1,0,1
59785,attack,off_target,3,S5,5,23,7,1,0,0,0,0,1,0,0,0,0,0
59790,attack,clean_target_ineffective,1,S5,5,22,2,1,1,1,0,0,0,0,0,1,0,1
59793,attack,multi_hit,4,S5,5,23,3,1,0,0,0,0,0,1,0,0,0,0
59796,attack,clean_target_effective,2,S0,0,23,5,1,1,0,1,0,0,0,0,0,1,2
59801,attack,off_target,3,S5,5,22,4,1,0,0,0,0,1,0,0,0,0,0
59803,attack,clean_target_effective,2,S5,5,22,4,1,1,0,1,0,0,0,0,0,1,2
59805,attack,off_target,3,S5,5,23,7,1,0,0,0,0,1,0,0,0,0,0
59808,attack,off_target,3,S5,5,22,0,1,0,0,0,0,1,0,0,0,0,0
59816,attack,missed,0,S0,0,22,5,1,0,0,0,1,0,0,0,0,0,0
59819,attack,invalid_reset,5,S5,5,22,3,0,0,0,0,0,0,0,1,0,0,0
59825,attack,missed,0,S5,5,23,5,1,0,0,0,1,0,0,0,0,0,0
59832,attack,missed,0,S0,0,23,1,1,0,0,0,1,0,0,0,0,0,0
59837,attack,missed,0,S0,0,23,4,1,0,0,0,1,0,0,0,0,0,0
59854,attack,missed,0,S5,5,22,7,1,0,0,0,1,0,0,0,0,0,0
59859,attack,clean_target_ineffective,1,S0,0,22,5,1,1,1,0,0,0,0,0,1,0,1
59861,attack,clean_target_effective,2,S5,5,22,1,1,1,0,1,0,0,0,0,0,1,2
59866,attack,clean_target_effective,2,S0,0,23,6,1,1,0,1,0,0,0,0,0,1,2
59873,attack,missed,0,S0,0,23,2,1,0,0,0,1,0,0,0,0,0,0
59876,attack,multi_hit,4,S0,0,23,3,1,0,0,0,0,0,1,0,0,0,0
59879,attack,missed,0,S5,5,22,3,1,0,0,0,1,0,0,0,0,0,0
59883,attack,missed,0,S0,0,23,3,1,0,0,0,1,0,0,0,0,0,0
59902,attack,off_target,3,S5,5,23,3,1,0,0,0,0,1,0,0,0,0,0
59904,attack,missed,0,S0,0,22,1,1,0,0,0,1,0,0,0,0,0,0
59905,attack,clean_target_ineffective,1,S0,0,22,7,1,1,1,0,0,0,0,0,1,0,1
59909,attack,missed,0,S5,5,23,0,1,0,0,0,1,0,0,0,0,0,0
59910,attack,invalid_reset,5,S5,5,22,7,0,0,0,0,0,0,0,1,0,0,0
59912,attack,multi_hit,4,S5,5,23,3,1,0,0,0,0,0,1,0,0,0,0
59916,attack,clean_target_effective,2,S5,5,22,1,1,1,0,1,0,0,0,0,0,1,2
59919,attack,missed,0,S5,5,22,4,1,0,0,0,1,0,0,0,0,0,0
59926,attack,off_target,3,S5,5,22,1,1,0,0,0,0,1,0,0,0,0,0
59928,attack,missed,0,S0,0,22,2,1,0,0,0,1,0,0,0,0,0,0
59929,attack,missed,0,S5,5,23,3,1,0,0,0,1,0,0,0,0,0,0
59943,attack,multi_hit,4,S5,5,23,5,1,0,0,0,0,0,1,0,0,0,0
59947,attack,missed,0,S5,5,22,6,1,0,0,0,1,0,0,0,0,0,0
59948,attack,clean_target_effective,2,S0,0,23,0,1,1,0,1,0,0,0,0,0,1,2
59951,attack,missed,0,S0,0,23,0,1,0,0,0,1,0,0,0,0,0,0
59959,attack,invalid_reset,5,S0,0,22,0,0,0,0,0,0,0,0,1,0,0,0
59961,attack,clean_target_effective,2,S5,5,22,0,1,1,0,1,0,0,0,0,0,1,2
59963,attack,clean_target_ineffective,1,S5,5,23,1,1,1,1,0,0,0,0,0,1,0,1
59980,attack,invalid_reset,5,S0,0,23,7,0,0,0,0,0,0,0,1,0,0,0
59984,attack,missed,0,S5,5,22,0,1,0,0,0,1,0,0,0,0,0,0
59991,attack,clean_target_effective,2,S5,5,23,5,1,1,0,1,0,0,0,0,0,1,2
59992,attack,clean_target_ineffective,1,S5,5,22,7,1,1,1,0,0,0,0,0,1,0,1
59993,attack,off_target,3,S0,0,22,4,1,0,0,0,0,1,0,0,0,0,0
59999,attack,off_target,3,S5,5,23,1,1,0,0,0,0,1,0,0,0,0,0
60000,attack,clean_target_ineffective,1,S5,5,22,0,1,1,1,0,0,0,0,0,1,0,1
60011,attack,clean_target_effective,2,S5,5,23,0,1,1,0,1,0,0,0,0,0,1,2
60016,attack,missed,0,S0,0,23,6,1,0,0,0,1,0,0,0,0,0,0
60021,attack,missed,0,S0,0,23,7,1,0,0,0,1,0,0,0,0,0,0
60028,attack,clean_target_effective,2,S0,0,22,1,1,1,0,1,0,0,0,0,0,1,2
60030,attack,clean_target_effective,2,S5,5,23,2,1,1,0,1,0,0,0,0,0,1,2
60032,attack,clean_target_ineffective,1,S5,5,22,1,1,1,1,0,0,0,0,0,1,0,1
60038,attack,off_target,3,S5,5,22,4,1,0,0,0,0,1,0,0,0,0,0
60042,attack,off_target,3,S5,5,23,5,1,0,0,0,0,1,0,0,0,0,0
60043,attack,clean_target_effective,2,S0,0,23,0,1,1,0,1,0,0,0,0,0,1,2
60044,attack,missed,0,S0,0,22,4,1,0,0,0,1,0,0,0,0,0,0
60045,attack,clean_target_effective,2,S0,0,23,4,1,1,0,1,0,0,0,0,0,1,2
60047,attack,clean_target_effective,2,S0,0,23,2,1,1,0,1,0,0,0,0,0,1,2
60051,attack,missed,0,S0,0,22,6,1,0,0,0,1,0,0,0,0,0,0
60056,attack,invalid_reset,5,S0,0,23,6,0,0,0,0,0,0,0,1,0,0,0
60060,attack,missed,0,S5,5,22,1,1,0,0,0,1,0,0,0,0,0,0
60061,attack,clean_target_ineffective,1,S5,5,22,7,1,1,1,0,0,0,0,0,1,0,1
60062,attack,missed,0,S5,5,22,5,1,0,0,0,1,0,0,0,0,0,0
60063,attack,multi_hit,4,S0,0,23,4,1,0,0,0,0,0,1,0,0,0,0
60064,attack,clean_target_ineffective,1,S5,5,23,6,1,1,1,0,0,0,0,0,1,0,1
60065,attack,off_target,3,S0,0,23,6,1,0,0,0,0,1,0,0,0,0,0
60068,attack,missed,0,S5,5,23,7,1,0,0,0,1,0,0,0,0,0,0
60070,attack,missed,0,S0,0,23,0,1,0,0,0,1,0,0,0,0,0,0
60074,attack,off_target,3,S5,5,23,7,1,0,0,0,0,1,0,0,0,0,0
60083,attack,off_target,3,S0,0,22,0,1,0,0,0,0,1,0,0,0,0,0
60085,attack,clean_target_effective,2,S5,5,22,7,1,1,0,1,0,0,0,0,0,1,2
60091,attack,off_target,3,S0,0,23,7,1,0,0,0,0,1,0,0,0,0,0
60096,attack,multi_hit,4,S5,5,22,1,1,0,0,0,0,0,1,0,0,0,0
60104,attack,missed,0,S0,0,23,0,1,0,0,0,1,0,0,0,0,0,0
60106,attack,clean_target_ineffective,1,S0,0,23,5,1,1,1,0,0,0,0,0,1,0,1
60110,attack,clean_target_effective,2,S5,5,22,0,1,1,0,1,0,0,0,0,0,1,2
60111,attack,multi_hit,4,S5,5,22,6,1,0,0,0,0,0,1,0,0,0,0
60113,attack,multi_hit,4,S5,5,23,5,1,0,0,0,0,0,1,0,0,0,0
60115,attack,off_target,3,S0,0,23,4,1,0,0,0,0,1,0,0,0,0,0
60117,attack,off_target,3,S0,0,22,6,1,0,0,0,0,1,0,0,0,0,0
60118,attack,clean_target_effective,2,S0,0,22,5,1,1,0,1,0,0,0,0,0,1,2
60122,attack,clean_target_effective,2,S0,0,22,6,1,1,0,1,0,0,0,0,0,1,2
60123,attack,clean_target_effective,2,S5,5,22,3,1,1,0,1,0,0,0,0,0,1,2
60126,attack,off_target,3,S0,0,23,6,1,0,0,0,0,1,0,0,0,0,0
60134,attack,off_target,3,S5,5,23,4,1,0,0,0,0,1,0,0,0,0,0
60138,attack,off_target,3,S5,5,23,1,1,0,0,0,0,1,0,0,0,0,0
60139,attack,missed,0,S0,0,23,3,1,0,0,0,1,0,0,0,0,0,0
60141,attack,multi_hit,4,S0,0,23,3,1,0,0,0,0,0,1,0,0,0,0
60146,attack,clean_target_ineffective,1,S0,0,23,5,1,1,1,0,0,0,0,0,1,0,1
60147,attack,missed,0,S5,5,22,6,1,0,0,0,1,0,0,0,0,0,0
60148,attack,clean_target_ineffective,1,S5,5,23,5,1,1,1,0,0,0,0,0,1,0,1
60149,attack,multi_hit,4,S0,0,23,0,1,0,0,0,0,0,1,0,0,0,0
60151,attack,clean_target_effective,2,S0,0,22,5,1,1,0,1,0,0,0,0,0,1,2
60152,attack,invalid_reset,5,S0,0,23,7,0,0,0,0,0,0,0,1,0,0,0
60154,attack,multi_hit,4,S0,0,23,1,1,0,0,0,0,0,1,0,0,0,0
60157,attack,off_target,3,S0,0,23,5,1,0,0,0,0,1,0,0,0,0,0
60159,attack,clean_target_effective,2,S0,0,23,1,1,1,0,1,0,0,0,0,0,1,2
60166,attack,clean_target_ineffective,1,S5,5,23,3,1,1,1,0,0,0,0,0,1,0,1
60169,attack,multi_hit,4,S5,5,23,1,1,0,0,0,0,0,1,0,0,0,0
60172,attack,clean_target_effective,2,S0,0,23,0,1,1,0,1,0,0,0,0,0,1,2
60178,attack,clean_target_effective,2,S0,0,23,0,1,1,0,1,0,0,0,0,0,1,2
60181,attack,clean_target_effective,2,S0,0,23,3,1,1,0,1,0,0,0,0,0,1,2
60183,attack,missed,0,S5,5,23,0,1,0,0,0,1,0,0,0,0,0,0
60186,attack,off_target,3,S0,0,22,1,1,0,0,0,0,1,0,0,0,0,0
60190,attack,invalid_reset,5,S5,5,22,7,0,0,0,0,0,0,0,1,0,0,0
60193,attack,clean_target_effective,2,S5,5,23,7,1,1,0,1,0,0,0,0,0,1,2
60207,attack,invalid_reset,5,S0,0,22,4,0,0,0,0,0,0,0,1,0,0,0
60211,attack,clean_target_effective,2,S5,5,22,3,1,1,0,1,0,0,0,0,0,1,2
60223,attack,clean_target_effective,2,S5,5,22,7,1,1,0,1,0,0,0,0,0,1,2
60230,attack,invalid_reset,5,S0,0,23,6,0,0,0,0,0,0,0,1,0,0,0
60234,attack,clean_target_effective,2,S5,5,22,1,1,1,0,1,0,0,0,0,0,1,2
60239,attack,clean_target_effective,2,S0,0,22,3,1,1,0,1,0,0,0,0,0,1,2
60240,attack,off_target,3,S0,0,23,7,1,0,0,0,0,1,0,0,0,0,0
60242,attack,clean_target_effective,2,S5,5,22,4,1,1,0,1,0,0,0,0,0,1,2
60246,attack,clean_target_effective,2,S0,0,23,2,1,1,0,1,0,0,0,0,0,1,2
60248,attack,clean_target_effective,2,S0,0,22,2,1,1,0,1,0,0,0,0,0,1,2
60251,attack,multi_hit,4,S5,5,22,2,1,0,0,0,0,0,1,0,0,0,0
60258,attack,clean_target_effective,2,S5,5,22,5,1,1,0,1,0,0,0,0,0,1,2
60259,attack,missed,0,S0,0,22,2,1,0,0,0,1,0,0,0,0,0,0
60260,attack,missed,0,S5,5,23,5,1,0,0,0,1,0,0,0,0,0,0
60267,attack,off_target,3,S0,0,22,6,1,0,0,0,0,1,0,0,0,0,0
60270,attack,clean_target_effective,2,S5,5,22,0,1,1,0,1,0,0,0,0,0,1,2
60273,attack,clean_target_effective,2,S5,5,23,0,1,1,0,1,0,0,0,0,0,1,2
60274,attack,clean_target_effective,2,S5,5,22,2,1,1,0,1,0,0,0,0,0,1,2
60278,attack,missed,0,S5,5,23,6,1,0,0,0,1,0,0,0,0,0,0
60280,attack,clean_target_effective,2,S0,0,22,4,1,1,0,1,0,0,0,0,0,1,2
60284,attack,invalid_reset,5,S5,5,23,3,0,0,0,0,0,0,0,1,0,0,0
60287,attack,clean_target_ineffective,1,S0,0,22,6,1,1,1,0,0,0,0,0,1,0,1
60295,attack,clean_target_effective,2,S5,5,22,7,1,1,0,1,0,0,0,0,0,1,2
60296,attack,clean_target_ineffective,1,S0,0,23,3,1,1,1,0,0,0,0,0,1,0,1
60297,attack,clean_target_effective,2,S5,5,23,3,1,1,0,1,0,0,0,0,0,1,2
60298,attack,clean_target_ineffective,1,S0,0,22,0,1,1,1,0,0,0,0,0,1,0,1
60301,attack,missed,0,S0,0,23,4,1,0,0,0,1,0,0,0,0,0,0
60303,attack,clean_target_ineffective,1,S0,0,23,1,1,1,1,0,0,0,0,0,1,0,1
60308,attack,clean_target_effective,2,S5,5,22,4,1,1,0,1,0,0,0,0,0,1,2
60309,attack,clean_target_ineffective,1,S5,5,23,0,1,1,1,0,0,0,0,0,1,0,1
60315,attack,clean_target_effective,2,S0,0,23,7,1,1,0,1,0,0,0,0,0,1,2
60318,attack,clean_target_effective,2,S5,5,22,1,1,1,0,1,0,0,0,0,0,1,2
60320,attack,missed,0,S5,5,23,5,1,0,0,0,1,0,0,0,0,0,0
60323,attack,clean_target_ineffective,1,S5,5,22,0,1,1,1,0,0,0,0,0,1,0,1
60327,attack,clean_target_effective,2,S0,0,23,7,1,1,0,1,0,0,0,0,0,1,2
60329,attack,multi_hit,4,S0,0,23,7,1,0,0,0,0,0,1,0,0,0,0
60335,attack,invalid_reset,5,S5,5,22,2,0,0,0,0,0,0,0,1,0,0,0
60336,attack,invalid_reset,5,S5,5,23,6,0,0,0,0,0,0,0,1,0,0,0
60338,attack,clean_target_effective,2,S5,5,23,4,1,1,0,1,0,0,0,0,0,1,2
60342,attack,missed,0,S5,5,23,7,1,0,0,0,1,0,0,0,0,0,0
60344,attack,clean_target_ineffective,1,S0,0,23,5,1,1,1,0,0,0,0,0,1,0,1
60349,attack,missed,0,S5,5,23,0,1,0,0,0,1,0,0,0,0,0,0
60352,attack,clean_target_effective,2,S0,0,23,2,1,1,0,1,0,0,0,0,0,1,2
60361,attack,clean_target_ineffective,1,S0,0,23,6,1,1,1,0,0,0,0,0,1,0,1
60362,attack,missed,0,S0,0,23,1,1,0,0,0,1,0,0,0,0,0,0
60363,attack,missed,0,S5,5,22,4,1,0,0,0,1,0,0,0,0,0,0
60366,attack,multi_hit,4,S5,5,22,0,1,0,0,0,0,0,1,0,0,0,0
60368,attack,missed,0,S0,0,22,0,1,0,0,0,1,0,0,0,0,0,0
60375,attack,clean_target_ineffective,1,S0,0,22,0,1,1,1,0,0,0,0,0,1,0,1
60376,attack,clean_target_effective,2,S5,5,22,3,1,1,0,1,0,0,0,0,0,1,2
60377,attack,clean_target_effective,2,S0,0,22,1,1,1,0,1,0,0,0,0,0,1,2
60383,attack,clean_target_effective,2,S5,5,22,5,1,1,0,1,0,0,0,0,0,1,2
60385,attack,multi_hit,4,S0,0,23,3,1,0,0,0,0,0,1,0,0,0,0
60386,attack,clean_target_ineffective,1,S0,0,23,1,1,1,1,0,0,0,0,0,1,0,1
60393,attack,clean_target_effective,2,S5,5,22,4,1,1,0,1,0,0,0,0,0,1,2
60403,attack,clean_target_effective,2,S5,5,23,1,1,1,0,1,0,0,0,0,0,1,2
60405,attack,missed,0,S0,0,22,7,1,0,0,0,1,0,0,0,0,0,0
60415,attack,clean_target_ineffective,1,S5,5,23,4,1,1,1,0,0,0,0,0,1,0,1
60417,attack,multi_hit,4,S5,5,23,4,1,0,0,0,0,0,1,0,0,0,0
60418,attack,off_target,3,S5,5,22,1,1,0,0,0,0,1,0,0,0,0,0
60419,attack,missed,0,S0,0,22,0,1,0,0,0,1,0,0,0,0,0,0
60420,attack,multi_hit,4,S5,5,23,0,1,0,0,0,0,0,1,0,0,0,0
60424,attack,missed,0,S0,0,22,3,1,0,0,0,1,0,0,0,0,0,0
60432,attack,off_target,3,S0,0,22,5,1,0,0,0,0,1,0,0,0,0,0
60433,attack,missed,0,S0,0,23,7,1,0,0,0,1,0,0,0,0,0,0
60435,attack,off_target,3,S5,5,23,2,1,0,0,0,0,1,0,0,0,0,0
60436,attack,missed,0,S0,0,23,7,1,0,0,0,1,0,0,0,0,0,0
60442,attack,missed,0,S5,5,23,1,1,0,0,0,1,0,0,0,0,0,0
60443,attack,clean_target_ineffective,1,S5,5,22,7,1,1,1,0,0,0,0,0,1,0,1
60448,attack,invalid_reset,5,S0,0,22,1,0,0,0,0,0,0,0,1,0,0,0
60455,attack,missed,0,S5,5,23,2,1,0,0,0,1,0,0,0,0,0,0
60456,attack,clean_target_effective,2,S0,0,22,2,1,1,0,1,0,0,0,0,0,1,2
60461,attack,clean_target_ineffective,1,S0,0,22,5,1,1,1,0,0,0,0,0,1,0,1
60462,attack,missed,0,S5,5,23,5,1,0,0,0,1,0,0,0,0,0,0
60469,attack,off_target,3,S5,5,23,2,1,0,0,0,0,1,0,0,0,0,0
60472,attack,invalid_reset,5,S0,0,22,7,0,0,0,0,0,0,0,1,0,0,0
60475,attack,missed,0,S5,5,22,4,1,0,0,0,1,0,0,0,0,0,0
60476,attack,missed,0,S0,0,23,0,1,0,0,0,1,0,0,0,0,0,0
60487,attack,multi_hit,4,S0,0,22,6,1,0,0,0,0,0,1,0,0,0,0
60489,attack,clean_target_effective,2,S5,5,23,0,1,1,0,1,0,0,0,0,0,1,2
60504,attack,missed,0,S5,5,22,5,1,0,0,0,1,0,0,0,0,0,0
60508,attack,clean_target_effective,2,S5,5,22,2,1,1,0,1,0,0,0,0,0,1,2
60515,attack,off_target,3,S0,0,23,4,1,0,0,0,0,1,0,0,0,0,0
60517,attack,missed,0,S5,5,22,3,1,0,0,0,1,0,0,0,0,0,0
60520,attack,off_target,3,S0,0,23,7,1,0,0,0,0,1,0,0,0,0,0
60521,attack,off_target,3,S0,0,23,3,1,0,0,0,0,1,0,0,0,0,0
60522,attack,clean_target_effective,2,S0,0,22,4,1,1,0,1,0,0,0,0,0,1,2
60527,attack,clean_target_effective,2,S0,0,23,5,1,1,0,1,0,0,0,0,0,1,2
60533,attack,missed,0,S0,0,23,2,1,0,0,0,1,0,0,0,0,0,0
60541,attack,clean_target_effective,2,S0,0,22,0,1,1,0,1,0,0,0,0,0,1,2
60547,attack,clean_target_effective,2,S0,0,22,5,1,1,0,1,0,0,0,0,0,1,2
60549,attack,clean_target_effective,2,S0,0,23,5,1,1,0,1,0,0,0,0,0,1,2
60554,attack,missed,0,S0,0,22,7,1,0,0,0,1,0,0,0,0,0,0
60560,attack,clean_target_effective,2,S5,5,23,2,1,1,0,1,0,0,0,0,0,1,2
60561,attack,missed,0,S0,0,23,7,1,0,0,0,1,0,0,0,0,0,0
60569,attack,off_target,3,S5,5,22,3,1,0,0,0,0,1,0,0,0,0,0
60573,attack,clean_target_effective,2,S5,5,22,4,1,1,0,1,0,0,0,0,0,1,2
60580,attack,off_target,3,S5,5,23,2,1,0,0,0,0,1,0,0,0,0,0
60581,attack,off_target,3,S5,5,22,1,1,0,0,0,0,1,0,0,0,0,0
60583,attack,clean_target_ineffective,1,S5,5,23,7,1,1,1,0,0,0,0,0,1,0,1
60594,attack,off_target,3,S5,5,22,2,1,0,0,0,0,1,0,0,0,0,0
60596,attack,clean_target_ineffective,1,S5,5,23,2,1,1,1,0,0,0,0,0,1,0,1
60601,attack,clean_target_effective,2,S5,5,22,1,1,1,0,1,0,0,0,0,0,1,2
60603,attack,missed,0,S0,0,23,0,1,0,0,0,1,0,0,0,0,0,0
60608,attack,multi_hit,4,S0,0,23,1,1,0,0,0,0,0,1,0,0,0,0
60611,attack,multi_hit,4,S0,0,22,3,1,0,0,0,0,0,1,0,0,0,0
60615,attack,clean_target_effective,2,S0,0,23,6,1,1,0,1,0,0,0,0,0,1,2
60617,attack,missed,0,S5,5,22,7,1,0,0,0,1,0,0,0,0,0,0
60623,attack,clean_target_ineffective,1,S0,0,23,1,1,1,1,0,0,0,0,0,1,0,1
60628,attack,missed,0,S5,5,22,2,1,0,0,0,1,0,0,0,0,0,0
60629,attack,multi_hit,4,S0,0,22,6,1,0,0,0,0,0,1,0,0,0,0
60631,attack,clean_target_effective,2,S0,0,22,6,1,1,0,1,0,0,0,0,0,1,2
60637,attack,off_target,3,S0,0,22,3,1,0,0,0,0,1,0,0,0,0,0
60639,attack,clean_target_ineffective,1,S5,5,23,6,1,1,1,0,0,0,0,0,1,0,1
60642,attack,missed,0,S0,0,22,2,1,0,0,0,1,0,0,0,0,0,0
60651,attack,clean_target_effective,2,S5,5,23,1,1,1,0,1,0,0,0,0,0,1,2
60654,attack,off_target,3,S0,0,23,2,1,0,0,0,0,1,0,0,0,0,0
60655,attack,clean_target_effective,2,S0,0,22,5,1,1,0,1,0,0,0,0,0,1,2
60662,attack,missed,0,S0,0,22,1,1,0,0,0,1,0,0,0,0,0,0
60675,attack,clean_target_effective,2,S5,5,22,5,1,1,0,1,0,0,0,0,0,1,2
60676,attack,off_target,3,S0,0,22,3,1,0,0,0,0,1,0,0,0,0,0
60677,attack,missed,0,S0,0,23,5,1,0,0,0,1,0,0,0,0,0,0
60678,attack,missed,0,S5,5,23,1,1,0,0,0,1,0,0,0,0,0,0
60679,attack,clean_target_effective,2,S0,0,22,5,1,1,0,1,0,0,0,0,0,1,2
60683,attack,clean_target_effective,2,S0,0,22,0,1,1,0,1,0,0,0,0,0,1,2
60684,attack,missed,0,S5,5,22,3,1,0,0,0,1,0,0,0,0,0,0
60687,attack,off_target,3,S0,0,22,0,1,0,0,0,0,1,0,0,0,0,0
60691,attack,missed,0,S5,5,23,2,1,0,0,0,1,0,0,0,0,0,0
60692,attack,missed,0,S0,0,23,1,1,0,0,0,1,0,0,0,0,0,0
60702,attack,off_target,3,S5,5,23,4,1,0,0,0,0,1,0,0,0,0,0
60711,attack,missed,0,S5,5,22,7,1,0,0,0,1,0,0,0,0,0,0
60714,attack,off_target,3,S5,5,23,4,1,0,0,0,0,1,0,0,0,0,0
60716,attack,missed,0,S5,5,23,2,1,0,0,0,1,0,0,0,0,0,0
60717,attack,clean_target_effective,2,S5,5,23,0,1,1,0,1,0,0,0,0,0,1,2
60718,attack,multi_hit,4,S5,5,22,3,1,0,0,0,0,0,1,0,0,0,0
60726,attack,clean_target_ineffective,1,S0,0,22,7,1,1,1,0,0,0,0,0,1,0,1
60729,attack,clean_target_effective,2,S5,5,22,3,1,1,0,1,0,0,0,0,0,1,2
60732,attack,missed,0,S5,5,23,2,1,0,0,0,1,0,0,0,0,0,0
60737,attack,missed,0,S5,5,23,4,1,0,0,0,1,0,0,0,0,0,0
60741,attack,clean_target_effective,2,S0,0,23,1,1,1,0,1,0,0,0,0,0,1,2
60744,attack,multi_hit,4,S5,5,23,7,1,0,0,0,0,0,1,0,0,0,0
60756,attack,clean_target_ineffective,1,S5,5,22,4,1,1,1,0,0,0,0,0,1,0,1
60757,attack,multi_hit,4,S5,5,23,3,1,0,0,0,0,0,1,0,0,0,0
60759,attack,clean_target_effective,2,S0,0,22,1,1,1,0,1,0,0,0,0,0,1,2
60765,attack,missed,0,S5,5,22,4,1,0,0,0,1,0,0,0,0,0,0
60766,attack,clean_target_effective,2,S5,5,22,2,1,1,0,1,0,0,0,0,0,1,2
60775,attack,missed,0,S5,5,23,7,1,0,0,0,1,0,0,0,0,0,0
60777,attack,off_target,3,S5,5,23,4,1,0,0,0,0,1,0,0,0,0,0
60782,attack,off_target,3,S5,5,22,5,1,0,0,0,0,1,0,0,0,0,0
60791,attack,clean_target_ineffective,1,S5,5,22,5,1,1,1,0,0,0,0,0,1,0,1
60801,attack,missed,0,S5,5,22,3,1,0,0,0,1,0,0,0,0,0,0
60807,attack,multi_hit,4,S5,5,23,7,1,0,0,0,0,0,1,0,0,0,0
60808,attack,clean_target_effective,2,S5,5,22,2,1,1,0,1,0,0,0,0,0,1,2
60811,attack,off_target,3,S5,5,22,3,1,0,0,0,0,1,0,0,0,0,0
60813,attack,missed,0,S0,0,23,4,1,0,0,0,1,0,0,0,0,0,0
60814,attack,off_target,3,S0,0,23,6,1,0,0,0,0,1,0,0,0,0,0
60818,attack,missed,0,S0,0,22,2,1,0,0,0,1,0,0,0,0,0,0
60822,attack,off_target,3,S0,0,22,7,1,0,0,0,0,1,0,0,0,0,0
60825,attack,multi_hit,4,S0,0,23,2,1,0,0,0,0,0,1,0,0,0,0
60829,attack,missed,0,S0,0,23,0,1,0,0,0,1,0,0,0,0,0,0
60831,attack,clean_target_ineffective,1,S5,5,22,2,1,1,1,0,0,0,0,0,1,0,1
60833,attack,multi_hit,4,S5,5,23,2,1,0,0,0,0,0,1,0,0,0,0
60841,attack,clean_target_ineffective,1,S0,0,23,3,1,1,1,0,0,0,0,0,1,0,1
60845,attack,missed,0,S0,0,22,5,1,0,0,0,1,0,0,0,0,0,0
60849,attack,multi_hit,4,S5,5,23,4,1,0,0,0,0,0,1,0,0,0,0
60850,attack,clean_target_effective,2,S0,0,23,0,1,1,0,1,0,0,0,0,0,1,2
60853,attack,clean_target_effective,2,S0,0,22,1,1,1,0,1,0,0,0,0,0,1,2
60855,attack,clean_target_effective,2,S5,5,22,5,1,1,0,1,0,0,0,0,0,1,2
60860,attack,missed,0,S0,0,22,2,1,0,0,0,1,0,0,0,0,0,0
60861,attack,off_target,3,S0,0,23,1,1,0,0,0,0,1,0,0,0,0,0
60868,attack,clean_target_ineffective,1,S0,0,23,1,1,1,1,0,0,0,0,0,1,0,1
60877,attack,missed,0,S5,5,22,5,1,0,0,0,1,0,0,0,0,0,0
60881,attack,missed,0,S0,0,23,4,1,0,0,0,1,0,0,0,0,0,0
60882,attack,invalid_reset,5,S5,5,22,2,0,0,0,0,0,0,0,1,0,0,0
60888,attack,missed,0,S0,0,23,0,1,0,0,0,1,0,0,0,0,0,0
60891,attack,missed,0,S5,5,22,3,1,0,0,0,1,0,0,0,0,0,0
60892,attack,clean_target_effective,2,S0,0,22,0,1,1,0,1,0,0,0,0,0,1,2
60898,attack,clean_target_effective,2,S0,0,23,3,1,1,0,1,0,0,0,0,0,1,2
60902,attack,invalid_reset,5,S0,0,22,1,0,0,0,0,0,0,0,1,0,0,0
60903,attack,missed,0,S0,0,22,7,1,0,0,0,1,0,0,0,0,0,0
60904,attack,clean_target_effective,2,S5,5,23,7,1,1,0,1,0,0,0,0,0,1,2
60905,attack,missed,0,S0,0,23,1,1,0,0,0,1,0,0,0,0,0,0
60908,attack,multi_hit,4,S5,5,22,4,1,0,0,0,0,0,1,0,0,0,0
60910,attack,clean_target_effective,2,S0,0,23,4,1,1,0,1,0,0,0,0,0,1,2
60913,attack,missed,0,S0,0,22,4,1,0,0,0,1,0,0,0,0,0,0
60914,attack,missed,0,S0,0,23,7,1,0,0,0,1,0,0,0,0,0,0
60924,attack,off_target,3,S0,0,22,4,1,0,0,0,0,1,0,0,0,0,0
60927,attack,off_target,3,S0,0,23,2,1,0,0,0,0,1,0,0,0,0,0
60931,attack,off_target,3,S0,0,23,0,1,0,0,0,0,1,0,0,0,0,0
60933,attack,clean_target_effective,2,S5,5,23,6,1,1,0,1,0,0,0,0,0,1,2
60937,attack,clean_target_ineffective,1,S0,0,23,0,1,1,1,0,0,0,0,0,1,0,1
60938,attack,missed,0,S0,0,22,2,1,0,0,0,1,0,0,0,0,0,0
60944,attack,off_target,3,S5,5,23,5,1,0,0,0,0,1,0,0,0,0,0
60948,attack,missed,0,S5,5,23,5,1,0,0,0,1,0,0,0,0,0,0
60949,attack,clean_target_effective,2,S5,5,23,4,1,1,0,1,0,0,0,0,0,1,2
60952,attack,clean_target_effective,2,S5,5,22,0,1,1,0,1,0,0,0,0,0,1,2
60958,attack,clean_target_effective,2,S0,0,22,7,1,1,0,1,0,0,0,0,0,1,2
60962,attack,clean_target_effective,2,S5,5,22,1,1,1,0,1,0,0,0,0,0,1,2
60968,attack,off_target,3,S5,5,23,2,1,0,0,0,0,1,0,0,0,0,0
60971,attack,clean_target_effective,2,S0,0,22,1,1,1,0,1,0,0,0,0,0,1,2
60984,attack,missed,0,S5,5,22,0,1,0,0,0,1,0,0,0,0,0,0
60987,attack,multi_hit,4,S0,0,23,1,1,0,0,0,0,0,1,0,0,0,0
60991,attack,clean_target_effective,2,S5,5,22,0,1,1,0,1,0,0,0,0,0,1,2
60996,attack,clean_target_effective,2,S0,0,23,2,1,1,0,1,0,0,0,0,0,1,2
60998,attack,missed,0,S0,0,22,4,1,0,0,0,1,0,0,0,0,0,0
61005,attack,off_target,3,S0,0,23,6,1,0,0,0,0,1,0,0,0,0,0
61006,attack,clean_target_ineffective,1,S5,5,23,4,1,1,1,0,0,0,0,0,1,0,1
61030,attack,clean_target_ineffective,1,S5,5,22,6,1,1,1,0,0,0,0,0,1,0,1
61042,attack,clean_target_ineffective,1,S5,5,23,5,1,1,1,0,0,0,0,0,1,0,1
61048,attack,clean_target_effective,2,S0,0,23,6,1,1,0,1,0,0,0,0,0,1,2
61054,attack,clean_target_effective,2,S5,5,22,0,1,1,0,1,0,0,0,0,0,1,2
61055,attack,multi_hit,4,S5,5,22,4,1,0,0,0,0,0,1,0,0,0,0
61056,attack,missed,0,S0,0,23,3,1,0,0,0,1,0,0,0,0,0,0
61064,attack,off_target,3,S5,5,23,7,1,0,0,0,0,1,0,0,0,0,0
61071,attack,off_target,3,S0,0,23,6,1,0,0,0,0,1,0,0,0,0,0
61075,attack,missed,0,S5,5,23,7,1,0,0,0,1,0,0,0,0,0,0
61083,attack,missed,0,S0,0,23,6,1,0,0,0,1,0,0,0,0,0,0
61086,attack,off_target,3,S5,5,22,0,1,0,0,0,0,1,0,0,0,0,0
61087,attack,clean_target_ineffective,1,S0,0,23,2,1,1,1,0,0,0,0,0,1,0,1
61094,attack,off_target,3,S0,0,22,7,1,0,0,0,0,1,0,0,0,0,0
61096,attack,invalid_reset,5,S5,5,22,7,0,0,0,0,0,0,0,1,0,0,0
61102,attack,missed,0,S0,0,23,1,1,0,0,0,1,0,0,0,0,0,0
61106,attack,clean_target_effective,2,S0,0,22,7,1,1,0,1,0,0,0,0,0,1,2
61108,attack,missed,0,S0,0,22,6,1,0,0,0,1,0,0,0,0,0,0
61112,attack,clean_target_ineffective,1,S0,0,22,4,1,1,1,0,0,0,0,0,1,0,1
61116,attack,missed,0,S0,0,22,0,1,0,0,0,1,0,0,0,0,0,0
61121,attack,missed,0,S5,5,23,2,1,0,0,0,1,0,0,0,0,0,0
61126,attack,clean_target_ineffective,1,S0,0,23,6,1,1,1,0,0,0,0,0,1,0,1
61131,attack,clean_target_effective,2,S5,5,22,0,1,1,0,1,0,0,0,0,0,1,2
61134,attack,clean_target_effective,2,S0,0,22,4,1,1,0,1,0,0,0,0,0,1,2
61136,attack,clean_target_effective,2,S5,5,23,0,1,1,0,1,0,0,0,0,0,1,2
61145,attack,off_target,3,S0,0,22,4,1,0,0,0,0,1,0,0,0,0,0
61168,attack,missed,0,S5,5,22,6,1,0,0,0,1,0,0,0,0,0,0
61172,attack,clean_target_ineffective,1,S5,5,22,0,1,1,1,0,0,0,0,0,1,0,1
61176,attack,missed,0,S5,5,23,0,1,0,0,0,1,0,0,0,0,0,0
61178,attack,missed,0,S0,0,23,4,1,0,0,0,1,0,0,0,0,0,0
61185,attack,clean_target_ineffective,1,S5,5,22,6,1,1,1,0,0,0,0,0,1,0,1
61187,attack,missed,0,S5,5,22,7,1,0,0,0,1,0,0,0,0,0,0
61193,attack,off_target,3,S0,0,23,0,1,0,0,0,0,1,0,0,0,0,0
61194,attack,missed,0,S0,0,22,3,1,0,0,0,1,0,0,0,0,0,0
61195,attack,clean_target_effective,2,S5,5,23,1,1,1,0,1,0,0,0,0,0,1,2
61197,attack,missed,0,S0,0,22,2,1,0,0,0,1,0,0,0,0,0,0
61202,attack,multi_hit,4,S5,5,23,4,1,0,0,0,0,0,1,0,0,0,0
61206,attack,clean_target_ineffective,1,S0,0,22,1,1,1,1,0,0,0,0,0,1,0,1
61212,attack,invalid_reset,5,S5,5,23,6,0,0,0,0,0,0,0,1,0,0,0
61213,attack,multi_hit,4,S5,5,23,1,1,0,0,0,0,0,1,0,0,0,0
61214,attack,missed,0,S5,5,23,7,1,0,0,0,1,0,0,0,0,0,0
61217,attack,missed,0,S5,5,22,1,1,0,0,0,1,0,0,0,0,0,0
61225,attack,missed,0,S5,5,23,5,1,0,0,0,1,0,0,0,0,0,0
61232,attack,missed,0,S0,0,23,0,1,0,0,0,1,0,0,0,0,0,0
61233,attack,clean_target_ineffective,1,S0,0,23,1,1,1,1,0,0,0,0,0,1,0,1
61235,attack,off_target,3,S5,5,23,3,1,0,0,0,0,1,0,0,0,0,0
61239,attack,multi_hit,4,S5,5,22,4,1,0,0,0,0,0,1,0,0,0,0
61243,attack,off_target,3,S5,5,22,5,1,0,0,0,0,1,0,0,0,0,0
61247,attack,missed,0,S0,0,22,3,1,0,0,0,1,0,0,0,0,0,0
61248,attack,missed,0,S0,0,23,5,1,0,0,0,1,0,0,0,0,0,0
61249,attack,clean_target_ineffective,1,S5,5,23,4,1,1,1,0,0,0,0,0,1,0,1
61252,attack,clean_target_effective,2,S0,0,23,1,1,1,0,1,0,0,0,0,0,1,2
61253,attack,off_target,3,S0,0,23,5,1,0,0,0,0,1,0,0,0,0,0
61256,attack,off_target,3,S5,5,23,4,1,0,0,0,0,1,0,0,0,0,0
61267,attack,invalid_reset,5,S5,5,23,2,0,0,0,0,0,0,0,1,0,0,0
61272,attack,off_target,3,S0,0,22,5,1,0,0,0,0,1,0,0,0,0,0
61275,attack,clean_target_effective,2,S5,5,22,6,1,1,0,1,0,0,0,0,0,1,2
61281,attack,clean_target_effective,2,S0,0,22,1,1,1,0,1,0,0,0,0,0,1,2
61282,attack,clean_target_ineffective,1,S5,5,23,6,1,1,1,0,0,0,0,0,1,0,1
61299,attack,clean_target_effective,2,S5,5,23,6,1,1,0,1,0,0,0,0,0,1,2
61300,attack,off_target,3,S0,0,23,6,1,0,0,0,0,1,0,0,0,0,0
61303,attack,clean_target_effective,2,S5,5,22,6,1,1,0,1,0,0,0,0,0,1,2
61304,attack,clean_target_effective,2,S0,0,23,2,1,1,0,1,0,0,0,0,0,1,2
61306,attack,clean_target_effective,2,S0,0,23,4,1,1,0,1,0,0,0,0,0,1,2
61308,attack,multi_hit,4,S0,0,22,2,1,0,0,0,0,0,1,0,0,0,0
61311,attack,missed,0,S5,5,23,3,1,0,0,0,1,0,0,0,0,0,0
61313,attack,off_target,3,S5,5,22,1,1,0,0,0,0,1,0,0,0,0,0
61315,attack,invalid_reset,5,S5,5,22,0,0,0,0,0,0,0,0,1,0,0,0
61319,attack,clean_target_ineffective,1,S0,0,22,1,1,1,1,0,0,0,0,0,1,0,1
61320,attack,clean_target_effective,2,S0,0,23,2,1,1,0,1,0,0,0,0,0,1,2
61337,attack,clean_target_ineffective,1,S5,5,23,4,1,1,1,0,0,0,0,0,1,0,1
61346,attack,clean_target_effective,2,S0,0,23,2,1,1,0,1,0,0,0,0,0,1,2
61347,attack,multi_hit,4,S5,5,22,7,1,0,0,0,0,0,1,0,0,0,0
61355,attack,clean_target_effective,2,S0,0,22,4,1,1,0,1,0,0,0,0,0,1,2
61356,attack,off_target,3,S0,0,22,0,1,0,0,0,0,1,0,0,0,0,0
61364,attack,clean_target_ineffective,1,S5,5,23,6,1,1,1,0,0,0,0,0,1,0,1
61366,attack,off_target,3,S0,0,22,7,1,0,0,0,0,1,0,0,0,0,0
61375,attack,multi_hit,4,S5,5,23,2,1,0,0,0,0,0,1,0,0,0,0
61378,attack,missed,0,S5,5,22,3,1,0,0,0,1,0,0,0,0,0,0
61380,attack,clean_target_effective,2,S0,0,23,0,1,1,0,1,0,0,0,0,0,1,2
61384,attack,clean_target_effective,2,S0,0,22,6,1,1,0,1,0,0,0,0,0,1,2
61393,attack,missed,0,S0,0,23,6,1,0,0,0,1,0,0,0,0,0,0
61394,attack,clean_target_effective,2,S0,0,23,3,1,1,0,1,0,0,0,0,0,1,2
61398,attack,clean_target_ineffective,1,S5,5,23,7,1,1,1,0,0,0,0,0,1,0,1
61408,attack,multi_hit,4,S5,5,22,0,1,0,0,0,0,0,1,0,0,0,0
61413,attack,clean_target_effective,2,S5,5,22,4,1,1,0,1,0,0,0,0,0,1,2
61414,attack,off_target,3,S0,0,22,1,1,0,0,0,0,1,0,0,0,0,0
61417,attack,clean_target_effective,2,S0,0,22,5,1,1,0,1,0,0,0,0,0,1,2
61419,attack,clean_target_effective,2,S0,0,23,7,1,1,0,1,0,0,0,0,0,1,2
61429,attack,invalid_reset,5,S0,0,22,1,0,0,0,0,0,0,0,1,0,0,0
61432,attack,clean_target_effective,2,S0,0,23,5,1,1,0,1,0,0,0,0,0,1,2
61434,attack,missed,0,S0,0,23,6,1,0,0,0,1,0,0,0,0,0,0
61435,attack,multi_hit,4,S5,5,22,2,1,0,0,0,0,0,1,0,0,0,0
61436,attack,invalid_reset,5,S5,5,22,5,0,0,0,0,0,0,0,1,0,0,0
61439,attack,clean_target_effective,2,S5,5,22,0,1,1,0,1,0,0,0,0,0,1,2
61440,attack,clean_target_effective,2,S5,5,23,4,1,1,0,1,0,0,0,0,0,1,2
61446,attack,off_target,3,S0,0,22,2,1,0,0,0,0,1,0,0,0,0,0
61453,attack,clean_target_effective,2,S0,0,23,6,1,1,0,1,0,0,0,0,0,1,2
61455,attack,off_target,3,S5,5,22,0,1,0,0,0,0,1,0,0,0,0,0
61456,attack,invalid_reset,5,S0,0,22,5,0,0,0,0,0,0,0,1,0,0,0
61458,attack,clean_target_effective,2,S5,5,23,3,1,1,0,1,0,0,0,0,0,1,2
61463,attack,clean_target_effective,2,S5,5,22,3,1,1,0,1,0,0,0,0,0,1,2
61466,attack,clean_target_ineffective,1,S5,5,23,4,1,1,1,0,0,0,0,0,1,0,1
61467,attack,invalid_reset,5,S5,5,22,1,0,0,0,0,0,0,0,1,0,0,0
61471,attack,clean_target_effective,2,S0,0,22,2,1,1,0,1,0,0,0,0,0,1,2
61473,attack,clean_target_effective,2,S5,5,22,4,1,1,0,1,0,0,0,0,0,1,2
61474,attack,off_target,3,S0,0,23,6,1,0,0,0,0,1,0,0,0,0,0
61479,attack,missed,0,S0,0,22,5,1,0,0,0,1,0,0,0,0,0,0
61480,attack,off_target,3,S5,5,23,2,1,0,0,0,0,1,0,0,0,0,0
61484,attack,clean_target_effective,2,S5,5,22,1,1,1,0,1,0,0,0,0,0,1,2
61485,attack,missed,0,S5,5,23,3,1,0,0,0,1,0,0,0,0,0,0
61492,attack,clean_target_effective,2,S5,5,23,3,1,1,0,1,0,0,0,0,0,1,2
61498,attack,missed,0,S5,5,23,2,1,0,0,0,1,0,0,0,0,0,0
61499,attack,clean_target_effective,2,S5,5,23,2,1,1,0,1,0,0,0,0,0,1,2
61503,attack,missed,0,S5,5,22,2,1,0,0,0,1,0,0,0,0,0,0
61504,attack,clean_target_ineffective,1,S5,5,23,5,1,1,1,0,0,0,0,0,1,0,1
61507,attack,clean_target_ineffective,1,S5,5,23,6,1,1,1,0,0,0,0,0,1,0,1
61508,attack,missed,0,S5,5,23,0,1,0,0,0,1,0,0,0,0,0,0
61515,attack,missed,0,S0,0,23,5,1,0,0,0,1,0,0,0,0,0,0
61516,attack,clean_target_effective,2,S0,0,23,1,1,1,0,1,0,0,0,0,0,1,2
61519,attack,missed,0,S0,0,22,6,1,0,0,0,1,0,0,0,0,0,0
61523,attack,clean_target_effective,2,S5,5,22,2,1,1,0,1,0,0,0,0,0,1,2
61524,attack,clean_target_ineffective,1,S5,5,22,2,1,1,1,0,0,0,0,0,1,0,1
61539,attack,missed,0,S5,5,23,4,1,0,0,0,1,0,0,0,0,0,0
61546,attack,multi_hit,4,S0,0,23,1,1,0,0,0,0,0,1,0,0,0,0
61547,attack,missed,0,S5,5,22,3,1,0,0,0,1,0,0,0,0,0,0
61551,attack,multi_hit,4,S0,0,23,4,1,0,0,0,0,0,1,0,0,0,0
61562,attack,clean_target_ineffective,1,S0,0,23,7,1,1,1,0,0,0,0,0,1,0,1
61565,attack,clean_target_effective,2,S0,0,23,3,1,1,0,1,0,0,0,0,0,1,2
61569,attack,clean_target_ineffective,1,S0,0,22,5,1,1,1,0,0,0,0,0,1,0,1
61576,attack,missed,0,S0,0,22,7,1,0,0,0,1,0,0,0,0,0,0
61577,attack,off_target,3,S5,5,22,4,1,0,0,0,0,1,0,0,0,0,0
61578,attack,missed,0,S0,0,23,7,1,0,0,0,1,0,0,0,0,0,0
61581,attack,clean_target_ineffective,1,S0,0,22,3,1,1,1,0,0,0,0,0,1,0,1
61584,attack,multi_hit,4,S5,5,23,5,1,0,0,0,0,0,1,0,0,0,0
61585,attack,missed,0,S0,0,22,3,1,0,0,0,1,0,0,0,0,0,0
61586,attack,clean_target_ineffective,1,S0,0,23,6,1,1,1,0,0,0,0,0,1,0,1
61587,attack,missed,0,S5,5,23,2,1,0,0,0,1,0,0,0,0,0,0
61588,attack,off_target,3,S5,5,22,0,1,0,0,0,0,1,0,0,0,0,0
61590,attack,missed,0,S0,0,23,1,1,0,0,0,1,0,0,0,0,0,0
61591,attack,missed,0,S0,0,22,4,1,0,0,0,1,0,0,0,0,0,0
61593,attack,off_target,3,S5,5,23,7,1,0,0,0,0,1,0,0,0,0,0
61595,attack,clean_target_effective,2,S5,5,22,0,1,1,0,1,0,0,0,0,0,1,2
61596,attack,off_target,3,S5,5,22,5,1,0,0,0,0,1,0,0,0,0,0
61601,attack,missed,0,S0,0,23,4,1,0,0,0,1,0,0,0,0,0,0
61611,attack,clean_target_ineffective,1,S5,5,23,7,1,1,1,0,0,0,0,0,1,0,1
61615,attack,off_target,3,S5,5,23,5,1,0,0,0,0,1,0,0,0,0,0
61618,attack,clean_target_effective,2,S5,5,23,4,1,1,0,1,0,0,0,0,0,1,2
61621,attack,off_target,3,S5,5,23,0,1,0,0,0,0,1,0,0,0,0,0
61626,attack,clean_target_effective,2,S5,5,23,2,1,1,0,1,0,0,0,0,0,1,2
61627,attack,missed,0,S0,0,22,7,1,0,0,0,1,0,0,0,0,0,0
61629,attack,clean_target_effective,2,S0,0,23,1,1,1,0,1,0,0,0,0,0,1,2
61631,attack,off_target,3,S5,5,23,1,1,0,0,0,0,1,0,0,0,0,0
61634,attack,multi_hit,4,S0,0,23,7,1,0,0,0,0,0,1,0,0,0,0
61640,attack,off_target,3,S5,5,23,2,1,0,0,0,0,1,0,0,0,0,0
61644,attack,multi_hit,4,S5,5,23,3,1,0,0,0,0,0,1,0,0,0,0
61646,attack,clean_target_effective,2,S0,0,23,5,1,1,0,1,0,0,0,0,0,1,2
61648,attack,off_target,3,S5,5,23,3,1,0,0,0,0,1,0,0,0,0,0
61649,attack,clean_target_ineffective,1,S0,0,23,2,1,1,1,0,0,0,0,0,1,0,1
61655,attack,clean_target_effective,2,S5,5,22,3,1,1,0,1,0,0,0,0,0,1,2
61658,attack,clean_target_effective,2,S5,5,23,0,1,1,0,1,0,0,0,0,0,1,2
61659,attack,missed,0,S5,5,23,2,1,0,0,0,1,0,0,0,0,0,0
61661,attack,multi_hit,4,S5,5,22,1,1,0,0,0,0,0,1,0,0,0,0
61666,attack,clean_target_effective,2,S0,0,23,1,1,1,0,1,0,0,0,0,0,1,2
61671,attack,clean_target_effective,2,S5,5,23,1,1,1,0,1,0,0,0,0,0,1,2
61700,attack,off_target,3,S0,0,22,4,1,0,0,0,0,1,0,0,0,0,0
61708,attack,clean_target_ineffective,1,S5,5,23,4,1,1,1,0,0,0,0,0,1,0,1
61709,attack,clean_target_effective,2,S0,0,23,2,1,1,0,1,0,0,0,0,0,1,2
61714,attack,clean_target_effective,2,S5,5,23,0,1,1,0,1,0,0,0,0,0,1,2
61717,attack,missed,0,S5,5,23,4,1,0,0,0,1,0,0,0,0,0,0
61718,attack,clean_target_ineffective,1,S0,0,22,4,1,1,1,0,0,0,0,0,1,0,1
61722,attack,multi_hit,4,S5,5,23,5,1,0,0,0,0,0,1,0,0,0,0
61731,attack,multi_hit,4,S0,0,22,1,1,0,0,0,0,0,1,0,0,0,0
61734,attack,clean_target_ineffective,1,S0,0,23,4,1,1,1,0,0,0,0,0,1,0,1
61752,attack,clean_target_effective,2,S5,5,22,1,1,1,0,1,0,0,0,0,0,1,2
61754,attack,missed,0,S0,0,23,7,1,0,0,0,1,0,0,0,0,0,0
61758,attack,missed,0,S0,0,22,3,1,0,0,0,1,0,0,0,0,0,0
61765,attack,off_target,3,S5,5,23,5,1,0,0,0,0,1,0,0,0,0,0
61767,attack,clean_target_effective,2,S5,5,22,1,1,1,0,1,0,0,0,0,0,1,2
61779,attack,off_target,3,S0,0,22,1,1,0,0,0,0,1,0,0,0,0,0
61780,attack,off_target,3,S0,0,23,4,1,0,0,0,0,1,0,0,0,0,0
61781,attack,off_target,3,S0,0,23,4,1,0,0,0,0,1,0,0,0,0,0
61785,attack,clean_target_effective,2,S0,0,22,3,1,1,0,1,0,0,0,0,0,1,2
61786,attack,invalid_reset,5,S5,5,23,4,0,0,0,0,0,0,0,1,0,0,0
61788,attack,clean_target_effective,2,S5,5,23,6,1,1,0,1,0,0,0,0,0,1,2
61789,attack,missed,0,S0,0,23,2,1,0,0,0,1,0,0,0,0,0,0
61790,attack,clean_target_effective,2,S5,5,22,3,1,1,0,1,0,0,0,0,0,1,2
61792,attack,clean_target_effective,2,S0,0,23,4,1,1,0,1,0,0,0,0,0,1,2
61793,attack,clean_target_ineffective,1,S0,0,22,3,1,1,1,0,0,0,0,0,1,0,1
61803,attack,clean_target_ineffective,1,S5,5,23,7,1,1,1,0,0,0,0,0,1,0,1
61811,attack,missed,0,S0,0,23,0,1,0,0,0,1,0,0,0,0,0,0
61813,attack,missed,0,S5,5,22,1,1,0,0,0,1,0,0,0,0,0,0
61814,attack,multi_hit,4,S0,0,23,1,1,0,0,0,0,0,1,0,0,0,0
61819,attack,missed,0,S0,0,22,1,1,0,0,0,1,0,0,0,0,0,0
61820,attack,multi_hit,4,S5,5,23,7,1,0,0,0,0,0,1,0,0,0,0
61821,attack,missed,0,S5,5,22,2,1,0,0,0,1,0,0,0,0,0,0
61824,attack,off_target,3,S5,5,22,3,1,0,0,0,0,1,0,0,0,0,0
61826,attack,clean_target_effective,2,S0,0,23,5,1,1,0,1,0,0,0,0,0,1,2
61829,attack,off_target,3,S0,0,23,7,1,0,0,0,0,1,0,0,0,0,0
61831,attack,invalid_reset,5,S5,5,23,2,0,0,0,0,0,0,0,1,0,0,0
61834,attack,clean_target_ineffective,1,S0,0,22,1,1,1,1,0,0,0,0,0,1,0,1
61837,attack,off_target,3,S5,5,22,4,1,0,0,0,0,1,0,0,0,0,0
61838,attack,clean_target_effective,2,S0,0,22,5,1,1,0,1,0,0,0,0,0,1,2
61843,attack,multi_hit,4,S0,0,22,6,1,0,0,0,0,0,1,0,0,0,0
61844,attack,multi_hit,4,S5,5,23,5,1,0,0,0,0,0,1,0,0,0,0
61848,attack,missed,0,S0,0,23,5,1,0,0,0,1,0,0,0,0,0,0
61850,attack,clean_target_effective,2,S5,5,23,2,1,1,0,1,0,0,0,0,0,1,2
61851,attack,clean_target_effective,2,S5,5,22,3,1,1,0,1,0,0,0,0,0,1,2
61854,attack,clean_target_effective,2,S5,5,23,4,1,1,0,1,0,0,0,0,0,1,2
61862,attack,missed,0,S0,0,22,1,1,0,0,0,1,0,0,0,0,0,0
61864,attack,clean_target_effective,2,S5,5,23,3,1,1,0,1,0,0,0,0,0,1,2
61866,attack,clean_target_effective,2,S5,5,23,5,1,1,0,1,0,0,0,0,0,1,2
61867,attack,missed,0,S0,0,23,4,1,0,0,0,1,0,0,0,0,0,0
61868,attack,missed,0,S0,0,22,5,1,0,0,0,1,0,0,0,0,0,0
61872,attack,invalid_reset,5,S0,0,22,6,0,0,0,0,0,0,0,1,0,0,0
61873,attack,missed,0,S5,5,22,3,1,0,0,0,1,0,0,0,0,0,0
61886,attack,clean_target_effective,2,S0,0,23,6,1,1,0,1,0,0,0,0,0,1,2
61888,attack,clean_target_effective,2,S5,5,22,5,1,1,0,1,0,0,0,0,0,1,2
61897,attack,clean_target_effective,2,S5,5,23,6,1,1,0,1,0,0,0,0,0,1,2
61901,attack,off_target,3,S0,0,22,0,1,0,0,0,0,1,0,0,0,0,0
61903,attack,off_target,3,S0,0,22,3,1,0,0,0,0,1,0,0,0,0,0
61915,attack,clean_target_ineffective,1,S5,5,22,7,1,1,1,0,0,0,0,0,1,0,1
61919,attack,off_target,3,S5,5,23,7,1,0,0,0,0,1,0,0,0,0,0
61923,attack,missed,0,S0,0,22,1,1,0,0,0,1,0,0,0,0,0,0
61928,attack,invalid_reset,5,S5,5,23,5,0,0,0,0,0,0,0,1,0,0,0
61932,attack,clean_target_ineffective,1,S0,0,23,3,1,1,1,0,0,0,0,0,1,0,1
61937,attack,clean_target_ineffective,1,S5,5,23,3,1,1,1,0,0,0,0,0,1,0,1
61942,attack,off_target,3,S5,5,22,2,1,0,0,0,0,1,0,0,0,0,0
61949,attack,clean_target_ineffective,1,S0,0,23,2,1,1,1,0,0,0,0,0,1,0,1
61958,attack,multi_hit,4,S0,0,22,7,1,0,0,0,0,0,1,0,0,0,0
61959,attack,clean_target_ineffective,1,S5,5,23,5,1,1,1,0,0,0,0,0,1,0,1
61961,attack,missed,0,S5,5,22,3,1,0,0,0,1,0,0,0,0,0,0
61967,attack,missed,0,S0,0,22,7,1,0,0,0,1,0,0,0,0,0,0
61973,attack,missed,0,S0,0,23,2,1,0,0,0,1,0,0,0,0,0,0
61995,attack,invalid_reset,5,S0,0,22,0,0,0,0,0,0,0,0,1,0,0,0
62002,attack,multi_hit,4,S5,5,23,0,1,0,0,0,0,0,1,0,0,0,0
62003,attack,missed,0,S0,0,22,7,1,0,0,0,1,0,0,0,0,0,0
62008,attack,clean_target_effective,2,S5,5,22,2,1,1,0,1,0,0,0,0,0,1,2
62010,attack,multi_hit,4,S0,0,23,1,1,0,0,0,0,0,1,0,0,0,0
62015,attack,clean_target_effective,2,S5,5,22,5,1,1,0,1,0,0,0,0,0,1,2
62021,attack,clean_target_effective,2,S5,5,23,2,1,1,0,1,0,0,0,0,0,1,2
62025,attack,clean_target_effective,2,S0,0,22,4,1,1,0,1,0,0,0,0,0,1,2
62027,attack,clean_target_ineffective,1,S5,5,23,3,1,1,1,0,0,0,0,0,1,0,1
62028,attack,off_target,3,S0,0,23,7,1,0,0,0,0,1,0,0,0,0,0
62033,attack,multi_hit,4,S5,5,22,4,1,0,0,0,0,0,1,0,0,0,0
62041,attack,clean_target_effective,2,S0,0,23,1,1,1,0,1,0,0,0,0,0,1,2
62044,attack,missed,0,S0,0,22,7,1,0,0,0,1,0,0,0,0,0,0
62049,attack,clean_target_effective,2,S0,0,23,0,1,1,0,1,0,0,0,0,0,1,2
62053,attack,off_target,3,S5,5,23,5,1,0,0,0,0,1,0,0,0,0,0
62069,attack,clean_target_ineffective,1,S0,0,22,0,1,1,1,0,0,0,0,0,1,0,1
62071,attack,off_target,3,S5,5,23,0,1,0,0,0,0,1,0,0,0,0,0
62074,attack,clean_target_effective,2,S0,0,22,2,1,1,0,1,0,0,0,0,0,1,2
62077,attack,missed,0,S5,5,23,6,1,0,0,0,1,0,0,0,0,0,0
62080,attack,missed,0,S0,0,22,5,1,0,0,0,1,0,0,0,0,0,0
62081,attack,clean_target_effective,2,S0,0,23,2,1,1,0,1,0,0,0,0,0,1,2
62094,attack,multi_hit,4,S0,0,23,7,1,0,0,0,0,0,1,0,0,0,0
62100,attack,clean_target_effective,2,S0,0,22,3,1,1,0,1,0,0,0,0,0,1,2
62101,attack,multi_hit,4,S0,0,23,7,1,0,0,0,0,0,1,0,0,0,0
62114,attack,multi_hit,4,S5,5,23,3,1,0,0,0,0,0,1,0,0,0,0
62115,attack,missed,0,S0,0,22,0,1,0,0,0,1,0,0,0,0,0,0
62116,attack,clean_target_effective,2,S5,5,23,5,1,1,0,1,0,0,0,0,0,1,2
62120,attack,missed,0,S0,0,22,4,1,0,0,0,1,0,0,0,0,0,0
62121,attack,off_target,3,S5,5,22,2,1,0,0,0,0,1,0,0,0,0,0
62122,attack,clean_target_ineffective,1,S5,5,23,7,1,1,1,0,0,0,0,0,1,0,1
62128,attack,clean_target_ineffective,1,S0,0,23,4,1,1,1,0,0,0,0,0,1,0,1
62131,attack,multi_hit,4,S5,5,22,7,1,0,0,0,0,0,1,0,0,0,0
62137,attack,missed,0,S0,0,22,7,1,0,0,0,1,0,0,0,0,0,0
62143,attack,clean_target_effective,2,S5,5,22,4,1,1,0,1,0,0,0,0,0,1,2
62144,attack,clean_target_ineffective,1,S5,5,22,6,1,1,1,0,0,0,0,0,1,0,1
62145,attack,missed,0,S0,0,23,5,1,0,0,0,1,0,0,0,0,0,0
62146,attack,clean_target_ineffective,1,S5,5,23,6,1,1,1,0,0,0,0,0,1,0,1
62152,attack,clean_target_effective,2,S5,5,23,4,1,1,0,1,0,0,0,0,0,1,2
62154,attack,clean_target_effective,2,S0,0,22,2,1,1,0,1,0,0,0,0,0,1,2
62157,attack,clean_target_effective,2,S0,0,22,3,1,1,0,1,0,0,0,0,0,1,2
62160,attack,multi_hit,4,S0,0,23,6,1,0,0,0,0,0,1,0,0,0,0
62164,attack,clean_target_effective,2,S5,5,23,2,1,1,0,1,0,0,0,0,0,1,2
62170,attack,multi_hit,4,S5,5,23,5,1,0,0,0,0,0,1,0,0,0,0
62179,attack,missed,0,S0,0,23,6,1,0,0,0,1,0,0,0,0,0,0
62185,attack,off_target,3,S5,5,23,4,1,0,0,0,0,1,0,0,0,0,0
62187,attack,missed,0,S5,5,22,7,1,0,0,0,1,0,0,0,0,0,0
62188,attack,invalid_reset,5,S5,5,23,5,0,0,0,0,0,0,0,1,0,0,0
62192,attack,clean_target_effective,2,S0,0,23,6,1,1,0,1,0,0,0,0,0,1,2
62195,attack,clean_target_effective,2,S5,5,23,0,1,1,0,1,0,0,0,0,0,1,2
62198,attack,multi_hit,4,S5,5,22,2,1,0,0,0,0,0,1,0,0,0,0
62203,attack,multi_hit,4,S0,0,22,7,1,0,0,0,0,0,1,0,0,0,0
62205,attack,off_target,3,S0,0,22,5,1,0,0,0,0,1,0,0,0,0,0
62206,attack,off_target,3,S5,5,22,5,1,0,0,0,0,1,0,0,0,0,0
62207,attack,off_target,3,S0,0,22,1,1,0,0,0,0,1,0,0,0,0,0
62217,attack,multi_hit,4,S0,0,22,5,1,0,0,0,0,0,1,0,0,0,0
62220,attack,clean_target_effective,2,S5,5,23,7,1,1,0,1,0,0,0,0,0,1,2
62225,attack,clean_target_ineffective,1,S5,5,22,2,1,1,1,0,0,0,0,0,1,0,1
62229,attack,clean_target_effective,2,S0,0,22,1,1,1,0,1,0,0,0,0,0,1,2
62230,attack,off_target,3,S0,0,23,3,1,0,0,0,0,1,0,0,0,0,0
62231,attack,multi_hit,4,S0,0,22,3,1,0,0,0,0,0,1,0,0,0,0
62237,attack,off_target,3,S0,0,23,0,1,0,0,0,0,1,0,0,0,0,0
62240,attack,off_target,3,S0,0,23,7,1,0,0,0,0,1,0,0,0,0,0
62241,attack,clean_target_effective,2,S5,5,23,2,1,1,0,1,0,0,0,0,0,1,2
62244,attack,clean_target_effective,2,S0,0,23,4,1,1,0,1,0,0,0,0,0,1,2
62253,attack,multi_hit,4,S5,5,22,2,1,0,0,0,0,0,1,0,0,0,0
62259,attack,invalid_reset,5,S0,0,22,6,0,0,0,0,0,0,0,1,0,0,0
62261,attack,missed,0,S0,0,22,2,1,0,0,0,1,0,0,0,0,0,0
62262,attack,missed,0,S0,0,23,4,1,0,0,0,1,0,0,0,0,0,0
62268,attack,invalid_reset,5,S0,0,22,7,0,0,0,0,0,0,0,1,0,0,0
62272,attack,multi_hit,4,S5,5,22,1,1,0,0,0,0,0,1,0,0,0,0
62274,attack,missed,0,S5,5,23,0,1,0,0,0,1,0,0,0,0,0,0
62277,attack,missed,0,S0,0,23,6,1,0,0,0,1,0,0,0,0,0,0
62279,attack,missed,0,S0,0,23,3,1,0,0,0,1,0,0,0,0,0,0
62280,attack,clean_target_ineffective,1,S0,0,23,1,1,1,1,0,0,0,0,0,1,0,1
62284,attack,missed,0,S5,5,22,7,1,0,0,0,1,0,0,0,0,0,0
62299,attack,off_target,3,S5,5,23,1,1,0,0,0,0,1,0,0,0,0,0
62305,attack,off_target,3,S0,0,22,2,1,0,0,0,0,1,0,0,0,0,0
62308,attack,clean_target_effective,2,S5,5,22,5,1,1,0,1,0,0,0,0,0,1,2
62309,attack,clean_target_effective,2,S5,5,23,2,1,1,0,1,0,0,0,0,0,1,2
62315,attack,clean_target_effective,2,S5,5,23,1,1,1,0,1,0,0,0,0,0,1,2
62318,attack,off_target,3,S5,5,23,1,1,0,0,0,0,1,0,0,0,0,0
62319,attack,off_target,3,S0,0,23,0,1,0,0,0,0,1,0,0,0,0,0
62321,attack,invalid_reset,5,S0,0,22,3,0,0,0,0,0,0,0,1,0,0,0
62326,attack,missed,0,S0,0,23,3,1,0,0,0,1,0,0,0,0,0,0
62330,attack,missed,0,S0,0,23,0,1,0,0,0,1,0,0,0,0,0,0
62332,attack,invalid_reset,5,S5,5,23,4,0,0,0,0,0,0,0,1,0,0,0
62335,attack,invalid_reset,5,S0,0,22,4,0,0,0,0,0,0,0,1,0,0,0
62338,attack,multi_hit,4,S5,5,23,1,1,0,0,0,0,0,1,0,0,0,0
62345,attack,clean_target_ineffective,1,S0,0,23,7,1,1,1,0,0,0,0,0,1,0,1
62350,attack,missed,0,S5,5,22,1,1,0,0,0,1,0,0,0,0,0,0
62357,attack,clean_target_effective,2,S5,5,22,4,1,1,0,1,0,0,0,0,0,1,2
62359,attack,off_target,3,S0,0,23,6,1,0,0,0,0,1,0,0,0,0,0
62360,attack,clean_target_ineffective,1,S0,0,22,6,1,1,1,0,0,0,0,0,1,0,1
62363,attack,missed,0,S5,5,23,0,1,0,0,0,1,0,0,0,0,0,0
62366,attack,off_target,3,S5,5,22,0,1,0,0,0,0,1,0,0,0,0,0
62369,attack,off_target,3,S5,5,22,4,1,0,0,0,0,1,0,0,0,0,0
62372,attack,clean_target_ineffective,1,S5,5,22,6,1,1,1,0,0,0,0,0,1,0,1
62377,attack,missed,0,S0,0,23,6,1,0,0,0,1,0,0,0,0,0,0
62378,attack,clean_target_ineffective,1,S5,5,23,7,1,1,1,0,0,0,0,0,1,0,1
62379,attack,clean_target_effective,2,S5,5,22,5,1,1,0,1,0,0,0,0,0,1,2
62384,attack,missed,0,S5,5,22,2,1,0,0,0,1,0,0,0,0,0,0
62387,attack,missed,0,S5,5,22,2,1,0,0,0,1,0,0,0,0,0,0
62398,attack,clean_target_ineffective,1,S0,0,22,5,1,1,1,0,0,0,0,0,1,0,1
62399,attack,clean_target_effective,2,S0,0,23,1,1,1,0,1,0,0,0,0,0,1,2
62402,attack,missed,0,S0,0,23,5,1,0,0,0,1,0,0,0,0,0,0
62407,attack,off_target,3,S0,0,22,1,1,0,0,0,0,1,0,0,0,0,0
62413,attack,off_target,3,S5,5,23,4,1,0,0,0,0,1,0,0,0,0,0
62414,attack,invalid_reset,5,S5,5,22,5,0,0,0,0,0,0,0,1,0,0,0
62424,attack,clean_target_ineffective,1,S5,5,23,7,1,1,1,0,0,0,0,0,1,0,1
62425,attack,missed,0,S0,0,23,2,1,0,0,0,1,0,0,0,0,0,0
62429,attack,clean_target_effective,2,S5,5,23,6,1,1,0,1,0,0,0,0,0,1,2
62434,attack,clean_target_effective,2,S5,5,23,3,1,1,0,1,0,0,0,0,0,1,2
62437,attack,clean_target_ineffective,1,S5,5,22,6,1,1,1,0,0,0,0,0,1,0,1
62443,attack,invalid_reset,5,S0,0,22,0,0,0,0,0,0,0,0,1,0,0,0
62454,attack,off_target,3,S5,5,23,7,1,0,0,0,0,1,0,0,0,0,0
62460,attack,multi_hit,4,S0,0,23,5,1,0,0,0,0,0,1,0,0,0,0
62462,attack,missed,0,S0,0,23,4,1,0,0,0,1,0,0,0,0,0,0
62466,attack,clean_target_effective,2,S5,5,23,0,1,1,0,1,0,0,0,0,0,1,2
62478,attack,clean_target_ineffective,1,S5,5,23,1,1,1,1,0,0,0,0,0,1,0,1
62484,attack,clean_target_ineffective,1,S5,5,22,1,1,1,1,0,0,0,0,0,1,0,1
62492,attack,missed,0,S0,0,22,1,1,0,0,0,1,0,0,0,0,0,0
62495,attack,clean_target_ineffective,1,S0,0,23,7,1,1,1,0,0,0,0,0,1,0,1
62506,attack,clean_target_effective,2,S0,0,22,6,1,1,0,1,0,0,0,0,0,1,2
62508,attack,missed,0,S5,5,23,3,1,0,0,0,1,0,0,0,0,0,0
62523,attack,missed,0,S5,5,22,6,1,0,0,0,1,0,0,0,0,0,0
62527,attack,clean_target_effective,2,S5,5,22,6,1,1,0,1,0,0,0,0,0,1,2
62528,attack,clean_target_effective,2,S0,0,23,4,1,1,0,1,0,0,0,0,0,1,2
62538,attack,missed,0,S0,0,22,0,1,0,0,0,1,0,0,0,0,0,0
62544,attack,multi_hit,4,S0,0,22,1,1,0,0,0,0,0,1,0,0,0,0
62546,attack,off_target,3,S0,0,22,6,1,0,0,0,0,1,0,0,0,0,0
62551,attack,clean_target_effective,2,S5,5,22,3,1,1,0,1,0,0,0,0,0,1,2
62562,attack,missed,0,S5,5,22,3,1,0,0,0,1,0,0,0,0,0,0
62571,attack,off_target,3,S5,5,23,0,1,0,0,0,0,1,0,0,0,0,0
62578,attack,clean_target_ineffective,1,S0,0,23,2,1,1,1,0,0,0,0,0,1,0,1
62582,attack,invalid_reset,5,S0,0,22,0,0,0,0,0,0,0,0,1,0,0,0
62586,attack,clean_target_effective,2,S0,0,23,5,1,1,0,1,0,0,0,0,0,1,2
62588,attack,multi_hit,4,S0,0,23,0,1,0,0,0,0,0,1,0,0,0,0
62594,attack,clean_target_ineffective,1,S5,5,22,6,1,1,1,0,0,0,0,0,1,0,1
62599,attack,multi_hit,4,S0,0,22,1,1,0,0,0,0,0,1,0,0,0,0
62603,attack,clean_target_effective,2,S0,0,22,5,1,1,0,1,0,0,0,0,0,1,2
62611,attack,clean_target_effective,2,S5,5,22,2,1,1,0,1,0,0,0,0,0,1,2
62618,attack,missed,0,S0,0,22,5,1,0,0,0,1,0,0,0,0,0,0
62621,attack,missed,0,S0,0,23,6,1,0,0,0,1,0,0,0,0,0,0
62622,attack,invalid_reset,5,S5,5,22,4,0,0,0,0,0,0,0,1,0,0,0
62624,attack,off_target,3,S0,0,23,1,1,0,0,0,0,1,0,0,0,0,0
62625,attack,missed,0,S0,0,23,5,1,0,0,0,1,0,0,0,0,0,0
62627,attack,clean_target_ineffective,1,S5,5,23,6,1,1,1,0,0,0,0,0,1,0,1
62628,attack,missed,0,S0,0,23,7,1,0,0,0,1,0,0,0,0,0,0
62630,attack,missed,0,S0,0,22,0,1,0,0,0,1,0,0,0,0,0,0
62636,attack,off_target,3,S5,5,22,2,1,0,0,0,0,1,0,0,0,0,0
62639,attack,missed,0,S0,0,22,5,1,0,0,0,1,0,0,0,0,0,0
62641,attack,clean_target_effective,2,S5,5,22,5,1,1,0,1,0,0,0,0,0,1,2
62642,attack,clean_target_ineffective,1,S5,5,22,0,1,1,1,0,0,0,0,0,1,0,1
62645,attack,off_target,3,S5,5,22,2,1,0,0,0,0,1,0,0,0,0,0
62646,attack,missed,0,S5,5,23,2,1,0,0,0,1,0,0,0,0,0,0
62651,attack,clean_target_effective,2,S5,5,22,4,1,1,0,1,0,0,0,0,0,1,2
62658,attack,multi_hit,4,S5,5,23,4,1,0,0,0,0,0,1,0,0,0,0
62661,attack,clean_target_effective,2,S0,0,23,0,1,1,0,1,0,0,0,0,0,1,2
62663,attack,clean_target_effective,2,S0,0,22,5,1,1,0,1,0,0,0,0,0,1,2
62665,attack,clean_target_ineffective,1,S0,0,22,4,1,1,1,0,0,0,0,0,1,0,1
62671,attack,invalid_reset,5,S5,5,22,3,0,0,0,0,0,0,0,1,0,0,0
62672,attack,clean_target_ineffective,1,S5,5,23,4,1,1,1,0,0,0,0,0,1,0,1
62675,attack,invalid_reset,5,S0,0,22,6,0,0,0,0,0,0,0,1,0,0,0
62679,attack,clean_target_effective,2,S5,5,23,3,1,1,0,1,0,0,0,0,0,1,2
62687,attack,clean_target_effective,2,S5,5,22,1,1,1,0,1,0,0,0,0,0,1,2
62695,attack,missed,0,S0,0,22,4,1,0,0,0,1,0,0,0,0,0,0
62700,attack,clean_target_effective,2,S5,5,23,3,1,1,0,1,0,0,0,0,0,1,2
62702,attack,multi_hit,4,S5,5,22,7,1,0,0,0,0,0,1,0,0,0,0
62710,attack,missed,0,S5,5,23,6,1,0,0,0,1,0,0,0,0,0,0
62713,attack,off_target,3,S5,5,23,2,1,0,0,0,0,1,0,0,0,0,0
62715,attack,multi_hit,4,S5,5,22,0,1,0,0,0,0,0,1,0,0,0,0
62716,attack,clean_target_ineffective,1,S0,0,23,6,1,1,1,0,0,0,0,0,1,0,1
62724,attack,multi_hit,4,S0,0,22,6,1,0,0,0,0,0,1,0,0,0,0
62725,attack,clean_target_effective,2,S0,0,23,6,1,1,0,1,0,0,0,0,0,1,2
62726,attack,multi_hit,4,S0,0,22,0,1,0,0,0,0,0,1,0,0,0,0
62735,attack,off_target,3,S5,5,23,1,1,0,0,0,0,1,0,0,0,0,0
62736,attack,clean_target_ineffective,1,S5,5,23,7,1,1,1,0,0,0,0,0,1,0,1
62739,attack,clean_target_effective,2,S0,0,23,5,1,1,0,1,0,0,0,0,0,1,2
62744,attack,off_target,3,S0,0,23,6,1,0,0,0,0,1,0,0,0,0,0
62747,attack,off_target,3,S0,0,22,2,1,0,0,0,0,1,0,0,0,0,0
62749,attack,clean_target_effective,2,S5,5,23,3,1,1,0,1,0,0,0,0,0,1,2
62751,attack,multi_hit,4,S5,5,23,3,1,0,0,0,0,0,1,0,0,0,0
62752,attack,clean_target_effective,2,S0,0,22,4,1,1,0,1,0,0,0,0,0,1,2
62753,attack,multi_hit,4,S0,0,23,5,1,0,0,0,0,0,1,0,0,0,0
62758,attack,off_target,3,S5,5,23,3,1,0,0,0,0,1,0,0,0,0,0
62763,attack,clean_target_effective,2,S5,5,23,6,1,1,0,1,0,0,0,0,0,1,2
62768,attack,clean_target_ineffective,1,S0,0,23,6,1,1,1,0,0,0,0,0,1,0,1
62773,attack,off_target,3,S5,5,22,5,1,0,0,0,0,1,0,0,0,0,0
62774,attack,clean_target_effective,2,S5,5,23,4,1,1,0,1,0,0,0,0,0,1,2
62783,attack,missed,0,S5,5,22,1,1,0,0,0,1,0,0,0,0,0,0
62784,attack,off_target,3,S0,0,22,1,1,0,0,0,0,1,0,0,0,0,0
62785,attack,off_target,3,S0,0,23,7,1,0,0,0,0,1,0,0,0,0,0
62792,attack,multi_hit,4,S0,0,22,6,1,0,0,0,0,0,1,0,0,0,0
62794,attack,clean_target_effective,2,S0,0,23,6,1,1,0,1,0,0,0,0,0,1,2
62799,attack,clean_target_effective,2,S0,0,23,7,1,1,0,1,0,0,0,0,0,1,2
62803,attack,multi_hit,4,S5,5,22,7,1,0,0,0,0,0,1,0,0,0,0
62804,attack,off_target,3,S5,5,22,2,1,0,0,0,0,1,0,0,0,0,0
62806,attack,off_target,3,S5,5,22,5,1,0,0,0,0,1,0,0,0,0,0
62812,attack,clean_target_ineffective,1,S5,5,22,2,1,1,1,0,0,0,0,0,1,0,1
62814,attack,missed,0,S5,5,22,7,1,0,0,0,1,0,0,0,0,0,0
62820,attack,missed,0,S5,5,23,1,1,0,0,0,1,0,0,0,0,0,0
62825,attack,clean_target_ineffective,1,S0,0,22,4,1,1,1,0,0,0,0,0,1,0,1
62828,attack,off_target,3,S5,5,23,2,1,0,0,0,0,1,0,0,0,0,0
62832,attack,missed,0,S0,0,22,2,1,0,0,0,1,0,0,0,0,0,0
62837,attack,invalid_reset,5,S0,0,23,7,0,0,0,0,0,0,0,1,0,0,0
62838,attack,missed,0,S0,0,23,1,1,0,0,0,1,0,0,0,0,0,0
62844,attack,clean_target_effective,2,S5,5,22,7,1,1,0,1,0,0,0,0,0,1,2
62848,attack,invalid_reset,5,S5,5,22,1,0,0,0,0,0,0,0,1,0,0,0
62853,attack,clean_target_effective,2,S5,5,23,4,1,1,0,1,0,0,0,0,0,1,2
62859,attack,multi_hit,4,S0,0,22,7,1,0,0,0,0,0,1,0,0,0,0
62860,attack,off_target,3,S0,0,23,5,1,0,0,0,0,1,0,0,0,0,0
62866,attack,off_target,3,S0,0,23,0,1,0,0,0,0,1,0,0,0,0,0
62869,attack,multi_hit,4,S0,0,23,7,1,0,0,0,0,0,1,0,0,0,0
62871,attack,multi_hit,4,S0,0,23,7,1,0,0,0,0,0,1,0,0,0,0
62892,attack,clean_target_effective,2,S0,0,22,6,1,1,0,1,0,0,0,0,0,1,2
62893,attack,multi_hit,4,S5,5,22,7,1,0,0,0,0,0,1,0,0,0,0
62897,attack,missed,0,S5,5,23,2,1,0,0,0,1,0,0,0,0,0,0
62900,attack,clean_target_ineffective,1,S5,5,22,6,1,1,1,0,0,0,0,0,1,0,1
62902,attack,multi_hit,4,S0,0,23,1,1,0,0,0,0,0,1,0,0,0,0
62906,attack,clean_target_effective,2,S5,5,23,1,1,1,0,1,0,0,0,0,0,1,2
62908,attack,clean_target_effective,2,S0,0,23,7,1,1,0,1,0,0,0,0,0,1,2
62911,attack,multi_hit,4,S0,0,23,0,1,0,0,0,0,0,1,0,0,0,0
62923,attack,clean_target_ineffective,1,S0,0,22,4,1,1,1,0,0,0,0,0,1,0,1
62925,attack,missed,0,S5,5,22,0,1,0,0,0,1,0,0,0,0,0,0
62926,attack,multi_hit,4,S0,0,22,5,1,0,0,0,0,0,1,0,0,0,0
62927,attack,clean_target_effective,2,S0,0,22,7,1,1,0,1,0,0,0,0,0,1,2
62933,attack,off_target,3,S5,5,23,4,1,0,0,0,0,1,0,0,0,0,0
62935,attack,clean_target_ineffective,1,S5,5,23,3,1,1,1,0,0,0,0,0,1,0,1
62939,attack,clean_target_effective,2,S5,5,22,0,1,1,0,1,0,0,0,0,0,1,2
62942,attack,clean_target_ineffective,1,S5,5,23,3,1,1,1,0,0,0,0,0,1,0,1
62951,attack,clean_target_effective,2,S5,5,23,3,1,1,0,1,0,0,0,0,0,1,2
62954,attack,missed,0,S0,0,22,6,1,0,0,0,1,0,0,0,0,0,0
62968,attack,clean_target_ineffective,1,S0,0,23,5,1,1,1,0,0,0,0,0,1,0,1
62973,attack,off_target,3,S5,5,23,4,1,0,0,0,0,1,0,0,0,0,0
62974,attack,clean_target_effective,2,S5,5,22,1,1,1,0,1,0,0,0,0,0,1,2
62977,attack,clean_target_effective,2,S5,5,22,0,1,1,0,1,0,0,0,0,0,1,2
62978,attack,clean_target_ineffective,1,S0,0,23,2,1,1,1,0,0,0,0,0,1,0,1
62980,attack,off_target,3,S5,5,23,6,1,0,0,0,0,1,0,0,0,0,0
62991,attack,multi_hit,4,S5,5,23,3,1,0,0,0,0,0,1,0,0,0,0
62994,attack,off_target,3,S0,0,23,0,1,0,0,0,0,1,0,0,0,0,0
63000,attack,clean_target_effective,2,S0,0,23,6,1,1,0,1,0,0,0,0,0,1,2
63001,attack,missed,0,S5,5,22,1,1,0,0,0,1,0,0,0,0,0,0
63004,attack,clean_target_effective,2,S5,5,23,5,1,1,0,1,0,0,0,0,0,1,2
63009,attack,missed,0,S0,0,22,6,1,0,0,0,1,0,0,0,0,0,0
63013,attack,clean_target_effective,2,S0,0,22,1,1,1,0,1,0,0,0,0,0,1,2
63020,attack,missed,0,S0,0,22,7,1,0,0,0,1,0,0,0,0,0,0
63023,attack,missed,0,S0,0,23,3,1,0,0,0,1,0,0,0,0,0,0
63026,attack,clean_target_ineffective,1,S0,0,22,1,1,1,1,0,0,0,0,0,1,0,1
63030,attack,clean_target_effective,2,S0,0,23,5,1,1,0,1,0,0,0,0,0,1,2
63032,attack,missed,0,S5,5,22,7,1,0,0,0,1,0,0,0,0,0,0
63035,attack,clean_target_ineffective,1,S5,5,23,6,1,1,1,0,0,0,0,0,1,0,1
63038,attack,multi_hit,4,S0,0,22,6,1,0,0,0,0,0,1,0,0,0,0
63042,attack,clean_target_effective,2,S0,0,22,1,1,1,0,1,0,0,0,0,0,1,2
63046,attack,clean_target_ineffective,1,S0,0,23,5,1,1,1,0,0,0,0,0,1,0,1
63048,attack,clean_target_effective,2,S0,0,23,3,1,1,0,1,0,0,0,0,0,1,2
63049,attack,clean_target_effective,2,S5,5,22,4,1,1,0,1,0,0,0,0,0,1,2
63050,attack,off_target,3,S0,0,23,4,1,0,0,0,0,1,0,0,0,0,0
63051,attack,missed,0,S0,0,22,3,1,0,0,0,1,0,0,0,0,0,0
63052,attack,missed,0,S5,5,23,1,1,0,0,0,1,0,0,0,0,0,0
63060,attack,missed,0,S0,0,22,6,1,0,0,0,1,0,0,0,0,0,0
63063,attack,off_target,3,S5,5,23,1,1,0,0,0,0,1,0,0,0,0,0
63066,attack,clean_target_effective,2,S0,0,23,4,1,1,0,1,0,0,0,0,0,1,2
63070,attack,missed,0,S0,0,22,3,1,0,0,0,1,0,0,0,0,0,0
63072,attack,clean_target_effective,2,S0,0,23,0,1,1,0,1,0,0,0,0,0,1,2
63079,attack,clean_target_ineffective,1,S0,0,22,6,1,1,1,0,0,0,0,0,1,0,1
63082,attack,missed,0,S0,0,22,6,1,0,0,0,1,0,0,0,0,0,0
63091,attack,off_target,3,S5,5,22,6,1,0,0,0,0,1,0,0,0,0,0
63094,attack,missed,0,S0,0,22,4,1,0,0,0,1,0,0,0,0,0,0
63106,attack,multi_hit,4,S0,0,22,0,1,0,0,0,0,0,1,0,0,0,0
63112,attack,clean_target_effective,2,S0,0,22,4,1,1,0,1,0,0,0,0,0,1,2
63113,attack,missed,0,S0,0,23,4,1,0,0,0,1,0,0,0,0,0,0
63118,attack,clean_target_effective,2,S5,5,23,5,1,1,0,1,0,0,0,0,0,1,2
63119,attack,off_target,3,S5,5,22,2,1,0,0,0,0,1,0,0,0,0,0
63122,attack,off_target,3,S0,0,23,6,1,0,0,0,0,1,0,0,0,0,0
63124,attack,off_target,3,S5,5,23,0,1,0,0,0,0,1,0,0,0,0,0
63126,attack,off_target,3,S0,0,23,3,1,0,0,0,0,1,0,0,0,0,0
63127,attack,clean_target_ineffective,1,S5,5,22,1,1,1,1,0,0,0,0,0,1,0,1
63130,attack,clean_target_effective,2,S5,5,23,4,1,1,0,1,0,0,0,0,0,1,2
63136,attack,missed,0,S0,0,23,7,1,0,0,0,1,0,0,0,0,0,0
63149,attack,missed,0,S0,0,22,7,1,0,0,0,1,0,0,0,0,0,0
63152,attack,missed,0,S5,5,23,2,1,0,0,0,1,0,0,0,0,0,0
63156,attack,clean_target_effective,2,S5,5,22,1,1,1,0,1,0,0,0,0,0,1,2
63162,attack,missed,0,S5,5,23,3,1,0,0,0,1,0,0,0,0,0,0
63164,attack,clean_target_ineffective,1,S0,0,22,3,1,1,1,0,0,0,0,0,1,0,1
63168,attack,clean_target_effective,2,S5,5,23,3,1,1,0,1,0,0,0,0,0,1,2
63174,attack,clean_target_effective,2,S0,0,22,6,1,1,0,1,0,0,0,0,0,1,2
63176,attack,clean_target_effective,2,S5,5,23,2,1,1,0,1,0,0,0,0,0,1,2
63179,attack,missed,0,S0,0,22,7,1,0,0,0,1,0,0,0,0,0,0
63181,attack,clean_target_ineffective,1,S0,0,23,6,1,1,1,0,0,0,0,0,1,0,1
63191,attack,off_target,3,S0,0,23,7,1,0,0,0,0,1,0,0,0,0,0
63194,attack,off_target,3,S5,5,23,2,1,0,0,0,0,1,0,0,0,0,0
63195,attack,clean_target_effective,2,S0,0,23,2,1,1,0,1,0,0,0,0,0,1,2
63196,attack,invalid_reset,5,S0,0,22,5,0,0,0,0,0,0,0,1,0,0,0
63201,attack,off_target,3,S0,0,23,7,1,0,0,0,0,1,0,0,0,0,0
63204,attack,missed,0,S0,0,23,2,1,0,0,0,1,0,0,0,0,0,0
63206,attack,missed,0,S0,0,23,1,1,0,0,0,1,0,0,0,0,0,0
63207,attack,clean_target_effective,2,S5,5,22,1,1,1,0,1,0,0,0,0,0,1,2
63218,attack,clean_target_effective,2,S0,0,22,0,1,1,0,1,0,0,0,0,0,1,2
63219,attack,clean_target_effective,2,S5,5,22,2,1,1,0,1,0,0,0,0,0,1,2
63221,attack,missed,0,S0,0,22,4,1,0,0,0,1,0,0,0,0,0,0
63223,attack,off_target,3,S5,5,23,5,1,0,0,0,0,1,0,0,0,0,0
63225,attack,clean_target_effective,2,S0,0,22,6,1,1,0,1,0,0,0,0,0,1,2
63229,attack,missed,0,S0,0,23,1,1,0,0,0,1,0,0,0,0,0,0
63237,attack,missed,0,S0,0,23,7,1,0,0,0,1,0,0,0,0,0,0
63241,attack,invalid_reset,5,S5,5,22,0,0,0,0,0,0,0,0,1,0,0,0
63248,attack,clean_target_effective,2,S5,5,22,5,1,1,0,1,0,0,0,0,0,1,2
63251,attack,clean_target_effective,2,S5,5,22,7,1,1,0,1,0,0,0,0,0,1,2
63256,attack,off_target,3,S0,0,23,6,1,0,0,0,0,1,0,0,0,0,0
63264,attack,off_target,3,S0,0,23,5,1,0,0,0,0,1,0,0,0,0,0
63270,attack,missed,0,S0,0,23,1,1,0,0,0,1,0,0,0,0,0,0
63272,attack,clean_target_effective,2,S5,5,23,1,1,1,0,1,0,0,0,0,0,1,2
63275,attack,clean_target_ineffective,1,S5,5,23,5,1,1,1,0,0,0,0,0,1,0,1
63276,attack,off_target,3,S0,0,22,4,1,0,0,0,0,1,0,0,0,0,0
63278,attack,invalid_reset,5,S0,0,23,6,0,0,0,0,0,0,0,1,0,0,0
63284,attack,invalid_reset,5,S0,0,22,5,0,0,0,0,0,0,0,1,0,0,0
63287,attack,off_target,3,S0,0,22,0,1,0,0,0,0,1,0,0,0,0,0
63295,attack,clean_target_effective,2,S0,0,23,6,1,1,0,1,0,0,0,0,0,1,2
63297,attack,clean_target_ineffective,1,S5,5,23,2,1,1,1,0,0,0,0,0,1,0,1
63302,attack,clean_target_effective,2,S5,5,22,2,1,1,0,1,0,0,0,0,0,1,2
63305,attack,missed,0,S5,5,22,5,1,0,0,0,1,0,0,0,0,0,0
63311,attack,missed,0,S0,0,23,1,1,0,0,0,1,0,0,0,0,0,0
63315,attack,clean_target_ineffective,1,S0,0,22,1,1,1,1,0,0,0,0,0,1,0,1
63317,attack,clean_target_effective,2,S0,0,22,2,1,1,0,1,0,0,0,0,0,1,2
63331,attack,clean_target_ineffective,1,S0,0,22,1,1,1,1,0,0,0,0,0,1,0,1
63333,attack,clean_target_effective,2,S0,0,23,2,1,1,0,1,0,0,0,0,0,1,2
63334,attack,off_target,3,S0,0,22,0,1,0,0,0,0,1,0,0,0,0,0
63335,attack,off_target,3,S5,5,23,0,1,0,0,0,0,1,0,0,0,0,0
63336,attack,missed,0,S0,0,22,0,1,0,0,0,1,0,0,0,0,0,0
63339,attack,missed,0,S0,0,23,3,1,0,0,0,1,0,0,0,0,0,0
63340,attack,missed,0,S0,0,23,6,1,0,0,0,1,0,0,0,0,0,0
63354,attack,invalid_reset,5,S0,0,23,7,0,0,0,0,0,0,0,1,0,0,0
63355,attack,multi_hit,4,S0,0,22,5,1,0,0,0,0,0,1,0,0,0,0
63363,attack,missed,0,S0,0,22,0,1,0,0,0,1,0,0,0,0,0,0
63364,attack,missed,0,S5,5,22,2,1,0,0,0,1,0,0,0,0,0,0
63370,attack,clean_target_effective,2,S0,0,23,2,1,1,0,1,0,0,0,0,0,1,2
63376,attack,off_target,3,S0,0,23,1,1,0,0,0,0,1,0,0,0,0,0
63381,attack,missed,0,S5,5,22,1,1,0,0,0,1,0,0,0,0,0,0
63385,attack,missed,0,S5,5,23,1,1,0,0,0,1,0,0,0,0,0,0
63393,attack,missed,0,S5,5,22,4,1,0,0,0,1,0,0,0,0,0,0
63400,attack,missed,0,S0,0,22,2,1,0,0,0,1,0,0,0,0,0,0
63405,attack,missed,0,S0,0,22,3,1,0,0,0,1,0,0,0,0,0,0
63406,attack,clean_target_effective,2,S0,0,23,1,1,1,0,1,0,0,0,0,0,1,2
63408,attack,clean_target_ineffective,1,S5,5,23,4,1,1,1,0,0,0,0,0,1,0,1
63413,attack,off_target,3,S5,5,22,3,1,0,0,0,0,1,0,0,0,0,0
63424,attack,invalid_reset,5,S5,5,22,7,0,0,0,0,0,0,0,1,0,0,0
63428,attack,clean_target_effective,2,S5,5,22,2,1,1,0,1,0,0,0,0,0,1,2
63431,attack,clean_target_effective,2,S0,0,23,3,1,1,0,1,0,0,0,0,0,1,2
63432,attack,missed,0,S0,0,23,1,1,0,0,0,1,0,0,0,0,0,0
63435,attack,invalid_reset,5,S5,5,22,3,0,0,0,0,0,0,0,1,0,0,0
63436,attack,clean_target_ineffective,1,S0,0,23,2,1,1,1,0,0,0,0,0,1,0,1
63437,attack,clean_target_effective,2,S5,5,23,0,1,1,0,1,0,0,0,0,0,1,2
63438,attack,missed,0,S0,0,23,7,1,0,0,0,1,0,0,0,0,0,0
63449,attack,clean_target_ineffective,1,S0,0,22,5,1,1,1,0,0,0,0,0,1,0,1
63463,attack,off_target,3,S5,5,22,7,1,0,0,0,0,1,0,0,0,0,0
63464,attack,multi_hit,4,S0,0,23,3,1,0,0,0,0,0,1,0,0,0,0
63477,attack,clean_target_effective,2,S0,0,22,6,1,1,0,1,0,0,0,0,0,1,2
63480,attack,missed,0,S0,0,22,2,1,0,0,0,1,0,0,0,0,0,0
63489,attack,clean_target_ineffective,1,S0,0,23,7,1,1,1,0,0,0,0,0,1,0,1
63495,attack,off_target,3,S5,5,22,5,1,0,0,0,0,1,0,0,0,0,0
63512,attack,multi_hit,4,S0,0,22,2,1,0,0,0,0,0,1,0,0,0,0
63521,attack,clean_target_effective,2,S0,0,23,4,1,1,0,1,0,0,0,0,0,1,2
63525,attack,clean_target_ineffective,1,S5,5,22,0,1,1,1,0,0,0,0,0,1,0,1
63532,attack,invalid_reset,5,S5,5,23,3,0,0,0,0,0,0,0,1,0,0,0
63533,attack,missed,0,S0,0,22,2,1,0,0,0,1,0,0,0,0,0,0
63536,attack,clean_target_effective,2,S5,5,22,4,1,1,0,1,0,0,0,0,0,1,2
63542,attack,invalid_reset,5,S0,0,23,4,0,0,0,0,0,0,0,1,0,0,0
63549,attack,clean_target_effective,2,S5,5,23,6,1,1,0,1,0,0,0,0,0,1,2
63560,attack,off_target,3,S5,5,22,4,1,0,0,0,0,1,0,0,0,0,0
63561,attack,clean_target_effective,2,S0,0,22,5,1,1,0,1,0,0,0,0,0,1,2
63563,attack,off_target,3,S5,5,22,4,1,0,0,0,0,1,0,0,0,0,0
63564,attack,clean_target_effective,2,S5,5,22,7,1,1,0,1,0,0,0,0,0,1,2
63568,attack,off_target,3,S0,0,23,6,1,0,0,0,0,1,0,0,0,0,0
63571,attack,clean_target_effective,2,S0,0,22,5,1,1,0,1,0,0,0,0,0,1,2
63574,attack,multi_hit,4,S5,5,23,1,1,0,0,0,0,0,1,0,0,0,0
63575,attack,missed,0,S5,5,22,1,1,0,0,0,1,0,0,0,0,0,0
63578,attack,missed,0,S0,0,23,5,1,0,0,0,1,0,0,0,0,0,0
63586,attack,off_target,3,S5,5,23,3,1,0,0,0,0,1,0,0,0,0,0
63587,attack,missed,0,S5,5,23,6,1,0,0,0,1,0,0,0,0,0,0
63589,attack,clean_target_effective,2,S5,5,23,0,1,1,0,1,0,0,0,0,0,1,2
63595,attack,off_target,3,S0,0,22,3,1,0,0,0,0,1,0,0,0,0,0
63596,attack,multi_hit,4,S5,5,23,2,1,0,0,0,0,0,1,0,0,0,0
63597,attack,missed,0,S5,5,22,7,1,0,0,0,1,0,0,0,0,0,0
63605,attack,missed,0,S0,0,23,6,1,0,0,0,1,0,0,0,0,0,0
63608,attack,clean_target_effective,2,S5,5,22,3,1,1,0,1,0,0,0,0,0,1,2
63614,attack,clean_target_effective,2,S5,5,23,6,1,1,0,1,0,0,0,0,0,1,2
63615,attack,multi_hit,4,S5,5,23,6,1,0,0,0,0,0,1,0,0,0,0
63618,attack,clean_target_ineffective,1,S5,5,22,5,1,1,1,0,0,0,0,0,1,0,1
63623,attack,clean_target_effective,2,S0,0,23,6,1,1,0,1,0,0,0,0,0,1,2
63640,attack,off_target,3,S0,0,23,4,1,0,0,0,0,1,0,0,0,0,0
63643,attack,multi_hit,4,S0,0,22,6,1,0,0,0,0,0,1,0,0,0,0
63647,attack,clean_target_effective,2,S5,5,23,3,1,1,0,1,0,0,0,0,0,1,2
63649,attack,clean_target_effective,2,S0,0,22,7,1,1,0,1,0,0,0,0,0,1,2
63654,attack,invalid_reset,5,S5,5,23,7,0,0,0,0,0,0,0,1,0,0,0
63660,attack,clean_target_effective,2,S0,0,22,3,1,1,0,1,0,0,0,0,0,1,2
63666,attack,off_target,3,S0,0,22,0,1,0,0,0,0,1,0,0,0,0,0
63670,attack,clean_target_ineffective,1,S5,5,22,2,1,1,1,0,0,0,0,0,1,0,1
63679,attack,missed,0,S0,0,22,0,1,0,0,0,1,0,0,0,0,0,0
63681,attack,off_target,3,S0,0,22,3,1,0,0,0,0,1,0,0,0,0,0
63682,attack,clean_target_effective,2,S0,0,23,4,1,1,0,1,0,0,0,0,0,1,2
63685,attack,clean_target_effective,2,S5,5,22,4,1,1,0,1,0,0,0,0,0,1,2
63694,attack,off_target,3,S5,5,23,3,1,0,0,0,0,1,0,0,0,0,0
63697,attack,clean_target_effective,2,S5,5,22,5,1,1,0,1,0,0,0,0,0,1,2
63698,attack,clean_target_effective,2,S5,5,23,7,1,1,0,1,0,0,0,0,0,1,2
63700,attack,multi_hit,4,S0,0,22,0,1,0,0,0,0,0,1,0,0,0,0
63702,attack,missed,0,S0,0,23,3,1,0,0,0,1,0,0,0,0,0,0
63707,attack,clean_target_effective,2,S5,5,22,1,1,1,0,1,0,0,0,0,0,1,2
63708,attack,missed,0,S0,0,22,7,1,0,0,0,1,0,0,0,0,0,0
63710,attack,clean_target_effective,2,S5,5,23,7,1,1,0,1,0,0,0,0,0,1,2
63711,attack,clean_target_effective,2,S0,0,23,5,1,1,0,1,0,0,0,0,0,1,2
63717,attack,missed,0,S5,5,23,5,1,0,0,0,1,0,0,0,0,0,0
63720,attack,missed,0,S5,5,23,4,1,0,0,0,1,0,0,0,0,0,0
63730,attack,clean_target_effective,2,S5,5,22,3,1,1,0,1,0,0,0,0,0,1,2
63735,attack,off_target,3,S5,5,23,0,1,0,0,0,0,1,0,0,0,0,0
63736,attack,clean_target_effective,2,S5,5,22,0,1,1,0,1,0,0,0,0,0,1,2
63742,attack,clean_target_effective,2,S0,0,22,3,1,1,0,1,0,0,0,0,0,1,2
63743,attack,multi_hit,4,S0,0,22,4,1,0,0,0,0,0,1,0,0,0,0
63746,attack,clean_target_effective,2,S0,0,22,4,1,1,0,1,0,0,0,0,0,1,2
63749,attack,off_target,3,S5,5,22,3,1,0,0,0,0,1,0,0,0,0,0
63754,attack,missed,0,S0,0,22,5,1,0,0,0,1,0,0,0,0,0,0
63755,attack,off_target,3,S5,5,23,1,1,0,0,0,0,1,0,0,0,0,0
63762,attack,clean_target_ineffective,1,S0,0,22,1,1,1,1,0,0,0,0,0,1,0,1
63764,attack,multi_hit,4,S0,0,22,0,1,0,0,0,0,0,1,0,0,0,0
63768,attack,missed,0,S0,0,22,6,1,0,0,0,1,0,0,0,0,0,0
63789,attack,clean_target_effective,2,S0,0,22,3,1,1,0,1,0,0,0,0,0,1,2
63795,attack,missed,0,S0,0,22,5,1,0,0,0,1,0,0,0,0,0,0
63807,attack,missed,0,S0,0,23,3,1,0,0,0,1,0,0,0,0,0,0
63809,attack,off_target,3,S5,5,22,5,1,0,0,0,0,1,0,0,0,0,0
63811,attack,off_target,3,S5,5,22,5,1,0,0,0,0,1,0,0,0,0,0
63816,attack,off_target,3,S5,5,22,6,1,0,0,0,0,1,0,0,0,0,0
63822,attack,clean_target_effective,2,S5,5,23,4,1,1,0,1,0,0,0,0,0,1,2
63829,attack,clean_target_ineffective,1,S5,5,23,1,1,1,1,0,0,0,0,0,1,0,1
63833,attack,clean_target_effective,2,S5,5,22,6,1,1,0,1,0,0,0,0,0,1,2
63835,attack,off_target,3,S5,5,23,0,1,0,0,0,0,1,0,0,0,0,0
63838,attack,clean_target_ineffective,1,S0,0,22,7,1,1,1,0,0,0,0,0,1,0,1
63840,attack,missed,0,S5,5,23,1,1,0,0,0,1,0,0,0,0,0,0
63841,attack,multi_hit,4,S0,0,23,4,1,0,0,0,0,0,1,0,0,0,0
63843,attack,missed,0,S5,5,22,0,1,0,0,0,1,0,0,0,0,0,0
63846,attack,invalid_reset,5,S0,0,23,4,0,0,0,0,0,0,0,1,0,0,0
63847,attack,multi_hit,4,S0,0,23,1,1,0,0,0,0,0,1,0,0,0,0
63848,attack,missed,0,S5,5,22,0,1,0,0,0,1,0,0,0,0,0,0
63852,attack,clean_target_effective,2,S0,0,22,5,1,1,0,1,0,0,0,0,0,1,2
63859,attack,clean_target_ineffective,1,S5,5,23,1,1,1,1,0,0,0,0,0,1,0,1
63862,attack,clean_target_effective,2,S0,0,22,0,1,1,0,1,0,0,0,0,0,1,2
63868,attack,multi_hit,4,S0,0,22,2,1,0,0,0,0,0,1,0,0,0,0
63870,attack,missed,0,S0,0,22,6,1,0,0,0,1,0,0,0,0,0,0
63873,attack,multi_hit,4,S0,0,22,2,1,0,0,0,0,0,1,0,0,0,0
63876,attack,multi_hit,4,S5,5,22,4,1,0,0,0,0,0,1,0,0,0,0
63879,attack,clean_target_effective,2,S0,0,23,4,1,1,0,1,0,0,0,0,0,1,2
63890,attack,multi_hit,4,S0,0,23,0,1,0,0,0,0,0,1,0,0,0,0
63895,attack,missed,0,S0,0,22,7,1,0,0,0,1,0,0,0,0,0,0
63905,attack,missed,0,S5,5,22,0,1,0,0,0,1,0,0,0,0,0,0
63906,attack,clean_target_effective,2,S5,5,22,2,1,1,0,1,0,0,0,0,0,1,2
63907,attack,off_target,3,S0,0,22,6,1,0,0,0,0,1,0,0,0,0,0
63908,attack,missed,0,S5,5,22,5,1,0,0,0,1,0,0,0,0,0,0
63910,attack,clean_target_effective,2,S5,5,23,6,1,1,0,1,0,0,0,0,0,1,2
63911,attack,clean_target_effective,2,S0,0,23,1,1,1,0,1,0,0,0,0,0,1,2
63921,attack,invalid_reset,5,S0,0,23,3,0,0,0,0,0,0,0,1,0,0,0
63926,attack,missed,0,S0,0,22,1,1,0,0,0,1,0,0,0,0,0,0
63930,attack,clean_target_effective,2,S0,0,23,6,1,1,0,1,0,0,0,0,0,1,2
63937,attack,clean_target_effective,2,S0,0,23,7,1,1,0,1,0,0,0,0,0,1,2
63941,attack,off_target,3,S5,5,23,5,1,0,0,0,0,1,0,0,0,0,0
63949,attack,clean_target_effective,2,S0,0,23,6,1,1,0,1,0,0,0,0,0,1,2
63951,attack,clean_target_effective,2,S0,0,23,6,1,1,0,1,0,0,0,0,0,1,2
63961,attack,clean_target_effective,2,S0,0,22,6,1,1,0,1,0,0,0,0,0,1,2
63966,attack,off_target,3,S0,0,23,6,1,0,0,0,0,1,0,0,0,0,0
63983,attack,clean_target_effective,2,S0,0,23,7,1,1,0,1,0,0,0,0,0,1,2
63988,attack,multi_hit,4,S0,0,23,0,1,0,0,0,0,0,1,0,0,0,0
63992,attack,clean_target_ineffective,1,S0,0,23,5,1,1,1,0,0,0,0,0,1,0,1
63995,attack,off_target,3,S5,5,22,7,1,0,0,0,0,1,0,0,0,0,0
