trace_id,key_id,session_id,plaintext_class,plaintext_hex,ciphertext_hex,global_trigger_sample,sampling_rate_hz,number_of_samples,trace_sha256,global_alignment_shift_samples,affine_residual_intercept_samples,affine_residual_slope_samples_per_sample,affine_residual_slope_ppm,reference_correlation_before,reference_correlation_after
0,1,2,random,54fd2c9f990a17e2,988dd40a68e9002f,96,100000000.0,4288,55c3fabb0995fc06264310d7480e2965dc8b18515fbda25d9a0f8d325ba559b1,0,1.2157167525874686,-0.0007896738195901631,-789.673819590163,0.09893839501086286,0.1455977410490571
1,0,1,random,c61c0072c5b857df,d6e31f728318ab40,96,100000000.0,4288,84153415633a416c715bea989a1e33e6a8ac69ab33cc881cee305511c5599411,1,-1.0283061490551617,0.0007302238935253707,730.2238935253706,0.12671493462790062,0.20301648991721366
2,2,0,random,deb8155fe29aef14,18c158a7a1f4f39a,96,100000000.0,4288,8688e47fc487c244902ed1982b87d158b2986169982ed48643f6ee94c01d9a98,-6,8.0,-0.0026324770589680924,-2632.4770589680925,0.08772330458516521,0.12201669286512537
3,3,0,random,ebc43a304724c7d9,95c3177fe1709186,96,100000000.0,4288,ce80497b241768f25d22817cf938f89a388231e3e670eafc35fe49632e7c542f,1,2.118286382019212,-0.0027306324828881103,-2730.63248288811,0.15942328464486535,0.27987728460985195
4,3,2,random,bd2a9e1791331b63,845aa287eca8b164,96,100000000.0,4288,b9ba1ec2180d4dae9b45639ca17fd7f512c18b9c0666bedb0a57b7b6e13cb848,1,0.9211488720290493,-0.0008743117072119381,-874.3117072119381,0.11413909787227311,0.21757049561595465
5,3,3,random,33c0a988336828d8,4a5c44a7111cf7e8,96,100000000.0,4288,796be1e4e7a7604784e8d2c68b83c53aa0fffabe5cf6fb9c43f079d883bae73f,0,1.0187271653927576,-0.0007345787203410528,-734.5787203410528,0.152579810958638,0.2056637258074275
6,3,3,random,658ca1d427cb6dd8,c6084181df39abdf,96,100000000.0,4288,9beebd400c1d03db6ce3b2c14bb2f6ffb3789b711d0438c20c2160632235aa50,7,-1.8089308748030604,0.0008583302210143254,858.3302210143254,0.03242443418219209,0.20095358223635498
7,2,3,random,6733f1fb7edefaf5,b4d6f4dbb72ddb85,96,100000000.0,4288,3c8efd06ad153140f8b18ed9404587b955592fed6bf0f49e4ddda3b827738c75,1,3.733783615206626,0.0007101878056057405,710.1878056057404,0.1347593299744955,0.01437023248357312
8,1,2,random,2ff9f145db155fe3,5900a04f0e5e80ce,96,100000000.0,4288,57dd2baa5de79cd45e146d1b56b2af6499536c7c4a2b5fd0ce403eee0f935a10,1,-1.0216494029773173,0.00039923170266791745,399.23170266791743,0.15123929705573372,0.20293371415628833
9,1,1,random,888b2b73911878b7,84fb8f8d22b4a366,96,100000000.0,4288,21f39d4f7188540aa85fcd2a2f501d6402f6377fa825bd468958e5c3872d8c4b,-1,-1.9129916383360348,0.0009651696404711606,965.1696404711606,0.1033590233040288,0.19772087442061637
10,1,2,random,9608060982a47143,4e254fed115328ad,96,100000000.0,4288,2884873d4f81a3dca4cdd70829c899cf2b353c17caafcd8db63bc7b1f7dd08c6,0,-1.948744671371254,0.0007806067089550404,780.6067089550404,0.0891762144822793,0.16569333269305486
11,1,0,random,58c3f799c2545ac3,8111b0b90db38063,96,100000000.0,4288,7a2af4ede90fea41344ed0cab60e430744902f26e888dc7ecbf7dd503c9047a5,1,0.6244146545211068,-0.0013704789001330333,-1370.4789001330332,0.13656739784326485,0.17711936384824317
12,2,0,walking_one,0000000000000001,31c87cd2dc1907bd,96,100000000.0,4288,a7bcdb97dc9b9a3253e23e2c6a20f962cd10706048a4b4c74131aab891764c56,-1,1.5419368492659606,-0.00261318326658285,-2613.1832665828497,0.14819672685613222,0.3261254662742394
13,3,0,walking_zero,fffffffffffffffe,e139dad4861b7529,96,100000000.0,4288,1f680205b877253c6beac0d24a1e66b46244c729442c493b0ef7b43381b4e4bf,1,1.5272811999442277,-0.002676365499866488,-2676.365499866488,0.14357057830371933,0.2674534006147897
14,1,2,repeated_nibble,0000000000000000,7ec99b4d2d6e6447,96,100000000.0,4288,b72b276abf5f8c80886eab1ebe20728289ecf2b1cec7123f8d345d1ce4b8ba7d,-2,-0.2595111182918265,-9.084730395224853e-06,-9.084730395224852,0.1004551476824906,0.2390692191126028
15,1,0,counter,454021de755d453b,415b1b062c7ecc06,96,100000000.0,4288,75b90003c636e25ea55fdc93fa8d4963e23c3cadf01088ddd7bed12c41b28614,-4,3.4463833834269675,-0.003175412411552411,-3175.412411552411,0.047650886312244393,0.2524884621239955
16,0,0,random,26f9d64c290c99fc,853534861e37ef6c,96,100000000.0,4288,d35c61f8948880848dd8894b6aaf12fed70b7bda0c990138931222b996c4ec8d,-4,2.5994060587581256,-0.003228334588101271,-3228.334588101271,0.021601452418752984,0.25566617202554953
17,2,2,random,f2f98b4341e95d77,bf79eee4bc9096c9,96,100000000.0,4288,62f5e3ad7d8bc0ceff6ca6057ae64ce77fda9cdc93990740793fb6327076cf0d,-1,-0.6464255785617004,0.0014948447033372519,1494.844703337252,0.09523011542191168,0.07568362966894436
18,3,3,random,33f7435496392594,132b02895e6222e5,96,100000000.0,4288,197d74551de3a00b25f4e68779374bd594fa6671168b9a824027903e211438a3,5,-1.1227721361262808,0.0004421746443991118,442.1746443991118,0.03931828667713458,0.20498265998462295
19,2,0,random,ffcee54bb2bfe82b,2f90087a0fcd4b14,96,100000000.0,4288,7f768ef661aa3cd9932cedfabd66aa38842ef2fa791033431e7a5b63424fd58a,-1,-0.45456407529159976,-0.0007880397058690726,-788.0397058690727,0.13398521948889933,0.13365468978478612
20,2,2,random,1e5faabbee84c7e5,f0d54697cfd2162e,96,100000000.0,4288,71e047826e151ce9203556bb20d773d428181c849096ec0a084ba8e04987d3a3,1,1.9317392984111934,-0.00042219094343393213,-422.19094343393215,0.13485213273623506,0.22877244698970778
21,3,1,random,479fa263299c93ae,caebd94ad3ccb0f7,96,100000000.0,4288,8df54de2f2cf83ddcf288367443af2ce0f0d6987abed9ca2d8708ec280eb856b,0,-2.7962582648955845,0.0016903162416424355,1690.3162416424354,0.11653435227437972,0.21605813711096863
22,1,3,random,39d37c4aafcfffe1,a873f8252fe400a9,96,100000000.0,4288,fb43b7841cd6e4206624f2506d9b04c579cae4e493edb060dab0ae9a49c43970,0,-0.2997322489381851,0.0010924450863065206,1092.4450863065206,0.15473259776325468,0.15352722126794804
23,3,3,random,b378552c60861905,eb9d38cc80bcfd03,96,100000000.0,4288,59377f2a9bda3053e3edf83ce29f857cb3c348ff5e5fff3c1c634d9704b4e6c6,3,-1.9094256242215537,0.0007500057958498888,750.0057958498888,0.0988038984917277,0.14373352892171692
24,0,2,random,8e4f5c086b06dd64,613ebf3acbb5a115,96,100000000.0,4288,feaedc611c0fcc857824afe9c4e379bd5f53b247230318dba9ace9d83e1a9bcc,0,-6.5483581226517185,0.0037313432835820895,3731.3432835820895,0.15376424947843653,0.08947915047976707
25,0,1,random,88a22ed8268cbaf9,996556000a4f3199,96,100000000.0,4288,35dd927acc370ba7f02d9ad348988eafbaac2e5091c64d8a86b3aa7de9d07bf7,1,-0.24626008436378835,0.0003997122764891507,399.71227648915067,0.1556671305172902,0.2359731932941655
26,0,3,random,486b11125707eef4,0b8c985317b58031,96,100000000.0,4288,a54285eb9fc0d37d2ddf85f9ce087a445fcd97dc9dffbc6e94771dd4c24bfe7b,-1,-1.6589924802117482,0.0009163939675009016,916.3939675009016,0.1274093766639917,0.12687134982807705
27,2,3,random,d193a558465e62b3,893cbc5cd80bc2d3,96,100000000.0,4288,b770c0a1154333f9c7089691ae6b44e069ed9419ef95ecd7188e0f463b67f7c8,-2,-4.098149280436591,0.0026604280218219317,2660.428021821932,0.13480102897226082,0.07746911347506413
28,0,1,walking_one,0000000000000002,e45bc5c348147b04,96,100000000.0,4288,81d47d26cb1e633cf15941458be9a3af961b5a9a49cdabc12050fb3a6dd2c442,0,-1.2023395909240584,0.0005102538665146585,510.2538665146585,0.11942253982271585,0.20995207444208586
29,0,1,walking_zero,fffffffffffffffd,7a6d623cad17d1b5,96,100000000.0,4288,a89cd76da6a42b6982f71036f7171b20f22710957ebb3b0935d7c891acc8f2e8,1,-1.9394546094539404,0.0023550630078544026,2355.0630078544027,0.125095106201198,0.22595528097811785
30,1,1,repeated_nibble,1111111111111111,977b70a90c0c8194,96,100000000.0,4288,23c258650af173659a9a04220ebb1619e89ee62bf9480b9c6e4014b9c4af7957,2,-0.835460189592975,0.0002485672784669834,248.5672784669834,0.13874416738026624,0.19577417817267306
31,0,1,counter,28b7bd766a05068b,f165fb46e9b67bf2,96,100000000.0,4288,b64f6d5493112c1b7e9ba7dd8a6c50c069dc5974db6bae3fa1a0a386ca03e3c3,0,-1.6674022766690642,0.0013171462588855987,1317.1462588855986,0.15122170281407354,0.25273231406347424
32,2,3,random,c955ec03941e3a91,2fa89f106c5ba7a2,96,100000000.0,4288,7540d8991c0d7c7777abad69ec140552a169d114d1cd58efd027f0df016eb3d6,-1,0.057097920433690524,-5.091738901408276e-05,-50.91738901408276,0.12850259314594545,0.19549051075796686
33,0,1,random,917166f576e6c6d0,8a4affb8dd77ddef,96,100000000.0,4288,a304a3cfd14561c5d1e4687035e8442e32db4de687d60dc24b072c76299faf97,-2,2.6555499941910723,-0.001580711831692167,-1580.711831692167,0.13623211873690136,0.26773251477991433
34,3,0,random,c9cc1b2155fbfc13,8e34b884a47ed659,96,100000000.0,4288,7906991401cb37f574378c0be03fe00f021df008128b74c5e244d4ab0317c9cc,-4,4.329343203743364,-0.003637894943666073,-3637.894943666073,0.04900920383385608,0.21417553620728286
35,2,0,random,79ece560ee9b7f30,df2da7150dfd4b17,96,100000000.0,4288,2ae4000e982bccca4430ef1dd5d032ab998c749dc9d3f4241c21b8c6e7dc69d7,-1,-1.126931313632171,-0.001037785467171007,-1037.785467171007,0.12912849581052913,0.1445596647668061
36,1,0,random,c6563e3e97e65e38,eaf6ba5ac45f745d,96,100000000.0,4288,86113890056b20cda2fe11808e6dbe927f832e8b0d19cde9e5b5a15d42667753,2,-0.9840883904161591,0.0008810905906506368,881.0905906506367,0.11592638415405689,0.1786031390090888
37,2,2,random,87daee678c8e5905,ae0c741e271386ce,96,100000000.0,4288,981d533cdf48d20d7a59434ebe0a9e0eca1c60d26c360b178f15bb6d8324ed37,-4,3.2348795015183787,-0.0008308738201988063,-830.8738201988064,0.03226031644720033,0.10730051107523067
38,1,0,random,cb54174daee0ddca,72b5d139d1ed48da,96,100000000.0,4288,aab8a5d9fe59d4fff421f269a32358076d74cb24b12b107fb2bf3d01678a1e2e,1,3.1003289068062,-0.0025593539961205124,-2559.3539961205124,0.12436027986301272,0.2305429878082995
39,3,0,random,57c3c50383a39549,c516640de6302d9a,96,100000000.0,4288,a7852507d2bd412e6e53524005333b5df5635a6a7977e16cf872f6ab3c55d769,-3,2.0953405409956254,-0.002930480405231662,-2930.480405231662,0.033036095752912976,0.22735753546835466
40,3,3,random,44386eea2183f4a1,59e4f13662fcf1ae,96,100000000.0,4288,21207349c2020c0819bf91bb11886f40278073f6078e177772091b3d9252bfc2,-3,0.24299732740898283,-0.0004391020051340114,-439.1020051340114,0.06856278783641738,0.21006456213877586
41,2,2,random,5907931c2bb02ac1,53ad05a49a48b72e,96,100000000.0,4288,b0085c81a3732704ba84ad6211f1133678f0bcb5158514d7b5552d5564c5e1aa,-2,0.03976332844408911,0.0001313007366020999,131.3007366020999,0.1416605504159463,0.260561693076811
42,3,0,random,0a17a288336986dd,83d13c87786c2ffa,96,100000000.0,4288,04eba6b6d2c9c4ee92a480d1dbd950f62035302f67bc2dca5dc6308d25e66de2,1,-3.5586656679280955,-0.0011898084714695657,-1189.8084714695658,0.09250039049148874,0.06588911218114958
43,2,2,random,2409732610fb2bd5,c43eabed738dd6c4,96,100000000.0,4288,84f2fe8704aefce384950feb7a9bd6a569d1cf110cad851ed3cd51d6d811cae7,-1,0.20452105794072373,-4.442021573234428e-05,-44.42021573234428,0.14164417726920941,0.1950621188880159
44,1,2,walking_one,0000000000000004,3e444f14dd1c9990,96,100000000.0,4288,73b5769d87707714fe58ccc58df566f605601ffb621e6917d2539e529266c167,0,0.11689385819873004,4.311967501339804e-05,43.11967501339804,0.12958538015141596,0.17375725263520522
45,1,0,walking_zero,fffffffffffffffb,9e96deedbd4d0098,96,100000000.0,4288,a873076e9ca9d97664942a4eca555cfe286288cf14398c58535c97740c436597,1,0.5371773242639858,-0.00024029955858073147,-240.29955858073149,0.13377310520734167,0.11725565033791988
46,0,3,repeated_nibble,2222222222222222,4e3b083e3d9c9203,96,100000000.0,4288,be5279e30961710f4231c12dea04f9b568200ece79a0157c673ad5a1ba899889,2,0.6718480991956091,-0.0012270909424736717,-1227.0909424736717,0.12023548966407724,0.20984951442877203
47,3,3,counter,0c2f590e5eacc7db,cf9b38cf865248f4,96,100000000.0,4288,6e3266353a6b3f39e002b4b5a35e66e559f99aed63d10dae85f83e28979bdd8d,-1,2.443146374656092,-0.0011545627118638095,-1154.5627118638095,0.1954962470570066,0.29185950973738134
48,3,0,random,38edd138564b9611,95da508cd92fbd72,96,100000000.0,4288,796a8b3d77be0311ea88c6f730f474fe6c796d20e8334d949d329fbb084d81f5,-3,0.3988518301117828,-0.0018850868326709823,-1885.0868326709824,0.09866123521653902,0.11661285669292212
49,1,0,random,cb2e8945186eaef7,102439bcd269d20b,96,100000000.0,4288,3936bf0961d02852526a42aa12939d3a7086d2631e2ffa9bfb49dfdda35bd5ce,-1,2.671816879919891,-0.0030806730966808577,-3080.6730966808577,0.11212931149973501,0.23544031242872948
50,1,2,random,e700ba993cfc0530,cee726d95d4efcad,96,100000000.0,4288,c329c14f6a06754dc5557e26120e0c0b236bde7ec43789ce8d606c8a1f9f0494,0,-1.9263139795506994,0.001851546690932718,1851.546690932718,0.16410113421442632,0.1254216415989157
51,0,3,random,8ec50fef24bb99f1,5d023b4e8d0abc6c,96,100000000.0,4288,bee924dab3458cebc7228f018e1cc7d30fdedab23eefa3528f02e810dc97ec02,0,1.5626714654064218,-0.0005676922883769139,-567.6922883769139,0.14931064367310087,0.23613907846716428
52,2,0,random,fc383813b874e38f,1abcc5f1350abaff,96,100000000.0,4288,e4290533b2ac901683cf784652101837ffba1402a721b09b63dde4018555dd09,-2,0.5662600745283296,-0.0013117422680899913,-1311.7422680899913,0.11021650766188326,0.27169910293791005
53,3,0,random,ebf000849e1ae8e0,a932c6ec2d3d1dd6,96,100000000.0,4288,2b0962a110ea6adfc3ec9938788480fcbb741ede510ebadcfa24e01c51b6ca4f,-3,3.0709232713342147,-0.001679336660128992,-1679.336660128992,0.04196657787667473,0.04449051371296076
54,3,3,random,05bdf34d72ac98e9,f1438a0e690a47e7,96,100000000.0,4288,70212c0d346236e7549d32e2b1493e9aa5fe9205388104d6b618155f73f62b9e,2,0.18877560095102974,-0.00032819082001163456,-328.19082001163457,0.16378415265383092,0.24344325396110117
55,0,2,random,7ab9d373a6a4f3fa,79e3acb1f95362b0,96,100000000.0,4288,ab505fe861259ee212bb0caec1ea0635517d00db3eba0fef8ec2b2eb2c20dfe6,-1,0.4633272229238641,-0.0006608125266616487,-660.8125266616487,0.16159350067733688,0.2532782019625829
56,1,0,random,7884fe8a4cec74a2,c0544166f3de1619,96,100000000.0,4288,b91f9556c0411043a0893a580d2a589e0ce2760de94c97a1fcb052854f869c64,3,-0.6887169916873878,-0.001022752211571798,-1022.7522115717981,0.06840813779869487,0.1260365128474723
57,3,1,random,5ce2ec6225aa7a90,d1eb20997adc9356,96,100000000.0,4288,e9b2ba1723336c55707938816b0f4922fbebdfc4f96a98d507bb35d9a9b7afa0,-4,-0.7415087228952945,0.000723364194992502,723.364194992502,0.036232922003007914,0.23760397872810815
58,2,0,random,4f488eea03987284,83033e69f3b0245f,96,100000000.0,4288,578dbec7f3234a6da1f44458e4d24973dc48924fb2c3bf5a42cdab926421b731,0,-2.0288802316841967,0.0002985681327484753,298.56813274847525,0.1354153499491201,0.12175311084929498
59,1,3,random,4a7fe3b42a56d158,fa8a25c9db3e8539,96,100000000.0,4288,90f516e81bb923aa6706bcbb02fc49a6253ca1757f130054bf157bf9dc56c344,2,0.991565057757295,-0.00014738098032302975,-147.38098032302975,0.09158078737344251,0.21823550173688053
60,2,1,walking_one,0000000000000008,ce8be0a3b1fda43a,96,100000000.0,4288,3f899ea0e3471d5da5dbe61b023488fd53ef7d0030eeb114051b1271e53397a8,-1,1.0352018504452543,-0.0003603979626219968,-360.3979626219968,0.12769470027401206,0.151640404197761
61,1,2,walking_zero,fffffffffffffff7,23814d54287877b3,96,100000000.0,4288,6fa22bf972dd3ddfc6830a40d57a8809d00bc6c3b252e8dc378042d0e7fef4ce,0,0.7077953914805226,-0.0005891083889053488,-589.1083889053488,0.14687244534078292,0.20518553756554003
62,1,2,repeated_nibble,3333333333333333,5a777c568ad9a1d2,96,100000000.0,4288,03563a17d67d7d30388466978938703b4f2e9d9ecaaadab65780ede317baccb2,-2,1.469661278810003,-0.0004482483810700701,-448.2483810700701,0.10101799931371169,0.1844414110178467
63,1,3,counter,efa6f4a65354892b,4f4a8481a20b85e7,96,100000000.0,4288,762d9d20e6238f9829ec1c6e28cf4299436e2d403b647a7f2755deabdb1cc428,3,-1.147866065508473,0.00034611481624547346,346.11481624547343,0.10527049909876321,0.23504384242687593
64,1,1,random,dbed756fa40198e7,3793080b66149980,96,100000000.0,4288,dd8f742737d6d8a65bf3b3a9f977483ea54c3ffc2258229caa2ff81a8fa3edc4,4,-1.516854621648396,0.0007326817735426942,732.6817735426941,0.09029373605990745,0.2670623546758261
65,3,3,random,e597bc4d9a77bb51,43fb4a18a2e26330,96,100000000.0,4288,7e001af6822d3fc1e1efb51d6cc31e97b3ab3414af70a79e2c468357a6911313,1,-0.5759358640600194,6.188480961947954e-05,61.88480961947954,0.16530208435767765,0.2650436368087295
66,1,3,random,e10ce3014e044ad2,5217a81ecebcecbd,96,100000000.0,4288,0c92f7c00f645a57cf0c172762fa11ce19d71d47cb850c128bbaaa0086da58ec,0,1.7022998599955634,-0.002033447456994486,-2033.447456994486,0.1437378739541971,0.25421530059972186
67,2,2,random,d14111c6fa5cfa4a,5b4d44b35b9d109a,96,100000000.0,4288,dcd67c8737e5518c710ea68df52a0492c67cad5c81ce8470f706a82383778dc8,1,-2.666526165428275,0.0023739608539985737,2373.960853998574,0.13777530344337693,0.12042812533868091
68,3,0,random,4c5ed899c98acea3,bf28c187829fbc72,96,100000000.0,4288,17659da0960f9798e77dcfecbbcd06ba56cf3efa50838693997777532f390bba,-3,3.3092493229595856,-0.0031875827855469656,-3187.5827855469656,0.09021285308430932,0.2656948626512836
69,1,3,random,29af078e5eee3177,825a5ec5a02013db,96,100000000.0,4288,88e7d7c67cfac94a5d96949d645bd8b2b669ab689c4983f93075b520ea34c2bf,1,-0.8867777341114078,7.661916571711774e-05,76.61916571711774,0.1576152003595079,0.23482360107657282
70,1,0,random,2d22328c3fa5cb04,e3e3f6ced246ffb5,96,100000000.0,4288,3d397c9cba8bd60a837a1050d3ca689a818442f568ae15cf49fab8fd269bd241,2,1.5588422455467714,-0.0021658487054681905,-2165.8487054681905,0.11448072970179432,0.25932845579374997
71,1,1,random,a83e9990a684c3ff,76a5f2c17d984b6c,96,100000000.0,4288,650258d61eb94f88370bdba5978e533f3da0f18028759b9f17c2b38d0a0e6e62,2,-1.8188970190524423,0.0009706732044130525,970.6732044130525,0.10301912343855274,0.2291214851962258
72,1,2,random,95e16d8960ed99a2,83eaf5a267a60110,96,100000000.0,4288,b7609454186ff778768cc486abaafa15952359439fe7977fb16bc96fd44d1c4a,1,0.749208439284292,-0.000372932949067939,-372.93294906793903,0.1260579088186714,0.2281109357687714
73,1,1,random,c1d1d4d0e6e8b117,576dcb122fda31c7,96,100000000.0,4288,891c4daf10cced6d9015799a0209cc14696bfaf8bbd7069361da9297ccb1e703,0,0.09872057974022269,0.00013206276423922674,132.06276423922674,0.18702082649832616,0.26139770499144066
74,1,1,random,2c3b7f46cf001dce,94164ae175ebf47b,96,100000000.0,4288,6f66a63b77f9d58d321babfc7bd206f0ed5627bbb180ef26da7ce5dfdb1c03cd,5,-2.083421387549232,0.0014968471028233197,1496.8471028233196,0.060780999902094845,0.2352746170618531
75,2,2,random,d4bd5c79dd2f4c64,ea104445e6cfbe7f,96,100000000.0,4288,d5533bae7e2d8d6c1b125c4c14d14ff79a731d6e9e88df55f54ead6419b52c5f,-3,0.4783589452523001,-0.00015651635653508752,-156.5163565350875,0.06875867552247036,0.2041920461540756
76,2,2,walking_one,0000000000000010,730136a1e693480a,96,100000000.0,4288,f6dd5dc4a5c4c2022831fcb441031ffdb99c977eeffe872c4a40382d615be04a,-2,-1.6220321573849368,0.001665704852970651,1665.704852970651,0.08819441530596939,0.06527747476349582
77,1,2,walking_zero,ffffffffffffffef,4ae337423737ecad,96,100000000.0,4288,c7b6e1ba1aff2e3a5b9076191c40c204cf6414f28b41218bc5420da97d9f0e60,-3,1.642942460296825,-0.001043233536943246,-1043.233536943246,0.0897605713593701,0.2159874470751309
78,0,3,repeated_nibble,4444444444444444,5884a88d302210ed,96,100000000.0,4288,11a2d954bb3fb124b026263e602d29c661fac88fddac037c7a7daa23eca782f9,0,0.189836930659738,0.0007246573967163336,724.6573967163336,0.1148811722437543,0.09727568607822602
79,3,2,counter,d31e903e47fc4a7b,447f92050d866254,96,100000000.0,4288,4c86ce8c7bb0fecc27b90b50f4bbb3fbf5c604f140a5d98eb65301feafbc1ced,1,5.115063154852449,-0.001743710386793048,-1743.710386793048,0.1355203112466173,0.11648986808861418
80,1,0,random,e55950793bce2252,f4d8b723d05f1b3d,96,100000000.0,4288,2f86274c24d49279e13691c38cceec99204c796d8b0bbdac4c8958254ee05ff4,-2,-1.1206341548526086,-0.000998506008875925,-998.5060088759251,0.11963575557395408,0.1722294697192372
81,2,1,random,27f76f20a797e3a6,9c5a04f5a028ddbc,96,100000000.0,4288,a98438fa312995b1ea3c9034514ff093bf7b1aa4d51c86bf7e732cfc2b7e6390,-5,-0.898099746334482,0.0011089664992164254,1108.9664992164255,0.03645660988860963,0.16182232487688786
82,3,0,random,18106a1ed396eb17,be28605d9c2c2817,96,100000000.0,4288,421757413e4f27f275e2c9fc9f025b6c59e7d81e3d5055a10d74b86549d5349e,0,1.730657436133634,-0.0030372281747395157,-3037.228174739516,0.11607457610483778,0.2340587157522973
83,1,1,random,a76fdd5124a1ce09,465b9be192fa224e,96,100000000.0,4288,fddbb3fb5261ff7753298f906f27c53036aed31216307f6632eecfb6c2916056,0,-1.5333937866794947,0.0012628713271710735,1262.8713271710735,0.1714194311301113,0.2625302311417318
84,0,2,random,025e05ee01c54cc9,ae81d384cf97429d,96,100000000.0,4288,514a553ff4692f4cd1f4f86c58745be22ddd3d98ca1b93a451ee31afaa39e01b,2,1.096716970592368,-0.00036354337661428183,-363.54337661428184,0.0665951231605475,0.1995196148138437
85,3,0,random,ee1107e5e727336f,2ba9da78cd92081d,96,100000000.0,4288,47cfecd9cec852a319c622be14385338b2a9bbe4ab0dd04b0de437c491fc7cbc,-2,3.3775894043748664,-0.002370310741104638,-2370.310741104638,0.11207886014850148,0.20845154426068896
86,2,2,random,e6ba1e3e0b135dca,ba7fefe77383aa48,96,100000000.0,4288,46475dbb515e80a88636b281872532b74345a9e0f46eeecfeb1934086f8d68c0,-1,-0.11019478096071769,0.0001355989125140288,135.5989125140288,0.173270188776747,0.23167210041551012
87,3,3,random,d8c4052e3636952a,aa945e4698c3b5c9,96,100000000.0,4288,b9fe90a9e972eadbbc67cfe037d8834d775c2a10505b89bce799bdbfa878ee3e,-2,1.8034551149503177,-0.002171046290820047,-2171.046290820047,0.11254191329640119,0.23208171127924568
88,1,2,random,31c442ddb915af15,f0e3656173ff122c,96,100000000.0,4288,c2629fa01aa9533786b9c80e0f4e51793a09dcaf627e007877b19a2065b5dd20,0,-0.9771305575933272,0.0018624188014765733,1862.4188014765732,0.12212997347540616,0.08828378497378025
89,1,3,random,4b9f4d77672d56bd,5c8913fb2eb090da,96,100000000.0,4288,2282ef4bc6b9b68422242c8993d901f28a88876f36482894d554297e3bc07318,-2,0.19009078175565572,1.5227596396789014e-06,1.5227596396789014,0.1284643019499595,0.2531347679637867
90,0,1,random,d56f13c618dae1c2,3a9bbd0a58ff3157,96,100000000.0,4288,bff2751a3f196e6b193f63e56189b05134172d298148454fe2b9b694d995e021,1,3.96309761593333,-0.001634602126815798,-1634.602126815798,0.13099489097997502,0.06768198831612647
91,3,2,random,aee94e24e7b6db2e,09a28c323d8e5555,96,100000000.0,4288,c3bf4aa5cc970aa9a888e0fa5009a4ada2d48e56e198034e9d2a7b6e201afd56,2,-0.8127811075750991,0.00045249753240657407,452.49753240657407,0.12898276136960396,0.22061780403243175
92,2,0,walking_one,0000000000000020,a7443975a3301c7c,96,100000000.0,4288,2bb40459809d33bb83b861fd3c6c1caafe9e89d3eaae0fead2708bd9c502c46a,0,1.276519362769099,-0.0027270007904366517,-2727.0007904366516,0.1386360650900279,0.25174579724614843
93,2,0,walking_zero,ffffffffffffffdf,28cce6299d134679,96,100000000.0,4288,091087d6fbc14975dc68d9c696b01af8103097ad97f80fd057a3f8f838321158,0,-0.2841729579587786,-0.002071486985357727,-2071.486985357727,0.1176220230605963,0.24784367556662382
94,0,3,repeated_nibble,5555555555555555,e6ef47f6dd98ab14,96,100000000.0,4288,e513cabbba2255106781f9b9a96aedc8f6f1c948115e2f144a2ad5e65053e8dc,0,1.7349110913261567,-0.0008459620996460205,-845.9620996460205,0.13258945900418392,0.23515384045592275
95,0,2,counter,b6962bd63ca40bcb,190c3cdec95d0698,96,100000000.0,4288,727d60b3816b8b11c21e159eaf18badb9a3c854214b73a9a60442553142b6bdc,1,-0.44868038003614985,0.0010086724106173177,1008.6724106173176,0.12540647639549357,0.12554759863799825
96,2,3,random,ea8dc3c0e76a45c4,12f957c2f80de233,96,100000000.0,4288,0f8745296c9520735df04fd923b9851d004eedd72bd0ca385ca7a03501e28e38,2,-1.3893891611828781,0.0010939718584334044,1093.9718584334043,0.07324082875160741,0.049059851179106384
97,0,0,random,c455c25ff6eeee3a,a5c090e8fd48311c,96,100000000.0,4288,928924842505ab19b0ec4d0068322dfeb76a5f92a0eec633e99ee3a841199724,0,-1.218259430349877,-1.97864366334022e-05,-19.7864366334022,0.141191908832235,0.12454124606415529
98,1,0,random,82d272e6892e3ec9,8a4a2ea74d071fab,96,100000000.0,4288,037150d526ae2f3c1c17ae49560b3fd31bffbe9f59221ff8df6ac741f3954686,0,1.3989732544133466,-0.002126405970503932,-2126.405970503932,0.16380272085829156,0.1710398786912083
99,1,0,random,c7980bc0b0bb687b,54c0b128383ea71c,96,100000000.0,4288,3d10aa8bfc352a331acd59af51153973675a544d3513b04906604a229c70dcd7,0,2.387376728491333,-0.002578949607720246,-2578.949607720246,0.14195461553512043,0.30663359363657405
100,1,1,random,2c08406253bb1ebc,fc931f644a37befb,96,100000000.0,4288,c8e7c3a8c53e499d42b9b79fededf5a3a1e1cadce3f251291ecefb948613298f,0,-0.8994358260710771,0.0004793160777390228,479.31607773902283,0.1673678192167759,0.2410871163092987
101,0,0,random,00abbc2bf25c063d,a0f50ba6eb6b25a4,96,100000000.0,4288,5a3fa3bc35df5d1a710648d58f177e7817536489fd2318e8b8a6d0aa5bedbf7a,1,-3.9379085383342316,0.0008069024426121576,806.9024426121576,0.11917198592199754,0.08784991275638702
102,0,2,random,b3dd64aaa1831a5d,e9b1b84de79de563,96,100000000.0,4288,f5df02a0b5da6f726cce1651c744a3e231815e1000ef369099784839de4b8181,-1,1.1453711315469004,-0.001649942850549334,-1649.942850549334,0.1236674738037085,0.2211228058502267
103,2,0,random,fdbb16dffa5ac0c7,831aef40e452205f,96,100000000.0,4288,fed957b6a13fa6a89dd401d3babf97b62269cfb93e1c266543aabcd5dec61d24,1,-0.2936753695133418,-0.0007943352407400516,-794.3352407400515,0.10946704746201905,0.08437099703069346
104,0,0,random,373f8126fcf9acc1,1437cfce5a52d682,96,100000000.0,4288,0e053ed7fcd7b4deab7f9cdadbe5954bcbb4e31ff0aa5f764594b983cb9aec0d,0,-5.471915030319971,0.0009410628736522401,941.0628736522401,0.1712025317883855,0.09769110016084243
105,1,3,random,983597220d484740,c5b22f9102c0af83,96,100000000.0,4288,2e85d0691185903749fd80e3389ba6178b7333f90b419acfbc07fa780a0b5c9c,4,1.4333720661290659,-0.000601264580218937,-601.264580218937,0.060789923726210414,0.20761889669000103
106,0,0,random,27aec791edbd5a69,bc846f67f3b8b22f,96,100000000.0,4288,0cada9a250f48c33586a55edc3f506a33a2332df16d778c5d008bb7b5adf940f,-1,3.15293418470848,-0.0022046512662688518,-2204.651266268852,0.11131899127436831,0.23260152893907285
107,2,3,random,31ec0f2a0b587315,f7442ca95ec91cef,96,100000000.0,4288,a2d1a83386dad79659647630573fa2afee1b6651cdbcfe4e3037b518fd5be848,1,1.0809243383647957,1.9781813212803485e-05,19.781813212803485,0.08205929461645786,0.09504262287129293
108,2,0,walking_one,0000000000000040,3b0c85a57087f46f,96,100000000.0,4288,2fb769d8bb6c452a3b3b3a7adf56ac99e14b74cdb659a346b5da4a30be99e315,0,0.35147877602009847,-0.001314043823832523,-1314.043823832523,0.10373394675356663,0.13536193512506456
109,0,0,walking_zero,ffffffffffffffbf,52c5e563ebda7457,96,100000000.0,4288,98b84d07ba2fc4d011cb82209e71f4a586acd9827c71c78b57e79091243d1d38,-2,0.18455397674509005,-0.0004961797973629622,-496.17979736296223,0.11295059824512817,0.1392201336590371
110,0,1,repeated_nibble,6666666666666666,01235f795feadb2c,96,100000000.0,4288,c7a7135c90d849cf8a242cd5d96025564359095d819fb6ef0e22b3c3897753a0,0,-1.1214494565141708,0.0005067356655223886,506.7356655223886,0.13508989076299002,0.18609444156608412
111,1,1,counter,9a0dc76e314bcd1b,2df99fb1507cce7e,96,100000000.0,4288,5eb732d3d40eeb20a0a8d0a7c0ece9e7f722162b2c9948551afff40690ae68e2,1,0.13706453828457374,4.452254042296101e-06,4.452254042296101,0.20058479356330816,0.2862849983517534
112,1,0,random,70bf376c81327988,f5b54db54de13ff0,96,100000000.0,4288,e5cc910c8e76cf40ae8a9dafd2a96567971cc3eaf21aa45d2dfa62d8bcdc90e7,-2,2.117779825911169,-0.002344203371442335,-2344.2033714423346,0.10568031312545843,0.2526952539149077
113,0,2,random,1f00e19fa8765ed3,46762bb1970e565e,96,100000000.0,4288,b2926614e9fffe1cac735007a0111f8cfc728e9d284740d03d72c06f28277b90,2,-0.7021404090547135,0.0007390584651922381,739.0584651922381,0.1248130611125698,0.21947120981032228
114,1,3,random,a0db731ea20bd2ad,18dee68d77cfa7a5,96,100000000.0,4288,61d68cbb90dec0cb1fcb1326feb218504b13518b2b0060209f46b9b4279162a2,2,-1.5322629196261284,0.0010297188701587402,1029.7188701587402,0.12017438398918766,0.2237385384880551
115,2,0,random,8a6f597aacbcfe2e,45a34e724dfdb328,96,100000000.0,4288,0fe9d1bd826a411bdd713465b001c7b80fdb0f163608df2b954f90401c410aeb,-2,2.0357007735687795,-0.002758467409116745,-2758.467409116745,0.08245462016874835,0.238637525317382
116,0,1,random,782704b3ac694057,4e2b64201357cd50,96,100000000.0,4288,0335910a1a14b66025acea33b1e8b9055665ec8cf398c36e0db8148b1efed129,1,-1.9711728537109556,0.0007670360870423975,767.0360870423975,0.1898989288192578,0.2674942525358762
117,0,1,random,22ef24bb251e731d,31333fda04e0745a,96,100000000.0,4288,f959c50dcd3599f492d094b822dbbfc6c3e11e06208f79f7ba51f8f5313ccbdf,0,-2.045030433068929,0.0012653497388782832,1265.3497388782832,0.13073637100307214,0.22992255267593734
118,1,3,random,8bd091e51952c449,eb49efd2fc8612ee,96,100000000.0,4288,46592621309327be370d34b0c9ea1db3dda9094fc95dccef6a33f46157937ad3,3,5.072560145521371,-0.002123255495846678,-2123.255495846678,0.09140376734635912,0.14483067091934565
119,2,1,random,51d1c7db937f5808,39079a094541b890,96,100000000.0,4288,be99324ae5e163f4d729e074f29d60270d93cc2fb303c579844d546eb39e7284,-4,1.0896990988692479,-0.00022506629227773929,-225.06629227773928,0.06415477505612241,0.21173253248805232
120,2,2,random,b3a3cd6148ed596b,3bf9b45968da3d57,96,100000000.0,4288,cefd96f6f44ff5be87830a8b52cc6332bd3641403e03b7c5ea964bd68871bc03,-3,-1.5141501021533923,0.0008507862788261891,850.7862788261891,0.07357635579191604,0.07938638692527178
121,1,0,random,5dead8d8568df92e,a324e4b7e6ed3b1f,96,100000000.0,4288,e6d17dd1c20a45956fcf1680a673e39aa0505d5d766ce238423c77f85303f751,0,1.9176691718051708,-0.0024305131965731376,-2430.5131965731375,0.14375963960000415,0.25461256684548045
122,1,0,random,aea1240fc1ba11f1,e4add0c0e97ed562,96,100000000.0,4288,5d708e65aff758dd6df350f7d75bed502a7ea5e858343691c879b31dd9ffe0c7,-1,2.372611032227886,-0.002826651600643905,-2826.651600643905,0.16080080308169478,0.28487473745452835
123,3,1,random,5e793f6cd942bc60,03232f2cca59ff93,96,100000000.0,4288,11e0cc0f6799e5c9e34833ab6f7eb5098a8b73e5cd77e7bf4630385f79a32e20,2,-1.1516081438170038,0.0006626843973910813,662.6843973910812,0.12318940902165806,0.23659309934720543
124,2,0,walking_one,0000000000000080,9a55763047ffeb6f,96,100000000.0,4288,e99df2a21f8f6a3d9bbc7d6d6a01ca3285d2ef24d2121df6cb2ce91e630e7052,0,2.1522009778765634,-0.002458925146761551,-2458.925146761551,0.1630492084787737,0.2635514766623062
125,3,2,walking_zero,ffffffffffffff7f,ad532b71788d6e0c,96,100000000.0,4288,a27157e73f0a64507931710c579c310176dce055f5d25b40fc9308c773ff1267,-2,0.20712407881979794,-0.00040880187687435473,-408.8018768743547,0.083347493557391,0.19192097516513237
126,3,1,repeated_nibble,7777777777777777,86a4758a9436970c,96,100000000.0,4288,27f90d38af7ed571528327e25c253ce9568b3125936ffe80c8003ba78af9b79a,1,-4.443498326745488,0.001299449519357941,1299.449519357941,0.147138242828523,0.11338813722779852
127,2,1,counter,7d85630625f38e6b,aafa535bca1b9949,96,100000000.0,4288,b56dc766d7e912e4315d745b4c11e45156bbe2880e0873e3302a437f6f3a630e,-5,-0.15912224716349,0.00012318163287074736,123.18163287074735,-0.00041308371853106225,0.18776260538680378
128,0,1,random,d0319c46d4e44596,f2756a6c38fc8c39,96,100000000.0,4288,550e7bce02849dbe98e681557f7a6a9402b25dba475eb3c5139cf3b8d698f85d,-5,0.5917473701754989,-0.0005552752948230243,-555.2752948230243,0.06791202217499094,0.1845017924261226
129,1,0,random,685db20672229b0f,a76a9a837e4a4d42,96,100000000.0,4288,c482fcbf41a9ed93eccd75d851f52edd8885e53d1a7c95d7692e178a7454256a,0,1.532722139755621,-0.0031927765513946444,-3192.7765513946442,0.09714701319741395,0.2595215397463868
130,1,3,random,7ebc96b41545a49b,abd25f2ca6ec2b9c,96,100000000.0,4288,88608e95c8716040e7bb3645365c19df82d217a57f9b80c7233e569feb365558,0,1.0055849056931738,-0.0011385340398635665,-1138.5340398635665,0.1675392149180181,0.24845211262599362
131,2,3,random,c2142f565e003f66,ca9dc41589235211,96,100000000.0,4288,d629adfb70449fe2d833974decf8f987a5092c6a98e413978f7518c23270f316,5,1.3780079994870045,-0.0017588882749325957,-1758.8882749325958,0.03339804600853601,0.20640120404842938
132,3,1,random,5d9427c62678dfc9,12b0ea614dbccb48,96,100000000.0,4288,81a01ca43dfd717ecd7cac992b457ef87421e534839c19b4ca654cba8f7e2603,2,-1.8580975562326856,0.001114779502474978,1114.779502474978,0.11362768079934743,0.2441541421130618
133,2,0,random,11ba81f461c15fe3,5eab94bc58cffa66,96,100000000.0,4288,6d3efb4075b25cb5d1b03c426cfce09a54f8b3d6435973bc2756a02bb7892227,-2,0.6534778712039374,-0.0010945239032275418,-1094.5239032275417,0.10414502949221617,0.1501759086742844
134,0,3,random,d245fc9b6a4fe5f8,e3398bec8277751c,96,100000000.0,4288,dbb1e0e24bf08da00ae31fd9bfc007546f2ae9930cc2764ea25b4cd8e18f6bbe,3,-2.147367149664399,0.0007465736053490594,746.5736053490594,0.10199897694365816,0.21026228807208322
135,2,0,random,b0b6e87d5ca2883c,844538c7f24188d3,96,100000000.0,4288,844875ba5c01410e29f50596def720fa8dffd094cc1722bc3949b466140d760b,0,1.0589504650605868,-0.0006724758644866241,-672.4758644866241,0.10155772214648819,0.11460676506307103
136,0,0,random,6cbd5a3de4811c65,0c5474135d176758,96,100000000.0,4288,f63f732a07fccac0eb52cd10af57cbc66873e503c8931ba342a804c0aae2367b,-3,3.4232520730188725,-0.0030134024699581246,-3013.4024699581246,0.06341489817302527,0.26372696053780303
137,0,3,random,83498fa8e5d5a84c,b7d3386604df49f0,96,100000000.0,4288,e6d0ef4e0c7154ce18174e0da15fa530a41ba787fe00477f3482a5e558cc3ee4,5,0.4221007582293955,-0.0011714072807966272,-1171.4072807966272,0.0761514938742966,0.2327291832125126
138,2,0,random,ef3f7269f6fb45d3,443f5971fe493af7,96,100000000.0,4288,34a43c5b846f80b316ed32bd1ff35bb5ddf5f630235ce5b9b5be0387f1c767d8,-3,0.6520485846562278,-0.0009181737717391092,-918.1737717391093,0.09435229682361054,0.1643023856832191
139,0,2,random,b9b3f3ca42843d05,413a426a2d2ee243,96,100000000.0,4288,0e5083f510b55c51d68ebde8d90a015eeec0d8388fe4e1164f9f3fba25db375d,1,-1.6198681100464403,0.0012892399280380403,1289.2399280380403,0.12863088757482458,0.16988300177371674
140,0,0,walking_one,0000000000000100,633f0cf70a461d5d,96,100000000.0,4288,cd41adce55ed1b0c8f9b3e183f19b761b33ec1d1f13f3bb8998c484790767d86,2,2.254917574334379,-0.002684071539232483,-2684.071539232483,0.08298217509557769,0.24242205110564072
141,2,0,walking_zero,fffffffffffffeff,e738f3cd811cc758,96,100000000.0,4288,0395bbb89cc89394524cb73b0f8124b00637873f13157096f4e71363ef18e027,-1,-0.9078293028262419,-0.0002520247959896266,-252.0247959896266,0.1573832615220903,0.12314230335975836
142,2,1,repeated_nibble,8888888888888888,f5d93fc7e4d0ec0c,96,100000000.0,4288,4ca0dd89faacb78a3ffea6b6e86223948196b82b20d0dc5b6cfe65fff154ea8d,1,-1.8626282495482012,0.0009701313286652356,970.1313286652356,0.16054151077834314,0.2507067400244283
143,3,3,counter,60fcfe9e1a9b4fbb,74a23d026bf58d06,96,100000000.0,4288,432c1f8723e2ee1131326e790bd1817999eb59f903105567fc60903a5c8a080a,2,0.9513729179271271,-0.0003270489208448927,-327.04892084489273,0.12275792411496081,0.2183797509822382
144,0,1,random,598adbaedb577bc5,e2a9e198980019c3,96,100000000.0,4288,6a1f374ec01040dd47734d487db40b9926bc5238d5825a43d2a201a36fc74b3a,-1,-1.3546769995448018,0.0005781728910764383,578.1728910764383,0.12402139214733512,0.22820852219820104
145,2,0,random,36a969cdf2bd2f9a,5d58fb5ae40bc441,96,100000000.0,4288,dfe44673de58d8c2d58d86bcdc516f37327e022abf8364a1ec21504ce653ff57,1,2.6169602695028256,-0.0031845797086623843,-3184.5797086623843,0.14052535132547317,0.253200737575192
146,0,2,random,779540c389e1d176,61ab68484505a4a6,96,100000000.0,4288,a288879ec7e110092ce0de4ed7cdb5db7f4f283748510ee05f2c1b2d08e44bc7,-1,-0.7598533144498849,0.0004767442009983453,476.74420099834526,0.11994533375271106,0.19194300348374974
147,0,3,random,58f250becb61cc52,da92f3419b7cecd0,96,100000000.0,4288,81564d2350117c4eb46f9af455b96cb9844f6f23fc4a16155cba13898ceaa4a5,4,-0.33766267155906143,4.332341102002389e-05,43.32341102002389,0.04825977677841846,0.2224276504150453
148,3,2,random,a1238d47b0a29635,601117aac5184f76,96,100000000.0,4288,24c9d9c877e90cd18c93dfb845cff1a533737bcf319e13940a56069cc7827d4e,0,0.14060946227432572,-1.3000906077394499e-05,-13.000906077394498,0.1542386241705625,0.21527675874316632
149,3,1,random,d1cd170ed1efeb89,9bac52dd2951af65,96,100000000.0,4288,321a4b80a0a4994109608fbbb1bb5fd72d7d16f2211f9c096689a43f0f38d8b0,0,-2.4897372801214663,0.001396614203606594,1396.614203606594,0.16710626062603137,0.2410264182084273
150,3,2,random,c0a985f004265c79,e0009900ae16d0d9,96,100000000.0,4288,31e4870ce607fe1a3c6f6ab663f7e389d4f3b3c8664eb1d04d8b0c88c4b255a0,-3,0.8821903794809434,-1.5195729753779914e-05,-15.195729753779913,0.08344964611799727,0.1461239108482291
151,0,3,random,762aeb181cf81f8c,b5f7a7050efcb8af,96,100000000.0,4288,a78b3b58a67902e6b80344129fc12b3592818cfebdb5d406bdd776a92952444f,-1,1.508914919407183,-0.0005279882774121348,-527.9882774121348,0.15494839819014092,0.24127193708321537
152,0,1,random,f8428fa1373f4398,9eef2887c209e5bf,96,100000000.0,4288,a24a50f4cffca848352ba0156cb0b9e12c490548f6636e0b3f18eb71c0e1ca9f,0,-1.0962648528295653,0.001033459347045312,1033.459347045312,0.14905985906908334,0.21977762567494238
153,2,0,random,76155f5b55c8e8c4,03f2aa1add89486d,96,100000000.0,4288,e40f8d20fad48a6d45be9231bc13249709effa53740a8d2863de45eac57490ae,0,0.4525633842718757,-0.002385552487800797,-2385.5524878007973,0.13678457502235045,0.25357687059770084
154,1,2,random,680edd5343a08ac5,628fc164f0029849,96,100000000.0,4288,00a625f2d9a199803feb4ec564fc1bfc8169a6e687364e04fb9190bc5cf7b975,-2,-0.9446260439185958,0.0005531546098398138,553.1546098398138,0.09262466208531402,0.2286755410787254
155,1,1,random,6dde81ec0287965c,22c2cff71e28df11,96,100000000.0,4288,968668e647348cd0e982900ab38b4568a9a3f3016013df014215de732f607ab0,4,1.3775042102364032,-0.000496371766160799,-496.371766160799,0.07453985189730689,0.12090428946370602
156,1,3,walking_one,0000000000000200,c887a9ef18150b48,96,100000000.0,4288,e4fd5d466c4001a9ca91806dbff2a14422e19fda7bcf967930d7baec9507a8a1,4,0.48510662368310314,-0.0005675944858633628,-567.5944858633628,0.07695739067461309,0.2282782630343232
157,3,2,walking_zero,fffffffffffffdff,6667146021dde12a,96,100000000.0,4288,a26fab4183e16fc54eb47246626efc86b561637e74e09b9e04df2dec17b90162,-1,-1.8563413075750814,0.0020420447987460604,2042.0447987460605,0.15245389509075905,0.10687271182017792
158,2,0,repeated_nibble,9999999999999999,6990b19448044553,96,100000000.0,4288,b903bfd67ecb00540b3670e8c1f844fe94e9f267346ef79d2c6f0f6675a99f83,-2,-4.425436281772587,0.00016878914320615074,168.78914320615075,0.08505774252957377,0.05026379929397876
159,0,2,counter,44749a360f43110b,5e767dee9e542a20,96,100000000.0,4288,858d2db7ead5a3d1d07267c5849d1956146b113fb1d4ce0b78018d9a027fb95b,1,-0.2139475851478626,-0.00024251964119059418,-242.51964119059417,0.09403656854050832,0.14464056614652815
160,3,1,random,f585b57bfd949a7d,8b2863429b41a999,96,100000000.0,4288,bc2f7a8af5f8a0ef5ee142e1f9a23ae4323344e0d026d85e30f36f2e9533df03,0,-1.7085715758287514,0.0011032442017740044,1103.2442017740043,0.14341960427939826,0.21619626109521003
161,3,1,random,2f771506afb0dcc0,39a3c50559ea3dcf,96,100000000.0,4288,c242d340840bbcfbd79b0452d43722f7a113002528efbb3128cbd0292d9b0a67,4,-2.16483436207743,0.0009479395178975037,947.9395178975037,0.04491856818136109,0.26732202945209393
162,2,2,random,5c6a3d8c6b4686e4,30a79424f82554cf,96,100000000.0,4288,e8ddbdd72938d4ed3af697e60a49dd13bc5ee84a1bb3b00a4419ceb29c2a5d5c,-5,0.41828429023722996,-0.0001520773194883182,-152.0773194883182,0.0630139079963239,0.22613517450927695
163,2,2,random,8f0b9c62898d71e2,ea151e0a49aa4958,96,100000000.0,4288,be8bdf2b605e96d38ffd67421018fc84b0596c7418223f189d1df77b674c02af,3,-0.4319707637694551,0.00028576090162048636,285.7609016204864,0.07501272715954756,0.2035594081626657
164,3,3,random,a592ad6ddd3deaea,14fb8af0e69aff0c,96,100000000.0,4288,ff9f38be763b34478b183325854d1ae1ad4aafd02deedd01e94050c00f189e1f,3,-0.4629323969450838,1.2146790055202645e-05,12.146790055202645,0.08999461698493506,0.24883702206638614
165,1,0,random,6a788583be382ea8,4865eddbd80019d4,96,100000000.0,4288,5b58bf0171dff6a05d65e1be6da22ca161b9fbffe9d439beff53643f3eb18655,-2,0.5157178658853921,-0.0019099168739225366,-1909.9168739225365,0.11241990757106118,0.2678372462604781
166,2,1,random,da063215d8689647,7267abb0e1de5904,96,100000000.0,4288,61d72c11f9e804fad8eb9ff3757f61773b440c5356b4ed250f00ff165ca14b72,-1,0.26130984209105695,-3.246975654754928e-05,-32.46975654754928,0.15002506693207976,0.2449145243616867
167,1,0,random,0485cff8f46bc36e,045dd5f07a406194,96,100000000.0,4288,009ecbe9cefc30b8a73de55bdb94c1ded7614e673e282ab6b7e61af3c19ace95,-2,-0.37560543054713974,-0.001282251401398284,-1282.251401398284,0.09809941980721125,0.1377926067567548
168,3,2,random,568b06709d1ddb39,c509e12709793735,96,100000000.0,4288,e3ce84858fe9bfdb4c5dd37a0ed2046b8b8c7794a5594fc3b056c604cf6ac037,0,-0.08364079990243059,-5.6159914600795756e-05,-56.15991460079576,0.1270130714494629,0.19228550908369976
169,1,2,random,76aa9854c19160ee,670a09560a2e0f1e,96,100000000.0,4288,84c42176b3a580136ccddebc8f63a6da3e38c12ba48579f0044f4d19b71dcc03,-3,-2.8033292197082806,0.0013326376306853987,1332.6376306853986,0.07481401611856921,0.20085761854686687
170,2,0,random,4025cdfc434c37a9,385b0a2e80dc2b1b,96,100000000.0,4288,51c2722c294a44e0806538b090cbb9b9c14ff4c6690045af5ba0acf531eb33b4,0,0.24754182406026215,-0.0005715288261904851,-571.5288261904851,0.1240926457985088,0.12536391330893654
171,0,3,random,3713969fa7c25dc5,402e8c81b23d8a8e,96,100000000.0,4288,dee2853d933310c44c189119049e2c439f24f32d5e14785f30a4a7c56a898060,1,-3.367527143925711,0.0013604040276437262,1360.4040276437263,0.13129591827413076,0.10185052660711524
172,3,2,walking_one,0000000000000400,f443a4c505cc05d4,96,100000000.0,4288,7151b24d75987581a39079c8f043a3caaa19749300b2e597b5f071e502564c5d,-1,-0.6362712846264609,0.0009690255140273303,969.0255140273304,0.12599711396802193,0.10328713516187467
173,3,2,walking_zero,fffffffffffffbff,7e123cd9d9a8aa89,96,100000000.0,4288,9ae06253326cb3ef440756c49c93332fea7881792ec1afcef163cc708a02cc0d,1,-1.1728971317805874,0.0008336792938222626,833.6792938222626,0.14443975184196958,0.24095126979414686
174,1,2,repeated_nibble,aaaaaaaaaaaaaaaa,7a8a21b5e754d899,96,100000000.0,4288,702af70116fbf58e151fbb150c35f7d9d18449e16e29d04f11e35e5cb056cc08,1,-1.5983586416668445,0.0003869020357585323,386.9020357585323,0.13800190716802127,0.19128028018204488
175,0,1,counter,27ec35ce03ead25b,b3d3e2dad8202a55,96,100000000.0,4288,293080b7f5c0f037a005a3ea5ede775aaef7974705e9d05788f932f3ec723ee4,1,-0.29395304615261125,0.0008505860298036776,850.5860298036777,0.1578851625098372,0.23444069866285736
176,0,1,random,03bdbb237140e42b,7bc11b44d8e77664,96,100000000.0,4288,4910c1e70c124cd340028b17070c1e0aede41d8081228e6c67e6a72af91e2173,-1,0.022689123379633955,-3.357210031843467e-05,-33.572100318434664,0.11268985097972509,0.19094329978776053
177,0,0,random,59368219ab690d58,f955b0703d10a4af,96,100000000.0,4288,8729bfb3e8d0bdabc327ff9b66df752f06056d8395a68b00e1d82336b41d0cca,1,1.0013513115361468,-0.0017540523087676211,-1754.052308767621,0.15565646117284843,0.26739774330971205
178,3,3,random,99388d4ba8bdd9c9,981304b98477f07e,96,100000000.0,4288,dfb3b502af8840010a920df2bf25eb0e088beed3a12b190aaddfe5dabc74d479,2,0.9847431853215914,-0.0006738095000880458,-673.8095000880458,0.12479644598371695,0.27335652988699305
179,2,1,random,92a9971e3dd9aff8,63b7341c223db72b,96,100000000.0,4288,53035b42720b7f04b8b6dc44089cb305b26368957440a63c40a6cd2d104f09d9,-1,-1.2825630069383007,0.000806545777239191,806.545777239191,0.15442982738670713,0.22773251937885786
180,2,3,random,d50bb246e66403a9,d956f442eb564e2c,96,100000000.0,4288,73a1b5576eddd63b41b42c2c54ae50ea4502ce0afebc68e7fd7deb59794e4196,0,-1.4949273363171782,0.0016915349604106436,1691.5349604106436,0.18088403737964906,0.15190681059058667
181,0,1,random,d036022368dc8a65,682c78fe113f8f95,96,100000000.0,4288,d525376fb49d6d83795f1bb7b4ae0bb02b2b36dcf0598ea3893058beab0ff587,1,-2.610039832178927,0.0017029933940354597,1702.9933940354597,0.1349260474245953,0.20337360150074138
182,1,3,random,4979bbfc13c19d22,cf0fe6fe86d27eff,96,100000000.0,4288,03c9e80acac85b3fd51cb2d689cf1fd218790283c00037ea89ae0323a07158ab,-1,0.7292574091031999,-0.00027450051067230794,-274.50051067230794,0.15537726411957936,0.2531500252557016
183,2,1,random,9d1980aab3da9976,1e88515b9e4e5049,96,100000000.0,4288,caea128c74f50d8757afee616db74d24b459f0c40503317ec94fefe89a08595a,4,-1.958195295160498,0.0013476645028097322,1347.664502809732,0.02295935844440719,0.22251932268719976
184,0,0,random,1129f07b6850201a,3f93eed0ffbbbc0c,96,100000000.0,4288,38d04f3e98f3cd9de73a2a77493904c2e39722befe2fd15adf8ceaa68f6bb36c,-1,-0.9992785390613143,-0.00135398346935805,-1353.9834693580501,0.13737529205189208,0.14914931469440468
185,2,2,random,7fb4e4ad5baeb8ce,125f37c113d4c2f2,96,100000000.0,4288,c86d74ae2baec2dd31e9ac6c526706d55afd1e2374242a7995caefe00e4bcdb2,-1,0.14917702594638027,-5.235418885155282e-05,-52.35418885155282,0.11281660332100012,0.15274629514991314
186,0,0,random,9cf596d2d6bcbdf4,50f2c34126216c69,96,100000000.0,4288,d09d89022613f153f8cc8be31a56737f41562ccf53274de806c4f80c43bfce18,-7,-1.6778166986327472,0.0005209995445745926,520.9995445745926,0.11454511074559398,0.13134519065070602
187,1,2,random,9b3107b273110d70,1a895d0a6c9aae66,96,100000000.0,4288,f0a8c47ff8d58f3ae1b044f720ee95c819748f8e1c44ea7aa3b8c28db8062504,0,-3.2812986505371167,0.0022675587209581302,2267.5587209581304,0.1365537001519465,0.13635112879558975
188,0,1,walking_one,0000000000000800,6eb45672ccc558e9,96,100000000.0,4288,361351c3623fc502f14c16d6b1dd510783405167212c5c5dcf882ea874ebe90b,1,-0.5890052574731673,0.0004885452905439188,488.54529054391884,0.14728005797466964,0.22353049904577224
189,3,1,walking_zero,fffffffffffff7ff,99829ac0cef7227c,96,100000000.0,4288,ac79eb002c091e472401fc99005fda1723a8869f21ebc5166567f5fbbf96c676,4,-1.4514985488466101,0.0010271920395933224,1027.1920395933225,0.03994313018134189,0.24574528527909886
190,3,3,repeated_nibble,bbbbbbbbbbbbbbbb,9944c2c7ddb4065d,96,100000000.0,4288,c69a04dd9d663bd5a0ed27ad5bfe9b6ddf6dae0d3bebabe47c90354004e2f988,-1,-0.015262962880062556,-0.00019827867541110901,-198.27867541110902,0.17207681256607557,0.27498480037204026
191,0,3,counter,0b63d165f89293ab,5f6fbaebe8988d52,96,100000000.0,4288,25838b63c3fe8e1c6cca79bfa2cc37b1b5d78a3aa2912c94a8ddec2d1d325418,2,2.528859975154207,-0.001170499869941839,-1170.499869941839,0.10393547024321999,0.24186991097738755
192,3,0,random,319d7aea0f83ee7b,2e506605f566c5c8,96,100000000.0,4288,a827e7295733651adab0d70c9bcc1a586948f7f0bc324085756b8be32e01fe82,-3,2.2768612925396314,-0.0025761605334887637,-2576.1605334887636,0.05739986456268206,0.25870640953831864
193,2,3,random,d0d9d747b7e6604d,64272cfc50e6e6f3,96,100000000.0,4288,e48ff4cad66af32126750e2fab5aec1ce2f2b236afd6e34691efa3ea3bc64037,1,1.1626004735909548,-0.000446581262611538,-446.581262611538,0.10583028155577798,0.18942069622570398
194,2,0,random,dcb9f00c7205b356,d68c6c78e4e68ce5,96,100000000.0,4288,d4a1328e0888a5f5e13bececf80a9288ad5378119dabe06f0451ab66b7f9ee27,0,1.5398175829195782,-0.0022394452902147035,-2239.4452902147036,0.12407961578385535,0.24136025104110845
195,1,0,random,e039f3f05f2a6d73,0dbec78ee939ef50,96,100000000.0,4288,509e0e53170021eed520f89fb79abe7fc54ed37f4a86c0406986545ad840ddbd,2,1.0454245369662143,-0.002598152705530206,-2598.1527055302063,0.1263110394811449,0.24871070251082764
196,2,3,random,16f79fcaf20909d1,46a51e0b7a22ecf3,96,100000000.0,4288,777fa49a25b7e3bb1f1a64e3e857fbe13e1323ee89a14d759d1dbeb0a1a67864,2,1.2829308792033658,-0.00045401850561017275,-454.0185056101727,0.15080942699950303,0.30336600150390036
197,1,0,random,6c031608f43e2565,25153f86155f914e,96,100000000.0,4288,ada8df0328b364432fff75b8a8680af3b08ba687ca75467d241f5ad952cfc7fd,-3,-2.6306417216284372,0.00015167328348415752,151.6732834841575,0.07996551873539307,0.08742103327039984
198,1,3,random,c2c4853b9acd95ea,3a14bc358ef833a7,96,100000000.0,4288,0f460f6c25fc084d015485fb976f98904af0b7b6291665c72ad93ac1a16baac0,0,-0.12304462937529702,-4.199690350660859e-05,-41.99690350660859,0.15410710341523443,0.2216467761520218
199,3,2,random,2b3adef3ee16056a,f7466ea2db69bc51,96,100000000.0,4288,dabf1b2a5378ea820bd73519d818c60c82b1e2373fd29a735c2a8e24c68de693,-4,1.4547797784686491,-0.0007906782147622671,-790.6782147622671,0.06560001375524477,0.20836030784083384
200,0,0,random,64dfe2ca91798fe9,a1b7e24ddfd122d5,96,100000000.0,4288,214a5fb82a4b0c73ea8d192ad0d6e8e8657a581b13ba823fcae3ad4e137f5bc5,1,5.059137130842844,-0.0028722348455562504,-2872.2348455562505,0.11742442601667029,0.19230422847896475
201,3,1,random,0006ce304bc38fb2,6419d3466fc3b0d1,96,100000000.0,4288,550cfcdef2514bfc62f082076a2e05885e19c56ce25754af9a6c8f48bb428128,0,-3.5964595960677546,0.0017665655471428173,1766.5655471428172,0.09962297705991068,0.21781838910601517
202,3,3,random,00ca9d9b241b3c98,04caa6bad187f734,96,100000000.0,4288,ab72f8edd351a307df3de07222e20dc0ce98dab5d3e53d793aac4a54a400457e,1,0.13242979686410178,-0.0002000981814106833,-200.0981814106833,0.12105669499023713,0.21745185783313928
203,3,1,random,06519678441274ac,3a7fd2c4c1d4097b,96,100000000.0,4288,2801049eb9b75926db6debd7b485d505546f41157d7684942e58750a13783360,3,1.319711972042719,-0.00031761899257341396,-317.61899257341395,0.056009056128153364,0.18562738359839964
204,0,2,walking_one,0000000000001000,bb017276129c9206,96,100000000.0,4288,88796b1e1f20c160fe28c13cd3a34c7095a397508b3133410c51805636d1bd7c,0,-1.022682650951416,0.0005390652968871806,539.0652968871806,0.12737201939952061,0.137856718065472
205,2,1,walking_zero,ffffffffffffefff,2e00adfb49bcd8a8,96,100000000.0,4288,500dc158d9683459931648b3dd9414d466451e9bf9bc8a7c9bd00ca8146c72e4,1,0.14204320388951383,0.00025685058114038807,256.85058114038804,0.16381940894453656,0.2675578797026747
206,1,2,repeated_nibble,cccccccccccccccc,bcb68147b064fd0c,96,100000000.0,4288,4387caec9cde1221473137d99ff5d0dc6135985747d1c7b75f83145e8db18717,-4,-0.23274787044254466,0.0003488708512607997,348.87085126079967,0.0413012549498653,0.1758394991804541
207,1,0,counter,eedb6cfded3a54fb,460940e0543071ce,96,100000000.0,4288,24de690496b9e9e8bb605afdb95a0e8d37c041dffbf0a0d70e466ee51d73c78f,0,0.7876217569836802,-0.0020943107231184894,-2094.3107231184895,0.17399345924780982,0.2893770677423835
208,1,0,random,9e41d2c37c4c7c7e,c7e57d22e8594843,96,100000000.0,4288,c295579389028e8dbd638bfdbdd65e27f65e827fdb83039e4672b559e8f5b738,0,0.22433157702833353,-0.0006006404042029809,-600.6404042029809,0.1160854256230569,0.09596159440977033
209,1,0,random,8145c59b0f21673f,c008baee6ad2077c,96,100000000.0,4288,0fcc0cd5a5807e9344150165b92a5e9ddeedde3695028743b351f30a3b1b5292,0,1.7853620809778605,-0.0019734075508545507,-1973.4075508545507,0.15421275106704302,0.17677936503361136
210,0,3,random,91a929b17d78c942,a88f98eb92ae3a8a,96,100000000.0,4288,fbc3bf1175ca0e4ec4612ca907c2add893804a777a3ad9409f68fff24eb669f5,-1,2.218731228071563,-0.0011436373036354088,-1143.6373036354087,0.13000277250455933,0.21925287882529684
211,2,0,random,78d5e683c7b22f07,5e0a5c5caeca101c,96,100000000.0,4288,3ae1c2a5e18c3ad6ef5888a8fd86d7a77fe6aec08017768957192679ba356171,1,-0.07011397128500162,-0.0009091550605620569,-909.155060562057,0.13467170272666099,0.191015466680411
212,0,3,random,39ebf95086b2a598,7a3182da19b7dc10,96,100000000.0,4288,f058391960f204a8451b57fcb55114c7c5a66e93a68dd2ca7366c290885e1c19,1,-0.07588345870108165,-0.00010667667374480663,-106.67667374480664,0.18369317017439957,0.26459667346746213
213,3,0,random,4e5c49981361e0f0,35264bf60b2001ce,96,100000000.0,4288,37ccadc0d080c7e03640c5a14b06d5192e430b0b19642fae6c7f78d1438bf825,1,1.4773167345207217,-0.0018239811161890774,-1823.9811161890773,0.12415470735967797,0.24677791972673147
214,3,1,random,90197b7a735e959a,b0f2320993b143a3,96,100000000.0,4288,dc3700d35dbf0d632f5f9ebeb5bbb0fc8dc5518ed3d2373c7f9c15b32c9495a7,0,-0.9960037795290111,0.0007729324078878996,772.9324078878996,0.17807974017743122,0.25514692030448377
215,2,0,random,43e2c184ee050eb1,e3b424ad92ff7829,96,100000000.0,4288,e227d40f5adbedc83533c7d5f7f4a1bb2065b03be2c47239b76f15a8e192dcd7,-1,1.8771624740052626,-0.002376794950065237,-2376.794950065237,0.12370616087462585,0.24245316027682232
216,3,3,random,501d552de7583745,6c5d55366aa8d668,96,100000000.0,4288,d444e92439f3a3e1654d4c97c17469a90f0f5fd908877ebd6705056e9b9d00da,5,0.25018764815934713,-0.0005364336696681413,-536.4336696681413,0.08831301640152478,0.22183882074220412
217,1,1,random,2c7deb8c85dd0919,3e454b80d6e42665,96,100000000.0,4288,6d7f199e3652b51ecc58ae81ba89a0154213b6dcad9036441864455420066408,-1,-0.7881876202227606,0.00021534621512713322,215.34621512713323,0.0989194007309305,0.21548750985345624
218,1,0,random,4848cda2328934cb,ef7a0ac7bdbb680e,96,100000000.0,4288,5adc24bf6fe999be3460beb580d1ec68b73130c80028bcd9c506847ee4fa8e21,0,0.9653309511163427,-0.0017284267391660967,-1728.4267391660967,0.12255357400585216,0.1522897642762419
219,2,2,random,c199987d3d3015dd,135e231004b6d2fa,96,100000000.0,4288,9d4bbaf6d3a3c5c7fd0c8de1fa33a8511a34527d0b7406bedce4e5e2ca690069,-1,-2.2051716976300852,0.00226487085508415,2264.87085508415,0.09800582095365402,0.08546113814144964
220,1,2,walking_one,0000000000002000,b8fc0e25e9056fb5,96,100000000.0,4288,7d8973027bb9772a8a8da45c13a293074e36ee329979c9060c987b315abaad32,0,-0.3139022055528625,0.00032017267656760784,320.1726765676078,0.15578550587519546,0.20352316992815572
221,0,3,walking_zero,ffffffffffffdfff,52fee447323e29ac,96,100000000.0,4288,4c9ebadd5eadf85a5dafe1d0a39f3018a3c0ebb7e01eb1e5a1b40f541373c068,0,0.9494504084589853,-0.00022380427958172222,-223.80427958172223,0.1286179939102724,0.19019809882313812
222,3,0,repeated_nibble,dddddddddddddddd,d4ad8cd25fdf7330,96,100000000.0,4288,f0e2c11add86bb5dc70b918c7bfc99913f590df87a1b9a4de8355824318c854a,-5,1.9201506102918198,-0.0024701175142108566,-2470.1175142108564,0.015938785111874035,0.22646437743935569
223,3,0,counter,d2530895e1e2164b,60be678f311eb43a,96,100000000.0,4288,21775ed22c6b58367b5daaf4fae80a3181cb1eb8c9e9a901f581f433096b030c,-1,-0.22750010199399834,-0.0013407891610179002,-1340.7891610179001,0.12645574089806436,0.18660311681361813
224,0,3,random,9102cdfc4f768f9b,049c7d865eadd267,96,100000000.0,4288,161d14cadbb729ac3e9ae19f8edc37def89fbc222fa4b3241fc1981daebefd53,1,0.47447183428899226,-0.0005120801795971669,-512.080179597167,0.1692983742809901,0.24798855146423973
225,3,0,random,81a0f46571c1ccf8,a4a89a9e138330e5,96,100000000.0,4288,837e75df0245859d4ec5e44245e57565e142cd1c9d0ab135e46b0545ca3ef2e9,-10,8.0,-0.002563213048323456,-2563.213048323456,0.08337988005790771,0.037607875708667506
226,2,2,random,cf8a95a9db49af3e,6a061d73f7b4547a,96,100000000.0,4288,ac16bd80a2cc53f009db024571f07870766e179648ac198c8b87e1a5ee0b6f50,-4,1.2600676019608634,-0.0013882324056985473,-1388.2324056985474,0.039901667457319025,0.18151815104340938
227,3,3,random,b0cdef22f4efb0d3,6043041544dee705,96,100000000.0,4288,c7220e99168abba0c240b183a4302381d51922202df950c9b1eecbdf1783c09a,2,0.7612954899730091,0.00040804043362891444,408.04043362891446,0.10780990762825994,0.19933721367140614
228,3,1,random,451f6a631053417d,1ae78c81d9aad76d,96,100000000.0,4288,3a17714c1ff968d53620b952e0c9c1085f9640625f4c9cb023fb6101e61603fb,2,-0.4841398738267469,0.00048708914174313834,487.0891417431383,0.11309137116440238,0.2869388762665482
229,3,2,random,e2430a9c94eb9e67,f19b11ed0a5c8520,96,100000000.0,4288,6e8fb17a685005503a599bccec8706ed7ee9b2d1c5c0b12f3b4ee997f66f606b,-2,-0.909944703066802,0.0006765024770374614,676.5024770374614,0.11021895242430968,0.1858107114588628
230,3,0,random,cacbeb6ece8408d5,4e517282f762e302,96,100000000.0,4288,4c1bfa99744dc71fbcf7cee8d561a7fe1ba3435fd782d67273960fe4b6aa04d6,0,0.6447214732352231,-0.001509124530944728,-1509.124530944728,0.11065729489006965,0.17864157312004286
231,2,2,random,15ab28e3547f678c,faee0a4372190d72,96,100000000.0,4288,2ffd5943cc624b5b72c84c499342dc030a9a03ec656eb4906799b51980fba12f,-3,-0.5120009948926624,0.0003223009555351118,322.30095553511177,0.06498441393280631,0.19157819945144447
232,0,1,random,0efe582d41f98040,3734da10b35548f0,96,100000000.0,4288,014f88a0df2739c82b004ec13f5894c08218010ce10470cf3e8689436482da7c,1,0.003652623668266259,0.000728823381752646,728.823381752646,0.13108073591591096,0.22384613208811496
233,2,1,random,693f32c2cf33d441,b776784999e3b258,96,100000000.0,4288,7c28fdbc188cfce5ef4cdff588fbe039774b675e4d58eb59a22ab06d6346a4a6,3,-1.5490912559453707,0.000542236483119772,542.2364831197721,0.08142743709615996,0.22212989758160911
234,2,0,random,e2afad19f33f130b,6abf0505ac39e023,96,100000000.0,4288,4b04a7876146eb4eafc0c903e0582c7e7b92a19dbead04b06c488537f2b9b480,-1,0.8344618883905685,-0.0019509274104480023,-1950.9274104480023,0.13853607407797033,0.2727949830049096
235,0,1,random,8eb098ca5ecc4b0a,e4a2b3e8d5465edf,96,100000000.0,4288,207244cdd4eb3d86e98dd03c398b6d1586902279bce7ab485db0cf45587986d6,1,-2.302810279854012,0.0010935965962350811,1093.596596235081,0.15758909857877101,0.25651194809667854
236,0,2,walking_one,0000000000004000,0da46f06cb60bf12,96,100000000.0,4288,da51e8047cabe210240c94057af0188de50abfdfbab9b0c44b0e19a3bc67b5f4,-4,2.0129474222231525,-0.0008711199829555304,-871.1199829555304,0.09761044310250333,0.1695993439114144
237,2,1,walking_zero,ffffffffffffbfff,b154ecdaaa1624d6,96,100000000.0,4288,42e08eea3ce3acf7bee58672be7889b1b2710b6467d252e9a54e3bf354b31c00,-2,0.7555532724784809,-0.00020989378205508403,-209.89378205508402,0.09333584567540552,0.18764236961277084
238,2,1,repeated_nibble,eeeeeeeeeeeeeeee,c96e3c0b8b35ce76,96,100000000.0,4288,84e9d7a4535fcd014a7cd445a53d0c12c8deaaaf9b23b0f87f162a54b70c3402,-1,-0.7259657275819286,0.0010184019049045757,1018.4019049045756,0.17094538891907488,0.2584709860880896
239,0,3,counter,b5caa42dd689d79b,00515523b3ef5fce,96,100000000.0,4288,e113163b94fb1bae239b04530a84bbfbaa3a2b450f407f3ab91d078c850f0d83,5,0.31600233197309885,-0.0005942374875990167,-594.2374875990166,0.05722749487276823,0.22741382764294413
240,2,1,random,322c63354dcd4e10,ce8af971780e6b1c,96,100000000.0,4288,184a60deded6d4724518970315456331655a43f4b0aced5ec3ffaa33aa81fe5e,2,-2.556976150612555,0.0013625966761400086,1362.5966761400086,0.13708562558430354,0.2606301000737382
241,1,2,random,818e0f961aa3ba11,8edbc0c0cbf28678,96,100000000.0,4288,76774fe9bbc8e39ae4f4d5bcdc03490c1d97d16756cc6e0307a3c5e820c645f6,0,-1.1749830294352686,0.0009291293311118352,929.1293311118352,0.18998786114303864,0.24562875195134795
242,1,3,random,9360cd75a44aa58a,f5e68367f4a545ef,96,100000000.0,4288,6d63a579742b7116e0e48dfec109e5adee3919e7ef1fd8b6574cac7be6101690,0,0.9471804359608088,-0.000907861286657424,-907.861286657424,0.2110464825336865,0.3048967503892997
243,2,0,random,9e013749dcbdcfd3,357d726708abb44b,96,100000000.0,4288,de087e48747d9efbc8253ac99d407665fb13e49526ab6db5ce877f9a16654b11,0,0.5823768091025557,-0.0007555520718665248,-755.5520718665248,0.14343604433015877,0.14119439630517785
244,2,2,random,1053639ea5c2ef42,573523b52702767c,96,100000000.0,4288,4309b93e4dc224370c403034b0bf8e99931166aad03df61b4a3eeff319bcda38,2,-0.7865045659570382,0.0001755713429331328,175.5713429331328,0.1388593914775998,0.2492054392776125
245,2,1,random,43550490fe6de591,6b3ea0d73c662880,96,100000000.0,4288,e0fab0788d69ed18c3cc3d093afe266c550c133fc6037a08de36e8d668d3c099,0,0.17617298938217266,-0.00016790901903102453,-167.9090190310245,0.14573415649263408,0.2167102938511161
246,2,0,random,d8e8ffe63e7fcada,7987498b37a50d4b,96,100000000.0,4288,33bd29003151b809b4c1818a7872de9fe3b869faa117075b2dda55159ccbfa1d,-2,-0.45746257372462246,-0.00037892380351993676,-378.92380351993677,0.13183947008164926,0.13730267677829752
247,0,3,random,bb00c41b0375d947,953837b799e9c258,96,100000000.0,4288,d1345bc26fa6440d2c84eaedc34a8c44079c4a6daae89c60d9c8999e339e154a,-1,2.964668705086346,-0.0016641576034306669,-1664.1576034306668,0.1361822270114862,0.26328554779497626
248,2,2,random,9d5c6df2956d4ec9,2f02f0253e24963d,96,100000000.0,4288,3ec16e848dd1b2e1c97b784cfd277ff5c93a25b52df0e23b829b75674cfa537e,-3,1.5103810973937695,-0.0007227197070938006,-722.7197070938006,0.0822134360073914,0.1882430927266569
249,2,1,random,db6707741561f893,5faf1721e21104c2,96,100000000.0,4288,27092e77b10f8f4821bba6ff47e73b95596b564977396ee28af0fcb6c5ed1405,-1,-1.10257686971284,0.0004922550132844466,492.2550132844466,0.10762920397068088,0.19617003086097762
250,1,1,random,68a2f32f76745873,a1964dec49794a14,96,100000000.0,4288,3a53e013d057c0b0cf0bb5d132c99729255c1ec41c4af0419da7ee574849cd2d,-1,-1.3305880084009625,0.0005377924711343856,537.7924711343856,0.15073977408867695,0.23062671045669542
251,1,1,random,fe0a380af4de2f66,e178fc1a14295626,96,100000000.0,4288,118722977aa324118b7522ff425d210e6f6e8da1d6fd07f0cc4ea19d7637a072,-2,-1.4121734234185412,0.0013612984175044825,1361.2984175044826,0.09623180939510761,0.10205710866171244
252,1,3,walking_one,0000000000008000,0bc2655a2bf2b49e,96,100000000.0,4288,f3a38c4859c4557e2efada9f4aaac528c7fbf129eff2a0c18bddf0220ca50884,4,1.6925679198678452,-0.0015575073527964588,-1557.5073527964587,0.06316657989459806,0.25207541142700685
253,0,1,walking_zero,ffffffffffff7fff,e05921ddcf997800,96,100000000.0,4288,fbbb886cea9d6289bed468ad6cbd74c0d51b0a0a23ac789e4f0f1e609fecd8d1,3,-0.41461925161420937,0.0003658478027856596,365.8478027856596,0.03952430251622942,0.19773125204889244
254,2,1,repeated_nibble,ffffffffffffffff,91cca94e0a4505ff,96,100000000.0,4288,621a7f31d2d785172a99444ec184dfdf2c20c6959aa610ef8960d996b9cc2fbb,-1,0.966896251819658,-0.00034292496289161815,-342.9249628916181,0.15250051885514038,0.22041166195942768
255,3,0,counter,99423fc5cb3198eb,70b729799732f509,96,100000000.0,4288,a112bf5c448d3a63e3c783a8f7a31151e773ccc323aa4b2d9ddf32b7d25a7655,3,1.1846599767292496,-0.0025530981904438145,-2553.0981904438145,0.07080148882619387,0.2658100334449295
256,3,2,random,8ba54c532574a6fe,cd4cc64ee288472b,96,100000000.0,4288,eccd574eea8dcc39bb8c90ba3370168c026921437165519a4f263b891f0262b0,-2,-0.9226728222070636,0.0009543119804778941,954.311980477894,0.09801091276910913,0.18008901421142426
257,1,1,random,065b1e020009d457,53e990e17f7150b7,96,100000000.0,4288,6fee53bef25f2f449a6866d0cb714b2f7c80e06eef0fbdae9b4395a3884627a6,0,3.893280963879088,-0.0013673403121594156,-1367.3403121594156,0.15060290648005345,0.11663332376172991
258,3,3,random,6a9a417a33ad66d8,391179839b183571,96,100000000.0,4288,5e55ec976b1755fc87f49b7fcc8b2a2bc4632f7f9bac72772b83b79b3327d974,3,0.973690701348039,-0.0012456116485558546,-1245.6116485558546,0.07816605963397615,0.21302214864788943
259,0,2,random,98a1689b5bf4afd0,4705771b25b9ca39,96,100000000.0,4288,d53f2b4db132298d8d24e32c86890da7021d36fe5c664d954c12033db498dfa9,-5,-5.105878157191396,0.0027424948227752414,2742.4948227752416,0.04770345631635243,0.06327918227528909
260,3,0,random,657ee16ccd5e049e,1a399468ef8e10b9,96,100000000.0,4288,69dd55bee5fb2f56eca84838072445d754784d9b4ff9493fd6d69c811299cf0a,-3,3.2233337910128115,-0.0020694309272368937,-2069.4309272368937,0.10823705063442444,0.25503306568005024
261,1,3,random,800027791283fccc,f6a2a05b7d233872,96,100000000.0,4288,4cc4436c064c5b570992c75da63e2fabd567e8d91cc83b85ba7c901eb81616a1,0,1.5211562301408663,-0.0004451520009218952,-445.1520009218952,0.16390800853412923,0.24423392627003887
262,2,2,random,817df4ccccc62226,4c40982b2ad13dd9,96,100000000.0,4288,1d2b7c3542e5a91ee7c636bab157045b28d2a817320a4f34bb199eb041754582,-2,0.2238181212759351,-0.00028171678667543307,-281.71678667543307,0.10312881567804338,0.19604068886903528
263,3,1,random,098d2cd0771c552d,91f7596d35189bf3,96,100000000.0,4288,29aa92f7552609d8c3e116be1076d29c2151739c7cc40647ecc5826db870117a,-1,-2.734492977368674,0.0012910034197087265,1291.0034197087266,0.1196983715932003,0.23153203431355068
264,2,3,random,a42286db024630e8,fe499e12a77161dd,96,100000000.0,4288,fa479331167b12717c88326fe126414b0b2f2eba1b7a234ac05d3fbf8b383f6b,5,0.26735278729809664,-0.0002949692266354753,-294.9692266354753,-0.011360847342751603,0.2080544441178314
265,0,3,random,62da729f5b678fce,7f6985054e9ed025,96,100000000.0,4288,f60ddad032434ac61293985d9276a3e46772c9f1337081bab192d7ecb3253fce,0,0.7865127073193054,-0.0006529870260450618,-652.9870260450617,0.16605375981829634,0.25329534969198425
266,2,2,random,264aca7242a87592,98620b2fcd35566e,96,100000000.0,4288,75a7b9763c9ce89fe49c49a84cc8a937bab637ba07b3a7929ef5d53b040631fe,-3,-0.6674952902001666,0.000437109166436988,437.10916643698795,0.06416164718628033,0.2191967426350935
267,1,0,random,4b505eae81d03bfd,dea5622ea334b9b8,96,100000000.0,4288,e42608a59ec93793c43633bdcfd44876a23731bfd6b5f9a819a10d3a1fa6e071,1,2.481538821215358,-0.0021014429619777165,-2101.4429619777165,0.1636421193243203,0.25794730482046935
268,1,2,walking_one,0000000000010000,682cda1e9d1c9367,96,100000000.0,4288,b06fd4b1122056b2a912a09d19431f5aa7b6d5050aee55a14b10071a19376fe6,2,-0.5931936189815129,0.00021325004839775817,213.25004839775818,0.1359001006259168,0.2134243189545962
269,3,3,walking_zero,fffffffffffeffff,7df05dc83a7b99e6,96,100000000.0,4288,761f542154992bf677d7aa574831288f6ef07c661fff23031afb81b33ad18f95,0,0.6246525486390446,-0.0004415808405183186,-441.5808405183186,0.16649703057898804,0.2292479395153425
270,1,2,repeated_nibble,0000000000000000,7ec99b4d2d6e6447,96,100000000.0,4288,9bf155f30f450b2d0308b603a9d33f9bc92672034a8c89ee44e9c170109152f0,2,0.24315182648103345,-9.897899898299728e-05,-98.97899898299728,0.11530657605991951,0.18595257866059905
271,0,0,counter,7cb9db5dbfd95a3b,60eaf4479f863a09,96,100000000.0,4288,e7618b1150db7f61bcb8a9e549b4e818190f4455bb84fbbe355829528535615c,-3,3.7601275273872337,-0.003583269309224627,-3583.269309224627,0.10411687443544339,0.2643713212576271
272,0,3,random,ad7343477b6d395d,8a28d1bc016c16c3,96,100000000.0,4288,8bfcf0abfe12fec365770eb677135459abfd2c74ab19478cc0367c39bce11609,2,-2.649448866799892,0.00026833321671092264,268.3332167109226,0.11215699374025626,0.1207803739544046
273,0,2,random,4c7c4a725be2c803,5d6f0d9f89c6f4c5,96,100000000.0,4288,997585a70db8d941ce332cbc32fedfd7f4e49d0f4ac0b04a0fe4dbd518b609e6,-2,-1.8424966702190153,0.00039599511449233093,395.9951144923309,0.14314065828805764,0.18779724584108928
274,0,2,random,ed9ae197544740da,5448bbc284204d2a,96,100000000.0,4288,08c2c221902a612f22632a0c78c8321d14f262511c61bcb5663777d411006ea1,-1,-0.10984429253425154,0.00010298628426363633,102.98628426363634,0.11423465231641208,0.17906869496175887
275,1,1,random,d1d7eca4e09a1240,1c26ba447d65f129,96,100000000.0,4288,e111ac7f7d39cc161beb155bfb2d9e103f6029e0f518e5b81bee2f429211203f,-1,-2.6557706576112525,0.0010395030603201209,1039.5030603201208,0.11482422347282008,0.15205139250061492
276,3,3,random,a186c1fef8a0dab4,d1b78d34a205db60,96,100000000.0,4288,190e91fbd02a8654080b0c2e67af697e790722619a780c3c5d6ecbd317cc1ddb,1,-0.03279293105968064,-0.00013233855715374135,-132.33855715374133,0.16388279955438464,0.26103490963150505
277,0,3,random,4e101b17d9b621be,3cd523164e7adc59,96,100000000.0,4288,1de4c10213634fef8d58bcc773aa6fa5fac18b80c545886fa7c5b165d73ec8d4,0,0.31880378702809586,5.498857635543535e-05,54.98857635543535,0.17534910770958037,0.2555456179108486
278,0,1,random,8a036950f15ed0fd,ec7bfabd6dd57895,96,100000000.0,4288,987e1c5c9d769a1011200d0d2be23d08083f31a92e11887f38f01fcc047deb69,2,-1.557975421741303,0.0006492619549994229,649.2619549994229,0.13614388866610808,0.2258627851335605
279,1,1,random,eb35d20e617824ba,8cff3580ae501b52,96,100000000.0,4288,bc75bbea92dd180ccf7962b52eee6870dad03a64242e8cc9f7d64ef22f702270,4,-1.9477409357539233,0.0011576513479915579,1157.651347991558,0.049860484721418324,0.2309122300792178
280,0,2,random,8a09d92010dbe715,b8cfc1596d57f51e,96,100000000.0,4288,60c8c8319237e460b3432e988d094986153804cb741f5c5a441afe16d067473d,0,-0.46863097316895264,9.936025505346555e-05,99.36025505346555,0.18239841493229578,0.24130593756694005
281,3,1,random,da93d3de1d1e78c1,f405bc744f88c743,96,100000000.0,4288,46c55e5da288e965da6c8e49ed8dadd76ca64130a210b3907566ec995261d44b,1,-1.114124214642109,0.000978877374009498,978.877374009498,0.08800351609193761,0.19115602878334884
282,3,3,random,630016acaf85bff9,754bc41486996907,96,100000000.0,4288,f751d9b14fa86cba3149b135776c4e6298e05b991d92c5e3ecf07f4fd41f2668,2,1.2458851924881331,-0.0005053816745340228,-505.38167453402275,0.1085300019946889,0.2555070227425536
283,0,0,random,c430ab828567d559,110b7317120aba66,96,100000000.0,4288,6667e0fa524bf73e38eed1797818846a8a1f51491555cea2569041b58df70c12,-3,2.47160031654943,-0.0020807708114525137,-2080.7708114525135,0.14405178426739113,0.3322446565129501
284,3,2,walking_one,0000000000020000,45c0e9e945e818a6,96,100000000.0,4288,f8e02acc8de76bc6f8da76b33a59ec7cacea3a8f03a08bb21aff282ad5ae28db,0,0.8721466115086814,-0.00014609131952140531,-146.09131952140532,0.13955255024807442,0.21636553623942908
285,0,0,walking_zero,fffffffffffdffff,a01bef99033fb389,96,100000000.0,4288,a53ea036df17a3701beef2f5facc78198537e8612b7183aa6b4965c3e078c2f7,0,0.23254833928289753,-0.0010045019500858421,-1004.5019500858422,0.13695179436646812,0.11523010764234096
286,1,3,repeated_nibble,1111111111111111,977b70a90c0c8194,96,100000000.0,4288,645bfa52514edf3ff3dc814b309905dbdd197dfd31578b929d84252983066daa,0,2.902909783892067,-0.001486590593144918,-1486.590593144918,0.16737774600705088,0.2720213032795071
287,1,0,counter,603176f5b4811b8b,41a07e05e215677b,96,100000000.0,4288,4fad5bbc0a669080059a11b4e68fb5685ec567388b101be13e0b5cb08e53e9c0,2,1.4272730188501244,-0.0026916472390470982,-2691.647239047098,0.08773291092465202,0.2206638794713965
288,0,1,random,99c3766d497578fd,346b64cb1041129d,96,100000000.0,4288,0cbd8786fda404f558069ee8ffcb8230f47576b162b15d3f41e0cda4948e87ca,3,-1.4452050137631718,0.0012830422216954795,1283.0422216954796,0.06660712142466663,0.258568626319284
289,3,1,random,a689e14def23c4f2,6ecdbfe8baba9fa5,96,100000000.0,4288,ae28ca0c4de66a9a32ecbb2f71efd47cbbb4be57c59e770fb595a833c4f583a4,0,-1.3052474345893812,0.0009913764073214359,991.3764073214359,0.20054671639987837,0.27217409183563435
290,3,3,random,6ff01aa59e34bd91,53efc575ad6050c5,96,100000000.0,4288,89b3c08e713664cd21f78e0eb547952076ef924c4f69947bb31e267a99b4a2e8,0,-2.0355417100648805,0.001042743137029755,1042.743137029755,0.13450395940521678,0.12330607859423723
291,0,3,random,6aeb872d36386da9,0767f6fca8b13409,96,100000000.0,4288,ca3eafc68bc349944c3286e4f613b69a428ed6720ddf42eade8a08206c48bedb,-1,1.4059844091769875,-0.0010597400534213233,-1059.7400534213234,0.1668214614095396,0.290685777803702
292,3,1,random,1378e65e642ba9d0,2881655259ea3dce,96,100000000.0,4288,78ad18b222b1f23e2fa87815deb21a3fd2942f22d270458b569969c09263eecb,-1,-1.813420080860103,0.000685822412550505,685.8224125505051,0.13258911508246235,0.24978604750516123
293,1,1,random,e8862178e4ef38a2,064756ae1c9157d3,96,100000000.0,4288,27c8a8b68a7f18b316ead746175f7d1e483c777d2b6e928d1082c6aa345051dd,3,-4.126626774130267,0.0020946483170120717,2094.648317012072,0.11311654396399935,0.2423826417398191
294,2,3,random,4232919d8f340276,0bbaf2c9dbda9865,96,100000000.0,4288,87710a75a40da01672bd7d3c3ecac4edf9584630f5697f1b1bb406764f07242d,0,2.0313653738040816,-0.0008265904879177841,-826.5904879177841,0.13969070309187603,0.19461853730569728
295,1,3,random,5be3df3f380f0f66,c996359100d8b65a,96,100000000.0,4288,12c2c0ed67c429fdf22b361e76e3fbd7239a1649e5aa47d951705f31133e0c6d,3,0.3783562754695552,-0.00011645427363988539,-116.45427363988539,0.09195215881464297,0.21985612288595466
296,3,3,random,072189e2b78899cd,9cc992771cdd2746,96,100000000.0,4288,03a891a7ebce01ccd62e0cc16444a20bcbc94906b6e2a6c8bf4cc84140ea28cc,0,0.5735018083935993,-0.00159044936748651,-1590.44936748651,0.09561179571305949,0.22367734808193132
297,0,1,random,dca825e528927278,5c1cf2d7148973df,96,100000000.0,4288,72e4a0c9fbf0a0d03b7ebda32d72fb31705536bbf0803a9d697fcc5d017c5fba,5,-2.279280515644687,0.0009686175177288282,968.6175177288281,0.03440380346341797,0.21703451848483996
298,2,1,random,ee56a3e0865141b5,2e36ba8d837f52aa,96,100000000.0,4288,2c6f701199e5cc36dc017cf7c19b1c255923f92bd6e2807d46742c76b24be130,3,-1.0210852359968794,0.0004920817743335411,492.0817743335411,0.09955577016557192,0.24132590467555462
299,1,3,random,48871fd4e6378a5d,c067ba8244107f93,96,100000000.0,4288,49ba4038e7db16cf35c0cb7052039ed47c6c0af1acb735018714db884807f022,1,-4.3717770448809,0.0011039529602287165,1103.9529602287164,0.16250282827117232,0.08184808064931558
300,1,1,walking_one,0000000000040000,d9dd607447b9e629,96,100000000.0,4288,3b15b149499863fad6894759c86105c89983dbe005038ffdb92472191fc1548f,-3,-0.2529216644310846,0.0008684472599215337,868.4472599215337,0.12149344679804006,0.2363079235006858
301,3,3,walking_zero,fffffffffffbffff,0fa59d6831b388f6,96,100000000.0,4288,325fb569910d347fdf80de53c4062a093139453b594ed837359b4b04c681f8ba,5,0.6156469665347708,-0.0004020664708951619,-402.0664708951619,0.03452802930521825,0.2833864219782261
302,3,0,repeated_nibble,2222222222222222,993bb1695b40af18,96,100000000.0,4288,6b4ecdfa400efd9f3dc4fcc2bd556a3af3102936db79f4a804b7c6b429343227,-1,0.2762824831308332,-0.0010720333940121602,-1072.0333940121602,0.09797956430455505,0.10880157195324182
303,2,3,counter,43a9128da928dcdb,32204771880e1782,96,100000000.0,4288,3514aa65a7932d65c60ee715417cc2bc65e53bf8593bf4ad62c22e7e12f2fc8d,0,-1.6423075632930924,0.0022301378170413427,2230.1378170413427,0.15464351986890779,0.12314887726243877
304,1,3,random,484820420545cbd4,d434c73a6279119a,96,100000000.0,4288,1bfa6b47b37fd1b59edc78895880a8775cb49d517197d3ab8278015a9c4815fa,2,-0.8343696439375375,0.0007613687302133327,761.3687302133327,0.10418854299347675,0.16777639443283746
305,1,3,random,bddf166b944c4ec3,3010c09779a6b67b,96,100000000.0,4288,0ee285ecf30e95b10abfcee3b7b72092cafecfa513138fd71cb1fe088b1bce44,1,2.4692749574701,-0.0013157362226370042,-1315.7362226370042,0.13088463020598848,0.24557368263427207
306,0,1,random,2ff192c4cdf2aa7c,96c19d716adcaa2a,96,100000000.0,4288,8d4425cf3102beb34004e5c21813ae95d7dad946b63162fba6d96e3b3a54f61a,-4,-0.22576919704280404,0.0002532839623875661,253.2839623875661,0.08003190081048146,0.23740226825867486
307,3,0,random,e8b6470266959617,f038e73ee32197ad,96,100000000.0,4288,4d51d59953e76c319dd4b9d91ff38067cb54accd30c84355cf46f5ffe4e74594,3,1.9191933851952931,-0.0023823500051422856,-2382.3500051422857,0.11467968277745039,0.2593229124181604
308,1,1,random,cc679ef92c73702f,0b091db0ec0283e5,96,100000000.0,4288,9a88e132dc3cfee28a637f6412c5182bd3c2af9208c81ef43f8fe77ed489147b,-2,0.12642992729337232,-4.1752728626777494e-05,-41.7527286267775,0.11744162290974182,0.18974099285135881
309,1,1,random,5861d5cd7b7956d9,03174b6f1e58fca7,96,100000000.0,4288,454938f49c7c5e4df0518f4ad9e0e2f58bc1da19645e690a9516e74dcdce647e,2,-1.4021747085849234,0.00127984394017547,1279.84394017547,0.12145275801483671,0.20689355623026184
310,3,1,random,d6745c4c6f8c1429,7058c14af8bfafff,96,100000000.0,4288,098a1e5ebb0430a4c6fa1a0ba4a1f3f451a1339149c77176e66e55966cb6e597,0,-0.28900223683209303,0.0005267610107881354,526.7610107881354,0.16581940592069097,0.2375236185040521
311,3,2,random,4acd525a6554b543,e4535fdb5bec7656,96,100000000.0,4288,48d2a040212a6604faa9bfa8862d0a27e9c9d3af37f29c85df70a1a4cd025427,-2,0.2675281416396863,-7.835240535967604e-05,-78.35240535967604,0.0876976967383465,0.18535335334155487
312,2,3,random,a53272ea0ed6d035,c516ced3f940cace,96,100000000.0,4288,c817229986856b7df3ae0d9427a5a3be8096366e74fb8ec4e69722b8b5c7db1d,0,-3.5559232103163962,0.001299371483228942,1299.371483228942,0.17709746052905836,0.12973299173193859
313,1,3,random,998672de5265c551,1a22e1a33822427e,96,100000000.0,4288,dddc097210cfc90fd6f5d1e82c9415b1a9ceb7486b140a6fea519836934d0b32,2,-1.197327636115043,0.0008968207263728489,896.8207263728489,0.08751310327165161,0.19414220307343658
314,3,1,random,805aa0b7896ae3ad,387e7cff4ba105c7,96,100000000.0,4288,d2d0836c4ddd4258837322e9431b67ef0855cee93e132d815e99feb1a7b749e9,-1,0.17050034763306968,-6.678505116228619e-05,-66.7850511622862,0.14748267202691873,0.21017443168594482
315,1,1,random,4a739ea9d5797bf4,27acf080141e6d3b,96,100000000.0,4288,263f6e7896823fbb4522b8020287d65b07b992ecbd3a93a89c9a533edfbcb4dc,2,-1.951217935208504,0.001550032272934425,1550.032272934425,0.14234010561656504,0.26562048709477354
316,1,2,walking_one,0000000000080000,7234e6621a57b876,96,100000000.0,4288,d4c996a092ad18b7e5b8de718eb9278f5a23bc3fb01ef090c1c42ff17063fbee,-3,1.5511463099047993,-0.00038254426705408454,-382.5442670540845,0.08615773705804439,0.1979088575298349
317,2,1,walking_zero,fffffffffff7ffff,77a72cda1677da5a,96,100000000.0,4288,85582005ea8ca1f35e7d5b3f22e25705c4e94308046b6c65139665f8337fac0d,1,0.090583871024106,0.0003926951512040669,392.69515120406686,0.14592871478078825,0.2466046913332767
318,0,2,repeated_nibble,3333333333333333,b042bd19b358886d,96,100000000.0,4288,e378502d6daa8c84932a6b141197f3d821f27c7df1669b6d95aca18ca88589a2,0,-0.3154246062695908,0.000199514319548538,199.514319548538,0.09060644620119473,0.1287062547430386
319,2,1,counter,2720ae259dd09e2b,3db52b8861eece61,96,100000000.0,4288,b0bd8c6788b2ad93ae89bf05ab5f9ee62ef9fe355a8d25cf6b72f86d7a9b623c,1,-1.6183808325701827,0.0012141681656965002,1214.1681656965002,0.16201998526803166,0.24245651260405324
320,0,1,random,a402fba2a562d6ed,14110146680e02cb,96,100000000.0,4288,31ec52be144a865380da667e8fefa5ba38b5bb546173c6f4750a06b040ab5760,2,-1.0120664565654456,0.000799004360712366,799.004360712366,0.09411706928473414,0.21694004390549929
321,3,1,random,2cdf7f89ff9552a8,576e17d29986dd0a,96,100000000.0,4288,507d827b108ceedee3813fe8b1e68a142426cdd1563da718894fd2b3a6a891d3,2,-2.0145805587654144,0.0012833547170505641,1283.3547170505642,0.13471870093192967,0.25598359534388726
322,2,2,random,a04effd159c33695,173adbaa333f7908,96,100000000.0,4288,12a68545ea122dbad281589810f812dd55570aa110ecc49bca4070d64b998e2a,-4,0.8560176664951036,-0.0002259722518592733,-225.9722518592733,0.05056308697792727,0.2156760200052019
323,1,2,random,c801e2e8cf877f21,927b218a1e721376,96,100000000.0,4288,638478ee896f32e4936e6ebd41f1eada49b67b7385dae066ec8dd87088466053,-1,3.467354768736891,-0.001878591534016874,-1878.5915340168742,0.1409644176440034,0.07791997936822641
324,0,0,random,42b41436a6095a46,5a44c4dce509cc1a,96,100000000.0,4288,e6c9e6631b54067f99637783bff0275f971c9f2ffbd1bad5c5deca349ba5ad2f,-1,-1.6472930061023239,-0.000442248491981925,-442.248491981925,0.1336163730641957,0.14139571363017508
325,3,1,random,d036bf3e78d2be3e,c41abeb3b9b99334,96,100000000.0,4288,9260018e29dedbf530189017af70eb4f3c06411964fc2b11b9bcecae3e0233e5,0,2.6386038590322194,-0.0006466921737842636,-646.6921737842636,0.14084963260008107,0.10961426691611975
326,0,2,random,c65b561af3488d30,da0caadb1e5a19d6,96,100000000.0,4288,09981544c54f55deafb238d5a49de0cbeb9eb8959c2c38cffd06758dc2f03aef,0,-3.1532342998602645,0.0015018306421017628,1501.8306421017628,0.1613294792256348,0.15137017416596862
327,2,2,random,9eda7cc702904177,2f410c38c253d2c5,96,100000000.0,4288,87771624a34265051af40c28a04c5c5001d962a8ab821136d79aff73d37f9b4a,-1,-0.22269000196632463,-0.00027365146020765646,-273.65146020765644,0.14176688912707178,0.20108663186086895
328,2,1,random,18dbd51336faa1a8,b1295b6b00523c26,96,100000000.0,4288,9f32787bba12b23bab3b95e59562c1597ededf9330a6e633f2de26102cfcfa07,4,-3.0645018237982575,0.0015303135357108383,1530.3135357108383,0.0519075990871242,0.2196662543634735
329,2,1,random,a75feebe1c51edc2,6746f014cb63d2a5,96,100000000.0,4288,de2821e9cac7a2c3797fd91ce47d48b3f3cee8e4560aa1e21f8cacaf8be44b90,2,-2.0363137295939113,0.001529271679817469,1529.271679817469,0.11388134237842175,0.24789912341823483
330,2,3,random,acba8d4735be2f72,5f828de37a989e8a,96,100000000.0,4288,9355f8cc3d5616cc3823414a1fcad72556100d8aa4b13663a8addd5515b8a59e,4,0.6728107296294852,-0.0008914591204173447,-891.4591204173447,0.03677875224435704,0.2041540632864539
331,0,2,random,5399d01b13967ed2,f735008c9c6e5a7c,96,100000000.0,4288,668565fe0bc4f9622e824fd9a3193ac273f225ae1a0805ae7267747c486dccd6,2,-0.6605335750545095,0.00028691051877532313,286.9105187753231,0.11975786818266124,0.21765960057384157
332,2,3,walking_one,0000000000100000,1c2149bb541050df,96,100000000.0,4288,d1317aa2c342addb2fd80acde2ff127719be0ee3cf4ff88a87d866c22f2c8001,2,-0.08124506746599293,8.477774221975108e-05,84.77774221975108,0.1450675675395482,0.23889026859569334
333,0,2,walking_zero,ffffffffffefffff,7a2ab7362458379a,96,100000000.0,4288,e2f2dc970bbc2a8d1bdf250b8e68e1cb6674516c7198c76bd21d4a4b0ffc87cf,-1,-5.302595562036438,0.0032565737640701726,3256.5737640701727,0.11606450166841029,0.09212170873736535
334,3,1,repeated_nibble,4444444444444444,3580ce95538f6b12,96,100000000.0,4288,976ebb0ba76a014e412e025ad277bb3a4fde2240e40668635b7fa21a643e901f,0,0.35373467083304444,1.3151982164454502e-05,13.151982164454502,0.1756530225729551,0.26077679800967074
335,2,3,counter,0a9849bd92785f7b,dcc7204b3cefd8aa,96,100000000.0,4288,5c14e7bd80cabee63388972e3a368398900cd5e58025366041796bb77b899742,2,0.9116310169205766,-0.0006101013613026889,-610.1013613026889,0.11244533430944392,0.23840550221118761
336,3,0,random,ca880df971b6f713,2671c1d377aceabf,96,100000000.0,4288,18580e68a32645d6e9052128c16cdceb457c22e7819166c9607dcb9752a5d52d,3,2.8446618511370447,-0.003058562583352998,-3058.562583352998,0.07148451509180138,0.26522648415523103
337,0,0,random,20f2ac7a1892dfc7,43f5a1e229e94969,96,100000000.0,4288,b076d4dde8fc99cd60d895ddd7ace2433ee9e740b5db5c775b2c835b4a7a063b,-4,1.558856736339841,-0.0018925973596374778,-1892.5973596374777,0.04917771912893865,0.17201362549219815
338,0,3,random,3d12b3823ea6c40c,e49ae0b75685b7fd,96,100000000.0,4288,1835a7e559ad2018e376f8194625685086032f3b828399247de1036dc6c15cd3,0,2.087073621372453,-0.0005555673087003422,-555.5673087003422,0.1602911840198107,0.215904308462597
339,3,1,random,967b3e9464815b16,6dbd61af2c4ffd9f,96,100000000.0,4288,ea51e257ae291c8bcb31a656d6c2e4b0a9bd937d74c50e84afde02defd984f8a,-3,-1.3108030145808713,0.0016643693283535232,1664.369328353523,0.084776528539057,0.19850927254487846
340,1,1,random,80f0ec9bbb2fd7d0,0691436cf42af029,96,100000000.0,4288,962c7e50577b2b617c9efb6c1c467fc4f6617ca51adb9b709f1e954ff5447031,0,-0.2559277390084352,0.0006975080446489583,697.5080446489583,0.12039185266920438,0.19226623120172018
341,2,3,random,93b4a2174b7b8694,fd036f61a731c2bd,96,100000000.0,4288,3b2e06c74aee9bc821b2ee5c6c3c24e834605da0b335767e062c723015fc26fc,4,0.6599948091388099,-0.0009355976343351564,-935.5976343351564,0.05519611200889829,0.2472474615475506
342,3,2,random,f7fee2296fc46036,4c74121de83f429e,96,100000000.0,4288,428d571f5d8de287b83d2a4579ca52ca037fc6d77c53b442759a7cfcfe0457fa,0,-1.2828293383183678,0.0004945687028736634,494.56870287366337,0.1408452839624974,0.20940085840293313
343,2,2,random,ce503ad9000fb7e5,9b942eaefbd39093,96,100000000.0,4288,2d58ed95796b1e408116da40a0b3a9978b4c3615a1490564165b117dd78f79ca,-3,-0.2927775827152434,0.00024511599362363906,245.11599362363904,0.06973258141239862,0.198930047645495
344,0,1,random,302f7f62ee5d0863,38769c5cf0efcb15,96,100000000.0,4288,2b3810b4060d6aa45c6d9ee772a9d03ce06104d16c6525d50f55bf0a0a9a3168,0,-0.8305783604012091,0.0004944946301257197,494.49463012571965,0.15019100682203781,0.20860189665937146
345,2,2,random,3aed2f304e1e2ecd,a0b01dd06ba55481,96,100000000.0,4288,81a15bfad1be12da66565a221572be49387db2f01da435bf329acf7a531cf913,-3,0.12181863395582467,-0.00023274385513936778,-232.74385513936778,0.08494050995575672,0.2591396816571312
346,1,2,random,4c21abffb0de578b,709f49b5dbc0bd4d,96,100000000.0,4288,330d2ddc585c4902c0e4a2655a1786aab88b5efa8000e7858f78f00a34a1e5d6,1,-5.5451598401856845,0.001747600217976355,1747.600217976355,0.11273477926979766,0.07379702294108798
347,1,1,random,ec5694d2e1013691,62ec888b2d47c235,96,100000000.0,4288,4719dc6803071024d00810cc1d95875400ef4589c9f3f721168740f96746fef7,0,-1.2585147392510412,0.0005018122778941996,501.81227789419967,0.15021441387162004,0.2273470301749609
348,0,1,walking_one,0000000000200000,8c48876328e412b4,96,100000000.0,4288,11cf09f9bd5bd2b4567d1cf25bf0da77347ab97be3d5fce099620c6b2bcdc771,1,-1.2959063046424097,0.0010293352843261457,1029.3352843261457,0.1546091298294306,0.2568141012942967
349,1,3,walking_zero,ffffffffffdfffff,0394653983337eaa,96,100000000.0,4288,044d541204430a3c573514c4b684dd1390b99312ee6e913625f32d39032bee9e,1,-0.717923602941302,0.00046277478776958014,462.77478776958014,0.12831286008080217,0.21157499549075579
350,1,2,repeated_nibble,5555555555555555,fb607b86ec237bb3,96,100000000.0,4288,9d63a9d2fb9ccd093e4c9df74807561e8eadf73054ac6188402a8084fcdccb01,0,0.6013288128809142,-0.0004937143649317232,-493.7143649317232,0.15945939988718305,0.21261956826064404
351,3,0,counter,ee0fe555872020cb,2e3f6d3451f7ff3a,96,100000000.0,4288,6839e2ca92d73d4fd24bab0f987295b93fc4041ae1f2c3e76954fb720152c6e0,0,2.729093986755619,-0.0027220888874689444,-2722.0888874689444,0.14305536069519942,0.2661479201068719
352,2,2,random,8391acf50981ffc8,9b0d9601069473c5,96,100000000.0,4288,3a00cdd4e8d5f8dfb7b2d1745b2e36cd6301029d6a47e101760bc791137dc1f5,0,0.38498180787389014,-0.000263009222844564,-263.009222844564,0.15226812469936657,0.21390266290032903
353,1,0,random,ecc28cb4c19ac01b,58a9e7eca0d38ca4,96,100000000.0,4288,87d6aaddaa7af24b3a28f583f48b5f91ec4e412453858c856fbac0a9f762d18b,-2,-0.4121022203966891,-0.0007339229320957411,-733.9229320957411,0.1271728599649286,0.13890954979153514
354,3,2,random,0e6b6848f9c0077a,1a501255cb844702,96,100000000.0,4288,eb91c9a678023c0ff70ef5c7ee31d08ac35a0b4c581a164a9467fd184bee190e,-1,-0.9085051560466556,0.00023259535307907752,232.5953530790775,0.09343083138502736,0.19390365011929553
355,0,0,random,1378a152d8aae495,d5a1067504337996,96,100000000.0,4288,ae14c7a7a87eaf3ea0af413737414b4d76c8eda60c0889b73dd0b8c71c928356,-1,2.699542123545829,-0.0031616286202589263,-3161.6286202589263,0.13399701005004538,0.25410466120124636
356,1,2,random,c4d066839abe4d5a,58619f6391adb135,96,100000000.0,4288,9573dc3bfcaeffac87b929a75d274879f624d69a71f29a6d251c03919aef3e57,0,-0.20752256274718145,-0.0001429502086281344,-142.95020862813442,0.1632994706851453,0.24818617341660645
357,3,2,random,37070582fe22d349,51ea289f0563bccb,96,100000000.0,4288,d3d6e5fb6987dcb8f219b6c5b0fcf71c4f7bc360f10819c063dfd19af1ab61e8,1,0.4317182641430105,0.00018493725956755818,184.9372595675582,0.16098226641418464,0.23782305653200417
358,0,2,random,bb72e8041622433a,1dd9f44746d38c9d,96,100000000.0,4288,ed764162498257ace5a5149243b9d7e9dd5f811e9a7a712dad7255bbf6bfe2a9,1,-4.002687003117655,0.001471534792294318,1471.534792294318,0.12301526417444564,0.10719305882776245
359,3,1,random,b5162dbf16ffc279,0fabe4dcd61043d3,96,100000000.0,4288,c2d70f781e640ce696e8c4611347f06ecdf9c56e361e15cd077674dd38efcc58,-1,-1.1418230792615403,0.0009208913642684562,920.8913642684562,0.1358093065778415,0.2320354920474842
360,1,2,random,96bc667b021f10f3,62ad26f70c555304,96,100000000.0,4288,99c6845d77c2e8ba9227d810bf85db1caec3cd607155aeb9bedca94d59345938,-2,0.43615024809124026,-0.00015040735423391675,-150.40735423391675,0.09130711675110588,0.20135776467894645
361,0,0,random,ebe2502a364c6563,d21cf1b9c3b54d25,96,100000000.0,4288,c2de28d209e2d12c81ee6b8da3f209f31f4a4404e3fde091470ca53723df38f2,-2,3.163709486717585,-0.003411031166089037,-3411.031166089037,0.07073219808863461,0.2294884394499128
362,2,1,random,a59e74d2b12fc984,63c795c37cfe7187,96,100000000.0,4288,446f572e5f23f5131fb758a241d18d6087e855932a1a3d50b5757f307436074d,-2,-0.3369183599140212,-0.0001301299023109649,-130.1299023109649,0.11221611430957361,0.2223718979465562
363,2,1,random,988585ce7bde2647,75bfb0f7d0e6bd7b,96,100000000.0,4288,680aaa0fda1c004b4bf561ea295e2c21f7981e93586d2eb3d360c3ca07641f2f,2,-0.8303934460870471,0.00020702980062059487,207.02980062059487,0.1667624143558381,0.25980847674002555
364,3,0,walking_one,0000000000400000,821e9e00f3f3f8ca,96,100000000.0,4288,72ed1faa5097eab7961b7f4b6c7d846d991723f2982609b546eb038abaa84188,0,1.2339168067234625,-0.003145487280062209,-3145.487280062209,0.12224922069218641,0.2727298248588876
365,0,0,walking_zero,ffffffffffbfffff,e8054538e6ce1aa9,96,100000000.0,4288,29abfa377597e330371a45895bcbd8fda5dc96045ceb4d9cdd91b03238c92907,0,-0.4437642117016569,-0.001274668390012954,-1274.668390012954,0.1165167474577921,0.10520969590499823
366,0,3,repeated_nibble,6666666666666666,01235f795feadb2c,96,100000000.0,4288,ff23f31d53fb6ff9841504849bbf7de98078664ff415fdf8ab5c6e36a335cdf2,1,1.3928843687648702,-0.0005000960997818634,-500.0960997818634,0.10572093088088616,0.20606037637274077
367,0,2,counter,d18780ed7bc7e21b,274a7045e1c27e66,96,100000000.0,4288,b40e842016b82d5ca8bf821b8e04aa78030d3334d664f5ec5e598e4af2c9b572,0,-0.5126715514449978,0.0006770673110296036,677.0673110296036,0.1390502384891897,0.2072491705626944
368,0,2,random,d8978ac3e55105fa,5afc601fbef8fb7e,96,100000000.0,4288,58d05cc181cb14f1e902da602863325ef237365b0f5964109259ad3415e3fde2,-1,1.332354229543378,-0.0006378021379952069,-637.8021379952069,0.16132004075352657,0.21781436693002262
369,3,3,random,277e4f3aad4b6bc0,ea191625df90a54f,96,100000000.0,4288,0bed9b525db22c606e0d098b26264b5a40fbb1565f53213c7c546ab5e6e1eb58,3,-2.0391907309316286,0.0019145283943467872,1914.528394346787,0.0505448827414147,0.11559600742205718
370,0,3,random,032dffc105eb4f7e,0bb4f701a9447df2,96,100000000.0,4288,89055a631398dc5222f22b67ae94ee76e79abd39f01ad0f59aafbf844af75224,0,1.6167225168270931,-0.0006151661270727157,-615.1661270727158,0.19432803860463463,0.27421129169886327
371,2,3,random,d4e57e9cdb203907,9281249a0a5538e7,96,100000000.0,4288,22fe78fc4aac0f0ef5af646797e5a52806f81dd4d75975edebe44303130f3c5d,0,1.0813156223512275,-0.0003120664904008459,-312.0664904008459,0.1544549059370589,0.21820865286316465
372,0,3,random,0f07b0db9ad549fe,1b8421273ba6d4c0,96,100000000.0,4288,d39c1fc9ce15ea5449ef0257888ffebf33dbef8f61f64d7cce39bc72e0cdbe14,1,1.3857049623039563,-0.0012904502927909617,-1290.4502927909616,0.19135271632353523,0.2631420059819156
373,1,1,random,60e83a335d5ed405,7f2ace8c4efed358,96,100000000.0,4288,cb4933305cbc57685a27ad067ce5a8e71b74bb9fd9b2f9462fac064f1eb96f8f,9,-8.0,0.002633148446159701,2633.148446159701,0.0498942697825631,0.21042934989814038
374,1,3,random,59b733d491e417e5,ade1b8357a87e6ba,96,100000000.0,4288,13b35eaa73669baa93421350c6f74ed30f69a91f7f9d410fa21d0148a119bf2f,0,2.4873776238801133,-0.0014845146342276525,-1484.5146342276526,0.1691155386034632,0.2316443750486593
375,2,3,random,93729383fc1330b4,7e1d77ddfd1ae65e,96,100000000.0,4288,b12260b08888d0182f7dc4e73abe0245815a503570be8c80bd77240ce661fedc,3,2.1647149776998336,-0.0009955177457532142,-995.5177457532142,0.06527338593452568,0.21015683744788072
376,1,2,random,f11173b22aeed960,80ca2018f1a2854e,96,100000000.0,4288,f27a12a5fc9b5865e80a29b678eb2d67c689dd3d36e33c4d5935e42d7c9a66c3,2,-1.0747645612833212,0.0005953748253138274,595.3748253138275,0.10803743002999348,0.20448173114904128
377,1,0,random,d6c9cba2d907e871,8f0379b769a42357,96,100000000.0,4288,1ea017afe3a66552f0c30912d218194651837a0d04d6de4bad6dcac4bfcaeda0,-1,2.341796282236927,-0.0017497695445605635,-1749.7695445605634,0.1705716379359052,0.2783371206622386
378,3,2,random,e1d45c6702101db7,788d478c34d1032e,96,100000000.0,4288,c00392e52cda7d0457425652282a5a848409f682d4f6bf559a76b25fd7ee5b73,-3,0.842819569946,-0.0008043983062969567,-804.3983062969567,0.07810345711709094,0.22258834331360708
379,1,1,random,8d9af162410384a4,662b189be58045ae,96,100000000.0,4288,f1961fb6dba53ec63a46ef57029491dd74d7e07025f95e951c88a84d48a4c538,0,-0.5483172017558906,0.0006306848656771704,630.6848656771704,0.12142981451773505,0.1872509854636935
380,2,1,walking_one,0000000000800000,2e3e932b41ac6b07,96,100000000.0,4288,5ab85ebb3cdb05e04393f0e5fd83df712674e965d264545ff58a68f06ffd8719,0,0.06581578943957415,-0.0007350823379021688,-735.0823379021688,0.1294251830627829,0.09677052937013406
381,0,0,walking_zero,ffffffffff7fffff,20f44c0a3111a57c,96,100000000.0,4288,d5ba4c8938bec767ff7e51cde8dbb1bdcb1c7118e7de8d5ae6f98e0456752183,0,1.7037095641478064,-0.0025676341074629227,-2567.6341074629227,0.16053313962418234,0.28291388472293616
382,3,3,repeated_nibble,7777777777777777,86a4758a9436970c,96,100000000.0,4288,f030176183fbd92399203e2f45eb027d4b3dbd7cc1f79f77c8957d23850dfee9,1,3.517063661475781,-0.001317990642749514,-1317.9906427495139,0.1109421435391443,0.2198702031192168
383,2,0,counter,b4ff1c85706fa36b,4392331382c192bf,96,100000000.0,4288,f0fceecc2f3d4cbaddfd33decd19599cb8eb7129c2b5afd6c57e53f57b304e98,-3,2.956317503127761,-0.0027957280107809256,-2795.7280107809256,0.10017084805406083,0.25812568813225106
384,2,1,random,13f5dc796d05e0ec,4742ecc450959deb,96,100000000.0,4288,fb2a3551d58424680302aeb304744073ec5f81123fff4f2dd62275f3341f0838,-1,-2.458114721570777,0.0010815610577169625,1081.5610577169625,0.13713099721683092,0.23954345482638165
385,0,3,random,649ca70391295154,a912c4f7c1a537b8,96,100000000.0,4288,e94ca10594f7dad0fe9fe48d782e272bf719a25871fce40db599b19e2dc9d34a,0,1.8776466929505329,-0.0014442022186554123,-1444.2022186554123,0.12542813321578886,0.22818024651403337
386,3,1,random,52de86deaf7aadea,0abc0df0266bf763,96,100000000.0,4288,86f6cc3ffa16c4b9ae0b5228e5698ad1519234b107c9c54215891d4ed3f20801,-1,-2.132311186072041,0.0009224266065307646,922.4266065307646,0.1289449942065247,0.25105214080790006
387,2,3,random,c4c44db9264ee7b1,7cfcdb42865c3df9,96,100000000.0,4288,4502b7c830062a500d106239843449e6e3c154f057230c7899583082eca4d8f9,0,1.5172414603974214,-0.0005096345318376561,-509.6345318376561,0.15651973519564225,0.22245902311830837
388,2,0,random,2c31ed736a58def8,ff9b06b2cfcd7f8c,96,100000000.0,4288,7341ba1e8395196615b9d73b9c0c8bea5301c75a9aa87b68d13fb270c3a8b599,0,1.9783831146033886,-0.0011201503722487833,-1120.1503722487832,0.12231407857216554,0.070465022482569
389,3,3,random,c739090a6cd71e7d,47d3c83b5caf5e33,96,100000000.0,4288,a904f1450d4351968a014ffd14d995074726dbc37c6d840ce9bfa943f64dce9d,1,1.028311621070473,-0.0006996321723470449,-699.6321723470448,0.17283194071699953,0.2863044599915982
390,3,1,random,0635176271afc1c2,96ef9b54ed2fd61e,96,100000000.0,4288,1f83a5af7c4226d49290783b885f0fee0069a7cb0473439d655c9964ea58c722,-1,3.41475809643403,-0.0004117154763166539,-411.7154763166539,0.130045832215103,0.08175126620713383
391,2,2,random,ff285b95377eff1f,a9c8a0e815d69fa0,96,100000000.0,4288,5abf81e2662405881e0849c6b6d831ed222d2d329a49069b8090ced5fe5a44d8,-2,1.1465943225667683,-0.0007838602226727173,-783.8602226727173,0.1209278249010946,0.24341569063359117
392,1,2,random,d6d4fc9b1aac07b8,ef24b9c22fe7f269,96,100000000.0,4288,bd5d8eed4d407bfd134f1c54077ad87160df3a61ec6874f18f0d2ef62e86029f,-1,-2.6592446709921767,0.001536358428067285,1536.358428067285,0.1036182763055783,0.15933500046691532
393,0,0,random,58c5c3cefabfdbc3,d4ca0e223032a8da,96,100000000.0,4288,f05c6d9d4356e4d3551234f808322dac50d008b14210b64630cec8fcd28c007b,-1,1.7451318193702727,-0.0027235449957822766,-2723.5449957822766,0.13173452210622624,0.254767889660795
394,1,3,random,ab7cc715a65d22e4,a1b21774bf28a4ba,96,100000000.0,4288,834d0345e66dc31c5797478390fd42eb490ae5a113bdd065ade86058f4e44cdd,0,1.4632891751293624,-0.0010312245074123071,-1031.224507412307,0.17330895511670427,0.2443155963348767
395,0,2,random,6220275c4b938cc9,08fe744b5cf2611b,96,100000000.0,4288,1e25a1d0bb641db5ec71027ca1acf006c6095ee97cb2bdbf0138be51048d3382,-1,0.16880728379820506,-0.00035705721537955277,-357.05721537955276,0.12105399498527249,0.18773258859489614
396,2,2,walking_one,0000000001000000,a94d7a6101710d6c,96,100000000.0,4288,bb128fd072632ae96c7b61f7b9e6c11a9ddfe6b5001f6f80bf4b32be07d44bd7,-1,4.535925116452456,-0.002252888676370267,-2252.8886763702667,0.11857106435000651,0.14062500392453808
397,2,2,walking_zero,fffffffffeffffff,9151216bee5ca84f,96,100000000.0,4288,dce636b67fcbfddd8a7f6e2f408348cdbfcfad972c30d002cd15bbea762c5884,-1,0.880311425022008,-0.0007102368718032196,-710.2368718032196,0.11499993396255032,0.171182793939775
398,3,3,repeated_nibble,8888888888888888,250147f1f4bb94df,96,100000000.0,4288,eba7d3e3f9d995fe02d79c2688ea28193ffca81166ef2b14696afa50c16919bb,3,0.1923733527933493,-0.0004916868290431789,-491.68682904317893,0.10550806368798135,0.29650505280343054
399,1,3,counter,9876b81d651764bb,28b7be5dc80892d2,96,100000000.0,4288,0ce0733ac2845d7502afffb8314af0795f273c3cde2442f3b48620264aa63094,0,-0.896648884653986,5.600766973541765e-05,56.00766973541765,0.14533840636885414,0.16741953680238297
400,1,0,random,cf53d15c85f572f1,0a6ee688db74fa36,96,100000000.0,4288,b5a77cb5cec16da5a52b6dad9bb1130a8ac96a1c240048e412b9e4cb1255e0c3,0,1.5387828073863519,-0.002465235799140142,-2465.2357991401423,0.19332000087518467,0.32173945770202234
401,3,2,random,544519378d4fb9f0,acef2d2258b1e596,96,100000000.0,4288,9d0224b8aca143ccba5b3b910e7ead700e8deca94fd3989e0811ff81be3807fa,1,0.40181817624350125,-7.423288711023665e-05,-74.23288711023665,0.14229344575298672,0.22012381503188022
402,2,0,random,04bc14836b7a56ef,cf361bace9126d59,96,100000000.0,4288,7a4e24bff8e07a49b99352754f55721e7c3df98b148557e03a05efb858ace85a,1,1.3949724161531682,-0.002391717544528212,-2391.717544528212,0.12866697271929728,0.25912818540762783
403,2,0,random,7ecbd3abae21de3b,95738469ac770512,96,100000000.0,4288,15caad399ee6b844bfb8fc824866a2b8ddcab2b4bd158ee707e1b5c4eaaf7752,-2,-2.896961934772488,3.464533959153154e-06,3.4645339591531537,0.06672112436974496,0.055303769223393334
404,0,2,random,08ba310661e7ff25,a5c43735f6d66626,96,100000000.0,4288,358a9d0b0452be727092e863ef136615126ddadd84d15a0da5e16dc1ac2e92c3,-3,0.7335688180198044,-0.0004415944703629431,-441.5944703629431,0.07406146468492578,0.19334617441734983
405,3,2,random,a7f95898927187ef,0c157934113d93a5,96,100000000.0,4288,fb92a8e041fe0dfdd621e4a6c9ed53665ecb373f93a3092361e02978970f6c27,-3,-0.3128718591190164,0.000350370259348725,350.370259348725,0.08236927041657507,0.2356398745995725
406,3,2,random,ce91bf3a1b7d1291,03f5d7f2f927958d,96,100000000.0,4288,f91b86d4f33fcb715dd025f8ca14a0dad62c60e0407c65cb59dc08a7b9fd8714,-1,0.1710238372709488,3.6759365367225446e-05,36.75936536722545,0.1252623049065769,0.20231560429116746
407,1,2,random,d2c7366ccafc4c75,9661d356b7ab9776,96,100000000.0,4288,c22c80fe4bfd40f5ed6362e84f5fef653e0e32a1f35b6ab781f56c623656f0d9,0,0.06141034344546258,-0.0003526730898082234,-352.6730898082234,0.1336571894077108,0.18922832314623725
408,1,3,random,3791ef7bd01cdb41,8d87f90949f94229,96,100000000.0,4288,6741d5e36ff135f6dd01214062371d63866d19319e3a04eb28066bf1cf033c7d,-1,0.890415196719776,-0.0006336304832792283,-633.6304832792283,0.14623478096543566,0.23031865177641916
409,2,1,random,a212cac6703d6f56,92f0cec047452c14,96,100000000.0,4288,92edf130b6a89927171955edd022067455da9051905355e8cd9c7490b1b9f823,-1,-5.3287438442394,0.002533797884462327,2533.797884462327,0.13251639356545478,0.11485169505847555
410,0,3,random,f77754545e90eaee,b870f8a561ffdcbd,96,100000000.0,4288,2d50a05a457d3d4ce19147d23a0fc6609ce64a814267d4da5cd3f208db97634c,2,0.5825334822771193,-1.660404652344671e-05,-16.604046523446712,0.11579118104432574,0.2004709342728346
411,3,2,random,245dfa74ef5b70c6,87425323e316b847,96,100000000.0,4288,7b2fd3b8f229cef1fd269ca44d9cf9ef5163431ead8ddf6401eb66ffeabb283e,-2,0.6285449535663604,0.0007773768699553559,777.3768699553559,0.10890919733751124,0.10170387614142673
412,1,1,walking_one,0000000002000000,45da6704b88c3823,96,100000000.0,4288,3a88b310023799293b70933792aa1b2939e292a3b5f84fb19c924e7b90505304,-1,-0.47166966212001055,0.0006094196266665273,609.4196266665273,0.09599912739499891,0.19318377746973853
413,3,0,walking_zero,fffffffffdffffff,e4efd64dffdd565f,96,100000000.0,4288,8ad988b2b42a2810e294cb584d3d7a695f5a341d3767e44dc5bab4299053f0f6,1,1.1792625172884903,-0.0013710177737218418,-1371.0177737218419,0.13694590638381288,0.18072865515356346
414,0,2,repeated_nibble,9999999999999999,bc7edec4bc3886d7,96,100000000.0,4288,b35e7a2e19126010e0af51802e2e06a60f0bcf71fa957c01232e48dd8a20df9f,-2,-0.36313873470322033,0.0001765433731718016,176.5433731718016,0.10853943274433427,0.22551757170663334
415,2,2,counter,7bee53b559bf260b,aa78a8033d11ab7f,96,100000000.0,4288,7ade99150c83e3eff58f298ad367c8e4db2138c915ca6a26f2ef6d85fccc4c9c,2,-1.2503792390613773,0.0017668702767131889,1766.8702767131888,0.13064684506422267,0.17523155706026286
416,2,3,random,160e952ae5d272bc,f874c6ebd478cfdf,96,100000000.0,4288,b0fbf18a7ecdf5b533fe6d00064d9f1ffb89e748d091146fd7e760e1e836a94b,0,-2.2213434787583477,0.0017710598765570565,1771.0598765570564,0.13713306738023842,0.09054054218051648
417,0,0,random,841b509a93b989a4,df3bddafa2bce635,96,100000000.0,4288,13ed39def26df280b5ad42f8d83ab0ad3b773c174958986f1101024dc5f07ef8,-2,0.7187164299234754,-0.0014451383961022835,-1445.1383961022834,0.09150999957004011,0.1317080201610592
418,1,1,random,fb89a1625785bd32,4128a85ac7e730b6,96,100000000.0,4288,a6f37304adf42eef4480722f7a1f4b744a84753875fc495495fab60e6b106590,1,4.264368868276502,-0.0011863884704664844,-1186.3884704664845,0.13313428398326776,0.10104718211901546
419,2,3,random,fabe05a901725efb,223044048cae6d86,96,100000000.0,4288,9fc479425c97e985f25e207f162f926b376e08cdf2fd531bf6713bc844a5d6a6,4,0.4594630733836388,-0.0008724363878925384,-872.4363878925384,0.04585157801976044,0.20594846310351833
420,3,3,random,6f8b846c55d9ad88,d24eb120341a5fc7,96,100000000.0,4288,6e12e171cd906752f5c9784accef2d60d0d22cd90447ab8c168b03058b340516,1,1.1598604636083163,-0.0005034419623188325,-503.44196231883245,0.12655375040858477,0.22683345303594832
421,3,1,random,255c850b0b425733,d41fab554764d6eb,96,100000000.0,4288,209fcab42ae80002dece90efc58dfd676fa4f06d08ef3afcc144656143232c1f,-2,-1.0866921438473833,0.0012313610702641793,1231.3610702641793,0.05120910808003715,0.08912012319275424
422,3,2,random,b49c2366ac820a47,db47b7696302f6d8,96,100000000.0,4288,9cc6f712365a0a1b8de9b2c148a959678356c62da9b7208eff363b0d7456934b,-4,0.8768437442149214,-0.0007527932695387347,-752.7932695387348,0.06378843289423929,0.21082591412946294
423,2,1,random,e6444556dcd9e07f,221523566c3f55ea,96,100000000.0,4288,635f62fb9e1a5f82bd0de8601c19cf4f8d0da1e94c35df0a7ff2d15ea5bc926f,-1,0.07836396690860643,0.0006960341463126546,696.0341463126546,0.16458939568082664,0.17795484595986052
424,1,1,random,659f578d3c088345,7175a9c34da485dd,96,100000000.0,4288,d2e7ec2509ba32feb34890f27d4f0ab954b9328ed248561bcd386d91f1f62bac,0,-1.1816209666015902,0.0007155388301727021,715.5388301727021,0.15640411684937017,0.2147073390607046
425,1,0,random,be6aad0a251fc194,ef678ca798cdaa2d,96,100000000.0,4288,6e341a1227b767acfd5d5985907cdad98a37852ebffaf2c653a807a8b8788d92,2,0.6234770181142454,-0.002492797918846465,-2492.797918846465,0.1314777052788076,0.25624550658438794
426,3,0,random,a2d73f592be3fd71,46427d05575d5bd2,96,100000000.0,4288,b7275f647c897c5e56596d9f05c7faf212116f5577ac6f9db52528e84d2bddcf,0,-0.2674276339117938,-0.0014301071860536565,-1430.1071860536565,0.09233462932055288,0.13863048809869102
427,0,3,random,ffd820a802975882,ac88d887a2e8e9ac,96,100000000.0,4288,a711c125eb8954a624815ec21ff3a94971ca3d7cecd7ea5c613d324f35f1efaa,5,1.0937943152472243,-0.0009567709449009935,-956.7709449009935,0.020478614001905867,0.22235255226237002
428,0,3,walking_one,0000000004000000,830e36fc9724559a,96,100000000.0,4288,46439e567aae376c3ecfc292bc6466a906d0a0b681e13d35aa0470506538932e,1,1.0362497868688096,-0.0003086906065967226,-308.6906065967226,0.14354433251704105,0.2390557985979806
429,3,3,walking_zero,fffffffffbffffff,b1dcc1df9816a658,96,100000000.0,4288,8dc34aacf7a12a32570adcfe034d19a7c3b9042562c23c26bcd2a63c685c3bba,2,2.021489535534163,-0.0010881698857825486,-1088.1698857825486,0.14942578309883794,0.27901184255592437
430,2,0,repeated_nibble,aaaaaaaaaaaaaaaa,e84bee555df9d753,96,100000000.0,4288,b37347c814532f7729fef2b36933d875404e3deb8bca9a04b1a159b1911a5a9f,0,1.7363966268464996,-0.0034461328270822336,-3446.1328270822337,0.14550296387693454,0.25993051162931957
431,3,2,counter,5f65ef4d4e66e75b,e81a10ca550e94dd,96,100000000.0,4288,3bef7c90fe9c1f760f839c8e660ae40a5aca6aadec7b441e7806ad10b91d97af,-2,1.0231957801997071,-0.0009115939996277757,-911.5939996277757,0.09153986560171182,0.21523233633852848
432,0,0,random,057d107c5fea26ab,d779b0ceb2705de5,96,100000000.0,4288,66c342848f53f1b71933d8807d2bcc1ebebb77941de394de256a631932b76eab,-5,3.1850629568650333,-0.00290501502748694,-2905.01502748694,0.0768755188596288,0.30110457320025147
433,0,1,random,7c6c80fe2123d275,51d271ab4947f9ff,96,100000000.0,4288,3e229b387023c4b0ebb52e887e0c831031e55b5cef627ec59aba18d3db90fa0b,0,-0.4315266607821838,0.00030200361492538976,302.00361492538974,0.16157674209527936,0.22646305079050172
434,0,0,random,75d5fc14ec39f5a8,2f39a13e2a98cbde,96,100000000.0,4288,21aaadd1f969b70de33700f449aa1d26d27c8a6329dbb42c51decbacd04a9385,-1,2.0418574011846293,-0.0025964219436977604,-2596.4219436977605,0.16050503270886332,0.2733321791099233
435,0,2,random,ad91b1d0de2081f3,b4beddb82e1c562f,96,100000000.0,4288,220146e49921d665261ce097a4b6c2dd6715c940dcebd43b39d88efa74e6a1cd,0,0.03353534415077056,0.00026555367398298197,265.553673982982,0.1664717675363963,0.22354731600954753
436,1,3,random,a024bda32e79a2f4,b0ad31d3aa8a7d1e,96,100000000.0,4288,5bc9b3d209f747291988d967ad5703375437b65388bb033c84f2046d54a3e25a,3,0.6732247380644281,-0.00026095549343227166,-260.9554934322717,0.0842224210260892,0.248310462514956
437,3,3,random,1572880d6c7dd764,c1f5c7239a5f8074,96,100000000.0,4288,95c6335f6a25aab737fc0aaf85927a587955a65d19275369a41b945a43eb9e94,-1,0.2658948840995972,0.00022662424261894883,226.62424261894884,0.1806968435960328,0.24944058500167313
438,3,3,random,5e3d18500167f89d,db354bcb4b2e7186,96,100000000.0,4288,1523627d229c90357b2872d5998406dbc7ee3d0696c1613507190a9f06c9f133,-1,0.2634215543858231,-0.00031535295996888224,-315.35295996888226,0.15692383104821425,0.22275120451555014
439,0,3,random,8956ec3153cbbdb6,012b7aa1fc502557,96,100000000.0,4288,eead562fbca3cd91196f90f8505f5dbabe8c149cc7817b607a49146d4dc2efe4,3,-1.1516898048331874,0.0004284977535419019,428.4977535419019,0.11065445425091633,0.23978861307886376
440,3,3,random,92169fd7696397dc,bf4eb20c2e45d9bb,96,100000000.0,4288,8c43a3c7624b1720707c93117332e63803a1934cc7dc49b1635ceb3316411c0f,4,0.7751226152129098,-0.0006690354611064948,-669.0354611064948,0.02148974152118173,0.22689372654503467
441,0,1,random,96f176566a33ed81,a05357b78a71d017,96,100000000.0,4288,60c3c6e5853a8fcaab6b6e0ea769a49bc9294646b1c82c6ee731a635a5e12e27,-2,-1.5151348760283023,0.0009861298388696724,986.1298388696724,0.10351784175562517,0.24541858319950813
442,3,2,random,c2699a1ab8018ea5,5f8b1ad1f68c84d2,96,100000000.0,4288,68316a90eb65f3ad89df5736212ffb3782b13f390318ac6e9ae8a2f14393afbb,-3,0.8827330844884796,-0.0006396817494767062,-639.6817494767062,0.10137865824627533,0.2131821582807005
443,3,3,random,34a6fae751b1ff54,2a85ace7ad93ed1f,96,100000000.0,4288,0ca2027d43ca27c7f19b89ef636d9f268c6c94e15c3252e5cb14047780f81f30,3,-0.8210185059862323,0.0011663173813648215,1166.3173813648216,0.07845976271046246,0.13698315844356265
444,1,1,walking_one,0000000008000000,9191840d7c4abbd6,96,100000000.0,4288,add3e559c55a51a15f02637e92eb3952ef697919ba4502748f0738af8bb530df,0,-0.5492827613243803,0.0005389180934466219,538.9180934466218,0.15012489150930894,0.23633413289654023
445,0,3,walking_zero,fffffffff7ffffff,c9fcd91c7a41a948,96,100000000.0,4288,31512b0b7d3b63e86e3feaf279f09ba6aeb01fdb4ca041267f4d9da68923fbfd,1,0.09296621890418677,-0.00024070859064614925,-240.70859064614925,0.13068105096799973,0.18177872095206174
446,1,2,repeated_nibble,bbbbbbbbbbbbbbbb,6e5c1243e633f305,96,100000000.0,4288,8f4a1bb4dbc7ecf4ae79c5882978dc4e9262a70ed38b58c4a72f012e86109a0a,0,-0.9377614159300058,0.0006451652185581503,645.1652185581503,0.15873071235354133,0.21218848519922123
447,3,1,counter,42dd8ae5430ea8ab,5da70b802c8de9e0,96,100000000.0,4288,390e0508a27d62684cff8363fbfe9448450acc42afa1635103349cb130b5dceb,1,-1.0106934144931587,0.0006979395601471589,697.9395601471589,0.14883393964788783,0.2151644087488546
448,0,2,random,d88bea597f613709,cb898a1520d5a1e7,96,100000000.0,4288,e2dec369dd2e62c09fa91059600a494ca8447fbc3611c74f601011e026a57d0f,2,1.101791578864953,-0.0006128664693617465,-612.8664693617466,0.15269594551656782,0.2559394044517491
449,2,3,random,8180c965e5e11bb3,7c4990bd017a0757,96,100000000.0,4288,8df313e55a10cacaad2769a4a745784257d6a4a92a94fabca8ded5207b62e0ec,1,0.1444734548205342,-3.519020433146358e-05,-35.19020433146358,0.13134593165703026,0.15795529118525578
450,0,2,random,8635f8f8973223d1,6d860a8527568d1b,96,100000000.0,4288,c5c149ce622118d5fb2e640b31fce9eb60ba23cb807f12c8450bb009e68ee6f4,-1,0.5089622725974182,-0.0006180972815811521,-618.0972815811522,0.11865030822633543,0.192991023928471
451,3,1,random,2fc7a1acf7512f28,ee3cb63507def85f,96,100000000.0,4288,12a37133fb30597de21dd92e513f84a8403c263403537408a6216414ff9601f0,2,-3.03317924609986,0.0015450397100618977,1545.0397100618977,0.11447668913777306,0.22394176159127946
452,2,3,random,eb8349fe39791b3e,fe12602cf7278737,96,100000000.0,4288,008545cd977596bbf68904c77e391af712506af6419d5f2b18b99bf511814f7d,2,1.2512475293941683,-0.0010424214618199013,-1042.4214618199012,0.1261024965048951,0.26202779031117435
453,0,3,random,226ad41a202d5d7d,dfece3c1f096169c,96,100000000.0,4288,6eec2abcbfdc521c437630544be7aac4d3d7ffa526fce1aaa8683b12bfb99aa3,1,3.393353694615795,-0.0013776266730016241,-1377.626673001624,0.11016639849366333,0.20879321655504646
454,0,1,random,ba1999c7036054ab,38f1056e3701aa14,96,100000000.0,4288,720a5073971889c4a0b8b29a8cb387de9a400c7a9831853f59224cbfe19c48ae,-1,-1.8258131741552706,0.0009584902703449333,958.4902703449333,0.12876673224509527,0.23387961256325054
455,2,1,random,f0a75bc5f6523641,604e6fc9bc0a8945,96,100000000.0,4288,af80993aed883dcb0c78763be3ea27616f6be9fcb29f06930db5c8c0b99df1b1,1,-0.4747734052824705,0.0004162554410339754,416.2554410339754,0.11879993423570108,0.1946543758963361
456,0,2,random,2586f82a851e6573,f231e5e0d87fc3df,96,100000000.0,4288,ccbdab784df6233f0abc8b5261a4167d9ac4b870c775a41bd9620b8b7210cd45,-4,-0.38090912236195257,-0.0002988096311416618,-298.8096311416618,0.05022174888698124,0.14890247582337268
457,2,0,random,341475c2a3fcc417,bcc79a8179bfa344,96,100000000.0,4288,978e8210ca000d2b164b66bce51af8ed8559b4c059ee9093a23026a90836597f,0,1.3749829957688853,-0.0002107375814700759,-210.7375814700759,0.10328814479761105,0.07203922344254733
458,0,2,random,a9765613e8a713ad,31947a78449823d3,96,100000000.0,4288,d85cf9afaa4ef089977c5b2e2ae73996e3ad23d3b77db8be9091ec104d4f1851,0,1.4487629051263957,-0.0004745822131141812,-474.5822131141812,0.14367250470175316,0.23646903624125412
459,3,1,random,68322b16c83ebac5,0f08aaf6c53bd38a,96,100000000.0,4288,48214e967cf83e369e95895a55d1a5579f8c1ad0a2965762ac9e7ebff7477aa9,0,0.7390349436138012,-0.00012108771245746785,-121.08771245746784,0.15774367700116035,0.24876555957616656
460,3,2,walking_one,0000000010000000,ad0770b8b7737870,96,100000000.0,4288,9102961690e72775e13199488f2943d5eb272f47dc9cf419a897d60360029224,0,0.507863858678142,-8.429185460567484e-05,-84.29185460567484,0.15403998234487407,0.21898913009452556
461,2,3,walking_zero,ffffffffefffffff,49244f75ecc8e49f,96,100000000.0,4288,1d883cf61499dc451d5a50ec31a53afaf603171bcf56a53c0c45685e2689c121,3,1.081937886621559,-0.0006743967745494716,-674.3967745494716,0.09056215546301057,0.24902587103425203
462,3,0,repeated_nibble,cccccccccccccccc,fd70208e043212ff,96,100000000.0,4288,f646a03c03e7c1a85f64083a0fdbfa44f0e1688b952d2b709dab1b61452dcb25,-1,0.9188369135353276,-0.0021594264547229614,-2159.4264547229614,0.15332989817938672,0.2751949606802992
463,1,1,counter,2655267d37b669fb,37a31b13144b935c,96,100000000.0,4288,5c63dc3a399096d84abf75d7f4b44ab76d4ee08cda1caca7bbcb142ccf424c6b,-2,6.882001924551057,-0.0022412184284178738,-2241.218428417874,0.13056424744779646,0.15794588890474662
464,0,3,random,4d78ddaad1735aee,b6d05619f2172f61,96,100000000.0,4288,3057b4da80a5245c7dc44276f8897ad161919d41117a5d496749ec5986e80fd9,1,0.8080144863990331,-0.00041626600334982816,-416.26600334982817,0.17703320510248974,0.27368892018978075
465,2,0,random,fb007d9420bc0f65,e3d131af7cccec4f,96,100000000.0,4288,984a2a09db3f2c9540da2884693ce80c5766176a0fd9f645b819cd26d0798d12,-2,-1.535088044915829,-0.0007938496571095251,-793.8496571095251,0.09249702641620923,0.10084162100385334
466,3,0,random,d0b946ea09a9e84f,ac0d247b4eef3ac5,96,100000000.0,4288,1c344896d7376a92937b6a10ea634a1967a13ee7caf36acfdd8e6f8111335068,-7,8.0,-0.002554238726504366,-2554.2387265043662,0.10554906047967254,0.2523077592236176
467,2,1,random,f578635affc0a065,5d2f15983da72697,96,100000000.0,4288,855775bb7d3097dbd80b585645467df9fb68f8e0ad56421029f6e288033301b5,1,-1.8288199092694715,0.0018834092190645351,1883.4092190645351,0.08277285307951318,0.17012889099712583
468,1,3,random,e8dd7818b7124789,49349e05b222e1d7,96,100000000.0,4288,877a26d525109ad6fd6cc13e1f395bb27630af17ce6b45489dea86e64ee5ea77,0,3.2669075737181186,-0.0012510252297015603,-1251.0252297015602,0.13904791814684722,0.1854107450267283
469,3,0,random,5d17efa9a9a80be0,30b294563bb2fcb2,96,100000000.0,4288,08a603b7e02250f6d46e1d1477b67c88c618a4e23272eb87a4109d10a8ec78ca,-1,3.09335165008612,-0.003448477467571998,-3448.477467571998,0.12789630940947153,0.2657901272146406
470,1,1,random,12e103d0c70947e5,be3c53d042ac82f7,96,100000000.0,4288,1804db2995e949ffa157d581f5546f15392261fc31a64232cf8c17f22150cca8,3,-1.9110169476933678,0.0014005047447107103,1400.5047447107104,0.037892663721473555,0.2181293654616632
471,2,0,random,e0ee5131e0433a53,b31f3893024e17b2,96,100000000.0,4288,d356cd662881ae7a283ced27817fd78ac13124571502f4573c73a91f2cb98966,0,-0.9548358100935735,-1.3570065010379987e-05,-13.570065010379988,0.14731739826554519,0.0913521760771441
472,3,0,random,1e4766dedf9f615b,15a59d574636f7b9,96,100000000.0,4288,718c5098ee2ac7a8166bdf1aec53ae920dc21c5f7ddbc1e8b3a84a0d564936fe,-6,8.0,-0.0036222413494697908,-3622.2413494697907,0.08269109776017883,-0.027529489308703723
473,3,1,random,2e2e3c673985817b,dc7b31f791a4a981,96,100000000.0,4288,a73e5fa654ebb69c52813380eb90c7d9eef7a6821c44944bf8de602864208304,-3,0.18572332733409408,-0.00042048253168567933,-420.4825316856793,0.084995951363603,0.2612047326994079
474,1,2,random,acdc4a41ff2d763b,aed0a2aff6ede173,96,100000000.0,4288,5d317dfd12ff1679dc6e3f5a887e33dce66e77063dbac93b88385b963f949541,-2,-1.8649104045508769,0.0011570687957293102,1157.06879572931,0.1015176939678228,0.21031697686420112
475,2,2,random,cd18f8ad3dae8851,5d74dca66394449f,96,100000000.0,4288,94cad81eb51eebb0f1cc2e8987223087926e35709944743f7f9aab8ec58a416e,0,0.09187935251507552,0.00012161405789274402,121.61405789274401,0.12411615427926041,0.18617298992775366
476,3,3,walking_one,0000000020000000,5f0bccb46fb695b4,96,100000000.0,4288,0ea388b36dec5d62bc2d50a17ed29b48ce2ca134f4f402ab9f77cf2235c3e259,5,-0.2687795241237223,0.0002480828689161949,248.0828689161949,-0.0007111363375710099,0.2832866141060105
477,3,3,walking_zero,ffffffffdfffffff,85bc50f3a280ed9f,96,100000000.0,4288,0d1c0bb46f3a317bfbae534c1c9a896fe2452e174bdb77f18c65edbe1bd5918a,3,0.9869850158419153,-0.0004904762167280085,-490.47621672800847,0.091639471849775,0.22817000050579545
478,2,3,repeated_nibble,dddddddddddddddd,db57107f327c9ec7,96,100000000.0,4288,491f57c9555d539430975f7fef8f90d84ff99fae00e62b6848f63ceb789f582c,0,0.19199757885185315,0.000980777993209366,980.7779932093661,0.15056169359397822,0.1578015234587264
479,3,3,counter,09ccc2152c5e2b4b,812fe62fafc34a05,96,100000000.0,4288,ce19c195f1f361ef49ab84d8b0af9b147e38fcf137a508abf10a24faf5b880a1,5,0.3419481739369879,-0.00014318516340636054,-143.18516340636054,0.009891956352290407,0.24676132524340566
480,1,3,random,09680daded292701,14ebe5ac8b2e85ba,96,100000000.0,4288,07f2612c7e36bbd5ebe2898fbe99cf36c480623c5529384e7660fcb4213e7c65,1,0.6112666580709072,-0.0006963206965681102,-696.3206965681102,0.17388730450994472,0.27109846989792147
481,1,0,random,849ee974bbdc5305,9484682ec216bfae,96,100000000.0,4288,a5fa24bcac23449882434a0605f6ea525d19fb30da0f519a35266363090b059e,2,-2.0278913285893765,-0.0010270921497181488,-1027.0921497181487,0.06509780503415748,0.10095763775183729
482,1,0,random,824589c3046de85f,1119955feeb4eebb,96,100000000.0,4288,b1e8676fe6e21904f47e4ebb3bc5f87955bc58a1cccda0c12055eda0e3fcc530,0,0.9836828264334014,-0.002582010903734811,-2582.010903734811,0.10861928054454088,0.24521291238880016
483,2,0,random,723dc5c2df656388,c7a1f7444260dcdf,96,100000000.0,4288,2873bc294aabb685b4a9e6939dd463e3c84f413b12bfe946571aacfcd9f6ba95,-2,2.953966472434902,-0.00288298307845434,-2882.9830784543396,0.12687954440090665,0.2881584761115044
484,1,2,random,aeee65f96424967e,14c99ec8c84102eb,96,100000000.0,4288,7c1bebcb2c757b8e4da8ea88873b10199ad752bb396e047833cff5987580c7c5,1,-0.651644236874197,0.0012669384101700058,1266.938410170006,0.10742306714915836,0.07926919684166929
485,1,3,random,08d27a977d232f4e,b4ddd6395dfd3606,96,100000000.0,4288,b76bde593ef83835dc17d6c1aafdc4853f4cb2f854f5b3060d60bf89c7cc080e,2,-0.3339826783982995,0.00028471721432756403,284.717214327564,0.1036343331795003,0.2554370222475499
486,1,1,random,e7cef6caae3b2504,b7c598d56cbad7e2,96,100000000.0,4288,6425d870c3087554ef466eaee716559dcc51d2ee30ddd447cd8d66ad9ce74505,0,3.968508572294066,-0.0011197060658086828,-1119.7060658086828,0.18000754496783858,0.1311757823784246
487,2,0,random,cc3f1d0f4a42773c,88f710faa5697558,96,100000000.0,4288,5346ec1bd7be113266ec59825877acefd42169bd5689552a3220267d99ffec87,-2,1.5193072414703856,-0.0026097992867295766,-2609.7992867295766,0.08648061742038993,0.23966498397049452
488,0,0,random,1bc206540d9e949a,0c77b85b4b62d2dc,96,100000000.0,4288,3d7975a6c7ba17084add77f45487a8aded9b4a2fb006af26b43a4f1dd9167034,0,1.583399528974938,-0.0026822787200730842,-2682.278720073084,0.11093943373260308,0.24268087823985535
489,3,0,random,401a84c7c30072e2,1be22390ca946428,96,100000000.0,4288,71101ccdc181e81afc224eb20b7e18893876bfe25c5f8d6f2fb3de702e90d2bb,-2,0.3221859182460828,0.0006391621860160414,639.1621860160415,0.10187203267740934,0.09187062643920635
490,2,3,random,900a667c30d156b7,d7008b8ef2be4209,96,100000000.0,4288,fa09ec802d4a9ab218aa71247b004bca7fe7b0d6af11ae2165e8285cb64bd6a2,6,-1.2253203441637959,0.00159635100308431,1596.35100308431,-0.014923543908474286,0.10842544393527909
491,3,2,random,8e4774c0152a6b41,16d1177209ba0154,96,100000000.0,4288,98d1eab6655cc1ec5c1e2ac5269bb462329896b231a65c140c368d3c94d15e3e,-4,2.8312724610790263,-0.0007098451681059508,-709.8451681059507,0.030762682636369,0.14303094238644548
492,0,1,walking_one,0000000040000000,4e741b475b2f38e5,96,100000000.0,4288,a33b8b25d060fae204b48c51e76db4078b3c8de7c8d39558d33551d9d28caba3,-2,-1.4921201924903458,0.0009579617995616521,957.9617995616521,0.10059515673871218,0.22853684590304757
493,2,1,walking_zero,ffffffffbfffffff,dcfa2af71840da44,96,100000000.0,4288,a8b1f92831af4533360dedfb570051045b5724ca5b54947449722d84b3a489fa,-2,-1.1104690615418111,0.0005132950746886741,513.295074688674,0.07153539584488189,0.2116983032418392
494,3,0,repeated_nibble,eeeeeeeeeeeeeeee,103834b94ecb0796,96,100000000.0,4288,b88de868286469682226600b3407b96ef1d78394bab351e29a7bffda2b62070c,-4,3.92833080726501,-0.0036072782914358336,-3607.2782914358336,0.03928384052483252,0.26954952101577506
495,1,0,counter,ed445dad2105ec9b,46c6d520ff67ff29,96,100000000.0,4288,1feeda59798c02fcbc37dc10c852b0775f6e5400786240bca848f9ae67a8c466,-3,2.8990598115870045,-0.0029392962805257065,-2939.2962805257066,0.09339522464210065,0.25268686822124664
496,1,1,random,89d1759b661e7a8a,98b51d806187e819,96,100000000.0,4288,7ffa26b57f86d3a1597e0c17f6024d5938fb4d5948d1fe5fb8f74f27f1eaf477,3,-0.5134779522827082,0.0008511488715489233,851.1488715489234,0.07056928970777653,0.20776418566334443
497,3,2,random,da68c6ed5fc091e1,4996ed15eac4b309,96,100000000.0,4288,37a56c1c7f81670331b377740ac18198521c5ea88e73353754fda3c4e7da3dda,1,-0.4850769998705829,0.0009956182972572225,995.6182972572225,0.14187383265276388,0.1697620053429601
498,1,3,random,09c8f2f09464e64b,3fd3e16afc0309ea,96,100000000.0,4288,34a879f275c811cc74336baef84a8871ab68df61c9a66de8307bc8f11140ec38,0,0.2816955650784852,-0.00119426476996133,-1194.2647699613299,0.10658239317926722,0.1914573823574711
499,0,3,random,1c0b098778523180,c0cb41adb01cb822,96,100000000.0,4288,2af79bddc6a6bcb08761c231a93e9cac75f0b16d5e447195e0b9a6569b21434e,1,1.43302519625373,-0.0009594557451026651,-959.4557451026651,0.15142962908016827,0.24209424933385218
500,3,0,random,841c67735434d576,b854f4a707833c74,96,100000000.0,4288,cf8025a40e2509bda6fb53ab8714354aed04ecaf429186e1b41cb7277dcff029,3,1.7392396688806229,-0.0027918526692138463,-2791.852669213846,0.13719374277143873,0.24813781293826692
501,3,3,random,a09d3141e2dd9883,73b0cf188aae2013,96,100000000.0,4288,dcf7e5ab993cdc1fd8d7fecb73b9bd1fc1ca1e0ad8bb2c20ad92cf04708cf6f9,1,-0.2941792268585363,3.2646781440691865e-07,0.32646781440691863,0.13774047427872393,0.14620645462069923
502,3,2,random,06e283c5c650e53e,c6b0a10775ad751f,96,100000000.0,4288,f67a3b5673becf46a7b896b261c3b92f3d5070e3adf4a802770e538fed6e3d18,0,0.3007042372487121,1.999214589113627e-05,19.99214589113627,0.14483767361199834,0.2125232672682606
503,0,0,random,a3363b76d53176e5,d6dcb0ef24e29979,96,100000000.0,4288,117b6d3b4b4a0525d3dbfdef33c5f93f839177e23c3f3edf2cd5b778c593818b,1,0.5741236938572724,-0.0017027558891513771,-1702.755889151377,0.14179371548096403,0.25200797213307874
504,2,3,random,8289e0c79c8e2434,032ee7595b2a7e5f,96,100000000.0,4288,fd9e5458e6087f2be6e026743f719777d344b852f53b9b3ab5eba7d5c764cdab,4,-0.6433700694809483,0.00012999802928405604,129.99802928405603,0.009166811278876008,0.2166978768107926
505,3,1,random,925661897c9c70a5,face504ba55c9e80,96,100000000.0,4288,8bfd413c2b50ef50473fd0af63bfc5b3f9f885049f59f01d8cb99f6455289647,0,0.03681943845916001,0.0005514775131510294,551.4775131510294,0.12862759002684246,0.2129721058488205
506,1,3,random,e2c7db17a10f9291,cc4be4532624aa90,96,100000000.0,4288,6e1400a91298b3aba10f7b88f6119e648e1b58892d24f137aca532e02a2c27be,-1,0.9288202490793459,-0.00030905317704503136,-309.05317704503136,0.129793227187383,0.22209719931429953
507,2,1,random,2feeca27fb694be8,2520229df15cae9b,96,100000000.0,4288,5e28b8f449477224382055dee3b4518136e8b70b4c6c4c01f6b9e31f6e3a9f95,1,-2.321775921877385,0.0012243421409259977,1224.3421409259977,0.1739693385502815,0.25062547985508643
508,0,2,walking_one,0000000080000000,4322e597f7bb35db,96,100000000.0,4288,414bb2d9c828d76e5b643c435b34edd9494bd3f109579921c29f15dc1dc2066a,-5,1.0163075964286645,-0.00019151677494182398,-191.51677494182397,0.030835521037378494,0.17173756098037482
509,3,1,walking_zero,ffffffff7fffffff,1c4d5dc02e519590,96,100000000.0,4288,6b46d0aa8f3df18f1808fb24c6290a3d8e0b9969f9a4a6f230247c1f5153759c,0,-0.7584423010806496,0.0004604251793488638,460.4251793488638,0.16401879518152462,0.22251215674162114
510,0,2,repeated_nibble,ffffffffffffffff,11152b6ca98393d1,96,100000000.0,4288,904f30c03c90c45919c7ba7374b4013211e95cccc4da5be063251f307fdebd8f,0,0.9516547185437818,-0.0005687693165563735,-568.7693165563735,0.15615516182019223,0.18908235826114345
511,2,1,counter,d0bbf94515adadeb,d5aa7601fb4d167c,96,100000000.0,4288,2e482f71b466eb5154b3b79181f0900f650747df61f5d26af913af6dab009b98,2,-2.204475665726711,0.0011556722384970114,1155.6722384970114,0.1306157102495927,0.2139459836833223
512,0,3,random,4e024fcade26383d,de16badd0f608216,96,100000000.0,4288,d34e77757029066411c38bbab315daf0c3682f1ed2d4f82c99a24e4ef4e1787b,2,0.7683320100381238,-0.0007651801507811021,-765.180150781102,0.08746753397222615,0.17336247050925416
513,2,1,random,874f036da3c71d4a,53274c8ee7dcf171,96,100000000.0,4288,ea22ab1c4b468e6f00db0fe1aba98dc56e005a8b7bdca95a8c45311de93a7c6e,0,4.473217522639572,-0.0008807726114646326,-880.7726114646325,0.14888924080475793,0.0682518639531663
514,3,3,random,59912c8905653550,a64f3b76bab2a188,96,100000000.0,4288,822dc404760bc2f0871af5c76051ed1dbe0fd323e67553237db6d32f891909ab,0,1.067496554847771,-0.0005818831128364952,-581.8831128364952,0.19748369638746394,0.2541260564924262
515,2,2,random,dc29bdcf69c25e9f,51648b884d9eee3b,96,100000000.0,4288,57ffc62d7a625616fabefa2b4c424ef485fd815fd3b4c09c82e6b037342e99da,-1,0.1579937874496657,0.00026464542607367464,264.6454260736746,0.13840954787184406,0.1952371190068064
516,3,0,random,8e3da0823eba8b7e,2a0fa2c397a58f96,96,100000000.0,4288,05391dd59287e49a57ad2f6e719ab8524179b54b15ef3d420f443aec683d8c73,-1,-1.2885689284618564,-0.0003544399555247442,-354.4399555247442,0.11716000994111614,0.12973574248572314
517,0,2,random,c49e382a2ecdef19,6223b6bd3c5cffa0,96,100000000.0,4288,31a323fc8949594de2691ca2ddf3845d84f973ec47e487c4462c22946169a4cf,-1,-2.65513503309737,0.001876258579261294,1876.258579261294,0.10326716021339795,0.11405376236659921
518,1,2,random,43f3d14b8901ca11,df8d35ab309c7253,96,100000000.0,4288,bebf624084c600b768ffcba56d2ff7a2d4b729194ea3697fe71c54440d275035,-2,0.3948911087702619,-0.00021195621063775587,-211.95621063775587,0.11756030387424152,0.2281605457968367
519,2,2,random,45d99bbb86c5eef4,1764227b945249bb,96,100000000.0,4288,a7648e91a879bc531a2785f2d3b1997e41f28fe5591998870a6f9dfcb9333168,1,-6.871447988242331,0.003505353399707086,3505.3533997070863,0.13776301165710805,0.072863527770701
520,3,3,random,52cbb6ecdc1e3e9f,4c0e4774fc21c4f4,96,100000000.0,4288,a168a70d54ab3f1561a73aa3e1aece6caa08acbcb04460758310264178c44fa8,2,0.096431977707001,-0.00030410015539915103,-304.10015539915105,0.16401799833904848,0.2698248113851348
521,0,0,random,fa8134149a469f8d,bc6296f6c3045070,96,100000000.0,4288,4e324318a33aaeac905ad6be1ec135442cc72d8f8092edf5a07e52660cd366fe,-2,1.490862961312066,-0.002725458071658572,-2725.458071658572,0.11886292299175,0.314833327460317
522,3,0,random,0be45e8ada39b587,a539d5754bc1ca61,96,100000000.0,4288,92f2a9954d2b529d02db0a991d7bf9d182aacbf44b555f6ab74a7c603eb569b4,-9,0.8592042944574999,-0.00039955568976922655,-399.55568976922655,0.08726460271794687,0.08869733570292503
523,0,2,random,72ec8dc4c0ae11fa,00af9934d4cf170b,96,100000000.0,4288,255a85ece69f4c3d9e9623ee7b5e04b45d1a8a1cf0d1123b46f786c1f28924a3,-3,-0.4534568062359355,-9.182700692757039e-05,-91.8270069275704,0.052628434014941106,0.21941581357248677
524,2,3,walking_one,0000000100000000,e1f18dd77fbd97a0,96,100000000.0,4288,fc5616fca83e6bbf847c5c6839271d23cb43b61294b02f80834a647f77662cc1,4,-0.036473332479395035,-5.8469154263657155e-06,-5.846915426365715,0.04664140793438862,0.2276496902922851
525,0,2,walking_zero,fffffffeffffffff,d0626f5d7e4991b0,96,100000000.0,4288,d86eeda4b32e9392529be0f017a79a1d835f0f4cf850a48553bdf76ea9bbdaa6,1,0.2288027575688402,-0.0006008726937863941,-600.8726937863942,0.12734882216284074,0.09504151339223625
526,1,3,repeated_nibble,0000000000000000,7ec99b4d2d6e6447,96,100000000.0,4288,402b5db01045c3ac4f8dc01e1f79de4f37867dcbc1554bc6f8d8e80e24858012,1,-0.22898508486791902,0.0002807974744959507,280.7974744959507,0.16081296959165015,0.255891117336327
527,0,0,counter,b43394dd0a556f3b,f1b254725a7cbd32,96,100000000.0,4288,984c1353b931ea72cc488e44adaeaf96b9b3bafa9d4dae7d24dd256945648b8c,0,0.9104530366727103,-0.002644596981279874,-2644.596981279874,0.16821983174739014,0.2751321924734633
528,1,1,random,a3661c122ee2d943,e895070a19f3ef7b,96,100000000.0,4288,3c4a70da3f2c8883c2617aa952862a49ae12eef6c1d84f09a09dc95e22783848,0,-0.25516407937620855,0.0004161534030050537,416.1534030050537,0.1796241216987081,0.25190164958692457
529,2,2,random,4b1bda052198e038,d73cb63d6f5c6604,96,100000000.0,4288,97704c174261075e1f1d30114c87f9ee9302f153acebdffeea7ea32c6b0ce6b6,2,6.131547608042544,-0.002421008209256403,-2421.008209256403,0.11667903547381005,0.06720276017447054
530,0,2,random,a843bc9bd89f4608,770f2f28856ddc1c,96,100000000.0,4288,5360bb7b5ed8c9b024a5667d3b86b02aed02947c889668ff1e7a9d73825f1eeb,0,1.9566976841984893,-0.0013590086349271739,-1359.008634927174,0.09602856309328411,0.1876234019329348
531,2,0,random,cb8a48482f0f95fd,189f00a4b33b045b,96,100000000.0,4288,0b2888dfc330602d49f03c2a92d5d76e10dc4d30b07544e0ab19568ecac1e098,-8,8.0,-0.00280200309713037,-2802.00309713037,0.06953475398740008,0.20924456569979252
532,1,3,random,5a79e37487feff76,2fc92943767cff46,96,100000000.0,4288,26a3c30364417a269604b80e59b4f74a108eaf0cda2c9c09583d79c110133d37,0,1.0370926118409554,-0.00024910830369047647,-249.10830369047648,0.1348364887888041,0.20236308736082037
533,3,0,random,5f0c25db69954ef8,5001f52ca57916f5,96,100000000.0,4288,7eafe024e6e397046af5d32045f1427f1c7296f8ae9d2dfb907c012f484b739b,-1,1.6502914738027366,-0.002350599644617067,-2350.599644617067,0.12913467343884652,0.2555347663684543
534,0,2,random,4f6a6d055b7b758a,52dfd5b78a7440d1,96,100000000.0,4288,c411d2d8ce3c21227e63dd4718bbc0956295500eb5a551d036db056adbefd0e7,-2,-0.052291233845646296,-5.148997127195533e-05,-51.489971271955326,0.12024715626381934,0.20107575064255948
535,0,3,random,19aa39e66d6db7e3,9f6e1fc34e45f253,96,100000000.0,4288,5be5942f58c6ddf3d47ea7bbbc8137a9c2e954d93ef1a5b1c09f5f97b64e2f7a,0,-0.48941838703684637,0.0005214377000506094,521.4377000506095,0.12665332760705808,0.13812272853910942
536,0,3,random,8dfc44670a8b79a5,95026069421c4d81,96,100000000.0,4288,25acada86cfbaff340c07840698cbcc71f5be68464d0b8630f40ade920290ca9,-1,-4.974733247697787,0.002663669279504666,2663.669279504666,0.13066287093840312,0.10489055339187536
537,0,1,random,29814598df2089ef,e1707e6e543df399,96,100000000.0,4288,ec6bf9d3c7835d687a35a7e00acf873f2497927b83ad5b761f51a558a39e900a,2,-0.24986569775007772,-7.304329774860665e-05,-73.04329774860665,0.1185008790310886,0.2513015908617675
538,2,2,random,ae0d3b4a91435ccd,9d447cb43bc0c44b,96,100000000.0,4288,edeaa4c43c940d817dde9c6707f8e6cbce6319c82848507be2e44c2fea978df8,-1,1.1949231673215592,-0.0002102576696132804,-210.2576696132804,0.1349991670100421,0.21094661837560497
539,2,0,random,2571a7c7ebfcb53c,2d8486219b5d6b27,96,100000000.0,4288,8828529afde4d43abf7c7f5e559e8cf07883a9b00795760385853fdeb2c760d1,-1,0.8259043222917193,-0.0016591927835991154,-1659.1927835991153,0.12277882957239693,0.16490287266801976
540,2,2,walking_one,0000000200000000,33c07e3f99f51f78,96,100000000.0,4288,5f3fec46be62e7b5de1a8e0f0d876558b8539c20ebe433d142aa6549d36612c8,-2,1.1884580894914312,-0.0007195861802643514,-719.5861802643515,0.14349483077407488,0.24411527496205512
541,2,1,walking_zero,fffffffdffffffff,5ff06bb443b717db,96,100000000.0,4288,ee97bc766c6e936add25b8210ece7dc3f40e3105e5e8d66e93fe5481b7e9739d,-2,-1.1639269130283916,0.0008796331810753734,879.6331810753735,0.09523333283815202,0.215620177981008
542,2,3,repeated_nibble,1111111111111111,b277b404382873f7,96,100000000.0,4288,aa1309a7b57371100d48590f6d587c81a28131b848dfcf88947e259a7f068014,1,0.37186942466124634,-7.351081101181376e-05,-73.51081101181376,0.10782980109955694,0.2066837198579421
543,0,2,counter,97ab3074fefd308b,a7464ae5fe7902ba,96,100000000.0,4288,81d18846ccbadb100edb5f10a495b5c82328fd33723f4f329546b1836e4b9aea,2,-0.5432157333379329,-9.891646172795807e-05,-98.91646172795808,0.09327190064063309,0.1662618542830757
544,3,1,random,3257ff918a4a6218,3d007b5eb662e84d,96,100000000.0,4288,24d2ba7c8fa4e3d57c17dcbb0488d37f33452879e2f1ab36d8e5a22050d25605,-1,-0.9257623351736887,0.00031315238025178495,313.15238025178496,0.11217946567786911,0.17451000866918134
545,0,1,random,b70820483e7dc2bc,f62a8017d7af7ff3,96,100000000.0,4288,1c494410751b3c1349613ade647dde479e4a14c361f02451142cd87a9d505e3b,0,-0.29402571923847826,0.0007087059894227823,708.7059894227823,0.16997118353393,0.23259042136022615
546,0,3,random,de2dca60c95903e5,170744763ad632a9,96,100000000.0,4288,e6d30005aea6d8041cc293e8a1bea14930c1c5c7ac6d19914e92e08aba08d5ad,0,0.9887530030369693,-0.0006451398598554366,-645.1398598554366,0.1959299595834601,0.2803333533646128
547,1,2,random,49d83f264468fdf1,17e59c5b782b840f,96,100000000.0,4288,fdd50c7ad7f3dd7ec74872a15239e5d9af820eadd0bd7b5c04552f9d4deda066,0,0.006028659952897944,0.00032038030832586976,320.38030832586975,0.14179128244352976,0.14611222432791493
548,0,0,random,923e8306713a0d18,b136b00ffb91723b,96,100000000.0,4288,4175327f11412eca179cbe14761c60f7b836ce9ba62aac45ecbc0048d28d216c,-12,0.8730918335821364,-0.0009146826091001476,-914.6826091001476,-0.0032497241110972484,0.08844750960774873
549,0,0,random,81bdf04891151376,ca39d5dc00741b33,96,100000000.0,4288,77c1087e1e8fe236601f0e1655c981f0bf1cd6d1595b90f67de4c9ae672d504a,-2,1.4155334540759599,-0.002339791738904008,-2339.791738904008,0.11300317401676246,0.24501870640838652
550,1,3,random,8879bf09035dad51,cf73d1af558cbb79,96,100000000.0,4288,9a7134f680fdd6d06e595dd40a20f1f54db9700fa5f55c6ea4841a6ac94224a6,3,1.462332986661899,-0.0007886668820681426,-788.6668820681426,0.07082708038675467,0.23692520796897149
551,2,0,random,98d4b3f3409859e8,e1eee0024a143a76,96,100000000.0,4288,c6b2e2ee587d12f8c399ec6a5e88c60d43942e6f71e931952269fe75d4a73431,3,1.9220974193878269,-0.0028029287444688816,-2802.9287444688816,0.09560496136461569,0.2289679182749743
552,0,1,random,cc320f195968b08a,6c156fcccfe0423c,96,100000000.0,4288,3d5be27cbc9079471f8e7d04581cc850f3b02a849514fa69745edd173e080d18,0,-1.569930964480432,0.0007562444617613465,756.2444617613465,0.14679871855467533,0.21648521547416635
553,3,0,random,830311deb2571ffd,9b475d4d8f6c9912,96,100000000.0,4288,d2280edeb5f4054d7cf2a0c727b45d0a9b407bef4e6c332dcc74682d7f0e8a3c,-9,3.289962485671135,-0.0012274786619955503,-1227.4786619955503,0.0850689466306554,0.09012102783086778
554,2,3,random,ffff2821c0cf3d15,60ae74fbf05e8d5a,96,100000000.0,4288,6aaf3e9253e5fbcfb8cc199929d1328e7a42c7a6a4e873fd92b78e29aca50c71,0,1.7956657679006593,-0.0006547317480711775,-654.7317480711774,0.17975103221137936,0.2852661548589539
555,1,1,random,69479dbc518efed4,c79bcebd68182ff1,96,100000000.0,4288,d3148a88d73f8ba18b639ff1d1d9a4364d6a1b9c0826c5c589a741f27b46308d,-1,-2.163781330791467,0.0013548291472725604,1354.8291472725602,0.16345471594033859,0.24986291965006968
556,2,2,walking_one,0000000400000000,652b65dc974f90d4,96,100000000.0,4288,ec8eda5901353a28f14e2603533ce3db2ba755a9480220f9bff6306e8d9063bd,-2,1.450054082590124,-0.0005771092438832339,-577.109243883234,0.08299117248170407,0.18201211671520778
557,0,2,walking_zero,fffffffbffffffff,41a4c089f9259f8f,96,100000000.0,4288,e1c2c6b331ae571e28c33e9171c22d2d84690602124102d2f29a80a5431a336c,-2,0.08205377173367587,5.26792844856562e-05,52.6792844856562,0.0890552017527473,0.19523328018536554
558,2,0,repeated_nibble,2222222222222222,0da71028e2cafae8,96,100000000.0,4288,a3f4b2f680dd6185aea74c78be9ba8095252124ab54530639a15d422437ab32e,-2,-0.20597320779021683,-0.0015359518318297108,-1535.9518318297107,0.11917920928987223,0.14758375225872983
559,0,1,counter,7b22cc0cf3a4f1db,4828e2a2d10cacb4,96,100000000.0,4288,915f243500d294a1715dee4e011ec5d9ec849342789d7f50149b2b82f94f689f,0,1.1555086744552845,-0.00010705601892427773,-107.05601892427772,0.15520444385987883,0.19311663492453446
560,1,3,random,a6877a16dc18409a,fc6313c2323f0e9b,96,100000000.0,4288,23cfce0b0d9f3342cef5eaa77d419a7fda69af60374625427e4fe19f12546225,1,1.742353063205492,-0.0009716113238311618,-971.6113238311618,0.12931627988107672,0.2124027030562064
561,3,2,random,51c4eda918065af6,fed34ab572802333,96,100000000.0,4288,55df0be987789ea0adc713c588e94da87ce62d8152c658721d2df4931dc28c51,0,-0.02769718183789177,-0.00032188523516968776,-321.88523516968775,0.14441729941489714,0.19631387375586865
562,3,1,random,61436fee0d1a9166,7c578e356aea1c15,96,100000000.0,4288,3d26b1f06e26f5c71a92255d2bff4330ee22e6ef963f2cbab36fdda8388dd7ab,1,-2.0767131369345333,0.0016703101669022671,1670.3101669022672,0.15638689597001282,0.27397743895690724
563,2,1,random,a4b3ae11b21561e1,e3667df13fbc4791,96,100000000.0,4288,d2020e05fddc6453b48598cd253d0396fc49ae5333523d3814fdba6609c8b2a2,0,-1.6196557910027425,0.0010682507372871634,1068.2507372871635,0.1388703102592056,0.21887158504424462
564,3,3,random,03caa5e289044566,3626633366398e45,96,100000000.0,4288,cfd524c5399a4be1c2d1acddc80f52e5103260a636e4a536887cee3342b2a382,2,1.179216203391811,-0.0007976212748821063,-797.6212748821064,0.13145981375287,0.2583957241138895
565,0,3,random,0c3fe15b13c8fc2c,fad5a2f915c9dc8a,96,100000000.0,4288,1034d79fe1051f94f1ac63e3eec24e1b6f10a414d6691818dcc764a8b907f768,2,0.007061236033183131,5.919576624750164e-06,5.919576624750164,0.11245925619230684,0.22771375677940534
566,3,2,random,0607b15ba18dd3f1,53d77b5cbbacd0ed,96,100000000.0,4288,fd30bf062f222923842bf1e71bfc3fe2b2b5cd1a4905d8846107893522b4a4bc,-1,0.38409796546466585,-0.00020221637259593822,-202.21637259593822,0.12476812026126546,0.21072878267876322
567,2,0,random,51081b707562efcf,504918a21d7aa393,96,100000000.0,4288,b3c91f282244288e9849bb505d6e765b83c7dd8efde56a9818808bb0db9e4bbe,-2,1.7285617764540222,-0.0025500472119431698,-2550.0472119431697,0.11775041457761107,0.2657263586729888
568,0,3,random,dadae1a1f0d03bdd,f02c0cb0fd17de4d,96,100000000.0,4288,ecc7815d5432ae18b7860190c117e3db696d7ada09f74418d811be8366c8daf8,0,0.0,0.0,0.0,0.15218898429974448,0.1927913387212066
569,2,1,random,734c3c82cc4762a3,a72608b0f06ed06d,96,100000000.0,4288,aac0a5655b1df054a60f6312a4ba0a8d992e419054d579d7fd523cbf5592a500,1,1.3235977334279811,-0.001146502529917155,-1146.502529917155,0.17027387119751136,0.11428519534468363
570,0,0,random,de92fbe1d57fef2f,6fbc1704e22c6f7f,96,100000000.0,4288,0d6676d7be3a023e5159e693ecfd4cbb102637147a736acdb610496b3d9fa962,-2,3.884859499894654,-0.003229550987951828,-3229.5509879518277,0.13503546555086138,0.28944485438226836
571,2,1,random,1142ad5496ec2974,35d41aae3400d2ab,96,100000000.0,4288,a964de2b6b697c9fc8feaf7010d514d868f175946ec08ce61a3e3c668243a455,-2,0.2128258944488544,0.00017382720291531052,173.82720291531052,0.09887975869258232,0.15607125671272223
572,1,2,walking_one,0000000800000000,45359e33946e7a4d,96,100000000.0,4288,f110d66065fe3b6332260ed9d8138023e644a24a8f97e6e6a0dc524afba83eb2,-2,-1.7770227606003253,0.0014291746032798743,1429.1746032798742,0.0764583955771903,0.1362443570875916
573,2,3,walking_zero,fffffff7ffffffff,f08740fa364dcaf2,96,100000000.0,4288,22b5a341fa3850d58dd79c6603d42dc500790b29d8a15ef92d411132bab1b34a,3,-0.2636644350294883,-0.00031378847067566116,-313.7884706756612,0.08337886434680487,0.21434882040663536
574,2,2,repeated_nibble,3333333333333333,f8616ff47e4ed2bc,96,100000000.0,4288,22d199ac82605410bbc50c35686ee5eba6dc43767a9135e24b1609310903a434,-3,1.4770607306406243,-0.0004724714808655108,-472.4714808655108,0.11379150911079798,0.22647597866086686
575,0,3,counter,5e9a67a4e84cb32b,d79d05fd1c12e311,96,100000000.0,4288,f3aa3a05eba73a3ddf722988525d0e127bc5be4be80fd3dc9d0ca5bee4640927,4,-0.9745091122312073,0.0013635418973676704,1363.5418973676703,0.0298378874269706,0.13574277800851342
576,0,1,random,60ac209a839d8ca5,d6f62419c5d39e33,96,100000000.0,4288,6c400197be3af7e02540e5121f91adc46eead63244a4fa56d35e6d2a5bb39ed0,-3,-0.8217539262708501,0.00013696804300996387,136.96804300996388,0.07057621165252025,0.25672444434366587
577,2,1,random,7da2f3eb259efa10,c0c1ba18cac7e055,96,100000000.0,4288,e6b372cd88ef96c96b2a0110e9c14c3ec2b56f8fb383d03bf9f22c9d9cfdf6cd,1,3.2184107602837666,-0.0012342367631260598,-1234.23676312606,0.11386990176874406,0.07943355746754234
578,0,0,random,fbfed8136c98e482,bdbc20bb38387fc4,96,100000000.0,4288,b83f4fe7ba0e69bda59e6d66c31e6c4fa1f8e79e48ac10401910c3bb10ccd82a,-3,3.678773382894814,-0.0035796512172354945,-3579.6512172354946,0.09080091643709394,0.29470373078747375
579,0,2,random,1b4c6ef63ad24176,ce9d9afa8e8f0d71,96,100000000.0,4288,ed9d0a46f8d627c891329a68420c8d83fcc15ecb609b4c3b5923554ec2430c16,0,-0.4878015625803111,-7.605861351184125e-05,-76.05861351184124,0.12403899573064832,0.1938862376635403
580,0,0,random,c2d7b5d69c88a805,1862869625b404c3,96,100000000.0,4288,f5e9208d1b9c6793e84c23a48bff13c93d02bbb8ba257eafc39cff255554d809,1,1.1967949318025974,-0.002505751709516293,-2505.751709516293,0.11100116150383356,0.22735799622428676
581,3,1,random,7078be1504a4bcf9,275f0dde07cc3faf,96,100000000.0,4288,2ca0a9dd6c18380c32bd8ebf57c061d65e4fc18c553e33b938970a374bcf2390,0,-1.0525538662568443,0.001214726338671981,1214.726338671981,0.09093175432464978,0.1781678260964192
582,0,0,random,013db7e26ca9db0e,97cb3ad94349c3e0,96,100000000.0,4288,2e93a409d0f817a1cb88bf4ba489dd528da39e3894bca2bd52d58cf57ab5cc97,2,1.2880735568811303,-0.0021056644872677254,-2105.6644872677252,0.12459734726513433,0.2669559318640579
583,0,2,random,fcac21b79078de7a,911a192cf2b106f5,96,100000000.0,4288,cb390639204324ce1afbdaad4749e3276479ce7ab9bfaffc14f0839ce5833c42,-2,0.35937150996552625,-0.00047116079896012265,-471.16079896012263,0.10658242410524606,0.2330391735450904
584,2,0,random,d7c651fa44760848,d1d05809f43c0e93,96,100000000.0,4288,2134cd5db3cfba58ed61bd9edc29c668684355c22a698b644471f96dcf4ab2f9,-1,-1.1042594163399404,-0.0002460839817241743,-246.0839817241743,0.13557045705682133,0.15718495459572066
585,0,3,random,aa1b9d647cd02087,038982875c4d5be8,96,100000000.0,4288,3b6db104f16020050e66eb8d85343bb35049c29972ca848e2b1fa27639879896,-2,1.289951911860789,5.99947549971698e-05,59.9947549971698,0.12856989700977325,0.18202546721958482
586,0,3,random,398dc7da7cd2c807,3337025efe73075d,96,100000000.0,4288,f05b82e1209d62d4b999cf666d3c622790d97886abd37ddc815bc111904c8ae2,-2,-3.180590072628255,0.0017317199537197315,1731.7199537197314,0.1361180898029429,0.165766509721819
587,0,3,random,69231f832b06224e,898803a13bfcf782,96,100000000.0,4288,15cc66de594405b99e2fc921c0afa2ade4e9dd244d3985971b39b3d0863abaf4,-1,2.335040933984387,-0.0013346933760159283,-1334.6933760159284,0.16561157167856927,0.2604994798578424
588,0,0,walking_one,0000001000000000,18f328d95716fe9b,96,100000000.0,4288,00d6dde127338678ca1a1e0e5ed031af31cdc682b732a09f2ec50595a9d0c158,0,1.0957115580200976,-0.0020454063065540613,-2045.4063065540613,0.11216326691549237,0.2039531051967806
589,2,3,walking_zero,ffffffefffffffff,f676d19c66ba9dd1,96,100000000.0,4288,0798fc45a5440592be83b384280bdb4691b1e6b5ad8c006dc4a9c300189cdb4e,5,-1.9014402809051751,0.0008963024609417751,896.302460941775,0.032392424757124734,0.2624247358623482
590,1,0,repeated_nibble,4444444444444444,fd54b8565e794260,96,100000000.0,4288,ec66d318a14569e06feea4502cc9ee8125d755fc8110e9dca893bf9b6ea9e3bf,0,-0.07492075655374106,-0.0011266707666769459,-1126.670766676946,0.1387747983806375,0.13591668921995662
591,2,0,counter,4212033cdcf4747b,0e7a88424cc3ee7f,96,100000000.0,4288,df54db359f9ee8f5b37f5d675d45c0a591d1c2707a343001be48fd35770b808f,-2,1.7144247566558015,-0.0024216273762728696,-2421.6273762728697,0.12893652446665602,0.2710082184548285
592,3,2,random,37bd011717b71558,a07a89941d3f4b9e,96,100000000.0,4288,554317084ea31150baeda32a023d794841d924dadab92f9518f06f6601e87fa4,0,0.7699275605979553,-0.0007532073458467761,-753.2073458467761,0.13978361057102665,0.21004164627704608
593,1,0,random,1f1a1bda6b0833c9,5f33bd927a02549f,96,100000000.0,4288,f4fa4ae77c14ffde379bd9d9ad46a96ddbeffa0239dcc4d8ce08bfe5940663e1,2,1.4286078399228797,-0.0026150829364115632,-2615.0829364115634,0.14891551278648582,0.282899896380363
594,3,0,random,c959f90028fe3a4f,b32fe3d2d1528461,96,100000000.0,4288,3f24270e57b0cd86e5328a80097430c4781ff5a5ba055b1cf211c894dc354229,-8,8.0,-0.002917049443738023,-2917.049443738023,0.08877850742799266,0.008460562177438206
595,1,3,random,256087b368c6660a,ceaf3392d052b174,96,100000000.0,4288,c4540be1ea0781637eeeed365f307d603bfdfe039bb0ec76a770fd6499a6f114,4,-0.2438421176365602,0.0002096057390832259,209.6057390832259,0.015457991489054496,0.2135214463558634
596,1,3,random,c9e88457f56e2968,7254206a60c2149b,96,100000000.0,4288,3c32bf273e9d7dfb2f1700017314720de828d5e98533a2d7a7ee9b6f8070d93d,1,2.3285774029395596,-0.0016433382430470162,-1643.3382430470162,0.13330114757756056,0.26045053813660546
597,0,3,random,62b0d49668c336ba,dd344bf68ec46b37,96,100000000.0,4288,c87d668bbd0a9324f813bcab0010f30eda8459ca8b16707b592f9f93b333bf66,3,2.1324538379440137,-0.0019828360108298426,-1982.8360108298427,0.0704981337144018,0.22714370883765972
598,3,1,random,b99964bc5cf82d70,bdc6212d220cd00d,96,100000000.0,4288,0a0c2a62b43ad64d2daaf1328ea8ab2573f039f60640d61e120d62fa0787ae52,0,2.1621277852387597,-0.0012442803564504952,-1244.2803564504952,0.16833358800358963,0.2350353283869226
599,1,2,random,46d3fba2639caad7,31003acebe2ee275,96,100000000.0,4288,a25aa5b3e3e998bad9e8d90c5b12bfbcfe591a44425bbd6291284c1c1561821c,2,-1.2360930891040638,0.0008570799451004005,857.0799451004004,0.08772545152375137,0.1748256026254972
600,3,2,random,c2253460f9038f92,67df931a83a1e190,96,100000000.0,4288,2a020c32dda7815d20d05ec2eb4f9042740f50b1cf4e218009275fc12714b9d9,-5,0.5294871779300141,0.0008447044947352526,844.7044947352526,0.03900107762789039,0.07667447785140295
601,3,0,random,e3f401eaef644746,8ab50a68a10f56dd,96,100000000.0,4288,e0baa464fcdbed2392efbd4c3a4ade38ea9e09c16af6ceafab601cb5e39b63f4,0,-0.5401096381865808,0.0005812346499893151,581.2346499893151,0.10723826062842821,0.08991176247930631
602,0,0,random,290ef50c849bd999,7df50134ca8f9e09,96,100000000.0,4288,226303a5f5b0404aed4ff3a7c52a0fed346897b54d2deb9f14d420626d00d38b,-3,2.709235284384821,-0.0017855523464473085,-1785.5523464473085,0.13083251537801913,0.2457919119032818
603,2,2,random,cf93b8d8325b2304,8e4750081b5ea380,96,100000000.0,4288,ec3daba8e2ecd8db66cef9955e5e6edb291143f9ab6d70c5e8ac267efe426dc3,-6,2.3031234258791624,-0.0009565006449948069,-956.5006449948069,0.003423230779477813,0.21158500622230103
604,2,3,walking_one,0000002000000000,a3e64bdff06497ca,96,100000000.0,4288,b5c40a54e85556f67d9986d64938ad46c3db8eeaa2ea1ba4bf1c20311f89010f,-1,1.3765972636860666,-0.0009194907437809228,-919.4907437809228,0.1172937673414364,0.20673087371808932
605,0,3,walking_zero,ffffffdfffffffff,b23032e26b8667aa,96,100000000.0,4288,d8ac47a930496042f6fac52da37dd9fa4a08b07cada141f8110d0d8e402f158a,3,-2.8430209850567962,0.0018625284083948477,1862.5284083948477,0.0829089624051925,0.15009672262493698
606,1,1,repeated_nibble,5555555555555555,fb607b86ec237bb3,96,100000000.0,4288,d39ac6a91020cae19584b52d5fda70d1ec6e95bb3f8cba02c8a06c79d1132254,-1,-0.7478424731227271,0.00021672389761681938,216.7238976168194,0.1679736440806025,0.21858469010552367
607,3,3,counter,25899ed4d19c35cb,6d978eeac1ed0781,96,100000000.0,4288,168b2070463a7abe5e98b211a657897d4e13ca511f72a394e29aa715bc3eda09,1,-2.4243930787761028,0.001237025641153633,1237.025641153633,0.12346326378908251,0.159528894899832
608,2,0,random,04d6893e9863b4c4,f71713f801602eb5,96,100000000.0,4288,40c6f68446551454f2aca12723c0705635c93ab25d081a0892f76cc44d3b7af9,-1,3.7519574694653506,-0.0037313432835820895,-3731.3432835820895,0.14075949187454284,0.2653221628252358
609,1,3,random,7d26b93cad431b69,a4ca67648ebe6f36,96,100000000.0,4288,a021f598726e090dd3440f6242dcee3c6049a73214a0cfdd2cc00708558978cb,1,1.0252540600147961,-0.0008435413858922257,-843.5413858922257,0.16848880441743586,0.25314844894333016
610,0,1,random,f82b8c82f123afe4,c900873422454c7c,96,100000000.0,4288,0d2f0110ecb46c18a4ac82e92f72d6121439411e7b5daa54d24acbec8d857a7d,1,-2.079462563225661,0.0016308114146345726,1630.8114146345727,0.15896839535026078,0.2625506457929023
611,1,2,random,3b63f2cf0a131b4b,ce785466d300aa5d,96,100000000.0,4288,9c1373213f6a08a5e00766ec23d6a2fb86d736e5682181770392aef564de6df5,0,0.4324015347255082,-0.00024198419944358152,-241.9841994435815,0.13154895831205843,0.19913541147214778
612,0,0,random,94ae3b65c7dbc6b2,0013b2946c04ea25,96,100000000.0,4288,1c5b0a5c30e6d849796c292fb071ec2e394f647fbb479bcf8e2b8d25db05e520,-1,2.7880310606299306,-0.0028243289462232903,-2824.32894622329,0.16028825524215612,0.2788511721842414
613,1,1,random,b2ca0fd067a9bb7c,8e750873d37353ad,96,100000000.0,4288,dae1715037f3586a19f7a4a71ed07e0534be2071a3f08c25301f222ae8610422,-2,-0.6859971106527245,0.00031420248312510196,314.20248312510194,0.11528403364856246,0.25675839256268224
614,3,3,random,2c198584e0931c8a,f41e80215ddc1f60,96,100000000.0,4288,2396b3d1a2309af421e760d34151accb2bb105bf88c567b008b3d22d25153531,1,0.9578133327174704,-0.0002444237733864534,-244.4237733864534,0.16143444109912625,0.26702456872528935
615,3,2,random,e5d21d6529c41b1e,0c4320ec4f1e4467,96,100000000.0,4288,9a37a0c18fed3297644b288a52b9ff53011de43970638bcda536486510016748,-2,1.686164018020088,-0.0005135326917831137,-513.5326917831137,0.07838026969908209,0.16827710678353078
616,1,0,random,53222f814bfecacb,ac91f81dce980d05,96,100000000.0,4288,e6a7167ee1838bcbfcc12dba4b31be3d7a18eb9ec7d732a8586859234ac6f66c,-7,8.0,-0.002751605693549422,-2751.605693549422,0.08587701811815306,0.116117902098363
617,1,2,random,484db8453783a2cf,f9443ad1c3f30757,96,100000000.0,4288,199fe702640f43c6559d681a4fa282b4ef627d88586c5ef6842676596e051d84,-2,0.7924427783636611,-0.0008039933630666147,-803.9933630666146,0.13595106692786618,0.2548136932403931
618,1,2,random,8d04a2747fd545ef,ed92ac85113f12c4,96,100000000.0,4288,2e88cc32cd3e537c3cee8a2b9552ff21708eaec2e1ac40345844495bc14cb7b3,3,1.2410932491024915,-0.00030041287187642746,-300.41287187642746,0.09197121621701725,0.15612977571578557
619,3,3,random,4012414412157e76,8f1822df23c0faa4,96,100000000.0,4288,986ff4f9cd5788dbfbc7a3750a23fbcdc88581bdb53139ff6ad32cf76e8af824,1,2.3883175159972345,-0.0014133915598692024,-1413.3915598692024,0.18669795979508183,0.2882650035785073
620,0,1,walking_one,0000004000000000,29b1c2ee6c77e9f1,96,100000000.0,4288,7212bbf8517fbeeb06dd699fd266ab9d805b95b9761f13eb906f0a90a0d80753,1,-0.7952003491773257,0.000352523618292154,352.523618292154,0.15068785153460876,0.22434682733377007
621,1,2,walking_zero,ffffffbfffffffff,f28b4d796c9cbfb3,96,100000000.0,4288,8b7d21f07ea07e366c98638ed0ef0e5b86a67282786e8f0226a70db60caa22f5,0,0.6222789358148862,-0.0009902455115515752,-990.2455115515752,0.14142077579689732,0.20553445681163515
622,2,3,repeated_nibble,6666666666666666,812634c22eac38db,96,100000000.0,4288,8ccbecf27c6ad676a9e7b63a94c88102cbedb3360c843eacb4db6b2ca2145580,2,0.21432168155395567,0.0002682389914034447,268.2389914034447,0.10002102902568476,0.23350311157599066
623,0,1,counter,09013a6cc643f71b,6c76b2a13adda5fd,96,100000000.0,4288,13e5fc36f7ae312bfa2651605ec6dcce1e4e6233e58113379b252ba7a7fec0d7,2,-1.511990787503763,0.0014046096769246919,1404.609676924692,0.11681234073619691,0.23783142646976246
624,1,0,random,468190bce0bae934,11240257f86a5491,96,100000000.0,4288,dadd754ae93a31badcd073cf1945b13617dca1db0f5a37df734dcb9384581b74,1,-1.9430663992026815,0.0009390396613129382,939.0396613129383,0.15665256925483637,0.16648662325689012
625,3,3,random,3d919c20b924a943,441d79942f1bb975,96,100000000.0,4288,6bde2da3cd87d8d4e02bcde6df58b49bc5c6fd502f7b5698e5a675db3726f6ba,1,0.5600088228163822,-0.0004283490546250849,-428.34905462508493,0.21435397467395173,0.2995266439863447
626,0,3,random,9d382c5d556e318b,0e8ed63a9eb76167,96,100000000.0,4288,44be8059c379ba464d03fdf0ef05cc288535975f3700ae50a2037c6e7c97e50b,5,-0.3256022701128321,-9.707318729063089e-05,-97.07318729063088,0.01340832018120949,0.23115978617368588
627,0,0,random,324d2ba1180abc7d,dc21163267a4741b,96,100000000.0,4288,a0800b20dcb413db4f0565d9a20537bcb7db9ec7193de71843ba23de9bf6381c,2,2.407973229794579,-0.002427694877265876,-2427.694877265876,0.1018054594216295,0.27123434369993227
628,3,1,random,c1ebf01b87bf9fc7,d8a930fd45bc322a,96,100000000.0,4288,a030f0114ebe44df1035341f266ec1d38bb8a92a5e448815a5efd7e683b9f00c,0,-0.5841287397509051,0.0002694508022035131,269.4508022035131,0.19800507156502642,0.27187312440577804
629,1,3,random,6c48ffa769121fe4,8cdce4dcfaf72e58,96,100000000.0,4288,e800068aa6e92083f7e123a55e92eab1f473b88a21aa76e1bbc0f5a8040e7356,2,0.1626946065287642,7.017362932767447e-05,70.17362932767446,0.13004045853379095,0.26572688478247386
630,3,1,random,7faae57e451bd4f2,a4c90c0b207da4ca,96,100000000.0,4288,8fdc0ba3d782924992741d9d94ffb783ea7823a34e11d09a6751db9ee6a47bc8,3,-1.3005093569477137,0.0008222953700351485,822.2953700351485,0.10255054780243231,0.23484468805556055
631,2,0,random,6709d6479b298066,8f85cd2f062d6d9d,96,100000000.0,4288,4ea0c45d334f70da27be405f3d89c84b5df7b70b9a9ce680b84fd7e1e2fedf2b,-2,-0.45507552427465936,-0.00030868609587596317,-308.6860958759632,0.10801098230049803,0.1446794998546663
632,1,0,random,b6d778e9256b462b,8eaf2e2822848287,96,100000000.0,4288,ae3cc840031923ab96cd8f316facfac0433b6a21459fc68b0b5c2d6dff778859,1,2.2234147697968645,-0.0024522574295735397,-2452.25742957354,0.11313874541775,0.28378307647206297
633,2,3,random,9e5bea0e60d58831,4b40fed8af5b40e1,96,100000000.0,4288,51fae553f51a61596347010ad8fd93a3efc175f3d04622213ccaeba28dc9456e,0,0.060244047237910124,6.2993089720189895e-06,6.29930897201899,0.1684428493207603,0.205556029842629
634,1,2,random,8e70bca2c2d035fb,5ae3e7886be3deec,96,100000000.0,4288,f3d67dc155f0dfe7851634bda3301f2e37a9644c03ece84ae5ac0e40b87fc972,-8,8.0,-0.003714382949729011,-3714.382949729011,0.06556782754146105,0.05215042240287216
635,1,3,random,99af0eba85f74368,1f15fc2a47a022e0,96,100000000.0,4288,7e71889398f731e135c4036c0ebdcf060f6d8dbf13e32a6c5d3aae397d4d52dd,0,2.6008169679740982,-0.0017241591547548932,-1724.1591547548933,0.1378450433094649,0.24458072177202175
636,2,1,walking_one,0000008000000000,1fd8498315842c80,96,100000000.0,4288,4a908dce155f7a864986eb014db7daed583f35ba7650ce1163737b3f6229976b,0,0.47762534244898003,-0.00038499656592799134,-384.99656592799136,0.1651996014830305,0.22986687210326548
637,0,1,walking_zero,ffffff7fffffffff,91a64d43f42c3bbf,96,100000000.0,4288,f961019dfe3f3ea0042f911d8d5e63cc2d9266bef57ed9eef08562d295d5fdfe,-2,-1.2800946887617406,0.001641145299994447,1641.145299994447,0.14014442288393125,0.19525523383372753
638,0,0,repeated_nibble,7777777777777777,459e72827704db4f,96,100000000.0,4288,e4ea0009cff088d3519f76cf8c44760ca0bc4fdff80801d24b43c93ca42c308a,1,0.6523888751319441,-0.0012604089178976782,-1260.4089178976783,0.10024316734447823,0.09153833266975064
639,0,3,counter,ec78d604baebb86b,e35d0f91834a3d2e,96,100000000.0,4288,15e4ee8b913a01f00358fc69de8e132eff4fcd1e8d60679d288cbba31abf40ca,-1,0.9643397037653207,-0.00015758336313242274,-157.58336313242273,0.16904302348579048,0.2500060198482852
640,0,3,random,e9046a5900da26dd,dbfff71f1a71b596,96,100000000.0,4288,bb1552fc046c6445c23ad6384b92604018b1329ce216722d6b7cb0001f3bdd0c,3,-1.120911677148614,0.0005955549939323816,595.5549939323815,0.1099822946083831,0.24180421204401314
641,0,0,random,020612937ecb697f,c7ac259b003437f4,96,100000000.0,4288,b4fe89a56b779c94f79760184ad2e9fd76a3795b7cd23d70b953b75474c2886d,2,1.8253591823297357,-0.00209909332969951,-2099.09332969951,0.11681922878425031,0.24454939366227044
642,2,1,random,0c2a6bd7f85f58c9,b20d671b1d184c51,96,100000000.0,4288,28a73f755f9c93606a037f8deb5d2f387a3f9fb50b030685d586fb819df9c420,-4,2.0428702673070243,-0.00041261468355938613,-412.61468355938615,0.07713099015131906,0.23317818083346575
643,2,1,random,077cd8b5ac4d75aa,2f528ab1ce3a76f1,96,100000000.0,4288,47604b951a587f3389764c53b59abdda502842ab3ac59c45a7bc3094cad1e87a,7,2.2969425283798306,0.00035095187810036527,350.95187810036526,0.010279252657297499,0.027263406353748836
644,0,0,random,1914569365f7bbf6,07b85a3ed3d2460d,96,100000000.0,4288,8d62754427378c071bbb95be735c05ff1a037e1ec717e492b4e9d375e8d8e176,-5,3.4227968414467083,-0.0030204994409684595,-3020.4994409684596,0.01652860724711194,0.23785839892502972
645,0,0,random,90b46f8ba1b651da,83ffd55b9f73116a,96,100000000.0,4288,848ac2044af6ec78d7edcb63d0ef27e8f9018755e11c99547986d6b323a26886,0,3.040423119413016,-0.0022867828539363507,-2286.782853936351,0.15098918126269925,0.21989359762594807
646,0,3,random,0ad5a6fc6965d99b,d2d027144b966761,96,100000000.0,4288,27e28cc8ce7e8823c9ac6e9c72776b44ca9346aea128f904074f6a552bef57b5,1,0.018052824117843515,-1.8025857822965223e-05,-18.02585782296522,0.16754103992717945,0.22404734471932247
647,1,1,random,314b1cf820b262f5,7709bacbcf8c367f,96,100000000.0,4288,242e985154eed42eea5d725b56169837cdccdfba5640361eebc1d08546b051dc,-1,2.109104952572467,-0.0009392073591543175,-939.2073591543175,0.10733635598611288,0.10592477084362731
648,0,1,random,d5834e501d242d3b,adc8a6aae08d96f6,96,100000000.0,4288,b7da38789dbfc8ac199c3eb754bb3671b970e2835b8380d0f4be3c5202c2b2dd,-1,0.04751979915001501,0.0002595963462151038,259.5963462151038,0.12048661311818404,0.20073685011536863
649,1,3,random,f150deae5b21bafd,929c71d507267a91,96,100000000.0,4288,a0deacf35d407de48f06e6121bf4f31bed19562c96787232d88cbfabf5953673,2,3.318831008833793,-0.00160114446131246,-1601.14446131246,0.11474557773961684,0.20676760813892606
650,3,2,random,26fcbcea4372272e,3ebde0c732d66f46,96,100000000.0,4288,50d1eba55213cb235b39037dde100e6abdfb955e599c9b88290cf303c6804e92,-2,0.39325912617057557,-0.0002833275797292387,-283.32757972923866,0.11350120155950591,0.20115900348739904
651,1,3,random,3aff47a00ce779a8,1b666e235d8c67ff,96,100000000.0,4288,ee4bf40c414c355c77e5f7df3bfb3995db411587891c239207b2a83d29e73c7d,2,-0.3562855502984619,0.0007678319112345408,767.8319112345408,0.09742659250007223,0.12214972443012753
652,3,0,walking_one,0000010000000000,51441b07eb563324,96,100000000.0,4288,698c44b0ce49b215c27dd56c8659d410c1647689f654564edf65e2393a955fd8,1,1.6797387651866555,-0.0011445515241841181,-1144.551524184118,0.13971352160773787,0.25088031040375636
653,2,2,walking_zero,fffffeffffffffff,c497a986057b1403,96,100000000.0,4288,db48bdf351f64eb9a844fb63eac2f722b2cbfa3b22566f39c78368bae8b56dac,-1,0.06912608907740349,-0.00013614447612144285,-136.14447612144286,0.16493972564799586,0.2162208351148255
654,0,1,repeated_nibble,8888888888888888,8eed7994beb0a854,96,100000000.0,4288,75caa89f1b5ab046eb1ff676cd25faa6e974895771ab1860cf860dcf88afae30,-1,5.059218692221452,-0.0015583562695375038,-1558.3562695375037,0.12015816771122406,0.07439568640817638
655,1,0,counter,cff0719caf9379bb,41f742ecb7c476bc,96,100000000.0,4288,e9a20cfbf8e8c273fd325391d4ee3ae17926d737206e02de226e2317bd23fc24,-2,1.8724206637604504,-0.0025297878853902606,-2529.7878853902607,0.06786069071988085,0.23546977161082241
656,3,2,random,3f0ca9aa891e72a6,7e11c3560f04fb3a,96,100000000.0,4288,db6aa6c07188f6c3fc370d40e9d0f2da026fc8576e3bc42421c04bc450ddb1d0,0,0.19511090973236955,-0.0007313392184395525,-731.3392184395525,0.1116682799742377,0.16917340060072342
657,0,1,random,bbd5dab7be1a62aa,0da0a6add37e06fd,96,100000000.0,4288,40647ff73cf3d3f2b1eeae764ea4b3165cd7367bf20b413b8b5ac06ad0939dbf,1,-0.47203047442334467,0.00030323206614568177,303.23206614568176,0.16390682177537602,0.24400683320639027
658,2,0,random,3cb5b5eb6c22a808,1ad86f916beca7a7,96,100000000.0,4288,60980ff76f7541e1d4a18acc7475f9a209be2fc99349e740c798bd6a1c3d5b1f,0,-0.7228914235853545,9.24878593905868e-05,92.48785939058679,0.09197471691092128,0.09215723220104745
659,1,3,random,bc00a9d3d1500e76,e2d1dac6907e092b,96,100000000.0,4288,30de409c90ec47b0db5fc12784b3ad5d5ff655552a2289764219f671a611d2bd,0,1.682866536483902,-0.001336112832125406,-1336.1128321254062,0.16053161913028957,0.23279402721508394
660,2,3,random,97f55572f8f4bbc7,6b6c5fac21e0077a,96,100000000.0,4288,5e24516a6932e6827c618e854e6e608e13d42c05b4e49164ffbd045245c8e3d6,0,-1.1262277681425379,0.0024941063655519015,2494.1063655519015,0.13579488707585208,0.13396254721281586
661,2,3,random,6b36ccd17cd6c9a3,760a54fba54dd822,96,100000000.0,4288,8c90e1dca5a674064c993ac50435bfb7a0943421d38fb9a4692e098176d15c85,0,1.072508773656693,-0.0003384736299116097,-338.4736299116097,0.15830889639888113,0.2468601318891534
662,3,3,random,b0cc23811539d5ed,82911436626f1de1,96,100000000.0,4288,d8123ae86373035978ceb9e392e72c1eada8bdb879ff72922c1e39c3dbe93cb6,0,-0.67466072488717,0.0004222263789480076,422.2263789480076,0.12860812673899086,0.19328876772737646
663,3,2,random,f71931fb3fe81eb3,05d0b2d20e001084,96,100000000.0,4288,e1bc8bd7f3c361cb400fead135636f50230321dc9dcf2a9bf81a542c421e9674,-3,0.369217395718037,-0.0006583963691765497,-658.3963691765497,0.08939204301915195,0.21872910149074296
664,2,1,random,ea7b0baa6589cbf9,775f0f96181a4df4,96,100000000.0,4288,183aebc28481f482dce6d6071c8def3aaa4feb76049e742bed56e830b44298a4,1,-2.6459460001349844,0.0021367247631293687,2136.7247631293685,0.1514105349056058,0.2405315667919364
665,2,3,random,e160ca326ddc3c10,cbf59b59f3c9d5ea,96,100000000.0,4288,7912511147f1cc364d475e5d8738fd8b97441b3fe28fdb918cb2229abeb00666,1,0.6538926705691239,-0.0007305034259200995,-730.5034259200995,0.13939123344035953,0.2284938725822463
666,2,2,random,9590a607deff204a,f7f60e4ca315294c,96,100000000.0,4288,61937cb19ad802304d1a2f57778737eb3d773e9fcc05f2ed1b56b7c490153056,-5,2.335296485003744,-0.0013029956886521931,-1302.9956886521932,0.06437089014156801,0.237900198571773
667,2,0,random,781fa428fb109dd8,9c7ea632d0e3341c,96,100000000.0,4288,a518927c090f57cf866ccf39530f7c802f5954e6302536051611e665904cd625,0,0.4509741543268466,-0.001956369923043098,-1956.369923043098,0.09586105570389966,0.09851383901061193
668,0,2,walking_one,0000020000000000,1ab4a1e15334a080,96,100000000.0,4288,b24cffbafc35e1decee7839558d7b9c55c3e33bacfe3926e72ee943d0898525a,-2,0.37178520665253967,-0.00033464597026802457,-334.64597026802454,0.12107194941715231,0.20273211283372397
669,0,2,walking_zero,fffffdffffffffff,2979458758c6968b,96,100000000.0,4288,91647cb16485f5d240f4223afb57d8586e0fb2933ccb6c1012d260dfe83d49d5,-2,-0.6451692121805024,0.00035564499239133313,355.6449923913331,0.11921941668908274,0.2475788755785305
670,1,0,repeated_nibble,9999999999999999,dcb43447f58774e4,96,100000000.0,4288,6b562d95c10bbd8659ad3cee8abe1b4f5b569a3ac0dd5cb0b2b46d057ec43a85,-1,-0.30551686057518096,0.0004612254383663384,461.2254383663384,0.14019770997006767,0.13205746296547402
671,0,1,counter,b3680d34a43b3b0b,7c89d6373fe6f7f5,96,100000000.0,4288,e8782ca7c8d77369b9043711ef4f6ca5d50c3e3f0ee3832d68d699b0d7bf8878,0,-0.27427950318079874,0.00039968587329368817,399.6858732936882,0.1966475861933021,0.2722966833390921
672,0,3,random,14a99d20edf5ab9b,cdc84fd5dffc19d4,96,100000000.0,4288,355e38c04ce58f5d3b6dafc22cffad9099e2b2ee91bf174d827d5a0a5288ab45,-1,-0.3520635440198623,0.0002265288597227567,226.5288597227567,0.14753204061792738,0.22332883897975517
673,3,1,random,188f1b9c10ccbbd2,693e6d11ea895350,96,100000000.0,4288,0272ded4f106410c1b852e0037b9eab2901edbd2399c1e32e938bd6b06c20310,2,-1.74290675014851,0.0014250231425786504,1425.0231425786503,0.13966843975117707,0.22985215742332288
674,3,0,random,ef09fc5b179d3acb,a147f1d5d2d6f58f,96,100000000.0,4288,e744c49900629e1f677b770403fe6e79bfc0505c86c30ff30fdd3149d3273bd4,2,2.079534368178592,-0.0026394044647262633,-2639.404464726263,0.08209566944903754,0.23117322083980554
675,2,1,random,e5003c0367d17c59,2dbcd4a591f13f23,96,100000000.0,4288,b8c59151fe6e77c73ecd35c4e98200c10e32163bdc923ac99d72713193a758e5,1,-0.18125230356281746,0.00010660374851744996,106.60374851744996,0.14642629118545156,0.22917395769692622
676,3,2,random,fd975d00b5fe95a0,0f0ea3ef25ef180f,96,100000000.0,4288,86f0e9dc233280bcf91bec06e5e8605619ab217b3480fa227b5ada4a43ebcc57,1,1.2106192482746125,-0.0003870471042624721,-387.0471042624721,0.12671796320208886,0.18268038230175768
677,3,0,random,72effb0d001d3896,3c5ef6d7032c26c5,96,100000000.0,4288,caae43e97fc83af164eb3f07704eadf60b1c426ad0e5928831c655acd7527171,0,1.8756234142683583,-0.0019340264380908283,-1934.0264380908284,0.1309188343774347,0.2268945297571384
678,0,3,random,704480678a2093bf,df9fb70065d7891d,96,100000000.0,4288,1f8e9bc75b00129850a1be8c2291856d5302060827929c6d251aabadf223fd7b,2,0.6423030932844627,-0.000346875422039908,-346.87542203990796,0.09813239613063117,0.2422242127456431
679,3,2,random,02d90facd731fb91,fe0473fff4535524,96,100000000.0,4288,aac489c076e11c8b1f7919d11b99444d598fec3d622f0037cb56ba8f5e825f0d,-5,2.104749488374922,-0.001676779495625495,-1676.779495625495,0.08458625652305073,0.21810544559515263
680,2,1,random,9bd7c17462fa4d13,ffebe4311c170101,96,100000000.0,4288,2fe3810c0125b539db5ca1d8d7ff5bc01e7e1e4cd9f32d941eabb9b95428bd02,1,-2.2378407615626696,0.0020082159534503207,2008.2159534503207,0.134096560809685,0.11674476352251655
681,2,2,random,c90fea87fdf5845e,03b588d93b11a308,96,100000000.0,4288,5e96226080c71a56a55e2df2df5e1eb98631141f9f43f6b2b2c15529cdfac9e7,-4,0.13586958705273813,-0.00010061772918764085,-100.61772918764085,0.061706474559707195,0.2113353864272946
682,0,0,random,a8ff53df7600b284,920b876024a29d5d,96,100000000.0,4288,21958f4e7e71d4bcf956d190efb7b9f049084bc8d6d13ec8ed2f0f5621c38ed0,0,1.945312904164345,-0.0023535236450527392,-2353.523645052739,0.14413992694020675,0.25841501816621426
683,0,0,random,3f0b739d9bdc6107,321ecff92d338b84,96,100000000.0,4288,322f414e9944730f81ab300b5275910b900322ad4d0b421f665ec4275723a91d,-3,1.5823143977305523,-0.0019005621702108757,-1900.5621702108758,0.060907635816764755,0.14147537420934592
684,3,2,walking_one,0000040000000000,86e108cf6c756997,96,100000000.0,4288,4508cb7e7497210c3f2283cda67cde10b6807d7b6617b4900dd91bbc5c4f32f1,-5,1.8463988504495905,-0.001113610678118539,-1113.610678118539,0.06366644189290165,0.20792166094394626
685,1,3,walking_zero,fffffbffffffffff,3de612bad909b3a1,96,100000000.0,4288,918750f5c9ed74ad67ff2c4ae4eaa26c7a3e2e975d4767f3df8876c54584d48b,0,-1.6470801435415428,0.001460183063628012,1460.183063628012,0.18043485420631553,0.12784432093303846
686,3,0,repeated_nibble,aaaaaaaaaaaaaaaa,920192acdd3269aa,96,100000000.0,4288,0138a86966faad2738bc78246849716d3d31a87189fc2b29447c3ce1e164ea4d,0,-0.5822510967542117,-0.0006444518201413534,-644.4518201413533,0.14910816483512357,0.11505640786283854
687,0,3,counter,96dfa8cc98e2fc5b,9ad3e477ed243c51,96,100000000.0,4288,ffac2447ef5960ea825168f98848d04cceaade96eb743d357278e991ae10180d,1,1.4629110010250133,-0.0005431946175519087,-543.1946175519087,0.11792416124396914,0.23948149564550314
688,1,0,random,df425c89af37d229,fc69ab0c6cc66a87,96,100000000.0,4288,5a27749f0dbd8868a57d91dbcd3db24a4c04993a632e070f28817d0b2ddf44c4,0,0.4671165762796906,-0.0016025275636273976,-1602.5275636273977,0.12020801550049458,0.10538535839683309
689,1,1,random,ad48fdae41a4b6c7,a0d70f097bc040b3,96,100000000.0,4288,b11815f10aeb447b431a073b12aa7d74a641e441a989174ec03977831ea59296,0,-0.8057356202550413,0.001347539183613214,1347.5391836132142,0.11243692774866425,0.22615146615959245
690,1,0,random,181e93ce83cb45e1,6f0202f8883ecc6b,96,100000000.0,4288,66d585d9613bd4d051856000d2ab7e5c17dd84603cb4134e6f3512ab1683c603,0,1.3412695356596245,-0.0028075746881557583,-2807.5746881557584,0.10993156758266844,0.22252601792889856
691,2,3,random,d64b6d2a30d81522,4ac4e9caeb7d04eb,96,100000000.0,4288,043b095ddef9082110f13be0769ecaf0707099dfe19aef3c616f2ad788803b14,-1,-2.225499631162372,0.0011692312987734296,1169.2312987734297,0.1348865898067708,0.19395390178013722
692,2,1,random,f04043d5adba0cf0,6ea020e56a20b6e8,96,100000000.0,4288,dc678f4d6a332472e2d55abe1d46fe4e066278ef8ef665884582eda047b52e88,2,-0.11690332839158937,-0.0010606253152873023,-1060.6253152873023,0.1196271736963255,0.07002991476373432
693,0,2,random,343dee70c8438b1b,05c318f762a6a7bb,96,100000000.0,4288,41d599bf579684bcb04c4b373fb26d4f081195555c8558e147c8e964c3dafe1b,-2,0.7244898835103858,-0.0004250757188266821,-425.07571882668213,0.10484693277917125,0.20294521978409522
694,0,1,random,11ac4b0da49011ce,b56b808ebeef5e43,96,100000000.0,4288,5ac7b03646ed0f5e6ee976e1a6ecfe9c6c57d16ea295f08d5d2710a0f7172fde,-1,-1.9500196711561544,0.001260187415381326,1260.187415381326,0.11920371255731989,0.20750699769609515
695,1,2,random,51843852a98540e4,a043b1647bed8aba,96,100000000.0,4288,f83bbf3a88134a7fc972436649d1083d45f49f1005cb56dec7b3cb4b08ed57d0,-3,0.3810488839961133,-0.0003448219797534282,-344.8219797534282,0.09353984405347794,0.23798177770409978
696,3,3,random,c512ffb072b486c9,ea3fc742b3b910c9,96,100000000.0,4288,59309f318f498b9cf589fb514c7a865d8ce20150c33d8086614b315762c4b184,4,-0.13494921659095824,-0.0002222791802114101,-222.27918021141008,0.015944000764245517,0.2237298371724884
697,1,0,random,09f2a72bab4a2e1d,12e69b29041f2f00,96,100000000.0,4288,59b5f31e59c2298b424996eb217de931f93f261d254257a181403a0c90a1e00f,-7,3.5284393835596295,-0.003576966980264342,-3576.966980264342,-0.008765771239270552,0.24179394927926043
698,3,3,random,4d3b1a4dbb4d7eba,6751921dd9e69e82,96,100000000.0,4288,928954c261f5fed94055112965b3a1d27faeb2db237074349441b33393525bd3,0,1.606903094365371,-0.0013742404236061479,-1374.240423606148,0.14407095870632558,0.2587450544383829
699,0,0,random,760b3f7be4cf047f,37925168ccd08245,96,100000000.0,4288,100e4ed234cf13d95966bd6ebdcbc9bdf6abeef7a12addd618d1104b59207830,-1,-0.6954321392388301,-0.001198946775402448,-1198.9467754024479,0.17366639397485167,0.21590623712572096
700,0,0,walking_one,0000080000000000,cafd44c0adc36dab,96,100000000.0,4288,e8b9956e14ef7fc46fca0db0989412a68366d9528aed8d6eb036d7f60244b221,-2,0.3506715500891309,-0.0007533133855642572,-753.3133855642571,0.08108374213484838,0.13903783127968417
701,1,0,walking_zero,fffff7ffffffffff,0c0dbf4abb302a2b,96,100000000.0,4288,92c89da5364ad9a510ee0041a15633e05ed83349335c4f9e7ae42341a7b4d47d,-3,1.3236048497003763,-0.00119033438681467,-1190.33438681467,0.10995479792321042,0.16237517013935304
702,0,1,repeated_nibble,bbbbbbbbbbbbbbbb,689f41c7822da460,96,100000000.0,4288,88bb08db7c4d8560b25d7e5cff4d7463947d1fe5662abe56515f206c99201c31,-1,-0.4235203704340346,0.000357111321278669,357.111321278669,0.1577641855317032,0.23256792417371408
703,1,2,counter,7a5744648d8abdab,5cd5feff8d3b2cbd,96,100000000.0,4288,739150a72582e0dcb9eb7094a279407a25d98f87c1cb68528c4b69e2a2954388,-2,0.7075938691219064,-0.00012128176887253204,-121.28176887253204,0.11239483914723424,0.1930526518535342
704,0,2,random,4e5a21d55c0b1f1e,ce361d1050443ea5,96,100000000.0,4288,6c25c5b0a15ad366270fcc7ecf710ea95f50ba5d1ba24ec0d79dd90d63109278,-3,0.41492865338827856,-0.0005929136547915191,-592.9136547915191,0.08654964840433095,0.16932675411366557
705,1,1,random,237c1e057b8301f8,5c190f8244a0b3b7,96,100000000.0,4288,5db3b01c6c5a133645e995f6dbebe2ae1e5fdd7cc0e1953ef8fe6f3c32a06f95,0,-0.4291879067289649,0.00024696084922132906,246.96084922132906,0.18592287818114953,0.2614253710744683
706,0,3,random,ad1cf4965263e101,0fe3c23bd97d84a4,96,100000000.0,4288,ee66e83e61b22f6d52672ad0eafd9ecda654ad19d97422e888a274a71e7324f3,0,0.6352005498320646,-0.0009761816152630821,-976.1816152630821,0.1787281786722809,0.2680422915199613
707,3,0,random,335d0602aaa0a7a2,8627f066091341d0,96,100000000.0,4288,891362bf4629bdd54a814fe8db2c81cdd6ea3cd181b61b242618e2fc68caf938,-1,2.5412029281304096,-0.002605503554646412,-2605.503554646412,0.12371103575426087,0.28554095726941703
708,2,3,random,b8fece8eabeb6325,adacbd15a3d23fc4,96,100000000.0,4288,ca06f50a9133ca1840e8cb0a346c5d17886a61ac1d9b3e2f0bde7089abc2d70d,-1,-6.608178695184225,0.002712735779176173,2712.7357791761733,0.15858897129208907,0.11091402804715508
709,2,0,random,ea01e9c3aeb7d37f,68bf262d560f11c7,96,100000000.0,4288,faf7815bf9f76e0166372273b4438705cdd321b5c1aa84600393e04789c8538e,-1,0.1664546812920784,-0.0015246597689425757,-1524.6597689425757,0.12406871486768299,0.17263480192312705
710,1,0,random,4d454bf0dabe79a8,673430b99b466eef,96,100000000.0,4288,6e54c41e756647796eddf7dd1567aefda1b41b52f6dc5a62ecf5e75ee84421ba,2,1.8317939310355178,-0.0024731269131677337,-2473.1269131677336,0.07207071636829253,0.22732938908781392
711,0,2,random,acfc8b1aa440ddd6,35dc02f0f3002833,96,100000000.0,4288,b596e07d4fccfd22b05a48d84498f90870d98208a84e9e0034b1e5c7c15cbe7d,-4,-4.461167637718029,0.001774029164022803,1774.0291640228031,0.05433815173874313,0.09553594332310306
712,3,0,random,d31e2a7260e94283,296034af9c74c654,96,100000000.0,4288,a367fdea6f8b3ac67019a3051d4a3074d6327d96007b5ae5164e5ba8364b539c,-2,2.7285420431177885,-0.0027907228559591424,-2790.722855959142,0.11447601401866372,0.25856387946477505
713,1,1,random,a4b42def37c69c97,59958384e980684b,96,100000000.0,4288,25f37f7638c5535f4a2f5613451e690159b22415d75486c526c291f3cc94a603,1,-2.388351418721634,0.0011473692991335136,1147.3692991335136,0.13961455191007108,0.23188509086390036
714,2,1,random,0c21ba764621622c,99d8f78b2b3c7bda,96,100000000.0,4288,be542c6d24c88d029b590201636b6350b52df7862cd5dacb8025e723099acbfb,0,-0.3660664181116305,0.000675598288628161,675.598288628161,0.1357585475401609,0.22199967206900514
715,1,1,random,e5ecfa2cf9f0e55f,3e8c4edcad5cdca7,96,100000000.0,4288,04d75e458b2ee769c5ab5e2860381f7011bccbcdf80475eb3f1d591e9c14fa3e,-3,-1.285212534747056,0.0008583862895742169,858.3862895742169,0.08481045567882467,0.2589887619370804
716,0,3,walking_one,0000100000000000,e47035947cde9e1f,96,100000000.0,4288,464c71c8a4461ec834bdcca18efa96279ad8c44b852b461ffba50db84d36c78f,1,2.079744929101442,-0.0017806817753141396,-1780.6817753141395,0.1316451090257477,0.2595488617414082
717,3,0,walking_zero,ffffefffffffffff,9ffc7e29c4d53635,96,100000000.0,4288,881fdd447200d3309e26b304dd238cc85bc3692004f5a6210a054b0c1ec38e41,-1,2.4272126105273353,-0.0027262043864613355,-2726.2043864613356,0.13748197691367994,0.26991596509012417
718,2,1,repeated_nibble,cccccccccccccccc,fe8d3ce3a8ba77f3,96,100000000.0,4288,66574fdead235eae93624334d98de084481815945a4eef0529925c012d1b3a5c,2,-3.2086859934215326,0.0016031136387753134,1603.1136387753133,0.1046652338001923,0.2042706659733195
719,1,3,counter,5dcedffc82327efb,b95d21e20ddee425,96,100000000.0,4288,db27e1c052961ac6e1358a9cb68be9023f497bbf818d6e133d1eb4ad9846b809,4,1.054137195875554,-0.0006695801766744003,-669.5801766744003,0.0447125531285759,0.23615874637513834
720,3,1,random,a179fbdfcb254766,d9018e23a960e2eb,96,100000000.0,4288,1d7f5de1274d4675f4be0918935fa4f6920e408fe0908695d325378e1e725dda,3,8.0,-0.0015747164656041567,-1574.7164656041566,0.04202343373908266,0.1356792462844548
721,2,0,random,5ece1c2749372a02,f339b62696b0aab5,96,100000000.0,4288,08476fb55dc29b0500b2dea835a30117d4de8606020ab70056f959b9fa2bf8b9,0,1.8402306966677835,-0.0007614732474853412,-761.4732474853412,0.16306503775328582,0.25967808330752357
722,0,2,random,e740340eab2292b5,6419907c9ba53110,96,100000000.0,4288,00e2cf365d2725da3843354da32161c256dc4f7472efa64a1d055e9128e48502,2,-1.2893107468319545,-9.44091876538092e-05,-94.4091876538092,0.13068638076137823,0.12236718805020268
723,3,3,random,81e3e6e6d4c6bba3,0abed5b2e7a92648,96,100000000.0,4288,095bffab3f6c3e066ccec4dd8cfc5bf9a86f16f08cbc21214a7264f82e93856f,-1,1.0457400986700112,-0.00018913048047613344,-189.13048047613344,0.1499092092901571,0.2382288350125622
724,0,3,random,6d0794f3d89e5fd3,41ca7ccead64ba2b,96,100000000.0,4288,f5767b0a67cb3daad47fc2dba560ef0a038b9b2ceb9335f36ae184477e3e13f3,3,0.1579575538360687,-0.0002726872655857723,-272.6872655857723,0.106153505639666,0.2534298674807152
725,3,3,random,dcbb22beb41456eb,c986f30def74e68b,96,100000000.0,4288,8478bcba9bbc7f469a4af1e37351adf46ea4ecdae78f1091a3e91b9c7cbb42c0,1,-2.2104882648708606,0.0016484821562433017,1648.4821562433017,0.13248509645165243,0.0742732965530689
726,1,3,random,5affe2ab9f6e6d5b,f15b9c66301fd6b2,96,100000000.0,4288,4c23b2b30234398b1f23a323800bcce19b7373afc05a6982bb4fb1d2c2a80371,1,0.19572243224556957,-0.00022778575381864982,-227.78575381864982,0.12933668513248253,0.1751616639009985
727,1,0,random,3d3badc8ac781f1c,74315bbc52cb0896,96,100000000.0,4288,5f0a757e93414534117e483117e2286e6c247c6f95dd7a4683a10aeecb750b81,-1,1.4516153538164407,-0.0022773911998429474,-2277.3911998429476,0.14365226121532476,0.2885427256217194
728,1,2,random,d4ea832a9214ed3f,b0e9369435eb6fc1,96,100000000.0,4288,718764a4f63bfa3b4966d0ad5cdeca7c85318e794c93e73aeb3cb218e0005e54,-1,0.9868839490743431,-0.00024144350057511338,-241.44350057511338,0.17331619168658513,0.23495849800739632
729,2,0,random,571e13e1df2b9b39,5fcc1768c68e076b,96,100000000.0,4288,eb0d167cff3ea81fe1f0918cfadaaa17faecc99dfaa8ca2f73ffd060fee4ea21,1,1.5955456617463037,-0.002339944005548562,-2339.944005548562,0.12223472039216522,0.2854474465442049
730,2,2,random,c76a19a2883ced1f,a3347ed812ea184f,96,100000000.0,4288,195edda37354b5af3c978d5d0854683bdaa129175323d3883331e8de8e484a8f,0,-0.4115747582485418,0.000373412089110022,373.412089110022,0.1337649129740713,0.1810725072618388
731,3,3,random,80dcc139b7ecbf0d,e11ae6f6765001c9,96,100000000.0,4288,b6e58189aaa4b38a5a065d9feac20c201868290c671543e835f0e3a921bca6b5,2,-0.2975447588073827,0.0003611914149108586,361.1914149108586,0.10601242381490832,0.1433635731090176
732,0,1,walking_one,0000200000000000,9725be6b6074afe8,96,100000000.0,4288,c250bccb8a57821640d4e1c91edf155ac349a5bf3349a52522b1e8f3fceeee46,1,-0.07607261285580409,9.667307132519376e-06,9.667307132519376,0.13478202616377222,0.18089451966577275
733,0,0,walking_zero,ffffdfffffffffff,ca3923354b3d57cf,96,100000000.0,4288,9cd922a3f44b77c244b3c7f4e05cabe30e6d9bf8eb4e84f37679f989341023db,0,1.20628749350138,-0.0025200812818931316,-2520.0812818931317,0.17078707787233427,0.30791657816489704
734,0,3,repeated_nibble,dddddddddddddddd,80011769ce5116c8,96,100000000.0,4288,eb75b3aad75d619a8adf9fc1168bd410df42b899c515368412a914654e248f1e,0,0.7587431477600228,-0.001320589545302043,-1320.589545302043,0.13822745498488795,0.22474109756644164
735,2,1,counter,41467b9476da404b,2fdce710b40be77f,96,100000000.0,4288,85fcddc84b9119c3ff40215ec6cb26db5180cd7a68f341293da2733269c307c8,-1,-0.7715683500815206,0.00038783988892487805,387.83988892487804,0.13979633881621087,0.2318203217718248
736,3,0,random,21c7de62eef2a2f7,4ef39219b50b566c,96,100000000.0,4288,640e821b5eb6fdc214f91a3bffee5d8bc3fec1eb3961b9e3539364af36da5a4c,-2,2.0729242194536375,-0.0031016763123835702,-3101.6763123835703,0.08667544562168394,0.2562394423288013
737,2,3,random,de8217a220dc0553,397b12ba90298a84,96,100000000.0,4288,9b4eb8a5dfaf7469112d10e6411e1309428f54b460683fdf54a3e2f58bd1ada2,1,1.4642562165679074,-0.0005825403122400599,-582.5403122400598,0.1721119718772355,0.2803467870105236
738,1,2,random,999ea6a552252cff,d90b8caa22622d7c,96,100000000.0,4288,a1ed5e2065d84ab77725a9bc094679d6f7aece12334ca23324ea1281ce30cc9d,0,-0.16686454713013338,0.0002735487605208397,273.5487605208397,0.16060460265122153,0.21436511958471205
739,1,2,random,91d5590b87af895b,61258d8db84e58f0,96,100000000.0,4288,c3c0114b81ff9c9e845d33b46e100c7364556d45d7ae181b3bb8f7230ac0176a,-2,-5.0765154306727265,0.0031935501243238055,3193.5501243238054,0.09872523096588845,0.09036576377413165
740,0,0,random,4e7ee6b43aa7d215,069edc932a5d5c62,96,100000000.0,4288,1374202dd237fd58d6baff0292e4e2283120d73b811bfa0a64a67feef8b6e9cd,0,1.6238697974729706,-0.0028221986038617372,-2822.1986038617374,0.15443703459126545,0.30399145049734716
741,1,2,random,30a6756e28e6f3cd,7313118667d3d582,96,100000000.0,4288,fb3a94b324bda2920fb4db5a557a2a7627b5ad923ad296b206296118f4a2c163,-4,1.6096990206129917,-0.0007162124568698801,-716.21245686988,0.1051559867781889,0.20317689103233846
742,3,1,random,637ab31446d29cd8,0e0e29a3ef7e7a25,96,100000000.0,4288,970991be633ae2fda6ed45b3957473c99c69688fe875691f969f8c95036e3913,0,4.84615581693167,-0.002013733461794178,-2013.733461794178,0.16712370907532956,0.06073167241232534
743,1,0,random,a776be880fb1cb8b,aaf2d56421636cc7,96,100000000.0,4288,c46b9a8233dba17179a780b5d6913c9480bb9722af732de132f588ae4b99f179,-4,-0.5677304222351156,-0.0008542064216235088,-854.2064216235088,0.01793653269130844,0.12052046502388636
744,3,1,random,54a61e04466de089,4fa1eb86127410cc,96,100000000.0,4288,3aec0f3a05338ccf74200c322522c2bf9dd0dea2b17b0c1a7470d637a25b7153,1,-0.3752010104412368,0.0007758995991168429,775.8995991168429,0.11456553935974922,0.2188167610099139
745,2,2,random,a46448b3d0a185b2,71baa69ed05dc564,96,100000000.0,4288,8351d5ddc706f33cb05a926d9952575ca16d38cecfb735c631b795feec416448,-1,0.0,0.0,0.0,0.14579375145572926,0.16043821514308973
746,1,1,random,fa50439bc539b250,6a4b7b14b902ef11,96,100000000.0,4288,fd99df678ae17b98daf3f145cfe73f8850bd6ff432d3e6e9b1709d736517c736,2,-0.8125754675677914,0.0007412047640163451,741.204764016345,0.10169976989521241,0.22673456005197434
747,3,2,random,4a06f4018f5518a1,d4d7ec7b0848a589,96,100000000.0,4288,370f67092ee067bbd04dfeccd58bc944d0c847c20f40efa76c3cb0742e1a72f3,0,-1.4445529028923547,0.0006101642534492066,610.1642534492065,0.13233145490955392,0.1778216037782887
748,0,0,walking_one,0000400000000000,b858ea333d0e123f,96,100000000.0,4288,3811cd7b42775e1dd19f33267d9623f55dfb593b1c7b9b2b0a629dcc5f8b2f9c,-3,1.728223452997044,-0.0017143285874025907,-1714.3285874025908,0.09955430828455497,0.2544611301718334
749,2,0,walking_zero,ffffbfffffffffff,103166bc275ed4eb,96,100000000.0,4288,c95063e12e4d67fcb9120436115a0e9887f3fd5a7bb31e1aed5370d6e6b67bf9,1,2.7774352349344014,-0.0024337968559131943,-2433.796855913194,0.12040821875301642,0.2630694178810105
750,0,2,repeated_nibble,eeeeeeeeeeeeeeee,b8ccb8d2575eae84,96,100000000.0,4288,f5c31840db1a284766bf95f9301df7dd81cce5900295e115fe0b233d020c9da7,-2,0.6109014082133013,-0.000260036800717514,-260.036800717514,0.0916052546590112,0.20231425450577648
751,0,3,counter,24be172c6b82019b,88180b76bae7673f,96,100000000.0,4288,b8732c51625d58a01c8854216a54b1666a03f7823c1a0448c78fc20a3488c1c9,3,-1.689181202552585,0.0016847890314158258,1684.7890314158258,0.12241954520120864,0.15542491821589777
752,0,2,random,702638d80f12bb5a,ef88670f6deca647,96,100000000.0,4288,17017bfb008690e2ce2c484b1259095c8b0f02e490407f9455c080d51a7569f4,-1,0.7346386055867691,-0.0002447993630617215,-244.7993630617215,0.1270586662464473,0.1745245855990609
753,1,1,random,47eb9ade5144db81,965a18961a237685,96,100000000.0,4288,841e32bb0faa1aabe74457eab16a35dc9409927cc6655b567a49e7120884bf4e,1,-1.2198330848087018,0.001140134914581726,1140.134914581726,0.15250709303307983,0.24250351896846106
754,0,1,random,b4edbdce40c3e74b,d1259f0a31b14b85,96,100000000.0,4288,64734e4375d334ba5c7994c2bebea424c25847b3a8219932a477eee6ad2a8489,1,-1.0289478413843718,0.0003777596240423863,377.7596240423863,0.16249116263414534,0.24936315580193522
755,2,2,random,367d9f93ed49ea96,ac4decdc3c3bf785,96,100000000.0,4288,a9b15e0fee12e56a6185bae2048785d4302b2a3acb79cde16c4c91f7fb34e350,2,-0.2527228896146413,0.0006612309976919636,661.2309976919636,0.12064352399181051,0.24699999716013157
756,3,0,random,c0034b306748045f,b4c7dea63d7232d6,96,100000000.0,4288,f5a6c604867fa232cc4217b55fe578c21d79e0523ac70c417700480604c5d08b,-3,0.2525354016523298,-0.0017638331494496872,-1763.8331494496872,0.04199995246927041,0.1255947797486925
757,3,0,random,d2106c4066586873,11bea313a44d718a,96,100000000.0,4288,341c65d6c52d64dfb6e5397ba6a8bb776fea3c98222ba5f87f201923a8ba2ced,-1,-0.8278642208874147,-0.000508912398686501,-508.912398686501,0.1386277370159518,0.12576642949415603
758,3,3,random,ab994e7d2483a788,fe4a71e513141f9f,96,100000000.0,4288,5ae7f483a5193bd97b509d82045ddd2258a23c156476eb08ab6cc93635127fe7,1,-0.7440645388126301,0.0008047457034558395,804.7457034558395,0.183873519278728,0.27380339583438656
759,2,1,random,fa3eed7def62c6c4,d851b1fbb523ab56,96,100000000.0,4288,5f8887eebfc3cfe5b74c1d1624cf429a6913cb27c16ebc1649052106a382ac6d,0,-0.6876630645571519,0.000752674869351139,752.674869351139,0.1181676737446635,0.1925457004588461
760,2,2,random,2e173b01823e2a8c,281c1fe5c2f0b052,96,100000000.0,4288,7e12100aeaa1225d9c20fef8c02242757526dd274142b7babe30e6183831c438,-2,0.5848683239543155,-0.0004415656783628186,-441.5656783628186,0.0854461129353724,0.2006316994968932
761,2,3,random,f8206c584f94896d,9ad9c9fcb8ecb931,96,100000000.0,4288,e9489e834f39411aa606d0d65d0228a4c720000768769068b108d26767207ebf,0,-0.7584075593470084,0.00045335914284469155,453.3591428446916,0.18511702492382479,0.2647079107317953
762,0,1,random,41d4bd81a415c24c,6fa491dbb142e88a,96,100000000.0,4288,ac037f35f79ce8683047030ce2036eb5ff2afe73aab36cbd6bab2143b4ea5c2b,0,-2.7521630873116254,0.0019213729575013787,1921.3729575013788,0.12126313271121152,0.22360935136450105
763,2,2,random,58b1735ba2f76031,f403b411b073ec82,96,100000000.0,4288,c8bf6cb0bab46704a37a3bf9c025ce68e539948390fc9ca4613b27ade5e0fbee,-1,-0.6441007648328764,0.0003000897386314226,300.0897386314226,0.12646924887740696,0.19076839257675351
764,0,0,walking_one,0000800000000000,193203df8bd2529d,96,100000000.0,4288,f731f93ad42530cf05a66e105279be95b52405f45ade109c6777a5a80b0e9eea,0,-1.2713362877112497,1.362135080479927e-05,13.621350804799269,0.16589763125651327,0.13513651029586665
765,0,1,walking_zero,ffff7fffffffffff,4fb1341bc4114467,96,100000000.0,4288,445a8557b2ad1b96fcfe18649372b8cd121b78004788c298572a4dab46a0b2ac,3,-0.8032760701756939,0.0005017555648264753,501.7555648264753,0.07111845096363051,0.21204387415951395
766,3,3,repeated_nibble,ffffffffffffffff,955d1beaef010947,96,100000000.0,4288,2f1e9a9650e4503b006d0bd009bccfa681bbd531bb01a193b8283d5e2f572f82,1,0.9608961063201097,0.0016968245754687605,1696.8245754687605,0.13987327593650226,0.10217270034850655
767,3,1,counter,0835b2c46029c2eb,b70f3a73af0f650d,96,100000000.0,4288,1516662a51ca1a549cbf248a32037e673ade675b24ffccef2a4fdb9929d6a208,1,-1.0961895841665268,0.0004036161763075001,403.6161763075001,0.15045957592120315,0.2231143783524917
768,3,0,random,d0938c0004dd5f4b,332ff60396480273,96,100000000.0,4288,8f24e071c044b63ace74d7c2cce484ba979f8968f190d1c2f4c57840b3f4ede9,1,-0.15517211339568765,-0.0004210591068189757,-421.0591068189757,0.12272353225093019,0.159343631912043
769,3,1,random,a775fc3b5d2ec0fb,4cf1b99e61300e65,96,100000000.0,4288,bce1b01a45f4e049c00c09d5b414ed594358472f31c0ee318ac43c2ff0b30e89,0,-2.622075707773692,0.001585614489120001,1585.614489120001,0.10871141359799605,0.20366281124823513
770,2,2,random,3416862b871a8ee2,b484486aa107aa9e,96,100000000.0,4288,9dd1cbf1dd2bcfbec917da2095d6450decfa7d14e6626fc29f98d7fa3012ad21,-1,-0.7665770753588977,0.00024542729181812,245.42729181812,0.09406215614259592,0.18345489304489218
771,3,2,random,975e35626d395215,19dff76a2d0b0e73,96,100000000.0,4288,2d1465ff271ce78b3701a2630a3c14c06f126c8e32ed4ae25c06bf9dba1fc6a3,-2,2.112532048608821,-0.000862803343820096,-862.803343820096,0.12070865801572035,0.23123480958677436
772,1,0,random,504669d440ac0b53,a50eb10052081eeb,96,100000000.0,4288,b34718c1d5c9d525366a318760a44c35dc8ea9c21cbf1872c8eb7f5731e65523,-2,1.1578923428062484,-0.0017132590282944622,-1713.2590282944623,0.10544154111659451,0.22027725889942598
773,0,1,random,55aabea7c4bd0f3a,99160acd45edf722,96,100000000.0,4288,46b2a49c48d8505056fbdb90c9ddd64c74f0e93f43c4b0159920fcf55ccb752d,3,-2.338622196076008,0.0017130711641589536,1713.0711641589537,0.06482167758366823,0.1908883235051327
774,2,1,random,2e737310e22f1069,81e482d94b02e139,96,100000000.0,4288,863d40c804a8512670c4accfc84f1b993892fbf403b9e615684e7313443d7183,0,-1.188741209050202,0.0011950387041376707,1195.0387041376707,0.1429899145835908,0.2498260153501201
775,1,1,random,150428503b7fcf46,726e56a484e47031,96,100000000.0,4288,752f443cbec3bd58c837033d0eb4169e0f2e216ac1d72176ed3d55042d5a2712,1,-0.9717005818796552,0.000958815979638836,958.815979638836,0.12462094670069719,0.21501737529176743
776,2,0,random,b49fe029031edb45,45d70688ed47fa77,96,100000000.0,4288,e4bb5169d447e6992f01a66ac55051bcc45976a65be6cfb34f46984675f62d67,-3,4.759130763084792,-0.0031331874073498075,-3133.1874073498075,0.1025051706778991,0.24391434490423933
777,0,1,random,6d590564f8665d96,f55d6c69d102ac77,96,100000000.0,4288,29ef52ce10a8de0ea913eaae3f007df5048598fe4eeee816eab2d20ff4617ab2,0,-2.2967179817201933,0.000998430384528752,998.4303845287519,0.14461906403531388,0.23008043824506885
778,2,0,random,0374b5c6558c3e87,ad9f07ef866255d4,96,100000000.0,4288,83f3a85acbce46a1edab490a609e51caad3d831902ffa83c060d5307853e0d43,-2,2.98212714542438,-0.0018142033594249123,-1814.2033594249124,0.08254888293034046,0.032999810315799995
779,3,3,random,735f4b5677dc5569,9068ddd7e88057dd,96,100000000.0,4288,e93293a7872f279de50279ac5a1c9bab5d416279c09232d86f1ab4bedeb4caed,5,0.05644999262415235,-2.7930576120906426e-05,-27.930576120906426,0.058888156830577944,0.23198242070105277
780,1,3,walking_one,0001000000000000,d626f67e80327431,96,100000000.0,4288,6ffe8a7594ca5c96eda48625e2741c710c8da4a192f9ec37fe62af0e8ff0fd4b,1,2.4118079241878063,-0.0011738082900596685,-1173.8082900596685,0.11931665922169131,0.24980261259116765
781,2,1,walking_zero,fffeffffffffffff,046169aa2ea74b28,96,100000000.0,4288,ddb239763a11e746890cca39799279e91d2734baa6ab9a62a6ba506e33d9c367,-1,-4.866172828270149,0.0012586825968516737,1258.6825968516737,0.09764548699985653,0.02745103365799736
782,1,2,repeated_nibble,0000000000000000,7ec99b4d2d6e6447,96,100000000.0,4288,1f59fb9b4a53a9f6b4caffb4479057b0bc643a30f5396fd01f564f59cd8d62b1,1,-0.624572980931032,0.00020621953862151037,206.21953862151037,0.1685229446014735,0.20797737301364166
783,2,3,counter,ebad4e5c54d1843b,9d70207e3c055ef6,96,100000000.0,4288,617fbf9235a926064b96d199d7a9b35f4a1d5b511bad6f1ed23a340ec0651ab7,2,2.053697983493106,-0.0012562376165288873,-1256.2376165288872,0.13426299038492248,0.272038141937257
784,2,1,random,0023ec724e10a108,af5bf36b888520ec,96,100000000.0,4288,d4345fedf83fadfc9c9bc020548ba412818a83aa968685f5c35a96ea743565d3,-1,-2.195192867011096,0.0007473539605194256,747.3539605194255,0.14264510805068217,0.25291710991648203
785,2,3,random,db220ae34b431d5c,3fd95c4ebdbf9351,96,100000000.0,4288,50a09d3f610b54cf63d0d71b4395985f230da8f0c8ccea56d18287f30969c9b9,6,-1.8412012983477934,0.0013167360500393598,1316.7360500393597,0.0030009506944116407,0.1285044977930726
786,3,1,random,4e6d2e3b7516612c,65aa30534818de93,96,100000000.0,4288,283393dfe47571fc0d135374681ec9051386f6351e740bbb7750aae3a6c1e02f,0,-1.7285735335164385,0.0008285554634608303,828.5554634608303,0.14580995098893018,0.2332974190565463
787,1,0,random,8a9c868a38f3518e,ea16fbf365f89c04,96,100000000.0,4288,6746eb8119dd5c17e7da454218a3d7aecf83c071f295a8b265e13105b7578fc1,-1,1.2634885955885322,-0.0016039693400079955,-1603.9693400079955,0.09384056966592637,0.12426663074301353
788,0,3,random,321d8e4270ed8d10,d7723f8eeb65a2ef,96,100000000.0,4288,6e1a89d82e71d9be1812bce926fd49ce0a69d739aeea1e349d8d4ca050d4316b,0,0.19642585145631863,-8.468713959542266e-05,-84.68713959542266,0.20728244148035285,0.2652535338902724
789,0,1,random,ae65200c63fb87c0,bec971f687d71144,96,100000000.0,4288,97db8db5b14f137afa9ebfda8e26c389106e5ff5e56fe6ee70ff97748e2fef1d,0,-1.611210010520401,0.0010606184285054576,1060.6184285054576,0.173706304731879,0.2625929618900998
790,1,0,random,779a4c0b0e930d89,a9ae5919b8a159b1,96,100000000.0,4288,5581db45bae4dfb86d5e276c663fffbb3f0c7381ef67cbae8962bc13dd54c00e,0,2.3204601255121005,-0.0027115313446128718,-2711.5313446128716,0.14835015592480374,0.26463062964696754
791,3,2,random,a0b83ec91e83963a,49fb90b225aaf1e5,96,100000000.0,4288,4ea1911b642f94be98c0a7ca36dc9f4d20b0a2a9d69d6fdfcf4b5430a03838cd,-1,-0.027943516840204897,0.0002211653210308264,221.16532103082642,0.14996693602335057,0.22112391787640537
792,0,2,random,9f3b4ba1ca484df2,1cab50e12d80b694,96,100000000.0,4288,50e2b78c2d549f7cb6509d10c3260e3e2ff183161b1ff620ba6f7141f093dd98,-3,1.4565781690309434,-0.0006197371098438532,-619.7371098438532,0.10734083947827634,0.22855861235746353
793,3,0,random,e8cc6e3bbda43255,f0fc1b3706dbd638,96,100000000.0,4288,7f7b017ce37601a7fbb0c649412ed36cf46640b0f4ba92ea65aba8a579fb5202,-1,-0.49210889245481165,-0.000651794933159241,-651.7949331592409,0.13069819450634979,0.12286510643872449
794,0,0,random,ce3d2352f1b11fd9,b2e15664d8157ac6,96,100000000.0,4288,1d78ce500967a54df23724e2c8d539f231da43406fd2c70107e9b476a1cb9cb0,-2,-1.9395851376321707,-0.0005099274827540236,-509.9274827540236,0.10482389865049456,0.16224631884980117
795,2,2,random,999bf3b2ff716f7a,e88160497f94e313,96,100000000.0,4288,3294f07b19b993684c027c8b3ccba5399089fc12618c17b47b86774e0ccd49ea,0,-0.6771942210838657,0.00017181301800795902,171.81301800795902,0.167101767858335,0.22725547211926259
796,3,2,walking_one,0002000000000000,3dd0c4339755b54f,96,100000000.0,4288,77f0f648629dc711c240370e57421441631babbe34713bfe1aa6c3dbd9be8e0b,-4,-2.3818124721206875,0.0014954576078514226,1495.4576078514226,0.04560774543401168,0.17156169382100817
797,0,3,walking_zero,fffdffffffffffff,e51986d46e45a587,96,100000000.0,4288,20702089b1b22199aae579aff2ac88c180f117b52d1abbf6b0f7c40201a534c7,0,-3.9512935822739723,0.0027456218745144363,2745.6218745144365,0.14583707330497006,0.09895130866476778
798,3,0,repeated_nibble,1111111111111111,b6f6772e8fcb1673,96,100000000.0,4288,9fe30ba98d53dc3cbb94b8851c77a574c162a987ebae8fc9b0cb7c488716d07a,1,2.828655060222781,-0.0037313432835820895,-3731.3432835820895,0.10681864299518218,0.2616073083214049
799,3,1,counter,cf24e9f44979458b,22e5c61fdae9fe52,96,100000000.0,4288,940adaa7a60952dc1c4996529bf1374959764539f1b24f95d274e3819d3bc529,1,-1.2407657376741303,0.0007265086106553125,726.5086106553125,0.14285659466082046,0.211005847236193
800,2,3,random,d9f5b734f54dd29e,f5bbc0f065b0bdd9,96,100000000.0,4288,88bac563c64a701c86a01452c527c0e52d1bab59d95d5725b6d0e7086e6ec8d8,1,-0.9234225633505533,0.0010249714501393066,1024.9714501393066,0.13388899068125773,0.12682415476983158
801,2,2,random,f39d1de4238b8d13,3569fad8ea58fc33,96,100000000.0,4288,5e21834250cf40e5bc83426305d8609f84d5e4ec6dd07d8a784c4fbdfe4e3cbb,-1,-3.280204795712023,0.002410433024071182,2410.433024071182,0.14891486790771563,0.12535809769939282
802,2,3,random,f2c4910b83266762,db007b341fdd0b96,96,100000000.0,4288,8b636145a53629e2a70c5c32db691ab76190bf2c53443190b6719c7bd5228847,1,2.146086927175656,-0.0009143958909071875,-914.3958909071874,0.13343236486215931,0.2337511417094481
803,2,0,random,8b1aaed3568fbf3a,9266f7d0f444639e,96,100000000.0,4288,80cd701933bc4ea5d432c7e0e3d1466ff9f06dac499e35cc1063a6e504c1f9db,0,2.0296613973790243,-0.0008944219563427858,-894.4219563427858,0.1670382945233386,0.15469801428831517
804,1,0,random,282bc770f87455cd,fb8652808cb6a301,96,100000000.0,4288,cf01b0e4ec2e2ae5f41628fd8effe2bd75441546481d2a535456cd567e736672,-1,0.5147147327102709,-0.002149111244709639,-2149.111244709639,0.13041096787096415,0.17639688556531874
805,1,2,random,b70b53ee7aea0ed9,340ebe9832b3a86b,96,100000000.0,4288,a59a5e2cf836f3d620837d52f0445af53192596a1f10b9a05678f98dd4f4b430,0,-1.7366548382250855,0.0021135195317800192,2113.5195317800194,0.1574692335847,0.12168688605118583
806,1,2,random,e5363301848d4acf,8ef3a82aa7e3e89d,96,100000000.0,4288,1d1a36fa33f519cfd7c091ab51f2af13e14464a0719c9fffe1f7df3b257e37bb,0,0.23085857467829912,-0.0004472887303105749,-447.28873031057486,0.1391111962249188,0.2058681939287492
807,2,3,random,694a51eb62133d5b,74a545df8c2591e2,96,100000000.0,4288,1b64d93c1b658441852cd84d30711b8e44a733268d8378274a3c56defa7db071,2,0.6907971254130604,-0.000630883398222868,-630.883398222868,0.147095958689161,0.28863189175342896
808,2,1,random,037729383563c917,87823e853502a6e6,96,100000000.0,4288,1b6f264c60dd5456402f7e2e42bd7821172bc01174ed3c8d516265923e53556b,0,-1.2284763561427356,0.0006700668615072697,670.0668615072697,0.1381560484988694,0.21209558627811914
809,2,1,random,7a3b073eba6663b1,96376a0d8fff5559,96,100000000.0,4288,624cff84bda4284d2ef43c5052b7521f5fb4789463431672a644eebe09f2a3aa,-1,-3.6524850520585623,0.001873276486396786,1873.276486396786,0.09434202658458814,0.1414956276679135
810,1,1,random,ffad42e43414a7e2,66eb8b80991250e7,96,100000000.0,4288,46dbcf22f2d2450d8a70c8c77547b053d597c9feb0cde959673c9dc4d5e201d2,1,0.44768011887167886,0.0001435082505619881,143.5082505619881,0.1316038852508515,0.22367839379996152
811,1,2,random,547ad87bfeb6277f,0fa197db9d434dde,96,100000000.0,4288,83d5b1e8b29ca71bfbc0f266b6c7dbc28b10de9ab7ebe36c2041093422ca77c6,0,1.6107069834827388,-0.0006004536108518799,-600.4536108518798,0.15794843615205298,0.2460229448373245
812,3,1,walking_one,0004000000000000,f732a58779d473e1,96,100000000.0,4288,ea088e5ce27ad1efcc4236e74a9e4ecdda4b0a8349e08a6352854ba358f61409,3,-1.959249267653964,0.0010518262228468383,1051.8262228468382,0.08257285655119881,0.25690042319244727
813,2,2,walking_zero,fffbffffffffffff,4e6b22909afd45a4,96,100000000.0,4288,a18428ca28a4ab87fc7350cda66a935c00122b0e94f48972f6c3eb6523f24495,-2,0.5987028992395762,0.00037189134195591026,371.89134195591026,0.10230633337171445,0.144139334017026
814,2,3,repeated_nibble,2222222222222222,0da71028e2cafae8,96,100000000.0,4288,4a8bbd48fccd08773051cdedf3507ac8cc71e9bd904135fdb323f9cd2293b253,-1,1.0359981454489666,-0.0009693797116805347,-969.3797116805347,0.12815843341552938,0.21664660079052522
815,0,1,counter,b29c858c3e2106db,0be9e5d8325458a8,96,100000000.0,4288,c74268cd19ef4da1f50ceb35d6040357f487d85aabe8f4ee3405690e90eb3d8d,2,-2.289117048224746,0.0014392212894366908,1439.2212894366908,0.13542151068513528,0.24625382336249863
816,1,3,random,fd6f346210893fe7,5b575de982cec5d0,96,100000000.0,4288,e042474a58f8b3c46de34d49bf68a43176a271ac37fff6456328985daae1f888,0,2.0225726074454813,-0.0013683074445192452,-1368.3074445192453,0.12191556665881362,0.22343178974964933
817,0,0,random,ca02f220b8fb454e,a1d36d84da9c7c41,96,100000000.0,4288,f38d4067f3f91cdca31355e08ba1e8c2dfa56deb0ef46eda6c2a61e4661b152d,-2,1.0072597025839407,-0.002554502256094258,-2554.502256094258,0.08901558128889657,0.22215051289740492
818,1,2,random,200614d877ba12eb,39d63c59d2087952,96,100000000.0,4288,94708f39ab08d4a906ab51cf7e790d6b1b478fa32d42fbd2f3fcc8f6f4e4b226,-3,-1.1786206172082603,8.491147318501285e-05,84.91147318501285,0.10458040003773576,0.156805417569628
819,0,2,random,6f62ec0f8c5ad15a,7a12e2f0a9d28239,96,100000000.0,4288,5220fcec50a0ef2df17454b5912b525875a2d9610bec0b0d694a590cec457a2b,-3,1.3633834248829282,-0.0005781278708336923,-578.1278708336922,0.07459930392407657,0.19505840049745185
820,3,1,random,7815a16560355dbb,2d442a15a994dd59,96,100000000.0,4288,3bf178daad5242b259285abe809652fc4bbd83be17c2a42f35062f9bd7340b84,2,-1.9060149635191481,0.0011737637953500878,1173.7637953500878,0.11461701663127233,0.2457316751240511
821,1,1,random,cfd1b4d8eaa4b69e,9b68d829ee464172,96,100000000.0,4288,fafc7a5bf13017e8dc3c22a9ff9cf2c5a49071c5aee086e6dfadc529fdccfabc,1,-1.4485254563838033,0.001089994436701084,1089.9944367010842,0.13662560085599543,0.23790671380431788
822,0,1,random,2b976737a7428db8,54b5e1a3691356bf,96,100000000.0,4288,0cb9c43cfd8656307f7b3e00b50baa5cd6068ab39874f2bdf7434b637e194603,-2,-1.2476511854605672,0.00048752496668534075,487.52496668534076,0.08567639742707156,0.21659863581009003
823,0,1,random,059225888d967450,bc2d414c5396bb7b,96,100000000.0,4288,8f44845ba439813281cdac4df854ef5fc3529ac8367ce21e7421d5f954f1d9a9,-1,-0.9122737112658382,0.0005321493522595388,532.1493522595388,0.14258479802948637,0.22497497187838578
824,1,0,random,33eda080863eb2b5,4c759f1aed8f112e,96,100000000.0,4288,ea8a52dd02013daf5e0803fde73aed8554fe1f77454d99629883bbdd7ce17012,2,-0.08049055000602151,-0.00160810644544409,-1608.10644544409,0.0989929924638095,0.12829228684368663
825,0,0,random,4c6486f37646562f,b5ca3fe67d21ff2f,96,100000000.0,4288,e42eecb3133e3de991c140ab873dd214c28f40dd9fee93a9db2528ae8f72aaf4,0,2.609833351284641,-0.001540242322214599,-1540.242322214599,0.14555315371791336,0.11454526399127779
826,0,2,random,6e71eecfa53dd03b,b7ab09935dac4052,96,100000000.0,4288,3557ee51b33404ba63817f6c7035768cf546ae18e2610efbfab4abdcc2f2c5f1,-3,0.14760919218998955,-9.840615447793472e-05,-98.40615447793472,0.08430292539100946,0.1853580803298998
827,3,1,random,67c8a5a994c09337,83b8d4a00cdaa9ad,96,100000000.0,4288,37e34752656d9a5625061225265b67de9e3d518a84ac5f36efe1b87c97b1b955,0,-1.914020577252126,0.001066967313466527,1066.967313466527,0.1708821576870875,0.2550092427495002
828,0,1,walking_one,0008000000000000,e1ea45a6accb096c,96,100000000.0,4288,7a0ecb3119988b74916d89bc881a8e854302a3f5b1547136d39b9dad1e4d02f1,2,3.4241148425719765,-0.0015747692929109847,-1574.7692929109846,0.10260170825068692,0.10833365176251665
829,3,2,walking_zero,fff7ffffffffffff,574a3c79d95187ef,96,100000000.0,4288,60e1e9bd00557906f31faa28af4994bfc8b1ba4b78c023320b74215681f95475,-2,-0.6539047625233678,0.0004120572319006494,412.0572319006494,0.1049016637073988,0.21029682401290234
830,3,2,repeated_nibble,3333333333333333,84b3dc8c304513c0,96,100000000.0,4288,48f365fe75712838a02efbd97d939667c23d5aeeb0f797e33192a9b8a4c8de5a,-1,-1.1577360228345512,0.0018247160632841328,1824.7160632841328,0.12796098032395686,0.10540800891542743
831,1,3,counter,9614212432c8c82b,21f4d0f3bb7f115b,96,100000000.0,4288,de44220442f48bf067450a93f6ecd5c24472361a04d38c3a23944ceb895af678,-1,1.256236383304761,-0.0011554062434511027,-1155.4062434511027,0.13968652567968,0.2620487939233237
832,2,3,random,068ffc5c11ecbf33,f122750ec95f6c88,96,100000000.0,4288,d753359d7f522dd225ac130e72ab83932ad1059f7c33873f0d81a544b147339b,2,-1.3451955446629766,0.00020561078827498777,205.61078827498778,0.10607593790180607,0.17102930299760294
833,0,0,random,6dce6bceed2eecee,36ca89cd933f663c,96,100000000.0,4288,e1789365aa4a5e5961bb928c53fcb25792432ddc62a41367ca5484fc83eba82e,-2,2.0642868632674993,-0.0026881249042549345,-2688.1249042549343,0.10282172569383151,0.26053641195328153
834,1,1,random,55d6d420530cdd27,4606988878149773,96,100000000.0,4288,8bacb8e7b452d343eeb6f37fb09424a53aaec60d7435afcb28fc9815e2b299d9,2,-1.411513811290198,0.0011435137215527757,1143.5137215527757,0.12335214475487401,0.25768886960757953
835,3,1,random,241326629ba589a6,de25eab8cc2dcf1c,96,100000000.0,4288,e07908ec6006fef59f3eda805b3198889e1a21df7a4e9af33c35fa2295dad1e8,-2,-1.9289071954195123,0.0014156921561879986,1415.6921561879985,0.08839558358806107,0.1550372901113653
836,0,0,random,4529506d30a3c7ae,9f8ed1ebeae5e37c,96,100000000.0,4288,75232849ad09a44dc988dea754d66a17ccd8cce8dbe1a8a0cdcfccd7664bf9b4,0,2.3245475765443926,-0.0030166928446523863,-3016.692844652386,0.1049040118035552,0.23110067445136687
837,1,3,random,603a150ebf97ca6e,0a394df2f7182069,96,100000000.0,4288,ff601fc47e5835afcda3a802e8846ec7de676cf85bb58fba791a60d939c48d5e,3,0.7941838911965451,-0.00046874760737476934,-468.74760737476936,0.06785104208144047,0.2625082090144298
838,0,2,random,f5ce840014a2075a,05812bdedf597f4d,96,100000000.0,4288,3a987d12cd08cd172ad897c372955e7771e422fa4c5516250df7e50cea15050f,-1,0.9506019424873909,-0.0002608132729119087,-260.8132729119087,0.16357357277395854,0.21492086292104265
839,2,2,random,6e004db269ba26bd,55856e4fb09087f7,96,100000000.0,4288,f8a891af533853ed778b03ba000812bda025b83ac0010410a7bd4c664cbc0dcf,-2,-0.3103787907492289,0.0003337744976722575,333.7744976722575,0.07996427007204353,0.1975056381229917
840,0,2,random,acc8c4cfca55ec88,65423355afdb435d,96,100000000.0,4288,56459b87270615e8beb81a316d2c0e54479e0f0f31dbc59223aee95caa8fa0de,-5,0.4461983298372024,-0.0005522602322287101,-552.26023222871,0.021063415823904086,0.18507581760987024
841,2,3,random,642542180a646495,492e3c1ce8a3e9b1,96,100000000.0,4288,199891292af6add9c20538aec911201a206ad962a8812ded3526e1a90ca03ab6,4,0.3370044404996439,-0.00027634958953207654,-276.34958953207655,0.011713388760432488,0.1781410263036247
842,1,2,random,bb97f706dec6256d,cdfb171edd385ad3,96,100000000.0,4288,7a292138b7ce578aab1cdf5c318f02299968d1f61765765b2f79eebc9d77fdc1,1,-2.8755270519573797,0.001207583991961349,1207.5839919613488,0.08513386890528016,0.16398900704266473
843,3,3,random,61db0e3988506e29,da9e290ab038902b,96,100000000.0,4288,b945b48b60af1e68a2899ae85c308ee17f71a90233dabf331e6abdb17083e6df,2,-0.423912515032595,0.0005121731455127373,512.1731455127373,0.08305866872128076,0.20472270873224793
844,0,1,walking_one,0010000000000000,6e7eccddf145c833,96,100000000.0,4288,4e11701e3dffb2020d953862f4c6cbd9d8496bb56c5ccab9f7130f0748c0dd53,0,-0.6684039400930208,0.000656498304159887,656.498304159887,0.1742563498169314,0.2347556281163542
845,1,1,walking_zero,ffefffffffffffff,fdc5b3b486971f47,96,100000000.0,4288,9a996442d0a74d82b2f6c2652b191d2bc6c7131c77ad985a469f33cb9bbadeaf,0,-0.05065047617907103,0.00020364900469191583,203.64900469191582,0.194949766251486,0.2647540100416476
846,0,2,repeated_nibble,4444444444444444,5884a88d302210ed,96,100000000.0,4288,8b6357a1a03d10e9eb02281f2a4ddcb3035072b58f823adb58f61f351b6eb948,3,-3.765197377792098,0.0017970583068548638,1797.0583068548638,0.10819940122537303,0.16048099167086624
847,2,2,counter,798bbcbc2770897b,9364442d609cf7d3,96,100000000.0,4288,1447c550ca4a45d9448c85b81e17f182862e7ede3bfaefc0b01d33b95bba4aea,-4,1.5083553643808552,-0.00096797444851781,-967.9744485178101,0.02957586544848888,0.17564155432832693
848,1,1,random,f4303ed8de60af25,f1f922285f51b485,96,100000000.0,4288,e24b216259c7a6ba7616b9be2dd56e4ad225ede942c5aa06c3ad273b8fe66bf4,-2,-1.460370778625381,0.0004481544609434851,448.15446094348505,0.06016376788821945,0.18269262303946024
849,1,0,random,e9d4daf91fe66cf6,a7fddfac4ed787a5,96,100000000.0,4288,1e5f1205592f8d733a079fc10b6e9aed953821adc5c9ebb4b6625a86097879f7,-4,1.989117669977929,-0.00253607748375218,-2536.07748375218,0.06022981216109978,0.27417997178419184
850,3,2,random,247038ccc86e3ed6,7115c518b759a28a,96,100000000.0,4288,ee9ca1256e6a7247376b68e270acffbdfa710c71a149ee2a8de00eae1df8f870,-4,1.5380957434594484,-0.0010902850310643703,-1090.2850310643703,0.033314898985590626,0.18588046997229254
851,0,2,random,e9f22d3d0182047d,d8c45d3688a48c84,96,100000000.0,4288,0b5626dae227b57f068adb72a919d2607f0c7f319fdacf29b51387e6222d6671,-4,-0.793952828540148,0.0005958373078447979,595.8373078447979,0.06118370455058515,0.2234756448257231
852,3,2,random,4aeee647f96669ed,758e36a2e739c31b,96,100000000.0,4288,92a6f18013b5ec758f4f9153458e09d0391afeb24d7d56379aaaa0a527a868b3,0,-0.5923771846690419,-4.72279437431218e-05,-47.2279437431218,0.13743564968496277,0.17385642163268603
853,3,2,random,17759ba391e5124d,7413692f8e218fd7,96,100000000.0,4288,d988f0315dfa23a08fc4490566972ddd04d3adca0c1cc4dbf6a0630902047282,0,-1.0595666803835861,0.00012902380546410598,129.02380546410598,0.15612958549420766,0.2202478183377344
854,1,3,random,a09b4006aa4b080b,36a23d96b3961959,96,100000000.0,4288,f6712ea481a8e8125a117b5d420373a1c6066afcf7d95daedee818765fac4443,5,0.24898641987862388,-5.464558265994163e-06,-5.464558265994163,0.04498892474782472,0.22090172992476756
855,0,0,random,fb1d39c5cc706afd,a86cb09def4bdaf6,96,100000000.0,4288,e86d2ccc7bdc07b481d1b97361446bdc75e47f8aad6466366a89c80bd33b1305,-2,2.681560964522259,-0.0027428828939880198,-2742.88289398802,0.12690609830242916,0.27283739926583384
856,1,3,random,6f279d7672166327,8f4406fa7f2409e7,96,100000000.0,4288,69215f68ee8c9b1cb33847177154a5ddfa37314bec2d0ccdb340bbc48c447b9a,4,-1.7639047174740994,0.0017627122973784752,1762.7122973784751,0.028698093780973176,0.08112160608410267
857,0,1,random,c53c5de42dde2bad,ba3660571af21443,96,100000000.0,4288,dc300e2dd1e84e115e3c2f92dfba6ee2e9d3598df544a5d33915aad81523ee7c,-1,-0.8400260008188954,0.0009459195803049938,945.9195803049938,0.12223882588303354,0.2263122958689023
858,2,1,random,54db891e84c848c7,dda094cc66d6c645,96,100000000.0,4288,92dcf1cbd8623ce4f12eafd40c4ade565e8d21a5fbe22d49ff3445d0461e1a80,0,-7.265031183445585,0.0029945017817889835,2994.5017817889834,0.1114974437964682,0.07737745197376135
859,1,1,random,8dd048631a815206,823fd3541acba4da,96,100000000.0,4288,d48de78d5c7284eb7cf90c5a349f0eb6969e6103757573e5bd7212ba7d78a2b2,-1,-0.5933389068047498,0.00024023884900839355,240.23884900839354,0.14681421809372416,0.25614201062050723
860,2,2,walking_one,0020000000000000,a27b8ad9cb2060c6,96,100000000.0,4288,6835d99b8f6107379280e408f620bd67b6a04410a25ab10a8b5cb3f577bff58c,-2,-2.6721133550199343,0.0016175064674108523,1617.5064674108523,0.09308642159178722,0.10153321683696497
861,3,3,walking_zero,ffdfffffffffffff,ba5d3204b0b0fbf5,96,100000000.0,4288,8adea5c74b0ca918ddcf50318fe93d58679a4d622e3d2fb4fc67e5ee8d5bc368,3,-0.802471073431634,0.00032083987907618046,320.83987907618047,0.09695332461248529,0.24372167436409334
862,0,3,repeated_nibble,5555555555555555,e6ef47f6dd98ab14,96,100000000.0,4288,14c3d6d03e37f66d076ef96ab5ee97c5848f2029b26ce8b8fe0f57c297fa60fc,1,-0.6030419935860359,0.0009358776822390272,935.8776822390272,0.12164805681552322,0.11510117571353112
863,0,3,counter,5d0358541c184acb,84766de6366dfeff,96,100000000.0,4288,0b0871da25bb659b3cbe21d5e3ca30d75edab3e4e86647220afb2fa9496c31a3,1,-0.0072565480254781385,8.843527275604334e-05,88.43527275604335,0.174338070853692,0.24047840064332607
864,1,3,random,0e98b6d068d22152,54df348f787a799e,96,100000000.0,4288,0c34eda4089bf5754d643c32e25e6034408a3d671a112f5af940729fb19ec879,-3,1.5757779616712086,-0.0009027155359205181,-902.7155359205182,0.11435574268139222,0.24535120648930683
865,2,2,random,a63f10924d4f30cf,015cf0d0aefc3404,96,100000000.0,4288,53b9da21a976b74e01ab94b5f9f31aab0f28338c16b402f3c9ef2bf120ebd19f,0,-2.4068355942687147,0.0031460372809455107,3146.0372809455107,0.116909770934251,0.0711705724255957
866,0,2,random,f5ec8ded28b1599e,a4f9cf7d646152f7,96,100000000.0,4288,13107488c58431ab3c5378492529f9be197105c78cb03594883ac233ddc6e13b,2,-1.4616504214063608,0.0011586531395991828,1158.6531395991829,0.08893837819427539,0.24019429569061304
867,3,1,random,4c99a0f7280c9f3c,b794c104eb20fff4,96,100000000.0,4288,b273e1904dc309326c46f49e2e439f4d405bcfa016a3035c7f3a50ad1d77c92a,-1,-0.8128404206866595,0.00028041131814430853,280.41131814430855,0.12196955956904208,0.2176560467380636
868,1,3,random,d65150412074155c,a437fd6d73ad4e7c,96,100000000.0,4288,54dfc1f7b829409f2d1dde2e363e3174e3b98bdfdd55589293e0515f56254509,4,1.8980141899163492,-0.0011379486985197075,-1137.9486985197075,0.051163505808311985,0.23710029460513754
869,3,1,random,22208ef3740c6d02,2ea33211a8269f38,96,100000000.0,4288,698b474bc183869dbd667e2168998faf5ed7d80ebd3192f707f6a465ef346c8d,-1,-2.2258277109470193,0.0017469791976931362,1746.9791976931363,0.15084704004876462,0.2376161383958796
870,0,2,random,d21534ef26bb31bf,e079367607e41fa8,96,100000000.0,4288,e8b0b5e410fdae9bf7ed5fdbcff4a212a51805594df37334822338281e6bcd6d,-2,1.7134086065661465,-0.0005352771182542283,-535.2771182542283,0.12715098557980495,0.20683339898341283
871,0,1,random,104d5e1e35de79d9,6e1d08f9b7e375bd,96,100000000.0,4288,ca66a8e41622aa45e1ebfdd3b849953399f6496dbbd092d161f70a30adf223da,1,-1.8330991292987038,0.0013181294706898555,1318.1294706898555,0.101175488039628,0.18524383282648568
872,3,2,random,47adef420a34b575,f346814ebb640058,96,100000000.0,4288,5d34075a57d027fe4fce38af625d2deafae38cb91112a8a6364d346ec9fb97d0,-5,0.9987291923602705,-0.0008109977159071253,-810.9977159071253,0.0350310000114397,0.18342838117800644
873,3,1,random,5ee629c20fd96cf4,9b31ea451e6a4962,96,100000000.0,4288,51adf964e3365e4394a7ee71c6c35049666a66bc215712f858bb26bf697aba1a,3,-0.2023137896634849,0.00024388216325386071,243.8821632538607,0.09715637580614002,0.22193023568401127
874,2,2,random,67846685acc6efaf,2ee281b718331438,96,100000000.0,4288,9cecfecca2d03bbe63a6143e9a132382a3be636f94971fdbebf6372561f07134,-3,-0.4576632289628319,0.0002605152893812631,260.5152893812631,0.08775435380566989,0.19542966515295399
875,1,0,random,ef273f55af5e2d7e,7f323be2cb68f061,96,100000000.0,4288,05d18ccdb1b9351136a8c14e6a84dcc25286428e918e8d86085ddc7baa4858fe,3,3.2803097541154105,-0.0037313432835820895,-3731.3432835820895,0.05759811991520622,0.26230646050435547
876,3,3,walking_one,0040000000000000,fad9c465d4c67f4a,96,100000000.0,4288,522207ffc1327a033324bbcb8ef748d37f4a5db4bc5a41aaa7d45aa526e3c6c6,1,2.7238743199565056,-0.001629311941153676,-1629.3119411536761,0.15599561000391,0.3035701808632
877,3,0,walking_zero,ffbfffffffffffff,5e75fd1d20f1ab50,96,100000000.0,4288,bbe88f30be326b5fa9a1c60f4116ff3cbba46bb49b371ed435cafdc6f2e1b27d,0,1.3252128825970364,-0.0020310233141793625,-2031.0233141793626,0.14018377678947785,0.2447481746752932
878,2,3,repeated_nibble,6666666666666666,812634c22eac38db,96,100000000.0,4288,f280b09c523f70ad390fd84061309627bf42c77dc778ec67141ba03396928f58,-2,-0.9626634414608461,0.0006863464927426624,686.3464927426625,0.1283056521459373,0.16372927653037556
879,2,3,counter,407af3ec10c00c1b,cb96e183d918db7c,96,100000000.0,4288,dff20a858fc5bfd90e0aac960c7f1b3443b66c37371c2028d664a929d4a8685f,-1,-0.08885823536913642,-0.0001640184268450257,-164.01842684502572,0.15207826375494296,0.25348041089995454
880,1,0,random,70e2a941a87177d1,2bedfd9956dd1dbc,96,100000000.0,4288,2b61b5fc1e3a36ca4a0c3b74761cb14096ba8e0677ef2d13c8345f0308b9ac56,0,-0.06209469875867875,-0.001375496732445654,-1375.496732445654,0.13103899734325097,0.15182158920621058
881,2,0,random,33032644bf09b353,02c8171326d0bd94,96,100000000.0,4288,598eb338a289ad3abd8b590ebbd1790f39e3ef57a41040399a915616018a7b1d,0,1.0989907811772257,-0.002305722030115806,-2305.7220301158063,0.1415704338353527,0.27216185540060783
882,3,0,random,f127c13ee2debb0c,a462789b45d9dd6e,96,100000000.0,4288,1f75fb566ba84bf1eee449cc37b07063ab1af61dc9d80b203fe4c07e4c1aa42d,2,2.44907372878977,-0.002569096485600847,-2569.0964856008472,0.10238801687892124,0.23395161445070495
883,3,3,random,d06c8a582c49c5d0,53b782f85d2d4ffd,96,100000000.0,4288,07e49114abdc29eab6ee81450e6757a3efb66abbd8d248d42963b1337aaba80d,-1,2.3445798057174834,-0.0013127836778751038,-1312.7836778751039,0.15559415076148336,0.26120012552211685
884,2,3,random,3bbc52931c9ca63e,82c88a96321838cb,96,100000000.0,4288,d319dc236c49fdd6f4c53f3fa419e846bbd1853bd560b3df21925bdc607e1fc0,0,-1.6895937261414404,0.0011256483647640908,1125.6483647640907,0.15713026319794948,0.17245912514057732
885,2,1,random,c38753d692300169,6a0da4734c1342b3,96,100000000.0,4288,d81d551372d021e268e8687b7cbf39d44535bd41e59650b27bed9e012413c729,0,-0.011942747644431316,0.00032655491497392107,326.5549149739211,0.14372015806703423,0.21784689191225026
886,0,3,random,8005690d3d0ee692,899013d33761d880,96,100000000.0,4288,09ea902023829665991b18a2d11503648e9f69f430e95e1dbe52ea868cfd08aa,1,3.097863435357154,-0.0017830855986932857,-1783.0855986932856,0.14468870528519578,0.27039929208395824
887,1,0,random,2ef145606d7e994f,9498796c1b28b99f,96,100000000.0,4288,4751891490b9808d77613fa5ffedda31c1635054b42b0092a5653aaabf645be5,1,2.767400305895257,-0.0022388753509794625,-2238.8753509794624,0.11233772464770662,0.22468988158320785
888,3,0,random,cd5bd3b25fe1f7f3,838e96d2ff0dc1dd,96,100000000.0,4288,e7f7e418ecf94f7a2f03c6be258ca3f38a2f5798f023e01474db4f92e516c958,0,-0.00925181852124466,-0.001188198018244733,-1188.198018244733,0.17299167762662065,0.1838300070127178
889,1,0,random,e09f4d6ea20ec0bf,c7f792ac27433f5f,96,100000000.0,4288,e43f110cc80d2972651dc928088cd162ba89c9dbf25bdc11256fcf0043fa4af7,1,2.432086983775399,-0.0028030415011710366,-2803.0415011710365,0.1285733651072448,0.24280686717746156
890,1,2,random,98ee199bd2c8b720,487624f0a605f0bc,96,100000000.0,4288,a89129b776cac07e385c1446b66aaa237d394fd84cc2924fa82da5f3de71e961,0,-1.7391983574289176,0.001770472347807104,1770.472347807104,0.14162704931541803,0.135765351339275
891,1,1,random,e124043fac76b1ac,96589dff860e1916,96,100000000.0,4288,e46d1c6991280a5b2687ef9ad42b2d3cfecbcdbdb719b5d577c5ae793c97feea,2,-2.415453186915456,0.002189514414836043,2189.514414836043,0.10068752798190499,0.2424920897879169
892,3,2,walking_one,0080000000000000,b9e5222a370f1fd5,96,100000000.0,4288,0064f44b75be0ae93902871f2d0731abb46980962865093c0cacfb5e33d50f6e,-2,-2.592491408203884,0.0017737720716086147,1773.7720716086146,0.12033260122646483,0.1869535549770272
893,3,2,walking_zero,ff7fffffffffffff,94867b6f03f37417,96,100000000.0,4288,48b8e33404ec70cc911e1383ae875533d185bb1e9976ada2d7497a179f5cc0b3,-1,-0.04943169135268221,-0.0002839239771108131,-283.9239771108131,0.14475577885608418,0.23745994730183623
894,2,2,repeated_nibble,7777777777777777,1bb1324f99a2785d,96,100000000.0,4288,67e8b8257710e7fa84f7ae98d8f5a4f215638cc78e4066f8b7734c6aeb0f136c,-1,-4.477435953674275,0.0017174735535301598,1717.4735535301597,0.174093081206253,0.11696581648202911
895,0,1,counter,23f28f840567cd6b,07e400a4732ed4af,96,100000000.0,4288,2e2fd6805186e9d6e1a70fba19ffc1ddb8f5a5fc6c68c0887924513d29815047,2,-1.740340983560502,0.0006876684046422065,687.6684046422065,0.1442796625272008,0.25413077797030675
896,3,3,random,7aa0b9c17cf54daf,520d0a7fba5a3a48,96,100000000.0,4288,42a718c777942dd5b29c8b44168c3265d55d6d0cddf7c5a89c9c93b27900d102,4,-0.5865368045514046,0.0004127526367002287,412.75263670022866,0.001150549281548776,0.24223762825139739
897,2,3,random,e70cf2a43835b81f,e392c2751f78d134,96,100000000.0,4288,1b387604975596ae261220668e9e659723ee29d817a0e95d86f3775cd446f464,0,-1.418422696409995,0.0011929822113620858,1192.9822113620858,0.15885392689605446,0.1545022614604692
898,2,3,random,8d442b419cab3b25,5079087201902d6c,96,100000000.0,4288,ea2a1a2360b1a10828adf33a7862a04527f5d780bd2faa508ffdb962454be57e,1,2.250891852604702,-0.0011310069415097614,-1131.0069415097614,0.1478832802674814,0.24304449995099398
899,1,3,random,ddfb06c5c8576718,e23124a645bd9104,96,100000000.0,4288,f2d304461d3bd4b4675e65041535b4cd9f892d53fdc40913d96b3d9bf3755e73,-3,1.6166698575138045,-0.0007926318126437956,-792.6318126437956,0.1327448750989677,0.27330634238311746
900,2,1,random,546988c01dc0b555,b62eb3bf420e81c6,96,100000000.0,4288,ded067e7f0769902c73517815a5ae82c68f1253a89e4de064abeeb5a7d3c83eb,1,-0.8846474867698499,0.0011280972467048336,1128.0972467048337,0.08816639490321505,0.20068525433556458
901,0,2,random,6a05ce56415e35a9,76d8a4b911803cfd,96,100000000.0,4288,8f1e21db4ad5d9c8b95562f5963c140781e6ea0b61117b51e4dee0c4df9fa309,-1,0.08211925595132175,-0.00010382346224787175,-103.82346224787175,0.16806323196411715,0.2527729984982919
902,1,1,random,9e7dd2234fde6b76,687ed983cdbec8a9,96,100000000.0,4288,0f15c9799b0a8538d58b6d44ee67c2f0d4873a1d6a060fb0976538f9d98d1b5e,-2,-0.9407172504885815,0.0006282580091600403,628.2580091600403,0.0739518443113926,0.2195229358324368
903,1,1,random,822cd760e6c354b3,5ad144472fb4aaa9,96,100000000.0,4288,aa6dd30fcebbde81fe686307d169963d205fc717594d47008dd70b32fde24df4,0,0.010598861514379656,0.00020952488300013215,209.52488300013215,0.1404189361256647,0.21792332560029593
904,1,2,random,6307203d4b9f6137,5605fb63d5285ec9,96,100000000.0,4288,d2aff5e4b0b898127629fc1e855c98394334392376327a0808f6313d38d4534a,-3,0.6008073884307152,-0.00034726693195260807,-347.26693195260805,0.0916085083450053,0.1925790363727005
905,3,0,random,2d5d7c6480e5f027,c4b0cc51309c5ca6,96,100000000.0,4288,af3a6cbd6e2043544f3a07d49e4da07195d9b2497e72dbcd842530227e1de510,-1,0.35574621625037517,-0.0009724564612630342,-972.4564612630342,0.14278903040209132,0.1952251441344087
906,0,0,random,e92de2e87b664d80,70b0e7e6e600e27b,96,100000000.0,4288,d9dcafc28b3b9897c71e5fd701fb7026406aa4ef03519bfb9fb98e19cafd4f56,1,1.2964778477514192,-0.001696458118839324,-1696.458118839324,0.12212919710684955,0.23484809765284814
907,1,3,random,4a0d0cef8c733b6a,a4fd13472d2b454e,96,100000000.0,4288,34d4ed243e7a4f7f7608fec92184c1d2cb96c9092593cf3a3962307e50e3a34a,5,0.4809178051679421,-0.0008075178974766348,-807.5178974766347,0.061698745270595,0.24941567545948853
908,2,0,walking_one,0100000000000000,d60db04e2e961e75,96,100000000.0,4288,4c55bae30ace53db14d7e5adff504e45b831cf2989148dc0f2abaa2a0f5dc764,-1,1.420878197915272,-0.0019933683944722775,-1993.3683944722775,0.12323746728530602,0.2595812661369547
909,2,1,walking_zero,feffffffffffffff,ef4d844a10860359,96,100000000.0,4288,9f42db13d28d959e42658ed07688142af84bcfe57d373b1348e8de904f8a5f15,0,1.0055661115735077,-0.0003598510927583714,-359.8510927583714,0.1761869731305788,0.24105347312372646
910,2,2,repeated_nibble,8888888888888888,f5d93fc7e4d0ec0c,96,100000000.0,4288,33607450dcbd0e20e61f6dbe5fabdae7e81252116ea58cf384113b6c49fa75fc,-1,1.0601442419101785,-0.0005982232736365998,-598.2232736365997,0.11543756834513627,0.2169615974552591
911,2,2,counter,076a2b1bfa0f8ebb,c224aa51699f3fb8,96,100000000.0,4288,250c6bd4773a671da0b2ef7c0d04de42052d76864d12993af04663b0f57a9ab5,0,0.8081502545647371,3.7618455153656136e-05,37.618455153656136,0.16715583424940247,0.20580808193809727
912,2,3,random,128a7de6c7204fbe,0b6d4b41a036a80f,96,100000000.0,4288,29452e592e0b8c4b3546e52f303f8256d5fee781394b49e6637bda631f8515c4,1,2.116823368668506,-0.0005660268922325667,-566.0268922325666,0.14029445178464353,0.23790314214382877
913,3,1,random,b877465e11221b74,025ec19047629179,96,100000000.0,4288,0e1f38383ce1704d2e437458a6150f92057780c48a3a6f17bb23f7039184cd76,0,-0.7747237143884325,0.0003854246998852037,385.4246998852037,0.14231520137324746,0.22403487604690278
914,1,1,random,c3e915ceda3e03c7,caaf95f41fdd96a5,96,100000000.0,4288,d96f55caffcbcfa1e6ef3dd2aea7bcc65c3a66ace99a96a780b11016b3cb08dc,1,-0.6367174986980152,0.0007865746376735854,786.5746376735855,0.1482256864433825,0.23973292711221963
915,3,0,random,7c263078a2160543,64f170584c8faa3d,96,100000000.0,4288,9cd3a4f9e0ddd2fe95eac14ad47756e69191d24ef354ba5f49d69903ca963cb9,-2,-0.05704670985847248,-0.0011449402444178066,-1144.9402444178065,0.11710681647396563,0.15811417507921213
916,3,1,random,66321f6eb02e9b00,51160b640fc567d8,96,100000000.0,4288,24436e528ecc8860ad063eea5d50f76c4009d3fb8051e6569b35ccf452247f02,2,2.827097503146761,-0.0004947291344348752,-494.72913443487516,0.08166493697345012,0.12991334808015956
917,2,0,random,543b9d12e3b6a32d,28b2805fe2f43b26,96,100000000.0,4288,36b510fabad8d67d86fb917c760be666f7584473bce8e3a749d2a05c7844011c,2,0.7460411727455278,-0.0007044737200538964,-704.4737200538965,0.113105607189665,0.0957402193136794
918,3,3,random,9c0a1ae61918010c,201f9ff9710b59be,96,100000000.0,4288,30f5073f659388f444632d1de15c767a737675439250f446bfd93d307a4c32f5,6,0.9603239306248703,-0.0009258272060643607,-925.8272060643607,0.01921379747124883,0.2587468393390893
919,1,2,random,244773097f9443f1,8e6f75bd30d5f6ca,96,100000000.0,4288,e40c5d71d2e156310f9939a541e90ea57f13315687186a74b26ef3f1f66309f2,-2,0.9731394114140784,-6.48929922565398e-05,-64.89299225653981,0.08647357611586805,0.08137382369041177
920,3,0,random,4c95844d21b6850e,74c97d097718c4db,96,100000000.0,4288,7ddd010078d6d43c7f54f01902020593627e2358008f9f32d24d3db43b63e75b,-2,1.4231011736600152,-0.0023927611139416233,-2392.761113941623,0.06668707997146621,0.22618781919668465
921,3,1,random,0c9b0557c3a51964,671409ffbf3fd679,96,100000000.0,4288,8c62a699e052ffe5121c89368231bacc5405437d918b05b5d775f0ac48897eab,0,1.7750526704262357,-0.00027045386152341373,-270.4538615234137,0.17032630087290818,0.23522128643294454
922,3,1,random,8b7b7f13db952570,c3901321c21793da,96,100000000.0,4288,15ca599032c97666942a3eb8a3bc960de1c048e7d8a73dd7167b6257baca000e,1,-1.3159352176396875,0.0012228916485112222,1222.8916485112222,0.105301085755017,0.22226951229762457
923,1,2,random,0fdd49da5f6111bc,013548fb0359d066,96,100000000.0,4288,81bfe4598ab515436c50cfeaa874681d8aadd78192a06cdef1f603ab2281eab6,1,0.6308655800413973,-0.00047229453178796024,-472.29453178796024,0.13983955199821704,0.20536833930592752
924,3,2,walking_one,0200000000000000,61eae16b9af05c58,96,100000000.0,4288,24c76a88f4807042d280d9cb2313c6fd3d7fda8863be0a35c2c8c5b3d81457b2,-4,-2.2737992696861906,0.000948257470581532,948.257470581532,0.04290993456321492,0.1338653461879714
925,2,3,walking_zero,fdffffffffffffff,467322f0e0cfb324,96,100000000.0,4288,ccce60196549b0266070ef6a60b3703eb5b0c00ffe76d9d8bd83765e0b986159,-1,-0.6705887250636692,-6.50652264232183e-05,-65.06522642321829,0.15700620543332716,0.15331700998437642
926,3,2,repeated_nibble,9999999999999999,a142ae1fbcc1e7b2,96,100000000.0,4288,72001e171856bd0e6e0c5c90c59dc87d699a3acac5d14a1e7af12e4e6f824a88,2,-0.5998796976450654,0.0002254447510105432,225.4447510105432,0.1203689288291609,0.2100985837166101
927,1,2,counter,eae1c6b3eeb7500b,2e9b14f204330fe4,96,100000000.0,4288,aa7af21373b2c32d9a30abd6d6cce840560c2d5d22b1301e497b72c37d24be3f,-3,0.8478098368257388,-0.0009336262410779516,-933.6262410779516,0.09319022372305248,0.201907452099603
928,3,2,random,f8797993f6f7b2cf,17283682d44d7012,96,100000000.0,4288,6d8c73b5c8b52c47e457bc92b965f77f312db91731e45a2e914c2ebc4aa25d73,-2,-1.6029384005673548,0.0017808334360162538,1780.8334360162537,0.0697531315090004,0.09250589110785086
929,2,1,random,e22a39cfc095711e,40d246fc46663e61,96,100000000.0,4288,6d009803a81b4b63d2428d6d08fdad3ae08748bb729fd2c9b5731bf8f5805673,-5,-0.4065307892970305,0.0003343263509978707,334.3263509978707,0.05019124402028539,0.23564490078255146
930,3,2,random,220df7417b2a9efa,aa00bfcb9df859d8,96,100000000.0,4288,719b43996e605ed731c954fe5864c6438addc6f37fe799b04da24d5c70ca8eb8,1,-0.924789750309249,0.00013868355510474604,138.68355510474603,0.1483322707867921,0.20687178713782844
931,1,1,random,86664347144178c2,2dc4eb4911598bc8,96,100000000.0,4288,bb552d923db3cfa49dffe4d6d7b3d282e29ffb1eb8095ddeb4e60b51dd4fc083,0,-0.459774659719008,0.0009445137733877381,944.5137733877381,0.12251723394393055,0.21083392218286606
932,0,0,random,c2e035668cb0b181,f758b2d234946d3c,96,100000000.0,4288,fdd8d6a8d6c4d4006a5b962de86aad59f185776fd7ca627c58f5f145744d4d78,-2,0.35987074646351846,-0.0013146242920380287,-1314.6242920380287,0.09233702092880015,0.10049593226051533
933,2,1,random,6cb9661c7c3033d0,ec4a746f43974acb,96,100000000.0,4288,8f441ff67077f5e3b767eecb877d849f3dfc3411b56e28c51eb1e6d4408a2285,2,-2.890217244557478,0.001784968726323181,1784.9687263231808,0.08180562050436975,0.2079385554187687
934,1,2,random,e331708b82d0f543,28fba0d8b449f86f,96,100000000.0,4288,9c4954973cc60e880c883e93860c4d59d56f4f98cd6106fe558e47f8df84def9,0,0.6179775529692002,-3.199543226121496e-05,-31.99543226121496,0.14378282500173842,0.24916303241617385
935,2,1,random,5ab00c21f7f95b7c,bf6c4312e91b07a7,96,100000000.0,4288,83d1dcddcc1f9b9cd57836a28f7105906e9f1439577328173405b629ef3e7e33,2,-3.046123502221686,0.001967883046876742,1967.8830468767421,0.1018322589802578,0.2516586444182409
936,3,2,random,3f52c9064d8b7774,63246054e20837e8,96,100000000.0,4288,2524854f25b6cb867885c75fe7915416464867ee2c198e5db14bad9f7beb4591,0,-0.23893795097122936,0.0001310729637089514,131.07296370895142,0.16249800158321456,0.20943971130540326
937,2,2,random,f9741328ea9f8f78,c3dea04b4fb30e39,96,100000000.0,4288,61f2f4e9fadc4be892404c55642cb9a59a63aaa714e582c787924992f10775d2,0,0.7013681081949701,-0.0006517444084087196,-651.7444084087196,0.16058508051546236,0.23047293768919364
938,2,2,random,31df21fdd7885c83,2222205145009dcf,96,100000000.0,4288,e7ee3371621c1a074b16b5d3043d1523012fca758e9cbfd8c38aabdf830475d6,-2,0.561830206853201,-4.8699855329330104e-05,-48.699855329330106,0.11140348448500069,0.18246121078800043
939,1,2,random,cf4b13c57e5e5b72,2c902485a474b9e6,96,100000000.0,4288,88b4c6d011bbf500dacfd465cb19c04830f25284afcb4ed14d82095b1280af7d,-3,0.8770380673490559,-0.0008026229076361553,-802.6229076361552,0.07268040115509654,0.23804120823949043
940,2,3,walking_one,0400000000000000,890d820cb0b7f439,96,100000000.0,4288,d0d38f23e94608e433df9d6b908fd3ad10ebfc5c6ded772a47e66839a1a7d1af,0,0.5984184384940109,-0.00017838336157380315,-178.38336157380314,0.14212124540991147,0.20739808067906598
941,3,2,walking_zero,fbffffffffffffff,ec6b763e5a1aa109,96,100000000.0,4288,31cdb047e87bac5545a8c3190b6b8a731a293db497292a1298b29ddc926bf9e9,-1,-0.32730446435467797,0.0002150358133767537,215.0358133767537,0.1708019599487419,0.25755611952816293
942,2,3,repeated_nibble,aaaaaaaaaaaaaaaa,e84bee555df9d753,96,100000000.0,4288,ee906603ec602c73322cbcf0587598dc1b122d512a6085be5fa4de6d916d4dd4,3,-2.0878995112025596,0.0016922494414733766,1692.2494414733765,0.053544876912614184,0.12182225041595274
943,1,0,counter,ce59624be35f115b,5e6974732b5d97f9,96,100000000.0,4288,a622f38c1125c40932f20666d1180ad933684935cc47a6a28a162605dbf242c8,-2,1.3608778341558874,-0.0017185041363303704,-1718.5041363303703,0.08984630490112754,0.21518974568826596
944,0,0,random,57e3719d2e58a422,6610bceee2d11399,96,100000000.0,4288,9e5f5b8e65dc3bbf608bfe85cecc146e510e5693907b304aae6938a082d249ee,0,0.17700695800674568,-0.0014181737263059555,-1418.1737263059556,0.11465191657064577,0.10870339927919255
945,1,1,random,db5f2d187a9a1d8b,482aa9442c889b5f,96,100000000.0,4288,297e41ebe78743a5d879f6f21f42f5f98c46a327e6eddc2e035f8e00b20db7bb,3,-2.0552024794258097,0.001789090731585445,1789.090731585445,0.06320918625586933,0.2469546083230039
946,2,1,random,59e24882bbabedfa,ec9b5ea258fd1864,96,100000000.0,4288,4c6a131f44d24b0a803512358306e1ac22d0e69ee613f6ccf5bf579c7b8b2073,-5,-0.0862995255568793,0.0001976092048662614,197.6092048662614,0.05765722364533609,0.2615374117346848
947,0,2,random,11ff507c43e72e21,b0be6d5eab1e2cb3,96,100000000.0,4288,94f55277e53852d10e2571cffb0f76c1e26eb8a015cb01a35b6688847c560279,0,1.0359280648755669,-0.00032894397116213226,-328.94397116213224,0.15264361839634483,0.198053056549917
948,3,0,random,a333e52e18363784,395e1931ff2ba8a2,96,100000000.0,4288,6bf1cfb7279626df94c91c92f7fabf566a481ec6c29feaf54fc657f1985d8a98,0,1.0691479677231408,-0.002115090618357789,-2115.090618357789,0.11154130667651752,0.25870616624769366
949,2,3,random,beefd5ff27092273,e3538acd3bf62137,96,100000000.0,4288,ebc2069425e7149578d11b82c608b3559563381701b8575f20c5a9a61ce842ae,1,0.7401692450703804,-1.2630901274930724e-05,-12.630901274930723,0.11319084528771857,0.17545522455318582
950,0,0,random,0f0919909235f8f0,4dbaed9413050bd3,96,100000000.0,4288,c5b00a8f53e6a1f5b44f3721a71eece69de7514351a67c15520ad3ebf6559ccd,-8,8.0,-0.0037313432835820895,-3731.3432835820895,0.09687496722684909,0.17869899872054232
951,1,3,random,8d942c8b55cf0f36,ed9053a53dcb214a,96,100000000.0,4288,a8705c0fc3908775c0a48d4547888a0d204ed8b025abd280426bb301e6143fbe,-1,0.7273462836173213,-0.0002719038576373951,-271.9038576373951,0.1635105506054763,0.24823586338521028
952,1,2,random,0284ad0cae1a23ae,0af3bb343779ff46,96,100000000.0,4288,c7b3959ccd399c46bbc5e7c71f59798ca5d2f2d558edfa76ea5ea008bd7f672b,3,-0.2884138066588878,5.4305296233817386e-05,54.30529623381739,0.08077515735055407,0.18880009115783206
953,2,0,random,f54ce5a35e0084c5,c3d3dbf877540b88,96,100000000.0,4288,891159c2d9c75702fd1c0dcd210ee2b74e8b316c2f186ca9a240a98c137a7da0,1,0.6224120151285645,-0.0026735118114518245,-2673.5118114518245,0.11264387600375897,0.2539116447038979
954,3,0,random,c97eb8799813f425,a403eb946c5d034f,96,100000000.0,4288,db8d57b312d7e2bab451293bffc00202f974bd268726d0cc4a8f95d9f4cd4e4f,-9,5.026534065206842,-0.0006938550035633619,-693.855003563362,0.08973948498164946,0.03205815289468357
955,1,1,random,005e455716cfbd15,68dbc001880239f8,96,100000000.0,4288,5b58478f56dda2f5c99ab8945f1fa5c9a58986c35e7f40dfece80df3923b74b0,3,-1.8919620336322098,0.0009466916484356316,946.6916484356316,0.09354928734330602,0.21633384489945462
956,2,2,walking_one,0800000000000000,28da95ba0931922f,96,100000000.0,4288,6c417088d961cb8002ea5ab60328157729f9c23858b8182371ede62013851d10,0,-0.16460862167500653,0.00018608622866126984,186.08622866126984,0.18007278867215668,0.2420239034486543
957,2,0,walking_zero,f7ffffffffffffff,3f37720a17ef3e92,96,100000000.0,4288,9053b00912f19d86c489dc5c003503abbcb970271873953259e0e0ea0464c73f,2,1.2504128741052072,-0.0022199137658184933,-2219.913765818493,0.11018495962824294,0.24115521801897033
958,0,0,repeated_nibble,bbbbbbbbbbbbbbbb,689f41c7822da460,96,100000000.0,4288,41d9157673ef778d453f3be5d50bd3e5853a5595186631bd1fcc37417ed13583,0,1.5758609051938026,-0.002424058359624708,-2424.058359624708,0.13009288780118514,0.2739413965209534
959,1,0,counter,b1d0fde3d806d2ab,d95ede52b0414d2b,96,100000000.0,4288,6e261502c77ee3646ec848c4c35ec27ed21ba25d2253856c95cd786cae3b8d7c,1,1.150730609213776,-0.0018278305000099086,-1827.8305000099085,0.13183309938519316,0.2217706308974659
960,1,0,random,4fd7aaf71dc54dbe,66a039050079bd3b,96,100000000.0,4288,0431542988c984e0c23eda3bbb0c0b7822dc173e3c73426fa05a86716ffe025c,1,2.0757267375864803,-0.0025033149523431297,-2503.31495234313,0.12993870674203414,0.2723748268285268
961,3,0,random,6d7999515e91ae65,33eb21de0a893a1f,96,100000000.0,4288,e738e6474e50b2abce97fb0de4aaf809c2e620abfee5751219fce6b591f619a9,-3,1.2828858680097956,-0.0017737437526871192,-1773.7437526871192,0.10259911649808573,0.1616068126717389
962,3,3,random,a9dc56a65faf43e8,cd4c8e18a94b212b,96,100000000.0,4288,39d8f39c46e475d2bb224c71a3aec3ad85152de2c37d017fb2f4013da0c603b3,0,1.206709056842428,-0.0009961075708267149,-996.1075708267149,0.1666937603953651,0.2406688064823579
963,0,1,random,4bdfcd81743a5c13,2d0ac8050c059b17,96,100000000.0,4288,5d2ea27e6cec89b42c00b3c53d934de2f6567c24c02b6b2d6a9e314acc9fcce9,-2,4.356713700955679,-0.0011981963205467822,-1198.196320546782,0.109728452481545,0.1078204355613386
964,0,0,random,930d5a577938540d,7d56d909193f76df,96,100000000.0,4288,8742d508c92f903721bb57112209277343f74397f0e205671796e9a071072972,1,1.8047326996656188,-0.002655921937894193,-2655.921937894193,0.11991880792371816,0.2606047724571455
965,1,1,random,8734adf099354f76,5a803ac9474c907c,96,100000000.0,4288,ba7f5ed85ec094269dd6226422cbc7ad15ac04a46b6ba6bed51ae744704e256c,3,-2.8838467227623834,0.001640452010753366,1640.452010753366,0.08658203265331955,0.24436257294020083
966,2,3,random,846e8f58d2a7f1af,a5bb03b9ca30efb9,96,100000000.0,4288,bed0fc24ca1dfbffc37bda10a1edc139570b84284c7bd12eb2945b02b339e50c,-1,1.1410559645462324,-0.0007310564363077679,-731.056436307768,0.14226363298779557,0.2207408614810405
967,1,0,random,4ec81aedc661687d,0b8220c59637f382,96,100000000.0,4288,034c07fd574cb21a237f637d97bbe812bb6f204d57bcf7d78bab21bdf6732e9d,-3,0.2469549354798548,-0.0010766724170176109,-1076.6724170176108,0.06594505772835056,0.10660219380456742
968,3,3,random,78edf8fbc5b2c3ba,2d5a9bbbb8f7a27e,96,100000000.0,4288,493c59094f55f782fb2d04789c6b227c3213671ebae86e072c47f391a4c6269c,5,1.5065105359983095,-0.0007122079140347162,-712.2079140347162,0.039022380799706366,0.254475631851144
969,2,2,random,d2c24d2a0f6c57a2,e67b064f732ec810,96,100000000.0,4288,60b6767817810718a7b6e83414a61e372831dc121ad17499e318a533eb9cb0fe,-1,1.4153862792289342,-0.000960168668939245,-960.168668939245,0.12195275190587604,0.18405134807729778
970,2,1,random,d711b24e443076e1,97516f22ecff33c6,96,100000000.0,4288,1641d9920baf81adede22e524420427d6930009348822d5813d1b8d611aa24e3,-2,5.744770608732422,-0.0018410461021720116,-1841.0461021720116,0.09782600585819684,0.08016767628571535
971,1,3,random,5b61fe6b71d75d64,4e277aaa6c115e3c,96,100000000.0,4288,bfe8c734c5deef5fc77a2d491b355acc4ca478b4bc8bf8a2e93348431673e45b,4,1.2219213174537307,-0.00010381915051184184,-103.81915051184184,0.020869356096387324,0.22227374533566133
972,2,2,walking_one,1000000000000000,1bf273a748c2f5de,96,100000000.0,4288,3be17c57bd2a45c73073ec484c0717b1790fd836af17017c2bb7396b76d5edcc,-2,0.4223826283752932,-0.00044876037157747255,-448.76037157747254,0.10987353987991295,0.22137196898147643
973,2,0,walking_zero,efffffffffffffff,52f57d53f85d7c3d,96,100000000.0,4288,d0f3ff58a337c97f54d7822132fe893d7bebdfe29cefe77095c9a2bf9e52e1f6,-2,0.7807314923637578,-0.002340488053947135,-2340.488053947135,0.1019818416495491,0.2679781221546849
974,1,0,repeated_nibble,cccccccccccccccc,bcb68147b064fd0c,96,100000000.0,4288,e4159b91fed09a6908e81fa96163d3b4d2d8dd2fea4c5f13128eccd322be50d0,4,0.7805819227897166,-0.0011379878308598757,-1137.9878308598757,0.07661448562582088,0.16308120663072145
975,3,2,counter,9548997bccae93fb,0c09393df32fc70a,96,100000000.0,4288,b8ccbb954386e78a9fd4db6355e0b3a5f8de40a0cf848593a1ef326cfe71dca9,-3,2.287934999179831,-0.0009725652010506717,-972.5652010506717,0.1235687228927484,0.20378937059892557
976,2,0,random,885fa034e1df7814,5e8530702f9e3b02,96,100000000.0,4288,af8eee30566bed17b298ea2b5945205dfd4519dcfd5558a4d9b229abaf625137,-3,1.3958846429687646,-0.0025044074766498343,-2504.4074766498343,0.06194066896190656,0.21656604759675838
977,3,1,random,fae6a24ed3564cd9,c2cad38173a8a263,96,100000000.0,4288,1d8817e37e42dbf3f37ce46f4f1580411293c43c2e5be6b4783a753323a068aa,0,0.5833229730300333,-0.0015173456879993988,-1517.3456879993987,0.13141152378859097,0.07766985334484476
978,1,1,random,74367d1f74940fcc,092f4bcabf5e5cdc,96,100000000.0,4288,aacf1a678d101af43a053225c0bb119b22828d7b878cf6be079d826d4af15bd7,-1,-1.5998601032157334,0.000690328355267769,690.328355267769,0.1400082031865033,0.22726020141420375
979,3,1,random,1e3b531f8a28bb6f,aedb924017348c61,96,100000000.0,4288,5d14df7b1c52a0442a81b90c53d39fa56f2b6f537e0fe3a2e129c6754093334a,1,-1.7528300589648447,0.0008349012954439461,834.9012954439461,0.19803842244853626,0.27711792888123554
980,2,3,random,bc7234db8a0296e4,46c95bc1ae58051c,96,100000000.0,4288,41adaaeca57e3c47dfaa3ae0e4fc8621eae8cdd85193003ccc8aa798d20fec75,-1,1.978876469577334,-0.0011839672910384357,-1183.9672910384356,0.15147842388298577,0.2368563323357684
981,1,3,random,a8d408774cebf2c5,042d5bde4fe03138,96,100000000.0,4288,477a9fbba08e38e499b797fbf5e3a9c0e8f7790dca2b0160ad4af7ee056d56be,3,-0.3592907039951754,0.00010808187779645869,108.08187779645868,0.10305051840120312,0.24537230653374864
982,3,1,random,2cecc0e9b50705b5,17a6fb1b4d677cbe,96,100000000.0,4288,de3708f6d4a720a2dcabfcfbfa22ef94977418ece46016bf888d575a7d0698bd,1,-0.4588273766701459,0.0007913188118885175,791.3188118885175,0.14873169720158855,0.25181225316425526
983,3,0,random,4d5d087c8e2b7ef6,b11bd4f7bcb142fc,96,100000000.0,4288,42334832482e9f8a63af88181a9cd4eff8c003320017987a412ef3715678da17,-1,1.3579249174170278,-0.0018244315311124464,-1824.4315311124465,0.1188138472181524,0.15297944924530563
984,1,3,random,9dea0b1c61126894,761c4860620f22e2,96,100000000.0,4288,2f2aecf709bd672993649ab245be144f44724a5bbf9f32469c6d327ed2bc928b,-2,2.1032288519536793,-0.0015868004284671422,-1586.8004284671422,0.15601517063402798,0.28139929606940833
985,0,0,random,733cd3eb2cec1a04,4de04d2d0f18cf8a,96,100000000.0,4288,7c1c835c9ea62fdb88186c550e838433be7b2022b1101cca0f5c9a345406f8b3,-2,-4.402320091630368,0.002203334698752621,2203.3346987526206,0.13134049431772657,0.10177333184022389
986,1,2,random,769bcaef92a0ded7,9cbcf54f14c19c9b,96,100000000.0,4288,ca7e09605500918c75d3906bc48d67c10f6aceffef59dfc9981dc6972e958bb6,-1,-2.514016645796164,0.002025978486030588,2025.978486030588,0.12171674622469975,0.15410387854737634
987,1,1,random,eda800cc101e40e3,603292077f7990fc,96,100000000.0,4288,6d46a9d10163d85e9d89a41352e923cb7e6eb70e598ae22e31227725335d4506,2,-1.407628254354294,0.0004934266323871146,493.42663238711464,0.13218326879542008,0.22555577307217517
988,3,0,walking_one,2000000000000000,ce53f2b7746a975b,96,100000000.0,4288,5a0bc051e5fa8da921e25864204df7164c6d25afff902454fec6d0ab3798d5cf,-1,3.1551907822043646,-0.003549098737163793,-3549.0987371637934,0.09912453467624018,0.24163035527259685
989,1,1,walking_zero,dfffffffffffffff,d2eb10849566fde0,96,100000000.0,4288,cce4dd33cc02491d631686fc3f645af7d66f926e37726434bdc5099eddfd5040,-3,1.0580855871924553,-0.000610493010026903,-610.493010026903,0.1088103113668432,0.274157916807345
990,0,2,repeated_nibble,dddddddddddddddd,80011769ce5116c8,96,100000000.0,4288,f29101bae73e22f646a9517daa583fb7ccfe5c1ec5422714bc598b136e39cc27,3,0.5206314443938724,-0.0003099222661267275,-309.9222661267275,0.06493812472189547,0.1696028683652257
991,1,1,counter,78c03513c156554b,81545146ab58dc54,96,100000000.0,4288,24a6d369d72af149ee03c42142d052baaa43f83afe19b210a0e4cdd4f184e33f,3,-1.16420213294112,0.00039232269721437853,392.32269721437854,0.06894385942246083,0.1582091221165414
992,2,0,random,88cbe0f0edc5e3f3,fe44935baaad1420,96,100000000.0,4288,fc14f2d978275a46fa1432969120295d9ef7b44efa6774f20c91a8a817864032,1,0.8528399635813824,-0.0012036157485382434,-1203.6157485382435,0.1327365411824571,0.13975458061415424
993,2,0,random,038e3b1843da4421,63dc02740c3f4003,96,100000000.0,4288,a2e8451afd1bda2f63c87a91b3c1208f5d29e5b264801bc20ea76a03ac874248,-3,2.2726291685176787,-0.0021841592379112486,-2184.1592379112485,0.06102117663280115,0.09302583732646635
994,1,0,random,afc55c885af8d4c2,0236fd59fec8e15b,96,100000000.0,4288,40bd960af78b69f9fa24e697d63155980e7792db93db8d7561281c3c3c6159d9,0,-0.1507513369595146,-0.001106487176245107,-1106.487176245107,0.08224336784381303,0.0702264346668609
995,0,1,random,d61c55adfd20cb64,cafda078c75b190e,96,100000000.0,4288,aa28a7ae6fae99e2231f77a5246d8473ca1978493184e76052f65f00603fc1be,-3,0.0990773809653505,-0.00044541614534470634,-445.41614534470636,0.0970956553215662,0.14672848159045698
996,0,3,random,53ac007c89a2bf80,1945b0176387704d,96,100000000.0,4288,20a0f6c19e103e1e43254ac4df62dd205296c1b67f33f9755711609b90363715,2,0.8023339120423074,-0.00024035786811469,-240.35786811469,0.08605057478751187,0.22093046186317533
997,0,2,random,e3d8cdacbfe01299,ac4d047d70bd648d,96,100000000.0,4288,826a2e2b2e328a7d590a246c6477b4ff40280606ee60b3cf33dca0819481dcde,0,-0.4266562953225636,0.0007303979634553609,730.3979634553609,0.14922966371420074,0.22118272585197338
998,1,3,random,5c9ff412acea31cb,68742ca6f4eb1098,96,100000000.0,4288,447b620cf131ccb46a9ffe512fc9912591b3012924b14d6add893a52bf6815f9,1,-0.7137461275801866,0.0004990954754727925,499.0954754727925,0.15675343478131112,0.23321123953444045
999,1,0,random,6a73b3705ca03d68,94ea8697e0d492a8,96,100000000.0,4288,6cd94a592a121a531d317bef51abd0fa6826fba26a7e581b425ec1fea15c140b,-1,2.5928778560171635,-0.002671118159146094,-2671.118159146094,0.08871505468260586,0.1943601735159347
1000,3,2,random,8ebf5cf36b4d0d1b,d30188273292cc6d,96,100000000.0,4288,e24d7553903a779a1cb434e56e3a43b42a2fa1cd78db125cac19a779348d8eba,3,-0.4851816281155185,0.0003282351341480413,328.2351341480413,0.06766550820425145,0.18716735461384842
1001,1,0,random,1d62d2ae550e1a4f,775fd6374f6e3d08,96,100000000.0,4288,dfec9b334bf1848053dae6720fe9fb732b92d8c4f41c1253712952b08ca1c06b,0,0.684753745452729,-0.0009904550607155252,-990.4550607155252,0.13458249359792238,0.1908297763366381
1002,3,1,random,777946547c7c2ac4,74e209f780e6654e,96,100000000.0,4288,548e584631e64b36ae348f0f371fb2680b4474f6c577cc0249180757bad9c8a1,-1,-1.9785735782888754,0.0014105932911843834,1410.5932911843834,0.11496415368463926,0.22024699693304486
1003,3,2,random,54ee3a5144ce121d,cbff76626d78bbd0,96,100000000.0,4288,41658c366d2462f5129814a4602cb99e878c5eb66ac4a1f8e452d686920d795b,-2,-1.2193709098271899,0.0004160150348163408,416.0150348163408,0.11741668472938367,0.21365423833548067
1004,0,1,walking_one,4000000000000000,512932ad083f77c1,96,100000000.0,4288,ee46131ad695bcc7fd3257ba34477eed6069787a348f3575b043507ddd24bfcd,0,4.6397742180821835,-0.002792295715477238,-2792.295715477238,0.12993225026378444,0.06519649498177679
1005,1,2,walking_zero,bfffffffffffffff,8cc2325f31e9e4e8,96,100000000.0,4288,f9f53b308153d0b6f0808225e0ba0a2610466fa8eaa42daded4626f0b8584902,0,2.0629802158759807,-0.0008372353818672847,-837.2353818672848,0.11345202220442815,0.18561845215314213
1006,3,3,repeated_nibble,eeeeeeeeeeeeeeee,103834b94ecb0796,96,100000000.0,4288,d341a37f5887f1ea52d38d753ea40bf4e4e997ebdfa6e16f3ded8f158deb10fa,2,1.259364762569299,-0.001190088522720666,-1190.0885227206659,0.13778972348309826,0.24904218274575982
1007,3,3,counter,5c37d0abb5fe169b,f8f3d789b8d782b1,96,100000000.0,4288,011abe1203123a6fc202e99b5875ff01eab01f298b6122ea28eff95ea118cdf0,1,0.14614303371451118,0.0007959029863121738,795.9029863121738,0.1244750137678542,0.14177210918392907
1008,0,2,random,f3dbf03fc85be06e,9108b6a0fd2270e3,96,100000000.0,4288,ad7b042704c6de0647cb5a6d5249fac712d3a58d325647548232ad457c53ada2,0,0.39583799933915664,-0.00018469378988157444,-184.69378988157445,0.1394412700718121,0.19275215915336202
1009,3,0,random,53f6bd70efb47b34,d6387639176b8cea,96,100000000.0,4288,da6c974f9eeea66b091f6fa2633aa1522aef59b893a1ed59e906aa0a985f135c,-1,-0.8413651657927371,-0.001030389564518554,-1030.389564518554,0.12314435501874448,0.15041743283495645
1010,2,1,random,3ae600aadda8a97d,8804d43f6c6b1c09,96,100000000.0,4288,02840cdc831b9e9ec4a7279b69c6fd1a70351c5af91bd41bf1d3d765f6591d77,-4,0.9715691089464827,-0.00036791446128130986,-367.91446128130985,0.06868145144370288,0.24693537182954609
1011,3,0,random,4f47bf72c7171460,8bc22c1a2339154e,96,100000000.0,4288,253294b5b0c6f1390bc01a99829fba4ac15abd91fa22fcb788023fe8d9fb2eb4,0,-0.7051431150537749,-0.0005247394563722838,-524.7394563722838,0.1504506378323695,0.1255642138535437
1012,3,1,random,8db497eefd889e61,a2f5a82f61712508,96,100000000.0,4288,167b8d822028bf64343a6e621199181839cb33a26baeece9c127c6a650ca2770,-2,0.2123402895565871,8.739264538557934e-05,87.39264538557934,0.10210407927872846,0.20731530095331924
1013,2,3,random,ceaeb79071cdc55b,30a234ad45da3321,96,100000000.0,4288,4413edf21cfc92a632fe0774777cf3f897997625ef691ac07c275345f0b068e2,0,1.0969434669509652,-0.0004800893453474616,-480.08934534746163,0.19259248176845017,0.273837373498004
1014,1,2,random,19ff31db540a179d,777c8b14f18a6637,96,100000000.0,4288,fee4e36364024285cb6f2f21fdbd707ae5e5603d27bf14b5c1b5211e42c20d60,-2,0.3109274950854453,-0.0003548884397664817,-354.88843976648167,0.1201053706244979,0.2489544694789249
1015,2,0,random,846613ecba620012,cab4e0ed2874db1e,96,100000000.0,4288,656c324140febbf191322c8e8f9502fefb41208e3a990415526fa60e69c20a23,0,2.5305935375819995,-0.0033657462491178823,-3365.746249117882,0.08830168469901638,0.24900985721182944
1016,1,3,random,81a5a8416da6a031,2a8c319d26ed38de,96,100000000.0,4288,77e1f3037b6dd909ddd98881f069b1113394077e38fe6c91445ab3ddf65d8407,5,-1.0019789121400278,0.00141900142873881,1419.0014287388099,0.012140487648098693,0.08820515959421445
1017,3,1,random,7c0cec0494139973,67dd55769263d62f,96,100000000.0,4288,0f85f7548f00d52c32686872e1db8f29d12c5c4b8ce6bd1c02904f75ac292797,2,-0.8171140325780873,0.00027855973980172005,278.55973980172007,0.14153439403609408,0.2511612203236099
1018,3,2,random,a10fd847420383e9,6ebe61d74a64fe3e,96,100000000.0,4288,90a660bda46e7b1f042580361ec0cf594eacfd31d22bb4872a88f88cef1efb1b,0,1.3210434529036903,-0.0011480877613703993,-1148.0877613703994,0.14965266754306755,0.20024691477559925
1019,2,2,random,21a794885157fa69,479053a123a0fde1,96,100000000.0,4288,c85be6de60e4e1d34bb72c8b5aaa706652f7d99437bb45d1e88b3b7aea43da08,-2,3.017926086994858,-0.0014583725751496947,-1458.3725751496947,0.08822992290719897,0.1378911027484584
1020,1,1,walking_one,8000000000000000,257fd56da296b607,96,100000000.0,4288,44e49397d6e7332c63392e44455bb52e881b209995180da3fe3003d55eaebb9c,0,-1.9150207191719129,0.0009157527371815817,915.7527371815817,0.15099020211920755,0.23110708784038203
1021,3,2,walking_zero,7fffffffffffffff,2eb2b15480927c3d,96,100000000.0,4288,e2e97e4c0b871d55abac8c89b4133b820bde4dc70421ebe29611db17144969d3,-1,-5.422317224965103,0.0014948808649050216,1494.8808649050216,0.11343187839216973,0.08225881667514938
1022,3,3,repeated_nibble,ffffffffffffffff,955d1beaef010947,96,100000000.0,4288,ee4dc442ef71a6ffc03059657bae06c6b611992468f154e145b73c94abcd88e6,4,0.15004669144312316,0.0008940222336583115,894.0222336583115,0.029215392663476412,0.12699789970417738
1023,0,2,counter,3faf6c43aaa5d7eb,3f97e325ba5ff2e3,96,100000000.0,4288,4cfcee4072daef0f525e22335fa074c403db1d6a4cb7ca91e8144ba5ae9fec88,-2,-0.5892186213033739,-0.00029411321502107607,-294.1132150210761,0.11215039625466738,0.22321375122429335
