pipeline,key_id,K32_0_guess,K32_5_guess,joint_guess_hex,joint_sei
random_raw,0,0,0,00,0.0049638018672919434
random_raw,0,0,1,01,0.0030106768672919434
random_raw,0,0,2,02,0.0028970601775412507
random_raw,0,0,3,03,0.0034543229891755996
random_raw,0,0,4,04,0.003172986424078647
random_raw,0,0,5,05,0.0035138364933307246
random_raw,0,0,6,06,0.0038763278368210293
random_raw,0,0,7,07,0.0032595515210315554
random_raw,0,0,8,08,0.003048549097208841
random_raw,0,0,9,09,0.0034110404406991457
random_raw,0,0,10,0a,0.003243320565352885
random_raw,0,0,11,0b,0.003264961839591112
random_raw,0,0,12,0c,0.0028700085847434666
random_raw,0,0,13,0d,0.0025129275598127186
random_raw,0,0,14,0e,0.003248730883912442
random_raw,0,0,15,0f,0.003670735731557871
random_raw,0,1,0,10,0.004090420524212409
random_raw,0,1,1,11,0.0021372955242124087
random_raw,0,1,2,12,0.002023678834461716
random_raw,0,1,3,13,0.002580941646096065
random_raw,0,1,4,14,0.002299605080999112
random_raw,0,1,5,15,0.00264045515025119
random_raw,0,1,6,16,0.0030029464937414946
random_raw,0,1,7,17,0.0023861701779520207
random_raw,0,1,8,18,0.0021751677541293063
random_raw,0,1,9,19,0.002537659097619611
random_raw,0,1,10,1a,0.00236993922227335
random_raw,0,1,11,1b,0.0023915804965115774
random_raw,0,1,12,1c,0.001996627241663932
random_raw,0,1,13,1d,0.0016395462167331839
random_raw,0,1,14,1e,0.0023753495408329072
random_raw,0,1,15,1f,0.0027973543884783365
random_raw,0,2,0,20,0.004570386847886748
random_raw,0,2,1,21,0.002617261847886748
random_raw,0,2,2,22,0.002503645158136055
random_raw,0,2,3,23,0.003060907969770404
random_raw,0,2,4,24,0.002779571404673451
random_raw,0,2,5,25,0.003120421473925529
random_raw,0,2,6,26,0.0034829128174158337
random_raw,0,2,7,27,0.00286613650162636
random_raw,0,2,8,28,0.0026551340778036454
random_raw,0,2,9,29,0.00301762542129395
random_raw,0,2,10,2a,0.002849905545947689
random_raw,0,2,11,2b,0.0028715468201859166
random_raw,0,2,12,2c,0.002476593565338271
random_raw,0,2,13,2d,0.002119512540407523
random_raw,0,2,14,2e,0.0028553158645072464
random_raw,0,2,15,2f,0.0032773207121526756
random_raw,0,3,0,30,0.006155849376089687
random_raw,0,3,1,31,0.004202724376089687
random_raw,0,3,2,32,0.004089107686338994
random_raw,0,3,3,33,0.004646370497973343
random_raw,0,3,4,34,0.00436503393287639
random_raw,0,3,5,35,0.004705884002128467
random_raw,0,3,6,36,0.005068375345618772
random_raw,0,3,7,37,0.004451599029829298
random_raw,0,3,8,38,0.0042405966060065844
random_raw,0,3,9,39,0.004603087949496889
random_raw,0,3,10,3a,0.004435368074150628
random_raw,0,3,11,3b,0.004457009348388856
random_raw,0,3,12,3c,0.004062056093541209
random_raw,0,3,13,3d,0.0037049750686104616
random_raw,0,3,14,3e,0.004440778392710185
random_raw,0,3,15,3f,0.004862783240355615
random_raw,0,4,0,40,0.004885118863410904
random_raw,0,4,1,41,0.0029319938634109043
random_raw,0,4,2,42,0.0028183771736602116
random_raw,0,4,3,43,0.0033756399852945605
random_raw,0,4,4,44,0.0030943034201976077
random_raw,0,4,5,45,0.0034351534894496855
random_raw,0,4,6,46,0.00379764483293999
random_raw,0,4,7,47,0.0031808685171505163
random_raw,0,4,8,48,0.002969866093327802
random_raw,0,4,9,49,0.0033323574368181066
random_raw,0,4,10,4a,0.0031646375614718457
random_raw,0,4,11,4b,0.003186278835710073
random_raw,0,4,12,4c,0.0027913255808624275
random_raw,0,4,13,4d,0.0024342445559316795
random_raw,0,4,14,4e,0.003170047880031403
random_raw,0,4,15,4f,0.003592052727676832
random_raw,0,5,0,50,0.005070023922531346
random_raw,0,5,1,51,0.0031168989225313463
random_raw,0,5,2,52,0.0030032822327806536
random_raw,0,5,3,53,0.0035605450444150025
random_raw,0,5,4,54,0.0032792084793180497
random_raw,0,5,5,55,0.0036200585485701275
random_raw,0,5,6,56,0.003982549892060433
random_raw,0,5,7,57,0.0033657735762709583
random_raw,0,5,8,58,0.003154771152448244
random_raw,0,5,9,59,0.0035172624959385486
random_raw,0,5,10,5a,0.0033495426205922877
random_raw,0,5,11,5b,0.003371183894830515
random_raw,0,5,12,5c,0.0029762306399828695
random_raw,0,5,13,5d,0.0026191496150521215
random_raw,0,5,14,5e,0.003354952939151845
random_raw,0,5,15,5f,0.003776957786797274
random_raw,0,6,0,60,0.004881184713216853
random_raw,0,6,1,61,0.002928059713216852
random_raw,0,6,2,62,0.0028144430234661594
random_raw,0,6,3,63,0.0033717058351005087
random_raw,0,6,4,64,0.003090369270003556
random_raw,0,6,5,65,0.0034312193392556332
random_raw,0,6,6,66,0.0037937106827459384
random_raw,0,6,7,67,0.0031769343669564645
random_raw,0,6,8,68,0.00296593194313375
random_raw,0,6,9,69,0.003328423286624055
random_raw,0,6,10,6a,0.003160703411277794
random_raw,0,6,11,6b,0.0031823446855160213
random_raw,0,6,12,6c,0.0027873914306683753
random_raw,0,6,13,6d,0.0024303104057376277
random_raw,0,6,14,6e,0.003166113729837351
random_raw,0,6,15,6f,0.00358811857748278
random_raw,0,7,0,70,0.004106157124988617
random_raw,0,7,1,71,0.0021530321249886167
random_raw,0,7,2,72,0.002039415435237924
random_raw,0,7,3,73,0.002596678246872273
random_raw,0,7,4,74,0.00231534168177532
random_raw,0,7,5,75,0.0026561917510273974
random_raw,0,7,6,76,0.0030186830945177026
random_raw,0,7,7,77,0.0024019067787282287
random_raw,0,7,8,78,0.0021909043549055143
random_raw,0,7,9,79,0.002553395698395819
random_raw,0,7,10,7a,0.002385675823049558
random_raw,0,7,11,7b,0.0024073170972877854
random_raw,0,7,12,7c,0.00201236384244014
random_raw,0,7,13,7d,0.0016552828175093919
random_raw,0,7,14,7e,0.0023910861416091152
random_raw,0,7,15,7f,0.0028130909892545445
random_raw,0,8,0,80,0.004833974910888229
random_raw,0,8,1,81,0.002880849910888229
random_raw,0,8,2,82,0.0027672332211375363
random_raw,0,8,3,83,0.0033244960327718847
random_raw,0,8,4,84,0.003043159467674932
random_raw,0,8,5,85,0.0033840095369270097
random_raw,0,8,6,86,0.0037465008804173144
random_raw,0,8,7,87,0.0031297245646278405
random_raw,0,8,8,88,0.0029187221408051266
random_raw,0,8,9,89,0.003281213484295431
random_raw,0,8,10,8a,0.00311349360894917
random_raw,0,8,11,8b,0.0031351348831873977
random_raw,0,8,12,8c,0.002740181628339752
random_raw,0,8,13,8d,0.002383100603409004
random_raw,0,8,14,8e,0.003118903927508727
random_raw,0,8,15,8f,0.0035409087751541567
random_raw,0,9,0,90,0.004653004001961839
random_raw,0,9,1,91,0.0026998790019618388
random_raw,0,9,2,92,0.002586262312211146
random_raw,0,9,3,93,0.003143525123845495
random_raw,0,9,4,94,0.002862188558748542
random_raw,0,9,5,95,0.0032030386280006195
random_raw,0,9,6,96,0.0035655299714909246
random_raw,0,9,7,97,0.0029487536557014507
random_raw,0,9,8,98,0.0027377512318787368
random_raw,0,9,9,99,0.003100242575369041
random_raw,0,9,10,9a,0.00293252270002278
random_raw,0,9,11,9b,0.002954163974261008
random_raw,0,9,12,9c,0.002559210719413362
random_raw,0,9,13,9d,0.002202129694482614
random_raw,0,9,14,9e,0.0029379330185823373
random_raw,0,9,15,9f,0.0033599378662277665
random_raw,0,10,0,a0,0.0038740422635395516
random_raw,0,10,1,a1,0.0019209172635395511
random_raw,0,10,2,a2,0.0018073005737888584
random_raw,0,10,3,a3,0.0023645633854232073
random_raw,0,10,4,a4,0.0020832268203262545
random_raw,0,10,5,a5,0.002424076889578332
random_raw,0,10,6,a6,0.002786568233068637
random_raw,0,10,7,a7,0.002169791917279163
random_raw,0,10,8,a8,0.001958789493456449
random_raw,0,10,9,a9,0.0023212808369467534
random_raw,0,10,10,aa,0.0021535609616004925
random_raw,0,10,11,ab,0.0021752022358387203
random_raw,0,10,12,ac,0.0017802489809910743
random_raw,0,10,13,ad,0.0014231679560603263
random_raw,0,10,14,ae,0.0021589712801600497
random_raw,0,10,15,af,0.002580976127805479
random_raw,0,11,0,b0,0.004188774279063708
random_raw,0,11,1,b1,0.0022356492790637076
random_raw,0,11,2,b2,0.002122032589313015
random_raw,0,11,3,b3,0.002679295400947364
random_raw,0,11,4,b4,0.002397958835850411
random_raw,0,11,5,b5,0.0027388089051024883
random_raw,0,11,6,b6,0.0031013002485927935
random_raw,0,11,7,b7,0.0024845239328033196
random_raw,0,11,8,b8,0.0022735215089806056
random_raw,0,11,9,b9,0.00263601285247091
random_raw,0,11,10,ba,0.002468292977124649
random_raw,0,11,11,bb,0.0024899342513628768
random_raw,0,11,12,bc,0.0020949809965152308
random_raw,0,11,13,bd,0.0017378999715844828
random_raw,0,11,14,be,0.002473703295684206
random_raw,0,11,15,bf,0.0028957081433296354
random_raw,0,12,0,c0,0.004436625741288981
random_raw,0,12,1,c1,0.002483500741288981
random_raw,0,12,2,c2,0.0023698840515382884
random_raw,0,12,3,c3,0.0029271468631726374
random_raw,0,12,4,c4,0.0026458102980756845
random_raw,0,12,5,c5,0.0029866603673277623
random_raw,0,12,6,c6,0.003349151710818067
random_raw,0,12,7,c7,0.002732375395028593
random_raw,0,12,8,c8,0.0025213729712058788
random_raw,0,12,9,c9,0.0028838643146961835
random_raw,0,12,10,ca,0.0027161444393499225
random_raw,0,12,11,cb,0.00273778571358815
random_raw,0,12,12,cc,0.0023428324587405043
random_raw,0,12,13,cd,0.0019857514338097564
random_raw,0,12,14,ce,0.0027215547579094797
random_raw,0,12,15,cf,0.003143559605554909
random_raw,0,13,0,d0,0.00441302084012467
random_raw,0,13,1,d1,0.002459895840124669
random_raw,0,13,2,d2,0.0023462791503739765
random_raw,0,13,3,d3,0.0029035419620083254
random_raw,0,13,4,d4,0.0026222053969113725
random_raw,0,13,5,d5,0.00296305546616345
random_raw,0,13,6,d6,0.003325546809653755
random_raw,0,13,7,d7,0.002708770493864281
random_raw,0,13,8,d8,0.002497768070041567
random_raw,0,13,9,d9,0.0028602594135318715
random_raw,0,13,10,da,0.0026925395381856105
random_raw,0,13,11,db,0.0027141808124238383
random_raw,0,13,12,dc,0.0023192275575761923
random_raw,0,13,13,dd,0.0019621465326454444
random_raw,0,13,14,de,0.0026979498567451677
random_raw,0,13,15,df,0.003119954704390597
random_raw,0,14,0,e0,0.004708082104678567
random_raw,0,14,1,e1,0.0027549571046785663
random_raw,0,14,2,e2,0.0026413404149278736
random_raw,0,14,3,e3,0.0031986032265622225
random_raw,0,14,4,e4,0.0029172666614652697
random_raw,0,14,5,e5,0.003258116730717347
random_raw,0,14,6,e6,0.003620608074207652
random_raw,0,14,7,e7,0.0030038317584181783
random_raw,0,14,8,e8,0.0027928293345954643
random_raw,0,14,9,e9,0.0031553206780857686
random_raw,0,14,10,ea,0.0029876008027395077
random_raw,0,14,11,eb,0.0030092420769777355
random_raw,0,14,12,ec,0.0026142888221300895
random_raw,0,14,13,ed,0.0022572077971993415
random_raw,0,14,14,ee,0.002993011121299065
random_raw,0,14,15,ef,0.003415015968944494
random_raw,0,15,0,f0,0.004743489456425034
random_raw,0,15,1,f1,0.002790364456425034
random_raw,0,15,2,f2,0.0026767477666743414
random_raw,0,15,3,f3,0.00323401057830869
random_raw,0,15,4,f4,0.002952674013211737
random_raw,0,15,5,f5,0.003293524082463815
random_raw,0,15,6,f6,0.0036560154259541195
random_raw,0,15,7,f7,0.0030392391101646456
random_raw,0,15,8,f8,0.0028282366863419317
random_raw,0,15,9,f9,0.003190728029832236
random_raw,0,15,10,fa,0.003023008154485975
random_raw,0,15,11,fb,0.003044649428724203
random_raw,0,15,12,fc,0.0026496961738765572
random_raw,0,15,13,fd,0.0022926151489458093
random_raw,0,15,14,fe,0.003028418473045532
random_raw,0,15,15,ff,0.003450423320690962
random_raw,1,0,0,00,0.0014031168801006445
random_raw,1,0,1,01,0.002003962598791481
random_raw,1,0,2,02,0.0026161450291557298
random_raw,1,0,3,03,0.0013861118125905268
random_raw,1,0,4,04,0.0020266360221383056
random_raw,1,0,5,05,0.002026636022138305
random_raw,1,0,6,06,0.0024290892865444316
random_raw,1,0,7,07,0.0016128460460587664
random_raw,1,0,8,08,0.002372405728177372
random_raw,1,0,9,09,0.0018509169912004192
random_raw,1,0,10,0a,0.0012954181192032302
random_raw,1,0,11,0b,0.0012160611374893463
random_raw,1,0,12,0c,0.002060646157158541
random_raw,1,0,13,0d,0.0022930487464634876
random_raw,1,0,14,0e,0.0021229980713623076
random_raw,1,0,15,0f,0.0017715600094865345
random_raw,1,1,0,10,0.0019104212170454216
random_raw,1,1,1,11,0.0025112669357362583
random_raw,1,1,2,12,0.0031234493661005066
random_raw,1,1,3,13,0.0018934161495353036
random_raw,1,1,4,14,0.0025339403590830824
random_raw,1,1,5,15,0.002533940359083082
random_raw,1,1,6,16,0.0029363936234892084
random_raw,1,1,7,17,0.0021201503830035433
random_raw,1,1,8,18,0.0028797100651221487
random_raw,1,1,9,19,0.0023582213281451965
random_raw,1,1,10,1a,0.0018027224561480073
random_raw,1,1,11,1b,0.0017233654744341234
random_raw,1,1,12,1c,0.002567950494103318
random_raw,1,1,13,1d,0.0028003530834082645
random_raw,1,1,14,1e,0.0026303024083070845
random_raw,1,1,15,1f,0.0022788643464313114
random_raw,1,2,0,20,0.0020254102000862376
random_raw,1,2,1,21,0.0026262559187770736
random_raw,1,2,2,22,0.0032384383491413224
random_raw,1,2,3,23,0.0020084051325761194
random_raw,1,2,4,24,0.002648929342123898
random_raw,1,2,5,25,0.002648929342123898
random_raw,1,2,6,26,0.003051382606530024
random_raw,1,2,7,27,0.0022351393660443595
random_raw,1,2,8,28,0.0029946990481629645
random_raw,1,2,9,29,0.002473210311186012
random_raw,1,2,10,2a,0.001917711439188823
random_raw,1,2,11,2b,0.0018383544574749392
random_raw,1,2,12,2c,0.0026829394771441337
random_raw,1,2,13,2d,0.00291534206644908
random_raw,1,2,14,2e,0.0027452913913479002
random_raw,1,2,15,2f,0.002393853329472127
random_raw,1,3,0,30,0.0022655342529067646
random_raw,1,3,1,31,0.002866379971597601
random_raw,1,3,2,32,0.0034785624019618494
random_raw,1,3,3,33,0.002248529185396647
random_raw,1,3,4,34,0.002889053394944425
random_raw,1,3,5,35,0.002889053394944425
random_raw,1,3,6,36,0.003291506659350551
random_raw,1,3,7,37,0.0024752634188648865
random_raw,1,3,8,38,0.003234823100983492
random_raw,1,3,9,39,0.0027133343640065393
random_raw,1,3,10,3a,0.0021578354920093502
random_raw,1,3,11,3b,0.0020784785102954664
random_raw,1,3,12,3c,0.0029230635299646607
random_raw,1,3,13,3d,0.003155466119269607
random_raw,1,3,14,3e,0.0029854154441684277
random_raw,1,3,15,3f,0.002633977382292654
random_raw,1,4,0,40,0.0018326345520472218
random_raw,1,4,1,41,0.0024334802707380583
random_raw,1,4,2,42,0.0030456627011023066
random_raw,1,4,3,43,0.0018156294845371038
random_raw,1,4,4,44,0.0024561536940848824
random_raw,1,4,5,45,0.0024561536940848824
random_raw,1,4,6,46,0.0028586069584910084
random_raw,1,4,7,47,0.0020423637180053437
random_raw,1,4,8,48,0.002801923400123949
random_raw,1,4,9,49,0.0022804346631469965
random_raw,1,4,10,4a,0.0017249357911498075
random_raw,1,4,11,4b,0.0016455788094359236
random_raw,1,4,12,4c,0.002490163829105118
random_raw,1,4,13,4d,0.0027225664184100645
random_raw,1,4,14,4e,0.002552515743308885
random_raw,1,4,15,4f,0.0022010776814331114
random_raw,1,5,0,50,0.0015282519498803564
random_raw,1,5,1,51,0.002129097668571193
random_raw,1,5,2,52,0.0027412800989354415
random_raw,1,5,3,53,0.0015112468823702385
random_raw,1,5,4,54,0.0021517710919180173
random_raw,1,5,5,55,0.002151771091918017
random_raw,1,5,6,56,0.0025542243563241433
random_raw,1,5,7,57,0.0017379811158384783
random_raw,1,5,8,58,0.0024975407979570836
random_raw,1,5,9,59,0.0019760520609801314
random_raw,1,5,10,5a,0.001420553188982942
random_raw,1,5,11,5b,0.0013411962072690583
random_raw,1,5,12,5c,0.002185781226938253
random_raw,1,5,13,5d,0.0024181838162431993
random_raw,1,5,14,5e,0.0022481331411420193
random_raw,1,5,15,5f,0.0018966950792662462
random_raw,1,6,0,60,0.0018393986098731525
random_raw,1,6,1,61,0.002440244328563989
random_raw,1,6,2,62,0.0030524267589282375
random_raw,1,6,3,63,0.0018223935423630345
random_raw,1,6,4,64,0.0024629177519108134
random_raw,1,6,5,65,0.0024629177519108134
random_raw,1,6,6,66,0.0028653710163169394
random_raw,1,6,7,67,0.0020491277758312746
random_raw,1,6,8,68,0.0028086874579498797
random_raw,1,6,9,69,0.002287198720972927
random_raw,1,6,10,6a,0.0017316998489757382
random_raw,1,6,11,6b,0.0016523428672618543
random_raw,1,6,12,6c,0.002496927886931049
random_raw,1,6,13,6d,0.0027293304762359954
random_raw,1,6,14,6e,0.0025592798011348154
random_raw,1,6,15,6f,0.0022078417392590423
random_raw,1,7,0,70,0.001717645569006406
random_raw,1,7,1,71,0.0023184912876972425
random_raw,1,7,2,72,0.0029306737180614913
random_raw,1,7,3,73,0.001700640501496288
random_raw,1,7,4,74,0.002341164711044067
random_raw,1,7,5,75,0.0023411647110440667
random_raw,1,7,6,76,0.002743617975450193
random_raw,1,7,7,77,0.001927374734964528
random_raw,1,7,8,78,0.002686934417083133
random_raw,1,7,9,79,0.002165445680106181
random_raw,1,7,10,7a,0.0016099468081089917
random_raw,1,7,11,7b,0.001530589826395108
random_raw,1,7,12,7c,0.0023751748460643027
random_raw,1,7,13,7d,0.002607577435369249
random_raw,1,7,14,7e,0.0024375267602680687
random_raw,1,7,15,7f,0.002086088698392296
random_raw,1,8,0,80,0.001653387019660068
random_raw,1,8,1,81,0.0022542327383509044
random_raw,1,8,2,82,0.002866415168715153
random_raw,1,8,3,83,0.0016363819521499502
random_raw,1,8,4,84,0.002276906161697729
random_raw,1,8,5,85,0.0022769061616977285
random_raw,1,8,6,86,0.002679359426103855
random_raw,1,8,7,87,0.0018631161856181898
random_raw,1,8,8,88,0.0026226758677367953
random_raw,1,8,9,89,0.0021011871307598426
random_raw,1,8,10,8a,0.0015456882587626536
random_raw,1,8,11,8b,0.0014663312770487697
random_raw,1,8,12,8c,0.0023109162967179645
random_raw,1,8,13,8d,0.002543318886022911
random_raw,1,8,14,8e,0.002373268210921731
random_raw,1,8,15,8f,0.002021830149045958
random_raw,1,9,0,90,0.0020930507783455407
random_raw,1,9,1,91,0.0026938964970363768
random_raw,1,9,2,92,0.0033060789274006255
random_raw,1,9,3,93,0.0020760457108354225
random_raw,1,9,4,94,0.0027165699203832014
random_raw,1,9,5,95,0.0027165699203832014
random_raw,1,9,6,96,0.0031190231847893274
random_raw,1,9,7,97,0.0023027799443036626
random_raw,1,9,8,98,0.0030623396264222677
random_raw,1,9,9,99,0.002540850889445315
random_raw,1,9,10,9a,0.0019853520174481264
random_raw,1,9,11,9b,0.0019059950357342423
random_raw,1,9,12,9c,0.002750580055403437
random_raw,1,9,13,9d,0.0029829826447083834
random_raw,1,9,14,9e,0.0028129319696072034
random_raw,1,9,15,9f,0.0024614939077314303
random_raw,1,10,0,a0,0.002701815982679273
random_raw,1,10,1,a1,0.0033026617013701093
random_raw,1,10,2,a2,0.003914844131734358
random_raw,1,10,3,a3,0.002684810915169155
random_raw,1,10,4,a4,0.0033253351247169334
random_raw,1,10,5,a5,0.0033253351247169334
random_raw,1,10,6,a6,0.0037277883891230594
random_raw,1,10,7,a7,0.0029115451486373947
random_raw,1,10,8,a8,0.003671104830756
random_raw,1,10,9,a9,0.0031496160937790475
random_raw,1,10,10,aa,0.0025941172217818585
random_raw,1,10,11,ab,0.0025147602400679746
random_raw,1,10,12,ac,0.003359345259737169
random_raw,1,10,13,ad,0.0035917478490421154
random_raw,1,10,14,ae,0.003421697173940936
random_raw,1,10,15,af,0.0030702591120651624
random_raw,1,11,0,b0,0.0025327145370310144
random_raw,1,11,1,b1,0.0031335602557218505
random_raw,1,11,2,b2,0.003745742686086099
random_raw,1,11,3,b3,0.002515709469520896
random_raw,1,11,4,b4,0.003156233679068675
random_raw,1,11,5,b5,0.003156233679068675
random_raw,1,11,6,b6,0.003558686943474801
random_raw,1,11,7,b7,0.0027424437029891363
random_raw,1,11,8,b8,0.0035020033851077413
random_raw,1,11,9,b9,0.0029805146481307887
random_raw,1,11,10,ba,0.0024250157761336
random_raw,1,11,11,bb,0.0023456587944197162
random_raw,1,11,12,bc,0.0031902438140889106
random_raw,1,11,13,bd,0.003422646403393857
random_raw,1,11,14,be,0.003252595728292677
random_raw,1,11,15,bf,0.002901157666416904
random_raw,1,12,0,c0,0.0017176455690064063
random_raw,1,12,1,c1,0.0023184912876972425
random_raw,1,12,2,c2,0.0029306737180614913
random_raw,1,12,3,c3,0.0017006405014962883
random_raw,1,12,4,c4,0.002341164711044067
random_raw,1,12,5,c5,0.002341164711044067
random_raw,1,12,6,c6,0.002743617975450193
random_raw,1,12,7,c7,0.0019273747349645282
random_raw,1,12,8,c8,0.0026869344170831334
random_raw,1,12,9,c9,0.002165445680106181
random_raw,1,12,10,ca,0.001609946808108992
random_raw,1,12,11,cb,0.0015305898263951081
random_raw,1,12,12,cc,0.0023751748460643027
random_raw,1,12,13,cd,0.002607577435369249
random_raw,1,12,14,ce,0.002437526760268069
random_raw,1,12,15,cf,0.002086088698392296
random_raw,1,13,0,d0,0.0019374774483491427
random_raw,1,13,1,d1,0.0025383231670399794
random_raw,1,13,2,d2,0.0031505055974042277
random_raw,1,13,3,d3,0.0019204723808390247
random_raw,1,13,4,d4,0.0025609965903868035
random_raw,1,13,5,d5,0.002560996590386803
random_raw,1,13,6,d6,0.0029634498547929295
random_raw,1,13,7,d7,0.0021472066143072644
random_raw,1,13,8,d8,0.00290676629642587
random_raw,1,13,9,d9,0.0023852775594489176
random_raw,1,13,10,da,0.0018297786874517284
random_raw,1,13,11,db,0.0017504217057378445
random_raw,1,13,12,dc,0.002595006725407039
random_raw,1,13,13,dd,0.0028274093147119856
random_raw,1,13,14,de,0.0026573586396108056
random_raw,1,13,15,df,0.0023059205777350325
random_raw,1,14,0,e0,0.002042320344651063
random_raw,1,14,1,e1,0.0026431660633418996
random_raw,1,14,2,e2,0.003255348493706148
random_raw,1,14,3,e3,0.0020253152771409454
random_raw,1,14,4,e4,0.0026658394866887238
random_raw,1,14,5,e5,0.0026658394866887238
random_raw,1,14,6,e6,0.0030682927510948498
random_raw,1,14,7,e7,0.002252049510609185
random_raw,1,14,8,e8,0.0030116091927277905
random_raw,1,14,9,e9,0.002490120455750838
random_raw,1,14,10,ea,0.0019346215837536488
random_raw,1,14,11,eb,0.001855264602039765
random_raw,1,14,12,ec,0.0026998496217089593
random_raw,1,14,13,ed,0.0029322522110139058
random_raw,1,14,14,ee,0.0027622015359127262
random_raw,1,14,15,ef,0.0024107634740369527
random_raw,1,15,0,f0,0.002394051351599441
random_raw,1,15,1,f1,0.0029948970702902773
random_raw,1,15,2,f2,0.0036070795006545257
random_raw,1,15,3,f3,0.002377046284089323
random_raw,1,15,4,f4,0.0030175704936371015
random_raw,1,15,5,f5,0.0030175704936371015
random_raw,1,15,6,f6,0.0034200237580432275
random_raw,1,15,7,f7,0.0026037805175575628
random_raw,1,15,8,f8,0.003363340199676168
random_raw,1,15,9,f9,0.0028418514626992156
random_raw,1,15,10,fa,0.0022863525907020265
random_raw,1,15,11,fb,0.0022069956089881427
random_raw,1,15,12,fc,0.003051580628657337
random_raw,1,15,13,fd,0.0032839832179622835
random_raw,1,15,14,fe,0.003113932542861104
random_raw,1,15,15,ff,0.0027624944809853304
random_threshold,0,0,0,00,0.028770762643912217
random_threshold,0,0,1,01,0.032925887297651835
random_threshold,0,0,2,02,0.032925887297651835
random_threshold,0,0,3,03,0.035695970400144904
random_threshold,0,0,4,04,0.026000679541419144
random_threshold,0,0,5,05,0.030155804195158755
random_threshold,0,0,6,06,0.050931427463856815
random_threshold,0,0,7,07,0.016305388682693385
random_threshold,0,0,8,08,0.0467763028101172
random_threshold,0,0,9,09,0.04816134436136374
random_threshold,0,0,10,0a,0.0356959704001449
random_threshold,0,0,11,0b,0.050931427463856815
random_threshold,0,0,12,0c,0.04954638591261028
random_threshold,0,0,13,0d,0.04816134436136374
random_threshold,0,0,14,0e,0.028770762643912217
random_threshold,0,0,15,0f,0.034310928848898366
random_threshold,0,1,0,10,0.04126555647981392
random_threshold,0,1,1,11,0.045420681133553534
random_threshold,0,1,2,12,0.045420681133553534
random_threshold,0,1,3,13,0.04819076423604661
random_threshold,0,1,4,14,0.03849547337732085
random_threshold,0,1,5,15,0.04265059803106046
random_threshold,0,1,6,16,0.06342622129975851
random_threshold,0,1,7,17,0.02880018251859509
random_threshold,0,1,8,18,0.059271096646018914
random_threshold,0,1,9,19,0.06065613819726545
random_threshold,0,1,10,1a,0.04819076423604661
random_threshold,0,1,11,1b,0.06342622129975851
random_threshold,0,1,12,1c,0.06204117974851199
random_threshold,0,1,13,1d,0.06065613819726544
random_threshold,0,1,14,1e,0.04126555647981392
random_threshold,0,1,15,1f,0.04680572268480007
random_threshold,0,2,0,20,0.032102707666819344
random_threshold,0,2,1,21,0.03625783232055896
random_threshold,0,2,2,22,0.03625783232055896
random_threshold,0,2,3,23,0.03902791542305203
random_threshold,0,2,4,24,0.029332624564326268
random_threshold,0,2,5,25,0.03348774921806588
random_threshold,0,2,6,26,0.05426337248676394
random_threshold,0,2,7,27,0.01963733370560051
random_threshold,0,2,8,28,0.050108247833024325
random_threshold,0,2,9,29,0.05149328938427086
random_threshold,0,2,10,2a,0.03902791542305202
random_threshold,0,2,11,2b,0.05426337248676394
random_threshold,0,2,12,2c,0.0528783309355174
random_threshold,0,2,13,2d,0.05149328938427086
random_threshold,0,2,14,2e,0.032102707666819344
random_threshold,0,2,15,2f,0.03764287387180549
random_threshold,0,3,0,30,0.031269721411092556
random_threshold,0,3,1,31,0.03542484606483217
random_threshold,0,3,2,32,0.03542484606483217
random_threshold,0,3,3,33,0.038194929167325246
random_threshold,0,3,4,34,0.028499638308599487
random_threshold,0,3,5,35,0.032654762962339094
random_threshold,0,3,6,36,0.05343038623103715
random_threshold,0,3,7,37,0.018804347449873724
random_threshold,0,3,8,38,0.049275261577297544
random_threshold,0,3,9,39,0.05066030312854408
random_threshold,0,3,10,3a,0.03819492916732524
random_threshold,0,3,11,3b,0.05343038623103715
random_threshold,0,3,12,3c,0.05204534467979062
random_threshold,0,3,13,3d,0.050660303128544075
random_threshold,0,3,14,3e,0.031269721411092556
random_threshold,0,3,15,3f,0.03680988761607871
random_threshold,0,4,0,40,0.04459750150272104
random_threshold,0,4,1,41,0.04875262615646066
random_threshold,0,4,2,42,0.04875262615646066
random_threshold,0,4,3,43,0.05152270925895373
random_threshold,0,4,4,44,0.04182741840022797
random_threshold,0,4,5,45,0.04598254305396758
random_threshold,0,4,6,46,0.06675816632266564
random_threshold,0,4,7,47,0.03213212754150221
random_threshold,0,4,8,48,0.06260304166892602
random_threshold,0,4,9,49,0.06398808322017258
random_threshold,0,4,10,4a,0.051522709258953726
random_threshold,0,4,11,4b,0.06675816632266564
random_threshold,0,4,12,4c,0.0653731247714191
random_threshold,0,4,13,4d,0.06398808322017256
random_threshold,0,4,14,4e,0.04459750150272104
random_threshold,0,4,15,4f,0.050137667707707195
random_threshold,0,5,0,50,0.045430487758447824
random_threshold,0,5,1,51,0.04958561241218744
random_threshold,0,5,2,52,0.04958561241218744
random_threshold,0,5,3,53,0.052355695514680514
random_threshold,0,5,4,54,0.042660404655954755
random_threshold,0,5,5,55,0.04681552930969436
random_threshold,0,5,6,56,0.06759115257839242
random_threshold,0,5,7,57,0.032965113797228995
random_threshold,0,5,8,58,0.06343602792465282
random_threshold,0,5,9,59,0.06482106947589936
random_threshold,0,5,10,5a,0.052355695514680514
random_threshold,0,5,11,5b,0.06759115257839242
random_threshold,0,5,12,5c,0.0662061110271459
random_threshold,0,5,13,5d,0.06482106947589934
random_threshold,0,5,14,5e,0.045430487758447824
random_threshold,0,5,15,5f,0.050970653963433976
random_threshold,0,6,0,60,0.04126555647981393
random_threshold,0,6,1,61,0.04542068113355354
random_threshold,0,6,2,62,0.04542068113355354
random_threshold,0,6,3,63,0.04819076423604661
random_threshold,0,6,4,64,0.03849547337732086
random_threshold,0,6,5,65,0.042650598031060465
random_threshold,0,6,6,66,0.06342622129975853
random_threshold,0,6,7,67,0.02880018251859509
random_threshold,0,6,8,68,0.059271096646018914
random_threshold,0,6,9,69,0.06065613819726545
random_threshold,0,6,10,6a,0.04819076423604661
random_threshold,0,6,11,6b,0.06342622129975853
random_threshold,0,6,12,6c,0.06204117974851199
random_threshold,0,6,13,6d,0.060656138197265445
random_threshold,0,6,14,6e,0.04126555647981393
random_threshold,0,6,15,6f,0.04680572268480007
random_threshold,0,7,0,70,0.05792528159434954
random_threshold,0,7,1,71,0.06208040624808915
random_threshold,0,7,2,72,0.06208040624808915
random_threshold,0,7,3,73,0.06485048935058223
random_threshold,0,7,4,74,0.05515519849185646
random_threshold,0,7,5,75,0.059310323145596075
random_threshold,0,7,6,76,0.08008594641429413
random_threshold,0,7,7,77,0.0454599076331307
random_threshold,0,7,8,78,0.07593082176055452
random_threshold,0,7,9,79,0.07731586331180107
random_threshold,0,7,10,7a,0.06485048935058221
random_threshold,0,7,11,7b,0.08008594641429413
random_threshold,0,7,12,7c,0.0787009048630476
random_threshold,0,7,13,7d,0.07731586331180106
random_threshold,0,7,14,7e,0.05792528159434954
random_threshold,0,7,15,7f,0.06346544779933569
random_threshold,0,8,0,80,0.03210270766681934
random_threshold,0,8,1,81,0.03625783232055895
random_threshold,0,8,2,82,0.03625783232055895
random_threshold,0,8,3,83,0.03902791542305202
random_threshold,0,8,4,84,0.029332624564326264
random_threshold,0,8,5,85,0.033487749218065875
random_threshold,0,8,6,86,0.05426337248676393
random_threshold,0,8,7,87,0.0196373337056005
random_threshold,0,8,8,88,0.050108247833024325
random_threshold,0,8,9,89,0.05149328938427086
random_threshold,0,8,10,8a,0.03902791542305202
random_threshold,0,8,11,8b,0.05426337248676393
random_threshold,0,8,12,8c,0.0528783309355174
random_threshold,0,8,13,8d,0.051493289384270856
random_threshold,0,8,14,8e,0.03210270766681934
random_threshold,0,8,15,8f,0.03764287387180548
random_threshold,0,9,0,90,0.03543465268972646
random_threshold,0,9,1,91,0.039589777343466075
random_threshold,0,9,2,92,0.039589777343466075
random_threshold,0,9,3,93,0.042359860445959144
random_threshold,0,9,4,94,0.03266456958723339
random_threshold,0,9,5,95,0.036819694240973
random_threshold,0,9,6,96,0.057595317509671055
random_threshold,0,9,7,97,0.022969278728507625
random_threshold,0,9,8,98,0.05344019285593145
random_threshold,0,9,9,99,0.054825234407177986
random_threshold,0,9,10,9a,0.042359860445959144
random_threshold,0,9,11,9b,0.057595317509671055
random_threshold,0,9,12,9c,0.056210275958424524
random_threshold,0,9,13,9d,0.05482523440717798
random_threshold,0,9,14,9e,0.03543465268972646
random_threshold,0,9,15,9f,0.040974818894712606
random_threshold,0,10,0,a0,0.04293152899126748
random_threshold,0,10,1,a1,0.047086653645007095
random_threshold,0,10,2,a2,0.047086653645007095
random_threshold,0,10,3,a3,0.04985673674750017
random_threshold,0,10,4,a4,0.04016144588877441
random_threshold,0,10,5,a5,0.04431657054251402
random_threshold,0,10,6,a6,0.06509219381121208
random_threshold,0,10,7,a7,0.030466155030048653
random_threshold,0,10,8,a8,0.060937069157472476
random_threshold,0,10,9,a9,0.062322110708719014
random_threshold,0,10,10,aa,0.04985673674750017
random_threshold,0,10,11,ab,0.06509219381121208
random_threshold,0,10,12,ac,0.06370715225996555
random_threshold,0,10,13,ad,0.062322110708719
random_threshold,0,10,14,ae,0.04293152899126748
random_threshold,0,10,15,af,0.048471695196253634
random_threshold,0,11,0,b0,0.040432570224087146
random_threshold,0,11,1,b1,0.04458769487782676
random_threshold,0,11,2,b2,0.04458769487782676
random_threshold,0,11,3,b3,0.04735777798031983
random_threshold,0,11,4,b4,0.037662487121594077
random_threshold,0,11,5,b5,0.041817611775333684
random_threshold,0,11,6,b6,0.06259323504403175
random_threshold,0,11,7,b7,0.02796719626286831
random_threshold,0,11,8,b8,0.05843811039029213
random_threshold,0,11,9,b9,0.05982315194153867
random_threshold,0,11,10,ba,0.04735777798031983
random_threshold,0,11,11,bb,0.06259323504403175
random_threshold,0,11,12,bc,0.06120819349278521
random_threshold,0,11,13,bd,0.059823151941538664
random_threshold,0,11,14,be,0.040432570224087146
random_threshold,0,11,15,bf,0.04597273642907329
random_threshold,0,12,0,c0,0.048762432781354954
random_threshold,0,12,1,c1,0.05291755743509457
random_threshold,0,12,2,c2,0.05291755743509457
random_threshold,0,12,3,c3,0.05568764053758764
random_threshold,0,12,4,c4,0.045992349678861885
random_threshold,0,12,5,c5,0.05014747433260149
random_threshold,0,12,6,c6,0.07092309760129956
random_threshold,0,12,7,c7,0.03629705882013612
random_threshold,0,12,8,c8,0.06676797294755994
random_threshold,0,12,9,c9,0.06815301449880648
random_threshold,0,12,10,ca,0.05568764053758764
random_threshold,0,12,11,cb,0.07092309760129956
random_threshold,0,12,12,cc,0.06953805605005302
random_threshold,0,12,13,cd,0.06815301449880648
random_threshold,0,12,14,ce,0.048762432781354954
random_threshold,0,12,15,cf,0.0543025989863411
random_threshold,0,13,0,d0,0.03710062520118003
random_threshold,0,13,1,d1,0.04125574985491964
random_threshold,0,13,2,d2,0.04125574985491964
random_threshold,0,13,3,d3,0.04402583295741271
random_threshold,0,13,4,d4,0.03433054209868695
random_threshold,0,13,5,d5,0.03848566675242657
random_threshold,0,13,6,d6,0.059261290021124624
random_threshold,0,13,7,d7,0.024635251239961194
random_threshold,0,13,8,d8,0.05510616536738501
random_threshold,0,13,9,d9,0.05649120691863155
random_threshold,0,13,10,da,0.044025832957412706
random_threshold,0,13,11,db,0.059261290021124624
random_threshold,0,13,12,dc,0.057876248469878086
random_threshold,0,13,13,dd,0.05649120691863155
random_threshold,0,13,14,de,0.03710062520118003
random_threshold,0,13,15,df,0.042640791406166174
random_threshold,0,14,0,e0,0.040432570224087146
random_threshold,0,14,1,e1,0.04458769487782676
random_threshold,0,14,2,e2,0.04458769487782676
random_threshold,0,14,3,e3,0.04735777798031983
random_threshold,0,14,4,e4,0.037662487121594077
random_threshold,0,14,5,e5,0.041817611775333684
random_threshold,0,14,6,e6,0.06259323504403175
random_threshold,0,14,7,e7,0.02796719626286831
random_threshold,0,14,8,e8,0.05843811039029213
random_threshold,0,14,9,e9,0.05982315194153867
random_threshold,0,14,10,ea,0.04735777798031983
random_threshold,0,14,11,eb,0.06259323504403175
random_threshold,0,14,12,ec,0.06120819349278521
random_threshold,0,14,13,ed,0.059823151941538664
random_threshold,0,14,14,ee,0.040432570224087146
random_threshold,0,14,15,ef,0.04597273642907329
random_threshold,0,15,0,f0,0.04209854273554071
random_threshold,0,15,1,f1,0.04625366738928032
random_threshold,0,15,2,f2,0.04625366738928032
random_threshold,0,15,3,f3,0.04902375049177339
random_threshold,0,15,4,f4,0.03932845963304764
random_threshold,0,15,5,f5,0.043483584286787245
random_threshold,0,15,6,f6,0.06425920755548531
random_threshold,0,15,7,f7,0.029633168774321872
random_threshold,0,15,8,f8,0.060104082901745695
random_threshold,0,15,9,f9,0.06148912445299223
random_threshold,0,15,10,fa,0.04902375049177339
random_threshold,0,15,11,fb,0.06425920755548531
random_threshold,0,15,12,fc,0.06287416600423877
random_threshold,0,15,13,fd,0.061489124452992226
random_threshold,0,15,14,fe,0.04209854273554071
random_threshold,0,15,15,ff,0.04763870894052685
random_threshold,1,0,0,00,0.03913983149949886
random_threshold,1,0,1,01,0.04060075187933816
random_threshold,1,0,2,02,0.03475707035998096
random_threshold,1,0,3,03,0.037678911119659556
random_threshold,1,0,4,04,0.02891338884062377
random_threshold,1,0,5,05,0.06105363719708834
random_threshold,1,0,6,06,0.05228811491805255
random_threshold,1,0,7,07,0.049366274158373954
random_threshold,1,0,8,08,0.03475707035998096
random_threshold,1,0,9,09,0.043522592639016755
random_threshold,1,0,10,0a,0.04498351301885606
random_threshold,1,0,11,0b,0.03913983149949886
random_threshold,1,0,12,0c,0.04060075187933816
random_threshold,1,0,13,0d,0.06981915947612413
random_threshold,1,0,14,0e,0.05667087605757044
random_threshold,1,0,15,0f,0.028913388840623767
random_threshold,1,1,0,10,0.04308460467504127
random_threshold,1,1,1,11,0.04454552505488056
random_threshold,1,1,2,12,0.038701843535523375
random_threshold,1,1,3,13,0.04162368429520197
random_threshold,1,1,4,14,0.032858162016166176
random_threshold,1,1,5,15,0.06499841037263075
random_threshold,1,1,6,16,0.05623288809359496
random_threshold,1,1,7,17,0.05331104733391637
random_threshold,1,1,8,18,0.038701843535523375
random_threshold,1,1,9,19,0.04746736581455917
random_threshold,1,1,10,1a,0.04892828619439847
random_threshold,1,1,11,1b,0.04308460467504127
random_threshold,1,1,12,1c,0.04454552505488056
random_threshold,1,1,13,1d,0.07376393265166654
random_threshold,1,1,14,1e,0.060615649233112856
random_threshold,1,1,15,1f,0.032858162016166176
random_threshold,1,2,0,20,0.04702937785058367
random_threshold,1,2,1,21,0.048490298230422973
random_threshold,1,2,2,22,0.042646616711065774
random_threshold,1,2,3,23,0.04556845747074437
random_threshold,1,2,4,24,0.03680293519170858
random_threshold,1,2,5,25,0.06894318354817315
random_threshold,1,2,6,26,0.06017766126913736
random_threshold,1,2,7,27,0.057255820509458766
random_threshold,1,2,8,28,0.042646616711065774
random_threshold,1,2,9,29,0.051412138990101566
random_threshold,1,2,10,2a,0.05287305936994087
random_threshold,1,2,11,2b,0.04702937785058367
random_threshold,1,2,12,2c,0.048490298230422973
random_threshold,1,2,13,2d,0.07770870582720894
random_threshold,1,2,14,2e,0.06456042240865525
random_threshold,1,2,15,2f,0.036802935191708575
random_threshold,1,3,0,30,0.04965922663427861
random_threshold,1,3,1,31,0.051120147014117906
random_threshold,1,3,2,32,0.04527646549476071
random_threshold,1,3,3,33,0.048198306254439306
random_threshold,1,3,4,34,0.03943278397540352
random_threshold,1,3,5,35,0.0715730323318681
random_threshold,1,3,6,36,0.0628075100528323
random_threshold,1,3,7,37,0.059885669293153705
random_threshold,1,3,8,38,0.04527646549476071
random_threshold,1,3,9,39,0.054041987773796506
random_threshold,1,3,10,3a,0.05550290815363581
random_threshold,1,3,11,3b,0.04965922663427861
random_threshold,1,3,12,3c,0.051120147014117906
random_threshold,1,3,13,3d,0.08033855461090389
random_threshold,1,3,14,3e,0.06719027119235019
random_threshold,1,3,15,3f,0.039432783975403514
random_threshold,1,4,0,40,0.05491892420166849
random_threshold,1,4,1,41,0.056379844581507785
random_threshold,1,4,2,42,0.05053616306215059
random_threshold,1,4,3,43,0.053458003821829185
random_threshold,1,4,4,44,0.0446924815427934
random_threshold,1,4,5,45,0.07683272989925796
random_threshold,1,4,6,46,0.06806720762022217
random_threshold,1,4,7,47,0.06514536686054359
random_threshold,1,4,8,48,0.05053616306215059
random_threshold,1,4,9,49,0.059301685341186385
random_threshold,1,4,10,4a,0.06076260572102569
random_threshold,1,4,11,4b,0.05491892420166849
random_threshold,1,4,12,4c,0.056379844581507785
random_threshold,1,4,13,4d,0.08559825217829375
random_threshold,1,4,14,4e,0.07244996875974008
random_threshold,1,4,15,4f,0.04469248154279339
random_threshold,1,5,0,50,0.04439952906688874
random_threshold,1,5,1,51,0.045860449446728034
random_threshold,1,5,2,52,0.04001676792737084
random_threshold,1,5,3,53,0.042938608687049434
random_threshold,1,5,4,54,0.03417308640801364
random_threshold,1,5,5,55,0.06631333476447822
random_threshold,1,5,6,56,0.057547812485442426
random_threshold,1,5,7,57,0.05462597172576383
random_threshold,1,5,8,58,0.04001676792737084
random_threshold,1,5,9,59,0.048782290206406634
random_threshold,1,5,10,5a,0.05024321058624594
random_threshold,1,5,11,5b,0.04439952906688874
random_threshold,1,5,12,5c,0.045860449446728034
random_threshold,1,5,13,5d,0.07507885704351401
random_threshold,1,5,14,5e,0.06193057362496032
random_threshold,1,5,15,5f,0.03417308640801364
random_threshold,1,6,0,60,0.04308460467504127
random_threshold,1,6,1,61,0.04454552505488056
random_threshold,1,6,2,62,0.038701843535523375
random_threshold,1,6,3,63,0.04162368429520197
random_threshold,1,6,4,64,0.032858162016166176
random_threshold,1,6,5,65,0.06499841037263075
random_threshold,1,6,6,66,0.05623288809359496
random_threshold,1,6,7,67,0.05331104733391637
random_threshold,1,6,8,68,0.038701843535523375
random_threshold,1,6,9,69,0.04746736581455917
random_threshold,1,6,10,6a,0.04892828619439847
random_threshold,1,6,11,6b,0.04308460467504127
random_threshold,1,6,12,6c,0.04454552505488056
random_threshold,1,6,13,6d,0.07376393265166654
random_threshold,1,6,14,6e,0.060615649233112856
random_threshold,1,6,15,6f,0.032858162016166176
random_threshold,1,7,0,70,0.04834430224243114
random_threshold,1,7,1,71,0.04980522262227044
random_threshold,1,7,2,72,0.04396154110291325
random_threshold,1,7,3,73,0.04688338186259184
random_threshold,1,7,4,74,0.038117859583556055
random_threshold,1,7,5,75,0.07025810794002063
random_threshold,1,7,6,76,0.06149258566098483
random_threshold,1,7,7,77,0.05857074490130624
random_threshold,1,7,8,78,0.04396154110291325
random_threshold,1,7,9,79,0.05272706338194904
random_threshold,1,7,10,7a,0.05418798376178834
random_threshold,1,7,11,7b,0.04834430224243114
random_threshold,1,7,12,7c,0.04980522262227044
random_threshold,1,7,13,7d,0.07902363021905642
random_threshold,1,7,14,7e,0.06587534680050272
random_threshold,1,7,15,7f,0.03811785958355605
random_threshold,1,8,0,80,0.05228907541797355
random_threshold,1,8,1,81,0.05374999579781285
random_threshold,1,8,2,82,0.04790631427845565
random_threshold,1,8,3,83,0.050828155038134246
random_threshold,1,8,4,84,0.04206263275909846
random_threshold,1,8,5,85,0.07420288111556303
random_threshold,1,8,6,86,0.06543735883652724
random_threshold,1,8,7,87,0.06251551807684864
random_threshold,1,8,8,88,0.04790631427845565
random_threshold,1,8,9,89,0.056671836557491445
random_threshold,1,8,10,8a,0.05813275693733075
random_threshold,1,8,11,8b,0.05228907541797355
random_threshold,1,8,12,8c,0.05374999579781285
random_threshold,1,8,13,8d,0.08296840339459882
random_threshold,1,8,14,8e,0.06982011997604513
random_threshold,1,8,15,8f,0.04206263275909845
random_threshold,1,9,0,90,0.061493546160905826
random_threshold,1,9,1,91,0.06295446654074513
random_threshold,1,9,2,92,0.05711078502138793
random_threshold,1,9,3,93,0.06003262578106652
random_threshold,1,9,4,94,0.05126710350203073
random_threshold,1,9,5,95,0.08340735185849531
random_threshold,1,9,6,96,0.07464182957945951
random_threshold,1,9,7,97,0.07171998881978092
random_threshold,1,9,8,98,0.05711078502138793
random_threshold,1,9,9,99,0.06587630730042372
random_threshold,1,9,10,9a,0.06733722768026303
random_threshold,1,9,11,9b,0.061493546160905826
random_threshold,1,9,12,9c,0.06295446654074513
random_threshold,1,9,13,9d,0.0921728741375311
random_threshold,1,9,14,9e,0.07902459071897741
random_threshold,1,9,15,9f,0.05126710350203073
random_threshold,1,10,0,a0,0.049659226634278616
random_threshold,1,10,1,a1,0.05112014701411791
random_threshold,1,10,2,a2,0.04527646549476072
random_threshold,1,10,3,a3,0.04819830625443931
random_threshold,1,10,4,a4,0.03943278397540352
random_threshold,1,10,5,a5,0.0715730323318681
random_threshold,1,10,6,a6,0.0628075100528323
random_threshold,1,10,7,a7,0.05988566929315371
random_threshold,1,10,8,a8,0.04527646549476072
random_threshold,1,10,9,a9,0.05404198777379651
random_threshold,1,10,10,aa,0.055502908153635816
random_threshold,1,10,11,ab,0.049659226634278616
random_threshold,1,10,12,ac,0.05112014701411791
random_threshold,1,10,13,ad,0.08033855461090389
random_threshold,1,10,14,ae,0.0671902711923502
random_threshold,1,10,15,af,0.03943278397540352
random_threshold,1,11,0,b0,0.04045475589134633
random_threshold,1,11,1,b1,0.04191567627118563
random_threshold,1,11,2,b2,0.036071994751828436
random_threshold,1,11,3,b3,0.03899383551150703
random_threshold,1,11,4,b4,0.03022831323247124
random_threshold,1,11,5,b5,0.06236856158893581
random_threshold,1,11,6,b6,0.05360303930990002
random_threshold,1,11,7,b7,0.05068119855022143
random_threshold,1,11,8,b8,0.036071994751828436
random_threshold,1,11,9,b9,0.04483751703086423
random_threshold,1,11,10,ba,0.04629843741070353
random_threshold,1,11,11,bb,0.04045475589134633
random_threshold,1,11,12,bc,0.04191567627118563
random_threshold,1,11,13,bd,0.0711340838679716
random_threshold,1,11,14,be,0.05798580044941792
random_threshold,1,11,15,bf,0.030228313232471236
random_threshold,1,12,0,c0,0.05754877298536343
random_threshold,1,12,1,c1,0.059009693365202724
random_threshold,1,12,2,c2,0.05316601184584553
random_threshold,1,12,3,c3,0.056087852605524124
random_threshold,1,12,4,c4,0.04732233032648833
random_threshold,1,12,5,c5,0.07946257868295291
random_threshold,1,12,6,c6,0.07069705640391712
random_threshold,1,12,7,c7,0.06777521564423852
random_threshold,1,12,8,c8,0.05316601184584553
random_threshold,1,12,9,c9,0.061931534124881324
random_threshold,1,12,10,ca,0.06339245450472063
random_threshold,1,12,11,cb,0.05754877298536343
random_threshold,1,12,12,cc,0.059009693365202724
random_threshold,1,12,13,cd,0.0882281009619887
random_threshold,1,12,14,ce,0.07507981754343501
random_threshold,1,12,15,cf,0.04732233032648833
random_threshold,1,13,0,d0,0.056233848593515955
random_threshold,1,13,1,d1,0.05769476897335525
random_threshold,1,13,2,d2,0.05185108745399806
random_threshold,1,13,3,d3,0.05477292821367665
random_threshold,1,13,4,d4,0.046007405934640866
random_threshold,1,13,5,d5,0.07814765429110543
random_threshold,1,13,6,d6,0.06938213201206964
random_threshold,1,13,7,d7,0.06646029125239106
random_threshold,1,13,8,d8,0.05185108745399806
random_threshold,1,13,9,d9,0.06061660973303385
random_threshold,1,13,10,da,0.062077530112873154
random_threshold,1,13,11,db,0.056233848593515955
random_threshold,1,13,12,dc,0.05769476897335525
random_threshold,1,13,13,dd,0.08691317657014122
random_threshold,1,13,14,de,0.07376489315158755
random_threshold,1,13,15,df,0.04600740593464086
random_threshold,1,14,0,e0,0.05754877298536343
random_threshold,1,14,1,e1,0.059009693365202724
random_threshold,1,14,2,e2,0.05316601184584553
random_threshold,1,14,3,e3,0.056087852605524124
random_threshold,1,14,4,e4,0.04732233032648833
random_threshold,1,14,5,e5,0.07946257868295291
random_threshold,1,14,6,e6,0.07069705640391712
random_threshold,1,14,7,e7,0.06777521564423852
random_threshold,1,14,8,e8,0.05316601184584553
random_threshold,1,14,9,e9,0.061931534124881324
random_threshold,1,14,10,ea,0.06339245450472063
random_threshold,1,14,11,eb,0.05754877298536343
random_threshold,1,14,12,ec,0.059009693365202724
random_threshold,1,14,13,ed,0.0882281009619887
random_threshold,1,14,14,ee,0.07507981754343501
random_threshold,1,14,15,ef,0.04732233032648833
random_threshold,1,15,0,f0,0.05228907541797355
random_threshold,1,15,1,f1,0.053749995797812845
random_threshold,1,15,2,f2,0.04790631427845565
random_threshold,1,15,3,f3,0.050828155038134246
random_threshold,1,15,4,f4,0.04206263275909845
random_threshold,1,15,5,f5,0.07420288111556303
random_threshold,1,15,6,f6,0.06543735883652724
random_threshold,1,15,7,f7,0.06251551807684864
random_threshold,1,15,8,f8,0.04790631427845565
random_threshold,1,15,9,f9,0.056671836557491445
random_threshold,1,15,10,fa,0.05813275693733075
random_threshold,1,15,11,fb,0.05228907541797355
random_threshold,1,15,12,fc,0.053749995797812845
random_threshold,1,15,13,fd,0.08296840339459882
random_threshold,1,15,14,fe,0.06982011997604513
random_threshold,1,15,15,ff,0.04206263275909845
random_budget_aware,0,0,0,00,0.0049231001587535465
random_budget_aware,0,0,1,01,0.005058580861220989
random_budget_aware,0,0,2,02,0.004144086119565754
random_budget_aware,0,0,3,03,0.003839254539014009
random_budget_aware,0,0,4,04,0.003974735241481451
random_budget_aware,0,0,5,05,0.004144086119565754
random_budget_aware,0,0,6,06,0.006955310695765182
random_budget_aware,0,0,7,07,0.004584398402584942
random_budget_aware,0,0,8,08,0.006582738763979715
random_budget_aware,0,0,9,09,0.005329542266155873
random_budget_aware,0,0,10,0a,0.00509245103683785
random_budget_aware,0,0,11,0b,0.004279566822033196
random_budget_aware,0,0,12,0c,0.006244037007811109
random_budget_aware,0,0,13,0d,0.0057359843735582
random_budget_aware,0,0,14,0e,0.0036360334853128454
random_budget_aware,0,0,15,0f,0.006074686129726807
random_budget_aware,0,1,0,10,0.004726116471465151
random_budget_aware,0,1,1,11,0.004861597173932593
random_budget_aware,0,1,2,12,0.003947102432277358
random_budget_aware,0,1,3,13,0.003642270851725613
random_budget_aware,0,1,4,14,0.003777751554193055
random_budget_aware,0,1,5,15,0.003947102432277358
random_budget_aware,0,1,6,16,0.006758327008476786
random_budget_aware,0,1,7,17,0.004387414715296546
random_budget_aware,0,1,8,18,0.006385755076691319
random_budget_aware,0,1,9,19,0.005132558578867477
random_budget_aware,0,1,10,1a,0.004895467349549454
random_budget_aware,0,1,11,1b,0.0040825831347448
random_budget_aware,0,1,12,1c,0.0060470533205227136
random_budget_aware,0,1,13,1d,0.0055390006862698045
random_budget_aware,0,1,14,1e,0.0034390497980244495
random_budget_aware,0,1,15,1f,0.005877702442438411
random_budget_aware,0,2,0,20,0.004159788370511011
random_budget_aware,0,2,1,21,0.004295269072978453
random_budget_aware,0,2,2,22,0.003380774331323218
random_budget_aware,0,2,3,23,0.003075942750771473
random_budget_aware,0,2,4,24,0.003211423453238915
random_budget_aware,0,2,5,25,0.003380774331323218
random_budget_aware,0,2,6,26,0.006191998907522646
random_budget_aware,0,2,7,27,0.003821086614342406
random_budget_aware,0,2,8,28,0.005819426975737179
random_budget_aware,0,2,9,29,0.0045662304779133375
random_budget_aware,0,2,10,2a,0.004329139248595314
random_budget_aware,0,2,11,2b,0.00351625503379066
random_budget_aware,0,2,12,2c,0.005480725219568574
random_budget_aware,0,2,13,2d,0.004972672585315665
random_budget_aware,0,2,14,2e,0.0028727216970703094
random_budget_aware,0,2,15,2f,0.00531137434148427
random_budget_aware,0,3,0,30,0.0061542482043060245
random_budget_aware,0,3,1,31,0.006289728906773467
random_budget_aware,0,3,2,32,0.005375234165118231
random_budget_aware,0,3,3,33,0.005070402584566487
random_budget_aware,0,3,4,34,0.0052058832870339284
random_budget_aware,0,3,5,35,0.005375234165118231
random_budget_aware,0,3,6,36,0.008186458741317659
random_budget_aware,0,3,7,37,0.005815546448137419
random_budget_aware,0,3,8,38,0.007813886809532192
random_budget_aware,0,3,9,39,0.006560690311708351
random_budget_aware,0,3,10,3a,0.006323599082390327
random_budget_aware,0,3,11,3b,0.005510714867585673
random_budget_aware,0,3,12,3c,0.007475185053363587
random_budget_aware,0,3,13,3d,0.006967132419110678
random_budget_aware,0,3,14,3e,0.004867181530865323
random_budget_aware,0,3,15,3f,0.007305834175279284
random_budget_aware,0,4,0,40,0.006622084461615966
random_budget_aware,0,4,1,41,0.006757565164083408
random_budget_aware,0,4,2,42,0.005843070422428173
random_budget_aware,0,4,3,43,0.005538238841876429
random_budget_aware,0,4,4,44,0.00567371954434387
random_budget_aware,0,4,5,45,0.005843070422428173
random_budget_aware,0,4,6,46,0.0086542949986276
random_budget_aware,0,4,7,47,0.006283382705447361
random_budget_aware,0,4,8,48,0.008281723066842134
random_budget_aware,0,4,9,49,0.007028526569018293
random_budget_aware,0,4,10,4a,0.006791435339700269
random_budget_aware,0,4,11,4b,0.005978551124895615
random_budget_aware,0,4,12,4c,0.007943021310673528
random_budget_aware,0,4,13,4d,0.007434968676420619
random_budget_aware,0,4,14,4e,0.005335017788175265
random_budget_aware,0,4,15,4f,0.007773670432589226
random_budget_aware,0,5,0,50,0.007902478428990544
random_budget_aware,0,5,1,51,0.008037959131457986
random_budget_aware,0,5,2,52,0.00712346438980275
random_budget_aware,0,5,3,53,0.0068186328092510054
random_budget_aware,0,5,4,54,0.006954113511718447
random_budget_aware,0,5,5,55,0.00712346438980275
random_budget_aware,0,5,6,56,0.009934688966002178
random_budget_aware,0,5,7,57,0.007563776672821938
random_budget_aware,0,5,8,58,0.009562117034216711
random_budget_aware,0,5,9,59,0.00830892053639287
random_budget_aware,0,5,10,5a,0.008071829307074846
random_budget_aware,0,5,11,5b,0.0072589450922701925
random_budget_aware,0,5,12,5c,0.009223415278048106
random_budget_aware,0,5,13,5d,0.008715362643795197
random_budget_aware,0,5,14,5e,0.006615411755549841
random_budget_aware,0,5,15,5f,0.009054064399963802
random_budget_aware,0,6,0,60,0.0049231001587535465
random_budget_aware,0,6,1,61,0.005058580861220989
random_budget_aware,0,6,2,62,0.004144086119565754
random_budget_aware,0,6,3,63,0.003839254539014009
random_budget_aware,0,6,4,64,0.003974735241481451
random_budget_aware,0,6,5,65,0.004144086119565754
random_budget_aware,0,6,6,66,0.006955310695765182
random_budget_aware,0,6,7,67,0.004584398402584942
random_budget_aware,0,6,8,68,0.006582738763979715
random_budget_aware,0,6,9,69,0.005329542266155873
random_budget_aware,0,6,10,6a,0.00509245103683785
random_budget_aware,0,6,11,6b,0.004279566822033196
random_budget_aware,0,6,12,6c,0.006244037007811109
random_budget_aware,0,6,13,6d,0.0057359843735582
random_budget_aware,0,6,14,6e,0.0036360334853128454
random_budget_aware,0,6,15,6f,0.006074686129726807
random_budget_aware,0,7,0,70,0.003938181722311565
random_budget_aware,0,7,1,71,0.004073662424779008
random_budget_aware,0,7,2,72,0.0031591676831237724
random_budget_aware,0,7,3,73,0.0028543361025720275
random_budget_aware,0,7,4,74,0.0029898168050394693
random_budget_aware,0,7,5,75,0.0031591676831237724
random_budget_aware,0,7,6,76,0.0059703922593232
random_budget_aware,0,7,7,77,0.0035994799661429604
random_budget_aware,0,7,8,78,0.005597820327537733
random_budget_aware,0,7,9,79,0.004344623829713892
random_budget_aware,0,7,10,7a,0.004107532600395868
random_budget_aware,0,7,11,7b,0.0032946483855912146
random_budget_aware,0,7,12,7c,0.0052591185713691275
random_budget_aware,0,7,13,7d,0.0047510659371162185
random_budget_aware,0,7,14,7e,0.002651115048870864
random_budget_aware,0,7,15,7f,0.005089767693284825
random_budget_aware,0,8,0,80,0.005070837924219845
random_budget_aware,0,8,1,81,0.005206318626687287
random_budget_aware,0,8,2,82,0.004291823885032052
random_budget_aware,0,8,3,83,0.003986992304480307
random_budget_aware,0,8,4,84,0.004122473006947749
random_budget_aware,0,8,5,85,0.004291823885032052
random_budget_aware,0,8,6,86,0.00710304846123148
random_budget_aware,0,8,7,87,0.00473213616805124
random_budget_aware,0,8,8,88,0.006730476529446013
random_budget_aware,0,8,9,89,0.005477280031622171
random_budget_aware,0,8,10,8a,0.005240188802304148
random_budget_aware,0,8,11,8b,0.004427304587499494
random_budget_aware,0,8,12,8c,0.006391774773277408
random_budget_aware,0,8,13,8d,0.005883722139024499
random_budget_aware,0,8,14,8e,0.0037837712507791436
random_budget_aware,0,8,15,8f,0.006222423895193105
random_budget_aware,0,9,0,90,0.004479886862354655
random_budget_aware,0,9,1,91,0.0046153675648220975
random_budget_aware,0,9,2,92,0.003700872823166863
random_budget_aware,0,9,3,93,0.003396041242615118
random_budget_aware,0,9,4,94,0.0035315219450825597
random_budget_aware,0,9,5,95,0.003700872823166863
random_budget_aware,0,9,6,96,0.006512097399366291
random_budget_aware,0,9,7,97,0.004141185106186051
random_budget_aware,0,9,8,98,0.006139525467580824
random_budget_aware,0,9,9,99,0.004886328969756982
random_budget_aware,0,9,10,9a,0.004649237740438959
random_budget_aware,0,9,11,9b,0.003836353525634305
random_budget_aware,0,9,12,9c,0.005800823711412218
random_budget_aware,0,9,13,9d,0.005292771077159309
random_budget_aware,0,9,14,9e,0.0031928201889139542
random_budget_aware,0,9,15,9f,0.005631472833327916
random_budget_aware,0,10,0,a0,0.004923100158753547
random_budget_aware,0,10,1,a1,0.0050585808612209895
random_budget_aware,0,10,2,a2,0.004144086119565755
random_budget_aware,0,10,3,a3,0.0038392545390140095
random_budget_aware,0,10,4,a4,0.003974735241481451
random_budget_aware,0,10,5,a5,0.004144086119565755
random_budget_aware,0,10,6,a6,0.006955310695765183
random_budget_aware,0,10,7,a7,0.004584398402584943
random_budget_aware,0,10,8,a8,0.006582738763979716
random_budget_aware,0,10,9,a9,0.005329542266155874
random_budget_aware,0,10,10,aa,0.00509245103683785
random_budget_aware,0,10,11,ab,0.004279566822033197
random_budget_aware,0,10,12,ac,0.00624403700781111
random_budget_aware,0,10,13,ad,0.005735984373558201
random_budget_aware,0,10,14,ae,0.003636033485312846
random_budget_aware,0,10,15,af,0.006074686129726807
random_budget_aware,0,11,0,b0,0.004184411331422061
random_budget_aware,0,11,1,b1,0.004319892033889503
random_budget_aware,0,11,2,b2,0.0034053972922342673
random_budget_aware,0,11,3,b3,0.0031005657116825224
random_budget_aware,0,11,4,b4,0.003236046414149964
random_budget_aware,0,11,5,b5,0.0034053972922342673
random_budget_aware,0,11,6,b6,0.006216621868433695
random_budget_aware,0,11,7,b7,0.0038457095752534552
random_budget_aware,0,11,8,b8,0.005844049936648228
random_budget_aware,0,11,9,b9,0.004590853438824387
random_budget_aware,0,11,10,ba,0.0043537622095063625
random_budget_aware,0,11,11,bb,0.0035408779947017095
random_budget_aware,0,11,12,bc,0.005505348180479623
random_budget_aware,0,11,13,bd,0.004997295546226714
random_budget_aware,0,11,14,be,0.0028973446579813587
random_budget_aware,0,11,15,bf,0.005335997302395319
random_budget_aware,0,12,0,c0,0.004332149096888358
random_budget_aware,0,12,1,c1,0.0044676297993558
random_budget_aware,0,12,2,c2,0.003553135057700565
random_budget_aware,0,12,3,c3,0.00324830347714882
random_budget_aware,0,12,4,c4,0.003383784179616262
random_budget_aware,0,12,5,c5,0.003553135057700565
random_budget_aware,0,12,6,c6,0.006364359633899993
random_budget_aware,0,12,7,c7,0.003993447340719753
random_budget_aware,0,12,8,c8,0.005991787702114526
random_budget_aware,0,12,9,c9,0.0047385912042906845
random_budget_aware,0,12,10,ca,0.004501499974972661
random_budget_aware,0,12,11,cb,0.0036886157601680072
random_budget_aware,0,12,12,cc,0.005653085945945921
random_budget_aware,0,12,13,cd,0.005145033311693012
random_budget_aware,0,12,14,ce,0.0030450824234476565
random_budget_aware,0,12,15,cf,0.005483735067861617
random_budget_aware,0,13,0,d0,0.004923100158753548
random_budget_aware,0,13,1,d1,0.00505858086122099
random_budget_aware,0,13,2,d2,0.004144086119565755
random_budget_aware,0,13,3,d3,0.00383925453901401
random_budget_aware,0,13,4,d4,0.003974735241481451
random_budget_aware,0,13,5,d5,0.004144086119565755
random_budget_aware,0,13,6,d6,0.006955310695765183
random_budget_aware,0,13,7,d7,0.004584398402584943
random_budget_aware,0,13,8,d8,0.006582738763979716
random_budget_aware,0,13,9,d9,0.005329542266155875
random_budget_aware,0,13,10,da,0.00509245103683785
random_budget_aware,0,13,11,db,0.004279566822033197
random_budget_aware,0,13,12,dc,0.00624403700781111
random_budget_aware,0,13,13,dd,0.005735984373558201
random_budget_aware,0,13,14,de,0.0036360334853128462
random_budget_aware,0,13,15,df,0.006074686129726807
random_budget_aware,0,14,0,e0,0.005218575689686141
random_budget_aware,0,14,1,e1,0.005354056392153583
random_budget_aware,0,14,2,e2,0.004439561650498349
random_budget_aware,0,14,3,e3,0.004134730069946604
random_budget_aware,0,14,4,e4,0.004270210772414046
random_budget_aware,0,14,5,e5,0.004439561650498349
random_budget_aware,0,14,6,e6,0.007250786226697776
random_budget_aware,0,14,7,e7,0.0048798739335175366
random_budget_aware,0,14,8,e8,0.0068782142949123095
random_budget_aware,0,14,9,e9,0.005625017797088468
random_budget_aware,0,14,10,ea,0.005387926567770445
random_budget_aware,0,14,11,eb,0.004575042352965791
random_budget_aware,0,14,12,ec,0.006539512538743704
random_budget_aware,0,14,13,ed,0.006031459904490795
random_budget_aware,0,14,14,ee,0.0039315090162454405
random_budget_aware,0,14,15,ef,0.006370161660659401
random_budget_aware,0,15,0,f0,0.005095460885130894
random_budget_aware,0,15,1,f1,0.0052309415875983365
random_budget_aware,0,15,2,f2,0.004316446845943102
random_budget_aware,0,15,3,f3,0.004011615265391356
random_budget_aware,0,15,4,f4,0.004147095967858798
random_budget_aware,0,15,5,f5,0.004316446845943102
random_budget_aware,0,15,6,f6,0.00712767142214253
random_budget_aware,0,15,7,f7,0.00475675912896229
random_budget_aware,0,15,8,f8,0.006755099490357063
random_budget_aware,0,15,9,f9,0.005501902992533221
random_budget_aware,0,15,10,fa,0.005264811763215197
random_budget_aware,0,15,11,fb,0.004451927548410544
random_budget_aware,0,15,12,fc,0.006416397734188457
random_budget_aware,0,15,13,fd,0.005908345099935548
random_budget_aware,0,15,14,fe,0.003808394211690193
random_budget_aware,0,15,15,ff,0.006247046856104154
random_budget_aware,1,0,0,00,0.007064930979684047
random_budget_aware,1,0,1,01,0.005476060137229418
random_budget_aware,1,0,2,02,0.006782465052136556
random_budget_aware,1,0,3,03,0.006146916715154705
random_budget_aware,1,0,4,04,0.00469927883647382
random_budget_aware,1,0,5,05,0.008477260617421494
random_budget_aware,1,0,6,06,0.007700479316665898
random_budget_aware,1,0,7,07,0.00480520355930413
random_budget_aware,1,0,8,08,0.008406644135534621
random_budget_aware,1,0,9,09,0.007700479316665898
random_budget_aware,1,0,10,0a,0.006499999124589067
random_budget_aware,1,0,11,0b,0.007100239220627483
random_budget_aware,1,0,12,0c,0.006076300233267832
random_budget_aware,1,0,13,0d,0.006358766160815322
random_budget_aware,1,0,14,0e,0.007488629871005281
random_budget_aware,1,0,15,0f,0.005264210691568799
random_budget_aware,1,1,0,10,0.008140154457504928
random_budget_aware,1,1,1,11,0.006551283615050299
random_budget_aware,1,1,2,12,0.007857688529957437
random_budget_aware,1,1,3,13,0.007222140192975586
random_budget_aware,1,1,4,14,0.005774502314294701
random_budget_aware,1,1,5,15,0.009552484095242376
random_budget_aware,1,1,6,16,0.008775702794486778
random_budget_aware,1,1,7,17,0.005880427037125011
random_budget_aware,1,1,8,18,0.009481867613355503
random_budget_aware,1,1,9,19,0.008775702794486778
random_budget_aware,1,1,10,1a,0.007575222602409948
random_budget_aware,1,1,11,1b,0.008175462698448363
random_budget_aware,1,1,12,1c,0.007151523711088713
random_budget_aware,1,1,13,1d,0.007433989638636203
random_budget_aware,1,1,14,1e,0.008563853348826162
random_budget_aware,1,1,15,1f,0.00633943416938968
random_budget_aware,1,2,0,20,0.008498562283445222
random_budget_aware,1,2,1,21,0.006909691440990592
random_budget_aware,1,2,2,22,0.00821609635589773
random_budget_aware,1,2,3,23,0.00758054801891588
random_budget_aware,1,2,4,24,0.006132910140234995
random_budget_aware,1,2,5,25,0.00991089192118267
random_budget_aware,1,2,6,26,0.009134110620427072
random_budget_aware,1,2,7,27,0.0062388348630653045
random_budget_aware,1,2,8,28,0.009840275439295797
random_budget_aware,1,2,9,29,0.009134110620427072
random_budget_aware,1,2,10,2a,0.007933630428350241
random_budget_aware,1,2,11,2b,0.008533870524388656
random_budget_aware,1,2,12,2c,0.007509931537029006
random_budget_aware,1,2,13,2d,0.007792397464576497
random_budget_aware,1,2,14,2e,0.008922261174766456
random_budget_aware,1,2,15,2f,0.006697841995329973
random_budget_aware,1,3,0,30,0.008856970109385515
random_budget_aware,1,3,1,31,0.0072680992669308855
random_budget_aware,1,3,2,32,0.008574504181838024
random_budget_aware,1,3,3,33,0.007938955844856172
random_budget_aware,1,3,4,34,0.006491317966175288
random_budget_aware,1,3,5,35,0.010269299747122963
random_budget_aware,1,3,6,36,0.009492518446367365
random_budget_aware,1,3,7,37,0.006597242689005598
random_budget_aware,1,3,8,38,0.01019868326523609
random_budget_aware,1,3,9,39,0.009492518446367365
random_budget_aware,1,3,10,3a,0.008292038254290535
random_budget_aware,1,3,11,3b,0.00889227835032895
random_budget_aware,1,3,12,3c,0.007868339362969299
random_budget_aware,1,3,13,3d,0.00815080529051679
random_budget_aware,1,3,14,3e,0.009280669000706749
random_budget_aware,1,3,15,3f,0.007056249821270267
random_budget_aware,1,4,0,40,0.009046715429000964
random_budget_aware,1,4,1,41,0.007457844586546336
random_budget_aware,1,4,2,42,0.008764249501453474
random_budget_aware,1,4,3,43,0.008128701164471622
random_budget_aware,1,4,4,44,0.0066810632857907375
random_budget_aware,1,4,5,45,0.010459045066738412
random_budget_aware,1,4,6,46,0.009682263765982815
random_budget_aware,1,4,7,47,0.006786988008621047
random_budget_aware,1,4,8,48,0.010388428584851539
random_budget_aware,1,4,9,49,0.009682263765982815
random_budget_aware,1,4,10,4a,0.008481783573905985
random_budget_aware,1,4,11,4b,0.0090820236699444
random_budget_aware,1,4,12,4c,0.00805808468258475
random_budget_aware,1,4,13,4d,0.008340550610132239
random_budget_aware,1,4,14,4e,0.0094704143203222
random_budget_aware,1,4,15,4f,0.007245995140885716
random_budget_aware,1,5,0,50,0.007570918498658579
random_budget_aware,1,5,1,51,0.00598204765620395
random_budget_aware,1,5,2,52,0.007288452571111088
random_budget_aware,1,5,3,53,0.006652904234129237
random_budget_aware,1,5,4,54,0.005205266355448352
random_budget_aware,1,5,5,55,0.008983248136396026
random_budget_aware,1,5,6,56,0.008206466835640431
random_budget_aware,1,5,7,57,0.005311191078278662
random_budget_aware,1,5,8,58,0.008912631654509152
random_budget_aware,1,5,9,59,0.008206466835640431
random_budget_aware,1,5,10,5a,0.007005986643563599
random_budget_aware,1,5,11,5b,0.007606226739602015
random_budget_aware,1,5,12,5c,0.006582287752242364
random_budget_aware,1,5,13,5d,0.006864753679789854
random_budget_aware,1,5,14,5e,0.007994617389979813
random_budget_aware,1,5,15,5f,0.005770198210543331
random_budget_aware,1,6,0,60,0.006959516913231019
random_budget_aware,1,6,1,61,0.005370646070776391
random_budget_aware,1,6,2,62,0.006677050985683528
random_budget_aware,1,6,3,63,0.006041502648701678
random_budget_aware,1,6,4,64,0.004593864770020793
random_budget_aware,1,6,5,65,0.008371846550968468
random_budget_aware,1,6,6,66,0.007595065250212871
random_budget_aware,1,6,7,67,0.004699789492851103
random_budget_aware,1,6,8,68,0.008301230069081594
random_budget_aware,1,6,9,69,0.007595065250212871
random_budget_aware,1,6,10,6a,0.006394585058136039
random_budget_aware,1,6,11,6b,0.006994825154174456
random_budget_aware,1,6,12,6c,0.005970886166814805
random_budget_aware,1,6,13,6d,0.006253352094362294
random_budget_aware,1,6,14,6e,0.007383215804552253
random_budget_aware,1,6,15,6f,0.005158796625115772
random_budget_aware,1,7,0,70,0.007360090365752524
random_budget_aware,1,7,1,71,0.005771219523297896
random_budget_aware,1,7,2,72,0.007077624438205033
random_budget_aware,1,7,3,73,0.006442076101223182
random_budget_aware,1,7,4,74,0.0049944382225422974
random_budget_aware,1,7,5,75,0.008772420003489972
random_budget_aware,1,7,6,76,0.007995638702734375
random_budget_aware,1,7,7,77,0.005100362945372607
random_budget_aware,1,7,8,78,0.008701803521603099
random_budget_aware,1,7,9,79,0.007995638702734375
random_budget_aware,1,7,10,7a,0.006795158510657544
random_budget_aware,1,7,11,7b,0.00739539860669596
random_budget_aware,1,7,12,7c,0.006371459619336309
random_budget_aware,1,7,13,7d,0.006653925546883799
random_budget_aware,1,7,14,7e,0.007783789257073758
random_budget_aware,1,7,15,7f,0.005559370077637276
random_budget_aware,1,8,0,80,0.00972136545430034
random_budget_aware,1,8,1,81,0.008132494611845712
random_budget_aware,1,8,2,82,0.00943889952675285
random_budget_aware,1,8,3,83,0.008803351189770998
random_budget_aware,1,8,4,84,0.007355713311090114
random_budget_aware,1,8,5,85,0.011133695092037788
random_budget_aware,1,8,6,86,0.010356913791282191
random_budget_aware,1,8,7,87,0.007461638033920423
random_budget_aware,1,8,8,88,0.011063078610150915
random_budget_aware,1,8,9,89,0.010356913791282191
random_budget_aware,1,8,10,8a,0.009156433599205361
random_budget_aware,1,8,11,8b,0.009756673695243776
random_budget_aware,1,8,12,8c,0.008732734707884125
random_budget_aware,1,8,13,8d,0.009015200635431615
random_budget_aware,1,8,14,8e,0.010145064345621575
random_budget_aware,1,8,15,8f,0.007920645166185092
random_budget_aware,1,9,0,90,0.010564677985924562
random_budget_aware,1,9,1,91,0.008975807143469933
random_budget_aware,1,9,2,92,0.01028221205837707
random_budget_aware,1,9,3,93,0.00964666372139522
random_budget_aware,1,9,4,94,0.008199025842714334
random_budget_aware,1,9,5,95,0.011977007623662009
random_budget_aware,1,9,6,96,0.011200226322906412
random_budget_aware,1,9,7,97,0.008304950565544644
random_budget_aware,1,9,8,98,0.011906391141775136
random_budget_aware,1,9,9,99,0.011200226322906412
random_budget_aware,1,9,10,9a,0.00999974613082958
random_budget_aware,1,9,11,9b,0.010599986226867997
random_budget_aware,1,9,12,9c,0.009576047239508346
random_budget_aware,1,9,13,9d,0.009858513167055837
random_budget_aware,1,9,14,9e,0.010988376877245794
random_budget_aware,1,9,15,9f,0.008763957697809313
random_budget_aware,1,10,0,a0,0.009784613894172157
random_budget_aware,1,10,1,a1,0.008195743051717528
random_budget_aware,1,10,2,a2,0.009502147966624666
random_budget_aware,1,10,3,a3,0.008866599629642816
random_budget_aware,1,10,4,a4,0.007418961750961931
random_budget_aware,1,10,5,a5,0.011196943531909604
random_budget_aware,1,10,6,a6,0.01042016223115401
random_budget_aware,1,10,7,a7,0.00752488647379224
random_budget_aware,1,10,8,a8,0.01112632705002273
random_budget_aware,1,10,9,a9,0.01042016223115401
random_budget_aware,1,10,10,aa,0.009219682039077177
random_budget_aware,1,10,11,ab,0.009819922135115594
random_budget_aware,1,10,12,ac,0.008795983147755943
random_budget_aware,1,10,13,ad,0.009078449075303432
random_budget_aware,1,10,14,ae,0.010208312785493391
random_budget_aware,1,10,15,af,0.007983893606056908
random_budget_aware,1,11,0,b0,0.008772638856223093
random_budget_aware,1,11,1,b1,0.007183768013768464
random_budget_aware,1,11,2,b2,0.008490172928675602
random_budget_aware,1,11,3,b3,0.00785462459169375
random_budget_aware,1,11,4,b4,0.0064069867130128666
random_budget_aware,1,11,5,b5,0.010184968493960542
random_budget_aware,1,11,6,b6,0.009408187193204944
random_budget_aware,1,11,7,b7,0.006512911435843176
random_budget_aware,1,11,8,b8,0.010114352012073669
random_budget_aware,1,11,9,b9,0.009408187193204944
random_budget_aware,1,11,10,ba,0.008207707001128113
random_budget_aware,1,11,11,bb,0.008807947097166528
random_budget_aware,1,11,12,bc,0.007784008109806878
random_budget_aware,1,11,13,bd,0.008066474037354368
random_budget_aware,1,11,14,be,0.009196337747544327
random_budget_aware,1,11,15,bf,0.006971918568107845
random_budget_aware,1,12,0,c0,0.0072546762992994965
random_budget_aware,1,12,1,c1,0.005665805456844868
random_budget_aware,1,12,2,c2,0.0069722103717520054
random_budget_aware,1,12,3,c3,0.006336662034770155
random_budget_aware,1,12,4,c4,0.0048890241560892705
random_budget_aware,1,12,5,c5,0.008667005937036945
random_budget_aware,1,12,6,c6,0.007890224636281348
random_budget_aware,1,12,7,c7,0.00499494887891958
random_budget_aware,1,12,8,c8,0.008596389455150072
random_budget_aware,1,12,9,c9,0.007890224636281348
random_budget_aware,1,12,10,ca,0.006689744444204516
random_budget_aware,1,12,11,cb,0.007289984540242933
random_budget_aware,1,12,12,cc,0.006266045552883282
random_budget_aware,1,12,13,cd,0.0065485114804307715
random_budget_aware,1,12,14,ce,0.0076783751906207304
random_budget_aware,1,12,15,cf,0.005453956011184249
random_budget_aware,1,13,0,d0,0.009362957628360046
random_budget_aware,1,13,1,d1,0.007774086785905418
random_budget_aware,1,13,2,d2,0.009080491700812557
random_budget_aware,1,13,3,d3,0.008444943363830705
random_budget_aware,1,13,4,d4,0.00699730548514982
random_budget_aware,1,13,5,d5,0.010775287266097494
random_budget_aware,1,13,6,d6,0.009998505965341898
random_budget_aware,1,13,7,d7,0.00710323020798013
random_budget_aware,1,13,8,d8,0.010704670784210621
random_budget_aware,1,13,9,d9,0.009998505965341898
random_budget_aware,1,13,10,da,0.008798025773265068
random_budget_aware,1,13,11,db,0.009398265869303483
random_budget_aware,1,13,12,dc,0.008374326881943832
random_budget_aware,1,13,13,dd,0.008656792809491321
random_budget_aware,1,13,14,de,0.009786656519681282
random_budget_aware,1,13,15,df,0.007562237340244799
random_budget_aware,1,14,0,e0,0.008245568523957955
random_budget_aware,1,14,1,e1,0.006656697681503327
random_budget_aware,1,14,2,e2,0.007963102596410466
random_budget_aware,1,14,3,e3,0.007327554259428614
random_budget_aware,1,14,4,e4,0.005879916380747729
random_budget_aware,1,14,5,e5,0.009657898161695403
random_budget_aware,1,14,6,e6,0.008881116860939807
random_budget_aware,1,14,7,e7,0.005985841103578039
random_budget_aware,1,14,8,e8,0.00958728167980853
random_budget_aware,1,14,9,e9,0.008881116860939807
random_budget_aware,1,14,10,ea,0.007680636668862976
random_budget_aware,1,14,11,eb,0.008280876764901392
random_budget_aware,1,14,12,ec,0.007256937777541741
random_budget_aware,1,14,13,ed,0.007539403705089231
random_budget_aware,1,14,14,ee,0.00866926741527919
random_budget_aware,1,14,15,ef,0.006444848235842708
random_budget_aware,1,15,0,f0,0.009320792001778835
random_budget_aware,1,15,1,f1,0.007731921159324208
random_budget_aware,1,15,2,f2,0.009038326074231346
random_budget_aware,1,15,3,f3,0.008402777737249494
random_budget_aware,1,15,4,f4,0.006955139858568609
random_budget_aware,1,15,5,f5,0.010733121639516284
random_budget_aware,1,15,6,f6,0.009956340338760687
random_budget_aware,1,15,7,f7,0.007061064581398919
random_budget_aware,1,15,8,f8,0.01066250515762941
random_budget_aware,1,15,9,f9,0.009956340338760687
random_budget_aware,1,15,10,fa,0.008755860146683857
random_budget_aware,1,15,11,fb,0.009356100242722272
random_budget_aware,1,15,12,fc,0.008332161255362621
random_budget_aware,1,15,13,fd,0.00861462718291011
random_budget_aware,1,15,14,fe,0.009744490893100071
random_budget_aware,1,15,15,ff,0.007520071713663588
guided_raw,0,0,0,00,0.003953702155243032
guided_raw,0,0,1,01,0.0027331521238894534
guided_raw,0,0,2,02,0.0027620795328894233
guided_raw,0,0,3,03,0.004019022111049416
guided_raw,0,0,4,04,0.002655701319147597
guided_raw,0,0,5,05,0.0031614644055341723
guided_raw,0,0,6,06,0.0028843211644699425
guided_raw,0,0,7,07,0.0022637815843092927
guided_raw,0,0,8,08,0.007570561422465105
guided_raw,0,0,9,09,0.0036550966429852757
guided_raw,0,0,10,0a,0.004394145285823223
guided_raw,0,0,11,0b,0.004763669607242196
guided_raw,0,0,12,0c,0.0030298913516955987
guided_raw,0,0,13,0d,0.003167996401114811
guided_raw,0,0,14,0e,0.002572651661050909
guided_raw,0,0,15,0f,0.003005629653824656
guided_raw,0,1,0,10,0.004338529439774359
guided_raw,0,1,1,11,0.0031179794084207806
guided_raw,0,1,2,12,0.0031469068174207505
guided_raw,0,1,3,13,0.004403849395580743
guided_raw,0,1,4,14,0.0030405286036789244
guided_raw,0,1,5,15,0.0035462916900654996
guided_raw,0,1,6,16,0.0032691484490012697
guided_raw,0,1,7,17,0.0026486088688406203
guided_raw,0,1,8,18,0.007955388706996433
guided_raw,0,1,9,19,0.004039923927516603
guided_raw,0,1,10,1a,0.004778972570354551
guided_raw,0,1,11,1b,0.005148496891773523
guided_raw,0,1,12,1c,0.0034147186362269264
guided_raw,0,1,13,1d,0.003552823685646138
guided_raw,0,1,14,1e,0.002957478945582236
guided_raw,0,1,15,1f,0.0033904569383559837
guided_raw,0,2,0,20,0.005469478689638008
guided_raw,0,2,1,21,0.0042489286582844295
guided_raw,0,2,2,22,0.004277856067284399
guided_raw,0,2,3,23,0.005534798645444392
guided_raw,0,2,4,24,0.004171477853542573
guided_raw,0,2,5,25,0.0046772409399291484
guided_raw,0,2,6,26,0.004400097698864919
guided_raw,0,2,7,27,0.003779558118704269
guided_raw,0,2,8,28,0.00908633795686008
guided_raw,0,2,9,29,0.005170873177380252
guided_raw,0,2,10,2a,0.005909921820218199
guided_raw,0,2,11,2b,0.006279446141637172
guided_raw,0,2,12,2c,0.004545667886090576
guided_raw,0,2,13,2d,0.004683772935509787
guided_raw,0,2,14,2e,0.004088428195445885
guided_raw,0,2,15,2f,0.004521406188219633
guided_raw,0,3,0,30,0.004648606100691687
guided_raw,0,3,1,31,0.003428056069338109
guided_raw,0,3,2,32,0.0034569834783380795
guided_raw,0,3,3,33,0.004713926056498072
guided_raw,0,3,4,34,0.0033506052645962533
guided_raw,0,3,5,35,0.003856368350982828
guided_raw,0,3,6,36,0.003579225109918598
guided_raw,0,3,7,37,0.0029586855297579484
guided_raw,0,3,8,38,0.008265465367913762
guided_raw,0,3,9,39,0.0043500005884339315
guided_raw,0,3,10,3a,0.005089049231271879
guided_raw,0,3,11,3b,0.005458573552690851
guided_raw,0,3,12,3c,0.003724795297144255
guided_raw,0,3,13,3d,0.003862900346563467
guided_raw,0,3,14,3e,0.003267555606499565
guided_raw,0,3,15,3f,0.003700533599273312
guided_raw,0,4,0,40,0.006986639494840653
guided_raw,0,4,1,41,0.0057660894634870745
guided_raw,0,4,2,42,0.0057950168724870445
guided_raw,0,4,3,43,0.007051959450647037
guided_raw,0,4,4,44,0.005688638658745218
guided_raw,0,4,5,45,0.0061944017451317935
guided_raw,0,4,6,46,0.005917258504067564
guided_raw,0,4,7,47,0.005296718923906914
guided_raw,0,4,8,48,0.010603498762062727
guided_raw,0,4,9,49,0.006688033982582897
guided_raw,0,4,10,4a,0.007427082625420845
guided_raw,0,4,11,4b,0.007796606946839817
guided_raw,0,4,12,4c,0.00606282869129322
guided_raw,0,4,13,4d,0.006200933740712432
guided_raw,0,4,14,4e,0.00560558900064853
guided_raw,0,4,15,4f,0.006038566993422277
guided_raw,0,5,0,50,0.009922677877901607
guided_raw,0,5,1,51,0.008702127846548028
guided_raw,0,5,2,52,0.008731055255548
guided_raw,0,5,3,53,0.00998799783370799
guided_raw,0,5,4,54,0.008624677041806172
guided_raw,0,5,5,55,0.009130440128192748
guided_raw,0,5,6,56,0.008853296887128517
guided_raw,0,5,7,57,0.008232757306967868
guided_raw,0,5,8,58,0.013539537145123681
guided_raw,0,5,9,59,0.009624072365643851
guided_raw,0,5,10,5a,0.010363121008481798
guided_raw,0,5,11,5b,0.01073264532990077
guided_raw,0,5,12,5c,0.008998867074354175
guided_raw,0,5,13,5d,0.009136972123773386
guided_raw,0,5,14,5e,0.008541627383709484
guided_raw,0,5,15,5f,0.008974605376483232
guided_raw,0,6,0,60,0.017673210130027157
guided_raw,0,6,1,61,0.016452660098673577
guided_raw,0,6,2,62,0.016481587507673548
guided_raw,0,6,3,63,0.01773853008583354
guided_raw,0,6,4,64,0.01637520929393172
guided_raw,0,6,5,65,0.016880972380318295
guided_raw,0,6,6,66,0.016603829139254067
guided_raw,0,6,7,67,0.015983289559093415
guided_raw,0,6,8,68,0.02129006939724923
guided_raw,0,6,9,69,0.0173746046177694
guided_raw,0,6,10,6a,0.01811365326060735
guided_raw,0,6,11,6b,0.01848317758202632
guided_raw,0,6,12,6c,0.016749399326479723
guided_raw,0,6,13,6d,0.016887504375898935
guided_raw,0,6,14,6e,0.016292159635835034
guided_raw,0,6,15,6f,0.01672513762860878
guided_raw,0,7,0,70,0.007598487191829309
guided_raw,0,7,1,71,0.00637793716047573
guided_raw,0,7,2,72,0.0064068645694757
guided_raw,0,7,3,73,0.007663807147635693
guided_raw,0,7,4,74,0.006300486355733874
guided_raw,0,7,5,75,0.006806249442120449
guided_raw,0,7,6,76,0.006529106201056219
guided_raw,0,7,7,77,0.00590856662089557
guided_raw,0,7,8,78,0.011215346459051381
guided_raw,0,7,9,79,0.007299881679571553
guided_raw,0,7,10,7a,0.0080389303224095
guided_raw,0,7,11,7b,0.008408454643828472
guided_raw,0,7,12,7c,0.006674676388281876
guided_raw,0,7,13,7d,0.006812781437701088
guided_raw,0,7,14,7e,0.006217436697637186
guided_raw,0,7,15,7f,0.006650414690410934
guided_raw,0,8,0,80,0.0031162183166047117
guided_raw,0,8,1,81,0.001895668285251133
guided_raw,0,8,2,82,0.001924595694251103
guided_raw,0,8,3,83,0.0031815382724110957
guided_raw,0,8,4,84,0.001818217480509277
guided_raw,0,8,5,85,0.002323980566895852
guided_raw,0,8,6,86,0.0020468373258316222
guided_raw,0,8,7,87,0.0014262977456709724
guided_raw,0,8,8,88,0.006733077583826785
guided_raw,0,8,9,89,0.0028176128043469555
guided_raw,0,8,10,8a,0.003556661447184903
guided_raw,0,8,11,8b,0.003926185768603875
guided_raw,0,8,12,8c,0.0021924075130572785
guided_raw,0,8,13,8d,0.0023305125624764906
guided_raw,0,8,14,8e,0.0017351678224125887
guided_raw,0,8,15,8f,0.0021681458151863358
guided_raw,0,9,0,90,0.0034304477899450396
guided_raw,0,9,1,91,0.002209897758591461
guided_raw,0,9,2,92,0.0022388251675914315
guided_raw,0,9,3,93,0.0034957677457514236
guided_raw,0,9,4,94,0.0021324469538496053
guided_raw,0,9,5,95,0.00263821004023618
guided_raw,0,9,6,96,0.00236106679917195
guided_raw,0,9,7,97,0.0017405272190113008
guided_raw,0,9,8,98,0.007047307057167113
guided_raw,0,9,9,99,0.003131842277687284
guided_raw,0,9,10,9a,0.0038708909205252317
guided_raw,0,9,11,9b,0.004240415241944203
guided_raw,0,9,12,9c,0.0025066369863976073
guided_raw,0,9,13,9d,0.002644742035816819
guided_raw,0,9,14,9e,0.002049397295752917
guided_raw,0,9,15,9f,0.0024823752885266646
guided_raw,0,10,0,a0,0.002880892279301382
guided_raw,0,10,1,a1,0.0016603422479478031
guided_raw,0,10,2,a2,0.0016892696569477733
guided_raw,0,10,3,a3,0.002946212235107766
guided_raw,0,10,4,a4,0.001582891443205947
guided_raw,0,10,5,a5,0.0020886545295925223
guided_raw,0,10,6,a6,0.0018115112885282922
guided_raw,0,10,7,a7,0.0011909717083676426
guided_raw,0,10,8,a8,0.006497751546523455
guided_raw,0,10,9,a9,0.0025822867670436257
guided_raw,0,10,10,aa,0.003321335409881573
guided_raw,0,10,11,ab,0.0036908597313005456
guided_raw,0,10,12,ac,0.0019570814757539487
guided_raw,0,10,13,ad,0.002095186525173161
guided_raw,0,10,14,ae,0.0014998417851092589
guided_raw,0,10,15,af,0.0019328197778830062
guided_raw,0,11,0,b0,0.00340968372783004
guided_raw,0,11,1,b1,0.0021891336964764614
guided_raw,0,11,2,b2,0.0022180611054764317
guided_raw,0,11,3,b3,0.003475003683636424
guided_raw,0,11,4,b4,0.0021116828917346056
guided_raw,0,11,5,b5,0.0026174459781211803
guided_raw,0,11,6,b6,0.0023403027370569505
guided_raw,0,11,7,b7,0.0017197631568963009
guided_raw,0,11,8,b8,0.007026542995052114
guided_raw,0,11,9,b9,0.0031110782155722837
guided_raw,0,11,10,ba,0.0038501268584102315
guided_raw,0,11,11,bb,0.004219651179829203
guided_raw,0,11,12,bc,0.002485872924282607
guided_raw,0,11,13,bd,0.0026239779737018193
guided_raw,0,11,14,be,0.0020286332336379173
guided_raw,0,11,15,bf,0.0024616112264116644
guided_raw,0,12,0,c0,0.0029847125898763796
guided_raw,0,12,1,c1,0.001764162558522801
guided_raw,0,12,2,c2,0.0017930899675227712
guided_raw,0,12,3,c3,0.0030500325456827636
guided_raw,0,12,4,c4,0.001686711753780945
guided_raw,0,12,5,c5,0.00219247484016752
guided_raw,0,12,6,c6,0.0019153315991032901
guided_raw,0,12,7,c7,0.0012947920189426405
guided_raw,0,12,8,c8,0.0066015718570984535
guided_raw,0,12,9,c9,0.0026861070776186234
guided_raw,0,12,10,ca,0.003425155720456571
guided_raw,0,12,11,cb,0.0037946800418755433
guided_raw,0,12,12,cc,0.002060901786328947
guided_raw,0,12,13,cd,0.002199006835748159
guided_raw,0,12,14,ce,0.0016036620956842568
guided_raw,0,12,15,cf,0.002036640088458004
guided_raw,0,13,0,d0,0.008103746036627635
guided_raw,0,13,1,d1,0.006883196005274057
guided_raw,0,13,2,d2,0.006912123414274027
guided_raw,0,13,3,d3,0.00816906599243402
guided_raw,0,13,4,d4,0.0068057452005322
guided_raw,0,13,5,d5,0.007311508286918776
guided_raw,0,13,6,d6,0.007034365045854546
guided_raw,0,13,7,d7,0.006413825465693896
guided_raw,0,13,8,d8,0.011720605303849708
guided_raw,0,13,9,d9,0.0078051405243698795
guided_raw,0,13,10,da,0.008544189167207826
guided_raw,0,13,11,db,0.008913713488626799
guided_raw,0,13,12,dc,0.007179935233080203
guided_raw,0,13,13,dd,0.007318040282499414
guided_raw,0,13,14,de,0.006722695542435512
guided_raw,0,13,15,df,0.00715567353520926
guided_raw,0,14,0,e0,0.006462000858734994
guided_raw,0,14,1,e1,0.005241450827381415
guided_raw,0,14,2,e2,0.005270378236381385
guided_raw,0,14,3,e3,0.006527320814541378
guided_raw,0,14,4,e4,0.005164000022639559
guided_raw,0,14,5,e5,0.005669763109026134
guided_raw,0,14,6,e6,0.005392619867961904
guided_raw,0,14,7,e7,0.004772080287801255
guided_raw,0,14,8,e8,0.010078860125957066
guided_raw,0,14,9,e9,0.006163395346477238
guided_raw,0,14,10,ea,0.006902443989315185
guided_raw,0,14,11,eb,0.007271968310734157
guided_raw,0,14,12,ec,0.005538190055187561
guided_raw,0,14,13,ed,0.0056762951046067725
guided_raw,0,14,14,ee,0.005080950364542871
guided_raw,0,14,15,ef,0.0055139283573166185
guided_raw,0,15,0,f0,0.003924632468282032
guided_raw,0,15,1,f1,0.0027040824369284535
guided_raw,0,15,2,f2,0.0027330098459284234
guided_raw,0,15,3,f3,0.003989952424088416
guided_raw,0,15,4,f4,0.0026266316321865973
guided_raw,0,15,5,f5,0.0031323947185731725
guided_raw,0,15,6,f6,0.0028552514775089426
guided_raw,0,15,7,f7,0.002234711897348293
guided_raw,0,15,8,f8,0.0075414917355041055
guided_raw,0,15,9,f9,0.003626026956024276
guided_raw,0,15,10,fa,0.004365075598862223
guided_raw,0,15,11,fb,0.004734599920281196
guided_raw,0,15,12,fc,0.003000821664734599
guided_raw,0,15,13,fd,0.003138926714153811
guided_raw,0,15,14,fe,0.002543581974089909
guided_raw,0,15,15,ff,0.002976559966863656
guided_raw,1,0,0,00,0.003402047293100797
guided_raw,1,0,1,01,0.003941622774156143
guided_raw,1,0,2,02,0.0031491212863561037
guided_raw,1,0,3,03,0.0034268439604287085
guided_raw,1,0,4,04,0.0032760802230750088
guided_raw,1,0,5,05,0.004962253601372965
guided_raw,1,0,6,06,0.0046190677255546755
guided_raw,1,0,7,07,0.0038761595724104577
guided_raw,1,0,8,08,0.0037958183702680257
guided_raw,1,0,9,09,0.003943606507542376
guided_raw,1,0,10,0a,0.0036480302329936756
guided_raw,1,0,11,0b,0.003841444238151382
guided_raw,1,0,12,0c,0.0057745924230353345
guided_raw,1,0,13,0d,0.0059818925618966715
guided_raw,1,0,14,0e,0.00917173584695916
guided_raw,1,0,15,0f,0.005087228804705638
guided_raw,1,1,0,10,0.0029604369785407075
guided_raw,1,1,1,11,0.0035000124595960538
guided_raw,1,1,2,12,0.002707510971796014
guided_raw,1,1,3,13,0.002985233645868619
guided_raw,1,1,4,14,0.002834469908514919
guided_raw,1,1,5,15,0.004520643286812875
guided_raw,1,1,6,16,0.004177457410994586
guided_raw,1,1,7,17,0.003434549257850368
guided_raw,1,1,8,18,0.003354208055707936
guided_raw,1,1,9,19,0.0035019961929822867
guided_raw,1,1,10,1a,0.0032064199184335855
guided_raw,1,1,11,1b,0.0033998339235912925
guided_raw,1,1,12,1c,0.005332982108475244
guided_raw,1,1,13,1d,0.005540282247336582
guided_raw,1,1,14,1e,0.00873012553239907
guided_raw,1,1,15,1f,0.004645618490145548
guided_raw,1,2,0,20,0.0018541348503128548
guided_raw,1,2,1,21,0.002393710331368201
guided_raw,1,2,2,22,0.0016012088435681613
guided_raw,1,2,3,23,0.001878931517640766
guided_raw,1,2,4,24,0.0017281677802870664
guided_raw,1,2,5,25,0.0034143411585850227
guided_raw,1,2,6,26,0.003071155282766733
guided_raw,1,2,7,27,0.0023282471296225153
guided_raw,1,2,8,28,0.0022479059274800833
guided_raw,1,2,9,29,0.002395694064754434
guided_raw,1,2,10,2a,0.0021001177902057327
guided_raw,1,2,11,2b,0.0022935317953634397
guided_raw,1,2,12,2c,0.0042266799802473925
guided_raw,1,2,13,2d,0.004433980119108729
guided_raw,1,2,14,2e,0.007623823404171216
guided_raw,1,2,15,2f,0.0035393163619176953
guided_raw,1,3,0,30,0.0051563480615937985
guided_raw,1,3,1,31,0.005695923542649145
guided_raw,1,3,2,32,0.0049034220548491055
guided_raw,1,3,3,33,0.00518114472892171
guided_raw,1,3,4,34,0.00503038099156801
guided_raw,1,3,5,35,0.006716554369865966
guided_raw,1,3,6,36,0.006373368494047677
guided_raw,1,3,7,37,0.0056304603409034586
guided_raw,1,3,8,38,0.005550119138761027
guided_raw,1,3,9,39,0.005697907276035377
guided_raw,1,3,10,3a,0.005402331001486677
guided_raw,1,3,11,3b,0.005595745006644384
guided_raw,1,3,12,3c,0.007528893191528336
guided_raw,1,3,13,3d,0.007736193330389673
guided_raw,1,3,14,3e,0.01092603661545216
guided_raw,1,3,15,3f,0.006841529573198639
guided_raw,1,4,0,40,0.0018829685134628266
guided_raw,1,4,1,41,0.0024225439945181728
guided_raw,1,4,2,42,0.0016300425067181331
guided_raw,1,4,3,43,0.001907765180790738
guided_raw,1,4,4,44,0.0017570014434370382
guided_raw,1,4,5,45,0.0034431748217349945
guided_raw,1,4,6,46,0.003099988945916705
guided_raw,1,4,7,47,0.002357080792772487
guided_raw,1,4,8,48,0.002276739590630055
guided_raw,1,4,9,49,0.0024245277279044053
guided_raw,1,4,10,4a,0.002128951453355705
guided_raw,1,4,11,4b,0.0023223654585134115
guided_raw,1,4,12,4c,0.004255513643397364
guided_raw,1,4,13,4d,0.004462813782258701
guided_raw,1,4,14,4e,0.007652657067321188
guided_raw,1,4,15,4f,0.003568150025067667
guided_raw,1,5,0,50,0.002212279297859869
guided_raw,1,5,1,51,0.002751854778915215
guided_raw,1,5,2,52,0.0019593532911151754
guided_raw,1,5,3,53,0.0022370759651877802
guided_raw,1,5,4,54,0.0020863122278340805
guided_raw,1,5,5,55,0.003772485606132037
guided_raw,1,5,6,56,0.003429299730313747
guided_raw,1,5,7,57,0.0026863915771695294
guided_raw,1,5,8,58,0.0026060503750270974
guided_raw,1,5,9,59,0.0027538385123014476
guided_raw,1,5,10,5a,0.0024582622377527473
guided_raw,1,5,11,5b,0.002651676242910454
guided_raw,1,5,12,5c,0.004584824427794406
guided_raw,1,5,13,5d,0.004792124566655743
guided_raw,1,5,14,5e,0.00798196785171823
guided_raw,1,5,15,5f,0.0038974608094647094
guided_raw,1,6,0,60,0.001656851891918313
guided_raw,1,6,1,61,0.0021964273729736593
guided_raw,1,6,2,62,0.0014039258851736198
guided_raw,1,6,3,63,0.0016816485592462244
guided_raw,1,6,4,64,0.0015308848218925247
guided_raw,1,6,5,65,0.003217058200190481
guided_raw,1,6,6,66,0.0028738723243721914
guided_raw,1,6,7,67,0.0021309641712279736
guided_raw,1,6,8,68,0.0020506229690855416
guided_raw,1,6,9,69,0.002198411106359892
guided_raw,1,6,10,6a,0.0019028348318111915
guided_raw,1,6,11,6b,0.002096248836968898
guided_raw,1,6,12,6c,0.004029397021852851
guided_raw,1,6,13,6d,0.004236697160714188
guided_raw,1,6,14,6e,0.007426540445776675
guided_raw,1,6,15,6f,0.0033420334035231536
guided_raw,1,7,0,70,0.0035325575578848785
guided_raw,1,7,1,71,0.004072133038940225
guided_raw,1,7,2,72,0.003279631551140185
guided_raw,1,7,3,73,0.00355735422521279
guided_raw,1,7,4,74,0.00340659048785909
guided_raw,1,7,5,75,0.005092763866157046
guided_raw,1,7,6,76,0.004749577990338757
guided_raw,1,7,7,77,0.0040066698371945385
guided_raw,1,7,8,78,0.003926328635052107
guided_raw,1,7,9,79,0.004074116772326457
guided_raw,1,7,10,7a,0.003778540497777757
guided_raw,1,7,11,7b,0.003971954502935464
guided_raw,1,7,12,7c,0.005905102687819416
guided_raw,1,7,13,7d,0.006112402826680753
guided_raw,1,7,14,7e,0.00930224611174324
guided_raw,1,7,15,7f,0.0052177390694897186
guided_raw,1,8,0,80,0.014955240848928835
guided_raw,1,8,1,81,0.015494816329984182
guided_raw,1,8,2,82,0.014702314842184143
guided_raw,1,8,3,83,0.014980037516256747
guided_raw,1,8,4,84,0.014829273778903047
guided_raw,1,8,5,85,0.016515447157201005
guided_raw,1,8,6,86,0.016172261281382716
guided_raw,1,8,7,87,0.015429353128238496
guided_raw,1,8,8,88,0.015349011926096064
guided_raw,1,8,9,89,0.015496800063370415
guided_raw,1,8,10,8a,0.015201223788821714
guided_raw,1,8,11,8b,0.015394637793979421
guided_raw,1,8,12,8c,0.017327785978863374
guided_raw,1,8,13,8d,0.01753508611772471
guided_raw,1,8,14,8e,0.020724929402787196
guided_raw,1,8,15,8f,0.016640422360533678
guided_raw,1,9,0,90,0.005899953058619378
guided_raw,1,9,1,91,0.006439528539674724
guided_raw,1,9,2,92,0.005647027051874685
guided_raw,1,9,3,93,0.005924749725947289
guided_raw,1,9,4,94,0.0057739859885935895
guided_raw,1,9,5,95,0.007460159366891546
guided_raw,1,9,6,96,0.007116973491073256
guided_raw,1,9,7,97,0.006374065337929039
guided_raw,1,9,8,98,0.0062937241357866065
guided_raw,1,9,9,99,0.006441512273060957
guided_raw,1,9,10,9a,0.006145935998512256
guided_raw,1,9,11,9b,0.0063393500036699624
guided_raw,1,9,12,9c,0.008272498188553915
guided_raw,1,9,13,9d,0.008479798327415251
guided_raw,1,9,14,9e,0.01166964161247774
guided_raw,1,9,15,9f,0.007585134570224219
guided_raw,1,10,0,a0,0.004737501165310002
guided_raw,1,10,1,a1,0.005277076646365348
guided_raw,1,10,2,a2,0.004484575158565309
guided_raw,1,10,3,a3,0.004762297832637913
guided_raw,1,10,4,a4,0.004611534095284213
guided_raw,1,10,5,a5,0.00629770747358217
guided_raw,1,10,6,a6,0.00595452159776388
guided_raw,1,10,7,a7,0.005211613444619663
guided_raw,1,10,8,a8,0.00513127224247723
guided_raw,1,10,9,a9,0.00527906037975158
guided_raw,1,10,10,aa,0.00498348410520288
guided_raw,1,10,11,ab,0.005176898110360586
guided_raw,1,10,12,ac,0.007110046295244539
guided_raw,1,10,13,ad,0.007317346434105876
guided_raw,1,10,14,ae,0.010507189719168364
guided_raw,1,10,15,af,0.006422682676914843
guided_raw,1,11,0,b0,0.007158011308689185
guided_raw,1,11,1,b1,0.007697586789744531
guided_raw,1,11,2,b2,0.006905085301944492
guided_raw,1,11,3,b3,0.007182807976017096
guided_raw,1,11,4,b4,0.007032044238663397
guided_raw,1,11,5,b5,0.008718217616961354
guided_raw,1,11,6,b6,0.008375031741143063
guided_raw,1,11,7,b7,0.007632123587998845
guided_raw,1,11,8,b8,0.007551782385856414
guided_raw,1,11,9,b9,0.007699570523130764
guided_raw,1,11,10,ba,0.0074039942485820635
guided_raw,1,11,11,bb,0.0075974082537397705
guided_raw,1,11,12,bc,0.009530556438623723
guided_raw,1,11,13,bd,0.00973785657748506
guided_raw,1,11,14,be,0.012927699862547546
guided_raw,1,11,15,bf,0.008843192820294025
guided_raw,1,12,0,c0,0.003148614569624732
guided_raw,1,12,1,c1,0.0036881900506800782
guided_raw,1,12,2,c2,0.0028956885628800386
guided_raw,1,12,3,c3,0.0031734112369526434
guided_raw,1,12,4,c4,0.0030226474995989436
guided_raw,1,12,5,c5,0.0047088208778969
guided_raw,1,12,6,c6,0.00436563500207861
guided_raw,1,12,7,c7,0.0036227268489343926
guided_raw,1,12,8,c8,0.0035423856467919606
guided_raw,1,12,9,c9,0.0036901737840663107
guided_raw,1,12,10,ca,0.0033945975095176105
guided_raw,1,12,11,cb,0.003588011514675317
guided_raw,1,12,12,cc,0.005521159699559269
guided_raw,1,12,13,cd,0.005728459838420606
guided_raw,1,12,14,ce,0.008918303123483094
guided_raw,1,12,15,cf,0.004833796081229573
guided_raw,1,13,0,d0,0.0032518087324772613
guided_raw,1,13,1,d1,0.0037913842135326075
guided_raw,1,13,2,d2,0.002998882725732568
guided_raw,1,13,3,d3,0.0032766053998051726
guided_raw,1,13,4,d4,0.003125841662451473
guided_raw,1,13,5,d5,0.004812015040749429
guided_raw,1,13,6,d6,0.00446882916493114
guided_raw,1,13,7,d7,0.003725921011786922
guided_raw,1,13,8,d8,0.00364557980964449
guided_raw,1,13,9,d9,0.00379336794691884
guided_raw,1,13,10,da,0.0034977916723701397
guided_raw,1,13,11,db,0.0036912056775278462
guided_raw,1,13,12,dc,0.0056243538624117986
guided_raw,1,13,13,dd,0.005831654001273136
guided_raw,1,13,14,de,0.009021497286335622
guided_raw,1,13,15,df,0.004936990244082102
guided_raw,1,14,0,e0,0.003860350781063502
guided_raw,1,14,1,e1,0.004399926262118848
guided_raw,1,14,2,e2,0.0036074247743188084
guided_raw,1,14,3,e3,0.0038851474483914132
guided_raw,1,14,4,e4,0.0037343837110377135
guided_raw,1,14,5,e5,0.00542055708933567
guided_raw,1,14,6,e6,0.00507737121351738
guided_raw,1,14,7,e7,0.004334463060373162
guided_raw,1,14,8,e8,0.004254121858230731
guided_raw,1,14,9,e9,0.004401909995505081
guided_raw,1,14,10,ea,0.00410633372095638
guided_raw,1,14,11,eb,0.004299747726114087
guided_raw,1,14,12,ec,0.00623289591099804
guided_raw,1,14,13,ed,0.006440196049859376
guided_raw,1,14,14,ee,0.009630039334921863
guided_raw,1,14,15,ef,0.005545532292668342
guided_raw,1,15,0,f0,0.0023852812767596976
guided_raw,1,15,1,f1,0.0029248567578150438
guided_raw,1,15,2,f2,0.002132355270015004
guided_raw,1,15,3,f3,0.002410077944087609
guided_raw,1,15,4,f4,0.002259314206733909
guided_raw,1,15,5,f5,0.003945487585031866
guided_raw,1,15,6,f6,0.003602301709213576
guided_raw,1,15,7,f7,0.002859393556069358
guided_raw,1,15,8,f8,0.002779052353926926
guided_raw,1,15,9,f9,0.0029268404912012767
guided_raw,1,15,10,fa,0.0026312642166525756
guided_raw,1,15,11,fb,0.0028246782218102826
guided_raw,1,15,12,fc,0.004757826406694235
guided_raw,1,15,13,fd,0.0049651265455555715
guided_raw,1,15,14,fe,0.008154969830618058
guided_raw,1,15,15,ff,0.004070462788364538
guided_threshold,0,0,0,00,0.003953702155243032
guided_threshold,0,0,1,01,0.0027331521238894534
guided_threshold,0,0,2,02,0.0027620795328894233
guided_threshold,0,0,3,03,0.004019022111049416
guided_threshold,0,0,4,04,0.002655701319147597
guided_threshold,0,0,5,05,0.0031614644055341723
guided_threshold,0,0,6,06,0.0028843211644699425
guided_threshold,0,0,7,07,0.0022637815843092927
guided_threshold,0,0,8,08,0.007570561422465105
guided_threshold,0,0,9,09,0.0036550966429852757
guided_threshold,0,0,10,0a,0.004394145285823223
guided_threshold,0,0,11,0b,0.004763669607242196
guided_threshold,0,0,12,0c,0.0030298913516955987
guided_threshold,0,0,13,0d,0.003167996401114811
guided_threshold,0,0,14,0e,0.002572651661050909
guided_threshold,0,0,15,0f,0.003005629653824656
guided_threshold,0,1,0,10,0.004338529439774359
guided_threshold,0,1,1,11,0.0031179794084207806
guided_threshold,0,1,2,12,0.0031469068174207505
guided_threshold,0,1,3,13,0.004403849395580743
guided_threshold,0,1,4,14,0.0030405286036789244
guided_threshold,0,1,5,15,0.0035462916900654996
guided_threshold,0,1,6,16,0.0032691484490012697
guided_threshold,0,1,7,17,0.0026486088688406203
guided_threshold,0,1,8,18,0.007955388706996433
guided_threshold,0,1,9,19,0.004039923927516603
guided_threshold,0,1,10,1a,0.004778972570354551
guided_threshold,0,1,11,1b,0.005148496891773523
guided_threshold,0,1,12,1c,0.0034147186362269264
guided_threshold,0,1,13,1d,0.003552823685646138
guided_threshold,0,1,14,1e,0.002957478945582236
guided_threshold,0,1,15,1f,0.0033904569383559837
guided_threshold,0,2,0,20,0.005469478689638008
guided_threshold,0,2,1,21,0.0042489286582844295
guided_threshold,0,2,2,22,0.004277856067284399
guided_threshold,0,2,3,23,0.005534798645444392
guided_threshold,0,2,4,24,0.004171477853542573
guided_threshold,0,2,5,25,0.0046772409399291484
guided_threshold,0,2,6,26,0.004400097698864919
guided_threshold,0,2,7,27,0.003779558118704269
guided_threshold,0,2,8,28,0.00908633795686008
guided_threshold,0,2,9,29,0.005170873177380252
guided_threshold,0,2,10,2a,0.005909921820218199
guided_threshold,0,2,11,2b,0.006279446141637172
guided_threshold,0,2,12,2c,0.004545667886090576
guided_threshold,0,2,13,2d,0.004683772935509787
guided_threshold,0,2,14,2e,0.004088428195445885
guided_threshold,0,2,15,2f,0.004521406188219633
guided_threshold,0,3,0,30,0.004648606100691687
guided_threshold,0,3,1,31,0.003428056069338109
guided_threshold,0,3,2,32,0.0034569834783380795
guided_threshold,0,3,3,33,0.004713926056498072
guided_threshold,0,3,4,34,0.0033506052645962533
guided_threshold,0,3,5,35,0.003856368350982828
guided_threshold,0,3,6,36,0.003579225109918598
guided_threshold,0,3,7,37,0.0029586855297579484
guided_threshold,0,3,8,38,0.008265465367913762
guided_threshold,0,3,9,39,0.0043500005884339315
guided_threshold,0,3,10,3a,0.005089049231271879
guided_threshold,0,3,11,3b,0.005458573552690851
guided_threshold,0,3,12,3c,0.003724795297144255
guided_threshold,0,3,13,3d,0.003862900346563467
guided_threshold,0,3,14,3e,0.003267555606499565
guided_threshold,0,3,15,3f,0.003700533599273312
guided_threshold,0,4,0,40,0.006986639494840653
guided_threshold,0,4,1,41,0.0057660894634870745
guided_threshold,0,4,2,42,0.0057950168724870445
guided_threshold,0,4,3,43,0.007051959450647037
guided_threshold,0,4,4,44,0.005688638658745218
guided_threshold,0,4,5,45,0.0061944017451317935
guided_threshold,0,4,6,46,0.005917258504067564
guided_threshold,0,4,7,47,0.005296718923906914
guided_threshold,0,4,8,48,0.010603498762062727
guided_threshold,0,4,9,49,0.006688033982582897
guided_threshold,0,4,10,4a,0.007427082625420845
guided_threshold,0,4,11,4b,0.007796606946839817
guided_threshold,0,4,12,4c,0.00606282869129322
guided_threshold,0,4,13,4d,0.006200933740712432
guided_threshold,0,4,14,4e,0.00560558900064853
guided_threshold,0,4,15,4f,0.006038566993422277
guided_threshold,0,5,0,50,0.009922677877901607
guided_threshold,0,5,1,51,0.008702127846548028
guided_threshold,0,5,2,52,0.008731055255548
guided_threshold,0,5,3,53,0.00998799783370799
guided_threshold,0,5,4,54,0.008624677041806172
guided_threshold,0,5,5,55,0.009130440128192748
guided_threshold,0,5,6,56,0.008853296887128517
guided_threshold,0,5,7,57,0.008232757306967868
guided_threshold,0,5,8,58,0.013539537145123681
guided_threshold,0,5,9,59,0.009624072365643851
guided_threshold,0,5,10,5a,0.010363121008481798
guided_threshold,0,5,11,5b,0.01073264532990077
guided_threshold,0,5,12,5c,0.008998867074354175
guided_threshold,0,5,13,5d,0.009136972123773386
guided_threshold,0,5,14,5e,0.008541627383709484
guided_threshold,0,5,15,5f,0.008974605376483232
guided_threshold,0,6,0,60,0.017673210130027157
guided_threshold,0,6,1,61,0.016452660098673577
guided_threshold,0,6,2,62,0.016481587507673548
guided_threshold,0,6,3,63,0.01773853008583354
guided_threshold,0,6,4,64,0.01637520929393172
guided_threshold,0,6,5,65,0.016880972380318295
guided_threshold,0,6,6,66,0.016603829139254067
guided_threshold,0,6,7,67,0.015983289559093415
guided_threshold,0,6,8,68,0.02129006939724923
guided_threshold,0,6,9,69,0.0173746046177694
guided_threshold,0,6,10,6a,0.01811365326060735
guided_threshold,0,6,11,6b,0.01848317758202632
guided_threshold,0,6,12,6c,0.016749399326479723
guided_threshold,0,6,13,6d,0.016887504375898935
guided_threshold,0,6,14,6e,0.016292159635835034
guided_threshold,0,6,15,6f,0.01672513762860878
guided_threshold,0,7,0,70,0.007598487191829309
guided_threshold,0,7,1,71,0.00637793716047573
guided_threshold,0,7,2,72,0.0064068645694757
guided_threshold,0,7,3,73,0.007663807147635693
guided_threshold,0,7,4,74,0.006300486355733874
guided_threshold,0,7,5,75,0.006806249442120449
guided_threshold,0,7,6,76,0.006529106201056219
guided_threshold,0,7,7,77,0.00590856662089557
guided_threshold,0,7,8,78,0.011215346459051381
guided_threshold,0,7,9,79,0.007299881679571553
guided_threshold,0,7,10,7a,0.0080389303224095
guided_threshold,0,7,11,7b,0.008408454643828472
guided_threshold,0,7,12,7c,0.006674676388281876
guided_threshold,0,7,13,7d,0.006812781437701088
guided_threshold,0,7,14,7e,0.006217436697637186
guided_threshold,0,7,15,7f,0.006650414690410934
guided_threshold,0,8,0,80,0.0031162183166047117
guided_threshold,0,8,1,81,0.001895668285251133
guided_threshold,0,8,2,82,0.001924595694251103
guided_threshold,0,8,3,83,0.0031815382724110957
guided_threshold,0,8,4,84,0.001818217480509277
guided_threshold,0,8,5,85,0.002323980566895852
guided_threshold,0,8,6,86,0.0020468373258316222
guided_threshold,0,8,7,87,0.0014262977456709724
guided_threshold,0,8,8,88,0.006733077583826785
guided_threshold,0,8,9,89,0.0028176128043469555
guided_threshold,0,8,10,8a,0.003556661447184903
guided_threshold,0,8,11,8b,0.003926185768603875
guided_threshold,0,8,12,8c,0.0021924075130572785
guided_threshold,0,8,13,8d,0.0023305125624764906
guided_threshold,0,8,14,8e,0.0017351678224125887
guided_threshold,0,8,15,8f,0.0021681458151863358
guided_threshold,0,9,0,90,0.0034304477899450396
guided_threshold,0,9,1,91,0.002209897758591461
guided_threshold,0,9,2,92,0.0022388251675914315
guided_threshold,0,9,3,93,0.0034957677457514236
guided_threshold,0,9,4,94,0.0021324469538496053
guided_threshold,0,9,5,95,0.00263821004023618
guided_threshold,0,9,6,96,0.00236106679917195
guided_threshold,0,9,7,97,0.0017405272190113008
guided_threshold,0,9,8,98,0.007047307057167113
guided_threshold,0,9,9,99,0.003131842277687284
guided_threshold,0,9,10,9a,0.0038708909205252317
guided_threshold,0,9,11,9b,0.004240415241944203
guided_threshold,0,9,12,9c,0.0025066369863976073
guided_threshold,0,9,13,9d,0.002644742035816819
guided_threshold,0,9,14,9e,0.002049397295752917
guided_threshold,0,9,15,9f,0.0024823752885266646
guided_threshold,0,10,0,a0,0.002880892279301382
guided_threshold,0,10,1,a1,0.0016603422479478031
guided_threshold,0,10,2,a2,0.0016892696569477733
guided_threshold,0,10,3,a3,0.002946212235107766
guided_threshold,0,10,4,a4,0.001582891443205947
guided_threshold,0,10,5,a5,0.0020886545295925223
guided_threshold,0,10,6,a6,0.0018115112885282922
guided_threshold,0,10,7,a7,0.0011909717083676426
guided_threshold,0,10,8,a8,0.006497751546523455
guided_threshold,0,10,9,a9,0.0025822867670436257
guided_threshold,0,10,10,aa,0.003321335409881573
guided_threshold,0,10,11,ab,0.0036908597313005456
guided_threshold,0,10,12,ac,0.0019570814757539487
guided_threshold,0,10,13,ad,0.002095186525173161
guided_threshold,0,10,14,ae,0.0014998417851092589
guided_threshold,0,10,15,af,0.0019328197778830062
guided_threshold,0,11,0,b0,0.00340968372783004
guided_threshold,0,11,1,b1,0.0021891336964764614
guided_threshold,0,11,2,b2,0.0022180611054764317
guided_threshold,0,11,3,b3,0.003475003683636424
guided_threshold,0,11,4,b4,0.0021116828917346056
guided_threshold,0,11,5,b5,0.0026174459781211803
guided_threshold,0,11,6,b6,0.0023403027370569505
guided_threshold,0,11,7,b7,0.0017197631568963009
guided_threshold,0,11,8,b8,0.007026542995052114
guided_threshold,0,11,9,b9,0.0031110782155722837
guided_threshold,0,11,10,ba,0.0038501268584102315
guided_threshold,0,11,11,bb,0.004219651179829203
guided_threshold,0,11,12,bc,0.002485872924282607
guided_threshold,0,11,13,bd,0.0026239779737018193
guided_threshold,0,11,14,be,0.0020286332336379173
guided_threshold,0,11,15,bf,0.0024616112264116644
guided_threshold,0,12,0,c0,0.0029847125898763796
guided_threshold,0,12,1,c1,0.001764162558522801
guided_threshold,0,12,2,c2,0.0017930899675227712
guided_threshold,0,12,3,c3,0.0030500325456827636
guided_threshold,0,12,4,c4,0.001686711753780945
guided_threshold,0,12,5,c5,0.00219247484016752
guided_threshold,0,12,6,c6,0.0019153315991032901
guided_threshold,0,12,7,c7,0.0012947920189426405
guided_threshold,0,12,8,c8,0.0066015718570984535
guided_threshold,0,12,9,c9,0.0026861070776186234
guided_threshold,0,12,10,ca,0.003425155720456571
guided_threshold,0,12,11,cb,0.0037946800418755433
guided_threshold,0,12,12,cc,0.002060901786328947
guided_threshold,0,12,13,cd,0.002199006835748159
guided_threshold,0,12,14,ce,0.0016036620956842568
guided_threshold,0,12,15,cf,0.002036640088458004
guided_threshold,0,13,0,d0,0.008103746036627635
guided_threshold,0,13,1,d1,0.006883196005274057
guided_threshold,0,13,2,d2,0.006912123414274027
guided_threshold,0,13,3,d3,0.00816906599243402
guided_threshold,0,13,4,d4,0.0068057452005322
guided_threshold,0,13,5,d5,0.007311508286918776
guided_threshold,0,13,6,d6,0.007034365045854546
guided_threshold,0,13,7,d7,0.006413825465693896
guided_threshold,0,13,8,d8,0.011720605303849708
guided_threshold,0,13,9,d9,0.0078051405243698795
guided_threshold,0,13,10,da,0.008544189167207826
guided_threshold,0,13,11,db,0.008913713488626799
guided_threshold,0,13,12,dc,0.007179935233080203
guided_threshold,0,13,13,dd,0.007318040282499414
guided_threshold,0,13,14,de,0.006722695542435512
guided_threshold,0,13,15,df,0.00715567353520926
guided_threshold,0,14,0,e0,0.006462000858734994
guided_threshold,0,14,1,e1,0.005241450827381415
guided_threshold,0,14,2,e2,0.005270378236381385
guided_threshold,0,14,3,e3,0.006527320814541378
guided_threshold,0,14,4,e4,0.005164000022639559
guided_threshold,0,14,5,e5,0.005669763109026134
guided_threshold,0,14,6,e6,0.005392619867961904
guided_threshold,0,14,7,e7,0.004772080287801255
guided_threshold,0,14,8,e8,0.010078860125957066
guided_threshold,0,14,9,e9,0.006163395346477238
guided_threshold,0,14,10,ea,0.006902443989315185
guided_threshold,0,14,11,eb,0.007271968310734157
guided_threshold,0,14,12,ec,0.005538190055187561
guided_threshold,0,14,13,ed,0.0056762951046067725
guided_threshold,0,14,14,ee,0.005080950364542871
guided_threshold,0,14,15,ef,0.0055139283573166185
guided_threshold,0,15,0,f0,0.003924632468282032
guided_threshold,0,15,1,f1,0.0027040824369284535
guided_threshold,0,15,2,f2,0.0027330098459284234
guided_threshold,0,15,3,f3,0.003989952424088416
guided_threshold,0,15,4,f4,0.0026266316321865973
guided_threshold,0,15,5,f5,0.0031323947185731725
guided_threshold,0,15,6,f6,0.0028552514775089426
guided_threshold,0,15,7,f7,0.002234711897348293
guided_threshold,0,15,8,f8,0.0075414917355041055
guided_threshold,0,15,9,f9,0.003626026956024276
guided_threshold,0,15,10,fa,0.004365075598862223
guided_threshold,0,15,11,fb,0.004734599920281196
guided_threshold,0,15,12,fc,0.003000821664734599
guided_threshold,0,15,13,fd,0.003138926714153811
guided_threshold,0,15,14,fe,0.002543581974089909
guided_threshold,0,15,15,ff,0.002976559966863656
guided_threshold,1,0,0,00,0.003402047293100797
guided_threshold,1,0,1,01,0.003941622774156143
guided_threshold,1,0,2,02,0.0031491212863561037
guided_threshold,1,0,3,03,0.0034268439604287085
guided_threshold,1,0,4,04,0.0032760802230750088
guided_threshold,1,0,5,05,0.004962253601372965
guided_threshold,1,0,6,06,0.0046190677255546755
guided_threshold,1,0,7,07,0.0038761595724104577
guided_threshold,1,0,8,08,0.0037958183702680257
guided_threshold,1,0,9,09,0.003943606507542376
guided_threshold,1,0,10,0a,0.0036480302329936756
guided_threshold,1,0,11,0b,0.003841444238151382
guided_threshold,1,0,12,0c,0.0057745924230353345
guided_threshold,1,0,13,0d,0.0059818925618966715
guided_threshold,1,0,14,0e,0.00917173584695916
guided_threshold,1,0,15,0f,0.005087228804705638
guided_threshold,1,1,0,10,0.0029604369785407075
guided_threshold,1,1,1,11,0.0035000124595960538
guided_threshold,1,1,2,12,0.002707510971796014
guided_threshold,1,1,3,13,0.002985233645868619
guided_threshold,1,1,4,14,0.002834469908514919
guided_threshold,1,1,5,15,0.004520643286812875
guided_threshold,1,1,6,16,0.004177457410994586
guided_threshold,1,1,7,17,0.003434549257850368
guided_threshold,1,1,8,18,0.003354208055707936
guided_threshold,1,1,9,19,0.0035019961929822867
guided_threshold,1,1,10,1a,0.0032064199184335855
guided_threshold,1,1,11,1b,0.0033998339235912925
guided_threshold,1,1,12,1c,0.005332982108475244
guided_threshold,1,1,13,1d,0.005540282247336582
guided_threshold,1,1,14,1e,0.00873012553239907
guided_threshold,1,1,15,1f,0.004645618490145548
guided_threshold,1,2,0,20,0.0018541348503128548
guided_threshold,1,2,1,21,0.002393710331368201
guided_threshold,1,2,2,22,0.0016012088435681613
guided_threshold,1,2,3,23,0.001878931517640766
guided_threshold,1,2,4,24,0.0017281677802870664
guided_threshold,1,2,5,25,0.0034143411585850227
guided_threshold,1,2,6,26,0.003071155282766733
guided_threshold,1,2,7,27,0.0023282471296225153
guided_threshold,1,2,8,28,0.0022479059274800833
guided_threshold,1,2,9,29,0.002395694064754434
guided_threshold,1,2,10,2a,0.0021001177902057327
guided_threshold,1,2,11,2b,0.0022935317953634397
guided_threshold,1,2,12,2c,0.0042266799802473925
guided_threshold,1,2,13,2d,0.004433980119108729
guided_threshold,1,2,14,2e,0.007623823404171216
guided_threshold,1,2,15,2f,0.0035393163619176953
guided_threshold,1,3,0,30,0.0051563480615937985
guided_threshold,1,3,1,31,0.005695923542649145
guided_threshold,1,3,2,32,0.0049034220548491055
guided_threshold,1,3,3,33,0.00518114472892171
guided_threshold,1,3,4,34,0.00503038099156801
guided_threshold,1,3,5,35,0.006716554369865966
guided_threshold,1,3,6,36,0.006373368494047677
guided_threshold,1,3,7,37,0.0056304603409034586
guided_threshold,1,3,8,38,0.005550119138761027
guided_threshold,1,3,9,39,0.005697907276035377
guided_threshold,1,3,10,3a,0.005402331001486677
guided_threshold,1,3,11,3b,0.005595745006644384
guided_threshold,1,3,12,3c,0.007528893191528336
guided_threshold,1,3,13,3d,0.007736193330389673
guided_threshold,1,3,14,3e,0.01092603661545216
guided_threshold,1,3,15,3f,0.006841529573198639
guided_threshold,1,4,0,40,0.0018829685134628266
guided_threshold,1,4,1,41,0.0024225439945181728
guided_threshold,1,4,2,42,0.0016300425067181331
guided_threshold,1,4,3,43,0.001907765180790738
guided_threshold,1,4,4,44,0.0017570014434370382
guided_threshold,1,4,5,45,0.0034431748217349945
guided_threshold,1,4,6,46,0.003099988945916705
guided_threshold,1,4,7,47,0.002357080792772487
guided_threshold,1,4,8,48,0.002276739590630055
guided_threshold,1,4,9,49,0.0024245277279044053
guided_threshold,1,4,10,4a,0.002128951453355705
guided_threshold,1,4,11,4b,0.0023223654585134115
guided_threshold,1,4,12,4c,0.004255513643397364
guided_threshold,1,4,13,4d,0.004462813782258701
guided_threshold,1,4,14,4e,0.007652657067321188
guided_threshold,1,4,15,4f,0.003568150025067667
guided_threshold,1,5,0,50,0.002212279297859869
guided_threshold,1,5,1,51,0.002751854778915215
guided_threshold,1,5,2,52,0.0019593532911151754
guided_threshold,1,5,3,53,0.0022370759651877802
guided_threshold,1,5,4,54,0.0020863122278340805
guided_threshold,1,5,5,55,0.003772485606132037
guided_threshold,1,5,6,56,0.003429299730313747
guided_threshold,1,5,7,57,0.0026863915771695294
guided_threshold,1,5,8,58,0.0026060503750270974
guided_threshold,1,5,9,59,0.0027538385123014476
guided_threshold,1,5,10,5a,0.0024582622377527473
guided_threshold,1,5,11,5b,0.002651676242910454
guided_threshold,1,5,12,5c,0.004584824427794406
guided_threshold,1,5,13,5d,0.004792124566655743
guided_threshold,1,5,14,5e,0.00798196785171823
guided_threshold,1,5,15,5f,0.0038974608094647094
guided_threshold,1,6,0,60,0.001656851891918313
guided_threshold,1,6,1,61,0.0021964273729736593
guided_threshold,1,6,2,62,0.0014039258851736198
guided_threshold,1,6,3,63,0.0016816485592462244
guided_threshold,1,6,4,64,0.0015308848218925247
guided_threshold,1,6,5,65,0.003217058200190481
guided_threshold,1,6,6,66,0.0028738723243721914
guided_threshold,1,6,7,67,0.0021309641712279736
guided_threshold,1,6,8,68,0.0020506229690855416
guided_threshold,1,6,9,69,0.002198411106359892
guided_threshold,1,6,10,6a,0.0019028348318111915
guided_threshold,1,6,11,6b,0.002096248836968898
guided_threshold,1,6,12,6c,0.004029397021852851
guided_threshold,1,6,13,6d,0.004236697160714188
guided_threshold,1,6,14,6e,0.007426540445776675
guided_threshold,1,6,15,6f,0.0033420334035231536
guided_threshold,1,7,0,70,0.0035325575578848785
guided_threshold,1,7,1,71,0.004072133038940225
guided_threshold,1,7,2,72,0.003279631551140185
guided_threshold,1,7,3,73,0.00355735422521279
guided_threshold,1,7,4,74,0.00340659048785909
guided_threshold,1,7,5,75,0.005092763866157046
guided_threshold,1,7,6,76,0.004749577990338757
guided_threshold,1,7,7,77,0.0040066698371945385
guided_threshold,1,7,8,78,0.003926328635052107
guided_threshold,1,7,9,79,0.004074116772326457
guided_threshold,1,7,10,7a,0.003778540497777757
guided_threshold,1,7,11,7b,0.003971954502935464
guided_threshold,1,7,12,7c,0.005905102687819416
guided_threshold,1,7,13,7d,0.006112402826680753
guided_threshold,1,7,14,7e,0.00930224611174324
guided_threshold,1,7,15,7f,0.0052177390694897186
guided_threshold,1,8,0,80,0.014955240848928835
guided_threshold,1,8,1,81,0.015494816329984182
guided_threshold,1,8,2,82,0.014702314842184143
guided_threshold,1,8,3,83,0.014980037516256747
guided_threshold,1,8,4,84,0.014829273778903047
guided_threshold,1,8,5,85,0.016515447157201005
guided_threshold,1,8,6,86,0.016172261281382716
guided_threshold,1,8,7,87,0.015429353128238496
guided_threshold,1,8,8,88,0.015349011926096064
guided_threshold,1,8,9,89,0.015496800063370415
guided_threshold,1,8,10,8a,0.015201223788821714
guided_threshold,1,8,11,8b,0.015394637793979421
guided_threshold,1,8,12,8c,0.017327785978863374
guided_threshold,1,8,13,8d,0.01753508611772471
guided_threshold,1,8,14,8e,0.020724929402787196
guided_threshold,1,8,15,8f,0.016640422360533678
guided_threshold,1,9,0,90,0.005899953058619378
guided_threshold,1,9,1,91,0.006439528539674724
guided_threshold,1,9,2,92,0.005647027051874685
guided_threshold,1,9,3,93,0.005924749725947289
guided_threshold,1,9,4,94,0.0057739859885935895
guided_threshold,1,9,5,95,0.007460159366891546
guided_threshold,1,9,6,96,0.007116973491073256
guided_threshold,1,9,7,97,0.006374065337929039
guided_threshold,1,9,8,98,0.0062937241357866065
guided_threshold,1,9,9,99,0.006441512273060957
guided_threshold,1,9,10,9a,0.006145935998512256
guided_threshold,1,9,11,9b,0.0063393500036699624
guided_threshold,1,9,12,9c,0.008272498188553915
guided_threshold,1,9,13,9d,0.008479798327415251
guided_threshold,1,9,14,9e,0.01166964161247774
guided_threshold,1,9,15,9f,0.007585134570224219
guided_threshold,1,10,0,a0,0.004737501165310002
guided_threshold,1,10,1,a1,0.005277076646365348
guided_threshold,1,10,2,a2,0.004484575158565309
guided_threshold,1,10,3,a3,0.004762297832637913
guided_threshold,1,10,4,a4,0.004611534095284213
guided_threshold,1,10,5,a5,0.00629770747358217
guided_threshold,1,10,6,a6,0.00595452159776388
guided_threshold,1,10,7,a7,0.005211613444619663
guided_threshold,1,10,8,a8,0.00513127224247723
guided_threshold,1,10,9,a9,0.00527906037975158
guided_threshold,1,10,10,aa,0.00498348410520288
guided_threshold,1,10,11,ab,0.005176898110360586
guided_threshold,1,10,12,ac,0.007110046295244539
guided_threshold,1,10,13,ad,0.007317346434105876
guided_threshold,1,10,14,ae,0.010507189719168364
guided_threshold,1,10,15,af,0.006422682676914843
guided_threshold,1,11,0,b0,0.007158011308689185
guided_threshold,1,11,1,b1,0.007697586789744531
guided_threshold,1,11,2,b2,0.006905085301944492
guided_threshold,1,11,3,b3,0.007182807976017096
guided_threshold,1,11,4,b4,0.007032044238663397
guided_threshold,1,11,5,b5,0.008718217616961354
guided_threshold,1,11,6,b6,0.008375031741143063
guided_threshold,1,11,7,b7,0.007632123587998845
guided_threshold,1,11,8,b8,0.007551782385856414
guided_threshold,1,11,9,b9,0.007699570523130764
guided_threshold,1,11,10,ba,0.0074039942485820635
guided_threshold,1,11,11,bb,0.0075974082537397705
guided_threshold,1,11,12,bc,0.009530556438623723
guided_threshold,1,11,13,bd,0.00973785657748506
guided_threshold,1,11,14,be,0.012927699862547546
guided_threshold,1,11,15,bf,0.008843192820294025
guided_threshold,1,12,0,c0,0.003148614569624732
guided_threshold,1,12,1,c1,0.0036881900506800782
guided_threshold,1,12,2,c2,0.0028956885628800386
guided_threshold,1,12,3,c3,0.0031734112369526434
guided_threshold,1,12,4,c4,0.0030226474995989436
guided_threshold,1,12,5,c5,0.0047088208778969
guided_threshold,1,12,6,c6,0.00436563500207861
guided_threshold,1,12,7,c7,0.0036227268489343926
guided_threshold,1,12,8,c8,0.0035423856467919606
guided_threshold,1,12,9,c9,0.0036901737840663107
guided_threshold,1,12,10,ca,0.0033945975095176105
guided_threshold,1,12,11,cb,0.003588011514675317
guided_threshold,1,12,12,cc,0.005521159699559269
guided_threshold,1,12,13,cd,0.005728459838420606
guided_threshold,1,12,14,ce,0.008918303123483094
guided_threshold,1,12,15,cf,0.004833796081229573
guided_threshold,1,13,0,d0,0.0032518087324772613
guided_threshold,1,13,1,d1,0.0037913842135326075
guided_threshold,1,13,2,d2,0.002998882725732568
guided_threshold,1,13,3,d3,0.0032766053998051726
guided_threshold,1,13,4,d4,0.003125841662451473
guided_threshold,1,13,5,d5,0.004812015040749429
guided_threshold,1,13,6,d6,0.00446882916493114
guided_threshold,1,13,7,d7,0.003725921011786922
guided_threshold,1,13,8,d8,0.00364557980964449
guided_threshold,1,13,9,d9,0.00379336794691884
guided_threshold,1,13,10,da,0.0034977916723701397
guided_threshold,1,13,11,db,0.0036912056775278462
guided_threshold,1,13,12,dc,0.0056243538624117986
guided_threshold,1,13,13,dd,0.005831654001273136
guided_threshold,1,13,14,de,0.009021497286335622
guided_threshold,1,13,15,df,0.004936990244082102
guided_threshold,1,14,0,e0,0.003860350781063502
guided_threshold,1,14,1,e1,0.004399926262118848
guided_threshold,1,14,2,e2,0.0036074247743188084
guided_threshold,1,14,3,e3,0.0038851474483914132
guided_threshold,1,14,4,e4,0.0037343837110377135
guided_threshold,1,14,5,e5,0.00542055708933567
guided_threshold,1,14,6,e6,0.00507737121351738
guided_threshold,1,14,7,e7,0.004334463060373162
guided_threshold,1,14,8,e8,0.004254121858230731
guided_threshold,1,14,9,e9,0.004401909995505081
guided_threshold,1,14,10,ea,0.00410633372095638
guided_threshold,1,14,11,eb,0.004299747726114087
guided_threshold,1,14,12,ec,0.00623289591099804
guided_threshold,1,14,13,ed,0.006440196049859376
guided_threshold,1,14,14,ee,0.009630039334921863
guided_threshold,1,14,15,ef,0.005545532292668342
guided_threshold,1,15,0,f0,0.0023852812767596976
guided_threshold,1,15,1,f1,0.0029248567578150438
guided_threshold,1,15,2,f2,0.002132355270015004
guided_threshold,1,15,3,f3,0.002410077944087609
guided_threshold,1,15,4,f4,0.002259314206733909
guided_threshold,1,15,5,f5,0.003945487585031866
guided_threshold,1,15,6,f6,0.003602301709213576
guided_threshold,1,15,7,f7,0.002859393556069358
guided_threshold,1,15,8,f8,0.002779052353926926
guided_threshold,1,15,9,f9,0.0029268404912012767
guided_threshold,1,15,10,fa,0.0026312642166525756
guided_threshold,1,15,11,fb,0.0028246782218102826
guided_threshold,1,15,12,fc,0.004757826406694235
guided_threshold,1,15,13,fd,0.0049651265455555715
guided_threshold,1,15,14,fe,0.008154969830618058
guided_threshold,1,15,15,ff,0.004070462788364538
guided_budget_aware,0,0,0,00,0.004303959889979645
guided_budget_aware,0,0,1,01,0.0036341792285858026
guided_budget_aware,0,0,2,02,0.004216597195015231
guided_budget_aware,0,0,3,03,0.005329015510895439
guided_budget_aware,0,0,4,04,0.004111761961057934
guided_budget_aware,0,0,5,05,0.005037806527680726
guided_budget_aware,0,0,6,06,0.004723300825808834
guided_budget_aware,0,0,7,07,0.0039370365711291055
guided_budget_aware,0,0,8,08,0.008392534014314234
guided_budget_aware,0,0,9,09,0.00459516887319436
guided_budget_aware,0,0,10,0a,0.0049620921920448995
guided_budget_aware,0,0,11,0b,0.005142641761638022
guided_budget_aware,0,0,12,0c,0.004111761961057934
guided_budget_aware,0,0,13,0d,0.004566047974872888
guided_budget_aware,0,0,14,0e,0.004606817232522948
guided_budget_aware,0,0,15,0f,0.005148465941302317
guided_budget_aware,0,1,0,10,0.005349944303947428
guided_budget_aware,0,1,1,11,0.004680163642553585
guided_budget_aware,0,1,2,12,0.005262581608983014
guided_budget_aware,0,1,3,13,0.006374999924863222
guided_budget_aware,0,1,4,14,0.005157746375025717
guided_budget_aware,0,1,5,15,0.006083790941648509
guided_budget_aware,0,1,6,16,0.005769285239776617
guided_budget_aware,0,1,7,17,0.004983020985096889
guided_budget_aware,0,1,8,18,0.009438518428282016
guided_budget_aware,0,1,9,19,0.0056411532871621425
guided_budget_aware,0,1,10,1a,0.006008076606012682
guided_budget_aware,0,1,11,1b,0.006188626175605805
guided_budget_aware,0,1,12,1c,0.005157746375025717
guided_budget_aware,0,1,13,1d,0.005612032388840671
guided_budget_aware,0,1,14,1e,0.0056528016464907314
guided_budget_aware,0,1,15,1f,0.0061944503552701
guided_budget_aware,0,2,0,20,0.006871376178809656
guided_budget_aware,0,2,1,21,0.006201595517415813
guided_budget_aware,0,2,2,22,0.006784013483845242
guided_budget_aware,0,2,3,23,0.00789643179972545
guided_budget_aware,0,2,4,24,0.0066791782498879446
guided_budget_aware,0,2,5,25,0.007605222816510737
guided_budget_aware,0,2,6,26,0.007290717114638845
guided_budget_aware,0,2,7,27,0.006504452859959117
guided_budget_aware,0,2,8,28,0.010959950303144244
guided_budget_aware,0,2,9,29,0.0071625851620243704
guided_budget_aware,0,2,10,2a,0.00752950848087491
guided_budget_aware,0,2,11,2b,0.007710058050468033
guided_budget_aware,0,2,12,2c,0.0066791782498879446
guided_budget_aware,0,2,13,2d,0.007133464263702899
guided_budget_aware,0,2,14,2e,0.007174233521352959
guided_budget_aware,0,2,15,2f,0.0077158822301323276
guided_budget_aware,0,3,0,30,0.005972348252754702
guided_budget_aware,0,3,1,31,0.00530256759136086
guided_budget_aware,0,3,2,32,0.0058849855577902885
guided_budget_aware,0,3,3,33,0.006997403873670496
guided_budget_aware,0,3,4,34,0.005780150323832991
guided_budget_aware,0,3,5,35,0.006706194890455783
guided_budget_aware,0,3,6,36,0.0063916891885838914
guided_budget_aware,0,3,7,37,0.0056054249339041635
guided_budget_aware,0,3,8,38,0.01006092237708929
guided_budget_aware,0,3,9,39,0.006263557235969417
guided_budget_aware,0,3,10,3a,0.006630480554819957
guided_budget_aware,0,3,11,3b,0.00681103012441308
guided_budget_aware,0,3,12,3c,0.005780150323832991
guided_budget_aware,0,3,13,3d,0.0062344363376479455
guided_budget_aware,0,3,14,3e,0.006275205595298006
guided_budget_aware,0,3,15,3f,0.006816854304077374
guided_budget_aware,0,4,0,40,0.007943294090644409
guided_budget_aware,0,4,1,41,0.007273513429250565
guided_budget_aware,0,4,2,42,0.007855931395679994
guided_budget_aware,0,4,3,43,0.008968349711560202
guided_budget_aware,0,4,4,44,0.007751096161722697
guided_budget_aware,0,4,5,45,0.008677140728345488
guided_budget_aware,0,4,6,46,0.008362635026473598
guided_budget_aware,0,4,7,47,0.007576370771793869
guided_budget_aware,0,4,8,48,0.012031868214978996
guided_budget_aware,0,4,9,49,0.008234503073859123
guided_budget_aware,0,4,10,4a,0.008601426392709662
guided_budget_aware,0,4,11,4b,0.008781975962302785
guided_budget_aware,0,4,12,4c,0.007751096161722697
guided_budget_aware,0,4,13,4d,0.008205382175537651
guided_budget_aware,0,4,14,4e,0.008246151433187712
guided_budget_aware,0,4,15,4f,0.008787800141967079
guided_budget_aware,0,5,0,50,0.009871017432089162
guided_budget_aware,0,5,1,51,0.00920123677069532
guided_budget_aware,0,5,2,52,0.00978365473712475
guided_budget_aware,0,5,3,53,0.010896073053004957
guided_budget_aware,0,5,4,54,0.009678819503167452
guided_budget_aware,0,5,5,55,0.010604864069790245
guided_budget_aware,0,5,6,56,0.010290358367918353
guided_budget_aware,0,5,7,57,0.009504094113238624
guided_budget_aware,0,5,8,58,0.013959591556423751
guided_budget_aware,0,5,9,59,0.010162226415303878
guided_budget_aware,0,5,10,5a,0.010529149734154418
guided_budget_aware,0,5,11,5b,0.01070969930374754
guided_budget_aware,0,5,12,5c,0.009678819503167452
guided_budget_aware,0,5,13,5d,0.010133105516982406
guided_budget_aware,0,5,14,5e,0.010173874774632467
guided_budget_aware,0,5,15,5f,0.010715523483411836
guided_budget_aware,0,6,0,60,0.017495465804978287
guided_budget_aware,0,6,1,61,0.016825685143584446
guided_budget_aware,0,6,2,62,0.017408103110013874
guided_budget_aware,0,6,3,63,0.018520521425894082
guided_budget_aware,0,6,4,64,0.01730326787605658
guided_budget_aware,0,6,5,65,0.01822931244267937
guided_budget_aware,0,6,6,66,0.017914806740807476
guided_budget_aware,0,6,7,67,0.01712854248612775
guided_budget_aware,0,6,8,68,0.021584039929312876
guided_budget_aware,0,6,9,69,0.017786674788193003
guided_budget_aware,0,6,10,6a,0.01815359810704354
guided_budget_aware,0,6,11,6b,0.018334147676636665
guided_budget_aware,0,6,12,6c,0.017303267876056575
guided_budget_aware,0,6,13,6d,0.017757553889871533
guided_budget_aware,0,6,14,6e,0.01779832314752159
guided_budget_aware,0,6,15,6f,0.01833997185630096
guided_budget_aware,0,7,0,70,0.008444675049405825
guided_budget_aware,0,7,1,71,0.007774894388011982
guided_budget_aware,0,7,2,72,0.00835731235444141
guided_budget_aware,0,7,3,73,0.009469730670321619
guided_budget_aware,0,7,4,74,0.008252477120484113
guided_budget_aware,0,7,5,75,0.009178521687106905
guided_budget_aware,0,7,6,76,0.008864015985235014
guided_budget_aware,0,7,7,77,0.008077751730555286
guided_budget_aware,0,7,8,78,0.012533249173740412
guided_budget_aware,0,7,9,79,0.00873588403262054
guided_budget_aware,0,7,10,7a,0.009102807351471079
guided_budget_aware,0,7,11,7b,0.009283356921064202
guided_budget_aware,0,7,12,7c,0.008252477120484113
guided_budget_aware,0,7,13,7d,0.008706763134299068
guided_budget_aware,0,7,14,7e,0.008747532391949128
guided_budget_aware,0,7,15,7f,0.009289181100728496
guided_budget_aware,0,8,0,80,0.0045978728658053036
guided_budget_aware,0,8,1,81,0.003928092204411461
guided_budget_aware,0,8,2,82,0.00451051017084089
guided_budget_aware,0,8,3,83,0.005622928486721098
guided_budget_aware,0,8,4,84,0.0044056749368835925
guided_budget_aware,0,8,5,85,0.0053317195035063845
guided_budget_aware,0,8,6,86,0.005017213801634493
guided_budget_aware,0,8,7,87,0.004230949546954764
guided_budget_aware,0,8,8,88,0.00868644699013989
guided_budget_aware,0,8,9,89,0.004889081849020018
guided_budget_aware,0,8,10,8a,0.005256005167870558
guided_budget_aware,0,8,11,8b,0.00543655473746368
guided_budget_aware,0,8,12,8c,0.0044056749368835925
guided_budget_aware,0,8,13,8d,0.004859960950698547
guided_budget_aware,0,8,14,8e,0.0049007302083486064
guided_budget_aware,0,8,15,8f,0.0054423789171279754
guided_budget_aware,0,9,0,90,0.0028430395101403465
guided_budget_aware,0,9,1,91,0.0021732588487465036
guided_budget_aware,0,9,2,92,0.0027556768151759327
guided_budget_aware,0,9,3,93,0.0038680951310561405
guided_budget_aware,0,9,4,94,0.002650841581218636
guided_budget_aware,0,9,5,95,0.0035768861478414275
guided_budget_aware,0,9,6,96,0.003262380445969536
guided_budget_aware,0,9,7,97,0.0024761161912898073
guided_budget_aware,0,9,8,98,0.006931613634474934
guided_budget_aware,0,9,9,99,0.003134248493355061
guided_budget_aware,0,9,10,9a,0.003501171812205601
guided_budget_aware,0,9,11,9b,0.0036817213817987235
guided_budget_aware,0,9,12,9c,0.002650841581218635
guided_budget_aware,0,9,13,9d,0.00310512759503359
guided_budget_aware,0,9,14,9e,0.00314589685268365
guided_budget_aware,0,9,15,9f,0.0036875455614630184
guided_budget_aware,0,10,0,a0,0.0030850854902320646
guided_budget_aware,0,10,1,a1,0.002415304828838222
guided_budget_aware,0,10,2,a2,0.0029977227952676508
guided_budget_aware,0,10,3,a3,0.004110141111147859
guided_budget_aware,0,10,4,a4,0.002892887561310354
guided_budget_aware,0,10,5,a5,0.0038189321279331456
guided_budget_aware,0,10,6,a6,0.003504426426061254
guided_budget_aware,0,10,7,a7,0.002718162171381526
guided_budget_aware,0,10,8,a8,0.0071736596145666525
guided_budget_aware,0,10,9,a9,0.0033762944734467793
guided_budget_aware,0,10,10,aa,0.003743217792297319
guided_budget_aware,0,10,11,ab,0.003923767361890442
guided_budget_aware,0,10,12,ac,0.0028928875613103535
guided_budget_aware,0,10,13,ad,0.003347173575125308
guided_budget_aware,0,10,14,ae,0.0033879428327753683
guided_budget_aware,0,10,15,af,0.0039295915415547365
guided_budget_aware,0,11,0,b0,0.003966824417709038
guided_budget_aware,0,11,1,b1,0.0032970437563151957
guided_budget_aware,0,11,2,b2,0.0038794617227446244
guided_budget_aware,0,11,3,b3,0.004991880038624832
guided_budget_aware,0,11,4,b4,0.003774626488787327
guided_budget_aware,0,11,5,b5,0.004700671055410119
guided_budget_aware,0,11,6,b6,0.004386165353538227
guided_budget_aware,0,11,7,b7,0.003599901098858499
guided_budget_aware,0,11,8,b8,0.008055398542043627
guided_budget_aware,0,11,9,b9,0.004258033400923753
guided_budget_aware,0,11,10,ba,0.004624956719774293
guided_budget_aware,0,11,11,bb,0.004805506289367415
guided_budget_aware,0,11,12,bc,0.003774626488787327
guided_budget_aware,0,11,13,bd,0.0042289125026022814
guided_budget_aware,0,11,14,be,0.004269681760252341
guided_budget_aware,0,11,15,bf,0.00481133046903171
guided_budget_aware,0,12,0,c0,0.002929484503030246
guided_budget_aware,0,12,1,c1,0.002259703841636403
guided_budget_aware,0,12,2,c2,0.002842121808065832
guided_budget_aware,0,12,3,c3,0.00395454012394604
guided_budget_aware,0,12,4,c4,0.0027372865741085353
guided_budget_aware,0,12,5,c5,0.003663331140731327
guided_budget_aware,0,12,6,c6,0.0033488254388594355
guided_budget_aware,0,12,7,c7,0.0025625611841797067
guided_budget_aware,0,12,8,c8,0.007018058627364834
guided_budget_aware,0,12,9,c9,0.0032206934862449603
guided_budget_aware,0,12,10,ca,0.0035876168050955003
guided_budget_aware,0,12,11,cb,0.003768166374688623
guided_budget_aware,0,12,12,cc,0.0027372865741085344
guided_budget_aware,0,12,13,cd,0.0031915725879234896
guided_budget_aware,0,12,14,ce,0.0032323418455735492
guided_budget_aware,0,12,15,cf,0.003773990554352918
guided_budget_aware,0,13,0,d0,0.006940532173121575
guided_budget_aware,0,13,1,d1,0.006270751511727733
guided_budget_aware,0,13,2,d2,0.0068531694781571615
guided_budget_aware,0,13,3,d3,0.00796558779403737
guided_budget_aware,0,13,4,d4,0.006748334244199864
guided_budget_aware,0,13,5,d5,0.007674378810822656
guided_budget_aware,0,13,6,d6,0.0073598731089507645
guided_budget_aware,0,13,7,d7,0.006573608854271036
guided_budget_aware,0,13,8,d8,0.011029106297456164
guided_budget_aware,0,13,9,d9,0.00723174115633629
guided_budget_aware,0,13,10,da,0.00759866447518683
guided_budget_aware,0,13,11,db,0.007779214044779952
guided_budget_aware,0,13,12,dc,0.006748334244199864
guided_budget_aware,0,13,13,dd,0.007202620258014819
guided_budget_aware,0,13,14,de,0.007243389515664878
guided_budget_aware,0,13,15,df,0.007785038224444247
guided_budget_aware,0,14,0,e0,0.006810864683786726
guided_budget_aware,0,14,1,e1,0.006141084022392883
guided_budget_aware,0,14,2,e2,0.006723501988822312
guided_budget_aware,0,14,3,e3,0.00783592030470252
guided_budget_aware,0,14,4,e4,0.006618666754865015
guided_budget_aware,0,14,5,e5,0.007544711321487807
guided_budget_aware,0,14,6,e6,0.007230205619615915
guided_budget_aware,0,14,7,e7,0.006443941364936187
guided_budget_aware,0,14,8,e8,0.010899438808121314
guided_budget_aware,0,14,9,e9,0.007102073667001441
guided_budget_aware,0,14,10,ea,0.00746899698585198
guided_budget_aware,0,14,11,eb,0.007649546555445103
guided_budget_aware,0,14,12,ec,0.006618666754865015
guided_budget_aware,0,14,13,ed,0.007072952768679969
guided_budget_aware,0,14,14,ee,0.00711372202633003
guided_budget_aware,0,14,15,ef,0.007655370735109398
guided_budget_aware,0,15,0,f0,0.0037334229369063096
guided_budget_aware,0,15,1,f1,0.003063642275512467
guided_budget_aware,0,15,2,f2,0.003646060241941896
guided_budget_aware,0,15,3,f3,0.004758478557822104
guided_budget_aware,0,15,4,f4,0.0035412250079845985
guided_budget_aware,0,15,5,f5,0.004467269574607391
guided_budget_aware,0,15,6,f6,0.004152763872735499
guided_budget_aware,0,15,7,f7,0.0033664996180557704
guided_budget_aware,0,15,8,f8,0.007821997061240898
guided_budget_aware,0,15,9,f9,0.004024631920121024
guided_budget_aware,0,15,10,fa,0.004391555238971564
guided_budget_aware,0,15,11,fb,0.004572104808564686
guided_budget_aware,0,15,12,fc,0.0035412250079845985
guided_budget_aware,0,15,13,fd,0.003995511021799553
guided_budget_aware,0,15,14,fe,0.0040362802794496125
guided_budget_aware,0,15,15,ff,0.0045779289882289815
guided_budget_aware,1,0,0,00,0.005919114649887111
guided_budget_aware,1,0,1,01,0.005906716316223156
guided_budget_aware,1,0,2,02,0.005435579636992845
guided_budget_aware,1,0,3,03,0.006824193007355868
guided_budget_aware,1,0,4,04,0.006148483822670289
guided_budget_aware,1,0,5,05,0.00776646636581649
guided_budget_aware,1,0,6,06,0.007450308857385624
guided_budget_aware,1,0,7,07,0.0055037704721446
guided_budget_aware,1,0,8,08,0.005683546310271956
guided_budget_aware,1,0,9,09,0.004989239625090444
guided_budget_aware,1,0,10,0a,0.007158948016282668
guided_budget_aware,1,0,11,0b,0.005671147976608001
guided_budget_aware,1,0,12,0c,0.007165147183114646
guided_budget_aware,1,0,13,0d,0.008305793880198559
guided_budget_aware,1,0,14,0e,0.013240330678452868
guided_budget_aware,1,0,15,0f,0.007617686361849023
guided_budget_aware,1,1,0,10,0.00576722624988901
guided_budget_aware,1,1,1,11,0.005754827916225055
guided_budget_aware,1,1,2,12,0.005283691236994744
guided_budget_aware,1,1,3,13,0.006672304607357767
guided_budget_aware,1,1,4,14,0.0059965954226721884
guided_budget_aware,1,1,5,15,0.007614577965818389
guided_budget_aware,1,1,6,16,0.007298420457387524
guided_budget_aware,1,1,7,17,0.005351882072146499
guided_budget_aware,1,1,8,18,0.005531657910273855
guided_budget_aware,1,1,9,19,0.004837351225092343
guided_budget_aware,1,1,10,1a,0.007007059616284567
guided_budget_aware,1,1,11,1b,0.005519259576609899
guided_budget_aware,1,1,12,1c,0.007013258783116545
guided_budget_aware,1,1,13,1d,0.008153905480200457
guided_budget_aware,1,1,14,1e,0.013088442278454768
guided_budget_aware,1,1,15,1f,0.007465797961850922
guided_budget_aware,1,2,0,20,0.0034414351249180816
guided_budget_aware,1,2,1,21,0.0034290367912541268
guided_budget_aware,1,2,2,22,0.002957900112023816
guided_budget_aware,1,2,3,23,0.004346513482386839
guided_budget_aware,1,2,4,24,0.00367080429770126
guided_budget_aware,1,2,5,25,0.00528878684084746
guided_budget_aware,1,2,6,26,0.004972629332416595
guided_budget_aware,1,2,7,27,0.003026090947175571
guided_budget_aware,1,2,8,28,0.0032058667853029268
guided_budget_aware,1,2,9,29,0.002511560100121415
guided_budget_aware,1,2,10,2a,0.004681268491313639
guided_budget_aware,1,2,11,2b,0.003193468451638971
guided_budget_aware,1,2,12,2c,0.004687467658145617
guided_budget_aware,1,2,13,2d,0.005828114355229529
guided_budget_aware,1,2,14,2e,0.01076265115348384
guided_budget_aware,1,2,15,2f,0.005140006836879994
guided_budget_aware,1,3,0,30,0.006868417149875245
guided_budget_aware,1,3,1,31,0.00685601881621129
guided_budget_aware,1,3,2,32,0.006384882136980979
guided_budget_aware,1,3,3,33,0.007773495507344002
guided_budget_aware,1,3,4,34,0.0070977863226584234
guided_budget_aware,1,3,5,35,0.008715768865804625
guided_budget_aware,1,3,6,36,0.008399611357373759
guided_budget_aware,1,3,7,37,0.006453072972132734
guided_budget_aware,1,3,8,38,0.00663284881026009
guided_budget_aware,1,3,9,39,0.005938542125078578
guided_budget_aware,1,3,10,3a,0.008108250516270801
guided_budget_aware,1,3,11,3b,0.006620450476596134
guided_budget_aware,1,3,12,3c,0.00811444968310278
guided_budget_aware,1,3,13,3d,0.009255096380186692
guided_budget_aware,1,3,14,3e,0.014189633178441003
guided_budget_aware,1,3,15,3f,0.008566988861837158
guided_budget_aware,1,4,0,40,0.003526872349917014
guided_budget_aware,1,4,1,41,0.003514474016253059
guided_budget_aware,1,4,2,42,0.003043337337022748
guided_budget_aware,1,4,3,43,0.004431950707385771
guided_budget_aware,1,4,4,44,0.0037562415227001926
guided_budget_aware,1,4,5,45,0.005374224065846393
guided_budget_aware,1,4,6,46,0.005058066557415528
guided_budget_aware,1,4,7,47,0.003111528172174503
guided_budget_aware,1,4,8,48,0.003291304010301859
guided_budget_aware,1,4,9,49,0.0025969973251203475
guided_budget_aware,1,4,10,4a,0.004766705716312571
guided_budget_aware,1,4,11,4b,0.003278905676637903
guided_budget_aware,1,4,12,4c,0.004772904883144549
guided_budget_aware,1,4,13,4d,0.005913551580228461
guided_budget_aware,1,4,14,4e,0.010848088378482772
guided_budget_aware,1,4,15,4f,0.0052254440618789266
guided_budget_aware,1,5,0,50,0.004884374924900046
guided_budget_aware,1,5,1,51,0.0048719765912360906
guided_budget_aware,1,5,2,52,0.004400839912005779
guided_budget_aware,1,5,3,53,0.005789453282368802
guided_budget_aware,1,5,4,54,0.005113744097683224
guided_budget_aware,1,5,5,55,0.006731726640829425
guided_budget_aware,1,5,6,56,0.006415569132398559
guided_budget_aware,1,5,7,57,0.004469030747157534
guided_budget_aware,1,5,8,58,0.00464880658528489
guided_budget_aware,1,5,9,59,0.003954499900103379
guided_budget_aware,1,5,10,5a,0.006124208291295603
guided_budget_aware,1,5,11,5b,0.004636408251620935
guided_budget_aware,1,5,12,5c,0.00613040745812758
guided_budget_aware,1,5,13,5d,0.007271054155211492
guided_budget_aware,1,5,14,5e,0.012205590953465803
guided_budget_aware,1,5,15,5f,0.006582946636861958
guided_budget_aware,1,6,0,60,0.004248342249907996
guided_budget_aware,1,6,1,61,0.004235943916244041
guided_budget_aware,1,6,2,62,0.00376480723701373
guided_budget_aware,1,6,3,63,0.005153420607376753
guided_budget_aware,1,6,4,64,0.004477711422691174
guided_budget_aware,1,6,5,65,0.006095693965837375
guided_budget_aware,1,6,6,66,0.005779536457406509
guided_budget_aware,1,6,7,67,0.003832998072165485
guided_budget_aware,1,6,8,68,0.004012773910292841
guided_budget_aware,1,6,9,69,0.003318467225111329
guided_budget_aware,1,6,10,6a,0.005488175616303553
guided_budget_aware,1,6,11,6b,0.004000375576628886
guided_budget_aware,1,6,12,6c,0.005494374783135531
guided_budget_aware,1,6,13,6d,0.006635021480219443
guided_budget_aware,1,6,14,6e,0.011569558278473755
guided_budget_aware,1,6,15,6f,0.005946913961869908
guided_budget_aware,1,7,0,70,0.005976072799886399
guided_budget_aware,1,7,1,71,0.005963674466222445
guided_budget_aware,1,7,2,72,0.005492537786992133
guided_budget_aware,1,7,3,73,0.006881151157355156
guided_budget_aware,1,7,4,74,0.006205441972669578
guided_budget_aware,1,7,5,75,0.007823424515815778
guided_budget_aware,1,7,6,76,0.007507267007384913
guided_budget_aware,1,7,7,77,0.0055607286221438885
guided_budget_aware,1,7,8,78,0.005740504460271244
guided_budget_aware,1,7,9,79,0.0050461977750897325
guided_budget_aware,1,7,10,7a,0.007215906166281956
guided_budget_aware,1,7,11,7b,0.005728106126607289
guided_budget_aware,1,7,12,7c,0.007222105333113934
guided_budget_aware,1,7,13,7d,0.008362752030197845
guided_budget_aware,1,7,14,7e,0.013297288828452158
guided_budget_aware,1,7,15,7f,0.0076746445118483116
guided_budget_aware,1,8,0,80,0.021145926749696776
guided_budget_aware,1,8,1,81,0.02113352841603282
guided_budget_aware,1,8,2,82,0.02066239173680251
guided_budget_aware,1,8,3,83,0.022051005107165532
guided_budget_aware,1,8,4,84,0.021375295922479953
guided_budget_aware,1,8,5,85,0.022993278465626155
guided_budget_aware,1,8,6,86,0.02267712095719529
guided_budget_aware,1,8,7,87,0.020730582571954263
guided_budget_aware,1,8,8,88,0.02091035841008162
guided_budget_aware,1,8,9,89,0.020216051724900107
guided_budget_aware,1,8,10,8a,0.02238576011609233
guided_budget_aware,1,8,11,8b,0.020897960076417664
guided_budget_aware,1,8,12,8c,0.022391959282924312
guided_budget_aware,1,8,13,8d,0.023532605980008222
guided_budget_aware,1,8,14,8e,0.02846714277826253
guided_budget_aware,1,8,15,8f,0.022844498461658688
guided_budget_aware,1,9,0,90,0.008985361724848782
guided_budget_aware,1,9,1,91,0.008972963391184828
guided_budget_aware,1,9,2,92,0.008501826711954517
guided_budget_aware,1,9,3,93,0.00989044008231754
guided_budget_aware,1,9,4,94,0.009214730897631963
guided_budget_aware,1,9,5,95,0.010832713440778161
guided_budget_aware,1,9,6,96,0.010516555932347297
guided_budget_aware,1,9,7,97,0.008570017547106273
guided_budget_aware,1,9,8,98,0.008749793385233628
guided_budget_aware,1,9,9,99,0.008055486700052118
guided_budget_aware,1,9,10,9a,0.010225195091244341
guided_budget_aware,1,9,11,9b,0.008737395051569672
guided_budget_aware,1,9,12,9c,0.010231394258076319
guided_budget_aware,1,9,13,9d,0.01137204095516023
guided_budget_aware,1,9,14,9e,0.016306577753414542
guided_budget_aware,1,9,15,9f,0.010683933436810695
guided_budget_aware,1,10,0,a0,0.006934868324874413
guided_budget_aware,1,10,1,a1,0.006922469991210458
guided_budget_aware,1,10,2,a2,0.0064513333119801475
guided_budget_aware,1,10,3,a3,0.00783994668234317
guided_budget_aware,1,10,4,a4,0.007164237497657592
guided_budget_aware,1,10,5,a5,0.008782220040803791
guided_budget_aware,1,10,6,a6,0.008466062532372927
guided_budget_aware,1,10,7,a7,0.006519524147131903
guided_budget_aware,1,10,8,a8,0.006699299985259258
guided_budget_aware,1,10,9,a9,0.006004993300077747
guided_budget_aware,1,10,10,aa,0.008174701691269971
guided_budget_aware,1,10,11,ab,0.006686901651595302
guided_budget_aware,1,10,12,ac,0.008180900858101949
guided_budget_aware,1,10,13,ad,0.00932154755518586
guided_budget_aware,1,10,14,ae,0.014256084353440172
guided_budget_aware,1,10,15,af,0.008633440036836325
guided_budget_aware,1,11,0,b0,0.009099278024847357
guided_budget_aware,1,11,1,b1,0.009086879691183403
guided_budget_aware,1,11,2,b2,0.008615743011953092
guided_budget_aware,1,11,3,b3,0.010004356382316115
guided_budget_aware,1,11,4,b4,0.009328647197630536
guided_budget_aware,1,11,5,b5,0.010946629740776736
guided_budget_aware,1,11,6,b6,0.01063047223234587
guided_budget_aware,1,11,7,b7,0.008683933847104846
guided_budget_aware,1,11,8,b8,0.008863709685232202
guided_budget_aware,1,11,9,b9,0.00816940300005069
guided_budget_aware,1,11,10,ba,0.010339111391242915
guided_budget_aware,1,11,11,bb,0.008851311351568247
guided_budget_aware,1,11,12,bc,0.010345310558074892
guided_budget_aware,1,11,13,bd,0.011485957255158805
guided_budget_aware,1,11,14,be,0.016420494053413115
guided_budget_aware,1,11,15,bf,0.01079784973680927
guided_budget_aware,1,12,0,c0,0.006650077574877975
guided_budget_aware,1,12,1,c1,0.00663767924121402
guided_budget_aware,1,12,2,c2,0.006166542561983709
guided_budget_aware,1,12,3,c3,0.007555155932346732
guided_budget_aware,1,12,4,c4,0.0068794467476611535
guided_budget_aware,1,12,5,c5,0.008497429290807355
guided_budget_aware,1,12,6,c6,0.008181271782376489
guided_budget_aware,1,12,7,c7,0.006234733397135464
guided_budget_aware,1,12,8,c8,0.00641450923526282
guided_budget_aware,1,12,9,c9,0.005720202550081308
guided_budget_aware,1,12,10,ca,0.007889910941273531
guided_budget_aware,1,12,11,cb,0.006402110901598864
guided_budget_aware,1,12,12,cc,0.00789611010810551
guided_budget_aware,1,12,13,cd,0.009036756805189422
guided_budget_aware,1,12,14,ce,0.013971293603443733
guided_budget_aware,1,12,15,cf,0.008348649286839888
guided_budget_aware,1,13,0,d0,0.006688049674877499
guided_budget_aware,1,13,1,d1,0.006675651341213545
guided_budget_aware,1,13,2,d2,0.006204514661983233
guided_budget_aware,1,13,3,d3,0.007593128032346256
guided_budget_aware,1,13,4,d4,0.006917418847660678
guided_budget_aware,1,13,5,d5,0.008535401390806878
guided_budget_aware,1,13,6,d6,0.008219243882376014
guided_budget_aware,1,13,7,d7,0.0062727054971349885
guided_budget_aware,1,13,8,d8,0.006452481335262344
guided_budget_aware,1,13,9,d9,0.0057581746500808325
guided_budget_aware,1,13,10,da,0.007927883041273056
guided_budget_aware,1,13,11,db,0.006440083001598389
guided_budget_aware,1,13,12,dc,0.007934082208105035
guided_budget_aware,1,13,13,dd,0.009074728905188945
guided_budget_aware,1,13,14,de,0.014009265703443258
guided_budget_aware,1,13,15,df,0.008386621386839412
guided_budget_aware,1,14,0,e0,0.008197440649858632
guided_budget_aware,1,14,1,e1,0.008185042316194678
guided_budget_aware,1,14,2,e2,0.007713905636964367
guided_budget_aware,1,14,3,e3,0.009102519007327389
guided_budget_aware,1,14,4,e4,0.008426809822641811
guided_budget_aware,1,14,5,e5,0.010044792365788011
guided_budget_aware,1,14,6,e6,0.009728634857357147
guided_budget_aware,1,14,7,e7,0.007782096472116122
guided_budget_aware,1,14,8,e8,0.007961872310243477
guided_budget_aware,1,14,9,e9,0.007267565625061966
guided_budget_aware,1,14,10,ea,0.00943727401625419
guided_budget_aware,1,14,11,eb,0.007949473976579522
guided_budget_aware,1,14,12,ec,0.009443473183086169
guided_budget_aware,1,14,13,ed,0.010584119880170079
guided_budget_aware,1,14,14,ee,0.015518656678424392
guided_budget_aware,1,14,15,ef,0.009896012361820545
guided_budget_aware,1,15,0,f0,0.006213398424883432
guided_budget_aware,1,15,1,f1,0.006201000091219476
guided_budget_aware,1,15,2,f2,0.005729863411989166
guided_budget_aware,1,15,3,f3,0.0071184767823521886
guided_budget_aware,1,15,4,f4,0.00644276759766661
guided_budget_aware,1,15,5,f5,0.008060750140812811
guided_budget_aware,1,15,6,f6,0.007744592632381945
guided_budget_aware,1,15,7,f7,0.005798054247140921
guided_budget_aware,1,15,8,f8,0.005977830085268277
guided_budget_aware,1,15,9,f9,0.005283523400086765
guided_budget_aware,1,15,10,fa,0.007453231791278989
guided_budget_aware,1,15,11,fb,0.005965431751604321
guided_budget_aware,1,15,12,fc,0.007459430958110967
guided_budget_aware,1,15,13,fd,0.008600077655194879
guided_budget_aware,1,15,14,fe,0.01353461445344919
guided_budget_aware,1,15,15,ff,0.007911970136845345
